date,type,direction,baseline_pnl,adx_pnl
2025-06-02,OR5_HIGH_SHORT,SHORT,58,58
2025-06-02,FLOOR_PIVOT_SHORT,SHORT,58,58
2025-06-02,5D_OR_MID_SHORT,SHORT,88,88
2025-06-02,PD_IB_HIGH_LONG,LONG,-122,-122
2025-06-02,PD_VAL_LONG,LONG,-122,-122
2025-06-02,2D_POC_LONG,LONG,-122,-122
2025-06-02,PD2_VAL_LONG,LONG,-122,-122
2025-06-02,PD_OR_MID_LONG,LONG,-122,-122
2025-06-02,FLOOR_S1_LONG,LONG,-122,-122
2025-06-02,PD_IB_MID_LONG,LONG,-122,-122
2025-06-02,OR5_LOW_LONG,LONG,-122,-122
2025-06-02,DAILY_OPEN_LONG,LONG,-122,-122
2025-06-02,WEEKLY_OPEN_LONG,LONG,-122,-122
2025-06-02,MONTHLY_OPEN_LONG,LONG,-122,-122
2025-06-02,PD_LOW_LONG,LONG,88,88
2025-06-02,PD_IB_LOW_LONG,LONG,88,88
2025-06-02,IB_HIGH_SHORT,SHORT,58,58
2025-06-02,PM_VAH_SHORT,SHORT,58,58
2025-06-02,3M_VAH_SHORT,SHORT,58,58
2025-06-02,M1_VAH_SHORT,SHORT,58,58
2025-06-02,PD2_VAH_SHORT,SHORT,-85,-85
2025-06-02,PD_POC_SHORT,SHORT,-54.5,-54.5
2025-06-02,PD_CLOSE_SHORT,SHORT,-22.5,-22.5
2025-06-02,PD_VAH_SHORT,SHORT,-20,-20
2025-06-02,PD_HIGH_SHORT,SHORT,58,58
2025-06-02,IB_BEARISH,SHORT,-430.3000000000029,-430.3000000000029
2025-06-02,TRT_SHORT,SHORT,-453,-453
2025-06-02,STOP_SWEEP_LONG,LONG,88,88
2025-06-02,STOP_SWEEP_LONG,LONG,88,88
2025-06-03,DAILY_OPEN_LONG,LONG,78,78
2025-06-03,3M_VAH_LONG,LONG,78,78
2025-06-03,M1_VAH_LONG,LONG,78,78
2025-06-03,OR5_LOW_SHORT,SHORT,-182,-182
2025-06-03,PD_LOW_LONG,LONG,118,118
2025-06-03,FLOOR_S1_SHORT,SHORT,-182,-182
2025-06-03,OR5_HIGH_SHORT,SHORT,-182,-182
2025-06-03,PD_VAL_SHORT,SHORT,78,78
2025-06-03,IB_HIGH_LONG,LONG,78,78
2025-06-03,FLOOR_PIVOT_SHORT,SHORT,-182,-182
2025-06-03,PW_HIGH_SHORT,SHORT,-182,-182
2025-06-03,PD_POC_SHORT,SHORT,78,78
2025-06-03,PD_CLOSE_SHORT,SHORT,78,78
2025-06-03,PD_VAH_SHORT,SHORT,78,78
2025-06-03,PD_HIGH_SHORT,SHORT,78,78
2025-06-03,IB_BULLISH,LONG,281,281
2025-06-03,OPEN_TEST_DRIVE_SHORT,SHORT,-214.22499999999854,-214.22499999999854
2025-06-03,TRT_SHORT,SHORT,-222.87999999999738,-222.87999999999738
2025-06-03,STOP_SWEEP_SHORT,SHORT,-32,-32
2025-06-03,STOP_SWEEP_LONG,LONG,-32,-32
2025-06-04,PD_POC_SHORT,SHORT,78,78
2025-06-04,PD_CLOSE_SHORT,SHORT,78,78
2025-06-04,OR5_HIGH_SHORT,SHORT,78,78
2025-06-04,PD_VAH_SHORT,SHORT,78,78
2025-06-04,PD_VAL_LONG,LONG,-182,-182
2025-06-04,FLOOR_PIVOT_LONG,LONG,-182,-182
2025-06-04,DAILY_OPEN_LONG,LONG,-182,-182
2025-06-04,OR5_LOW_LONG,LONG,78,78
2025-06-04,3M_VAH_LONG,LONG,78,78
2025-06-04,M1_VAH_LONG,LONG,78,78
2025-06-04,2D_POC_LONG,LONG,78,78
2025-06-04,PW_HIGH_LONG,LONG,78,78
2025-06-04,FLOOR_S1_LONG,LONG,118,118
2025-06-04,PD_LOW_LONG,LONG,118,118
2025-06-04,IB_LOW_LONG,LONG,78,78
2025-06-04,IB_HIGH_SHORT,SHORT,78,78
2025-06-04,PD_HIGH_SHORT,SHORT,78,78
2025-06-04,VALUE_AREA_RESPONSIVE_SHORT,SHORT,13.75,13.75
2025-06-04,VALUE_AREA_RESPONSIVE_LONG,LONG,53,53
2025-06-04,TRT_SHORT,SHORT,75,75
2025-06-04,STOP_SWEEP_LONG,LONG,88,88
2025-06-04,STOP_SWEEP_SHORT,SHORT,-32,-32
2025-06-05,PD_IB_HIGH_LONG,LONG,-182,-182
2025-06-05,3M_VAH_LONG,LONG,-182,-182
2025-06-05,M1_VAH_LONG,LONG,-182,-182
2025-06-05,OR5_LOW_LONG,LONG,78,78
2025-06-05,PD_OR_MID_LONG,LONG,118,118
2025-06-05,2D_POC_LONG,LONG,118,118
2025-06-05,PD_POC_LONG,LONG,78,78
2025-06-05,PD_IB_LOW_LONG,LONG,78,78
2025-06-05,PD_IB_MID_SHORT,SHORT,78,78
2025-06-05,PD2_VAH_SHORT,SHORT,78,78
2025-06-05,DAILY_OPEN_SHORT,SHORT,118,118
2025-06-05,FLOOR_R1_SHORT,SHORT,-182,-182
2025-06-05,OR5_HIGH_SHORT,SHORT,-182,-182
2025-06-05,IB_HIGH_SHORT,SHORT,-182,-182
2025-06-05,PD_VAH_SHORT,SHORT,118,118
2025-06-05,PD_HIGH_SHORT,SHORT,78,78
2025-06-05,FLOOR_PIVOT_LONG,LONG,118,118
2025-06-05,IB_LOW_LONG,LONG,118,118
2025-06-05,PW_HIGH_LONG,LONG,118,118
2025-06-05,PD_VAL_LONG,LONG,78,78
2025-06-05,PD2_VAL_LONG,LONG,118,-182
2025-06-05,PD_CLOSE_LONG,LONG,78,78
2025-06-05,5D_OR_MID_LONG,LONG,78,78
2025-06-05,PD_LOW_LONG,LONG,118,143.5
2025-06-05,IB_BEARISH,SHORT,-175.08000000000175,-175.08000000000175
2025-06-05,OPEN_TEST_DRIVE_SHORT,SHORT,-263.3000000000029,-263.3000000000029
2025-06-05,VALUE_AREA_RESPONSIVE_SHORT,SHORT,-75,-75
2025-06-05,TRT_LONG,LONG,77.5,77.5
2025-06-05,VWAP_MAGNET_LONG,LONG,-62,-62
2025-06-05,STOP_SWEEP_LONG,LONG,-32,-32
2025-06-05,STOP_SWEEP_LONG,LONG,-32,-32
2025-06-06,PD_VAL_LONG,LONG,118,118
2025-06-06,PD_CLOSE_LONG,LONG,118,118
2025-06-06,PD_IB_MID_LONG,LONG,118,118
2025-06-06,FLOOR_PIVOT_LONG,LONG,118,118
2025-06-06,OR5_LOW_LONG,LONG,118,118
2025-06-06,3M_VAH_LONG,LONG,118,118
2025-06-06,M1_VAH_LONG,LONG,118,118
2025-06-06,2D_POC_LONG,LONG,118,118
2025-06-06,PD2_VAH_LONG,LONG,118,118
2025-06-06,PD_OR_MID_LONG,LONG,118,118
2025-06-06,DAILY_OPEN_LONG,LONG,118,118
2025-06-06,PD_POC_SHORT,SHORT,78,78
2025-06-06,OR5_HIGH_SHORT,SHORT,78,78
2025-06-06,PD_IB_HIGH_SHORT,SHORT,78,78
2025-06-06,PD_VAH_SHORT,SHORT,78,78
2025-06-06,FLOOR_R1_SHORT,SHORT,78,78
2025-06-06,IB_LOW_LONG,LONG,118,118
2025-06-06,PD_HIGH_SHORT,SHORT,78,78
2025-06-06,IB_HIGH_SHORT,SHORT,78,78
2025-06-06,PD2_VAL_LONG,LONG,118,118
2025-06-06,PD_LOW_LONG,LONG,78,78
2025-06-06,FLOOR_S1_LONG,LONG,78,78
2025-06-06,IB_BULLISH,LONG,-139,-139
2025-06-06,OPEN_TEST_DRIVE_LONG,LONG,51.25,51.25
2025-06-06,VALUE_AREA_RESPONSIVE_SHORT,SHORT,39,39
2025-06-06,VALUE_AREA_RESPONSIVE_LONG,LONG,20.5,20.5
2025-06-06,TRT_SHORT,SHORT,-169.12000000000262,-169.12000000000262
2025-06-06,STOP_SWEEP_SHORT,SHORT,-32,-32
2025-06-06,STOP_SWEEP_LONG,LONG,-32,-32
2025-06-09,PD_LOW_LONG,LONG,58,58
2025-06-09,PD_IB_LOW_LONG,LONG,58,58
2025-06-09,FLOOR_S1_LONG,LONG,58,58
2025-06-09,OR5_LOW_LONG,LONG,58,58
2025-06-09,PD_OR_MID_LONG,LONG,58,58
2025-06-09,DAILY_OPEN_SHORT,SHORT,-122,-122
2025-06-09,WEEKLY_OPEN_SHORT,SHORT,-122,-122
2025-06-09,PD_IB_MID_SHORT,SHORT,-122,-122
2025-06-09,OR5_HIGH_SHORT,SHORT,-122,-122
2025-06-09,FLOOR_PIVOT_SHORT,SHORT,-122,-122
2025-06-09,PD_VAL_SHORT,SHORT,-122,-122
2025-06-09,PD_CLOSE_SHORT,SHORT,-122,-122
2025-06-09,2D_POC_SHORT,SHORT,-122,-122
2025-06-09,3M_VAH_SHORT,SHORT,26.5,26.5
2025-06-09,M1_VAH_SHORT,SHORT,26.5,26.5
2025-06-09,PD_POC_SHORT,SHORT,58,58
2025-06-09,PD_IB_HIGH_SHORT,SHORT,58,58
2025-06-09,PD2_VAH_SHORT,SHORT,58,58
2025-06-09,PD_VAH_SHORT,SHORT,58,58
2025-06-09,PD_HIGH_SHORT,SHORT,58,58
2025-06-09,FLOOR_R1_SHORT,SHORT,58,58
2025-06-09,IB_HIGH_LONG,LONG,58,58
2025-06-09,OPEN_TEST_DRIVE_SHORT,SHORT,-134.5,-134.5
2025-06-09,STOP_SWEEP_SHORT,SHORT,-32,-32
2025-06-09,STOP_SWEEP_LONG,LONG,58,58
2025-06-10,PD_VAL_LONG,LONG,-182,-182
2025-06-10,PD_IB_HIGH_LONG,LONG,-182,-182
2025-06-10,DAILY_OPEN_LONG,LONG,-182,-182
2025-06-10,PD2_VAH_LONG,LONG,-182,-182
2025-06-10,2D_POC_SHORT,SHORT,78,78
2025-06-10,OR5_HIGH_SHORT,SHORT,78,78
2025-06-10,PD_POC_SHORT,SHORT,78,78
2025-06-10,3M_VAH_SHORT,SHORT,78,78
2025-06-10,M1_VAH_SHORT,SHORT,78,78
2025-06-10,FLOOR_PIVOT_SHORT,SHORT,118,118
2025-06-10,IB_HIGH_SHORT,SHORT,78,78
2025-06-10,PD_IB_MID_LONG,LONG,78,78
2025-06-10,PD_OR_MID_LONG,LONG,78,78
2025-06-10,PD2_VAL_LONG,LONG,78,78
2025-06-10,FLOOR_S1_SHORT,SHORT,-182,-182
2025-06-10,OR5_LOW_SHORT,SHORT,-182,-182
2025-06-10,IB_LOW_SHORT,SHORT,-182,-182
2025-06-10,PD_VAH_SHORT,SHORT,78,78
2025-06-10,PW_HIGH_SHORT,SHORT,78,78
2025-06-10,PD_CLOSE_SHORT,SHORT,78,78
2025-06-10,PD_HIGH_SHORT,SHORT,78,78
2025-06-10,IB_BEARISH,SHORT,-71.9800000000032,-71.9800000000032
2025-06-10,OPEN_TEST_DRIVE_LONG,LONG,-126.5,-126.5
2025-06-10,VALUE_AREA_RESPONSIVE_LONG,LONG,93.25,93.25
2025-06-10,TRT_SHORT,SHORT,51.25,51.25
2025-06-10,STOP_SWEEP_LONG,LONG,88,88
2025-06-10,STOP_SWEEP_SHORT,SHORT,-32,-32
2025-06-11,OR5_LOW_LONG,LONG,78,78
2025-06-11,PD_POC_SHORT,SHORT,78,78
2025-06-11,FLOOR_PIVOT_LONG,LONG,118,118
2025-06-11,PW_HIGH_LONG,LONG,118,118
2025-06-11,OR5_HIGH_SHORT,SHORT,78,78
2025-06-11,DAILY_OPEN_SHORT,SHORT,78,78
2025-06-11,FLOOR_R1_SHORT,SHORT,78,78
2025-06-11,IB_HIGH_SHORT,SHORT,78,78
2025-06-11,PD_VAH_SHORT,SHORT,78,78
2025-06-11,PD_HIGH_SHORT,SHORT,78,78
2025-06-11,IB_LOW_LONG,LONG,78,78
2025-06-11,PD_VAL_LONG,LONG,-182,-182
2025-06-11,PD_CLOSE_LONG,LONG,-182,-182
2025-06-11,PD_IB_HIGH_LONG,LONG,-182,-182
2025-06-11,3M_VAH_LONG,LONG,-182,-182
2025-06-11,M1_VAH_LONG,LONG,-182,-182
2025-06-11,PD2_VAH_LONG,LONG,-182,-182
2025-06-11,PD_IB_MID_LONG,LONG,118,75.5
2025-06-11,PD_OR_MID_LONG,LONG,118,75.5
2025-06-11,2D_POC_LONG,LONG,118,75.5
2025-06-11,PD_IB_LOW_LONG,LONG,78,78
2025-06-11,PD2_VAL_LONG,LONG,78,78
2025-06-11,PD_LOW_LONG,LONG,118,161.5
2025-06-11,5D_OR_MID_LONG,LONG,118,161.5
2025-06-11,VALUE_AREA_RESPONSIVE_SHORT,SHORT,133,133
2025-06-11,TRT_LONG,LONG,73,73
2025-06-11,BRACKET_BREAKOUT_LONG,LONG,-209,-209
2025-06-11,STOP_SWEEP_SHORT,SHORT,-32,-32
2025-06-11,STOP_SWEEP_LONG,LONG,-32,-32
2025-06-12,FLOOR_S1_LONG,LONG,118,118
2025-06-12,DAILY_OPEN_LONG,LONG,118,118
2025-06-12,PD2_VAL_LONG,LONG,118,118
2025-06-12,PD_LOW_LONG,LONG,118,118
2025-06-12,OR5_LOW_LONG,LONG,118,118
2025-06-12,OR5_HIGH_SHORT,SHORT,-182,-182
2025-06-12,2D_POC_SHORT,SHORT,-182,-182
2025-06-12,5D_OR_MID_SHORT,SHORT,-182,-182
2025-06-12,PD_VAL_SHORT,SHORT,78,78
2025-06-12,FLOOR_PIVOT_SHORT,SHORT,-78.5,-78.5
2025-06-12,PD_IB_LOW_SHORT,SHORT,-62,-62
2025-06-12,PD_CLOSE_SHORT,SHORT,-31.5,-31.5
2025-06-12,PD2_VAH_SHORT,SHORT,-31.5,-31.5
2025-06-12,PW_HIGH_SHORT,SHORT,78,78
2025-06-12,PD_POC_SHORT,SHORT,78,78
2025-06-12,PD_VAH_SHORT,SHORT,78,78
2025-06-12,PD_IB_MID_SHORT,SHORT,78,78
2025-06-12,3M_VAH_SHORT,SHORT,78,78
2025-06-12,M1_VAH_SHORT,SHORT,78,78
2025-06-12,PD_HIGH_SHORT,SHORT,78,78
2025-06-12,IB_HIGH_LONG,LONG,78,78
2025-06-12,OPEN_TEST_DRIVE_LONG,LONG,153,153
2025-06-12,STOP_SWEEP_LONG,LONG,-32,-32
2025-06-12,STOP_SWEEP_SHORT,SHORT,-32,-32
2025-06-13,PD_POC_SHORT,SHORT,78,78
2025-06-13,OR5_HIGH_SHORT,SHORT,78,78
2025-06-13,10D_IB_MID_LONG,LONG,-182,-182
2025-06-13,FLOOR_PIVOT_LONG,LONG,78,78
2025-06-13,DAILY_OPEN_LONG,LONG,78,78
2025-06-13,PD_VAL_LONG,LONG,78,78
2025-06-13,PD_CLOSE_LONG,LONG,78,78
2025-06-13,OR5_LOW_LONG,LONG,78,78
2025-06-13,IB_LOW_SHORT,SHORT,-182,-182
2025-06-13,FLOOR_R1_SHORT,SHORT,78,78
2025-06-13,IB_HIGH_SHORT,SHORT,78,78
2025-06-13,PD_IB_LOW_SHORT,SHORT,78,78
2025-06-13,PD_VAH_SHORT,SHORT,78,78
2025-06-13,PD_OR_MID_SHORT,SHORT,78,78
2025-06-13,PD_HIGH_SHORT,SHORT,78,78
2025-06-13,PD_IB_MID_SHORT,SHORT,78,78
2025-06-13,PD_LOW_LONG,LONG,78,78
2025-06-13,IB_BULLISH,LONG,-152,-152
2025-06-13,OPEN_TEST_DRIVE_LONG,LONG,-250.5,-250.5
2025-06-13,VALUE_AREA_RESPONSIVE_SHORT,SHORT,160,160
2025-06-13,VALUE_AREA_RESPONSIVE_LONG,LONG,-39,-39
2025-06-13,TRT_LONG,LONG,-333.1200000000026,-333.1200000000026
2025-06-13,STOP_SWEEP_LONG,LONG,-32,-32
2025-06-13,STOP_SWEEP_SHORT,SHORT,-32,-32
2025-06-16,FLOOR_PIVOT_LONG,LONG,58,58
2025-06-16,PW_HIGH_LONG,LONG,58,58
2025-06-16,OR5_HIGH_SHORT,SHORT,-122,-122
2025-06-16,PD_VAL_SHORT,SHORT,-122,-122
2025-06-16,PD_POC_SHORT,SHORT,-122,-122
2025-06-16,PD_CLOSE_SHORT,SHORT,-122,-122
2025-06-16,IB_HIGH_LONG,LONG,58,58
2025-06-16,PD_VAH_SHORT,SHORT,58,58
2025-06-16,PD_HIGH_SHORT,SHORT,58,58
2025-06-16,C_STANDALONE_UP,LONG,225.5,225.5
2025-06-16,BRACKET_BREAKOUT_LONG,LONG,191,191
2025-06-16,STOP_SWEEP_LONG,LONG,-32,-32
2025-06-16,STOP_SWEEP_SHORT,SHORT,-32,-32
2025-06-17,DAILY_OPEN_LONG,LONG,78,78
2025-06-17,PW_HIGH_LONG,LONG,78,78
2025-06-17,PD_IB_MID_LONG,LONG,78,78
2025-06-17,PD_POC_SHORT,SHORT,118,118
2025-06-17,OR5_HIGH_SHORT,SHORT,78,78
2025-06-17,PD_VAH_SHORT,SHORT,78,78
2025-06-17,PD_HIGH_SHORT,SHORT,78,78
2025-06-17,IB_HIGH_SHORT,SHORT,78,78
2025-06-17,IB_LOW_LONG,LONG,-182,-182
2025-06-17,PD_IB_LOW_LONG,LONG,-182,-182
2025-06-17,PD_VAL_LONG,LONG,-25,-25
2025-06-17,PD_CLOSE_LONG,LONG,-25,-25
2025-06-17,PD_OR_MID_LONG,LONG,78,78
2025-06-17,FLOOR_PIVOT_LONG,LONG,78,78
2025-06-17,IB_BULLISH,LONG,70,70
2025-06-17,C_STANDALONE_UP,LONG,39,39
2025-06-17,VALUE_AREA_RESPONSIVE_SHORT,SHORT,31.5,31.5
2025-06-17,VWAP_MAGNET_LONG,LONG,38,38
2025-06-17,STOP_SWEEP_SHORT,SHORT,58,58
2025-06-17,STOP_SWEEP_SHORT,SHORT,-32,-32
2025-06-18,PD_CLOSE_LONG,LONG,78,78
2025-06-18,PD_VAL_SHORT,SHORT,-182,-182
2025-06-18,PD_OR_MID_SHORT,SHORT,-182,-182
2025-06-18,OR5_HIGH_SHORT,SHORT,-182,-182
2025-06-18,DAILY_OPEN_SHORT,SHORT,-182,-182
2025-06-18,PD_IB_LOW_SHORT,SHORT,78,78
2025-06-18,PD_POC_SHORT,SHORT,78,78
2025-06-18,PD_IB_MID_SHORT,SHORT,78,78
2025-06-18,PW_HIGH_SHORT,SHORT,78,78
2025-06-18,PD_VAH_SHORT,SHORT,78,78
2025-06-18,PD_HIGH_SHORT,SHORT,78,78
2025-06-18,PD_IB_HIGH_SHORT,SHORT,78,78
2025-06-18,IB_HIGH_LONG,LONG,-182,-182
2025-06-18,IB_LOW_LONG,LONG,78,78
2025-06-18,FLOOR_PIVOT_LONG,LONG,118,118
2025-06-18,5D_OR_MID_LONG,LONG,118,118
2025-06-18,C_STANDALONE_UP,LONG,164.5,164.5
2025-06-18,VALUE_AREA_RESPONSIVE_SHORT,SHORT,17.5,17.5
2025-06-18,VALUE_AREA_RESPONSIVE_LONG,LONG,-50.5,-50.5
2025-06-18,VWAP_MAGNET_LONG,LONG,58,58
2025-06-18,STOP_SWEEP_SHORT,SHORT,-32,-32
2025-06-18,STOP_SWEEP_SHORT,SHORT,-32,-32
2025-06-19,PD_VAH_LONG,LONG,-182,-182
2025-06-19,PD_POC_LONG,LONG,-59.5,-59.5
2025-06-19,PD_VAL_LONG,LONG,-5,-5
2025-06-19,FLOOR_R1_LONG,LONG,-5,-5
2025-06-19,IB_BEARISH,SHORT,-58.5,-58.5
2025-06-19,STOP_SWEEP_LONG,LONG,-32,-32
2025-06-19,STOP_SWEEP_LONG,LONG,-32,-32
2025-06-20,OR5_HIGH_SHORT,SHORT,78,78
2025-06-20,PD_HIGH_SHORT,SHORT,78,78
2025-06-20,PD2_VAH_LONG,LONG,-182,-182
2025-06-20,DAILY_OPEN_LONG,LONG,-182,-182
2025-06-20,3M_VAH_LONG,LONG,-182,-182
2025-06-20,M1_VAH_LONG,LONG,-182,-182
2025-06-20,FLOOR_R1_LONG,LONG,-182,-182
2025-06-20,PW_HIGH_LONG,LONG,-182,-182
2025-06-20,2D_POC_LONG,LONG,-182,-182
2025-06-20,OR5_LOW_LONG,LONG,-182,-182
2025-06-20,PD2_VAL_LONG,LONG,-182,-182
2025-06-20,PD_VAH_LONG,LONG,78,78
2025-06-20,FLOOR_PIVOT_LONG,LONG,78,78
2025-06-20,10D_IB_MID_LONG,LONG,78,78
2025-06-20,PD_POC_LONG,LONG,-182,-182
2025-06-20,PD_CLOSE_LONG,LONG,78,78
2025-06-20,5D_OR_MID_LONG,LONG,78,78
2025-06-20,PD_VAL_LONG,LONG,78,78
2025-06-20,PD_IB_HIGH_LONG,LONG,78,78
2025-06-20,PD_LOW_LONG,LONG,118,118
2025-06-20,IB_BEARISH,SHORT,457,457
2025-06-20,OPEN_TEST_DRIVE_LONG,LONG,-130.5,-130.5
2025-06-20,VWAP_MAGNET_LONG,LONG,58,58
2025-06-20,STOP_SWEEP_LONG,LONG,88,88
2025-06-20,STOP_SWEEP_LONG,LONG,-32,-32
2025-06-23,FLOOR_S1_SHORT,SHORT,-122,-122
2025-06-23,DAILY_OPEN_SHORT,SHORT,-122,-122
2025-06-23,WEEKLY_OPEN_SHORT,SHORT,-122,-122
2025-06-23,2D_POC_SHORT,SHORT,-122,-122
2025-06-23,OR5_HIGH_SHORT,SHORT,-122,-122
2025-06-23,PD_VAL_SHORT,SHORT,-122,-122
2025-06-23,10D_IB_MID_SHORT,SHORT,-122,-122
2025-06-23,FLOOR_PIVOT_SHORT,SHORT,-122,-122
2025-06-23,PD_IB_LOW_SHORT,SHORT,58,58
2025-06-23,IB_HIGH_LONG,LONG,-122,-122
2025-06-23,5D_OR_MID_LONG,LONG,-122,-122
2025-06-23,OR5_LOW_LONG,LONG,88,148
2025-06-23,IB_LOW_LONG,LONG,88,148
2025-06-23,PD_POC_SHORT,SHORT,-76,-76
2025-06-23,M1_VAH_SHORT,SHORT,-76,-76
2025-06-23,PD_CLOSE_SHORT,SHORT,58,58
2025-06-23,PD_IB_MID_SHORT,SHORT,58,58
2025-06-23,PD_OR_MID_SHORT,SHORT,58,58
2025-06-23,3M_VAH_SHORT,SHORT,58,58
2025-06-23,PD_VAH_SHORT,SHORT,58,58
2025-06-23,PD_HIGH_SHORT,SHORT,58,58
2025-06-23,OPEN_TEST_DRIVE_LONG,LONG,-233,-233
2025-06-23,VWAP_MAGNET_SHORT,SHORT,-62,-62
2025-06-23,STOP_SWEEP_SHORT,SHORT,-32,-32
2025-06-23,STOP_SWEEP_SHORT,SHORT,-32,-32
2025-06-24,FLOOR_S1_SHORT,SHORT,-182,-182
2025-06-24,OR5_HIGH_SHORT,SHORT,-182,-182
2025-06-24,DAILY_OPEN_SHORT,SHORT,-182,-182
2025-06-24,PD_VAL_SHORT,SHORT,78,78
2025-06-24,IB_HIGH_SHORT,SHORT,-182,-182
2025-06-24,FLOOR_PIVOT_SHORT,SHORT,-89.5,-89.5
2025-06-24,PD_CLOSE_SHORT,SHORT,-30.5,-30.5
2025-06-24,PD_POC_SHORT,SHORT,7.5,7.5
2025-06-24,PD_VAH_SHORT,SHORT,45,45
2025-06-24,PD_HIGH_SHORT,SHORT,57.5,57.5
2025-06-24,IB_BEARISH,SHORT,-74.12000000000262,-74.12000000000262
2025-06-24,OPEN_TEST_DRIVE_LONG,LONG,251,251
2025-06-24,BRACKET_BREAKOUT_LONG,LONG,251.5,251.5
2025-06-24,STOP_SWEEP_SHORT,SHORT,-32,-32
2025-06-24,STOP_SWEEP_SHORT,SHORT,-32,-32
2025-06-25,OR5_HIGH_LONG,LONG,-182,-182
2025-06-25,PD_HIGH_SHORT,SHORT,78,78
2025-06-25,FLOOR_R1_SHORT,SHORT,78,78
2025-06-25,DAILY_OPEN_LONG,LONG,-182,-182
2025-06-25,PD_VAH_LONG,LONG,-182,-182
2025-06-25,OR5_LOW_LONG,LONG,-182,-182
2025-06-25,FLOOR_PIVOT_LONG,LONG,78,78
2025-06-25,PD_CLOSE_LONG,LONG,78,78
2025-06-25,IB_LOW_SHORT,SHORT,78,78
2025-06-25,PD_POC_LONG,LONG,14,14
2025-06-25,2D_POC_LONG,LONG,64.5,64.5
2025-06-25,PD_VAL_LONG,LONG,78,78
2025-06-25,BRACKET_BREAKOUT_LONG,LONG,-250.8000000000029,-250.8000000000029
2025-06-25,STOP_SWEEP_SHORT,SHORT,-32,-32
2025-06-25,STOP_SWEEP_SHORT,SHORT,58,58
2025-06-26,PD_IB_MID_LONG,LONG,78,78
2025-06-26,FLOOR_S1_LONG,LONG,78,78
2025-06-26,PD_OR_MID_LONG,LONG,78,78
2025-06-26,OR5_LOW_LONG,LONG,78,78
2025-06-26,PD_IB_LOW_LONG,LONG,78,78
2025-06-26,PD_LOW_LONG,LONG,78,78
2025-06-26,PD_IB_HIGH_SHORT,SHORT,-182,-182
2025-06-26,DAILY_OPEN_SHORT,SHORT,-182,-182
2025-06-26,PD_VAL_SHORT,SHORT,-182,-182
2025-06-26,OR5_HIGH_SHORT,SHORT,-182,-182
2025-06-26,IB_HIGH_SHORT,SHORT,-182,-182
2025-06-26,FLOOR_PIVOT_SHORT,SHORT,78,78
2025-06-26,PD_POC_SHORT,SHORT,-36.5,-36.5
2025-06-26,PD_CLOSE_SHORT,SHORT,-24,-24
2025-06-26,PD_VAH_SHORT,SHORT,20,20
2025-06-26,PD_HIGH_SHORT,SHORT,20,20
2025-06-26,IB_BULLISH,LONG,259,259
2025-06-26,OPEN_TEST_DRIVE_SHORT,SHORT,-167.25,-167.25
2025-06-26,BRACKET_BREAKOUT_LONG,LONG,-142,-142
2025-06-26,VWAP_MAGNET_SHORT,SHORT,38,38
2025-06-26,STOP_SWEEP_LONG,LONG,-32,-32
2025-06-26,STOP_SWEEP_LONG,LONG,-32,-32
2025-06-27,PD_VAL_LONG,LONG,78,78
2025-06-27,FLOOR_PIVOT_LONG,LONG,78,78
2025-06-27,DAILY_OPEN_LONG,LONG,78,78
2025-06-27,OR5_HIGH_SHORT,SHORT,-182,-182
2025-06-27,PD_CLOSE_SHORT,SHORT,78,78
2025-06-27,PD_POC_SHORT,SHORT,78,78
2025-06-27,PD_VAH_SHORT,SHORT,78,78
2025-06-27,PD_HIGH_SHORT,SHORT,78,78
2025-06-27,IB_HIGH_LONG,LONG,78,78
2025-06-27,OR5_LOW_LONG,LONG,78,78
2025-06-27,IB_LOW_LONG,LONG,78,78
2025-06-27,FLOOR_S1_LONG,LONG,78,78
2025-06-27,PD_LOW_LONG,LONG,78,78
2025-06-27,IB_BULLISH,LONG,51.5,51.5
2025-06-27,OPEN_TEST_DRIVE_LONG,LONG,149.5,149.5
2025-06-27,VALUE_AREA_RESPONSIVE_SHORT,SHORT,1.75,1.75
2025-06-27,VALUE_AREA_RESPONSIVE_LONG,LONG,-28,-28
2025-06-27,BRACKET_BREAKOUT_LONG,LONG,-152.3000000000029,-152.3000000000029
2025-06-27,VWAP_MAGNET_LONG,LONG,-62,-62
2025-06-27,STOP_SWEEP_LONG,LONG,58,58
2025-06-27,STOP_SWEEP_SHORT,SHORT,-32,-32
2025-06-30,PD_POC_LONG,LONG,58,58
2025-06-30,PD_VAL_LONG,LONG,58,58
2025-06-30,OR5_LOW_LONG,LONG,58,58
2025-06-30,PW_HIGH_LONG,LONG,58,58
2025-06-30,FLOOR_S1_LONG,LONG,58,58
2025-06-30,PD_VAH_SHORT,SHORT,88,88
2025-06-30,IB_LOW_LONG,LONG,58,58
2025-06-30,FLOOR_PIVOT_SHORT,SHORT,58,58
2025-06-30,DAILY_OPEN_SHORT,SHORT,58,58
2025-06-30,WEEKLY_OPEN_SHORT,SHORT,58,58
2025-06-30,OR5_HIGH_SHORT,SHORT,58,58
2025-06-30,IB_HIGH_SHORT,SHORT,58,58
2025-06-30,PD_LOW_LONG,LONG,58,58
2025-06-30,PD_IB_HIGH_LONG,LONG,88,88
2025-06-30,PD_CLOSE_SHORT,SHORT,-122,-122
2025-06-30,PD_HIGH_SHORT,SHORT,88,88
2025-06-30,IB_BEARISH,SHORT,35,35
2025-06-30,BRACKET_BREAKOUT_LONG,LONG,82,82
2025-06-30,STOP_SWEEP_SHORT,SHORT,58,58
2025-06-30,STOP_SWEEP_SHORT,SHORT,58,58
2025-07-01,PD_IB_LOW_LONG,LONG,78,78
2025-07-01,OR5_HIGH_LONG,LONG,78,78
2025-07-01,OR5_LOW_LONG,LONG,78,78
2025-07-01,DAILY_OPEN_LONG,LONG,78,78
2025-07-01,MONTHLY_OPEN_LONG,LONG,78,78
2025-07-01,PD2_VAH_LONG,LONG,78,78
2025-07-01,FLOOR_R1_SHORT,SHORT,78,78
2025-07-01,PW_HIGH_SHORT,SHORT,78,78
2025-07-01,PM_VAH_SHORT,SHORT,78,78
2025-07-01,3M_VAH_SHORT,SHORT,78,78
2025-07-01,M1_VAH_SHORT,SHORT,78,78
2025-07-01,2D_POC_SHORT,SHORT,78,78
2025-07-01,PD_IB_MID_SHORT,SHORT,78,78
2025-07-01,PD_OR_MID_SHORT,SHORT,78,78
2025-07-01,PD_HIGH_SHORT,SHORT,78,78
2025-07-01,PD_VAH_LONG,LONG,-182,-182
2025-07-01,IB_LOW_LONG,LONG,-182,-182
2025-07-01,FLOOR_PIVOT_LONG,LONG,-182,-182
2025-07-01,PD2_VAL_LONG,LONG,-182,-182
2025-07-01,PD_POC_LONG,LONG,-182,-182
2025-07-01,PD_CLOSE_LONG,LONG,-182,-182
2025-07-01,PD_VAL_LONG,LONG,78,78
2025-07-01,PD_LOW_LONG,LONG,118,118
2025-07-01,OPEN_TEST_DRIVE_SHORT,SHORT,-90.59999999999854,-90.59999999999854
2025-07-01,TRT_SHORT,SHORT,-109,-109
2025-07-01,VWAP_MAGNET_LONG,LONG,58,58
2025-07-01,STOP_SWEEP_LONG,LONG,-32,-32
2025-07-01,STOP_SWEEP_SHORT,SHORT,-32,-32
2025-07-02,OR5_HIGH_SHORT,SHORT,-182,-182
2025-07-02,5D_OR_MID_SHORT,SHORT,-182,-182
2025-07-02,FLOOR_S1_SHORT,SHORT,-182,-182
2025-07-02,PD_IB_LOW_SHORT,SHORT,-153.5,-153.5
2025-07-02,FLOOR_PIVOT_SHORT,SHORT,-153.5,-153.5
2025-07-02,PD_VAL_SHORT,SHORT,-125.5,-125.5
2025-07-02,MONTHLY_OPEN_SHORT,SHORT,-107,-107
2025-07-02,PD_IB_MID_SHORT,SHORT,-105.5,-105.5
2025-07-02,PD_OR_MID_SHORT,SHORT,-105.5,-105.5
2025-07-02,PD2_VAL_SHORT,SHORT,-97,-97
2025-07-02,PW_HIGH_SHORT,SHORT,-69,-69
2025-07-02,PM_VAH_SHORT,SHORT,-69,-69
2025-07-02,3M_VAH_SHORT,SHORT,-69,-69
2025-07-02,M1_VAH_SHORT,SHORT,-69,-69
2025-07-02,2D_POC_SHORT,SHORT,-69,-69
2025-07-02,PD_POC_SHORT,SHORT,-53,-53
2025-07-02,PD_CLOSE_SHORT,SHORT,-30,-30
2025-07-02,PD_IB_HIGH_SHORT,SHORT,-30,-30
2025-07-02,PD_VAH_SHORT,SHORT,78,78
2025-07-02,PD_HIGH_SHORT,SHORT,78,78
2025-07-02,PD2_VAH_SHORT,SHORT,7,7
2025-07-02,IB_BULLISH,LONG,256,256
2025-07-02,STOP_SWEEP_SHORT,SHORT,-32,-32
2025-07-02,STOP_SWEEP_LONG,LONG,58,58
2025-07-03,OR5_HIGH_SHORT,SHORT,78,78
2025-07-03,FLOOR_S1_LONG,LONG,78,78
2025-07-03,DAILY_OPEN_LONG,LONG,78,78
2025-07-03,PD_LOW_LONG,LONG,78,78
2025-07-03,OR5_LOW_LONG,LONG,78,78
2025-07-03,PD_VAL_SHORT,SHORT,-72.5,-72.5
2025-07-03,FLOOR_PIVOT_SHORT,SHORT,-72.5,-72.5
2025-07-03,PD_POC_SHORT,SHORT,-29,-29
2025-07-03,PD_CLOSE_SHORT,SHORT,-29,-29
2025-07-03,PD_VAH_SHORT,SHORT,78,78
2025-07-03,PD_HIGH_SHORT,SHORT,78,78
2025-07-03,IB_BULLISH,LONG,135.5,135.5
2025-07-03,BRACKET_BREAKOUT_LONG,LONG,175,175
2025-07-03,STOP_SWEEP_LONG,LONG,-32,-32
2025-07-03,STOP_SWEEP_SHORT,SHORT,-32,-32
2025-07-04,PD_VAL_LONG,LONG,78,78
2025-07-04,PD_LOW_LONG,LONG,78,78
2025-07-04,PD_CLOSE_LONG,LONG,78,78
2025-07-04,FLOOR_S1_LONG,LONG,78,78
2025-07-04,OR5_LOW_LONG,LONG,78,78
2025-07-04,FLOOR_PIVOT_LONG,LONG,-0.5,-0.5
2025-07-04,DAILY_OPEN_LONG,LONG,-0.5,-0.5
2025-07-04,PD_POC_SHORT,SHORT,23.5,23.5
2025-07-04,PD_IB_LOW_SHORT,SHORT,23.5,23.5
2025-07-04,OR5_HIGH_SHORT,SHORT,23.5,23.5
2025-07-04,PD_VAH_SHORT,SHORT,36,36
2025-07-04,FLOOR_R1_SHORT,SHORT,36,36
2025-07-04,PD_HIGH_SHORT,SHORT,50,50
2025-07-04,IB_HIGH_SHORT,SHORT,78,78
2025-07-04,PD_OR_MID_SHORT,SHORT,78,78
2025-07-04,IB_LOW_LONG,LONG,6.5,6.5
2025-07-04,OPEN_TEST_DRIVE_SHORT,SHORT,-91.92500000000291,-91.92500000000291
2025-07-04,OPEN_TEST_DRIVE_LONG,LONG,20,20
2025-07-04,VALUE_AREA_RESPONSIVE_SHORT,SHORT,16.5,16.5
2025-07-04,VALUE_AREA_RESPONSIVE_LONG,LONG,-21.5,-21.5
2025-07-04,TRT_LONG,LONG,20,20
2025-07-04,STOP_SWEEP_SHORT,SHORT,-32,-32
2025-07-04,STOP_SWEEP_SHORT,SHORT,-32,-32
2025-07-07,PD_VAH_LONG,LONG,58,58
2025-07-07,PD_IB_HIGH_LONG,LONG,58,58
2025-07-07,PD_OR_MID_LONG,LONG,58,58
2025-07-07,DAILY_OPEN_LONG,LONG,88,88
2025-07-07,WEEKLY_OPEN_LONG,LONG,88,88
2025-07-07,PD_IB_MID_LONG,LONG,88,88
2025-07-07,PD_HIGH_SHORT,SHORT,58,58
2025-07-07,OR5_HIGH_SHORT,SHORT,58,58
2025-07-07,FLOOR_R1_SHORT,SHORT,88,88
2025-07-07,OR5_LOW_LONG,LONG,58,58
2025-07-07,IB_LOW_LONG,LONG,58,58
2025-07-07,PD_IB_LOW_LONG,LONG,58,58
2025-07-07,PD_POC_LONG,LONG,58,58
2025-07-07,PD_CLOSE_LONG,LONG,58,58
2025-07-07,FLOOR_PIVOT_LONG,LONG,58,58
2025-07-07,PD_VAL_LONG,LONG,88,88
2025-07-07,3M_VAH_LONG,LONG,88,88
2025-07-07,M1_VAH_LONG,LONG,88,88
2025-07-07,PM_VAH_LONG,LONG,58,58
2025-07-07,5D_OR_MID_LONG,LONG,58,58
2025-07-07,MONTHLY_OPEN_LONG,LONG,58,58
2025-07-07,FLOOR_S1_LONG,LONG,88,88
2025-07-07,PD_LOW_LONG,LONG,58,58
2025-07-07,C_STANDALONE_DOWN,SHORT,101,101
2025-07-07,VWAP_MAGNET_LONG,LONG,58,58
2025-07-07,STOP_SWEEP_SHORT,SHORT,-32,-32
2025-07-07,STOP_SWEEP_SHORT,SHORT,58,58
2025-07-08,PD_POC_LONG,LONG,78,78
2025-07-08,PD_CLOSE_LONG,LONG,78,78
2025-07-08,PD_IB_LOW_LONG,LONG,78,78
2025-07-08,FLOOR_PIVOT_LONG,LONG,78,78
2025-07-08,OR5_LOW_LONG,LONG,78,78
2025-07-08,PD2_VAL_LONG,LONG,78,78
2025-07-08,PD_VAL_LONG,LONG,78,78
2025-07-08,PD_VAH_SHORT,SHORT,78,78
2025-07-08,3M_VAH_SHORT,SHORT,78,78
2025-07-08,M1_VAH_SHORT,SHORT,78,78
2025-07-08,2D_POC_LONG,LONG,78,78
2025-07-08,PD_LOW_LONG,LONG,78,78
2025-07-08,IB_LOW_SHORT,SHORT,78,78
2025-07-08,DAILY_OPEN_SHORT,SHORT,78,78
2025-07-08,PD2_VAH_SHORT,SHORT,78,78
2025-07-08,PD_IB_MID_SHORT,SHORT,78,78
2025-07-08,PD_OR_MID_SHORT,SHORT,78,78
2025-07-08,OR5_HIGH_SHORT,SHORT,78,78
2025-07-08,IB_HIGH_SHORT,SHORT,78,78
2025-07-08,FLOOR_S1_LONG,LONG,118,118
2025-07-08,FLOOR_R1_SHORT,SHORT,78,78
2025-07-08,PD_HIGH_SHORT,SHORT,78,78
2025-07-08,IB_BEARISH,SHORT,37.75,37.75
2025-07-08,STOP_SWEEP_SHORT,SHORT,58,58
2025-07-08,STOP_SWEEP_SHORT,SHORT,-32,-32
2025-07-09,PD_VAH_SHORT,SHORT,78,78
2025-07-09,FLOOR_PIVOT_SHORT,SHORT,78,78
2025-07-09,OR5_HIGH_SHORT,SHORT,78,78
2025-07-09,PD_CLOSE_SHORT,SHORT,78,78
2025-07-09,PW_HIGH_SHORT,SHORT,78,78
2025-07-09,PD_HIGH_SHORT,SHORT,78,78
2025-07-09,PD_POC_LONG,LONG,78,78
2025-07-09,OR5_LOW_LONG,LONG,78,78
2025-07-09,IB_LOW_LONG,LONG,78,78
2025-07-09,DAILY_OPEN_LONG,LONG,78,78
2025-07-09,PD_IB_HIGH_LONG,LONG,78,78
2025-07-09,FLOOR_S1_LONG,LONG,78,78
2025-07-09,PD_VAL_LONG,LONG,78,78
2025-07-09,PD2_VAH_LONG,LONG,78,78
2025-07-09,PD_LOW_LONG,LONG,78,78
2025-07-09,PD_OR_MID_LONG,LONG,78,78
2025-07-09,3M_VAH_LONG,LONG,78,78
2025-07-09,M1_VAH_LONG,LONG,78,78
2025-07-09,PD_IB_MID_LONG,LONG,118,118
2025-07-09,VALUE_AREA_RESPONSIVE_SHORT,SHORT,-73,-73
2025-07-09,VALUE_AREA_RESPONSIVE_LONG,LONG,-52,-52
2025-07-09,TRT_SHORT,SHORT,72,72
2025-07-09,VWAP_MAGNET_LONG,LONG,58,58
2025-07-09,STOP_SWEEP_LONG,LONG,58,58
2025-07-09,STOP_SWEEP_SHORT,SHORT,-32,-32
2025-07-10,PD_POC_LONG,LONG,-182,-182
2025-07-10,PD_VAH_LONG,LONG,-182,-182
2025-07-10,PD_IB_MID_LONG,LONG,-182,-182
2025-07-10,OR5_LOW_LONG,LONG,-182,-182
2025-07-10,3M_VAH_LONG,LONG,-182,-182
2025-07-10,M1_VAH_LONG,LONG,-182,-182
2025-07-10,PD_CLOSE_LONG,LONG,-182,-182
2025-07-10,PD_OR_MID_LONG,LONG,-182,-182
2025-07-10,FLOOR_PIVOT_LONG,LONG,-182,-182
2025-07-10,PD_IB_LOW_LONG,LONG,-182,-182
2025-07-10,PD_VAL_LONG,LONG,78,78
2025-07-10,5D_OR_MID_LONG,LONG,78,78
2025-07-10,PD2_VAH_LONG,LONG,78,78
2025-07-10,FLOOR_S1_LONG,LONG,78,78
2025-07-10,PD_LOW_LONG,LONG,78,78
2025-07-10,2D_POC_LONG,LONG,78,78
2025-07-10,IB_LOW_SHORT,SHORT,-182,-182
2025-07-10,IB_BEARISH,SHORT,52.25,52.25
2025-07-10,VWAP_MAGNET_LONG,LONG,58,58
2025-07-10,STOP_SWEEP_SHORT,SHORT,58,58
2025-07-10,STOP_SWEEP_SHORT,SHORT,58,58
2025-07-11,OR5_LOW_LONG,LONG,78,78
2025-07-11,DAILY_OPEN_LONG,LONG,78,78
2025-07-11,PD2_VAL_LONG,LONG,78,78
2025-07-11,10D_IB_MID_LONG,LONG,78,78
2025-07-11,FLOOR_S1_LONG,LONG,78,78
2025-07-11,PD_LOW_LONG,LONG,118,118
2025-07-11,PD_IB_LOW_SHORT,SHORT,-182,-182
2025-07-11,FLOOR_PIVOT_SHORT,SHORT,-47,-47
2025-07-11,PD_VAL_SHORT,SHORT,-33,-33
2025-07-11,PD_CLOSE_SHORT,SHORT,-17.5,-17.5
2025-07-11,OR5_HIGH_SHORT,SHORT,-17.5,-17.5
2025-07-11,PD_POC_SHORT,SHORT,78,78
2025-07-11,2D_POC_SHORT,SHORT,78,78
2025-07-11,5D_OR_MID_SHORT,SHORT,78,78
2025-07-11,PD_VAH_SHORT,SHORT,78,78
2025-07-11,PD_IB_MID_SHORT,SHORT,78,78
2025-07-11,IB_HIGH_LONG,LONG,78,78
2025-07-11,PD_HIGH_SHORT,SHORT,78,78
2025-07-11,FLOOR_R1_SHORT,SHORT,78,78
2025-07-11,IB_BULLISH,LONG,100,100
2025-07-11,OPEN_TEST_DRIVE_SHORT,SHORT,-163.8000000000029,-163.8000000000029
2025-07-11,STOP_SWEEP_SHORT,SHORT,88,88
2025-07-11,STOP_SWEEP_LONG,LONG,-32,-32
2025-07-14,PD_OR_MID_LONG,LONG,-122,-122
2025-07-14,DAILY_OPEN_LONG,LONG,-122,-122
2025-07-14,WEEKLY_OPEN_LONG,LONG,-122,-122
2025-07-14,PD_VAL_SHORT,SHORT,88,88
2025-07-14,PD_IB_MID_LONG,LONG,-122,-122
2025-07-14,OR5_LOW_LONG,LONG,-122,-122
2025-07-14,10D_IB_MID_LONG,LONG,-122,-122
2025-07-14,FLOOR_S1_LONG,LONG,-122,-122
2025-07-14,PD_IB_LOW_LONG,LONG,88,88
2025-07-14,PD_LOW_LONG,LONG,88,88
2025-07-14,PD_IB_HIGH_SHORT,SHORT,58,58
2025-07-14,PD2_VAL_SHORT,SHORT,58,58
2025-07-14,OR5_HIGH_SHORT,SHORT,58,58
2025-07-14,2D_POC_SHORT,SHORT,58,58
2025-07-14,FLOOR_PIVOT_SHORT,SHORT,58,58
2025-07-14,5D_OR_MID_SHORT,SHORT,88,88
2025-07-14,IB_HIGH_SHORT,SHORT,-122,-122
2025-07-14,PD_CLOSE_SHORT,SHORT,-22,-22
2025-07-14,PD2_VAH_SHORT,SHORT,-14.5,-14.5
2025-07-14,PD_POC_SHORT,SHORT,-4,-4
2025-07-14,3M_VAH_SHORT,SHORT,-4,-4
2025-07-14,M1_VAH_SHORT,SHORT,-4,-4
2025-07-14,PD_VAH_SHORT,SHORT,58,58
2025-07-14,PD_HIGH_SHORT,SHORT,58,58
2025-07-14,OPEN_TEST_DRIVE_SHORT,SHORT,-170.5749999999971,-170.5749999999971
2025-07-14,TRT_LONG,LONG,162.5,162.5
2025-07-14,VWAP_MAGNET_SHORT,SHORT,38,38
2025-07-14,STOP_SWEEP_SHORT,SHORT,88,88
2025-07-14,STOP_SWEEP_LONG,LONG,-32,-32
2025-07-15,PD_POC_LONG,LONG,-182,-182
2025-07-15,FLOOR_R1_LONG,LONG,-182,-182
2025-07-15,OR5_LOW_LONG,LONG,-182,-182
2025-07-15,PD_VAH_LONG,LONG,-182,-182
2025-07-15,PD_VAL_LONG,LONG,118,118
2025-07-15,FLOOR_PIVOT_LONG,LONG,118,118
2025-07-15,PW_HIGH_LONG,LONG,118,118
2025-07-15,DAILY_OPEN_SHORT,SHORT,78,78
2025-07-15,IB_LOW_LONG,LONG,78,78
2025-07-15,PD_LOW_LONG,LONG,-2,-2
2025-07-15,PD_CLOSE_LONG,LONG,-2,-2
2025-07-15,3M_VAH_LONG,LONG,-2,-2
2025-07-15,M1_VAH_LONG,LONG,-2,-2
2025-07-15,IB_BEARISH,SHORT,30.5,30.5
2025-07-15,OPEN_TEST_DRIVE_SHORT,SHORT,73,73
2025-07-15,VWAP_MAGNET_LONG,LONG,-2,-2
2025-07-15,STOP_SWEEP_LONG,LONG,-32,-32
2025-07-15,STOP_SWEEP_SHORT,SHORT,-32,-32
2025-07-16,3M_VAH_LONG,LONG,-182,-182
2025-07-16,OR5_LOW_LONG,LONG,-182,-182
2025-07-16,FLOOR_PIVOT_LONG,LONG,78,78
2025-07-16,PD_POC_LONG,LONG,78,78
2025-07-16,PD_VAL_LONG,LONG,78,78
2025-07-16,10D_IB_MID_LONG,LONG,78,78
2025-07-16,PD2_VAL_LONG,LONG,78,78
2025-07-16,IB_LOW_LONG,LONG,118,118
2025-07-16,FLOOR_S1_LONG,LONG,118,118
2025-07-16,PD_LOW_LONG,LONG,118,118
2025-07-16,PD2_VAH_SHORT,SHORT,-57.5,-57.5
2025-07-16,5D_OR_MID_SHORT,SHORT,-52,-52
2025-07-16,PD_VAH_SHORT,SHORT,-45.5,-45.5
2025-07-16,DAILY_OPEN_SHORT,SHORT,78,78
2025-07-16,PD_CLOSE_SHORT,SHORT,78,78
2025-07-16,OR5_HIGH_SHORT,SHORT,0.5,0.5
2025-07-16,IB_HIGH_SHORT,SHORT,0.5,0.5
2025-07-16,PD_HIGH_SHORT,SHORT,20.5,20.5
2025-07-16,PW_HIGH_SHORT,SHORT,44.5,44.5
2025-07-16,IB_BEARISH,SHORT,26.5,26.5
2025-07-16,OPEN_TEST_DRIVE_SHORT,SHORT,83.5,83.5
2025-07-16,VALUE_AREA_RESPONSIVE_SHORT,SHORT,150.5,150.5
2025-07-16,VALUE_AREA_RESPONSIVE_LONG,LONG,27.25,27.25
2025-07-16,VWAP_MAGNET_LONG,LONG,58,58
2025-07-16,STOP_SWEEP_SHORT,SHORT,-32,-32
2025-07-16,STOP_SWEEP_LONG,LONG,-32,-32
2025-07-17,PD_IB_HIGH_LONG,LONG,78,78
2025-07-17,DAILY_OPEN_LONG,LONG,78,78
2025-07-17,3M_VAH_LONG,LONG,78,78
2025-07-17,PD_LOW_LONG,LONG,118,118
2025-07-17,OR5_LOW_LONG,LONG,118,118
2025-07-17,5D_OR_MID_LONG,LONG,118,118
2025-07-17,FLOOR_S1_SHORT,SHORT,-182,-182
2025-07-17,OR5_HIGH_SHORT,SHORT,-182,-182
2025-07-17,PW_HIGH_SHORT,SHORT,-182,-182
2025-07-17,PD2_VAL_SHORT,SHORT,-182,-182
2025-07-17,M1_VAH_SHORT,SHORT,-182,-182
2025-07-17,2D_POC_SHORT,SHORT,-182,-182
2025-07-17,PD_VAL_SHORT,SHORT,78,78
2025-07-17,PD2_VAH_SHORT,SHORT,78,78
2025-07-17,IB_HIGH_SHORT,SHORT,-182,-182
2025-07-17,FLOOR_PIVOT_SHORT,SHORT,-182,-182
2025-07-17,PD_POC_SHORT,SHORT,-29,-29
2025-07-17,PD_CLOSE_SHORT,SHORT,-29,-29
2025-07-17,PD_VAH_SHORT,SHORT,18,18
2025-07-17,PD_HIGH_SHORT,SHORT,18,18
2025-07-17,IB_BULLISH,LONG,230,230
2025-07-17,OPEN_TEST_DRIVE_LONG,LONG,306,306
2025-07-17,VWAP_MAGNET_SHORT,SHORT,38,38
2025-07-17,STOP_SWEEP_SHORT,SHORT,-32,-32
2025-07-17,STOP_SWEEP_SHORT,SHORT,-32,-32
2025-07-18,OR5_LOW_LONG,LONG,-182,-182
2025-07-18,M1_VAH_LONG,LONG,-182,-182
2025-07-18,2D_POC_LONG,LONG,-182,-182
2025-07-18,FLOOR_R1_SHORT,SHORT,78,78
2025-07-18,DAILY_OPEN_SHORT,SHORT,78,78
2025-07-18,PD_VAH_LONG,LONG,-40.5,-40.5
2025-07-18,FLOOR_PIVOT_LONG,LONG,-40.5,-40.5
2025-07-18,PD_CLOSE_LONG,LONG,-32,-32
2025-07-18,PD_POC_LONG,LONG,11,11
2025-07-18,PD_VAL_LONG,LONG,78,78
2025-07-18,IB_LOW_SHORT,SHORT,78,78
2025-07-18,PD_LOW_LONG,LONG,78,78
2025-07-18,FLOOR_S1_LONG,LONG,78,78
2025-07-18,STOP_SWEEP_SHORT,SHORT,-32,-32
2025-07-18,STOP_SWEEP_LONG,LONG,-32,-32
2025-07-21,PD_IB_HIGH_SHORT,SHORT,-122,-122
2025-07-21,OR5_HIGH_SHORT,SHORT,-122,-122
2025-07-21,PW_HIGH_SHORT,SHORT,-122,-122
2025-07-21,PD_CLOSE_SHORT,SHORT,-122,-122
2025-07-21,FLOOR_PIVOT_SHORT,SHORT,-122,-122
2025-07-21,PD_VAL_SHORT,SHORT,58,58
2025-07-21,PD_POC_SHORT,SHORT,58,58
2025-07-21,PD_VAH_SHORT,SHORT,58,58
2025-07-21,PD_HIGH_SHORT,SHORT,58,58
2025-07-21,FLOOR_R1_SHORT,SHORT,58,58
2025-07-21,IB_HIGH_LONG,LONG,-122,-122
2025-07-21,IB_BULLISH,LONG,24.5,24.5
2025-07-21,STOP_SWEEP_LONG,LONG,58,58
2025-07-21,STOP_SWEEP_SHORT,SHORT,-32,-32
2025-07-22,PD_OR_MID_LONG,LONG,-182,-182
2025-07-22,OR5_LOW_LONG,LONG,-182,-182
2025-07-22,PW_HIGH_SHORT,SHORT,118,118
2025-07-22,PD_VAH_LONG,LONG,-182,-182
2025-07-22,PD_IB_LOW_LONG,LONG,-182,-182
2025-07-22,3M_VAH_LONG,LONG,-182,-182
2025-07-22,M1_VAH_LONG,LONG,-182,-182
2025-07-22,PD2_VAH_LONG,LONG,-182,-182
2025-07-22,PD_POC_LONG,LONG,-182,-182
2025-07-22,PD_CLOSE_LONG,LONG,-182,-182
2025-07-22,FLOOR_PIVOT_LONG,LONG,-182,-182
2025-07-22,2D_POC_LONG,LONG,-182,-182
2025-07-22,PD_VAL_LONG,LONG,78,78
2025-07-22,5D_OR_MID_LONG,LONG,78,78
2025-07-22,PD2_VAL_LONG,LONG,78,78
2025-07-22,PD_LOW_LONG,LONG,78,78
2025-07-22,FLOOR_S1_LONG,LONG,118,118
2025-07-22,IB_BEARISH,SHORT,-195.5,-195.5
2025-07-22,VWAP_MAGNET_LONG,LONG,-62,-62
2025-07-22,STOP_SWEEP_LONG,LONG,-32,-32
2025-07-22,STOP_SWEEP_LONG,LONG,-32,-32
2025-07-23,PD_IB_MID_SHORT,SHORT,78,78
2025-07-23,2D_POC_SHORT,SHORT,78,78
2025-07-23,FLOOR_S1_SHORT,SHORT,78,78
2025-07-23,PD_VAL_LONG,LONG,78,78
2025-07-23,OR5_LOW_LONG,LONG,78,78
2025-07-23,5D_OR_MID_LONG,LONG,78,78
2025-07-23,PD_LOW_LONG,LONG,78,78
2025-07-23,IB_LOW_LONG,LONG,78,78
2025-07-23,FLOOR_PIVOT_SHORT,SHORT,78,78
2025-07-23,OR5_HIGH_SHORT,SHORT,78,78
2025-07-23,IB_HIGH_SHORT,SHORT,78,78
2025-07-23,DAILY_OPEN_SHORT,SHORT,78,78
2025-07-23,PD_POC_SHORT,SHORT,118,118
2025-07-23,3M_VAH_SHORT,SHORT,78,78
2025-07-23,M1_VAH_SHORT,SHORT,78,78
2025-07-23,PD_VAH_SHORT,SHORT,-64,-64
2025-07-23,PW_HIGH_SHORT,SHORT,-57.5,-57.5
2025-07-23,PD_OR_MID_SHORT,SHORT,-36.5,-36.5
2025-07-23,PD_HIGH_SHORT,SHORT,78,78
2025-07-23,PD_CLOSE_SHORT,SHORT,78,78
2025-07-23,IB_BEARISH,SHORT,-202.73999999999796,-202.73999999999796
2025-07-23,VALUE_AREA_RESPONSIVE_LONG,LONG,-40,-40
2025-07-23,TRT_LONG,LONG,82,82
2025-07-23,VWAP_MAGNET_SHORT,SHORT,58,58
2025-07-23,STOP_SWEEP_LONG,LONG,-32,-32
2025-07-23,STOP_SWEEP_LONG,LONG,-32,-32
2025-07-24,PD_VAL_LONG,LONG,78,78
2025-07-24,FLOOR_PIVOT_LONG,LONG,78,78
2025-07-24,OR5_LOW_LONG,LONG,78,78
2025-07-24,PD_CLOSE_SHORT,SHORT,78,78
2025-07-24,DAILY_OPEN_SHORT,SHORT,78,78
2025-07-24,PD_POC_SHORT,SHORT,118,118
2025-07-24,OR5_HIGH_SHORT,SHORT,118,118
2025-07-24,PD_LOW_LONG,LONG,78,78
2025-07-24,FLOOR_S1_LONG,LONG,78,78
2025-07-24,PW_HIGH_LONG,LONG,78,78
2025-07-24,IB_LOW_SHORT,SHORT,-76,-76
2025-07-24,IB_HIGH_SHORT,SHORT,78,78
2025-07-24,PD_VAH_SHORT,SHORT,53.5,53.5
2025-07-24,PD_HIGH_SHORT,SHORT,78,78
2025-07-24,FLOOR_R1_SHORT,SHORT,78,78
2025-07-24,OPEN_TEST_DRIVE_SHORT,SHORT,-166.875,-166.875
2025-07-24,VALUE_AREA_RESPONSIVE_SHORT,SHORT,2.5,2.5
2025-07-24,VALUE_AREA_RESPONSIVE_LONG,LONG,-4.5,-4.5
2025-07-24,STOP_SWEEP_SHORT,SHORT,-32,-32
2025-07-24,STOP_SWEEP_SHORT,SHORT,-32,-32
2025-07-25,PD_IB_MID_SHORT,SHORT,-182,-182
2025-07-25,PD_OR_MID_SHORT,SHORT,-182,-182
2025-07-25,OR5_HIGH_SHORT,SHORT,-182,-182
2025-07-25,DAILY_OPEN_SHORT,SHORT,-182,-182
2025-07-25,PD_LOW_LONG,LONG,78,78
2025-07-25,PD_IB_LOW_LONG,LONG,78,78
2025-07-25,FLOOR_S1_LONG,LONG,78,78
2025-07-25,OR5_LOW_LONG,LONG,78,78
2025-07-25,PD_IB_HIGH_SHORT,SHORT,-182,-182
2025-07-25,3M_VAH_SHORT,SHORT,-182,-182
2025-07-25,M1_VAH_SHORT,SHORT,-182,-182
2025-07-25,2D_POC_SHORT,SHORT,-182,-182
2025-07-25,PD_VAL_SHORT,SHORT,-64.5,-64.5
2025-07-25,FLOOR_PIVOT_SHORT,SHORT,-48,-48
2025-07-25,PD_CLOSE_SHORT,SHORT,-28.5,-28.5
2025-07-25,IB_HIGH_SHORT,SHORT,-32,-32
2025-07-25,PD_POC_SHORT,SHORT,23,23
2025-07-25,PD_VAH_SHORT,SHORT,78,78
2025-07-25,PD_HIGH_SHORT,SHORT,78,78
2025-07-25,IB_BULLISH,LONG,117,117
2025-07-25,OPEN_TEST_DRIVE_SHORT,SHORT,-116.82499999999709,-116.82499999999709
2025-07-25,TRT_SHORT,SHORT,-123.87999999999738,-123.87999999999738
2025-07-25,STOP_SWEEP_SHORT,SHORT,-32,-32
2025-07-25,STOP_SWEEP_LONG,LONG,-32,-32
2025-07-28,PD_POC_SHORT,SHORT,58,58
2025-07-28,PD_VAH_SHORT,SHORT,58,58
2025-07-28,PD_CLOSE_SHORT,SHORT,58,58
2025-07-28,FLOOR_PIVOT_SHORT,SHORT,58,58
2025-07-28,OR5_HIGH_SHORT,SHORT,58,58
2025-07-28,DAILY_OPEN_LONG,LONG,58,58
2025-07-28,WEEKLY_OPEN_LONG,LONG,58,58
2025-07-28,PW_HIGH_LONG,LONG,58,58
2025-07-28,PD_VAL_LONG,LONG,58,58
2025-07-28,OR5_LOW_LONG,LONG,58,58
2025-07-28,PD_HIGH_SHORT,SHORT,58,58
2025-07-28,FLOOR_R1_SHORT,SHORT,58,58
2025-07-28,IB_HIGH_SHORT,SHORT,58,58
2025-07-28,IB_LOW_LONG,LONG,58,58
2025-07-28,PD_LOW_LONG,LONG,88,88
2025-07-28,FLOOR_S1_LONG,LONG,88,88
2025-07-28,IB_BULLISH,LONG,-119,-119
2025-07-28,VALUE_AREA_RESPONSIVE_SHORT,SHORT,14.5,14.5
2025-07-28,VALUE_AREA_RESPONSIVE_LONG,LONG,38.5,38.5
2025-07-28,TRT_SHORT,SHORT,-63,-63
2025-07-28,STOP_SWEEP_SHORT,SHORT,-32,-32
2025-07-28,STOP_SWEEP_SHORT,SHORT,-32,-32
2025-07-29,OR5_HIGH_SHORT,SHORT,78,78
2025-07-29,PD_HIGH_SHORT,SHORT,78,78
2025-07-29,FLOOR_R1_LONG,LONG,-182,-182
2025-07-29,DAILY_OPEN_LONG,LONG,-182,-182
2025-07-29,OR5_LOW_LONG,LONG,-182,-182
2025-07-29,PD_VAH_LONG,LONG,-182,-182
2025-07-29,IB_LOW_SHORT,SHORT,78,78
2025-07-29,PD_IB_HIGH_LONG,LONG,-182,-182
2025-07-29,FLOOR_PIVOT_LONG,LONG,-182,-182
2025-07-29,PD_IB_MID_LONG,LONG,-105.5,-105.5
2025-07-29,PD_OR_MID_LONG,LONG,-81,-81
2025-07-29,PD_POC_LONG,LONG,-76.5,-76.5
2025-07-29,PW_HIGH_LONG,LONG,-66.5,-66.5
2025-07-29,PD_IB_LOW_LONG,LONG,78,78
2025-07-29,PD2_VAH_LONG,LONG,78,78
2025-07-29,PD_CLOSE_LONG,LONG,78,78
2025-07-29,3M_VAH_LONG,LONG,78,78
2025-07-29,2D_POC_LONG,LONG,78,78
2025-07-29,PD_VAL_LONG,LONG,118,33.5
2025-07-29,PD_LOW_LONG,LONG,41,41
2025-07-29,IB_BEARISH,SHORT,306,306
2025-07-29,VWAP_MAGNET_LONG,LONG,-62,-62
2025-07-29,STOP_SWEEP_LONG,LONG,-32,-32
2025-07-29,STOP_SWEEP_SHORT,SHORT,-32,-32
2025-07-30,OR5_HIGH_SHORT,SHORT,78,78
2025-07-30,DAILY_OPEN_SHORT,SHORT,78,78
2025-07-30,3M_VAH_SHORT,SHORT,78,78
2025-07-30,M1_VAH_SHORT,SHORT,78,78
2025-07-30,2D_POC_SHORT,SHORT,78,78
2025-07-30,PD2_VAH_SHORT,SHORT,78,78
2025-07-30,PD_CLOSE_SHORT,SHORT,-182,-182
2025-07-30,FLOOR_PIVOT_SHORT,SHORT,-182,-182
2025-07-30,PW_HIGH_SHORT,SHORT,-182,-182
2025-07-30,PD_POC_SHORT,SHORT,78,78
2025-07-30,PD2_VAL_LONG,LONG,78,78
2025-07-30,IB_HIGH_SHORT,SHORT,78,78
2025-07-30,PD_VAH_SHORT,SHORT,78,78
2025-07-30,PD_IB_LOW_SHORT,SHORT,78,78
2025-07-30,PD_HIGH_SHORT,SHORT,118,118
2025-07-30,FLOOR_R1_SHORT,SHORT,118,118
2025-07-30,PD_VAL_LONG,LONG,-182,-182
2025-07-30,OR5_LOW_LONG,LONG,-182,-182
2025-07-30,IB_LOW_LONG,LONG,-182,-182
2025-07-30,5D_OR_MID_LONG,LONG,78,78
2025-07-30,PD_LOW_LONG,LONG,118,118
2025-07-30,FLOOR_S1_LONG,LONG,118,118
2025-07-30,IB_BEARISH,SHORT,-104.95999999999913,-104.95999999999913
2025-07-30,OPEN_TEST_DRIVE_LONG,LONG,111,111
2025-07-30,VALUE_AREA_RESPONSIVE_SHORT,SHORT,9.25,9.25
2025-07-30,VALUE_AREA_RESPONSIVE_LONG,LONG,131.5,131.5
2025-07-30,VWAP_MAGNET_SHORT,SHORT,58,58
2025-07-30,STOP_SWEEP_LONG,LONG,88,88
2025-07-30,STOP_SWEEP_SHORT,SHORT,-32,-32
2025-07-31,FLOOR_R1_LONG,LONG,78,78
2025-07-31,OR5_LOW_LONG,LONG,78,78
2025-07-31,PD_VAH_SHORT,SHORT,78,78
2025-07-31,IB_LOW_LONG,LONG,-182,-182
2025-07-31,PD_POC_LONG,LONG,78,78
2025-07-31,PD2_VAH_LONG,LONG,78,78
2025-07-31,PD_IB_HIGH_LONG,LONG,78,78
2025-07-31,3M_VAH_LONG,LONG,78,78
2025-07-31,M1_VAH_LONG,LONG,78,78
2025-07-31,2D_POC_LONG,LONG,78,78
2025-07-31,PD_IB_MID_LONG,LONG,78,78
2025-07-31,5D_OR_MID_LONG,LONG,78,78
2025-07-31,PW_HIGH_LONG,LONG,78,78
2025-07-31,PD_OR_MID_LONG,LONG,-182,-182
2025-07-31,FLOOR_PIVOT_LONG,LONG,-182,-182
2025-07-31,PD_IB_LOW_LONG,LONG,78,78
2025-07-31,PD2_VAL_LONG,LONG,78,78
2025-07-31,PD_VAL_LONG,LONG,118,-182
2025-07-31,PD_CLOSE_LONG,LONG,118,-28.5
2025-07-31,10D_IB_MID_LONG,LONG,78,78
2025-07-31,IB_BEARISH,SHORT,504,504
2025-07-31,VALUE_AREA_RESPONSIVE_SHORT,SHORT,253,253
2025-07-31,VWAP_MAGNET_LONG,LONG,-62,-62
2025-07-31,STOP_SWEEP_SHORT,SHORT,-32,-32
2025-07-31,STOP_SWEEP_LONG,LONG,-32,-32
2025-08-01,OR5_LOW_LONG,LONG,-182,-182
2025-08-01,PD_VAH_LONG,LONG,-182,-182
2025-08-01,FLOOR_PIVOT_LONG,LONG,-182,-182
2025-08-01,PD_POC_LONG,LONG,-182,-182
2025-08-01,PD_CLOSE_LONG,LONG,-182,-182
2025-08-01,M1_VAL_LONG,LONG,78,78
2025-08-01,PM_VAL_LONG,LONG,118,118
2025-08-01,PD_VAL_LONG,LONG,118,118
2025-08-01,IB_LOW_LONG,LONG,-182,-182
2025-08-01,IB_BEARISH,SHORT,54.25,54.25
2025-08-01,VWAP_MAGNET_LONG,LONG,58,58
2025-08-01,STOP_SWEEP_SHORT,SHORT,-32,-32
2025-08-01,STOP_SWEEP_LONG,LONG,-32,-32
2025-08-04,FLOOR_S1_SHORT,SHORT,-122,-122
2025-08-04,PD_VAL_SHORT,SHORT,-122,-122
2025-08-04,FLOOR_PIVOT_SHORT,SHORT,58,58
2025-08-04,PD_POC_SHORT,SHORT,58,58
2025-08-04,IB_HIGH_LONG,LONG,58,58
2025-08-04,PD_VAH_SHORT,SHORT,58,58
2025-08-04,PD_CLOSE_SHORT,SHORT,58,58
2025-08-04,PD_HIGH_SHORT,SHORT,58,58
2025-08-04,IB_BULLISH,LONG,60,60
2025-08-04,STOP_SWEEP_LONG,LONG,58,58
2025-08-04,STOP_SWEEP_SHORT,SHORT,-32,-32
2025-08-05,FLOOR_R1_SHORT,SHORT,78,78
2025-08-05,OR5_LOW_SHORT,SHORT,78,78
2025-08-05,OR5_HIGH_SHORT,SHORT,78,78
2025-08-05,DAILY_OPEN_SHORT,SHORT,78,78
2025-08-05,10D_IB_MID_SHORT,SHORT,78,78
2025-08-05,5D_OR_MID_SHORT,SHORT,78,78
2025-08-05,PD_HIGH_SHORT,SHORT,78,78
2025-08-05,PD_IB_HIGH_LONG,LONG,-182,-182
2025-08-05,PD_VAH_LONG,LONG,-182,-182
2025-08-05,FLOOR_PIVOT_LONG,LONG,-182,-182
2025-08-05,PD_IB_MID_LONG,LONG,78,78
2025-08-05,PD_POC_LONG,LONG,78,78
2025-08-05,PD_CLOSE_LONG,LONG,78,78
2025-08-05,PD_VAL_LONG,LONG,78,78
2025-08-05,PD_LOW_LONG,LONG,78,78
2025-08-05,PD_OR_MID_LONG,LONG,78,78
2025-08-05,IB_BULLISH,LONG,-103.5,-103.5
2025-08-05,OPEN_TEST_DRIVE_LONG,LONG,-112.5,-112.5
2025-08-05,TRT_SHORT,SHORT,357.5,357.5
2025-08-05,VWAP_MAGNET_LONG,LONG,-62,-62
2025-08-05,STOP_SWEEP_LONG,LONG,88,88
2025-08-05,STOP_SWEEP_SHORT,SHORT,-32,-32
2025-08-06,2D_POC_SHORT,SHORT,-182,-182
2025-08-06,PD2_VAL_SHORT,SHORT,-182,-182
2025-08-06,OR5_LOW_LONG,LONG,78,78
2025-08-06,DAILY_OPEN_LONG,LONG,78,78
2025-08-06,PD_LOW_LONG,LONG,118,118
2025-08-06,FLOOR_S1_SHORT,SHORT,-182,-182
2025-08-06,OR5_HIGH_SHORT,SHORT,-182,-182
2025-08-06,PD_VAL_SHORT,SHORT,118,118
2025-08-06,PD2_VAH_SHORT,SHORT,78,78
2025-08-06,IB_HIGH_SHORT,SHORT,-182,-182
2025-08-06,PD_IB_LOW_SHORT,SHORT,-182,-182
2025-08-06,PD_OR_MID_SHORT,SHORT,-182,-182
2025-08-06,FLOOR_PIVOT_SHORT,SHORT,-182,-182
2025-08-06,PD_IB_MID_SHORT,SHORT,78,78
2025-08-06,10D_IB_MID_SHORT,SHORT,-135.5,-135.5
2025-08-06,5D_OR_MID_SHORT,SHORT,-104.5,-104.5
2025-08-06,PD_IB_HIGH_SHORT,SHORT,-86.5,-86.5
2025-08-06,PD_POC_SHORT,SHORT,-29,-29
2025-08-06,PD_CLOSE_SHORT,SHORT,-29,-29
2025-08-06,PD_VAH_SHORT,SHORT,4.5,4.5
2025-08-06,PD_HIGH_SHORT,SHORT,10.5,10.5
2025-08-06,VWAP_MAGNET_SHORT,SHORT,-62,-62
2025-08-06,STOP_SWEEP_SHORT,SHORT,88,88
2025-08-06,STOP_SWEEP_LONG,LONG,-32,-32
2025-08-07,DAILY_OPEN_SHORT,SHORT,78,78
2025-08-07,PD_VAH_LONG,LONG,118,118
2025-08-07,OR5_HIGH_SHORT,SHORT,78,78
2025-08-07,OR5_LOW_LONG,LONG,78,78
2025-08-07,PD_HIGH_SHORT,SHORT,78,78
2025-08-07,FLOOR_R1_SHORT,SHORT,78,78
2025-08-07,IB_LOW_SHORT,SHORT,78,78
2025-08-07,PD_CLOSE_LONG,LONG,-182,-182
2025-08-07,FLOOR_PIVOT_LONG,LONG,-182,-182
2025-08-07,PM_VAH_LONG,LONG,-182,-182
2025-08-07,3M_VAH_LONG,LONG,-182,-182
2025-08-07,M1_VAH_LONG,LONG,-182,-182
2025-08-07,PD_POC_LONG,LONG,78,78
2025-08-07,PD_VAL_LONG,LONG,118,198
2025-08-07,5D_OR_MID_LONG,LONG,78,78
2025-08-07,10D_IB_MID_LONG,LONG,78,78
2025-08-07,PD_LOW_LONG,LONG,78,78
2025-08-07,FLOOR_S1_LONG,LONG,78,78
2025-08-07,IB_BULLISH,LONG,-164,-164
2025-08-07,OPEN_TEST_DRIVE_LONG,LONG,-104.5,-104.5
2025-08-07,VALUE_AREA_RESPONSIVE_SHORT,SHORT,-54.5,-54.5
2025-08-07,TRT_SHORT,SHORT,356,356
2025-08-07,VWAP_MAGNET_LONG,LONG,-62,-62
2025-08-07,STOP_SWEEP_LONG,LONG,-32,-32
2025-08-07,STOP_SWEEP_SHORT,SHORT,-32,-32
2025-08-08,PD_IB_LOW_LONG,LONG,78,78
2025-08-08,OR5_HIGH_LONG,LONG,78,78
2025-08-08,FLOOR_S1_SHORT,SHORT,-182,-182
2025-08-08,PD_IB_MID_SHORT,SHORT,-182,-182
2025-08-08,PD_OR_MID_SHORT,SHORT,-182,-182
2025-08-08,PD_VAL_SHORT,SHORT,-147,-147
2025-08-08,FLOOR_PIVOT_SHORT,SHORT,-147,-147
2025-08-08,PD_IB_HIGH_SHORT,SHORT,-140,-140
2025-08-08,PD_POC_SHORT,SHORT,78,78
2025-08-08,PD_CLOSE_SHORT,SHORT,78,78
2025-08-08,IB_HIGH_LONG,LONG,78,78
2025-08-08,PD_VAH_SHORT,SHORT,-26,-26
2025-08-08,PD_HIGH_SHORT,SHORT,-4.5,-4.5
2025-08-08,IB_BULLISH,LONG,151,151
2025-08-08,OPEN_TEST_DRIVE_LONG,LONG,278,278
2025-08-08,STOP_SWEEP_SHORT,SHORT,-32,-32
2025-08-08,STOP_SWEEP_SHORT,SHORT,-32,-32
2025-08-11,PD_VAL_LONG,LONG,58,58
2025-08-11,2D_POC_LONG,LONG,58,58
2025-08-11,OR5_LOW_SHORT,SHORT,-122,-122
2025-08-11,DAILY_OPEN_LONG,LONG,88,88
2025-08-11,WEEKLY_OPEN_LONG,LONG,88,88
2025-08-11,PW_HIGH_SHORT,SHORT,-122,-122
2025-08-11,PD_POC_SHORT,SHORT,-122,-122
2025-08-11,OR5_HIGH_SHORT,SHORT,-122,-122
2025-08-11,PD_VAH_SHORT,SHORT,58,58
2025-08-11,FLOOR_R1_SHORT,SHORT,58,58
2025-08-11,IB_HIGH_SHORT,SHORT,58,58
2025-08-11,PD_HIGH_SHORT,SHORT,58,58
2025-08-11,IB_LOW_LONG,LONG,-122,-122
2025-08-11,FLOOR_PIVOT_LONG,LONG,-122,-122
2025-08-11,PD_IB_HIGH_LONG,LONG,-122,-122
2025-08-11,PD_CLOSE_LONG,LONG,-122,-122
2025-08-11,PD2_VAH_LONG,LONG,64.5,64.5
2025-08-11,PD_LOW_LONG,LONG,73.5,73.5
2025-08-11,PD_IB_MID_LONG,LONG,73.5,73.5
2025-08-11,IB_BULLISH,LONG,49.5,49.5
2025-08-11,OPEN_TEST_DRIVE_LONG,LONG,55,55
2025-08-11,VALUE_AREA_RESPONSIVE_SHORT,SHORT,38.5,38.5
2025-08-11,VALUE_AREA_RESPONSIVE_LONG,LONG,75,75
2025-08-11,BRACKET_BREAKOUT_LONG,LONG,-146.8000000000029,-146.8000000000029
2025-08-11,VWAP_MAGNET_LONG,LONG,-62,-62
2025-08-11,STOP_SWEEP_LONG,LONG,58,58
2025-08-11,STOP_SWEEP_SHORT,SHORT,-32,-32
2025-08-12,OR5_HIGH_SHORT,SHORT,78,78
2025-08-12,PD_VAL_SHORT,SHORT,78,78
2025-08-12,PD_IB_HIGH_SHORT,SHORT,78,78
2025-08-12,FLOOR_S1_LONG,LONG,-182,-182
2025-08-12,DAILY_OPEN_LONG,LONG,-182,-182
2025-08-12,PW_HIGH_LONG,LONG,-182,-182
2025-08-12,PD2_VAH_LONG,LONG,-182,-182
2025-08-12,PD_IB_MID_LONG,LONG,78,78
2025-08-12,PD_OR_MID_LONG,LONG,78,78
2025-08-12,OR5_LOW_LONG,LONG,78,78
2025-08-12,3M_VAH_LONG,LONG,78,78
2025-08-12,M1_VAH_LONG,LONG,78,78
2025-08-12,2D_POC_LONG,LONG,78,78
2025-08-12,PD_IB_LOW_LONG,LONG,78,78
2025-08-12,PD2_VAL_LONG,LONG,78,78
2025-08-12,PD_LOW_LONG,LONG,78,78
2025-08-12,IB_HIGH_SHORT,SHORT,-182,-182
2025-08-12,FLOOR_PIVOT_SHORT,SHORT,-182,-182
2025-08-12,PD_POC_SHORT,SHORT,-70,-70
2025-08-12,PD_CLOSE_SHORT,SHORT,-29.5,-29.5
2025-08-12,PD_VAH_SHORT,SHORT,-1.5,-1.5
2025-08-12,PD_HIGH_SHORT,SHORT,-1.5,-1.5
2025-08-12,IB_BEARISH,SHORT,-334.27999999999884,-334.27999999999884
2025-08-12,OPEN_TEST_DRIVE_LONG,LONG,-151.5,-151.5
2025-08-12,TRT_SHORT,SHORT,129,129
2025-08-12,BRACKET_BREAKOUT_LONG,LONG,242.5,242.5
2025-08-12,VWAP_MAGNET_LONG,LONG,58,58
2025-08-12,STOP_SWEEP_LONG,LONG,88,88
2025-08-12,STOP_SWEEP_LONG,LONG,-32,-32
2025-08-13,FLOOR_R1_SHORT,SHORT,78,78
2025-08-13,DAILY_OPEN_SHORT,SHORT,78,78
2025-08-13,OR5_HIGH_LONG,LONG,-182,-182
2025-08-13,PD_HIGH_SHORT,SHORT,78,78
2025-08-13,OR5_LOW_LONG,LONG,-182,-182
2025-08-13,FLOOR_PIVOT_LONG,LONG,-182,-182
2025-08-13,PD_VAH_LONG,LONG,-44.5,-44.5
2025-08-13,PD_CLOSE_LONG,LONG,-31,-31
2025-08-13,PD_POC_LONG,LONG,3,3
2025-08-13,PD_VAL_LONG,LONG,78,78
2025-08-13,PD_LOW_LONG,LONG,78,78
2025-08-13,IB_BEARISH,SHORT,195,195
2025-08-13,VWAP_MAGNET_LONG,LONG,58,58
2025-08-13,STOP_SWEEP_LONG,LONG,-32,-32
2025-08-13,STOP_SWEEP_SHORT,SHORT,-32,-32
2025-08-14,PD_POC_SHORT,SHORT,-182,-182
2025-08-14,PD_VAL_SHORT,SHORT,-182,-182
2025-08-14,PD_CLOSE_SHORT,SHORT,-182,-182
2025-08-14,FLOOR_PIVOT_SHORT,SHORT,-182,-182
2025-08-14,OR5_HIGH_SHORT,SHORT,-182,-182
2025-08-14,3M_VAH_SHORT,SHORT,-182,-182
2025-08-14,M1_VAH_SHORT,SHORT,-182,-182
2025-08-14,2D_POC_SHORT,SHORT,-182,-182
2025-08-14,PD_VAH_SHORT,SHORT,78,78
2025-08-14,PD2_VAH_SHORT,SHORT,78,78
2025-08-14,IB_HIGH_SHORT,SHORT,78,78
2025-08-14,PD_IB_LOW_SHORT,SHORT,78,78
2025-08-14,FLOOR_R1_SHORT,SHORT,78,78
2025-08-14,PD_HIGH_SHORT,SHORT,78,78
2025-08-14,DAILY_OPEN_LONG,LONG,78,78
2025-08-14,IB_BULLISH,LONG,40,40
2025-08-14,OPEN_TEST_DRIVE_LONG,LONG,89.5,89.5
2025-08-14,STOP_SWEEP_LONG,LONG,58,58
2025-08-14,STOP_SWEEP_LONG,LONG,58,58
2025-08-15,PD_OR_MID_SHORT,SHORT,78,78
2025-08-15,OR5_LOW_LONG,LONG,-182,-182
2025-08-15,PD_VAH_LONG,LONG,-182,-182
2025-08-15,PD_IB_LOW_LONG,LONG,-182,-182
2025-08-15,PD_POC_LONG,LONG,78,78
2025-08-15,PD_CLOSE_LONG,LONG,78,78
2025-08-15,FLOOR_PIVOT_LONG,LONG,78,78
2025-08-15,5D_OR_MID_LONG,LONG,78,78
2025-08-15,PD_VAL_LONG,LONG,78,78
2025-08-15,IB_LOW_LONG,LONG,78,78
2025-08-15,PD_LOW_LONG,LONG,78,78
2025-08-15,IB_BEARISH,SHORT,61.5,61.5
2025-08-15,STOP_SWEEP_SHORT,SHORT,-32,-32
2025-08-15,STOP_SWEEP_LONG,LONG,-32,-32
2025-08-18,PD_VAH_SHORT,SHORT,58,58
2025-08-18,PD_CLOSE_SHORT,SHORT,58,58
2025-08-18,OR5_HIGH_SHORT,SHORT,58,58
2025-08-18,2D_POC_SHORT,SHORT,58,58
2025-08-18,PD_IB_LOW_LONG,LONG,58,58
2025-08-18,FLOOR_PIVOT_LONG,LONG,58,58
2025-08-18,OR5_LOW_LONG,LONG,58,58
2025-08-18,DAILY_OPEN_LONG,LONG,58,58
2025-08-18,WEEKLY_OPEN_LONG,LONG,58,58
2025-08-18,PD_POC_LONG,LONG,88,88
2025-08-18,PD_VAL_LONG,LONG,58,58
2025-08-18,FLOOR_S1_LONG,LONG,58,58
2025-08-18,PD_HIGH_SHORT,SHORT,88,88
2025-08-18,IB_LOW_LONG,LONG,58,58
2025-08-18,PD_LOW_LONG,LONG,88,88
2025-08-18,IB_HIGH_SHORT,SHORT,8.5,8.5
2025-08-18,IB_BEARISH,SHORT,-124.41999999999825,-124.41999999999825
2025-08-18,TRT_LONG,LONG,-154.62000000000262,-154.62000000000262
2025-08-18,STOP_SWEEP_LONG,LONG,-32,-32
2025-08-18,STOP_SWEEP_LONG,LONG,-32,-32
2025-08-19,OR5_LOW_LONG,LONG,78,78
2025-08-19,10D_IB_MID_LONG,LONG,78,78
2025-08-19,FLOOR_R1_LONG,LONG,-182,-182
2025-08-19,PD_IB_LOW_SHORT,SHORT,118,118
2025-08-19,PD_VAH_LONG,LONG,-182,-182
2025-08-19,IB_LOW_LONG,LONG,-182,-182
2025-08-19,PW_LOW_LONG,LONG,-182,-182
2025-08-19,FLOOR_PIVOT_LONG,LONG,-182,-182
2025-08-19,PM_VAH_LONG,LONG,-78.5,-78.5
2025-08-19,PD_CLOSE_LONG,LONG,-22,-22
2025-08-19,PD_POC_LONG,LONG,78,78
2025-08-19,PD_VAL_LONG,LONG,57.5,57.5
2025-08-19,PD_LOW_LONG,LONG,57.5,57.5
2025-08-19,IB_BEARISH,SHORT,501.5,501.5
2025-08-19,VWAP_MAGNET_LONG,LONG,-62,-62
2025-08-19,STOP_SWEEP_SHORT,SHORT,-32,-32
2025-08-19,STOP_SWEEP_LONG,LONG,-32,-32
2025-08-20,PD_VAH_LONG,LONG,-182,-182
2025-08-20,OR5_LOW_LONG,LONG,-182,-182
2025-08-20,PD_CLOSE_LONG,LONG,-182,-182
2025-08-20,PD_POC_LONG,LONG,-182,-182
2025-08-20,FLOOR_PIVOT_LONG,LONG,-182,-182
2025-08-20,M1_VAL_LONG,LONG,-182,-182
2025-08-20,PD_VAL_LONG,LONG,-182,-182
2025-08-20,FLOOR_S1_LONG,LONG,78,78
2025-08-20,MONTHLY_OPEN_LONG,LONG,78,78
2025-08-20,PD_LOW_LONG,LONG,78,78
2025-08-20,IB_LOW_SHORT,SHORT,-182,-182
2025-08-20,IB_BEARISH,SHORT,100.5,100.5
2025-08-20,VWAP_MAGNET_LONG,LONG,-62,-62
2025-08-20,STOP_SWEEP_LONG,LONG,-32,-32
2025-08-20,STOP_SWEEP_SHORT,SHORT,-32,-32
2025-08-21,PD_VAH_SHORT,SHORT,78,78
2025-08-21,OR5_HIGH_SHORT,SHORT,78,78
2025-08-21,DAILY_OPEN_SHORT,SHORT,78,78
2025-08-21,2D_POC_SHORT,SHORT,78,78
2025-08-21,PD_IB_MID_SHORT,SHORT,118,118
2025-08-21,PD_POC_LONG,LONG,118,118
2025-08-21,OR5_LOW_LONG,LONG,118,118
2025-08-21,PD_VAL_LONG,LONG,118,118
2025-08-21,M1_VAL_LONG,LONG,118,118
2025-08-21,FLOOR_PIVOT_LONG,LONG,78,78
2025-08-21,PD_CLOSE_SHORT,SHORT,78,78
2025-08-21,FLOOR_R1_SHORT,SHORT,78,78
2025-08-21,PD_HIGH_SHORT,SHORT,118,118
2025-08-21,IB_HIGH_LONG,LONG,-182,-182
2025-08-21,IB_LOW_LONG,LONG,78,78
2025-08-21,PD_IB_LOW_LONG,LONG,78,78
2025-08-21,PD_LOW_LONG,LONG,78,78
2025-08-21,FLOOR_S1_LONG,LONG,78,78
2025-08-21,IB_BEARISH,SHORT,-158.3399999999965,-158.3399999999965
2025-08-21,OPEN_TEST_DRIVE_LONG,LONG,-166.5,-166.5
2025-08-21,VALUE_AREA_RESPONSIVE_SHORT,SHORT,-52,-52
2025-08-21,VALUE_AREA_RESPONSIVE_LONG,LONG,28,28
2025-08-21,TRT_SHORT,SHORT,0.25,0.25
2025-08-21,VWAP_MAGNET_LONG,LONG,38,38
2025-08-21,STOP_SWEEP_LONG,LONG,-32,-32
2025-08-21,STOP_SWEEP_LONG,LONG,-32,-32
2025-08-22,PD_IB_MID_SHORT,SHORT,-182,-182
2025-08-22,PD_OR_MID_SHORT,SHORT,-182,-182
2025-08-22,DAILY_OPEN_SHORT,SHORT,-182,-182
2025-08-22,PD_IB_HIGH_SHORT,SHORT,-182,-182
2025-08-22,OR5_HIGH_SHORT,SHORT,-182,-182
2025-08-22,FLOOR_S1_SHORT,SHORT,78,78
2025-08-22,PD2_VAH_SHORT,SHORT,78,78
2025-08-22,FLOOR_PIVOT_SHORT,SHORT,-182,-182
2025-08-22,PM_VAH_SHORT,SHORT,-182,-182
2025-08-22,PD_VAL_SHORT,SHORT,-182,-182
2025-08-22,PD_CLOSE_SHORT,SHORT,78,78
2025-08-22,5D_OR_MID_SHORT,SHORT,78,78
2025-08-22,PW_LOW_SHORT,SHORT,78,78
2025-08-22,PD_POC_SHORT,SHORT,78,78
2025-08-22,PD_VAH_SHORT,SHORT,118,118
2025-08-22,PD_HIGH_SHORT,SHORT,78,78
2025-08-22,OPEN_TEST_DRIVE_LONG,LONG,699,699
2025-08-22,VWAP_MAGNET_SHORT,SHORT,-62,-62
2025-08-22,STOP_SWEEP_LONG,LONG,-32,-32
2025-08-22,STOP_SWEEP_LONG,LONG,58,58
2025-08-25,PD_CLOSE_LONG,LONG,58,58
2025-08-25,DAILY_OPEN_LONG,LONG,58,58
2025-08-25,WEEKLY_OPEN_LONG,LONG,58,58
2025-08-25,PM_VAH_SHORT,SHORT,58,58
2025-08-25,5D_OR_MID_SHORT,SHORT,58,58
2025-08-25,FLOOR_PIVOT_SHORT,SHORT,88,88
2025-08-25,OR5_HIGH_SHORT,SHORT,88,88
2025-08-25,PD_LOW_LONG,LONG,88,88
2025-08-25,OR5_LOW_LONG,LONG,88,88
2025-08-25,PD_VAL_SHORT,SHORT,-122,-122
2025-08-25,PD_POC_SHORT,SHORT,-122,-122
2025-08-25,IB_HIGH_LONG,LONG,58,58
2025-08-25,FLOOR_R1_SHORT,SHORT,58,58
2025-08-25,PD_VAH_SHORT,SHORT,58,58
2025-08-25,PD_HIGH_SHORT,SHORT,58,58
2025-08-25,IB_BULLISH,LONG,200.5,200.5
2025-08-25,STOP_SWEEP_SHORT,SHORT,-32,-32
2025-08-25,STOP_SWEEP_SHORT,SHORT,-32,-32
2025-08-26,PD_VAL_SHORT,SHORT,78,78
2025-08-26,PD_IB_MID_SHORT,SHORT,78,78
2025-08-26,PM_VAH_SHORT,SHORT,78,78
2025-08-26,5D_OR_MID_SHORT,SHORT,78,78
2025-08-26,PD_OR_MID_LONG,LONG,78,78
2025-08-26,FLOOR_S1_LONG,LONG,78,78
2025-08-26,DAILY_OPEN_LONG,LONG,78,78
2025-08-26,OR5_LOW_LONG,LONG,78,78
2025-08-26,PD_IB_HIGH_SHORT,SHORT,118,118
2025-08-26,OR5_HIGH_SHORT,SHORT,118,118
2025-08-26,PD_IB_LOW_LONG,LONG,78,78
2025-08-26,PD_LOW_LONG,LONG,118,118
2025-08-26,PD2_VAL_SHORT,SHORT,-138.5,-138.5
2025-08-26,FLOOR_PIVOT_SHORT,SHORT,78,78
2025-08-26,PD_POC_SHORT,SHORT,78,78
2025-08-26,PD_VAH_SHORT,SHORT,78,78
2025-08-26,IB_HIGH_LONG,LONG,78,78
2025-08-26,2D_POC_SHORT,SHORT,-53.5,-53.5
2025-08-26,PD_CLOSE_SHORT,SHORT,-30.5,-30.5
2025-08-26,PD_HIGH_SHORT,SHORT,-0.5,-0.5
2025-08-26,STOP_SWEEP_LONG,LONG,-32,-32
2025-08-26,STOP_SWEEP_LONG,LONG,-32,-32
2025-08-27,DAILY_OPEN_SHORT,SHORT,78,78
2025-08-27,2D_POC_SHORT,SHORT,78,78
2025-08-27,PD2_VAL_SHORT,SHORT,78,78
2025-08-27,PD_VAL_SHORT,SHORT,78,78
2025-08-27,OR5_HIGH_SHORT,SHORT,78,78
2025-08-27,PD_IB_HIGH_LONG,LONG,78,78
2025-08-27,FLOOR_S1_LONG,LONG,78,78
2025-08-27,OR5_LOW_LONG,LONG,78,78
2025-08-27,PD_LOW_LONG,LONG,78,78
2025-08-27,PD_OR_MID_LONG,LONG,78,78
2025-08-27,PM_VAH_LONG,LONG,78,78
2025-08-27,FLOOR_PIVOT_SHORT,SHORT,-84.5,-84.5
2025-08-27,PD_POC_SHORT,SHORT,78,78
2025-08-27,10D_IB_MID_SHORT,SHORT,78,78
2025-08-27,PD2_VAH_SHORT,SHORT,78,78
2025-08-27,PD_CLOSE_SHORT,SHORT,78,78
2025-08-27,IB_HIGH_LONG,LONG,78,78
2025-08-27,PD_VAH_SHORT,SHORT,78,78
2025-08-27,PD_HIGH_SHORT,SHORT,78,78
2025-08-27,OPEN_TEST_DRIVE_SHORT,SHORT,-120.67500000000291,-120.67500000000291
2025-08-27,STOP_SWEEP_SHORT,SHORT,-32,-32
2025-08-27,STOP_SWEEP_SHORT,SHORT,-32,-32
2025-08-28,PD_VAL_LONG,LONG,78,78
2025-08-28,FLOOR_PIVOT_LONG,LONG,-182,-182
2025-08-28,OR5_HIGH_SHORT,SHORT,118,118
2025-08-28,FLOOR_S1_LONG,LONG,78,78
2025-08-28,OR5_LOW_LONG,LONG,78,78
2025-08-28,PD_LOW_LONG,LONG,118,118
2025-08-28,PD_IB_HIGH_LONG,LONG,118,118
2025-08-28,10D_IB_MID_LONG,LONG,118,118
2025-08-28,DAILY_OPEN_SHORT,SHORT,-182,-182
2025-08-28,IB_HIGH_SHORT,SHORT,78,78
2025-08-28,PD_CLOSE_SHORT,SHORT,-18.5,-18.5
2025-08-28,PD_POC_SHORT,SHORT,1.5,1.5
2025-08-28,PD_VAH_SHORT,SHORT,34,34
2025-08-28,PD_HIGH_SHORT,SHORT,42,42
2025-08-28,VALUE_AREA_RESPONSIVE_LONG,LONG,-40.5,-40.5
2025-08-28,TRT_LONG,LONG,99,99
2025-08-28,BRACKET_BREAKOUT_LONG,LONG,122,122
2025-08-28,VWAP_MAGNET_LONG,LONG,58,58
2025-08-28,STOP_SWEEP_LONG,LONG,-32,-32
2025-08-28,STOP_SWEEP_LONG,LONG,58,58
2025-08-29,FLOOR_R1_LONG,LONG,-182,-182
2025-08-29,OR5_LOW_LONG,LONG,-182,-182
2025-08-29,PD2_VAH_LONG,LONG,-182,-182
2025-08-29,2D_POC_LONG,LONG,-182,-182
2025-08-29,PD_IB_LOW_LONG,LONG,-182,-182
2025-08-29,PD2_VAL_LONG,LONG,-182,-182
2025-08-29,10D_IB_MID_LONG,LONG,-182,-182
2025-08-29,FLOOR_PIVOT_LONG,LONG,-182,-182
2025-08-29,PD_VAH_LONG,LONG,-182,-182
2025-08-29,PM_VAH_LONG,LONG,-182,-182
2025-08-29,PD_CLOSE_LONG,LONG,-19,-19
2025-08-29,5D_OR_MID_LONG,LONG,-19,-19
2025-08-29,PD_POC_LONG,LONG,78,78
2025-08-29,PD_VAL_LONG,LONG,78,78
2025-08-29,IB_LOW_SHORT,SHORT,78,78
2025-08-29,PD_LOW_LONG,LONG,78,78
2025-08-29,IB_BEARISH,SHORT,230.5,230.5
2025-08-29,OPEN_TEST_DRIVE_SHORT,SHORT,395.5,395.5
2025-08-29,VWAP_MAGNET_LONG,LONG,-62,-62
2025-08-29,STOP_SWEEP_LONG,LONG,-32,-32
2025-08-29,STOP_SWEEP_LONG,LONG,-32,-32
2025-09-01,PD_VAL_SHORT,SHORT,-76.5,-76.5
2025-09-01,FLOOR_S1_SHORT,SHORT,-76.5,-76.5
2025-09-01,OR5_HIGH_SHORT,SHORT,-76.5,-76.5
2025-09-01,DAILY_OPEN_SHORT,SHORT,-76.5,-76.5
2025-09-01,WEEKLY_OPEN_SHORT,SHORT,-76.5,-76.5
2025-09-01,MONTHLY_OPEN_SHORT,SHORT,-76.5,-76.5
2025-09-01,2D_POC_SHORT,SHORT,-76.5,-76.5
2025-09-01,FLOOR_PIVOT_SHORT,SHORT,-66,-66
2025-09-01,PD_POC_SHORT,SHORT,-50.5,-50.5
2025-09-01,PD_VAH_SHORT,SHORT,-31.5,-31.5
2025-09-01,PD_CLOSE_SHORT,SHORT,-31.5,-31.5
2025-09-01,PD_HIGH_SHORT,SHORT,-22,-22
2025-09-01,PD_IB_LOW_SHORT,SHORT,-22,-22
2025-09-01,IB_HIGH_SHORT,SHORT,-35,-35
2025-09-01,10D_IB_MID_SHORT,SHORT,-8.5,-8.5
2025-09-01,IB_BULLISH,LONG,23.5,23.5
2025-09-01,OPEN_TEST_DRIVE_LONG,LONG,44.5,44.5
2025-09-01,STOP_SWEEP_SHORT,SHORT,-32,-32
2025-09-01,STOP_SWEEP_SHORT,SHORT,-32,-32
2025-09-02,PD_VAL_SHORT,SHORT,-182,-182
2025-09-02,FLOOR_S1_SHORT,SHORT,-182,-182
2025-09-02,OR5_HIGH_SHORT,SHORT,-182,-182
2025-09-02,PM_VAL_SHORT,SHORT,-182,-182
2025-09-02,M1_VAL_SHORT,SHORT,-182,-182
2025-09-02,FLOOR_PIVOT_SHORT,SHORT,78,78
2025-09-02,PD_POC_SHORT,SHORT,78,78
2025-09-02,PD_VAH_SHORT,SHORT,78,78
2025-09-02,PD_CLOSE_SHORT,SHORT,78,78
2025-09-02,IB_HIGH_SHORT,SHORT,78,78
2025-09-02,DAILY_OPEN_LONG,LONG,78,78
2025-09-02,PD_LOW_LONG,LONG,78,78
2025-09-02,OR5_LOW_LONG,LONG,78,78
2025-09-02,IB_LOW_LONG,LONG,78,78
2025-09-02,PD_HIGH_SHORT,SHORT,4,4
2025-09-02,IB_BULLISH,LONG,3.25,3.25
2025-09-02,OPEN_TEST_DRIVE_LONG,LONG,277.5,277.5
2025-09-02,VWAP_MAGNET_SHORT,SHORT,-62,-62
2025-09-02,STOP_SWEEP_LONG,LONG,88,88
2025-09-02,STOP_SWEEP_LONG,LONG,88,88
2025-09-03,PW_LOW_LONG,LONG,78,78
2025-09-03,5D_OR_MID_LONG,LONG,78,78
2025-09-03,OR5_LOW_SHORT,SHORT,-182,-182
2025-09-03,PD_VAL_LONG,LONG,78,78
2025-09-03,DAILY_OPEN_SHORT,SHORT,-182,-182
2025-09-03,PD_POC_SHORT,SHORT,-182,-182
2025-09-03,FLOOR_PIVOT_SHORT,SHORT,-182,-182
2025-09-03,OR5_HIGH_SHORT,SHORT,-182,-182
2025-09-03,10D_IB_MID_SHORT,SHORT,-182,-182
2025-09-03,PD_VAH_SHORT,SHORT,78,78
2025-09-03,PD_CLOSE_SHORT,SHORT,78,78
2025-09-03,MONTHLY_OPEN_SHORT,SHORT,78,78
2025-09-03,PD2_VAL_SHORT,SHORT,78,78
2025-09-03,IB_HIGH_LONG,LONG,78,78
2025-09-03,PD2_VAH_SHORT,SHORT,78,78
2025-09-03,PD_HIGH_SHORT,SHORT,78,78
2025-09-03,IB_LOW_LONG,LONG,78,78
2025-09-03,FLOOR_S1_LONG,LONG,78,78
2025-09-03,PD_LOW_LONG,LONG,78,78
2025-09-03,IB_BEARISH,SHORT,-71.08000000000175,-71.08000000000175
2025-09-03,VALUE_AREA_RESPONSIVE_SHORT,SHORT,56.5,56.5
2025-09-03,VALUE_AREA_RESPONSIVE_LONG,LONG,79.5,79.5
2025-09-03,TRT_SHORT,SHORT,0.25,0.25
2025-09-03,VWAP_MAGNET_LONG,LONG,38,38
2025-09-03,STOP_SWEEP_LONG,LONG,58,58
2025-09-03,STOP_SWEEP_LONG,LONG,-32,-32
2025-09-04,PD_POC_SHORT,SHORT,118,118
2025-09-04,OR5_HIGH_SHORT,SHORT,118,118
2025-09-04,FLOOR_S1_LONG,LONG,-182,-182
2025-09-04,DAILY_OPEN_LONG,LONG,78,78
2025-09-04,MONTHLY_OPEN_LONG,LONG,78,78
2025-09-04,OR5_LOW_LONG,LONG,78,78
2025-09-04,10D_IB_MID_LONG,LONG,78,78
2025-09-04,PD_IB_HIGH_LONG,LONG,78,78
2025-09-04,2D_POC_LONG,LONG,78,78
2025-09-04,PD_VAL_LONG,LONG,78,78
2025-09-04,PD_LOW_LONG,LONG,78,78
2025-09-04,PD_OR_MID_LONG,LONG,78,78
2025-09-04,PD_IB_MID_LONG,LONG,78,78
2025-09-04,PW_LOW_LONG,LONG,78,78
2025-09-04,IB_HIGH_SHORT,SHORT,78,78
2025-09-04,PD_VAH_SHORT,SHORT,-182,-182
2025-09-04,FLOOR_PIVOT_SHORT,SHORT,-182,-182
2025-09-04,PD_CLOSE_SHORT,SHORT,-23.5,-23.5
2025-09-04,PD_HIGH_SHORT,SHORT,3,3
2025-09-04,IB_BEARISH,SHORT,96,96
2025-09-04,VALUE_AREA_RESPONSIVE_SHORT,SHORT,38.5,38.5
2025-09-04,VALUE_AREA_RESPONSIVE_LONG,LONG,-54.5,-54.5
2025-09-04,TRT_LONG,LONG,47,47
2025-09-04,VWAP_MAGNET_SHORT,SHORT,-62,-62
2025-09-04,STOP_SWEEP_LONG,LONG,-32,-32
2025-09-04,STOP_SWEEP_LONG,LONG,-32,-32
2025-09-05,OR5_LOW_LONG,LONG,78,78
2025-09-05,DAILY_OPEN_SHORT,SHORT,78,78
2025-09-05,FLOOR_R1_SHORT,SHORT,118,118
2025-09-05,PD_HIGH_SHORT,SHORT,118,118
2025-09-05,OR5_HIGH_SHORT,SHORT,118,118
2025-09-05,PW_HIGH_LONG,LONG,-182,-182
2025-09-05,PD_VAH_LONG,LONG,-182,-182
2025-09-05,PD_CLOSE_LONG,LONG,-182,-182
2025-09-05,FLOOR_PIVOT_LONG,LONG,-182,-182
2025-09-05,PD_POC_LONG,LONG,-182,-182
2025-09-05,PD_VAL_LONG,LONG,78,78
2025-09-05,PD_IB_HIGH_LONG,LONG,78,78
2025-09-05,PD_LOW_LONG,LONG,118,118
2025-09-05,PD_IB_MID_LONG,LONG,118,118
2025-09-05,PD_OR_MID_LONG,LONG,118,118
2025-09-05,IB_BEARISH,SHORT,568,568
2025-09-05,OPEN_TEST_DRIVE_SHORT,SHORT,600.5,600.5
2025-09-05,BRACKET_BREAKOUT_LONG,LONG,-484.3000000000029,-484.3000000000029
2025-09-05,VWAP_MAGNET_LONG,LONG,-62,-62
2025-09-05,STOP_SWEEP_LONG,LONG,-32,-32
2025-09-05,STOP_SWEEP_LONG,LONG,-32,-32
2025-09-08,PD_IB_LOW_SHORT,SHORT,-122,-122
2025-09-08,FLOOR_PIVOT_SHORT,SHORT,-122,-122
2025-09-08,OR5_HIGH_SHORT,SHORT,-122,-122
2025-09-08,PD_POC_SHORT,SHORT,-122,-122
2025-09-08,PD_CLOSE_SHORT,SHORT,-122,-122
2025-09-08,PD_VAH_SHORT,SHORT,58,58
2025-09-08,PD_IB_MID_SHORT,SHORT,58,58
2025-09-08,PD_OR_MID_SHORT,SHORT,58,58
2025-09-08,FLOOR_R1_SHORT,SHORT,58,58
2025-09-08,PD_HIGH_SHORT,SHORT,58,58
2025-09-08,IB_HIGH_SHORT,SHORT,58,58
2025-09-08,PD_VAL_LONG,LONG,12,12
2025-09-08,DAILY_OPEN_LONG,LONG,12,12
2025-09-08,WEEKLY_OPEN_LONG,LONG,12,12
2025-09-08,OR5_LOW_LONG,LONG,58,58
2025-09-08,IB_LOW_LONG,LONG,58,58
2025-09-08,PD_LOW_LONG,LONG,58,58
2025-09-08,IB_BULLISH,LONG,21.5,21.5
2025-09-08,OPEN_TEST_DRIVE_LONG,LONG,70.5,70.5
2025-09-08,VALUE_AREA_RESPONSIVE_SHORT,SHORT,-74.5,-74.5
2025-09-08,VALUE_AREA_RESPONSIVE_LONG,LONG,-23.5,-23.5
2025-09-08,STOP_SWEEP_SHORT,SHORT,-32,-32
2025-09-08,STOP_SWEEP_LONG,LONG,88,88
2025-09-09,PD_POC_SHORT,SHORT,78,78
2025-09-09,PD_IB_MID_SHORT,SHORT,78,78
2025-09-09,FLOOR_PIVOT_SHORT,SHORT,78,78
2025-09-09,OR5_LOW_SHORT,SHORT,78,78
2025-09-09,DAILY_OPEN_SHORT,SHORT,78,78
2025-09-09,PD_VAH_LONG,LONG,-182,-182
2025-09-09,OR5_HIGH_SHORT,SHORT,78,78
2025-09-09,PD_OR_MID_LONG,LONG,78,78
2025-09-09,2D_POC_LONG,LONG,78,78
2025-09-09,PD_VAL_LONG,LONG,78,78
2025-09-09,PD_IB_LOW_LONG,LONG,78,78
2025-09-09,IB_LOW_LONG,LONG,78,78
2025-09-09,FLOOR_S1_LONG,LONG,78,78
2025-09-09,PD_LOW_LONG,LONG,78,78
2025-09-09,IB_HIGH_SHORT,SHORT,-51,-51
2025-09-09,PD_CLOSE_SHORT,SHORT,-32,-32
2025-09-09,PD_IB_HIGH_SHORT,SHORT,-9.5,-9.5
2025-09-09,PD_HIGH_SHORT,SHORT,34,34
2025-09-09,IB_BEARISH,SHORT,2.5,2.5
2025-09-09,VALUE_AREA_RESPONSIVE_SHORT,SHORT,11.5,11.5
2025-09-09,VALUE_AREA_RESPONSIVE_LONG,LONG,107.5,107.5
2025-09-09,STOP_SWEEP_LONG,LONG,-32,-32
2025-09-09,STOP_SWEEP_SHORT,SHORT,58,58
2025-09-10,PD_POC_SHORT,SHORT,78,78
2025-09-10,PM_VAH_SHORT,SHORT,78,78
2025-09-10,M1_VAH_SHORT,SHORT,78,78
2025-09-10,OR5_LOW_SHORT,SHORT,78,78
2025-09-10,3M_VAH_LONG,LONG,78,78
2025-09-10,PW_HIGH_LONG,LONG,78,78
2025-09-10,PD_VAH_SHORT,SHORT,78,78
2025-09-10,FLOOR_R1_SHORT,SHORT,78,78
2025-09-10,DAILY_OPEN_SHORT,SHORT,78,78
2025-09-10,IB_LOW_LONG,LONG,-182,-182
2025-09-10,PD_VAL_LONG,LONG,-182,-182
2025-09-10,FLOOR_PIVOT_LONG,LONG,-182,-182
2025-09-10,PD_CLOSE_LONG,LONG,-182,-182
2025-09-10,PD2_VAH_LONG,LONG,-1,-1
2025-09-10,PD_IB_HIGH_LONG,LONG,24.5,24.5
2025-09-10,PD_OR_MID_LONG,LONG,37,37
2025-09-10,PD_IB_MID_LONG,LONG,78,78
2025-09-10,PD_IB_LOW_LONG,LONG,78,78
2025-09-10,2D_POC_LONG,LONG,78,78
2025-09-10,PD_LOW_LONG,LONG,78,78
2025-09-10,PD2_VAL_LONG,LONG,78,78
2025-09-10,IB_BEARISH,SHORT,117,117
2025-09-10,C_STANDALONE_DOWN,SHORT,81,81
2025-09-10,VALUE_AREA_RESPONSIVE_SHORT,SHORT,151.5,151.5
2025-09-10,BRACKET_BREAKOUT_LONG,LONG,-247.5,-247.5
2025-09-10,VWAP_MAGNET_LONG,LONG,38,38
2025-09-10,STOP_SWEEP_SHORT,SHORT,88,88
2025-09-10,STOP_SWEEP_LONG,LONG,-32,-32
2025-09-11,PD_VAL_LONG,LONG,78,78
2025-09-11,PD_OR_MID_LONG,LONG,78,78
2025-09-11,FLOOR_PIVOT_LONG,LONG,78,78
2025-09-11,OR5_LOW_LONG,LONG,78,78
2025-09-11,DAILY_OPEN_LONG,LONG,78,78
2025-09-11,PD_IB_MID_LONG,LONG,78,78
2025-09-11,PM_VAH_LONG,LONG,78,78
2025-09-11,3M_VAH_LONG,LONG,78,78
2025-09-11,M1_VAH_LONG,LONG,78,78
2025-09-11,FLOOR_S1_LONG,LONG,78,78
2025-09-11,PD_LOW_LONG,LONG,78,78
2025-09-11,PD_IB_LOW_LONG,LONG,78,78
2025-09-11,PW_HIGH_LONG,LONG,78,78
2025-09-11,OR5_HIGH_SHORT,SHORT,-60,-60
2025-09-11,PD_IB_HIGH_SHORT,SHORT,78,78
2025-09-11,PD_CLOSE_SHORT,SHORT,78,78
2025-09-11,IB_HIGH_SHORT,SHORT,-61,-61
2025-09-11,PD_POC_SHORT,SHORT,-2.5,-2.5
2025-09-11,PD_VAH_SHORT,SHORT,30.5,30.5
2025-09-11,PD_HIGH_SHORT,SHORT,40.5,40.5
2025-09-11,OPEN_TEST_DRIVE_SHORT,SHORT,-115.32499999999709,-115.32499999999709
2025-09-11,TRT_LONG,LONG,-102.37999999999738,-102.37999999999738
2025-09-11,BRACKET_BREAKOUT_LONG,LONG,-1.5,-1.5
2025-09-11,STOP_SWEEP_SHORT,SHORT,-32,-32
2025-09-11,STOP_SWEEP_SHORT,SHORT,-32,-32
2025-09-12,FLOOR_S1_LONG,LONG,78,78
2025-09-12,OR5_LOW_LONG,LONG,78,78
2025-09-12,PD_LOW_LONG,LONG,78,78
2025-09-12,PD_IB_HIGH_LONG,LONG,78,78
2025-09-12,DAILY_OPEN_SHORT,SHORT,-182,-182
2025-09-12,OR5_HIGH_SHORT,SHORT,-182,-182
2025-09-12,PD_VAL_SHORT,SHORT,-182,-182
2025-09-12,IB_HIGH_LONG,LONG,78,78
2025-09-12,FLOOR_PIVOT_SHORT,SHORT,-72,-72
2025-09-12,PD_POC_SHORT,SHORT,-39.5,-39.5
2025-09-12,PD_CLOSE_SHORT,SHORT,-30,-30
2025-09-12,PD_VAH_SHORT,SHORT,78,78
2025-09-12,PD_HIGH_SHORT,SHORT,78,78
2025-09-12,OPEN_TEST_DRIVE_SHORT,SHORT,-114.77500000000146,-114.77500000000146
2025-09-12,BRACKET_BREAKOUT_LONG,LONG,114,114
2025-09-12,STOP_SWEEP_SHORT,SHORT,-32,-32
2025-09-12,STOP_SWEEP_SHORT,SHORT,-32,-32
2025-09-15,FLOOR_S1_SHORT,SHORT,-122,-122
2025-09-15,OR5_HIGH_SHORT,SHORT,-122,-122
2025-09-15,PD_VAL_SHORT,SHORT,-122,-122
2025-09-15,PD_POC_SHORT,SHORT,-122,-122
2025-09-15,FLOOR_PIVOT_SHORT,SHORT,-122,-122
2025-09-15,IB_HIGH_SHORT,SHORT,-122,-122
2025-09-15,PD_VAH_SHORT,SHORT,-81.5,-81.5
2025-09-15,PD_HIGH_SHORT,SHORT,-23,-23
2025-09-15,PD_CLOSE_SHORT,SHORT,-23,-23
2025-09-15,IB_BULLISH,LONG,50,50
2025-09-15,BRACKET_BREAKOUT_LONG,LONG,242.5,242.5
2025-09-15,STOP_SWEEP_LONG,LONG,-32,-32
2025-09-15,STOP_SWEEP_LONG,LONG,-32,-32
2025-09-16,FLOOR_R1_LONG,LONG,-89.5,-89.5
2025-09-16,OR5_LOW_LONG,LONG,-89.5,-89.5
2025-09-16,DAILY_OPEN_LONG,LONG,-89.5,-89.5
2025-09-16,PD_VAH_LONG,LONG,-66,-66
2025-09-16,FLOOR_PIVOT_LONG,LONG,-57.5,-57.5
2025-09-16,PD_POC_LONG,LONG,-51,-51
2025-09-16,PD_CLOSE_LONG,LONG,-19.5,-19.5
2025-09-16,PD_VAL_LONG,LONG,-7.5,-7.5
2025-09-16,IB_LOW_LONG,LONG,-2.5,-2.5
2025-09-16,PD_IB_HIGH_LONG,LONG,78,78
2025-09-16,PD_LOW_LONG,LONG,78,78
2025-09-16,IB_BEARISH,SHORT,38.5,38.5
2025-09-16,OPEN_TEST_DRIVE_SHORT,SHORT,75,75
2025-09-16,STOP_SWEEP_LONG,LONG,-32,-32
2025-09-16,STOP_SWEEP_LONG,LONG,-32,-32
2025-09-17,OR5_LOW_LONG,LONG,-182,-182
2025-09-17,PD2_VAL_LONG,LONG,-182,-182
2025-09-17,PD_POC_LONG,LONG,-182,-182
2025-09-17,PD_CLOSE_LONG,LONG,-182,-182
2025-09-17,2D_POC_SHORT,SHORT,78,78
2025-09-17,PD_VAH_SHORT,SHORT,78,78
2025-09-17,PD_IB_LOW_SHORT,SHORT,78,78
2025-09-17,DAILY_OPEN_SHORT,SHORT,78,78
2025-09-17,PD2_VAH_SHORT,SHORT,78,78
2025-09-17,IB_LOW_SHORT,SHORT,78,78
2025-09-17,FLOOR_PIVOT_LONG,LONG,78,78
2025-09-17,PW_HIGH_LONG,LONG,78,78
2025-09-17,PD_VAL_LONG,LONG,78,78
2025-09-17,5D_OR_MID_LONG,LONG,78,78
2025-09-17,FLOOR_S1_LONG,LONG,118,118
2025-09-17,PD_LOW_LONG,LONG,118,118
2025-09-17,OR5_HIGH_SHORT,SHORT,78,78
2025-09-17,IB_HIGH_SHORT,SHORT,78,78
2025-09-17,PD_HIGH_SHORT,SHORT,118,118
2025-09-17,IB_BEARISH,SHORT,167,167
2025-09-17,OPEN_TEST_DRIVE_SHORT,SHORT,206,206
2025-09-17,VWAP_MAGNET_LONG,LONG,-62,-62
2025-09-17,STOP_SWEEP_SHORT,SHORT,88,88
2025-09-17,STOP_SWEEP_SHORT,SHORT,58,58
2025-09-18,PD_VAL_SHORT,SHORT,78,78
2025-09-18,PD_CLOSE_SHORT,SHORT,78,78
2025-09-18,FLOOR_PIVOT_SHORT,SHORT,78,78
2025-09-18,OR5_HIGH_SHORT,SHORT,78,78
2025-09-18,DAILY_OPEN_LONG,LONG,78,78
2025-09-18,OR5_LOW_LONG,LONG,78,78
2025-09-18,PD_LOW_LONG,LONG,118,118
2025-09-18,PD_POC_SHORT,SHORT,-182,-182
2025-09-18,PD_VAH_SHORT,SHORT,78,78
2025-09-18,PD_HIGH_SHORT,SHORT,78,78
2025-09-18,FLOOR_R1_SHORT,SHORT,78,78
2025-09-18,IB_HIGH_LONG,LONG,-60,-60
2025-09-18,IB_BULLISH,LONG,184.5,184.5
2025-09-18,OPEN_TEST_DRIVE_SHORT,SHORT,-181.3249999999971,-181.3249999999971
2025-09-18,VWAP_MAGNET_SHORT,SHORT,-62,-62
2025-09-18,STOP_SWEEP_SHORT,SHORT,-32,-32
2025-09-18,STOP_SWEEP_SHORT,SHORT,-32,-32
2025-09-30,PD_POC_LONG,LONG,78,78
2025-09-30,PD_VAL_LONG,LONG,78,78
2025-09-30,OR5_LOW_LONG,LONG,78,78
2025-09-30,FLOOR_S1_SHORT,SHORT,78,78
2025-09-30,OR5_HIGH_SHORT,SHORT,118,118
2025-09-30,DAILY_OPEN_SHORT,SHORT,118,118
2025-09-30,PD_LOW_LONG,LONG,118,118
2025-09-30,IB_HIGH_SHORT,SHORT,118,118
2025-09-30,PD_VAH_SHORT,SHORT,78,78
2025-09-30,FLOOR_PIVOT_SHORT,SHORT,78,78
2025-09-30,IB_LOW_LONG,LONG,78,78
2025-09-30,PD_HIGH_SHORT,SHORT,-2,-2
2025-09-30,PD_CLOSE_SHORT,SHORT,-2,-2
2025-09-30,VALUE_AREA_RESPONSIVE_SHORT,SHORT,-77.5,-77.5
2025-09-30,VALUE_AREA_RESPONSIVE_LONG,LONG,29,29
2025-09-30,TRT_LONG,LONG,37.5,37.5
2025-09-30,VWAP_MAGNET_SHORT,SHORT,-2,-2
2025-09-30,STOP_SWEEP_SHORT,SHORT,-32,-32
2025-09-30,STOP_SWEEP_SHORT,SHORT,-32,-32
2025-10-01,FLOOR_S1_SHORT,SHORT,118,118
2025-10-01,OR5_HIGH_SHORT,SHORT,118,118
2025-10-01,PD_IB_HIGH_SHORT,SHORT,118,118
2025-10-01,PD_IB_MID_LONG,LONG,78,78
2025-10-01,PD_OR_MID_LONG,LONG,78,78
2025-10-01,PD_LOW_LONG,LONG,118,118
2025-10-01,OR5_LOW_LONG,LONG,118,118
2025-10-01,DAILY_OPEN_LONG,LONG,118,118
2025-10-01,MONTHLY_OPEN_LONG,LONG,118,118
2025-10-01,PD_VAL_SHORT,SHORT,-182,-182
2025-10-01,PD_POC_SHORT,SHORT,-182,-182
2025-10-01,FLOOR_PIVOT_SHORT,SHORT,-182,-182
2025-10-01,PD_CLOSE_SHORT,SHORT,-16,-16
2025-10-01,PD_VAH_SHORT,SHORT,5,5
2025-10-01,PD_HIGH_SHORT,SHORT,5,5
2025-10-01,IB_BEARISH,SHORT,-130.3000000000029,-130.3000000000029
2025-10-01,VWAP_MAGNET_SHORT,SHORT,-62,-62
2025-10-01,STOP_SWEEP_LONG,LONG,-32,-32
2025-10-01,STOP_SWEEP_LONG,LONG,-32,-32
2025-10-02,PD_CLOSE_LONG,LONG,-182,-182
2025-10-02,OR5_LOW_LONG,LONG,-182,-182
2025-10-02,PD_VAH_LONG,LONG,-182,-182
2025-10-02,FLOOR_PIVOT_LONG,LONG,-182,-182
2025-10-02,PD_POC_LONG,LONG,78,78
2025-10-02,FLOOR_S1_LONG,LONG,78,78
2025-10-02,IB_LOW_LONG,LONG,78,78
2025-10-02,PD_VAL_LONG,LONG,118,198
2025-10-02,PD_LOW_LONG,LONG,118,198
2025-10-02,IB_BEARISH,SHORT,116.5,116.5
2025-10-02,STOP_SWEEP_SHORT,SHORT,88,88
2025-10-02,STOP_SWEEP_SHORT,SHORT,-32,-32
2025-10-03,PD_VAH_LONG,LONG,78,78
2025-10-03,PD_OR_MID_LONG,LONG,78,78
2025-10-03,FLOOR_R1_LONG,LONG,78,78
2025-10-03,OR5_LOW_LONG,LONG,78,78
2025-10-03,DAILY_OPEN_LONG,LONG,78,78
2025-10-03,PD_IB_HIGH_LONG,LONG,-182,-182
2025-10-03,OR5_HIGH_LONG,LONG,-182,-182
2025-10-03,PD_HIGH_SHORT,SHORT,118,118
2025-10-03,PD_IB_MID_LONG,LONG,78,78
2025-10-03,IB_LOW_SHORT,SHORT,78,78
2025-10-03,IB_HIGH_SHORT,SHORT,78,78
2025-10-03,FLOOR_PIVOT_LONG,LONG,78,78
2025-10-03,2D_POC_LONG,LONG,78,78
2025-10-03,PD2_VAH_LONG,LONG,78,78
2025-10-03,PD_IB_LOW_LONG,LONG,78,78
2025-10-03,PD_POC_LONG,LONG,-182,-182
2025-10-03,PD_VAL_LONG,LONG,-182,-182
2025-10-03,PD_CLOSE_LONG,LONG,-8.5,-8.5
2025-10-03,PD_LOW_LONG,LONG,118,118
2025-10-03,IB_BEARISH,SHORT,174.5,174.5
2025-10-03,OPEN_TEST_DRIVE_SHORT,SHORT,-77.22499999999854,-77.22499999999854
2025-10-03,OPEN_TEST_DRIVE_LONG,LONG,-67,-67
2025-10-03,TRT_LONG,LONG,-72.37999999999738,-72.37999999999738
2025-10-03,VWAP_MAGNET_LONG,LONG,-62,-62
2025-10-03,STOP_SWEEP_SHORT,SHORT,-32,-32
2025-10-03,STOP_SWEEP_SHORT,SHORT,-32,-32
2025-10-06,PD_CLOSE_LONG,LONG,-122,-122
2025-10-06,FLOOR_PIVOT_LONG,LONG,-122,-122
2025-10-06,OR5_HIGH_LONG,LONG,-122,-122
2025-10-06,DAILY_OPEN_LONG,LONG,-122,-122
2025-10-06,WEEKLY_OPEN_LONG,LONG,-122,-122
2025-10-06,PD_POC_LONG,LONG,58,58
2025-10-06,PD_VAL_LONG,LONG,58,58
2025-10-06,PD_IB_HIGH_LONG,LONG,58,58
2025-10-06,PD_OR_MID_LONG,LONG,58,58
2025-10-06,OR5_LOW_LONG,LONG,58,58
2025-10-06,PW_HIGH_LONG,LONG,58,58
2025-10-06,PD_LOW_LONG,LONG,88,88
2025-10-06,PD_IB_MID_LONG,LONG,88,88
2025-10-06,FLOOR_S1_LONG,LONG,88,88
2025-10-06,IB_LOW_LONG,LONG,58,58
2025-10-06,IB_HIGH_SHORT,SHORT,-122,-122
2025-10-06,PD_VAH_SHORT,SHORT,58,58
2025-10-06,PD_HIGH_SHORT,SHORT,58,58
2025-10-06,FLOOR_R1_SHORT,SHORT,58,58
2025-10-06,IB_BEARISH,SHORT,-84.94000000000233,-84.94000000000233
2025-10-06,VALUE_AREA_RESPONSIVE_SHORT,SHORT,-69.5,-69.5
2025-10-06,VALUE_AREA_RESPONSIVE_LONG,LONG,-46,-46
2025-10-06,TRT_LONG,LONG,56.5,56.5
2025-10-06,STOP_SWEEP_LONG,LONG,-32,-32
2025-10-06,STOP_SWEEP_SHORT,SHORT,58,58
2025-10-07,OR5_HIGH_SHORT,SHORT,78,78
2025-10-07,DAILY_OPEN_SHORT,SHORT,78,78
2025-10-07,PD_HIGH_SHORT,SHORT,78,78
2025-10-07,OR5_LOW_LONG,LONG,-182,-182
2025-10-07,IB_LOW_LONG,LONG,-182,-182
2025-10-07,PD_IB_HIGH_LONG,LONG,-182,-182
2025-10-07,FLOOR_R1_LONG,LONG,-182,-182
2025-10-07,PD_OR_MID_LONG,LONG,-182,-182
2025-10-07,PW_HIGH_LONG,LONG,-182,-182
2025-10-07,PD_IB_MID_LONG,LONG,-182,-182
2025-10-07,2D_POC_LONG,LONG,-182,-182
2025-10-07,PD2_VAH_LONG,LONG,-182,-182
2025-10-07,PD_VAH_LONG,LONG,-182,-182
2025-10-07,PD_IB_LOW_LONG,LONG,-182,-182
2025-10-07,FLOOR_PIVOT_LONG,LONG,-182,-182
2025-10-07,PD_CLOSE_LONG,LONG,78,78
2025-10-07,PD_POC_LONG,LONG,78,78
2025-10-07,PD2_VAL_LONG,LONG,78,78
2025-10-07,PD_VAL_LONG,LONG,118,50
2025-10-07,PD_LOW_LONG,LONG,118,50
2025-10-07,IB_BULLISH,LONG,-61,-61
2025-10-07,TRT_SHORT,SHORT,450,450
2025-10-07,VWAP_MAGNET_LONG,LONG,-62,-62
2025-10-07,STOP_SWEEP_LONG,LONG,-32,-32
2025-10-07,STOP_SWEEP_SHORT,SHORT,58,58
2025-10-08,OR5_HIGH_SHORT,SHORT,-182,-182
2025-10-08,PD2_VAL_SHORT,SHORT,-182,-182
2025-10-08,FLOOR_S1_SHORT,SHORT,-182,-182
2025-10-08,PW_HIGH_SHORT,SHORT,-182,-182
2025-10-08,PD_VAL_SHORT,SHORT,-182,-182
2025-10-08,PD_IB_LOW_SHORT,SHORT,-182,-182
2025-10-08,2D_POC_SHORT,SHORT,-182,-182
2025-10-08,PD_OR_MID_SHORT,SHORT,-182,-182
2025-10-08,PD2_VAH_SHORT,SHORT,-182,-182
2025-10-08,IB_HIGH_LONG,LONG,78,78
2025-10-08,PD_IB_MID_SHORT,SHORT,-182,-182
2025-10-08,PD_IB_HIGH_SHORT,SHORT,-162,-162
2025-10-08,FLOOR_PIVOT_SHORT,SHORT,-162,-162
2025-10-08,PD_POC_SHORT,SHORT,-142.5,-142.5
2025-10-08,PD_CLOSE_SHORT,SHORT,-31,-31
2025-10-08,PD_VAH_SHORT,SHORT,-17.5,-17.5
2025-10-08,PD_HIGH_SHORT,SHORT,-17.5,-17.5
2025-10-08,IB_BULLISH,LONG,291.5,291.5
2025-10-08,VWAP_MAGNET_SHORT,SHORT,-44,-44
2025-10-08,STOP_SWEEP_LONG,LONG,-32,-32
2025-10-08,STOP_SWEEP_LONG,LONG,88,88
2025-10-10,PD_HIGH_SHORT,SHORT,78,78
2025-10-10,OR5_HIGH_SHORT,SHORT,78,78
2025-10-10,OR5_LOW_LONG,LONG,-182,-182
2025-10-10,DAILY_OPEN_LONG,LONG,-182,-182
2025-10-10,PD_IB_HIGH_LONG,LONG,-182,-182
2025-10-10,2D_POC_LONG,LONG,-182,-182
2025-10-10,PD_IB_LOW_LONG,LONG,-182,-182
2025-10-10,FLOOR_R1_LONG,LONG,-182,-182
2025-10-10,PD2_VAL_LONG,LONG,118,118
2025-10-10,PD_VAH_LONG,LONG,-182,-182
2025-10-10,MONTHLY_OPEN_LONG,LONG,-182,-182
2025-10-10,10D_IB_MID_LONG,LONG,-182,-182
2025-10-10,FLOOR_PIVOT_LONG,LONG,78,78
2025-10-10,PW_LOW_LONG,LONG,78,78
2025-10-10,PD_POC_LONG,LONG,-182,-182
2025-10-10,PD_VAL_LONG,LONG,3.5,3.5
2025-10-10,PD_LOW_LONG,LONG,3.5,3.5
2025-10-10,PD_CLOSE_LONG,LONG,3.5,3.5
2025-10-10,TRT_SHORT,SHORT,1786.5,1786.5
2025-10-10,VWAP_MAGNET_LONG,LONG,-62,-62
2025-10-10,STOP_SWEEP_LONG,LONG,58,58
2025-10-10,STOP_SWEEP_SHORT,SHORT,88,88
2025-10-13,PD_LOW_LONG,LONG,58,58
2025-10-13,MONTHLY_OPEN_LONG,LONG,58,58
2025-10-13,PD_VAL_SHORT,SHORT,-122,-122
2025-10-13,DAILY_OPEN_SHORT,SHORT,-122,-122
2025-10-13,WEEKLY_OPEN_SHORT,SHORT,-122,-122
2025-10-13,FLOOR_S1_SHORT,SHORT,-122,-122
2025-10-13,OR5_LOW_SHORT,SHORT,-122,-122
2025-10-13,2D_POC_SHORT,SHORT,-122,-122
2025-10-13,OR5_HIGH_SHORT,SHORT,-122,-122
2025-10-13,FLOOR_PIVOT_SHORT,SHORT,58,58
2025-10-13,PD_POC_SHORT,SHORT,58,58
2025-10-13,10D_IB_MID_SHORT,SHORT,58,58
2025-10-13,IB_LOW_LONG,LONG,88,88
2025-10-13,IB_HIGH_SHORT,SHORT,-122,-122
2025-10-13,PD_CLOSE_SHORT,SHORT,58,58
2025-10-13,PD_VAH_SHORT,SHORT,88,88
2025-10-13,PD_HIGH_SHORT,SHORT,88,88
2025-10-13,OPEN_TEST_DRIVE_SHORT,SHORT,-234.8000000000029,-234.8000000000029
2025-10-13,VALUE_AREA_RESPONSIVE_LONG,LONG,-21,-21
2025-10-13,TRT_LONG,LONG,-166,-166
2025-10-13,STOP_SWEEP_SHORT,SHORT,88,88
2025-10-13,STOP_SWEEP_SHORT,SHORT,88,88
2025-10-15,OR5_HIGH_SHORT,SHORT,118,118
2025-10-15,DAILY_OPEN_SHORT,SHORT,118,118
2025-10-15,10D_IB_MID_SHORT,SHORT,118,118
2025-10-15,OR5_LOW_LONG,LONG,78,78
2025-10-15,PD_VAL_LONG,LONG,118,118
2025-10-15,PD_CLOSE_LONG,LONG,118,118
2025-10-15,FLOOR_PIVOT_LONG,LONG,118,118
2025-10-15,PD2_VAH_LONG,LONG,118,118
2025-10-15,PD_POC_SHORT,SHORT,78,78
2025-10-15,PD_VAH_SHORT,SHORT,78,78
2025-10-15,PD_HIGH_SHORT,SHORT,78,78
2025-10-15,5D_OR_MID_LONG,LONG,-182,-182
2025-10-15,IB_HIGH_LONG,LONG,-182,-182
2025-10-15,PD_IB_HIGH_LONG,LONG,118,118
2025-10-15,IB_LOW_LONG,LONG,118,118
2025-10-15,2D_POC_LONG,LONG,-182,-182
2025-10-15,PD_OR_MID_LONG,LONG,-182,-182
2025-10-15,PD_IB_MID_LONG,LONG,-182,-182
2025-10-15,PD_IB_LOW_LONG,LONG,78,78
2025-10-15,MONTHLY_OPEN_LONG,LONG,78,78
2025-10-15,PD_LOW_LONG,LONG,118,438
2025-10-15,FLOOR_S1_LONG,LONG,118,438
2025-10-15,VALUE_AREA_RESPONSIVE_SHORT,SHORT,406,406
2025-10-15,VALUE_AREA_RESPONSIVE_LONG,LONG,385,385
2025-10-15,TRT_LONG,LONG,208.5,208.5
2025-10-15,VWAP_MAGNET_LONG,LONG,-62,-62
2025-10-15,STOP_SWEEP_SHORT,SHORT,-32,-32
2025-10-15,STOP_SWEEP_SHORT,SHORT,-32,-32
2025-10-16,PD_POC_SHORT,SHORT,78,78
2025-10-16,5D_OR_MID_SHORT,SHORT,78,78
2025-10-16,OR5_LOW_LONG,LONG,78,78
2025-10-16,DAILY_OPEN_LONG,LONG,78,78
2025-10-16,10D_IB_MID_LONG,LONG,78,78
2025-10-16,OR5_HIGH_SHORT,SHORT,78,78
2025-10-16,PD_VAH_SHORT,SHORT,118,118
2025-10-16,FLOOR_R1_SHORT,SHORT,118,118
2025-10-16,PD_IB_HIGH_LONG,LONG,118,118
2025-10-16,IB_HIGH_SHORT,SHORT,78,78
2025-10-16,PD_HIGH_SHORT,SHORT,78,78
2025-10-16,IB_LOW_LONG,LONG,-182,-182
2025-10-16,PD_OR_MID_LONG,LONG,-182,-182
2025-10-16,PD2_VAH_LONG,LONG,-182,-182
2025-10-16,PD_IB_MID_LONG,LONG,-182,-182
2025-10-16,PD_IB_LOW_LONG,LONG,-182,-182
2025-10-16,2D_POC_LONG,LONG,-182,-182
2025-10-16,FLOOR_PIVOT_LONG,LONG,-182,-182
2025-10-16,PD_CLOSE_LONG,LONG,78,78
2025-10-16,PD2_VAL_LONG,LONG,78,78
2025-10-16,PD_VAL_LONG,LONG,118,358
2025-10-16,MONTHLY_OPEN_LONG,LONG,118,358
2025-10-16,PD_LOW_LONG,LONG,118,358
2025-10-16,IB_BEARISH,SHORT,-140.04000000000087,-140.04000000000087
2025-10-16,OPEN_TEST_DRIVE_SHORT,SHORT,-137.6999999999971,-137.6999999999971
2025-10-16,VALUE_AREA_RESPONSIVE_SHORT,SHORT,140.5,140.5
2025-10-16,TRT_LONG,LONG,-185,-185
2025-10-16,VWAP_MAGNET_LONG,LONG,-62,-62
2025-10-16,STOP_SWEEP_SHORT,SHORT,-32,-32
2025-10-16,STOP_SWEEP_SHORT,SHORT,-32,-32
2025-10-20,M1_VAH_LONG,LONG,88,88
2025-10-20,PD_VAL_SHORT,SHORT,-122,-122
2025-10-20,FLOOR_PIVOT_SHORT,SHORT,-122,-122
2025-10-20,PD_POC_SHORT,SHORT,-13.5,-13.5
2025-10-20,PD_CLOSE_SHORT,SHORT,-13.5,-13.5
2025-10-20,PD_VAH_SHORT,SHORT,58,58
2025-10-20,PD_HIGH_SHORT,SHORT,58,58
2025-10-20,IB_BULLISH,LONG,246,246
2025-10-20,STOP_SWEEP_LONG,LONG,58,58
2025-10-20,STOP_SWEEP_LONG,LONG,58,58
2025-10-23,5D_OR_MID_SHORT,SHORT,-182,-182
2025-10-23,FLOOR_S1_SHORT,SHORT,-182,-182
2025-10-23,10D_IB_MID_SHORT,SHORT,-182,-182
2025-10-23,PD2_VAH_SHORT,SHORT,-182,-182
2025-10-23,PD_VAL_SHORT,SHORT,78,78
2025-10-23,PD_IB_LOW_SHORT,SHORT,78,78
2025-10-23,PD_OR_MID_SHORT,SHORT,78,78
2025-10-23,PW_HIGH_SHORT,SHORT,78,78
2025-10-23,PD_IB_MID_SHORT,SHORT,78,78
2025-10-23,FLOOR_PIVOT_SHORT,SHORT,78,78
2025-10-23,IB_HIGH_SHORT,SHORT,78,78
2025-10-23,M1_VAH_SHORT,SHORT,78,78
2025-10-23,PD_IB_HIGH_SHORT,SHORT,-62.5,-62.5
2025-10-23,PD_CLOSE_SHORT,SHORT,-25,-25
2025-10-23,PD_POC_SHORT,SHORT,42,42
2025-10-23,PD_VAH_SHORT,SHORT,42,42
2025-10-23,PD_HIGH_SHORT,SHORT,42,42
2025-10-23,IB_BULLISH,LONG,278,278
2025-10-23,STOP_SWEEP_LONG,LONG,88,88
2025-10-23,STOP_SWEEP_LONG,LONG,58,58
2025-10-27,PD_LOW_LONG,LONG,58,58
2025-10-27,OR5_LOW_LONG,LONG,58,58
2025-10-27,OR5_HIGH_SHORT,SHORT,-122,-122
2025-10-27,DAILY_OPEN_SHORT,SHORT,-122,-122
2025-10-27,WEEKLY_OPEN_SHORT,SHORT,-122,-122
2025-10-27,FLOOR_S1_SHORT,SHORT,58,58
2025-10-27,PD_VAL_SHORT,SHORT,58,58
2025-10-27,IB_HIGH_SHORT,SHORT,-122,-122
2025-10-27,PD_POC_SHORT,SHORT,-122,-122
2025-10-27,FLOOR_PIVOT_SHORT,SHORT,-122,-122
2025-10-27,PD_VAH_SHORT,SHORT,-28.5,-28.5
2025-10-27,PD_CLOSE_SHORT,SHORT,-28.5,-28.5
2025-10-27,PD_HIGH_SHORT,SHORT,-19,-19
2025-10-27,IB_BULLISH,LONG,222,222
2025-10-27,TRT_SHORT,SHORT,-99,-99
2025-10-27,STOP_SWEEP_LONG,LONG,-32,-32
2025-10-27,STOP_SWEEP_LONG,LONG,-32,-32
2025-10-28,PD_POC_SHORT,SHORT,118,118
2025-10-28,PD_VAL_SHORT,SHORT,118,118
2025-10-28,OR5_HIGH_SHORT,SHORT,118,118
2025-10-28,OR5_LOW_SHORT,SHORT,118,118
2025-10-28,DAILY_OPEN_SHORT,SHORT,118,118
2025-10-28,FLOOR_S1_LONG,LONG,78,78
2025-10-28,IB_LOW_LONG,LONG,78,78
2025-10-28,PD_LOW_LONG,LONG,78,78
2025-10-28,IB_HIGH_SHORT,SHORT,-182,-182
2025-10-28,FLOOR_PIVOT_SHORT,SHORT,-182,-182
2025-10-28,PD_CLOSE_SHORT,SHORT,-24,-24
2025-10-28,PD_VAH_SHORT,SHORT,78,78
2025-10-28,PD_HIGH_SHORT,SHORT,78,78
2025-10-28,IB_BULLISH,LONG,-65,-65
2025-10-28,OPEN_TEST_DRIVE_SHORT,SHORT,-0.5,-0.5
2025-10-28,VALUE_AREA_RESPONSIVE_LONG,LONG,43,43
2025-10-28,STOP_SWEEP_SHORT,SHORT,58,58
2025-10-28,STOP_SWEEP_SHORT,SHORT,-32,-32
2025-10-30,PD_VAL_LONG,LONG,78,78
2025-10-30,FLOOR_PIVOT_LONG,LONG,78,78
2025-10-30,PD2_VAH_LONG,LONG,78,78
2025-10-30,PD_POC_SHORT,SHORT,-182,-182
2025-10-30,PD_IB_LOW_SHORT,SHORT,-182,-182
2025-10-30,PD_IB_HIGH_SHORT,SHORT,-182,-182
2025-10-30,PD_OR_MID_SHORT,SHORT,-182,-182
2025-10-30,FLOOR_R1_SHORT,SHORT,-182,-182
2025-10-30,OR5_HIGH_SHORT,SHORT,-182,-182
2025-10-30,DAILY_OPEN_SHORT,SHORT,-182,-182
2025-10-30,PD_VAH_SHORT,SHORT,118,118
2025-10-30,PD_HIGH_SHORT,SHORT,118,118
2025-10-30,OR5_LOW_LONG,LONG,-182,-182
2025-10-30,PD_IB_MID_LONG,LONG,78,78
2025-10-30,IB_LOW_LONG,LONG,78,78
2025-10-30,M1_VAH_LONG,LONG,-98,-98
2025-10-30,2D_POC_LONG,LONG,-98,-98
2025-10-30,PD_LOW_LONG,LONG,-20.5,-20.5
2025-10-30,PD_CLOSE_LONG,LONG,-20.5,-20.5
2025-10-30,PD2_VAL_LONG,LONG,-20.5,-20.5
2025-10-30,IB_BULLISH,LONG,-440.5,-440.5
2025-10-30,VALUE_AREA_RESPONSIVE_SHORT,SHORT,273.5,273.5
2025-10-30,VALUE_AREA_RESPONSIVE_LONG,LONG,-18.5,-18.5
2025-10-30,TRT_LONG,LONG,147,147
2025-10-30,STOP_SWEEP_SHORT,SHORT,88,88
2025-10-30,STOP_SWEEP_SHORT,SHORT,88,88
2025-10-31,OR5_LOW_LONG,LONG,-182,-182
2025-10-31,PD_IB_HIGH_LONG,LONG,-182,-182
2025-10-31,PD_VAH_LONG,LONG,78,78
2025-10-31,PD_POC_LONG,LONG,78,78
2025-10-31,PD_OR_MID_LONG,LONG,78,78
2025-10-31,M1_VAH_LONG,LONG,118,118
2025-10-31,PD2_VAL_LONG,LONG,118,118
2025-10-31,FLOOR_R1_SHORT,SHORT,78,78
2025-10-31,IB_LOW_LONG,LONG,118,118
2025-10-31,PD_IB_MID_LONG,LONG,-182,-182
2025-10-31,PD_CLOSE_LONG,LONG,-182,-182
2025-10-31,FLOOR_PIVOT_LONG,LONG,-182,-182
2025-10-31,2D_POC_LONG,LONG,-182,-182
2025-10-31,PD_VAL_LONG,LONG,78,78
2025-10-31,PD_IB_LOW_LONG,LONG,78,78
2025-10-31,PD_LOW_LONG,LONG,78,78
2025-10-31,FLOOR_S1_LONG,LONG,78,78
2025-10-31,IB_BEARISH,SHORT,252.5,252.5
2025-10-31,VWAP_MAGNET_LONG,LONG,58,98
2025-10-31,STOP_SWEEP_SHORT,SHORT,88,88
2025-10-31,STOP_SWEEP_SHORT,SHORT,58,58
2025-11-03,PD_IB_HIGH_LONG,LONG,-122,-122
2025-11-03,PD_OR_MID_LONG,LONG,-122,-122
2025-11-03,PD2_VAH_LONG,LONG,-122,-122
2025-11-03,PD_IB_MID_LONG,LONG,-122,-122
2025-11-03,PD_VAH_LONG,LONG,-122,-122
2025-11-03,FLOOR_PIVOT_LONG,LONG,-122,-122
2025-11-03,PD_POC_LONG,LONG,-122,-122
2025-11-03,M1_VAH_LONG,LONG,-122,-122
2025-11-03,PD_CLOSE_LONG,LONG,-122,-122
2025-11-03,PD_IB_LOW_LONG,LONG,-122,-122
2025-11-03,PM_VAH_LONG,LONG,-122,-122
2025-11-03,2D_POC_LONG,LONG,-122,-122
2025-11-03,PD_VAL_LONG,LONG,88,88
2025-11-03,PD_LOW_LONG,LONG,88,88
2025-11-03,IB_LOW_SHORT,SHORT,58,58
2025-11-03,IB_BEARISH,SHORT,202,202
2025-11-03,OPEN_TEST_DRIVE_SHORT,SHORT,388.5,388.5
2025-11-03,STOP_SWEEP_SHORT,SHORT,88,88
2025-11-03,STOP_SWEEP_SHORT,SHORT,88,88
2025-11-04,FLOOR_PIVOT_LONG,LONG,118,118
2025-11-04,OR5_LOW_LONG,LONG,118,118
2025-11-04,DAILY_OPEN_SHORT,SHORT,-182,-182
2025-11-04,OR5_HIGH_SHORT,SHORT,-182,-182
2025-11-04,PD_VAH_SHORT,SHORT,-182,-182
2025-11-04,PW_LOW_SHORT,SHORT,78,78
2025-11-04,PD_HIGH_SHORT,SHORT,118,118
2025-11-04,IB_HIGH_LONG,LONG,-182,-182
2025-11-04,FLOOR_R1_LONG,LONG,-182,-182
2025-11-04,IB_LOW_LONG,LONG,118,118
2025-11-04,PD_POC_LONG,LONG,78,78
2025-11-04,PD_CLOSE_LONG,LONG,78,78
2025-11-04,PD_VAL_LONG,LONG,32.5,32.5
2025-11-04,PD_LOW_LONG,LONG,32.5,32.5
2025-11-04,10D_IB_MID_LONG,LONG,62,62
2025-11-04,IB_BULLISH,LONG,-443,-443
2025-11-04,OPEN_TEST_DRIVE_LONG,LONG,81.25,81.25
2025-11-04,VALUE_AREA_RESPONSIVE_SHORT,SHORT,-52,-52
2025-11-04,BRACKET_BREAKOUT_SHORT,SHORT,-185,-185
2025-11-04,VWAP_MAGNET_LONG,LONG,58,58
2025-11-04,STOP_SWEEP_SHORT,SHORT,-32,-32
2025-11-04,STOP_SWEEP_LONG,LONG,88,88
2025-11-06,OR5_HIGH_SHORT,SHORT,78,78
2025-11-06,OR5_LOW_SHORT,SHORT,78,78
2025-11-06,DAILY_OPEN_SHORT,SHORT,78,78
2025-11-06,10D_IB_MID_SHORT,SHORT,78,78
2025-11-06,PD_HIGH_SHORT,SHORT,118,118
2025-11-06,PD_IB_LOW_SHORT,SHORT,118,118
2025-11-06,FLOOR_R1_LONG,LONG,-182,-182
2025-11-06,PD_VAH_LONG,LONG,78,78
2025-11-06,FLOOR_PIVOT_LONG,LONG,-182,-182
2025-11-06,PD_POC_LONG,LONG,78,78
2025-11-06,PD_CLOSE_LONG,LONG,78,78
2025-11-06,PD_VAL_LONG,LONG,78,78
2025-11-06,PD_LOW_LONG,LONG,78,78
2025-11-06,IB_BEARISH,SHORT,498,498
2025-11-06,OPEN_TEST_DRIVE_SHORT,SHORT,807.5,807.5
2025-11-06,OPEN_TEST_DRIVE_LONG,LONG,-154,-154
2025-11-06,TRT_LONG,LONG,-82.5,-82.5
2025-11-06,BRACKET_BREAKOUT_SHORT,SHORT,575.5,575.5
2025-11-06,VWAP_MAGNET_LONG,LONG,-62,-62
2025-11-06,STOP_SWEEP_LONG,LONG,-32,-32
2025-11-06,STOP_SWEEP_LONG,LONG,-32,-32
2025-11-07,PD_VAH_SHORT,SHORT,118,118
2025-11-07,FLOOR_PIVOT_SHORT,SHORT,118,118
2025-11-07,PD_POC_LONG,LONG,118,118
2025-11-07,OR5_LOW_SHORT,SHORT,118,118
2025-11-07,IB_LOW_LONG,LONG,-182,-182
2025-11-07,FLOOR_S1_LONG,LONG,-182,-182
2025-11-07,PM_VAL_LONG,LONG,78,78
2025-11-07,PD_VAL_LONG,LONG,78,78
2025-11-07,PD_LOW_LONG,LONG,78,78
2025-11-07,DAILY_OPEN_SHORT,SHORT,-182,-182
2025-11-07,OR5_HIGH_SHORT,SHORT,78,78
2025-11-07,IB_HIGH_SHORT,SHORT,78,78
2025-11-07,PD_HIGH_SHORT,SHORT,-20.5,-20.5
2025-11-07,PD_CLOSE_SHORT,SHORT,-20.5,-20.5
2025-11-07,IB_BULLISH,LONG,-154,-154
2025-11-07,OPEN_TEST_DRIVE_SHORT,SHORT,598.5,598.5
2025-11-07,BRACKET_BREAKOUT_SHORT,SHORT,-246.5,-246.5
2025-11-07,VWAP_MAGNET_LONG,LONG,58,58
2025-11-07,STOP_SWEEP_SHORT,SHORT,88,88
2025-11-07,STOP_SWEEP_SHORT,SHORT,88,88
2025-11-10,OR5_HIGH_SHORT,SHORT,-122,-122
2025-11-10,FLOOR_PIVOT_SHORT,SHORT,88,88
2025-11-10,PD_VAH_SHORT,SHORT,88,88
2025-11-10,5D_OR_MID_SHORT,SHORT,88,88
2025-11-10,OR5_LOW_LONG,LONG,-122,-122
2025-11-10,IB_LOW_LONG,LONG,-122,-122
2025-11-10,DAILY_OPEN_LONG,LONG,-122,-122
2025-11-10,WEEKLY_OPEN_LONG,LONG,-122,-122
2025-11-10,FLOOR_S1_LONG,LONG,-122,-122
2025-11-10,PD_POC_LONG,LONG,58,58
2025-11-10,PD_VAL_LONG,LONG,88,88
2025-11-10,PD_LOW_LONG,LONG,58,58
2025-11-10,PD2_VAH_LONG,LONG,88,88
2025-11-10,IB_HIGH_SHORT,SHORT,-122,-122
2025-11-10,10D_IB_MID_SHORT,SHORT,-122,-122
2025-11-10,PD_CLOSE_SHORT,SHORT,-24.5,-24.5
2025-11-10,PD_HIGH_SHORT,SHORT,58,58
2025-11-10,VALUE_AREA_RESPONSIVE_SHORT,SHORT,235,235
2025-11-10,VALUE_AREA_RESPONSIVE_LONG,LONG,84.25,84.25
2025-11-10,TRT_SHORT,SHORT,142.5,142.5
2025-11-10,STOP_SWEEP_LONG,LONG,58,58
2025-11-10,STOP_SWEEP_LONG,LONG,-32,-32
2025-11-11,PD_IB_MID_LONG,LONG,-182,-182
2025-11-11,FLOOR_PIVOT_LONG,LONG,-182,-182
2025-11-11,OR5_LOW_LONG,LONG,-182,-182
2025-11-11,PD_POC_SHORT,SHORT,118,118
2025-11-11,PD_CLOSE_SHORT,SHORT,118,118
2025-11-11,OR5_HIGH_SHORT,SHORT,118,118
2025-11-11,DAILY_OPEN_SHORT,SHORT,118,118
2025-11-11,PD_OR_MID_LONG,LONG,78,78
2025-11-11,PD_IB_LOW_LONG,LONG,118,118
2025-11-11,PD_VAH_SHORT,SHORT,118,118
2025-11-11,PD_IB_HIGH_SHORT,SHORT,118,118
2025-11-11,FLOOR_S1_LONG,LONG,78,78
2025-11-11,PD_VAL_LONG,LONG,78,78
2025-11-11,PD_LOW_LONG,LONG,118,118
2025-11-11,IB_LOW_SHORT,SHORT,78,78
2025-11-11,IB_HIGH_SHORT,SHORT,-3,-3
2025-11-11,5D_OR_MID_SHORT,SHORT,78,78
2025-11-11,PD_HIGH_SHORT,SHORT,78,78
2025-11-11,IB_BULLISH,LONG,-88,-88
2025-11-11,OPEN_TEST_DRIVE_SHORT,SHORT,189.5,189.5
2025-11-11,OPEN_TEST_DRIVE_LONG,LONG,-106,-106
2025-11-11,VALUE_AREA_RESPONSIVE_SHORT,SHORT,21.25,21.25
2025-11-11,VALUE_AREA_RESPONSIVE_LONG,LONG,-55.5,-55.5
2025-11-11,TRT_LONG,LONG,-115.62000000000262,-115.62000000000262
2025-11-11,STOP_SWEEP_SHORT,SHORT,-32,-32
2025-11-11,STOP_SWEEP_LONG,LONG,-32,-32
2025-11-12,PD_VAH_LONG,LONG,-182,-182
2025-11-12,OR5_LOW_LONG,LONG,-182,-182
2025-11-12,PD2_VAH_LONG,LONG,-182,-182
2025-11-12,PD_IB_HIGH_LONG,LONG,-182,-182
2025-11-12,PD_POC_LONG,LONG,78,78
2025-11-12,PD_CLOSE_LONG,LONG,78,78
2025-11-12,PD_IB_MID_LONG,LONG,78,78
2025-11-12,PD_OR_MID_LONG,LONG,78,78
2025-11-12,FLOOR_PIVOT_LONG,LONG,78,78
2025-11-12,PD_IB_LOW_LONG,LONG,78,78
2025-11-12,PD_VAL_LONG,LONG,78,78
2025-11-12,2D_POC_LONG,LONG,78,78
2025-11-12,IB_LOW_LONG,LONG,78,78
2025-11-12,PD_LOW_LONG,LONG,78,78
2025-11-12,FLOOR_S1_LONG,LONG,118,118
2025-11-12,IB_BEARISH,SHORT,100.5,100.5
2025-11-12,STOP_SWEEP_SHORT,SHORT,-32,-32
2025-11-12,STOP_SWEEP_SHORT,SHORT,58,58
2025-11-13,OR5_LOW_LONG,LONG,-182,-182
2025-11-13,PD_VAH_LONG,LONG,78,78
2025-11-13,FLOOR_R1_SHORT,SHORT,-182,-182
2025-11-13,5D_OR_MID_SHORT,SHORT,78,78
2025-11-13,PD_HIGH_SHORT,SHORT,118,118
2025-11-13,OR5_HIGH_SHORT,SHORT,118,118
2025-11-13,DAILY_OPEN_SHORT,SHORT,118,118
2025-11-13,PD2_VAL_SHORT,SHORT,118,118
2025-11-13,IB_LOW_LONG,LONG,-182,-182
2025-11-13,FLOOR_PIVOT_LONG,LONG,78,78
2025-11-13,PD_CLOSE_LONG,LONG,-182,-182
2025-11-13,PD_POC_LONG,LONG,78,78
2025-11-13,PD_VAL_LONG,LONG,118,118
2025-11-13,PD_LOW_LONG,LONG,118,118
2025-11-13,IB_BEARISH,SHORT,-247.09999999999854,-247.09999999999854
2025-11-13,VWAP_MAGNET_LONG,LONG,-62,-62
2025-11-13,STOP_SWEEP_SHORT,SHORT,58,58
2025-11-13,STOP_SWEEP_SHORT,SHORT,-32,-32
2025-11-14,FLOOR_S1_LONG,LONG,118,118
2025-11-14,PW_LOW_LONG,LONG,118,118
2025-11-14,PD_POC_SHORT,SHORT,78,78
2025-11-14,FLOOR_PIVOT_SHORT,SHORT,-182,-182
2025-11-14,PD_CLOSE_SHORT,SHORT,-182,-182
2025-11-14,PD_VAH_SHORT,SHORT,-182,-182
2025-11-14,PD_HIGH_SHORT,SHORT,78,78
2025-11-14,PD_IB_LOW_SHORT,SHORT,78,78
2025-11-14,OPEN_TEST_DRIVE_LONG,LONG,843,843
2025-11-14,VALUE_AREA_RESPONSIVE_SHORT,SHORT,-62.5,-62.5
2025-11-14,VALUE_AREA_RESPONSIVE_LONG,LONG,611.5,611.5
2025-11-14,BRACKET_BREAKOUT_SHORT,SHORT,-125,-125
2025-11-14,VWAP_MAGNET_SHORT,SHORT,-62,-62
2025-11-14,STOP_SWEEP_LONG,LONG,88,88
2025-11-14,STOP_SWEEP_LONG,LONG,88,88
2025-11-17,FLOOR_R1_SHORT,SHORT,-122,-122
2025-11-17,5D_OR_MID_SHORT,SHORT,58,58
2025-11-17,2D_POC_SHORT,SHORT,58,58
2025-11-17,PD_HIGH_SHORT,SHORT,88,88
2025-11-17,PD_VAH_LONG,LONG,-122,-122
2025-11-17,OR5_HIGH_LONG,LONG,88,88
2025-11-17,PD2_VAL_LONG,LONG,-122,-122
2025-11-17,PD_IB_HIGH_LONG,LONG,58,58
2025-11-17,FLOOR_PIVOT_LONG,LONG,58,58
2025-11-17,OR5_LOW_LONG,LONG,58,58
2025-11-17,IB_LOW_LONG,LONG,58,58
2025-11-17,DAILY_OPEN_LONG,LONG,58,58
2025-11-17,WEEKLY_OPEN_LONG,LONG,58,58
2025-11-17,M1_VAL_LONG,LONG,58,58
2025-11-17,PD_CLOSE_LONG,LONG,-122,-122
2025-11-17,PD_POC_LONG,LONG,88,88
2025-11-17,PD_IB_MID_LONG,LONG,-122,-122
2025-11-17,PD_VAL_LONG,LONG,58,58
2025-11-17,PD_LOW_LONG,LONG,58,58
2025-11-17,PM_VAL_LONG,LONG,58,58
2025-11-17,VALUE_AREA_RESPONSIVE_SHORT,SHORT,-77,-77
2025-11-17,TRT_SHORT,SHORT,-373.8799999999974,-373.8799999999974
2025-11-17,VWAP_MAGNET_LONG,LONG,58,58
2025-11-17,STOP_SWEEP_LONG,LONG,88,88
2025-11-17,STOP_SWEEP_LONG,LONG,-32,-32
2025-11-18,PD_POC_LONG,LONG,-182,-182
2025-11-18,DAILY_OPEN_LONG,LONG,-182,-182
2025-11-18,PM_VAL_LONG,LONG,-182,-182
2025-11-18,PD_VAH_SHORT,SHORT,118,118
2025-11-18,OR5_LOW_LONG,LONG,-182,-182
2025-11-18,PW_LOW_LONG,LONG,-182,-182
2025-11-18,PD2_VAL_LONG,LONG,-182,-182
2025-11-18,FLOOR_PIVOT_LONG,LONG,-182,-182
2025-11-18,PD_CLOSE_LONG,LONG,-182,-182
2025-11-18,PD_VAL_LONG,LONG,-182,-182
2025-11-18,IB_LOW_SHORT,SHORT,118,118
2025-11-18,PD_LOW_LONG,LONG,118,118
2025-11-18,FLOOR_S1_LONG,LONG,118,118
2025-11-18,IB_BEARISH,SHORT,134.5,134.5
2025-11-18,OPEN_TEST_DRIVE_SHORT,SHORT,312,312
2025-11-18,VALUE_AREA_RESPONSIVE_SHORT,SHORT,-67.5,-67.5
2025-11-18,VALUE_AREA_RESPONSIVE_LONG,LONG,-46.5,-46.5
2025-11-18,BRACKET_BREAKOUT_SHORT,SHORT,-59.5,-59.5
2025-11-18,VWAP_MAGNET_LONG,LONG,58,58
2025-11-18,STOP_SWEEP_LONG,LONG,88,88
2025-11-18,STOP_SWEEP_LONG,LONG,-32,-32
2025-11-20,PD_POC_SHORT,SHORT,78,78
2025-11-20,DAILY_OPEN_SHORT,SHORT,78,78
2025-11-20,OR5_LOW_LONG,LONG,118,118
2025-11-20,FLOOR_R1_SHORT,SHORT,118,118
2025-11-20,IB_HIGH_SHORT,SHORT,78,78
2025-11-20,PD_VAH_SHORT,SHORT,118,118
2025-11-20,PD_IB_HIGH_LONG,LONG,-182,-182
2025-11-20,PD_OR_MID_LONG,LONG,-182,-182
2025-11-20,2D_POC_LONG,LONG,-182,-182
2025-11-20,PM_VAL_LONG,LONG,-182,-182
2025-11-20,PD2_VAL_LONG,LONG,-182,-182
2025-11-20,PD_IB_MID_LONG,LONG,-182,-182
2025-11-20,PW_LOW_LONG,LONG,78,78
2025-11-20,PD_IB_LOW_LONG,LONG,-182,-182
2025-11-20,M1_VAL_LONG,LONG,118,-182
2025-11-20,PD_VAL_LONG,LONG,118,-182
2025-11-20,PD_CLOSE_LONG,LONG,118,-182
2025-11-20,PD_LOW_LONG,LONG,118,118
2025-11-20,3M_VAH_LONG,LONG,118,118
2025-11-20,C_STANDALONE_DOWN,SHORT,1471,1471
2025-11-20,VALUE_AREA_RESPONSIVE_SHORT,SHORT,176.5,176.5
2025-11-20,BRACKET_BREAKOUT_SHORT,SHORT,-60.5,-60.5
2025-11-20,VWAP_MAGNET_LONG,LONG,58,58
2025-11-20,STOP_SWEEP_SHORT,SHORT,-32,-32
2025-11-20,STOP_SWEEP_LONG,LONG,88,88
2025-11-21,PD_POC_LONG,LONG,118,118
2025-11-21,DAILY_OPEN_LONG,LONG,118,118
2025-11-21,OR5_LOW_LONG,LONG,118,118
2025-11-21,M1_VAL_LONG,LONG,118,118
2025-11-21,PD_VAL_LONG,LONG,-182,-182
2025-11-21,IB_LOW_SHORT,SHORT,118,118
2025-11-21,IB_HIGH_SHORT,SHORT,-182,-182
2025-11-21,PD_CLOSE_SHORT,SHORT,-182,-182
2025-11-21,3M_VAH_SHORT,SHORT,-182,-182
2025-11-21,FLOOR_PIVOT_SHORT,SHORT,78,78
2025-11-21,PD_VAH_SHORT,SHORT,118,118
2025-11-21,OR5_HIGH_SHORT,SHORT,78,78
2025-11-21,VALUE_AREA_RESPONSIVE_SHORT,SHORT,-62,-62
2025-11-21,VALUE_AREA_RESPONSIVE_LONG,LONG,-22.5,-22.5
2025-11-21,BRACKET_BREAKOUT_SHORT,SHORT,-92,-92
2025-11-21,VWAP_MAGNET_SHORT,SHORT,58,58
2025-11-21,STOP_SWEEP_LONG,LONG,-32,-32
2025-11-21,STOP_SWEEP_LONG,LONG,-32,-32
2025-11-24,PD_VAL_SHORT,SHORT,58,58
2025-11-24,IB_HIGH_SHORT,SHORT,-122,-122
2025-11-24,5D_OR_MID_SHORT,SHORT,58,58
2025-11-24,FLOOR_PIVOT_SHORT,SHORT,58,58
2025-11-24,PD_POC_SHORT,SHORT,-122,-122
2025-11-24,PD_CLOSE_SHORT,SHORT,-122,-122
2025-11-24,OR5_HIGH_SHORT,SHORT,-122,-122
2025-11-24,PD_VAH_SHORT,SHORT,88,88
2025-11-24,IB_BULLISH,LONG,578,578
2025-11-24,C_STANDALONE_UP,LONG,120,120
2025-11-24,STOP_SWEEP_LONG,LONG,88,88
2025-11-24,STOP_SWEEP_SHORT,SHORT,-32,-32
2025-11-25,DAILY_OPEN_SHORT,SHORT,78,78
2025-11-25,PD_VAL_LONG,LONG,-182,-182
2025-11-25,PD_IB_HIGH_LONG,LONG,-182,-182
2025-11-25,PD_OR_MID_LONG,LONG,-182,-182
2025-11-25,FLOOR_S1_LONG,LONG,118,118
2025-11-25,PD_IB_MID_LONG,LONG,118,118
2025-11-25,5D_OR_MID_SHORT,SHORT,118,118
2025-11-25,OR5_LOW_SHORT,SHORT,118,118
2025-11-25,IB_HIGH_SHORT,SHORT,118,118
2025-11-25,2D_POC_SHORT,SHORT,-182,-182
2025-11-25,3M_VAH_SHORT,SHORT,-182,-182
2025-11-25,PM_VAL_SHORT,SHORT,78,78
2025-11-25,PD_POC_SHORT,SHORT,78,78
2025-11-25,FLOOR_PIVOT_SHORT,SHORT,78,78
2025-11-25,PD_CLOSE_SHORT,SHORT,-14.5,-14.5
2025-11-25,OR5_HIGH_SHORT,SHORT,21,21
2025-11-25,PD_VAH_SHORT,SHORT,78,78
2025-11-25,OPEN_TEST_DRIVE_SHORT,SHORT,19,19
2025-11-25,VALUE_AREA_RESPONSIVE_LONG,LONG,-32,-32
2025-11-25,VWAP_MAGNET_SHORT,SHORT,-62,-62
2025-11-25,STOP_SWEEP_SHORT,SHORT,88,88
2025-11-25,STOP_SWEEP_LONG,LONG,-32,-32
2025-11-26,PD_VAL_SHORT,SHORT,118,118
2025-11-26,OR5_LOW_LONG,LONG,78,78
2025-11-26,DAILY_OPEN_LONG,LONG,78,78
2025-11-26,M1_VAH_LONG,LONG,78,78
2025-11-26,10D_IB_MID_LONG,LONG,78,78
2025-11-26,PD_LOW_LONG,LONG,118,118
2025-11-26,IB_HIGH_SHORT,SHORT,-182,-182
2025-11-26,PD_CLOSE_SHORT,SHORT,-11,-11
2025-11-26,PD_POC_SHORT,SHORT,78,78
2025-11-26,FLOOR_PIVOT_SHORT,SHORT,78,78
2025-11-26,PD_VAH_SHORT,SHORT,78,78
2025-11-26,C_STANDALONE_DOWN,SHORT,-182.5,-182.5
2025-11-26,OPEN_TEST_DRIVE_SHORT,SHORT,-182.5,-182.5
2025-11-26,VALUE_AREA_RESPONSIVE_SHORT,SHORT,10.5,10.5
2025-11-26,VALUE_AREA_RESPONSIVE_LONG,LONG,-28.5,-28.5
2025-11-26,STOP_SWEEP_LONG,LONG,-32,-32
2025-11-26,STOP_SWEEP_SHORT,SHORT,-32,-32
2025-11-27,PD_POC_LONG,LONG,-18.5,-18.5
2025-11-27,PD_VAH_LONG,LONG,-18.5,-18.5
2025-11-27,PD_CLOSE_LONG,LONG,-18.5,-18.5
2025-11-27,OR5_LOW_LONG,LONG,-18.5,-18.5
2025-11-27,DAILY_OPEN_LONG,LONG,-18.5,-18.5
2025-11-27,2D_POC_LONG,LONG,-18.5,-18.5
2025-11-27,PD_VAL_LONG,LONG,1.5,1.5
2025-11-27,PD_LOW_LONG,LONG,1.5,1.5
2025-11-27,PD_IB_HIGH_LONG,LONG,12,12
2025-11-27,IB_LOW_LONG,LONG,1,1
2025-11-27,IB_HIGH_SHORT,SHORT,3.5,3.5
2025-11-27,IB_BEARISH,SHORT,1.5,1.5
2025-11-27,C_STANDALONE_DOWN,SHORT,18.25,18.25
2025-11-27,OPEN_TEST_DRIVE_SHORT,SHORT,18.25,18.25
2025-11-27,STOP_SWEEP_SHORT,SHORT,-5.5,-5.5
2025-11-27,STOP_SWEEP_SHORT,SHORT,-5.5,-5.5
2025-11-28,PD_VAL_LONG,LONG,78,78
2025-11-28,PD2_VAH_LONG,LONG,78,78
2025-11-28,OR5_LOW_LONG,LONG,78,78
2025-11-28,DAILY_OPEN_LONG,LONG,78,78
2025-11-28,3M_VAH_LONG,LONG,78,78
2025-11-28,M1_VAH_LONG,LONG,78,78
2025-11-28,PD_LOW_LONG,LONG,78,78
2025-11-28,IB_HIGH_SHORT,SHORT,78,78
2025-11-28,PD_POC_SHORT,SHORT,78,78
2025-11-28,PD_VAH_SHORT,SHORT,78,78
2025-11-28,PD_OR_MID_SHORT,SHORT,78,78
2025-11-28,PD_CLOSE_SHORT,SHORT,-10,-10
2025-11-28,PW_HIGH_SHORT,SHORT,12,12
2025-11-28,IB_BEARISH,SHORT,1.75,1.75
2025-11-28,C_STANDALONE_DOWN,SHORT,-269,-269
2025-11-28,OPEN_TEST_DRIVE_SHORT,SHORT,-269,-269
2025-11-28,STOP_SWEEP_LONG,LONG,58,58
2025-11-28,STOP_SWEEP_SHORT,SHORT,-32,-32
2025-12-01,PD_VAL_SHORT,SHORT,88,88
2025-12-01,PD2_VAH_SHORT,SHORT,88,88
2025-12-01,PD2_VAL_SHORT,SHORT,88,88
2025-12-01,DAILY_OPEN_LONG,LONG,58,58
2025-12-01,WEEKLY_OPEN_LONG,LONG,58,58
2025-12-01,MONTHLY_OPEN_LONG,LONG,58,58
2025-12-01,PD_LOW_LONG,LONG,88,88
2025-12-01,OR5_LOW_LONG,LONG,88,88
2025-12-01,PD_IB_LOW_SHORT,SHORT,-122,-122
2025-12-01,PM_VAH_SHORT,SHORT,58,58
2025-12-01,3M_VAH_SHORT,SHORT,58,58
2025-12-01,M1_VAH_SHORT,SHORT,58,58
2025-12-01,PD_IB_MID_SHORT,SHORT,58,58
2025-12-01,PD_POC_SHORT,SHORT,88,88
2025-12-01,IB_HIGH_SHORT,SHORT,58,58
2025-12-01,PD_CLOSE_SHORT,SHORT,58,58
2025-12-01,PD_IB_HIGH_SHORT,SHORT,58,58
2025-12-01,2D_POC_SHORT,SHORT,58,58
2025-12-01,PD_VAH_SHORT,SHORT,58,58
2025-12-01,FLOOR_PIVOT_SHORT,SHORT,58,58
2025-12-01,PD_OR_MID_SHORT,SHORT,58,58
2025-12-01,PW_HIGH_SHORT,SHORT,58,58
2025-12-01,IB_BULLISH,LONG,114,114
2025-12-01,C_STANDALONE_DOWN,SHORT,-370.5,-370.5
2025-12-01,OPEN_TEST_DRIVE_SHORT,SHORT,-427.34999999999854,-427.34999999999854
2025-12-01,VALUE_AREA_RESPONSIVE_SHORT,SHORT,42.25,42.25
2025-12-01,VALUE_AREA_RESPONSIVE_LONG,LONG,-20.5,-20.5
2025-12-01,STOP_SWEEP_LONG,LONG,-32,-32
2025-12-01,STOP_SWEEP_LONG,LONG,-32,-32
2025-12-02,PD_VAL_SHORT,SHORT,-182,-182
2025-12-02,PD_POC_SHORT,SHORT,78,78
2025-12-02,PD_CLOSE_SHORT,SHORT,78,78
2025-12-02,PD_VAH_SHORT,SHORT,78,78
2025-12-02,FLOOR_PIVOT_SHORT,SHORT,78,78
2025-12-02,IB_HIGH_SHORT,SHORT,78,78
2025-12-02,PW_HIGH_LONG,LONG,-182,-182
2025-12-02,DAILY_OPEN_LONG,LONG,78,78
2025-12-02,OR5_LOW_LONG,LONG,78,78
2025-12-02,IB_LOW_LONG,LONG,78,78
2025-12-02,M1_VAH_LONG,LONG,78,78
2025-12-02,PD2_VAH_LONG,LONG,78,78
2025-12-02,PD_LOW_LONG,LONG,118,118
2025-12-02,3M_VAH_LONG,LONG,118,118
2025-12-02,IB_BULLISH,LONG,67.75,67.75
2025-12-02,C_STANDALONE_DOWN,SHORT,-278,-278
2025-12-02,STOP_SWEEP_LONG,LONG,88,88
2025-12-02,STOP_SWEEP_SHORT,SHORT,-32,-32
2025-12-03,DAILY_OPEN_SHORT,SHORT,78,78
2025-12-03,PW_HIGH_SHORT,SHORT,78,78
2025-12-03,5D_OR_MID_SHORT,SHORT,78,78
2025-12-03,PD_IB_LOW_LONG,LONG,78,78
2025-12-03,OR5_LOW_LONG,LONG,118,118
2025-12-03,PD_VAL_SHORT,SHORT,78,78
2025-12-03,PD_IB_MID_SHORT,SHORT,78,78
2025-12-03,2D_POC_SHORT,SHORT,78,78
2025-12-03,PD_IB_HIGH_SHORT,SHORT,78,78
2025-12-03,IB_HIGH_LONG,LONG,78,78
2025-12-03,PD_OR_MID_SHORT,SHORT,78,78
2025-12-03,3M_VAH_SHORT,SHORT,78,78
2025-12-03,M1_VAH_SHORT,SHORT,78,78
2025-12-03,PD_POC_SHORT,SHORT,-54.5,-54.5
2025-12-03,PD_CLOSE_SHORT,SHORT,-24.5,-24.5
2025-12-03,FLOOR_PIVOT_SHORT,SHORT,6.5,6.5
2025-12-03,PD_VAH_SHORT,SHORT,20.5,20.5
2025-12-03,IB_BULLISH,LONG,327.5,327.5
2025-12-03,C_STANDALONE_DOWN,SHORT,-423,-423
2025-12-03,STOP_SWEEP_LONG,LONG,88,88
2025-12-03,STOP_SWEEP_LONG,LONG,-32,-32
2025-12-04,PD_POC_LONG,LONG,-182,-182
2025-12-04,PD_VAH_LONG,LONG,-182,-182
2025-12-04,PD_OR_MID_LONG,LONG,-182,-182
2025-12-04,2D_POC_LONG,LONG,-182,-182
2025-12-04,PD2_VAH_LONG,LONG,-182,-182
2025-12-04,3M_VAH_SHORT,SHORT,118,118
2025-12-04,M1_VAH_SHORT,SHORT,118,118
2025-12-04,FLOOR_S1_LONG,LONG,78,78
2025-12-04,PD_VAL_LONG,LONG,78,78
2025-12-04,OR5_LOW_LONG,LONG,78,78
2025-12-04,PD_IB_HIGH_LONG,LONG,118,118
2025-12-04,PD2_VAL_LONG,LONG,118,118
2025-12-04,IB_LOW_LONG,LONG,78,78
2025-12-04,5D_OR_MID_LONG,LONG,78,78
2025-12-04,PW_HIGH_LONG,LONG,78,78
2025-12-04,PD_LOW_LONG,LONG,78,78
2025-12-04,IB_BEARISH,SHORT,-1.25,-1.25
2025-12-04,C_STANDALONE_DOWN,SHORT,-147,-147
2025-12-04,STOP_SWEEP_SHORT,SHORT,88,88
2025-12-04,STOP_SWEEP_SHORT,SHORT,-32,-32
2025-12-05,PD_VAH_SHORT,SHORT,78,78
2025-12-05,PD_OR_MID_SHORT,SHORT,78,78
2025-12-05,PD_POC_LONG,LONG,78,78
2025-12-05,PD_CLOSE_LONG,LONG,78,78
2025-12-05,PD_IB_HIGH_LONG,LONG,78,78
2025-12-05,PD_VAL_LONG,LONG,78,78
2025-12-05,PD2_VAH_LONG,LONG,78,78
2025-12-05,FLOOR_PIVOT_SHORT,SHORT,78,78
2025-12-05,IB_HIGH_LONG,LONG,-182,-182
2025-12-05,OR5_LOW_LONG,LONG,78,78
2025-12-05,IB_LOW_LONG,LONG,78,78
2025-12-05,DAILY_OPEN_LONG,LONG,78,78
2025-12-05,PD_LOW_LONG,LONG,78,78
2025-12-05,3M_VAH_LONG,LONG,78,78
2025-12-05,M1_VAH_LONG,LONG,78,78
2025-12-05,C_STANDALONE_DOWN,SHORT,-129,-129
2025-12-05,VALUE_AREA_RESPONSIVE_SHORT,SHORT,72,72
2025-12-05,VALUE_AREA_RESPONSIVE_LONG,LONG,88,88
2025-12-05,STOP_SWEEP_SHORT,SHORT,-32,-32
2025-12-05,STOP_SWEEP_SHORT,SHORT,-32,-32
2025-12-08,PD_IB_HIGH_LONG,LONG,-122,-122
2025-12-08,DAILY_OPEN_LONG,LONG,-122,-122
2025-12-08,WEEKLY_OPEN_LONG,LONG,-122,-122
2025-12-08,FLOOR_PIVOT_LONG,LONG,-122,-122
2025-12-08,OR5_LOW_LONG,LONG,-122,-122
2025-12-08,PD_IB_MID_LONG,LONG,-122,-122
2025-12-08,3M_VAH_LONG,LONG,-122,-122
2025-12-08,M1_VAH_LONG,LONG,-122,-122
2025-12-08,2D_POC_LONG,LONG,-122,-122
2025-12-08,PD_VAH_LONG,LONG,-122,-122
2025-12-08,PD_CLOSE_LONG,LONG,58,58
2025-12-08,PD_IB_LOW_LONG,LONG,58,58
2025-12-08,IB_LOW_SHORT,SHORT,58,58
2025-12-08,PD_POC_LONG,LONG,58,58
2025-12-08,5D_OR_MID_LONG,LONG,58,58
2025-12-08,PD2_VAH_LONG,LONG,58,58
2025-12-08,PD_VAL_LONG,LONG,58,58
2025-12-08,PD_LOW_LONG,LONG,58,58
2025-12-08,PD2_VAL_LONG,LONG,58,58
2025-12-08,IB_BEARISH,SHORT,329,329
2025-12-08,C_STANDALONE_DOWN,SHORT,317,317
2025-12-08,STOP_SWEEP_LONG,LONG,-32,-32
2025-12-08,STOP_SWEEP_LONG,LONG,-32,-32
2025-12-09,DAILY_OPEN_SHORT,SHORT,-182,-182
2025-12-09,PD_VAL_SHORT,SHORT,78,78
2025-12-09,FLOOR_S1_SHORT,SHORT,-74,-74
2025-12-09,IB_HIGH_SHORT,SHORT,-91.5,-91.5
2025-12-09,PD2_VAL_SHORT,SHORT,78,78
2025-12-09,PD_POC_SHORT,SHORT,-30.5,-30.5
2025-12-09,PD_IB_LOW_SHORT,SHORT,6,6
2025-12-09,2D_POC_SHORT,SHORT,17,17
2025-12-09,PD_VAH_SHORT,SHORT,78,78
2025-12-09,STOP_SWEEP_SHORT,SHORT,-32,-32
2025-12-09,STOP_SWEEP_SHORT,SHORT,-32,-32
2025-12-10,PD2_VAL_LONG,LONG,118,118
2025-12-10,PD_POC_LONG,LONG,78,78
2025-12-10,OR5_LOW_LONG,LONG,78,78
2025-12-10,DAILY_OPEN_SHORT,SHORT,78,78
2025-12-10,PD_IB_MID_SHORT,SHORT,78,78
2025-12-10,PD_IB_HIGH_SHORT,SHORT,78,78
2025-12-10,IB_LOW_LONG,LONG,78,78
2025-12-10,PD_VAL_LONG,LONG,78,78
2025-12-10,PD_IB_LOW_LONG,LONG,78,78
2025-12-10,PD_LOW_LONG,LONG,78,78
2025-12-10,IB_HIGH_SHORT,SHORT,78,78
2025-12-10,2D_POC_SHORT,SHORT,118,118
2025-12-10,PD2_VAH_SHORT,SHORT,118,118
2025-12-10,PD_VAH_SHORT,SHORT,78,78
2025-12-10,PD_OR_MID_SHORT,SHORT,78,78
2025-12-10,3M_VAH_SHORT,SHORT,118,118
2025-12-10,M1_VAH_SHORT,SHORT,118,118
2025-12-10,5D_OR_MID_SHORT,SHORT,118,118
2025-12-10,PD_CLOSE_SHORT,SHORT,-12.5,-12.5
2025-12-10,FLOOR_PIVOT_SHORT,SHORT,16.5,16.5
2025-12-10,PW_HIGH_SHORT,SHORT,78,78
2025-12-10,C_STANDALONE_DOWN,SHORT,44,44
2025-12-10,OPEN_TEST_DRIVE_SHORT,SHORT,44,44
2025-12-10,VALUE_AREA_RESPONSIVE_LONG,LONG,-56,-56
2025-12-10,STOP_SWEEP_SHORT,SHORT,88,88
2025-12-10,STOP_SWEEP_SHORT,SHORT,-32,-32
2025-12-11,PD_POC_SHORT,SHORT,78,78
2025-12-11,PD_IB_MID_SHORT,SHORT,78,78
2025-12-11,PD_IB_LOW_LONG,LONG,-182,-182
2025-12-11,OR5_LOW_LONG,LONG,-182,-182
2025-12-11,10D_IB_MID_LONG,LONG,-182,-182
2025-12-11,PD_VAL_LONG,LONG,118,118
2025-12-11,FLOOR_S1_LONG,LONG,78,78
2025-12-11,PD_VAH_SHORT,SHORT,78,78
2025-12-11,DAILY_OPEN_SHORT,SHORT,78,78
2025-12-11,IB_HIGH_SHORT,SHORT,78,78
2025-12-11,PD2_VAL_SHORT,SHORT,78,78
2025-12-11,PD_IB_HIGH_SHORT,SHORT,-104,-104
2025-12-11,FLOOR_PIVOT_SHORT,SHORT,78,78
2025-12-11,2D_POC_SHORT,SHORT,-43,-43
2025-12-11,PD_CLOSE_SHORT,SHORT,-32,-32
2025-12-11,C_STANDALONE_DOWN,SHORT,183,183
2025-12-11,VALUE_AREA_RESPONSIVE_SHORT,SHORT,17.5,17.5
2025-12-11,VALUE_AREA_RESPONSIVE_LONG,LONG,-14,-14
2025-12-11,BRACKET_BREAKOUT_SHORT,SHORT,-66.5,-66.5
2025-12-11,STOP_SWEEP_SHORT,SHORT,-32,-32
2025-12-11,STOP_SWEEP_LONG,LONG,-32,-32
2025-12-12,DAILY_OPEN_LONG,LONG,-182,-182
2025-12-12,10D_IB_MID_LONG,LONG,-182,-182
2025-12-12,PD2_VAL_LONG,LONG,-182,-182
2025-12-12,PD_IB_MID_LONG,LONG,-182,-182
2025-12-12,OR5_LOW_LONG,LONG,-182,-182
2025-12-12,PD_IB_LOW_LONG,LONG,-182,-182
2025-12-12,FLOOR_PIVOT_LONG,LONG,-182,-182
2025-12-12,PD_VAH_LONG,LONG,-182,-182
2025-12-12,PM_VAH_LONG,LONG,78,78
2025-12-12,PD_POC_LONG,LONG,-182,-182
2025-12-12,MONTHLY_OPEN_LONG,LONG,-182,-182
2025-12-12,PD_CLOSE_LONG,LONG,78,78
2025-12-12,PW_LOW_LONG,LONG,78,78
2025-12-12,PD_VAL_LONG,LONG,118,118
2025-12-12,PD_LOW_LONG,LONG,118,118
2025-12-12,IB_BEARISH,SHORT,755,755
2025-12-12,C_STANDALONE_DOWN,SHORT,757,757
2025-12-12,BRACKET_BREAKOUT_SHORT,SHORT,-33,-33
2025-12-12,VWAP_MAGNET_LONG,LONG,58,58
2025-12-12,STOP_SWEEP_SHORT,SHORT,-32,-32
2025-12-12,STOP_SWEEP_LONG,LONG,-32,-32
2025-12-15,PD_IB_HIGH_LONG,LONG,-122,-122
2025-12-15,10D_IB_MID_LONG,LONG,-122,-122
2025-12-15,PD_IB_MID_LONG,LONG,-122,-122
2025-12-15,2D_POC_LONG,LONG,-122,-122
2025-12-15,PD_VAH_LONG,LONG,-122,-122
2025-12-15,PD_IB_LOW_LONG,LONG,-122,-122
2025-12-15,PD2_VAL_LONG,LONG,-122,-122
2025-12-15,PD_POC_LONG,LONG,-122,-122
2025-12-15,PD_CLOSE_LONG,LONG,58,58
2025-12-15,FLOOR_PIVOT_LONG,LONG,58,58
2025-12-15,OR5_LOW_LONG,LONG,58,58
2025-12-15,PM_VAH_SHORT,SHORT,-122,-122
2025-12-15,IB_LOW_SHORT,SHORT,58,58
2025-12-15,IB_BEARISH,SHORT,248.5,248.5
2025-12-15,C_STANDALONE_DOWN,SHORT,-47.5,-47.5
2025-12-15,STOP_SWEEP_LONG,LONG,-32,-32
2025-12-15,STOP_SWEEP_SHORT,SHORT,-32,-32
2025-12-16,MONTHLY_OPEN_LONG,LONG,118,118
2025-12-16,PD_POC_SHORT,SHORT,118,118
2025-12-16,OR5_HIGH_SHORT,SHORT,118,118
2025-12-16,DAILY_OPEN_LONG,LONG,118,118
2025-12-16,2D_POC_SHORT,SHORT,118,118
2025-12-16,PD2_VAH_SHORT,SHORT,118,118
2025-12-16,PD_VAH_SHORT,SHORT,118,118
2025-12-16,PM_VAH_SHORT,SHORT,78,78
2025-12-16,FLOOR_R1_SHORT,SHORT,118,118
2025-12-16,PD_VAL_LONG,LONG,118,118
2025-12-16,IB_LOW_LONG,LONG,78,78
2025-12-16,IB_HIGH_SHORT,SHORT,26.5,26.5
2025-12-16,PD_HIGH_SHORT,SHORT,78,78
2025-12-16,C_STANDALONE_UP,LONG,46.5,46.5
2025-12-16,OPEN_TEST_DRIVE_LONG,LONG,-246.5,-246.5
2025-12-16,VALUE_AREA_RESPONSIVE_SHORT,SHORT,-5.5,-5.5
2025-12-16,VALUE_AREA_RESPONSIVE_LONG,LONG,-33,-33
2025-12-16,STOP_SWEEP_LONG,LONG,-32,-32
2025-12-16,STOP_SWEEP_LONG,LONG,-32,-32
2025-12-17,FLOOR_R1_LONG,LONG,-182,-182
2025-12-17,PM_VAH_LONG,LONG,-182,-182
2025-12-17,2D_POC_LONG,LONG,-182,-182
2025-12-17,PD_IB_MID_LONG,LONG,-182,-182
2025-12-17,MONTHLY_OPEN_LONG,LONG,118,118
2025-12-17,PD_VAH_LONG,LONG,118,118
2025-12-17,IB_LOW_LONG,LONG,-182,-182
2025-12-17,PD_IB_LOW_LONG,LONG,-182,-182
2025-12-17,OR5_LOW_LONG,LONG,-182,-182
2025-12-17,PD2_VAL_LONG,LONG,-182,-182
2025-12-17,PD_OR_MID_LONG,LONG,-182,-182
2025-12-17,PW_LOW_LONG,LONG,-182,-182
2025-12-17,FLOOR_PIVOT_LONG,LONG,78,78
2025-12-17,PD_POC_LONG,LONG,-129,-129
2025-12-17,3M_VAL_LONG,LONG,78,78
2025-12-17,M1_VAL_LONG,LONG,78,78
2025-12-17,PD_VAL_LONG,LONG,-15,-15
2025-12-17,PD_CLOSE_LONG,LONG,-15,-15
2025-12-17,IB_BEARISH,SHORT,840,840
2025-12-17,BRACKET_BREAKOUT_SHORT,SHORT,-30.5,-30.5
2025-12-17,VWAP_MAGNET_LONG,LONG,58,58
2025-12-17,STOP_SWEEP_LONG,LONG,-32,-32
2025-12-17,STOP_SWEEP_SHORT,SHORT,-32,-32
2025-12-18,PD_CLOSE_LONG,LONG,78,78
2025-12-18,PD_IB_LOW_LONG,LONG,78,78
2025-12-18,MONTHLY_OPEN_LONG,LONG,78,78
2025-12-18,PD_POC_LONG,LONG,-182,-182
2025-12-18,PD_VAL_LONG,LONG,78,78
2025-12-18,FLOOR_PIVOT_LONG,LONG,78,78
2025-12-18,PD2_VAL_LONG,LONG,78,78
2025-12-18,DAILY_OPEN_SHORT,SHORT,78,78
2025-12-18,PD_OR_MID_SHORT,SHORT,78,78
2025-12-18,OR5_HIGH_SHORT,SHORT,-182,-182
2025-12-18,2D_POC_SHORT,SHORT,-182,-182
2025-12-18,PD_IB_MID_SHORT,SHORT,78,78
2025-12-18,PM_VAH_SHORT,SHORT,78,78
2025-12-18,IB_HIGH_SHORT,SHORT,78,78
2025-12-18,PD2_VAH_SHORT,SHORT,78,78
2025-12-18,PD_VAH_SHORT,SHORT,78,78
2025-12-18,PD_HIGH_SHORT,SHORT,78,78
2025-12-18,C_STANDALONE_UP,LONG,46,46
2025-12-18,VALUE_AREA_RESPONSIVE_SHORT,SHORT,-72,-72
2025-12-18,VALUE_AREA_RESPONSIVE_LONG,LONG,-19.5,-19.5
2025-12-18,STOP_SWEEP_LONG,LONG,-32,-32
2025-12-18,STOP_SWEEP_LONG,LONG,-32,-32
2025-12-19,OR5_HIGH_SHORT,SHORT,-182,-182
2025-12-19,FLOOR_S1_SHORT,SHORT,-182,-182
2025-12-19,5D_OR_MID_LONG,LONG,118,118
2025-12-19,PD_VAL_SHORT,SHORT,-182,-182
2025-12-19,FLOOR_PIVOT_SHORT,SHORT,-182,-182
2025-12-19,10D_IB_MID_SHORT,SHORT,-182,-182
2025-12-19,PD_POC_SHORT,SHORT,78,78
2025-12-19,PD_CLOSE_SHORT,SHORT,78,78
2025-12-19,PD_VAH_SHORT,SHORT,78,78
2025-12-19,IB_HIGH_SHORT,SHORT,118,118
2025-12-19,PD_HIGH_SHORT,SHORT,78,78
2025-12-19,IB_BULLISH,LONG,47.5,47.5
2025-12-19,STOP_SWEEP_LONG,LONG,-32,-32
2025-12-19,STOP_SWEEP_SHORT,SHORT,88,88
2025-12-22,PD_POC_LONG,LONG,58,58
2025-12-22,PD_CLOSE_LONG,LONG,58,58
2025-12-22,FLOOR_PIVOT_LONG,LONG,58,58
2025-12-22,OR5_LOW_LONG,LONG,58,58
2025-12-22,PD_VAH_LONG,LONG,58,58
2025-12-22,PD_VAL_LONG,LONG,58,58
2025-12-22,PW_HIGH_LONG,LONG,58,58
2025-12-22,3M_VAH_SHORT,SHORT,58,58
2025-12-22,M1_VAH_SHORT,SHORT,58,58
2025-12-22,IB_LOW_LONG,LONG,58,58
2025-12-22,PD_LOW_LONG,LONG,58,58
2025-12-22,OPEN_TEST_DRIVE_SHORT,SHORT,14.5,14.5
2025-12-22,STOP_SWEEP_SHORT,SHORT,88,88
2025-12-22,STOP_SWEEP_LONG,LONG,-32,-32
2025-12-23,2D_POC_LONG,LONG,78,78
2025-12-23,PD_IB_MID_LONG,LONG,-182,-182
2025-12-23,3M_VAH_LONG,LONG,-182,-182
2025-12-23,M1_VAH_LONG,LONG,-182,-182
2025-12-23,PD_OR_MID_SHORT,SHORT,78,78
2025-12-23,OR5_HIGH_SHORT,SHORT,78,78
2025-12-23,FLOOR_PIVOT_SHORT,SHORT,78,78
2025-12-23,PD_IB_LOW_LONG,LONG,78,78
2025-12-23,FLOOR_S1_LONG,LONG,78,78
2025-12-23,PD_VAL_LONG,LONG,78,78
2025-12-23,PW_HIGH_LONG,LONG,78,78
2025-12-23,OR5_LOW_LONG,LONG,78,78
2025-12-23,DAILY_OPEN_LONG,LONG,78,78
2025-12-23,PD_LOW_LONG,LONG,78,78
2025-12-23,IB_HIGH_SHORT,SHORT,-148.5,-148.5
2025-12-23,PD_POC_SHORT,SHORT,-110.5,-110.5
2025-12-23,PD_VAH_SHORT,SHORT,-92,-92
2025-12-23,PD_IB_HIGH_SHORT,SHORT,-64,-64
2025-12-23,PD_CLOSE_SHORT,SHORT,-25,-25
2025-12-23,PD_HIGH_SHORT,SHORT,-12,-12
2025-12-23,IB_BEARISH,SHORT,52,52
2025-12-23,C_STANDALONE_UP,LONG,-213.5,-213.5
2025-12-23,VALUE_AREA_RESPONSIVE_SHORT,SHORT,-63.5,-63.5
2025-12-23,VALUE_AREA_RESPONSIVE_LONG,LONG,-55.5,-55.5
2025-12-23,STOP_SWEEP_LONG,LONG,58,58
2025-12-23,STOP_SWEEP_SHORT,SHORT,-32,-32
2025-12-24,PD_VAL_SHORT,SHORT,-110.5,-110.5
2025-12-24,FLOOR_S1_SHORT,SHORT,-110.5,-110.5
2025-12-24,DAILY_OPEN_SHORT,SHORT,-116,-116
2025-12-24,PD_LOW_LONG,LONG,78,78
2025-12-24,OR5_LOW_LONG,LONG,78,78
2025-12-24,OR5_HIGH_SHORT,SHORT,-101.5,-101.5
2025-12-24,FLOOR_PIVOT_SHORT,SHORT,-62.5,-62.5
2025-12-24,IB_HIGH_SHORT,SHORT,-95,-95
2025-12-24,PD_CLOSE_SHORT,SHORT,-29.5,-29.5
2025-12-24,PD_POC_SHORT,SHORT,-1.5,-1.5
2025-12-24,PD_VAH_SHORT,SHORT,26.5,26.5
2025-12-24,PD_HIGH_SHORT,SHORT,26.5,26.5
2025-12-24,IB_BULLISH,LONG,166,166
2025-12-24,STOP_SWEEP_LONG,LONG,-32,-32
2025-12-24,STOP_SWEEP_SHORT,SHORT,-32,-32
2025-12-26,FLOOR_R1_SHORT,SHORT,78,78
2025-12-26,OR5_HIGH_SHORT,SHORT,78,78
2025-12-26,PD_HIGH_SHORT,SHORT,78,78
2025-12-26,PD_VAH_SHORT,SHORT,78,78
2025-12-26,DAILY_OPEN_SHORT,SHORT,78,78
2025-12-26,PD_POC_LONG,LONG,-32,-32
2025-12-26,PD_CLOSE_LONG,LONG,-32,-32
2025-12-26,FLOOR_PIVOT_LONG,LONG,-32,-32
2025-12-26,OR5_LOW_LONG,LONG,-23.5,-23.5
2025-12-26,PD_VAL_LONG,LONG,-14.5,-14.5
2025-12-26,PD_LOW_LONG,LONG,78,78
2025-12-26,PD_IB_HIGH_LONG,LONG,78,78
2025-12-26,FLOOR_S1_LONG,LONG,78,78
2025-12-26,IB_LOW_SHORT,SHORT,19.5,19.5
2025-12-26,IB_BEARISH,SHORT,38.5,38.5
2025-12-26,OPEN_TEST_DRIVE_LONG,LONG,-112.5,-112.5
2025-12-26,VALUE_AREA_RESPONSIVE_SHORT,SHORT,-70.5,-70.5
2025-12-26,VALUE_AREA_RESPONSIVE_LONG,LONG,1,1
2025-12-26,STOP_SWEEP_LONG,LONG,88,88
2025-12-26,STOP_SWEEP_SHORT,SHORT,-32,-32
2025-12-29,PD_VAH_SHORT,SHORT,-122,-122
2025-12-29,PD_CLOSE_SHORT,SHORT,-122,-122
2025-12-29,FLOOR_PIVOT_SHORT,SHORT,-122,-122
2025-12-29,OR5_HIGH_SHORT,SHORT,-122,-122
2025-12-29,M1_VAH_SHORT,SHORT,-122,-122
2025-12-29,PD2_VAL_SHORT,SHORT,58,58
2025-12-29,DAILY_OPEN_LONG,LONG,88,88
2025-12-29,WEEKLY_OPEN_LONG,LONG,88,88
2025-12-29,PD_POC_LONG,LONG,58,58
2025-12-29,PD_VAL_LONG,LONG,58,58
2025-12-29,OR5_LOW_LONG,LONG,58,58
2025-12-29,IB_LOW_LONG,LONG,88,88
2025-12-29,FLOOR_S1_LONG,LONG,58,58
2025-12-29,PD_LOW_LONG,LONG,58,58
2025-12-29,IB_BEARISH,SHORT,119,119
2025-12-29,OPEN_TEST_DRIVE_LONG,LONG,33.25,33.25
2025-12-29,VALUE_AREA_RESPONSIVE_SHORT,SHORT,-61.5,-61.5
2025-12-29,VALUE_AREA_RESPONSIVE_LONG,LONG,4.75,4.75
2025-12-29,STOP_SWEEP_LONG,LONG,88,88
2025-12-29,STOP_SWEEP_LONG,LONG,88,88
2025-12-30,PD_VAL_LONG,LONG,78,78
2025-12-30,PD_OR_MID_LONG,LONG,78,78
2025-12-30,FLOOR_PIVOT_LONG,LONG,78,78
2025-12-30,OR5_LOW_LONG,LONG,78,78
2025-12-30,DAILY_OPEN_LONG,LONG,78,78
2025-12-30,PD_CLOSE_LONG,LONG,78,78
2025-12-30,PD_LOW_LONG,LONG,118,118
2025-12-30,PD_POC_SHORT,SHORT,78,78
2025-12-30,PD_VAH_SHORT,SHORT,78,78
2025-12-30,PD_IB_MID_SHORT,SHORT,78,78
2025-12-30,OR5_HIGH_SHORT,SHORT,78,78
2025-12-30,M1_VAH_SHORT,SHORT,78,78
2025-12-30,FLOOR_R1_SHORT,SHORT,78,78
2025-12-30,5D_OR_MID_SHORT,SHORT,78,78
2025-12-30,IB_LOW_LONG,LONG,78,78
2025-12-30,IB_HIGH_SHORT,SHORT,78,78
2025-12-30,PD_HIGH_SHORT,SHORT,78,78
2025-12-30,PD_IB_LOW_LONG,LONG,-2,-2
2025-12-30,IB_BULLISH,LONG,-1.25,-1.25
2025-12-30,VALUE_AREA_RESPONSIVE_SHORT,SHORT,86.5,86.5
2025-12-30,VALUE_AREA_RESPONSIVE_LONG,LONG,-50,-50
2025-12-30,TRT_SHORT,SHORT,-153.76000000000204,-153.76000000000204
2025-12-30,STOP_SWEEP_SHORT,SHORT,88,88
2025-12-30,STOP_SWEEP_LONG,LONG,-32,-32
2025-12-31,PD_IB_LOW_LONG,LONG,-182,-182
2025-12-31,DAILY_OPEN_LONG,LONG,-182,-182
2025-12-31,PD2_VAL_LONG,LONG,-182,-182
2025-12-31,PD_VAH_LONG,LONG,-182,-182
2025-12-31,PW_LOW_LONG,LONG,-182,-182
2025-12-31,FLOOR_R1_LONG,LONG,-182,-182
2025-12-31,OR5_LOW_LONG,LONG,-182,-182
2025-12-31,PD_POC_LONG,LONG,78,78
2025-12-31,10D_IB_MID_LONG,LONG,78,78
2025-12-31,IB_LOW_LONG,LONG,78,78
2025-12-31,PD_VAL_LONG,LONG,78,78
2025-12-31,FLOOR_PIVOT_LONG,LONG,-182,-182
2025-12-31,PD_CLOSE_LONG,LONG,-22,-22
2025-12-31,PD_LOW_LONG,LONG,-2,-2
2025-12-31,IB_BEARISH,SHORT,133,133
2025-12-31,OPEN_TEST_DRIVE_SHORT,SHORT,192,192
2025-12-31,STOP_SWEEP_LONG,LONG,-32,-32
2025-12-31,STOP_SWEEP_SHORT,SHORT,58,58
2026-01-02,OR5_LOW_LONG,LONG,118,118
2026-01-02,PD_IB_HIGH_LONG,LONG,78,78
2026-01-02,FLOOR_R1_LONG,LONG,78,78
2026-01-02,DAILY_OPEN_LONG,LONG,78,78
2026-01-02,MONTHLY_OPEN_LONG,LONG,78,78
2026-01-02,PD2_VAL_LONG,LONG,78,78
2026-01-02,PD_OR_MID_SHORT,SHORT,-182,-182
2026-01-02,PD_IB_MID_LONG,LONG,118,118
2026-01-02,PM_VAH_SHORT,SHORT,78,78
2026-01-02,M1_VAH_SHORT,SHORT,78,78
2026-01-02,PD2_VAH_SHORT,SHORT,78,78
2026-01-02,PD_HIGH_SHORT,SHORT,118,118
2026-01-02,5D_OR_MID_SHORT,SHORT,118,118
2026-01-02,OR5_HIGH_LONG,LONG,-182,-182
2026-01-02,2D_POC_LONG,LONG,-182,-182
2026-01-02,PW_LOW_LONG,LONG,-182,-182
2026-01-02,10D_IB_MID_LONG,LONG,-182,-182
2026-01-02,PD_IB_LOW_LONG,LONG,-182,-182
2026-01-02,PD_VAH_LONG,LONG,-182,-182
2026-01-02,FLOOR_PIVOT_LONG,LONG,78,78
2026-01-02,PD_CLOSE_LONG,LONG,-182,-182
2026-01-02,PD_POC_LONG,LONG,-182,-182
2026-01-02,PD_VAL_LONG,LONG,78,78
2026-01-02,PD_LOW_LONG,LONG,78,78
2026-01-02,IB_BULLISH,LONG,-260,-260
2026-01-02,OPEN_TEST_DRIVE_SHORT,SHORT,-219.47499999999854,-219.47499999999854
2026-01-02,TRT_SHORT,SHORT,-227.62000000000262,-227.62000000000262
2026-01-02,VWAP_MAGNET_LONG,LONG,-62,-62
2026-01-02,STOP_SWEEP_SHORT,SHORT,-32,-32
2026-01-02,STOP_SWEEP_LONG,LONG,88,88
2026-01-05,PD_VAL_LONG,LONG,88,88
2026-01-05,PD_CLOSE_LONG,LONG,88,88
2026-01-05,OR5_LOW_LONG,LONG,88,88
2026-01-05,2D_POC_LONG,LONG,88,88
2026-01-05,PD_POC_LONG,LONG,58,58
2026-01-05,PD_LOW_LONG,LONG,88,88
2026-01-05,FLOOR_PIVOT_SHORT,SHORT,58,58
2026-01-05,PD_IB_LOW_SHORT,SHORT,88,88
2026-01-05,PD2_VAH_SHORT,SHORT,88,88
2026-01-05,DAILY_OPEN_SHORT,SHORT,-122,-122
2026-01-05,WEEKLY_OPEN_SHORT,SHORT,-122,-122
2026-01-05,PD_VAH_SHORT,SHORT,-122,-122
2026-01-05,10D_IB_MID_SHORT,SHORT,-122,-122
2026-01-05,OR5_HIGH_SHORT,SHORT,58,58
2026-01-05,FLOOR_R1_SHORT,SHORT,58,58
2026-01-05,MONTHLY_OPEN_SHORT,SHORT,58,58
2026-01-05,IB_HIGH_SHORT,SHORT,58,58
2026-01-05,PD_OR_MID_SHORT,SHORT,58,58
2026-01-05,PD_HIGH_SHORT,SHORT,58,58
2026-01-05,IB_BEARISH,SHORT,-142.27999999999884,-142.27999999999884
2026-01-05,C_STANDALONE_DOWN,SHORT,19.75,19.75
2026-01-05,OPEN_TEST_DRIVE_SHORT,SHORT,19.75,19.75
2026-01-05,STOP_SWEEP_SHORT,SHORT,-32,-32
2026-01-05,STOP_SWEEP_SHORT,SHORT,-32,-32
2026-01-06,PD_VAL_LONG,LONG,78,78
2026-01-06,5D_OR_MID_LONG,LONG,78,78
2026-01-06,PD_IB_HIGH_LONG,LONG,78,78
2026-01-06,FLOOR_S1_LONG,LONG,78,78
2026-01-06,PD_OR_MID_LONG,LONG,78,78
2026-01-06,OR5_LOW_LONG,LONG,78,78
2026-01-06,DAILY_OPEN_LONG,LONG,78,78
2026-01-06,PD_LOW_LONG,LONG,118,118
2026-01-06,PD_IB_MID_LONG,LONG,118,118
2026-01-06,OR5_HIGH_SHORT,SHORT,-182,-182
2026-01-06,MONTHLY_OPEN_SHORT,SHORT,-182,-182
2026-01-06,10D_IB_MID_SHORT,SHORT,-182,-182
2026-01-06,PM_VAH_SHORT,SHORT,78,78
2026-01-06,M1_VAH_SHORT,SHORT,78,78
2026-01-06,PD_POC_SHORT,SHORT,78,78
2026-01-06,FLOOR_PIVOT_SHORT,SHORT,78,78
2026-01-06,PD_VAH_SHORT,SHORT,78,78
2026-01-06,IB_HIGH_LONG,LONG,-182,-182
2026-01-06,PD_CLOSE_SHORT,SHORT,-23.5,-23.5
2026-01-06,PW_HIGH_SHORT,SHORT,-19.5,-19.5
2026-01-06,PD_HIGH_SHORT,SHORT,19,19
2026-01-06,IB_BULLISH,LONG,31.5,31.5
2026-01-06,OPEN_TEST_DRIVE_SHORT,SHORT,-138.65000000000146,-138.65000000000146
2026-01-06,VALUE_AREA_RESPONSIVE_SHORT,SHORT,209.5,209.5
2026-01-06,VALUE_AREA_RESPONSIVE_LONG,LONG,-50.5,-50.5
2026-01-06,TRT_SHORT,SHORT,-150.26000000000204,-150.26000000000204
2026-01-06,STOP_SWEEP_LONG,LONG,-32,-32
2026-01-06,STOP_SWEEP_SHORT,SHORT,-32,-32
2026-01-07,PD_CLOSE_SHORT,SHORT,-182,-182
2026-01-07,OR5_HIGH_SHORT,SHORT,-182,-182
2026-01-07,PW_HIGH_SHORT,SHORT,-182,-182
2026-01-07,PD_VAL_SHORT,SHORT,-182,-182
2026-01-07,3M_VAH_SHORT,SHORT,-182,-182
2026-01-07,DAILY_OPEN_SHORT,SHORT,-182,-182
2026-01-07,FLOOR_PIVOT_SHORT,SHORT,78,78
2026-01-07,IB_HIGH_SHORT,SHORT,78,78
2026-01-07,PD_POC_SHORT,SHORT,118,118
2026-01-07,PD_VAH_SHORT,SHORT,78,78
2026-01-07,FLOOR_R1_SHORT,SHORT,78,78
2026-01-07,PD_HIGH_SHORT,SHORT,78,78
2026-01-07,IB_BULLISH,LONG,205.5,205.5
2026-01-07,OPEN_TEST_DRIVE_LONG,LONG,217.5,217.5
2026-01-07,BRACKET_BREAKOUT_LONG,LONG,-55,-55
2026-01-07,STOP_SWEEP_SHORT,SHORT,-32,-32
2026-01-07,STOP_SWEEP_LONG,LONG,-32,-32
2026-01-08,5D_OR_MID_LONG,LONG,-182,-182
2026-01-08,OR5_LOW_LONG,LONG,-182,-182
2026-01-08,10D_IB_MID_LONG,LONG,-182,-182
2026-01-08,PD_VAH_LONG,LONG,-182,-182
2026-01-08,PD_CLOSE_LONG,LONG,-182,-182
2026-01-08,FLOOR_PIVOT_LONG,LONG,-182,-182
2026-01-08,MONTHLY_OPEN_LONG,LONG,-182,-182
2026-01-08,PD_POC_LONG,LONG,78,78
2026-01-08,PD2_VAL_LONG,LONG,78,78
2026-01-08,PD_VAL_LONG,LONG,118,118
2026-01-08,PD_LOW_LONG,LONG,118,118
2026-01-08,IB_LOW_LONG,LONG,78,78
2026-01-08,IB_BEARISH,SHORT,-185.5,-185.5
2026-01-08,OPEN_TEST_DRIVE_SHORT,SHORT,132,132
2026-01-08,STOP_SWEEP_LONG,LONG,-32,-32
2026-01-08,STOP_SWEEP_SHORT,SHORT,-32,-32
2026-01-09,PD_IB_MID_SHORT,SHORT,78,78
2026-01-09,FLOOR_S1_SHORT,SHORT,78,78
2026-01-09,OR5_HIGH_SHORT,SHORT,78,78
2026-01-09,DAILY_OPEN_SHORT,SHORT,78,78
2026-01-09,5D_OR_MID_SHORT,SHORT,78,78
2026-01-09,10D_IB_MID_SHORT,SHORT,78,78
2026-01-09,PD_VAL_SHORT,SHORT,78,78
2026-01-09,PD_OR_MID_SHORT,SHORT,78,78
2026-01-09,PM_VAH_SHORT,SHORT,78,78
2026-01-09,MONTHLY_OPEN_LONG,LONG,118,118
2026-01-09,OR5_LOW_LONG,LONG,118,118
2026-01-09,2D_POC_LONG,LONG,118,118
2026-01-09,PD_IB_HIGH_SHORT,SHORT,78,78
2026-01-09,PW_HIGH_SHORT,SHORT,78,78
2026-01-09,PD2_VAL_SHORT,SHORT,78,78
2026-01-09,FLOOR_PIVOT_SHORT,SHORT,78,78
2026-01-09,3M_VAH_SHORT,SHORT,78,78
2026-01-09,M1_VAH_SHORT,SHORT,78,78
2026-01-09,IB_HIGH_LONG,LONG,78,78
2026-01-09,PD_CLOSE_SHORT,SHORT,-31.5,-31.5
2026-01-09,PD2_VAH_SHORT,SHORT,78,78
2026-01-09,PD_POC_SHORT,SHORT,31.5,31.5
2026-01-09,PD_VAH_SHORT,SHORT,64.5,64.5
2026-01-09,PD_HIGH_SHORT,SHORT,78,78
2026-01-09,OPEN_TEST_DRIVE_LONG,LONG,-149,-149
2026-01-09,TRT_SHORT,SHORT,-213.12000000000262,-213.12000000000262
2026-01-09,VWAP_MAGNET_SHORT,SHORT,58,58
2026-01-09,STOP_SWEEP_SHORT,SHORT,-32,-32
2026-01-09,STOP_SWEEP_LONG,LONG,88,88
2026-01-12,OR5_HIGH_SHORT,SHORT,-122,-122
2026-01-12,3M_VAH_SHORT,SHORT,-122,-122
2026-01-12,M1_VAH_SHORT,SHORT,-122,-122
2026-01-12,PD_VAL_SHORT,SHORT,58,58
2026-01-12,FLOOR_PIVOT_SHORT,SHORT,58,58
2026-01-12,IB_HIGH_SHORT,SHORT,-122,-122
2026-01-12,PD_CLOSE_SHORT,SHORT,-122,-122
2026-01-12,PD_POC_SHORT,SHORT,-122,-122
2026-01-12,PD_VAH_SHORT,SHORT,58,58
2026-01-12,PW_HIGH_SHORT,SHORT,58,58
2026-01-12,PD_HIGH_SHORT,SHORT,58,58
2026-01-12,IB_BULLISH,LONG,203,203
2026-01-12,STOP_SWEEP_LONG,LONG,88,88
2026-01-12,STOP_SWEEP_LONG,LONG,58,58
2026-01-13,OR5_HIGH_SHORT,SHORT,78,78
2026-01-13,PW_HIGH_SHORT,SHORT,78,78
2026-01-13,PD2_VAH_SHORT,SHORT,78,78
2026-01-13,FLOOR_R1_SHORT,SHORT,118,118
2026-01-13,PD_HIGH_SHORT,SHORT,118,118
2026-01-13,PD_VAH_LONG,LONG,-182,-182
2026-01-13,DAILY_OPEN_LONG,LONG,-182,-182
2026-01-13,OR5_LOW_LONG,LONG,-182,-182
2026-01-13,PD_CLOSE_LONG,LONG,-182,-182
2026-01-13,FLOOR_PIVOT_LONG,LONG,-182,-182
2026-01-13,M1_VAH_LONG,LONG,-182,-182
2026-01-13,2D_POC_LONG,LONG,-182,-182
2026-01-13,PD_IB_HIGH_LONG,LONG,-182,-182
2026-01-13,3M_VAH_LONG,LONG,78,78
2026-01-13,PD_POC_LONG,LONG,78,78
2026-01-13,PD_IB_MID_LONG,LONG,78,78
2026-01-13,PD_VAL_LONG,LONG,78,78
2026-01-13,PD_LOW_LONG,LONG,78,78
2026-01-13,PD_OR_MID_LONG,LONG,78,78
2026-01-13,IB_LOW_SHORT,SHORT,78,78
2026-01-13,OPEN_TEST_DRIVE_LONG,LONG,-121,-121
2026-01-13,TRT_SHORT,SHORT,165.5,165.5
2026-01-13,BRACKET_BREAKOUT_LONG,LONG,-176.90000000000146,-176.90000000000146
2026-01-13,VWAP_MAGNET_LONG,LONG,38,38
2026-01-13,STOP_SWEEP_SHORT,SHORT,-32,-32
2026-01-13,STOP_SWEEP_LONG,LONG,-32,-32
2026-01-14,DAILY_OPEN_SHORT,SHORT,118,118
2026-01-14,PM_VAH_SHORT,SHORT,118,118
2026-01-14,MONTHLY_OPEN_SHORT,SHORT,78,78
2026-01-14,OR5_LOW_LONG,LONG,-182,-182
2026-01-14,PD_CLOSE_LONG,LONG,-182,-182
2026-01-14,PD_VAH_LONG,LONG,118,118
2026-01-14,FLOOR_PIVOT_LONG,LONG,118,118
2026-01-14,PW_LOW_LONG,LONG,78,78
2026-01-14,IB_LOW_LONG,LONG,78,78
2026-01-14,PD_POC_LONG,LONG,78,78
2026-01-14,PD_VAL_LONG,LONG,78,78
2026-01-14,FLOOR_S1_LONG,LONG,78,78
2026-01-14,PD_LOW_LONG,LONG,78,78
2026-01-14,IB_BEARISH,SHORT,196.5,196.5
2026-01-14,OPEN_TEST_DRIVE_SHORT,SHORT,440.5,440.5
2026-01-14,VWAP_MAGNET_LONG,LONG,58,58
2026-01-14,STOP_SWEEP_SHORT,SHORT,88,88
2026-01-14,STOP_SWEEP_SHORT,SHORT,88,88
2026-01-15,FLOOR_R1_LONG,LONG,78,78
2026-01-15,OR5_LOW_LONG,LONG,78,78
2026-01-15,2D_POC_LONG,LONG,118,118
2026-01-15,3M_VAH_LONG,LONG,78,78
2026-01-15,PD_POC_SHORT,SHORT,78,78
2026-01-15,PD_VAH_SHORT,SHORT,78,78
2026-01-15,DAILY_OPEN_SHORT,SHORT,78,78
2026-01-15,IB_LOW_LONG,LONG,78,78
2026-01-15,PD_VAL_LONG,LONG,78,78
2026-01-15,5D_OR_MID_LONG,LONG,78,78
2026-01-15,PD2_VAL_LONG,LONG,78,78
2026-01-15,OR5_HIGH_SHORT,SHORT,78,78
2026-01-15,PD_IB_HIGH_LONG,LONG,-182,-182
2026-01-15,FLOOR_PIVOT_LONG,LONG,-182,-182
2026-01-15,PM_VAH_LONG,LONG,78,78
2026-01-15,PD_OR_MID_LONG,LONG,-48,-48
2026-01-15,10D_IB_MID_LONG,LONG,-37.5,-37.5
2026-01-15,PD_CLOSE_LONG,LONG,-26.5,-26.5
2026-01-15,PD_IB_MID_LONG,LONG,41.5,41.5
2026-01-15,MONTHLY_OPEN_LONG,LONG,41.5,41.5
2026-01-15,OPEN_TEST_DRIVE_SHORT,SHORT,114.5,114.5
2026-01-15,VALUE_AREA_RESPONSIVE_SHORT,SHORT,34,34
2026-01-15,VALUE_AREA_RESPONSIVE_LONG,LONG,-27,-27
2026-01-15,VWAP_MAGNET_LONG,LONG,38,38
2026-01-15,STOP_SWEEP_LONG,LONG,-32,-32
2026-01-15,STOP_SWEEP_SHORT,SHORT,-32,-32
2026-01-16,FLOOR_R1_LONG,LONG,-182,-182
2026-01-16,DAILY_OPEN_LONG,LONG,-182,-182
2026-01-16,PD_IB_LOW_LONG,LONG,-182,-182
2026-01-16,OR5_LOW_LONG,LONG,-182,-182
2026-01-16,5D_OR_MID_LONG,LONG,-182,-182
2026-01-16,PD_VAH_LONG,LONG,-182,-182
2026-01-16,PM_VAH_LONG,LONG,-182,-182
2026-01-16,10D_IB_MID_LONG,LONG,-182,-182
2026-01-16,PD_POC_LONG,LONG,-182,-182
2026-01-16,FLOOR_PIVOT_LONG,LONG,-182,-182
2026-01-16,PD_CLOSE_LONG,LONG,-182,-182
2026-01-16,MONTHLY_OPEN_LONG,LONG,-182,-182
2026-01-16,PD_VAL_LONG,LONG,118,118
2026-01-16,PD2_VAH_LONG,LONG,78,78
2026-01-16,PD_LOW_LONG,LONG,78,78
2026-01-16,IB_LOW_SHORT,SHORT,78,78
2026-01-16,IB_BEARISH,SHORT,119,119
2026-01-16,OPEN_TEST_DRIVE_SHORT,SHORT,305,305
2026-01-16,VWAP_MAGNET_LONG,LONG,-62,-62
2026-01-16,STOP_SWEEP_SHORT,SHORT,-32,-32
2026-01-16,STOP_SWEEP_LONG,LONG,-32,-32
2026-01-19,PD_LOW_LONG,LONG,58,58
2026-01-19,OR5_LOW_LONG,LONG,58,58
2026-01-19,PM_VAL_LONG,LONG,58,58
2026-01-19,PD_VAL_SHORT,SHORT,-122,-122
2026-01-19,FLOOR_S1_SHORT,SHORT,-122,-122
2026-01-19,DAILY_OPEN_SHORT,SHORT,-122,-122
2026-01-19,WEEKLY_OPEN_SHORT,SHORT,-122,-122
2026-01-19,OR5_HIGH_SHORT,SHORT,-122,-122
2026-01-19,PD_POC_SHORT,SHORT,-122,-122
2026-01-19,FLOOR_PIVOT_SHORT,SHORT,58,58
2026-01-19,IB_HIGH_SHORT,SHORT,-122,-122
2026-01-19,PD_VAH_SHORT,SHORT,58,58
2026-01-19,PD_CLOSE_SHORT,SHORT,-27.5,-27.5
2026-01-19,PD_HIGH_SHORT,SHORT,8.5,8.5
2026-01-19,PW_LOW_SHORT,SHORT,17,17
2026-01-19,IB_BULLISH,LONG,128.5,128.5
2026-01-19,VALUE_AREA_RESPONSIVE_SHORT,SHORT,-72.5,-72.5
2026-01-19,VALUE_AREA_RESPONSIVE_LONG,LONG,-21.5,-21.5
2026-01-19,STOP_SWEEP_SHORT,SHORT,58,58
2026-01-19,STOP_SWEEP_SHORT,SHORT,58,58
2026-01-20,PD_IB_HIGH_SHORT,SHORT,78,78
2026-01-20,PD_IB_MID_SHORT,SHORT,-182,-182
2026-01-20,PD_OR_MID_SHORT,SHORT,-182,-182
2026-01-20,PD_VAH_SHORT,SHORT,118,118
2026-01-20,PD_IB_LOW_LONG,LONG,118,118
2026-01-20,DAILY_OPEN_LONG,LONG,118,118
2026-01-20,PM_VAL_LONG,LONG,118,118
2026-01-20,OR5_HIGH_SHORT,SHORT,118,118
2026-01-20,FLOOR_R1_SHORT,SHORT,78,78
2026-01-20,IB_HIGH_SHORT,SHORT,78,78
2026-01-20,PD_HIGH_SHORT,SHORT,78,78
2026-01-20,PW_LOW_SHORT,SHORT,78,78
2026-01-20,OR5_LOW_LONG,LONG,-182,-182
2026-01-20,IB_LOW_LONG,LONG,-182,-182
2026-01-20,FLOOR_PIVOT_LONG,LONG,-182,-182
2026-01-20,3M_VAL_LONG,LONG,-182,-182
2026-01-20,PD_CLOSE_LONG,LONG,-25.5,-25.5
2026-01-20,PD_POC_LONG,LONG,5,5
2026-01-20,PD_VAL_LONG,LONG,62.5,62.5
2026-01-20,PD_LOW_LONG,LONG,62.5,62.5
2026-01-20,IB_BULLISH,LONG,72.5,72.5
2026-01-20,VALUE_AREA_RESPONSIVE_SHORT,SHORT,-25,-25
2026-01-20,VWAP_MAGNET_LONG,LONG,-62,-62
2026-01-20,STOP_SWEEP_LONG,LONG,-32,-32
2026-01-20,STOP_SWEEP_SHORT,SHORT,-32,-32
2026-01-21,OR5_LOW_LONG,LONG,118,118
2026-01-21,FLOOR_S1_SHORT,SHORT,-182,-182
2026-01-21,DAILY_OPEN_SHORT,SHORT,-182,-182
2026-01-21,PD_VAL_SHORT,SHORT,118,118
2026-01-21,PD_LOW_LONG,LONG,118,118
2026-01-21,OR5_HIGH_SHORT,SHORT,-182,-182
2026-01-21,3M_VAL_SHORT,SHORT,-182,-182
2026-01-21,PD_IB_LOW_SHORT,SHORT,-182,-182
2026-01-21,PM_VAL_SHORT,SHORT,-182,-182
2026-01-21,PD_OR_MID_SHORT,SHORT,-182,-182
2026-01-21,PD2_VAL_SHORT,SHORT,-182,-182
2026-01-21,PD_IB_MID_SHORT,SHORT,-182,-182
2026-01-21,2D_POC_SHORT,SHORT,78,78
2026-01-21,PD_IB_HIGH_SHORT,SHORT,-182,-182
2026-01-21,PD2_VAH_SHORT,SHORT,-182,-182
2026-01-21,FLOOR_PIVOT_SHORT,SHORT,-182,-182
2026-01-21,PW_LOW_SHORT,SHORT,78,78
2026-01-21,PD_POC_SHORT,SHORT,78,78
2026-01-21,PD_CLOSE_SHORT,SHORT,78,78
2026-01-21,IB_HIGH_LONG,LONG,-182,-182
2026-01-21,PD_VAH_SHORT,SHORT,-182,-182
2026-01-21,M1_VAL_SHORT,SHORT,-182,-182
2026-01-21,5D_OR_MID_SHORT,SHORT,78,78
2026-01-21,PD_HIGH_SHORT,SHORT,118,332.5
2026-01-21,IB_BULLISH,LONG,375,375
2026-01-21,OPEN_TEST_DRIVE_SHORT,SHORT,-229.59999999999854,-229.59999999999854
2026-01-21,VALUE_AREA_RESPONSIVE_LONG,LONG,-35,-35
2026-01-21,TRT_SHORT,SHORT,-239,-239
2026-01-21,VWAP_MAGNET_SHORT,SHORT,-62,-62
2026-01-21,STOP_SWEEP_SHORT,SHORT,-32,-32
2026-01-21,STOP_SWEEP_SHORT,SHORT,-32,-32
2026-01-22,PD_CLOSE_LONG,LONG,-182,-182
2026-01-22,FLOOR_PIVOT_LONG,LONG,-182,-182
2026-01-22,OR5_LOW_LONG,LONG,-182,-182
2026-01-22,10D_IB_MID_LONG,LONG,-182,-182
2026-01-22,PD_POC_LONG,LONG,-182,-182
2026-01-22,MONTHLY_OPEN_LONG,LONG,-182,-182
2026-01-22,PD_VAL_LONG,LONG,78,78
2026-01-22,M1_VAL_LONG,LONG,118,118
2026-01-22,FLOOR_S1_LONG,LONG,78,78
2026-01-22,5D_OR_MID_LONG,LONG,78,78
2026-01-22,PD_LOW_LONG,LONG,78,78
2026-01-22,PD_VAH_SHORT,SHORT,78,78
2026-01-22,DAILY_OPEN_SHORT,SHORT,78,78
2026-01-22,PD_HIGH_SHORT,SHORT,78,78
2026-01-22,OR5_HIGH_SHORT,SHORT,78,78
2026-01-22,IB_HIGH_SHORT,SHORT,78,78
2026-01-22,IB_BEARISH,SHORT,-207,-207
2026-01-22,VALUE_AREA_RESPONSIVE_LONG,LONG,-12,-12
2026-01-22,STOP_SWEEP_LONG,LONG,-32,-32
2026-01-22,STOP_SWEEP_SHORT,SHORT,-32,-32
2026-01-23,FLOOR_S1_LONG,LONG,78,78
2026-01-23,OR5_LOW_LONG,LONG,78,78
2026-01-23,DAILY_OPEN_LONG,LONG,78,78
2026-01-23,PD_LOW_LONG,LONG,118,118
2026-01-23,10D_IB_MID_SHORT,SHORT,78,78
2026-01-23,PD_IB_MID_SHORT,SHORT,-182,-182
2026-01-23,OR5_HIGH_SHORT,SHORT,-182,-182
2026-01-23,2D_POC_SHORT,SHORT,-182,-182
2026-01-23,PD_VAL_SHORT,SHORT,-182,-182
2026-01-23,MONTHLY_OPEN_SHORT,SHORT,-182,-182
2026-01-23,PD_OR_MID_SHORT,SHORT,-182,-182
2026-01-23,FLOOR_PIVOT_SHORT,SHORT,-182,-182
2026-01-23,PD_POC_SHORT,SHORT,-182,-182
2026-01-23,PD_CLOSE_SHORT,SHORT,-182,-182
2026-01-23,PD_IB_HIGH_SHORT,SHORT,-182,-182
2026-01-23,PM_VAH_SHORT,SHORT,-182,-182
2026-01-23,PD_VAH_SHORT,SHORT,78,78
2026-01-23,PD_HIGH_SHORT,SHORT,78,78
2026-01-23,IB_BULLISH,LONG,261.5,261.5
2026-01-23,OPEN_TEST_DRIVE_SHORT,SHORT,-214.0749999999971,-214.0749999999971
2026-01-23,TRT_SHORT,SHORT,-224.62000000000262,-224.62000000000262
2026-01-23,VWAP_MAGNET_SHORT,SHORT,-62,-62
2026-01-23,STOP_SWEEP_LONG,LONG,-32,-32
2026-01-23,STOP_SWEEP_LONG,LONG,-32,-32
2026-01-26,OR5_HIGH_SHORT,SHORT,-122,-122
2026-01-26,FLOOR_PIVOT_SHORT,SHORT,-122,-122
2026-01-26,PD_VAL_SHORT,SHORT,-122,-122
2026-01-26,PD_CLOSE_SHORT,SHORT,58,58
2026-01-26,PW_HIGH_SHORT,SHORT,58,58
2026-01-26,PD_POC_SHORT,SHORT,58,58
2026-01-26,IB_HIGH_LONG,LONG,58,58
2026-01-26,3M_VAH_SHORT,SHORT,58,58
2026-01-26,PD_VAH_SHORT,SHORT,58,58
2026-01-26,PD_HIGH_SHORT,SHORT,58,58
2026-01-26,OPEN_TEST_DRIVE_LONG,LONG,267.5,267.5
2026-01-26,BRACKET_BREAKOUT_LONG,LONG,-24,-24
2026-01-26,STOP_SWEEP_LONG,LONG,-32,-32
2026-01-26,STOP_SWEEP_SHORT,SHORT,-32,-32
2026-01-27,FLOOR_S1_LONG,LONG,78,78
2026-01-27,OR5_LOW_LONG,LONG,78,78
2026-01-27,PD_LOW_LONG,LONG,118,118
2026-01-27,M1_VAH_SHORT,SHORT,-182,-182
2026-01-27,DAILY_OPEN_SHORT,SHORT,-182,-182
2026-01-27,OR5_HIGH_SHORT,SHORT,-182,-182
2026-01-27,FLOOR_PIVOT_SHORT,SHORT,-99.5,-99.5
2026-01-27,PD_VAL_SHORT,SHORT,-79.5,-79.5
2026-01-27,PD_CLOSE_SHORT,SHORT,-21.5,-21.5
2026-01-27,IB_HIGH_SHORT,SHORT,-49,-49
2026-01-27,PD_POC_SHORT,SHORT,78,78
2026-01-27,PD_VAH_SHORT,SHORT,78,78
2026-01-27,PD_HIGH_SHORT,SHORT,78,78
2026-01-27,OPEN_TEST_DRIVE_SHORT,SHORT,-165.25,-165.25
2026-01-27,BRACKET_BREAKOUT_LONG,LONG,187,187
2026-01-27,STOP_SWEEP_LONG,LONG,-32,-32
2026-01-27,STOP_SWEEP_SHORT,SHORT,-32,-32
2026-01-28,OR5_LOW_LONG,LONG,78,78
2026-01-28,PD_VAH_LONG,LONG,118,118
2026-01-28,DAILY_OPEN_LONG,LONG,118,118
2026-01-28,FLOOR_R1_SHORT,SHORT,78,78
2026-01-28,OR5_HIGH_SHORT,SHORT,78,78
2026-01-28,PD_HIGH_SHORT,SHORT,118,118
2026-01-28,IB_LOW_SHORT,SHORT,78,78
2026-01-28,FLOOR_PIVOT_LONG,LONG,-182,-182
2026-01-28,PD_POC_LONG,LONG,78,78
2026-01-28,PD_CLOSE_LONG,LONG,78,78
2026-01-28,PD_VAL_LONG,LONG,78,78
2026-01-28,PD_LOW_LONG,LONG,78,78
2026-01-28,IB_BEARISH,SHORT,282.5,282.5
2026-01-28,OPEN_TEST_DRIVE_SHORT,SHORT,221.5,221.5
2026-01-28,TRT_LONG,LONG,-178.5,-178.5
2026-01-28,BRACKET_BREAKOUT_LONG,LONG,-207,-207
2026-01-28,STOP_SWEEP_LONG,LONG,-32,-32
2026-01-28,STOP_SWEEP_LONG,LONG,88,88
2026-01-29,2D_POC_LONG,LONG,-182,-182
2026-01-29,PD2_VAL_LONG,LONG,-182,-182
2026-01-29,PD_CLOSE_LONG,LONG,-182,-182
2026-01-29,M1_VAH_LONG,LONG,-182,-182
2026-01-29,5D_OR_MID_LONG,LONG,-182,-182
2026-01-29,FLOOR_PIVOT_LONG,LONG,-182,-182
2026-01-29,3M_VAH_LONG,LONG,-182,-182
2026-01-29,PD_VAH_LONG,LONG,-182,-182
2026-01-29,PD_POC_LONG,LONG,-182,-182
2026-01-29,PM_VAH_LONG,LONG,118,118
2026-01-29,MONTHLY_OPEN_LONG,LONG,-182,-182
2026-01-29,10D_IB_MID_LONG,LONG,-182,-182
2026-01-29,FLOOR_S1_LONG,LONG,-182,-182
2026-01-29,PD_VAL_LONG,LONG,78,78
2026-01-29,PD_LOW_LONG,LONG,118,118
2026-01-29,PW_HIGH_SHORT,SHORT,78,78
2026-01-29,IB_LOW_SHORT,SHORT,78,78
2026-01-29,IB_BEARISH,SHORT,454.5,454.5
2026-01-29,OPEN_TEST_DRIVE_SHORT,SHORT,959.5,959.5
2026-01-29,VWAP_MAGNET_LONG,LONG,-62,-62
2026-01-29,STOP_SWEEP_SHORT,SHORT,88,88
2026-01-29,STOP_SWEEP_LONG,LONG,-32,-32
2026-01-30,FLOOR_R1_SHORT,SHORT,118,118
2026-01-30,3M_VAH_SHORT,SHORT,118,118
2026-01-30,PD_VAH_SHORT,SHORT,78,78
2026-01-30,PD_IB_LOW_SHORT,SHORT,78,78
2026-01-30,OR5_HIGH_SHORT,SHORT,118,118
2026-01-30,PD_HIGH_SHORT,SHORT,118,118
2026-01-30,5D_OR_MID_SHORT,SHORT,118,118
2026-01-30,PW_HIGH_LONG,LONG,118,118
2026-01-30,DAILY_OPEN_LONG,LONG,78,78
2026-01-30,OR5_LOW_LONG,LONG,118,118
2026-01-30,IB_LOW_LONG,LONG,118,118
2026-01-30,PM_VAH_LONG,LONG,78,78
2026-01-30,FLOOR_PIVOT_LONG,LONG,78,78
2026-01-30,PD_POC_LONG,LONG,78,78
2026-01-30,MONTHLY_OPEN_LONG,LONG,78,78
2026-01-30,10D_IB_MID_LONG,LONG,78,78
2026-01-30,PD_CLOSE_LONG,LONG,-182,-182
2026-01-30,PD_VAL_LONG,LONG,78,78
2026-01-30,PD_LOW_LONG,LONG,118,118
2026-01-30,OPEN_TEST_DRIVE_LONG,LONG,-212.5,-212.5
2026-01-30,TRT_LONG,LONG,-288.8799999999974,-288.8799999999974
2026-01-30,VWAP_MAGNET_LONG,LONG,-62,-62
2026-01-30,STOP_SWEEP_SHORT,SHORT,-32,-32
2026-01-30,STOP_SWEEP_LONG,LONG,-32,-32
2026-02-02,OR5_HIGH_SHORT,SHORT,-122,-122
2026-02-02,10D_IB_MID_SHORT,SHORT,-122,-122
2026-02-02,PD_IB_LOW_SHORT,SHORT,88,88
2026-02-02,FLOOR_PIVOT_SHORT,SHORT,88,88
2026-02-02,2D_POC_SHORT,SHORT,88,88
2026-02-02,PD_VAL_SHORT,SHORT,-122,-122
2026-02-02,PD_POC_SHORT,SHORT,-122,-122
2026-02-02,PD_CLOSE_SHORT,SHORT,-122,-122
2026-02-02,PD_OR_MID_SHORT,SHORT,58,58
2026-02-02,PD_IB_MID_SHORT,SHORT,58,58
2026-02-02,PD2_VAH_SHORT,SHORT,58,58
2026-02-02,3M_VAH_SHORT,SHORT,58,58
2026-02-02,IB_HIGH_LONG,LONG,88,88
2026-02-02,PD_VAH_SHORT,SHORT,58,58
2026-02-02,PD_IB_HIGH_SHORT,SHORT,58,58
2026-02-02,PD_HIGH_SHORT,SHORT,58,58
2026-02-02,IB_BULLISH,LONG,393,393
2026-02-02,VWAP_MAGNET_SHORT,SHORT,58,58
2026-02-02,STOP_SWEEP_LONG,LONG,-32,-32
2026-02-02,STOP_SWEEP_LONG,LONG,88,88
2026-02-03,FLOOR_R1_LONG,LONG,-182,-182
2026-02-03,2D_POC_LONG,LONG,-182,-182
2026-02-03,OR5_LOW_LONG,LONG,-182,-182
2026-02-03,PD2_VAH_LONG,LONG,-182,-182
2026-02-03,PD_IB_HIGH_LONG,LONG,-182,-182
2026-02-03,10D_IB_MID_LONG,LONG,118,118
2026-02-03,PD_IB_MID_LONG,LONG,-182,-182
2026-02-03,PD_OR_MID_LONG,LONG,-182,-182
2026-02-03,M1_VAL_LONG,LONG,-182,-182
2026-02-03,PD2_VAL_LONG,LONG,-182,-182
2026-02-03,PD_POC_LONG,LONG,118,118
2026-02-03,MONTHLY_OPEN_LONG,LONG,118,118
2026-02-03,PD_IB_LOW_LONG,LONG,118,118
2026-02-03,FLOOR_PIVOT_LONG,LONG,118,118
2026-02-03,PW_LOW_LONG,LONG,118,118
2026-02-03,PM_VAL_LONG,LONG,118,118
2026-02-03,IB_LOW_SHORT,SHORT,118,118
2026-02-03,PD_CLOSE_SHORT,SHORT,118,14.5
2026-02-03,PD_VAL_LONG,LONG,78,78
2026-02-03,3M_VAL_LONG,LONG,78,78
2026-02-03,PD_LOW_LONG,LONG,78,78
2026-02-03,IB_BEARISH,SHORT,454.5,454.5
2026-02-03,OPEN_TEST_DRIVE_SHORT,SHORT,904.5,904.5
2026-02-03,VWAP_MAGNET_LONG,LONG,-62,-62
2026-02-03,STOP_SWEEP_SHORT,SHORT,88,88
2026-02-03,STOP_SWEEP_LONG,LONG,-32,-32
2026-02-04,PD_VAH_SHORT,SHORT,118,118
2026-02-04,FLOOR_R1_SHORT,SHORT,78,78
2026-02-04,OR5_HIGH_SHORT,SHORT,118,118
2026-02-04,DAILY_OPEN_SHORT,SHORT,118,118
2026-02-04,3M_VAL_LONG,LONG,118,118
2026-02-04,OR5_LOW_LONG,LONG,-182,-182
2026-02-04,IB_LOW_LONG,LONG,78,78
2026-02-04,PD_POC_LONG,LONG,78,78
2026-02-04,FLOOR_PIVOT_LONG,LONG,118,118
2026-02-04,PD_CLOSE_LONG,LONG,78,78
2026-02-04,PD_VAL_LONG,LONG,78,78
2026-02-04,PD_LOW_LONG,LONG,118,358
2026-02-04,IB_BEARISH,SHORT,379.5,379.5
2026-02-04,VALUE_AREA_RESPONSIVE_SHORT,SHORT,-49,-49
2026-02-04,VALUE_AREA_RESPONSIVE_LONG,LONG,-52.5,-52.5
2026-02-04,VWAP_MAGNET_LONG,LONG,-62,-62
2026-02-04,STOP_SWEEP_SHORT,SHORT,-32,-32
2026-02-04,STOP_SWEEP_LONG,LONG,-32,-32
2026-02-05,PD_VAH_SHORT,SHORT,-182,-182
2026-02-05,DAILY_OPEN_SHORT,SHORT,-182,-182
2026-02-05,FLOOR_R1_SHORT,SHORT,118,118
2026-02-05,OR5_HIGH_LONG,LONG,-182,-182
2026-02-05,FLOOR_PIVOT_LONG,LONG,-182,-182
2026-02-05,OR5_LOW_LONG,LONG,-182,-182
2026-02-05,PD_POC_LONG,LONG,-182,-182
2026-02-05,PD_CLOSE_LONG,LONG,-182,-182
2026-02-05,PD_VAL_LONG,LONG,118,118
2026-02-05,IB_LOW_SHORT,SHORT,118,118
2026-02-05,PD_LOW_LONG,LONG,118,118
2026-02-05,OPEN_TEST_DRIVE_LONG,LONG,-399,-399
2026-02-05,VALUE_AREA_RESPONSIVE_SHORT,SHORT,-13,-13
2026-02-05,TRT_SHORT,SHORT,-449.3799999999974,-449.3799999999974
2026-02-05,VWAP_MAGNET_LONG,LONG,58,58
2026-02-05,STOP_SWEEP_LONG,LONG,-32,-32
2026-02-05,STOP_SWEEP_LONG,LONG,-32,-32
2026-02-06,PD_VAL_SHORT,SHORT,-182,-182
2026-02-06,OR5_HIGH_SHORT,SHORT,-182,-182
2026-02-06,PD_IB_HIGH_SHORT,SHORT,118,118
2026-02-06,PD2_VAL_SHORT,SHORT,118,118
2026-02-06,PD_IB_MID_LONG,LONG,78,78
2026-02-06,FLOOR_S1_LONG,LONG,78,78
2026-02-06,DAILY_OPEN_LONG,LONG,118,118
2026-02-06,IB_HIGH_SHORT,SHORT,-182,-182
2026-02-06,FLOOR_PIVOT_SHORT,SHORT,78,78
2026-02-06,PD_POC_SHORT,SHORT,78,78
2026-02-06,PD_VAH_SHORT,SHORT,78,78
2026-02-06,PD_CLOSE_SHORT,SHORT,-13,-13
2026-02-06,3M_VAL_SHORT,SHORT,78,78
2026-02-06,PD_HIGH_SHORT,SHORT,118,118
2026-02-06,IB_BULLISH,LONG,554,554
2026-02-06,OPEN_TEST_DRIVE_LONG,LONG,425.5,425.5
2026-02-06,VWAP_MAGNET_SHORT,SHORT,-62,-62
2026-02-06,STOP_SWEEP_LONG,LONG,88,88
2026-02-06,STOP_SWEEP_LONG,LONG,-32,-32
2026-02-09,FLOOR_S1_SHORT,SHORT,-122,-122
2026-02-09,DAILY_OPEN_SHORT,SHORT,-122,-122
2026-02-09,WEEKLY_OPEN_SHORT,SHORT,-122,-122
2026-02-09,OR5_HIGH_SHORT,SHORT,-122,-122
2026-02-09,M1_VAL_SHORT,SHORT,58,58
2026-02-09,PD_VAL_SHORT,SHORT,58,58
2026-02-09,3M_VAL_SHORT,SHORT,58,58
2026-02-09,FLOOR_PIVOT_SHORT,SHORT,58,58
2026-02-09,5D_OR_MID_SHORT,SHORT,-122,-122
2026-02-09,PD_CLOSE_SHORT,SHORT,-122,-122
2026-02-09,PD_POC_SHORT,SHORT,-122,-122
2026-02-09,PD_VAH_SHORT,SHORT,58,58
2026-02-09,PD_HIGH_SHORT,SHORT,58,58
2026-02-09,IB_BULLISH,LONG,631.5,631.5
2026-02-09,OPEN_TEST_DRIVE_LONG,LONG,679,679
2026-02-09,VWAP_MAGNET_SHORT,SHORT,58,58
2026-02-09,STOP_SWEEP_SHORT,SHORT,-32,-32
2026-02-09,STOP_SWEEP_LONG,LONG,-32,-32
2026-02-10,FLOOR_R1_LONG,LONG,-182,-182
2026-02-10,DAILY_OPEN_LONG,LONG,-182,-182
2026-02-10,2D_POC_LONG,LONG,-182,-182
2026-02-10,OR5_LOW_LONG,LONG,78,78
2026-02-10,PD_POC_LONG,LONG,78,78
2026-02-10,5D_OR_MID_LONG,LONG,78,78
2026-02-10,FLOOR_PIVOT_LONG,LONG,78,78
2026-02-10,PD_VAL_LONG,LONG,118,118
2026-02-10,PD_VAH_SHORT,SHORT,78,78
2026-02-10,OR5_HIGH_SHORT,SHORT,78,78
2026-02-10,PD_HIGH_SHORT,SHORT,78,78
2026-02-10,IB_HIGH_SHORT,SHORT,78,78
2026-02-10,IB_LOW_LONG,LONG,-93,-93
2026-02-10,PD_CLOSE_LONG,LONG,-25,-25
2026-02-10,PD_LOW_LONG,LONG,36,36
2026-02-10,PD_IB_HIGH_LONG,LONG,36,36
2026-02-10,3M_VAL_LONG,LONG,36,36
2026-02-10,IB_BULLISH,LONG,27.25,27.25
2026-02-10,OPEN_TEST_DRIVE_SHORT,SHORT,116.5,116.5
2026-02-10,VALUE_AREA_RESPONSIVE_SHORT,SHORT,164,164
2026-02-10,VALUE_AREA_RESPONSIVE_LONG,LONG,-50,-50
2026-02-10,TRT_LONG,LONG,-238.5,-238.5
2026-02-10,VWAP_MAGNET_LONG,LONG,36,36
2026-02-10,STOP_SWEEP_LONG,LONG,-32,-32
2026-02-10,STOP_SWEEP_SHORT,SHORT,88,88
2026-02-11,PD_OR_MID_LONG,LONG,78,78
2026-02-11,2D_POC_LONG,LONG,78,78
2026-02-11,OR5_LOW_LONG,LONG,78,78
2026-02-11,DAILY_OPEN_SHORT,SHORT,118,118
2026-02-11,PD2_VAH_SHORT,SHORT,118,118
2026-02-11,PD_IB_HIGH_SHORT,SHORT,118,118
2026-02-11,PD_VAH_LONG,LONG,-182,-182
2026-02-11,PD_IB_MID_LONG,LONG,-182,-182
2026-02-11,PD_POC_LONG,LONG,-182,-182
2026-02-11,PD_CLOSE_LONG,LONG,-182,-182
2026-02-11,FLOOR_PIVOT_LONG,LONG,-182,-182
2026-02-11,PD_IB_LOW_LONG,LONG,-182,-182
2026-02-11,3M_VAL_LONG,LONG,-182,-182
2026-02-11,M1_VAL_LONG,LONG,-182,-182
2026-02-11,PD2_VAL_LONG,LONG,-182,-182
2026-02-11,PD_VAL_LONG,LONG,-182,-182
2026-02-11,FLOOR_S1_LONG,LONG,118,118
2026-02-11,PD_LOW_LONG,LONG,118,118
2026-02-11,IB_LOW_SHORT,SHORT,78,78
2026-02-11,IB_BEARISH,SHORT,330.5,330.5
2026-02-11,OPEN_TEST_DRIVE_SHORT,SHORT,436,436
2026-02-11,VWAP_MAGNET_LONG,LONG,-62,-62
2026-02-11,STOP_SWEEP_LONG,LONG,-32,-32
2026-02-11,STOP_SWEEP_LONG,LONG,-32,-32
2026-02-12,DAILY_OPEN_SHORT,SHORT,78,78
2026-02-12,PD_IB_MID_SHORT,SHORT,78,78
2026-02-12,OR5_HIGH_SHORT,SHORT,78,78
2026-02-12,10D_IB_MID_LONG,LONG,-182,-182
2026-02-12,OR5_LOW_LONG,LONG,-182,-182
2026-02-12,2D_POC_LONG,LONG,-182,-182
2026-02-12,PD2_VAL_LONG,LONG,-182,-182
2026-02-12,PD_IB_LOW_LONG,LONG,-182,-182
2026-02-12,FLOOR_R1_LONG,LONG,-182,-182
2026-02-12,3M_VAL_LONG,LONG,-182,-182
2026-02-12,IB_LOW_LONG,LONG,-182,-182
2026-02-12,M1_VAL_LONG,LONG,-182,-182
2026-02-12,PD_VAH_LONG,LONG,-182,-182
2026-02-12,5D_OR_MID_LONG,LONG,-182,-182
2026-02-12,FLOOR_PIVOT_LONG,LONG,-182,-182
2026-02-12,PD_POC_LONG,LONG,-182,-182
2026-02-12,PD_CLOSE_LONG,LONG,-18,-18
2026-02-12,PD_VAL_LONG,LONG,118,118
2026-02-12,PD_LOW_LONG,LONG,118,118
2026-02-12,IB_BEARISH,SHORT,931,931
2026-02-12,OPEN_TEST_DRIVE_SHORT,SHORT,1171.5,1171.5
2026-02-12,VWAP_MAGNET_LONG,LONG,-62,-62
2026-02-12,STOP_SWEEP_SHORT,SHORT,-32,-32
2026-02-12,STOP_SWEEP_SHORT,SHORT,-32,-32
2026-02-13,DAILY_OPEN_LONG,LONG,-182,-182
2026-02-13,PD_VAL_LONG,LONG,-182,-182
2026-02-13,OR5_LOW_LONG,LONG,-182,-182
2026-02-13,FLOOR_S1_LONG,LONG,118,118
2026-02-13,PD_CLOSE_SHORT,SHORT,78,78
2026-02-13,FLOOR_PIVOT_SHORT,SHORT,78,78
2026-02-13,OR5_HIGH_SHORT,SHORT,78,78
2026-02-13,PD_POC_LONG,LONG,78,78
2026-02-13,M1_VAL_SHORT,SHORT,78,78
2026-02-13,PD_VAH_SHORT,SHORT,78,78
2026-02-13,2D_POC_SHORT,SHORT,78,78
2026-02-13,IB_HIGH_LONG,LONG,-182,-182
2026-02-13,PD_HIGH_SHORT,SHORT,78,78
2026-02-13,OPEN_TEST_DRIVE_SHORT,SHORT,-322.4499999999971,-322.4499999999971
2026-02-13,VALUE_AREA_RESPONSIVE_SHORT,SHORT,-67.5,-67.5
2026-02-13,VWAP_MAGNET_SHORT,SHORT,-62,-62
2026-02-13,STOP_SWEEP_LONG,LONG,-32,-32
2026-02-13,STOP_SWEEP_SHORT,SHORT,88,88
2026-02-16,PD_VAH_LONG,LONG,-122,-122
2026-02-16,PD_CLOSE_LONG,LONG,-122,-122
2026-02-16,OR5_LOW_LONG,LONG,-122,-122
2026-02-16,DAILY_OPEN_LONG,LONG,-122,-122
2026-02-16,WEEKLY_OPEN_LONG,LONG,-122,-122
2026-02-16,PD_POC_LONG,LONG,58,58
2026-02-16,PD_OR_MID_LONG,LONG,58,58
2026-02-16,FLOOR_PIVOT_LONG,LONG,58,58
2026-02-16,PD2_VAL_LONG,LONG,58,58
2026-02-16,PD_IB_MID_LONG,LONG,58,58
2026-02-16,PD_VAL_LONG,LONG,88,88
2026-02-16,OR5_HIGH_SHORT,SHORT,58,58
2026-02-16,PD_HIGH_SHORT,SHORT,58,58
2026-02-16,M1_VAL_SHORT,SHORT,58,58
2026-02-16,FLOOR_R1_SHORT,SHORT,58,58
2026-02-16,IB_LOW_LONG,LONG,58,58
2026-02-16,FLOOR_S1_LONG,LONG,58,58
2026-02-16,PD_LOW_LONG,LONG,58,58
2026-02-16,IB_HIGH_SHORT,SHORT,58,58
2026-02-16,IB_BULLISH,LONG,-196.5,-196.5
2026-02-16,OPEN_TEST_DRIVE_SHORT,SHORT,-102.84999999999854,-102.84999999999854
2026-02-16,TRT_LONG,LONG,-111.23999999999796,-111.23999999999796
2026-02-16,STOP_SWEEP_LONG,LONG,-32,-32
2026-02-16,STOP_SWEEP_SHORT,SHORT,-32,-32
2026-02-17,PD_POC_SHORT,SHORT,78,78
2026-02-17,PD_CLOSE_SHORT,SHORT,78,78
2026-02-17,PD_IB_HIGH_SHORT,SHORT,78,78
2026-02-17,PD_OR_MID_SHORT,SHORT,78,78
2026-02-17,OR5_HIGH_SHORT,SHORT,78,78
2026-02-17,M1_VAL_SHORT,SHORT,78,78
2026-02-17,PD_IB_MID_LONG,LONG,-182,-182
2026-02-17,2D_POC_LONG,LONG,-182,-182
2026-02-17,FLOOR_PIVOT_LONG,LONG,-182,-182
2026-02-17,PD_IB_LOW_LONG,LONG,-182,-182
2026-02-17,PD2_VAL_LONG,LONG,-182,-182
2026-02-17,DAILY_OPEN_LONG,LONG,-182,-182
2026-02-17,PD_VAL_LONG,LONG,-182,-182
2026-02-17,PW_LOW_LONG,LONG,-182,-182
2026-02-17,FLOOR_S1_LONG,LONG,78,78
2026-02-17,OR5_LOW_SHORT,SHORT,118,118
2026-02-17,IB_LOW_LONG,LONG,78,78
2026-02-17,PD_LOW_LONG,LONG,118,118
2026-02-17,IB_HIGH_SHORT,SHORT,78,78
2026-02-17,PD_VAH_SHORT,SHORT,78,78
2026-02-17,PD_HIGH_SHORT,SHORT,78,78
2026-02-17,IB_BEARISH,SHORT,-604.739999999998,-604.739999999998
2026-02-17,OPEN_TEST_DRIVE_LONG,LONG,-328,-328
2026-02-17,VALUE_AREA_RESPONSIVE_LONG,LONG,-31,-31
2026-02-17,TRT_SHORT,SHORT,-463,-463
2026-02-17,VWAP_MAGNET_LONG,LONG,-62,-62
2026-02-17,STOP_SWEEP_SHORT,SHORT,-32,-32
2026-02-17,STOP_SWEEP_SHORT,SHORT,-32,-32
2026-02-18,2D_POC_SHORT,SHORT,-182,-182
2026-02-18,PD_LOW_LONG,LONG,118,118
2026-02-18,FLOOR_S1_LONG,LONG,118,118
2026-02-18,OR5_LOW_LONG,LONG,118,118
2026-02-18,PD_IB_HIGH_SHORT,SHORT,-182,-182
2026-02-18,OR5_HIGH_SHORT,SHORT,-182,-182
2026-02-18,DAILY_OPEN_SHORT,SHORT,-182,-182
2026-02-18,PD_VAL_SHORT,SHORT,-182,-182
2026-02-18,3M_VAL_SHORT,SHORT,-182,-182
2026-02-18,PD_CLOSE_SHORT,SHORT,-182,-182
2026-02-18,FLOOR_PIVOT_SHORT,SHORT,-182,-182
2026-02-18,10D_IB_MID_SHORT,SHORT,-182,-182
2026-02-18,5D_OR_MID_SHORT,SHORT,-182,-182
2026-02-18,PD_POC_SHORT,SHORT,78,78
2026-02-18,PD_VAH_SHORT,SHORT,78,78
2026-02-18,PD_HIGH_SHORT,SHORT,78,78
2026-02-18,IB_HIGH_LONG,LONG,-182,-182
2026-02-18,IB_BULLISH,LONG,318.5,318.5
2026-02-18,OPEN_TEST_DRIVE_LONG,LONG,543.5,543.5
2026-02-18,VWAP_MAGNET_SHORT,SHORT,-62,-62
2026-02-18,STOP_SWEEP_LONG,LONG,-32,-32
2026-02-18,STOP_SWEEP_SHORT,SHORT,88,88
2026-02-19,PD_POC_LONG,LONG,78,78
2026-02-19,PD_OR_MID_LONG,LONG,78,78
2026-02-19,OR5_LOW_LONG,LONG,78,78
2026-02-19,PD_VAL_LONG,LONG,118,118
2026-02-19,2D_POC_LONG,LONG,118,118
2026-02-19,DAILY_OPEN_SHORT,SHORT,-182,-182
2026-02-19,PD_IB_MID_SHORT,SHORT,118,118
2026-02-19,FLOOR_PIVOT_SHORT,SHORT,118,118
2026-02-19,PD_CLOSE_SHORT,SHORT,-182,-182
2026-02-19,PD_VAH_SHORT,SHORT,78,78
2026-02-19,OR5_HIGH_SHORT,SHORT,78,78
2026-02-19,PD2_VAH_SHORT,SHORT,78,78
2026-02-19,IB_HIGH_SHORT,SHORT,78,78
2026-02-19,PD_HIGH_SHORT,SHORT,78,78
2026-02-19,PD_IB_HIGH_SHORT,SHORT,78,78
2026-02-19,10D_IB_MID_SHORT,SHORT,78,78
2026-02-19,FLOOR_R1_SHORT,SHORT,78,78
2026-02-19,IB_LOW_LONG,LONG,78,78
2026-02-19,FLOOR_S1_LONG,LONG,78,78
2026-02-19,PD_LOW_LONG,LONG,78,78
2026-02-19,PD_IB_LOW_LONG,LONG,78,78
2026-02-19,IB_BULLISH,LONG,49.75,49.75
2026-02-19,OPEN_TEST_DRIVE_SHORT,SHORT,-204.65000000000146,-204.65000000000146
2026-02-19,VALUE_AREA_RESPONSIVE_SHORT,SHORT,-65,-65
2026-02-19,VALUE_AREA_RESPONSIVE_LONG,LONG,61.75,61.75
2026-02-19,TRT_SHORT,SHORT,-214.76000000000204,-214.76000000000204
2026-02-19,STOP_SWEEP_SHORT,SHORT,-32,-32
2026-02-19,STOP_SWEEP_LONG,LONG,-32,-32
2026-02-20,PD_IB_MID_SHORT,SHORT,-182,-182
2026-02-20,PD_OR_MID_SHORT,SHORT,-182,-182
2026-02-20,3M_VAL_SHORT,SHORT,-182,-182
2026-02-20,PD_IB_HIGH_SHORT,SHORT,78,78
2026-02-20,PD_VAL_SHORT,SHORT,78,78
2026-02-20,PD2_VAL_SHORT,SHORT,78,78
2026-02-20,FLOOR_PIVOT_SHORT,SHORT,118,118
2026-02-20,PD_POC_SHORT,SHORT,118,118
2026-02-20,PD_CLOSE_SHORT,SHORT,118,118
2026-02-20,10D_IB_MID_SHORT,SHORT,118,118
2026-02-20,IB_HIGH_LONG,LONG,78,78
2026-02-20,PD_VAH_SHORT,SHORT,78,78
2026-02-20,PD2_VAH_SHORT,SHORT,78,78
2026-02-20,PD_HIGH_SHORT,SHORT,78,78
2026-02-20,IB_BULLISH,LONG,314,314
2026-02-20,OPEN_TEST_DRIVE_LONG,LONG,468,468
2026-02-20,VWAP_MAGNET_SHORT,SHORT,58,58
2026-02-20,STOP_SWEEP_LONG,LONG,-32,-32
2026-02-20,STOP_SWEEP_LONG,LONG,-32,-32
2026-02-23,FLOOR_R1_LONG,LONG,-122,-122
2026-02-23,DAILY_OPEN_LONG,LONG,-122,-122
2026-02-23,WEEKLY_OPEN_LONG,LONG,-122,-122
2026-02-23,10D_IB_MID_SHORT,SHORT,88,88
2026-02-23,2D_POC_LONG,LONG,88,88
2026-02-23,PD2_VAH_LONG,LONG,88,88
2026-02-23,PD_VAH_LONG,LONG,88,88
2026-02-23,PD_IB_HIGH_SHORT,SHORT,88,88
2026-02-23,3M_VAL_LONG,LONG,88,88
2026-02-23,IB_LOW_LONG,LONG,-122,-122
2026-02-23,FLOOR_PIVOT_LONG,LONG,-122,-122
2026-02-23,PD_IB_MID_LONG,LONG,-122,-122
2026-02-23,PD_CLOSE_LONG,LONG,-122,-122
2026-02-23,PD2_VAL_LONG,LONG,-122,-122
2026-02-23,PD_OR_MID_LONG,LONG,-122,-122
2026-02-23,PD_POC_LONG,LONG,-122,-122
2026-02-23,5D_OR_MID_LONG,LONG,-122,-122
2026-02-23,M1_VAL_LONG,LONG,58,58
2026-02-23,PD_IB_LOW_LONG,LONG,58,58
2026-02-23,PD_VAL_LONG,LONG,58,58
2026-02-23,PD_LOW_LONG,LONG,58,58
2026-02-23,IB_BEARISH,SHORT,467,467
2026-02-23,OPEN_TEST_DRIVE_SHORT,SHORT,511,511
2026-02-23,VWAP_MAGNET_LONG,LONG,-62,-62
2026-02-23,STOP_SWEEP_LONG,LONG,-32,-32
2026-02-23,STOP_SWEEP_LONG,LONG,-32,-32
2026-02-24,OR5_LOW_LONG,LONG,118,118
2026-02-24,FLOOR_S1_SHORT,SHORT,-182,-182
2026-02-24,DAILY_OPEN_SHORT,SHORT,-182,-182
2026-02-24,OR5_HIGH_SHORT,SHORT,-182,-182
2026-02-24,PD_IB_LOW_SHORT,SHORT,-182,-182
2026-02-24,3M_VAL_SHORT,SHORT,-182,-182
2026-02-24,PD2_VAL_SHORT,SHORT,78,78
2026-02-24,PD_VAL_SHORT,SHORT,78,78
2026-02-24,FLOOR_PIVOT_SHORT,SHORT,78,78
2026-02-24,PD_IB_MID_SHORT,SHORT,78,78
2026-02-24,5D_OR_MID_LONG,LONG,118,118
2026-02-24,10D_IB_MID_SHORT,SHORT,-182,-182
2026-02-24,PD_POC_SHORT,SHORT,-60,-60
2026-02-24,PD_OR_MID_SHORT,SHORT,-60,-60
2026-02-24,2D_POC_SHORT,SHORT,78,78
2026-02-24,PD_CLOSE_SHORT,SHORT,78,78
2026-02-24,PD_IB_HIGH_SHORT,SHORT,78,78
2026-02-24,IB_HIGH_LONG,LONG,78,78
2026-02-24,PD_VAH_SHORT,SHORT,78,78
2026-02-24,PD_HIGH_SHORT,SHORT,78,78
2026-02-24,PD2_VAH_SHORT,SHORT,78,78
2026-02-24,OPEN_TEST_DRIVE_LONG,LONG,478,478
2026-02-24,VWAP_MAGNET_SHORT,SHORT,-62,-62
2026-02-24,STOP_SWEEP_LONG,LONG,-32,-32
2026-02-24,STOP_SWEEP_LONG,LONG,88,88
2026-02-25,FLOOR_S1_SHORT,SHORT,-182,-182
2026-02-25,OR5_HIGH_SHORT,SHORT,-182,-182
2026-02-25,PD_VAL_SHORT,SHORT,-182,-182
2026-02-25,FLOOR_PIVOT_SHORT,SHORT,-182,-182
2026-02-25,IB_HIGH_SHORT,SHORT,-91,-91
2026-02-25,PD_POC_SHORT,SHORT,-46,-46
2026-02-25,PD_CLOSE_SHORT,SHORT,-29.5,-29.5
2026-02-25,PD_VAH_SHORT,SHORT,-16.5,-16.5
2026-02-25,PD_HIGH_SHORT,SHORT,0,0
2026-02-25,IB_BULLISH,LONG,88.5,88.5
2026-02-25,STOP_SWEEP_SHORT,SHORT,-32,-32
2026-02-25,STOP_SWEEP_LONG,LONG,-32,-32
2026-02-26,PD_IB_MID_LONG,LONG,-182,-182
2026-02-26,OR5_LOW_LONG,LONG,-182,-182
2026-02-26,PD_OR_MID_LONG,LONG,-182,-182
2026-02-26,PD_IB_LOW_LONG,LONG,-182,-182
2026-02-26,PW_HIGH_LONG,LONG,-182,-182
2026-02-26,PD_VAH_LONG,LONG,-182,-182
2026-02-26,PD_CLOSE_LONG,LONG,-182,-182
2026-02-26,FLOOR_PIVOT_LONG,LONG,-182,-182
2026-02-26,PD2_VAH_LONG,LONG,-182,-182
2026-02-26,PD_POC_LONG,LONG,-182,-182
2026-02-26,2D_POC_LONG,LONG,-182,-182
2026-02-26,5D_OR_MID_LONG,LONG,-182,-182
2026-02-26,PD2_VAL_LONG,LONG,78,78
2026-02-26,PD_VAL_LONG,LONG,78,78
2026-02-26,10D_IB_MID_LONG,LONG,78,78
2026-02-26,PD_LOW_LONG,LONG,118,118
2026-02-26,3M_VAL_LONG,LONG,118,118
2026-02-26,IB_BEARISH,SHORT,533,533
2026-02-26,VWAP_MAGNET_LONG,LONG,-62,-62
2026-02-26,STOP_SWEEP_SHORT,SHORT,88,88
2026-02-26,STOP_SWEEP_SHORT,SHORT,-32,-32
2026-02-27,3M_VAL_SHORT,SHORT,78,78
2026-02-27,FLOOR_S1_LONG,LONG,118,118
2026-02-27,PD_VAL_SHORT,SHORT,118,118
2026-02-27,OR5_HIGH_SHORT,SHORT,118,118
2026-02-27,10D_IB_MID_SHORT,SHORT,118,118
2026-02-27,DAILY_OPEN_LONG,LONG,118,118
2026-02-27,OR5_LOW_LONG,LONG,118,118
2026-02-27,FLOOR_PIVOT_SHORT,SHORT,118,118
2026-02-27,PD_POC_SHORT,SHORT,78,78
2026-02-27,PD_VAH_SHORT,SHORT,118,118
2026-02-27,PD_CLOSE_SHORT,SHORT,118,118
2026-02-27,IB_HIGH_LONG,LONG,118,118
2026-02-27,5D_OR_MID_SHORT,SHORT,78,78
2026-02-27,PD_HIGH_SHORT,SHORT,118,118
2026-02-27,IB_BULLISH,LONG,229,229
2026-02-27,OPEN_TEST_DRIVE_SHORT,SHORT,-292.47499999999854,-292.47499999999854
2026-02-27,TRT_SHORT,SHORT,-287.1200000000026,-287.1200000000026
2026-02-27,STOP_SWEEP_LONG,LONG,-32,-32
2026-02-27,STOP_SWEEP_SHORT,SHORT,88,88
2026-03-02,PD_OR_MID_SHORT,SHORT,88,88
2026-03-02,OR5_HIGH_SHORT,SHORT,88,88
2026-03-02,PD_IB_MID_SHORT,SHORT,88,88
2026-03-02,3M_VAL_SHORT,SHORT,58,58
2026-03-02,PD_VAL_SHORT,SHORT,88,88
2026-03-02,FLOOR_PIVOT_SHORT,SHORT,58,58
2026-03-02,10D_IB_MID_SHORT,SHORT,58,58
2026-03-02,PD2_VAL_SHORT,SHORT,58,58
2026-03-02,PD_IB_HIGH_SHORT,SHORT,58,58
2026-03-02,IB_HIGH_SHORT,SHORT,-122,-122
2026-03-02,2D_POC_SHORT,SHORT,-122,-122
2026-03-02,PD_POC_SHORT,SHORT,-122,-122
2026-03-02,PD_CLOSE_SHORT,SHORT,-122,-122
2026-03-02,5D_OR_MID_SHORT,SHORT,-122,-122
2026-03-02,PD2_VAH_SHORT,SHORT,58,58
2026-03-02,PD_VAH_SHORT,SHORT,58,58
2026-03-02,PD_HIGH_SHORT,SHORT,58,58
2026-03-02,IB_BULLISH,LONG,578.5,578.5
2026-03-02,OPEN_TEST_DRIVE_LONG,LONG,479,479
2026-03-02,VWAP_MAGNET_SHORT,SHORT,-62,-62
2026-03-02,STOP_SWEEP_LONG,LONG,88,88
2026-03-02,STOP_SWEEP_LONG,LONG,-32,-32
2026-03-03,PD_VAL_LONG,LONG,118,118
2026-03-03,PD_IB_LOW_LONG,LONG,118,118
2026-03-03,FLOOR_PIVOT_SHORT,SHORT,118,118
2026-03-03,OR5_HIGH_SHORT,SHORT,118,118
2026-03-03,MONTHLY_OPEN_SHORT,SHORT,118,118
2026-03-03,DAILY_OPEN_LONG,LONG,118,118
2026-03-03,OR5_LOW_LONG,LONG,-182,-182
2026-03-03,FLOOR_S1_LONG,LONG,-182,-182
2026-03-03,PD_LOW_LONG,LONG,78,78
2026-03-03,IB_LOW_SHORT,SHORT,-182,-182
2026-03-03,IB_HIGH_SHORT,SHORT,78,78
2026-03-03,PW_LOW_SHORT,SHORT,78,78
2026-03-03,PD_OR_MID_SHORT,SHORT,118,118
2026-03-03,PM_VAL_SHORT,SHORT,118,118
2026-03-03,M1_VAL_SHORT,SHORT,118,118
2026-03-03,PD_POC_SHORT,SHORT,78,78
2026-03-03,PD_CLOSE_SHORT,SHORT,78,78
2026-03-03,PD_IB_MID_SHORT,SHORT,78,78
2026-03-03,PD_VAH_SHORT,SHORT,78,78
2026-03-03,PD_HIGH_SHORT,SHORT,78,78
2026-03-03,3M_VAL_SHORT,SHORT,78,78
2026-03-03,OPEN_TEST_DRIVE_LONG,LONG,-280.5,-280.5
2026-03-03,TRT_LONG,LONG,-334.8799999999974,-334.8799999999974
2026-03-03,VWAP_MAGNET_LONG,LONG,-62,-62
2026-03-03,STOP_SWEEP_SHORT,SHORT,-32,-32
2026-03-03,STOP_SWEEP_LONG,LONG,88,88
2026-03-04,10D_IB_MID_LONG,LONG,78,78
2026-03-04,PD2_VAL_LONG,LONG,78,78
2026-03-04,FLOOR_S1_LONG,LONG,78,78
2026-03-04,DAILY_OPEN_LONG,LONG,78,78
2026-03-04,3M_VAL_LONG,LONG,78,78
2026-03-04,OR5_LOW_LONG,LONG,78,78
2026-03-04,5D_OR_MID_SHORT,SHORT,-182,-182
2026-03-04,OR5_HIGH_SHORT,SHORT,118,118
2026-03-04,2D_POC_SHORT,SHORT,-182,-182
2026-03-04,PD_VAL_SHORT,SHORT,-182,-182
2026-03-04,FLOOR_PIVOT_SHORT,SHORT,-182,-182
2026-03-04,PD2_VAH_SHORT,SHORT,78,78
2026-03-04,PD_CLOSE_SHORT,SHORT,78,78
2026-03-04,PD_POC_SHORT,SHORT,118,118
2026-03-04,PD_VAH_SHORT,SHORT,78,78
2026-03-04,PD_HIGH_SHORT,SHORT,78,78
2026-03-04,IB_BULLISH,LONG,493,493
2026-03-04,VWAP_MAGNET_SHORT,SHORT,-62,-62
2026-03-04,STOP_SWEEP_SHORT,SHORT,88,88
2026-03-04,STOP_SWEEP_LONG,LONG,-32,-32
2026-03-05,OR5_HIGH_SHORT,SHORT,78,78
2026-03-05,PD_POC_LONG,LONG,118,118
2026-03-05,PD_CLOSE_LONG,LONG,118,118
2026-03-05,PD_VAH_SHORT,SHORT,78,78
2026-03-05,2D_POC_SHORT,SHORT,78,78
2026-03-05,PD_HIGH_SHORT,SHORT,78,78
2026-03-05,FLOOR_PIVOT_LONG,LONG,-182,-182
2026-03-05,OR5_LOW_LONG,LONG,78,78
2026-03-05,DAILY_OPEN_LONG,LONG,78,78
2026-03-05,5D_OR_MID_LONG,LONG,118,118
2026-03-05,PD_IB_HIGH_LONG,LONG,118,118
2026-03-05,IB_LOW_LONG,LONG,118,118
2026-03-05,PD_IB_MID_LONG,LONG,-182,-182
2026-03-05,PD_VAL_LONG,LONG,78,78
2026-03-05,3M_VAL_LONG,LONG,118,118
2026-03-05,PD_OR_MID_SHORT,SHORT,118,118
2026-03-05,10D_IB_MID_SHORT,SHORT,118,118
2026-03-05,PD2_VAH_LONG,LONG,78,78
2026-03-05,PD_IB_LOW_LONG,LONG,78,78
2026-03-05,FLOOR_S1_LONG,LONG,78,78
2026-03-05,PD_LOW_LONG,LONG,78,78
2026-03-05,IB_BULLISH,LONG,-444.5,-444.5
2026-03-05,VALUE_AREA_RESPONSIVE_SHORT,SHORT,-52.5,-52.5
2026-03-05,TRT_SHORT,SHORT,167.5,167.5
2026-03-05,VWAP_MAGNET_LONG,LONG,58,58
2026-03-05,STOP_SWEEP_LONG,LONG,-32,-32
2026-03-05,STOP_SWEEP_LONG,LONG,-32,-32
2026-03-06,OR5_LOW_LONG,LONG,118,118
2026-03-06,MONTHLY_OPEN_LONG,LONG,118,118
2026-03-06,DAILY_OPEN_LONG,LONG,78,78
2026-03-06,PD_CLOSE_LONG,LONG,118,118
2026-03-06,PW_LOW_LONG,LONG,118,118
2026-03-06,PD_VAL_SHORT,SHORT,118,118
2026-03-06,FLOOR_PIVOT_SHORT,SHORT,118,118
2026-03-06,OR5_HIGH_SHORT,SHORT,118,118
2026-03-06,PM_VAL_SHORT,SHORT,118,118
2026-03-06,M1_VAL_SHORT,SHORT,118,118
2026-03-06,5D_OR_MID_SHORT,SHORT,-182,-182
2026-03-06,PD_POC_SHORT,SHORT,-182,-182
2026-03-06,FLOOR_R1_SHORT,SHORT,78,78
2026-03-06,3M_VAL_SHORT,SHORT,78,78
2026-03-06,PD_VAH_SHORT,SHORT,118,118
2026-03-06,IB_HIGH_LONG,LONG,78,78
2026-03-06,PD_LOW_LONG,LONG,118,118
2026-03-06,IB_LOW_LONG,LONG,118,118
2026-03-06,IB_BULLISH,LONG,321.5,321.5
2026-03-06,OPEN_TEST_DRIVE_SHORT,SHORT,-221.8000000000029,-221.8000000000029
2026-03-06,TRT_SHORT,SHORT,-230,-230
2026-03-06,VWAP_MAGNET_SHORT,SHORT,-62,-62
2026-03-06,STOP_SWEEP_SHORT,SHORT,-32,-32
2026-03-06,STOP_SWEEP_SHORT,SHORT,-32,-32
2026-03-09,OR5_LOW_LONG,LONG,-122,-122
2026-03-09,DAILY_OPEN_LONG,LONG,-122,-122
2026-03-09,WEEKLY_OPEN_LONG,LONG,-122,-122
2026-03-09,PW_LOW_LONG,LONG,88,88
2026-03-09,PD_LOW_LONG,LONG,88,88
2026-03-09,PD_VAL_SHORT,SHORT,-122,-122
2026-03-09,FLOOR_S1_SHORT,SHORT,-122,-122
2026-03-09,OR5_HIGH_SHORT,SHORT,-122,-122
2026-03-09,IB_HIGH_SHORT,SHORT,-122,-122
2026-03-09,PD_POC_SHORT,SHORT,-122,-122
2026-03-09,PD_IB_LOW_SHORT,SHORT,-122,-122
2026-03-09,MONTHLY_OPEN_SHORT,SHORT,58,58
2026-03-09,PD_IB_MID_SHORT,SHORT,58,58
2026-03-09,PM_VAL_SHORT,SHORT,88,268
2026-03-09,PD_OR_MID_SHORT,SHORT,88,208
2026-03-09,M1_VAL_SHORT,SHORT,88,208
2026-03-09,PD_IB_HIGH_SHORT,SHORT,58,58
2026-03-09,FLOOR_PIVOT_SHORT,SHORT,-122,-122
2026-03-09,3M_VAL_SHORT,SHORT,-122,-122
2026-03-09,5D_OR_MID_SHORT,SHORT,-122,-122
2026-03-09,2D_POC_SHORT,SHORT,-122,-122
2026-03-09,PD2_VAL_SHORT,SHORT,-122,-122
2026-03-09,10D_IB_MID_SHORT,SHORT,-122,-122
2026-03-09,PD_CLOSE_SHORT,SHORT,88,-122
2026-03-09,PD_VAH_SHORT,SHORT,88,102
2026-03-09,PD_HIGH_SHORT,SHORT,88,102
2026-03-09,OPEN_TEST_DRIVE_SHORT,SHORT,-296.875,-296.875
2026-03-09,TRT_LONG,LONG,1043,1043
2026-03-09,VWAP_MAGNET_SHORT,SHORT,38,38
2026-03-09,STOP_SWEEP_SHORT,SHORT,88,88
2026-03-09,STOP_SWEEP_LONG,LONG,88,88
2026-03-10,PD_VAL_LONG,LONG,-182,-182
2026-03-10,PD_CLOSE_LONG,LONG,-182,-182
2026-03-10,OR5_LOW_LONG,LONG,-182,-182
2026-03-10,DAILY_OPEN_LONG,LONG,-182,-182
2026-03-10,FLOOR_PIVOT_SHORT,SHORT,118,118
2026-03-10,PD_LOW_LONG,LONG,78,78
2026-03-10,PD2_VAH_LONG,LONG,78,78
2026-03-10,OR5_HIGH_SHORT,SHORT,-182,-182
2026-03-10,IB_HIGH_SHORT,SHORT,-182,-182
2026-03-10,PD_POC_SHORT,SHORT,78,78
2026-03-10,PD_VAH_SHORT,SHORT,78,78
2026-03-10,FLOOR_R1_SHORT,SHORT,78,78
2026-03-10,PD_HIGH_SHORT,SHORT,78,78
2026-03-10,PW_HIGH_SHORT,SHORT,78,78
2026-03-10,IB_LOW_LONG,LONG,53,53
2026-03-10,IB_BEARISH,SHORT,56.25,56.25
2026-03-10,OPEN_TEST_DRIVE_SHORT,SHORT,-268.875,-268.875
2026-03-10,VALUE_AREA_RESPONSIVE_SHORT,SHORT,40,40
2026-03-10,VALUE_AREA_RESPONSIVE_LONG,LONG,-7,-7
2026-03-10,TRT_LONG,LONG,174.5,174.5
2026-03-10,STOP_SWEEP_LONG,LONG,-32,-32
2026-03-10,STOP_SWEEP_SHORT,SHORT,-32,-32
2026-03-11,PD_IB_HIGH_LONG,LONG,78,78
2026-03-11,OR5_HIGH_SHORT,SHORT,78,78
2026-03-11,PD2_VAH_LONG,LONG,78,78
2026-03-11,PD_VAH_LONG,LONG,78,78
2026-03-11,PD_OR_MID_LONG,LONG,78,78
2026-03-11,OR5_LOW_LONG,LONG,78,78
2026-03-11,DAILY_OPEN_LONG,LONG,78,78
2026-03-11,PD_IB_MID_LONG,LONG,118,118
2026-03-11,FLOOR_PIVOT_LONG,LONG,118,118
2026-03-11,PD_HIGH_SHORT,SHORT,118,118
2026-03-11,FLOOR_R1_SHORT,SHORT,118,118
2026-03-11,2D_POC_SHORT,SHORT,118,118
2026-03-11,PD_CLOSE_LONG,LONG,118,118
2026-03-11,IB_LOW_SHORT,SHORT,118,118
2026-03-11,PD_POC_LONG,LONG,78,78
2026-03-11,PD_IB_LOW_LONG,LONG,78,78
2026-03-11,PD_VAL_LONG,LONG,78,78
2026-03-11,PD_LOW_LONG,LONG,118,118
2026-03-11,10D_IB_MID_LONG,LONG,118,118
2026-03-11,TRT_LONG,LONG,115.5,115.5
2026-03-11,STOP_SWEEP_SHORT,SHORT,-32,-32
2026-03-11,STOP_SWEEP_LONG,LONG,-32,-32
2026-03-12,OR5_HIGH_SHORT,SHORT,78,78
2026-03-12,DAILY_OPEN_LONG,LONG,-182,-182
2026-03-12,3M_VAL_LONG,LONG,-182,-182
2026-03-12,5D_OR_MID_LONG,LONG,-182,-182
2026-03-12,OR5_LOW_LONG,LONG,-182,-182
2026-03-12,PM_VAL_LONG,LONG,-182,-182
2026-03-12,PD_VAH_LONG,LONG,-182,-182
2026-03-12,M1_VAL_LONG,LONG,-182,-182
2026-03-12,FLOOR_R1_LONG,LONG,-182,-182
2026-03-12,FLOOR_PIVOT_LONG,LONG,78,78
2026-03-12,MONTHLY_OPEN_LONG,LONG,78,78
2026-03-12,PD_POC_LONG,LONG,78,78
2026-03-12,IB_LOW_LONG,LONG,78,78
2026-03-12,PD_VAL_LONG,LONG,78,78
2026-03-12,PD_CLOSE_LONG,LONG,78,78
2026-03-12,PD_LOW_LONG,LONG,-2.5,-2.5
2026-03-12,IB_BEARISH,SHORT,217,217
2026-03-12,STOP_SWEEP_LONG,LONG,88,88
2026-03-12,STOP_SWEEP_SHORT,SHORT,-32,-32
2026-03-13,PD_IB_LOW_LONG,LONG,118,118
2026-03-13,OR5_LOW_LONG,LONG,118,118
2026-03-13,DAILY_OPEN_LONG,LONG,118,118
2026-03-13,MONTHLY_OPEN_LONG,LONG,118,118
2026-03-13,2D_POC_LONG,LONG,118,118
2026-03-13,FLOOR_R1_SHORT,SHORT,-182,-182
2026-03-13,OR5_HIGH_SHORT,SHORT,-182,-182
2026-03-13,M1_VAL_SHORT,SHORT,-182,-182
2026-03-13,PD_IB_MID_SHORT,SHORT,78,78
2026-03-13,PM_VAL_SHORT,SHORT,78,78
2026-03-13,5D_OR_MID_SHORT,SHORT,78,78
2026-03-13,3M_VAL_SHORT,SHORT,78,78
2026-03-13,PD_HIGH_SHORT,SHORT,118,118
2026-03-13,PD_OR_MID_SHORT,SHORT,118,118
2026-03-13,PD_VAH_LONG,LONG,-182,-182
2026-03-13,IB_LOW_LONG,LONG,-182,-182
2026-03-13,FLOOR_PIVOT_LONG,LONG,78,78
2026-03-13,PD_POC_LONG,LONG,78,78
2026-03-13,PD_CLOSE_LONG,LONG,118,118
2026-03-13,PW_LOW_LONG,LONG,59.5,59.5
2026-03-13,PD_VAL_LONG,LONG,78,78
2026-03-13,PD_LOW_LONG,LONG,78,78
2026-03-13,IB_BULLISH,LONG,-289,-289
2026-03-13,OPEN_TEST_DRIVE_SHORT,SHORT,-327,-327
2026-03-13,OPEN_TEST_DRIVE_LONG,LONG,-233,-233
2026-03-13,TRT_SHORT,SHORT,-194.5,-194.5
2026-03-13,VWAP_MAGNET_LONG,LONG,-62,-62
2026-03-13,STOP_SWEEP_SHORT,SHORT,88,88
2026-03-13,STOP_SWEEP_SHORT,SHORT,-32,-32
2026-03-16,OR5_HIGH_SHORT,SHORT,88,88
2026-03-16,PD_POC_LONG,LONG,58,58
2026-03-16,PD_CLOSE_LONG,LONG,58,58
2026-03-16,DAILY_OPEN_LONG,LONG,58,58
2026-03-16,WEEKLY_OPEN_LONG,LONG,58,58
2026-03-16,FLOOR_PIVOT_LONG,LONG,58,58
2026-03-16,IB_LOW_LONG,LONG,58,58
2026-03-16,IB_HIGH_SHORT,SHORT,58,58
2026-03-16,C_STANDALONE_UP,LONG,220,220
2026-03-16,OPEN_TEST_DRIVE_LONG,LONG,-177,-177
2026-03-16,STOP_SWEEP_LONG,LONG,-32,-32
2026-03-16,STOP_SWEEP_LONG,LONG,-32,-32
2026-03-17,OR5_HIGH_SHORT,SHORT,78,78
2026-03-17,M1_VAH_SHORT,SHORT,78,78
2026-03-17,PD_VAH_SHORT,SHORT,78,78
2026-03-17,PD_HIGH_SHORT,SHORT,78,78
2026-03-17,PD_POC_LONG,LONG,78,78
2026-03-17,PD_CLOSE_LONG,LONG,78,78
2026-03-17,PD_VAL_LONG,LONG,118,118
2026-03-17,DAILY_OPEN_LONG,LONG,118,118
2026-03-17,PD_IB_HIGH_LONG,LONG,78,78
2026-03-17,FLOOR_PIVOT_LONG,LONG,78,78
2026-03-17,IB_LOW_LONG,LONG,78,78
2026-03-17,IB_BULLISH,LONG,10.75,10.75
2026-03-17,C_STANDALONE_UP,LONG,30,30
2026-03-17,OPEN_TEST_DRIVE_LONG,LONG,30,30
2026-03-17,VALUE_AREA_RESPONSIVE_SHORT,SHORT,-70,-70
2026-03-17,VALUE_AREA_RESPONSIVE_LONG,LONG,7,7
2026-03-17,STOP_SWEEP_LONG,LONG,58,58
2026-03-17,STOP_SWEEP_LONG,LONG,58,58
2026-03-18,PD_IB_LOW_SHORT,SHORT,78,78
2026-03-18,OR5_HIGH_SHORT,SHORT,78,78
2026-03-18,PD_VAH_SHORT,SHORT,78,78
2026-03-18,PD_HIGH_SHORT,SHORT,118,118
2026-03-18,2D_POC_SHORT,SHORT,118,118
2026-03-18,DAILY_OPEN_LONG,LONG,78,78
2026-03-18,PD_POC_LONG,LONG,-182,-182
2026-03-18,PD_OR_MID_LONG,LONG,-182,-182
2026-03-18,5D_OR_MID_LONG,LONG,78,78
2026-03-18,10D_IB_MID_LONG,LONG,78,78
2026-03-18,FLOOR_R1_LONG,LONG,78,78
2026-03-18,IB_LOW_SHORT,SHORT,118,118
2026-03-18,PD_VAL_LONG,LONG,-182,-182
2026-03-18,PM_VAL_LONG,LONG,-182,-182
2026-03-18,PD2_VAL_LONG,LONG,-146,-146
2026-03-18,3M_VAL_LONG,LONG,-127,-127
2026-03-18,OR5_LOW_LONG,LONG,-82,-82
2026-03-18,M1_VAL_LONG,LONG,-68,-68
2026-03-18,MONTHLY_OPEN_LONG,LONG,-6.5,-6.5
2026-03-18,IB_BULLISH,LONG,54,54
2026-03-18,C_STANDALONE_UP,LONG,50.5,50.5
2026-03-18,OPEN_TEST_DRIVE_LONG,LONG,50.5,50.5
2026-03-18,VALUE_AREA_RESPONSIVE_SHORT,SHORT,131,131
2026-03-18,VWAP_MAGNET_LONG,LONG,-62,-62
2026-03-18,STOP_SWEEP_SHORT,SHORT,-32,-32
2026-03-18,STOP_SWEEP_SHORT,SHORT,-32,-32
2026-03-19,PD_VAL_SHORT,SHORT,-182,-182
2026-03-19,PD_CLOSE_SHORT,SHORT,-182,-182
2026-03-19,FLOOR_PIVOT_SHORT,SHORT,-182,-182
2026-03-19,OR5_HIGH_SHORT,SHORT,78,78
2026-03-19,DAILY_OPEN_SHORT,SHORT,78,78
2026-03-19,PD_POC_SHORT,SHORT,78,78
2026-03-19,PD_VAH_SHORT,SHORT,118,118
2026-03-19,IB_HIGH_SHORT,SHORT,118,118
2026-03-19,FLOOR_R1_SHORT,SHORT,118,118
2026-03-19,3M_VAL_SHORT,SHORT,118,118
2026-03-19,M1_VAL_SHORT,SHORT,118,118
2026-03-19,MONTHLY_OPEN_SHORT,SHORT,78,78
2026-03-19,PD_HIGH_SHORT,SHORT,118,118
2026-03-19,IB_BULLISH,LONG,36,36
2026-03-19,C_STANDALONE_UP,LONG,201.5,201.5
2026-03-19,OPEN_TEST_DRIVE_LONG,LONG,201.5,201.5
2026-03-19,VALUE_AREA_RESPONSIVE_SHORT,SHORT,116,116
2026-03-19,VALUE_AREA_RESPONSIVE_LONG,LONG,-39.5,-39.5
2026-03-19,VWAP_MAGNET_SHORT,SHORT,58,58
2026-03-19,STOP_SWEEP_SHORT,SHORT,-32,-32
2026-03-19,STOP_SWEEP_LONG,LONG,-32,-32
2026-03-20,OR5_LOW_LONG,LONG,78,78
2026-03-20,PD_IB_MID_SHORT,SHORT,78,78
2026-03-20,FLOOR_R1_SHORT,SHORT,78,78
2026-03-20,2D_POC_SHORT,SHORT,118,118
2026-03-20,PD_VAH_LONG,LONG,-182,-182
2026-03-20,PD_IB_LOW_LONG,LONG,-182,-182
2026-03-20,PW_LOW_LONG,LONG,78,78
2026-03-20,PD_POC_LONG,LONG,78,78
2026-03-20,PD_OR_MID_LONG,LONG,78,78
2026-03-20,IB_LOW_SHORT,SHORT,78,78
2026-03-20,FLOOR_PIVOT_LONG,LONG,-182,-182
2026-03-20,PD_CLOSE_LONG,LONG,78,78
2026-03-20,PD_VAL_LONG,LONG,-182,-182
2026-03-20,IB_BEARISH,SHORT,359.5,359.5
2026-03-20,VWAP_MAGNET_LONG,LONG,58,-62
2026-03-20,STOP_SWEEP_SHORT,SHORT,58,58
2026-03-20,STOP_SWEEP_LONG,LONG,88,88
2026-03-23,FLOOR_PIVOT_LONG,LONG,88,88
2026-03-23,M1_VAL_LONG,LONG,88,88
2026-03-23,PD_IB_HIGH_LONG,LONG,88,88
2026-03-23,DAILY_OPEN_LONG,LONG,88,88
2026-03-23,WEEKLY_OPEN_LONG,LONG,88,88
2026-03-23,OR5_HIGH_SHORT,SHORT,88,88
2026-03-23,PD2_VAH_SHORT,SHORT,88,88
2026-03-23,PD_VAH_SHORT,SHORT,88,88
2026-03-23,5D_OR_MID_SHORT,SHORT,88,88
2026-03-23,FLOOR_R1_SHORT,SHORT,88,88
2026-03-23,MONTHLY_OPEN_SHORT,SHORT,58,58
2026-03-23,3M_VAL_SHORT,SHORT,58,58
2026-03-23,PD_HIGH_SHORT,SHORT,88,88
2026-03-23,IB_HIGH_LONG,LONG,88,88
2026-03-23,PD_OR_MID_LONG,LONG,-122,-122
2026-03-23,OR5_LOW_LONG,LONG,-122,-122
2026-03-23,IB_LOW_LONG,LONG,-122,-122
2026-03-23,PD_POC_LONG,LONG,58,58
2026-03-23,PD_CLOSE_LONG,LONG,58,58
2026-03-23,PD_IB_MID_LONG,LONG,88,-122
2026-03-23,PD2_VAL_LONG,LONG,88,-122
2026-03-23,PD_VAL_LONG,LONG,58,58
2026-03-23,PD_LOW_LONG,LONG,88,268
2026-03-23,IB_BULLISH,LONG,122.5,122.5
2026-03-23,OPEN_TEST_DRIVE_LONG,LONG,90,90
2026-03-23,VALUE_AREA_RESPONSIVE_SHORT,SHORT,-71,-71
2026-03-23,TRT_SHORT,SHORT,112.5,112.5
2026-03-23,VWAP_MAGNET_LONG,LONG,-62,-62
2026-03-23,STOP_SWEEP_SHORT,SHORT,-32,-32
2026-03-23,STOP_SWEEP_SHORT,SHORT,-32,-32
2026-03-24,2D_POC_SHORT,SHORT,118,118
2026-03-24,FLOOR_PIVOT_LONG,LONG,-182,-182
2026-03-24,DAILY_OPEN_LONG,LONG,-182,-182
2026-03-24,OR5_LOW_LONG,LONG,-182,-182
2026-03-24,PD_VAL_LONG,LONG,78,78
2026-03-24,PD_CLOSE_LONG,LONG,78,78
2026-03-24,PD_LOW_LONG,LONG,118,118
2026-03-24,PD_POC_SHORT,SHORT,78,78
2026-03-24,PD_VAH_SHORT,SHORT,118,118
2026-03-24,OR5_HIGH_SHORT,SHORT,118,118
2026-03-24,IB_HIGH_SHORT,SHORT,118,118
2026-03-24,FLOOR_R1_SHORT,SHORT,78,78
2026-03-24,PD2_VAH_SHORT,SHORT,78,78
2026-03-24,PD_HIGH_SHORT,SHORT,118,118
2026-03-24,IB_BEARISH,SHORT,54,54
2026-03-24,OPEN_TEST_DRIVE_SHORT,SHORT,35.5,35.5
2026-03-24,VALUE_AREA_RESPONSIVE_SHORT,SHORT,64,64
2026-03-24,VALUE_AREA_RESPONSIVE_LONG,LONG,-43,-43
2026-03-24,TRT_LONG,LONG,-256.23999999999796,-256.23999999999796
2026-03-24,STOP_SWEEP_SHORT,SHORT,-32,-32
2026-03-24,STOP_SWEEP_SHORT,SHORT,-32,-32
2026-03-25,OR5_HIGH_SHORT,SHORT,78,78
2026-03-25,PD_HIGH_SHORT,SHORT,78,78
2026-03-25,FLOOR_R1_SHORT,SHORT,78,78
2026-03-25,PD_VAH_LONG,LONG,-182,-182
2026-03-25,DAILY_OPEN_LONG,LONG,-182,-182
2026-03-25,OR5_LOW_LONG,LONG,-182,-182
2026-03-25,PD_POC_LONG,LONG,-182,-182
2026-03-25,PD_CLOSE_LONG,LONG,78,78
2026-03-25,FLOOR_PIVOT_LONG,LONG,78,78
2026-03-25,M1_VAL_LONG,LONG,78,78
2026-03-25,PD_VAL_LONG,LONG,118,118
2026-03-25,PD2_VAL_LONG,LONG,118,118
2026-03-25,IB_HIGH_SHORT,SHORT,78,78
2026-03-25,PD_IB_HIGH_LONG,LONG,78,78
2026-03-25,2D_POC_LONG,LONG,78,78
2026-03-25,PD_LOW_LONG,LONG,118,118
2026-03-25,IB_LOW_SHORT,SHORT,-182,-182
2026-03-25,IB_BEARISH,SHORT,-356.27999999999884,-356.27999999999884
2026-03-25,VALUE_AREA_RESPONSIVE_SHORT,SHORT,-50,-50
2026-03-25,VALUE_AREA_RESPONSIVE_LONG,LONG,147.5,147.5
2026-03-25,TRT_SHORT,SHORT,138,138
2026-03-25,STOP_SWEEP_SHORT,SHORT,-32,-32
2026-03-25,STOP_SWEEP_LONG,LONG,-32,-32
2026-03-26,PD_POC_LONG,LONG,78,78
2026-03-26,FLOOR_R1_LONG,LONG,78,78
2026-03-26,OR5_LOW_LONG,LONG,78,78
2026-03-26,OR5_HIGH_SHORT,SHORT,78,78
2026-03-26,DAILY_OPEN_SHORT,SHORT,78,78
2026-03-26,PD2_VAL_SHORT,SHORT,78,78
2026-03-26,PD_VAH_SHORT,SHORT,118,118
2026-03-26,PD_HIGH_SHORT,SHORT,118,118
2026-03-26,IB_LOW_LONG,LONG,118,118
2026-03-26,PW_LOW_LONG,LONG,-182,-182
2026-03-26,FLOOR_PIVOT_LONG,LONG,-182,-182
2026-03-26,PD_VAL_LONG,LONG,-182,-182
2026-03-26,PD_CLOSE_LONG,LONG,-32,-32
2026-03-26,PD_LOW_LONG,LONG,9,9
2026-03-26,IB_BULLISH,LONG,56.5,56.5
2026-03-26,OPEN_TEST_DRIVE_LONG,LONG,170,170
2026-03-26,VALUE_AREA_RESPONSIVE_SHORT,SHORT,254.5,254.5
2026-03-26,TRT_SHORT,SHORT,-235.37999999999738,-235.37999999999738
2026-03-26,VWAP_MAGNET_LONG,LONG,38,38
2026-03-26,STOP_SWEEP_LONG,LONG,-32,-32
2026-03-26,STOP_SWEEP_LONG,LONG,-32,-32
2026-03-27,FLOOR_R1_LONG,LONG,118,118
2026-03-27,OR5_LOW_LONG,LONG,118,118
2026-03-27,DAILY_OPEN_SHORT,SHORT,118,118
2026-03-27,PD_POC_LONG,LONG,78,78
2026-03-27,IB_LOW_LONG,LONG,78,78
2026-03-27,FLOOR_PIVOT_LONG,LONG,-182,-182
2026-03-27,PD_VAL_LONG,LONG,-182,-182
2026-03-27,PD_CLOSE_LONG,LONG,-29,-29
2026-03-27,PD_LOW_LONG,LONG,78,78
2026-03-27,IB_BEARISH,SHORT,257,257
2026-03-27,VALUE_AREA_RESPONSIVE_SHORT,SHORT,294,294
2026-03-27,VWAP_MAGNET_LONG,LONG,38,38
2026-03-27,STOP_SWEEP_LONG,LONG,-32,-32
2026-03-27,STOP_SWEEP_SHORT,SHORT,-32,-32
2026-03-30,FLOOR_R1_LONG,LONG,-122,-122
2026-03-30,OR5_LOW_LONG,LONG,-122,-122
2026-03-30,PD_POC_LONG,LONG,58,58
2026-03-30,IB_LOW_LONG,LONG,58,58
2026-03-30,PW_LOW_LONG,LONG,88,88
2026-03-30,FLOOR_PIVOT_LONG,LONG,-122,-122
2026-03-30,PD_VAL_LONG,LONG,58,58
2026-03-30,PD_CLOSE_LONG,LONG,-122,-122
2026-03-30,PD_LOW_LONG,LONG,58,58
2026-03-30,IB_BEARISH,SHORT,251,251
2026-03-30,OPEN_TEST_DRIVE_SHORT,SHORT,496,496
2026-03-30,VWAP_MAGNET_LONG,LONG,-62,-62
2026-03-30,STOP_SWEEP_SHORT,SHORT,88,88
2026-03-30,STOP_SWEEP_SHORT,SHORT,88,88
2026-03-31,PD_IB_MID_SHORT,SHORT,-182,-182
2026-03-31,OR5_HIGH_SHORT,SHORT,-182,-182
2026-03-31,PD_OR_MID_SHORT,SHORT,-182,-182
2026-03-31,PD_VAL_SHORT,SHORT,78,78
2026-03-31,PD_IB_HIGH_SHORT,SHORT,78,78
2026-03-31,FLOOR_S1_SHORT,SHORT,78,78
2026-03-31,IB_HIGH_SHORT,SHORT,78,78
2026-03-31,PD_LOW_LONG,LONG,78,78
2026-03-31,OR5_LOW_LONG,LONG,78,78
2026-03-31,IB_LOW_LONG,LONG,78,78
2026-03-31,DAILY_OPEN_LONG,LONG,78,78
2026-03-31,PD2_VAL_LONG,LONG,78,78
2026-03-31,PD2_VAH_SHORT,SHORT,-182,-182
2026-03-31,PD_POC_SHORT,SHORT,118,118
2026-03-31,FLOOR_PIVOT_LONG,LONG,118,118
2026-03-31,PD_CLOSE_SHORT,SHORT,-26,-26
2026-03-31,IB_BULLISH,LONG,-389.5,-389.5
2026-03-31,VWAP_MAGNET_SHORT,SHORT,-62,-62
2026-03-31,STOP_SWEEP_SHORT,SHORT,-32,-32
2026-03-31,STOP_SWEEP_LONG,LONG,-32,-32
2026-04-01,OR5_HIGH_SHORT,SHORT,78,78
2026-04-01,10D_IB_MID_SHORT,SHORT,78,78
2026-04-01,PD_POC_SHORT,SHORT,78,78
2026-04-01,FLOOR_PIVOT_SHORT,SHORT,118,118
2026-04-01,PD_CLOSE_SHORT,SHORT,118,118
2026-04-01,DAILY_OPEN_LONG,LONG,78,78
2026-04-01,MONTHLY_OPEN_LONG,LONG,78,78
2026-04-01,PD_VAL_SHORT,SHORT,-182,-182
2026-04-01,IB_HIGH_SHORT,SHORT,118,118
2026-04-01,PD_VAH_SHORT,SHORT,78,78
2026-04-01,PD_HIGH_SHORT,SHORT,78,78
2026-04-01,FLOOR_R1_SHORT,SHORT,78,78
2026-04-01,OPEN_TEST_DRIVE_LONG,LONG,228,228
2026-04-01,STOP_SWEEP_LONG,LONG,88,88
2026-04-01,STOP_SWEEP_LONG,LONG,88,88
2026-04-02,PD_LOW_LONG,LONG,118,118
2026-04-02,OR5_LOW_SHORT,SHORT,-182,-182
2026-04-02,DAILY_OPEN_SHORT,SHORT,-182,-182
2026-04-02,5D_OR_MID_SHORT,SHORT,-182,-182
2026-04-02,FLOOR_S1_SHORT,SHORT,-182,-182
2026-04-02,OR5_HIGH_SHORT,SHORT,-182,-182
2026-04-02,PD2_VAH_SHORT,SHORT,78,78
2026-04-02,MONTHLY_OPEN_SHORT,SHORT,-182,-182
2026-04-02,10D_IB_MID_SHORT,SHORT,-182,-182
2026-04-02,PD_IB_HIGH_SHORT,SHORT,118,118
2026-04-02,M1_VAL_SHORT,SHORT,118,118
2026-04-02,2D_POC_SHORT,SHORT,118,118
2026-04-02,PD_CLOSE_SHORT,SHORT,118,118
2026-04-02,PD_POC_SHORT,SHORT,78,78
2026-04-02,PD_IB_MID_LONG,LONG,118,118
2026-04-02,PD_OR_MID_LONG,LONG,118,118
2026-04-02,FLOOR_PIVOT_LONG,LONG,78,78
2026-04-02,IB_BULLISH,LONG,737.5,737.5
2026-04-02,OPEN_TEST_DRIVE_SHORT,SHORT,-209.1999999999971,-209.1999999999971
2026-04-02,VWAP_MAGNET_SHORT,SHORT,-62,-62
2026-04-02,STOP_SWEEP_SHORT,SHORT,-32,-32
2026-04-02,STOP_SWEEP_LONG,LONG,88,88
2026-04-06,PD_POC_LONG,LONG,-122,-122
2026-04-06,FLOOR_PIVOT_LONG,LONG,-122,-122
2026-04-06,OR5_LOW_LONG,LONG,88,88
2026-04-06,DAILY_OPEN_LONG,LONG,88,88
2026-04-06,WEEKLY_OPEN_LONG,LONG,88,88
2026-04-06,PD_VAL_LONG,LONG,88,88
2026-04-06,PD2_VAH_LONG,LONG,88,88
2026-04-06,PD_VAH_SHORT,SHORT,-122,-122
2026-04-06,PD_CLOSE_SHORT,SHORT,-122,-122
2026-04-06,OR5_HIGH_SHORT,SHORT,-122,-122
2026-04-06,PW_HIGH_SHORT,SHORT,-122,-122
2026-04-06,3M_VAL_SHORT,SHORT,88,88
2026-04-06,FLOOR_S1_LONG,LONG,58,58
2026-04-06,PD_LOW_LONG,LONG,88,88
2026-04-06,IB_LOW_LONG,LONG,58,58
2026-04-06,IB_BULLISH,LONG,-312.5,-312.5
2026-04-06,OPEN_TEST_DRIVE_SHORT,SHORT,-314.22499999999854,-314.22499999999854
2026-04-06,VALUE_AREA_RESPONSIVE_SHORT,SHORT,97,97
2026-04-06,TRT_SHORT,SHORT,-309.8799999999974,-309.8799999999974
2026-04-06,BRACKET_BREAKOUT_LONG,LONG,154,154
2026-04-06,STOP_SWEEP_LONG,LONG,88,88
2026-04-06,STOP_SWEEP_SHORT,SHORT,-32,-32
2026-04-07,PD_POC_LONG,LONG,-182,-182
2026-04-07,FLOOR_PIVOT_LONG,LONG,-182,-182
2026-04-07,PD_IB_LOW_SHORT,SHORT,118,118
2026-04-07,DAILY_OPEN_SHORT,SHORT,118,118
2026-04-07,OR5_LOW_LONG,LONG,-182,-182
2026-04-07,2D_POC_LONG,LONG,78,78
2026-04-07,PD_VAL_LONG,LONG,-182,-182
2026-04-07,FLOOR_S1_LONG,LONG,-182,-182
2026-04-07,MONTHLY_OPEN_LONG,LONG,-182,-182
2026-04-07,PD2_VAL_LONG,LONG,78,78
2026-04-07,10D_IB_MID_LONG,LONG,78,78
2026-04-07,IB_LOW_SHORT,SHORT,78,78
2026-04-07,PD_LOW_LONG,LONG,78,78
2026-04-07,PD2_VAH_SHORT,SHORT,78,78
2026-04-07,PD_VAH_SHORT,SHORT,-86.5,-86.5
2026-04-07,PD_IB_MID_SHORT,SHORT,-86.5,-86.5
2026-04-07,PD_OR_MID_SHORT,SHORT,-86.5,-86.5
2026-04-07,OR5_HIGH_SHORT,SHORT,-120.5,-120.5
2026-04-07,IB_HIGH_SHORT,SHORT,-120.5,-120.5
2026-04-07,PW_HIGH_SHORT,SHORT,-62.5,-62.5
2026-04-07,PD_HIGH_SHORT,SHORT,-2,-2
2026-04-07,PD_CLOSE_SHORT,SHORT,-2,-2
2026-04-07,IB_BEARISH,SHORT,54.25,54.25
2026-04-07,OPEN_TEST_DRIVE_SHORT,SHORT,219.5,219.5
2026-04-07,VALUE_AREA_RESPONSIVE_LONG,LONG,-55.5,-55.5
2026-04-07,VWAP_MAGNET_SHORT,SHORT,-35,-35
2026-04-07,STOP_SWEEP_LONG,LONG,-32,-32
2026-04-07,STOP_SWEEP_SHORT,SHORT,-32,-32
2026-04-08,PM_VAH_SHORT,SHORT,118,118
2026-04-08,OR5_LOW_LONG,LONG,-182,-182
2026-04-08,PD_VAH_LONG,LONG,-182,-182
2026-04-08,PD_POC_LONG,LONG,118,118
2026-04-08,PD_CLOSE_LONG,LONG,118,118
2026-04-08,FLOOR_PIVOT_LONG,LONG,118,118
2026-04-08,M1_VAH_LONG,LONG,-182,-182
2026-04-08,IB_LOW_LONG,LONG,-182,-182
2026-04-08,PD_VAL_LONG,LONG,78,78
2026-04-08,PD_LOW_LONG,LONG,118,118
2026-04-08,IB_BEARISH,SHORT,180.5,180.5
2026-04-08,OPEN_TEST_DRIVE_SHORT,SHORT,259,259
2026-04-08,STOP_SWEEP_LONG,LONG,-32,-32
2026-04-08,STOP_SWEEP_LONG,LONG,-32,-32
2026-04-09,OR5_LOW_LONG,LONG,118,118
2026-04-09,PD_VAL_LONG,LONG,78,78
2026-04-09,PD_IB_LOW_LONG,LONG,78,78
2026-04-09,FLOOR_S1_LONG,LONG,78,78
2026-04-09,2D_POC_SHORT,SHORT,78,78
2026-04-09,DAILY_OPEN_SHORT,SHORT,78,78
2026-04-09,OR5_HIGH_SHORT,SHORT,78,78
2026-04-09,PD_LOW_LONG,LONG,78,78
2026-04-09,IB_LOW_SHORT,SHORT,-182,-182
2026-04-09,IB_HIGH_SHORT,SHORT,78,78
2026-04-09,PM_VAH_SHORT,SHORT,78,78
2026-04-09,M1_VAH_SHORT,SHORT,78,78
2026-04-09,PD_IB_MID_SHORT,SHORT,-182,-182
2026-04-09,FLOOR_PIVOT_SHORT,SHORT,-182,-182
2026-04-09,PD_OR_MID_SHORT,SHORT,-182,-182
2026-04-09,PD_POC_SHORT,SHORT,78,78
2026-04-09,PD_CLOSE_SHORT,SHORT,78,78
2026-04-09,PD_IB_HIGH_SHORT,SHORT,78,78
2026-04-09,PD_VAH_SHORT,SHORT,78,78
2026-04-09,PD_HIGH_SHORT,SHORT,78,78
2026-04-09,IB_BEARISH,SHORT,108.5,108.5
2026-04-09,VALUE_AREA_RESPONSIVE_LONG,LONG,-36.5,-36.5
2026-04-09,TRT_LONG,LONG,277.5,277.5
2026-04-09,STOP_SWEEP_SHORT,SHORT,-32,-32
2026-04-09,STOP_SWEEP_SHORT,SHORT,-32,-32
2026-04-10,FLOOR_PIVOT_LONG,LONG,118,118
2026-04-10,OR5_LOW_LONG,LONG,118,118
2026-04-10,DAILY_OPEN_LONG,LONG,118,118
2026-04-10,PD_VAH_LONG,LONG,78,78
2026-04-10,PD_POC_LONG,LONG,78,78
2026-04-10,PD_CLOSE_LONG,LONG,78,78
2026-04-10,OR5_HIGH_SHORT,SHORT,78,78
2026-04-10,IB_HIGH_SHORT,SHORT,78,78
2026-04-10,FLOOR_R1_SHORT,SHORT,118,118
2026-04-10,PD_HIGH_SHORT,SHORT,78,78
2026-04-10,IB_LOW_LONG,LONG,-37.5,-37.5
2026-04-10,PD_VAL_LONG,LONG,78,78
2026-04-10,PD_LOW_LONG,LONG,78,78
2026-04-10,IB_BEARISH,SHORT,-130.6999999999971,-130.6999999999971
2026-04-10,OPEN_TEST_DRIVE_SHORT,SHORT,-166.5,-166.5
2026-04-10,VALUE_AREA_RESPONSIVE_SHORT,SHORT,-43.5,-43.5
2026-04-10,VALUE_AREA_RESPONSIVE_LONG,LONG,38,38
2026-04-10,TRT_LONG,LONG,-177,-177
2026-04-10,STOP_SWEEP_LONG,LONG,-32,-32
2026-04-10,STOP_SWEEP_SHORT,SHORT,-32,-32
2026-04-13,OR5_LOW_LONG,LONG,58,58
2026-04-13,DAILY_OPEN_LONG,LONG,58,58
2026-04-13,WEEKLY_OPEN_LONG,LONG,58,58
2026-04-13,PD_VAL_LONG,LONG,58,58
2026-04-13,PD_LOW_LONG,LONG,88,88
2026-04-13,FLOOR_S1_SHORT,SHORT,-122,-122
2026-04-13,M1_VAH_SHORT,SHORT,-122,-122
2026-04-13,PD2_VAH_SHORT,SHORT,-122,-122
2026-04-13,PD_IB_LOW_SHORT,SHORT,88,88
2026-04-13,OR5_HIGH_SHORT,SHORT,-122,-122
2026-04-13,2D_POC_SHORT,SHORT,-122,-122
2026-04-13,PD_POC_SHORT,SHORT,58,58
2026-04-13,PD_IB_MID_SHORT,SHORT,88,88
2026-04-13,IB_HIGH_SHORT,SHORT,-122,-122
2026-04-13,PD_OR_MID_SHORT,SHORT,58,58
2026-04-13,PD_IB_HIGH_SHORT,SHORT,88,88
2026-04-13,PW_HIGH_SHORT,SHORT,58,58
2026-04-13,PD_VAH_SHORT,SHORT,58,58
2026-04-13,FLOOR_PIVOT_SHORT,SHORT,58,58
2026-04-13,PD_CLOSE_SHORT,SHORT,-12.5,-12.5
2026-04-13,PD_HIGH_SHORT,SHORT,8,8
2026-04-13,IB_BULLISH,LONG,168,168
2026-04-13,OPEN_TEST_DRIVE_SHORT,SHORT,28,28
2026-04-13,VALUE_AREA_RESPONSIVE_LONG,LONG,261.5,261.5
2026-04-13,VWAP_MAGNET_SHORT,SHORT,8,8
2026-04-13,STOP_SWEEP_SHORT,SHORT,-32,-32
2026-04-13,STOP_SWEEP_SHORT,SHORT,-32,-32
2026-04-14,OR5_HIGH_SHORT,SHORT,-182,-182
2026-04-14,FLOOR_S1_SHORT,SHORT,78,78
2026-04-14,PD_VAL_SHORT,SHORT,-182,-182
2026-04-14,IB_HIGH_LONG,LONG,78,78
2026-04-14,FLOOR_PIVOT_SHORT,SHORT,-182,-182
2026-04-14,3M_VAH_SHORT,SHORT,-182,-182
2026-04-14,PD_POC_SHORT,SHORT,-182,-182
2026-04-14,PD_CLOSE_SHORT,SHORT,-30.5,-30.5
2026-04-14,PD_VAH_SHORT,SHORT,-26.5,-26.5
2026-04-14,PD_HIGH_SHORT,SHORT,-26.5,-26.5
2026-04-14,IB_BULLISH,LONG,557.5,557.5
2026-04-14,STOP_SWEEP_LONG,LONG,-32,-32
2026-04-14,STOP_SWEEP_LONG,LONG,58,58
2026-04-15,PD_VAL_SHORT,SHORT,-182,-182
2026-04-15,DAILY_OPEN_SHORT,SHORT,-182,-182
2026-04-15,OR5_HIGH_SHORT,SHORT,78,78
2026-04-15,PD_LOW_LONG,LONG,118,118
2026-04-15,OR5_LOW_LONG,LONG,118,118
2026-04-15,FLOOR_S1_SHORT,SHORT,-182,-182
2026-04-15,PD_POC_SHORT,SHORT,78,78
2026-04-15,FLOOR_PIVOT_SHORT,SHORT,78,78
2026-04-15,PD_VAH_SHORT,SHORT,78,78
2026-04-15,PD_CLOSE_SHORT,SHORT,-31.5,-31.5
2026-04-15,PD_HIGH_SHORT,SHORT,-3,-3
2026-04-15,IB_BULLISH,LONG,411.5,411.5
2026-04-15,OPEN_TEST_DRIVE_SHORT,SHORT,-175.1750000000029,-175.1750000000029
2026-04-15,OPEN_TEST_DRIVE_LONG,LONG,-128.5,-128.5
2026-04-15,TRT_SHORT,SHORT,-151.62000000000262,-151.62000000000262
2026-04-15,STOP_SWEEP_SHORT,SHORT,-32,-32
2026-04-15,STOP_SWEEP_LONG,LONG,-32,-32
2026-04-16,PD_VAL_LONG,LONG,-182,-182
2026-04-16,OR5_LOW_LONG,LONG,-182,-182
2026-04-16,FLOOR_S1_LONG,LONG,78,78
2026-04-16,PD_LOW_LONG,LONG,118,118
2026-04-16,FLOOR_PIVOT_SHORT,SHORT,-182,-182
2026-04-16,DAILY_OPEN_SHORT,SHORT,-182,-182
2026-04-16,OR5_HIGH_SHORT,SHORT,-182,-182
2026-04-16,IB_HIGH_SHORT,SHORT,-182,-182
2026-04-16,PD_POC_SHORT,SHORT,-182,-182
2026-04-16,PD_CLOSE_SHORT,SHORT,78,78
2026-04-16,PD_VAH_SHORT,SHORT,118,118
2026-04-16,PD_HIGH_SHORT,SHORT,78,78
2026-04-16,IB_BEARISH,SHORT,-281.77999999999884,-281.77999999999884
2026-04-16,OPEN_TEST_DRIVE_SHORT,SHORT,-239.84999999999854,-239.84999999999854
2026-04-16,VALUE_AREA_RESPONSIVE_SHORT,SHORT,28,28
2026-04-16,VALUE_AREA_RESPONSIVE_LONG,LONG,-56,-56
2026-04-16,TRT_LONG,LONG,115.5,115.5
2026-04-16,STOP_SWEEP_LONG,LONG,-32,-32
2026-04-16,STOP_SWEEP_SHORT,SHORT,-32,-32
2026-04-17,FLOOR_S1_LONG,LONG,78,78
2026-04-17,DAILY_OPEN_LONG,LONG,78,78
2026-04-17,OR5_HIGH_SHORT,SHORT,78,78
2026-04-17,PD_VAL_SHORT,SHORT,-182,-182
2026-04-17,FLOOR_PIVOT_SHORT,SHORT,78,78
2026-04-17,IB_HIGH_SHORT,SHORT,-182,-182
2026-04-17,PD_POC_SHORT,SHORT,78,78
2026-04-17,PD_CLOSE_SHORT,SHORT,78,78
2026-04-17,PD_VAH_SHORT,SHORT,78,78
2026-04-17,PD_HIGH_SHORT,SHORT,78,78
2026-04-17,STOP_SWEEP_LONG,LONG,-32,-32
2026-04-17,STOP_SWEEP_LONG,LONG,-32,-32
2026-04-20,DAILY_OPEN_SHORT,SHORT,88,88
2026-04-20,WEEKLY_OPEN_SHORT,SHORT,88,88
2026-04-20,PD_VAH_LONG,LONG,58,58
2026-04-20,PD_CLOSE_LONG,LONG,58,58
2026-04-20,OR5_LOW_LONG,LONG,58,58
2026-04-20,PD_POC_LONG,LONG,58,58
2026-04-20,PD_IB_HIGH_LONG,LONG,58,58
2026-04-20,FLOOR_PIVOT_LONG,LONG,58,58
2026-04-20,IB_LOW_LONG,LONG,-122,-122
2026-04-20,PD_IB_MID_LONG,LONG,-122,-122
2026-04-20,PD_VAL_LONG,LONG,-122,-122
2026-04-20,PD_OR_MID_LONG,LONG,-122,-122
2026-04-20,PD_IB_LOW_LONG,LONG,-122,-122
2026-04-20,FLOOR_S1_LONG,LONG,58,58
2026-04-20,PD_LOW_LONG,LONG,88,88
2026-04-20,OPEN_TEST_DRIVE_SHORT,SHORT,165.5,165.5
2026-04-20,STOP_SWEEP_LONG,LONG,88,88
2026-04-20,STOP_SWEEP_SHORT,SHORT,-32,-32
2026-04-21,OR5_LOW_LONG,LONG,78,78
2026-04-21,PD2_VAL_LONG,LONG,78,78
2026-04-21,PD_POC_LONG,LONG,78,78
2026-04-21,PD_IB_MID_SHORT,SHORT,-182,-182
2026-04-21,PD_OR_MID_SHORT,SHORT,-182,-182
2026-04-21,PD_VAH_SHORT,SHORT,-182,-182
2026-04-21,DAILY_OPEN_SHORT,SHORT,78,78
2026-04-21,PD_IB_HIGH_SHORT,SHORT,78,78
2026-04-21,OR5_HIGH_SHORT,SHORT,78,78
2026-04-21,M1_VAH_SHORT,SHORT,78,78
2026-04-21,2D_POC_SHORT,SHORT,78,78
2026-04-21,FLOOR_R1_SHORT,SHORT,78,78
2026-04-21,PD2_VAH_SHORT,SHORT,78,78
2026-04-21,PD_HIGH_SHORT,SHORT,78,78
2026-04-21,PW_HIGH_SHORT,SHORT,78,78
2026-04-21,IB_HIGH_SHORT,SHORT,78,78
2026-04-21,IB_LOW_LONG,LONG,78,78
2026-04-21,PD_IB_LOW_LONG,LONG,78,78
2026-04-21,FLOOR_PIVOT_LONG,LONG,78,78
2026-04-21,PD_VAL_LONG,LONG,78,78
2026-04-21,PD_CLOSE_LONG,LONG,78,78
2026-04-21,VALUE_AREA_RESPONSIVE_SHORT,SHORT,-63,-63
2026-04-21,VALUE_AREA_RESPONSIVE_LONG,LONG,105,105
2026-04-21,TRT_SHORT,SHORT,153.5,153.5
2026-04-21,STOP_SWEEP_LONG,LONG,-32,-32
2026-04-21,STOP_SWEEP_LONG,LONG,-32,-32
2026-04-22,PD_LOW_LONG,LONG,78,78
2026-04-22,OR5_LOW_LONG,LONG,78,78
2026-04-22,PD_IB_HIGH_LONG,LONG,78,78
2026-04-22,M1_VAH_SHORT,SHORT,-182,-182
2026-04-22,DAILY_OPEN_SHORT,SHORT,-182,-182
2026-04-22,FLOOR_S1_SHORT,SHORT,-182,-182
2026-04-22,OR5_HIGH_SHORT,SHORT,-182,-182
2026-04-22,PW_HIGH_SHORT,SHORT,-182,-182
2026-04-22,PD_VAL_SHORT,SHORT,-182,-182
2026-04-22,PD_POC_SHORT,SHORT,-182,-182
2026-04-22,FLOOR_PIVOT_SHORT,SHORT,78,78
2026-04-22,PD_VAH_SHORT,SHORT,78,78
2026-04-22,PD_CLOSE_SHORT,SHORT,-14.5,-14.5
2026-04-22,PD_HIGH_SHORT,SHORT,7,7
2026-04-22,STOP_SWEEP_LONG,LONG,88,88
2026-04-22,STOP_SWEEP_LONG,LONG,-32,-32
2026-04-23,OR5_HIGH_SHORT,SHORT,78,78
2026-04-23,DAILY_OPEN_SHORT,SHORT,78,78
2026-04-23,PD_VAH_SHORT,SHORT,78,78
2026-04-23,M1_VAH_LONG,LONG,78,78
2026-04-23,IB_HIGH_SHORT,SHORT,78,78
2026-04-23,PD_HIGH_SHORT,SHORT,78,78
2026-04-23,FLOOR_R1_SHORT,SHORT,78,78
2026-04-23,OR5_LOW_LONG,LONG,-182,-182
2026-04-23,IB_LOW_LONG,LONG,-182,-182
2026-04-23,PD_POC_LONG,LONG,-182,-182
2026-04-23,PD_CLOSE_LONG,LONG,-182,-182
2026-04-23,FLOOR_PIVOT_LONG,LONG,-182,-182
2026-04-23,PD_IB_HIGH_LONG,LONG,78,78
2026-04-23,PW_HIGH_LONG,LONG,78,78
2026-04-23,PD_IB_MID_LONG,LONG,-182,-182
2026-04-23,PD_OR_MID_LONG,LONG,-182,-182
2026-04-23,PD_VAL_LONG,LONG,-182,-182
2026-04-23,PD_IB_LOW_LONG,LONG,-182,-182
2026-04-23,PD2_VAH_LONG,LONG,-182,-182
2026-04-23,3M_VAH_LONG,LONG,78,78
2026-04-23,2D_POC_LONG,LONG,78,78
2026-04-23,PD_LOW_LONG,LONG,118,118
2026-04-23,FLOOR_S1_LONG,LONG,118,118
2026-04-23,IB_BEARISH,SHORT,-230.4800000000032,-230.4800000000032
2026-04-23,OPEN_TEST_DRIVE_LONG,LONG,99.5,99.5
2026-04-23,VALUE_AREA_RESPONSIVE_SHORT,SHORT,-66,-66
2026-04-23,VWAP_MAGNET_LONG,LONG,-62,-62
2026-04-23,STOP_SWEEP_LONG,LONG,88,88
2026-04-23,STOP_SWEEP_LONG,LONG,-32,-32
2026-04-24,DAILY_OPEN_SHORT,SHORT,78,78
2026-04-24,FLOOR_S1_LONG,LONG,118,118
2026-04-24,PD_VAL_SHORT,SHORT,78,78
2026-04-24,OR5_HIGH_SHORT,SHORT,78,78
2026-04-24,OR5_LOW_LONG,LONG,78,78
2026-04-24,IB_HIGH_SHORT,SHORT,-182,-182
2026-04-24,FLOOR_PIVOT_SHORT,SHORT,-182,-182
2026-04-24,PD_POC_SHORT,SHORT,78,78
2026-04-24,PD_CLOSE_SHORT,SHORT,78,78
2026-04-24,PD_VAH_SHORT,SHORT,78,78
2026-04-24,PD_HIGH_SHORT,SHORT,78,78
2026-04-24,IB_BEARISH,SHORT,-158.62000000000262,-158.62000000000262
2026-04-24,OPEN_TEST_DRIVE_LONG,LONG,-143,-143
2026-04-24,TRT_SHORT,SHORT,-204.5,-204.5
2026-04-24,BRACKET_BREAKOUT_LONG,LONG,492.5,492.5
2026-04-24,STOP_SWEEP_LONG,LONG,-32,-32
2026-04-24,STOP_SWEEP_SHORT,SHORT,88,88
2026-04-27,PD_POC_LONG,LONG,-122,-122
2026-04-27,OR5_LOW_LONG,LONG,-122,-122
2026-04-27,FLOOR_PIVOT_SHORT,SHORT,58,58
2026-04-27,2D_POC_SHORT,SHORT,58,58
2026-04-27,PD_VAH_SHORT,SHORT,58,58
2026-04-27,DAILY_OPEN_SHORT,SHORT,58,58
2026-04-27,WEEKLY_OPEN_SHORT,SHORT,58,58
2026-04-27,PD_VAL_LONG,LONG,58,58
2026-04-27,FLOOR_S1_LONG,LONG,58,58
2026-04-27,PD_LOW_LONG,LONG,88,88
2026-04-27,M1_VAH_SHORT,SHORT,58,58
2026-04-27,OR5_HIGH_SHORT,SHORT,-51.5,-51.5
2026-04-27,IB_HIGH_SHORT,SHORT,-51.5,-51.5
2026-04-27,PD_CLOSE_SHORT,SHORT,58,58
2026-04-27,PD_HIGH_SHORT,SHORT,-12.5,-12.5
2026-04-27,PW_HIGH_SHORT,SHORT,7.5,7.5
2026-04-27,VALUE_AREA_RESPONSIVE_SHORT,SHORT,43.75,43.75
2026-04-27,VALUE_AREA_RESPONSIVE_LONG,LONG,-34,-34
2026-04-27,STOP_SWEEP_LONG,LONG,-32,-32
2026-04-27,STOP_SWEEP_LONG,LONG,-32,-32
2026-04-28,PD_POC_SHORT,SHORT,78,78
2026-04-28,PD_CLOSE_SHORT,SHORT,78,78
2026-04-28,OR5_HIGH_SHORT,SHORT,78,78
2026-04-28,DAILY_OPEN_SHORT,SHORT,78,78
2026-04-28,PD_VAH_SHORT,SHORT,78,78
2026-04-28,PD_HIGH_SHORT,SHORT,118,118
2026-04-28,PD2_VAL_SHORT,SHORT,118,118
2026-04-28,FLOOR_PIVOT_LONG,LONG,118,118
2026-04-28,PD_VAL_LONG,LONG,78,78
2026-04-28,OR5_LOW_LONG,LONG,78,78
2026-04-28,IB_LOW_LONG,LONG,78,78
2026-04-28,5D_OR_MID_LONG,LONG,78,78
2026-04-28,FLOOR_S1_LONG,LONG,118,118
2026-04-28,PD_LOW_LONG,LONG,118,118
2026-04-28,OPEN_TEST_DRIVE_LONG,LONG,114,114
2026-04-28,VALUE_AREA_RESPONSIVE_SHORT,SHORT,-40,-40
2026-04-28,VALUE_AREA_RESPONSIVE_LONG,LONG,160,160
2026-04-28,TRT_SHORT,SHORT,-307.6200000000026,-307.6200000000026
2026-04-28,STOP_SWEEP_LONG,LONG,-32,-32
2026-04-28,STOP_SWEEP_LONG,LONG,-32,-32
2026-04-29,PD_IB_MID_LONG,LONG,118,118
2026-04-29,OR5_LOW_LONG,LONG,118,118
2026-04-29,PD_VAL_SHORT,SHORT,-182,-182
2026-04-29,3M_VAH_SHORT,SHORT,-182,-182
2026-04-29,2D_POC_SHORT,SHORT,-182,-182
2026-04-29,FLOOR_S1_SHORT,SHORT,-182,-182
2026-04-29,DAILY_OPEN_SHORT,SHORT,-182,-182
2026-04-29,PD_POC_SHORT,SHORT,-182,-182
2026-04-29,OR5_HIGH_SHORT,SHORT,-182,-182
2026-04-29,PD_IB_HIGH_SHORT,SHORT,78,78
2026-04-29,FLOOR_PIVOT_SHORT,SHORT,78,78
2026-04-29,PD_VAH_SHORT,SHORT,78,78
2026-04-29,IB_HIGH_LONG,LONG,78,78
2026-04-29,PD_HIGH_SHORT,SHORT,78,78
2026-04-29,PD_CLOSE_SHORT,SHORT,78,78
2026-04-29,PD2_VAL_SHORT,SHORT,78,78
2026-04-29,IB_BULLISH,LONG,168,168
2026-04-29,STOP_SWEEP_LONG,LONG,88,88
2026-04-29,STOP_SWEEP_LONG,LONG,-32,-32
2026-04-30,OR5_LOW_LONG,LONG,-182,-182
2026-04-30,FLOOR_S1_LONG,LONG,118,118
2026-04-30,PD_IB_HIGH_LONG,LONG,78,78
2026-04-30,PD2_VAH_LONG,LONG,78,78
2026-04-30,3M_VAH_LONG,LONG,118,118
2026-04-30,5D_OR_MID_LONG,LONG,118,118
2026-04-30,PD_VAL_LONG,LONG,118,118
2026-04-30,PD_LOW_LONG,LONG,118,118
2026-04-30,PD_IB_MID_LONG,LONG,118,118
2026-04-30,PD_OR_MID_LONG,LONG,118,118
2026-04-30,2D_POC_LONG,LONG,118,118
2026-04-30,IB_LOW_LONG,LONG,78,78
2026-04-30,PD_POC_SHORT,SHORT,78,78
2026-04-30,M1_VAH_SHORT,SHORT,78,78
2026-04-30,PD_VAH_SHORT,SHORT,-182,-182
2026-04-30,FLOOR_PIVOT_SHORT,SHORT,-182,-182
2026-04-30,PW_HIGH_SHORT,SHORT,-182,-182
2026-04-30,OR5_HIGH_SHORT,SHORT,-182,-182
2026-04-30,IB_HIGH_SHORT,SHORT,-182,-182
2026-04-30,DAILY_OPEN_SHORT,SHORT,-182,-182
2026-04-30,PD_CLOSE_SHORT,SHORT,-10.5,-10.5
2026-04-30,PD_HIGH_SHORT,SHORT,65,65
2026-04-30,IB_BEARISH,SHORT,154.5,154.5
2026-04-30,VALUE_AREA_RESPONSIVE_SHORT,SHORT,118.75,118.75
2026-04-30,VWAP_MAGNET_SHORT,SHORT,-62,-62
2026-04-30,STOP_SWEEP_LONG,LONG,-32,-32
2026-04-30,STOP_SWEEP_SHORT,SHORT,-32,-32
2026-05-01,OR5_HIGH_SHORT,SHORT,-182,-182
2026-05-01,FLOOR_PIVOT_SHORT,SHORT,78,78
2026-05-01,PD_VAL_SHORT,SHORT,-182,-182
2026-05-01,PD_CLOSE_SHORT,SHORT,78,78
2026-05-01,PD_POC_SHORT,SHORT,78,78
2026-05-01,PD_VAH_SHORT,SHORT,78,78
2026-05-01,IB_HIGH_SHORT,SHORT,78,78
2026-05-01,PD_HIGH_SHORT,SHORT,118,118
2026-05-01,IB_BULLISH,LONG,94.75,94.75
2026-05-01,OPEN_TEST_DRIVE_LONG,LONG,254.5,254.5
2026-05-01,BRACKET_BREAKOUT_LONG,LONG,341.5,341.5
2026-05-01,STOP_SWEEP_LONG,LONG,88,88
2026-05-01,STOP_SWEEP_SHORT,SHORT,-32,-32
2026-05-04,PD_VAH_SHORT,SHORT,-122,-122
2026-05-04,DAILY_OPEN_SHORT,SHORT,-122,-122
2026-05-04,WEEKLY_OPEN_SHORT,SHORT,-122,-122
2026-05-04,OR5_LOW_LONG,LONG,88,88
2026-05-04,PD_IB_HIGH_SHORT,SHORT,58,58
2026-05-04,OR5_HIGH_SHORT,SHORT,58,58
2026-05-04,M1_VAH_SHORT,SHORT,58,58
2026-05-04,2D_POC_SHORT,SHORT,58,58
2026-05-04,PW_HIGH_SHORT,SHORT,58,58
2026-05-04,IB_HIGH_LONG,LONG,58,58
2026-05-04,PD_HIGH_SHORT,SHORT,58,58
2026-05-04,FLOOR_R1_SHORT,SHORT,58,58
2026-05-04,PD_POC_LONG,LONG,-122,-122
2026-05-04,PD_CLOSE_LONG,LONG,-122,-122
2026-05-04,FLOOR_PIVOT_LONG,LONG,-122,-122
2026-05-04,PD_IB_MID_LONG,LONG,-122,-122
2026-05-04,PD_VAL_LONG,LONG,-122,-122
2026-05-04,MONTHLY_OPEN_LONG,LONG,88,328
2026-05-04,PD_OR_MID_LONG,LONG,58,58
2026-05-04,IB_LOW_SHORT,SHORT,58,58
2026-05-04,IB_BULLISH,LONG,81,81
2026-05-04,VALUE_AREA_RESPONSIVE_SHORT,SHORT,-68,-68
2026-05-04,VALUE_AREA_RESPONSIVE_LONG,LONG,-57.5,-57.5
2026-05-04,TRT_SHORT,SHORT,184,184
2026-05-04,BRACKET_BREAKOUT_LONG,LONG,-170.3000000000029,-170.3000000000029
2026-05-04,STOP_SWEEP_LONG,LONG,58,58
2026-05-04,STOP_SWEEP_LONG,LONG,-32,-32
2026-05-05,OR5_HIGH_SHORT,SHORT,-182,-182
2026-05-05,PD_VAL_SHORT,SHORT,-182,-182
2026-05-05,FLOOR_PIVOT_SHORT,SHORT,78,78
2026-05-05,PD_POC_SHORT,SHORT,78,78
2026-05-05,PD_CLOSE_SHORT,SHORT,78,78
2026-05-05,IB_HIGH_LONG,LONG,78,78
2026-05-05,PD_VAH_SHORT,SHORT,78,78
2026-05-05,PD_HIGH_SHORT,SHORT,78,78
2026-05-05,IB_BULLISH,LONG,152,152
2026-05-05,OPEN_TEST_DRIVE_LONG,LONG,226,226
2026-05-05,BRACKET_BREAKOUT_LONG,LONG,262.5,262.5
2026-05-05,STOP_SWEEP_LONG,LONG,88,88
2026-05-05,STOP_SWEEP_LONG,LONG,58,58
2026-05-06,OR5_HIGH_SHORT,SHORT,78,78
2026-05-06,PD_VAL_LONG,LONG,118,118
2026-05-06,FLOOR_S1_SHORT,SHORT,78,78
2026-05-06,DAILY_OPEN_LONG,LONG,118,118
2026-05-06,IB_HIGH_SHORT,SHORT,-182,-182
2026-05-06,PD_POC_SHORT,SHORT,78,78
2026-05-06,FLOOR_PIVOT_SHORT,SHORT,78,78
2026-05-06,PD_VAH_SHORT,SHORT,78,78
2026-05-06,PD_CLOSE_SHORT,SHORT,-31,-31
2026-05-06,PD_HIGH_SHORT,SHORT,4,4
2026-05-06,IB_BULLISH,LONG,278.5,278.5
2026-05-06,OPEN_TEST_DRIVE_LONG,LONG,312.5,312.5
2026-05-06,BRACKET_BREAKOUT_LONG,LONG,728,728
2026-05-06,VWAP_MAGNET_SHORT,SHORT,38,38
2026-05-06,STOP_SWEEP_LONG,LONG,-32,-32
2026-05-06,STOP_SWEEP_SHORT,SHORT,-32,-32
2026-05-07,OR5_HIGH_SHORT,SHORT,78,78
2026-05-07,DAILY_OPEN_SHORT,SHORT,78,78
2026-05-07,FLOOR_PIVOT_LONG,LONG,78,78
2026-05-07,OR5_LOW_LONG,LONG,78,78
2026-05-07,PD_VAH_SHORT,SHORT,-182,-182
2026-05-07,FLOOR_R1_SHORT,SHORT,78,78
2026-05-07,PD_HIGH_SHORT,SHORT,78,78
2026-05-07,IB_HIGH_LONG,LONG,-182,-182
2026-05-07,IB_LOW_LONG,LONG,78,78
2026-05-07,PD_CLOSE_LONG,LONG,78,78
2026-05-07,PD_POC_LONG,LONG,78,78
2026-05-07,PD_VAL_LONG,LONG,118,199
2026-05-07,OPEN_TEST_DRIVE_LONG,LONG,-104.5,-104.5
2026-05-07,VALUE_AREA_RESPONSIVE_SHORT,SHORT,-59,-59
2026-05-07,TRT_SHORT,SHORT,-164.37999999999738,-164.37999999999738
2026-05-07,BRACKET_BREAKOUT_LONG,LONG,-134,-134
2026-05-07,VWAP_MAGNET_LONG,LONG,58,-62
2026-05-07,STOP_SWEEP_LONG,LONG,58,58
2026-05-07,STOP_SWEEP_SHORT,SHORT,-32,-32
2026-05-08,OR5_HIGH_SHORT,SHORT,-182,-182
2026-05-08,PD_VAL_SHORT,SHORT,78,78
2026-05-08,IB_HIGH_LONG,LONG,78,78
2026-05-08,FLOOR_PIVOT_SHORT,SHORT,78,78
2026-05-08,PD_POC_SHORT,SHORT,78,78
2026-05-08,PD_VAH_SHORT,SHORT,-26.5,-26.5
2026-05-08,PD_HIGH_SHORT,SHORT,-26.5,-26.5
2026-05-08,PD_CLOSE_SHORT,SHORT,-26.5,-26.5
2026-05-08,IB_BULLISH,LONG,473,473
2026-05-08,OPEN_TEST_DRIVE_LONG,LONG,716.5,716.5
2026-05-08,BRACKET_BREAKOUT_LONG,LONG,767.5,767.5
2026-05-08,VWAP_MAGNET_SHORT,SHORT,38,38
2026-05-08,STOP_SWEEP_LONG,LONG,-32,-32
2026-05-08,STOP_SWEEP_LONG,LONG,88,88
2026-05-11,FLOOR_PIVOT_SHORT,SHORT,88,88
2026-05-11,PD_VAL_LONG,LONG,88,88
2026-05-11,PW_HIGH_LONG,LONG,88,88
2026-05-11,PD_POC_SHORT,SHORT,88,88
2026-05-11,DAILY_OPEN_LONG,LONG,88,88
2026-05-11,WEEKLY_OPEN_LONG,LONG,88,88
2026-05-11,FLOOR_S1_LONG,LONG,58,58
2026-05-11,OR5_LOW_LONG,LONG,58,58
2026-05-11,M1_VAH_LONG,LONG,58,58
2026-05-11,IB_LOW_LONG,LONG,58,58
2026-05-11,PD_LOW_LONG,LONG,88,88
2026-05-11,PD_CLOSE_SHORT,SHORT,-122,-122
2026-05-11,OR5_HIGH_SHORT,SHORT,58,58
2026-05-11,IB_HIGH_SHORT,SHORT,58,58
2026-05-11,PD_VAH_SHORT,SHORT,58,58
2026-05-11,PD_HIGH_SHORT,SHORT,58,58
2026-05-11,C_STANDALONE_DOWN,SHORT,-358,-358
2026-05-11,BRACKET_BREAKOUT_LONG,LONG,92,92
2026-05-11,STOP_SWEEP_LONG,LONG,-32,-32
2026-05-11,STOP_SWEEP_LONG,LONG,-32,-32
2026-05-12,OR5_LOW_LONG,LONG,118,118
2026-05-12,PD_VAH_SHORT,SHORT,-182,-182
2026-05-12,PD_CLOSE_SHORT,SHORT,-182,-182
2026-05-12,DAILY_OPEN_SHORT,SHORT,-182,-182
2026-05-12,OR5_HIGH_SHORT,SHORT,78,78
2026-05-12,PD_IB_LOW_SHORT,SHORT,118,118
2026-05-12,PD_HIGH_SHORT,SHORT,118,118
2026-05-12,PD2_VAL_LONG,LONG,78,78
2026-05-12,FLOOR_PIVOT_LONG,LONG,78,78
2026-05-12,IB_LOW_SHORT,SHORT,78,78
2026-05-12,PD_POC_LONG,LONG,78,78
2026-05-12,PD_VAL_LONG,LONG,78,78
2026-05-12,FLOOR_S1_LONG,LONG,78,78
2026-05-12,PD_LOW_LONG,LONG,78,78
2026-05-12,IB_BEARISH,SHORT,525.5,525.5
2026-05-12,OPEN_TEST_DRIVE_LONG,LONG,-192.5,-192.5
2026-05-12,VALUE_AREA_RESPONSIVE_SHORT,SHORT,-46.5,-46.5
2026-05-12,VALUE_AREA_RESPONSIVE_LONG,LONG,74.5,74.5
2026-05-12,VWAP_MAGNET_LONG,LONG,58,58
2026-05-12,STOP_SWEEP_LONG,LONG,-32,-32
2026-05-12,STOP_SWEEP_LONG,LONG,88,88
2026-05-13,PD_IB_MID_LONG,LONG,78,78
2026-05-13,OR5_LOW_LONG,LONG,78,78
2026-05-13,PD_OR_MID_LONG,LONG,118,118
2026-05-13,FLOOR_S1_LONG,LONG,118,118
2026-05-13,PD_VAL_SHORT,SHORT,118,118
2026-05-13,PD_IB_LOW_LONG,LONG,118,118
2026-05-13,PD_LOW_LONG,LONG,118,118
2026-05-13,OR5_HIGH_SHORT,SHORT,78,78
2026-05-13,IB_HIGH_SHORT,SHORT,78,78
2026-05-13,DAILY_OPEN_SHORT,SHORT,78,78
2026-05-13,PD_IB_HIGH_SHORT,SHORT,-182,-182
2026-05-13,PW_HIGH_SHORT,SHORT,78,78
2026-05-13,PD2_VAL_SHORT,SHORT,78,78
2026-05-13,FLOOR_PIVOT_SHORT,SHORT,78,78
2026-05-13,2D_POC_SHORT,SHORT,-182,-182
2026-05-13,M1_VAH_SHORT,SHORT,-182,-182
2026-05-13,PD2_VAH_SHORT,SHORT,-182,-182
2026-05-13,PD_POC_SHORT,SHORT,-182,-182
2026-05-13,PD_CLOSE_SHORT,SHORT,-182,-182
2026-05-13,PD_VAH_SHORT,SHORT,78,78
2026-05-13,PD_HIGH_SHORT,SHORT,78,78
2026-05-13,IB_BEARISH,SHORT,-225.41999999999825,-225.41999999999825
2026-05-13,VALUE_AREA_RESPONSIVE_LONG,LONG,-52,-52
2026-05-13,TRT_LONG,LONG,544,544
2026-05-13,VWAP_MAGNET_SHORT,SHORT,38,38
2026-05-13,STOP_SWEEP_SHORT,SHORT,-32,-32
2026-05-13,STOP_SWEEP_SHORT,SHORT,-32,-32
2026-05-14,OR5_HIGH_SHORT,SHORT,-182,-182
2026-05-14,PD_VAL_SHORT,SHORT,78,78
2026-05-14,FLOOR_PIVOT_SHORT,SHORT,78,78
2026-05-14,PD_CLOSE_SHORT,SHORT,-182,-182
2026-05-14,IB_HIGH_SHORT,SHORT,-182,-182
2026-05-14,PD_POC_SHORT,SHORT,78,78
2026-05-14,PD_VAH_SHORT,SHORT,78,78
2026-05-14,PD_HIGH_SHORT,SHORT,78,78
2026-05-14,OPEN_TEST_DRIVE_LONG,LONG,408.5,408.5
2026-05-14,BRACKET_BREAKOUT_LONG,LONG,209.5,209.5
2026-05-14,VWAP_MAGNET_SHORT,SHORT,38,38
2026-05-14,STOP_SWEEP_LONG,LONG,88,88
2026-05-14,STOP_SWEEP_LONG,LONG,88,88
2026-05-15,PD_VAL_LONG,LONG,-182,-182
2026-05-15,5D_OR_MID_LONG,LONG,-182,-182
2026-05-15,PD_CLOSE_LONG,LONG,-182,-182
2026-05-15,3M_VAH_LONG,LONG,118,118
2026-05-15,PD2_VAL_SHORT,SHORT,118,118
2026-05-15,OR5_LOW_SHORT,SHORT,118,118
2026-05-15,PD_LOW_LONG,LONG,118,118
2026-05-15,FLOOR_PIVOT_SHORT,SHORT,118,118
2026-05-15,DAILY_OPEN_SHORT,SHORT,118,118
2026-05-15,OR5_HIGH_SHORT,SHORT,-182,-182
2026-05-15,PD_POC_SHORT,SHORT,78,78
2026-05-15,PW_HIGH_SHORT,SHORT,78,78
2026-05-15,PD_VAH_SHORT,SHORT,118,118
2026-05-15,IB_HIGH_LONG,LONG,118,118
2026-05-15,FLOOR_R1_SHORT,SHORT,78,78
2026-05-15,PD_IB_LOW_SHORT,SHORT,78,78
2026-05-15,PD_HIGH_SHORT,SHORT,78,78
2026-05-15,OPEN_TEST_DRIVE_SHORT,SHORT,-322.0749999999971,-322.0749999999971
2026-05-15,VALUE_AREA_RESPONSIVE_SHORT,SHORT,71.5,71.5
2026-05-15,VALUE_AREA_RESPONSIVE_LONG,LONG,-13.5,-13.5
2026-05-15,TRT_LONG,LONG,141,141
2026-05-15,VWAP_MAGNET_SHORT,SHORT,58,58
2026-05-15,STOP_SWEEP_SHORT,SHORT,88,88
2026-05-15,STOP_SWEEP_SHORT,SHORT,-32,-32
2026-05-18,PD_IB_HIGH_LONG,LONG,-122,-122
2026-05-18,OR5_LOW_LONG,LONG,-122,-122
2026-05-18,PD_OR_MID_LONG,LONG,-122,-122
2026-05-18,PD_IB_MID_LONG,LONG,58,58
2026-05-18,IB_LOW_LONG,LONG,-122,-122
2026-05-18,PD_VAH_LONG,LONG,-122,-122
2026-05-18,PD_CLOSE_LONG,LONG,-122,-122
2026-05-18,PD_IB_LOW_LONG,LONG,-122,-122
2026-05-18,FLOOR_PIVOT_LONG,LONG,-122,-122
2026-05-18,PD_POC_LONG,LONG,88,88
2026-05-18,10D_IB_MID_LONG,LONG,88,388
2026-05-18,PD_VAL_LONG,LONG,88,448
2026-05-18,FLOOR_S1_LONG,LONG,58,58
2026-05-18,PD_LOW_LONG,LONG,88,88
2026-05-18,IB_BEARISH,SHORT,679.5,679.5
2026-05-18,OPEN_TEST_DRIVE_SHORT,SHORT,813,813
2026-05-18,VWAP_MAGNET_LONG,LONG,-62,-62
2026-05-18,STOP_SWEEP_LONG,LONG,-32,-32
2026-05-18,STOP_SWEEP_SHORT,SHORT,88,88
2026-05-19,OR5_HIGH_SHORT,SHORT,78,78
2026-05-19,PD_POC_LONG,LONG,-182,-182
2026-05-19,PD_CLOSE_LONG,LONG,78,78
2026-05-19,FLOOR_PIVOT_LONG,LONG,118,118
2026-05-19,10D_IB_MID_SHORT,SHORT,118,118
2026-05-19,OR5_LOW_LONG,LONG,-182,-182
2026-05-19,DAILY_OPEN_LONG,LONG,-182,-182
2026-05-19,PD_VAL_LONG,LONG,-182,-182
2026-05-19,PW_LOW_LONG,LONG,78,78
2026-05-19,FLOOR_S1_LONG,LONG,78,78
2026-05-19,PD_LOW_LONG,LONG,118,118
2026-05-19,IB_LOW_SHORT,SHORT,118,118
2026-05-19,IB_HIGH_SHORT,SHORT,78,78
2026-05-19,PD_VAH_SHORT,SHORT,78,78
2026-05-19,PD_HIGH_SHORT,SHORT,78,78
2026-05-19,PD_IB_LOW_SHORT,SHORT,118,118
2026-05-19,VALUE_AREA_RESPONSIVE_LONG,LONG,-58,-58
2026-05-19,TRT_SHORT,SHORT,69.25,69.25
2026-05-19,VWAP_MAGNET_LONG,LONG,58,58
2026-05-19,STOP_SWEEP_LONG,LONG,-32,-32
2026-05-19,STOP_SWEEP_LONG,LONG,-32,-32
2026-05-20,PD_IB_HIGH_LONG,LONG,78,78
2026-05-20,OR5_LOW_LONG,LONG,78,78
2026-05-20,DAILY_OPEN_LONG,LONG,78,78
2026-05-20,2D_POC_LONG,LONG,118,118
2026-05-20,PD2_VAH_SHORT,SHORT,118,118
2026-05-20,10D_IB_MID_SHORT,SHORT,-182,-182
2026-05-20,PD_VAL_SHORT,SHORT,78,78
2026-05-20,FLOOR_S1_SHORT,SHORT,78,78
2026-05-20,OR5_HIGH_SHORT,SHORT,78,78
2026-05-20,5D_OR_MID_SHORT,SHORT,118,118
2026-05-20,FLOOR_PIVOT_SHORT,SHORT,118,118
2026-05-20,IB_HIGH_LONG,LONG,78,78
2026-05-20,PD_VAH_SHORT,SHORT,118,118
2026-05-20,PD_POC_SHORT,SHORT,78,78
2026-05-20,PD_HIGH_SHORT,SHORT,-2,-2
2026-05-20,PD_CLOSE_SHORT,SHORT,-2,-2
2026-05-20,OPEN_TEST_DRIVE_SHORT,SHORT,-237,-237
2026-05-20,TRT_LONG,LONG,-315.5,-315.5
2026-05-20,VWAP_MAGNET_SHORT,SHORT,58,58
2026-05-20,STOP_SWEEP_LONG,LONG,-32,-32
2026-05-20,STOP_SWEEP_SHORT,SHORT,-32,-32
2026-05-21,PD_POC_SHORT,SHORT,-182,-182
2026-05-21,DAILY_OPEN_SHORT,SHORT,78,78
2026-05-21,FLOOR_S1_LONG,LONG,118,118
2026-05-21,5D_OR_MID_LONG,LONG,118,118
2026-05-21,OR5_HIGH_SHORT,SHORT,118,118
2026-05-21,PD_IB_HIGH_LONG,LONG,118,118
2026-05-21,2D_POC_SHORT,SHORT,78,78
2026-05-21,PD_VAL_LONG,LONG,118,118
2026-05-21,10D_IB_MID_LONG,LONG,118,118
2026-05-21,OR5_LOW_LONG,LONG,78,78
2026-05-21,IB_LOW_SHORT,SHORT,78,78
2026-05-21,IB_HIGH_SHORT,SHORT,118,118
2026-05-21,FLOOR_PIVOT_SHORT,SHORT,-182,-182
2026-05-21,3M_VAH_SHORT,SHORT,78,78
2026-05-21,PD_VAH_SHORT,SHORT,-182,-182
2026-05-21,PD_CLOSE_SHORT,SHORT,118,118
2026-05-21,M1_VAH_SHORT,SHORT,78,78
2026-05-21,PD_HIGH_SHORT,SHORT,78,78
2026-05-21,IB_BULLISH,LONG,-269,-269
2026-05-21,VALUE_AREA_RESPONSIVE_LONG,LONG,-24,-24
2026-05-21,TRT_SHORT,SHORT,7,7
2026-05-21,VWAP_MAGNET_SHORT,SHORT,-62,-62
2026-05-21,STOP_SWEEP_LONG,LONG,-32,-32
2026-05-21,STOP_SWEEP_LONG,LONG,-32,-32
2026-05-22,OR5_HIGH_SHORT,SHORT,78,78
2026-05-22,PD_POC_SHORT,SHORT,78,78
2026-05-22,FLOOR_R1_SHORT,SHORT,118,118
2026-05-22,FLOOR_PIVOT_LONG,LONG,-182,-182
2026-05-22,PD_VAL_LONG,LONG,78,78
2026-05-22,DAILY_OPEN_LONG,LONG,-182,-182
2026-05-22,PD_CLOSE_LONG,LONG,78,78
2026-05-22,OR5_LOW_LONG,LONG,78,78
2026-05-22,PD_LOW_LONG,LONG,118,118
2026-05-22,PD_VAH_SHORT,SHORT,78,78
2026-05-22,IB_HIGH_SHORT,SHORT,78,78
2026-05-22,PD_HIGH_SHORT,SHORT,78,78
2026-05-22,IB_LOW_LONG,LONG,1.5,1.5
2026-05-22,OPEN_TEST_DRIVE_LONG,LONG,-269,-269
2026-05-22,VALUE_AREA_RESPONSIVE_SHORT,SHORT,22.75,22.75
2026-05-22,VALUE_AREA_RESPONSIVE_LONG,LONG,-52,-52
2026-05-22,TRT_SHORT,SHORT,-318.26000000000204,-318.26000000000204
2026-05-22,BRACKET_BREAKOUT_LONG,LONG,-133,-133
2026-05-22,STOP_SWEEP_LONG,LONG,88,88
2026-05-22,STOP_SWEEP_SHORT,SHORT,-32,-32
2026-05-25,PD_VAH_SHORT,SHORT,58,58
2026-05-25,PD_CLOSE_SHORT,SHORT,58,58
2026-05-25,FLOOR_PIVOT_SHORT,SHORT,58,58
2026-05-25,OR5_HIGH_SHORT,SHORT,58,58
2026-05-25,PD_HIGH_SHORT,SHORT,58,58
2026-05-25,FLOOR_R1_SHORT,SHORT,58,58
2026-05-25,OR5_LOW_LONG,LONG,58,58
2026-05-25,DAILY_OPEN_LONG,LONG,58,58
2026-05-25,WEEKLY_OPEN_LONG,LONG,58,58
2026-05-25,IB_LOW_LONG,LONG,58,58
2026-05-25,PD_POC_LONG,LONG,58,58
2026-05-25,PD_VAL_LONG,LONG,58,58
2026-05-25,FLOOR_S1_LONG,LONG,58,58
2026-05-25,PD_LOW_LONG,LONG,58,58
2026-05-25,IB_HIGH_SHORT,SHORT,58,58
2026-05-25,IB_BULLISH,LONG,-101.5,-101.5
2026-05-25,VALUE_AREA_RESPONSIVE_SHORT,SHORT,-77.5,-77.5
2026-05-25,VALUE_AREA_RESPONSIVE_LONG,LONG,-43,-43
2026-05-25,TRT_SHORT,SHORT,23,23
2026-05-25,BRACKET_BREAKOUT_LONG,LONG,28.5,28.5
2026-05-25,STOP_SWEEP_SHORT,SHORT,-32,-32
2026-05-25,STOP_SWEEP_LONG,LONG,58,58
2026-05-26,PD_LOW_LONG,LONG,78,78
2026-05-26,OR5_LOW_LONG,LONG,78,78
2026-05-26,FLOOR_S1_SHORT,SHORT,-182,-182
2026-05-26,DAILY_OPEN_SHORT,SHORT,-182,-182
2026-05-26,PD_VAL_SHORT,SHORT,-182,-182
2026-05-26,OR5_HIGH_SHORT,SHORT,-182,-182
2026-05-26,PD_IB_LOW_SHORT,SHORT,-182,-182
2026-05-26,PD_POC_SHORT,SHORT,78,78
2026-05-26,PD_IB_MID_SHORT,SHORT,78,78
2026-05-26,PD_OR_MID_SHORT,SHORT,78,78
2026-05-26,PD_IB_HIGH_SHORT,SHORT,118,118
2026-05-26,FLOOR_PIVOT_SHORT,SHORT,-182,-182
2026-05-26,PD_VAH_SHORT,SHORT,78,78
2026-05-26,PD_CLOSE_SHORT,SHORT,78,78
2026-05-26,PD_HIGH_SHORT,SHORT,78,78
2026-05-26,IB_HIGH_LONG,LONG,-182,-182
2026-05-26,IB_BULLISH,LONG,119.5,119.5
2026-05-26,OPEN_TEST_DRIVE_SHORT,SHORT,-262.09999999999854,-262.09999999999854
2026-05-26,TRT_SHORT,SHORT,-261.5,-261.5
2026-05-26,BRACKET_BREAKOUT_LONG,LONG,144,144
2026-05-26,VWAP_MAGNET_SHORT,SHORT,-62,-62
2026-05-26,STOP_SWEEP_SHORT,SHORT,88,88
2026-05-26,STOP_SWEEP_SHORT,SHORT,-32,-32
2026-05-27,OR5_LOW_LONG,LONG,-182,-182
2026-05-27,PD_VAH_LONG,LONG,-182,-182
2026-05-27,PD_POC_LONG,LONG,-182,-182
2026-05-27,PD_CLOSE_LONG,LONG,-182,-182
2026-05-27,FLOOR_PIVOT_LONG,LONG,-182,-182
2026-05-27,2D_POC_LONG,LONG,118,118
2026-05-27,PD2_VAH_LONG,LONG,118,118
2026-05-27,PD_VAL_LONG,LONG,118,118
2026-05-27,PD_IB_HIGH_SHORT,SHORT,-182,-182
2026-05-27,PD_IB_MID_LONG,LONG,78,78
2026-05-27,PD2_VAL_LONG,LONG,78,78
2026-05-27,PD_LOW_LONG,LONG,118,118
2026-05-27,PD_OR_MID_LONG,LONG,118,118
2026-05-27,FLOOR_S1_LONG,LONG,118,118
2026-05-27,IB_LOW_SHORT,SHORT,-182,-182
2026-05-27,IB_BEARISH,SHORT,207,207
2026-05-27,BRACKET_BREAKOUT_LONG,LONG,-205,-205
2026-05-27,VWAP_MAGNET_LONG,LONG,-62,-62
2026-05-27,STOP_SWEEP_SHORT,SHORT,-32,-32
2026-05-27,STOP_SWEEP_LONG,LONG,-32,-32
2026-05-28,OR5_LOW_LONG,LONG,-182,-182
2026-05-28,2D_POC_LONG,LONG,-182,-182
2026-05-28,PD_IB_LOW_LONG,LONG,78,78
2026-05-28,PD2_VAL_LONG,LONG,78,78
2026-05-28,PD_LOW_LONG,LONG,118,118
2026-05-28,FLOOR_S1_SHORT,SHORT,-182,-182
2026-05-28,DAILY_OPEN_SHORT,SHORT,-182,-182
2026-05-28,3M_VAH_SHORT,SHORT,-182,-182
2026-05-28,M1_VAH_SHORT,SHORT,-182,-182
2026-05-28,FLOOR_PIVOT_SHORT,SHORT,118,118
2026-05-28,PD_OR_MID_SHORT,SHORT,118,118
2026-05-28,PD_VAL_SHORT,SHORT,78,78
2026-05-28,OR5_HIGH_SHORT,SHORT,78,78
2026-05-28,PD_IB_MID_LONG,LONG,118,118
2026-05-28,PD2_VAH_LONG,LONG,118,118
2026-05-28,IB_HIGH_LONG,LONG,78,78
2026-05-28,PD_IB_HIGH_SHORT,SHORT,-182,-182
2026-05-28,PD_POC_SHORT,SHORT,-15,-15
2026-05-28,PD_CLOSE_SHORT,SHORT,-15,-15
2026-05-28,PD_VAH_SHORT,SHORT,78,78
2026-05-28,PD_HIGH_SHORT,SHORT,78,78
2026-05-28,OPEN_TEST_DRIVE_SHORT,SHORT,-311.5500000000029,-311.5500000000029
2026-05-28,TRT_LONG,LONG,400,400
2026-05-28,BRACKET_BREAKOUT_LONG,LONG,189.5,189.5
2026-05-28,VWAP_MAGNET_SHORT,SHORT,-62,-62
2026-05-28,STOP_SWEEP_SHORT,SHORT,88,88
2026-05-28,STOP_SWEEP_LONG,LONG,-32,-32
2026-05-29,PD_POC_SHORT,SHORT,-182,-182
2026-05-29,OR5_HIGH_SHORT,SHORT,-182,-182
2026-05-29,PD_CLOSE_LONG,LONG,118,118
2026-05-29,FLOOR_PIVOT_LONG,LONG,118,118
2026-05-29,PD_VAH_SHORT,SHORT,-182,-182
2026-05-29,FLOOR_R1_SHORT,SHORT,78,78
2026-05-29,PD_HIGH_SHORT,SHORT,78,78
2026-05-29,DAILY_OPEN_LONG,LONG,78,78
2026-05-29,OR5_LOW_LONG,LONG,78,78
2026-05-29,PD_VAL_LONG,LONG,118,118
2026-05-29,IB_LOW_LONG,LONG,-182,-182
2026-05-29,PD_LOW_LONG,LONG,118,118
2026-05-29,IB_BULLISH,LONG,-330,-330
2026-05-29,OPEN_TEST_DRIVE_LONG,LONG,13,13
2026-05-29,VALUE_AREA_RESPONSIVE_SHORT,SHORT,-74,-74
2026-05-29,VALUE_AREA_RESPONSIVE_LONG,LONG,166,166
2026-05-29,TRT_SHORT,SHORT,3,3
2026-05-29,BRACKET_BREAKOUT_LONG,LONG,285,285
2026-05-29,VWAP_MAGNET_LONG,LONG,-62,-62
2026-05-29,STOP_SWEEP_SHORT,SHORT,-32,-32
2026-05-29,STOP_SWEEP_LONG,LONG,-32,-32
2026-06-01,PD_VAL_SHORT,SHORT,58,58
2026-06-01,PD_IB_MID_SHORT,SHORT,58,58
2026-06-01,OR5_HIGH_SHORT,SHORT,58,58
2026-06-01,PD_OR_MID_LONG,LONG,88,88
2026-06-01,PM_VAH_LONG,LONG,88,88
2026-06-01,3M_VAH_LONG,LONG,88,88
2026-06-01,M1_VAH_LONG,LONG,88,88
2026-06-01,2D_POC_LONG,LONG,88,88
2026-06-01,PD_IB_LOW_LONG,LONG,-122,-122
2026-06-01,FLOOR_S1_LONG,LONG,-122,-122
2026-06-01,DAILY_OPEN_LONG,LONG,-122,-122
2026-06-01,WEEKLY_OPEN_LONG,LONG,-122,-122
2026-06-01,MONTHLY_OPEN_LONG,LONG,-122,-122
2026-06-01,PD2_VAH_LONG,LONG,58,58
2026-06-01,OR5_LOW_LONG,LONG,58,58
2026-06-01,PD_LOW_LONG,LONG,88,88
2026-06-01,IB_HIGH_SHORT,SHORT,-122,-122
2026-06-01,PD_IB_HIGH_SHORT,SHORT,58,58
2026-06-01,FLOOR_PIVOT_SHORT,SHORT,58,58
2026-06-01,PW_HIGH_SHORT,SHORT,58,58
2026-06-01,PD_POC_SHORT,SHORT,-122,-122
2026-06-01,PD_CLOSE_SHORT,SHORT,-122,-122
2026-06-01,PD_VAH_SHORT,SHORT,58,58
2026-06-01,PD_HIGH_SHORT,SHORT,58,58
2026-06-01,IB_BEARISH,SHORT,-295.59999999999854,-295.59999999999854
2026-06-01,C_STANDALONE_UP,LONG,-263,-263
2026-06-01,OPEN_TEST_DRIVE_LONG,LONG,-255,-255
2026-06-01,BRACKET_BREAKOUT_LONG,LONG,58.5,58.5
2026-06-01,VWAP_MAGNET_SHORT,SHORT,38,38
2026-06-01,STOP_SWEEP_LONG,LONG,-32,-32
2026-06-01,STOP_SWEEP_SHORT,SHORT,-32,-32
2026-06-02,PD_IB_HIGH_LONG,LONG,78,78
2026-06-02,OR5_LOW_LONG,LONG,78,78
2026-06-02,PD2_VAH_LONG,LONG,118,118
2026-06-02,FLOOR_S1_SHORT,SHORT,-182,-182
2026-06-02,PW_HIGH_SHORT,SHORT,-182,-182
2026-06-02,DAILY_OPEN_SHORT,SHORT,-182,-182
2026-06-02,OR5_HIGH_SHORT,SHORT,-182,-182
2026-06-02,PD_VAL_SHORT,SHORT,78,78
2026-06-02,FLOOR_PIVOT_SHORT,SHORT,78,78
2026-06-02,IB_HIGH_SHORT,SHORT,-182,-182
2026-06-02,PD_POC_SHORT,SHORT,78,78
2026-06-02,PD_VAH_SHORT,SHORT,78,78
2026-06-02,PD_CLOSE_SHORT,SHORT,78,78
2026-06-02,PD_HIGH_SHORT,SHORT,78,78
2026-06-02,IB_BULLISH,LONG,212.5,212.5
2026-06-02,OPEN_TEST_DRIVE_SHORT,SHORT,-296.02500000000146,-296.02500000000146
2026-06-02,TRT_SHORT,SHORT,-299.8799999999974,-299.8799999999974
2026-06-02,STOP_SWEEP_SHORT,SHORT,88,88
2026-06-02,STOP_SWEEP_SHORT,SHORT,-32,-32
2026-06-03,PD_VAH_LONG,LONG,-182,-182
2026-06-03,M1_VAH_LONG,LONG,-182,-182
2026-06-03,2D_POC_LONG,LONG,-182,-182
2026-06-03,PD2_VAH_LONG,LONG,-182,-182
2026-06-03,OR5_LOW_LONG,LONG,-182,-182
2026-06-03,PD_CLOSE_LONG,LONG,-182,-182
2026-06-03,PD_IB_HIGH_LONG,LONG,-182,-182
2026-06-03,PD_VAL_LONG,LONG,78,78
2026-06-03,PW_HIGH_LONG,LONG,118,118
2026-06-03,PD_IB_MID_LONG,LONG,118,118
2026-06-03,PD_OR_MID_LONG,LONG,118,118
2026-06-03,PD_POC_SHORT,SHORT,-182,-182
2026-06-03,FLOOR_PIVOT_SHORT,SHORT,-182,-182
2026-06-03,PD_LOW_LONG,LONG,118,118
2026-06-03,IB_LOW_LONG,LONG,118,118
2026-06-03,IB_BEARISH,SHORT,90,90
2026-06-03,OPEN_TEST_DRIVE_SHORT,SHORT,229,229
2026-06-03,BRACKET_BREAKOUT_LONG,LONG,-318,-318
2026-06-03,VWAP_MAGNET_LONG,LONG,58,58
2026-06-03,STOP_SWEEP_SHORT,SHORT,88,88
2026-06-03,STOP_SWEEP_SHORT,SHORT,-32,-32
2026-06-04,PD_VAL_SHORT,SHORT,78,78
2026-06-04,OR5_HIGH_SHORT,SHORT,118,118
2026-06-04,MONTHLY_OPEN_SHORT,SHORT,118,118
2026-06-04,DAILY_OPEN_LONG,LONG,78,78
2026-06-04,FLOOR_S1_LONG,LONG,78,78
2026-06-04,OR5_LOW_LONG,LONG,118,118
2026-06-04,PD_LOW_LONG,LONG,118,118
2026-06-04,IB_HIGH_SHORT,SHORT,-182,-182
2026-06-04,PM_VAH_SHORT,SHORT,-182,-182
2026-06-04,5D_OR_MID_SHORT,SHORT,-182,-182
2026-06-04,FLOOR_PIVOT_SHORT,SHORT,78,78
2026-06-04,PD_CLOSE_SHORT,SHORT,78,78
2026-06-04,PD_IB_LOW_SHORT,SHORT,78,78
2026-06-04,PW_HIGH_SHORT,SHORT,78,78
2026-06-04,PD_POC_SHORT,SHORT,78,78
2026-06-04,PD_VAH_SHORT,SHORT,78,78
2026-06-04,PD_HIGH_SHORT,SHORT,78,78
2026-06-04,PD2_VAL_SHORT,SHORT,78,78
2026-06-04,IB_BEARISH,SHORT,-248.86000000000058,-248.86000000000058
2026-06-04,TRT_LONG,LONG,481.5,481.5
2026-06-04,VWAP_MAGNET_SHORT,SHORT,-62,-62
2026-06-04,STOP_SWEEP_LONG,LONG,-32,-32
2026-06-04,STOP_SWEEP_SHORT,SHORT,88,88
2026-06-05,DAILY_OPEN_SHORT,SHORT,118,118
2026-06-05,OR5_LOW_LONG,LONG,-182,-182
2026-06-05,PW_LOW_LONG,LONG,78,78
2026-06-05,IB_LOW_LONG,LONG,-182,-182
2026-06-05,FLOOR_R1_LONG,LONG,-182,-182
2026-06-05,PD_POC_LONG,LONG,78,78
2026-06-05,FLOOR_PIVOT_LONG,LONG,78,78
2026-06-05,PD_VAL_LONG,LONG,-182,-182
2026-06-05,PD_CLOSE_LONG,LONG,78,78
2026-06-05,PD_LOW_LONG,LONG,118,54
2026-06-05,IB_BEARISH,SHORT,888.5,888.5
2026-06-05,OPEN_TEST_DRIVE_SHORT,SHORT,1291.5,1291.5
2026-06-05,VALUE_AREA_RESPONSIVE_SHORT,SHORT,1329,1329
2026-06-05,VWAP_MAGNET_LONG,LONG,-62,-62
2026-06-05,STOP_SWEEP_SHORT,SHORT,88,88
2026-06-05,STOP_SWEEP_LONG,LONG,-32,-32
2026-06-08,PD_POC_LONG,LONG,88,88
2026-06-08,PD_CLOSE_LONG,LONG,88,88
2026-06-08,OR5_LOW_SHORT,SHORT,-122,-122
2026-06-08,FLOOR_PIVOT_SHORT,SHORT,88,88
2026-06-08,DAILY_OPEN_SHORT,SHORT,88,88
2026-06-08,WEEKLY_OPEN_SHORT,SHORT,88,88
2026-06-08,PD_VAL_LONG,LONG,58,58
2026-06-08,OR5_HIGH_SHORT,SHORT,58,58
2026-06-08,IB_HIGH_SHORT,SHORT,58,58
2026-06-08,PD_VAH_SHORT,SHORT,88,88
2026-06-08,FLOOR_R1_SHORT,SHORT,-122,-122
2026-06-08,PD_HIGH_SHORT,SHORT,58,58
2026-06-08,IB_BEARISH,SHORT,-418.5599999999977,-418.5599999999977
2026-06-08,VALUE_AREA_RESPONSIVE_SHORT,SHORT,-42.5,-42.5
2026-06-08,VALUE_AREA_RESPONSIVE_LONG,LONG,-3,-3
2026-06-08,TRT_LONG,LONG,4.75,4.75
2026-06-08,VWAP_MAGNET_SHORT,SHORT,-62,-62
2026-06-08,STOP_SWEEP_SHORT,SHORT,88,88
2026-06-08,STOP_SWEEP_SHORT,SHORT,-32,-32
2026-06-09,DAILY_OPEN_SHORT,SHORT,-182,-182
2026-06-09,OR5_HIGH_SHORT,SHORT,-182,-182
2026-06-09,PD_HIGH_SHORT,SHORT,118,118
2026-06-09,OR5_LOW_LONG,LONG,-182,-182
2026-06-09,PD_OR_MID_LONG,LONG,-182,-182
2026-06-09,PD_IB_MID_LONG,LONG,-182,-182
2026-06-09,2D_POC_LONG,LONG,78,78
2026-06-09,PD_IB_LOW_LONG,LONG,-182,-182
2026-06-09,PD2_VAL_LONG,LONG,-182,-182
2026-06-09,PD_CLOSE_LONG,LONG,118,118
2026-06-09,FLOOR_PIVOT_LONG,LONG,-182,-182
2026-06-09,PD_POC_LONG,LONG,-182,-182
2026-06-09,FLOOR_S1_LONG,LONG,118,1318
2026-06-09,PD_VAL_SHORT,SHORT,118,-182
2026-06-09,PW_LOW_SHORT,SHORT,118,118
2026-06-09,M1_VAL_SHORT,SHORT,118,118
2026-06-09,IB_BEARISH,SHORT,2553.5,2553.5
2026-06-09,OPEN_TEST_DRIVE_LONG,LONG,-237,-237
2026-06-09,VWAP_MAGNET_LONG,LONG,-62,-62
2026-06-09,STOP_SWEEP_LONG,LONG,88,88
2026-06-09,STOP_SWEEP_LONG,LONG,88,88
2026-06-10,M1_VAL_LONG,LONG,118,118
2026-06-10,PD_VAH_SHORT,SHORT,118,118
2026-06-10,OR5_HIGH_SHORT,SHORT,118,118
2026-06-10,PW_LOW_SHORT,SHORT,118,118
2026-06-10,FLOOR_R1_LONG,LONG,78,78
2026-06-10,IB_HIGH_SHORT,SHORT,118,118
2026-06-10,PD_HIGH_SHORT,SHORT,118,118
2026-06-10,DAILY_OPEN_LONG,LONG,118,118
2026-06-10,OR5_LOW_LONG,LONG,-182,-182
2026-06-10,IB_LOW_LONG,LONG,-182,-182
2026-06-10,FLOOR_PIVOT_LONG,LONG,118,118
2026-06-10,PD_POC_LONG,LONG,118,118
2026-06-10,PD_VAL_LONG,LONG,78,78
2026-06-10,PD_CLOSE_LONG,LONG,78,78
2026-06-10,PD_LOW_LONG,LONG,118,118
2026-06-10,IB_BULLISH,LONG,-456.5,-456.5
2026-06-10,OPEN_TEST_DRIVE_LONG,LONG,-0.5,-0.5
2026-06-10,VALUE_AREA_RESPONSIVE_SHORT,SHORT,-39,-39
2026-06-10,TRT_SHORT,SHORT,477.5,477.5
2026-06-10,VWAP_MAGNET_SHORT,SHORT,58,58
2026-06-10,STOP_SWEEP_LONG,LONG,-32,-32
2026-06-10,STOP_SWEEP_LONG,LONG,88,88
2026-06-11,PD_IB_LOW_SHORT,SHORT,118,118
2026-06-11,DAILY_OPEN_SHORT,SHORT,118,118
2026-06-11,OR5_HIGH_SHORT,SHORT,118,118
2026-06-11,OR5_LOW_LONG,LONG,78,78
2026-06-11,PD_POC_SHORT,SHORT,-182,-182
2026-06-11,PD_OR_MID_SHORT,SHORT,-182,-182
2026-06-11,M1_VAL_SHORT,SHORT,-182,-182
2026-06-11,2D_POC_SHORT,SHORT,-182,-182
2026-06-11,PD_IB_MID_SHORT,SHORT,78,78
2026-06-11,PW_LOW_SHORT,SHORT,78,78
2026-06-11,FLOOR_S1_LONG,LONG,-182,-182
2026-06-11,IB_LOW_LONG,LONG,118,118
2026-06-11,PD_VAH_SHORT,SHORT,118,118
2026-06-11,FLOOR_PIVOT_SHORT,SHORT,118,118
2026-06-11,PD_IB_HIGH_LONG,LONG,118,118
2026-06-11,PD2_VAH_SHORT,SHORT,118,-182
2026-06-11,PD_HIGH_SHORT,SHORT,118,144.5
2026-06-11,PD_CLOSE_LONG,LONG,118,-23
2026-06-11,IB_BULLISH,LONG,-632.5,-632.5
2026-06-11,OPEN_TEST_DRIVE_SHORT,SHORT,-317.6750000000029,-317.6750000000029
2026-06-11,TRT_SHORT,SHORT,-318.6200000000026,-318.6200000000026
2026-06-11,VWAP_MAGNET_SHORT,SHORT,58,58
2026-06-11,STOP_SWEEP_LONG,LONG,-32,-32
2026-06-11,STOP_SWEEP_LONG,LONG,88,88
2026-06-12,FLOOR_S1_LONG,LONG,-182,-182
2026-06-12,PD_LOW_LONG,LONG,118,118
2026-06-12,OR5_LOW_LONG,LONG,78,78
2026-06-12,5D_OR_MID_SHORT,SHORT,-182,-182
2026-06-12,PD_VAL_SHORT,SHORT,-182,-182
2026-06-12,OR5_HIGH_SHORT,SHORT,-182,-182
2026-06-12,DAILY_OPEN_SHORT,SHORT,-182,-182
2026-06-12,FLOOR_PIVOT_SHORT,SHORT,78,78
2026-06-12,IB_HIGH_LONG,LONG,118,118
2026-06-12,PD_CLOSE_SHORT,SHORT,-182,-182
2026-06-12,PD_POC_SHORT,SHORT,118,118
2026-06-12,PD_VAH_SHORT,SHORT,78,78
2026-06-12,PD_HIGH_SHORT,SHORT,78,78
2026-06-12,TRT_SHORT,SHORT,-580.5,-580.5
2026-06-12,VWAP_MAGNET_SHORT,SHORT,-62,-62
2026-06-12,STOP_SWEEP_SHORT,SHORT,-32,-32
2026-06-12,STOP_SWEEP_SHORT,SHORT,-32,-32
2026-06-15,3M_VAH_SHORT,SHORT,-122,-122
2026-06-15,M1_VAH_SHORT,SHORT,-122,-122
2026-06-15,IB_HIGH_SHORT,SHORT,-122,-122
2026-06-15,OPEN_TEST_DRIVE_LONG,LONG,271.75,271.75
2026-06-15,BRACKET_BREAKOUT_LONG,LONG,180.5,180.5
2026-06-16,PD_IB_HIGH_SHORT,SHORT,78,78
2026-06-16,DAILY_OPEN_SHORT,SHORT,78,78
2026-06-16,2D_POC_SHORT,SHORT,78,78
2026-06-16,PD_IB_MID_LONG,LONG,-182,-182
2026-06-16,3M_VAH_LONG,LONG,-182,-182
2026-06-16,M1_VAH_LONG,LONG,-182,-182
2026-06-16,PD_IB_LOW_LONG,LONG,78,78
2026-06-16,PD_HIGH_LONG,LONG,78,78
2026-06-16,OR5_HIGH_LONG,LONG,118,118
2026-06-16,OR5_LOW_LONG,LONG,78,78
2026-06-16,PM_VAH_LONG,LONG,78,78
2026-06-16,FLOOR_R1_LONG,LONG,78,78
2026-06-16,PD_VAH_LONG,LONG,118,118
2026-06-16,PD_OR_MID_LONG,LONG,118,118
2026-06-16,MONTHLY_OPEN_LONG,LONG,118,118
2026-06-16,IB_BEARISH,SHORT,998,998
2026-06-16,OPEN_TEST_DRIVE_LONG,LONG,-115,-115
2026-06-16,TRT_SHORT,SHORT,-234.5,-234.5
2026-06-16,VWAP_MAGNET_LONG,LONG,-62,-62
2026-06-16,STOP_SWEEP_LONG,LONG,58,58
2026-06-16,STOP_SWEEP_SHORT,SHORT,-32,-32
2026-06-17,PD_POC_LONG,LONG,78,78
2026-06-17,PD_OR_MID_SHORT,SHORT,118,118
2026-06-17,OR5_LOW_LONG,LONG,118,118
2026-06-17,PM_VAH_LONG,LONG,118,118
2026-06-17,PD_VAH_SHORT,SHORT,118,118
2026-06-17,OR5_HIGH_SHORT,SHORT,118,118
2026-06-17,DAILY_OPEN_SHORT,SHORT,118,118
2026-06-17,FLOOR_R1_LONG,LONG,78,78
2026-06-17,MONTHLY_OPEN_LONG,LONG,118,118
2026-06-17,PD_HIGH_SHORT,SHORT,118,118
2026-06-17,IB_LOW_LONG,LONG,118,118
2026-06-17,FLOOR_PIVOT_LONG,LONG,118,118
2026-06-17,PD_VAL_SHORT,SHORT,118,118
2026-06-17,PD_CLOSE_LONG,LONG,78,78
2026-06-17,PD_LOW_LONG,LONG,118,131
2026-06-17,IB_BEARISH,SHORT,-304.8000000000029,-304.8000000000029
2026-06-17,VALUE_AREA_RESPONSIVE_SHORT,SHORT,-43.5,-43.5
2026-06-17,TRT_LONG,LONG,-320.8799999999974,-320.8799999999974
2026-06-17,VWAP_MAGNET_LONG,LONG,58,58
2026-06-17,STOP_SWEEP_LONG,LONG,-32,-32
2026-06-17,STOP_SWEEP_SHORT,SHORT,-32,-32
2026-06-18,PD_OR_MID_LONG,LONG,78,78
2026-06-18,OR5_LOW_LONG,LONG,78,78
2026-06-18,PD_IB_MID_LONG,LONG,118,118
2026-06-18,2D_POC_LONG,LONG,118,118
2026-06-18,PM_VAH_LONG,LONG,118,118
2026-06-18,PD_IB_HIGH_SHORT,SHORT,-182,-182
2026-06-18,DAILY_OPEN_SHORT,SHORT,78,78
2026-06-18,OR5_HIGH_SHORT,SHORT,118,118
2026-06-18,IB_HIGH_SHORT,SHORT,78,78
2026-06-18,3M_VAH_SHORT,SHORT,78,78
2026-06-18,M1_VAH_SHORT,SHORT,78,78
2026-06-18,IB_BEARISH,SHORT,-243.54000000000087,-243.54000000000087
2026-06-18,OPEN_TEST_DRIVE_SHORT,SHORT,-388.27500000000146,-388.27500000000146
2026-06-18,TRT_LONG,LONG,238.5,238.5
2026-06-18,STOP_SWEEP_SHORT,SHORT,88,88
2026-06-18,STOP_SWEEP_LONG,LONG,-32,-32
2026-06-19,PD_POC_LONG,LONG,78,78
2026-06-19,PD_VAL_LONG,LONG,78,78
2026-06-19,PD_CLOSE_LONG,LONG,78,78
2026-06-19,FLOOR_PIVOT_LONG,LONG,78,78
2026-06-19,OR5_HIGH_SHORT,SHORT,40,40
2026-06-19,DAILY_OPEN_LONG,LONG,78,78
2026-06-19,PD_VAH_SHORT,SHORT,51,51
2026-06-19,FLOOR_R1_SHORT,SHORT,78,78
2026-06-19,IB_HIGH_SHORT,SHORT,78,78
2026-06-19,PD_HIGH_SHORT,SHORT,78,78
2026-06-19,IB_BULLISH,LONG,35.5,35.5
2026-06-19,VALUE_AREA_RESPONSIVE_SHORT,SHORT,26.5,26.5
2026-06-19,VALUE_AREA_RESPONSIVE_LONG,LONG,-31,-31
2026-06-19,STOP_SWEEP_SHORT,SHORT,-32,-32
2026-06-19,STOP_SWEEP_SHORT,SHORT,-32,-32
2026-06-22,OR5_HIGH_SHORT,SHORT,88,88
2026-06-22,FLOOR_R1_SHORT,SHORT,88,88
2026-06-22,PW_HIGH_SHORT,SHORT,88,88
2026-06-22,DAILY_OPEN_LONG,LONG,88,88
2026-06-22,WEEKLY_OPEN_LONG,LONG,88,88
2026-06-22,PD_HIGH_SHORT,SHORT,88,88
2026-06-22,PD_VAH_LONG,LONG,-122,-122
2026-06-22,OR5_LOW_LONG,LONG,-122,-122
2026-06-22,PD_IB_HIGH_LONG,LONG,-122,-122
2026-06-22,FLOOR_PIVOT_LONG,LONG,-122,-122
2026-06-22,2D_POC_LONG,LONG,-122,-122
2026-06-22,PD_CLOSE_LONG,LONG,88,88
2026-06-22,PD_IB_MID_LONG,LONG,88,88
2026-06-22,PD_OR_MID_LONG,LONG,88,88
2026-06-22,3M_VAH_SHORT,SHORT,88,88
2026-06-22,M1_VAH_SHORT,SHORT,88,88
2026-06-22,PD_POC_LONG,LONG,-122,-122
2026-06-22,PD_IB_LOW_LONG,LONG,-122,-122
2026-06-22,PD_VAL_LONG,LONG,58,58
2026-06-22,PD_LOW_LONG,LONG,58,58
2026-06-22,IB_BULLISH,LONG,-317,-317
2026-06-22,OPEN_TEST_DRIVE_LONG,LONG,-321,-321
2026-06-22,TRT_SHORT,SHORT,477.5,477.5
2026-06-22,BRACKET_BREAKOUT_LONG,LONG,80,80
2026-06-22,STOP_SWEEP_LONG,LONG,-32,-32
2026-06-22,STOP_SWEEP_LONG,LONG,-32,-32
2026-06-23,PD_POC_SHORT,SHORT,-182,-182
2026-06-23,DAILY_OPEN_SHORT,SHORT,-182,-182
2026-06-23,FLOOR_PIVOT_SHORT,SHORT,-182,-182
2026-06-23,OR5_HIGH_SHORT,SHORT,-182,-182
2026-06-23,PD_VAH_SHORT,SHORT,-182,-182
2026-06-23,PW_LOW_SHORT,SHORT,-182,-182
2026-06-23,FLOOR_R1_SHORT,SHORT,-182,-182
2026-06-23,PD_HIGH_SHORT,SHORT,118,118
2026-06-23,IB_HIGH_LONG,LONG,78,78
2026-06-23,PD_CLOSE_LONG,LONG,78,78
2026-06-23,PD_VAL_LONG,LONG,78,78
2026-06-23,OR5_LOW_LONG,LONG,78,78
2026-06-23,IB_LOW_LONG,LONG,78,78
2026-06-23,PD_LOW_LONG,LONG,118,118
2026-06-23,IB_BULLISH,LONG,101,101
2026-06-23,OPEN_TEST_DRIVE_LONG,LONG,191.5,191.5
2026-06-23,VALUE_AREA_RESPONSIVE_SHORT,SHORT,-66.5,-66.5
2026-06-23,STOP_SWEEP_LONG,LONG,-32,-32
2026-06-23,STOP_SWEEP_LONG,LONG,-32,-32
2026-06-24,PD_POC_SHORT,SHORT,118,118
2026-06-24,PD_IB_MID_SHORT,SHORT,118,118
2026-06-24,FLOOR_R1_SHORT,SHORT,118,118
2026-06-24,DAILY_OPEN_LONG,LONG,-182,-182
2026-06-24,PD_IB_LOW_LONG,LONG,118,118
2026-06-24,OR5_LOW_LONG,LONG,118,118
2026-06-24,PD_OR_MID_SHORT,SHORT,118,118
2026-06-24,OR5_HIGH_SHORT,SHORT,78,78
2026-06-24,IB_HIGH_SHORT,SHORT,78,78
2026-06-24,PD_VAH_SHORT,SHORT,118,118
2026-06-24,PD_HIGH_SHORT,SHORT,118,118
2026-06-24,IB_LOW_LONG,LONG,-182,-182
2026-06-24,FLOOR_PIVOT_LONG,LONG,-182,-182
2026-06-24,PD_VAL_LONG,LONG,-182,-182
2026-06-24,PD_CLOSE_LONG,LONG,78,78
2026-06-24,PD_LOW_LONG,LONG,118,278
2026-06-24,OPEN_TEST_DRIVE_SHORT,SHORT,332.5,332.5
2026-06-24,VALUE_AREA_RESPONSIVE_SHORT,SHORT,-69,-69
2026-06-24,TRT_LONG,LONG,85.75,85.75
2026-06-24,VWAP_MAGNET_LONG,LONG,-62,-62
2026-06-24,STOP_SWEEP_LONG,LONG,88,88
2026-06-24,STOP_SWEEP_LONG,LONG,88,88
2026-06-25,OR5_LOW_LONG,LONG,-182,-182
2026-06-25,PD_IB_HIGH_LONG,LONG,-182,-182
2026-06-25,PD_IB_MID_LONG,LONG,-182,-182
2026-06-25,PD2_VAL_LONG,LONG,-182,-182
2026-06-25,PD_POC_LONG,LONG,-182,-182
2026-06-25,PD_VAL_SHORT,SHORT,-182,-182
2026-06-25,PD_IB_LOW_SHORT,SHORT,-182,-182
2026-06-25,PD_OR_MID_SHORT,SHORT,78,78
2026-06-25,PD_CLOSE_SHORT,SHORT,118,118
2026-06-25,FLOOR_PIVOT_SHORT,SHORT,118,118
2026-06-25,2D_POC_SHORT,SHORT,118,118
2026-06-25,PD_VAH_SHORT,SHORT,78,78
2026-06-25,PD2_VAH_SHORT,SHORT,118,118
2026-06-25,IB_BEARISH,SHORT,-741.5,-741.5
2026-06-25,OPEN_TEST_DRIVE_SHORT,SHORT,928.5,928.5
2026-06-25,VWAP_MAGNET_LONG,LONG,-62,-62
2026-06-25,STOP_SWEEP_SHORT,SHORT,88,88
2026-06-25,STOP_SWEEP_SHORT,SHORT,-32,-32
2026-06-26,PD_CLOSE_LONG,LONG,-182,-182
2026-06-26,PD_IB_LOW_LONG,LONG,78,78
2026-06-26,FLOOR_PIVOT_SHORT,SHORT,-182,-182
2026-06-26,PD_VAL_SHORT,SHORT,-182,-182
2026-06-26,PD2_VAL_SHORT,SHORT,-182,-182
2026-06-26,PD_POC_SHORT,SHORT,-182,-182
2026-06-26,FLOOR_R1_SHORT,SHORT,78,78
2026-06-26,IB_HIGH_LONG,LONG,118,118
2026-06-26,PD_VAH_SHORT,SHORT,118,118
2026-06-26,2D_POC_SHORT,SHORT,118,118
2026-06-26,PD_HIGH_SHORT,SHORT,118,358
2026-06-26,IB_BULLISH,LONG,282.5,282.5
2026-06-26,STOP_SWEEP_LONG,LONG,-32,-32
2026-06-26,STOP_SWEEP_LONG,LONG,-32,-32
2026-06-29,PD_VAL_LONG,LONG,88,88
2026-06-29,DAILY_OPEN_LONG,LONG,88,88
2026-06-29,WEEKLY_OPEN_LONG,LONG,88,88
2026-06-29,2D_POC_LONG,LONG,88,88
2026-06-29,OR5_HIGH_SHORT,SHORT,-122,-122
2026-06-29,FLOOR_PIVOT_SHORT,SHORT,88,88
2026-06-29,PD2_VAH_SHORT,SHORT,88,88
2026-06-29,PD2_VAL_LONG,LONG,-122,-122
2026-06-29,OR5_LOW_LONG,LONG,-122,-122
2026-06-29,PD_IB_HIGH_LONG,LONG,88,88
2026-06-29,PD_IB_MID_LONG,LONG,88,88
2026-06-29,FLOOR_S1_SHORT,SHORT,-122,-122
2026-06-29,IB_LOW_SHORT,SHORT,-122,-122
2026-06-29,IB_HIGH_SHORT,SHORT,-122,-122
2026-06-29,PD_POC_SHORT,SHORT,-122,-122
2026-06-29,PD_CLOSE_SHORT,SHORT,88,88
2026-06-29,5D_OR_MID_SHORT,SHORT,88,88
2026-06-29,PD_VAH_SHORT,SHORT,58,58
2026-06-29,PD_HIGH_SHORT,SHORT,58,58
2026-06-29,OPEN_TEST_DRIVE_LONG,LONG,-461.5,-461.5
2026-06-29,TRT_LONG,LONG,-591.6200000000026,-591.6200000000026
2026-06-29,VWAP_MAGNET_LONG,LONG,-62,-62
2026-06-29,STOP_SWEEP_LONG,LONG,88,88
2026-06-29,STOP_SWEEP_LONG,LONG,-32,-32
2026-06-30,OR5_HIGH_SHORT,SHORT,-182,-182
2026-06-30,MONTHLY_OPEN_SHORT,SHORT,-182,-182
2026-06-30,PD_VAL_SHORT,SHORT,118,118
2026-06-30,FLOOR_PIVOT_SHORT,SHORT,118,118
2026-06-30,PM_VAH_SHORT,SHORT,118,118
2026-06-30,IB_HIGH_LONG,LONG,-182,-182
2026-06-30,PD_CLOSE_SHORT,SHORT,-182,-182
2026-06-30,PD_POC_SHORT,SHORT,13.5,13.5
2026-06-30,PD_VAH_SHORT,SHORT,78,78
2026-06-30,PD_HIGH_SHORT,SHORT,78,78
2026-06-30,IB_BULLISH,LONG,554.5,554.5
2026-06-30,OPEN_TEST_DRIVE_LONG,LONG,692,692
2026-06-30,BRACKET_BREAKOUT_LONG,LONG,531.5,531.5
2026-06-30,STOP_SWEEP_SHORT,SHORT,-32,-32
2026-06-30,STOP_SWEEP_LONG,LONG,-32,-32
2026-07-01,PD_OR_MID_LONG,LONG,118,118
2026-07-01,OR5_LOW_LONG,LONG,118,118
2026-07-01,10D_IB_MID_LONG,LONG,118,118
2026-07-01,PD_VAL_LONG,LONG,118,118
2026-07-01,FLOOR_PIVOT_SHORT,SHORT,-182,-182
2026-07-01,PD_POC_SHORT,SHORT,-182,-182
2026-07-01,PD_IB_MID_SHORT,SHORT,-182,-182
2026-07-01,DAILY_OPEN_SHORT,SHORT,-182,-182
2026-07-01,MONTHLY_OPEN_SHORT,SHORT,-182,-182
2026-07-01,PD_VAH_SHORT,SHORT,78,78
2026-07-01,OR5_HIGH_SHORT,SHORT,78,78
2026-07-01,FLOOR_R1_SHORT,SHORT,78,78
2026-07-01,IB_HIGH_SHORT,SHORT,78,78
2026-07-01,PD_HIGH_SHORT,SHORT,78,78
2026-07-01,PD_IB_HIGH_SHORT,SHORT,118,118
2026-07-01,IB_LOW_LONG,LONG,78,78
2026-07-01,PD_LOW_LONG,LONG,23,23
2026-07-01,PD_CLOSE_LONG,LONG,23,23
2026-07-01,PD2_VAH_LONG,LONG,23,23
2026-07-01,IB_BULLISH,LONG,-420,-420
2026-07-01,OPEN_TEST_DRIVE_SHORT,SHORT,-425.6750000000029,-425.6750000000029
2026-07-01,VALUE_AREA_RESPONSIVE_SHORT,SHORT,-66,-66
2026-07-01,VALUE_AREA_RESPONSIVE_LONG,LONG,-13.5,-13.5
2026-07-01,TRT_SHORT,SHORT,-418.6200000000026,-418.6200000000026
2026-07-01,STOP_SWEEP_SHORT,SHORT,88,88
2026-07-01,STOP_SWEEP_SHORT,SHORT,-32,-32
2026-07-02,OR5_HIGH_SHORT,SHORT,118,118
2026-07-02,PD_IB_LOW_LONG,LONG,118,118
2026-07-02,DAILY_OPEN_LONG,LONG,118,118
2026-07-02,10D_IB_MID_LONG,LONG,118,118
2026-07-02,FLOOR_R1_SHORT,SHORT,-182,-182
2026-07-02,PD_IB_MID_SHORT,SHORT,-182,-182
2026-07-02,PD_OR_MID_SHORT,SHORT,-182,-182
2026-07-02,MONTHLY_OPEN_SHORT,SHORT,78,78
2026-07-02,2D_POC_SHORT,SHORT,78,78
2026-07-02,PD_HIGH_SHORT,SHORT,118,118
2026-07-02,PD_IB_HIGH_SHORT,SHORT,118,118
2026-07-02,FLOOR_PIVOT_LONG,LONG,78,78
2026-07-02,5D_OR_MID_LONG,LONG,78,78
2026-07-02,PD_CLOSE_LONG,LONG,-182,-182
2026-07-02,PD_POC_LONG,LONG,118,-182
2026-07-02,PD_VAL_LONG,LONG,118,438
2026-07-02,PD_LOW_LONG,LONG,118,438
2026-07-02,IB_BULLISH,LONG,-487,-487
2026-07-02,OPEN_TEST_DRIVE_LONG,LONG,-283.5,-283.5
2026-07-02,TRT_SHORT,SHORT,1240.5,1240.5
2026-07-02,VWAP_MAGNET_LONG,LONG,-62,-62
2026-07-02,STOP_SWEEP_SHORT,SHORT,-32,-32
2026-07-02,STOP_SWEEP_SHORT,SHORT,-32,-32
2026-07-03,PD_VAH_LONG,LONG,-70,-70
2026-07-03,FLOOR_R1_LONG,LONG,-70,-70
2026-07-03,OR5_LOW_LONG,LONG,-70,-70
2026-07-03,DAILY_OPEN_LONG,LONG,-70,-70
2026-07-03,FLOOR_PIVOT_LONG,LONG,-56.5,-56.5
2026-07-03,PD_POC_LONG,LONG,-44,-44
2026-07-03,PD_VAL_LONG,LONG,-17.5,-17.5
2026-07-03,PD_CLOSE_LONG,LONG,-17.5,-17.5
2026-07-03,PD_HIGH_SHORT,SHORT,78,78
2026-07-03,OR5_HIGH_SHORT,SHORT,78,78
2026-07-03,PD_LOW_LONG,LONG,10.5,10.5
2026-07-03,IB_LOW_LONG,LONG,-11.5,-11.5
2026-07-03,IB_BULLISH,LONG,-83,-83
2026-07-03,OPEN_TEST_DRIVE_SHORT,SHORT,27,27
2026-07-03,STOP_SWEEP_LONG,LONG,-32,-32
2026-07-03,STOP_SWEEP_SHORT,SHORT,-32,-32
2026-07-06,PD_IB_LOW_SHORT,SHORT,88,88
2026-07-06,5D_OR_MID_SHORT,SHORT,88,88
2026-07-06,DAILY_OPEN_LONG,LONG,88,88
2026-07-06,WEEKLY_OPEN_LONG,LONG,88,88
2026-07-06,FLOOR_S1_LONG,LONG,88,88
2026-07-06,PD2_VAH_SHORT,SHORT,-122,-122
2026-07-06,PD_VAL_SHORT,SHORT,-122,-122
2026-07-06,PD_IB_MID_SHORT,SHORT,-122,-122
2026-07-06,PD_CLOSE_SHORT,SHORT,88,88
2026-07-06,PD_IB_HIGH_SHORT,SHORT,88,88
2026-07-06,FLOOR_PIVOT_SHORT,SHORT,88,88
2026-07-06,OR5_HIGH_SHORT,SHORT,88,88
2026-07-06,10D_IB_MID_SHORT,SHORT,88,88
2026-07-06,PD_OR_MID_SHORT,SHORT,-122,-122
2026-07-06,PD_POC_SHORT,SHORT,58,58
2026-07-06,PD_VAH_SHORT,SHORT,88,88
2026-07-06,IB_HIGH_LONG,LONG,-122,-122
2026-07-06,PD_HIGH_SHORT,SHORT,58,58
2026-07-06,FLOOR_R1_SHORT,SHORT,58,58
2026-07-06,IB_BULLISH,LONG,240.5,240.5
2026-07-06,STOP_SWEEP_SHORT,SHORT,88,88
2026-07-06,STOP_SWEEP_LONG,LONG,-32,-32
2026-07-07,OR5_LOW_LONG,LONG,118,118
2026-07-07,PD_POC_LONG,LONG,78,78
2026-07-07,PD_VAH_SHORT,SHORT,118,118
2026-07-07,DAILY_OPEN_SHORT,SHORT,118,118
2026-07-07,FLOOR_PIVOT_LONG,LONG,118,118
2026-07-07,PD_CLOSE_LONG,LONG,-182,-182
2026-07-07,PD_VAL_LONG,LONG,78,78
2026-07-07,PW_LOW_LONG,LONG,78,78
2026-07-07,IB_LOW_SHORT,SHORT,-182,-182
2026-07-07,IB_BEARISH,SHORT,316.5,316.5
2026-07-07,OPEN_TEST_DRIVE_SHORT,SHORT,349,349
2026-07-07,STOP_SWEEP_LONG,LONG,-32,-32
2026-07-07,STOP_SWEEP_SHORT,SHORT,88,88
2026-07-08,PW_LOW_LONG,LONG,118,118
2026-07-08,FLOOR_PIVOT_SHORT,SHORT,78,78
2026-07-08,OR5_HIGH_SHORT,SHORT,78,78
2026-07-08,PD_POC_SHORT,SHORT,118,118
2026-07-08,PD_VAL_LONG,LONG,78,78
2026-07-08,OR5_LOW_LONG,LONG,78,78
2026-07-08,IB_LOW_LONG,LONG,78,78
2026-07-08,DAILY_OPEN_LONG,LONG,78,78
2026-07-08,FLOOR_S1_LONG,LONG,118,118
2026-07-08,PD_LOW_LONG,LONG,78,78
2026-07-08,IB_HIGH_SHORT,SHORT,118,118
2026-07-08,PD_IB_LOW_SHORT,SHORT,78,78
2026-07-08,PD_VAH_SHORT,SHORT,78,78
2026-07-08,PD_CLOSE_SHORT,SHORT,78,78
2026-07-08,PD_HIGH_SHORT,SHORT,61.5,61.5
2026-07-08,VALUE_AREA_RESPONSIVE_LONG,LONG,-44,-44
2026-07-08,TRT_SHORT,SHORT,217.5,217.5
2026-07-08,STOP_SWEEP_SHORT,SHORT,-32,-32
2026-07-08,STOP_SWEEP_SHORT,SHORT,-32,-32
2026-07-09,PD_VAL_SHORT,SHORT,-182,-182
2026-07-09,FLOOR_PIVOT_SHORT,SHORT,78,78
2026-07-09,PD_POC_SHORT,SHORT,78,78
2026-07-09,10D_IB_MID_LONG,LONG,-182,-182
2026-07-09,FLOOR_S1_LONG,LONG,-182,-182
2026-07-09,OR5_LOW_LONG,LONG,118,118
2026-07-09,5D_OR_MID_LONG,LONG,118,118
2026-07-09,DAILY_OPEN_SHORT,SHORT,-182,-182
2026-07-09,OR5_HIGH_SHORT,SHORT,118,118
2026-07-09,IB_HIGH_SHORT,SHORT,78,78
2026-07-09,PD_CLOSE_SHORT,SHORT,78,78
2026-07-09,PD_VAH_SHORT,SHORT,78,78
2026-07-09,PD_HIGH_SHORT,SHORT,78,78
2026-07-09,IB_BULLISH,LONG,-461.5,-461.5
2026-07-09,OPEN_TEST_DRIVE_LONG,LONG,-275.5,-275.5
2026-07-09,TRT_SHORT,SHORT,-361.76000000000204,-361.76000000000204
2026-07-09,STOP_SWEEP_LONG,LONG,88,88
2026-07-09,STOP_SWEEP_LONG,LONG,88,88
2026-07-10,PD_VAL_SHORT,SHORT,118,118
2026-07-10,2D_POC_SHORT,SHORT,118,118
2026-07-10,PD_IB_HIGH_SHORT,SHORT,118,118
2026-07-10,FLOOR_PIVOT_SHORT,SHORT,118,118
2026-07-10,OR5_HIGH_SHORT,SHORT,118,118
2026-07-10,PD_IB_MID_LONG,LONG,118,118
2026-07-10,OR5_LOW_LONG,LONG,118,118
2026-07-10,DAILY_OPEN_LONG,LONG,118,118
2026-07-10,IB_LOW_LONG,LONG,78,78
2026-07-10,10D_IB_MID_LONG,LONG,118,118
2026-07-10,IB_HIGH_SHORT,SHORT,78,78
2026-07-10,PD_CLOSE_SHORT,SHORT,-31,-31
2026-07-10,PD_POC_SHORT,SHORT,78,78
2026-07-10,PD_VAH_SHORT,SHORT,78,78
2026-07-10,PD_HIGH_SHORT,SHORT,78,78
2026-07-10,IB_BULLISH,LONG,-245.5,-245.5
2026-07-10,OPEN_TEST_DRIVE_SHORT,SHORT,-339.625,-339.625
2026-07-10,OPEN_TEST_DRIVE_LONG,LONG,-252,-252
2026-07-10,TRT_SHORT,SHORT,-310.8799999999974,-310.8799999999974
2026-07-10,STOP_SWEEP_LONG,LONG,-32,-32
2026-07-10,STOP_SWEEP_SHORT,SHORT,-32,-32
2026-07-13,PD_VAH_LONG,LONG,-122,-122
2026-07-13,OR5_LOW_LONG,LONG,-122,-122
2026-07-13,5D_OR_MID_LONG,LONG,-122,-122
2026-07-13,FLOOR_PIVOT_LONG,LONG,88,88
2026-07-13,FLOOR_R1_SHORT,SHORT,58,58
2026-07-13,DAILY_OPEN_SHORT,SHORT,58,58
2026-07-13,WEEKLY_OPEN_SHORT,SHORT,58,58
2026-07-13,PD_HIGH_SHORT,SHORT,88,88
2026-07-13,OR5_HIGH_SHORT,SHORT,88,88
2026-07-13,IB_HIGH_SHORT,SHORT,88,88
2026-07-13,IB_LOW_LONG,LONG,-122,-122
2026-07-13,PD_POC_LONG,LONG,58,58
2026-07-13,PD_VAL_LONG,LONG,88,-122
2026-07-13,PD_CLOSE_LONG,LONG,88,-122
2026-07-13,PD_LOW_LONG,LONG,88,88
2026-07-13,OPEN_TEST_DRIVE_SHORT,SHORT,305,305
2026-07-13,TRT_LONG,LONG,-305.73999999999796,-305.73999999999796
2026-07-13,STOP_SWEEP_SHORT,SHORT,88,88
2026-07-13,STOP_SWEEP_SHORT,SHORT,-32,-32
2026-07-14,FLOOR_PIVOT_SHORT,SHORT,78,78
2026-07-14,PD_CLOSE_SHORT,SHORT,118,118
2026-07-14,PD_VAL_LONG,LONG,118,118
2026-07-14,PD_IB_HIGH_LONG,LONG,118,118
2026-07-14,DAILY_OPEN_SHORT,SHORT,118,118
2026-07-14,PD_OR_MID_LONG,LONG,-182,-182
2026-07-14,OR5_LOW_LONG,LONG,-182,-182
2026-07-14,PD_IB_MID_LONG,LONG,78,78
2026-07-14,FLOOR_S1_LONG,LONG,78,78
2026-07-14,IB_LOW_SHORT,SHORT,-182,-182
2026-07-14,PD_POC_SHORT,SHORT,-182,-182
2026-07-14,OR5_HIGH_SHORT,SHORT,-182,-182
2026-07-14,IB_HIGH_SHORT,SHORT,-182,-182
2026-07-14,10D_IB_MID_SHORT,SHORT,78,78
2026-07-14,PD_VAH_SHORT,SHORT,78,78
2026-07-14,PD_HIGH_SHORT,SHORT,118,118
2026-07-14,PD2_VAL_SHORT,SHORT,118,118
2026-07-14,IB_BULLISH,LONG,-193.5,-193.5
2026-07-14,VALUE_AREA_RESPONSIVE_SHORT,SHORT,-57,-57
2026-07-14,VALUE_AREA_RESPONSIVE_LONG,LONG,-23.5,-23.5
2026-07-14,TRT_LONG,LONG,86.5,86.5
2026-07-14,STOP_SWEEP_SHORT,SHORT,-32,-32
2026-07-14,STOP_SWEEP_SHORT,SHORT,-32,-32
2026-07-15,OR5_LOW_LONG,LONG,-182,-182
2026-07-15,PD_IB_HIGH_LONG,LONG,78,78
2026-07-15,10D_IB_MID_LONG,LONG,78,78
2026-07-15,2D_POC_LONG,LONG,78,78
2026-07-15,PD_IB_MID_LONG,LONG,118,118
2026-07-15,PD_OR_MID_LONG,LONG,118,118
2026-07-15,PD_VAH_LONG,LONG,-182,-182
2026-07-15,PD_CLOSE_LONG,LONG,-182,-182
2026-07-15,FLOOR_PIVOT_LONG,LONG,-182,-182
2026-07-15,PD_IB_LOW_LONG,LONG,118,118
2026-07-15,PD2_VAH_LONG,LONG,118,118
2026-07-15,PD_POC_LONG,LONG,78,78
2026-07-15,5D_OR_MID_LONG,LONG,118,118
2026-07-15,PD_VAL_LONG,LONG,-182,-182
2026-07-15,PD2_VAL_LONG,LONG,78,78
2026-07-15,PD_LOW_LONG,LONG,78,78
2026-07-15,FLOOR_S1_LONG,LONG,78,78
2026-07-15,IB_BEARISH,SHORT,717,717
2026-07-15,OPEN_TEST_DRIVE_SHORT,SHORT,798,798
2026-07-15,STOP_SWEEP_LONG,LONG,-32,-32
2026-07-15,STOP_SWEEP_SHORT,SHORT,88,88
2026-07-16,OR5_LOW_LONG,LONG,-182,-182
2026-07-16,M1_VAL_LONG,LONG,78,78
2026-07-16,PD_POC_LONG,LONG,78,78
2026-07-16,FLOOR_PIVOT_LONG,LONG,118,118
2026-07-16,FLOOR_R1_SHORT,SHORT,78,78
2026-07-16,DAILY_OPEN_SHORT,SHORT,78,78
2026-07-16,PD_VAH_SHORT,SHORT,78,78
2026-07-16,IB_LOW_LONG,LONG,-182,-182
2026-07-16,PD_VAL_LONG,LONG,78,78
2026-07-16,PD_CLOSE_LONG,LONG,118,118
2026-07-16,PD_LOW_LONG,LONG,118,118
2026-07-16,IB_BEARISH,SHORT,253.5,253.5
2026-07-16,OPEN_TEST_DRIVE_SHORT,SHORT,328,328
2026-07-16,STOP_SWEEP_SHORT,SHORT,-32,-32
2026-07-16,STOP_SWEEP_LONG,LONG,-32,-32
2026-07-17,OR5_LOW_LONG,LONG,-182,-182
2026-07-17,FLOOR_S1_LONG,LONG,118,118
2026-07-17,PD_LOW_LONG,LONG,118,118
2026-07-17,DAILY_OPEN_SHORT,SHORT,-182,-182
2026-07-17,OR5_HIGH_SHORT,SHORT,-182,-182
2026-07-17,FLOOR_PIVOT_SHORT,SHORT,-182,-182
2026-07-17,PD_CLOSE_SHORT,SHORT,-182,-182
2026-07-17,PM_VAL_SHORT,SHORT,118,118
2026-07-17,PD_POC_SHORT,SHORT,118,118
2026-07-17,PD_VAL_LONG,LONG,78,78
2026-07-17,IB_HIGH_LONG,LONG,78,78
2026-07-17,PD_VAH_SHORT,SHORT,118,118
2026-07-17,PW_LOW_SHORT,SHORT,78,78
2026-07-17,PD_HIGH_SHORT,SHORT,118,118
2026-07-17,IB_BULLISH,LONG,412.5,412.5
2026-07-17,OPEN_TEST_DRIVE_SHORT,SHORT,-429.875,-429.875
2026-07-17,STOP_SWEEP_LONG,LONG,-32,-32
2026-07-17,STOP_SWEEP_SHORT,SHORT,-32,-32
2026-07-20,OR5_HIGH_SHORT,SHORT,-122,-122
2026-07-20,PD_HIGH_SHORT,SHORT,88,88
2026-07-20,PD_VAH_LONG,LONG,-122,-122
2026-07-20,FLOOR_R1_LONG,LONG,-122,-122
2026-07-20,DAILY_OPEN_LONG,LONG,-122,-122
2026-07-20,WEEKLY_OPEN_LONG,LONG,-122,-122
2026-07-20,OR5_LOW_LONG,LONG,-122,-122
2026-07-20,PD_POC_LONG,LONG,58,58
2026-07-20,FLOOR_PIVOT_LONG,LONG,88,88
2026-07-20,IB_LOW_LONG,LONG,-122,-122
2026-07-20,PD_VAL_LONG,LONG,88,88
2026-07-20,PM_VAL_LONG,LONG,-122,-122
2026-07-20,2D_POC_LONG,LONG,-122,-122
2026-07-20,PD_CLOSE_LONG,LONG,-30,-30
2026-07-20,PD_LOW_LONG,LONG,14.5,14.5
2026-07-20,IB_BEARISH,SHORT,249.5,249.5
2026-07-20,OPEN_TEST_DRIVE_LONG,LONG,-247,-247
2026-07-20,VALUE_AREA_RESPONSIVE_SHORT,SHORT,219,219
2026-07-20,VALUE_AREA_RESPONSIVE_LONG,LONG,148,148
2026-07-20,STOP_SWEEP_LONG,LONG,88,88
2026-07-20,STOP_SWEEP_LONG,LONG,88,88
2026-07-21,PD_VAL_SHORT,SHORT,78,78
2026-07-21,PD_IB_HIGH_SHORT,SHORT,78,78
2026-07-21,OR5_LOW_LONG,LONG,78,78
2026-07-21,FLOOR_S1_LONG,LONG,78,78
2026-07-21,PD_IB_MID_LONG,LONG,78,78
2026-07-21,PD_OR_MID_LONG,LONG,78,78
2026-07-21,DAILY_OPEN_SHORT,SHORT,78,78
2026-07-21,FLOOR_PIVOT_SHORT,SHORT,78,78
2026-07-21,OR5_HIGH_SHORT,SHORT,78,78
2026-07-21,IB_HIGH_SHORT,SHORT,78,78
2026-07-21,5D_OR_MID_SHORT,SHORT,-182,-182
2026-07-21,M1_VAL_SHORT,SHORT,-182,-182
2026-07-21,PD_CLOSE_SHORT,SHORT,78,78
2026-07-21,PD_POC_SHORT,SHORT,20,20
2026-07-21,PD_VAH_SHORT,SHORT,78,78
2026-07-21,PD_HIGH_SHORT,SHORT,78,78
2026-07-21,IB_BEARISH,SHORT,-170.6999999999971,-170.6999999999971
2026-07-21,TRT_LONG,LONG,207,207
2026-07-21,STOP_SWEEP_SHORT,SHORT,-32,-32
2026-07-21,STOP_SWEEP_LONG,LONG,-32,-32
2026-07-22,PD_CLOSE_SHORT,SHORT,-182,-182
2026-07-22,OR5_HIGH_SHORT,SHORT,-182,-182
2026-07-22,PD_VAL_SHORT,SHORT,-182,-182
2026-07-22,PD_IB_MID_SHORT,SHORT,-182,-182
2026-07-22,PD_OR_MID_SHORT,SHORT,-182,-182
2026-07-22,FLOOR_PIVOT_SHORT,SHORT,-182,-182
2026-07-22,PD_POC_SHORT,SHORT,78,78
2026-07-22,PD_IB_HIGH_SHORT,SHORT,78,78
2026-07-22,5D_OR_MID_SHORT,SHORT,78,78
2026-07-22,PD_VAH_SHORT,SHORT,78,78
2026-07-22,M1_VAL_SHORT,SHORT,78,78
2026-07-22,IB_HIGH_SHORT,SHORT,78,78
2026-07-22,FLOOR_R1_SHORT,SHORT,78,78
2026-07-22,2D_POC_SHORT,SHORT,78,78
2026-07-22,PD_HIGH_SHORT,SHORT,78,78
2026-07-22,IB_BULLISH,LONG,14.5,14.5
2026-07-22,STOP_SWEEP_LONG,LONG,-32,-32
2026-07-22,STOP_SWEEP_SHORT,SHORT,88,88
2026-07-23,OR5_HIGH_SHORT,SHORT,-182,-182
2026-07-23,FLOOR_R1_SHORT,SHORT,118,118
2026-07-23,PM_VAL_SHORT,SHORT,118,118
2026-07-23,PD_HIGH_SHORT,SHORT,118,118
2026-07-23,DAILY_OPEN_LONG,LONG,118,118
2026-07-23,PD_VAH_LONG,LONG,118,118
2026-07-23,FLOOR_PIVOT_LONG,LONG,118,118
2026-07-23,OR5_LOW_LONG,LONG,118,118
2026-07-23,IB_LOW_LONG,LONG,118,118
2026-07-23,PD_POC_LONG,LONG,-182,-182
2026-07-23,PD_CLOSE_LONG,LONG,-182,-182
2026-07-23,PD_VAL_LONG,LONG,78,78
2026-07-23,IB_BEARISH,SHORT,521,521
2026-07-23,OPEN_TEST_DRIVE_LONG,LONG,-265,-265
2026-07-23,VALUE_AREA_RESPONSIVE_SHORT,SHORT,-20,-20
2026-07-23,VALUE_AREA_RESPONSIVE_LONG,LONG,-39.5,-39.5
2026-07-23,TRT_SHORT,SHORT,324,324
2026-07-23,VWAP_MAGNET_LONG,LONG,58,58
2026-07-23,STOP_SWEEP_LONG,LONG,-32,-32
2026-07-23,STOP_SWEEP_SHORT,SHORT,-32,-32
2026-07-24,PD_VAH_SHORT,SHORT,118,118
2026-07-24,PD_POC_LONG,LONG,-182,-182
2026-07-24,FLOOR_R1_LONG,LONG,-182,-182
2026-07-24,DAILY_OPEN_LONG,LONG,-182,-182
2026-07-24,OR5_LOW_LONG,LONG,-182,-182
2026-07-24,PW_LOW_LONG,LONG,-182,-182
2026-07-24,FLOOR_PIVOT_LONG,LONG,78,78
2026-07-24,PD_VAL_LONG,LONG,118,118
2026-07-24,IB_LOW_LONG,LONG,78,78
2026-07-24,PD_CLOSE_LONG,LONG,78,78
2026-07-24,OR5_HIGH_SHORT,SHORT,78,78
2026-07-24,IB_HIGH_SHORT,SHORT,78,78
2026-07-24,PD_HIGH_SHORT,SHORT,118,118
2026-07-24,PD_LOW_LONG,LONG,78,78
2026-07-24,IB_BEARISH,SHORT,93.5,93.5
2026-07-24,OPEN_TEST_DRIVE_SHORT,SHORT,330.5,330.5
2026-07-24,VALUE_AREA_RESPONSIVE_SHORT,SHORT,-3,-3
2026-07-24,VALUE_AREA_RESPONSIVE_LONG,LONG,-56,-56
2026-07-24,VWAP_MAGNET_LONG,LONG,38,38
2026-07-24,STOP_SWEEP_LONG,LONG,88,88
2026-07-24,STOP_SWEEP_LONG,LONG,88,88
2026-07-27,PD_HIGH_SHORT,SHORT,88,88
2026-07-27,OR5_HIGH_SHORT,SHORT,88,88
2026-07-27,DAILY_OPEN_SHORT,SHORT,88,88
2026-07-27,WEEKLY_OPEN_SHORT,SHORT,88,88
2026-07-27,PD_OR_MID_SHORT,SHORT,88,88
2026-07-27,FLOOR_R1_SHORT,SHORT,88,88
2026-07-27,M1_VAL_LONG,LONG,-122,-122
2026-07-27,PD_IB_MID_LONG,LONG,58,58
2026-07-27,OR5_LOW_LONG,LONG,58,58
2026-07-27,PD2_VAL_LONG,LONG,58,58
2026-07-27,PD_IB_LOW_LONG,LONG,58,58
2026-07-27,FLOOR_PIVOT_LONG,LONG,88,88
2026-07-27,PD_VAH_LONG,LONG,-122,-122
2026-07-27,PW_LOW_LONG,LONG,-122,-122
2026-07-27,PD_POC_LONG,LONG,-122,-122
2026-07-27,PD_CLOSE_LONG,LONG,-122,-122
2026-07-27,PD_VAL_LONG,LONG,88,88
2026-07-27,IB_BEARISH,SHORT,761,761
2026-07-27,OPEN_TEST_DRIVE_SHORT,SHORT,940.5,940.5
2026-07-27,VWAP_MAGNET_LONG,LONG,58,58
2026-07-27,STOP_SWEEP_SHORT,SHORT,-32,-32
2026-07-27,STOP_SWEEP_SHORT,SHORT,-32,-32
2026-07-28,PD_CLOSE_LONG,LONG,-182,-182
2026-07-28,FLOOR_PIVOT_LONG,LONG,-182,-182
2026-07-28,OR5_LOW_LONG,LONG,-182,-182
2026-07-28,PD_VAL_LONG,LONG,-182,-182
2026-07-28,FLOOR_S1_LONG,LONG,118,118
2026-07-28,PD_LOW_LONG,LONG,78,78
2026-07-28,DAILY_OPEN_SHORT,SHORT,-182,-182
2026-07-28,OR5_HIGH_SHORT,SHORT,-182,-182
2026-07-28,IB_HIGH_SHORT,SHORT,-182,-182
2026-07-28,PD_POC_SHORT,SHORT,118,118
2026-07-28,PD_VAH_SHORT,SHORT,118,118
2026-07-28,PD_HIGH_SHORT,SHORT,78,78
2026-07-28,OPEN_TEST_DRIVE_SHORT,SHORT,155.5,155.5
2026-07-28,VALUE_AREA_RESPONSIVE_SHORT,SHORT,82.5,82.5
2026-07-28,VALUE_AREA_RESPONSIVE_LONG,LONG,-37,-37
2026-07-28,TRT_LONG,LONG,135.5,135.5
2026-07-28,VWAP_MAGNET_SHORT,SHORT,-62,-62
2026-07-28,STOP_SWEEP_SHORT,SHORT,-32,-32
2026-07-28,STOP_SWEEP_SHORT,SHORT,-32,-32
2026-07-29,PD_IB_HIGH_SHORT,SHORT,118,118
2026-07-29,OR5_HIGH_SHORT,SHORT,118,118
2026-07-29,PD2_VAL_SHORT,SHORT,118,118
2026-07-29,PD_OR_MID_SHORT,SHORT,118,118
2026-07-29,DAILY_OPEN_SHORT,SHORT,118,118
2026-07-29,FLOOR_R1_LONG,LONG,-182,-182
2026-07-29,OR5_LOW_LONG,LONG,-182,-182
2026-07-29,PD_IB_LOW_LONG,LONG,-182,-182
2026-07-29,FLOOR_PIVOT_LONG,LONG,78,78
2026-07-29,PD_POC_LONG,LONG,118,118
2026-07-29,PD_VAL_LONG,LONG,78,78
2026-07-29,IB_LOW_SHORT,SHORT,-182,-182
2026-07-29,PD_IB_MID_SHORT,SHORT,118,118
2026-07-29,PD_VAH_SHORT,SHORT,78,78
2026-07-29,IB_HIGH_SHORT,SHORT,-182,-182
2026-07-29,M1_VAL_SHORT,SHORT,-182,-182
2026-07-29,2D_POC_SHORT,SHORT,78,78
2026-07-29,PD_HIGH_SHORT,SHORT,118,518
2026-07-29,PD_CLOSE_LONG,LONG,-21.5,-21.5
2026-07-29,IB_BEARISH,SHORT,661.5,661.5
2026-07-29,VWAP_MAGNET_LONG,LONG,-62,-62
2026-07-29,STOP_SWEEP_LONG,LONG,88,88
2026-07-29,STOP_SWEEP_SHORT,SHORT,88,88
2026-07-30,OR5_HIGH_SHORT,SHORT,-182,-182
2026-07-30,DAILY_OPEN_SHORT,SHORT,-182,-182
2026-07-30,PD_OR_MID_SHORT,SHORT,-182,-182
2026-07-30,FLOOR_S1_SHORT,SHORT,-182,-182
2026-07-30,PD_VAL_SHORT,SHORT,-182,-182
2026-07-30,PD2_VAH_SHORT,SHORT,-182,-182
2026-07-30,FLOOR_PIVOT_SHORT,SHORT,-182,-182
2026-07-30,PD_POC_SHORT,SHORT,78,78
2026-07-30,PD_VAH_SHORT,SHORT,78,78
2026-07-30,PW_LOW_SHORT,SHORT,78,78
2026-07-30,PD_CLOSE_SHORT,SHORT,78,78
2026-07-30,IB_HIGH_LONG,LONG,-182,-182
2026-07-30,PD_IB_HIGH_LONG,LONG,118,118
2026-07-30,PD_HIGH_SHORT,SHORT,78,78
2026-07-30,5D_OR_MID_SHORT,SHORT,78,78
2026-07-30,IB_BULLISH,LONG,117.5,117.5
2026-07-30,OPEN_TEST_DRIVE_LONG,LONG,635.5,635.5
2026-07-30,VWAP_MAGNET_SHORT,SHORT,58,58
2026-07-30,STOP_SWEEP_SHORT,SHORT,-32,-32
2026-07-30,STOP_SWEEP_LONG,LONG,88,88
2026-07-31,OR5_HIGH_SHORT,SHORT,118,118
2026-07-31,3M_VAL_SHORT,SHORT,118,118
2026-07-31,OR5_LOW_LONG,LONG,-182,-182
2026-07-31,10D_IB_MID_LONG,LONG,-182,-182
2026-07-31,PD_POC_LONG,LONG,-182,-182
2026-07-31,PD_CLOSE_LONG,LONG,-182,-182
2026-07-31,FLOOR_PIVOT_LONG,LONG,-182,-182
2026-07-31,PD_VAL_LONG,LONG,-182,-182
2026-07-31,PW_LOW_LONG,LONG,-182,-182
2026-07-31,5D_OR_MID_LONG,LONG,-182,-182
2026-07-31,PD_IB_HIGH_LONG,LONG,118,118
2026-07-31,2D_POC_LONG,LONG,-182,-182
2026-07-31,IB_LOW_SHORT,SHORT,78,78
2026-07-31,PD_VAH_SHORT,SHORT,78,78
2026-07-31,IB_BEARISH,SHORT,237,237
2026-07-31,OPEN_TEST_DRIVE_SHORT,SHORT,622,622
2026-07-31,VWAP_MAGNET_LONG,LONG,58,58
2026-07-31,STOP_SWEEP_SHORT,SHORT,88,88
2026-07-31,STOP_SWEEP_SHORT,SHORT,-32,-32
2026-08-03,OR5_HIGH_SHORT,SHORT,-122,-122
2026-08-03,PD_IB_MID_SHORT,SHORT,88,88
2026-08-03,FLOOR_S1_SHORT,SHORT,88,88
2026-08-03,10D_IB_MID_SHORT,SHORT,88,88
2026-08-03,DAILY_OPEN_LONG,LONG,88,88
2026-08-03,WEEKLY_OPEN_LONG,LONG,88,88
2026-08-03,MONTHLY_OPEN_LONG,LONG,88,88
2026-08-03,PD_OR_MID_SHORT,SHORT,88,88
2026-08-03,PD_VAL_SHORT,SHORT,-122,-122
2026-08-03,3M_VAL_SHORT,SHORT,-122,-122
2026-08-03,PD_IB_HIGH_SHORT,SHORT,-122,-122
2026-08-03,FLOOR_PIVOT_SHORT,SHORT,-122,-122
2026-08-03,PW_HIGH_SHORT,SHORT,-122,-122
2026-08-03,PD_CLOSE_SHORT,SHORT,-122,-122
2026-08-03,PD_POC_SHORT,SHORT,-122,-122
2026-08-03,PD_VAH_SHORT,SHORT,58,58
2026-08-03,PD_HIGH_SHORT,SHORT,58,58
2026-08-03,IB_BULLISH,LONG,723.5,723.5
2026-08-03,OPEN_TEST_DRIVE_LONG,LONG,1028,1028
2026-08-03,VWAP_MAGNET_SHORT,SHORT,-62,-62
2026-08-03,STOP_SWEEP_LONG,LONG,88,88
2026-08-03,STOP_SWEEP_LONG,LONG,-32,-32
2026-08-04,FLOOR_S1_SHORT,SHORT,-182,-182
2026-08-04,OR5_HIGH_SHORT,SHORT,-182,-182
2026-08-04,PD_VAL_SHORT,SHORT,-182,-182
2026-08-04,FLOOR_PIVOT_SHORT,SHORT,-182,-182
2026-08-04,PD_POC_SHORT,SHORT,-182,-182
2026-08-04,PD_CLOSE_SHORT,SHORT,78,78
2026-08-04,PD_VAH_SHORT,SHORT,78,78
2026-08-04,PD_HIGH_SHORT,SHORT,78,78
2026-08-04,IB_BULLISH,LONG,985.5,985.5
2026-08-04,OPEN_TEST_DRIVE_LONG,LONG,1093.5,1093.5
2026-08-04,VWAP_MAGNET_SHORT,SHORT,-62,-62
2026-08-04,STOP_SWEEP_LONG,LONG,-32,-32
2026-08-04,STOP_SWEEP_SHORT,SHORT,88,88
2026-08-05,OR5_HIGH_SHORT,SHORT,118,118
2026-08-05,FLOOR_R1_LONG,LONG,118,118
2026-08-05,OR5_LOW_LONG,LONG,118,118
2026-08-05,PD_VAH_LONG,LONG,118,118
2026-08-05,DAILY_OPEN_LONG,LONG,118,118
2026-08-05,M1_VAH_SHORT,SHORT,78,78
2026-08-05,IB_LOW_LONG,LONG,-182,-182
2026-08-05,PD_POC_LONG,LONG,78,78
2026-08-05,FLOOR_PIVOT_LONG,LONG,78,78
2026-08-05,PD_VAL_LONG,LONG,118,-182
2026-08-05,PD_LOW_LONG,LONG,-2,-2
2026-08-05,PD_CLOSE_LONG,LONG,-2,-2
2026-08-05,OPEN_TEST_DRIVE_SHORT,SHORT,457,457
2026-08-05,OPEN_TEST_DRIVE_LONG,LONG,-215.5,-215.5
2026-08-05,TRT_SHORT,SHORT,-232.87999999999738,-232.87999999999738
2026-08-05,VWAP_MAGNET_LONG,LONG,-2,-2
2026-08-05,STOP_SWEEP_LONG,LONG,88,88
2026-08-05,STOP_SWEEP_SHORT,SHORT,88,88
2026-08-06,OR5_HIGH_SHORT,SHORT,-182,-182
2026-08-06,PD_VAL_SHORT,SHORT,-182,-182
2026-08-06,FLOOR_PIVOT_SHORT,SHORT,-182,-182
2026-08-06,PD_CLOSE_SHORT,SHORT,-182,-182
2026-08-06,PD_POC_SHORT,SHORT,-182,-182
2026-08-06,PD2_VAL_SHORT,SHORT,-182,-182
2026-08-06,PD_VAH_SHORT,SHORT,78,78
2026-08-06,IB_HIGH_LONG,LONG,118,118
2026-08-06,PD_HIGH_SHORT,SHORT,78,78
2026-08-06,IB_BULLISH,LONG,158,158
2026-08-06,OPEN_TEST_DRIVE_LONG,LONG,381.5,381.5
2026-08-06,STOP_SWEEP_LONG,LONG,88,88
2026-08-06,STOP_SWEEP_LONG,LONG,-32,-32
2026-08-07,DAILY_OPEN_LONG,LONG,118,118
2026-08-07,OR5_LOW_LONG,LONG,-182,-182
2026-08-07,PD2_VAL_LONG,LONG,-182,-182
2026-08-07,OR5_HIGH_SHORT,SHORT,78,78
2026-08-07,IB_HIGH_SHORT,SHORT,78,78
2026-08-07,IB_BEARISH,SHORT,242.75,242.75
2026-08-07,TRT_LONG,LONG,28,28
2026-08-07,STOP_SWEEP_SHORT,SHORT,88,88
2026-08-07,STOP_SWEEP_SHORT,SHORT,-32,-32
2026-08-10,PD_POC_LONG,LONG,-122,-122
2026-08-10,FLOOR_PIVOT_LONG,LONG,-122,-122
2026-08-10,PD_CLOSE_LONG,LONG,58,58
2026-08-10,PD_OR_MID_LONG,LONG,58,58
2026-08-10,PD_VAL_LONG,LONG,88,88
2026-08-10,PD_IB_MID_LONG,LONG,88,88
2026-08-10,OR5_LOW_LONG,LONG,88,88
2026-08-10,PD_VAH_SHORT,SHORT,58,58
2026-08-10,PD_IB_HIGH_SHORT,SHORT,58,58
2026-08-10,DAILY_OPEN_SHORT,SHORT,58,58
2026-08-10,WEEKLY_OPEN_SHORT,SHORT,58,58
2026-08-10,OR5_HIGH_SHORT,SHORT,-122,-122
2026-08-10,FLOOR_R1_SHORT,SHORT,58,58
2026-08-10,M1_VAH_SHORT,SHORT,58,58
2026-08-10,PD_HIGH_SHORT,SHORT,58,58
2026-08-10,IB_HIGH_LONG,LONG,-122,-122
2026-08-10,PD_LOW_LONG,LONG,20.5,20.5
2026-08-10,IB_LOW_LONG,LONG,20.5,20.5
2026-08-10,STOP_SWEEP_LONG,LONG,-32,-32
2026-08-10,STOP_SWEEP_SHORT,SHORT,-32,-32
2026-08-11,PD_IB_LOW_LONG,LONG,78,78
2026-08-11,OR5_LOW_LONG,LONG,78,78
2026-08-11,PD_VAH_SHORT,SHORT,78,78
2026-08-11,2D_POC_SHORT,SHORT,118,118
2026-08-11,FLOOR_PIVOT_LONG,LONG,78,78
2026-08-11,PD_POC_LONG,LONG,118,118
2026-08-11,PD_CLOSE_LONG,LONG,118,118
2026-08-11,PD_IB_MID_SHORT,SHORT,78,78
2026-08-11,PD_OR_MID_SHORT,SHORT,78,78
2026-08-11,FLOOR_R1_SHORT,SHORT,78,78
2026-08-11,IB_LOW_LONG,LONG,-182,-182
2026-08-11,5D_OR_MID_LONG,LONG,27.5,27.5
2026-08-11,PD_VAL_LONG,LONG,78,78
2026-08-11,PD_LOW_LONG,LONG,78,78
2026-08-11,IB_BEARISH,SHORT,296.5,296.5
2026-08-11,STOP_SWEEP_LONG,LONG,-32,-32
2026-08-11,STOP_SWEEP_SHORT,SHORT,-32,-32
2026-08-12,PD_POC_LONG,LONG,118,118
2026-08-12,FLOOR_PIVOT_LONG,LONG,118,118
2026-08-12,PD_VAH_LONG,LONG,78,78
2026-08-12,OR5_LOW_SHORT,SHORT,78,78
2026-08-12,M1_VAH_SHORT,SHORT,78,78
2026-08-12,PD_VAL_LONG,LONG,78,78
2026-08-12,FLOOR_R1_SHORT,SHORT,118,118
2026-08-12,PD_CLOSE_LONG,LONG,118,118
2026-08-12,PD_IB_HIGH_LONG,LONG,118,118
2026-08-12,IB_LOW_LONG,LONG,78,78
2026-08-12,PD_LOW_LONG,LONG,78,78
2026-08-12,PD2_VAH_LONG,LONG,78,78
2026-08-12,C_STANDALONE_DOWN,SHORT,17.5,17.5
2026-08-12,OPEN_TEST_DRIVE_SHORT,SHORT,17.5,17.5
2026-08-12,STOP_SWEEP_SHORT,SHORT,-32,-32
2026-08-12,STOP_SWEEP_SHORT,SHORT,-32,-32
2026-08-13,PD_IB_HIGH_LONG,LONG,118,118
2026-08-13,PW_HIGH_SHORT,SHORT,-182,-182
2026-08-13,FLOOR_PIVOT_SHORT,SHORT,-182,-182
2026-08-13,PD_VAL_SHORT,SHORT,-182,-182
2026-08-13,PD_CLOSE_SHORT,SHORT,78,78
2026-08-13,PD_POC_SHORT,SHORT,78,78
2026-08-13,PM_VAH_SHORT,SHORT,78,78
2026-08-13,PD_VAH_SHORT,SHORT,78,78
2026-08-13,PD_HIGH_SHORT,SHORT,78,78
2026-08-13,IB_HIGH_LONG,LONG,78,78
2026-08-13,IB_BULLISH,LONG,148,148
2026-08-13,OPEN_TEST_DRIVE_LONG,LONG,551.5,551.5
2026-08-13,STOP_SWEEP_LONG,LONG,88,88
2026-08-13,STOP_SWEEP_LONG,LONG,88,88
2026-08-14,OR5_LOW_LONG,LONG,78,78
2026-08-14,PD_IB_HIGH_LONG,LONG,118,118
2026-08-14,M1_VAH_SHORT,SHORT,78,78
2026-08-14,DAILY_OPEN_SHORT,SHORT,78,78
2026-08-14,PM_VAH_SHORT,SHORT,78,78
2026-08-14,OR5_HIGH_SHORT,SHORT,78,78
2026-08-14,IB_LOW_SHORT,SHORT,78,78
2026-08-14,PW_HIGH_LONG,LONG,78,78
2026-08-14,PD_IB_MID_LONG,LONG,78,78
2026-08-14,OPEN_TEST_DRIVE_SHORT,SHORT,189.25,189.25
2026-08-14,TRT_LONG,LONG,-186.87999999999738,-186.87999999999738
2026-08-14,STOP_SWEEP_SHORT,SHORT,-32,-32
2026-08-14,STOP_SWEEP_SHORT,SHORT,88,88
2026-08-17,PD_IB_MID_LONG,LONG,-122,-122
2026-08-17,PD_OR_MID_LONG,LONG,-122,-122
2026-08-17,DAILY_OPEN_LONG,LONG,-122,-122
2026-08-17,WEEKLY_OPEN_LONG,LONG,-122,-122
2026-08-17,2D_POC_LONG,LONG,-122,-122
2026-08-17,OR5_LOW_LONG,LONG,88,88
2026-08-17,PD_IB_LOW_LONG,LONG,88,88
2026-08-17,PM_VAH_SHORT,SHORT,58,58
2026-08-17,M1_VAH_SHORT,SHORT,58,58
2026-08-17,PD2_VAH_SHORT,SHORT,58,58
2026-08-17,PD2_VAL_LONG,LONG,58,58
2026-08-17,OR5_HIGH_SHORT,SHORT,58,58
2026-08-17,IB_HIGH_SHORT,SHORT,58,58
2026-08-17,PD_IB_HIGH_SHORT,SHORT,58,58
2026-08-17,PW_HIGH_SHORT,SHORT,58,58
2026-08-17,IB_LOW_LONG,LONG,-122,-122
2026-08-17,IB_BULLISH,LONG,-114,-114
2026-08-17,OPEN_TEST_DRIVE_SHORT,SHORT,223,223
2026-08-17,TRT_LONG,LONG,-219.5,-219.5
2026-08-17,STOP_SWEEP_LONG,LONG,-32,-32
2026-08-17,STOP_SWEEP_LONG,LONG,-32,-32
2026-08-18,DAILY_OPEN_LONG,LONG,118,118
2026-08-18,OR5_HIGH_SHORT,SHORT,118,118
2026-08-18,OR5_LOW_LONG,LONG,78,78
2026-08-18,IB_LOW_LONG,LONG,-182,-182
2026-08-18,PW_LOW_LONG,LONG,78,78
2026-08-18,IB_BEARISH,SHORT,184,184
2026-08-18,OPEN_TEST_DRIVE_LONG,LONG,-269,-269
2026-08-18,TRT_LONG,LONG,-355,-355
2026-08-18,STOP_SWEEP_LONG,LONG,-32,-32
2026-08-18,STOP_SWEEP_SHORT,SHORT,-32,-32
2026-08-19,PD_IB_MID_SHORT,SHORT,118,118
2026-08-19,PD_VAH_LONG,LONG,-182,-182
2026-08-19,PD_IB_LOW_LONG,LONG,-182,-182
2026-08-19,2D_POC_LONG,LONG,-182,-182
2026-08-19,PD_CLOSE_LONG,LONG,-182,-182
2026-08-19,PD_VAL_LONG,LONG,78,78
2026-08-19,PD_LOW_LONG,LONG,118,118
2026-08-19,PW_LOW_SHORT,SHORT,-182,-182
2026-08-19,PD_POC_SHORT,SHORT,-182,-182
2026-08-19,FLOOR_PIVOT_SHORT,SHORT,-182,-182
2026-08-19,OR5_LOW_SHORT,SHORT,78,78
2026-08-19,IB_BEARISH,SHORT,-102,-102
2026-08-19,OPEN_TEST_DRIVE_SHORT,SHORT,302.5,302.5
2026-08-19,BRACKET_BREAKOUT_SHORT,SHORT,-99,-99
2026-08-19,VWAP_MAGNET_LONG,LONG,58,58
2026-08-19,STOP_SWEEP_LONG,LONG,-32,-32
2026-08-19,STOP_SWEEP_LONG,LONG,-32,-32
2026-08-20,FLOOR_R1_SHORT,SHORT,78,78
2026-08-20,OR5_HIGH_SHORT,SHORT,78,78
2026-08-20,PD_VAH_LONG,LONG,-182,-182
2026-08-20,PD_IB_LOW_LONG,LONG,-182,-182
2026-08-20,DAILY_OPEN_LONG,LONG,118,118
2026-08-20,FLOOR_PIVOT_LONG,LONG,118,118
2026-08-20,OR5_LOW_LONG,LONG,118,118
2026-08-20,PD_POC_LONG,LONG,118,118
2026-08-20,PD_CLOSE_LONG,LONG,118,118
2026-08-20,IB_LOW_LONG,LONG,78,78
2026-08-20,PD_VAL_LONG,LONG,78,78
2026-08-20,PD_LOW_LONG,LONG,118,118
2026-08-20,IB_BEARISH,SHORT,177,177
2026-08-20,C_STANDALONE_UP,LONG,-229,-229
2026-08-20,OPEN_TEST_DRIVE_LONG,LONG,-221,-221
2026-08-20,VALUE_AREA_RESPONSIVE_LONG,LONG,-53,-53
2026-08-20,BRACKET_BREAKOUT_SHORT,SHORT,-69,-69
2026-08-20,STOP_SWEEP_LONG,LONG,-32,-32
2026-08-20,STOP_SWEEP_LONG,LONG,-32,-32
2026-08-21,FLOOR_PIVOT_LONG,LONG,-182,-182
2026-08-21,OR5_LOW_LONG,LONG,-182,-182
2026-08-21,2D_POC_LONG,LONG,-182,-182
2026-08-21,PD_IB_LOW_LONG,LONG,-182,-182
2026-08-21,PD_VAL_LONG,LONG,-182,-182
2026-08-21,FLOOR_S1_LONG,LONG,78,78
2026-08-21,PD_LOW_LONG,LONG,118,118
2026-08-21,IB_LOW_LONG,LONG,78,78
2026-08-21,PD_OR_MID_SHORT,SHORT,-182,-182
2026-08-21,PD_POC_SHORT,SHORT,-182,-182
2026-08-21,PD_CLOSE_SHORT,SHORT,-182,-182
2026-08-21,PD_IB_MID_SHORT,SHORT,-182,-182
2026-08-21,PD_VAH_SHORT,SHORT,78,78
2026-08-21,PD_IB_HIGH_SHORT,SHORT,78,78
2026-08-21,OR5_HIGH_SHORT,SHORT,78,78
2026-08-21,IB_HIGH_SHORT,SHORT,78,78
2026-08-21,DAILY_OPEN_SHORT,SHORT,78,78
2026-08-21,PD2_VAL_SHORT,SHORT,78,78
2026-08-21,PD_HIGH_SHORT,SHORT,78,78
2026-08-21,IB_BEARISH,SHORT,18.25,18.25
2026-08-21,TRT_LONG,LONG,-164.5,-164.5
2026-08-21,STOP_SWEEP_SHORT,SHORT,88,88
2026-08-21,STOP_SWEEP_SHORT,SHORT,88,88
2026-08-24,OR5_LOW_LONG,LONG,-122,-122
2026-08-24,FLOOR_PIVOT_LONG,LONG,-122,-122
2026-08-24,PD_LOW_LONG,LONG,88,88
2026-08-24,FLOOR_S1_LONG,LONG,88,88
2026-08-24,PD_VAL_SHORT,SHORT,-122,-122
2026-08-24,PD_CLOSE_SHORT,SHORT,58,58
2026-08-24,PD_POC_SHORT,SHORT,58,58
2026-08-24,PD_VAH_SHORT,SHORT,58,58
2026-08-24,PW_LOW_SHORT,SHORT,58,58
2026-08-24,DAILY_OPEN_SHORT,SHORT,58,58
2026-08-24,WEEKLY_OPEN_SHORT,SHORT,58,58
2026-08-24,IB_BEARISH,SHORT,-437.3000000000029,-437.3000000000029
2026-08-24,VALUE_AREA_RESPONSIVE_SHORT,SHORT,44.5,44.5
2026-08-24,BRACKET_BREAKOUT_SHORT,SHORT,-153.5,-153.5
2026-08-24,STOP_SWEEP_LONG,LONG,88,88
2026-08-24,STOP_SWEEP_SHORT,SHORT,-32,-32
2026-08-25,OR5_HIGH_SHORT,SHORT,78,78
2026-08-25,PD_HIGH_SHORT,SHORT,118,118
2026-08-25,FLOOR_R1_SHORT,SHORT,118,118
2026-08-25,5D_OR_MID_SHORT,SHORT,118,118
2026-08-25,2D_POC_SHORT,SHORT,118,118
2026-08-25,DAILY_OPEN_LONG,LONG,-182,-182
2026-08-25,PD2_VAL_LONG,LONG,-182,-182
2026-08-25,PD_VAH_LONG,LONG,-182,-182
2026-08-25,OR5_LOW_LONG,LONG,-182,-182
2026-08-25,PD_CLOSE_LONG,LONG,-182,-182
2026-08-25,FLOOR_PIVOT_LONG,LONG,-182,-182
2026-08-25,PD_IB_HIGH_LONG,LONG,-182,-182
2026-08-25,PD_POC_LONG,LONG,-182,-182
2026-08-25,PD_VAL_LONG,LONG,78,78
2026-08-25,PW_LOW_LONG,LONG,78,78
2026-08-25,IB_LOW_SHORT,SHORT,78,78
2026-08-25,TRT_LONG,LONG,-283.5,-283.5
2026-08-25,STOP_SWEEP_SHORT,SHORT,-32,-32
2026-08-25,STOP_SWEEP_SHORT,SHORT,88,88
2026-08-26,PD_VAL_LONG,LONG,118,118
2026-08-26,2D_POC_LONG,LONG,118,118
2026-08-26,PD2_VAH_LONG,LONG,118,118
2026-08-26,PD_POC_LONG,LONG,78,78
2026-08-26,PD_IB_LOW_LONG,LONG,78,78
2026-08-26,FLOOR_PIVOT_LONG,LONG,78,78
2026-08-26,PD_VAH_SHORT,SHORT,78,78
2026-08-26,PD_CLOSE_SHORT,SHORT,78,78
2026-08-26,OR5_HIGH_SHORT,SHORT,78,78
2026-08-26,PD_OR_MID_SHORT,SHORT,78,78
2026-08-26,PW_LOW_LONG,LONG,78,78
2026-08-26,FLOOR_S1_LONG,LONG,78,78
2026-08-26,OR5_LOW_LONG,LONG,78,78
2026-08-26,DAILY_OPEN_LONG,LONG,78,78
2026-08-26,PD_LOW_LONG,LONG,78,78
2026-08-26,IB_LOW_LONG,LONG,78,78
2026-08-26,IB_HIGH_SHORT,SHORT,41.5,41.5
2026-08-26,PD_IB_MID_SHORT,SHORT,78,78
2026-08-26,PD_HIGH_SHORT,SHORT,78,78
2026-08-26,IB_BULLISH,LONG,-279.5,-279.5
2026-08-26,VALUE_AREA_RESPONSIVE_SHORT,SHORT,19.75,19.75
2026-08-26,VALUE_AREA_RESPONSIVE_LONG,LONG,124,124
2026-08-26,TRT_SHORT,SHORT,-318.3799999999974,-318.3799999999974
2026-08-26,STOP_SWEEP_SHORT,SHORT,88,88
2026-08-26,STOP_SWEEP_SHORT,SHORT,88,88
2026-08-27,OR5_LOW_LONG,LONG,118,118
2026-08-27,PD_VAL_SHORT,SHORT,-182,-182
2026-08-27,FLOOR_S1_SHORT,SHORT,-182,-182
2026-08-27,DAILY_OPEN_SHORT,SHORT,-182,-182
2026-08-27,PD_POC_SHORT,SHORT,118,118
2026-08-27,OR5_HIGH_SHORT,SHORT,118,118
2026-08-27,PD_LOW_LONG,LONG,118,118
2026-08-27,FLOOR_PIVOT_SHORT,SHORT,78,78
2026-08-27,10D_IB_MID_SHORT,SHORT,78,78
2026-08-27,IB_HIGH_LONG,LONG,78,78
2026-08-27,PD_VAH_SHORT,SHORT,78,78
2026-08-27,PD_CLOSE_SHORT,SHORT,-20.5,-20.5
2026-08-27,PD_HIGH_SHORT,SHORT,-3,-3
2026-08-27,IB_BEARISH,SHORT,4,4
2026-08-27,VALUE_AREA_RESPONSIVE_SHORT,SHORT,63,63
2026-08-27,TRT_SHORT,SHORT,-400,-400
2026-08-27,STOP_SWEEP_SHORT,SHORT,-32,-32
2026-08-27,STOP_SWEEP_SHORT,SHORT,-32,-32
2026-08-28,PD_IB_HIGH_LONG,LONG,118,118
2026-08-28,OR5_HIGH_SHORT,SHORT,78,78
2026-08-28,DAILY_OPEN_SHORT,SHORT,78,78
2026-08-28,PD_VAH_SHORT,SHORT,78,78
2026-08-28,FLOOR_PIVOT_LONG,LONG,78,78
2026-08-28,2D_POC_LONG,LONG,78,78
2026-08-28,OR5_LOW_LONG,LONG,118,118
2026-08-28,10D_IB_MID_LONG,LONG,78,78
2026-08-28,PD_IB_MID_LONG,LONG,118,118
2026-08-28,PD_OR_MID_LONG,LONG,118,118
2026-08-28,IB_HIGH_SHORT,SHORT,-182,-182
2026-08-28,FLOOR_R1_SHORT,SHORT,-182,-182
2026-08-28,PD_HIGH_SHORT,SHORT,78,78
2026-08-28,IB_LOW_LONG,LONG,-182,-182
2026-08-28,PD_POC_LONG,LONG,78,78
2026-08-28,PD_CLOSE_LONG,LONG,78,78
2026-08-28,PD_VAL_LONG,LONG,78,78
2026-08-28,PD_LOW_LONG,LONG,78,78
2026-08-28,IB_BEARISH,SHORT,-178.76000000000204,-178.76000000000204
2026-08-28,OPEN_TEST_DRIVE_LONG,LONG,1,1
2026-08-28,VALUE_AREA_RESPONSIVE_SHORT,SHORT,-40,-40
2026-08-28,TRT_SHORT,SHORT,-215.62000000000262,-215.62000000000262
2026-08-28,VWAP_MAGNET_LONG,LONG,58,58
2026-08-28,STOP_SWEEP_LONG,LONG,-32,-32
2026-08-28,STOP_SWEEP_SHORT,SHORT,-32,-32
2026-08-31,PD_POC_LONG,LONG,58,58
2026-08-31,FLOOR_S1_LONG,LONG,58,58
2026-08-31,OR5_LOW_LONG,LONG,58,58
2026-08-31,DAILY_OPEN_LONG,LONG,58,58
2026-08-31,WEEKLY_OPEN_LONG,LONG,58,58
2026-08-31,PD_VAL_LONG,LONG,88,88
2026-08-31,FLOOR_PIVOT_SHORT,SHORT,88,88
2026-08-31,PD_VAH_SHORT,SHORT,88,88
2026-08-31,PD_LOW_LONG,LONG,58,58
2026-08-31,5D_OR_MID_LONG,LONG,58,58
2026-08-31,IB_LOW_SHORT,SHORT,-122,-122
2026-08-31,PD_CLOSE_SHORT,SHORT,11.5,11.5
2026-08-31,OR5_HIGH_SHORT,SHORT,11.5,11.5
2026-08-31,IB_HIGH_SHORT,SHORT,11.5,11.5
2026-08-31,PD2_VAL_SHORT,SHORT,11.5,11.5
2026-08-31,PD_HIGH_SHORT,SHORT,36.5,36.5
2026-08-31,10D_IB_MID_LONG,LONG,-1.5,-1.5
2026-08-31,IB_BEARISH,SHORT,89.5,89.5
2026-08-31,OPEN_TEST_DRIVE_SHORT,SHORT,37,37
2026-08-31,STOP_SWEEP_LONG,LONG,-32,-32
2026-08-31,STOP_SWEEP_LONG,LONG,-32,-32
2026-09-01,PD_POC_SHORT,SHORT,118,118
2026-09-01,PD_CLOSE_SHORT,SHORT,118,118
2026-09-01,OR5_HIGH_SHORT,SHORT,118,118
2026-09-01,DAILY_OPEN_SHORT,SHORT,118,118
2026-09-01,MONTHLY_OPEN_SHORT,SHORT,118,118
2026-09-01,PD_VAL_LONG,LONG,78,78
2026-09-01,OR5_LOW_LONG,LONG,78,78
2026-09-01,FLOOR_PIVOT_SHORT,SHORT,78,78
2026-09-01,PD_VAH_SHORT,SHORT,-182,-182
2026-09-01,PM_VAL_SHORT,SHORT,-182,-182
2026-09-01,M1_VAL_SHORT,SHORT,-182,-182
2026-09-01,FLOOR_R1_SHORT,SHORT,78,78
2026-09-01,PD_HIGH_SHORT,SHORT,78,78
2026-09-01,IB_HIGH_LONG,LONG,-182,-182
2026-09-01,IB_LOW_LONG,LONG,78,78
2026-09-01,PD_LOW_LONG,LONG,78,78
2026-09-01,OPEN_TEST_DRIVE_SHORT,SHORT,3.25,3.25
2026-09-01,VALUE_AREA_RESPONSIVE_SHORT,SHORT,-56,-56
2026-09-01,VALUE_AREA_RESPONSIVE_LONG,LONG,110.5,110.5
2026-09-01,TRT_SHORT,SHORT,3.25,3.25
2026-09-01,STOP_SWEEP_SHORT,SHORT,-32,-32
2026-09-01,STOP_SWEEP_SHORT,SHORT,88,88
2026-09-02,FLOOR_S1_LONG,LONG,78,78
2026-09-02,PD_IB_LOW_LONG,LONG,118,118
2026-09-02,OR5_LOW_LONG,LONG,118,118
2026-09-02,PD_IB_MID_SHORT,SHORT,78,78
2026-09-02,PD_OR_MID_SHORT,SHORT,78,78
2026-09-02,DAILY_OPEN_SHORT,SHORT,78,78
2026-09-02,OR5_HIGH_SHORT,SHORT,78,78
2026-09-02,MONTHLY_OPEN_SHORT,SHORT,78,78
2026-09-02,PD_LOW_LONG,LONG,78,78
2026-09-02,PD_VAL_SHORT,SHORT,-182,-182
2026-09-02,FLOOR_PIVOT_SHORT,SHORT,-128.5,-128.5
2026-09-02,PD_POC_SHORT,SHORT,-118.5,-118.5
2026-09-02,PD_IB_HIGH_SHORT,SHORT,78,78
2026-09-02,PD_CLOSE_SHORT,SHORT,78,78
2026-09-02,PD_VAH_SHORT,SHORT,78,78
2026-09-02,PD_HIGH_SHORT,SHORT,78,78
2026-09-02,IB_HIGH_LONG,LONG,78,78
2026-09-02,IB_BEARISH,SHORT,-116.86000000000058,-116.86000000000058
2026-09-02,OPEN_TEST_DRIVE_LONG,LONG,-142.5,-142.5
2026-09-02,TRT_SHORT,SHORT,-186,-186
2026-09-02,STOP_SWEEP_LONG,LONG,-32,-32
2026-09-02,STOP_SWEEP_LONG,LONG,88,88
2026-09-03,DAILY_OPEN_LONG,LONG,118,118
2026-09-03,OR5_LOW_LONG,LONG,118,118
2026-09-03,PM_VAL_LONG,LONG,118,118
2026-09-03,FLOOR_S1_SHORT,SHORT,-182,-182
2026-09-03,OR5_HIGH_SHORT,SHORT,-182,-182
2026-09-03,PD_VAL_SHORT,SHORT,78,78
2026-09-03,5D_OR_MID_SHORT,SHORT,78,78
2026-09-03,10D_IB_MID_SHORT,SHORT,78,78
2026-09-03,IB_HIGH_SHORT,SHORT,-182,-182
2026-09-03,FLOOR_PIVOT_SHORT,SHORT,-182,-182
2026-09-03,PD_POC_SHORT,SHORT,78,78
2026-09-03,PD_CLOSE_SHORT,SHORT,78,78
2026-09-03,PD_VAH_SHORT,SHORT,78,78
2026-09-03,PD_HIGH_SHORT,SHORT,78,78
2026-09-03,IB_BULLISH,LONG,585,585
2026-09-03,OPEN_TEST_DRIVE_SHORT,SHORT,-322.9250000000029,-322.9250000000029
2026-09-03,OPEN_TEST_DRIVE_LONG,LONG,507.5,507.5
2026-09-03,TRT_SHORT,SHORT,-185.37999999999738,-185.37999999999738
2026-09-03,VWAP_MAGNET_SHORT,SHORT,-62,-62
2026-09-03,STOP_SWEEP_SHORT,SHORT,-32,-32
2026-09-03,STOP_SWEEP_SHORT,SHORT,-32,-32
