levelName,direction,setupType,calSource,delayMin,N,targetPct,stopPct,nonePct,avgExtraMfe,distinctDates
PD_POC,LONG,PD_POC_FADE_LONG,"real: stop=24 target=40",0,126,45.24,54.76,0.00,112.73,126
PD_POC,LONG,PD_POC_FADE_LONG,"real: stop=24 target=40",5,75,40.00,60.00,0.00,118.24,75
PD_POC,LONG,PD_POC_FADE_LONG,"real: stop=24 target=40",10,102,37.25,62.75,0.00,100.17,102
PD_POC,LONG,PD_POC_FADE_LONG,"real: stop=24 target=40",15,107,42.99,57.01,0.00,146.99,107
PD_POC,LONG,PD_POC_FADE_LONG,"real: stop=24 target=40",20,110,39.09,60.91,0.00,143.38,110
PD_POC,LONG,PD_POC_FADE_LONG,"real: stop=24 target=40",25,113,41.59,58.41,0.00,132.76,113
PD_POC,LONG,PD_POC_FADE_LONG,"real: stop=24 target=40",30,118,35.59,64.41,0.00,152.30,118
PD_POC,LONG,PD_POC_FADE_LONG,"real: stop=24 target=40",35,119,29.41,69.75,0.84,150.10,119
PD_POC,LONG,PD_POC_FADE_LONG,"real: stop=24 target=40",40,120,37.50,61.67,0.83,145.04,120
PD_POC,LONG,PD_POC_FADE_LONG,"real: stop=24 target=40",45,122,31.97,67.21,0.82,113.21,122
PD_POC,LONG,PD_POC_FADE_LONG,"real: stop=24 target=40",50,122,36.07,63.11,0.82,109.33,122
PD_POC,LONG,PD_POC_FADE_LONG,"real: stop=24 target=40",55,122,39.34,59.84,0.82,105.13,122
PD_POC,LONG,PD_POC_FADE_LONG,"real: stop=24 target=40",60,123,40.65,56.91,2.44,124.71,123
PD_POC,LONG,PD_POC_FADE_LONG,"real: stop=24 target=40",65,123,37.40,60.16,2.44,133.55,123
PD_POC,LONG,PD_POC_FADE_LONG,"real: stop=24 target=40",70,123,39.84,57.72,2.44,122.61,123
PD_POC,LONG,PD_POC_FADE_LONG,"real: stop=24 target=40",75,123,37.40,58.54,4.07,118.80,123
PD_POC,LONG,PD_POC_FADE_LONG,"real: stop=24 target=40",80,123,34.15,61.79,4.07,106.77,123
PD_POC,LONG,PD_POC_FADE_LONG,"real: stop=24 target=40",85,123,28.46,67.48,4.07,98.76,123
PD_POC,LONG,PD_POC_FADE_LONG,"real: stop=24 target=40",90,123,34.15,61.79,4.07,111.23,123
PD_POC,LONG,PD_POC_FADE_LONG,"real: stop=24 target=40",95,123,37.40,58.54,4.07,85.71,123
PD_POC,LONG,PD_POC_FADE_LONG,"real: stop=24 target=40",100,123,25.20,69.92,4.88,128.08,123
PD_POC,LONG,PD_POC_FADE_LONG,"real: stop=24 target=40",105,123,31.71,63.41,4.88,119.92,123
PD_POC,LONG,PD_POC_FADE_LONG,"real: stop=24 target=40",110,123,30.89,65.04,4.07,117.28,123
PD_POC,LONG,PD_POC_FADE_LONG,"real: stop=24 target=40",115,123,29.27,65.85,4.88,98.90,123
PD_POC,LONG,PD_POC_FADE_LONG,"real: stop=24 target=40",120,124,34.68,59.68,5.65,103.52,124
PD_POC,LONG,PD_POC_FADE_LONG,"real: stop=24 target=40",125,125,33.60,60.80,5.60,83.70,125
PD_POC,LONG,PD_POC_FADE_LONG,"real: stop=24 target=40",130,125,27.20,67.20,5.60,94.11,125
PD_POC,LONG,PD_POC_FADE_LONG,"real: stop=24 target=40",135,125,29.60,64.80,5.60,90.92,125
PD_POC,LONG,PD_POC_FADE_LONG,"real: stop=24 target=40",140,125,24.80,69.60,5.60,101.59,125
PD_POC,LONG,PD_POC_FADE_LONG,"real: stop=24 target=40",145,125,23.20,71.20,5.60,68.24,125
PD_POC,LONG,PD_POC_FADE_LONG,"real: stop=24 target=40",150,125,29.60,64.00,6.40,93.84,125
PD_POC,LONG,PD_POC_FADE_LONG,"real: stop=24 target=40",155,125,40.00,52.80,7.20,96.25,125
PD_POC,LONG,PD_POC_FADE_LONG,"real: stop=24 target=40",160,125,30.40,62.40,7.20,69.52,125
PD_POC,LONG,PD_POC_FADE_LONG,"real: stop=24 target=40",165,126,30.95,61.11,7.94,77.02,126
PD_POC,LONG,PD_POC_FADE_LONG,"real: stop=24 target=40",170,125,28.00,64.00,8.00,76.17,125
PD_POC,LONG,PD_POC_FADE_LONG,"real: stop=24 target=40",175,125,30.40,62.40,7.20,63.27,125
PD_POC,LONG,PD_POC_FADE_LONG,"real: stop=24 target=40",180,125,33.60,57.60,8.80,87.59,125
PD_POC,LONG,PD_POC_FADE_LONG,"real: stop=24 target=40",185,125,30.40,60.80,8.80,75.43,125
PD_POC,LONG,PD_POC_FADE_LONG,"real: stop=24 target=40",190,125,36.80,52.80,10.40,71.20,125
PD_POC,LONG,PD_POC_FADE_LONG,"real: stop=24 target=40",195,125,30.40,61.60,8.00,71.28,125
PD_POC,LONG,PD_POC_FADE_LONG,"real: stop=24 target=40",200,125,34.40,56.80,8.80,92.91,125
PD_POC,LONG,PD_POC_FADE_LONG,"real: stop=24 target=40",205,125,36.80,53.60,9.60,90.79,125
PD_POC,LONG,PD_POC_FADE_LONG,"real: stop=24 target=40",210,125,35.20,52.80,12.00,80.05,125
PD_POC,LONG,PD_POC_FADE_LONG,"real: stop=24 target=40",215,125,37.60,48.00,14.40,72.79,125
PD_POC,LONG,PD_POC_FADE_LONG,"real: stop=24 target=40",220,125,35.20,51.20,13.60,77.91,125
PD_POC,LONG,PD_POC_FADE_LONG,"real: stop=24 target=40",225,125,33.60,52.80,13.60,75.96,125
PD_POC,LONG,PD_POC_FADE_LONG,"real: stop=24 target=40",230,125,32.00,53.60,14.40,66.58,125
PD_POC,LONG,PD_POC_FADE_LONG,"real: stop=24 target=40",235,125,28.80,55.20,16.00,77.08,125
PD_POC,LONG,PD_POC_FADE_LONG,"real: stop=24 target=40",240,124,35.48,49.19,15.32,72.69,124
PD_POC,SHORT,PD_POC_FADE_SHORT,"real: stop=47 target=30",0,126,57.14,42.86,0.00,191.13,126
PD_POC,SHORT,PD_POC_FADE_SHORT,"real: stop=47 target=30",5,84,64.29,35.71,0.00,199.12,84
PD_POC,SHORT,PD_POC_FADE_SHORT,"real: stop=47 target=30",10,106,65.09,34.91,0.00,187.92,106
PD_POC,SHORT,PD_POC_FADE_SHORT,"real: stop=47 target=30",15,113,59.29,40.71,0.00,202.84,113
PD_POC,SHORT,PD_POC_FADE_SHORT,"real: stop=47 target=30",20,117,64.10,35.90,0.00,177.05,117
PD_POC,SHORT,PD_POC_FADE_SHORT,"real: stop=47 target=30",25,118,61.02,38.98,0.00,137.73,118
PD_POC,SHORT,PD_POC_FADE_SHORT,"real: stop=47 target=30",30,121,58.68,41.32,0.00,175.60,121
PD_POC,SHORT,PD_POC_FADE_SHORT,"real: stop=47 target=30",35,122,63.93,35.25,0.82,174.35,122
PD_POC,SHORT,PD_POC_FADE_SHORT,"real: stop=47 target=30",40,123,60.16,39.02,0.81,176.26,123
PD_POC,SHORT,PD_POC_FADE_SHORT,"real: stop=47 target=30",45,124,62.10,37.10,0.81,175.75,124
PD_POC,SHORT,PD_POC_FADE_SHORT,"real: stop=47 target=30",50,124,58.87,40.32,0.81,169.53,124
PD_POC,SHORT,PD_POC_FADE_SHORT,"real: stop=47 target=30",55,124,61.29,37.10,1.61,152.63,124
PD_POC,SHORT,PD_POC_FADE_SHORT,"real: stop=47 target=30",60,124,59.68,37.90,2.42,172.85,124
PD_POC,SHORT,PD_POC_FADE_SHORT,"real: stop=47 target=30",65,124,58.06,39.52,2.42,164.03,124
PD_POC,SHORT,PD_POC_FADE_SHORT,"real: stop=47 target=30",70,124,57.26,40.32,2.42,168.12,124
PD_POC,SHORT,PD_POC_FADE_SHORT,"real: stop=47 target=30",75,125,58.40,36.80,4.80,180.28,125
PD_POC,SHORT,PD_POC_FADE_SHORT,"real: stop=47 target=30",80,125,60.00,35.20,4.80,157.69,125
PD_POC,SHORT,PD_POC_FADE_SHORT,"real: stop=47 target=30",85,125,66.40,28.80,4.80,155.17,125
PD_POC,SHORT,PD_POC_FADE_SHORT,"real: stop=47 target=30",90,125,54.40,40.00,5.60,144.68,125
PD_POC,SHORT,PD_POC_FADE_SHORT,"real: stop=47 target=30",95,125,60.00,35.20,4.80,121.64,125
PD_POC,SHORT,PD_POC_FADE_SHORT,"real: stop=47 target=30",100,125,65.60,28.00,6.40,144.71,125
PD_POC,SHORT,PD_POC_FADE_SHORT,"real: stop=47 target=30",105,125,60.00,33.60,6.40,149.47,125
PD_POC,SHORT,PD_POC_FADE_SHORT,"real: stop=47 target=30",110,126,65.08,30.16,4.76,130.09,126
PD_POC,SHORT,PD_POC_FADE_SHORT,"real: stop=47 target=30",115,126,61.90,31.75,6.35,144.18,126
PD_POC,SHORT,PD_POC_FADE_SHORT,"real: stop=47 target=30",120,126,61.11,32.54,6.35,129.96,126
PD_POC,SHORT,PD_POC_FADE_SHORT,"real: stop=47 target=30",125,126,61.11,32.54,6.35,138.10,126
PD_POC,SHORT,PD_POC_FADE_SHORT,"real: stop=47 target=30",130,126,61.90,31.75,6.35,138.41,126
PD_POC,SHORT,PD_POC_FADE_SHORT,"real: stop=47 target=30",135,126,61.90,30.16,7.94,127.73,126
PD_POC,SHORT,PD_POC_FADE_SHORT,"real: stop=47 target=30",140,126,61.90,30.16,7.94,128.63,126
PD_POC,SHORT,PD_POC_FADE_SHORT,"real: stop=47 target=30",145,126,63.49,28.57,7.94,116.33,126
PD_POC,SHORT,PD_POC_FADE_SHORT,"real: stop=47 target=30",150,126,60.32,30.95,8.73,121.20,126
PD_POC,SHORT,PD_POC_FADE_SHORT,"real: stop=47 target=30",155,126,49.21,40.48,10.32,125.75,126
PD_POC,SHORT,PD_POC_FADE_SHORT,"real: stop=47 target=30",160,126,60.32,30.16,9.52,110.29,126
PD_POC,SHORT,PD_POC_FADE_SHORT,"real: stop=47 target=30",165,126,56.35,33.33,10.32,119.66,126
PD_POC,SHORT,PD_POC_FADE_SHORT,"real: stop=47 target=30",170,125,57.60,31.20,11.20,110.73,125
PD_POC,SHORT,PD_POC_FADE_SHORT,"real: stop=47 target=30",175,125,55.20,33.60,11.20,116.34,125
PD_POC,SHORT,PD_POC_FADE_SHORT,"real: stop=47 target=30",180,125,50.40,38.40,11.20,115.30,125
PD_POC,SHORT,PD_POC_FADE_SHORT,"real: stop=47 target=30",185,125,49.60,39.20,11.20,108.55,125
PD_POC,SHORT,PD_POC_FADE_SHORT,"real: stop=47 target=30",190,125,51.20,37.60,11.20,106.32,125
PD_POC,SHORT,PD_POC_FADE_SHORT,"real: stop=47 target=30",195,125,60.00,29.60,10.40,101.76,125
PD_POC,SHORT,PD_POC_FADE_SHORT,"real: stop=47 target=30",200,125,55.20,32.80,12.00,98.25,125
PD_POC,SHORT,PD_POC_FADE_SHORT,"real: stop=47 target=30",205,125,52.00,36.80,11.20,105.38,125
PD_POC,SHORT,PD_POC_FADE_SHORT,"real: stop=47 target=30",210,125,53.60,32.80,13.60,99.58,125
PD_POC,SHORT,PD_POC_FADE_SHORT,"real: stop=47 target=30",215,125,42.40,42.40,15.20,98.92,125
PD_POC,SHORT,PD_POC_FADE_SHORT,"real: stop=47 target=30",220,125,52.80,31.20,16.00,86.75,125
PD_POC,SHORT,PD_POC_FADE_SHORT,"real: stop=47 target=30",225,125,48.80,34.40,16.80,90.77,125
PD_POC,SHORT,PD_POC_FADE_SHORT,"real: stop=47 target=30",230,125,48.80,33.60,17.60,80.05,125
PD_POC,SHORT,PD_POC_FADE_SHORT,"real: stop=47 target=30",235,125,52.80,27.20,20.00,82.31,125
PD_POC,SHORT,PD_POC_FADE_SHORT,"real: stop=47 target=30",240,124,50.81,30.65,18.55,83.09,124
PD_VAH,SHORT,PD_VAH_FADE_SHORT,"real: stop=30 target=40",0,138,44.20,53.62,2.17,147.15,138
PD_VAH,SHORT,PD_VAH_FADE_SHORT,"real: stop=30 target=40",5,138,44.20,53.62,2.17,150.97,138
PD_VAH,SHORT,PD_VAH_FADE_SHORT,"real: stop=30 target=40",10,138,44.20,54.35,1.45,189.41,138
PD_VAH,SHORT,PD_VAH_FADE_SHORT,"real: stop=30 target=40",15,138,41.30,57.25,1.45,137.62,138
PD_VAH,SHORT,PD_VAH_FADE_SHORT,"real: stop=30 target=40",20,138,36.23,60.87,2.90,176.64,138
PD_VAH,SHORT,PD_VAH_FADE_SHORT,"real: stop=30 target=40",25,138,39.86,57.97,2.17,145.98,138
PD_VAH,SHORT,PD_VAH_FADE_SHORT,"real: stop=30 target=40",30,138,31.88,65.22,2.90,157.53,138
PD_VAH,SHORT,PD_VAH_FADE_SHORT,"real: stop=30 target=40",35,138,35.51,60.87,3.62,119.45,138
PD_VAH,SHORT,PD_VAH_FADE_SHORT,"real: stop=30 target=40",40,138,34.78,62.32,2.90,146.04,138
PD_VAH,SHORT,PD_VAH_FADE_SHORT,"real: stop=30 target=40",45,138,36.96,60.14,2.90,179.50,138
PD_VAH,SHORT,PD_VAH_FADE_SHORT,"real: stop=30 target=40",50,138,31.16,65.22,3.62,162.42,138
PD_VAH,SHORT,PD_VAH_FADE_SHORT,"real: stop=30 target=40",55,138,48.55,46.38,5.07,167.54,138
PD_VAH,SHORT,PD_VAH_FADE_SHORT,"real: stop=30 target=40",60,138,47.10,50.00,2.90,128.10,138
PD_VAH,SHORT,PD_VAH_FADE_SHORT,"real: stop=30 target=40",65,138,42.75,52.90,4.35,156.01,138
PD_VAH,SHORT,PD_VAH_FADE_SHORT,"real: stop=30 target=40",70,138,39.13,56.52,4.35,142.77,138
PD_VAH,SHORT,PD_VAH_FADE_SHORT,"real: stop=30 target=40",75,138,39.86,55.80,4.35,158.45,138
PD_VAH,SHORT,PD_VAH_FADE_SHORT,"real: stop=30 target=40",80,138,39.86,56.52,3.62,120.53,138
PD_VAH,SHORT,PD_VAH_FADE_SHORT,"real: stop=30 target=40",85,138,41.30,54.35,4.35,120.25,138
PD_VAH,SHORT,PD_VAH_FADE_SHORT,"real: stop=30 target=40",90,138,44.20,51.45,4.35,127.79,138
PD_VAH,SHORT,PD_VAH_FADE_SHORT,"real: stop=30 target=40",95,138,45.65,49.28,5.07,95.65,138
PD_VAH,SHORT,PD_VAH_FADE_SHORT,"real: stop=30 target=40",100,138,44.93,50.72,4.35,123.48,138
PD_VAH,SHORT,PD_VAH_FADE_SHORT,"real: stop=30 target=40",105,138,42.03,53.62,4.35,110.59,138
PD_VAH,SHORT,PD_VAH_FADE_SHORT,"real: stop=30 target=40",110,138,36.23,57.25,6.52,119.92,138
PD_VAH,SHORT,PD_VAH_FADE_SHORT,"real: stop=30 target=40",115,138,34.78,58.70,6.52,114.86,138
PD_VAH,SHORT,PD_VAH_FADE_SHORT,"real: stop=30 target=40",120,138,31.88,60.14,7.97,104.09,138
PD_VAH,SHORT,PD_VAH_FADE_SHORT,"real: stop=30 target=40",125,138,33.33,57.97,8.70,107.24,138
PD_VAH,SHORT,PD_VAH_FADE_SHORT,"real: stop=30 target=40",130,138,40.58,51.45,7.97,132.32,138
PD_VAH,SHORT,PD_VAH_FADE_SHORT,"real: stop=30 target=40",135,138,34.78,57.97,7.25,120.77,138
PD_VAH,SHORT,PD_VAH_FADE_SHORT,"real: stop=30 target=40",140,138,44.20,45.65,10.14,112.14,138
PD_VAH,SHORT,PD_VAH_FADE_SHORT,"real: stop=30 target=40",145,138,40.58,50.00,9.42,106.65,138
PD_VAH,SHORT,PD_VAH_FADE_SHORT,"real: stop=30 target=40",150,138,39.13,51.45,9.42,88.79,138
PD_VAH,SHORT,PD_VAH_FADE_SHORT,"real: stop=30 target=40",155,138,39.13,50.72,10.14,118.13,138
PD_VAH,SHORT,PD_VAH_FADE_SHORT,"real: stop=30 target=40",160,138,36.96,53.62,9.42,105.74,138
PD_VAH,SHORT,PD_VAH_FADE_SHORT,"real: stop=30 target=40",165,138,43.48,43.48,13.04,116.93,138
PD_VAH,SHORT,PD_VAH_FADE_SHORT,"real: stop=30 target=40",170,138,40.58,48.55,10.87,98.50,138
PD_VAH,SHORT,PD_VAH_FADE_SHORT,"real: stop=30 target=40",175,138,39.13,48.55,12.32,105.46,138
PD_VAH,SHORT,PD_VAH_FADE_SHORT,"real: stop=30 target=40",180,137,36.50,52.55,10.95,88.81,137
PD_VAH,SHORT,PD_VAH_FADE_SHORT,"real: stop=30 target=40",185,137,36.50,52.55,10.95,92.44,137
PD_VAH,SHORT,PD_VAH_FADE_SHORT,"real: stop=30 target=40",190,137,36.50,51.82,11.68,92.44,137
PD_VAH,SHORT,PD_VAH_FADE_SHORT,"real: stop=30 target=40",195,137,32.85,53.28,13.87,84.68,137
PD_VAH,SHORT,PD_VAH_FADE_SHORT,"real: stop=30 target=40",200,137,36.50,49.64,13.87,74.64,137
PD_VAH,SHORT,PD_VAH_FADE_SHORT,"real: stop=30 target=40",205,137,35.77,49.64,14.60,75.38,137
PD_VAH,SHORT,PD_VAH_FADE_SHORT,"real: stop=30 target=40",210,137,34.31,51.82,13.87,71.24,137
PD_VAH,SHORT,PD_VAH_FADE_SHORT,"real: stop=30 target=40",215,137,39.42,45.26,15.33,70.51,137
PD_VAH,SHORT,PD_VAH_FADE_SHORT,"real: stop=30 target=40",220,137,29.93,53.28,16.79,74.05,137
PD_VAH,SHORT,PD_VAH_FADE_SHORT,"real: stop=30 target=40",225,136,27.21,55.15,17.65,58.82,136
PD_VAH,SHORT,PD_VAH_FADE_SHORT,"real: stop=30 target=40",230,136,32.35,50.74,16.91,64.93,136
PD_VAH,SHORT,PD_VAH_FADE_SHORT,"real: stop=30 target=40",235,136,33.09,50.00,16.91,67.08,136
PD_VAH,SHORT,PD_VAH_FADE_SHORT,"real: stop=30 target=40",240,136,33.09,48.53,18.38,61.04,136
PD_VAL,LONG,PD_VAL_FADE_LONG,"real: stop=41 target=40",0,119,51.26,47.90,0.84,144.90,119
PD_VAL,LONG,PD_VAL_FADE_LONG,"real: stop=41 target=40",5,119,51.26,47.90,0.84,175.27,119
PD_VAL,LONG,PD_VAL_FADE_LONG,"real: stop=41 target=40",10,119,48.74,50.42,0.84,135.41,119
PD_VAL,LONG,PD_VAL_FADE_LONG,"real: stop=41 target=40",15,119,42.02,57.14,0.84,141.13,119
PD_VAL,LONG,PD_VAL_FADE_LONG,"real: stop=41 target=40",20,119,52.94,46.22,0.84,155.50,119
PD_VAL,LONG,PD_VAL_FADE_LONG,"real: stop=41 target=40",25,119,46.22,51.26,2.52,141.12,119
PD_VAL,LONG,PD_VAL_FADE_LONG,"real: stop=41 target=40",30,119,46.22,51.26,2.52,148.11,119
PD_VAL,LONG,PD_VAL_FADE_LONG,"real: stop=41 target=40",35,119,52.10,45.38,2.52,138.54,119
PD_VAL,LONG,PD_VAL_FADE_LONG,"real: stop=41 target=40",40,119,51.26,46.22,2.52,148.78,119
PD_VAL,LONG,PD_VAL_FADE_LONG,"real: stop=41 target=40",45,119,54.62,42.86,2.52,137.52,119
PD_VAL,LONG,PD_VAL_FADE_LONG,"real: stop=41 target=40",50,119,42.02,55.46,2.52,120.69,119
PD_VAL,LONG,PD_VAL_FADE_LONG,"real: stop=41 target=40",55,119,53.78,43.70,2.52,124.14,119
PD_VAL,LONG,PD_VAL_FADE_LONG,"real: stop=41 target=40",60,119,47.06,50.42,2.52,137.95,119
PD_VAL,LONG,PD_VAL_FADE_LONG,"real: stop=41 target=40",65,119,53.78,43.70,2.52,126.81,119
PD_VAL,LONG,PD_VAL_FADE_LONG,"real: stop=41 target=40",70,119,51.26,46.22,2.52,135.54,119
PD_VAL,LONG,PD_VAL_FADE_LONG,"real: stop=41 target=40",75,119,51.26,45.38,3.36,123.62,119
PD_VAL,LONG,PD_VAL_FADE_LONG,"real: stop=41 target=40",80,119,54.62,42.02,3.36,134.62,119
PD_VAL,LONG,PD_VAL_FADE_LONG,"real: stop=41 target=40",85,119,47.90,48.74,3.36,129.13,119
PD_VAL,LONG,PD_VAL_FADE_LONG,"real: stop=41 target=40",90,119,51.26,45.38,3.36,119.07,119
PD_VAL,LONG,PD_VAL_FADE_LONG,"real: stop=41 target=40",95,119,54.62,41.18,4.20,121.47,119
PD_VAL,LONG,PD_VAL_FADE_LONG,"real: stop=41 target=40",100,119,44.54,51.26,4.20,113.92,119
PD_VAL,LONG,PD_VAL_FADE_LONG,"real: stop=41 target=40",105,119,54.62,40.34,5.04,120.58,119
PD_VAL,LONG,PD_VAL_FADE_LONG,"real: stop=41 target=40",110,119,50.42,44.54,5.04,114.08,119
PD_VAL,LONG,PD_VAL_FADE_LONG,"real: stop=41 target=40",115,119,43.70,51.26,5.04,133.75,119
PD_VAL,LONG,PD_VAL_FADE_LONG,"real: stop=41 target=40",120,119,51.26,42.02,6.72,124.93,119
PD_VAL,LONG,PD_VAL_FADE_LONG,"real: stop=41 target=40",125,119,39.50,53.78,6.72,106.29,119
PD_VAL,LONG,PD_VAL_FADE_LONG,"real: stop=41 target=40",130,118,47.46,47.46,5.08,117.81,118
PD_VAL,LONG,PD_VAL_FADE_LONG,"real: stop=41 target=40",135,118,48.31,46.61,5.08,89.06,118
PD_VAL,LONG,PD_VAL_FADE_LONG,"real: stop=41 target=40",140,118,50.85,43.22,5.93,110.55,118
PD_VAL,LONG,PD_VAL_FADE_LONG,"real: stop=41 target=40",145,118,47.46,45.76,6.78,104.83,118
PD_VAL,LONG,PD_VAL_FADE_LONG,"real: stop=41 target=40",150,118,46.61,48.31,5.08,93.20,118
PD_VAL,LONG,PD_VAL_FADE_LONG,"real: stop=41 target=40",155,118,52.54,41.53,5.93,104.66,118
PD_VAL,LONG,PD_VAL_FADE_LONG,"real: stop=41 target=40",160,117,51.28,41.03,7.69,108.59,117
PD_VAL,LONG,PD_VAL_FADE_LONG,"real: stop=41 target=40",165,117,51.28,41.88,6.84,85.50,117
PD_VAL,LONG,PD_VAL_FADE_LONG,"real: stop=41 target=40",170,117,52.14,41.03,6.84,91.22,117
PD_VAL,LONG,PD_VAL_FADE_LONG,"real: stop=41 target=40",175,117,50.43,41.88,7.69,68.39,117
PD_VAL,LONG,PD_VAL_FADE_LONG,"real: stop=41 target=40",180,117,46.15,45.30,8.55,82.95,117
PD_VAL,LONG,PD_VAL_FADE_LONG,"real: stop=41 target=40",185,117,46.15,45.30,8.55,84.72,117
PD_VAL,LONG,PD_VAL_FADE_LONG,"real: stop=41 target=40",190,117,51.28,41.03,7.69,71.67,117
PD_VAL,LONG,PD_VAL_FADE_LONG,"real: stop=41 target=40",195,117,49.57,41.88,8.55,77.35,117
PD_VAL,LONG,PD_VAL_FADE_LONG,"real: stop=41 target=40",200,117,44.44,44.44,11.11,69.75,117
PD_VAL,LONG,PD_VAL_FADE_LONG,"real: stop=41 target=40",205,117,51.28,39.32,9.40,70.12,117
PD_VAL,LONG,PD_VAL_FADE_LONG,"real: stop=41 target=40",210,117,49.57,35.90,14.53,77.37,117
PD_VAL,LONG,PD_VAL_FADE_LONG,"real: stop=41 target=40",215,117,46.15,40.17,13.68,75.20,117
PD_VAL,LONG,PD_VAL_FADE_LONG,"real: stop=41 target=40",220,116,47.41,37.93,14.66,69.97,116
PD_VAL,LONG,PD_VAL_FADE_LONG,"real: stop=41 target=40",225,116,44.83,38.79,16.38,83.68,116
PD_VAL,LONG,PD_VAL_FADE_LONG,"real: stop=41 target=40",230,115,43.48,40.87,15.65,68.66,115
PD_VAL,LONG,PD_VAL_FADE_LONG,"real: stop=41 target=40",235,115,40.00,43.48,16.52,70.75,115
PD_VAL,LONG,PD_VAL_FADE_LONG,"real: stop=41 target=40",240,115,36.52,46.09,17.39,66.14,115
PD_HIGH,SHORT,PD_HIGH_FADE_SHORT,"real: stop=19 target=40",0,115,37.39,61.74,0.87,125.03,115
PD_HIGH,SHORT,PD_HIGH_FADE_SHORT,"real: stop=19 target=40",5,115,28.70,70.43,0.87,152.13,115
PD_HIGH,SHORT,PD_HIGH_FADE_SHORT,"real: stop=19 target=40",10,115,32.17,66.96,0.87,212.31,115
PD_HIGH,SHORT,PD_HIGH_FADE_SHORT,"real: stop=19 target=40",15,115,32.17,66.96,0.87,192.59,115
PD_HIGH,SHORT,PD_HIGH_FADE_SHORT,"real: stop=19 target=40",20,115,29.57,69.57,0.87,125.92,115
PD_HIGH,SHORT,PD_HIGH_FADE_SHORT,"real: stop=19 target=40",25,115,30.43,68.70,0.87,139.84,115
PD_HIGH,SHORT,PD_HIGH_FADE_SHORT,"real: stop=19 target=40",30,115,26.09,73.04,0.87,152.21,115
PD_HIGH,SHORT,PD_HIGH_FADE_SHORT,"real: stop=19 target=40",35,115,32.17,66.09,1.74,136.66,115
PD_HIGH,SHORT,PD_HIGH_FADE_SHORT,"real: stop=19 target=40",40,115,24.35,73.91,1.74,155.53,115
PD_HIGH,SHORT,PD_HIGH_FADE_SHORT,"real: stop=19 target=40",45,115,28.70,68.70,2.61,124.09,115
PD_HIGH,SHORT,PD_HIGH_FADE_SHORT,"real: stop=19 target=40",50,115,30.43,66.96,2.61,221.44,115
PD_HIGH,SHORT,PD_HIGH_FADE_SHORT,"real: stop=19 target=40",55,115,27.83,70.43,1.74,191.70,115
PD_HIGH,SHORT,PD_HIGH_FADE_SHORT,"real: stop=19 target=40",60,115,29.57,68.70,1.74,156.52,115
PD_HIGH,SHORT,PD_HIGH_FADE_SHORT,"real: stop=19 target=40",65,115,31.30,66.96,1.74,172.47,115
PD_HIGH,SHORT,PD_HIGH_FADE_SHORT,"real: stop=19 target=40",70,115,31.30,66.09,2.61,148.64,115
PD_HIGH,SHORT,PD_HIGH_FADE_SHORT,"real: stop=19 target=40",75,115,28.70,67.83,3.48,160.48,115
PD_HIGH,SHORT,PD_HIGH_FADE_SHORT,"real: stop=19 target=40",80,115,33.04,64.35,2.61,136.39,115
PD_HIGH,SHORT,PD_HIGH_FADE_SHORT,"real: stop=19 target=40",85,115,25.22,71.30,3.48,126.15,115
PD_HIGH,SHORT,PD_HIGH_FADE_SHORT,"real: stop=19 target=40",90,115,22.61,72.17,5.22,163.63,115
PD_HIGH,SHORT,PD_HIGH_FADE_SHORT,"real: stop=19 target=40",95,115,34.78,60.00,5.22,143.24,115
PD_HIGH,SHORT,PD_HIGH_FADE_SHORT,"real: stop=19 target=40",100,115,33.91,60.87,5.22,84.73,115
PD_HIGH,SHORT,PD_HIGH_FADE_SHORT,"real: stop=19 target=40",105,115,30.43,64.35,5.22,133.99,115
PD_HIGH,SHORT,PD_HIGH_FADE_SHORT,"real: stop=19 target=40",110,115,23.48,71.30,5.22,112.46,115
PD_HIGH,SHORT,PD_HIGH_FADE_SHORT,"real: stop=19 target=40",115,115,20.87,73.04,6.09,62.10,115
PD_HIGH,SHORT,PD_HIGH_FADE_SHORT,"real: stop=19 target=40",120,115,20.87,72.17,6.96,132.78,115
PD_HIGH,SHORT,PD_HIGH_FADE_SHORT,"real: stop=19 target=40",125,115,21.74,71.30,6.96,130.43,115
PD_HIGH,SHORT,PD_HIGH_FADE_SHORT,"real: stop=19 target=40",130,115,28.70,64.35,6.96,122.27,115
PD_HIGH,SHORT,PD_HIGH_FADE_SHORT,"real: stop=19 target=40",135,115,21.74,72.17,6.09,144.72,115
PD_HIGH,SHORT,PD_HIGH_FADE_SHORT,"real: stop=19 target=40",140,115,35.65,57.39,6.96,75.97,115
PD_HIGH,SHORT,PD_HIGH_FADE_SHORT,"real: stop=19 target=40",145,114,23.68,71.05,5.26,109.50,114
PD_HIGH,SHORT,PD_HIGH_FADE_SHORT,"real: stop=19 target=40",150,114,21.05,72.81,6.14,86.64,114
PD_HIGH,SHORT,PD_HIGH_FADE_SHORT,"real: stop=19 target=40",155,114,28.07,64.04,7.89,88.48,114
PD_HIGH,SHORT,PD_HIGH_FADE_SHORT,"real: stop=19 target=40",160,114,28.07,64.04,7.89,104.54,114
PD_HIGH,SHORT,PD_HIGH_FADE_SHORT,"real: stop=19 target=40",165,114,30.70,60.53,8.77,120.89,114
PD_HIGH,SHORT,PD_HIGH_FADE_SHORT,"real: stop=19 target=40",170,114,28.95,62.28,8.77,95.34,114
PD_HIGH,SHORT,PD_HIGH_FADE_SHORT,"real: stop=19 target=40",175,113,27.43,63.72,8.85,115.73,113
PD_HIGH,SHORT,PD_HIGH_FADE_SHORT,"real: stop=19 target=40",180,113,26.55,64.60,8.85,105.06,113
PD_HIGH,SHORT,PD_HIGH_FADE_SHORT,"real: stop=19 target=40",185,113,26.55,64.60,8.85,86.52,113
PD_HIGH,SHORT,PD_HIGH_FADE_SHORT,"real: stop=19 target=40",190,113,23.89,66.37,9.73,61.60,113
PD_HIGH,SHORT,PD_HIGH_FADE_SHORT,"real: stop=19 target=40",195,113,25.66,64.60,9.73,83.03,113
PD_HIGH,SHORT,PD_HIGH_FADE_SHORT,"real: stop=19 target=40",200,113,24.78,65.49,9.73,76.97,113
PD_HIGH,SHORT,PD_HIGH_FADE_SHORT,"real: stop=19 target=40",205,113,25.66,64.60,9.73,83.13,113
PD_HIGH,SHORT,PD_HIGH_FADE_SHORT,"real: stop=19 target=40",210,113,25.66,63.72,10.62,78.18,113
PD_HIGH,SHORT,PD_HIGH_FADE_SHORT,"real: stop=19 target=40",215,113,27.43,61.06,11.50,68.69,113
PD_HIGH,SHORT,PD_HIGH_FADE_SHORT,"real: stop=19 target=40",220,113,18.58,69.91,11.50,84.23,113
PD_HIGH,SHORT,PD_HIGH_FADE_SHORT,"real: stop=19 target=40",225,112,28.57,58.93,12.50,65.48,112
PD_HIGH,SHORT,PD_HIGH_FADE_SHORT,"real: stop=19 target=40",230,112,23.21,64.29,12.50,65.98,112
PD_HIGH,SHORT,PD_HIGH_FADE_SHORT,"real: stop=19 target=40",235,112,24.11,62.50,13.39,73.78,112
PD_HIGH,SHORT,PD_HIGH_FADE_SHORT,"real: stop=19 target=40",240,112,23.21,64.29,12.50,49.21,112
PD_LOW,LONG,PD_LOW_FADE_LONG,"real: stop=25 target=40",0,87,57.47,42.53,0.00,135.94,87
PD_LOW,LONG,PD_LOW_FADE_LONG,"real: stop=25 target=40",5,87,48.28,51.72,0.00,155.59,87
PD_LOW,LONG,PD_LOW_FADE_LONG,"real: stop=25 target=40",10,87,41.38,58.62,0.00,150.72,87
PD_LOW,LONG,PD_LOW_FADE_LONG,"real: stop=25 target=40",15,87,34.48,65.52,0.00,160.08,87
PD_LOW,LONG,PD_LOW_FADE_LONG,"real: stop=25 target=40",20,87,43.68,55.17,1.15,146.84,87
PD_LOW,LONG,PD_LOW_FADE_LONG,"real: stop=25 target=40",25,87,27.59,70.11,2.30,200.47,87
PD_LOW,LONG,PD_LOW_FADE_LONG,"real: stop=25 target=40",30,87,39.08,58.62,2.30,138.98,87
PD_LOW,LONG,PD_LOW_FADE_LONG,"real: stop=25 target=40",35,87,36.78,60.92,2.30,148.40,87
PD_LOW,LONG,PD_LOW_FADE_LONG,"real: stop=25 target=40",40,87,29.89,67.82,2.30,207.30,87
PD_LOW,LONG,PD_LOW_FADE_LONG,"real: stop=25 target=40",45,87,37.93,59.77,2.30,134.57,87
PD_LOW,LONG,PD_LOW_FADE_LONG,"real: stop=25 target=40",50,87,37.93,59.77,2.30,149.70,87
PD_LOW,LONG,PD_LOW_FADE_LONG,"real: stop=25 target=40",55,87,43.68,52.87,3.45,128.78,87
PD_LOW,LONG,PD_LOW_FADE_LONG,"real: stop=25 target=40",60,87,33.33,63.22,3.45,139.79,87
PD_LOW,LONG,PD_LOW_FADE_LONG,"real: stop=25 target=40",65,87,35.63,60.92,3.45,149.16,87
PD_LOW,LONG,PD_LOW_FADE_LONG,"real: stop=25 target=40",70,87,35.63,60.92,3.45,149.34,87
PD_LOW,LONG,PD_LOW_FADE_LONG,"real: stop=25 target=40",75,87,41.38,55.17,3.45,173.40,87
PD_LOW,LONG,PD_LOW_FADE_LONG,"real: stop=25 target=40",80,87,41.38,55.17,3.45,124.09,87
PD_LOW,LONG,PD_LOW_FADE_LONG,"real: stop=25 target=40",85,87,33.33,63.22,3.45,132.95,87
PD_LOW,LONG,PD_LOW_FADE_LONG,"real: stop=25 target=40",90,87,39.08,57.47,3.45,138.54,87
PD_LOW,LONG,PD_LOW_FADE_LONG,"real: stop=25 target=40",95,87,33.33,63.22,3.45,90.15,87
PD_LOW,LONG,PD_LOW_FADE_LONG,"real: stop=25 target=40",100,87,35.63,58.62,5.75,121.84,87
PD_LOW,LONG,PD_LOW_FADE_LONG,"real: stop=25 target=40",105,87,32.18,62.07,5.75,113.01,87
PD_LOW,LONG,PD_LOW_FADE_LONG,"real: stop=25 target=40",110,87,29.89,64.37,5.75,126.21,87
PD_LOW,LONG,PD_LOW_FADE_LONG,"real: stop=25 target=40",115,87,34.48,59.77,5.75,121.56,87
PD_LOW,LONG,PD_LOW_FADE_LONG,"real: stop=25 target=40",120,87,27.59,65.52,6.90,91.78,87
PD_LOW,LONG,PD_LOW_FADE_LONG,"real: stop=25 target=40",125,87,31.03,60.92,8.05,108.04,87
PD_LOW,LONG,PD_LOW_FADE_LONG,"real: stop=25 target=40",130,86,32.56,60.47,6.98,130.98,86
PD_LOW,LONG,PD_LOW_FADE_LONG,"real: stop=25 target=40",135,86,27.91,62.79,9.30,79.56,86
PD_LOW,LONG,PD_LOW_FADE_LONG,"real: stop=25 target=40",140,86,36.05,54.65,9.30,108.54,86
PD_LOW,LONG,PD_LOW_FADE_LONG,"real: stop=25 target=40",145,86,29.07,60.47,10.47,87.60,86
PD_LOW,LONG,PD_LOW_FADE_LONG,"real: stop=25 target=40",150,86,31.40,58.14,10.47,97.23,86
PD_LOW,LONG,PD_LOW_FADE_LONG,"real: stop=25 target=40",155,86,36.05,54.65,9.30,90.28,86
PD_LOW,LONG,PD_LOW_FADE_LONG,"real: stop=25 target=40",160,85,37.65,52.94,9.41,104.83,85
PD_LOW,LONG,PD_LOW_FADE_LONG,"real: stop=25 target=40",165,85,27.06,62.35,10.59,82.99,85
PD_LOW,LONG,PD_LOW_FADE_LONG,"real: stop=25 target=40",170,85,28.24,60.00,11.76,94.32,85
PD_LOW,LONG,PD_LOW_FADE_LONG,"real: stop=25 target=40",175,85,27.06,61.18,11.76,82.18,85
PD_LOW,LONG,PD_LOW_FADE_LONG,"real: stop=25 target=40",180,85,34.12,54.12,11.76,111.58,85
PD_LOW,LONG,PD_LOW_FADE_LONG,"real: stop=25 target=40",185,84,34.52,57.14,8.33,89.53,84
PD_LOW,LONG,PD_LOW_FADE_LONG,"real: stop=25 target=40",190,84,30.95,58.33,10.71,103.15,84
PD_LOW,LONG,PD_LOW_FADE_LONG,"real: stop=25 target=40",195,84,27.38,60.71,11.90,106.88,84
PD_LOW,LONG,PD_LOW_FADE_LONG,"real: stop=25 target=40",200,84,32.14,54.76,13.10,107.63,84
PD_LOW,LONG,PD_LOW_FADE_LONG,"real: stop=25 target=40",205,84,29.76,57.14,13.10,82.52,84
PD_LOW,LONG,PD_LOW_FADE_LONG,"real: stop=25 target=40",210,83,27.71,61.45,10.84,51.05,83
PD_LOW,LONG,PD_LOW_FADE_LONG,"real: stop=25 target=40",215,83,28.92,57.83,13.25,87.68,83
PD_LOW,LONG,PD_LOW_FADE_LONG,"real: stop=25 target=40",220,83,28.92,59.04,12.05,79.53,83
PD_LOW,LONG,PD_LOW_FADE_LONG,"real: stop=25 target=40",225,83,33.73,53.01,13.25,91.72,83
PD_LOW,LONG,PD_LOW_FADE_LONG,"real: stop=25 target=40",230,83,31.33,55.42,13.25,95.29,83
PD_LOW,LONG,PD_LOW_FADE_LONG,"real: stop=25 target=40",235,83,32.53,53.01,14.46,92.40,83
PD_LOW,LONG,PD_LOW_FADE_LONG,"real: stop=25 target=40",240,83,28.92,59.04,12.05,91.82,83
PD_CLOSE,LONG,PD_CLOSE_FADE_LONG,"real: stop=22 target=40",0,136,40.44,59.56,0.00,127.60,136
PD_CLOSE,LONG,PD_CLOSE_FADE_LONG,"real: stop=22 target=40",5,102,30.39,67.65,1.96,161.57,102
PD_CLOSE,LONG,PD_CLOSE_FADE_LONG,"real: stop=22 target=40",10,121,29.75,68.60,1.65,118.42,121
PD_CLOSE,LONG,PD_CLOSE_FADE_LONG,"real: stop=22 target=40",15,126,29.37,69.05,1.59,166.51,126
PD_CLOSE,LONG,PD_CLOSE_FADE_LONG,"real: stop=22 target=40",20,128,27.34,71.09,1.56,150.32,128
PD_CLOSE,LONG,PD_CLOSE_FADE_LONG,"real: stop=22 target=40",25,129,31.01,66.67,2.33,140.94,129
PD_CLOSE,LONG,PD_CLOSE_FADE_LONG,"real: stop=22 target=40",30,130,28.46,69.23,2.31,137.18,130
PD_CLOSE,LONG,PD_CLOSE_FADE_LONG,"real: stop=22 target=40",35,132,31.82,65.91,2.27,138.83,132
PD_CLOSE,LONG,PD_CLOSE_FADE_LONG,"real: stop=22 target=40",40,132,28.79,68.94,2.27,132.63,132
PD_CLOSE,LONG,PD_CLOSE_FADE_LONG,"real: stop=22 target=40",45,132,32.58,65.15,2.27,108.10,132
PD_CLOSE,LONG,PD_CLOSE_FADE_LONG,"real: stop=22 target=40",50,132,34.09,63.64,2.27,132.27,132
PD_CLOSE,LONG,PD_CLOSE_FADE_LONG,"real: stop=22 target=40",55,133,35.34,62.41,2.26,118.08,133
PD_CLOSE,LONG,PD_CLOSE_FADE_LONG,"real: stop=22 target=40",60,133,35.34,62.41,2.26,131.17,133
PD_CLOSE,LONG,PD_CLOSE_FADE_LONG,"real: stop=22 target=40",65,133,36.84,60.90,2.26,144.78,133
PD_CLOSE,LONG,PD_CLOSE_FADE_LONG,"real: stop=22 target=40",70,133,37.59,60.15,2.26,90.73,133
PD_CLOSE,LONG,PD_CLOSE_FADE_LONG,"real: stop=22 target=40",75,133,27.82,69.17,3.01,115.39,133
PD_CLOSE,LONG,PD_CLOSE_FADE_LONG,"real: stop=22 target=40",80,133,30.08,66.92,3.01,111.13,133
PD_CLOSE,LONG,PD_CLOSE_FADE_LONG,"real: stop=22 target=40",85,133,29.32,67.67,3.01,100.46,133
PD_CLOSE,LONG,PD_CLOSE_FADE_LONG,"real: stop=22 target=40",90,134,29.10,67.16,3.73,110.09,134
PD_CLOSE,LONG,PD_CLOSE_FADE_LONG,"real: stop=22 target=40",95,135,26.67,68.89,4.44,90.77,135
PD_CLOSE,LONG,PD_CLOSE_FADE_LONG,"real: stop=22 target=40",100,135,30.37,64.44,5.19,117.88,135
PD_CLOSE,LONG,PD_CLOSE_FADE_LONG,"real: stop=22 target=40",105,135,33.33,61.48,5.19,122.19,135
PD_CLOSE,LONG,PD_CLOSE_FADE_LONG,"real: stop=22 target=40",110,135,27.41,68.15,4.44,111.76,135
PD_CLOSE,LONG,PD_CLOSE_FADE_LONG,"real: stop=22 target=40",115,135,28.15,66.67,5.19,135.75,135
PD_CLOSE,LONG,PD_CLOSE_FADE_LONG,"real: stop=22 target=40",120,135,33.33,61.48,5.19,114.23,135
PD_CLOSE,LONG,PD_CLOSE_FADE_LONG,"real: stop=22 target=40",125,135,35.56,59.26,5.19,104.95,135
PD_CLOSE,LONG,PD_CLOSE_FADE_LONG,"real: stop=22 target=40",130,135,29.63,64.44,5.93,101.49,135
PD_CLOSE,LONG,PD_CLOSE_FADE_LONG,"real: stop=22 target=40",135,135,35.56,60.00,4.44,76.78,135
PD_CLOSE,LONG,PD_CLOSE_FADE_LONG,"real: stop=22 target=40",140,135,30.37,62.96,6.67,115.84,135
PD_CLOSE,LONG,PD_CLOSE_FADE_LONG,"real: stop=22 target=40",145,135,28.89,65.93,5.19,68.83,135
PD_CLOSE,LONG,PD_CLOSE_FADE_LONG,"real: stop=22 target=40",150,135,28.89,64.44,6.67,78.23,135
PD_CLOSE,LONG,PD_CLOSE_FADE_LONG,"real: stop=22 target=40",155,135,28.89,65.19,5.93,111.21,135
PD_CLOSE,LONG,PD_CLOSE_FADE_LONG,"real: stop=22 target=40",160,135,28.15,65.19,6.67,76.09,135
PD_CLOSE,LONG,PD_CLOSE_FADE_LONG,"real: stop=22 target=40",165,135,28.15,63.70,8.15,80.72,135
PD_CLOSE,LONG,PD_CLOSE_FADE_LONG,"real: stop=22 target=40",170,135,27.41,64.44,8.15,81.07,135
PD_CLOSE,LONG,PD_CLOSE_FADE_LONG,"real: stop=22 target=40",175,135,27.41,62.22,10.37,65.15,135
PD_CLOSE,LONG,PD_CLOSE_FADE_LONG,"real: stop=22 target=40",180,135,29.63,60.00,10.37,96.29,135
PD_CLOSE,LONG,PD_CLOSE_FADE_LONG,"real: stop=22 target=40",185,135,31.11,57.78,11.11,87.39,135
PD_CLOSE,LONG,PD_CLOSE_FADE_LONG,"real: stop=22 target=40",190,135,29.63,59.26,11.11,100.56,135
PD_CLOSE,LONG,PD_CLOSE_FADE_LONG,"real: stop=22 target=40",195,135,25.93,62.96,11.11,86.16,135
PD_CLOSE,LONG,PD_CLOSE_FADE_LONG,"real: stop=22 target=40",200,135,31.85,55.56,12.59,74.17,135
PD_CLOSE,LONG,PD_CLOSE_FADE_LONG,"real: stop=22 target=40",205,135,31.11,56.30,12.59,77.73,135
PD_CLOSE,LONG,PD_CLOSE_FADE_LONG,"real: stop=22 target=40",210,135,36.30,49.63,14.07,82.50,135
PD_CLOSE,LONG,PD_CLOSE_FADE_LONG,"real: stop=22 target=40",215,135,29.63,54.07,16.30,78.22,135
PD_CLOSE,LONG,PD_CLOSE_FADE_LONG,"real: stop=22 target=40",220,135,31.85,51.11,17.04,69.00,135
PD_CLOSE,LONG,PD_CLOSE_FADE_LONG,"real: stop=22 target=40",225,134,32.84,49.25,17.91,83.99,134
PD_CLOSE,LONG,PD_CLOSE_FADE_LONG,"real: stop=22 target=40",230,134,28.36,53.73,17.91,90.99,134
PD_CLOSE,LONG,PD_CLOSE_FADE_LONG,"real: stop=22 target=40",235,134,28.36,52.24,19.40,68.05,134
PD_CLOSE,LONG,PD_CLOSE_FADE_LONG,"real: stop=22 target=40",240,134,27.61,52.24,20.15,71.39,134
PD_CLOSE,SHORT,PD_CLOSE_FADE_SHORT,"real: stop=22 target=40",0,136,33.09,66.18,0.74,192.62,136
PD_CLOSE,SHORT,PD_CLOSE_FADE_SHORT,"real: stop=22 target=40",5,97,30.93,67.01,2.06,169.40,97
PD_CLOSE,SHORT,PD_CLOSE_FADE_SHORT,"real: stop=22 target=40",10,119,29.41,68.91,1.68,122.34,119
PD_CLOSE,SHORT,PD_CLOSE_FADE_SHORT,"real: stop=22 target=40",15,126,30.95,67.46,1.59,220.27,126
PD_CLOSE,SHORT,PD_CLOSE_FADE_SHORT,"real: stop=22 target=40",20,127,33.86,64.57,1.57,183.87,127
PD_CLOSE,SHORT,PD_CLOSE_FADE_SHORT,"real: stop=22 target=40",25,129,32.56,65.12,2.33,168.37,129
PD_CLOSE,SHORT,PD_CLOSE_FADE_SHORT,"real: stop=22 target=40",30,130,30.77,66.92,2.31,140.23,130
PD_CLOSE,SHORT,PD_CLOSE_FADE_SHORT,"real: stop=22 target=40",35,132,29.55,68.18,2.27,204.22,132
PD_CLOSE,SHORT,PD_CLOSE_FADE_SHORT,"real: stop=22 target=40",40,133,33.08,64.66,2.26,185.15,133
PD_CLOSE,SHORT,PD_CLOSE_FADE_SHORT,"real: stop=22 target=40",45,134,29.85,67.91,2.24,177.99,134
PD_CLOSE,SHORT,PD_CLOSE_FADE_SHORT,"real: stop=22 target=40",50,134,29.10,68.66,2.24,146.84,134
PD_CLOSE,SHORT,PD_CLOSE_FADE_SHORT,"real: stop=22 target=40",55,134,29.85,67.91,2.24,164.61,134
PD_CLOSE,SHORT,PD_CLOSE_FADE_SHORT,"real: stop=22 target=40",60,134,34.33,63.43,2.24,151.59,134
PD_CLOSE,SHORT,PD_CLOSE_FADE_SHORT,"real: stop=22 target=40",65,134,24.63,73.13,2.24,121.50,134
PD_CLOSE,SHORT,PD_CLOSE_FADE_SHORT,"real: stop=22 target=40",70,134,29.10,68.66,2.24,148.78,134
PD_CLOSE,SHORT,PD_CLOSE_FADE_SHORT,"real: stop=22 target=40",75,135,33.33,64.44,2.22,170.87,135
PD_CLOSE,SHORT,PD_CLOSE_FADE_SHORT,"real: stop=22 target=40",80,135,31.11,65.93,2.96,157.93,135
PD_CLOSE,SHORT,PD_CLOSE_FADE_SHORT,"real: stop=22 target=40",85,135,30.37,66.67,2.96,168.11,135
PD_CLOSE,SHORT,PD_CLOSE_FADE_SHORT,"real: stop=22 target=40",90,135,30.37,66.67,2.96,166.21,135
PD_CLOSE,SHORT,PD_CLOSE_FADE_SHORT,"real: stop=22 target=40",95,135,32.59,64.44,2.96,138.76,135
PD_CLOSE,SHORT,PD_CLOSE_FADE_SHORT,"real: stop=22 target=40",100,135,30.37,65.19,4.44,118.95,135
PD_CLOSE,SHORT,PD_CLOSE_FADE_SHORT,"real: stop=22 target=40",105,135,31.85,63.70,4.44,138.22,135
PD_CLOSE,SHORT,PD_CLOSE_FADE_SHORT,"real: stop=22 target=40",110,136,31.62,63.24,5.15,127.06,136
PD_CLOSE,SHORT,PD_CLOSE_FADE_SHORT,"real: stop=22 target=40",115,136,35.29,59.56,5.15,129.53,136
PD_CLOSE,SHORT,PD_CLOSE_FADE_SHORT,"real: stop=22 target=40",120,136,28.68,66.18,5.15,126.16,136
PD_CLOSE,SHORT,PD_CLOSE_FADE_SHORT,"real: stop=22 target=40",125,136,26.47,68.38,5.15,120.87,136
PD_CLOSE,SHORT,PD_CLOSE_FADE_SHORT,"real: stop=22 target=40",130,136,30.15,63.97,5.88,135.35,136
PD_CLOSE,SHORT,PD_CLOSE_FADE_SHORT,"real: stop=22 target=40",135,136,26.47,68.38,5.15,128.67,136
PD_CLOSE,SHORT,PD_CLOSE_FADE_SHORT,"real: stop=22 target=40",140,136,27.94,66.91,5.15,104.99,136
PD_CLOSE,SHORT,PD_CLOSE_FADE_SHORT,"real: stop=22 target=40",145,136,27.94,67.65,4.41,131.01,136
PD_CLOSE,SHORT,PD_CLOSE_FADE_SHORT,"real: stop=22 target=40",150,136,30.88,64.71,4.41,99.73,136
PD_CLOSE,SHORT,PD_CLOSE_FADE_SHORT,"real: stop=22 target=40",155,136,32.35,61.76,5.88,122.61,136
PD_CLOSE,SHORT,PD_CLOSE_FADE_SHORT,"real: stop=22 target=40",160,136,33.09,61.03,5.88,112.28,136
PD_CLOSE,SHORT,PD_CLOSE_FADE_SHORT,"real: stop=22 target=40",165,136,31.62,58.82,9.56,126.50,136
PD_CLOSE,SHORT,PD_CLOSE_FADE_SHORT,"real: stop=22 target=40",170,136,31.62,59.56,8.82,117.31,136
PD_CLOSE,SHORT,PD_CLOSE_FADE_SHORT,"real: stop=22 target=40",175,136,30.15,58.09,11.76,111.24,136
PD_CLOSE,SHORT,PD_CLOSE_FADE_SHORT,"real: stop=22 target=40",180,136,27.21,62.50,10.29,76.22,136
PD_CLOSE,SHORT,PD_CLOSE_FADE_SHORT,"real: stop=22 target=40",185,136,25.74,63.97,10.29,101.65,136
PD_CLOSE,SHORT,PD_CLOSE_FADE_SHORT,"real: stop=22 target=40",190,136,25.00,63.97,11.03,114.64,136
PD_CLOSE,SHORT,PD_CLOSE_FADE_SHORT,"real: stop=22 target=40",195,136,27.94,60.29,11.76,84.34,136
PD_CLOSE,SHORT,PD_CLOSE_FADE_SHORT,"real: stop=22 target=40",200,136,24.26,62.50,13.24,95.16,136
PD_CLOSE,SHORT,PD_CLOSE_FADE_SHORT,"real: stop=22 target=40",205,136,28.68,58.09,13.24,81.47,136
PD_CLOSE,SHORT,PD_CLOSE_FADE_SHORT,"real: stop=22 target=40",210,136,28.68,56.62,14.71,89.65,136
PD_CLOSE,SHORT,PD_CLOSE_FADE_SHORT,"real: stop=22 target=40",215,136,29.41,55.15,15.44,68.17,136
PD_CLOSE,SHORT,PD_CLOSE_FADE_SHORT,"real: stop=22 target=40",220,136,18.38,65.44,16.18,84.95,136
PD_CLOSE,SHORT,PD_CLOSE_FADE_SHORT,"real: stop=22 target=40",225,135,21.48,60.74,17.78,88.74,135
PD_CLOSE,SHORT,PD_CLOSE_FADE_SHORT,"real: stop=22 target=40",230,135,22.96,60.00,17.04,82.98,135
PD_CLOSE,SHORT,PD_CLOSE_FADE_SHORT,"real: stop=22 target=40",235,135,22.96,59.26,17.78,74.48,135
PD_CLOSE,SHORT,PD_CLOSE_FADE_SHORT,"real: stop=22 target=40",240,135,25.93,54.81,19.26,93.77,135
PD_IB_HIGH,SHORT,PD_IB_HIGH_FADE_SHORT,"real: stop=37 target=38",0,113,47.79,49.56,2.65,151.51,113
PD_IB_HIGH,SHORT,PD_IB_HIGH_FADE_SHORT,"real: stop=37 target=38",5,113,48.67,47.79,3.54,164.37,113
PD_IB_HIGH,SHORT,PD_IB_HIGH_FADE_SHORT,"real: stop=37 target=38",10,113,53.10,44.25,2.65,171.83,113
PD_IB_HIGH,SHORT,PD_IB_HIGH_FADE_SHORT,"real: stop=37 target=38",15,113,55.75,41.59,2.65,175.99,113
PD_IB_HIGH,SHORT,PD_IB_HIGH_FADE_SHORT,"real: stop=37 target=38",20,113,50.44,46.90,2.65,192.83,113
PD_IB_HIGH,SHORT,PD_IB_HIGH_FADE_SHORT,"real: stop=37 target=38",25,113,50.44,46.90,2.65,164.43,113
PD_IB_HIGH,SHORT,PD_IB_HIGH_FADE_SHORT,"real: stop=37 target=38",30,113,47.79,49.56,2.65,183.88,113
PD_IB_HIGH,SHORT,PD_IB_HIGH_FADE_SHORT,"real: stop=37 target=38",35,113,46.02,50.44,3.54,156.28,113
PD_IB_HIGH,SHORT,PD_IB_HIGH_FADE_SHORT,"real: stop=37 target=38",40,113,49.56,46.02,4.42,202.23,113
PD_IB_HIGH,SHORT,PD_IB_HIGH_FADE_SHORT,"real: stop=37 target=38",45,113,53.10,43.36,3.54,174.48,113
PD_IB_HIGH,SHORT,PD_IB_HIGH_FADE_SHORT,"real: stop=37 target=38",50,113,42.48,54.87,2.65,127.76,113
PD_IB_HIGH,SHORT,PD_IB_HIGH_FADE_SHORT,"real: stop=37 target=38",55,113,45.13,50.44,4.42,176.40,113
PD_IB_HIGH,SHORT,PD_IB_HIGH_FADE_SHORT,"real: stop=37 target=38",60,113,45.13,51.33,3.54,131.79,113
PD_IB_HIGH,SHORT,PD_IB_HIGH_FADE_SHORT,"real: stop=37 target=38",65,113,45.13,50.44,4.42,141.43,113
PD_IB_HIGH,SHORT,PD_IB_HIGH_FADE_SHORT,"real: stop=37 target=38",70,113,47.79,46.90,5.31,143.37,113
PD_IB_HIGH,SHORT,PD_IB_HIGH_FADE_SHORT,"real: stop=37 target=38",75,113,46.90,47.79,5.31,166.85,113
PD_IB_HIGH,SHORT,PD_IB_HIGH_FADE_SHORT,"real: stop=37 target=38",80,113,47.79,46.02,6.19,141.45,113
PD_IB_HIGH,SHORT,PD_IB_HIGH_FADE_SHORT,"real: stop=37 target=38",85,113,46.02,47.79,6.19,141.58,113
PD_IB_HIGH,SHORT,PD_IB_HIGH_FADE_SHORT,"real: stop=37 target=38",90,113,49.56,42.48,7.96,149.58,113
PD_IB_HIGH,SHORT,PD_IB_HIGH_FADE_SHORT,"real: stop=37 target=38",95,113,53.98,38.05,7.96,137.82,113
PD_IB_HIGH,SHORT,PD_IB_HIGH_FADE_SHORT,"real: stop=37 target=38",100,113,42.48,50.44,7.08,124.88,113
PD_IB_HIGH,SHORT,PD_IB_HIGH_FADE_SHORT,"real: stop=37 target=38",105,113,42.48,50.44,7.08,126.72,113
PD_IB_HIGH,SHORT,PD_IB_HIGH_FADE_SHORT,"real: stop=37 target=38",110,113,42.48,49.56,7.96,124.01,113
PD_IB_HIGH,SHORT,PD_IB_HIGH_FADE_SHORT,"real: stop=37 target=38",115,113,43.36,47.79,8.85,132.68,113
PD_IB_HIGH,SHORT,PD_IB_HIGH_FADE_SHORT,"real: stop=37 target=38",120,113,42.48,47.79,9.73,133.32,113
PD_IB_HIGH,SHORT,PD_IB_HIGH_FADE_SHORT,"real: stop=37 target=38",125,113,38.94,52.21,8.85,121.74,113
PD_IB_HIGH,SHORT,PD_IB_HIGH_FADE_SHORT,"real: stop=37 target=38",130,113,44.25,46.02,9.73,130.57,113
PD_IB_HIGH,SHORT,PD_IB_HIGH_FADE_SHORT,"real: stop=37 target=38",135,113,37.17,53.98,8.85,128.61,113
PD_IB_HIGH,SHORT,PD_IB_HIGH_FADE_SHORT,"real: stop=37 target=38",140,113,46.02,45.13,8.85,105.50,113
PD_IB_HIGH,SHORT,PD_IB_HIGH_FADE_SHORT,"real: stop=37 target=38",145,112,48.21,42.86,8.93,126.67,112
PD_IB_HIGH,SHORT,PD_IB_HIGH_FADE_SHORT,"real: stop=37 target=38",150,112,42.86,47.32,9.82,111.07,112
PD_IB_HIGH,SHORT,PD_IB_HIGH_FADE_SHORT,"real: stop=37 target=38",155,112,45.54,44.64,9.82,111.18,112
PD_IB_HIGH,SHORT,PD_IB_HIGH_FADE_SHORT,"real: stop=37 target=38",160,112,43.75,45.54,10.71,113.59,112
PD_IB_HIGH,SHORT,PD_IB_HIGH_FADE_SHORT,"real: stop=37 target=38",165,112,46.43,41.96,11.61,127.02,112
PD_IB_HIGH,SHORT,PD_IB_HIGH_FADE_SHORT,"real: stop=37 target=38",170,112,48.21,40.18,11.61,119.11,112
PD_IB_HIGH,SHORT,PD_IB_HIGH_FADE_SHORT,"real: stop=37 target=38",175,112,40.18,47.32,12.50,112.23,112
PD_IB_HIGH,SHORT,PD_IB_HIGH_FADE_SHORT,"real: stop=37 target=38",180,112,36.61,50.89,12.50,106.91,112
PD_IB_HIGH,SHORT,PD_IB_HIGH_FADE_SHORT,"real: stop=37 target=38",185,112,37.50,50.00,12.50,92.69,112
PD_IB_HIGH,SHORT,PD_IB_HIGH_FADE_SHORT,"real: stop=37 target=38",190,112,37.50,49.11,13.39,81.20,112
PD_IB_HIGH,SHORT,PD_IB_HIGH_FADE_SHORT,"real: stop=37 target=38",195,112,34.82,51.79,13.39,97.74,112
PD_IB_HIGH,SHORT,PD_IB_HIGH_FADE_SHORT,"real: stop=37 target=38",200,112,40.18,46.43,13.39,82.76,112
PD_IB_HIGH,SHORT,PD_IB_HIGH_FADE_SHORT,"real: stop=37 target=38",205,112,41.96,41.96,16.07,88.90,112
PD_IB_HIGH,SHORT,PD_IB_HIGH_FADE_SHORT,"real: stop=37 target=38",210,111,41.44,41.44,17.12,73.14,111
PD_IB_HIGH,SHORT,PD_IB_HIGH_FADE_SHORT,"real: stop=37 target=38",215,111,45.95,36.04,18.02,75.95,111
PD_IB_HIGH,SHORT,PD_IB_HIGH_FADE_SHORT,"real: stop=37 target=38",220,111,45.95,36.04,18.02,73.65,111
PD_IB_HIGH,SHORT,PD_IB_HIGH_FADE_SHORT,"real: stop=37 target=38",225,111,45.05,37.84,17.12,75.31,111
PD_IB_HIGH,SHORT,PD_IB_HIGH_FADE_SHORT,"real: stop=37 target=38",230,111,40.54,41.44,18.02,67.34,111
PD_IB_HIGH,SHORT,PD_IB_HIGH_FADE_SHORT,"real: stop=37 target=38",235,111,46.85,36.04,17.12,55.17,111
PD_IB_HIGH,SHORT,PD_IB_HIGH_FADE_SHORT,"real: stop=37 target=38",240,111,45.05,35.14,19.82,63.32,111
PD_IB_LOW,LONG,PD_IB_LOW_FADE_LONG,"real: stop=37 target=38",0,97,53.61,46.39,0.00,121.45,97
PD_IB_LOW,LONG,PD_IB_LOW_FADE_LONG,"real: stop=37 target=38",5,97,52.58,47.42,0.00,136.61,97
PD_IB_LOW,LONG,PD_IB_LOW_FADE_LONG,"real: stop=37 target=38",10,97,42.27,57.73,0.00,140.65,97
PD_IB_LOW,LONG,PD_IB_LOW_FADE_LONG,"real: stop=37 target=38",15,97,44.33,55.67,0.00,129.85,97
PD_IB_LOW,LONG,PD_IB_LOW_FADE_LONG,"real: stop=37 target=38",20,97,45.36,54.64,0.00,152.04,97
PD_IB_LOW,LONG,PD_IB_LOW_FADE_LONG,"real: stop=37 target=38",25,97,42.27,56.70,1.03,145.82,97
PD_IB_LOW,LONG,PD_IB_LOW_FADE_LONG,"real: stop=37 target=38",30,97,48.45,49.48,2.06,149.02,97
PD_IB_LOW,LONG,PD_IB_LOW_FADE_LONG,"real: stop=37 target=38",35,97,50.52,47.42,2.06,148.47,97
PD_IB_LOW,LONG,PD_IB_LOW_FADE_LONG,"real: stop=37 target=38",40,97,52.58,45.36,2.06,152.34,97
PD_IB_LOW,LONG,PD_IB_LOW_FADE_LONG,"real: stop=37 target=38",45,96,53.13,43.75,3.13,137.72,96
PD_IB_LOW,LONG,PD_IB_LOW_FADE_LONG,"real: stop=37 target=38",50,96,48.96,48.96,2.08,122.69,96
PD_IB_LOW,LONG,PD_IB_LOW_FADE_LONG,"real: stop=37 target=38",55,96,60.42,37.50,2.08,123.63,96
PD_IB_LOW,LONG,PD_IB_LOW_FADE_LONG,"real: stop=37 target=38",60,96,44.79,52.08,3.13,133.79,96
PD_IB_LOW,LONG,PD_IB_LOW_FADE_LONG,"real: stop=37 target=38",65,96,46.88,51.04,2.08,137.89,96
PD_IB_LOW,LONG,PD_IB_LOW_FADE_LONG,"real: stop=37 target=38",70,96,47.92,50.00,2.08,125.36,96
PD_IB_LOW,LONG,PD_IB_LOW_FADE_LONG,"real: stop=37 target=38",75,96,45.83,51.04,3.13,149.43,96
PD_IB_LOW,LONG,PD_IB_LOW_FADE_LONG,"real: stop=37 target=38",80,96,56.25,40.63,3.13,117.75,96
PD_IB_LOW,LONG,PD_IB_LOW_FADE_LONG,"real: stop=37 target=38",85,96,51.04,46.88,2.08,116.35,96
PD_IB_LOW,LONG,PD_IB_LOW_FADE_LONG,"real: stop=37 target=38",90,96,52.08,45.83,2.08,123.81,96
PD_IB_LOW,LONG,PD_IB_LOW_FADE_LONG,"real: stop=37 target=38",95,96,46.88,50.00,3.13,121.35,96
PD_IB_LOW,LONG,PD_IB_LOW_FADE_LONG,"real: stop=37 target=38",100,96,56.25,40.63,3.13,128.88,96
PD_IB_LOW,LONG,PD_IB_LOW_FADE_LONG,"real: stop=37 target=38",105,96,50.00,47.92,2.08,126.63,96
PD_IB_LOW,LONG,PD_IB_LOW_FADE_LONG,"real: stop=37 target=38",110,96,53.13,44.79,2.08,120.42,96
PD_IB_LOW,LONG,PD_IB_LOW_FADE_LONG,"real: stop=37 target=38",115,96,50.00,45.83,4.17,137.93,96
PD_IB_LOW,LONG,PD_IB_LOW_FADE_LONG,"real: stop=37 target=38",120,96,48.96,48.96,2.08,79.66,96
PD_IB_LOW,LONG,PD_IB_LOW_FADE_LONG,"real: stop=37 target=38",125,96,45.83,50.00,4.17,98.87,96
PD_IB_LOW,LONG,PD_IB_LOW_FADE_LONG,"real: stop=37 target=38",130,96,47.92,46.88,5.21,132.42,96
PD_IB_LOW,LONG,PD_IB_LOW_FADE_LONG,"real: stop=37 target=38",135,95,45.26,49.47,5.26,90.91,95
PD_IB_LOW,LONG,PD_IB_LOW_FADE_LONG,"real: stop=37 target=38",140,95,51.58,43.16,5.26,99.39,95
PD_IB_LOW,LONG,PD_IB_LOW_FADE_LONG,"real: stop=37 target=38",145,95,51.58,44.21,4.21,106.15,95
PD_IB_LOW,LONG,PD_IB_LOW_FADE_LONG,"real: stop=37 target=38",150,94,47.87,46.81,5.32,98.67,94
PD_IB_LOW,LONG,PD_IB_LOW_FADE_LONG,"real: stop=37 target=38",155,94,40.43,54.26,5.32,85.55,94
PD_IB_LOW,LONG,PD_IB_LOW_FADE_LONG,"real: stop=37 target=38",160,94,48.94,43.62,7.45,95.51,94
PD_IB_LOW,LONG,PD_IB_LOW_FADE_LONG,"real: stop=37 target=38",165,94,42.55,50.00,7.45,110.02,94
PD_IB_LOW,LONG,PD_IB_LOW_FADE_LONG,"real: stop=37 target=38",170,94,40.43,51.06,8.51,83.17,94
PD_IB_LOW,LONG,PD_IB_LOW_FADE_LONG,"real: stop=37 target=38",175,94,46.81,44.68,8.51,87.28,94
PD_IB_LOW,LONG,PD_IB_LOW_FADE_LONG,"real: stop=37 target=38",180,94,44.68,45.74,9.57,110.46,94
PD_IB_LOW,LONG,PD_IB_LOW_FADE_LONG,"real: stop=37 target=38",185,93,47.31,44.09,8.60,105.22,93
PD_IB_LOW,LONG,PD_IB_LOW_FADE_LONG,"real: stop=37 target=38",190,93,46.24,41.94,11.83,100.03,93
PD_IB_LOW,LONG,PD_IB_LOW_FADE_LONG,"real: stop=37 target=38",195,93,46.24,40.86,12.90,93.58,93
PD_IB_LOW,LONG,PD_IB_LOW_FADE_LONG,"real: stop=37 target=38",200,93,40.86,47.31,11.83,102.41,93
PD_IB_LOW,LONG,PD_IB_LOW_FADE_LONG,"real: stop=37 target=38",205,93,40.86,44.09,15.05,75.18,93
PD_IB_LOW,LONG,PD_IB_LOW_FADE_LONG,"real: stop=37 target=38",210,92,43.48,39.13,17.39,89.96,92
PD_IB_LOW,LONG,PD_IB_LOW_FADE_LONG,"real: stop=37 target=38",215,92,43.48,40.22,16.30,87.62,92
PD_IB_LOW,LONG,PD_IB_LOW_FADE_LONG,"real: stop=37 target=38",220,91,41.76,45.05,13.19,78.59,91
PD_IB_LOW,LONG,PD_IB_LOW_FADE_LONG,"real: stop=37 target=38",225,90,51.11,36.67,12.22,97.01,90
PD_IB_LOW,LONG,PD_IB_LOW_FADE_LONG,"real: stop=37 target=38",230,90,45.56,40.00,14.44,92.80,90
PD_IB_LOW,LONG,PD_IB_LOW_FADE_LONG,"real: stop=37 target=38",235,90,44.44,37.78,17.78,97.88,90
PD_IB_LOW,LONG,PD_IB_LOW_FADE_LONG,"real: stop=37 target=38",240,90,45.56,37.78,16.67,77.62,90
PD_IB_MID,LONG,PD_IB_MID_FADE_LONG,"real: stop=37 target=38",0,110,52.73,46.36,0.91,131.53,110
PD_IB_MID,LONG,PD_IB_MID_FADE_LONG,"real: stop=37 target=38",5,67,41.79,58.21,0.00,115.70,67
PD_IB_MID,LONG,PD_IB_MID_FADE_LONG,"real: stop=37 target=38",10,82,47.56,51.22,1.22,146.72,82
PD_IB_MID,LONG,PD_IB_MID_FADE_LONG,"real: stop=37 target=38",15,98,46.94,51.02,2.04,154.92,98
PD_IB_MID,LONG,PD_IB_MID_FADE_LONG,"real: stop=37 target=38",20,102,42.16,55.88,1.96,135.51,102
PD_IB_MID,LONG,PD_IB_MID_FADE_LONG,"real: stop=37 target=38",25,103,46.60,51.46,1.94,130.44,103
PD_IB_MID,LONG,PD_IB_MID_FADE_LONG,"real: stop=37 target=38",30,106,49.06,49.06,1.89,131.80,106
PD_IB_MID,LONG,PD_IB_MID_FADE_LONG,"real: stop=37 target=38",35,106,48.11,50.00,1.89,160.69,106
PD_IB_MID,LONG,PD_IB_MID_FADE_LONG,"real: stop=37 target=38",40,107,47.66,49.53,2.80,145.68,107
PD_IB_MID,LONG,PD_IB_MID_FADE_LONG,"real: stop=37 target=38",45,107,45.79,51.40,2.80,131.45,107
PD_IB_MID,LONG,PD_IB_MID_FADE_LONG,"real: stop=37 target=38",50,108,55.56,41.67,2.78,130.54,108
PD_IB_MID,LONG,PD_IB_MID_FADE_LONG,"real: stop=37 target=38",55,108,41.67,55.56,2.78,88.28,108
PD_IB_MID,LONG,PD_IB_MID_FADE_LONG,"real: stop=37 target=38",60,108,44.44,52.78,2.78,123.30,108
PD_IB_MID,LONG,PD_IB_MID_FADE_LONG,"real: stop=37 target=38",65,108,56.48,40.74,2.78,125.74,108
PD_IB_MID,LONG,PD_IB_MID_FADE_LONG,"real: stop=37 target=38",70,108,53.70,43.52,2.78,121.17,108
PD_IB_MID,LONG,PD_IB_MID_FADE_LONG,"real: stop=37 target=38",75,108,47.22,49.07,3.70,122.82,108
PD_IB_MID,LONG,PD_IB_MID_FADE_LONG,"real: stop=37 target=38",80,108,53.70,41.67,4.63,138.74,108
PD_IB_MID,LONG,PD_IB_MID_FADE_LONG,"real: stop=37 target=38",85,108,49.07,46.30,4.63,122.09,108
PD_IB_MID,LONG,PD_IB_MID_FADE_LONG,"real: stop=37 target=38",90,108,44.44,50.93,4.63,93.64,108
PD_IB_MID,LONG,PD_IB_MID_FADE_LONG,"real: stop=37 target=38",95,109,46.79,48.62,4.59,122.46,109
PD_IB_MID,LONG,PD_IB_MID_FADE_LONG,"real: stop=37 target=38",100,109,44.04,51.38,4.59,122.91,109
PD_IB_MID,LONG,PD_IB_MID_FADE_LONG,"real: stop=37 target=38",105,109,44.04,51.38,4.59,127.04,109
PD_IB_MID,LONG,PD_IB_MID_FADE_LONG,"real: stop=37 target=38",110,109,54.13,41.28,4.59,111.01,109
PD_IB_MID,LONG,PD_IB_MID_FADE_LONG,"real: stop=37 target=38",115,109,44.04,51.38,4.59,120.77,109
PD_IB_MID,LONG,PD_IB_MID_FADE_LONG,"real: stop=37 target=38",120,109,50.46,44.95,4.59,120.41,109
PD_IB_MID,LONG,PD_IB_MID_FADE_LONG,"real: stop=37 target=38",125,109,44.95,50.46,4.59,104.32,109
PD_IB_MID,LONG,PD_IB_MID_FADE_LONG,"real: stop=37 target=38",130,109,45.87,49.54,4.59,112.61,109
PD_IB_MID,LONG,PD_IB_MID_FADE_LONG,"real: stop=37 target=38",135,109,47.71,47.71,4.59,91.45,109
PD_IB_MID,LONG,PD_IB_MID_FADE_LONG,"real: stop=37 target=38",140,109,46.79,48.62,4.59,100.52,109
PD_IB_MID,LONG,PD_IB_MID_FADE_LONG,"real: stop=37 target=38",145,109,48.62,45.87,5.50,104.91,109
PD_IB_MID,LONG,PD_IB_MID_FADE_LONG,"real: stop=37 target=38",150,109,52.29,42.20,5.50,94.70,109
PD_IB_MID,LONG,PD_IB_MID_FADE_LONG,"real: stop=37 target=38",155,109,52.29,42.20,5.50,111.40,109
PD_IB_MID,LONG,PD_IB_MID_FADE_LONG,"real: stop=37 target=38",160,109,53.21,40.37,6.42,115.99,109
PD_IB_MID,LONG,PD_IB_MID_FADE_LONG,"real: stop=37 target=38",165,109,49.54,43.12,7.34,102.01,109
PD_IB_MID,LONG,PD_IB_MID_FADE_LONG,"real: stop=37 target=38",170,109,45.87,46.79,7.34,107.59,109
PD_IB_MID,LONG,PD_IB_MID_FADE_LONG,"real: stop=37 target=38",175,109,51.38,41.28,7.34,86.94,109
PD_IB_MID,LONG,PD_IB_MID_FADE_LONG,"real: stop=37 target=38",180,109,48.62,43.12,8.26,99.01,109
PD_IB_MID,LONG,PD_IB_MID_FADE_LONG,"real: stop=37 target=38",185,109,44.04,47.71,8.26,95.49,109
PD_IB_MID,LONG,PD_IB_MID_FADE_LONG,"real: stop=37 target=38",190,109,45.87,44.95,9.17,90.53,109
PD_IB_MID,LONG,PD_IB_MID_FADE_LONG,"real: stop=37 target=38",195,109,46.79,44.95,8.26,80.44,109
PD_IB_MID,LONG,PD_IB_MID_FADE_LONG,"real: stop=37 target=38",200,109,47.71,44.04,8.26,83.54,109
PD_IB_MID,LONG,PD_IB_MID_FADE_LONG,"real: stop=37 target=38",205,109,46.79,43.12,10.09,79.69,109
PD_IB_MID,LONG,PD_IB_MID_FADE_LONG,"real: stop=37 target=38",210,109,46.79,37.61,15.60,87.60,109
PD_IB_MID,LONG,PD_IB_MID_FADE_LONG,"real: stop=37 target=38",215,109,43.12,41.28,15.60,85.90,109
PD_IB_MID,LONG,PD_IB_MID_FADE_LONG,"real: stop=37 target=38",220,109,42.20,40.37,17.43,73.48,109
PD_IB_MID,LONG,PD_IB_MID_FADE_LONG,"real: stop=37 target=38",225,110,43.64,39.09,17.27,87.97,110
PD_IB_MID,LONG,PD_IB_MID_FADE_LONG,"real: stop=37 target=38",230,110,33.64,50.00,16.36,77.50,110
PD_IB_MID,LONG,PD_IB_MID_FADE_LONG,"real: stop=37 target=38",235,110,42.73,40.91,16.36,77.87,110
PD_IB_MID,LONG,PD_IB_MID_FADE_LONG,"real: stop=37 target=38",240,110,41.82,37.27,20.91,76.26,110
PD_IB_MID,SHORT,PD_IB_MID_FADE_SHORT,"real: stop=37 target=38",0,110,43.64,55.45,0.91,125.04,110
PD_IB_MID,SHORT,PD_IB_MID_FADE_SHORT,"real: stop=37 target=38",5,68,57.35,42.65,0.00,212.46,68
PD_IB_MID,SHORT,PD_IB_MID_FADE_SHORT,"real: stop=37 target=38",10,82,47.56,50.00,2.44,179.92,82
PD_IB_MID,SHORT,PD_IB_MID_FADE_SHORT,"real: stop=37 target=38",15,97,48.45,49.48,2.06,210.36,97
PD_IB_MID,SHORT,PD_IB_MID_FADE_SHORT,"real: stop=37 target=38",20,102,54.90,43.14,1.96,167.48,102
PD_IB_MID,SHORT,PD_IB_MID_FADE_SHORT,"real: stop=37 target=38",25,103,47.57,50.49,1.94,142.79,103
PD_IB_MID,SHORT,PD_IB_MID_FADE_SHORT,"real: stop=37 target=38",30,106,49.06,49.06,1.89,127.85,106
PD_IB_MID,SHORT,PD_IB_MID_FADE_SHORT,"real: stop=37 target=38",35,106,49.06,49.06,1.89,158.45,106
PD_IB_MID,SHORT,PD_IB_MID_FADE_SHORT,"real: stop=37 target=38",40,106,48.11,49.06,2.83,152.54,106
PD_IB_MID,SHORT,PD_IB_MID_FADE_SHORT,"real: stop=37 target=38",45,106,49.06,48.11,2.83,134.62,106
PD_IB_MID,SHORT,PD_IB_MID_FADE_SHORT,"real: stop=37 target=38",50,107,42.06,55.14,2.80,165.29,107
PD_IB_MID,SHORT,PD_IB_MID_FADE_SHORT,"real: stop=37 target=38",55,108,55.56,41.67,2.78,122.18,108
PD_IB_MID,SHORT,PD_IB_MID_FADE_SHORT,"real: stop=37 target=38",60,108,51.85,45.37,2.78,139.58,108
PD_IB_MID,SHORT,PD_IB_MID_FADE_SHORT,"real: stop=37 target=38",65,108,38.89,58.33,2.78,127.32,108
PD_IB_MID,SHORT,PD_IB_MID_FADE_SHORT,"real: stop=37 target=38",70,108,40.74,56.48,2.78,164.17,108
PD_IB_MID,SHORT,PD_IB_MID_FADE_SHORT,"real: stop=37 target=38",75,108,46.30,50.00,3.70,149.05,108
PD_IB_MID,SHORT,PD_IB_MID_FADE_SHORT,"real: stop=37 target=38",80,108,38.89,56.48,4.63,153.71,108
PD_IB_MID,SHORT,PD_IB_MID_FADE_SHORT,"real: stop=37 target=38",85,109,46.79,48.62,4.59,149.63,109
PD_IB_MID,SHORT,PD_IB_MID_FADE_SHORT,"real: stop=37 target=38",90,109,48.62,46.79,4.59,121.86,109
PD_IB_MID,SHORT,PD_IB_MID_FADE_SHORT,"real: stop=37 target=38",95,109,48.62,46.79,4.59,102.48,109
PD_IB_MID,SHORT,PD_IB_MID_FADE_SHORT,"real: stop=37 target=38",100,109,46.79,48.62,4.59,123.17,109
PD_IB_MID,SHORT,PD_IB_MID_FADE_SHORT,"real: stop=37 target=38",105,109,49.54,45.87,4.59,138.91,109
PD_IB_MID,SHORT,PD_IB_MID_FADE_SHORT,"real: stop=37 target=38",110,109,41.28,54.13,4.59,128.32,109
PD_IB_MID,SHORT,PD_IB_MID_FADE_SHORT,"real: stop=37 target=38",115,109,50.46,44.95,4.59,127.65,109
PD_IB_MID,SHORT,PD_IB_MID_FADE_SHORT,"real: stop=37 target=38",120,109,44.04,51.38,4.59,97.05,109
PD_IB_MID,SHORT,PD_IB_MID_FADE_SHORT,"real: stop=37 target=38",125,109,49.54,45.87,4.59,97.69,109
PD_IB_MID,SHORT,PD_IB_MID_FADE_SHORT,"real: stop=37 target=38",130,109,47.71,47.71,4.59,111.08,109
PD_IB_MID,SHORT,PD_IB_MID_FADE_SHORT,"real: stop=37 target=38",135,109,44.95,50.46,4.59,105.27,109
PD_IB_MID,SHORT,PD_IB_MID_FADE_SHORT,"real: stop=37 target=38",140,109,46.79,48.62,4.59,96.85,109
PD_IB_MID,SHORT,PD_IB_MID_FADE_SHORT,"real: stop=37 target=38",145,109,43.12,51.38,5.50,105.05,109
PD_IB_MID,SHORT,PD_IB_MID_FADE_SHORT,"real: stop=37 target=38",150,109,40.37,54.13,5.50,99.11,109
PD_IB_MID,SHORT,PD_IB_MID_FADE_SHORT,"real: stop=37 target=38",155,109,40.37,54.13,5.50,101.91,109
PD_IB_MID,SHORT,PD_IB_MID_FADE_SHORT,"real: stop=37 target=38",160,109,40.37,53.21,6.42,126.81,109
PD_IB_MID,SHORT,PD_IB_MID_FADE_SHORT,"real: stop=37 target=38",165,109,41.28,51.38,7.34,121.92,109
PD_IB_MID,SHORT,PD_IB_MID_FADE_SHORT,"real: stop=37 target=38",170,109,44.95,46.79,8.26,108.23,109
PD_IB_MID,SHORT,PD_IB_MID_FADE_SHORT,"real: stop=37 target=38",175,109,41.28,51.38,7.34,101.09,109
PD_IB_MID,SHORT,PD_IB_MID_FADE_SHORT,"real: stop=37 target=38",180,109,40.37,51.38,8.26,101.43,109
PD_IB_MID,SHORT,PD_IB_MID_FADE_SHORT,"real: stop=37 target=38",185,109,45.87,45.87,8.26,96.42,109
PD_IB_MID,SHORT,PD_IB_MID_FADE_SHORT,"real: stop=37 target=38",190,109,44.04,47.71,8.26,92.24,109
PD_IB_MID,SHORT,PD_IB_MID_FADE_SHORT,"real: stop=37 target=38",195,109,44.95,46.79,8.26,74.31,109
PD_IB_MID,SHORT,PD_IB_MID_FADE_SHORT,"real: stop=37 target=38",200,109,41.28,49.54,9.17,79.27,109
PD_IB_MID,SHORT,PD_IB_MID_FADE_SHORT,"real: stop=37 target=38",205,109,40.37,49.54,10.09,83.65,109
PD_IB_MID,SHORT,PD_IB_MID_FADE_SHORT,"real: stop=37 target=38",210,109,36.70,47.71,15.60,88.04,109
PD_IB_MID,SHORT,PD_IB_MID_FADE_SHORT,"real: stop=37 target=38",215,109,40.37,43.12,16.51,61.91,109
PD_IB_MID,SHORT,PD_IB_MID_FADE_SHORT,"real: stop=37 target=38",220,109,38.53,44.04,17.43,68.01,109
PD_IB_MID,SHORT,PD_IB_MID_FADE_SHORT,"real: stop=37 target=38",225,110,38.18,45.45,16.36,66.66,110
PD_IB_MID,SHORT,PD_IB_MID_FADE_SHORT,"real: stop=37 target=38",230,110,49.09,34.55,16.36,65.11,110
PD_IB_MID,SHORT,PD_IB_MID_FADE_SHORT,"real: stop=37 target=38",235,110,37.27,46.36,16.36,72.71,110
PD_IB_MID,SHORT,PD_IB_MID_FADE_SHORT,"real: stop=37 target=38",240,110,37.27,41.82,20.91,68.73,110
PD_OR_MID,LONG,PD_OR_MID_FADE_LONG,"real: stop=37 target=38",0,112,44.64,55.36,0.00,116.45,112
PD_OR_MID,LONG,PD_OR_MID_FADE_LONG,"real: stop=37 target=38",5,66,40.91,59.09,0.00,145.95,66
PD_OR_MID,LONG,PD_OR_MID_FADE_LONG,"real: stop=37 target=38",10,89,46.07,53.93,0.00,145.73,89
PD_OR_MID,LONG,PD_OR_MID_FADE_LONG,"real: stop=37 target=38",15,101,48.51,50.50,0.99,151.09,101
PD_OR_MID,LONG,PD_OR_MID_FADE_LONG,"real: stop=37 target=38",20,104,59.62,37.50,2.88,154.19,104
PD_OR_MID,LONG,PD_OR_MID_FADE_LONG,"real: stop=37 target=38",25,107,47.66,50.47,1.87,151.49,107
PD_OR_MID,LONG,PD_OR_MID_FADE_LONG,"real: stop=37 target=38",30,109,45.87,51.38,2.75,138.41,109
PD_OR_MID,LONG,PD_OR_MID_FADE_LONG,"real: stop=37 target=38",35,110,48.18,49.09,2.73,140.14,110
PD_OR_MID,LONG,PD_OR_MID_FADE_LONG,"real: stop=37 target=38",40,110,51.82,45.45,2.73,151.45,110
PD_OR_MID,LONG,PD_OR_MID_FADE_LONG,"real: stop=37 target=38",45,110,50.00,46.36,3.64,117.40,110
PD_OR_MID,LONG,PD_OR_MID_FADE_LONG,"real: stop=37 target=38",50,110,48.18,48.18,3.64,125.30,110
PD_OR_MID,LONG,PD_OR_MID_FADE_LONG,"real: stop=37 target=38",55,110,48.18,48.18,3.64,120.20,110
PD_OR_MID,LONG,PD_OR_MID_FADE_LONG,"real: stop=37 target=38",60,111,49.55,45.95,4.50,124.44,111
PD_OR_MID,LONG,PD_OR_MID_FADE_LONG,"real: stop=37 target=38",65,111,47.75,47.75,4.50,139.70,111
PD_OR_MID,LONG,PD_OR_MID_FADE_LONG,"real: stop=37 target=38",70,111,46.85,48.65,4.50,146.50,111
PD_OR_MID,LONG,PD_OR_MID_FADE_LONG,"real: stop=37 target=38",75,111,46.85,47.75,5.41,126.04,111
PD_OR_MID,LONG,PD_OR_MID_FADE_LONG,"real: stop=37 target=38",80,112,51.79,42.86,5.36,116.98,112
PD_OR_MID,LONG,PD_OR_MID_FADE_LONG,"real: stop=37 target=38",85,112,48.21,46.43,5.36,97.43,112
PD_OR_MID,LONG,PD_OR_MID_FADE_LONG,"real: stop=37 target=38",90,112,41.96,52.68,5.36,100.02,112
PD_OR_MID,LONG,PD_OR_MID_FADE_LONG,"real: stop=37 target=38",95,112,46.43,48.21,5.36,95.72,112
PD_OR_MID,LONG,PD_OR_MID_FADE_LONG,"real: stop=37 target=38",100,112,41.07,53.57,5.36,124.29,112
PD_OR_MID,LONG,PD_OR_MID_FADE_LONG,"real: stop=37 target=38",105,112,49.11,44.64,6.25,117.27,112
PD_OR_MID,LONG,PD_OR_MID_FADE_LONG,"real: stop=37 target=38",110,112,42.86,51.79,5.36,128.01,112
PD_OR_MID,LONG,PD_OR_MID_FADE_LONG,"real: stop=37 target=38",115,112,41.96,51.79,6.25,126.05,112
PD_OR_MID,LONG,PD_OR_MID_FADE_LONG,"real: stop=37 target=38",120,112,48.21,45.54,6.25,101.95,112
PD_OR_MID,LONG,PD_OR_MID_FADE_LONG,"real: stop=37 target=38",125,112,44.64,47.32,8.04,112.09,112
PD_OR_MID,LONG,PD_OR_MID_FADE_LONG,"real: stop=37 target=38",130,111,42.34,50.45,7.21,102.49,111
PD_OR_MID,LONG,PD_OR_MID_FADE_LONG,"real: stop=37 target=38",135,111,44.14,49.55,6.31,101.36,111
PD_OR_MID,LONG,PD_OR_MID_FADE_LONG,"real: stop=37 target=38",140,111,49.55,43.24,7.21,107.50,111
PD_OR_MID,LONG,PD_OR_MID_FADE_LONG,"real: stop=37 target=38",145,111,41.44,51.35,7.21,114.61,111
PD_OR_MID,LONG,PD_OR_MID_FADE_LONG,"real: stop=37 target=38",150,111,46.85,44.14,9.01,110.78,111
PD_OR_MID,LONG,PD_OR_MID_FADE_LONG,"real: stop=37 target=38",155,111,42.34,47.75,9.91,81.29,111
PD_OR_MID,LONG,PD_OR_MID_FADE_LONG,"real: stop=37 target=38",160,111,52.25,38.74,9.01,132.47,111
PD_OR_MID,LONG,PD_OR_MID_FADE_LONG,"real: stop=37 target=38",165,111,43.24,46.85,9.91,121.57,111
PD_OR_MID,LONG,PD_OR_MID_FADE_LONG,"real: stop=37 target=38",170,111,39.64,49.55,10.81,95.64,111
PD_OR_MID,LONG,PD_OR_MID_FADE_LONG,"real: stop=37 target=38",175,111,43.24,45.95,10.81,89.03,111
PD_OR_MID,LONG,PD_OR_MID_FADE_LONG,"real: stop=37 target=38",180,111,42.34,45.05,12.61,83.96,111
PD_OR_MID,LONG,PD_OR_MID_FADE_LONG,"real: stop=37 target=38",185,111,43.24,44.14,12.61,73.53,111
PD_OR_MID,LONG,PD_OR_MID_FADE_LONG,"real: stop=37 target=38",190,111,45.95,42.34,11.71,109.36,111
PD_OR_MID,LONG,PD_OR_MID_FADE_LONG,"real: stop=37 target=38",195,111,45.05,41.44,13.51,83.66,111
PD_OR_MID,LONG,PD_OR_MID_FADE_LONG,"real: stop=37 target=38",200,111,41.44,43.24,15.32,90.65,111
PD_OR_MID,LONG,PD_OR_MID_FADE_LONG,"real: stop=37 target=38",205,111,42.34,45.05,12.61,73.36,111
PD_OR_MID,LONG,PD_OR_MID_FADE_LONG,"real: stop=37 target=38",210,111,41.44,40.54,18.02,91.15,111
PD_OR_MID,LONG,PD_OR_MID_FADE_LONG,"real: stop=37 target=38",215,111,40.54,41.44,18.02,92.36,111
PD_OR_MID,LONG,PD_OR_MID_FADE_LONG,"real: stop=37 target=38",220,111,43.24,38.74,18.02,76.88,111
PD_OR_MID,LONG,PD_OR_MID_FADE_LONG,"real: stop=37 target=38",225,111,44.14,39.64,16.22,72.97,111
PD_OR_MID,LONG,PD_OR_MID_FADE_LONG,"real: stop=37 target=38",230,111,46.85,34.23,18.92,82.29,111
PD_OR_MID,LONG,PD_OR_MID_FADE_LONG,"real: stop=37 target=38",235,111,40.54,37.84,21.62,76.44,111
PD_OR_MID,LONG,PD_OR_MID_FADE_LONG,"real: stop=37 target=38",240,111,37.84,41.44,20.72,58.96,111
PD_OR_MID,SHORT,PD_OR_MID_FADE_SHORT,"real: stop=37 target=38",0,112,53.57,46.43,0.00,136.29,112
PD_OR_MID,SHORT,PD_OR_MID_FADE_SHORT,"real: stop=37 target=38",5,66,57.58,42.42,0.00,110.95,66
PD_OR_MID,SHORT,PD_OR_MID_FADE_SHORT,"real: stop=37 target=38",10,89,49.44,49.44,1.12,190.92,89
PD_OR_MID,SHORT,PD_OR_MID_FADE_SHORT,"real: stop=37 target=38",15,102,50.00,49.02,0.98,159.37,102
PD_OR_MID,SHORT,PD_OR_MID_FADE_SHORT,"real: stop=37 target=38",20,104,37.50,59.62,2.88,176.46,104
PD_OR_MID,SHORT,PD_OR_MID_FADE_SHORT,"real: stop=37 target=38",25,107,49.53,48.60,1.87,127.11,107
PD_OR_MID,SHORT,PD_OR_MID_FADE_SHORT,"real: stop=37 target=38",30,110,48.18,49.09,2.73,138.58,110
PD_OR_MID,SHORT,PD_OR_MID_FADE_SHORT,"real: stop=37 target=38",35,111,49.55,47.75,2.70,131.19,111
PD_OR_MID,SHORT,PD_OR_MID_FADE_SHORT,"real: stop=37 target=38",40,111,43.24,54.05,2.70,166.46,111
PD_OR_MID,SHORT,PD_OR_MID_FADE_SHORT,"real: stop=37 target=38",45,111,45.95,50.45,3.60,141.21,111
PD_OR_MID,SHORT,PD_OR_MID_FADE_SHORT,"real: stop=37 target=38",50,111,46.85,49.55,3.60,144.99,111
PD_OR_MID,SHORT,PD_OR_MID_FADE_SHORT,"real: stop=37 target=38",55,111,48.65,47.75,3.60,157.48,111
PD_OR_MID,SHORT,PD_OR_MID_FADE_SHORT,"real: stop=37 target=38",60,112,45.54,50.00,4.46,148.44,112
PD_OR_MID,SHORT,PD_OR_MID_FADE_SHORT,"real: stop=37 target=38",65,112,45.54,50.00,4.46,135.55,112
PD_OR_MID,SHORT,PD_OR_MID_FADE_SHORT,"real: stop=37 target=38",70,112,45.54,50.00,4.46,135.64,112
PD_OR_MID,SHORT,PD_OR_MID_FADE_SHORT,"real: stop=37 target=38",75,112,46.43,48.21,5.36,127.76,112
PD_OR_MID,SHORT,PD_OR_MID_FADE_SHORT,"real: stop=37 target=38",80,112,41.07,53.57,5.36,116.45,112
PD_OR_MID,SHORT,PD_OR_MID_FADE_SHORT,"real: stop=37 target=38",85,112,44.64,50.00,5.36,125.58,112
PD_OR_MID,SHORT,PD_OR_MID_FADE_SHORT,"real: stop=37 target=38",90,112,50.89,43.75,5.36,116.04,112
PD_OR_MID,SHORT,PD_OR_MID_FADE_SHORT,"real: stop=37 target=38",95,112,47.32,47.32,5.36,128.86,112
PD_OR_MID,SHORT,PD_OR_MID_FADE_SHORT,"real: stop=37 target=38",100,112,52.68,41.96,5.36,132.39,112
PD_OR_MID,SHORT,PD_OR_MID_FADE_SHORT,"real: stop=37 target=38",105,112,42.86,50.89,6.25,124.46,112
PD_OR_MID,SHORT,PD_OR_MID_FADE_SHORT,"real: stop=37 target=38",110,112,50.89,43.75,5.36,118.57,112
PD_OR_MID,SHORT,PD_OR_MID_FADE_SHORT,"real: stop=37 target=38",115,112,49.11,44.64,6.25,119.23,112
PD_OR_MID,SHORT,PD_OR_MID_FADE_SHORT,"real: stop=37 target=38",120,112,42.86,50.89,6.25,94.61,112
PD_OR_MID,SHORT,PD_OR_MID_FADE_SHORT,"real: stop=37 target=38",125,112,46.43,45.54,8.04,93.67,112
PD_OR_MID,SHORT,PD_OR_MID_FADE_SHORT,"real: stop=37 target=38",130,111,46.85,45.05,8.11,100.36,111
PD_OR_MID,SHORT,PD_OR_MID_FADE_SHORT,"real: stop=37 target=38",135,111,48.65,45.05,6.31,101.19,111
PD_OR_MID,SHORT,PD_OR_MID_FADE_SHORT,"real: stop=37 target=38",140,111,41.44,51.35,7.21,102.04,111
PD_OR_MID,SHORT,PD_OR_MID_FADE_SHORT,"real: stop=37 target=38",145,111,49.55,43.24,7.21,95.05,111
PD_OR_MID,SHORT,PD_OR_MID_FADE_SHORT,"real: stop=37 target=38",150,111,40.54,51.35,8.11,109.14,111
PD_OR_MID,SHORT,PD_OR_MID_FADE_SHORT,"real: stop=37 target=38",155,111,45.95,44.14,9.91,96.64,111
PD_OR_MID,SHORT,PD_OR_MID_FADE_SHORT,"real: stop=37 target=38",160,111,38.74,52.25,9.01,120.37,111
PD_OR_MID,SHORT,PD_OR_MID_FADE_SHORT,"real: stop=37 target=38",165,111,46.85,43.24,9.91,119.20,111
PD_OR_MID,SHORT,PD_OR_MID_FADE_SHORT,"real: stop=37 target=38",170,111,48.65,39.64,11.71,106.49,111
PD_OR_MID,SHORT,PD_OR_MID_FADE_SHORT,"real: stop=37 target=38",175,111,43.24,45.95,10.81,100.80,111
PD_OR_MID,SHORT,PD_OR_MID_FADE_SHORT,"real: stop=37 target=38",180,111,43.24,44.14,12.61,87.90,111
PD_OR_MID,SHORT,PD_OR_MID_FADE_SHORT,"real: stop=37 target=38",185,111,42.34,45.05,12.61,98.14,111
PD_OR_MID,SHORT,PD_OR_MID_FADE_SHORT,"real: stop=37 target=38",190,111,40.54,46.85,12.61,93.31,111
PD_OR_MID,SHORT,PD_OR_MID_FADE_SHORT,"real: stop=37 target=38",195,111,40.54,45.95,13.51,86.64,111
PD_OR_MID,SHORT,PD_OR_MID_FADE_SHORT,"real: stop=37 target=38",200,111,43.24,41.44,15.32,77.61,111
PD_OR_MID,SHORT,PD_OR_MID_FADE_SHORT,"real: stop=37 target=38",205,111,45.05,42.34,12.61,83.65,111
PD_OR_MID,SHORT,PD_OR_MID_FADE_SHORT,"real: stop=37 target=38",210,111,38.74,43.24,18.02,91.78,111
PD_OR_MID,SHORT,PD_OR_MID_FADE_SHORT,"real: stop=37 target=38",215,111,39.64,41.44,18.92,60.84,111
PD_OR_MID,SHORT,PD_OR_MID_FADE_SHORT,"real: stop=37 target=38",220,111,37.84,44.14,18.02,66.49,111
PD_OR_MID,SHORT,PD_OR_MID_FADE_SHORT,"real: stop=37 target=38",225,111,36.94,45.95,17.12,75.37,111
PD_OR_MID,SHORT,PD_OR_MID_FADE_SHORT,"real: stop=37 target=38",230,111,34.23,46.85,18.92,70.09,111
PD_OR_MID,SHORT,PD_OR_MID_FADE_SHORT,"real: stop=37 target=38",235,111,35.14,43.24,21.62,64.56,111
PD_OR_MID,SHORT,PD_OR_MID_FADE_SHORT,"real: stop=37 target=38",240,111,37.84,40.54,21.62,64.42,111
PD_SESSION_MID,LONG,PD_SESSION_MID_FADE_LONG,"real: stop=35 target=40",0,123,43.90,53.66,2.44,117.34,123
PD_SESSION_MID,LONG,PD_SESSION_MID_FADE_LONG,"real: stop=35 target=40",5,108,39.81,59.26,0.93,163.51,108
PD_SESSION_MID,LONG,PD_SESSION_MID_FADE_LONG,"real: stop=35 target=40",10,114,46.49,52.63,0.88,122.97,114
PD_SESSION_MID,LONG,PD_SESSION_MID_FADE_LONG,"real: stop=35 target=40",15,116,48.28,50.00,1.72,151.06,116
PD_SESSION_MID,LONG,PD_SESSION_MID_FADE_LONG,"real: stop=35 target=40",20,120,39.17,58.33,2.50,137.31,120
PD_SESSION_MID,LONG,PD_SESSION_MID_FADE_LONG,"real: stop=35 target=40",25,120,43.33,54.17,2.50,134.53,120
PD_SESSION_MID,LONG,PD_SESSION_MID_FADE_LONG,"real: stop=35 target=40",30,121,52.07,45.45,2.48,144.02,121
PD_SESSION_MID,LONG,PD_SESSION_MID_FADE_LONG,"real: stop=35 target=40",35,121,39.67,57.02,3.31,141.85,121
PD_SESSION_MID,LONG,PD_SESSION_MID_FADE_LONG,"real: stop=35 target=40",40,121,42.15,52.07,5.79,148.92,121
PD_SESSION_MID,LONG,PD_SESSION_MID_FADE_LONG,"real: stop=35 target=40",45,121,35.54,59.50,4.96,135.32,121
PD_SESSION_MID,LONG,PD_SESSION_MID_FADE_LONG,"real: stop=35 target=40",50,123,43.09,52.03,4.88,136.28,123
PD_SESSION_MID,LONG,PD_SESSION_MID_FADE_LONG,"real: stop=35 target=40",55,123,42.28,52.03,5.69,112.64,123
PD_SESSION_MID,LONG,PD_SESSION_MID_FADE_LONG,"real: stop=35 target=40",60,123,48.78,45.53,5.69,127.24,123
PD_SESSION_MID,LONG,PD_SESSION_MID_FADE_LONG,"real: stop=35 target=40",65,123,40.65,52.85,6.50,122.96,123
PD_SESSION_MID,LONG,PD_SESSION_MID_FADE_LONG,"real: stop=35 target=40",70,123,44.72,47.97,7.32,108.87,123
PD_SESSION_MID,LONG,PD_SESSION_MID_FADE_LONG,"real: stop=35 target=40",75,123,39.84,52.85,7.32,118.14,123
PD_SESSION_MID,LONG,PD_SESSION_MID_FADE_LONG,"real: stop=35 target=40",80,123,41.46,49.59,8.94,117.51,123
PD_SESSION_MID,LONG,PD_SESSION_MID_FADE_LONG,"real: stop=35 target=40",85,123,40.65,50.41,8.94,111.46,123
PD_SESSION_MID,LONG,PD_SESSION_MID_FADE_LONG,"real: stop=35 target=40",90,123,41.46,49.59,8.94,109.56,123
PD_SESSION_MID,LONG,PD_SESSION_MID_FADE_LONG,"real: stop=35 target=40",95,123,41.46,49.59,8.94,105.95,123
PD_SESSION_MID,LONG,PD_SESSION_MID_FADE_LONG,"real: stop=35 target=40",100,123,42.28,49.59,8.13,126.31,123
PD_SESSION_MID,LONG,PD_SESSION_MID_FADE_LONG,"real: stop=35 target=40",105,123,45.53,45.53,8.94,117.96,123
PD_SESSION_MID,LONG,PD_SESSION_MID_FADE_LONG,"real: stop=35 target=40",110,123,46.34,43.90,9.76,112.78,123
PD_SESSION_MID,LONG,PD_SESSION_MID_FADE_LONG,"real: stop=35 target=40",115,123,45.53,44.72,9.76,113.26,123
PD_SESSION_MID,LONG,PD_SESSION_MID_FADE_LONG,"real: stop=35 target=40",120,123,47.15,43.09,9.76,100.08,123
PD_SESSION_MID,LONG,PD_SESSION_MID_FADE_LONG,"real: stop=35 target=40",125,123,48.78,41.46,9.76,110.47,123
PD_SESSION_MID,LONG,PD_SESSION_MID_FADE_LONG,"real: stop=35 target=40",130,123,44.72,46.34,8.94,94.79,123
PD_SESSION_MID,LONG,PD_SESSION_MID_FADE_LONG,"real: stop=35 target=40",135,123,43.90,47.15,8.94,96.10,123
PD_SESSION_MID,LONG,PD_SESSION_MID_FADE_LONG,"real: stop=35 target=40",140,123,43.09,47.97,8.94,99.43,123
PD_SESSION_MID,LONG,PD_SESSION_MID_FADE_LONG,"real: stop=35 target=40",145,123,43.09,47.15,9.76,101.23,123
PD_SESSION_MID,LONG,PD_SESSION_MID_FADE_LONG,"real: stop=35 target=40",150,123,44.72,45.53,9.76,94.03,123
PD_SESSION_MID,LONG,PD_SESSION_MID_FADE_LONG,"real: stop=35 target=40",155,123,42.28,47.15,10.57,81.11,123
PD_SESSION_MID,LONG,PD_SESSION_MID_FADE_LONG,"real: stop=35 target=40",160,123,41.46,47.15,11.38,115.33,123
PD_SESSION_MID,LONG,PD_SESSION_MID_FADE_LONG,"real: stop=35 target=40",165,123,42.28,44.72,13.01,94.32,123
PD_SESSION_MID,LONG,PD_SESSION_MID_FADE_LONG,"real: stop=35 target=40",170,123,40.65,45.53,13.82,97.95,123
PD_SESSION_MID,LONG,PD_SESSION_MID_FADE_LONG,"real: stop=35 target=40",175,123,44.72,42.28,13.01,87.31,123
PD_SESSION_MID,LONG,PD_SESSION_MID_FADE_LONG,"real: stop=35 target=40",180,123,43.90,41.46,14.63,78.64,123
PD_SESSION_MID,LONG,PD_SESSION_MID_FADE_LONG,"real: stop=35 target=40",185,123,42.28,42.28,15.45,79.91,123
PD_SESSION_MID,LONG,PD_SESSION_MID_FADE_LONG,"real: stop=35 target=40",190,123,46.34,37.40,16.26,100.36,123
PD_SESSION_MID,LONG,PD_SESSION_MID_FADE_LONG,"real: stop=35 target=40",195,123,47.97,36.59,15.45,89.69,123
PD_SESSION_MID,LONG,PD_SESSION_MID_FADE_LONG,"real: stop=35 target=40",200,123,40.65,44.72,14.63,88.86,123
PD_SESSION_MID,LONG,PD_SESSION_MID_FADE_LONG,"real: stop=35 target=40",205,123,41.46,41.46,17.07,74.24,123
PD_SESSION_MID,LONG,PD_SESSION_MID_FADE_LONG,"real: stop=35 target=40",210,123,47.97,34.96,17.07,88.76,123
PD_SESSION_MID,LONG,PD_SESSION_MID_FADE_LONG,"real: stop=35 target=40",215,123,41.46,40.65,17.89,91.15,123
PD_SESSION_MID,LONG,PD_SESSION_MID_FADE_LONG,"real: stop=35 target=40",220,122,41.80,40.16,18.03,75.54,122
PD_SESSION_MID,LONG,PD_SESSION_MID_FADE_LONG,"real: stop=35 target=40",225,122,44.26,36.07,19.67,84.91,122
PD_SESSION_MID,LONG,PD_SESSION_MID_FADE_LONG,"real: stop=35 target=40",230,122,37.70,41.80,20.49,95.15,122
PD_SESSION_MID,LONG,PD_SESSION_MID_FADE_LONG,"real: stop=35 target=40",235,122,39.34,40.16,20.49,80.99,122
PD_SESSION_MID,LONG,PD_SESSION_MID_FADE_LONG,"real: stop=35 target=40",240,121,41.32,37.19,21.49,74.13,121
PD_SESSION_MID,SHORT,PD_SESSION_MID_FADE_SHORT,"real: stop=15 target=35",0,123,34.96,64.23,0.81,178.72,123
PD_SESSION_MID,SHORT,PD_SESSION_MID_FADE_SHORT,"real: stop=15 target=35",5,71,36.62,63.38,0.00,207.25,71
PD_SESSION_MID,SHORT,PD_SESSION_MID_FADE_SHORT,"real: stop=15 target=35",10,93,31.18,68.82,0.00,197.36,93
PD_SESSION_MID,SHORT,PD_SESSION_MID_FADE_SHORT,"real: stop=15 target=35",15,102,25.49,73.53,0.98,127.16,102
PD_SESSION_MID,SHORT,PD_SESSION_MID_FADE_SHORT,"real: stop=15 target=35",20,108,34.26,64.81,0.93,216.96,108
PD_SESSION_MID,SHORT,PD_SESSION_MID_FADE_SHORT,"real: stop=15 target=35",25,112,38.39,60.71,0.89,219.15,112
PD_SESSION_MID,SHORT,PD_SESSION_MID_FADE_SHORT,"real: stop=15 target=35",30,114,27.19,71.93,0.88,157.32,114
PD_SESSION_MID,SHORT,PD_SESSION_MID_FADE_SHORT,"real: stop=15 target=35",35,116,31.90,66.38,1.72,142.18,116
PD_SESSION_MID,SHORT,PD_SESSION_MID_FADE_SHORT,"real: stop=15 target=35",40,117,26.50,71.79,1.71,213.53,117
PD_SESSION_MID,SHORT,PD_SESSION_MID_FADE_SHORT,"real: stop=15 target=35",45,117,28.21,69.23,2.56,154.60,117
PD_SESSION_MID,SHORT,PD_SESSION_MID_FADE_SHORT,"real: stop=15 target=35",50,118,34.75,61.02,4.24,136.76,118
PD_SESSION_MID,SHORT,PD_SESSION_MID_FADE_SHORT,"real: stop=15 target=35",55,120,29.17,66.67,4.17,154.29,120
PD_SESSION_MID,SHORT,PD_SESSION_MID_FADE_SHORT,"real: stop=15 target=35",60,120,24.17,71.67,4.17,124.00,120
PD_SESSION_MID,SHORT,PD_SESSION_MID_FADE_SHORT,"real: stop=15 target=35",65,121,31.40,62.81,5.79,123.63,121
PD_SESSION_MID,SHORT,PD_SESSION_MID_FADE_SHORT,"real: stop=15 target=35",70,121,27.27,66.94,5.79,159.91,121
PD_SESSION_MID,SHORT,PD_SESSION_MID_FADE_SHORT,"real: stop=15 target=35",75,121,29.75,64.46,5.79,182.18,121
PD_SESSION_MID,SHORT,PD_SESSION_MID_FADE_SHORT,"real: stop=15 target=35",80,121,23.97,69.42,6.61,171.87,121
PD_SESSION_MID,SHORT,PD_SESSION_MID_FADE_SHORT,"real: stop=15 target=35",85,121,26.45,66.12,7.44,206.24,121
PD_SESSION_MID,SHORT,PD_SESSION_MID_FADE_SHORT,"real: stop=15 target=35",90,121,19.01,73.55,7.44,141.10,121
PD_SESSION_MID,SHORT,PD_SESSION_MID_FADE_SHORT,"real: stop=15 target=35",95,121,28.10,64.46,7.44,159.63,121
PD_SESSION_MID,SHORT,PD_SESSION_MID_FADE_SHORT,"real: stop=15 target=35",100,121,25.62,66.94,7.44,128.26,121
PD_SESSION_MID,SHORT,PD_SESSION_MID_FADE_SHORT,"real: stop=15 target=35",105,121,25.62,66.94,7.44,131.85,121
PD_SESSION_MID,SHORT,PD_SESSION_MID_FADE_SHORT,"real: stop=15 target=35",110,121,26.45,66.12,7.44,141.31,121
PD_SESSION_MID,SHORT,PD_SESSION_MID_FADE_SHORT,"real: stop=15 target=35",115,121,26.45,66.12,7.44,167.16,121
PD_SESSION_MID,SHORT,PD_SESSION_MID_FADE_SHORT,"real: stop=15 target=35",120,121,24.79,67.77,7.44,104.69,121
PD_SESSION_MID,SHORT,PD_SESSION_MID_FADE_SHORT,"real: stop=15 target=35",125,121,17.36,75.21,7.44,115.99,121
PD_SESSION_MID,SHORT,PD_SESSION_MID_FADE_SHORT,"real: stop=15 target=35",130,121,25.62,66.94,7.44,148.40,121
PD_SESSION_MID,SHORT,PD_SESSION_MID_FADE_SHORT,"real: stop=15 target=35",135,121,27.27,65.29,7.44,117.46,121
PD_SESSION_MID,SHORT,PD_SESSION_MID_FADE_SHORT,"real: stop=15 target=35",140,122,23.77,68.03,8.20,123.25,122
PD_SESSION_MID,SHORT,PD_SESSION_MID_FADE_SHORT,"real: stop=15 target=35",145,122,19.67,72.13,8.20,119.68,122
PD_SESSION_MID,SHORT,PD_SESSION_MID_FADE_SHORT,"real: stop=15 target=35",150,122,18.85,72.95,8.20,110.25,122
PD_SESSION_MID,SHORT,PD_SESSION_MID_FADE_SHORT,"real: stop=15 target=35",155,122,19.67,71.31,9.02,107.21,122
PD_SESSION_MID,SHORT,PD_SESSION_MID_FADE_SHORT,"real: stop=15 target=35",160,122,20.49,69.67,9.84,136.74,122
PD_SESSION_MID,SHORT,PD_SESSION_MID_FADE_SHORT,"real: stop=15 target=35",165,122,26.23,63.93,9.84,119.09,122
PD_SESSION_MID,SHORT,PD_SESSION_MID_FADE_SHORT,"real: stop=15 target=35",170,122,22.13,67.21,10.66,127.21,122
PD_SESSION_MID,SHORT,PD_SESSION_MID_FADE_SHORT,"real: stop=15 target=35",175,122,21.31,67.21,11.48,132.16,122
PD_SESSION_MID,SHORT,PD_SESSION_MID_FADE_SHORT,"real: stop=15 target=35",180,122,19.67,68.85,11.48,75.42,122
PD_SESSION_MID,SHORT,PD_SESSION_MID_FADE_SHORT,"real: stop=15 target=35",185,122,14.75,72.13,13.11,126.31,122
PD_SESSION_MID,SHORT,PD_SESSION_MID_FADE_SHORT,"real: stop=15 target=35",190,122,17.21,69.67,13.11,102.88,122
PD_SESSION_MID,SHORT,PD_SESSION_MID_FADE_SHORT,"real: stop=15 target=35",195,122,17.21,69.67,13.11,69.83,122
PD_SESSION_MID,SHORT,PD_SESSION_MID_FADE_SHORT,"real: stop=15 target=35",200,122,26.23,60.66,13.11,91.52,122
PD_SESSION_MID,SHORT,PD_SESSION_MID_FADE_SHORT,"real: stop=15 target=35",205,122,21.31,63.93,14.75,81.75,122
PD_SESSION_MID,SHORT,PD_SESSION_MID_FADE_SHORT,"real: stop=15 target=35",210,122,21.31,63.93,14.75,123.70,122
PD_SESSION_MID,SHORT,PD_SESSION_MID_FADE_SHORT,"real: stop=15 target=35",215,122,21.31,63.11,15.57,82.94,122
PD_SESSION_MID,SHORT,PD_SESSION_MID_FADE_SHORT,"real: stop=15 target=35",220,121,21.49,62.81,15.70,113.47,121
PD_SESSION_MID,SHORT,PD_SESSION_MID_FADE_SHORT,"real: stop=15 target=35",225,121,19.83,63.64,16.53,79.80,121
PD_SESSION_MID,SHORT,PD_SESSION_MID_FADE_SHORT,"real: stop=15 target=35",230,121,14.88,67.77,17.36,81.31,121
PD_SESSION_MID,SHORT,PD_SESSION_MID_FADE_SHORT,"real: stop=15 target=35",235,121,28.10,53.72,18.18,90.23,121
PD_SESSION_MID,SHORT,PD_SESSION_MID_FADE_SHORT,"real: stop=15 target=35",240,121,22.31,59.50,18.18,78.97,121
FLOOR_PIVOT,LONG,FLOOR_PIVOT_FADE_LONG,"real: stop=19 target=30",0,126,39.68,60.32,0.00,158.49,126
FLOOR_PIVOT,LONG,FLOOR_PIVOT_FADE_LONG,"real: stop=19 target=30",5,87,34.48,65.52,0.00,148.18,87
FLOOR_PIVOT,LONG,FLOOR_PIVOT_FADE_LONG,"real: stop=19 target=30",10,111,39.64,60.36,0.00,143.64,111
FLOOR_PIVOT,LONG,FLOOR_PIVOT_FADE_LONG,"real: stop=19 target=30",15,116,34.48,63.79,1.72,127.76,116
FLOOR_PIVOT,LONG,FLOOR_PIVOT_FADE_LONG,"real: stop=19 target=30",20,119,37.82,60.50,1.68,132.82,119
FLOOR_PIVOT,LONG,FLOOR_PIVOT_FADE_LONG,"real: stop=19 target=30",25,121,38.84,59.50,1.65,130.18,121
FLOOR_PIVOT,LONG,FLOOR_PIVOT_FADE_LONG,"real: stop=19 target=30",30,122,39.34,58.20,2.46,134.59,122
FLOOR_PIVOT,LONG,FLOOR_PIVOT_FADE_LONG,"real: stop=19 target=30",35,122,31.15,66.39,2.46,136.72,122
FLOOR_PIVOT,LONG,FLOOR_PIVOT_FADE_LONG,"real: stop=19 target=30",40,123,33.33,62.60,4.07,156.21,123
FLOOR_PIVOT,LONG,FLOOR_PIVOT_FADE_LONG,"real: stop=19 target=30",45,124,34.68,61.29,4.03,123.92,124
FLOOR_PIVOT,LONG,FLOOR_PIVOT_FADE_LONG,"real: stop=19 target=30",50,124,36.29,58.87,4.84,141.26,124
FLOOR_PIVOT,LONG,FLOOR_PIVOT_FADE_LONG,"real: stop=19 target=30",55,124,39.52,55.65,4.84,121.46,124
FLOOR_PIVOT,LONG,FLOOR_PIVOT_FADE_LONG,"real: stop=19 target=30",60,124,32.26,62.10,5.65,128.85,124
FLOOR_PIVOT,LONG,FLOOR_PIVOT_FADE_LONG,"real: stop=19 target=30",65,124,36.29,58.06,5.65,127.36,124
FLOOR_PIVOT,LONG,FLOOR_PIVOT_FADE_LONG,"real: stop=19 target=30",70,124,37.10,57.26,5.65,133.86,124
FLOOR_PIVOT,LONG,FLOOR_PIVOT_FADE_LONG,"real: stop=19 target=30",75,124,33.87,60.48,5.65,135.96,124
FLOOR_PIVOT,LONG,FLOOR_PIVOT_FADE_LONG,"real: stop=19 target=30",80,125,30.40,63.20,6.40,102.24,125
FLOOR_PIVOT,LONG,FLOOR_PIVOT_FADE_LONG,"real: stop=19 target=30",85,125,25.60,68.00,6.40,105.02,125
FLOOR_PIVOT,LONG,FLOOR_PIVOT_FADE_LONG,"real: stop=19 target=30",90,125,42.40,51.20,6.40,103.94,125
FLOOR_PIVOT,LONG,FLOOR_PIVOT_FADE_LONG,"real: stop=19 target=30",95,125,35.20,58.40,6.40,114.27,125
FLOOR_PIVOT,LONG,FLOOR_PIVOT_FADE_LONG,"real: stop=19 target=30",100,125,34.40,58.40,7.20,128.13,125
FLOOR_PIVOT,LONG,FLOOR_PIVOT_FADE_LONG,"real: stop=19 target=30",105,125,25.60,67.20,7.20,134.27,125
FLOOR_PIVOT,LONG,FLOOR_PIVOT_FADE_LONG,"real: stop=19 target=30",110,125,33.60,59.20,7.20,123.42,125
FLOOR_PIVOT,LONG,FLOOR_PIVOT_FADE_LONG,"real: stop=19 target=30",115,125,30.40,62.40,7.20,122.89,125
FLOOR_PIVOT,LONG,FLOOR_PIVOT_FADE_LONG,"real: stop=19 target=30",120,125,36.00,56.00,8.00,116.22,125
FLOOR_PIVOT,LONG,FLOOR_PIVOT_FADE_LONG,"real: stop=19 target=30",125,125,32.00,60.00,8.00,117.41,125
FLOOR_PIVOT,LONG,FLOOR_PIVOT_FADE_LONG,"real: stop=19 target=30",130,125,36.00,56.00,8.00,115.97,125
FLOOR_PIVOT,LONG,FLOOR_PIVOT_FADE_LONG,"real: stop=19 target=30",135,125,30.40,60.80,8.80,97.38,125
FLOOR_PIVOT,LONG,FLOOR_PIVOT_FADE_LONG,"real: stop=19 target=30",140,125,27.20,64.00,8.80,109.09,125
FLOOR_PIVOT,LONG,FLOOR_PIVOT_FADE_LONG,"real: stop=19 target=30",145,125,36.00,55.20,8.80,102.97,125
FLOOR_PIVOT,LONG,FLOOR_PIVOT_FADE_LONG,"real: stop=19 target=30",150,125,35.20,55.20,9.60,100.34,125
FLOOR_PIVOT,LONG,FLOOR_PIVOT_FADE_LONG,"real: stop=19 target=30",155,125,36.80,53.60,9.60,74.38,125
FLOOR_PIVOT,LONG,FLOOR_PIVOT_FADE_LONG,"real: stop=19 target=30",160,125,35.20,53.60,11.20,119.58,125
FLOOR_PIVOT,LONG,FLOOR_PIVOT_FADE_LONG,"real: stop=19 target=30",165,125,29.60,56.80,13.60,90.62,125
FLOOR_PIVOT,LONG,FLOOR_PIVOT_FADE_LONG,"real: stop=19 target=30",170,125,24.80,61.60,13.60,90.02,125
FLOOR_PIVOT,LONG,FLOOR_PIVOT_FADE_LONG,"real: stop=19 target=30",175,125,28.00,57.60,14.40,82.80,125
FLOOR_PIVOT,LONG,FLOOR_PIVOT_FADE_LONG,"real: stop=19 target=30",180,125,30.40,55.20,14.40,79.84,125
FLOOR_PIVOT,LONG,FLOOR_PIVOT_FADE_LONG,"real: stop=19 target=30",185,125,33.60,52.00,14.40,84.76,125
FLOOR_PIVOT,LONG,FLOOR_PIVOT_FADE_LONG,"real: stop=19 target=30",190,125,42.40,43.20,14.40,104.75,125
FLOOR_PIVOT,LONG,FLOOR_PIVOT_FADE_LONG,"real: stop=19 target=30",195,125,33.60,52.00,14.40,69.29,125
FLOOR_PIVOT,LONG,FLOOR_PIVOT_FADE_LONG,"real: stop=19 target=30",200,125,42.40,43.20,14.40,83.64,125
FLOOR_PIVOT,LONG,FLOOR_PIVOT_FADE_LONG,"real: stop=19 target=30",205,125,36.00,47.20,16.80,81.65,125
FLOOR_PIVOT,LONG,FLOOR_PIVOT_FADE_LONG,"real: stop=19 target=30",210,125,29.60,53.60,16.80,101.93,125
FLOOR_PIVOT,LONG,FLOOR_PIVOT_FADE_LONG,"real: stop=19 target=30",215,125,29.60,51.20,19.20,98.34,125
FLOOR_PIVOT,LONG,FLOOR_PIVOT_FADE_LONG,"real: stop=19 target=30",220,125,22.40,58.40,19.20,83.20,125
FLOOR_PIVOT,LONG,FLOOR_PIVOT_FADE_LONG,"real: stop=19 target=30",225,123,39.02,43.09,17.89,90.67,123
FLOOR_PIVOT,LONG,FLOOR_PIVOT_FADE_LONG,"real: stop=19 target=30",230,123,30.08,51.22,18.70,98.67,123
FLOOR_PIVOT,LONG,FLOOR_PIVOT_FADE_LONG,"real: stop=19 target=30",235,123,35.77,45.53,18.70,85.73,123
FLOOR_PIVOT,LONG,FLOOR_PIVOT_FADE_LONG,"real: stop=19 target=30",240,123,28.46,52.03,19.51,85.01,123
FLOOR_PIVOT,SHORT,FLOOR_PIVOT_FADE_SHORT,"real: stop=26 target=35",0,126,42.06,57.94,0.00,181.32,126
FLOOR_PIVOT,SHORT,FLOOR_PIVOT_FADE_SHORT,"real: stop=26 target=35",5,100,46.00,54.00,0.00,169.40,100
FLOOR_PIVOT,SHORT,FLOOR_PIVOT_FADE_SHORT,"real: stop=26 target=35",10,117,41.88,58.12,0.00,166.88,117
FLOOR_PIVOT,SHORT,FLOOR_PIVOT_FADE_SHORT,"real: stop=26 target=35",15,120,42.50,55.83,1.67,182.51,120
FLOOR_PIVOT,SHORT,FLOOR_PIVOT_FADE_SHORT,"real: stop=26 target=35",20,121,43.80,54.55,1.65,209.55,121
FLOOR_PIVOT,SHORT,FLOOR_PIVOT_FADE_SHORT,"real: stop=26 target=35",25,122,43.44,54.92,1.64,181.78,122
FLOOR_PIVOT,SHORT,FLOOR_PIVOT_FADE_SHORT,"real: stop=26 target=35",30,123,45.53,52.03,2.44,148.38,123
FLOOR_PIVOT,SHORT,FLOOR_PIVOT_FADE_SHORT,"real: stop=26 target=35",35,123,44.72,52.03,3.25,171.84,123
FLOOR_PIVOT,SHORT,FLOOR_PIVOT_FADE_SHORT,"real: stop=26 target=35",40,124,38.71,57.26,4.03,195.29,124
FLOOR_PIVOT,SHORT,FLOOR_PIVOT_FADE_SHORT,"real: stop=26 target=35",45,124,40.32,55.65,4.03,140.03,124
FLOOR_PIVOT,SHORT,FLOOR_PIVOT_FADE_SHORT,"real: stop=26 target=35",50,124,39.52,55.65,4.84,133.16,124
FLOOR_PIVOT,SHORT,FLOOR_PIVOT_FADE_SHORT,"real: stop=26 target=35",55,124,37.90,57.26,4.84,140.36,124
FLOOR_PIVOT,SHORT,FLOOR_PIVOT_FADE_SHORT,"real: stop=26 target=35",60,124,37.90,57.26,4.84,142.65,124
FLOOR_PIVOT,SHORT,FLOOR_PIVOT_FADE_SHORT,"real: stop=26 target=35",65,124,38.71,55.65,5.65,129.39,124
FLOOR_PIVOT,SHORT,FLOOR_PIVOT_FADE_SHORT,"real: stop=26 target=35",70,124,38.71,55.65,5.65,147.35,124
FLOOR_PIVOT,SHORT,FLOOR_PIVOT_FADE_SHORT,"real: stop=26 target=35",75,124,41.13,53.23,5.65,176.68,124
FLOOR_PIVOT,SHORT,FLOOR_PIVOT_FADE_SHORT,"real: stop=26 target=35",80,125,40.00,52.00,8.00,160.20,125
FLOOR_PIVOT,SHORT,FLOOR_PIVOT_FADE_SHORT,"real: stop=26 target=35",85,125,47.20,44.80,8.00,158.29,125
FLOOR_PIVOT,SHORT,FLOOR_PIVOT_FADE_SHORT,"real: stop=26 target=35",90,125,36.00,56.00,8.00,117.20,125
FLOOR_PIVOT,SHORT,FLOOR_PIVOT_FADE_SHORT,"real: stop=26 target=35",95,125,35.20,56.80,8.00,130.93,125
FLOOR_PIVOT,SHORT,FLOOR_PIVOT_FADE_SHORT,"real: stop=26 target=35",100,125,32.80,60.00,7.20,122.01,125
FLOOR_PIVOT,SHORT,FLOOR_PIVOT_FADE_SHORT,"real: stop=26 target=35",105,125,33.60,58.40,8.00,137.15,125
FLOOR_PIVOT,SHORT,FLOOR_PIVOT_FADE_SHORT,"real: stop=26 target=35",110,125,39.20,52.80,8.00,121.15,125
FLOOR_PIVOT,SHORT,FLOOR_PIVOT_FADE_SHORT,"real: stop=26 target=35",115,125,40.80,51.20,8.00,157.71,125
FLOOR_PIVOT,SHORT,FLOOR_PIVOT_FADE_SHORT,"real: stop=26 target=35",120,125,32.00,59.20,8.80,140.18,125
FLOOR_PIVOT,SHORT,FLOOR_PIVOT_FADE_SHORT,"real: stop=26 target=35",125,125,40.00,51.20,8.80,106.16,125
FLOOR_PIVOT,SHORT,FLOOR_PIVOT_FADE_SHORT,"real: stop=26 target=35",130,125,40.80,51.20,8.00,120.66,125
FLOOR_PIVOT,SHORT,FLOOR_PIVOT_FADE_SHORT,"real: stop=26 target=35",135,124,39.52,50.81,9.68,122.56,124
FLOOR_PIVOT,SHORT,FLOOR_PIVOT_FADE_SHORT,"real: stop=26 target=35",140,125,40.80,50.40,8.80,138.81,125
FLOOR_PIVOT,SHORT,FLOOR_PIVOT_FADE_SHORT,"real: stop=26 target=35",145,125,32.00,58.40,9.60,125.16,125
FLOOR_PIVOT,SHORT,FLOOR_PIVOT_FADE_SHORT,"real: stop=26 target=35",150,125,33.60,56.80,9.60,126.03,125
FLOOR_PIVOT,SHORT,FLOOR_PIVOT_FADE_SHORT,"real: stop=26 target=35",155,125,39.20,50.40,10.40,112.15,125
FLOOR_PIVOT,SHORT,FLOOR_PIVOT_FADE_SHORT,"real: stop=26 target=35",160,125,30.40,57.60,12.00,131.62,125
FLOOR_PIVOT,SHORT,FLOOR_PIVOT_FADE_SHORT,"real: stop=26 target=35",165,125,33.60,53.60,12.80,131.86,125
FLOOR_PIVOT,SHORT,FLOOR_PIVOT_FADE_SHORT,"real: stop=26 target=35",170,125,42.40,44.80,12.80,104.61,125
FLOOR_PIVOT,SHORT,FLOOR_PIVOT_FADE_SHORT,"real: stop=26 target=35",175,125,34.40,52.80,12.80,120.20,125
FLOOR_PIVOT,SHORT,FLOOR_PIVOT_FADE_SHORT,"real: stop=26 target=35",180,125,32.00,52.00,16.00,88.56,125
FLOOR_PIVOT,SHORT,FLOOR_PIVOT_FADE_SHORT,"real: stop=26 target=35",185,125,31.20,53.60,15.20,99.08,125
FLOOR_PIVOT,SHORT,FLOOR_PIVOT_FADE_SHORT,"real: stop=26 target=35",190,125,24.00,60.80,15.20,108.99,125
FLOOR_PIVOT,SHORT,FLOOR_PIVOT_FADE_SHORT,"real: stop=26 target=35",195,125,30.40,55.20,14.40,76.63,125
FLOOR_PIVOT,SHORT,FLOOR_PIVOT_FADE_SHORT,"real: stop=26 target=35",200,125,27.20,58.40,14.40,85.05,125
FLOOR_PIVOT,SHORT,FLOOR_PIVOT_FADE_SHORT,"real: stop=26 target=35",205,125,28.80,54.40,16.80,90.01,125
FLOOR_PIVOT,SHORT,FLOOR_PIVOT_FADE_SHORT,"real: stop=26 target=35",210,125,28.80,54.40,16.80,111.46,125
FLOOR_PIVOT,SHORT,FLOOR_PIVOT_FADE_SHORT,"real: stop=26 target=35",215,125,28.00,52.80,19.20,69.25,125
FLOOR_PIVOT,SHORT,FLOOR_PIVOT_FADE_SHORT,"real: stop=26 target=35",220,125,32.80,47.20,20.00,83.99,125
FLOOR_PIVOT,SHORT,FLOOR_PIVOT_FADE_SHORT,"real: stop=26 target=35",225,123,21.95,58.54,19.51,78.96,123
FLOOR_PIVOT,SHORT,FLOOR_PIVOT_FADE_SHORT,"real: stop=26 target=35",230,123,30.08,48.78,21.14,77.99,123
FLOOR_PIVOT,SHORT,FLOOR_PIVOT_FADE_SHORT,"real: stop=26 target=35",235,123,31.71,47.97,20.33,70.99,123
FLOOR_PIVOT,SHORT,FLOOR_PIVOT_FADE_SHORT,"real: stop=26 target=35",240,123,30.89,47.97,21.14,69.61,123
FLOOR_R1,SHORT,FLOOR_R1_FADE_SHORT,"real: stop=32 target=37",0,113,43.36,55.75,0.88,184.38,113
FLOOR_R1,SHORT,FLOOR_R1_FADE_SHORT,"real: stop=32 target=37",5,113,48.67,50.44,0.88,166.65,113
FLOOR_R1,SHORT,FLOOR_R1_FADE_SHORT,"real: stop=32 target=37",10,113,46.90,52.21,0.88,198.12,113
FLOOR_R1,SHORT,FLOOR_R1_FADE_SHORT,"real: stop=32 target=37",15,113,47.79,51.33,0.88,160.07,113
FLOOR_R1,SHORT,FLOOR_R1_FADE_SHORT,"real: stop=32 target=37",20,112,43.75,55.36,0.89,120.97,112
FLOOR_R1,SHORT,FLOOR_R1_FADE_SHORT,"real: stop=32 target=37",25,112,53.57,45.54,0.89,161.89,112
FLOOR_R1,SHORT,FLOOR_R1_FADE_SHORT,"real: stop=32 target=37",30,112,42.86,56.25,0.89,156.78,112
FLOOR_R1,SHORT,FLOOR_R1_FADE_SHORT,"real: stop=32 target=37",35,112,50.00,49.11,0.89,142.21,112
FLOOR_R1,SHORT,FLOOR_R1_FADE_SHORT,"real: stop=32 target=37",40,112,41.07,57.14,1.79,136.86,112
FLOOR_R1,SHORT,FLOOR_R1_FADE_SHORT,"real: stop=32 target=37",45,112,42.86,55.36,1.79,175.39,112
FLOOR_R1,SHORT,FLOOR_R1_FADE_SHORT,"real: stop=32 target=37",50,112,44.64,52.68,2.68,181.95,112
FLOOR_R1,SHORT,FLOOR_R1_FADE_SHORT,"real: stop=32 target=37",55,112,50.89,46.43,2.68,130.11,112
FLOOR_R1,SHORT,FLOOR_R1_FADE_SHORT,"real: stop=32 target=37",60,112,48.21,50.00,1.79,147.94,112
FLOOR_R1,SHORT,FLOOR_R1_FADE_SHORT,"real: stop=32 target=37",65,112,50.89,46.43,2.68,170.14,112
FLOOR_R1,SHORT,FLOOR_R1_FADE_SHORT,"real: stop=32 target=37",70,112,49.11,48.21,2.68,148.43,112
FLOOR_R1,SHORT,FLOOR_R1_FADE_SHORT,"real: stop=32 target=37",75,112,44.64,53.57,1.79,119.03,112
FLOOR_R1,SHORT,FLOOR_R1_FADE_SHORT,"real: stop=32 target=37",80,112,46.43,51.79,1.79,114.70,112
FLOOR_R1,SHORT,FLOOR_R1_FADE_SHORT,"real: stop=32 target=37",85,112,36.61,61.61,1.79,139.77,112
FLOOR_R1,SHORT,FLOOR_R1_FADE_SHORT,"real: stop=32 target=37",90,112,41.96,54.46,3.57,119.51,112
FLOOR_R1,SHORT,FLOOR_R1_FADE_SHORT,"real: stop=32 target=37",95,112,46.43,51.79,1.79,129.37,112
FLOOR_R1,SHORT,FLOOR_R1_FADE_SHORT,"real: stop=32 target=37",100,111,37.84,59.46,2.70,113.57,111
FLOOR_R1,SHORT,FLOOR_R1_FADE_SHORT,"real: stop=32 target=37",105,111,36.04,60.36,3.60,78.72,111
FLOOR_R1,SHORT,FLOOR_R1_FADE_SHORT,"real: stop=32 target=37",110,111,36.94,58.56,4.50,94.74,111
FLOOR_R1,SHORT,FLOOR_R1_FADE_SHORT,"real: stop=32 target=37",115,111,38.74,55.86,5.41,111.59,111
FLOOR_R1,SHORT,FLOOR_R1_FADE_SHORT,"real: stop=32 target=37",120,111,41.44,54.05,4.50,86.55,111
FLOOR_R1,SHORT,FLOOR_R1_FADE_SHORT,"real: stop=32 target=37",125,111,42.34,51.35,6.31,116.94,111
FLOOR_R1,SHORT,FLOOR_R1_FADE_SHORT,"real: stop=32 target=37",130,111,45.05,49.55,5.41,121.36,111
FLOOR_R1,SHORT,FLOOR_R1_FADE_SHORT,"real: stop=32 target=37",135,111,41.44,53.15,5.41,111.14,111
FLOOR_R1,SHORT,FLOOR_R1_FADE_SHORT,"real: stop=32 target=37",140,111,46.85,45.95,7.21,101.93,111
FLOOR_R1,SHORT,FLOOR_R1_FADE_SHORT,"real: stop=32 target=37",145,111,41.44,50.45,8.11,98.64,111
FLOOR_R1,SHORT,FLOOR_R1_FADE_SHORT,"real: stop=32 target=37",150,111,40.54,52.25,7.21,88.68,111
FLOOR_R1,SHORT,FLOOR_R1_FADE_SHORT,"real: stop=32 target=37",155,111,45.05,48.65,6.31,100.77,111
FLOOR_R1,SHORT,FLOOR_R1_FADE_SHORT,"real: stop=32 target=37",160,111,39.64,53.15,7.21,107.10,111
FLOOR_R1,SHORT,FLOOR_R1_FADE_SHORT,"real: stop=32 target=37",165,110,43.64,50.00,6.36,104.67,110
FLOOR_R1,SHORT,FLOOR_R1_FADE_SHORT,"real: stop=32 target=37",170,110,44.55,48.18,7.27,100.21,110
FLOOR_R1,SHORT,FLOOR_R1_FADE_SHORT,"real: stop=32 target=37",175,110,47.27,43.64,9.09,88.75,110
FLOOR_R1,SHORT,FLOOR_R1_FADE_SHORT,"real: stop=32 target=37",180,110,45.45,47.27,7.27,85.00,110
FLOOR_R1,SHORT,FLOOR_R1_FADE_SHORT,"real: stop=32 target=37",185,110,44.55,48.18,7.27,77.52,110
FLOOR_R1,SHORT,FLOOR_R1_FADE_SHORT,"real: stop=32 target=37",190,110,40.91,50.91,8.18,60.05,110
FLOOR_R1,SHORT,FLOOR_R1_FADE_SHORT,"real: stop=32 target=37",195,110,40.91,50.00,9.09,71.53,110
FLOOR_R1,SHORT,FLOOR_R1_FADE_SHORT,"real: stop=32 target=37",200,110,39.09,52.73,8.18,58.26,110
FLOOR_R1,SHORT,FLOOR_R1_FADE_SHORT,"real: stop=32 target=37",205,110,43.64,45.45,10.91,65.96,110
FLOOR_R1,SHORT,FLOOR_R1_FADE_SHORT,"real: stop=32 target=37",210,110,46.36,40.91,12.73,84.90,110
FLOOR_R1,SHORT,FLOOR_R1_FADE_SHORT,"real: stop=32 target=37",215,110,37.27,51.82,10.91,68.32,110
FLOOR_R1,SHORT,FLOOR_R1_FADE_SHORT,"real: stop=32 target=37",220,110,41.82,44.55,13.64,75.26,110
FLOOR_R1,SHORT,FLOOR_R1_FADE_SHORT,"real: stop=32 target=37",225,110,42.73,44.55,12.73,63.95,110
FLOOR_R1,SHORT,FLOOR_R1_FADE_SHORT,"real: stop=32 target=37",230,110,45.45,40.91,13.64,65.78,110
FLOOR_R1,SHORT,FLOOR_R1_FADE_SHORT,"real: stop=32 target=37",235,110,46.36,40.91,12.73,69.31,110
FLOOR_R1,SHORT,FLOOR_R1_FADE_SHORT,"real: stop=32 target=37",240,110,45.45,40.91,13.64,56.99,110
FLOOR_R2,SHORT,FLOOR_R2_FADE_SHORT,"real: stop=37 target=38",0,58,53.45,46.55,0.00,107.17,58
FLOOR_R2,SHORT,FLOOR_R2_FADE_SHORT,"real: stop=37 target=38",5,58,39.66,60.34,0.00,69.45,58
FLOOR_R2,SHORT,FLOOR_R2_FADE_SHORT,"real: stop=37 target=38",10,58,50.00,50.00,0.00,86.18,58
FLOOR_R2,SHORT,FLOOR_R2_FADE_SHORT,"real: stop=37 target=38",15,58,44.83,53.45,1.72,85.90,58
FLOOR_R2,SHORT,FLOOR_R2_FADE_SHORT,"real: stop=37 target=38",20,58,48.28,46.55,5.17,85.79,58
FLOOR_R2,SHORT,FLOOR_R2_FADE_SHORT,"real: stop=37 target=38",25,58,48.28,46.55,5.17,68.80,58
FLOOR_R2,SHORT,FLOOR_R2_FADE_SHORT,"real: stop=37 target=38",30,58,56.90,36.21,6.90,72.20,58
FLOOR_R2,SHORT,FLOOR_R2_FADE_SHORT,"real: stop=37 target=38",35,58,53.45,39.66,6.90,79.29,58
FLOOR_R2,SHORT,FLOOR_R2_FADE_SHORT,"real: stop=37 target=38",40,58,55.17,34.48,10.34,60.49,58
FLOOR_R2,SHORT,FLOOR_R2_FADE_SHORT,"real: stop=37 target=38",45,58,50.00,39.66,10.34,78.73,58
FLOOR_R2,SHORT,FLOOR_R2_FADE_SHORT,"real: stop=37 target=38",50,58,46.55,43.10,10.34,73.92,58
FLOOR_R2,SHORT,FLOOR_R2_FADE_SHORT,"real: stop=37 target=38",55,58,56.90,31.03,12.07,77.28,58
FLOOR_R2,SHORT,FLOOR_R2_FADE_SHORT,"real: stop=37 target=38",60,58,44.83,41.38,13.79,60.39,58
FLOOR_R2,SHORT,FLOOR_R2_FADE_SHORT,"real: stop=37 target=38",65,58,44.83,43.10,12.07,78.46,58
FLOOR_R2,SHORT,FLOOR_R2_FADE_SHORT,"real: stop=37 target=38",70,58,36.21,50.00,13.79,67.17,58
FLOOR_R2,SHORT,FLOOR_R2_FADE_SHORT,"real: stop=37 target=38",75,58,43.10,43.10,13.79,72.67,58
FLOOR_R2,SHORT,FLOOR_R2_FADE_SHORT,"real: stop=37 target=38",80,58,37.93,48.28,13.79,67.40,58
FLOOR_R2,SHORT,FLOOR_R2_FADE_SHORT,"real: stop=37 target=38",85,58,41.38,44.83,13.79,52.13,58
FLOOR_R2,SHORT,FLOOR_R2_FADE_SHORT,"real: stop=37 target=38",90,58,43.10,43.10,13.79,58.82,58
FLOOR_R2,SHORT,FLOOR_R2_FADE_SHORT,"real: stop=37 target=38",95,58,37.93,44.83,17.24,63.27,58
FLOOR_R2,SHORT,FLOOR_R2_FADE_SHORT,"real: stop=37 target=38",100,57,40.35,45.61,14.04,43.66,57
FLOOR_R2,SHORT,FLOOR_R2_FADE_SHORT,"real: stop=37 target=38",105,57,43.86,42.11,14.04,53.58,57
FLOOR_R2,SHORT,FLOOR_R2_FADE_SHORT,"real: stop=37 target=38",110,57,40.35,47.37,12.28,49.58,57
FLOOR_R2,SHORT,FLOOR_R2_FADE_SHORT,"real: stop=37 target=38",115,57,47.37,36.84,15.79,45.41,57
FLOOR_R2,SHORT,FLOOR_R2_FADE_SHORT,"real: stop=37 target=38",120,57,33.33,47.37,19.30,47.59,57
FLOOR_R2,SHORT,FLOOR_R2_FADE_SHORT,"real: stop=37 target=38",125,57,29.82,49.12,21.05,50.59,57
FLOOR_R2,SHORT,FLOOR_R2_FADE_SHORT,"real: stop=37 target=38",130,57,26.32,56.14,17.54,55.88,57
FLOOR_R2,SHORT,FLOOR_R2_FADE_SHORT,"real: stop=37 target=38",135,57,29.82,49.12,21.05,46.56,57
FLOOR_R2,SHORT,FLOOR_R2_FADE_SHORT,"real: stop=37 target=38",140,57,43.86,36.84,19.30,44.48,57
FLOOR_R2,SHORT,FLOOR_R2_FADE_SHORT,"real: stop=37 target=38",145,57,38.60,43.86,17.54,42.75,57
FLOOR_R2,SHORT,FLOOR_R2_FADE_SHORT,"real: stop=37 target=38",150,57,40.35,40.35,19.30,44.54,57
FLOOR_R2,SHORT,FLOOR_R2_FADE_SHORT,"real: stop=37 target=38",155,57,38.60,38.60,22.81,47.55,57
FLOOR_R2,SHORT,FLOOR_R2_FADE_SHORT,"real: stop=37 target=38",160,57,33.33,43.86,22.81,49.99,57
FLOOR_R2,SHORT,FLOOR_R2_FADE_SHORT,"real: stop=37 target=38",165,56,35.71,44.64,19.64,49.41,56
FLOOR_R2,SHORT,FLOOR_R2_FADE_SHORT,"real: stop=37 target=38",170,56,33.93,46.43,19.64,47.38,56
FLOOR_R2,SHORT,FLOOR_R2_FADE_SHORT,"real: stop=37 target=38",175,56,35.71,42.86,21.43,57.17,56
FLOOR_R2,SHORT,FLOOR_R2_FADE_SHORT,"real: stop=37 target=38",180,56,32.14,48.21,19.64,42.35,56
FLOOR_R2,SHORT,FLOOR_R2_FADE_SHORT,"real: stop=37 target=38",185,56,37.50,41.07,21.43,41.40,56
FLOOR_R2,SHORT,FLOOR_R2_FADE_SHORT,"real: stop=37 target=38",190,56,33.93,44.64,21.43,40.21,56
FLOOR_R2,SHORT,FLOOR_R2_FADE_SHORT,"real: stop=37 target=38",195,56,41.07,32.14,26.79,42.49,56
FLOOR_R2,SHORT,FLOOR_R2_FADE_SHORT,"real: stop=37 target=38",200,56,48.21,28.57,23.21,40.41,56
FLOOR_R2,SHORT,FLOOR_R2_FADE_SHORT,"real: stop=37 target=38",205,56,39.29,32.14,28.57,36.68,56
FLOOR_R2,SHORT,FLOOR_R2_FADE_SHORT,"real: stop=37 target=38",210,56,35.71,33.93,30.36,41.59,56
FLOOR_R2,SHORT,FLOOR_R2_FADE_SHORT,"real: stop=37 target=38",215,56,30.36,33.93,35.71,39.37,56
FLOOR_R2,SHORT,FLOOR_R2_FADE_SHORT,"real: stop=37 target=38",220,56,35.71,28.57,35.71,41.52,56
FLOOR_R2,SHORT,FLOOR_R2_FADE_SHORT,"real: stop=37 target=38",225,56,32.14,30.36,37.50,36.78,56
FLOOR_R2,SHORT,FLOOR_R2_FADE_SHORT,"real: stop=37 target=38",230,55,34.55,27.27,38.18,42.64,55
FLOOR_R2,SHORT,FLOOR_R2_FADE_SHORT,"real: stop=37 target=38",235,55,30.91,29.09,40.00,47.78,55
FLOOR_R2,SHORT,FLOOR_R2_FADE_SHORT,"real: stop=37 target=38",240,55,29.09,30.91,40.00,39.81,55
FLOOR_R3,SHORT,FLOOR_R3_FADE_SHORT,"real: stop=37 target=38",0,16,25.00,62.50,12.50,33.50,16
FLOOR_R3,SHORT,FLOOR_R3_FADE_SHORT,"real: stop=37 target=38",5,16,37.50,50.00,12.50,128.79,16
FLOOR_R3,SHORT,FLOOR_R3_FADE_SHORT,"real: stop=37 target=38",10,16,37.50,43.75,18.75,92.71,16
FLOOR_R3,SHORT,FLOOR_R3_FADE_SHORT,"real: stop=37 target=38",15,16,62.50,18.75,18.75,104.03,16
FLOOR_R3,SHORT,FLOOR_R3_FADE_SHORT,"real: stop=37 target=38",20,16,31.25,50.00,18.75,84.95,16
FLOOR_R3,SHORT,FLOOR_R3_FADE_SHORT,"real: stop=37 target=38",25,16,43.75,37.50,18.75,134.79,16
FLOOR_R3,SHORT,FLOOR_R3_FADE_SHORT,"real: stop=37 target=38",30,16,31.25,50.00,18.75,93.25,16
FLOOR_R3,SHORT,FLOOR_R3_FADE_SHORT,"real: stop=37 target=38",35,16,50.00,31.25,18.75,114.84,16
FLOOR_R3,SHORT,FLOOR_R3_FADE_SHORT,"real: stop=37 target=38",40,16,68.75,12.50,18.75,66.20,16
FLOOR_R3,SHORT,FLOOR_R3_FADE_SHORT,"real: stop=37 target=38",45,16,62.50,18.75,18.75,102.70,16
FLOOR_R3,SHORT,FLOOR_R3_FADE_SHORT,"real: stop=37 target=38",50,16,43.75,37.50,18.75,84.39,16
FLOOR_R3,SHORT,FLOOR_R3_FADE_SHORT,"real: stop=37 target=38",55,16,25.00,50.00,25.00,103.81,16
FLOOR_R3,SHORT,FLOOR_R3_FADE_SHORT,"real: stop=37 target=38",60,16,43.75,31.25,25.00,51.07,16
FLOOR_R3,SHORT,FLOOR_R3_FADE_SHORT,"real: stop=37 target=38",65,16,43.75,31.25,25.00,96.89,16
FLOOR_R3,SHORT,FLOOR_R3_FADE_SHORT,"real: stop=37 target=38",70,16,25.00,50.00,25.00,58.88,16
FLOOR_R3,SHORT,FLOOR_R3_FADE_SHORT,"real: stop=37 target=38",75,16,18.75,56.25,25.00,66.50,16
FLOOR_R3,SHORT,FLOOR_R3_FADE_SHORT,"real: stop=37 target=38",80,16,31.25,43.75,25.00,49.35,16
FLOOR_R3,SHORT,FLOOR_R3_FADE_SHORT,"real: stop=37 target=38",85,16,43.75,31.25,25.00,58.86,16
FLOOR_R3,SHORT,FLOOR_R3_FADE_SHORT,"real: stop=37 target=38",90,16,43.75,31.25,25.00,56.68,16
FLOOR_R3,SHORT,FLOOR_R3_FADE_SHORT,"real: stop=37 target=38",95,16,43.75,31.25,25.00,66.14,16
FLOOR_R3,SHORT,FLOOR_R3_FADE_SHORT,"real: stop=37 target=38",100,16,31.25,43.75,25.00,64.00,16
FLOOR_R3,SHORT,FLOOR_R3_FADE_SHORT,"real: stop=37 target=38",105,16,37.50,37.50,25.00,73.92,16
FLOOR_R3,SHORT,FLOOR_R3_FADE_SHORT,"real: stop=37 target=38",110,16,56.25,18.75,25.00,73.47,16
FLOOR_R3,SHORT,FLOOR_R3_FADE_SHORT,"real: stop=37 target=38",115,16,31.25,43.75,25.00,90.60,16
FLOOR_R3,SHORT,FLOOR_R3_FADE_SHORT,"real: stop=37 target=38",120,16,18.75,56.25,25.00,64.58,16
FLOOR_R3,SHORT,FLOOR_R3_FADE_SHORT,"real: stop=37 target=38",125,16,43.75,31.25,25.00,71.86,16
FLOOR_R3,SHORT,FLOOR_R3_FADE_SHORT,"real: stop=37 target=38",130,16,43.75,31.25,25.00,71.50,16
FLOOR_R3,SHORT,FLOOR_R3_FADE_SHORT,"real: stop=37 target=38",135,16,37.50,37.50,25.00,77.92,16
FLOOR_R3,SHORT,FLOOR_R3_FADE_SHORT,"real: stop=37 target=38",140,16,25.00,50.00,25.00,84.25,16
FLOOR_R3,SHORT,FLOOR_R3_FADE_SHORT,"real: stop=37 target=38",145,16,12.50,56.25,31.25,81.88,16
FLOOR_R3,SHORT,FLOOR_R3_FADE_SHORT,"real: stop=37 target=38",150,16,12.50,56.25,31.25,74.63,16
FLOOR_R3,SHORT,FLOOR_R3_FADE_SHORT,"real: stop=37 target=38",155,16,31.25,37.50,31.25,35.65,16
FLOOR_R3,SHORT,FLOOR_R3_FADE_SHORT,"real: stop=37 target=38",160,16,25.00,43.75,31.25,60.75,16
FLOOR_R3,SHORT,FLOOR_R3_FADE_SHORT,"real: stop=37 target=38",165,16,25.00,43.75,31.25,44.75,16
FLOOR_R3,SHORT,FLOOR_R3_FADE_SHORT,"real: stop=37 target=38",170,16,18.75,43.75,37.50,50.50,16
FLOOR_R3,SHORT,FLOOR_R3_FADE_SHORT,"real: stop=37 target=38",175,16,31.25,25.00,43.75,55.70,16
FLOOR_R3,SHORT,FLOOR_R3_FADE_SHORT,"real: stop=37 target=38",180,16,18.75,37.50,43.75,43.75,16
FLOOR_R3,SHORT,FLOOR_R3_FADE_SHORT,"real: stop=37 target=38",185,16,25.00,31.25,43.75,69.25,16
FLOOR_R3,SHORT,FLOOR_R3_FADE_SHORT,"real: stop=37 target=38",190,16,25.00,31.25,43.75,70.13,16
FLOOR_R3,SHORT,FLOOR_R3_FADE_SHORT,"real: stop=37 target=38",195,15,40.00,20.00,40.00,83.17,15
FLOOR_R3,SHORT,FLOOR_R3_FADE_SHORT,"real: stop=37 target=38",200,15,40.00,20.00,40.00,63.42,15
FLOOR_R3,SHORT,FLOOR_R3_FADE_SHORT,"real: stop=37 target=38",205,15,46.67,13.33,40.00,65.29,15
FLOOR_R3,SHORT,FLOOR_R3_FADE_SHORT,"real: stop=37 target=38",210,15,40.00,13.33,46.67,50.21,15
FLOOR_R3,SHORT,FLOOR_R3_FADE_SHORT,"real: stop=37 target=38",215,15,26.67,26.67,46.67,62.06,15
FLOOR_R3,SHORT,FLOOR_R3_FADE_SHORT,"real: stop=37 target=38",220,15,33.33,20.00,46.67,40.55,15
FLOOR_R3,SHORT,FLOOR_R3_FADE_SHORT,"real: stop=37 target=38",225,15,40.00,13.33,46.67,30.96,15
FLOOR_R3,SHORT,FLOOR_R3_FADE_SHORT,"real: stop=37 target=38",230,15,33.33,20.00,46.67,28.55,15
FLOOR_R3,SHORT,FLOOR_R3_FADE_SHORT,"real: stop=37 target=38",235,15,33.33,20.00,46.67,21.60,15
FLOOR_R3,SHORT,FLOOR_R3_FADE_SHORT,"real: stop=37 target=38",240,14,14.29,35.71,50.00,27.88,14
FLOOR_S1,LONG,FLOOR_S1_FADE_LONG,"real: stop=32 target=37",0,91,59.34,40.66,0.00,144.98,91
FLOOR_S1,LONG,FLOOR_S1_FADE_LONG,"real: stop=32 target=37",5,91,48.35,50.55,1.10,128.94,91
FLOOR_S1,LONG,FLOOR_S1_FADE_LONG,"real: stop=32 target=37",10,91,42.86,56.04,1.10,134.04,91
FLOOR_S1,LONG,FLOOR_S1_FADE_LONG,"real: stop=32 target=37",15,91,42.86,56.04,1.10,173.49,91
FLOOR_S1,LONG,FLOOR_S1_FADE_LONG,"real: stop=32 target=37",20,91,48.35,50.55,1.10,141.88,91
FLOOR_S1,LONG,FLOOR_S1_FADE_LONG,"real: stop=32 target=37",25,91,45.05,53.85,1.10,170.60,91
FLOOR_S1,LONG,FLOOR_S1_FADE_LONG,"real: stop=32 target=37",30,91,47.25,51.65,1.10,146.47,91
FLOOR_S1,LONG,FLOOR_S1_FADE_LONG,"real: stop=32 target=37",35,91,49.45,49.45,1.10,158.03,91
FLOOR_S1,LONG,FLOOR_S1_FADE_LONG,"real: stop=32 target=37",40,91,48.35,50.55,1.10,146.38,91
FLOOR_S1,LONG,FLOOR_S1_FADE_LONG,"real: stop=32 target=37",45,91,47.25,51.65,1.10,159.81,91
FLOOR_S1,LONG,FLOOR_S1_FADE_LONG,"real: stop=32 target=37",50,91,43.96,54.95,1.10,143.35,91
FLOOR_S1,LONG,FLOOR_S1_FADE_LONG,"real: stop=32 target=37",55,91,47.25,51.65,1.10,132.24,91
FLOOR_S1,LONG,FLOOR_S1_FADE_LONG,"real: stop=32 target=37",60,91,50.55,48.35,1.10,148.20,91
FLOOR_S1,LONG,FLOOR_S1_FADE_LONG,"real: stop=32 target=37",65,91,51.65,47.25,1.10,151.64,91
FLOOR_S1,LONG,FLOOR_S1_FADE_LONG,"real: stop=32 target=37",70,91,48.35,50.55,1.10,144.36,91
FLOOR_S1,LONG,FLOOR_S1_FADE_LONG,"real: stop=32 target=37",75,91,42.86,53.85,3.30,169.43,91
FLOOR_S1,LONG,FLOOR_S1_FADE_LONG,"real: stop=32 target=37",80,91,49.45,47.25,3.30,148.40,91
FLOOR_S1,LONG,FLOOR_S1_FADE_LONG,"real: stop=32 target=37",85,91,42.86,53.85,3.30,145.09,91
FLOOR_S1,LONG,FLOOR_S1_FADE_LONG,"real: stop=32 target=37",90,91,42.86,53.85,3.30,112.84,91
FLOOR_S1,LONG,FLOOR_S1_FADE_LONG,"real: stop=32 target=37",95,91,42.86,53.85,3.30,125.13,91
FLOOR_S1,LONG,FLOOR_S1_FADE_LONG,"real: stop=32 target=37",100,91,42.86,52.75,4.40,118.10,91
FLOOR_S1,LONG,FLOOR_S1_FADE_LONG,"real: stop=32 target=37",105,90,45.56,51.11,3.33,125.59,90
FLOOR_S1,LONG,FLOOR_S1_FADE_LONG,"real: stop=32 target=37",110,90,44.44,52.22,3.33,111.69,90
FLOOR_S1,LONG,FLOOR_S1_FADE_LONG,"real: stop=32 target=37",115,90,40.00,56.67,3.33,134.37,90
FLOOR_S1,LONG,FLOOR_S1_FADE_LONG,"real: stop=32 target=37",120,90,43.33,53.33,3.33,129.48,90
FLOOR_S1,LONG,FLOOR_S1_FADE_LONG,"real: stop=32 target=37",125,90,43.33,53.33,3.33,115.81,90
FLOOR_S1,LONG,FLOOR_S1_FADE_LONG,"real: stop=32 target=37",130,90,38.89,57.78,3.33,117.58,90
FLOOR_S1,LONG,FLOOR_S1_FADE_LONG,"real: stop=32 target=37",135,90,45.56,51.11,3.33,83.64,90
FLOOR_S1,LONG,FLOOR_S1_FADE_LONG,"real: stop=32 target=37",140,89,41.57,55.06,3.37,106.22,89
FLOOR_S1,LONG,FLOOR_S1_FADE_LONG,"real: stop=32 target=37",145,89,46.07,49.44,4.49,99.92,89
FLOOR_S1,LONG,FLOOR_S1_FADE_LONG,"real: stop=32 target=37",150,88,35.23,61.36,3.41,109.04,88
FLOOR_S1,LONG,FLOOR_S1_FADE_LONG,"real: stop=32 target=37",155,88,45.45,51.14,3.41,93.91,88
FLOOR_S1,LONG,FLOOR_S1_FADE_LONG,"real: stop=32 target=37",160,88,50.00,44.32,5.68,107.20,88
FLOOR_S1,LONG,FLOOR_S1_FADE_LONG,"real: stop=32 target=37",165,88,35.23,55.68,9.09,98.45,88
FLOOR_S1,LONG,FLOOR_S1_FADE_LONG,"real: stop=32 target=37",170,88,42.05,47.73,10.23,99.32,88
FLOOR_S1,LONG,FLOOR_S1_FADE_LONG,"real: stop=32 target=37",175,88,44.32,45.45,10.23,95.10,88
FLOOR_S1,LONG,FLOOR_S1_FADE_LONG,"real: stop=32 target=37",180,88,39.77,46.59,13.64,94.89,88
FLOOR_S1,LONG,FLOOR_S1_FADE_LONG,"real: stop=32 target=37",185,88,46.59,40.91,12.50,89.67,88
FLOOR_S1,LONG,FLOOR_S1_FADE_LONG,"real: stop=32 target=37",190,88,39.77,46.59,13.64,121.34,88
FLOOR_S1,LONG,FLOOR_S1_FADE_LONG,"real: stop=32 target=37",195,88,36.36,50.00,13.64,111.59,88
FLOOR_S1,LONG,FLOOR_S1_FADE_LONG,"real: stop=32 target=37",200,88,38.64,45.45,15.91,100.85,88
FLOOR_S1,LONG,FLOOR_S1_FADE_LONG,"real: stop=32 target=37",205,88,40.91,45.45,13.64,83.26,88
FLOOR_S1,LONG,FLOOR_S1_FADE_LONG,"real: stop=32 target=37",210,87,40.23,41.38,18.39,96.52,87
FLOOR_S1,LONG,FLOOR_S1_FADE_LONG,"real: stop=32 target=37",215,87,28.74,54.02,17.24,87.03,87
FLOOR_S1,LONG,FLOOR_S1_FADE_LONG,"real: stop=32 target=37",220,87,35.63,47.13,17.24,75.31,87
FLOOR_S1,LONG,FLOOR_S1_FADE_LONG,"real: stop=32 target=37",225,86,37.21,45.35,17.44,95.38,86
FLOOR_S1,LONG,FLOOR_S1_FADE_LONG,"real: stop=32 target=37",230,86,34.88,46.51,18.60,83.73,86
FLOOR_S1,LONG,FLOOR_S1_FADE_LONG,"real: stop=32 target=37",235,86,30.23,47.67,22.09,79.35,86
FLOOR_S1,LONG,FLOOR_S1_FADE_LONG,"real: stop=32 target=37",240,86,34.88,44.19,20.93,87.20,86
FLOOR_S2,LONG,FLOOR_S2_FADE_LONG,"real: stop=37 target=38",0,61,50.82,49.18,0.00,179.52,61
FLOOR_S2,LONG,FLOOR_S2_FADE_LONG,"real: stop=37 target=38",5,61,49.18,50.82,0.00,166.80,61
FLOOR_S2,LONG,FLOOR_S2_FADE_LONG,"real: stop=37 target=38",10,61,45.90,52.46,1.64,177.34,61
FLOOR_S2,LONG,FLOOR_S2_FADE_LONG,"real: stop=37 target=38",15,61,42.62,55.74,1.64,172.34,61
FLOOR_S2,LONG,FLOOR_S2_FADE_LONG,"real: stop=37 target=38",20,61,42.62,55.74,1.64,164.49,61
FLOOR_S2,LONG,FLOOR_S2_FADE_LONG,"real: stop=37 target=38",25,61,40.98,55.74,3.28,150.96,61
FLOOR_S2,LONG,FLOOR_S2_FADE_LONG,"real: stop=37 target=38",30,61,54.10,40.98,4.92,147.30,61
FLOOR_S2,LONG,FLOOR_S2_FADE_LONG,"real: stop=37 target=38",35,61,50.82,44.26,4.92,149.86,61
FLOOR_S2,LONG,FLOOR_S2_FADE_LONG,"real: stop=37 target=38",40,61,40.98,52.46,6.56,139.57,61
FLOOR_S2,LONG,FLOOR_S2_FADE_LONG,"real: stop=37 target=38",45,61,42.62,50.82,6.56,188.48,61
FLOOR_S2,LONG,FLOOR_S2_FADE_LONG,"real: stop=37 target=38",50,61,45.90,47.54,6.56,188.97,61
FLOOR_S2,LONG,FLOOR_S2_FADE_LONG,"real: stop=37 target=38",55,61,49.18,42.62,8.20,162.92,61
FLOOR_S2,LONG,FLOOR_S2_FADE_LONG,"real: stop=37 target=38",60,61,42.62,49.18,8.20,151.30,61
FLOOR_S2,LONG,FLOOR_S2_FADE_LONG,"real: stop=37 target=38",65,61,37.70,54.10,8.20,171.33,61
FLOOR_S2,LONG,FLOOR_S2_FADE_LONG,"real: stop=37 target=38",70,61,49.18,42.62,8.20,140.92,61
FLOOR_S2,LONG,FLOOR_S2_FADE_LONG,"real: stop=37 target=38",75,61,44.26,47.54,8.20,153.20,61
FLOOR_S2,LONG,FLOOR_S2_FADE_LONG,"real: stop=37 target=38",80,61,40.98,50.82,8.20,162.27,61
FLOOR_S2,LONG,FLOOR_S2_FADE_LONG,"real: stop=37 target=38",85,61,40.98,50.82,8.20,159.51,61
FLOOR_S2,LONG,FLOOR_S2_FADE_LONG,"real: stop=37 target=38",90,61,32.79,57.38,9.84,157.71,61
FLOOR_S2,LONG,FLOOR_S2_FADE_LONG,"real: stop=37 target=38",95,61,40.98,49.18,9.84,159.32,61
FLOOR_S2,LONG,FLOOR_S2_FADE_LONG,"real: stop=37 target=38",100,61,36.07,54.10,9.84,152.10,61
FLOOR_S2,LONG,FLOOR_S2_FADE_LONG,"real: stop=37 target=38",105,61,40.98,49.18,9.84,131.83,61
FLOOR_S2,LONG,FLOOR_S2_FADE_LONG,"real: stop=37 target=38",110,61,40.98,49.18,9.84,150.24,61
FLOOR_S2,LONG,FLOOR_S2_FADE_LONG,"real: stop=37 target=38",115,61,39.34,47.54,13.11,139.13,61
FLOOR_S2,LONG,FLOOR_S2_FADE_LONG,"real: stop=37 target=38",120,61,42.62,45.90,11.48,103.28,61
FLOOR_S2,LONG,FLOOR_S2_FADE_LONG,"real: stop=37 target=38",125,60,40.00,48.33,11.67,143.70,60
FLOOR_S2,LONG,FLOOR_S2_FADE_LONG,"real: stop=37 target=38",130,60,43.33,43.33,13.33,117.45,60
FLOOR_S2,LONG,FLOOR_S2_FADE_LONG,"real: stop=37 target=38",135,60,43.33,43.33,13.33,135.63,60
FLOOR_S2,LONG,FLOOR_S2_FADE_LONG,"real: stop=37 target=38",140,60,48.33,38.33,13.33,141.06,60
FLOOR_S2,LONG,FLOOR_S2_FADE_LONG,"real: stop=37 target=38",145,60,45.00,41.67,13.33,132.95,60
FLOOR_S2,LONG,FLOOR_S2_FADE_LONG,"real: stop=37 target=38",150,60,43.33,43.33,13.33,120.71,60
FLOOR_S2,LONG,FLOOR_S2_FADE_LONG,"real: stop=37 target=38",155,60,48.33,38.33,13.33,136.12,60
FLOOR_S2,LONG,FLOOR_S2_FADE_LONG,"real: stop=37 target=38",160,60,45.00,40.00,15.00,110.16,60
FLOOR_S2,LONG,FLOOR_S2_FADE_LONG,"real: stop=37 target=38",165,60,28.33,55.00,16.67,85.04,60
FLOOR_S2,LONG,FLOOR_S2_FADE_LONG,"real: stop=37 target=38",170,60,38.33,48.33,13.33,87.48,60
FLOOR_S2,LONG,FLOOR_S2_FADE_LONG,"real: stop=37 target=38",175,60,35.00,48.33,16.67,91.23,60
FLOOR_S2,LONG,FLOOR_S2_FADE_LONG,"real: stop=37 target=38",180,60,41.67,41.67,16.67,96.16,60
FLOOR_S2,LONG,FLOOR_S2_FADE_LONG,"real: stop=37 target=38",185,60,38.33,45.00,16.67,80.01,60
FLOOR_S2,LONG,FLOOR_S2_FADE_LONG,"real: stop=37 target=38",190,60,43.33,38.33,18.33,95.16,60
FLOOR_S2,LONG,FLOOR_S2_FADE_LONG,"real: stop=37 target=38",195,59,42.37,40.68,16.95,119.77,59
FLOOR_S2,LONG,FLOOR_S2_FADE_LONG,"real: stop=37 target=38",200,59,37.29,44.07,18.64,104.60,59
FLOOR_S2,LONG,FLOOR_S2_FADE_LONG,"real: stop=37 target=38",205,59,30.51,49.15,20.34,128.85,59
FLOOR_S2,LONG,FLOOR_S2_FADE_LONG,"real: stop=37 target=38",210,59,30.51,47.46,22.03,115.58,59
FLOOR_S2,LONG,FLOOR_S2_FADE_LONG,"real: stop=37 target=38",215,59,38.98,38.98,22.03,111.40,59
FLOOR_S2,LONG,FLOOR_S2_FADE_LONG,"real: stop=37 target=38",220,59,32.20,45.76,22.03,107.75,59
FLOOR_S2,LONG,FLOOR_S2_FADE_LONG,"real: stop=37 target=38",225,59,23.73,54.24,22.03,125.93,59
FLOOR_S2,LONG,FLOOR_S2_FADE_LONG,"real: stop=37 target=38",230,59,30.51,47.46,22.03,66.36,59
FLOOR_S2,LONG,FLOOR_S2_FADE_LONG,"real: stop=37 target=38",235,59,35.59,42.37,22.03,89.76,59
FLOOR_S2,LONG,FLOOR_S2_FADE_LONG,"real: stop=37 target=38",240,59,27.12,50.85,22.03,77.14,59
FLOOR_S3,LONG,FLOOR_S3_FADE_LONG,"real: stop=37 target=38",0,37,78.38,18.92,2.70,193.03,37
FLOOR_S3,LONG,FLOOR_S3_FADE_LONG,"real: stop=37 target=38",5,37,48.65,48.65,2.70,211.56,37
FLOOR_S3,LONG,FLOOR_S3_FADE_LONG,"real: stop=37 target=38",10,37,45.95,54.05,0.00,225.22,37
FLOOR_S3,LONG,FLOOR_S3_FADE_LONG,"real: stop=37 target=38",15,37,37.84,59.46,2.70,188.02,37
FLOOR_S3,LONG,FLOOR_S3_FADE_LONG,"real: stop=37 target=38",20,37,48.65,48.65,2.70,136.67,37
FLOOR_S3,LONG,FLOOR_S3_FADE_LONG,"real: stop=37 target=38",25,37,59.46,35.14,5.41,132.47,37
FLOOR_S3,LONG,FLOOR_S3_FADE_LONG,"real: stop=37 target=38",30,37,62.16,35.14,2.70,161.78,37
FLOOR_S3,LONG,FLOOR_S3_FADE_LONG,"real: stop=37 target=38",35,37,59.46,37.84,2.70,147.99,37
FLOOR_S3,LONG,FLOOR_S3_FADE_LONG,"real: stop=37 target=38",40,37,75.68,21.62,2.70,141.63,37
FLOOR_S3,LONG,FLOOR_S3_FADE_LONG,"real: stop=37 target=38",45,37,64.86,27.03,8.11,133.63,37
FLOOR_S3,LONG,FLOOR_S3_FADE_LONG,"real: stop=37 target=38",50,37,64.86,29.73,5.41,157.57,37
FLOOR_S3,LONG,FLOOR_S3_FADE_LONG,"real: stop=37 target=38",55,37,59.46,35.14,5.41,130.03,37
FLOOR_S3,LONG,FLOOR_S3_FADE_LONG,"real: stop=37 target=38",60,37,51.35,40.54,8.11,158.74,37
FLOOR_S3,LONG,FLOOR_S3_FADE_LONG,"real: stop=37 target=38",65,37,27.03,64.86,8.11,126.55,37
FLOOR_S3,LONG,FLOOR_S3_FADE_LONG,"real: stop=37 target=38",70,37,35.14,56.76,8.11,188.50,37
FLOOR_S3,LONG,FLOOR_S3_FADE_LONG,"real: stop=37 target=38",75,37,37.84,54.05,8.11,109.29,37
FLOOR_S3,LONG,FLOOR_S3_FADE_LONG,"real: stop=37 target=38",80,37,45.95,45.95,8.11,139.76,37
FLOOR_S3,LONG,FLOOR_S3_FADE_LONG,"real: stop=37 target=38",85,37,37.84,54.05,8.11,222.71,37
FLOOR_S3,LONG,FLOOR_S3_FADE_LONG,"real: stop=37 target=38",90,37,35.14,56.76,8.11,124.19,37
FLOOR_S3,LONG,FLOOR_S3_FADE_LONG,"real: stop=37 target=38",95,37,35.14,56.76,8.11,155.42,37
FLOOR_S3,LONG,FLOOR_S3_FADE_LONG,"real: stop=37 target=38",100,37,29.73,62.16,8.11,171.25,37
FLOOR_S3,LONG,FLOOR_S3_FADE_LONG,"real: stop=37 target=38",105,37,29.73,62.16,8.11,152.25,37
FLOOR_S3,LONG,FLOOR_S3_FADE_LONG,"real: stop=37 target=38",110,37,35.14,56.76,8.11,169.08,37
FLOOR_S3,LONG,FLOOR_S3_FADE_LONG,"real: stop=37 target=38",115,37,48.65,43.24,8.11,151.78,37
FLOOR_S3,LONG,FLOOR_S3_FADE_LONG,"real: stop=37 target=38",120,36,50.00,44.44,5.56,137.86,36
FLOOR_S3,LONG,FLOOR_S3_FADE_LONG,"real: stop=37 target=38",125,36,36.11,58.33,5.56,123.40,36
FLOOR_S3,LONG,FLOOR_S3_FADE_LONG,"real: stop=37 target=38",130,36,44.44,50.00,5.56,96.47,36
FLOOR_S3,LONG,FLOOR_S3_FADE_LONG,"real: stop=37 target=38",135,36,44.44,50.00,5.56,154.44,36
FLOOR_S3,LONG,FLOOR_S3_FADE_LONG,"real: stop=37 target=38",140,35,31.43,65.71,2.86,142.89,35
FLOOR_S3,LONG,FLOOR_S3_FADE_LONG,"real: stop=37 target=38",145,35,37.14,60.00,2.86,122.27,35
FLOOR_S3,LONG,FLOOR_S3_FADE_LONG,"real: stop=37 target=38",150,35,45.71,51.43,2.86,123.28,35
FLOOR_S3,LONG,FLOOR_S3_FADE_LONG,"real: stop=37 target=38",155,35,40.00,57.14,2.86,132.00,35
FLOOR_S3,LONG,FLOOR_S3_FADE_LONG,"real: stop=37 target=38",160,35,34.29,62.86,2.86,125.33,35
FLOOR_S3,LONG,FLOOR_S3_FADE_LONG,"real: stop=37 target=38",165,35,31.43,65.71,2.86,106.84,35
FLOOR_S3,LONG,FLOOR_S3_FADE_LONG,"real: stop=37 target=38",170,35,40.00,57.14,2.86,108.30,35
FLOOR_S3,LONG,FLOOR_S3_FADE_LONG,"real: stop=37 target=38",175,35,40.00,57.14,2.86,140.25,35
FLOOR_S3,LONG,FLOOR_S3_FADE_LONG,"real: stop=37 target=38",180,35,48.57,48.57,2.86,93.24,35
FLOOR_S3,LONG,FLOOR_S3_FADE_LONG,"real: stop=37 target=38",185,35,37.14,60.00,2.86,99.02,35
FLOOR_S3,LONG,FLOOR_S3_FADE_LONG,"real: stop=37 target=38",190,35,42.86,54.29,2.86,109.22,35
FLOOR_S3,LONG,FLOOR_S3_FADE_LONG,"real: stop=37 target=38",195,35,45.71,48.57,5.71,94.50,35
FLOOR_S3,LONG,FLOOR_S3_FADE_LONG,"real: stop=37 target=38",200,35,48.57,45.71,5.71,72.50,35
FLOOR_S3,LONG,FLOOR_S3_FADE_LONG,"real: stop=37 target=38",205,35,45.71,45.71,8.57,90.11,35
FLOOR_S3,LONG,FLOOR_S3_FADE_LONG,"real: stop=37 target=38",210,35,45.71,42.86,11.43,89.97,35
FLOOR_S3,LONG,FLOOR_S3_FADE_LONG,"real: stop=37 target=38",215,35,48.57,40.00,11.43,82.99,35
FLOOR_S3,LONG,FLOOR_S3_FADE_LONG,"real: stop=37 target=38",220,35,42.86,45.71,11.43,74.50,35
FLOOR_S3,LONG,FLOOR_S3_FADE_LONG,"real: stop=37 target=38",225,35,45.71,40.00,14.29,73.86,35
FLOOR_S3,LONG,FLOOR_S3_FADE_LONG,"real: stop=37 target=38",230,35,45.71,40.00,14.29,63.88,35
FLOOR_S3,LONG,FLOOR_S3_FADE_LONG,"real: stop=37 target=38",235,35,45.71,42.86,11.43,55.52,35
FLOOR_S3,LONG,FLOOR_S3_FADE_LONG,"real: stop=37 target=38",240,35,31.43,57.14,11.43,68.36,35
CAM_R1,SHORT,CAM_R1_FADE_SHORT,"real: stop=21 target=40",0,133,33.83,64.66,1.50,153.41,133
CAM_R1,SHORT,CAM_R1_FADE_SHORT,"real: stop=21 target=40",5,133,36.09,63.16,0.75,128.94,133
CAM_R1,SHORT,CAM_R1_FADE_SHORT,"real: stop=21 target=40",10,133,30.83,67.67,1.50,155.57,133
CAM_R1,SHORT,CAM_R1_FADE_SHORT,"real: stop=21 target=40",15,133,34.59,63.91,1.50,171.32,133
CAM_R1,SHORT,CAM_R1_FADE_SHORT,"real: stop=21 target=40",20,133,33.83,64.66,1.50,186.36,133
CAM_R1,SHORT,CAM_R1_FADE_SHORT,"real: stop=21 target=40",25,133,30.83,66.92,2.26,180.70,133
CAM_R1,SHORT,CAM_R1_FADE_SHORT,"real: stop=21 target=40",30,133,26.32,71.43,2.26,134.75,133
CAM_R1,SHORT,CAM_R1_FADE_SHORT,"real: stop=21 target=40",35,133,26.32,70.68,3.01,135.11,133
CAM_R1,SHORT,CAM_R1_FADE_SHORT,"real: stop=21 target=40",40,133,33.08,64.66,2.26,172.13,133
CAM_R1,SHORT,CAM_R1_FADE_SHORT,"real: stop=21 target=40",45,133,27.07,70.68,2.26,142.60,133
CAM_R1,SHORT,CAM_R1_FADE_SHORT,"real: stop=21 target=40",50,133,23.31,74.44,2.26,139.37,133
CAM_R1,SHORT,CAM_R1_FADE_SHORT,"real: stop=21 target=40",55,133,27.82,69.17,3.01,144.81,133
CAM_R1,SHORT,CAM_R1_FADE_SHORT,"real: stop=21 target=40",60,133,27.07,69.92,3.01,140.62,133
CAM_R1,SHORT,CAM_R1_FADE_SHORT,"real: stop=21 target=40",65,133,23.31,73.68,3.01,112.42,133
CAM_R1,SHORT,CAM_R1_FADE_SHORT,"real: stop=21 target=40",70,133,30.83,66.17,3.01,128.77,133
CAM_R1,SHORT,CAM_R1_FADE_SHORT,"real: stop=21 target=40",75,133,27.82,68.42,3.76,156.57,133
CAM_R1,SHORT,CAM_R1_FADE_SHORT,"real: stop=21 target=40",80,133,30.08,64.66,5.26,127.84,133
CAM_R1,SHORT,CAM_R1_FADE_SHORT,"real: stop=21 target=40",85,133,28.57,66.17,5.26,172.74,133
CAM_R1,SHORT,CAM_R1_FADE_SHORT,"real: stop=21 target=40",90,133,34.59,60.90,4.51,133.92,133
CAM_R1,SHORT,CAM_R1_FADE_SHORT,"real: stop=21 target=40",95,133,27.82,66.92,5.26,141.11,133
CAM_R1,SHORT,CAM_R1_FADE_SHORT,"real: stop=21 target=40",100,133,35.34,60.15,4.51,96.06,133
CAM_R1,SHORT,CAM_R1_FADE_SHORT,"real: stop=21 target=40",105,133,36.09,58.65,5.26,108.06,133
CAM_R1,SHORT,CAM_R1_FADE_SHORT,"real: stop=21 target=40",110,133,33.83,61.65,4.51,120.83,133
CAM_R1,SHORT,CAM_R1_FADE_SHORT,"real: stop=21 target=40",115,133,28.57,65.41,6.02,130.11,133
CAM_R1,SHORT,CAM_R1_FADE_SHORT,"real: stop=21 target=40",120,133,32.33,62.41,5.26,112.06,133
CAM_R1,SHORT,CAM_R1_FADE_SHORT,"real: stop=21 target=40",125,133,19.55,74.44,6.02,114.08,133
CAM_R1,SHORT,CAM_R1_FADE_SHORT,"real: stop=21 target=40",130,133,26.32,67.67,6.02,111.25,133
CAM_R1,SHORT,CAM_R1_FADE_SHORT,"real: stop=21 target=40",135,133,25.56,69.17,5.26,89.54,133
CAM_R1,SHORT,CAM_R1_FADE_SHORT,"real: stop=21 target=40",140,133,27.07,65.41,7.52,90.93,133
CAM_R1,SHORT,CAM_R1_FADE_SHORT,"real: stop=21 target=40",145,133,26.32,66.92,6.77,108.94,133
CAM_R1,SHORT,CAM_R1_FADE_SHORT,"real: stop=21 target=40",150,133,29.32,63.16,7.52,98.11,133
CAM_R1,SHORT,CAM_R1_FADE_SHORT,"real: stop=21 target=40",155,133,22.56,69.17,8.27,103.63,133
CAM_R1,SHORT,CAM_R1_FADE_SHORT,"real: stop=21 target=40",160,133,24.06,66.92,9.02,90.21,133
CAM_R1,SHORT,CAM_R1_FADE_SHORT,"real: stop=21 target=40",165,133,33.08,57.14,9.77,111.97,133
CAM_R1,SHORT,CAM_R1_FADE_SHORT,"real: stop=21 target=40",170,133,35.34,53.38,11.28,104.77,133
CAM_R1,SHORT,CAM_R1_FADE_SHORT,"real: stop=21 target=40",175,133,34.59,53.38,12.03,95.60,133
CAM_R1,SHORT,CAM_R1_FADE_SHORT,"real: stop=21 target=40",180,132,27.27,62.12,10.61,79.20,132
CAM_R1,SHORT,CAM_R1_FADE_SHORT,"real: stop=21 target=40",185,132,29.55,60.61,9.85,84.39,132
CAM_R1,SHORT,CAM_R1_FADE_SHORT,"real: stop=21 target=40",190,132,21.97,67.42,10.61,85.01,132
CAM_R1,SHORT,CAM_R1_FADE_SHORT,"real: stop=21 target=40",195,131,31.30,58.02,10.69,75.76,131
CAM_R1,SHORT,CAM_R1_FADE_SHORT,"real: stop=21 target=40",200,131,26.72,61.83,11.45,85.36,131
CAM_R1,SHORT,CAM_R1_FADE_SHORT,"real: stop=21 target=40",205,131,32.06,55.73,12.21,73.55,131
CAM_R1,SHORT,CAM_R1_FADE_SHORT,"real: stop=21 target=40",210,131,29.01,58.02,12.98,95.80,131
CAM_R1,SHORT,CAM_R1_FADE_SHORT,"real: stop=21 target=40",215,130,23.85,61.54,14.62,65.06,130
CAM_R1,SHORT,CAM_R1_FADE_SHORT,"real: stop=21 target=40",220,129,23.26,62.79,13.95,82.88,129
CAM_R1,SHORT,CAM_R1_FADE_SHORT,"real: stop=21 target=40",225,128,20.31,62.50,17.19,84.88,128
CAM_R1,SHORT,CAM_R1_FADE_SHORT,"real: stop=21 target=40",230,128,25.00,57.81,17.19,88.84,128
CAM_R1,SHORT,CAM_R1_FADE_SHORT,"real: stop=21 target=40",235,128,22.66,60.94,16.41,78.39,128
CAM_R1,SHORT,CAM_R1_FADE_SHORT,"real: stop=21 target=40",240,128,23.44,58.59,17.97,75.08,128
CAM_R2,SHORT,CAM_R2_FADE_SHORT,"real: stop=24 target=40",0,136,42.65,57.35,0.00,173.90,136
CAM_R2,SHORT,CAM_R2_FADE_SHORT,"real: stop=24 target=40",5,136,33.82,64.71,1.47,155.96,136
CAM_R2,SHORT,CAM_R2_FADE_SHORT,"real: stop=24 target=40",10,136,30.15,68.38,1.47,227.63,136
CAM_R2,SHORT,CAM_R2_FADE_SHORT,"real: stop=24 target=40",15,136,37.50,60.29,2.21,147.90,136
CAM_R2,SHORT,CAM_R2_FADE_SHORT,"real: stop=24 target=40",20,136,30.88,66.18,2.94,211.39,136
CAM_R2,SHORT,CAM_R2_FADE_SHORT,"real: stop=24 target=40",25,136,35.29,61.76,2.94,207.19,136
CAM_R2,SHORT,CAM_R2_FADE_SHORT,"real: stop=24 target=40",30,136,31.62,66.18,2.21,166.50,136
CAM_R2,SHORT,CAM_R2_FADE_SHORT,"real: stop=24 target=40",35,136,32.35,63.97,3.68,124.84,136
CAM_R2,SHORT,CAM_R2_FADE_SHORT,"real: stop=24 target=40",40,136,35.29,61.76,2.94,191.23,136
CAM_R2,SHORT,CAM_R2_FADE_SHORT,"real: stop=24 target=40",45,136,30.15,65.44,4.41,155.32,136
CAM_R2,SHORT,CAM_R2_FADE_SHORT,"real: stop=24 target=40",50,136,31.62,64.71,3.68,150.98,136
CAM_R2,SHORT,CAM_R2_FADE_SHORT,"real: stop=24 target=40",55,136,36.03,61.03,2.94,161.84,136
CAM_R2,SHORT,CAM_R2_FADE_SHORT,"real: stop=24 target=40",60,136,33.09,63.24,3.68,132.36,136
CAM_R2,SHORT,CAM_R2_FADE_SHORT,"real: stop=24 target=40",65,136,31.62,64.71,3.68,141.05,136
CAM_R2,SHORT,CAM_R2_FADE_SHORT,"real: stop=24 target=40",70,136,30.15,66.18,3.68,131.30,136
CAM_R2,SHORT,CAM_R2_FADE_SHORT,"real: stop=24 target=40",75,136,33.09,62.50,4.41,155.95,136
CAM_R2,SHORT,CAM_R2_FADE_SHORT,"real: stop=24 target=40",80,136,39.71,56.62,3.68,126.94,136
CAM_R2,SHORT,CAM_R2_FADE_SHORT,"real: stop=24 target=40",85,136,33.09,61.76,5.15,159.02,136
CAM_R2,SHORT,CAM_R2_FADE_SHORT,"real: stop=24 target=40",90,136,31.62,63.97,4.41,108.79,136
CAM_R2,SHORT,CAM_R2_FADE_SHORT,"real: stop=24 target=40",95,136,34.56,61.03,4.41,98.36,136
CAM_R2,SHORT,CAM_R2_FADE_SHORT,"real: stop=24 target=40",100,136,30.15,64.71,5.15,99.79,136
CAM_R2,SHORT,CAM_R2_FADE_SHORT,"real: stop=24 target=40",105,136,37.50,57.35,5.15,108.61,136
CAM_R2,SHORT,CAM_R2_FADE_SHORT,"real: stop=24 target=40",110,136,34.56,58.82,6.62,117.84,136
CAM_R2,SHORT,CAM_R2_FADE_SHORT,"real: stop=24 target=40",115,136,34.56,58.82,6.62,113.29,136
CAM_R2,SHORT,CAM_R2_FADE_SHORT,"real: stop=24 target=40",120,136,33.09,60.29,6.62,141.63,136
CAM_R2,SHORT,CAM_R2_FADE_SHORT,"real: stop=24 target=40",125,136,30.15,63.24,6.62,105.59,136
CAM_R2,SHORT,CAM_R2_FADE_SHORT,"real: stop=24 target=40",130,135,34.07,59.26,6.67,133.53,135
CAM_R2,SHORT,CAM_R2_FADE_SHORT,"real: stop=24 target=40",135,134,33.58,58.96,7.46,120.32,134
CAM_R2,SHORT,CAM_R2_FADE_SHORT,"real: stop=24 target=40",140,134,34.33,58.96,6.72,97.84,134
CAM_R2,SHORT,CAM_R2_FADE_SHORT,"real: stop=24 target=40",145,134,34.33,58.96,6.72,111.35,134
CAM_R2,SHORT,CAM_R2_FADE_SHORT,"real: stop=24 target=40",150,134,32.09,60.45,7.46,102.10,134
CAM_R2,SHORT,CAM_R2_FADE_SHORT,"real: stop=24 target=40",155,134,28.36,63.43,8.21,103.53,134
CAM_R2,SHORT,CAM_R2_FADE_SHORT,"real: stop=24 target=40",160,134,36.57,54.48,8.96,92.39,134
CAM_R2,SHORT,CAM_R2_FADE_SHORT,"real: stop=24 target=40",165,134,35.82,55.97,8.21,80.85,134
CAM_R2,SHORT,CAM_R2_FADE_SHORT,"real: stop=24 target=40",170,134,34.33,54.48,11.19,87.09,134
CAM_R2,SHORT,CAM_R2_FADE_SHORT,"real: stop=24 target=40",175,134,32.09,55.97,11.94,107.37,134
CAM_R2,SHORT,CAM_R2_FADE_SHORT,"real: stop=24 target=40",180,134,29.85,58.21,11.94,75.33,134
CAM_R2,SHORT,CAM_R2_FADE_SHORT,"real: stop=24 target=40",185,133,33.83,55.64,10.53,67.54,133
CAM_R2,SHORT,CAM_R2_FADE_SHORT,"real: stop=24 target=40",190,133,27.82,60.90,11.28,88.09,133
CAM_R2,SHORT,CAM_R2_FADE_SHORT,"real: stop=24 target=40",195,133,36.84,51.88,11.28,71.58,133
CAM_R2,SHORT,CAM_R2_FADE_SHORT,"real: stop=24 target=40",200,133,29.32,59.40,11.28,69.30,133
CAM_R2,SHORT,CAM_R2_FADE_SHORT,"real: stop=24 target=40",205,132,32.58,56.82,10.61,66.10,132
CAM_R2,SHORT,CAM_R2_FADE_SHORT,"real: stop=24 target=40",210,132,25.00,62.88,12.12,89.93,132
CAM_R2,SHORT,CAM_R2_FADE_SHORT,"real: stop=24 target=40",215,132,31.82,54.55,13.64,76.77,132
CAM_R2,SHORT,CAM_R2_FADE_SHORT,"real: stop=24 target=40",220,132,27.27,59.09,13.64,82.92,132
CAM_R2,SHORT,CAM_R2_FADE_SHORT,"real: stop=24 target=40",225,131,26.72,58.78,14.50,83.43,131
CAM_R2,SHORT,CAM_R2_FADE_SHORT,"real: stop=24 target=40",230,131,29.01,55.73,15.27,76.07,131
CAM_R2,SHORT,CAM_R2_FADE_SHORT,"real: stop=24 target=40",235,131,28.24,57.25,14.50,78.07,131
CAM_R2,SHORT,CAM_R2_FADE_SHORT,"real: stop=24 target=40",240,131,28.24,57.25,14.50,56.80,131
CAM_R3,SHORT,CAM_R3_FADE_SHORT,"real: stop=37 target=38",0,127,56.69,43.31,0.00,134.38,127
CAM_R3,SHORT,CAM_R3_FADE_SHORT,"real: stop=37 target=38",5,127,48.03,51.18,0.79,150.86,127
CAM_R3,SHORT,CAM_R3_FADE_SHORT,"real: stop=37 target=38",10,127,49.61,48.82,1.57,183.58,127
CAM_R3,SHORT,CAM_R3_FADE_SHORT,"real: stop=37 target=38",15,127,44.88,53.54,1.57,143.16,127
CAM_R3,SHORT,CAM_R3_FADE_SHORT,"real: stop=37 target=38",20,127,44.88,52.76,2.36,166.54,127
CAM_R3,SHORT,CAM_R3_FADE_SHORT,"real: stop=37 target=38",25,127,49.61,48.82,1.57,159.54,127
CAM_R3,SHORT,CAM_R3_FADE_SHORT,"real: stop=37 target=38",30,127,41.73,54.33,3.94,163.14,127
CAM_R3,SHORT,CAM_R3_FADE_SHORT,"real: stop=37 target=38",35,127,48.82,48.03,3.15,153.48,127
CAM_R3,SHORT,CAM_R3_FADE_SHORT,"real: stop=37 target=38",40,127,49.61,44.09,6.30,168.10,127
CAM_R3,SHORT,CAM_R3_FADE_SHORT,"real: stop=37 target=38",45,127,49.61,47.24,3.15,166.96,127
CAM_R3,SHORT,CAM_R3_FADE_SHORT,"real: stop=37 target=38",50,127,49.61,46.46,3.94,150.50,127
CAM_R3,SHORT,CAM_R3_FADE_SHORT,"real: stop=37 target=38",55,127,55.12,38.58,6.30,148.30,127
CAM_R3,SHORT,CAM_R3_FADE_SHORT,"real: stop=37 target=38",60,127,48.03,46.46,5.51,132.06,127
CAM_R3,SHORT,CAM_R3_FADE_SHORT,"real: stop=37 target=38",65,127,48.82,45.67,5.51,131.24,127
CAM_R3,SHORT,CAM_R3_FADE_SHORT,"real: stop=37 target=38",70,127,44.09,48.82,7.09,147.17,127
CAM_R3,SHORT,CAM_R3_FADE_SHORT,"real: stop=37 target=38",75,127,40.94,51.97,7.09,154.64,127
CAM_R3,SHORT,CAM_R3_FADE_SHORT,"real: stop=37 target=38",80,127,50.39,44.09,5.51,110.37,127
CAM_R3,SHORT,CAM_R3_FADE_SHORT,"real: stop=37 target=38",85,127,47.24,46.46,6.30,124.94,127
CAM_R3,SHORT,CAM_R3_FADE_SHORT,"real: stop=37 target=38",90,127,48.03,45.67,6.30,119.66,127
CAM_R3,SHORT,CAM_R3_FADE_SHORT,"real: stop=37 target=38",95,127,48.82,43.31,7.87,101.19,127
CAM_R3,SHORT,CAM_R3_FADE_SHORT,"real: stop=37 target=38",100,127,48.82,43.31,7.87,107.82,127
CAM_R3,SHORT,CAM_R3_FADE_SHORT,"real: stop=37 target=38",105,126,43.65,49.21,7.14,126.23,126
CAM_R3,SHORT,CAM_R3_FADE_SHORT,"real: stop=37 target=38",110,126,38.10,55.56,6.35,66.85,126
CAM_R3,SHORT,CAM_R3_FADE_SHORT,"real: stop=37 target=38",115,126,43.65,48.41,7.94,110.63,126
CAM_R3,SHORT,CAM_R3_FADE_SHORT,"real: stop=37 target=38",120,126,47.62,44.44,7.94,114.72,126
CAM_R3,SHORT,CAM_R3_FADE_SHORT,"real: stop=37 target=38",125,126,42.06,50.00,7.94,103.01,126
CAM_R3,SHORT,CAM_R3_FADE_SHORT,"real: stop=37 target=38",130,126,50.00,41.27,8.73,119.47,126
CAM_R3,SHORT,CAM_R3_FADE_SHORT,"real: stop=37 target=38",135,126,48.41,42.06,9.52,107.44,126
CAM_R3,SHORT,CAM_R3_FADE_SHORT,"real: stop=37 target=38",140,126,46.03,43.65,10.32,96.78,126
CAM_R3,SHORT,CAM_R3_FADE_SHORT,"real: stop=37 target=38",145,126,45.24,44.44,10.32,99.83,126
CAM_R3,SHORT,CAM_R3_FADE_SHORT,"real: stop=37 target=38",150,125,40.00,48.00,12.00,91.08,125
CAM_R3,SHORT,CAM_R3_FADE_SHORT,"real: stop=37 target=38",155,125,39.20,48.80,12.00,95.32,125
CAM_R3,SHORT,CAM_R3_FADE_SHORT,"real: stop=37 target=38",160,125,42.40,47.20,10.40,85.58,125
CAM_R3,SHORT,CAM_R3_FADE_SHORT,"real: stop=37 target=38",165,125,44.00,44.00,12.00,87.41,125
CAM_R3,SHORT,CAM_R3_FADE_SHORT,"real: stop=37 target=38",170,125,39.20,48.80,12.00,93.95,125
CAM_R3,SHORT,CAM_R3_FADE_SHORT,"real: stop=37 target=38",175,124,35.48,52.42,12.10,87.32,124
CAM_R3,SHORT,CAM_R3_FADE_SHORT,"real: stop=37 target=38",180,124,37.90,50.00,12.10,84.30,124
CAM_R3,SHORT,CAM_R3_FADE_SHORT,"real: stop=37 target=38",185,124,43.55,44.35,12.10,80.98,124
CAM_R3,SHORT,CAM_R3_FADE_SHORT,"real: stop=37 target=38",190,124,45.16,41.13,13.71,71.49,124
CAM_R3,SHORT,CAM_R3_FADE_SHORT,"real: stop=37 target=38",195,124,44.35,41.94,13.71,71.04,124
CAM_R3,SHORT,CAM_R3_FADE_SHORT,"real: stop=37 target=38",200,124,41.94,45.16,12.90,70.88,124
CAM_R3,SHORT,CAM_R3_FADE_SHORT,"real: stop=37 target=38",205,124,39.52,47.58,12.90,71.23,124
CAM_R3,SHORT,CAM_R3_FADE_SHORT,"real: stop=37 target=38",210,124,40.32,45.16,14.52,67.64,124
CAM_R3,SHORT,CAM_R3_FADE_SHORT,"real: stop=37 target=38",215,124,42.74,40.32,16.94,71.39,124
CAM_R3,SHORT,CAM_R3_FADE_SHORT,"real: stop=37 target=38",220,124,40.32,44.35,15.32,65.19,124
CAM_R3,SHORT,CAM_R3_FADE_SHORT,"real: stop=37 target=38",225,122,39.34,43.44,17.21,64.76,122
CAM_R3,SHORT,CAM_R3_FADE_SHORT,"real: stop=37 target=38",230,122,37.70,40.16,22.13,73.03,122
CAM_R3,SHORT,CAM_R3_FADE_SHORT,"real: stop=37 target=38",235,122,38.52,40.16,21.31,70.96,122
CAM_R3,SHORT,CAM_R3_FADE_SHORT,"real: stop=37 target=38",240,122,36.89,40.16,22.95,63.51,122
CAM_R4,SHORT,CAM_R4_FADE_SHORT,"real: stop=37 target=38",0,107,51.40,47.66,0.93,189.52,107
CAM_R4,SHORT,CAM_R4_FADE_SHORT,"real: stop=37 target=38",5,107,49.53,49.53,0.93,183.15,107
CAM_R4,SHORT,CAM_R4_FADE_SHORT,"real: stop=37 target=38",10,107,55.14,43.93,0.93,225.89,107
CAM_R4,SHORT,CAM_R4_FADE_SHORT,"real: stop=37 target=38",15,107,44.86,54.21,0.93,212.03,107
CAM_R4,SHORT,CAM_R4_FADE_SHORT,"real: stop=37 target=38",20,106,46.23,52.83,0.94,178.89,106
CAM_R4,SHORT,CAM_R4_FADE_SHORT,"real: stop=37 target=38",25,106,52.83,46.23,0.94,155.13,106
CAM_R4,SHORT,CAM_R4_FADE_SHORT,"real: stop=37 target=38",30,106,47.17,51.89,0.94,161.50,106
CAM_R4,SHORT,CAM_R4_FADE_SHORT,"real: stop=37 target=38",35,106,46.23,51.89,1.89,176.65,106
CAM_R4,SHORT,CAM_R4_FADE_SHORT,"real: stop=37 target=38",40,106,45.28,52.83,1.89,162.03,106
CAM_R4,SHORT,CAM_R4_FADE_SHORT,"real: stop=37 target=38",45,106,47.17,50.00,2.83,153.92,106
CAM_R4,SHORT,CAM_R4_FADE_SHORT,"real: stop=37 target=38",50,106,54.72,42.45,2.83,177.18,106
CAM_R4,SHORT,CAM_R4_FADE_SHORT,"real: stop=37 target=38",55,106,52.83,44.34,2.83,149.71,106
CAM_R4,SHORT,CAM_R4_FADE_SHORT,"real: stop=37 target=38",60,106,44.34,52.83,2.83,149.26,106
CAM_R4,SHORT,CAM_R4_FADE_SHORT,"real: stop=37 target=38",65,106,43.40,52.83,3.77,148.32,106
CAM_R4,SHORT,CAM_R4_FADE_SHORT,"real: stop=37 target=38",70,106,46.23,50.94,2.83,146.94,106
CAM_R4,SHORT,CAM_R4_FADE_SHORT,"real: stop=37 target=38",75,106,44.34,53.77,1.89,121.43,106
CAM_R4,SHORT,CAM_R4_FADE_SHORT,"real: stop=37 target=38",80,106,44.34,51.89,3.77,126.32,106
CAM_R4,SHORT,CAM_R4_FADE_SHORT,"real: stop=37 target=38",85,106,41.51,55.66,2.83,133.73,106
CAM_R4,SHORT,CAM_R4_FADE_SHORT,"real: stop=37 target=38",90,106,50.00,45.28,4.72,123.97,106
CAM_R4,SHORT,CAM_R4_FADE_SHORT,"real: stop=37 target=38",95,106,49.06,44.34,6.60,120.92,106
CAM_R4,SHORT,CAM_R4_FADE_SHORT,"real: stop=37 target=38",100,106,43.40,50.00,6.60,110.99,106
CAM_R4,SHORT,CAM_R4_FADE_SHORT,"real: stop=37 target=38",105,106,42.45,50.94,6.60,110.31,106
CAM_R4,SHORT,CAM_R4_FADE_SHORT,"real: stop=37 target=38",110,106,39.62,53.77,6.60,78.33,106
CAM_R4,SHORT,CAM_R4_FADE_SHORT,"real: stop=37 target=38",115,106,40.57,52.83,6.60,114.40,106
CAM_R4,SHORT,CAM_R4_FADE_SHORT,"real: stop=37 target=38",120,106,45.28,47.17,7.55,130.55,106
CAM_R4,SHORT,CAM_R4_FADE_SHORT,"real: stop=37 target=38",125,106,50.00,43.40,6.60,126.55,106
CAM_R4,SHORT,CAM_R4_FADE_SHORT,"real: stop=37 target=38",130,106,47.17,46.23,6.60,125.53,106
CAM_R4,SHORT,CAM_R4_FADE_SHORT,"real: stop=37 target=38",135,106,40.57,50.94,8.49,109.33,106
CAM_R4,SHORT,CAM_R4_FADE_SHORT,"real: stop=37 target=38",140,106,49.06,42.45,8.49,116.43,106
CAM_R4,SHORT,CAM_R4_FADE_SHORT,"real: stop=37 target=38",145,105,39.05,54.29,6.67,110.91,105
CAM_R4,SHORT,CAM_R4_FADE_SHORT,"real: stop=37 target=38",150,105,45.71,46.67,7.62,84.72,105
CAM_R4,SHORT,CAM_R4_FADE_SHORT,"real: stop=37 target=38",155,105,45.71,46.67,7.62,119.15,105
CAM_R4,SHORT,CAM_R4_FADE_SHORT,"real: stop=37 target=38",160,105,43.81,48.57,7.62,110.30,105
CAM_R4,SHORT,CAM_R4_FADE_SHORT,"real: stop=37 target=38",165,105,42.86,49.52,7.62,106.27,105
CAM_R4,SHORT,CAM_R4_FADE_SHORT,"real: stop=37 target=38",170,105,49.52,40.95,9.52,116.59,105
CAM_R4,SHORT,CAM_R4_FADE_SHORT,"real: stop=37 target=38",175,105,45.71,44.76,9.52,80.56,105
CAM_R4,SHORT,CAM_R4_FADE_SHORT,"real: stop=37 target=38",180,105,44.76,45.71,9.52,89.35,105
CAM_R4,SHORT,CAM_R4_FADE_SHORT,"real: stop=37 target=38",185,105,48.57,40.95,10.48,80.24,105
CAM_R4,SHORT,CAM_R4_FADE_SHORT,"real: stop=37 target=38",190,105,42.86,46.67,10.48,64.99,105
CAM_R4,SHORT,CAM_R4_FADE_SHORT,"real: stop=37 target=38",195,105,41.90,45.71,12.38,75.36,105
CAM_R4,SHORT,CAM_R4_FADE_SHORT,"real: stop=37 target=38",200,105,50.48,40.95,8.57,73.46,105
CAM_R4,SHORT,CAM_R4_FADE_SHORT,"real: stop=37 target=38",205,105,47.62,40.95,11.43,72.97,105
CAM_R4,SHORT,CAM_R4_FADE_SHORT,"real: stop=37 target=38",210,105,43.81,43.81,12.38,68.71,105
CAM_R4,SHORT,CAM_R4_FADE_SHORT,"real: stop=37 target=38",215,104,46.15,40.38,13.46,77.67,104
CAM_R4,SHORT,CAM_R4_FADE_SHORT,"real: stop=37 target=38",220,104,49.04,35.58,15.38,71.76,104
CAM_R4,SHORT,CAM_R4_FADE_SHORT,"real: stop=37 target=38",225,104,49.04,37.50,13.46,66.57,104
CAM_R4,SHORT,CAM_R4_FADE_SHORT,"real: stop=37 target=38",230,104,52.88,30.77,16.35,72.94,104
CAM_R4,SHORT,CAM_R4_FADE_SHORT,"real: stop=37 target=38",235,104,45.19,39.42,15.38,67.58,104
CAM_R4,SHORT,CAM_R4_FADE_SHORT,"real: stop=37 target=38",240,102,47.06,36.27,16.67,65.56,102
CAM_S1,LONG,CAM_S1_FADE_LONG,"real: stop=40 target=40",0,136,50.74,49.26,0.00,128.14,136
CAM_S1,LONG,CAM_S1_FADE_LONG,"real: stop=40 target=40",5,136,49.26,50.00,0.74,138.62,136
CAM_S1,LONG,CAM_S1_FADE_LONG,"real: stop=40 target=40",10,136,50.00,48.53,1.47,117.30,136
CAM_S1,LONG,CAM_S1_FADE_LONG,"real: stop=40 target=40",15,136,47.06,51.47,1.47,142.63,136
CAM_S1,LONG,CAM_S1_FADE_LONG,"real: stop=40 target=40",20,136,47.79,50.00,2.21,131.44,136
CAM_S1,LONG,CAM_S1_FADE_LONG,"real: stop=40 target=40",25,136,42.65,53.68,3.68,147.76,136
CAM_S1,LONG,CAM_S1_FADE_LONG,"real: stop=40 target=40",30,136,49.26,48.53,2.21,147.67,136
CAM_S1,LONG,CAM_S1_FADE_LONG,"real: stop=40 target=40",35,136,47.79,49.26,2.94,125.88,136
CAM_S1,LONG,CAM_S1_FADE_LONG,"real: stop=40 target=40",40,136,48.53,47.79,3.68,125.91,136
CAM_S1,LONG,CAM_S1_FADE_LONG,"real: stop=40 target=40",45,136,50.00,47.79,2.21,107.31,136
CAM_S1,LONG,CAM_S1_FADE_LONG,"real: stop=40 target=40",50,136,49.26,47.79,2.94,128.65,136
CAM_S1,LONG,CAM_S1_FADE_LONG,"real: stop=40 target=40",55,136,55.15,41.91,2.94,119.53,136
CAM_S1,LONG,CAM_S1_FADE_LONG,"real: stop=40 target=40",60,136,53.68,43.38,2.94,127.95,136
CAM_S1,LONG,CAM_S1_FADE_LONG,"real: stop=40 target=40",65,136,52.94,44.85,2.21,126.66,136
CAM_S1,LONG,CAM_S1_FADE_LONG,"real: stop=40 target=40",70,136,53.68,41.91,4.41,105.93,136
CAM_S1,LONG,CAM_S1_FADE_LONG,"real: stop=40 target=40",75,136,47.79,48.53,3.68,104.28,136
CAM_S1,LONG,CAM_S1_FADE_LONG,"real: stop=40 target=40",80,136,47.06,47.79,5.15,103.36,136
CAM_S1,LONG,CAM_S1_FADE_LONG,"real: stop=40 target=40",85,136,42.65,52.21,5.15,94.19,136
CAM_S1,LONG,CAM_S1_FADE_LONG,"real: stop=40 target=40",90,136,50.74,44.12,5.15,112.14,136
CAM_S1,LONG,CAM_S1_FADE_LONG,"real: stop=40 target=40",95,136,41.91,51.47,6.62,102.57,136
CAM_S1,LONG,CAM_S1_FADE_LONG,"real: stop=40 target=40",100,136,42.65,51.47,5.88,111.14,136
CAM_S1,LONG,CAM_S1_FADE_LONG,"real: stop=40 target=40",105,136,47.79,45.59,6.62,118.85,136
CAM_S1,LONG,CAM_S1_FADE_LONG,"real: stop=40 target=40",110,136,49.26,44.85,5.88,92.77,136
CAM_S1,LONG,CAM_S1_FADE_LONG,"real: stop=40 target=40",115,136,41.91,52.94,5.15,115.93,136
CAM_S1,LONG,CAM_S1_FADE_LONG,"real: stop=40 target=40",120,136,53.68,40.44,5.88,103.55,136
CAM_S1,LONG,CAM_S1_FADE_LONG,"real: stop=40 target=40",125,136,46.32,47.06,6.62,107.67,136
CAM_S1,LONG,CAM_S1_FADE_LONG,"real: stop=40 target=40",130,136,50.00,44.85,5.15,103.62,136
CAM_S1,LONG,CAM_S1_FADE_LONG,"real: stop=40 target=40",135,136,50.00,44.12,5.88,87.08,136
CAM_S1,LONG,CAM_S1_FADE_LONG,"real: stop=40 target=40",140,136,55.15,38.97,5.88,105.29,136
CAM_S1,LONG,CAM_S1_FADE_LONG,"real: stop=40 target=40",145,136,45.59,47.06,7.35,86.31,136
CAM_S1,LONG,CAM_S1_FADE_LONG,"real: stop=40 target=40",150,136,42.65,51.47,5.88,104.12,136
CAM_S1,LONG,CAM_S1_FADE_LONG,"real: stop=40 target=40",155,136,43.38,50.00,6.62,98.43,136
CAM_S1,LONG,CAM_S1_FADE_LONG,"real: stop=40 target=40",160,136,39.71,51.47,8.82,94.92,136
CAM_S1,LONG,CAM_S1_FADE_LONG,"real: stop=40 target=40",165,136,45.59,44.85,9.56,102.33,136
CAM_S1,LONG,CAM_S1_FADE_LONG,"real: stop=40 target=40",170,136,41.18,49.26,9.56,74.16,136
CAM_S1,LONG,CAM_S1_FADE_LONG,"real: stop=40 target=40",175,136,47.79,42.65,9.56,69.45,136
CAM_S1,LONG,CAM_S1_FADE_LONG,"real: stop=40 target=40",180,136,44.85,44.85,10.29,88.58,136
CAM_S1,LONG,CAM_S1_FADE_LONG,"real: stop=40 target=40",185,136,52.94,36.03,11.03,83.42,136
CAM_S1,LONG,CAM_S1_FADE_LONG,"real: stop=40 target=40",190,136,47.06,42.65,10.29,71.80,136
CAM_S1,LONG,CAM_S1_FADE_LONG,"real: stop=40 target=40",195,136,41.91,44.85,13.24,68.30,136
CAM_S1,LONG,CAM_S1_FADE_LONG,"real: stop=40 target=40",200,136,41.91,43.38,14.71,79.27,136
CAM_S1,LONG,CAM_S1_FADE_LONG,"real: stop=40 target=40",205,136,44.12,41.91,13.97,74.62,136
CAM_S1,LONG,CAM_S1_FADE_LONG,"real: stop=40 target=40",210,136,50.74,33.82,15.44,79.48,136
CAM_S1,LONG,CAM_S1_FADE_LONG,"real: stop=40 target=40",215,136,48.53,37.50,13.97,83.17,136
CAM_S1,LONG,CAM_S1_FADE_LONG,"real: stop=40 target=40",220,136,47.06,36.03,16.91,86.13,136
CAM_S1,LONG,CAM_S1_FADE_LONG,"real: stop=40 target=40",225,135,45.19,38.52,16.30,94.14,135
CAM_S1,LONG,CAM_S1_FADE_LONG,"real: stop=40 target=40",230,135,42.96,40.00,17.04,80.73,135
CAM_S1,LONG,CAM_S1_FADE_LONG,"real: stop=40 target=40",235,135,38.52,44.44,17.04,73.58,135
CAM_S1,LONG,CAM_S1_FADE_LONG,"real: stop=40 target=40",240,135,45.19,40.00,14.81,62.02,135
CAM_S2,LONG,CAM_S2_FADE_LONG,"real: stop=32 target=37",0,132,48.48,50.76,0.76,136.40,132
CAM_S2,LONG,CAM_S2_FADE_LONG,"real: stop=32 target=37",5,132,39.39,59.85,0.76,151.65,132
CAM_S2,LONG,CAM_S2_FADE_LONG,"real: stop=32 target=37",10,132,42.42,56.82,0.76,126.91,132
CAM_S2,LONG,CAM_S2_FADE_LONG,"real: stop=32 target=37",15,132,39.39,59.09,1.52,146.59,132
CAM_S2,LONG,CAM_S2_FADE_LONG,"real: stop=32 target=37",20,132,46.97,51.52,1.52,139.31,132
CAM_S2,LONG,CAM_S2_FADE_LONG,"real: stop=32 target=37",25,132,48.48,50.00,1.52,138.50,132
CAM_S2,LONG,CAM_S2_FADE_LONG,"real: stop=32 target=37",30,131,35.11,64.12,0.76,151.47,131
CAM_S2,LONG,CAM_S2_FADE_LONG,"real: stop=32 target=37",35,131,39.69,59.54,0.76,138.88,131
CAM_S2,LONG,CAM_S2_FADE_LONG,"real: stop=32 target=37",40,131,50.38,48.85,0.76,134.39,131
CAM_S2,LONG,CAM_S2_FADE_LONG,"real: stop=32 target=37",45,131,41.22,58.02,0.76,125.73,131
CAM_S2,LONG,CAM_S2_FADE_LONG,"real: stop=32 target=37",50,131,45.80,52.67,1.53,129.81,131
CAM_S2,LONG,CAM_S2_FADE_LONG,"real: stop=32 target=37",55,131,53.44,45.80,0.76,127.83,131
CAM_S2,LONG,CAM_S2_FADE_LONG,"real: stop=32 target=37",60,131,53.44,45.04,1.53,123.97,131
CAM_S2,LONG,CAM_S2_FADE_LONG,"real: stop=32 target=37",65,131,47.33,51.15,1.53,127.63,131
CAM_S2,LONG,CAM_S2_FADE_LONG,"real: stop=32 target=37",70,131,45.04,52.67,2.29,120.67,131
CAM_S2,LONG,CAM_S2_FADE_LONG,"real: stop=32 target=37",75,131,45.04,51.91,3.05,128.25,131
CAM_S2,LONG,CAM_S2_FADE_LONG,"real: stop=32 target=37",80,131,46.56,50.38,3.05,83.68,131
CAM_S2,LONG,CAM_S2_FADE_LONG,"real: stop=32 target=37",85,131,36.64,60.31,3.05,106.58,131
CAM_S2,LONG,CAM_S2_FADE_LONG,"real: stop=32 target=37",90,131,45.80,51.91,2.29,122.78,131
CAM_S2,LONG,CAM_S2_FADE_LONG,"real: stop=32 target=37",95,131,42.75,54.96,2.29,84.70,131
CAM_S2,LONG,CAM_S2_FADE_LONG,"real: stop=32 target=37",100,131,47.33,50.38,2.29,104.58,131
CAM_S2,LONG,CAM_S2_FADE_LONG,"real: stop=32 target=37",105,131,41.98,54.96,3.05,112.05,131
CAM_S2,LONG,CAM_S2_FADE_LONG,"real: stop=32 target=37",110,131,43.51,54.20,2.29,107.63,131
CAM_S2,LONG,CAM_S2_FADE_LONG,"real: stop=32 target=37",115,131,44.27,51.91,3.82,107.48,131
CAM_S2,LONG,CAM_S2_FADE_LONG,"real: stop=32 target=37",120,131,41.98,54.20,3.82,112.60,131
CAM_S2,LONG,CAM_S2_FADE_LONG,"real: stop=32 target=37",125,131,40.46,54.96,4.58,110.30,131
CAM_S2,LONG,CAM_S2_FADE_LONG,"real: stop=32 target=37",130,131,41.22,54.20,4.58,100.72,131
CAM_S2,LONG,CAM_S2_FADE_LONG,"real: stop=32 target=37",135,131,44.27,51.15,4.58,79.46,131
CAM_S2,LONG,CAM_S2_FADE_LONG,"real: stop=32 target=37",140,131,48.09,46.56,5.34,109.03,131
CAM_S2,LONG,CAM_S2_FADE_LONG,"real: stop=32 target=37",145,131,41.98,52.67,5.34,93.50,131
CAM_S2,LONG,CAM_S2_FADE_LONG,"real: stop=32 target=37",150,131,40.46,54.96,4.58,104.81,131
CAM_S2,LONG,CAM_S2_FADE_LONG,"real: stop=32 target=37",155,131,41.22,54.20,4.58,94.20,131
CAM_S2,LONG,CAM_S2_FADE_LONG,"real: stop=32 target=37",160,131,44.27,48.85,6.87,101.48,131
CAM_S2,LONG,CAM_S2_FADE_LONG,"real: stop=32 target=37",165,131,41.22,50.38,8.40,101.83,131
CAM_S2,LONG,CAM_S2_FADE_LONG,"real: stop=32 target=37",170,131,40.46,51.15,8.40,85.26,131
CAM_S2,LONG,CAM_S2_FADE_LONG,"real: stop=32 target=37",175,131,48.85,42.75,8.40,83.81,131
CAM_S2,LONG,CAM_S2_FADE_LONG,"real: stop=32 target=37",180,131,50.38,41.22,8.40,96.17,131
CAM_S2,LONG,CAM_S2_FADE_LONG,"real: stop=32 target=37",185,131,44.27,47.33,8.40,82.79,131
CAM_S2,LONG,CAM_S2_FADE_LONG,"real: stop=32 target=37",190,131,45.80,44.27,9.92,80.30,131
CAM_S2,LONG,CAM_S2_FADE_LONG,"real: stop=32 target=37",195,131,40.46,50.38,9.16,90.94,131
CAM_S2,LONG,CAM_S2_FADE_LONG,"real: stop=32 target=37",200,131,48.09,41.98,9.92,89.55,131
CAM_S2,LONG,CAM_S2_FADE_LONG,"real: stop=32 target=37",205,131,42.75,45.80,11.45,86.29,131
CAM_S2,LONG,CAM_S2_FADE_LONG,"real: stop=32 target=37",210,131,44.27,42.75,12.98,77.58,131
CAM_S2,LONG,CAM_S2_FADE_LONG,"real: stop=32 target=37",215,131,48.09,40.46,11.45,90.21,131
CAM_S2,LONG,CAM_S2_FADE_LONG,"real: stop=32 target=37",220,131,39.69,46.56,13.74,79.54,131
CAM_S2,LONG,CAM_S2_FADE_LONG,"real: stop=32 target=37",225,131,41.98,45.80,12.21,88.65,131
CAM_S2,LONG,CAM_S2_FADE_LONG,"real: stop=32 target=37",230,131,42.75,45.80,11.45,65.40,131
CAM_S2,LONG,CAM_S2_FADE_LONG,"real: stop=32 target=37",235,131,41.22,45.04,13.74,75.27,131
CAM_S2,LONG,CAM_S2_FADE_LONG,"real: stop=32 target=37",240,131,40.46,45.04,14.50,79.07,131
CAM_S3,LONG,CAM_S3_FADE_LONG,"real: stop=24 target=40",0,123,39.02,60.16,0.81,122.65,123
CAM_S3,LONG,CAM_S3_FADE_LONG,"real: stop=24 target=40",5,123,33.33,65.04,1.63,147.30,123
CAM_S3,LONG,CAM_S3_FADE_LONG,"real: stop=24 target=40",10,123,38.21,60.16,1.63,133.16,123
CAM_S3,LONG,CAM_S3_FADE_LONG,"real: stop=24 target=40",15,123,30.89,67.48,1.63,145.29,123
CAM_S3,LONG,CAM_S3_FADE_LONG,"real: stop=24 target=40",20,123,30.89,67.48,1.63,170.17,123
CAM_S3,LONG,CAM_S3_FADE_LONG,"real: stop=24 target=40",25,123,33.33,65.04,1.63,160.57,123
CAM_S3,LONG,CAM_S3_FADE_LONG,"real: stop=24 target=40",30,123,34.96,63.41,1.63,118.82,123
CAM_S3,LONG,CAM_S3_FADE_LONG,"real: stop=24 target=40",35,123,30.89,67.48,1.63,130.90,123
CAM_S3,LONG,CAM_S3_FADE_LONG,"real: stop=24 target=40",40,123,34.96,62.60,2.44,142.01,123
CAM_S3,LONG,CAM_S3_FADE_LONG,"real: stop=24 target=40",45,123,32.52,65.04,2.44,125.28,123
CAM_S3,LONG,CAM_S3_FADE_LONG,"real: stop=24 target=40",50,123,40.65,56.91,2.44,115.61,123
CAM_S3,LONG,CAM_S3_FADE_LONG,"real: stop=24 target=40",55,123,44.72,52.85,2.44,130.91,123
CAM_S3,LONG,CAM_S3_FADE_LONG,"real: stop=24 target=40",60,123,30.08,65.85,4.07,155.72,123
CAM_S3,LONG,CAM_S3_FADE_LONG,"real: stop=24 target=40",65,123,35.77,60.16,4.07,129.14,123
CAM_S3,LONG,CAM_S3_FADE_LONG,"real: stop=24 target=40",70,123,33.33,61.79,4.88,135.47,123
CAM_S3,LONG,CAM_S3_FADE_LONG,"real: stop=24 target=40",75,123,30.89,64.23,4.88,157.53,123
CAM_S3,LONG,CAM_S3_FADE_LONG,"real: stop=24 target=40",80,123,38.21,56.91,4.88,109.89,123
CAM_S3,LONG,CAM_S3_FADE_LONG,"real: stop=24 target=40",85,122,29.51,65.57,4.92,138.38,122
CAM_S3,LONG,CAM_S3_FADE_LONG,"real: stop=24 target=40",90,122,32.79,63.11,4.10,113.52,122
CAM_S3,LONG,CAM_S3_FADE_LONG,"real: stop=24 target=40",95,122,31.15,64.75,4.10,93.70,122
CAM_S3,LONG,CAM_S3_FADE_LONG,"real: stop=24 target=40",100,122,31.97,63.11,4.92,97.81,122
CAM_S3,LONG,CAM_S3_FADE_LONG,"real: stop=24 target=40",105,122,31.15,64.75,4.10,107.92,122
CAM_S3,LONG,CAM_S3_FADE_LONG,"real: stop=24 target=40",110,122,36.89,59.02,4.10,103.83,122
CAM_S3,LONG,CAM_S3_FADE_LONG,"real: stop=24 target=40",115,122,37.70,57.38,4.92,122.09,122
CAM_S3,LONG,CAM_S3_FADE_LONG,"real: stop=24 target=40",120,122,34.43,59.02,6.56,110.16,122
CAM_S3,LONG,CAM_S3_FADE_LONG,"real: stop=24 target=40",125,122,32.79,60.66,6.56,104.59,122
CAM_S3,LONG,CAM_S3_FADE_LONG,"real: stop=24 target=40",130,122,35.25,58.20,6.56,117.51,122
CAM_S3,LONG,CAM_S3_FADE_LONG,"real: stop=24 target=40",135,122,30.33,63.11,6.56,94.85,122
CAM_S3,LONG,CAM_S3_FADE_LONG,"real: stop=24 target=40",140,122,33.61,59.84,6.56,95.60,122
CAM_S3,LONG,CAM_S3_FADE_LONG,"real: stop=24 target=40",145,122,31.97,61.48,6.56,92.72,122
CAM_S3,LONG,CAM_S3_FADE_LONG,"real: stop=24 target=40",150,122,29.51,60.66,9.84,76.70,122
CAM_S3,LONG,CAM_S3_FADE_LONG,"real: stop=24 target=40",155,122,31.97,57.38,10.66,73.33,122
CAM_S3,LONG,CAM_S3_FADE_LONG,"real: stop=24 target=40",160,122,31.97,57.38,10.66,105.94,122
CAM_S3,LONG,CAM_S3_FADE_LONG,"real: stop=24 target=40",165,122,30.33,59.02,10.66,71.59,122
CAM_S3,LONG,CAM_S3_FADE_LONG,"real: stop=24 target=40",170,122,25.41,63.93,10.66,107.75,122
CAM_S3,LONG,CAM_S3_FADE_LONG,"real: stop=24 target=40",175,122,32.79,56.56,10.66,90.04,122
CAM_S3,LONG,CAM_S3_FADE_LONG,"real: stop=24 target=40",180,122,41.80,46.72,11.48,95.10,122
CAM_S3,LONG,CAM_S3_FADE_LONG,"real: stop=24 target=40",185,122,28.69,59.84,11.48,83.71,122
CAM_S3,LONG,CAM_S3_FADE_LONG,"real: stop=24 target=40",190,122,36.07,52.46,11.48,76.24,122
CAM_S3,LONG,CAM_S3_FADE_LONG,"real: stop=24 target=40",195,122,31.15,56.56,12.30,93.01,122
CAM_S3,LONG,CAM_S3_FADE_LONG,"real: stop=24 target=40",200,122,38.52,48.36,13.11,92.70,122
CAM_S3,LONG,CAM_S3_FADE_LONG,"real: stop=24 target=40",205,122,27.05,59.02,13.93,80.93,122
CAM_S3,LONG,CAM_S3_FADE_LONG,"real: stop=24 target=40",210,121,33.88,52.89,13.22,77.52,121
CAM_S3,LONG,CAM_S3_FADE_LONG,"real: stop=24 target=40",215,121,36.36,49.59,14.05,94.84,121
CAM_S3,LONG,CAM_S3_FADE_LONG,"real: stop=24 target=40",220,121,33.06,52.89,14.05,81.33,121
CAM_S3,LONG,CAM_S3_FADE_LONG,"real: stop=24 target=40",225,121,33.88,53.72,12.40,83.15,121
CAM_S3,LONG,CAM_S3_FADE_LONG,"real: stop=24 target=40",230,121,30.58,57.02,12.40,58.48,121
CAM_S3,LONG,CAM_S3_FADE_LONG,"real: stop=24 target=40",235,121,30.58,56.20,13.22,69.39,121
CAM_S3,LONG,CAM_S3_FADE_LONG,"real: stop=24 target=40",240,121,30.58,54.55,14.88,80.54,121
CAM_S4,LONG,CAM_S4_FADE_LONG,"real: stop=37 target=38",0,92,61.96,38.04,0.00,153.20,92
CAM_S4,LONG,CAM_S4_FADE_LONG,"real: stop=37 target=38",5,92,48.91,51.09,0.00,149.90,92
CAM_S4,LONG,CAM_S4_FADE_LONG,"real: stop=37 target=38",10,92,46.74,53.26,0.00,158.51,92
CAM_S4,LONG,CAM_S4_FADE_LONG,"real: stop=37 target=38",15,92,52.17,47.83,0.00,161.93,92
CAM_S4,LONG,CAM_S4_FADE_LONG,"real: stop=37 target=38",20,92,43.48,55.43,1.09,140.98,92
CAM_S4,LONG,CAM_S4_FADE_LONG,"real: stop=37 target=38",25,92,46.74,52.17,1.09,152.43,92
CAM_S4,LONG,CAM_S4_FADE_LONG,"real: stop=37 target=38",30,92,48.91,50.00,1.09,141.31,92
CAM_S4,LONG,CAM_S4_FADE_LONG,"real: stop=37 target=38",35,92,51.09,46.74,2.17,137.37,92
CAM_S4,LONG,CAM_S4_FADE_LONG,"real: stop=37 target=38",40,92,52.17,45.65,2.17,164.80,92
CAM_S4,LONG,CAM_S4_FADE_LONG,"real: stop=37 target=38",45,92,44.57,52.17,3.26,166.87,92
CAM_S4,LONG,CAM_S4_FADE_LONG,"real: stop=37 target=38",50,92,42.39,54.35,3.26,158.07,92
CAM_S4,LONG,CAM_S4_FADE_LONG,"real: stop=37 target=38",55,92,45.65,51.09,3.26,124.44,92
CAM_S4,LONG,CAM_S4_FADE_LONG,"real: stop=37 target=38",60,92,52.17,44.57,3.26,151.77,92
CAM_S4,LONG,CAM_S4_FADE_LONG,"real: stop=37 target=38",65,92,39.13,57.61,3.26,145.94,92
CAM_S4,LONG,CAM_S4_FADE_LONG,"real: stop=37 target=38",70,92,42.39,54.35,3.26,145.68,92
CAM_S4,LONG,CAM_S4_FADE_LONG,"real: stop=37 target=38",75,92,42.39,54.35,3.26,158.72,92
CAM_S4,LONG,CAM_S4_FADE_LONG,"real: stop=37 target=38",80,92,48.91,47.83,3.26,132.31,92
CAM_S4,LONG,CAM_S4_FADE_LONG,"real: stop=37 target=38",85,92,47.83,48.91,3.26,149.42,92
CAM_S4,LONG,CAM_S4_FADE_LONG,"real: stop=37 target=38",90,92,44.57,51.09,4.35,138.81,92
CAM_S4,LONG,CAM_S4_FADE_LONG,"real: stop=37 target=38",95,92,43.48,52.17,4.35,134.88,92
CAM_S4,LONG,CAM_S4_FADE_LONG,"real: stop=37 target=38",100,91,48.35,48.35,3.30,137.09,91
CAM_S4,LONG,CAM_S4_FADE_LONG,"real: stop=37 target=38",105,91,48.35,47.25,4.40,104.83,91
CAM_S4,LONG,CAM_S4_FADE_LONG,"real: stop=37 target=38",110,91,56.04,39.56,4.40,126.13,91
CAM_S4,LONG,CAM_S4_FADE_LONG,"real: stop=37 target=38",115,91,40.66,53.85,5.49,109.22,91
CAM_S4,LONG,CAM_S4_FADE_LONG,"real: stop=37 target=38",120,91,52.75,42.86,4.40,128.65,91
CAM_S4,LONG,CAM_S4_FADE_LONG,"real: stop=37 target=38",125,91,46.15,49.45,4.40,149.47,91
CAM_S4,LONG,CAM_S4_FADE_LONG,"real: stop=37 target=38",130,91,49.45,46.15,4.40,113.87,91
CAM_S4,LONG,CAM_S4_FADE_LONG,"real: stop=37 target=38",135,91,45.05,49.45,5.49,99.20,91
CAM_S4,LONG,CAM_S4_FADE_LONG,"real: stop=37 target=38",140,91,50.55,43.96,5.49,128.88,91
CAM_S4,LONG,CAM_S4_FADE_LONG,"real: stop=37 target=38",145,91,49.45,46.15,4.40,114.78,91
CAM_S4,LONG,CAM_S4_FADE_LONG,"real: stop=37 target=38",150,91,43.96,47.25,8.79,122.26,91
CAM_S4,LONG,CAM_S4_FADE_LONG,"real: stop=37 target=38",155,91,47.25,43.96,8.79,112.30,91
CAM_S4,LONG,CAM_S4_FADE_LONG,"real: stop=37 target=38",160,91,48.35,40.66,10.99,108.97,91
CAM_S4,LONG,CAM_S4_FADE_LONG,"real: stop=37 target=38",165,91,39.56,47.25,13.19,104.82,91
CAM_S4,LONG,CAM_S4_FADE_LONG,"real: stop=37 target=38",170,90,42.22,44.44,13.33,96.24,90
CAM_S4,LONG,CAM_S4_FADE_LONG,"real: stop=37 target=38",175,90,47.78,37.78,14.44,97.15,90
CAM_S4,LONG,CAM_S4_FADE_LONG,"real: stop=37 target=38",180,90,41.11,43.33,15.56,92.34,90
CAM_S4,LONG,CAM_S4_FADE_LONG,"real: stop=37 target=38",185,90,41.11,43.33,15.56,91.34,90
CAM_S4,LONG,CAM_S4_FADE_LONG,"real: stop=37 target=38",190,90,37.78,45.56,16.67,120.66,90
CAM_S4,LONG,CAM_S4_FADE_LONG,"real: stop=37 target=38",195,90,43.33,42.22,14.44,114.58,90
CAM_S4,LONG,CAM_S4_FADE_LONG,"real: stop=37 target=38",200,90,43.33,37.78,18.89,103.52,90
CAM_S4,LONG,CAM_S4_FADE_LONG,"real: stop=37 target=38",205,90,41.11,42.22,16.67,96.36,90
CAM_S4,LONG,CAM_S4_FADE_LONG,"real: stop=37 target=38",210,89,42.70,38.20,19.10,99.88,89
CAM_S4,LONG,CAM_S4_FADE_LONG,"real: stop=37 target=38",215,89,31.46,48.31,20.22,90.38,89
CAM_S4,LONG,CAM_S4_FADE_LONG,"real: stop=37 target=38",220,89,39.33,41.57,19.10,96.49,89
CAM_S4,LONG,CAM_S4_FADE_LONG,"real: stop=37 target=38",225,88,32.95,46.59,20.45,83.95,88
CAM_S4,LONG,CAM_S4_FADE_LONG,"real: stop=37 target=38",230,88,37.50,40.91,21.59,84.05,88
CAM_S4,LONG,CAM_S4_FADE_LONG,"real: stop=37 target=38",235,88,40.91,37.50,21.59,75.50,88
CAM_S4,LONG,CAM_S4_FADE_LONG,"real: stop=37 target=38",240,88,35.23,43.18,21.59,99.31,88
DAILY_OPEN,LONG,DAILY_OPEN_FADE_LONG,"real: stop=32 target=37",0,212,43.40,56.60,0.00,154.99,212
DAILY_OPEN,LONG,DAILY_OPEN_FADE_LONG,"real: stop=32 target=37",5,133,47.37,52.63,0.00,179.95,133
DAILY_OPEN,LONG,DAILY_OPEN_FADE_LONG,"real: stop=32 target=37",10,178,45.51,54.49,0.00,164.29,178
DAILY_OPEN,LONG,DAILY_OPEN_FADE_LONG,"real: stop=32 target=37",15,190,44.74,55.26,0.00,161.46,190
DAILY_OPEN,LONG,DAILY_OPEN_FADE_LONG,"real: stop=32 target=37",20,198,46.97,53.03,0.00,144.28,198
DAILY_OPEN,LONG,DAILY_OPEN_FADE_LONG,"real: stop=32 target=37",25,204,40.69,59.31,0.00,149.61,204
DAILY_OPEN,LONG,DAILY_OPEN_FADE_LONG,"real: stop=32 target=37",30,207,43.00,57.00,0.00,143.20,207
DAILY_OPEN,LONG,DAILY_OPEN_FADE_LONG,"real: stop=32 target=37",35,207,42.51,57.49,0.00,147.04,207
DAILY_OPEN,LONG,DAILY_OPEN_FADE_LONG,"real: stop=32 target=37",40,207,45.41,54.59,0.00,150.49,207
DAILY_OPEN,LONG,DAILY_OPEN_FADE_LONG,"real: stop=32 target=37",45,207,42.51,57.49,0.00,137.00,207
DAILY_OPEN,LONG,DAILY_OPEN_FADE_LONG,"real: stop=32 target=37",50,208,42.79,57.21,0.00,137.65,208
DAILY_OPEN,LONG,DAILY_OPEN_FADE_LONG,"real: stop=32 target=37",55,208,50.00,50.00,0.00,149.53,208
DAILY_OPEN,LONG,DAILY_OPEN_FADE_LONG,"real: stop=32 target=37",60,209,44.98,55.02,0.00,141.91,209
DAILY_OPEN,LONG,DAILY_OPEN_FADE_LONG,"real: stop=32 target=37",65,209,47.37,52.63,0.00,129.28,209
DAILY_OPEN,LONG,DAILY_OPEN_FADE_LONG,"real: stop=32 target=37",70,209,47.85,51.67,0.48,133.91,209
DAILY_OPEN,LONG,DAILY_OPEN_FADE_LONG,"real: stop=32 target=37",75,209,49.28,50.72,0.00,128.61,209
DAILY_OPEN,LONG,DAILY_OPEN_FADE_LONG,"real: stop=32 target=37",80,209,48.80,51.20,0.00,115.53,209
DAILY_OPEN,LONG,DAILY_OPEN_FADE_LONG,"real: stop=32 target=37",85,209,42.58,57.42,0.00,115.58,209
DAILY_OPEN,LONG,DAILY_OPEN_FADE_LONG,"real: stop=32 target=37",90,209,45.93,54.07,0.00,113.66,209
DAILY_OPEN,LONG,DAILY_OPEN_FADE_LONG,"real: stop=32 target=37",95,209,43.54,55.50,0.96,109.38,209
DAILY_OPEN,LONG,DAILY_OPEN_FADE_LONG,"real: stop=32 target=37",100,209,45.93,53.11,0.96,114.64,209
DAILY_OPEN,LONG,DAILY_OPEN_FADE_LONG,"real: stop=32 target=37",105,210,48.10,50.95,0.95,111.04,210
DAILY_OPEN,LONG,DAILY_OPEN_FADE_LONG,"real: stop=32 target=37",110,211,43.13,56.87,0.00,113.22,211
DAILY_OPEN,LONG,DAILY_OPEN_FADE_LONG,"real: stop=32 target=37",115,211,49.76,50.24,0.00,109.23,211
DAILY_OPEN,LONG,DAILY_OPEN_FADE_LONG,"real: stop=32 target=37",120,211,47.39,52.13,0.47,98.26,211
DAILY_OPEN,LONG,DAILY_OPEN_FADE_LONG,"real: stop=32 target=37",125,211,50.24,49.29,0.47,99.05,211
DAILY_OPEN,LONG,DAILY_OPEN_FADE_LONG,"real: stop=32 target=37",130,211,50.71,48.82,0.47,98.34,211
DAILY_OPEN,LONG,DAILY_OPEN_FADE_LONG,"real: stop=32 target=37",135,211,50.24,48.34,1.42,93.90,211
DAILY_OPEN,LONG,DAILY_OPEN_FADE_LONG,"real: stop=32 target=37",140,211,46.45,53.08,0.47,103.71,211
DAILY_OPEN,LONG,DAILY_OPEN_FADE_LONG,"real: stop=32 target=37",145,211,51.18,47.87,0.95,107.88,211
DAILY_OPEN,LONG,DAILY_OPEN_FADE_LONG,"real: stop=32 target=37",150,211,49.29,50.24,0.47,109.35,211
DAILY_OPEN,LONG,DAILY_OPEN_FADE_LONG,"real: stop=32 target=37",155,211,46.45,52.61,0.95,99.57,211
DAILY_OPEN,LONG,DAILY_OPEN_FADE_LONG,"real: stop=32 target=37",160,211,46.45,52.61,0.95,95.01,211
DAILY_OPEN,LONG,DAILY_OPEN_FADE_LONG,"real: stop=32 target=37",165,211,46.92,52.13,0.95,102.97,211
DAILY_OPEN,LONG,DAILY_OPEN_FADE_LONG,"real: stop=32 target=37",170,211,40.28,58.77,0.95,81.47,211
DAILY_OPEN,LONG,DAILY_OPEN_FADE_LONG,"real: stop=32 target=37",175,211,47.39,50.71,1.90,85.41,211
DAILY_OPEN,LONG,DAILY_OPEN_FADE_LONG,"real: stop=32 target=37",180,211,45.50,52.61,1.90,85.76,211
DAILY_OPEN,LONG,DAILY_OPEN_FADE_LONG,"real: stop=32 target=37",185,211,49.76,48.82,1.42,87.65,211
DAILY_OPEN,LONG,DAILY_OPEN_FADE_LONG,"real: stop=32 target=37",190,211,45.97,52.13,1.90,80.56,211
DAILY_OPEN,LONG,DAILY_OPEN_FADE_LONG,"real: stop=32 target=37",195,211,43.60,54.98,1.42,82.43,211
DAILY_OPEN,LONG,DAILY_OPEN_FADE_LONG,"real: stop=32 target=37",200,211,45.50,53.55,0.95,96.41,211
DAILY_OPEN,LONG,DAILY_OPEN_FADE_LONG,"real: stop=32 target=37",205,211,45.50,54.03,0.47,82.55,211
DAILY_OPEN,LONG,DAILY_OPEN_FADE_LONG,"real: stop=32 target=37",210,209,47.85,49.28,2.87,84.17,209
DAILY_OPEN,LONG,DAILY_OPEN_FADE_LONG,"real: stop=32 target=37",215,209,44.50,51.67,3.83,88.54,209
DAILY_OPEN,LONG,DAILY_OPEN_FADE_LONG,"real: stop=32 target=37",220,209,44.98,51.20,3.83,89.99,209
DAILY_OPEN,LONG,DAILY_OPEN_FADE_LONG,"real: stop=32 target=37",225,207,48.31,48.31,3.38,92.56,207
DAILY_OPEN,LONG,DAILY_OPEN_FADE_LONG,"real: stop=32 target=37",230,207,43.00,52.66,4.35,92.58,207
DAILY_OPEN,LONG,DAILY_OPEN_FADE_LONG,"real: stop=32 target=37",235,207,41.06,54.59,4.35,79.86,207
DAILY_OPEN,LONG,DAILY_OPEN_FADE_LONG,"real: stop=32 target=37",240,207,43.96,51.21,4.83,73.04,207
DAILY_OPEN,SHORT,DAILY_OPEN_FADE_SHORT,"real: stop=37 target=38",0,212,52.83,47.17,0.00,178.11,212
DAILY_OPEN,SHORT,DAILY_OPEN_FADE_SHORT,"real: stop=37 target=38",5,143,48.25,51.75,0.00,208.47,143
DAILY_OPEN,SHORT,DAILY_OPEN_FADE_SHORT,"real: stop=37 target=38",10,186,47.31,52.69,0.00,203.47,186
DAILY_OPEN,SHORT,DAILY_OPEN_FADE_SHORT,"real: stop=37 target=38",15,195,48.21,51.79,0.00,208.22,195
DAILY_OPEN,SHORT,DAILY_OPEN_FADE_SHORT,"real: stop=37 target=38",20,200,50.50,49.00,0.50,187.38,200
DAILY_OPEN,SHORT,DAILY_OPEN_FADE_SHORT,"real: stop=37 target=38",25,206,54.37,45.15,0.49,167.95,206
DAILY_OPEN,SHORT,DAILY_OPEN_FADE_SHORT,"real: stop=37 target=38",30,208,49.04,50.48,0.48,178.03,208
DAILY_OPEN,SHORT,DAILY_OPEN_FADE_SHORT,"real: stop=37 target=38",35,208,50.48,49.52,0.00,157.80,208
DAILY_OPEN,SHORT,DAILY_OPEN_FADE_SHORT,"real: stop=37 target=38",40,208,46.15,53.37,0.48,180.55,208
DAILY_OPEN,SHORT,DAILY_OPEN_FADE_SHORT,"real: stop=37 target=38",45,209,50.72,49.28,0.00,162.59,209
DAILY_OPEN,SHORT,DAILY_OPEN_FADE_SHORT,"real: stop=37 target=38",50,209,49.76,49.76,0.48,180.92,209
DAILY_OPEN,SHORT,DAILY_OPEN_FADE_SHORT,"real: stop=37 target=38",55,209,45.45,53.59,0.96,150.09,209
DAILY_OPEN,SHORT,DAILY_OPEN_FADE_SHORT,"real: stop=37 target=38",60,210,48.10,51.90,0.00,164.36,210
DAILY_OPEN,SHORT,DAILY_OPEN_FADE_SHORT,"real: stop=37 target=38",65,210,49.52,49.52,0.95,150.50,210
DAILY_OPEN,SHORT,DAILY_OPEN_FADE_SHORT,"real: stop=37 target=38",70,210,46.67,52.38,0.95,163.60,210
DAILY_OPEN,SHORT,DAILY_OPEN_FADE_SHORT,"real: stop=37 target=38",75,210,43.81,55.71,0.48,159.60,210
DAILY_OPEN,SHORT,DAILY_OPEN_FADE_SHORT,"real: stop=37 target=38",80,210,43.33,56.67,0.00,137.86,210
DAILY_OPEN,SHORT,DAILY_OPEN_FADE_SHORT,"real: stop=37 target=38",85,210,48.57,50.95,0.48,156.62,210
DAILY_OPEN,SHORT,DAILY_OPEN_FADE_SHORT,"real: stop=37 target=38",90,210,48.57,51.43,0.00,138.92,210
DAILY_OPEN,SHORT,DAILY_OPEN_FADE_SHORT,"real: stop=37 target=38",95,210,51.43,47.62,0.95,149.57,210
DAILY_OPEN,SHORT,DAILY_OPEN_FADE_SHORT,"real: stop=37 target=38",100,210,46.67,51.90,1.43,125.92,210
DAILY_OPEN,SHORT,DAILY_OPEN_FADE_SHORT,"real: stop=37 target=38",105,211,45.97,52.61,1.42,132.82,211
DAILY_OPEN,SHORT,DAILY_OPEN_FADE_SHORT,"real: stop=37 target=38",110,211,49.29,50.24,0.47,124.09,211
DAILY_OPEN,SHORT,DAILY_OPEN_FADE_SHORT,"real: stop=37 target=38",115,211,46.45,53.08,0.47,126.79,211
DAILY_OPEN,SHORT,DAILY_OPEN_FADE_SHORT,"real: stop=37 target=38",120,211,45.50,53.55,0.95,133.22,211
DAILY_OPEN,SHORT,DAILY_OPEN_FADE_SHORT,"real: stop=37 target=38",125,211,42.65,56.40,0.95,124.74,211
DAILY_OPEN,SHORT,DAILY_OPEN_FADE_SHORT,"real: stop=37 target=38",130,211,44.55,54.98,0.47,135.05,211
DAILY_OPEN,SHORT,DAILY_OPEN_FADE_SHORT,"real: stop=37 target=38",135,211,43.13,55.45,1.42,137.61,211
DAILY_OPEN,SHORT,DAILY_OPEN_FADE_SHORT,"real: stop=37 target=38",140,211,46.45,52.13,1.42,128.60,211
DAILY_OPEN,SHORT,DAILY_OPEN_FADE_SHORT,"real: stop=37 target=38",145,211,42.65,56.40,0.95,141.36,211
DAILY_OPEN,SHORT,DAILY_OPEN_FADE_SHORT,"real: stop=37 target=38",150,211,45.02,54.03,0.95,126.31,211
DAILY_OPEN,SHORT,DAILY_OPEN_FADE_SHORT,"real: stop=37 target=38",155,211,46.92,52.13,0.95,121.61,211
DAILY_OPEN,SHORT,DAILY_OPEN_FADE_SHORT,"real: stop=37 target=38",160,211,43.60,54.98,1.42,153.70,211
DAILY_OPEN,SHORT,DAILY_OPEN_FADE_SHORT,"real: stop=37 target=38",165,211,47.87,50.71,1.42,126.82,211
DAILY_OPEN,SHORT,DAILY_OPEN_FADE_SHORT,"real: stop=37 target=38",170,211,54.03,44.08,1.90,129.66,211
DAILY_OPEN,SHORT,DAILY_OPEN_FADE_SHORT,"real: stop=37 target=38",175,211,46.45,51.66,1.90,122.44,211
DAILY_OPEN,SHORT,DAILY_OPEN_FADE_SHORT,"real: stop=37 target=38",180,211,47.87,50.24,1.90,115.56,211
DAILY_OPEN,SHORT,DAILY_OPEN_FADE_SHORT,"real: stop=37 target=38",185,211,43.60,54.50,1.90,115.19,211
DAILY_OPEN,SHORT,DAILY_OPEN_FADE_SHORT,"real: stop=37 target=38",190,211,48.34,49.76,1.90,108.78,211
DAILY_OPEN,SHORT,DAILY_OPEN_FADE_SHORT,"real: stop=37 target=38",195,211,46.92,51.18,1.90,111.58,211
DAILY_OPEN,SHORT,DAILY_OPEN_FADE_SHORT,"real: stop=37 target=38",200,211,48.34,50.71,0.95,105.10,211
DAILY_OPEN,SHORT,DAILY_OPEN_FADE_SHORT,"real: stop=37 target=38",205,211,48.34,50.24,1.42,96.30,211
DAILY_OPEN,SHORT,DAILY_OPEN_FADE_SHORT,"real: stop=37 target=38",210,209,43.54,53.11,3.35,96.36,209
DAILY_OPEN,SHORT,DAILY_OPEN_FADE_SHORT,"real: stop=37 target=38",215,209,45.93,48.80,5.26,100.34,209
DAILY_OPEN,SHORT,DAILY_OPEN_FADE_SHORT,"real: stop=37 target=38",220,209,45.93,49.28,4.78,89.93,209
DAILY_OPEN,SHORT,DAILY_OPEN_FADE_SHORT,"real: stop=37 target=38",225,207,44.44,52.17,3.38,79.53,207
DAILY_OPEN,SHORT,DAILY_OPEN_FADE_SHORT,"real: stop=37 target=38",230,207,49.28,46.38,4.35,86.16,207
DAILY_OPEN,SHORT,DAILY_OPEN_FADE_SHORT,"real: stop=37 target=38",235,207,49.76,45.89,4.35,89.48,207
DAILY_OPEN,SHORT,DAILY_OPEN_FADE_SHORT,"real: stop=37 target=38",240,207,44.44,49.76,5.80,94.02,207
WEEKLY_OPEN,LONG,WEEKLY_OPEN_FADE_LONG,"real: stop=37 target=38",0,85,54.12,44.71,1.18,159.26,85
WEEKLY_OPEN,LONG,WEEKLY_OPEN_FADE_LONG,"real: stop=37 target=38",5,57,50.88,49.12,0.00,190.66,57
WEEKLY_OPEN,LONG,WEEKLY_OPEN_FADE_LONG,"real: stop=37 target=38",10,69,49.28,50.72,0.00,158.60,69
WEEKLY_OPEN,LONG,WEEKLY_OPEN_FADE_LONG,"real: stop=37 target=38",15,74,52.70,47.30,0.00,190.12,74
WEEKLY_OPEN,LONG,WEEKLY_OPEN_FADE_LONG,"real: stop=37 target=38",20,76,53.95,46.05,0.00,170.82,76
WEEKLY_OPEN,LONG,WEEKLY_OPEN_FADE_LONG,"real: stop=37 target=38",25,77,45.45,54.55,0.00,163.91,77
WEEKLY_OPEN,LONG,WEEKLY_OPEN_FADE_LONG,"real: stop=37 target=38",30,78,44.87,53.85,1.28,182.11,78
WEEKLY_OPEN,LONG,WEEKLY_OPEN_FADE_LONG,"real: stop=37 target=38",35,79,45.57,53.16,1.27,155.03,79
WEEKLY_OPEN,LONG,WEEKLY_OPEN_FADE_LONG,"real: stop=37 target=38",40,79,45.57,54.43,0.00,150.15,79
WEEKLY_OPEN,LONG,WEEKLY_OPEN_FADE_LONG,"real: stop=37 target=38",45,80,50.00,50.00,0.00,171.44,80
WEEKLY_OPEN,LONG,WEEKLY_OPEN_FADE_LONG,"real: stop=37 target=38",50,80,48.75,51.25,0.00,144.61,80
WEEKLY_OPEN,LONG,WEEKLY_OPEN_FADE_LONG,"real: stop=37 target=38",55,80,53.75,45.00,1.25,156.98,80
WEEKLY_OPEN,LONG,WEEKLY_OPEN_FADE_LONG,"real: stop=37 target=38",60,81,59.26,39.51,1.23,151.11,81
WEEKLY_OPEN,LONG,WEEKLY_OPEN_FADE_LONG,"real: stop=37 target=38",65,81,44.44,54.32,1.23,120.63,81
WEEKLY_OPEN,LONG,WEEKLY_OPEN_FADE_LONG,"real: stop=37 target=38",70,81,45.68,53.09,1.23,128.53,81
WEEKLY_OPEN,LONG,WEEKLY_OPEN_FADE_LONG,"real: stop=37 target=38",75,81,55.56,43.21,1.23,131.72,81
WEEKLY_OPEN,LONG,WEEKLY_OPEN_FADE_LONG,"real: stop=37 target=38",80,81,44.44,55.56,0.00,99.84,81
WEEKLY_OPEN,LONG,WEEKLY_OPEN_FADE_LONG,"real: stop=37 target=38",85,82,51.22,46.34,2.44,142.18,82
WEEKLY_OPEN,LONG,WEEKLY_OPEN_FADE_LONG,"real: stop=37 target=38",90,82,41.46,54.88,3.66,121.51,82
WEEKLY_OPEN,LONG,WEEKLY_OPEN_FADE_LONG,"real: stop=37 target=38",95,82,50.00,46.34,3.66,116.80,82
WEEKLY_OPEN,LONG,WEEKLY_OPEN_FADE_LONG,"real: stop=37 target=38",100,82,57.32,37.80,4.88,117.29,82
WEEKLY_OPEN,LONG,WEEKLY_OPEN_FADE_LONG,"real: stop=37 target=38",105,83,43.37,51.81,4.82,135.54,83
WEEKLY_OPEN,LONG,WEEKLY_OPEN_FADE_LONG,"real: stop=37 target=38",110,83,51.81,42.17,6.02,134.67,83
WEEKLY_OPEN,LONG,WEEKLY_OPEN_FADE_LONG,"real: stop=37 target=38",115,84,48.81,46.43,4.76,127.49,84
WEEKLY_OPEN,LONG,WEEKLY_OPEN_FADE_LONG,"real: stop=37 target=38",120,84,54.76,38.10,7.14,114.82,84
WEEKLY_OPEN,LONG,WEEKLY_OPEN_FADE_LONG,"real: stop=37 target=38",125,84,52.38,39.29,8.33,112.68,84
WEEKLY_OPEN,LONG,WEEKLY_OPEN_FADE_LONG,"real: stop=37 target=38",130,84,44.05,47.62,8.33,103.30,84
WEEKLY_OPEN,LONG,WEEKLY_OPEN_FADE_LONG,"real: stop=37 target=38",135,84,52.38,41.67,5.95,115.80,84
WEEKLY_OPEN,LONG,WEEKLY_OPEN_FADE_LONG,"real: stop=37 target=38",140,84,50.00,42.86,7.14,109.04,84
WEEKLY_OPEN,LONG,WEEKLY_OPEN_FADE_LONG,"real: stop=37 target=38",145,84,48.81,41.67,9.52,108.43,84
WEEKLY_OPEN,LONG,WEEKLY_OPEN_FADE_LONG,"real: stop=37 target=38",150,85,47.06,42.35,10.59,112.59,85
WEEKLY_OPEN,LONG,WEEKLY_OPEN_FADE_LONG,"real: stop=37 target=38",155,85,47.06,41.18,11.76,122.78,85
WEEKLY_OPEN,LONG,WEEKLY_OPEN_FADE_LONG,"real: stop=37 target=38",160,85,48.24,38.82,12.94,108.14,85
WEEKLY_OPEN,LONG,WEEKLY_OPEN_FADE_LONG,"real: stop=37 target=38",165,85,38.82,43.53,17.65,109.90,85
WEEKLY_OPEN,LONG,WEEKLY_OPEN_FADE_LONG,"real: stop=37 target=38",170,85,37.65,44.71,17.65,102.52,85
WEEKLY_OPEN,LONG,WEEKLY_OPEN_FADE_LONG,"real: stop=37 target=38",175,85,37.65,48.24,14.12,98.27,85
WEEKLY_OPEN,LONG,WEEKLY_OPEN_FADE_LONG,"real: stop=37 target=38",180,85,41.18,43.53,15.29,85.61,85
WEEKLY_OPEN,LONG,WEEKLY_OPEN_FADE_LONG,"real: stop=37 target=38",185,85,41.18,41.18,17.65,108.19,85
WEEKLY_OPEN,LONG,WEEKLY_OPEN_FADE_LONG,"real: stop=37 target=38",190,85,40.00,41.18,18.82,88.21,85
WEEKLY_OPEN,LONG,WEEKLY_OPEN_FADE_LONG,"real: stop=37 target=38",195,85,43.53,40.00,16.47,97.29,85
WEEKLY_OPEN,LONG,WEEKLY_OPEN_FADE_LONG,"real: stop=37 target=38",200,85,43.53,40.00,16.47,90.72,85
WEEKLY_OPEN,LONG,WEEKLY_OPEN_FADE_LONG,"real: stop=37 target=38",205,85,41.18,41.18,17.65,81.81,85
WEEKLY_OPEN,LONG,WEEKLY_OPEN_FADE_LONG,"real: stop=37 target=38",210,85,44.71,36.47,18.82,89.82,85
WEEKLY_OPEN,LONG,WEEKLY_OPEN_FADE_LONG,"real: stop=37 target=38",215,85,44.71,37.65,17.65,73.29,85
WEEKLY_OPEN,LONG,WEEKLY_OPEN_FADE_LONG,"real: stop=37 target=38",220,84,38.10,44.05,17.86,81.34,84
WEEKLY_OPEN,LONG,WEEKLY_OPEN_FADE_LONG,"real: stop=37 target=38",225,84,40.48,39.29,20.24,77.78,84
WEEKLY_OPEN,LONG,WEEKLY_OPEN_FADE_LONG,"real: stop=37 target=38",230,84,46.43,33.33,20.24,76.38,84
WEEKLY_OPEN,LONG,WEEKLY_OPEN_FADE_LONG,"real: stop=37 target=38",235,84,41.67,35.71,22.62,71.66,84
WEEKLY_OPEN,LONG,WEEKLY_OPEN_FADE_LONG,"real: stop=37 target=38",240,84,33.33,44.05,22.62,75.62,84
WEEKLY_OPEN,SHORT,WEEKLY_OPEN_FADE_SHORT,"real: stop=37 target=38",0,85,44.71,54.12,1.18,116.76,85
WEEKLY_OPEN,SHORT,WEEKLY_OPEN_FADE_SHORT,"real: stop=37 target=38",5,57,47.37,52.63,0.00,131.58,57
WEEKLY_OPEN,SHORT,WEEKLY_OPEN_FADE_SHORT,"real: stop=37 target=38",10,70,50.00,50.00,0.00,156.59,70
WEEKLY_OPEN,SHORT,WEEKLY_OPEN_FADE_SHORT,"real: stop=37 target=38",15,74,45.95,54.05,0.00,178.68,74
WEEKLY_OPEN,SHORT,WEEKLY_OPEN_FADE_SHORT,"real: stop=37 target=38",20,76,44.74,55.26,0.00,117.67,76
WEEKLY_OPEN,SHORT,WEEKLY_OPEN_FADE_SHORT,"real: stop=37 target=38",25,77,51.95,48.05,0.00,118.17,77
WEEKLY_OPEN,SHORT,WEEKLY_OPEN_FADE_SHORT,"real: stop=37 target=38",30,78,50.00,48.72,1.28,124.12,78
WEEKLY_OPEN,SHORT,WEEKLY_OPEN_FADE_SHORT,"real: stop=37 target=38",35,79,51.90,46.84,1.27,136.78,79
WEEKLY_OPEN,SHORT,WEEKLY_OPEN_FADE_SHORT,"real: stop=37 target=38",40,79,51.90,48.10,0.00,131.19,79
WEEKLY_OPEN,SHORT,WEEKLY_OPEN_FADE_SHORT,"real: stop=37 target=38",45,80,48.75,51.25,0.00,133.58,80
WEEKLY_OPEN,SHORT,WEEKLY_OPEN_FADE_SHORT,"real: stop=37 target=38",50,80,48.75,51.25,0.00,126.24,80
WEEKLY_OPEN,SHORT,WEEKLY_OPEN_FADE_SHORT,"real: stop=37 target=38",55,80,40.00,58.75,1.25,131.55,80
WEEKLY_OPEN,SHORT,WEEKLY_OPEN_FADE_SHORT,"real: stop=37 target=38",60,81,38.27,60.49,1.23,134.65,81
WEEKLY_OPEN,SHORT,WEEKLY_OPEN_FADE_SHORT,"real: stop=37 target=38",65,81,49.38,50.62,0.00,111.78,81
WEEKLY_OPEN,SHORT,WEEKLY_OPEN_FADE_SHORT,"real: stop=37 target=38",70,81,53.09,45.68,1.23,107.01,81
WEEKLY_OPEN,SHORT,WEEKLY_OPEN_FADE_SHORT,"real: stop=37 target=38",75,81,41.98,56.79,1.23,104.95,81
WEEKLY_OPEN,SHORT,WEEKLY_OPEN_FADE_SHORT,"real: stop=37 target=38",80,81,51.85,48.15,0.00,105.11,81
WEEKLY_OPEN,SHORT,WEEKLY_OPEN_FADE_SHORT,"real: stop=37 target=38",85,82,46.34,51.22,2.44,102.74,82
WEEKLY_OPEN,SHORT,WEEKLY_OPEN_FADE_SHORT,"real: stop=37 target=38",90,82,52.44,43.90,3.66,97.91,82
WEEKLY_OPEN,SHORT,WEEKLY_OPEN_FADE_SHORT,"real: stop=37 target=38",95,82,46.34,50.00,3.66,94.11,82
WEEKLY_OPEN,SHORT,WEEKLY_OPEN_FADE_SHORT,"real: stop=37 target=38",100,82,37.80,57.32,4.88,86.39,82
WEEKLY_OPEN,SHORT,WEEKLY_OPEN_FADE_SHORT,"real: stop=37 target=38",105,82,50.00,45.12,4.88,94.16,82
WEEKLY_OPEN,SHORT,WEEKLY_OPEN_FADE_SHORT,"real: stop=37 target=38",110,83,42.17,51.81,6.02,107.68,83
WEEKLY_OPEN,SHORT,WEEKLY_OPEN_FADE_SHORT,"real: stop=37 target=38",115,84,42.86,51.19,5.95,76.61,84
WEEKLY_OPEN,SHORT,WEEKLY_OPEN_FADE_SHORT,"real: stop=37 target=38",120,84,38.10,54.76,7.14,72.78,84
WEEKLY_OPEN,SHORT,WEEKLY_OPEN_FADE_SHORT,"real: stop=37 target=38",125,84,38.10,54.76,7.14,80.55,84
WEEKLY_OPEN,SHORT,WEEKLY_OPEN_FADE_SHORT,"real: stop=37 target=38",130,84,44.05,47.62,8.33,87.63,84
WEEKLY_OPEN,SHORT,WEEKLY_OPEN_FADE_SHORT,"real: stop=37 target=38",135,84,41.67,52.38,5.95,93.72,84
WEEKLY_OPEN,SHORT,WEEKLY_OPEN_FADE_SHORT,"real: stop=37 target=38",140,84,42.86,50.00,7.14,89.81,84
WEEKLY_OPEN,SHORT,WEEKLY_OPEN_FADE_SHORT,"real: stop=37 target=38",145,84,40.48,50.00,9.52,99.17,84
WEEKLY_OPEN,SHORT,WEEKLY_OPEN_FADE_SHORT,"real: stop=37 target=38",150,85,42.35,47.06,10.59,107.44,85
WEEKLY_OPEN,SHORT,WEEKLY_OPEN_FADE_SHORT,"real: stop=37 target=38",155,85,41.18,47.06,11.76,103.83,85
WEEKLY_OPEN,SHORT,WEEKLY_OPEN_FADE_SHORT,"real: stop=37 target=38",160,85,38.82,48.24,12.94,97.93,85
WEEKLY_OPEN,SHORT,WEEKLY_OPEN_FADE_SHORT,"real: stop=37 target=38",165,85,43.53,38.82,17.65,102.89,85
WEEKLY_OPEN,SHORT,WEEKLY_OPEN_FADE_SHORT,"real: stop=37 target=38",170,85,43.53,38.82,17.65,95.37,85
WEEKLY_OPEN,SHORT,WEEKLY_OPEN_FADE_SHORT,"real: stop=37 target=38",175,85,45.88,40.00,14.12,87.04,85
WEEKLY_OPEN,SHORT,WEEKLY_OPEN_FADE_SHORT,"real: stop=37 target=38",180,85,43.53,41.18,15.29,87.82,85
WEEKLY_OPEN,SHORT,WEEKLY_OPEN_FADE_SHORT,"real: stop=37 target=38",185,85,41.18,41.18,17.65,91.83,85
WEEKLY_OPEN,SHORT,WEEKLY_OPEN_FADE_SHORT,"real: stop=37 target=38",190,85,41.18,40.00,18.82,70.95,85
WEEKLY_OPEN,SHORT,WEEKLY_OPEN_FADE_SHORT,"real: stop=37 target=38",195,85,37.65,44.71,17.65,75.06,85
WEEKLY_OPEN,SHORT,WEEKLY_OPEN_FADE_SHORT,"real: stop=37 target=38",200,85,38.82,43.53,17.65,78.39,85
WEEKLY_OPEN,SHORT,WEEKLY_OPEN_FADE_SHORT,"real: stop=37 target=38",205,85,37.65,44.71,17.65,61.16,85
WEEKLY_OPEN,SHORT,WEEKLY_OPEN_FADE_SHORT,"real: stop=37 target=38",210,85,35.29,45.88,18.82,90.56,85
WEEKLY_OPEN,SHORT,WEEKLY_OPEN_FADE_SHORT,"real: stop=37 target=38",215,85,36.47,44.71,18.82,60.55,85
WEEKLY_OPEN,SHORT,WEEKLY_OPEN_FADE_SHORT,"real: stop=37 target=38",220,84,44.05,38.10,17.86,74.26,84
WEEKLY_OPEN,SHORT,WEEKLY_OPEN_FADE_SHORT,"real: stop=37 target=38",225,84,39.29,40.48,20.24,72.54,84
WEEKLY_OPEN,SHORT,WEEKLY_OPEN_FADE_SHORT,"real: stop=37 target=38",230,84,32.14,46.43,21.43,93.24,84
WEEKLY_OPEN,SHORT,WEEKLY_OPEN_FADE_SHORT,"real: stop=37 target=38",235,84,33.33,44.05,22.62,91.53,84
WEEKLY_OPEN,SHORT,WEEKLY_OPEN_FADE_SHORT,"real: stop=37 target=38",240,84,42.86,34.52,22.62,75.12,84
MONTHLY_OPEN,LONG,MONTHLY_OPEN_FADE_LONG,"real: stop=37 target=38",0,49,42.86,53.06,4.08,150.21,49
MONTHLY_OPEN,LONG,MONTHLY_OPEN_FADE_LONG,"real: stop=37 target=38",5,37,51.35,45.95,2.70,197.37,37
MONTHLY_OPEN,LONG,MONTHLY_OPEN_FADE_LONG,"real: stop=37 target=38",10,42,45.24,52.38,2.38,214.70,42
MONTHLY_OPEN,LONG,MONTHLY_OPEN_FADE_LONG,"real: stop=37 target=38",15,44,43.18,54.55,2.27,202.22,44
MONTHLY_OPEN,LONG,MONTHLY_OPEN_FADE_LONG,"real: stop=37 target=38",20,45,51.11,46.67,2.22,161.47,45
MONTHLY_OPEN,LONG,MONTHLY_OPEN_FADE_LONG,"real: stop=37 target=38",25,45,42.22,53.33,4.44,197.80,45
MONTHLY_OPEN,LONG,MONTHLY_OPEN_FADE_LONG,"real: stop=37 target=38",30,46,54.35,43.48,2.17,172.76,46
MONTHLY_OPEN,LONG,MONTHLY_OPEN_FADE_LONG,"real: stop=37 target=38",35,46,50.00,45.65,4.35,176.97,46
MONTHLY_OPEN,LONG,MONTHLY_OPEN_FADE_LONG,"real: stop=37 target=38",40,46,47.83,47.83,4.35,145.11,46
MONTHLY_OPEN,LONG,MONTHLY_OPEN_FADE_LONG,"real: stop=37 target=38",45,46,45.65,47.83,6.52,175.12,46
MONTHLY_OPEN,LONG,MONTHLY_OPEN_FADE_LONG,"real: stop=37 target=38",50,46,41.30,52.17,6.52,151.59,46
MONTHLY_OPEN,LONG,MONTHLY_OPEN_FADE_LONG,"real: stop=37 target=38",55,46,52.17,41.30,6.52,130.21,46
MONTHLY_OPEN,LONG,MONTHLY_OPEN_FADE_LONG,"real: stop=37 target=38",60,46,47.83,45.65,6.52,147.63,46
MONTHLY_OPEN,LONG,MONTHLY_OPEN_FADE_LONG,"real: stop=37 target=38",65,46,32.61,60.87,6.52,207.38,46
MONTHLY_OPEN,LONG,MONTHLY_OPEN_FADE_LONG,"real: stop=37 target=38",70,46,47.83,45.65,6.52,190.66,46
MONTHLY_OPEN,LONG,MONTHLY_OPEN_FADE_LONG,"real: stop=37 target=38",75,46,41.30,52.17,6.52,151.80,46
MONTHLY_OPEN,LONG,MONTHLY_OPEN_FADE_LONG,"real: stop=37 target=38",80,46,50.00,43.48,6.52,133.11,46
MONTHLY_OPEN,LONG,MONTHLY_OPEN_FADE_LONG,"real: stop=37 target=38",85,46,52.17,41.30,6.52,141.24,46
MONTHLY_OPEN,LONG,MONTHLY_OPEN_FADE_LONG,"real: stop=37 target=38",90,46,56.52,36.96,6.52,117.83,46
MONTHLY_OPEN,LONG,MONTHLY_OPEN_FADE_LONG,"real: stop=37 target=38",95,46,41.30,52.17,6.52,128.05,46
MONTHLY_OPEN,LONG,MONTHLY_OPEN_FADE_LONG,"real: stop=37 target=38",100,46,45.65,47.83,6.52,147.79,46
MONTHLY_OPEN,LONG,MONTHLY_OPEN_FADE_LONG,"real: stop=37 target=38",105,47,44.68,48.94,6.38,106.93,47
MONTHLY_OPEN,LONG,MONTHLY_OPEN_FADE_LONG,"real: stop=37 target=38",110,47,40.43,53.19,6.38,93.96,47
MONTHLY_OPEN,LONG,MONTHLY_OPEN_FADE_LONG,"real: stop=37 target=38",115,48,52.08,41.67,6.25,100.13,48
MONTHLY_OPEN,LONG,MONTHLY_OPEN_FADE_LONG,"real: stop=37 target=38",120,48,29.17,64.58,6.25,120.55,48
MONTHLY_OPEN,LONG,MONTHLY_OPEN_FADE_LONG,"real: stop=37 target=38",125,48,39.58,54.17,6.25,126.61,48
MONTHLY_OPEN,LONG,MONTHLY_OPEN_FADE_LONG,"real: stop=37 target=38",130,48,41.67,52.08,6.25,121.06,48
MONTHLY_OPEN,LONG,MONTHLY_OPEN_FADE_LONG,"real: stop=37 target=38",135,48,41.67,52.08,6.25,112.80,48
MONTHLY_OPEN,LONG,MONTHLY_OPEN_FADE_LONG,"real: stop=37 target=38",140,48,56.25,37.50,6.25,109.03,48
MONTHLY_OPEN,LONG,MONTHLY_OPEN_FADE_LONG,"real: stop=37 target=38",145,48,50.00,43.75,6.25,105.90,48
MONTHLY_OPEN,LONG,MONTHLY_OPEN_FADE_LONG,"real: stop=37 target=38",150,49,44.90,46.94,8.16,104.98,49
MONTHLY_OPEN,LONG,MONTHLY_OPEN_FADE_LONG,"real: stop=37 target=38",155,49,42.86,48.98,8.16,109.15,49
MONTHLY_OPEN,LONG,MONTHLY_OPEN_FADE_LONG,"real: stop=37 target=38",160,49,46.94,44.90,8.16,86.49,49
MONTHLY_OPEN,LONG,MONTHLY_OPEN_FADE_LONG,"real: stop=37 target=38",165,49,38.78,51.02,10.20,94.87,49
MONTHLY_OPEN,LONG,MONTHLY_OPEN_FADE_LONG,"real: stop=37 target=38",170,49,42.86,44.90,12.24,76.24,49
MONTHLY_OPEN,LONG,MONTHLY_OPEN_FADE_LONG,"real: stop=37 target=38",175,49,46.94,42.86,10.20,79.88,49
MONTHLY_OPEN,LONG,MONTHLY_OPEN_FADE_LONG,"real: stop=37 target=38",180,49,40.82,46.94,12.24,86.76,49
MONTHLY_OPEN,LONG,MONTHLY_OPEN_FADE_LONG,"real: stop=37 target=38",185,49,36.73,51.02,12.24,83.13,49
MONTHLY_OPEN,LONG,MONTHLY_OPEN_FADE_LONG,"real: stop=37 target=38",190,49,38.78,48.98,12.24,93.30,49
MONTHLY_OPEN,LONG,MONTHLY_OPEN_FADE_LONG,"real: stop=37 target=38",195,49,34.69,53.06,12.24,84.63,49
MONTHLY_OPEN,LONG,MONTHLY_OPEN_FADE_LONG,"real: stop=37 target=38",200,49,28.57,57.14,14.29,98.91,49
MONTHLY_OPEN,LONG,MONTHLY_OPEN_FADE_LONG,"real: stop=37 target=38",205,49,42.86,44.90,12.24,93.93,49
MONTHLY_OPEN,LONG,MONTHLY_OPEN_FADE_LONG,"real: stop=37 target=38",210,49,44.90,38.78,16.33,95.91,49
MONTHLY_OPEN,LONG,MONTHLY_OPEN_FADE_LONG,"real: stop=37 target=38",215,49,51.02,32.65,16.33,98.69,49
MONTHLY_OPEN,LONG,MONTHLY_OPEN_FADE_LONG,"real: stop=37 target=38",220,49,42.86,42.86,14.29,77.60,49
MONTHLY_OPEN,LONG,MONTHLY_OPEN_FADE_LONG,"real: stop=37 target=38",225,49,36.73,46.94,16.33,110.40,49
MONTHLY_OPEN,LONG,MONTHLY_OPEN_FADE_LONG,"real: stop=37 target=38",230,49,38.78,42.86,18.37,95.57,49
MONTHLY_OPEN,LONG,MONTHLY_OPEN_FADE_LONG,"real: stop=37 target=38",235,49,36.73,42.86,20.41,90.69,49
MONTHLY_OPEN,LONG,MONTHLY_OPEN_FADE_LONG,"real: stop=37 target=38",240,49,32.65,44.90,22.45,74.31,49
MONTHLY_OPEN,SHORT,MONTHLY_OPEN_FADE_SHORT,"real: stop=37 target=38",0,49,51.02,44.90,4.08,154.53,49
MONTHLY_OPEN,SHORT,MONTHLY_OPEN_FADE_SHORT,"real: stop=37 target=38",5,36,44.44,52.78,2.78,235.22,36
MONTHLY_OPEN,SHORT,MONTHLY_OPEN_FADE_SHORT,"real: stop=37 target=38",10,42,50.00,47.62,2.38,228.65,42
MONTHLY_OPEN,SHORT,MONTHLY_OPEN_FADE_SHORT,"real: stop=37 target=38",15,45,51.11,46.67,2.22,166.52,45
MONTHLY_OPEN,SHORT,MONTHLY_OPEN_FADE_SHORT,"real: stop=37 target=38",20,45,46.67,51.11,2.22,166.44,45
MONTHLY_OPEN,SHORT,MONTHLY_OPEN_FADE_SHORT,"real: stop=37 target=38",25,45,51.11,44.44,4.44,185.92,45
MONTHLY_OPEN,SHORT,MONTHLY_OPEN_FADE_SHORT,"real: stop=37 target=38",30,46,43.48,54.35,2.17,171.22,46
MONTHLY_OPEN,SHORT,MONTHLY_OPEN_FADE_SHORT,"real: stop=37 target=38",35,46,45.65,50.00,4.35,179.64,46
MONTHLY_OPEN,SHORT,MONTHLY_OPEN_FADE_SHORT,"real: stop=37 target=38",40,46,47.83,47.83,4.35,190.01,46
MONTHLY_OPEN,SHORT,MONTHLY_OPEN_FADE_SHORT,"real: stop=37 target=38",45,46,45.65,47.83,6.52,173.11,46
MONTHLY_OPEN,SHORT,MONTHLY_OPEN_FADE_SHORT,"real: stop=37 target=38",50,46,50.00,43.48,6.52,146.15,46
MONTHLY_OPEN,SHORT,MONTHLY_OPEN_FADE_SHORT,"real: stop=37 target=38",55,46,41.30,52.17,6.52,141.20,46
MONTHLY_OPEN,SHORT,MONTHLY_OPEN_FADE_SHORT,"real: stop=37 target=38",60,46,43.48,50.00,6.52,147.65,46
MONTHLY_OPEN,SHORT,MONTHLY_OPEN_FADE_SHORT,"real: stop=37 target=38",65,46,52.17,41.30,6.52,142.38,46
MONTHLY_OPEN,SHORT,MONTHLY_OPEN_FADE_SHORT,"real: stop=37 target=38",70,46,45.65,47.83,6.52,151.96,46
MONTHLY_OPEN,SHORT,MONTHLY_OPEN_FADE_SHORT,"real: stop=37 target=38",75,46,47.83,45.65,6.52,159.38,46
MONTHLY_OPEN,SHORT,MONTHLY_OPEN_FADE_SHORT,"real: stop=37 target=38",80,46,43.48,50.00,6.52,107.16,46
MONTHLY_OPEN,SHORT,MONTHLY_OPEN_FADE_SHORT,"real: stop=37 target=38",85,46,34.78,58.70,6.52,93.78,46
MONTHLY_OPEN,SHORT,MONTHLY_OPEN_FADE_SHORT,"real: stop=37 target=38",90,46,36.96,56.52,6.52,106.69,46
MONTHLY_OPEN,SHORT,MONTHLY_OPEN_FADE_SHORT,"real: stop=37 target=38",95,46,50.00,43.48,6.52,80.77,46
MONTHLY_OPEN,SHORT,MONTHLY_OPEN_FADE_SHORT,"real: stop=37 target=38",100,46,47.83,45.65,6.52,121.17,46
MONTHLY_OPEN,SHORT,MONTHLY_OPEN_FADE_SHORT,"real: stop=37 target=38",105,46,45.65,47.83,6.52,95.70,46
MONTHLY_OPEN,SHORT,MONTHLY_OPEN_FADE_SHORT,"real: stop=37 target=38",110,47,48.94,44.68,6.38,87.13,47
MONTHLY_OPEN,SHORT,MONTHLY_OPEN_FADE_SHORT,"real: stop=37 target=38",115,48,39.58,54.17,6.25,75.07,48
MONTHLY_OPEN,SHORT,MONTHLY_OPEN_FADE_SHORT,"real: stop=37 target=38",120,48,62.50,31.25,6.25,124.63,48
MONTHLY_OPEN,SHORT,MONTHLY_OPEN_FADE_SHORT,"real: stop=37 target=38",125,48,54.17,39.58,6.25,110.55,48
MONTHLY_OPEN,SHORT,MONTHLY_OPEN_FADE_SHORT,"real: stop=37 target=38",130,48,52.08,41.67,6.25,137.04,48
MONTHLY_OPEN,SHORT,MONTHLY_OPEN_FADE_SHORT,"real: stop=37 target=38",135,48,52.08,41.67,6.25,114.55,48
MONTHLY_OPEN,SHORT,MONTHLY_OPEN_FADE_SHORT,"real: stop=37 target=38",140,48,35.42,58.33,6.25,121.57,48
MONTHLY_OPEN,SHORT,MONTHLY_OPEN_FADE_SHORT,"real: stop=37 target=38",145,48,43.75,50.00,6.25,119.33,48
MONTHLY_OPEN,SHORT,MONTHLY_OPEN_FADE_SHORT,"real: stop=37 target=38",150,49,44.90,46.94,8.16,122.01,49
MONTHLY_OPEN,SHORT,MONTHLY_OPEN_FADE_SHORT,"real: stop=37 target=38",155,49,46.94,44.90,8.16,142.59,49
MONTHLY_OPEN,SHORT,MONTHLY_OPEN_FADE_SHORT,"real: stop=37 target=38",160,49,44.90,46.94,8.16,117.49,49
MONTHLY_OPEN,SHORT,MONTHLY_OPEN_FADE_SHORT,"real: stop=37 target=38",165,49,51.02,38.78,10.20,131.28,49
MONTHLY_OPEN,SHORT,MONTHLY_OPEN_FADE_SHORT,"real: stop=37 target=38",170,49,42.86,44.90,12.24,132.33,49
MONTHLY_OPEN,SHORT,MONTHLY_OPEN_FADE_SHORT,"real: stop=37 target=38",175,49,42.86,46.94,10.20,121.31,49
MONTHLY_OPEN,SHORT,MONTHLY_OPEN_FADE_SHORT,"real: stop=37 target=38",180,49,44.90,42.86,12.24,139.13,49
MONTHLY_OPEN,SHORT,MONTHLY_OPEN_FADE_SHORT,"real: stop=37 target=38",185,49,48.98,38.78,12.24,94.60,49
MONTHLY_OPEN,SHORT,MONTHLY_OPEN_FADE_SHORT,"real: stop=37 target=38",190,49,48.98,38.78,12.24,105.43,49
MONTHLY_OPEN,SHORT,MONTHLY_OPEN_FADE_SHORT,"real: stop=37 target=38",195,49,53.06,34.69,12.24,86.82,49
MONTHLY_OPEN,SHORT,MONTHLY_OPEN_FADE_SHORT,"real: stop=37 target=38",200,49,55.10,30.61,14.29,65.77,49
MONTHLY_OPEN,SHORT,MONTHLY_OPEN_FADE_SHORT,"real: stop=37 target=38",205,49,44.90,42.86,12.24,68.65,49
MONTHLY_OPEN,SHORT,MONTHLY_OPEN_FADE_SHORT,"real: stop=37 target=38",210,49,36.73,46.94,16.33,77.31,49
MONTHLY_OPEN,SHORT,MONTHLY_OPEN_FADE_SHORT,"real: stop=37 target=38",215,49,32.65,51.02,16.33,92.98,49
MONTHLY_OPEN,SHORT,MONTHLY_OPEN_FADE_SHORT,"real: stop=37 target=38",220,49,42.86,42.86,14.29,67.56,49
MONTHLY_OPEN,SHORT,MONTHLY_OPEN_FADE_SHORT,"real: stop=37 target=38",225,49,44.90,38.78,16.33,79.11,49
MONTHLY_OPEN,SHORT,MONTHLY_OPEN_FADE_SHORT,"real: stop=37 target=38",230,49,40.82,40.82,18.37,87.35,49
MONTHLY_OPEN,SHORT,MONTHLY_OPEN_FADE_SHORT,"real: stop=37 target=38",235,49,40.82,38.78,20.41,97.53,49
MONTHLY_OPEN,SHORT,MONTHLY_OPEN_FADE_SHORT,"real: stop=37 target=38",240,49,44.90,32.65,22.45,95.66,49
WEEKLY_VWAP,LONG,WEEKLY_VWAP_FADE_LONG,"real: stop=37 target=38",0,166,54.82,45.18,0.00,113.66,166
WEEKLY_VWAP,LONG,WEEKLY_VWAP_FADE_LONG,"real: stop=37 target=38",5,103,41.75,58.25,0.00,132.44,103
WEEKLY_VWAP,LONG,WEEKLY_VWAP_FADE_LONG,"real: stop=37 target=38",10,129,48.06,51.16,0.78,157.08,129
WEEKLY_VWAP,LONG,WEEKLY_VWAP_FADE_LONG,"real: stop=37 target=38",15,139,46.76,52.52,0.72,166.33,139
WEEKLY_VWAP,LONG,WEEKLY_VWAP_FADE_LONG,"real: stop=37 target=38",20,148,42.57,56.76,0.68,132.94,148
WEEKLY_VWAP,LONG,WEEKLY_VWAP_FADE_LONG,"real: stop=37 target=38",25,152,46.71,52.63,0.66,142.45,152
WEEKLY_VWAP,LONG,WEEKLY_VWAP_FADE_LONG,"real: stop=37 target=38",30,155,49.68,49.68,0.65,144.27,155
WEEKLY_VWAP,LONG,WEEKLY_VWAP_FADE_LONG,"real: stop=37 target=38",35,156,48.72,50.64,0.64,129.76,156
WEEKLY_VWAP,LONG,WEEKLY_VWAP_FADE_LONG,"real: stop=37 target=38",40,158,44.30,55.06,0.63,147.87,158
WEEKLY_VWAP,LONG,WEEKLY_VWAP_FADE_LONG,"real: stop=37 target=38",45,158,44.94,54.43,0.63,124.29,158
WEEKLY_VWAP,LONG,WEEKLY_VWAP_FADE_LONG,"real: stop=37 target=38",50,159,44.03,55.35,0.63,119.42,159
WEEKLY_VWAP,LONG,WEEKLY_VWAP_FADE_LONG,"real: stop=37 target=38",55,160,50.63,48.13,1.25,112.16,160
WEEKLY_VWAP,LONG,WEEKLY_VWAP_FADE_LONG,"real: stop=37 target=38",60,162,49.38,50.00,0.62,116.99,162
WEEKLY_VWAP,LONG,WEEKLY_VWAP_FADE_LONG,"real: stop=37 target=38",65,162,52.47,46.30,1.23,118.27,162
WEEKLY_VWAP,LONG,WEEKLY_VWAP_FADE_LONG,"real: stop=37 target=38",70,162,52.47,46.91,0.62,125.72,162
WEEKLY_VWAP,LONG,WEEKLY_VWAP_FADE_LONG,"real: stop=37 target=38",75,162,48.15,50.00,1.85,118.02,162
WEEKLY_VWAP,LONG,WEEKLY_VWAP_FADE_LONG,"real: stop=37 target=38",80,162,46.30,51.23,2.47,112.02,162
WEEKLY_VWAP,LONG,WEEKLY_VWAP_FADE_LONG,"real: stop=37 target=38",85,162,48.77,49.38,1.85,97.61,162
WEEKLY_VWAP,LONG,WEEKLY_VWAP_FADE_LONG,"real: stop=37 target=38",90,162,42.59,54.94,2.47,92.08,162
WEEKLY_VWAP,LONG,WEEKLY_VWAP_FADE_LONG,"real: stop=37 target=38",95,162,41.98,53.70,4.32,98.39,162
WEEKLY_VWAP,LONG,WEEKLY_VWAP_FADE_LONG,"real: stop=37 target=38",100,163,44.17,52.15,3.68,121.78,163
WEEKLY_VWAP,LONG,WEEKLY_VWAP_FADE_LONG,"real: stop=37 target=38",105,163,47.85,49.08,3.07,104.15,163
WEEKLY_VWAP,LONG,WEEKLY_VWAP_FADE_LONG,"real: stop=37 target=38",110,163,50.31,46.01,3.68,124.64,163
WEEKLY_VWAP,LONG,WEEKLY_VWAP_FADE_LONG,"real: stop=37 target=38",115,163,46.01,49.69,4.29,110.71,163
WEEKLY_VWAP,LONG,WEEKLY_VWAP_FADE_LONG,"real: stop=37 target=38",120,163,49.08,46.63,4.29,108.90,163
WEEKLY_VWAP,LONG,WEEKLY_VWAP_FADE_LONG,"real: stop=37 target=38",125,162,46.91,49.38,3.70,124.21,162
WEEKLY_VWAP,LONG,WEEKLY_VWAP_FADE_LONG,"real: stop=37 target=38",130,162,46.30,49.38,4.32,111.43,162
WEEKLY_VWAP,LONG,WEEKLY_VWAP_FADE_LONG,"real: stop=37 target=38",135,162,54.32,40.74,4.94,110.80,162
WEEKLY_VWAP,LONG,WEEKLY_VWAP_FADE_LONG,"real: stop=37 target=38",140,162,49.38,45.68,4.94,96.60,162
WEEKLY_VWAP,LONG,WEEKLY_VWAP_FADE_LONG,"real: stop=37 target=38",145,162,45.06,48.77,6.17,110.61,162
WEEKLY_VWAP,LONG,WEEKLY_VWAP_FADE_LONG,"real: stop=37 target=38",150,162,45.68,47.53,6.79,91.72,162
WEEKLY_VWAP,LONG,WEEKLY_VWAP_FADE_LONG,"real: stop=37 target=38",155,162,50.00,42.59,7.41,95.29,162
WEEKLY_VWAP,LONG,WEEKLY_VWAP_FADE_LONG,"real: stop=37 target=38",160,161,49.07,44.10,6.83,96.42,161
WEEKLY_VWAP,LONG,WEEKLY_VWAP_FADE_LONG,"real: stop=37 target=38",165,161,41.61,50.93,7.45,103.77,161
WEEKLY_VWAP,LONG,WEEKLY_VWAP_FADE_LONG,"real: stop=37 target=38",170,161,42.24,49.07,8.70,99.13,161
WEEKLY_VWAP,LONG,WEEKLY_VWAP_FADE_LONG,"real: stop=37 target=38",175,161,45.34,45.96,8.70,85.07,161
WEEKLY_VWAP,LONG,WEEKLY_VWAP_FADE_LONG,"real: stop=37 target=38",180,161,47.20,43.48,9.32,84.83,161
WEEKLY_VWAP,LONG,WEEKLY_VWAP_FADE_LONG,"real: stop=37 target=38",185,161,49.69,40.99,9.32,76.29,161
WEEKLY_VWAP,LONG,WEEKLY_VWAP_FADE_LONG,"real: stop=37 target=38",190,161,43.48,45.96,10.56,84.94,161
WEEKLY_VWAP,LONG,WEEKLY_VWAP_FADE_LONG,"real: stop=37 target=38",195,160,44.38,46.88,8.75,82.44,160
WEEKLY_VWAP,LONG,WEEKLY_VWAP_FADE_LONG,"real: stop=37 target=38",200,160,45.00,44.38,10.63,80.64,160
WEEKLY_VWAP,LONG,WEEKLY_VWAP_FADE_LONG,"real: stop=37 target=38",205,160,47.50,41.88,10.63,88.76,160
WEEKLY_VWAP,LONG,WEEKLY_VWAP_FADE_LONG,"real: stop=37 target=38",210,160,44.38,42.50,13.13,88.36,160
WEEKLY_VWAP,LONG,WEEKLY_VWAP_FADE_LONG,"real: stop=37 target=38",215,160,41.88,43.13,15.00,81.91,160
WEEKLY_VWAP,LONG,WEEKLY_VWAP_FADE_LONG,"real: stop=37 target=38",220,160,46.25,36.88,16.88,82.51,160
WEEKLY_VWAP,LONG,WEEKLY_VWAP_FADE_LONG,"real: stop=37 target=38",225,160,43.75,40.63,15.63,77.80,160
WEEKLY_VWAP,LONG,WEEKLY_VWAP_FADE_LONG,"real: stop=37 target=38",230,160,40.63,43.13,16.25,74.26,160
WEEKLY_VWAP,LONG,WEEKLY_VWAP_FADE_LONG,"real: stop=37 target=38",235,160,38.75,45.00,16.25,64.53,160
WEEKLY_VWAP,LONG,WEEKLY_VWAP_FADE_LONG,"real: stop=37 target=38",240,160,41.88,40.63,17.50,64.24,160
WEEKLY_VWAP,SHORT,WEEKLY_VWAP_FADE_SHORT,"real: stop=37 target=38",0,166,44.58,55.42,0.00,178.04,166
WEEKLY_VWAP,SHORT,WEEKLY_VWAP_FADE_SHORT,"real: stop=37 target=38",5,103,55.34,44.66,0.00,186.87,103
WEEKLY_VWAP,SHORT,WEEKLY_VWAP_FADE_SHORT,"real: stop=37 target=38",10,129,48.06,51.16,0.78,185.19,129
WEEKLY_VWAP,SHORT,WEEKLY_VWAP_FADE_SHORT,"real: stop=37 target=38",15,138,51.45,47.83,0.72,156.88,138
WEEKLY_VWAP,SHORT,WEEKLY_VWAP_FADE_SHORT,"real: stop=37 target=38",20,147,55.10,44.22,0.68,161.74,147
WEEKLY_VWAP,SHORT,WEEKLY_VWAP_FADE_SHORT,"real: stop=37 target=38",25,153,50.98,48.37,0.65,138.45,153
WEEKLY_VWAP,SHORT,WEEKLY_VWAP_FADE_SHORT,"real: stop=37 target=38",30,154,47.40,51.95,0.65,152.58,154
WEEKLY_VWAP,SHORT,WEEKLY_VWAP_FADE_SHORT,"real: stop=37 target=38",35,157,48.41,50.96,0.64,138.81,157
WEEKLY_VWAP,SHORT,WEEKLY_VWAP_FADE_SHORT,"real: stop=37 target=38",40,158,50.63,48.73,0.63,183.60,158
WEEKLY_VWAP,SHORT,WEEKLY_VWAP_FADE_SHORT,"real: stop=37 target=38",45,159,53.46,45.91,0.63,135.63,159
WEEKLY_VWAP,SHORT,WEEKLY_VWAP_FADE_SHORT,"real: stop=37 target=38",50,161,53.42,45.96,0.62,141.11,161
WEEKLY_VWAP,SHORT,WEEKLY_VWAP_FADE_SHORT,"real: stop=37 target=38",55,161,47.20,51.55,1.24,155.70,161
WEEKLY_VWAP,SHORT,WEEKLY_VWAP_FADE_SHORT,"real: stop=37 target=38",60,163,48.47,50.92,0.61,131.86,163
WEEKLY_VWAP,SHORT,WEEKLY_VWAP_FADE_SHORT,"real: stop=37 target=38",65,163,45.40,53.37,1.23,137.58,163
WEEKLY_VWAP,SHORT,WEEKLY_VWAP_FADE_SHORT,"real: stop=37 target=38",70,162,45.06,54.32,0.62,131.12,162
WEEKLY_VWAP,SHORT,WEEKLY_VWAP_FADE_SHORT,"real: stop=37 target=38",75,162,45.06,53.09,1.85,131.69,162
WEEKLY_VWAP,SHORT,WEEKLY_VWAP_FADE_SHORT,"real: stop=37 target=38",80,162,50.00,48.15,1.85,129.67,162
WEEKLY_VWAP,SHORT,WEEKLY_VWAP_FADE_SHORT,"real: stop=37 target=38",85,162,46.91,51.23,1.85,109.89,162
WEEKLY_VWAP,SHORT,WEEKLY_VWAP_FADE_SHORT,"real: stop=37 target=38",90,162,54.32,43.21,2.47,102.53,162
WEEKLY_VWAP,SHORT,WEEKLY_VWAP_FADE_SHORT,"real: stop=37 target=38",95,162,51.85,44.44,3.70,128.98,162
WEEKLY_VWAP,SHORT,WEEKLY_VWAP_FADE_SHORT,"real: stop=37 target=38",100,162,52.47,43.83,3.70,121.04,162
WEEKLY_VWAP,SHORT,WEEKLY_VWAP_FADE_SHORT,"real: stop=37 target=38",105,162,46.30,50.62,3.09,109.04,162
WEEKLY_VWAP,SHORT,WEEKLY_VWAP_FADE_SHORT,"real: stop=37 target=38",110,163,44.79,51.53,3.68,119.99,163
WEEKLY_VWAP,SHORT,WEEKLY_VWAP_FADE_SHORT,"real: stop=37 target=38",115,163,49.08,46.63,4.29,104.95,163
WEEKLY_VWAP,SHORT,WEEKLY_VWAP_FADE_SHORT,"real: stop=37 target=38",120,163,44.17,51.53,4.29,96.01,163
WEEKLY_VWAP,SHORT,WEEKLY_VWAP_FADE_SHORT,"real: stop=37 target=38",125,162,47.53,48.77,3.70,105.84,162
WEEKLY_VWAP,SHORT,WEEKLY_VWAP_FADE_SHORT,"real: stop=37 target=38",130,162,48.77,46.91,4.32,106.15,162
WEEKLY_VWAP,SHORT,WEEKLY_VWAP_FADE_SHORT,"real: stop=37 target=38",135,162,39.51,55.56,4.94,110.75,162
WEEKLY_VWAP,SHORT,WEEKLY_VWAP_FADE_SHORT,"real: stop=37 target=38",140,162,43.21,51.23,5.56,105.06,162
WEEKLY_VWAP,SHORT,WEEKLY_VWAP_FADE_SHORT,"real: stop=37 target=38",145,162,48.15,45.68,6.17,113.76,162
WEEKLY_VWAP,SHORT,WEEKLY_VWAP_FADE_SHORT,"real: stop=37 target=38",150,162,45.68,47.53,6.79,117.42,162
WEEKLY_VWAP,SHORT,WEEKLY_VWAP_FADE_SHORT,"real: stop=37 target=38",155,162,41.98,50.62,7.41,120.40,162
WEEKLY_VWAP,SHORT,WEEKLY_VWAP_FADE_SHORT,"real: stop=37 target=38",160,161,43.48,49.69,6.83,120.24,161
WEEKLY_VWAP,SHORT,WEEKLY_VWAP_FADE_SHORT,"real: stop=37 target=38",165,161,50.31,42.24,7.45,118.46,161
WEEKLY_VWAP,SHORT,WEEKLY_VWAP_FADE_SHORT,"real: stop=37 target=38",170,161,47.83,42.86,9.32,113.76,161
WEEKLY_VWAP,SHORT,WEEKLY_VWAP_FADE_SHORT,"real: stop=37 target=38",175,161,43.48,47.83,8.70,105.45,161
WEEKLY_VWAP,SHORT,WEEKLY_VWAP_FADE_SHORT,"real: stop=37 target=38",180,161,40.99,49.69,9.32,97.16,161
WEEKLY_VWAP,SHORT,WEEKLY_VWAP_FADE_SHORT,"real: stop=37 target=38",185,161,40.37,50.31,9.32,90.78,161
WEEKLY_VWAP,SHORT,WEEKLY_VWAP_FADE_SHORT,"real: stop=37 target=38",190,161,44.10,45.96,9.94,88.68,161
WEEKLY_VWAP,SHORT,WEEKLY_VWAP_FADE_SHORT,"real: stop=37 target=38",195,160,45.00,45.00,10.00,75.65,160
WEEKLY_VWAP,SHORT,WEEKLY_VWAP_FADE_SHORT,"real: stop=37 target=38",200,160,42.50,46.25,11.25,82.03,160
WEEKLY_VWAP,SHORT,WEEKLY_VWAP_FADE_SHORT,"real: stop=37 target=38",205,160,40.63,49.38,10.00,87.06,160
WEEKLY_VWAP,SHORT,WEEKLY_VWAP_FADE_SHORT,"real: stop=37 target=38",210,160,40.00,46.25,13.75,84.60,160
WEEKLY_VWAP,SHORT,WEEKLY_VWAP_FADE_SHORT,"real: stop=37 target=38",215,160,42.50,41.88,15.63,77.18,160
WEEKLY_VWAP,SHORT,WEEKLY_VWAP_FADE_SHORT,"real: stop=37 target=38",220,160,36.25,46.88,16.88,85.22,160
WEEKLY_VWAP,SHORT,WEEKLY_VWAP_FADE_SHORT,"real: stop=37 target=38",225,160,38.75,45.63,15.63,84.18,160
WEEKLY_VWAP,SHORT,WEEKLY_VWAP_FADE_SHORT,"real: stop=37 target=38",230,160,41.88,41.88,16.25,75.22,160
WEEKLY_VWAP,SHORT,WEEKLY_VWAP_FADE_SHORT,"real: stop=37 target=38",235,160,41.88,42.50,15.63,73.14,160
WEEKLY_VWAP,SHORT,WEEKLY_VWAP_FADE_SHORT,"real: stop=37 target=38",240,160,40.00,42.50,17.50,73.41,160
MONTHLY_VWAP,LONG,MONTHLY_VWAP_FADE_LONG,"real: stop=31 target=100",0,97,26.80,72.16,1.03,101.18,97
MONTHLY_VWAP,LONG,MONTHLY_VWAP_FADE_LONG,"real: stop=31 target=100",5,51,13.73,84.31,1.96,79.86,51
MONTHLY_VWAP,LONG,MONTHLY_VWAP_FADE_LONG,"real: stop=31 target=100",10,67,14.93,83.58,1.49,135.47,67
MONTHLY_VWAP,LONG,MONTHLY_VWAP_FADE_LONG,"real: stop=31 target=100",15,75,24.00,76.00,0.00,119.49,75
MONTHLY_VWAP,LONG,MONTHLY_VWAP_FADE_LONG,"real: stop=31 target=100",20,79,20.25,78.48,1.27,139.64,79
MONTHLY_VWAP,LONG,MONTHLY_VWAP_FADE_LONG,"real: stop=31 target=100",25,82,14.63,84.15,1.22,103.71,82
MONTHLY_VWAP,LONG,MONTHLY_VWAP_FADE_LONG,"real: stop=31 target=100",30,82,17.07,79.27,3.66,120.59,82
MONTHLY_VWAP,LONG,MONTHLY_VWAP_FADE_LONG,"real: stop=31 target=100",35,84,16.67,78.57,4.76,120.30,84
MONTHLY_VWAP,LONG,MONTHLY_VWAP_FADE_LONG,"real: stop=31 target=100",40,86,20.93,74.42,4.65,114.43,86
MONTHLY_VWAP,LONG,MONTHLY_VWAP_FADE_LONG,"real: stop=31 target=100",45,88,17.05,78.41,4.55,96.45,88
MONTHLY_VWAP,LONG,MONTHLY_VWAP_FADE_LONG,"real: stop=31 target=100",50,89,12.36,79.78,7.87,120.52,89
MONTHLY_VWAP,LONG,MONTHLY_VWAP_FADE_LONG,"real: stop=31 target=100",55,91,14.29,79.12,6.59,112.17,91
MONTHLY_VWAP,LONG,MONTHLY_VWAP_FADE_LONG,"real: stop=31 target=100",60,92,16.30,76.09,7.61,122.33,92
MONTHLY_VWAP,LONG,MONTHLY_VWAP_FADE_LONG,"real: stop=31 target=100",65,92,18.48,72.83,8.70,89.00,92
MONTHLY_VWAP,LONG,MONTHLY_VWAP_FADE_LONG,"real: stop=31 target=100",70,91,14.29,81.32,4.40,96.25,91
MONTHLY_VWAP,LONG,MONTHLY_VWAP_FADE_LONG,"real: stop=31 target=100",75,91,17.58,76.92,5.49,68.42,91
MONTHLY_VWAP,LONG,MONTHLY_VWAP_FADE_LONG,"real: stop=31 target=100",80,92,20.65,72.83,6.52,131.32,92
MONTHLY_VWAP,LONG,MONTHLY_VWAP_FADE_LONG,"real: stop=31 target=100",85,92,19.57,75.00,5.43,135.53,92
MONTHLY_VWAP,LONG,MONTHLY_VWAP_FADE_LONG,"real: stop=31 target=100",90,92,20.65,69.57,9.78,129.12,92
MONTHLY_VWAP,LONG,MONTHLY_VWAP_FADE_LONG,"real: stop=31 target=100",95,92,21.74,69.57,8.70,104.25,92
MONTHLY_VWAP,LONG,MONTHLY_VWAP_FADE_LONG,"real: stop=31 target=100",100,93,19.35,70.97,9.68,101.38,93
MONTHLY_VWAP,LONG,MONTHLY_VWAP_FADE_LONG,"real: stop=31 target=100",105,93,16.13,76.34,7.53,79.98,93
MONTHLY_VWAP,LONG,MONTHLY_VWAP_FADE_LONG,"real: stop=31 target=100",110,93,16.13,75.27,8.60,85.37,93
MONTHLY_VWAP,LONG,MONTHLY_VWAP_FADE_LONG,"real: stop=31 target=100",115,93,16.13,75.27,8.60,95.43,93
MONTHLY_VWAP,LONG,MONTHLY_VWAP_FADE_LONG,"real: stop=31 target=100",120,93,17.20,74.19,8.60,94.52,93
MONTHLY_VWAP,LONG,MONTHLY_VWAP_FADE_LONG,"real: stop=31 target=100",125,93,18.28,69.89,11.83,74.69,93
MONTHLY_VWAP,LONG,MONTHLY_VWAP_FADE_LONG,"real: stop=31 target=100",130,92,18.48,69.57,11.96,98.10,92
MONTHLY_VWAP,LONG,MONTHLY_VWAP_FADE_LONG,"real: stop=31 target=100",135,92,13.04,73.91,13.04,99.33,92
MONTHLY_VWAP,LONG,MONTHLY_VWAP_FADE_LONG,"real: stop=31 target=100",140,92,19.57,70.65,9.78,115.21,92
MONTHLY_VWAP,LONG,MONTHLY_VWAP_FADE_LONG,"real: stop=31 target=100",145,92,15.22,68.48,16.30,81.66,92
MONTHLY_VWAP,LONG,MONTHLY_VWAP_FADE_LONG,"real: stop=31 target=100",150,92,11.96,73.91,14.13,121.55,92
MONTHLY_VWAP,LONG,MONTHLY_VWAP_FADE_LONG,"real: stop=31 target=100",155,92,11.96,73.91,14.13,77.80,92
MONTHLY_VWAP,LONG,MONTHLY_VWAP_FADE_LONG,"real: stop=31 target=100",160,92,14.13,70.65,15.22,72.77,92
MONTHLY_VWAP,LONG,MONTHLY_VWAP_FADE_LONG,"real: stop=31 target=100",165,92,13.04,67.39,19.57,87.63,92
MONTHLY_VWAP,LONG,MONTHLY_VWAP_FADE_LONG,"real: stop=31 target=100",170,91,18.68,59.34,21.98,120.87,91
MONTHLY_VWAP,LONG,MONTHLY_VWAP_FADE_LONG,"real: stop=31 target=100",175,91,15.38,60.44,24.18,59.20,91
MONTHLY_VWAP,LONG,MONTHLY_VWAP_FADE_LONG,"real: stop=31 target=100",180,91,17.58,61.54,20.88,77.47,91
MONTHLY_VWAP,LONG,MONTHLY_VWAP_FADE_LONG,"real: stop=31 target=100",185,91,10.99,67.03,21.98,144.93,91
MONTHLY_VWAP,LONG,MONTHLY_VWAP_FADE_LONG,"real: stop=31 target=100",190,91,13.19,62.64,24.18,66.42,91
MONTHLY_VWAP,LONG,MONTHLY_VWAP_FADE_LONG,"real: stop=31 target=100",195,90,12.22,68.89,18.89,40.82,90
MONTHLY_VWAP,LONG,MONTHLY_VWAP_FADE_LONG,"real: stop=31 target=100",200,91,14.29,62.64,23.08,50.04,91
MONTHLY_VWAP,LONG,MONTHLY_VWAP_FADE_LONG,"real: stop=31 target=100",205,91,16.48,60.44,23.08,66.35,91
MONTHLY_VWAP,LONG,MONTHLY_VWAP_FADE_LONG,"real: stop=31 target=100",210,91,12.09,57.14,30.77,82.23,91
MONTHLY_VWAP,LONG,MONTHLY_VWAP_FADE_LONG,"real: stop=31 target=100",215,91,8.79,60.44,30.77,101.69,91
MONTHLY_VWAP,LONG,MONTHLY_VWAP_FADE_LONG,"real: stop=31 target=100",220,91,7.69,61.54,30.77,103.25,91
MONTHLY_VWAP,LONG,MONTHLY_VWAP_FADE_LONG,"real: stop=31 target=100",225,91,6.59,65.93,27.47,89.33,91
MONTHLY_VWAP,LONG,MONTHLY_VWAP_FADE_LONG,"real: stop=31 target=100",230,91,7.69,61.54,30.77,99.32,91
MONTHLY_VWAP,LONG,MONTHLY_VWAP_FADE_LONG,"real: stop=31 target=100",235,91,5.49,62.64,31.87,77.90,91
MONTHLY_VWAP,LONG,MONTHLY_VWAP_FADE_LONG,"real: stop=31 target=100",240,91,13.19,53.85,32.97,82.25,91
MONTHLY_VWAP,SHORT,MONTHLY_VWAP_FADE_SHORT,"real: stop=28 target=100",0,97,16.49,79.38,4.12,224.16,97
MONTHLY_VWAP,SHORT,MONTHLY_VWAP_FADE_SHORT,"real: stop=28 target=100",5,37,10.81,89.19,0.00,76.06,37
MONTHLY_VWAP,SHORT,MONTHLY_VWAP_FADE_SHORT,"real: stop=28 target=100",10,48,18.75,79.17,2.08,288.22,48
MONTHLY_VWAP,SHORT,MONTHLY_VWAP_FADE_SHORT,"real: stop=28 target=100",15,62,12.90,82.26,4.84,156.72,62
MONTHLY_VWAP,SHORT,MONTHLY_VWAP_FADE_SHORT,"real: stop=28 target=100",20,69,10.14,85.51,4.35,135.50,69
MONTHLY_VWAP,SHORT,MONTHLY_VWAP_FADE_SHORT,"real: stop=28 target=100",25,70,18.57,77.14,4.29,98.50,70
MONTHLY_VWAP,SHORT,MONTHLY_VWAP_FADE_SHORT,"real: stop=28 target=100",30,74,10.81,82.43,6.76,176.09,74
MONTHLY_VWAP,SHORT,MONTHLY_VWAP_FADE_SHORT,"real: stop=28 target=100",35,77,15.58,81.82,2.60,240.58,77
MONTHLY_VWAP,SHORT,MONTHLY_VWAP_FADE_SHORT,"real: stop=28 target=100",40,80,18.75,73.75,7.50,159.40,80
MONTHLY_VWAP,SHORT,MONTHLY_VWAP_FADE_SHORT,"real: stop=28 target=100",45,80,11.25,83.75,5.00,129.94,80
MONTHLY_VWAP,SHORT,MONTHLY_VWAP_FADE_SHORT,"real: stop=28 target=100",50,80,18.75,75.00,6.25,172.47,80
MONTHLY_VWAP,SHORT,MONTHLY_VWAP_FADE_SHORT,"real: stop=28 target=100",55,82,14.63,79.27,6.10,197.23,82
MONTHLY_VWAP,SHORT,MONTHLY_VWAP_FADE_SHORT,"real: stop=28 target=100",60,82,14.63,75.61,9.76,161.35,82
MONTHLY_VWAP,SHORT,MONTHLY_VWAP_FADE_SHORT,"real: stop=28 target=100",65,83,18.07,77.11,4.82,166.00,83
MONTHLY_VWAP,SHORT,MONTHLY_VWAP_FADE_SHORT,"real: stop=28 target=100",70,86,15.12,76.74,8.14,233.73,86
MONTHLY_VWAP,SHORT,MONTHLY_VWAP_FADE_SHORT,"real: stop=28 target=100",75,86,20.93,70.93,8.14,173.22,86
MONTHLY_VWAP,SHORT,MONTHLY_VWAP_FADE_SHORT,"real: stop=28 target=100",80,86,13.95,77.91,8.14,263.10,86
MONTHLY_VWAP,SHORT,MONTHLY_VWAP_FADE_SHORT,"real: stop=28 target=100",85,86,19.77,72.09,8.14,163.47,86
MONTHLY_VWAP,SHORT,MONTHLY_VWAP_FADE_SHORT,"real: stop=28 target=100",90,88,20.45,72.73,6.82,183.36,88
MONTHLY_VWAP,SHORT,MONTHLY_VWAP_FADE_SHORT,"real: stop=28 target=100",95,88,20.45,71.59,7.95,165.21,88
MONTHLY_VWAP,SHORT,MONTHLY_VWAP_FADE_SHORT,"real: stop=28 target=100",100,88,17.05,72.73,10.23,182.60,88
MONTHLY_VWAP,SHORT,MONTHLY_VWAP_FADE_SHORT,"real: stop=28 target=100",105,89,20.22,70.79,8.99,116.46,89
MONTHLY_VWAP,SHORT,MONTHLY_VWAP_FADE_SHORT,"real: stop=28 target=100",110,89,19.10,70.79,10.11,123.21,89
MONTHLY_VWAP,SHORT,MONTHLY_VWAP_FADE_SHORT,"real: stop=28 target=100",115,90,15.56,73.33,11.11,129.13,90
MONTHLY_VWAP,SHORT,MONTHLY_VWAP_FADE_SHORT,"real: stop=28 target=100",120,90,13.33,77.78,8.89,117.13,90
MONTHLY_VWAP,SHORT,MONTHLY_VWAP_FADE_SHORT,"real: stop=28 target=100",125,90,13.33,80.00,6.67,75.90,90
MONTHLY_VWAP,SHORT,MONTHLY_VWAP_FADE_SHORT,"real: stop=28 target=100",130,89,13.48,80.90,5.62,96.60,89
MONTHLY_VWAP,SHORT,MONTHLY_VWAP_FADE_SHORT,"real: stop=28 target=100",135,89,15.73,76.40,7.87,100.88,89
MONTHLY_VWAP,SHORT,MONTHLY_VWAP_FADE_SHORT,"real: stop=28 target=100",140,90,15.56,75.56,8.89,126.55,90
MONTHLY_VWAP,SHORT,MONTHLY_VWAP_FADE_SHORT,"real: stop=28 target=100",145,91,13.19,75.82,10.99,87.88,91
MONTHLY_VWAP,SHORT,MONTHLY_VWAP_FADE_SHORT,"real: stop=28 target=100",150,92,15.22,72.83,11.96,105.39,92
MONTHLY_VWAP,SHORT,MONTHLY_VWAP_FADE_SHORT,"real: stop=28 target=100",155,92,16.30,70.65,13.04,125.15,92
MONTHLY_VWAP,SHORT,MONTHLY_VWAP_FADE_SHORT,"real: stop=28 target=100",160,92,13.04,70.65,16.30,139.31,92
MONTHLY_VWAP,SHORT,MONTHLY_VWAP_FADE_SHORT,"real: stop=28 target=100",165,92,17.39,67.39,15.22,115.16,92
MONTHLY_VWAP,SHORT,MONTHLY_VWAP_FADE_SHORT,"real: stop=28 target=100",170,91,17.58,68.13,14.29,118.09,91
MONTHLY_VWAP,SHORT,MONTHLY_VWAP_FADE_SHORT,"real: stop=28 target=100",175,92,18.48,68.48,13.04,67.74,92
MONTHLY_VWAP,SHORT,MONTHLY_VWAP_FADE_SHORT,"real: stop=28 target=100",180,92,14.13,70.65,15.22,77.35,92
MONTHLY_VWAP,SHORT,MONTHLY_VWAP_FADE_SHORT,"real: stop=28 target=100",185,92,17.39,61.96,20.65,83.36,92
MONTHLY_VWAP,SHORT,MONTHLY_VWAP_FADE_SHORT,"real: stop=28 target=100",190,92,17.39,65.22,17.39,76.83,92
MONTHLY_VWAP,SHORT,MONTHLY_VWAP_FADE_SHORT,"real: stop=28 target=100",195,91,16.48,64.84,18.68,69.68,91
MONTHLY_VWAP,SHORT,MONTHLY_VWAP_FADE_SHORT,"real: stop=28 target=100",200,91,13.19,65.93,20.88,74.04,91
MONTHLY_VWAP,SHORT,MONTHLY_VWAP_FADE_SHORT,"real: stop=28 target=100",205,91,9.89,68.13,21.98,70.72,91
MONTHLY_VWAP,SHORT,MONTHLY_VWAP_FADE_SHORT,"real: stop=28 target=100",210,90,13.33,63.33,23.33,45.56,90
MONTHLY_VWAP,SHORT,MONTHLY_VWAP_FADE_SHORT,"real: stop=28 target=100",215,90,13.33,61.11,25.56,66.35,90
MONTHLY_VWAP,SHORT,MONTHLY_VWAP_FADE_SHORT,"real: stop=28 target=100",220,90,18.89,56.67,24.44,75.54,90
MONTHLY_VWAP,SHORT,MONTHLY_VWAP_FADE_SHORT,"real: stop=28 target=100",225,90,17.78,54.44,27.78,74.80,90
MONTHLY_VWAP,SHORT,MONTHLY_VWAP_FADE_SHORT,"real: stop=28 target=100",230,91,14.29,53.85,31.87,96.77,91
MONTHLY_VWAP,SHORT,MONTHLY_VWAP_FADE_SHORT,"real: stop=28 target=100",235,91,16.48,49.45,34.07,92.92,91
MONTHLY_VWAP,SHORT,MONTHLY_VWAP_FADE_SHORT,"real: stop=28 target=100",240,91,12.09,56.04,31.87,83.68,91
RTH_VWAP,LONG,RTH_VWAP_FADE_LONG,"real: stop=24 target=40",0,221,39.37,60.63,0.00,124.91,221
RTH_VWAP,LONG,RTH_VWAP_FADE_LONG,"real: stop=24 target=40",5,92,43.48,56.52,0.00,160.04,92
RTH_VWAP,LONG,RTH_VWAP_FADE_LONG,"real: stop=24 target=40",10,137,37.23,62.77,0.00,169.33,137
RTH_VWAP,LONG,RTH_VWAP_FADE_LONG,"real: stop=24 target=40",15,158,34.81,65.19,0.00,162.16,158
RTH_VWAP,LONG,RTH_VWAP_FADE_LONG,"real: stop=24 target=40",20,174,33.33,66.67,0.00,135.76,174
RTH_VWAP,LONG,RTH_VWAP_FADE_LONG,"real: stop=24 target=40",25,182,32.97,67.03,0.00,141.89,182
RTH_VWAP,LONG,RTH_VWAP_FADE_LONG,"real: stop=24 target=40",30,192,30.21,69.79,0.00,150.50,192
RTH_VWAP,LONG,RTH_VWAP_FADE_LONG,"real: stop=24 target=40",35,196,30.61,69.39,0.00,163.25,196
RTH_VWAP,LONG,RTH_VWAP_FADE_LONG,"real: stop=24 target=40",40,201,26.87,73.13,0.00,154.60,201
RTH_VWAP,LONG,RTH_VWAP_FADE_LONG,"real: stop=24 target=40",45,204,31.86,68.14,0.00,125.48,204
RTH_VWAP,LONG,RTH_VWAP_FADE_LONG,"real: stop=24 target=40",50,206,33.98,66.02,0.00,143.85,206
RTH_VWAP,LONG,RTH_VWAP_FADE_LONG,"real: stop=24 target=40",55,206,39.32,60.68,0.00,146.54,206
RTH_VWAP,LONG,RTH_VWAP_FADE_LONG,"real: stop=24 target=40",60,208,36.54,63.46,0.00,134.30,208
RTH_VWAP,LONG,RTH_VWAP_FADE_LONG,"real: stop=24 target=40",65,208,41.35,58.65,0.00,122.90,208
RTH_VWAP,LONG,RTH_VWAP_FADE_LONG,"real: stop=24 target=40",70,210,37.14,62.86,0.00,121.04,210
RTH_VWAP,LONG,RTH_VWAP_FADE_LONG,"real: stop=24 target=40",75,211,39.34,60.66,0.00,112.83,211
RTH_VWAP,LONG,RTH_VWAP_FADE_LONG,"real: stop=24 target=40",80,213,36.15,63.85,0.00,97.68,213
RTH_VWAP,LONG,RTH_VWAP_FADE_LONG,"real: stop=24 target=40",85,213,38.97,61.03,0.00,113.44,213
RTH_VWAP,LONG,RTH_VWAP_FADE_LONG,"real: stop=24 target=40",90,214,32.24,67.76,0.00,109.86,214
RTH_VWAP,LONG,RTH_VWAP_FADE_LONG,"real: stop=24 target=40",95,214,30.37,69.16,0.47,118.71,214
RTH_VWAP,LONG,RTH_VWAP_FADE_LONG,"real: stop=24 target=40",100,214,33.18,66.36,0.47,95.23,214
RTH_VWAP,LONG,RTH_VWAP_FADE_LONG,"real: stop=24 target=40",105,214,29.44,69.63,0.93,109.32,214
RTH_VWAP,LONG,RTH_VWAP_FADE_LONG,"real: stop=24 target=40",110,215,36.74,62.79,0.47,109.80,215
RTH_VWAP,LONG,RTH_VWAP_FADE_LONG,"real: stop=24 target=40",115,215,35.35,64.19,0.47,115.27,215
RTH_VWAP,LONG,RTH_VWAP_FADE_LONG,"real: stop=24 target=40",120,216,36.57,62.50,0.93,109.94,216
RTH_VWAP,LONG,RTH_VWAP_FADE_LONG,"real: stop=24 target=40",125,216,34.72,64.35,0.93,107.98,216
RTH_VWAP,LONG,RTH_VWAP_FADE_LONG,"real: stop=24 target=40",130,216,34.72,64.35,0.93,99.76,216
RTH_VWAP,LONG,RTH_VWAP_FADE_LONG,"real: stop=24 target=40",135,216,31.48,68.06,0.46,109.60,216
RTH_VWAP,LONG,RTH_VWAP_FADE_LONG,"real: stop=24 target=40",140,216,35.65,62.96,1.39,93.75,216
RTH_VWAP,LONG,RTH_VWAP_FADE_LONG,"real: stop=24 target=40",145,216,31.02,68.06,0.93,87.84,216
RTH_VWAP,LONG,RTH_VWAP_FADE_LONG,"real: stop=24 target=40",150,216,33.33,64.81,1.85,85.83,216
RTH_VWAP,LONG,RTH_VWAP_FADE_LONG,"real: stop=24 target=40",155,216,28.70,69.44,1.85,96.17,216
RTH_VWAP,LONG,RTH_VWAP_FADE_LONG,"real: stop=24 target=40",160,216,36.57,61.57,1.85,86.62,216
RTH_VWAP,LONG,RTH_VWAP_FADE_LONG,"real: stop=24 target=40",165,216,28.24,69.91,1.85,75.64,216
RTH_VWAP,LONG,RTH_VWAP_FADE_LONG,"real: stop=24 target=40",170,216,33.33,64.35,2.31,79.84,216
RTH_VWAP,LONG,RTH_VWAP_FADE_LONG,"real: stop=24 target=40",175,215,34.42,64.19,1.40,72.74,215
RTH_VWAP,LONG,RTH_VWAP_FADE_LONG,"real: stop=24 target=40",180,214,33.18,63.55,3.27,72.93,214
RTH_VWAP,LONG,RTH_VWAP_FADE_LONG,"real: stop=24 target=40",185,214,38.32,58.41,3.27,69.87,214
RTH_VWAP,LONG,RTH_VWAP_FADE_LONG,"real: stop=24 target=40",190,214,33.64,63.08,3.27,83.36,214
RTH_VWAP,LONG,RTH_VWAP_FADE_LONG,"real: stop=24 target=40",195,214,34.11,62.15,3.74,77.60,214
RTH_VWAP,LONG,RTH_VWAP_FADE_LONG,"real: stop=24 target=40",200,214,32.24,63.55,4.21,82.30,214
RTH_VWAP,LONG,RTH_VWAP_FADE_LONG,"real: stop=24 target=40",205,215,34.88,59.07,6.05,77.91,215
RTH_VWAP,LONG,RTH_VWAP_FADE_LONG,"real: stop=24 target=40",210,214,35.05,57.01,7.94,74.32,214
RTH_VWAP,LONG,RTH_VWAP_FADE_LONG,"real: stop=24 target=40",215,214,31.31,60.28,8.41,78.95,214
RTH_VWAP,LONG,RTH_VWAP_FADE_LONG,"real: stop=24 target=40",220,213,30.99,58.69,10.33,73.33,213
RTH_VWAP,LONG,RTH_VWAP_FADE_LONG,"real: stop=24 target=40",225,213,34.74,55.40,9.86,78.91,213
RTH_VWAP,LONG,RTH_VWAP_FADE_LONG,"real: stop=24 target=40",230,213,29.11,61.03,9.86,67.36,213
RTH_VWAP,LONG,RTH_VWAP_FADE_LONG,"real: stop=24 target=40",235,213,27.70,61.50,10.80,65.13,213
RTH_VWAP,LONG,RTH_VWAP_FADE_LONG,"real: stop=24 target=40",240,211,32.23,56.40,11.37,61.24,211
RTH_VWAP,SHORT,RTH_VWAP_FADE_SHORT,"real: stop=38 target=50",0,221,38.01,61.54,0.45,153.42,221
RTH_VWAP,SHORT,RTH_VWAP_FADE_SHORT,"real: stop=38 target=50",5,139,39.57,60.43,0.00,186.94,139
RTH_VWAP,SHORT,RTH_VWAP_FADE_SHORT,"real: stop=38 target=50",10,175,41.14,58.86,0.00,154.70,175
RTH_VWAP,SHORT,RTH_VWAP_FADE_SHORT,"real: stop=38 target=50",15,191,45.55,54.45,0.00,151.71,191
RTH_VWAP,SHORT,RTH_VWAP_FADE_SHORT,"real: stop=38 target=50",20,199,43.22,56.78,0.00,150.81,199
RTH_VWAP,SHORT,RTH_VWAP_FADE_SHORT,"real: stop=38 target=50",25,205,43.41,56.10,0.49,143.69,205
RTH_VWAP,SHORT,RTH_VWAP_FADE_SHORT,"real: stop=38 target=50",30,207,42.03,57.97,0.00,164.68,207
RTH_VWAP,SHORT,RTH_VWAP_FADE_SHORT,"real: stop=38 target=50",35,209,43.06,56.94,0.00,143.04,209
RTH_VWAP,SHORT,RTH_VWAP_FADE_SHORT,"real: stop=38 target=50",40,213,42.25,57.28,0.47,145.40,213
RTH_VWAP,SHORT,RTH_VWAP_FADE_SHORT,"real: stop=38 target=50",45,215,40.47,59.53,0.00,149.74,215
RTH_VWAP,SHORT,RTH_VWAP_FADE_SHORT,"real: stop=38 target=50",50,216,35.65,63.89,0.46,156.08,216
RTH_VWAP,SHORT,RTH_VWAP_FADE_SHORT,"real: stop=38 target=50",55,216,36.11,63.43,0.46,150.00,216
RTH_VWAP,SHORT,RTH_VWAP_FADE_SHORT,"real: stop=38 target=50",60,218,34.86,64.22,0.92,146.09,218
RTH_VWAP,SHORT,RTH_VWAP_FADE_SHORT,"real: stop=38 target=50",65,218,33.49,65.60,0.92,136.91,218
RTH_VWAP,SHORT,RTH_VWAP_FADE_SHORT,"real: stop=38 target=50",70,219,38.36,61.19,0.46,123.84,219
RTH_VWAP,SHORT,RTH_VWAP_FADE_SHORT,"real: stop=38 target=50",75,219,36.53,62.10,1.37,133.97,219
RTH_VWAP,SHORT,RTH_VWAP_FADE_SHORT,"real: stop=38 target=50",80,219,38.81,59.82,1.37,137.27,219
RTH_VWAP,SHORT,RTH_VWAP_FADE_SHORT,"real: stop=38 target=50",85,219,39.73,59.36,0.91,124.48,219
RTH_VWAP,SHORT,RTH_VWAP_FADE_SHORT,"real: stop=38 target=50",90,219,38.81,60.27,0.91,118.56,219
RTH_VWAP,SHORT,RTH_VWAP_FADE_SHORT,"real: stop=38 target=50",95,219,45.21,53.42,1.37,135.84,219
RTH_VWAP,SHORT,RTH_VWAP_FADE_SHORT,"real: stop=38 target=50",100,219,45.21,53.88,0.91,113.02,219
RTH_VWAP,SHORT,RTH_VWAP_FADE_SHORT,"real: stop=38 target=50",105,219,45.66,52.97,1.37,123.29,219
RTH_VWAP,SHORT,RTH_VWAP_FADE_SHORT,"real: stop=38 target=50",110,220,39.55,58.64,1.82,121.19,220
RTH_VWAP,SHORT,RTH_VWAP_FADE_SHORT,"real: stop=38 target=50",115,220,40.45,56.82,2.73,113.33,220
RTH_VWAP,SHORT,RTH_VWAP_FADE_SHORT,"real: stop=38 target=50",120,220,33.64,64.09,2.27,124.58,220
RTH_VWAP,SHORT,RTH_VWAP_FADE_SHORT,"real: stop=38 target=50",125,220,37.27,60.45,2.27,125.70,220
RTH_VWAP,SHORT,RTH_VWAP_FADE_SHORT,"real: stop=38 target=50",130,220,37.27,60.45,2.27,139.04,220
RTH_VWAP,SHORT,RTH_VWAP_FADE_SHORT,"real: stop=38 target=50",135,220,41.36,56.36,2.27,120.09,220
RTH_VWAP,SHORT,RTH_VWAP_FADE_SHORT,"real: stop=38 target=50",140,220,40.45,56.82,2.73,115.64,220
RTH_VWAP,SHORT,RTH_VWAP_FADE_SHORT,"real: stop=38 target=50",145,220,36.82,60.45,2.73,128.49,220
RTH_VWAP,SHORT,RTH_VWAP_FADE_SHORT,"real: stop=38 target=50",150,220,34.55,61.36,4.09,139.15,220
RTH_VWAP,SHORT,RTH_VWAP_FADE_SHORT,"real: stop=38 target=50",155,220,41.36,55.00,3.64,109.25,220
RTH_VWAP,SHORT,RTH_VWAP_FADE_SHORT,"real: stop=38 target=50",160,220,34.09,61.82,4.09,118.85,220
RTH_VWAP,SHORT,RTH_VWAP_FADE_SHORT,"real: stop=38 target=50",165,220,38.64,57.27,4.09,118.36,220
RTH_VWAP,SHORT,RTH_VWAP_FADE_SHORT,"real: stop=38 target=50",170,220,40.45,55.00,4.55,109.78,220
RTH_VWAP,SHORT,RTH_VWAP_FADE_SHORT,"real: stop=38 target=50",175,219,39.27,56.16,4.57,103.38,219
RTH_VWAP,SHORT,RTH_VWAP_FADE_SHORT,"real: stop=38 target=50",180,218,39.45,55.05,5.50,102.83,218
RTH_VWAP,SHORT,RTH_VWAP_FADE_SHORT,"real: stop=38 target=50",185,218,37.16,57.34,5.50,110.50,218
RTH_VWAP,SHORT,RTH_VWAP_FADE_SHORT,"real: stop=38 target=50",190,218,41.74,51.38,6.88,91.07,218
RTH_VWAP,SHORT,RTH_VWAP_FADE_SHORT,"real: stop=38 target=50",195,218,40.83,50.46,8.72,88.75,218
RTH_VWAP,SHORT,RTH_VWAP_FADE_SHORT,"real: stop=38 target=50",200,218,39.45,51.38,9.17,92.14,218
RTH_VWAP,SHORT,RTH_VWAP_FADE_SHORT,"real: stop=38 target=50",205,218,37.61,52.29,10.09,89.59,218
RTH_VWAP,SHORT,RTH_VWAP_FADE_SHORT,"real: stop=38 target=50",210,216,31.48,54.63,13.89,88.83,216
RTH_VWAP,SHORT,RTH_VWAP_FADE_SHORT,"real: stop=38 target=50",215,216,36.11,50.00,13.89,84.28,216
RTH_VWAP,SHORT,RTH_VWAP_FADE_SHORT,"real: stop=38 target=50",220,215,33.95,49.77,16.28,90.47,215
RTH_VWAP,SHORT,RTH_VWAP_FADE_SHORT,"real: stop=38 target=50",225,215,31.63,52.09,16.28,86.26,215
RTH_VWAP,SHORT,RTH_VWAP_FADE_SHORT,"real: stop=38 target=50",230,215,36.74,47.91,15.35,81.50,215
RTH_VWAP,SHORT,RTH_VWAP_FADE_SHORT,"real: stop=38 target=50",235,215,38.14,44.19,17.67,84.48,215
RTH_VWAP,SHORT,RTH_VWAP_FADE_SHORT,"real: stop=38 target=50",240,213,39.44,44.13,16.43,74.35,213
5D_OR_MID,LONG,5D_OR_MID_FADE_LONG,"real: stop=37 target=38",0,73,46.58,53.42,0.00,116.54,73
5D_OR_MID,LONG,5D_OR_MID_FADE_LONG,"real: stop=37 target=38",5,36,52.78,47.22,0.00,154.26,36
5D_OR_MID,LONG,5D_OR_MID_FADE_LONG,"real: stop=37 target=38",10,53,54.72,43.40,1.89,148.95,53
5D_OR_MID,LONG,5D_OR_MID_FADE_LONG,"real: stop=37 target=38",15,60,48.33,50.00,1.67,131.98,60
5D_OR_MID,LONG,5D_OR_MID_FADE_LONG,"real: stop=37 target=38",20,65,36.92,61.54,1.54,77.40,65
5D_OR_MID,LONG,5D_OR_MID_FADE_LONG,"real: stop=37 target=38",25,68,47.06,50.00,2.94,101.91,68
5D_OR_MID,LONG,5D_OR_MID_FADE_LONG,"real: stop=37 target=38",30,69,44.93,52.17,2.90,138.43,69
5D_OR_MID,LONG,5D_OR_MID_FADE_LONG,"real: stop=37 target=38",35,70,40.00,57.14,2.86,99.32,70
5D_OR_MID,LONG,5D_OR_MID_FADE_LONG,"real: stop=37 target=38",40,70,38.57,58.57,2.86,138.63,70
5D_OR_MID,LONG,5D_OR_MID_FADE_LONG,"real: stop=37 target=38",45,70,40.00,55.71,4.29,119.51,70
5D_OR_MID,LONG,5D_OR_MID_FADE_LONG,"real: stop=37 target=38",50,70,51.43,44.29,4.29,111.50,70
5D_OR_MID,LONG,5D_OR_MID_FADE_LONG,"real: stop=37 target=38",55,71,43.66,52.11,4.23,104.77,71
5D_OR_MID,LONG,5D_OR_MID_FADE_LONG,"real: stop=37 target=38",60,72,50.00,45.83,4.17,87.64,72
5D_OR_MID,LONG,5D_OR_MID_FADE_LONG,"real: stop=37 target=38",65,73,31.51,63.01,5.48,101.76,73
5D_OR_MID,LONG,5D_OR_MID_FADE_LONG,"real: stop=37 target=38",70,73,32.88,61.64,5.48,92.49,73
5D_OR_MID,LONG,5D_OR_MID_FADE_LONG,"real: stop=37 target=38",75,73,41.10,53.42,5.48,130.28,73
5D_OR_MID,LONG,5D_OR_MID_FADE_LONG,"real: stop=37 target=38",80,73,39.73,52.05,8.22,106.46,73
5D_OR_MID,LONG,5D_OR_MID_FADE_LONG,"real: stop=37 target=38",85,73,32.88,58.90,8.22,87.08,73
5D_OR_MID,LONG,5D_OR_MID_FADE_LONG,"real: stop=37 target=38",90,73,36.99,56.16,6.85,87.52,73
5D_OR_MID,LONG,5D_OR_MID_FADE_LONG,"real: stop=37 target=38",95,73,43.84,47.95,8.22,89.76,73
5D_OR_MID,LONG,5D_OR_MID_FADE_LONG,"real: stop=37 target=38",100,73,45.21,46.58,8.22,90.20,73
5D_OR_MID,LONG,5D_OR_MID_FADE_LONG,"real: stop=37 target=38",105,73,43.84,47.95,8.22,74.97,73
5D_OR_MID,LONG,5D_OR_MID_FADE_LONG,"real: stop=37 target=38",110,73,39.73,53.42,6.85,103.53,73
5D_OR_MID,LONG,5D_OR_MID_FADE_LONG,"real: stop=37 target=38",115,73,45.21,47.95,6.85,105.98,73
5D_OR_MID,LONG,5D_OR_MID_FADE_LONG,"real: stop=37 target=38",120,73,54.79,36.99,8.22,90.64,73
5D_OR_MID,LONG,5D_OR_MID_FADE_LONG,"real: stop=37 target=38",125,73,47.95,42.47,9.59,95.71,73
5D_OR_MID,LONG,5D_OR_MID_FADE_LONG,"real: stop=37 target=38",130,73,46.58,45.21,8.22,122.36,73
5D_OR_MID,LONG,5D_OR_MID_FADE_LONG,"real: stop=37 target=38",135,73,39.73,52.05,8.22,100.69,73
5D_OR_MID,LONG,5D_OR_MID_FADE_LONG,"real: stop=37 target=38",140,73,42.47,47.95,9.59,93.73,73
5D_OR_MID,LONG,5D_OR_MID_FADE_LONG,"real: stop=37 target=38",145,73,38.36,53.42,8.22,94.87,73
5D_OR_MID,LONG,5D_OR_MID_FADE_LONG,"real: stop=37 target=38",150,73,41.10,49.32,9.59,84.21,73
5D_OR_MID,LONG,5D_OR_MID_FADE_LONG,"real: stop=37 target=38",155,73,34.25,56.16,9.59,90.86,73
5D_OR_MID,LONG,5D_OR_MID_FADE_LONG,"real: stop=37 target=38",160,73,43.84,45.21,10.96,81.19,73
5D_OR_MID,LONG,5D_OR_MID_FADE_LONG,"real: stop=37 target=38",165,73,39.73,46.58,13.70,107.85,73
5D_OR_MID,LONG,5D_OR_MID_FADE_LONG,"real: stop=37 target=38",170,73,34.25,53.42,12.33,97.69,73
5D_OR_MID,LONG,5D_OR_MID_FADE_LONG,"real: stop=37 target=38",175,73,45.21,41.10,13.70,99.09,73
5D_OR_MID,LONG,5D_OR_MID_FADE_LONG,"real: stop=37 target=38",180,73,31.51,54.79,13.70,75.51,73
5D_OR_MID,LONG,5D_OR_MID_FADE_LONG,"real: stop=37 target=38",185,73,45.21,41.10,13.70,91.88,73
5D_OR_MID,LONG,5D_OR_MID_FADE_LONG,"real: stop=37 target=38",190,73,43.84,42.47,13.70,88.94,73
5D_OR_MID,LONG,5D_OR_MID_FADE_LONG,"real: stop=37 target=38",195,73,38.36,47.95,13.70,74.82,73
5D_OR_MID,LONG,5D_OR_MID_FADE_LONG,"real: stop=37 target=38",200,73,43.84,43.84,12.33,77.49,73
5D_OR_MID,LONG,5D_OR_MID_FADE_LONG,"real: stop=37 target=38",205,73,39.73,45.21,15.07,70.20,73
5D_OR_MID,LONG,5D_OR_MID_FADE_LONG,"real: stop=37 target=38",210,73,42.47,45.21,12.33,78.65,73
5D_OR_MID,LONG,5D_OR_MID_FADE_LONG,"real: stop=37 target=38",215,73,39.73,46.58,13.70,69.77,73
5D_OR_MID,LONG,5D_OR_MID_FADE_LONG,"real: stop=37 target=38",220,73,43.84,41.10,15.07,69.34,73
5D_OR_MID,LONG,5D_OR_MID_FADE_LONG,"real: stop=37 target=38",225,73,32.88,53.42,13.70,65.72,73
5D_OR_MID,LONG,5D_OR_MID_FADE_LONG,"real: stop=37 target=38",230,73,34.25,49.32,16.44,63.73,73
5D_OR_MID,LONG,5D_OR_MID_FADE_LONG,"real: stop=37 target=38",235,73,43.84,42.47,13.70,57.50,73
5D_OR_MID,LONG,5D_OR_MID_FADE_LONG,"real: stop=37 target=38",240,73,36.99,49.32,13.70,61.19,73
5D_OR_MID,SHORT,5D_OR_MID_FADE_SHORT,"real: stop=37 target=38",0,73,53.42,46.58,0.00,159.63,73
5D_OR_MID,SHORT,5D_OR_MID_FADE_SHORT,"real: stop=37 target=38",5,36,44.44,55.56,0.00,130.86,36
5D_OR_MID,SHORT,5D_OR_MID_FADE_SHORT,"real: stop=37 target=38",10,53,41.51,56.60,1.89,100.85,53
5D_OR_MID,SHORT,5D_OR_MID_FADE_SHORT,"real: stop=37 target=38",15,60,50.00,48.33,1.67,183.50,60
5D_OR_MID,SHORT,5D_OR_MID_FADE_SHORT,"real: stop=37 target=38",20,65,61.54,36.92,1.54,157.87,65
5D_OR_MID,SHORT,5D_OR_MID_FADE_SHORT,"real: stop=37 target=38",25,68,47.06,50.00,2.94,183.69,68
5D_OR_MID,SHORT,5D_OR_MID_FADE_SHORT,"real: stop=37 target=38",30,69,47.83,49.28,2.90,131.10,69
5D_OR_MID,SHORT,5D_OR_MID_FADE_SHORT,"real: stop=37 target=38",35,70,54.29,42.86,2.86,108.33,70
5D_OR_MID,SHORT,5D_OR_MID_FADE_SHORT,"real: stop=37 target=38",40,70,57.14,40.00,2.86,157.33,70
5D_OR_MID,SHORT,5D_OR_MID_FADE_SHORT,"real: stop=37 target=38",45,70,51.43,44.29,4.29,165.14,70
5D_OR_MID,SHORT,5D_OR_MID_FADE_SHORT,"real: stop=37 target=38",50,70,42.86,52.86,4.29,113.44,70
5D_OR_MID,SHORT,5D_OR_MID_FADE_SHORT,"real: stop=37 target=38",55,71,50.70,43.66,5.63,128.69,71
5D_OR_MID,SHORT,5D_OR_MID_FADE_SHORT,"real: stop=37 target=38",60,72,44.44,51.39,4.17,132.79,72
5D_OR_MID,SHORT,5D_OR_MID_FADE_SHORT,"real: stop=37 target=38",65,73,60.27,34.25,5.48,129.90,73
5D_OR_MID,SHORT,5D_OR_MID_FADE_SHORT,"real: stop=37 target=38",70,73,61.64,32.88,5.48,144.73,73
5D_OR_MID,SHORT,5D_OR_MID_FADE_SHORT,"real: stop=37 target=38",75,73,52.05,42.47,5.48,157.90,73
5D_OR_MID,SHORT,5D_OR_MID_FADE_SHORT,"real: stop=37 target=38",80,73,47.95,43.84,8.22,159.24,73
5D_OR_MID,SHORT,5D_OR_MID_FADE_SHORT,"real: stop=37 target=38",85,73,58.90,32.88,8.22,143.13,73
5D_OR_MID,SHORT,5D_OR_MID_FADE_SHORT,"real: stop=37 target=38",90,73,54.79,38.36,6.85,124.97,73
5D_OR_MID,SHORT,5D_OR_MID_FADE_SHORT,"real: stop=37 target=38",95,73,47.95,43.84,8.22,116.91,73
5D_OR_MID,SHORT,5D_OR_MID_FADE_SHORT,"real: stop=37 target=38",100,73,42.47,49.32,8.22,130.52,73
5D_OR_MID,SHORT,5D_OR_MID_FADE_SHORT,"real: stop=37 target=38",105,73,47.95,43.84,8.22,112.34,73
5D_OR_MID,SHORT,5D_OR_MID_FADE_SHORT,"real: stop=37 target=38",110,73,52.05,41.10,6.85,112.67,73
5D_OR_MID,SHORT,5D_OR_MID_FADE_SHORT,"real: stop=37 target=38",115,73,45.21,46.58,8.22,117.49,73
5D_OR_MID,SHORT,5D_OR_MID_FADE_SHORT,"real: stop=37 target=38",120,73,32.88,58.90,8.22,100.85,73
5D_OR_MID,SHORT,5D_OR_MID_FADE_SHORT,"real: stop=37 target=38",125,73,36.99,53.42,9.59,115.61,73
5D_OR_MID,SHORT,5D_OR_MID_FADE_SHORT,"real: stop=37 target=38",130,73,38.36,53.42,8.22,122.96,73
5D_OR_MID,SHORT,5D_OR_MID_FADE_SHORT,"real: stop=37 target=38",135,73,52.05,39.73,8.22,107.84,73
5D_OR_MID,SHORT,5D_OR_MID_FADE_SHORT,"real: stop=37 target=38",140,73,46.58,43.84,9.59,99.68,73
5D_OR_MID,SHORT,5D_OR_MID_FADE_SHORT,"real: stop=37 target=38",145,73,53.42,38.36,8.22,96.73,73
5D_OR_MID,SHORT,5D_OR_MID_FADE_SHORT,"real: stop=37 target=38",150,73,49.32,41.10,9.59,84.94,73
5D_OR_MID,SHORT,5D_OR_MID_FADE_SHORT,"real: stop=37 target=38",155,73,52.05,38.36,9.59,96.13,73
5D_OR_MID,SHORT,5D_OR_MID_FADE_SHORT,"real: stop=37 target=38",160,73,45.21,43.84,10.96,105.75,73
5D_OR_MID,SHORT,5D_OR_MID_FADE_SHORT,"real: stop=37 target=38",165,73,46.58,39.73,13.70,97.15,73
5D_OR_MID,SHORT,5D_OR_MID_FADE_SHORT,"real: stop=37 target=38",170,73,53.42,34.25,12.33,98.14,73
5D_OR_MID,SHORT,5D_OR_MID_FADE_SHORT,"real: stop=37 target=38",175,73,39.73,46.58,13.70,111.49,73
5D_OR_MID,SHORT,5D_OR_MID_FADE_SHORT,"real: stop=37 target=38",180,73,53.42,32.88,13.70,93.40,73
5D_OR_MID,SHORT,5D_OR_MID_FADE_SHORT,"real: stop=37 target=38",185,73,41.10,45.21,13.70,96.22,73
5D_OR_MID,SHORT,5D_OR_MID_FADE_SHORT,"real: stop=37 target=38",190,73,41.10,45.21,13.70,106.97,73
5D_OR_MID,SHORT,5D_OR_MID_FADE_SHORT,"real: stop=37 target=38",195,73,46.58,38.36,15.07,101.18,73
5D_OR_MID,SHORT,5D_OR_MID_FADE_SHORT,"real: stop=37 target=38",200,73,43.84,43.84,12.33,73.99,73
5D_OR_MID,SHORT,5D_OR_MID_FADE_SHORT,"real: stop=37 target=38",205,73,43.84,41.10,15.07,74.95,73
5D_OR_MID,SHORT,5D_OR_MID_FADE_SHORT,"real: stop=37 target=38",210,73,43.84,43.84,12.33,108.59,73
5D_OR_MID,SHORT,5D_OR_MID_FADE_SHORT,"real: stop=37 target=38",215,73,43.84,41.10,15.07,77.23,73
5D_OR_MID,SHORT,5D_OR_MID_FADE_SHORT,"real: stop=37 target=38",220,73,41.10,43.84,15.07,74.19,73
5D_OR_MID,SHORT,5D_OR_MID_FADE_SHORT,"real: stop=37 target=38",225,73,53.42,32.88,13.70,81.31,73
5D_OR_MID,SHORT,5D_OR_MID_FADE_SHORT,"real: stop=37 target=38",230,73,46.58,36.99,16.44,83.99,73
5D_OR_MID,SHORT,5D_OR_MID_FADE_SHORT,"real: stop=37 target=38",235,73,41.10,45.21,13.70,82.69,73
5D_OR_MID,SHORT,5D_OR_MID_FADE_SHORT,"real: stop=37 target=38",240,73,49.32,36.99,13.70,69.95,73
10D_IB_MID,LONG,10D_IB_MID_FADE_LONG,"real: stop=37 target=38",0,64,46.88,53.13,0.00,142.62,64
10D_IB_MID,LONG,10D_IB_MID_FADE_LONG,"real: stop=37 target=38",5,41,43.90,56.10,0.00,118.88,41
10D_IB_MID,LONG,10D_IB_MID_FADE_LONG,"real: stop=37 target=38",10,53,60.38,39.62,0.00,144.83,53
10D_IB_MID,LONG,10D_IB_MID_FADE_LONG,"real: stop=37 target=38",15,59,49.15,50.85,0.00,132.32,59
10D_IB_MID,LONG,10D_IB_MID_FADE_LONG,"real: stop=37 target=38",20,60,36.67,61.67,1.67,153.61,60
10D_IB_MID,LONG,10D_IB_MID_FADE_LONG,"real: stop=37 target=38",25,60,55.00,45.00,0.00,144.50,60
10D_IB_MID,LONG,10D_IB_MID_FADE_LONG,"real: stop=37 target=38",30,61,49.18,47.54,3.28,144.41,61
10D_IB_MID,LONG,10D_IB_MID_FADE_LONG,"real: stop=37 target=38",35,61,50.82,45.90,3.28,116.73,61
10D_IB_MID,LONG,10D_IB_MID_FADE_LONG,"real: stop=37 target=38",40,61,45.90,50.82,3.28,173.58,61
10D_IB_MID,LONG,10D_IB_MID_FADE_LONG,"real: stop=37 target=38",45,61,44.26,52.46,3.28,126.99,61
10D_IB_MID,LONG,10D_IB_MID_FADE_LONG,"real: stop=37 target=38",50,62,48.39,48.39,3.23,119.96,62
10D_IB_MID,LONG,10D_IB_MID_FADE_LONG,"real: stop=37 target=38",55,62,35.48,61.29,3.23,160.07,62
10D_IB_MID,LONG,10D_IB_MID_FADE_LONG,"real: stop=37 target=38",60,62,43.55,53.23,3.23,113.05,62
10D_IB_MID,LONG,10D_IB_MID_FADE_LONG,"real: stop=37 target=38",65,63,50.79,46.03,3.17,99.78,63
10D_IB_MID,LONG,10D_IB_MID_FADE_LONG,"real: stop=37 target=38",70,63,44.44,52.38,3.17,118.37,63
10D_IB_MID,LONG,10D_IB_MID_FADE_LONG,"real: stop=37 target=38",75,63,42.86,53.97,3.17,120.60,63
10D_IB_MID,LONG,10D_IB_MID_FADE_LONG,"real: stop=37 target=38",80,63,44.44,52.38,3.17,114.12,63
10D_IB_MID,LONG,10D_IB_MID_FADE_LONG,"real: stop=37 target=38",85,63,44.44,52.38,3.17,108.57,63
10D_IB_MID,LONG,10D_IB_MID_FADE_LONG,"real: stop=37 target=38",90,63,41.27,53.97,4.76,104.20,63
10D_IB_MID,LONG,10D_IB_MID_FADE_LONG,"real: stop=37 target=38",95,63,44.44,50.79,4.76,110.09,63
10D_IB_MID,LONG,10D_IB_MID_FADE_LONG,"real: stop=37 target=38",100,63,41.27,55.56,3.17,91.74,63
10D_IB_MID,LONG,10D_IB_MID_FADE_LONG,"real: stop=37 target=38",105,63,41.27,53.97,4.76,92.58,63
10D_IB_MID,LONG,10D_IB_MID_FADE_LONG,"real: stop=37 target=38",110,63,44.44,50.79,4.76,118.55,63
10D_IB_MID,LONG,10D_IB_MID_FADE_LONG,"real: stop=37 target=38",115,63,50.79,44.44,4.76,108.63,63
10D_IB_MID,LONG,10D_IB_MID_FADE_LONG,"real: stop=37 target=38",120,63,47.62,47.62,4.76,107.73,63
10D_IB_MID,LONG,10D_IB_MID_FADE_LONG,"real: stop=37 target=38",125,63,44.44,50.79,4.76,91.64,63
10D_IB_MID,LONG,10D_IB_MID_FADE_LONG,"real: stop=37 target=38",130,63,47.62,49.21,3.17,84.40,63
10D_IB_MID,LONG,10D_IB_MID_FADE_LONG,"real: stop=37 target=38",135,63,47.62,46.03,6.35,95.96,63
10D_IB_MID,LONG,10D_IB_MID_FADE_LONG,"real: stop=37 target=38",140,63,46.03,47.62,6.35,101.19,63
10D_IB_MID,LONG,10D_IB_MID_FADE_LONG,"real: stop=37 target=38",145,63,46.03,49.21,4.76,125.90,63
10D_IB_MID,LONG,10D_IB_MID_FADE_LONG,"real: stop=37 target=38",150,63,41.27,52.38,6.35,92.93,63
10D_IB_MID,LONG,10D_IB_MID_FADE_LONG,"real: stop=37 target=38",155,63,42.86,50.79,6.35,104.03,63
10D_IB_MID,LONG,10D_IB_MID_FADE_LONG,"real: stop=37 target=38",160,63,41.27,50.79,7.94,84.40,63
10D_IB_MID,LONG,10D_IB_MID_FADE_LONG,"real: stop=37 target=38",165,63,44.44,47.62,7.94,100.76,63
10D_IB_MID,LONG,10D_IB_MID_FADE_LONG,"real: stop=37 target=38",170,63,50.79,41.27,7.94,79.67,63
10D_IB_MID,LONG,10D_IB_MID_FADE_LONG,"real: stop=37 target=38",175,63,39.68,50.79,9.52,78.55,63
10D_IB_MID,LONG,10D_IB_MID_FADE_LONG,"real: stop=37 target=38",180,64,45.31,43.75,10.94,80.33,64
10D_IB_MID,LONG,10D_IB_MID_FADE_LONG,"real: stop=37 target=38",185,64,50.00,39.06,10.94,80.91,64
10D_IB_MID,LONG,10D_IB_MID_FADE_LONG,"real: stop=37 target=38",190,64,43.75,46.88,9.38,76.46,64
10D_IB_MID,LONG,10D_IB_MID_FADE_LONG,"real: stop=37 target=38",195,64,40.63,48.44,10.94,72.34,64
10D_IB_MID,LONG,10D_IB_MID_FADE_LONG,"real: stop=37 target=38",200,64,42.19,46.88,10.94,70.36,64
10D_IB_MID,LONG,10D_IB_MID_FADE_LONG,"real: stop=37 target=38",205,64,43.75,46.88,9.38,63.15,64
10D_IB_MID,LONG,10D_IB_MID_FADE_LONG,"real: stop=37 target=38",210,64,40.63,48.44,10.94,59.83,64
10D_IB_MID,LONG,10D_IB_MID_FADE_LONG,"real: stop=37 target=38",215,64,46.88,40.63,12.50,54.16,64
10D_IB_MID,LONG,10D_IB_MID_FADE_LONG,"real: stop=37 target=38",220,64,39.06,46.88,14.06,53.64,64
10D_IB_MID,LONG,10D_IB_MID_FADE_LONG,"real: stop=37 target=38",225,64,35.94,46.88,17.19,66.26,64
10D_IB_MID,LONG,10D_IB_MID_FADE_LONG,"real: stop=37 target=38",230,64,31.25,50.00,18.75,63.14,64
10D_IB_MID,LONG,10D_IB_MID_FADE_LONG,"real: stop=37 target=38",235,64,29.69,51.56,18.75,57.04,64
10D_IB_MID,LONG,10D_IB_MID_FADE_LONG,"real: stop=37 target=38",240,64,35.94,43.75,20.31,71.61,64
10D_IB_MID,SHORT,10D_IB_MID_FADE_SHORT,"real: stop=37 target=38",0,64,51.56,48.44,0.00,166.17,64
10D_IB_MID,SHORT,10D_IB_MID_FADE_SHORT,"real: stop=37 target=38",5,40,55.00,45.00,0.00,139.28,40
10D_IB_MID,SHORT,10D_IB_MID_FADE_SHORT,"real: stop=37 target=38",10,52,36.54,63.46,0.00,135.08,52
10D_IB_MID,SHORT,10D_IB_MID_FADE_SHORT,"real: stop=37 target=38",15,58,48.28,51.72,0.00,133.67,58
10D_IB_MID,SHORT,10D_IB_MID_FADE_SHORT,"real: stop=37 target=38",20,60,60.00,38.33,1.67,163.74,60
10D_IB_MID,SHORT,10D_IB_MID_FADE_SHORT,"real: stop=37 target=38",25,60,43.33,56.67,0.00,184.36,60
10D_IB_MID,SHORT,10D_IB_MID_FADE_SHORT,"real: stop=37 target=38",30,61,45.90,50.82,3.28,133.97,61
10D_IB_MID,SHORT,10D_IB_MID_FADE_SHORT,"real: stop=37 target=38",35,61,45.90,50.82,3.28,98.49,61
10D_IB_MID,SHORT,10D_IB_MID_FADE_SHORT,"real: stop=37 target=38",40,61,49.18,47.54,3.28,163.96,61
10D_IB_MID,SHORT,10D_IB_MID_FADE_SHORT,"real: stop=37 target=38",45,61,49.18,47.54,3.28,124.78,61
10D_IB_MID,SHORT,10D_IB_MID_FADE_SHORT,"real: stop=37 target=38",50,62,48.39,48.39,3.23,130.13,62
10D_IB_MID,SHORT,10D_IB_MID_FADE_SHORT,"real: stop=37 target=38",55,62,61.29,35.48,3.23,119.32,62
10D_IB_MID,SHORT,10D_IB_MID_FADE_SHORT,"real: stop=37 target=38",60,62,51.61,45.16,3.23,114.38,62
10D_IB_MID,SHORT,10D_IB_MID_FADE_SHORT,"real: stop=37 target=38",65,63,44.44,52.38,3.17,139.79,63
10D_IB_MID,SHORT,10D_IB_MID_FADE_SHORT,"real: stop=37 target=38",70,63,50.79,46.03,3.17,145.24,63
10D_IB_MID,SHORT,10D_IB_MID_FADE_SHORT,"real: stop=37 target=38",75,63,52.38,44.44,3.17,129.68,63
10D_IB_MID,SHORT,10D_IB_MID_FADE_SHORT,"real: stop=37 target=38",80,63,49.21,47.62,3.17,143.13,63
10D_IB_MID,SHORT,10D_IB_MID_FADE_SHORT,"real: stop=37 target=38",85,63,52.38,44.44,3.17,164.30,63
10D_IB_MID,SHORT,10D_IB_MID_FADE_SHORT,"real: stop=37 target=38",90,63,52.38,42.86,4.76,144.38,63
10D_IB_MID,SHORT,10D_IB_MID_FADE_SHORT,"real: stop=37 target=38",95,63,46.03,49.21,4.76,143.59,63
10D_IB_MID,SHORT,10D_IB_MID_FADE_SHORT,"real: stop=37 target=38",100,63,50.79,46.03,3.17,107.87,63
10D_IB_MID,SHORT,10D_IB_MID_FADE_SHORT,"real: stop=37 target=38",105,63,53.97,41.27,4.76,104.24,63
10D_IB_MID,SHORT,10D_IB_MID_FADE_SHORT,"real: stop=37 target=38",110,63,50.79,44.44,4.76,130.40,63
10D_IB_MID,SHORT,10D_IB_MID_FADE_SHORT,"real: stop=37 target=38",115,63,42.86,52.38,4.76,117.74,63
10D_IB_MID,SHORT,10D_IB_MID_FADE_SHORT,"real: stop=37 target=38",120,63,42.86,52.38,4.76,129.59,63
10D_IB_MID,SHORT,10D_IB_MID_FADE_SHORT,"real: stop=37 target=38",125,63,49.21,44.44,6.35,116.03,63
10D_IB_MID,SHORT,10D_IB_MID_FADE_SHORT,"real: stop=37 target=38",130,63,47.62,49.21,3.17,107.80,63
10D_IB_MID,SHORT,10D_IB_MID_FADE_SHORT,"real: stop=37 target=38",135,63,44.44,49.21,6.35,92.88,63
10D_IB_MID,SHORT,10D_IB_MID_FADE_SHORT,"real: stop=37 target=38",140,63,46.03,47.62,6.35,129.25,63
10D_IB_MID,SHORT,10D_IB_MID_FADE_SHORT,"real: stop=37 target=38",145,63,47.62,47.62,4.76,117.61,63
10D_IB_MID,SHORT,10D_IB_MID_FADE_SHORT,"real: stop=37 target=38",150,63,50.79,42.86,6.35,90.80,63
10D_IB_MID,SHORT,10D_IB_MID_FADE_SHORT,"real: stop=37 target=38",155,63,47.62,46.03,6.35,98.78,63
10D_IB_MID,SHORT,10D_IB_MID_FADE_SHORT,"real: stop=37 target=38",160,63,49.21,42.86,7.94,86.52,63
10D_IB_MID,SHORT,10D_IB_MID_FADE_SHORT,"real: stop=37 target=38",165,63,44.44,47.62,7.94,83.29,63
10D_IB_MID,SHORT,10D_IB_MID_FADE_SHORT,"real: stop=37 target=38",170,63,41.27,50.79,7.94,92.88,63
10D_IB_MID,SHORT,10D_IB_MID_FADE_SHORT,"real: stop=37 target=38",175,63,49.21,41.27,9.52,99.52,63
10D_IB_MID,SHORT,10D_IB_MID_FADE_SHORT,"real: stop=37 target=38",180,64,42.19,46.88,10.94,100.37,64
10D_IB_MID,SHORT,10D_IB_MID_FADE_SHORT,"real: stop=37 target=38",185,64,35.94,53.13,10.94,87.37,64
10D_IB_MID,SHORT,10D_IB_MID_FADE_SHORT,"real: stop=37 target=38",190,64,46.88,43.75,9.38,93.22,64
10D_IB_MID,SHORT,10D_IB_MID_FADE_SHORT,"real: stop=37 target=38",195,64,48.44,40.63,10.94,79.47,64
10D_IB_MID,SHORT,10D_IB_MID_FADE_SHORT,"real: stop=37 target=38",200,64,46.88,42.19,10.94,59.37,64
10D_IB_MID,SHORT,10D_IB_MID_FADE_SHORT,"real: stop=37 target=38",205,64,42.19,45.31,12.50,71.45,64
10D_IB_MID,SHORT,10D_IB_MID_FADE_SHORT,"real: stop=37 target=38",210,64,46.88,42.19,10.94,84.32,64
10D_IB_MID,SHORT,10D_IB_MID_FADE_SHORT,"real: stop=37 target=38",215,64,40.63,46.88,12.50,71.23,64
10D_IB_MID,SHORT,10D_IB_MID_FADE_SHORT,"real: stop=37 target=38",220,64,43.75,40.63,15.63,93.68,64
10D_IB_MID,SHORT,10D_IB_MID_FADE_SHORT,"real: stop=37 target=38",225,64,45.31,37.50,17.19,87.92,64
10D_IB_MID,SHORT,10D_IB_MID_FADE_SHORT,"real: stop=37 target=38",230,64,46.88,32.81,20.31,88.18,64
10D_IB_MID,SHORT,10D_IB_MID_FADE_SHORT,"real: stop=37 target=38",235,64,50.00,31.25,18.75,79.20,64
10D_IB_MID,SHORT,10D_IB_MID_FADE_SHORT,"real: stop=37 target=38",240,64,42.19,37.50,20.31,82.09,64
PW_HIGH,SHORT,PW_HIGH_FADE_SHORT,"real: stop=37 target=38",0,50,52.00,44.00,4.00,140.40,50
PW_HIGH,SHORT,PW_HIGH_FADE_SHORT,"real: stop=37 target=38",5,50,42.00,54.00,4.00,125.58,50
PW_HIGH,SHORT,PW_HIGH_FADE_SHORT,"real: stop=37 target=38",10,50,46.00,50.00,4.00,100.91,50
PW_HIGH,SHORT,PW_HIGH_FADE_SHORT,"real: stop=37 target=38",15,49,46.94,48.98,4.08,134.45,49
PW_HIGH,SHORT,PW_HIGH_FADE_SHORT,"real: stop=37 target=38",20,49,46.94,48.98,4.08,93.40,49
PW_HIGH,SHORT,PW_HIGH_FADE_SHORT,"real: stop=37 target=38",25,49,42.86,51.02,6.12,87.48,49
PW_HIGH,SHORT,PW_HIGH_FADE_SHORT,"real: stop=37 target=38",30,49,42.86,51.02,6.12,126.29,49
PW_HIGH,SHORT,PW_HIGH_FADE_SHORT,"real: stop=37 target=38",35,49,42.86,53.06,4.08,115.18,49
PW_HIGH,SHORT,PW_HIGH_FADE_SHORT,"real: stop=37 target=38",40,49,59.18,36.73,4.08,111.23,49
PW_HIGH,SHORT,PW_HIGH_FADE_SHORT,"real: stop=37 target=38",45,49,48.98,44.90,6.12,128.58,49
PW_HIGH,SHORT,PW_HIGH_FADE_SHORT,"real: stop=37 target=38",50,49,44.90,48.98,6.12,103.99,49
PW_HIGH,SHORT,PW_HIGH_FADE_SHORT,"real: stop=37 target=38",55,49,32.65,61.22,6.12,87.80,49
PW_HIGH,SHORT,PW_HIGH_FADE_SHORT,"real: stop=37 target=38",60,49,38.78,55.10,6.12,125.70,49
PW_HIGH,SHORT,PW_HIGH_FADE_SHORT,"real: stop=37 target=38",65,49,32.65,61.22,6.12,89.64,49
PW_HIGH,SHORT,PW_HIGH_FADE_SHORT,"real: stop=37 target=38",70,49,30.61,63.27,6.12,93.05,49
PW_HIGH,SHORT,PW_HIGH_FADE_SHORT,"real: stop=37 target=38",75,49,34.69,59.18,6.12,132.99,49
PW_HIGH,SHORT,PW_HIGH_FADE_SHORT,"real: stop=37 target=38",80,49,42.86,51.02,6.12,81.31,49
PW_HIGH,SHORT,PW_HIGH_FADE_SHORT,"real: stop=37 target=38",85,49,48.98,42.86,8.16,108.76,49
PW_HIGH,SHORT,PW_HIGH_FADE_SHORT,"real: stop=37 target=38",90,49,48.98,42.86,8.16,87.04,49
PW_HIGH,SHORT,PW_HIGH_FADE_SHORT,"real: stop=37 target=38",95,49,44.90,48.98,6.12,62.01,49
PW_HIGH,SHORT,PW_HIGH_FADE_SHORT,"real: stop=37 target=38",100,49,46.94,46.94,6.12,92.28,49
PW_HIGH,SHORT,PW_HIGH_FADE_SHORT,"real: stop=37 target=38",105,49,38.78,53.06,8.16,98.70,49
PW_HIGH,SHORT,PW_HIGH_FADE_SHORT,"real: stop=37 target=38",110,49,38.78,53.06,8.16,96.29,49
PW_HIGH,SHORT,PW_HIGH_FADE_SHORT,"real: stop=37 target=38",115,49,38.78,53.06,8.16,83.24,49
PW_HIGH,SHORT,PW_HIGH_FADE_SHORT,"real: stop=37 target=38",120,49,32.65,61.22,6.12,70.20,49
PW_HIGH,SHORT,PW_HIGH_FADE_SHORT,"real: stop=37 target=38",125,49,44.90,44.90,10.20,60.67,49
PW_HIGH,SHORT,PW_HIGH_FADE_SHORT,"real: stop=37 target=38",130,49,42.86,48.98,8.16,64.39,49
PW_HIGH,SHORT,PW_HIGH_FADE_SHORT,"real: stop=37 target=38",135,49,44.90,48.98,6.12,56.76,49
PW_HIGH,SHORT,PW_HIGH_FADE_SHORT,"real: stop=37 target=38",140,49,48.98,36.73,14.29,76.13,49
PW_HIGH,SHORT,PW_HIGH_FADE_SHORT,"real: stop=37 target=38",145,49,40.82,46.94,12.24,77.86,49
PW_HIGH,SHORT,PW_HIGH_FADE_SHORT,"real: stop=37 target=38",150,49,40.82,44.90,14.29,74.13,49
PW_HIGH,SHORT,PW_HIGH_FADE_SHORT,"real: stop=37 target=38",155,49,40.82,42.86,16.33,96.40,49
PW_HIGH,SHORT,PW_HIGH_FADE_SHORT,"real: stop=37 target=38",160,49,44.90,36.73,18.37,75.55,49
PW_HIGH,SHORT,PW_HIGH_FADE_SHORT,"real: stop=37 target=38",165,49,38.78,42.86,18.37,92.24,49
PW_HIGH,SHORT,PW_HIGH_FADE_SHORT,"real: stop=37 target=38",170,49,34.69,48.98,16.33,91.43,49
PW_HIGH,SHORT,PW_HIGH_FADE_SHORT,"real: stop=37 target=38",175,49,32.65,48.98,18.37,95.23,49
PW_HIGH,SHORT,PW_HIGH_FADE_SHORT,"real: stop=37 target=38",180,49,30.61,53.06,16.33,94.55,49
PW_HIGH,SHORT,PW_HIGH_FADE_SHORT,"real: stop=37 target=38",185,49,32.65,48.98,18.37,87.30,49
PW_HIGH,SHORT,PW_HIGH_FADE_SHORT,"real: stop=37 target=38",190,49,38.78,42.86,18.37,77.57,49
PW_HIGH,SHORT,PW_HIGH_FADE_SHORT,"real: stop=37 target=38",195,49,44.90,34.69,20.41,73.26,49
PW_HIGH,SHORT,PW_HIGH_FADE_SHORT,"real: stop=37 target=38",200,49,44.90,38.78,16.33,65.55,49
PW_HIGH,SHORT,PW_HIGH_FADE_SHORT,"real: stop=37 target=38",205,49,32.65,40.82,26.53,81.69,49
PW_HIGH,SHORT,PW_HIGH_FADE_SHORT,"real: stop=37 target=38",210,49,40.82,32.65,26.53,77.24,49
PW_HIGH,SHORT,PW_HIGH_FADE_SHORT,"real: stop=37 target=38",215,49,46.94,28.57,24.49,65.08,49
PW_HIGH,SHORT,PW_HIGH_FADE_SHORT,"real: stop=37 target=38",220,49,44.90,30.61,24.49,48.95,49
PW_HIGH,SHORT,PW_HIGH_FADE_SHORT,"real: stop=37 target=38",225,49,48.98,26.53,24.49,65.22,49
PW_HIGH,SHORT,PW_HIGH_FADE_SHORT,"real: stop=37 target=38",230,49,44.90,30.61,24.49,65.75,49
PW_HIGH,SHORT,PW_HIGH_FADE_SHORT,"real: stop=37 target=38",235,49,36.73,40.82,22.45,75.90,49
PW_HIGH,SHORT,PW_HIGH_FADE_SHORT,"real: stop=37 target=38",240,49,32.65,44.90,22.45,56.28,49
PW_LOW,LONG,PW_LOW_FADE_LONG,"real: stop=37 target=38",0,41,60.98,39.02,0.00,146.24,41
PW_LOW,LONG,PW_LOW_FADE_LONG,"real: stop=37 target=38",5,41,51.22,48.78,0.00,188.75,41
PW_LOW,LONG,PW_LOW_FADE_LONG,"real: stop=37 target=38",10,41,46.34,53.66,0.00,173.75,41
PW_LOW,LONG,PW_LOW_FADE_LONG,"real: stop=37 target=38",15,41,51.22,46.34,2.44,200.25,41
PW_LOW,LONG,PW_LOW_FADE_LONG,"real: stop=37 target=38",20,41,51.22,46.34,2.44,141.38,41
PW_LOW,LONG,PW_LOW_FADE_LONG,"real: stop=37 target=38",25,41,39.02,58.54,2.44,130.00,41
PW_LOW,LONG,PW_LOW_FADE_LONG,"real: stop=37 target=38",30,41,53.66,43.90,2.44,157.36,41
PW_LOW,LONG,PW_LOW_FADE_LONG,"real: stop=37 target=38",35,41,39.02,58.54,2.44,156.27,41
PW_LOW,LONG,PW_LOW_FADE_LONG,"real: stop=37 target=38",40,41,43.90,53.66,2.44,160.53,41
PW_LOW,LONG,PW_LOW_FADE_LONG,"real: stop=37 target=38",45,41,53.66,43.90,2.44,187.39,41
PW_LOW,LONG,PW_LOW_FADE_LONG,"real: stop=37 target=38",50,41,43.90,53.66,2.44,200.38,41
PW_LOW,LONG,PW_LOW_FADE_LONG,"real: stop=37 target=38",55,41,46.34,51.22,2.44,115.76,41
PW_LOW,LONG,PW_LOW_FADE_LONG,"real: stop=37 target=38",60,41,46.34,51.22,2.44,160.61,41
PW_LOW,LONG,PW_LOW_FADE_LONG,"real: stop=37 target=38",65,41,29.27,68.29,2.44,137.00,41
PW_LOW,LONG,PW_LOW_FADE_LONG,"real: stop=37 target=38",70,41,46.34,51.22,2.44,190.71,41
PW_LOW,LONG,PW_LOW_FADE_LONG,"real: stop=37 target=38",75,41,39.02,58.54,2.44,196.34,41
PW_LOW,LONG,PW_LOW_FADE_LONG,"real: stop=37 target=38",80,41,34.15,63.41,2.44,142.71,41
PW_LOW,LONG,PW_LOW_FADE_LONG,"real: stop=37 target=38",85,41,43.90,53.66,2.44,161.93,41
PW_LOW,LONG,PW_LOW_FADE_LONG,"real: stop=37 target=38",90,41,51.22,46.34,2.44,166.89,41
PW_LOW,LONG,PW_LOW_FADE_LONG,"real: stop=37 target=38",95,41,41.46,56.10,2.44,129.09,41
PW_LOW,LONG,PW_LOW_FADE_LONG,"real: stop=37 target=38",100,41,46.34,51.22,2.44,150.88,41
PW_LOW,LONG,PW_LOW_FADE_LONG,"real: stop=37 target=38",105,41,31.71,65.85,2.44,100.15,41
PW_LOW,LONG,PW_LOW_FADE_LONG,"real: stop=37 target=38",110,41,41.46,56.10,2.44,138.29,41
PW_LOW,LONG,PW_LOW_FADE_LONG,"real: stop=37 target=38",115,41,43.90,53.66,2.44,155.32,41
PW_LOW,LONG,PW_LOW_FADE_LONG,"real: stop=37 target=38",120,41,46.34,51.22,2.44,118.63,41
PW_LOW,LONG,PW_LOW_FADE_LONG,"real: stop=37 target=38",125,41,34.15,63.41,2.44,124.46,41
PW_LOW,LONG,PW_LOW_FADE_LONG,"real: stop=37 target=38",130,41,41.46,56.10,2.44,106.51,41
PW_LOW,LONG,PW_LOW_FADE_LONG,"real: stop=37 target=38",135,41,46.34,51.22,2.44,109.12,41
PW_LOW,LONG,PW_LOW_FADE_LONG,"real: stop=37 target=38",140,41,46.34,51.22,2.44,118.49,41
PW_LOW,LONG,PW_LOW_FADE_LONG,"real: stop=37 target=38",145,41,31.71,65.85,2.44,126.31,41
PW_LOW,LONG,PW_LOW_FADE_LONG,"real: stop=37 target=38",150,41,51.22,46.34,2.44,123.43,41
PW_LOW,LONG,PW_LOW_FADE_LONG,"real: stop=37 target=38",155,41,39.02,58.54,2.44,137.27,41
PW_LOW,LONG,PW_LOW_FADE_LONG,"real: stop=37 target=38",160,41,36.59,60.98,2.44,79.58,41
PW_LOW,LONG,PW_LOW_FADE_LONG,"real: stop=37 target=38",165,41,36.59,58.54,4.88,91.80,41
PW_LOW,LONG,PW_LOW_FADE_LONG,"real: stop=37 target=38",170,41,31.71,63.41,4.88,111.15,41
PW_LOW,LONG,PW_LOW_FADE_LONG,"real: stop=37 target=38",175,41,29.27,65.85,4.88,120.85,41
PW_LOW,LONG,PW_LOW_FADE_LONG,"real: stop=37 target=38",180,41,39.02,56.10,4.88,98.95,41
PW_LOW,LONG,PW_LOW_FADE_LONG,"real: stop=37 target=38",185,41,39.02,53.66,7.32,81.72,41
PW_LOW,LONG,PW_LOW_FADE_LONG,"real: stop=37 target=38",190,41,41.46,48.78,9.76,84.24,41
PW_LOW,LONG,PW_LOW_FADE_LONG,"real: stop=37 target=38",195,41,41.46,48.78,9.76,88.84,41
PW_LOW,LONG,PW_LOW_FADE_LONG,"real: stop=37 target=38",200,41,41.46,48.78,9.76,76.69,41
PW_LOW,LONG,PW_LOW_FADE_LONG,"real: stop=37 target=38",205,41,39.02,51.22,9.76,78.89,41
PW_LOW,LONG,PW_LOW_FADE_LONG,"real: stop=37 target=38",210,41,34.15,56.10,9.76,99.29,41
PW_LOW,LONG,PW_LOW_FADE_LONG,"real: stop=37 target=38",215,41,39.02,51.22,9.76,110.81,41
PW_LOW,LONG,PW_LOW_FADE_LONG,"real: stop=37 target=38",220,41,39.02,51.22,9.76,98.14,41
PW_LOW,LONG,PW_LOW_FADE_LONG,"real: stop=37 target=38",225,41,39.02,48.78,12.20,82.33,41
PW_LOW,LONG,PW_LOW_FADE_LONG,"real: stop=37 target=38",230,41,51.22,36.59,12.20,94.50,41
PW_LOW,LONG,PW_LOW_FADE_LONG,"real: stop=37 target=38",235,41,34.15,56.10,9.76,75.73,41
PW_LOW,LONG,PW_LOW_FADE_LONG,"real: stop=37 target=38",240,41,34.15,56.10,9.76,78.57,41
PW_VAH,SHORT,PW_VAH_FADE_SHORT,"real: stop=37 target=38",0,66,56.06,40.91,3.03,140.21,66
PW_VAH,SHORT,PW_VAH_FADE_SHORT,"real: stop=37 target=38",5,66,50.00,48.48,1.52,138.28,66
PW_VAH,SHORT,PW_VAH_FADE_SHORT,"real: stop=37 target=38",10,66,45.45,50.00,4.55,149.38,66
PW_VAH,SHORT,PW_VAH_FADE_SHORT,"real: stop=37 target=38",15,66,53.03,42.42,4.55,143.04,66
PW_VAH,SHORT,PW_VAH_FADE_SHORT,"real: stop=37 target=38",20,66,51.52,43.94,4.55,121.61,66
PW_VAH,SHORT,PW_VAH_FADE_SHORT,"real: stop=37 target=38",25,66,50.00,45.45,4.55,113.82,66
PW_VAH,SHORT,PW_VAH_FADE_SHORT,"real: stop=37 target=38",30,66,39.39,56.06,4.55,109.47,66
PW_VAH,SHORT,PW_VAH_FADE_SHORT,"real: stop=37 target=38",35,66,51.52,42.42,6.06,109.53,66
PW_VAH,SHORT,PW_VAH_FADE_SHORT,"real: stop=37 target=38",40,66,43.94,48.48,7.58,115.25,66
PW_VAH,SHORT,PW_VAH_FADE_SHORT,"real: stop=37 target=38",45,66,40.91,53.03,6.06,120.18,66
PW_VAH,SHORT,PW_VAH_FADE_SHORT,"real: stop=37 target=38",50,66,51.52,42.42,6.06,99.87,66
PW_VAH,SHORT,PW_VAH_FADE_SHORT,"real: stop=37 target=38",55,66,51.52,40.91,7.58,93.44,66
PW_VAH,SHORT,PW_VAH_FADE_SHORT,"real: stop=37 target=38",60,66,42.42,50.00,7.58,95.33,66
PW_VAH,SHORT,PW_VAH_FADE_SHORT,"real: stop=37 target=38",65,66,40.91,51.52,7.58,127.70,66
PW_VAH,SHORT,PW_VAH_FADE_SHORT,"real: stop=37 target=38",70,66,34.85,57.58,7.58,112.50,66
PW_VAH,SHORT,PW_VAH_FADE_SHORT,"real: stop=37 target=38",75,66,39.39,53.03,7.58,79.68,66
PW_VAH,SHORT,PW_VAH_FADE_SHORT,"real: stop=37 target=38",80,66,42.42,50.00,7.58,100.42,66
PW_VAH,SHORT,PW_VAH_FADE_SHORT,"real: stop=37 target=38",85,66,42.42,50.00,7.58,96.13,66
PW_VAH,SHORT,PW_VAH_FADE_SHORT,"real: stop=37 target=38",90,66,53.03,40.91,6.06,86.16,66
PW_VAH,SHORT,PW_VAH_FADE_SHORT,"real: stop=37 target=38",95,66,53.03,37.88,9.09,81.36,66
PW_VAH,SHORT,PW_VAH_FADE_SHORT,"real: stop=37 target=38",100,66,51.52,40.91,7.58,104.52,66
PW_VAH,SHORT,PW_VAH_FADE_SHORT,"real: stop=37 target=38",105,66,46.97,45.45,7.58,83.39,66
PW_VAH,SHORT,PW_VAH_FADE_SHORT,"real: stop=37 target=38",110,66,40.91,50.00,9.09,108.97,66
PW_VAH,SHORT,PW_VAH_FADE_SHORT,"real: stop=37 target=38",115,66,39.39,50.00,10.61,109.25,66
PW_VAH,SHORT,PW_VAH_FADE_SHORT,"real: stop=37 target=38",120,66,33.33,56.06,10.61,84.17,66
PW_VAH,SHORT,PW_VAH_FADE_SHORT,"real: stop=37 target=38",125,66,34.85,54.55,10.61,65.52,66
PW_VAH,SHORT,PW_VAH_FADE_SHORT,"real: stop=37 target=38",130,66,45.45,43.94,10.61,88.05,66
PW_VAH,SHORT,PW_VAH_FADE_SHORT,"real: stop=37 target=38",135,66,34.85,53.03,12.12,91.97,66
PW_VAH,SHORT,PW_VAH_FADE_SHORT,"real: stop=37 target=38",140,66,43.94,43.94,12.12,95.81,66
PW_VAH,SHORT,PW_VAH_FADE_SHORT,"real: stop=37 target=38",145,66,43.94,43.94,12.12,83.37,66
PW_VAH,SHORT,PW_VAH_FADE_SHORT,"real: stop=37 target=38",150,66,45.45,40.91,13.64,108.22,66
PW_VAH,SHORT,PW_VAH_FADE_SHORT,"real: stop=37 target=38",155,66,42.42,43.94,13.64,91.33,66
PW_VAH,SHORT,PW_VAH_FADE_SHORT,"real: stop=37 target=38",160,66,42.42,39.39,18.18,99.57,66
PW_VAH,SHORT,PW_VAH_FADE_SHORT,"real: stop=37 target=38",165,66,39.39,43.94,16.67,88.35,66
PW_VAH,SHORT,PW_VAH_FADE_SHORT,"real: stop=37 target=38",170,66,34.85,45.45,19.70,96.67,66
PW_VAH,SHORT,PW_VAH_FADE_SHORT,"real: stop=37 target=38",175,66,33.33,45.45,21.21,92.20,66
PW_VAH,SHORT,PW_VAH_FADE_SHORT,"real: stop=37 target=38",180,66,28.79,51.52,19.70,92.92,66
PW_VAH,SHORT,PW_VAH_FADE_SHORT,"real: stop=37 target=38",185,66,31.82,50.00,18.18,95.75,66
PW_VAH,SHORT,PW_VAH_FADE_SHORT,"real: stop=37 target=38",190,66,37.88,39.39,22.73,91.69,66
PW_VAH,SHORT,PW_VAH_FADE_SHORT,"real: stop=37 target=38",195,66,31.82,48.48,19.70,94.54,66
PW_VAH,SHORT,PW_VAH_FADE_SHORT,"real: stop=37 target=38",200,66,37.88,42.42,19.70,78.66,66
PW_VAH,SHORT,PW_VAH_FADE_SHORT,"real: stop=37 target=38",205,65,29.23,44.62,26.15,74.32,65
PW_VAH,SHORT,PW_VAH_FADE_SHORT,"real: stop=37 target=38",210,65,36.92,38.46,24.62,77.04,65
PW_VAH,SHORT,PW_VAH_FADE_SHORT,"real: stop=37 target=38",215,65,38.46,33.85,27.69,59.31,65
PW_VAH,SHORT,PW_VAH_FADE_SHORT,"real: stop=37 target=38",220,65,36.92,36.92,26.15,63.98,65
PW_VAH,SHORT,PW_VAH_FADE_SHORT,"real: stop=37 target=38",225,65,32.31,41.54,26.15,62.67,65
PW_VAH,SHORT,PW_VAH_FADE_SHORT,"real: stop=37 target=38",230,65,40.00,32.31,27.69,48.63,65
PW_VAH,SHORT,PW_VAH_FADE_SHORT,"real: stop=37 target=38",235,65,44.62,29.23,26.15,52.60,65
PW_VAH,SHORT,PW_VAH_FADE_SHORT,"real: stop=37 target=38",240,65,33.85,36.92,29.23,49.11,65
PW_VAL,LONG,PW_VAL_FADE_LONG,"real: stop=37 target=38",0,53,54.72,45.28,0.00,140.30,53
PW_VAL,LONG,PW_VAL_FADE_LONG,"real: stop=37 target=38",5,53,43.40,56.60,0.00,130.03,53
PW_VAL,LONG,PW_VAL_FADE_LONG,"real: stop=37 target=38",10,53,33.96,66.04,0.00,121.06,53
PW_VAL,LONG,PW_VAL_FADE_LONG,"real: stop=37 target=38",15,53,52.83,47.17,0.00,130.69,53
PW_VAL,LONG,PW_VAL_FADE_LONG,"real: stop=37 target=38",20,53,50.94,49.06,0.00,111.11,53
PW_VAL,LONG,PW_VAL_FADE_LONG,"real: stop=37 target=38",25,53,52.83,47.17,0.00,110.89,53
PW_VAL,LONG,PW_VAL_FADE_LONG,"real: stop=37 target=38",30,53,60.38,37.74,1.89,124.82,53
PW_VAL,LONG,PW_VAL_FADE_LONG,"real: stop=37 target=38",35,53,50.94,49.06,0.00,118.64,53
PW_VAL,LONG,PW_VAL_FADE_LONG,"real: stop=37 target=38",40,53,41.51,56.60,1.89,93.59,53
PW_VAL,LONG,PW_VAL_FADE_LONG,"real: stop=37 target=38",45,53,39.62,58.49,1.89,112.77,53
PW_VAL,LONG,PW_VAL_FADE_LONG,"real: stop=37 target=38",50,53,49.06,49.06,1.89,156.73,53
PW_VAL,LONG,PW_VAL_FADE_LONG,"real: stop=37 target=38",55,53,52.83,45.28,1.89,112.62,53
PW_VAL,LONG,PW_VAL_FADE_LONG,"real: stop=37 target=38",60,53,35.85,62.26,1.89,134.20,53
PW_VAL,LONG,PW_VAL_FADE_LONG,"real: stop=37 target=38",65,53,37.74,60.38,1.89,144.28,53
PW_VAL,LONG,PW_VAL_FADE_LONG,"real: stop=37 target=38",70,53,43.40,54.72,1.89,141.36,53
PW_VAL,LONG,PW_VAL_FADE_LONG,"real: stop=37 target=38",75,53,35.85,62.26,1.89,96.88,53
PW_VAL,LONG,PW_VAL_FADE_LONG,"real: stop=37 target=38",80,53,45.28,52.83,1.89,125.07,53
PW_VAL,LONG,PW_VAL_FADE_LONG,"real: stop=37 target=38",85,53,41.51,56.60,1.89,96.85,53
PW_VAL,LONG,PW_VAL_FADE_LONG,"real: stop=37 target=38",90,53,39.62,58.49,1.89,91.80,53
PW_VAL,LONG,PW_VAL_FADE_LONG,"real: stop=37 target=38",95,53,39.62,58.49,1.89,114.27,53
PW_VAL,LONG,PW_VAL_FADE_LONG,"real: stop=37 target=38",100,53,47.17,50.94,1.89,134.63,53
PW_VAL,LONG,PW_VAL_FADE_LONG,"real: stop=37 target=38",105,53,47.17,50.94,1.89,128.84,53
PW_VAL,LONG,PW_VAL_FADE_LONG,"real: stop=37 target=38",110,53,49.06,49.06,1.89,108.64,53
PW_VAL,LONG,PW_VAL_FADE_LONG,"real: stop=37 target=38",115,53,39.62,58.49,1.89,122.81,53
PW_VAL,LONG,PW_VAL_FADE_LONG,"real: stop=37 target=38",120,53,43.40,54.72,1.89,94.96,53
PW_VAL,LONG,PW_VAL_FADE_LONG,"real: stop=37 target=38",125,53,43.40,54.72,1.89,100.36,53
PW_VAL,LONG,PW_VAL_FADE_LONG,"real: stop=37 target=38",130,53,43.40,54.72,1.89,79.03,53
PW_VAL,LONG,PW_VAL_FADE_LONG,"real: stop=37 target=38",135,53,50.94,47.17,1.89,118.38,53
PW_VAL,LONG,PW_VAL_FADE_LONG,"real: stop=37 target=38",140,53,49.06,49.06,1.89,122.13,53
PW_VAL,LONG,PW_VAL_FADE_LONG,"real: stop=37 target=38",145,53,41.51,56.60,1.89,95.82,53
PW_VAL,LONG,PW_VAL_FADE_LONG,"real: stop=37 target=38",150,53,41.51,54.72,3.77,92.11,53
PW_VAL,LONG,PW_VAL_FADE_LONG,"real: stop=37 target=38",155,53,41.51,54.72,3.77,83.63,53
PW_VAL,LONG,PW_VAL_FADE_LONG,"real: stop=37 target=38",160,53,37.74,56.60,5.66,68.38,53
PW_VAL,LONG,PW_VAL_FADE_LONG,"real: stop=37 target=38",165,53,43.40,49.06,7.55,83.96,53
PW_VAL,LONG,PW_VAL_FADE_LONG,"real: stop=37 target=38",170,53,45.28,45.28,9.43,79.48,53
PW_VAL,LONG,PW_VAL_FADE_LONG,"real: stop=37 target=38",175,53,41.51,49.06,9.43,66.06,53
PW_VAL,LONG,PW_VAL_FADE_LONG,"real: stop=37 target=38",180,53,35.85,52.83,11.32,58.22,53
PW_VAL,LONG,PW_VAL_FADE_LONG,"real: stop=37 target=38",185,53,37.74,49.06,13.21,67.94,53
PW_VAL,LONG,PW_VAL_FADE_LONG,"real: stop=37 target=38",190,53,37.74,50.94,11.32,78.01,53
PW_VAL,LONG,PW_VAL_FADE_LONG,"real: stop=37 target=38",195,53,30.19,54.72,15.09,95.88,53
PW_VAL,LONG,PW_VAL_FADE_LONG,"real: stop=37 target=38",200,53,30.19,54.72,15.09,56.22,53
PW_VAL,LONG,PW_VAL_FADE_LONG,"real: stop=37 target=38",205,53,24.53,58.49,16.98,86.85,53
PW_VAL,LONG,PW_VAL_FADE_LONG,"real: stop=37 target=38",210,53,39.62,41.51,18.87,94.58,53
PW_VAL,LONG,PW_VAL_FADE_LONG,"real: stop=37 target=38",215,53,37.74,43.40,18.87,93.94,53
PW_VAL,LONG,PW_VAL_FADE_LONG,"real: stop=37 target=38",220,53,33.96,47.17,18.87,60.21,53
PW_VAL,LONG,PW_VAL_FADE_LONG,"real: stop=37 target=38",225,53,39.62,41.51,18.87,69.20,53
PW_VAL,LONG,PW_VAL_FADE_LONG,"real: stop=37 target=38",230,53,33.96,43.40,22.64,104.57,53
PW_VAL,LONG,PW_VAL_FADE_LONG,"real: stop=37 target=38",235,53,35.85,41.51,22.64,74.38,53
PW_VAL,LONG,PW_VAL_FADE_LONG,"real: stop=37 target=38",240,53,26.42,50.94,22.64,93.45,53
PW_POC,LONG,PW_POC_FADE_LONG,"real: stop=37 target=38",0,54,51.85,46.30,1.85,113.48,54
PW_POC,LONG,PW_POC_FADE_LONG,"real: stop=37 target=38",5,27,51.85,48.15,0.00,77.82,27
PW_POC,LONG,PW_POC_FADE_LONG,"real: stop=37 target=38",10,42,40.48,59.52,0.00,75.53,42
PW_POC,LONG,PW_POC_FADE_LONG,"real: stop=37 target=38",15,47,44.68,55.32,0.00,122.98,47
PW_POC,LONG,PW_POC_FADE_LONG,"real: stop=37 target=38",20,48,47.92,52.08,0.00,119.64,48
PW_POC,LONG,PW_POC_FADE_LONG,"real: stop=37 target=38",25,50,50.00,48.00,2.00,115.18,50
PW_POC,LONG,PW_POC_FADE_LONG,"real: stop=37 target=38",30,50,52.00,48.00,0.00,123.64,50
PW_POC,LONG,PW_POC_FADE_LONG,"real: stop=37 target=38",35,52,44.23,53.85,1.92,117.76,52
PW_POC,LONG,PW_POC_FADE_LONG,"real: stop=37 target=38",40,52,42.31,53.85,3.85,97.81,52
PW_POC,LONG,PW_POC_FADE_LONG,"real: stop=37 target=38",45,52,46.15,50.00,3.85,75.17,52
PW_POC,LONG,PW_POC_FADE_LONG,"real: stop=37 target=38",50,53,47.17,47.17,5.66,75.66,53
PW_POC,LONG,PW_POC_FADE_LONG,"real: stop=37 target=38",55,53,32.08,64.15,3.77,83.09,53
PW_POC,LONG,PW_POC_FADE_LONG,"real: stop=37 target=38",60,53,45.28,50.94,3.77,86.15,53
PW_POC,LONG,PW_POC_FADE_LONG,"real: stop=37 target=38",65,53,39.62,56.60,3.77,114.87,53
PW_POC,LONG,PW_POC_FADE_LONG,"real: stop=37 target=38",70,53,49.06,45.28,5.66,114.72,53
PW_POC,LONG,PW_POC_FADE_LONG,"real: stop=37 target=38",75,53,45.28,49.06,5.66,89.46,53
PW_POC,LONG,PW_POC_FADE_LONG,"real: stop=37 target=38",80,53,39.62,54.72,5.66,102.14,53
PW_POC,LONG,PW_POC_FADE_LONG,"real: stop=37 target=38",85,53,50.94,43.40,5.66,91.84,53
PW_POC,LONG,PW_POC_FADE_LONG,"real: stop=37 target=38",90,53,45.28,49.06,5.66,93.99,53
PW_POC,LONG,PW_POC_FADE_LONG,"real: stop=37 target=38",95,53,41.51,50.94,7.55,97.26,53
PW_POC,LONG,PW_POC_FADE_LONG,"real: stop=37 target=38",100,53,37.74,54.72,7.55,101.41,53
PW_POC,LONG,PW_POC_FADE_LONG,"real: stop=37 target=38",105,53,41.51,49.06,9.43,107.83,53
PW_POC,LONG,PW_POC_FADE_LONG,"real: stop=37 target=38",110,53,35.85,54.72,9.43,95.47,53
PW_POC,LONG,PW_POC_FADE_LONG,"real: stop=37 target=38",115,53,43.40,47.17,9.43,76.92,53
PW_POC,LONG,PW_POC_FADE_LONG,"real: stop=37 target=38",120,53,45.28,47.17,7.55,79.74,53
PW_POC,LONG,PW_POC_FADE_LONG,"real: stop=37 target=38",125,53,39.62,50.94,9.43,70.20,53
PW_POC,LONG,PW_POC_FADE_LONG,"real: stop=37 target=38",130,54,48.15,42.59,9.26,60.86,54
PW_POC,LONG,PW_POC_FADE_LONG,"real: stop=37 target=38",135,54,35.19,51.85,12.96,63.37,54
PW_POC,LONG,PW_POC_FADE_LONG,"real: stop=37 target=38",140,54,42.59,44.44,12.96,79.45,54
PW_POC,LONG,PW_POC_FADE_LONG,"real: stop=37 target=38",145,54,35.19,51.85,12.96,77.46,54
PW_POC,LONG,PW_POC_FADE_LONG,"real: stop=37 target=38",150,54,38.89,48.15,12.96,78.42,54
PW_POC,LONG,PW_POC_FADE_LONG,"real: stop=37 target=38",155,54,33.33,51.85,14.81,74.96,54
PW_POC,LONG,PW_POC_FADE_LONG,"real: stop=37 target=38",160,54,35.19,50.00,14.81,86.64,54
PW_POC,LONG,PW_POC_FADE_LONG,"real: stop=37 target=38",165,54,42.59,40.74,16.67,72.43,54
PW_POC,LONG,PW_POC_FADE_LONG,"real: stop=37 target=38",170,54,44.44,38.89,16.67,78.58,54
PW_POC,LONG,PW_POC_FADE_LONG,"real: stop=37 target=38",175,54,42.59,38.89,18.52,76.60,54
PW_POC,LONG,PW_POC_FADE_LONG,"real: stop=37 target=38",180,54,37.04,44.44,18.52,86.42,54
PW_POC,LONG,PW_POC_FADE_LONG,"real: stop=37 target=38",185,54,31.48,51.85,16.67,83.63,54
PW_POC,LONG,PW_POC_FADE_LONG,"real: stop=37 target=38",190,54,35.19,46.30,18.52,81.83,54
PW_POC,LONG,PW_POC_FADE_LONG,"real: stop=37 target=38",195,54,37.04,46.30,16.67,60.11,54
PW_POC,LONG,PW_POC_FADE_LONG,"real: stop=37 target=38",200,54,33.33,48.15,18.52,74.10,54
PW_POC,LONG,PW_POC_FADE_LONG,"real: stop=37 target=38",205,54,33.33,50.00,16.67,76.60,54
PW_POC,LONG,PW_POC_FADE_LONG,"real: stop=37 target=38",210,54,35.19,50.00,14.81,73.28,54
PW_POC,LONG,PW_POC_FADE_LONG,"real: stop=37 target=38",215,54,33.33,50.00,16.67,60.10,54
PW_POC,LONG,PW_POC_FADE_LONG,"real: stop=37 target=38",220,54,38.89,42.59,18.52,58.98,54
PW_POC,LONG,PW_POC_FADE_LONG,"real: stop=37 target=38",225,54,38.89,44.44,16.67,60.80,54
PW_POC,LONG,PW_POC_FADE_LONG,"real: stop=37 target=38",230,53,35.85,49.06,15.09,59.37,53
PW_POC,LONG,PW_POC_FADE_LONG,"real: stop=37 target=38",235,53,37.74,41.51,20.75,67.80,53
PW_POC,LONG,PW_POC_FADE_LONG,"real: stop=37 target=38",240,53,37.74,43.40,18.87,65.16,53
PW_POC,SHORT,PW_POC_FADE_SHORT,"real: stop=37 target=38",0,54,44.44,53.70,1.85,192.46,54
PW_POC,SHORT,PW_POC_FADE_SHORT,"real: stop=37 target=38",5,27,44.44,55.56,0.00,91.50,27
PW_POC,SHORT,PW_POC_FADE_SHORT,"real: stop=37 target=38",10,41,56.10,43.90,0.00,103.50,41
PW_POC,SHORT,PW_POC_FADE_SHORT,"real: stop=37 target=38",15,47,55.32,44.68,0.00,152.75,47
PW_POC,SHORT,PW_POC_FADE_SHORT,"real: stop=37 target=38",20,48,50.00,50.00,0.00,98.71,48
PW_POC,SHORT,PW_POC_FADE_SHORT,"real: stop=37 target=38",25,50,48.00,50.00,2.00,141.27,50
PW_POC,SHORT,PW_POC_FADE_SHORT,"real: stop=37 target=38",30,50,42.00,58.00,0.00,161.23,50
PW_POC,SHORT,PW_POC_FADE_SHORT,"real: stop=37 target=38",35,51,52.94,45.10,1.96,161.69,51
PW_POC,SHORT,PW_POC_FADE_SHORT,"real: stop=37 target=38",40,51,50.98,45.10,3.92,150.29,51
PW_POC,SHORT,PW_POC_FADE_SHORT,"real: stop=37 target=38",45,52,46.15,50.00,3.85,132.84,52
PW_POC,SHORT,PW_POC_FADE_SHORT,"real: stop=37 target=38",50,52,48.08,46.15,5.77,119.86,52
PW_POC,SHORT,PW_POC_FADE_SHORT,"real: stop=37 target=38",55,53,64.15,32.08,3.77,150.60,53
PW_POC,SHORT,PW_POC_FADE_SHORT,"real: stop=37 target=38",60,53,50.94,45.28,3.77,116.30,53
PW_POC,SHORT,PW_POC_FADE_SHORT,"real: stop=37 target=38",65,53,50.94,45.28,3.77,165.34,53
PW_POC,SHORT,PW_POC_FADE_SHORT,"real: stop=37 target=38",70,53,45.28,49.06,5.66,97.59,53
PW_POC,SHORT,PW_POC_FADE_SHORT,"real: stop=37 target=38",75,53,47.17,47.17,5.66,102.63,53
PW_POC,SHORT,PW_POC_FADE_SHORT,"real: stop=37 target=38",80,53,50.94,41.51,7.55,159.18,53
PW_POC,SHORT,PW_POC_FADE_SHORT,"real: stop=37 target=38",85,53,43.40,50.94,5.66,152.98,53
PW_POC,SHORT,PW_POC_FADE_SHORT,"real: stop=37 target=38",90,53,49.06,45.28,5.66,109.84,53
PW_POC,SHORT,PW_POC_FADE_SHORT,"real: stop=37 target=38",95,53,50.94,41.51,7.55,93.31,53
PW_POC,SHORT,PW_POC_FADE_SHORT,"real: stop=37 target=38",100,53,50.94,41.51,7.55,92.78,53
PW_POC,SHORT,PW_POC_FADE_SHORT,"real: stop=37 target=38",105,53,49.06,41.51,9.43,91.64,53
PW_POC,SHORT,PW_POC_FADE_SHORT,"real: stop=37 target=38",110,53,52.83,39.62,7.55,85.01,53
PW_POC,SHORT,PW_POC_FADE_SHORT,"real: stop=37 target=38",115,53,45.28,45.28,9.43,70.33,53
PW_POC,SHORT,PW_POC_FADE_SHORT,"real: stop=37 target=38",120,53,47.17,45.28,7.55,89.77,53
PW_POC,SHORT,PW_POC_FADE_SHORT,"real: stop=37 target=38",125,53,47.17,45.28,7.55,81.32,53
PW_POC,SHORT,PW_POC_FADE_SHORT,"real: stop=37 target=38",130,54,38.89,51.85,9.26,108.07,54
PW_POC,SHORT,PW_POC_FADE_SHORT,"real: stop=37 target=38",135,54,50.00,37.04,12.96,97.89,54
PW_POC,SHORT,PW_POC_FADE_SHORT,"real: stop=37 target=38",140,54,44.44,42.59,12.96,110.63,54
PW_POC,SHORT,PW_POC_FADE_SHORT,"real: stop=37 target=38",145,54,51.85,35.19,12.96,102.55,54
PW_POC,SHORT,PW_POC_FADE_SHORT,"real: stop=37 target=38",150,54,44.44,42.59,12.96,86.17,54
PW_POC,SHORT,PW_POC_FADE_SHORT,"real: stop=37 target=38",155,54,46.30,38.89,14.81,103.49,54
PW_POC,SHORT,PW_POC_FADE_SHORT,"real: stop=37 target=38",160,54,48.15,35.19,16.67,74.45,54
PW_POC,SHORT,PW_POC_FADE_SHORT,"real: stop=37 target=38",165,54,38.89,44.44,16.67,106.15,54
PW_POC,SHORT,PW_POC_FADE_SHORT,"real: stop=37 target=38",170,54,38.89,44.44,16.67,91.93,54
PW_POC,SHORT,PW_POC_FADE_SHORT,"real: stop=37 target=38",175,54,38.89,42.59,18.52,98.63,54
PW_POC,SHORT,PW_POC_FADE_SHORT,"real: stop=37 target=38",180,54,44.44,37.04,18.52,102.40,54
PW_POC,SHORT,PW_POC_FADE_SHORT,"real: stop=37 target=38",185,54,48.15,35.19,16.67,69.12,54
PW_POC,SHORT,PW_POC_FADE_SHORT,"real: stop=37 target=38",190,54,46.30,35.19,18.52,78.37,54
PW_POC,SHORT,PW_POC_FADE_SHORT,"real: stop=37 target=38",195,54,44.44,38.89,16.67,86.68,54
PW_POC,SHORT,PW_POC_FADE_SHORT,"real: stop=37 target=38",200,54,48.15,33.33,18.52,80.45,54
PW_POC,SHORT,PW_POC_FADE_SHORT,"real: stop=37 target=38",205,54,50.00,33.33,16.67,75.03,54
PW_POC,SHORT,PW_POC_FADE_SHORT,"real: stop=37 target=38",210,54,46.30,37.04,16.67,68.07,54
PW_POC,SHORT,PW_POC_FADE_SHORT,"real: stop=37 target=38",215,54,50.00,33.33,16.67,80.59,54
PW_POC,SHORT,PW_POC_FADE_SHORT,"real: stop=37 target=38",220,54,42.59,38.89,18.52,62.65,54
PW_POC,SHORT,PW_POC_FADE_SHORT,"real: stop=37 target=38",225,54,44.44,38.89,16.67,69.23,54
PW_POC,SHORT,PW_POC_FADE_SHORT,"real: stop=37 target=38",230,53,47.17,37.74,15.09,62.25,53
PW_POC,SHORT,PW_POC_FADE_SHORT,"real: stop=37 target=38",235,53,41.51,37.74,20.75,70.28,53
PW_POC,SHORT,PW_POC_FADE_SHORT,"real: stop=37 target=38",240,53,39.62,37.74,22.64,71.63,53
PM_VAH,SHORT,PM_VAH_FADE_SHORT,"fallback 1x ATR",0,32,21.88,3.13,75.00,336.75,32
PM_VAH,SHORT,PM_VAH_FADE_SHORT,"fallback 1x ATR",5,32,25.00,6.25,68.75,266.35,32
PM_VAH,SHORT,PM_VAH_FADE_SHORT,"fallback 1x ATR",10,32,18.75,9.38,71.88,343.55,32
PM_VAH,SHORT,PM_VAH_FADE_SHORT,"fallback 1x ATR",15,32,21.88,6.25,71.88,298.01,32
PM_VAH,SHORT,PM_VAH_FADE_SHORT,"fallback 1x ATR",20,32,18.75,0.00,81.25,346.50,32
PM_VAH,SHORT,PM_VAH_FADE_SHORT,"fallback 1x ATR",25,32,18.75,6.25,75.00,288.54,32
PM_VAH,SHORT,PM_VAH_FADE_SHORT,"fallback 1x ATR",30,32,15.63,9.38,75.00,303.39,32
PM_VAH,SHORT,PM_VAH_FADE_SHORT,"fallback 1x ATR",35,32,12.50,6.25,81.25,402.80,32
PM_VAH,SHORT,PM_VAH_FADE_SHORT,"fallback 1x ATR",40,32,12.50,6.25,81.25,390.87,32
PM_VAH,SHORT,PM_VAH_FADE_SHORT,"fallback 1x ATR",45,32,15.63,6.25,78.13,299.29,32
PM_VAH,SHORT,PM_VAH_FADE_SHORT,"fallback 1x ATR",50,32,15.63,3.13,81.25,293.64,32
PM_VAH,SHORT,PM_VAH_FADE_SHORT,"fallback 1x ATR",55,32,15.63,3.13,81.25,263.99,32
PM_VAH,SHORT,PM_VAH_FADE_SHORT,"fallback 1x ATR",60,32,15.63,3.13,81.25,216.89,32
PM_VAH,SHORT,PM_VAH_FADE_SHORT,"fallback 1x ATR",65,32,12.50,3.13,84.38,292.74,32
PM_VAH,SHORT,PM_VAH_FADE_SHORT,"fallback 1x ATR",70,32,12.50,3.13,84.38,290.55,32
PM_VAH,SHORT,PM_VAH_FADE_SHORT,"fallback 1x ATR",75,32,15.63,3.13,81.25,210.25,32
PM_VAH,SHORT,PM_VAH_FADE_SHORT,"fallback 1x ATR",80,32,15.63,3.13,81.25,225.96,32
PM_VAH,SHORT,PM_VAH_FADE_SHORT,"fallback 1x ATR",85,32,15.63,3.13,81.25,226.81,32
PM_VAH,SHORT,PM_VAH_FADE_SHORT,"fallback 1x ATR",90,32,12.50,3.13,84.38,248.13,32
PM_VAH,SHORT,PM_VAH_FADE_SHORT,"fallback 1x ATR",95,32,9.38,3.13,87.50,250.90,32
PM_VAH,SHORT,PM_VAH_FADE_SHORT,"fallback 1x ATR",100,32,12.50,3.13,84.38,135.82,32
PM_VAH,SHORT,PM_VAH_FADE_SHORT,"fallback 1x ATR",105,32,9.38,3.13,87.50,184.32,32
PM_VAH,SHORT,PM_VAH_FADE_SHORT,"fallback 1x ATR",110,32,9.38,3.13,87.50,184.07,32
PM_VAH,SHORT,PM_VAH_FADE_SHORT,"fallback 1x ATR",115,32,9.38,3.13,87.50,198.40,32
PM_VAH,SHORT,PM_VAH_FADE_SHORT,"fallback 1x ATR",120,32,9.38,0.00,90.63,211.07,32
PM_VAH,SHORT,PM_VAH_FADE_SHORT,"fallback 1x ATR",125,32,9.38,0.00,90.63,176.99,32
PM_VAH,SHORT,PM_VAH_FADE_SHORT,"fallback 1x ATR",130,32,9.38,0.00,90.63,112.99,32
PM_VAH,SHORT,PM_VAH_FADE_SHORT,"fallback 1x ATR",135,32,9.38,0.00,90.63,124.82,32
PM_VAH,SHORT,PM_VAH_FADE_SHORT,"fallback 1x ATR",140,32,6.25,3.13,90.63,118.10,32
PM_VAH,SHORT,PM_VAH_FADE_SHORT,"fallback 1x ATR",145,32,6.25,3.13,90.63,119.98,32
PM_VAH,SHORT,PM_VAH_FADE_SHORT,"fallback 1x ATR",150,32,6.25,3.13,90.63,115.35,32
PM_VAH,SHORT,PM_VAH_FADE_SHORT,"fallback 1x ATR",155,32,6.25,3.13,90.63,92.35,32
PM_VAH,SHORT,PM_VAH_FADE_SHORT,"fallback 1x ATR",160,32,3.13,3.13,93.75,145.41,32
PM_VAH,SHORT,PM_VAH_FADE_SHORT,"fallback 1x ATR",165,32,3.13,3.13,93.75,89.16,32
PM_VAH,SHORT,PM_VAH_FADE_SHORT,"fallback 1x ATR",170,32,3.13,3.13,93.75,101.16,32
PM_VAH,SHORT,PM_VAH_FADE_SHORT,"fallback 1x ATR",175,32,3.13,3.13,93.75,160.41,32
PM_VAH,SHORT,PM_VAH_FADE_SHORT,"fallback 1x ATR",180,32,3.13,3.13,93.75,146.16,32
PM_VAH,SHORT,PM_VAH_FADE_SHORT,"fallback 1x ATR",185,32,3.13,3.13,93.75,105.16,32
PM_VAH,SHORT,PM_VAH_FADE_SHORT,"fallback 1x ATR",190,32,3.13,3.13,93.75,78.41,32
PM_VAH,SHORT,PM_VAH_FADE_SHORT,"fallback 1x ATR",195,32,3.13,3.13,93.75,65.66,32
PM_VAH,SHORT,PM_VAH_FADE_SHORT,"fallback 1x ATR",200,32,3.13,3.13,93.75,53.66,32
PM_VAH,SHORT,PM_VAH_FADE_SHORT,"fallback 1x ATR",205,32,3.13,3.13,93.75,97.66,32
PM_VAH,SHORT,PM_VAH_FADE_SHORT,"fallback 1x ATR",210,32,3.13,3.13,93.75,96.41,32
PM_VAH,SHORT,PM_VAH_FADE_SHORT,"fallback 1x ATR",215,32,3.13,3.13,93.75,114.41,32
PM_VAH,SHORT,PM_VAH_FADE_SHORT,"fallback 1x ATR",220,32,3.13,0.00,96.88,143.66,32
PM_VAH,SHORT,PM_VAH_FADE_SHORT,"fallback 1x ATR",225,32,3.13,0.00,96.88,74.16,32
PM_VAH,SHORT,PM_VAH_FADE_SHORT,"fallback 1x ATR",230,32,3.13,0.00,96.88,81.66,32
PM_VAH,SHORT,PM_VAH_FADE_SHORT,"fallback 1x ATR",235,32,3.13,0.00,96.88,102.41,32
PM_VAH,SHORT,PM_VAH_FADE_SHORT,"fallback 1x ATR",240,32,3.13,3.13,93.75,126.66,32
PM_VAL,LONG,PM_VAL_FADE_LONG,"real: stop=37 target=38",0,32,34.38,65.63,0.00,117.32,32
PM_VAL,LONG,PM_VAL_FADE_LONG,"real: stop=37 target=38",5,32,46.88,43.75,9.38,158.07,32
PM_VAL,LONG,PM_VAL_FADE_LONG,"real: stop=37 target=38",10,32,37.50,53.13,9.38,227.96,32
PM_VAL,LONG,PM_VAL_FADE_LONG,"real: stop=37 target=38",15,32,40.63,50.00,9.38,191.71,32
PM_VAL,LONG,PM_VAL_FADE_LONG,"real: stop=37 target=38",20,32,46.88,43.75,9.38,138.23,32
PM_VAL,LONG,PM_VAL_FADE_LONG,"real: stop=37 target=38",25,32,53.13,34.38,12.50,138.71,32
PM_VAL,LONG,PM_VAL_FADE_LONG,"real: stop=37 target=38",30,32,40.63,50.00,9.38,157.75,32
PM_VAL,LONG,PM_VAL_FADE_LONG,"real: stop=37 target=38",35,32,53.13,34.38,12.50,129.49,32
PM_VAL,LONG,PM_VAL_FADE_LONG,"real: stop=37 target=38",40,32,31.25,56.25,12.50,186.22,32
PM_VAL,LONG,PM_VAL_FADE_LONG,"real: stop=37 target=38",45,32,40.63,46.88,12.50,136.12,32
PM_VAL,LONG,PM_VAL_FADE_LONG,"real: stop=37 target=38",50,32,28.13,59.38,12.50,221.50,32
PM_VAL,LONG,PM_VAL_FADE_LONG,"real: stop=37 target=38",55,32,46.88,40.63,12.50,129.50,32
PM_VAL,LONG,PM_VAL_FADE_LONG,"real: stop=37 target=38",60,32,37.50,50.00,12.50,144.27,32
PM_VAL,LONG,PM_VAL_FADE_LONG,"real: stop=37 target=38",65,32,43.75,43.75,12.50,152.09,32
PM_VAL,LONG,PM_VAL_FADE_LONG,"real: stop=37 target=38",70,32,18.75,68.75,12.50,207.33,32
PM_VAL,LONG,PM_VAL_FADE_LONG,"real: stop=37 target=38",75,32,40.63,46.88,12.50,162.94,32
PM_VAL,LONG,PM_VAL_FADE_LONG,"real: stop=37 target=38",80,32,43.75,43.75,12.50,128.32,32
PM_VAL,LONG,PM_VAL_FADE_LONG,"real: stop=37 target=38",85,32,21.88,65.63,12.50,126.18,32
PM_VAL,LONG,PM_VAL_FADE_LONG,"real: stop=37 target=38",90,32,34.38,53.13,12.50,103.93,32
PM_VAL,LONG,PM_VAL_FADE_LONG,"real: stop=37 target=38",95,32,34.38,53.13,12.50,189.41,32
PM_VAL,LONG,PM_VAL_FADE_LONG,"real: stop=37 target=38",100,32,34.38,53.13,12.50,156.91,32
PM_VAL,LONG,PM_VAL_FADE_LONG,"real: stop=37 target=38",105,32,37.50,50.00,12.50,142.50,32
PM_VAL,LONG,PM_VAL_FADE_LONG,"real: stop=37 target=38",110,32,37.50,50.00,12.50,122.52,32
PM_VAL,LONG,PM_VAL_FADE_LONG,"real: stop=37 target=38",115,32,37.50,50.00,12.50,170.38,32
PM_VAL,LONG,PM_VAL_FADE_LONG,"real: stop=37 target=38",120,32,40.63,43.75,15.63,133.27,32
PM_VAL,LONG,PM_VAL_FADE_LONG,"real: stop=37 target=38",125,32,34.38,50.00,15.63,121.30,32
PM_VAL,LONG,PM_VAL_FADE_LONG,"real: stop=37 target=38",130,32,50.00,34.38,15.63,98.66,32
PM_VAL,LONG,PM_VAL_FADE_LONG,"real: stop=37 target=38",135,32,46.88,37.50,15.63,143.25,32
PM_VAL,LONG,PM_VAL_FADE_LONG,"real: stop=37 target=38",140,32,46.88,37.50,15.63,120.58,32
PM_VAL,LONG,PM_VAL_FADE_LONG,"real: stop=37 target=38",145,32,40.63,43.75,15.63,154.58,32
PM_VAL,LONG,PM_VAL_FADE_LONG,"real: stop=37 target=38",150,32,50.00,34.38,15.63,142.67,32
PM_VAL,LONG,PM_VAL_FADE_LONG,"real: stop=37 target=38",155,32,43.75,40.63,15.63,87.80,32
PM_VAL,LONG,PM_VAL_FADE_LONG,"real: stop=37 target=38",160,32,37.50,46.88,15.63,68.33,32
PM_VAL,LONG,PM_VAL_FADE_LONG,"real: stop=37 target=38",165,32,43.75,40.63,15.63,105.71,32
PM_VAL,LONG,PM_VAL_FADE_LONG,"real: stop=37 target=38",170,32,37.50,43.75,18.75,112.21,32
PM_VAL,LONG,PM_VAL_FADE_LONG,"real: stop=37 target=38",175,32,31.25,50.00,18.75,84.45,32
PM_VAL,LONG,PM_VAL_FADE_LONG,"real: stop=37 target=38",180,32,34.38,46.88,18.75,152.05,32
PM_VAL,LONG,PM_VAL_FADE_LONG,"real: stop=37 target=38",185,32,43.75,37.50,18.75,120.93,32
PM_VAL,LONG,PM_VAL_FADE_LONG,"real: stop=37 target=38",190,32,37.50,43.75,18.75,91.42,32
PM_VAL,LONG,PM_VAL_FADE_LONG,"real: stop=37 target=38",195,32,46.88,34.38,18.75,88.18,32
PM_VAL,LONG,PM_VAL_FADE_LONG,"real: stop=37 target=38",200,32,31.25,50.00,18.75,111.55,32
PM_VAL,LONG,PM_VAL_FADE_LONG,"real: stop=37 target=38",205,32,37.50,43.75,18.75,101.40,32
PM_VAL,LONG,PM_VAL_FADE_LONG,"real: stop=37 target=38",210,32,37.50,40.63,21.88,57.63,32
PM_VAL,LONG,PM_VAL_FADE_LONG,"real: stop=37 target=38",215,32,40.63,34.38,25.00,55.83,32
PM_VAL,LONG,PM_VAL_FADE_LONG,"real: stop=37 target=38",220,32,43.75,34.38,21.88,56.50,32
PM_VAL,LONG,PM_VAL_FADE_LONG,"real: stop=37 target=38",225,32,40.63,34.38,25.00,75.40,32
PM_VAL,LONG,PM_VAL_FADE_LONG,"real: stop=37 target=38",230,32,37.50,37.50,25.00,79.08,32
PM_VAL,LONG,PM_VAL_FADE_LONG,"real: stop=37 target=38",235,32,40.63,34.38,25.00,68.06,32
PM_VAL,LONG,PM_VAL_FADE_LONG,"real: stop=37 target=38",240,32,34.38,37.50,28.13,67.14,32
PM_HIGH,SHORT,PM_HIGH_FADE_SHORT,"real: stop=32 target=37",0,32,50.00,50.00,0.00,134.13,32
PM_HIGH,SHORT,PM_HIGH_FADE_SHORT,"real: stop=32 target=37",5,32,43.75,56.25,0.00,65.38,32
PM_HIGH,SHORT,PM_HIGH_FADE_SHORT,"real: stop=32 target=37",10,32,34.38,65.63,0.00,179.93,32
PM_HIGH,SHORT,PM_HIGH_FADE_SHORT,"real: stop=32 target=37",15,32,53.13,46.88,0.00,106.79,32
PM_HIGH,SHORT,PM_HIGH_FADE_SHORT,"real: stop=32 target=37",20,32,31.25,68.75,0.00,120.67,32
PM_HIGH,SHORT,PM_HIGH_FADE_SHORT,"real: stop=32 target=37",25,32,50.00,50.00,0.00,133.72,32
PM_HIGH,SHORT,PM_HIGH_FADE_SHORT,"real: stop=32 target=37",30,32,56.25,43.75,0.00,118.78,32
PM_HIGH,SHORT,PM_HIGH_FADE_SHORT,"real: stop=32 target=37",35,32,40.63,59.38,0.00,116.67,32
PM_HIGH,SHORT,PM_HIGH_FADE_SHORT,"real: stop=32 target=37",40,32,46.88,53.13,0.00,190.43,32
PM_HIGH,SHORT,PM_HIGH_FADE_SHORT,"real: stop=32 target=37",45,32,37.50,62.50,0.00,113.71,32
PM_HIGH,SHORT,PM_HIGH_FADE_SHORT,"real: stop=32 target=37",50,32,40.63,59.38,0.00,194.06,32
PM_HIGH,SHORT,PM_HIGH_FADE_SHORT,"real: stop=32 target=37",55,31,35.48,64.52,0.00,222.00,31
PM_HIGH,SHORT,PM_HIGH_FADE_SHORT,"real: stop=32 target=37",60,31,35.48,61.29,3.23,181.00,31
PM_HIGH,SHORT,PM_HIGH_FADE_SHORT,"real: stop=32 target=37",65,31,51.61,48.39,0.00,164.97,31
PM_HIGH,SHORT,PM_HIGH_FADE_SHORT,"real: stop=32 target=37",70,31,38.71,54.84,6.45,106.83,31
PM_HIGH,SHORT,PM_HIGH_FADE_SHORT,"real: stop=32 target=37",75,31,38.71,54.84,6.45,141.75,31
PM_HIGH,SHORT,PM_HIGH_FADE_SHORT,"real: stop=32 target=37",80,31,58.06,38.71,3.23,144.04,31
PM_HIGH,SHORT,PM_HIGH_FADE_SHORT,"real: stop=32 target=37",85,31,54.84,45.16,0.00,109.34,31
PM_HIGH,SHORT,PM_HIGH_FADE_SHORT,"real: stop=32 target=37",90,31,48.39,51.61,0.00,149.43,31
PM_HIGH,SHORT,PM_HIGH_FADE_SHORT,"real: stop=32 target=37",95,31,41.94,48.39,9.68,140.38,31
PM_HIGH,SHORT,PM_HIGH_FADE_SHORT,"real: stop=32 target=37",100,31,38.71,54.84,6.45,110.75,31
PM_HIGH,SHORT,PM_HIGH_FADE_SHORT,"real: stop=32 target=37",105,31,32.26,61.29,6.45,116.22,31
PM_HIGH,SHORT,PM_HIGH_FADE_SHORT,"real: stop=32 target=37",110,31,38.71,58.06,3.23,108.96,31
PM_HIGH,SHORT,PM_HIGH_FADE_SHORT,"real: stop=32 target=37",115,31,41.94,51.61,6.45,77.31,31
PM_HIGH,SHORT,PM_HIGH_FADE_SHORT,"real: stop=32 target=37",120,31,41.94,51.61,6.45,97.73,31
PM_HIGH,SHORT,PM_HIGH_FADE_SHORT,"real: stop=32 target=37",125,30,43.33,50.00,6.67,95.92,30
PM_HIGH,SHORT,PM_HIGH_FADE_SHORT,"real: stop=32 target=37",130,30,50.00,46.67,3.33,75.23,30
PM_HIGH,SHORT,PM_HIGH_FADE_SHORT,"real: stop=32 target=37",135,30,56.67,36.67,6.67,130.69,30
PM_HIGH,SHORT,PM_HIGH_FADE_SHORT,"real: stop=32 target=37",140,30,56.67,33.33,10.00,78.22,30
PM_HIGH,SHORT,PM_HIGH_FADE_SHORT,"real: stop=32 target=37",145,30,60.00,26.67,13.33,126.54,30
PM_HIGH,SHORT,PM_HIGH_FADE_SHORT,"real: stop=32 target=37",150,30,53.33,30.00,16.67,126.66,30
PM_HIGH,SHORT,PM_HIGH_FADE_SHORT,"real: stop=32 target=37",155,30,40.00,43.33,16.67,162.71,30
PM_HIGH,SHORT,PM_HIGH_FADE_SHORT,"real: stop=32 target=37",160,30,46.67,36.67,16.67,120.25,30
PM_HIGH,SHORT,PM_HIGH_FADE_SHORT,"real: stop=32 target=37",165,30,50.00,33.33,16.67,111.65,30
PM_HIGH,SHORT,PM_HIGH_FADE_SHORT,"real: stop=32 target=37",170,30,43.33,36.67,20.00,149.19,30
PM_HIGH,SHORT,PM_HIGH_FADE_SHORT,"real: stop=32 target=37",175,30,50.00,33.33,16.67,127.47,30
PM_HIGH,SHORT,PM_HIGH_FADE_SHORT,"real: stop=32 target=37",180,30,40.00,36.67,23.33,135.17,30
PM_HIGH,SHORT,PM_HIGH_FADE_SHORT,"real: stop=32 target=37",185,30,50.00,26.67,23.33,110.70,30
PM_HIGH,SHORT,PM_HIGH_FADE_SHORT,"real: stop=32 target=37",190,30,40.00,36.67,23.33,146.46,30
PM_HIGH,SHORT,PM_HIGH_FADE_SHORT,"real: stop=32 target=37",195,30,43.33,26.67,30.00,122.81,30
PM_HIGH,SHORT,PM_HIGH_FADE_SHORT,"real: stop=32 target=37",200,30,36.67,36.67,26.67,96.52,30
PM_HIGH,SHORT,PM_HIGH_FADE_SHORT,"real: stop=32 target=37",205,30,40.00,36.67,23.33,79.04,30
PM_HIGH,SHORT,PM_HIGH_FADE_SHORT,"real: stop=32 target=37",210,30,36.67,33.33,30.00,114.55,30
PM_HIGH,SHORT,PM_HIGH_FADE_SHORT,"real: stop=32 target=37",215,30,40.00,30.00,30.00,115.00,30
PM_HIGH,SHORT,PM_HIGH_FADE_SHORT,"real: stop=32 target=37",220,30,43.33,30.00,26.67,85.10,30
PM_HIGH,SHORT,PM_HIGH_FADE_SHORT,"real: stop=32 target=37",225,30,43.33,23.33,33.33,71.02,30
PM_HIGH,SHORT,PM_HIGH_FADE_SHORT,"real: stop=32 target=37",230,30,33.33,30.00,36.67,69.42,30
PM_HIGH,SHORT,PM_HIGH_FADE_SHORT,"real: stop=32 target=37",235,30,40.00,20.00,40.00,82.77,30
PM_HIGH,SHORT,PM_HIGH_FADE_SHORT,"real: stop=32 target=37",240,30,30.00,30.00,40.00,60.06,30
PM_LOW,LONG,PM_LOW_FADE_LONG,"fallback 1x ATR",0,20,10.00,10.00,80.00,140.13,20
PM_LOW,LONG,PM_LOW_FADE_LONG,"fallback 1x ATR",5,20,10.00,10.00,80.00,154.16,20
PM_LOW,LONG,PM_LOW_FADE_LONG,"fallback 1x ATR",10,20,10.00,10.00,80.00,181.78,20
PM_LOW,LONG,PM_LOW_FADE_LONG,"fallback 1x ATR",15,20,15.00,10.00,75.00,122.13,20
PM_LOW,LONG,PM_LOW_FADE_LONG,"fallback 1x ATR",20,20,5.00,10.00,85.00,330.44,20
PM_LOW,LONG,PM_LOW_FADE_LONG,"fallback 1x ATR",25,20,10.00,5.00,85.00,159.78,20
PM_LOW,LONG,PM_LOW_FADE_LONG,"fallback 1x ATR",30,20,10.00,0.00,90.00,108.16,20
PM_LOW,LONG,PM_LOW_FADE_LONG,"fallback 1x ATR",35,20,15.00,5.00,80.00,113.88,20
PM_LOW,LONG,PM_LOW_FADE_LONG,"fallback 1x ATR",40,20,5.00,0.00,95.00,314.94,20
PM_LOW,LONG,PM_LOW_FADE_LONG,"fallback 1x ATR",45,20,5.00,0.00,95.00,278.69,20
PM_LOW,LONG,PM_LOW_FADE_LONG,"fallback 1x ATR",50,20,5.00,0.00,95.00,218.19,20
PM_LOW,LONG,PM_LOW_FADE_LONG,"fallback 1x ATR",55,20,5.00,0.00,95.00,270.94,20
PM_LOW,LONG,PM_LOW_FADE_LONG,"fallback 1x ATR",60,20,5.00,0.00,95.00,243.44,20
PM_LOW,LONG,PM_LOW_FADE_LONG,"fallback 1x ATR",65,20,5.00,0.00,95.00,188.94,20
PM_LOW,LONG,PM_LOW_FADE_LONG,"fallback 1x ATR",70,20,5.00,5.00,90.00,136.94,20
PM_LOW,LONG,PM_LOW_FADE_LONG,"fallback 1x ATR",75,20,5.00,5.00,90.00,101.69,20
PM_LOW,LONG,PM_LOW_FADE_LONG,"fallback 1x ATR",80,20,5.00,5.00,90.00,95.44,20
PM_LOW,LONG,PM_LOW_FADE_LONG,"fallback 1x ATR",85,20,5.00,5.00,90.00,123.44,20
PM_LOW,LONG,PM_LOW_FADE_LONG,"fallback 1x ATR",90,20,5.00,5.00,90.00,95.44,20
PM_LOW,LONG,PM_LOW_FADE_LONG,"fallback 1x ATR",95,20,5.00,5.00,90.00,99.44,20
PM_LOW,LONG,PM_LOW_FADE_LONG,"fallback 1x ATR",100,20,5.00,5.00,90.00,72.44,20
PM_LOW,LONG,PM_LOW_FADE_LONG,"fallback 1x ATR",105,20,5.00,0.00,95.00,68.44,20
PM_LOW,LONG,PM_LOW_FADE_LONG,"fallback 1x ATR",110,20,5.00,0.00,95.00,52.69,20
PM_LOW,LONG,PM_LOW_FADE_LONG,"fallback 1x ATR",115,20,5.00,0.00,95.00,29.69,20
PM_LOW,LONG,PM_LOW_FADE_LONG,"fallback 1x ATR",120,20,5.00,0.00,95.00,63.94,20
PM_LOW,LONG,PM_LOW_FADE_LONG,"fallback 1x ATR",125,20,5.00,0.00,95.00,67.94,20
PM_LOW,LONG,PM_LOW_FADE_LONG,"fallback 1x ATR",130,20,5.00,0.00,95.00,64.44,20
PM_LOW,LONG,PM_LOW_FADE_LONG,"fallback 1x ATR",135,20,5.00,0.00,95.00,43.69,20
PM_LOW,LONG,PM_LOW_FADE_LONG,"fallback 1x ATR",140,20,5.00,0.00,95.00,22.69,20
PM_LOW,LONG,PM_LOW_FADE_LONG,"fallback 1x ATR",145,20,5.00,0.00,95.00,29.94,20
PM_LOW,LONG,PM_LOW_FADE_LONG,"fallback 1x ATR",150,20,5.00,0.00,95.00,21.69,20
PM_LOW,LONG,PM_LOW_FADE_LONG,"fallback 1x ATR",155,20,5.00,0.00,95.00,10.44,20
PM_LOW,LONG,PM_LOW_FADE_LONG,"fallback 1x ATR",160,20,5.00,0.00,95.00,9.19,20
PM_LOW,LONG,PM_LOW_FADE_LONG,"fallback 1x ATR",165,20,5.00,0.00,95.00,7.94,20
PM_LOW,LONG,PM_LOW_FADE_LONG,"fallback 1x ATR",170,20,0.00,0.00,100.00,,20
PM_LOW,LONG,PM_LOW_FADE_LONG,"fallback 1x ATR",175,20,0.00,0.00,100.00,,20
PM_LOW,LONG,PM_LOW_FADE_LONG,"fallback 1x ATR",180,20,0.00,0.00,100.00,,20
PM_LOW,LONG,PM_LOW_FADE_LONG,"fallback 1x ATR",185,20,0.00,0.00,100.00,,20
PM_LOW,LONG,PM_LOW_FADE_LONG,"fallback 1x ATR",190,20,0.00,0.00,100.00,,20
PM_LOW,LONG,PM_LOW_FADE_LONG,"fallback 1x ATR",195,20,0.00,0.00,100.00,,20
PM_LOW,LONG,PM_LOW_FADE_LONG,"fallback 1x ATR",200,20,0.00,0.00,100.00,,20
PM_LOW,LONG,PM_LOW_FADE_LONG,"fallback 1x ATR",205,20,0.00,0.00,100.00,,20
PM_LOW,LONG,PM_LOW_FADE_LONG,"fallback 1x ATR",210,20,0.00,0.00,100.00,,20
PM_LOW,LONG,PM_LOW_FADE_LONG,"fallback 1x ATR",215,20,0.00,0.00,100.00,,20
PM_LOW,LONG,PM_LOW_FADE_LONG,"fallback 1x ATR",220,20,0.00,0.00,100.00,,20
PM_LOW,LONG,PM_LOW_FADE_LONG,"fallback 1x ATR",225,20,5.00,0.00,95.00,27.44,20
PM_LOW,LONG,PM_LOW_FADE_LONG,"fallback 1x ATR",230,20,5.00,0.00,95.00,53.19,20
PM_LOW,LONG,PM_LOW_FADE_LONG,"fallback 1x ATR",235,20,5.00,0.00,95.00,58.94,20
PM_LOW,LONG,PM_LOW_FADE_LONG,"fallback 1x ATR",240,20,5.00,0.00,95.00,65.94,20
PM_POC,LONG,PM_POC_FADE_LONG,"fallback 1x ATR",0,46,10.87,15.22,73.91,102.48,46
PM_POC,LONG,PM_POC_FADE_LONG,"fallback 1x ATR",5,0,,,,,
PM_POC,LONG,PM_POC_FADE_LONG,"fallback 1x ATR",10,0,,,,,
PM_POC,LONG,PM_POC_FADE_LONG,"fallback 1x ATR",15,0,,,,,
PM_POC,LONG,PM_POC_FADE_LONG,"fallback 1x ATR",20,0,,,,,
PM_POC,LONG,PM_POC_FADE_LONG,"fallback 1x ATR",25,0,,,,,
PM_POC,LONG,PM_POC_FADE_LONG,"fallback 1x ATR",30,0,,,,,
PM_POC,LONG,PM_POC_FADE_LONG,"fallback 1x ATR",35,0,,,,,
PM_POC,LONG,PM_POC_FADE_LONG,"fallback 1x ATR",40,0,,,,,
PM_POC,LONG,PM_POC_FADE_LONG,"fallback 1x ATR",45,0,,,,,
PM_POC,LONG,PM_POC_FADE_LONG,"fallback 1x ATR",50,1,0.00,0.00,100.00,,1
PM_POC,LONG,PM_POC_FADE_LONG,"fallback 1x ATR",55,1,0.00,0.00,100.00,,1
PM_POC,LONG,PM_POC_FADE_LONG,"fallback 1x ATR",60,1,0.00,0.00,100.00,,1
PM_POC,LONG,PM_POC_FADE_LONG,"fallback 1x ATR",65,1,0.00,0.00,100.00,,1
PM_POC,LONG,PM_POC_FADE_LONG,"fallback 1x ATR",70,2,0.00,50.00,50.00,,2
PM_POC,LONG,PM_POC_FADE_LONG,"fallback 1x ATR",75,3,0.00,33.33,66.67,,3
PM_POC,LONG,PM_POC_FADE_LONG,"fallback 1x ATR",80,3,33.33,0.00,66.67,126.51,3
PM_POC,LONG,PM_POC_FADE_LONG,"fallback 1x ATR",85,4,25.00,0.00,75.00,113.51,4
PM_POC,LONG,PM_POC_FADE_LONG,"fallback 1x ATR",90,4,25.00,0.00,75.00,289.26,4
PM_POC,LONG,PM_POC_FADE_LONG,"fallback 1x ATR",95,4,25.00,0.00,75.00,197.51,4
PM_POC,LONG,PM_POC_FADE_LONG,"fallback 1x ATR",100,5,20.00,0.00,80.00,211.76,5
PM_POC,LONG,PM_POC_FADE_LONG,"fallback 1x ATR",105,6,16.67,16.67,66.67,249.01,6
PM_POC,LONG,PM_POC_FADE_LONG,"fallback 1x ATR",110,6,16.67,16.67,66.67,467.26,6
PM_POC,LONG,PM_POC_FADE_LONG,"fallback 1x ATR",115,6,16.67,16.67,66.67,359.76,6
PM_POC,LONG,PM_POC_FADE_LONG,"fallback 1x ATR",120,6,16.67,16.67,66.67,367.51,6
PM_POC,LONG,PM_POC_FADE_LONG,"fallback 1x ATR",125,6,16.67,16.67,66.67,448.51,6
PM_POC,LONG,PM_POC_FADE_LONG,"fallback 1x ATR",130,6,16.67,16.67,66.67,255.26,6
PM_POC,LONG,PM_POC_FADE_LONG,"fallback 1x ATR",135,6,16.67,16.67,66.67,110.51,6
PM_POC,LONG,PM_POC_FADE_LONG,"fallback 1x ATR",140,6,16.67,16.67,66.67,122.51,6
PM_POC,LONG,PM_POC_FADE_LONG,"fallback 1x ATR",145,6,16.67,16.67,66.67,85.26,6
PM_POC,LONG,PM_POC_FADE_LONG,"fallback 1x ATR",150,6,16.67,0.00,83.33,12.26,6
PM_POC,LONG,PM_POC_FADE_LONG,"fallback 1x ATR",155,5,20.00,0.00,80.00,7.01,5
PM_POC,LONG,PM_POC_FADE_LONG,"fallback 1x ATR",160,5,0.00,20.00,80.00,,5
PM_POC,LONG,PM_POC_FADE_LONG,"fallback 1x ATR",165,5,0.00,0.00,100.00,,5
PM_POC,LONG,PM_POC_FADE_LONG,"fallback 1x ATR",170,5,0.00,0.00,100.00,,5
PM_POC,LONG,PM_POC_FADE_LONG,"fallback 1x ATR",175,5,0.00,0.00,100.00,,5
PM_POC,LONG,PM_POC_FADE_LONG,"fallback 1x ATR",180,5,20.00,0.00,80.00,2.76,5
PM_POC,LONG,PM_POC_FADE_LONG,"fallback 1x ATR",185,5,0.00,0.00,100.00,,5
PM_POC,LONG,PM_POC_FADE_LONG,"fallback 1x ATR",190,5,0.00,0.00,100.00,,5
PM_POC,LONG,PM_POC_FADE_LONG,"fallback 1x ATR",195,6,0.00,16.67,83.33,,6
PM_POC,LONG,PM_POC_FADE_LONG,"fallback 1x ATR",200,6,0.00,16.67,83.33,,6
PM_POC,LONG,PM_POC_FADE_LONG,"fallback 1x ATR",205,6,0.00,16.67,83.33,,6
PM_POC,LONG,PM_POC_FADE_LONG,"fallback 1x ATR",210,6,0.00,16.67,83.33,,6
PM_POC,LONG,PM_POC_FADE_LONG,"fallback 1x ATR",215,6,0.00,16.67,83.33,,6
PM_POC,LONG,PM_POC_FADE_LONG,"fallback 1x ATR",220,6,0.00,16.67,83.33,,6
PM_POC,LONG,PM_POC_FADE_LONG,"fallback 1x ATR",225,6,0.00,16.67,83.33,,6
PM_POC,LONG,PM_POC_FADE_LONG,"fallback 1x ATR",230,6,0.00,0.00,100.00,,6
PM_POC,LONG,PM_POC_FADE_LONG,"fallback 1x ATR",235,6,0.00,0.00,100.00,,6
PM_POC,LONG,PM_POC_FADE_LONG,"fallback 1x ATR",240,6,0.00,0.00,100.00,,6
PM_POC,SHORT,PM_POC_FADE_SHORT,"fallback 1x ATR",0,46,15.22,10.87,73.91,288.77,46
PM_POC,SHORT,PM_POC_FADE_SHORT,"fallback 1x ATR",5,0,,,,,
PM_POC,SHORT,PM_POC_FADE_SHORT,"fallback 1x ATR",10,0,,,,,
PM_POC,SHORT,PM_POC_FADE_SHORT,"fallback 1x ATR",15,0,,,,,
PM_POC,SHORT,PM_POC_FADE_SHORT,"fallback 1x ATR",20,0,,,,,
PM_POC,SHORT,PM_POC_FADE_SHORT,"fallback 1x ATR",25,0,,,,,
PM_POC,SHORT,PM_POC_FADE_SHORT,"fallback 1x ATR",30,0,,,,,
PM_POC,SHORT,PM_POC_FADE_SHORT,"fallback 1x ATR",35,0,,,,,
PM_POC,SHORT,PM_POC_FADE_SHORT,"fallback 1x ATR",40,0,,,,,
PM_POC,SHORT,PM_POC_FADE_SHORT,"fallback 1x ATR",45,0,,,,,
PM_POC,SHORT,PM_POC_FADE_SHORT,"fallback 1x ATR",50,1,0.00,0.00,100.00,,1
PM_POC,SHORT,PM_POC_FADE_SHORT,"fallback 1x ATR",55,1,0.00,0.00,100.00,,1
PM_POC,SHORT,PM_POC_FADE_SHORT,"fallback 1x ATR",60,1,0.00,0.00,100.00,,1
PM_POC,SHORT,PM_POC_FADE_SHORT,"fallback 1x ATR",65,1,0.00,0.00,100.00,,1
PM_POC,SHORT,PM_POC_FADE_SHORT,"fallback 1x ATR",70,2,50.00,0.00,50.00,56.26,2
PM_POC,SHORT,PM_POC_FADE_SHORT,"fallback 1x ATR",75,3,33.33,0.00,66.67,81.01,3
PM_POC,SHORT,PM_POC_FADE_SHORT,"fallback 1x ATR",80,3,0.00,33.33,66.67,,3
PM_POC,SHORT,PM_POC_FADE_SHORT,"fallback 1x ATR",85,4,0.00,25.00,75.00,,4
PM_POC,SHORT,PM_POC_FADE_SHORT,"fallback 1x ATR",90,4,0.00,25.00,75.00,,4
PM_POC,SHORT,PM_POC_FADE_SHORT,"fallback 1x ATR",95,4,0.00,25.00,75.00,,4
PM_POC,SHORT,PM_POC_FADE_SHORT,"fallback 1x ATR",100,5,0.00,20.00,80.00,,5
PM_POC,SHORT,PM_POC_FADE_SHORT,"fallback 1x ATR",105,6,16.67,16.67,66.67,433.07,6
PM_POC,SHORT,PM_POC_FADE_SHORT,"fallback 1x ATR",110,6,16.67,16.67,66.67,377.82,6
PM_POC,SHORT,PM_POC_FADE_SHORT,"fallback 1x ATR",115,6,16.67,16.67,66.67,305.82,6
PM_POC,SHORT,PM_POC_FADE_SHORT,"fallback 1x ATR",120,6,16.67,16.67,66.67,310.82,6
PM_POC,SHORT,PM_POC_FADE_SHORT,"fallback 1x ATR",125,6,16.67,16.67,66.67,213.82,6
PM_POC,SHORT,PM_POC_FADE_SHORT,"fallback 1x ATR",130,6,16.67,16.67,66.67,118.57,6
PM_POC,SHORT,PM_POC_FADE_SHORT,"fallback 1x ATR",135,6,16.67,16.67,66.67,162.57,6
PM_POC,SHORT,PM_POC_FADE_SHORT,"fallback 1x ATR",140,6,16.67,16.67,66.67,97.32,6
PM_POC,SHORT,PM_POC_FADE_SHORT,"fallback 1x ATR",145,6,16.67,16.67,66.67,51.32,6
PM_POC,SHORT,PM_POC_FADE_SHORT,"fallback 1x ATR",150,6,0.00,16.67,83.33,,6
PM_POC,SHORT,PM_POC_FADE_SHORT,"fallback 1x ATR",155,5,0.00,20.00,80.00,,5
PM_POC,SHORT,PM_POC_FADE_SHORT,"fallback 1x ATR",160,5,20.00,0.00,80.00,13.32,5
PM_POC,SHORT,PM_POC_FADE_SHORT,"fallback 1x ATR",165,5,0.00,0.00,100.00,,5
PM_POC,SHORT,PM_POC_FADE_SHORT,"fallback 1x ATR",170,5,0.00,0.00,100.00,,5
PM_POC,SHORT,PM_POC_FADE_SHORT,"fallback 1x ATR",175,5,0.00,0.00,100.00,,5
PM_POC,SHORT,PM_POC_FADE_SHORT,"fallback 1x ATR",180,5,0.00,20.00,80.00,,5
PM_POC,SHORT,PM_POC_FADE_SHORT,"fallback 1x ATR",185,5,0.00,0.00,100.00,,5
PM_POC,SHORT,PM_POC_FADE_SHORT,"fallback 1x ATR",190,5,0.00,0.00,100.00,,5
PM_POC,SHORT,PM_POC_FADE_SHORT,"fallback 1x ATR",195,6,16.67,0.00,83.33,4.57,6
PM_POC,SHORT,PM_POC_FADE_SHORT,"fallback 1x ATR",200,6,16.67,0.00,83.33,75.82,6
PM_POC,SHORT,PM_POC_FADE_SHORT,"fallback 1x ATR",205,6,16.67,0.00,83.33,155.32,6
PM_POC,SHORT,PM_POC_FADE_SHORT,"fallback 1x ATR",210,6,16.67,0.00,83.33,73.82,6
PM_POC,SHORT,PM_POC_FADE_SHORT,"fallback 1x ATR",215,6,16.67,0.00,83.33,40.07,6
PM_POC,SHORT,PM_POC_FADE_SHORT,"fallback 1x ATR",220,6,16.67,0.00,83.33,64.82,6
PM_POC,SHORT,PM_POC_FADE_SHORT,"fallback 1x ATR",225,6,16.67,0.00,83.33,22.82,6
PM_POC,SHORT,PM_POC_FADE_SHORT,"fallback 1x ATR",230,6,0.00,0.00,100.00,,6
PM_POC,SHORT,PM_POC_FADE_SHORT,"fallback 1x ATR",235,6,0.00,0.00,100.00,,6
PM_POC,SHORT,PM_POC_FADE_SHORT,"fallback 1x ATR",240,6,0.00,0.00,100.00,,6
3M_VAH,SHORT,3M_VAH_FADE_SHORT,"fallback 1x ATR",0,33,21.21,3.03,75.76,199.65,33
3M_VAH,SHORT,3M_VAH_FADE_SHORT,"fallback 1x ATR",5,33,21.21,3.03,75.76,193.94,33
3M_VAH,SHORT,3M_VAH_FADE_SHORT,"fallback 1x ATR",10,33,18.18,6.06,75.76,208.97,33
3M_VAH,SHORT,3M_VAH_FADE_SHORT,"fallback 1x ATR",15,33,15.15,3.03,81.82,234.49,33
3M_VAH,SHORT,3M_VAH_FADE_SHORT,"fallback 1x ATR",20,33,12.12,3.03,84.85,279.98,33
3M_VAH,SHORT,3M_VAH_FADE_SHORT,"fallback 1x ATR",25,33,12.12,9.09,78.79,223.98,33
3M_VAH,SHORT,3M_VAH_FADE_SHORT,"fallback 1x ATR",30,33,15.15,6.06,78.79,148.99,33
3M_VAH,SHORT,3M_VAH_FADE_SHORT,"fallback 1x ATR",35,33,12.12,3.03,84.85,126.87,33
3M_VAH,SHORT,3M_VAH_FADE_SHORT,"fallback 1x ATR",40,33,9.09,6.06,84.85,90.90,33
3M_VAH,SHORT,3M_VAH_FADE_SHORT,"fallback 1x ATR",45,33,9.09,6.06,84.85,93.47,33
3M_VAH,SHORT,3M_VAH_FADE_SHORT,"fallback 1x ATR",50,33,6.06,6.06,87.88,133.51,33
3M_VAH,SHORT,3M_VAH_FADE_SHORT,"fallback 1x ATR",55,33,9.09,6.06,84.85,115.05,33
3M_VAH,SHORT,3M_VAH_FADE_SHORT,"fallback 1x ATR",60,33,9.09,6.06,84.85,99.19,33
3M_VAH,SHORT,3M_VAH_FADE_SHORT,"fallback 1x ATR",65,33,9.09,6.06,84.85,86.99,33
3M_VAH,SHORT,3M_VAH_FADE_SHORT,"fallback 1x ATR",70,33,9.09,6.06,84.85,31.74,33
3M_VAH,SHORT,3M_VAH_FADE_SHORT,"fallback 1x ATR",75,33,6.06,6.06,87.88,74.83,33
3M_VAH,SHORT,3M_VAH_FADE_SHORT,"fallback 1x ATR",80,33,6.06,9.09,84.85,35.78,33
3M_VAH,SHORT,3M_VAH_FADE_SHORT,"fallback 1x ATR",85,33,3.03,6.06,90.91,94.15,33
3M_VAH,SHORT,3M_VAH_FADE_SHORT,"fallback 1x ATR",90,33,3.03,6.06,90.91,47.40,33
3M_VAH,SHORT,3M_VAH_FADE_SHORT,"fallback 1x ATR",95,33,3.03,6.06,90.91,31.15,33
3M_VAH,SHORT,3M_VAH_FADE_SHORT,"fallback 1x ATR",100,33,3.03,6.06,90.91,28.90,33
3M_VAH,SHORT,3M_VAH_FADE_SHORT,"fallback 1x ATR",105,33,3.03,6.06,90.91,26.15,33
3M_VAH,SHORT,3M_VAH_FADE_SHORT,"fallback 1x ATR",110,33,0.00,6.06,93.94,,33
3M_VAH,SHORT,3M_VAH_FADE_SHORT,"fallback 1x ATR",115,33,0.00,6.06,93.94,,33
3M_VAH,SHORT,3M_VAH_FADE_SHORT,"fallback 1x ATR",120,33,0.00,6.06,93.94,,33
3M_VAH,SHORT,3M_VAH_FADE_SHORT,"fallback 1x ATR",125,33,0.00,6.06,93.94,,33
3M_VAH,SHORT,3M_VAH_FADE_SHORT,"fallback 1x ATR",130,33,0.00,6.06,93.94,,33
3M_VAH,SHORT,3M_VAH_FADE_SHORT,"fallback 1x ATR",135,33,0.00,3.03,96.97,,33
3M_VAH,SHORT,3M_VAH_FADE_SHORT,"fallback 1x ATR",140,33,0.00,3.03,96.97,,33
3M_VAH,SHORT,3M_VAH_FADE_SHORT,"fallback 1x ATR",145,33,0.00,3.03,96.97,,33
3M_VAH,SHORT,3M_VAH_FADE_SHORT,"fallback 1x ATR",150,33,0.00,3.03,96.97,,33
3M_VAH,SHORT,3M_VAH_FADE_SHORT,"fallback 1x ATR",155,33,0.00,3.03,96.97,,33
3M_VAH,SHORT,3M_VAH_FADE_SHORT,"fallback 1x ATR",160,33,0.00,0.00,100.00,,33
3M_VAH,SHORT,3M_VAH_FADE_SHORT,"fallback 1x ATR",165,33,0.00,0.00,100.00,,33
3M_VAH,SHORT,3M_VAH_FADE_SHORT,"fallback 1x ATR",170,33,0.00,0.00,100.00,,33
3M_VAH,SHORT,3M_VAH_FADE_SHORT,"fallback 1x ATR",175,33,0.00,0.00,100.00,,33
3M_VAH,SHORT,3M_VAH_FADE_SHORT,"fallback 1x ATR",180,33,0.00,3.03,96.97,,33
3M_VAH,SHORT,3M_VAH_FADE_SHORT,"fallback 1x ATR",185,33,0.00,0.00,100.00,,33
3M_VAH,SHORT,3M_VAH_FADE_SHORT,"fallback 1x ATR",190,33,0.00,0.00,100.00,,33
3M_VAH,SHORT,3M_VAH_FADE_SHORT,"fallback 1x ATR",195,33,0.00,0.00,100.00,,33
3M_VAH,SHORT,3M_VAH_FADE_SHORT,"fallback 1x ATR",200,33,0.00,0.00,100.00,,33
3M_VAH,SHORT,3M_VAH_FADE_SHORT,"fallback 1x ATR",205,33,0.00,0.00,100.00,,33
3M_VAH,SHORT,3M_VAH_FADE_SHORT,"fallback 1x ATR",210,33,0.00,0.00,100.00,,33
3M_VAH,SHORT,3M_VAH_FADE_SHORT,"fallback 1x ATR",215,33,0.00,0.00,100.00,,33
3M_VAH,SHORT,3M_VAH_FADE_SHORT,"fallback 1x ATR",220,33,0.00,0.00,100.00,,33
3M_VAH,SHORT,3M_VAH_FADE_SHORT,"fallback 1x ATR",225,33,0.00,0.00,100.00,,33
3M_VAH,SHORT,3M_VAH_FADE_SHORT,"fallback 1x ATR",230,33,0.00,0.00,100.00,,33
3M_VAH,SHORT,3M_VAH_FADE_SHORT,"fallback 1x ATR",235,33,0.00,0.00,100.00,,33
3M_VAH,SHORT,3M_VAH_FADE_SHORT,"fallback 1x ATR",240,33,0.00,0.00,100.00,,33
3M_VAL,LONG,3M_VAL_FADE_LONG,"fallback 1x ATR",0,26,11.54,11.54,76.92,128.40,26
3M_VAL,LONG,3M_VAL_FADE_LONG,"fallback 1x ATR",5,26,7.69,11.54,80.77,167.14,26
3M_VAL,LONG,3M_VAL_FADE_LONG,"fallback 1x ATR",10,26,11.54,11.54,76.92,122.40,26
3M_VAL,LONG,3M_VAL_FADE_LONG,"fallback 1x ATR",15,26,11.54,7.69,80.77,90.98,26
3M_VAL,LONG,3M_VAL_FADE_LONG,"fallback 1x ATR",20,26,3.85,7.69,88.46,122.09,26
3M_VAL,LONG,3M_VAL_FADE_LONG,"fallback 1x ATR",25,26,3.85,11.54,84.62,86.09,26
3M_VAL,LONG,3M_VAL_FADE_LONG,"fallback 1x ATR",30,26,3.85,11.54,84.62,93.09,26
3M_VAL,LONG,3M_VAL_FADE_LONG,"fallback 1x ATR",35,26,3.85,7.69,88.46,94.59,26
3M_VAL,LONG,3M_VAL_FADE_LONG,"fallback 1x ATR",40,26,3.85,11.54,84.62,83.34,26
3M_VAL,LONG,3M_VAL_FADE_LONG,"fallback 1x ATR",45,26,3.85,7.69,88.46,62.84,26
3M_VAL,LONG,3M_VAL_FADE_LONG,"fallback 1x ATR",50,26,3.85,7.69,88.46,51.09,26
3M_VAL,LONG,3M_VAL_FADE_LONG,"fallback 1x ATR",55,26,3.85,3.85,92.31,31.34,26
3M_VAL,LONG,3M_VAL_FADE_LONG,"fallback 1x ATR",60,26,3.85,7.69,88.46,17.57,26
3M_VAL,LONG,3M_VAL_FADE_LONG,"fallback 1x ATR",65,26,3.85,7.69,88.46,27.82,26
3M_VAL,LONG,3M_VAL_FADE_LONG,"fallback 1x ATR",70,26,0.00,7.69,92.31,,26
3M_VAL,LONG,3M_VAL_FADE_LONG,"fallback 1x ATR",75,26,0.00,7.69,92.31,,26
3M_VAL,LONG,3M_VAL_FADE_LONG,"fallback 1x ATR",80,26,0.00,7.69,92.31,,26
3M_VAL,LONG,3M_VAL_FADE_LONG,"fallback 1x ATR",85,26,0.00,7.69,92.31,,26
3M_VAL,LONG,3M_VAL_FADE_LONG,"fallback 1x ATR",90,26,0.00,3.85,96.15,,26
3M_VAL,LONG,3M_VAL_FADE_LONG,"fallback 1x ATR",95,26,0.00,3.85,96.15,,26
3M_VAL,LONG,3M_VAL_FADE_LONG,"fallback 1x ATR",100,26,0.00,3.85,96.15,,26
3M_VAL,LONG,3M_VAL_FADE_LONG,"fallback 1x ATR",105,26,0.00,3.85,96.15,,26
3M_VAL,LONG,3M_VAL_FADE_LONG,"fallback 1x ATR",110,26,0.00,3.85,96.15,,26
3M_VAL,LONG,3M_VAL_FADE_LONG,"fallback 1x ATR",115,26,0.00,7.69,92.31,,26
3M_VAL,LONG,3M_VAL_FADE_LONG,"fallback 1x ATR",120,26,0.00,3.85,96.15,,26
3M_VAL,LONG,3M_VAL_FADE_LONG,"fallback 1x ATR",125,26,3.85,0.00,96.15,75.59,26
3M_VAL,LONG,3M_VAL_FADE_LONG,"fallback 1x ATR",130,26,3.85,0.00,96.15,116.59,26
3M_VAL,LONG,3M_VAL_FADE_LONG,"fallback 1x ATR",135,26,3.85,0.00,96.15,113.09,26
3M_VAL,LONG,3M_VAL_FADE_LONG,"fallback 1x ATR",140,26,3.85,0.00,96.15,146.09,26
3M_VAL,LONG,3M_VAL_FADE_LONG,"fallback 1x ATR",145,26,3.85,0.00,96.15,181.59,26
3M_VAL,LONG,3M_VAL_FADE_LONG,"fallback 1x ATR",150,26,3.85,0.00,96.15,186.84,26
3M_VAL,LONG,3M_VAL_FADE_LONG,"fallback 1x ATR",155,26,3.85,0.00,96.15,204.84,26
3M_VAL,LONG,3M_VAL_FADE_LONG,"fallback 1x ATR",160,26,3.85,0.00,96.15,257.84,26
3M_VAL,LONG,3M_VAL_FADE_LONG,"fallback 1x ATR",165,26,3.85,0.00,96.15,219.59,26
3M_VAL,LONG,3M_VAL_FADE_LONG,"fallback 1x ATR",170,26,3.85,0.00,96.15,193.84,26
3M_VAL,LONG,3M_VAL_FADE_LONG,"fallback 1x ATR",175,26,3.85,0.00,96.15,205.09,26
3M_VAL,LONG,3M_VAL_FADE_LONG,"fallback 1x ATR",180,26,3.85,0.00,96.15,220.34,26
3M_VAL,LONG,3M_VAL_FADE_LONG,"fallback 1x ATR",185,26,3.85,0.00,96.15,209.84,26
3M_VAL,LONG,3M_VAL_FADE_LONG,"fallback 1x ATR",190,26,3.85,0.00,96.15,228.84,26
3M_VAL,LONG,3M_VAL_FADE_LONG,"fallback 1x ATR",195,26,3.85,0.00,96.15,208.34,26
3M_VAL,LONG,3M_VAL_FADE_LONG,"fallback 1x ATR",200,26,3.85,0.00,96.15,172.09,26
3M_VAL,LONG,3M_VAL_FADE_LONG,"fallback 1x ATR",205,26,3.85,0.00,96.15,164.59,26
3M_VAL,LONG,3M_VAL_FADE_LONG,"fallback 1x ATR",210,26,3.85,0.00,96.15,249.34,26
3M_VAL,LONG,3M_VAL_FADE_LONG,"fallback 1x ATR",215,26,3.85,0.00,96.15,221.09,26
3M_VAL,LONG,3M_VAL_FADE_LONG,"fallback 1x ATR",220,26,3.85,0.00,96.15,180.34,26
3M_VAL,LONG,3M_VAL_FADE_LONG,"fallback 1x ATR",225,26,3.85,0.00,96.15,198.09,26
3M_VAL,LONG,3M_VAL_FADE_LONG,"fallback 1x ATR",230,26,3.85,0.00,96.15,219.09,26
3M_VAL,LONG,3M_VAL_FADE_LONG,"fallback 1x ATR",235,26,3.85,0.00,96.15,175.34,26
3M_VAL,LONG,3M_VAL_FADE_LONG,"fallback 1x ATR",240,26,3.85,0.00,96.15,164.09,26
3M_POC,LONG,3M_POC_FADE_LONG,"fallback 1x ATR",0,42,7.14,9.52,83.33,57.23,42
3M_POC,LONG,3M_POC_FADE_LONG,"fallback 1x ATR",5,0,,,,,
3M_POC,LONG,3M_POC_FADE_LONG,"fallback 1x ATR",10,0,,,,,
3M_POC,LONG,3M_POC_FADE_LONG,"fallback 1x ATR",15,0,,,,,
3M_POC,LONG,3M_POC_FADE_LONG,"fallback 1x ATR",20,0,,,,,
3M_POC,LONG,3M_POC_FADE_LONG,"fallback 1x ATR",25,0,,,,,
3M_POC,LONG,3M_POC_FADE_LONG,"fallback 1x ATR",30,0,,,,,
3M_POC,LONG,3M_POC_FADE_LONG,"fallback 1x ATR",35,0,,,,,
3M_POC,LONG,3M_POC_FADE_LONG,"fallback 1x ATR",40,0,,,,,
3M_POC,LONG,3M_POC_FADE_LONG,"fallback 1x ATR",45,0,,,,,
3M_POC,LONG,3M_POC_FADE_LONG,"fallback 1x ATR",50,1,0.00,0.00,100.00,,1
3M_POC,LONG,3M_POC_FADE_LONG,"fallback 1x ATR",55,1,0.00,0.00,100.00,,1
3M_POC,LONG,3M_POC_FADE_LONG,"fallback 1x ATR",60,1,0.00,0.00,100.00,,1
3M_POC,LONG,3M_POC_FADE_LONG,"fallback 1x ATR",65,1,0.00,0.00,100.00,,1
3M_POC,LONG,3M_POC_FADE_LONG,"fallback 1x ATR",70,1,0.00,0.00,100.00,,1
3M_POC,LONG,3M_POC_FADE_LONG,"fallback 1x ATR",75,2,0.00,0.00,100.00,,2
3M_POC,LONG,3M_POC_FADE_LONG,"fallback 1x ATR",80,2,0.00,0.00,100.00,,2
3M_POC,LONG,3M_POC_FADE_LONG,"fallback 1x ATR",85,3,0.00,0.00,100.00,,3
3M_POC,LONG,3M_POC_FADE_LONG,"fallback 1x ATR",90,3,0.00,0.00,100.00,,3
3M_POC,LONG,3M_POC_FADE_LONG,"fallback 1x ATR",95,3,0.00,0.00,100.00,,3
3M_POC,LONG,3M_POC_FADE_LONG,"fallback 1x ATR",100,3,0.00,0.00,100.00,,3
3M_POC,LONG,3M_POC_FADE_LONG,"fallback 1x ATR",105,3,0.00,0.00,100.00,,3
3M_POC,LONG,3M_POC_FADE_LONG,"fallback 1x ATR",110,3,0.00,0.00,100.00,,3
3M_POC,LONG,3M_POC_FADE_LONG,"fallback 1x ATR",115,3,0.00,0.00,100.00,,3
3M_POC,LONG,3M_POC_FADE_LONG,"fallback 1x ATR",120,3,0.00,0.00,100.00,,3
3M_POC,LONG,3M_POC_FADE_LONG,"fallback 1x ATR",125,3,0.00,0.00,100.00,,3
3M_POC,LONG,3M_POC_FADE_LONG,"fallback 1x ATR",130,3,0.00,0.00,100.00,,3
3M_POC,LONG,3M_POC_FADE_LONG,"fallback 1x ATR",135,3,0.00,0.00,100.00,,3
3M_POC,LONG,3M_POC_FADE_LONG,"fallback 1x ATR",140,3,0.00,0.00,100.00,,3
3M_POC,LONG,3M_POC_FADE_LONG,"fallback 1x ATR",145,3,0.00,0.00,100.00,,3
3M_POC,LONG,3M_POC_FADE_LONG,"fallback 1x ATR",150,3,0.00,0.00,100.00,,3
3M_POC,LONG,3M_POC_FADE_LONG,"fallback 1x ATR",155,3,0.00,0.00,100.00,,3
3M_POC,LONG,3M_POC_FADE_LONG,"fallback 1x ATR",160,3,0.00,0.00,100.00,,3
3M_POC,LONG,3M_POC_FADE_LONG,"fallback 1x ATR",165,3,0.00,0.00,100.00,,3
3M_POC,LONG,3M_POC_FADE_LONG,"fallback 1x ATR",170,3,0.00,0.00,100.00,,3
3M_POC,LONG,3M_POC_FADE_LONG,"fallback 1x ATR",175,3,0.00,0.00,100.00,,3
3M_POC,LONG,3M_POC_FADE_LONG,"fallback 1x ATR",180,3,0.00,0.00,100.00,,3
3M_POC,LONG,3M_POC_FADE_LONG,"fallback 1x ATR",185,3,0.00,0.00,100.00,,3
3M_POC,LONG,3M_POC_FADE_LONG,"fallback 1x ATR",190,3,0.00,0.00,100.00,,3
3M_POC,LONG,3M_POC_FADE_LONG,"fallback 1x ATR",195,4,0.00,0.00,100.00,,4
3M_POC,LONG,3M_POC_FADE_LONG,"fallback 1x ATR",200,4,0.00,0.00,100.00,,4
3M_POC,LONG,3M_POC_FADE_LONG,"fallback 1x ATR",205,4,0.00,0.00,100.00,,4
3M_POC,LONG,3M_POC_FADE_LONG,"fallback 1x ATR",210,4,0.00,0.00,100.00,,4
3M_POC,LONG,3M_POC_FADE_LONG,"fallback 1x ATR",215,4,0.00,0.00,100.00,,4
3M_POC,LONG,3M_POC_FADE_LONG,"fallback 1x ATR",220,4,0.00,0.00,100.00,,4
3M_POC,LONG,3M_POC_FADE_LONG,"fallback 1x ATR",225,4,0.00,0.00,100.00,,4
3M_POC,LONG,3M_POC_FADE_LONG,"fallback 1x ATR",230,4,0.00,0.00,100.00,,4
3M_POC,LONG,3M_POC_FADE_LONG,"fallback 1x ATR",235,4,0.00,0.00,100.00,,4
3M_POC,LONG,3M_POC_FADE_LONG,"fallback 1x ATR",240,4,0.00,0.00,100.00,,4
3M_POC,SHORT,3M_POC_FADE_SHORT,"fallback 1x ATR",0,42,9.52,7.14,83.33,147.40,42
3M_POC,SHORT,3M_POC_FADE_SHORT,"fallback 1x ATR",5,0,,,,,
3M_POC,SHORT,3M_POC_FADE_SHORT,"fallback 1x ATR",10,0,,,,,
3M_POC,SHORT,3M_POC_FADE_SHORT,"fallback 1x ATR",15,0,,,,,
3M_POC,SHORT,3M_POC_FADE_SHORT,"fallback 1x ATR",20,0,,,,,
3M_POC,SHORT,3M_POC_FADE_SHORT,"fallback 1x ATR",25,0,,,,,
3M_POC,SHORT,3M_POC_FADE_SHORT,"fallback 1x ATR",30,0,,,,,
3M_POC,SHORT,3M_POC_FADE_SHORT,"fallback 1x ATR",35,0,,,,,
3M_POC,SHORT,3M_POC_FADE_SHORT,"fallback 1x ATR",40,0,,,,,
3M_POC,SHORT,3M_POC_FADE_SHORT,"fallback 1x ATR",45,0,,,,,
3M_POC,SHORT,3M_POC_FADE_SHORT,"fallback 1x ATR",50,1,0.00,0.00,100.00,,1
3M_POC,SHORT,3M_POC_FADE_SHORT,"fallback 1x ATR",55,1,0.00,0.00,100.00,,1
3M_POC,SHORT,3M_POC_FADE_SHORT,"fallback 1x ATR",60,1,0.00,0.00,100.00,,1
3M_POC,SHORT,3M_POC_FADE_SHORT,"fallback 1x ATR",65,1,0.00,0.00,100.00,,1
3M_POC,SHORT,3M_POC_FADE_SHORT,"fallback 1x ATR",70,1,0.00,0.00,100.00,,1
3M_POC,SHORT,3M_POC_FADE_SHORT,"fallback 1x ATR",75,2,0.00,0.00,100.00,,2
3M_POC,SHORT,3M_POC_FADE_SHORT,"fallback 1x ATR",80,2,0.00,0.00,100.00,,2
3M_POC,SHORT,3M_POC_FADE_SHORT,"fallback 1x ATR",85,3,0.00,0.00,100.00,,3
3M_POC,SHORT,3M_POC_FADE_SHORT,"fallback 1x ATR",90,3,0.00,0.00,100.00,,3
3M_POC,SHORT,3M_POC_FADE_SHORT,"fallback 1x ATR",95,3,0.00,0.00,100.00,,3
3M_POC,SHORT,3M_POC_FADE_SHORT,"fallback 1x ATR",100,3,0.00,0.00,100.00,,3
3M_POC,SHORT,3M_POC_FADE_SHORT,"fallback 1x ATR",105,3,0.00,0.00,100.00,,3
3M_POC,SHORT,3M_POC_FADE_SHORT,"fallback 1x ATR",110,3,0.00,0.00,100.00,,3
3M_POC,SHORT,3M_POC_FADE_SHORT,"fallback 1x ATR",115,3,0.00,0.00,100.00,,3
3M_POC,SHORT,3M_POC_FADE_SHORT,"fallback 1x ATR",120,3,0.00,0.00,100.00,,3
3M_POC,SHORT,3M_POC_FADE_SHORT,"fallback 1x ATR",125,3,0.00,0.00,100.00,,3
3M_POC,SHORT,3M_POC_FADE_SHORT,"fallback 1x ATR",130,3,0.00,0.00,100.00,,3
3M_POC,SHORT,3M_POC_FADE_SHORT,"fallback 1x ATR",135,3,0.00,0.00,100.00,,3
3M_POC,SHORT,3M_POC_FADE_SHORT,"fallback 1x ATR",140,3,0.00,0.00,100.00,,3
3M_POC,SHORT,3M_POC_FADE_SHORT,"fallback 1x ATR",145,3,0.00,0.00,100.00,,3
3M_POC,SHORT,3M_POC_FADE_SHORT,"fallback 1x ATR",150,3,0.00,0.00,100.00,,3
3M_POC,SHORT,3M_POC_FADE_SHORT,"fallback 1x ATR",155,3,0.00,0.00,100.00,,3
3M_POC,SHORT,3M_POC_FADE_SHORT,"fallback 1x ATR",160,3,0.00,0.00,100.00,,3
3M_POC,SHORT,3M_POC_FADE_SHORT,"fallback 1x ATR",165,3,0.00,0.00,100.00,,3
3M_POC,SHORT,3M_POC_FADE_SHORT,"fallback 1x ATR",170,3,0.00,0.00,100.00,,3
3M_POC,SHORT,3M_POC_FADE_SHORT,"fallback 1x ATR",175,3,0.00,0.00,100.00,,3
3M_POC,SHORT,3M_POC_FADE_SHORT,"fallback 1x ATR",180,3,0.00,0.00,100.00,,3
3M_POC,SHORT,3M_POC_FADE_SHORT,"fallback 1x ATR",185,3,0.00,0.00,100.00,,3
3M_POC,SHORT,3M_POC_FADE_SHORT,"fallback 1x ATR",190,3,0.00,0.00,100.00,,3
3M_POC,SHORT,3M_POC_FADE_SHORT,"fallback 1x ATR",195,4,0.00,0.00,100.00,,4
3M_POC,SHORT,3M_POC_FADE_SHORT,"fallback 1x ATR",200,4,0.00,0.00,100.00,,4
3M_POC,SHORT,3M_POC_FADE_SHORT,"fallback 1x ATR",205,4,0.00,0.00,100.00,,4
3M_POC,SHORT,3M_POC_FADE_SHORT,"fallback 1x ATR",210,4,0.00,0.00,100.00,,4
3M_POC,SHORT,3M_POC_FADE_SHORT,"fallback 1x ATR",215,4,0.00,0.00,100.00,,4
3M_POC,SHORT,3M_POC_FADE_SHORT,"fallback 1x ATR",220,4,0.00,0.00,100.00,,4
3M_POC,SHORT,3M_POC_FADE_SHORT,"fallback 1x ATR",225,4,0.00,0.00,100.00,,4
3M_POC,SHORT,3M_POC_FADE_SHORT,"fallback 1x ATR",230,4,0.00,0.00,100.00,,4
3M_POC,SHORT,3M_POC_FADE_SHORT,"fallback 1x ATR",235,4,0.00,0.00,100.00,,4
3M_POC,SHORT,3M_POC_FADE_SHORT,"fallback 1x ATR",240,4,0.00,0.00,100.00,,4
WPP,LONG,WPP_FADE_LONG,"real: stop=37 target=38",0,77,48.05,49.35,2.60,121.35,77
WPP,LONG,WPP_FADE_LONG,"real: stop=37 target=38",5,45,55.56,42.22,2.22,149.58,45
WPP,LONG,WPP_FADE_LONG,"real: stop=37 target=38",10,62,48.39,50.00,1.61,168.30,62
WPP,LONG,WPP_FADE_LONG,"real: stop=37 target=38",15,68,52.94,45.59,1.47,172.42,68
WPP,LONG,WPP_FADE_LONG,"real: stop=37 target=38",20,71,53.52,45.07,1.41,116.01,71
WPP,LONG,WPP_FADE_LONG,"real: stop=37 target=38",25,72,52.78,44.44,2.78,135.26,72
WPP,LONG,WPP_FADE_LONG,"real: stop=37 target=38",30,73,56.16,42.47,1.37,127.45,73
WPP,LONG,WPP_FADE_LONG,"real: stop=37 target=38",35,74,45.95,51.35,2.70,140.93,74
WPP,LONG,WPP_FADE_LONG,"real: stop=37 target=38",40,74,41.89,55.41,2.70,113.16,74
WPP,LONG,WPP_FADE_LONG,"real: stop=37 target=38",45,74,43.24,54.05,2.70,112.39,74
WPP,LONG,WPP_FADE_LONG,"real: stop=37 target=38",50,75,49.33,48.00,2.67,128.64,75
WPP,LONG,WPP_FADE_LONG,"real: stop=37 target=38",55,75,41.33,56.00,2.67,148.02,75
WPP,LONG,WPP_FADE_LONG,"real: stop=37 target=38",60,75,49.33,48.00,2.67,130.59,75
WPP,LONG,WPP_FADE_LONG,"real: stop=37 target=38",65,75,38.67,58.67,2.67,119.85,75
WPP,LONG,WPP_FADE_LONG,"real: stop=37 target=38",70,76,39.47,56.58,3.95,94.23,76
WPP,LONG,WPP_FADE_LONG,"real: stop=37 target=38",75,76,46.05,50.00,3.95,139.45,76
WPP,LONG,WPP_FADE_LONG,"real: stop=37 target=38",80,76,43.42,52.63,3.95,98.95,76
WPP,LONG,WPP_FADE_LONG,"real: stop=37 target=38",85,76,38.16,57.89,3.95,108.66,76
WPP,LONG,WPP_FADE_LONG,"real: stop=37 target=38",90,76,46.05,50.00,3.95,114.19,76
WPP,LONG,WPP_FADE_LONG,"real: stop=37 target=38",95,76,44.74,51.32,3.95,104.15,76
WPP,LONG,WPP_FADE_LONG,"real: stop=37 target=38",100,76,43.42,51.32,5.26,93.14,76
WPP,LONG,WPP_FADE_LONG,"real: stop=37 target=38",105,76,44.74,47.37,7.89,113.65,76
WPP,LONG,WPP_FADE_LONG,"real: stop=37 target=38",110,76,44.74,47.37,7.89,112.93,76
WPP,LONG,WPP_FADE_LONG,"real: stop=37 target=38",115,76,42.11,51.32,6.58,108.83,76
WPP,LONG,WPP_FADE_LONG,"real: stop=37 target=38",120,76,51.32,42.11,6.58,120.34,76
WPP,LONG,WPP_FADE_LONG,"real: stop=37 target=38",125,76,50.00,42.11,7.89,106.93,76
WPP,LONG,WPP_FADE_LONG,"real: stop=37 target=38",130,76,36.84,56.58,6.58,93.07,76
WPP,LONG,WPP_FADE_LONG,"real: stop=37 target=38",135,76,44.74,48.68,6.58,124.97,76
WPP,LONG,WPP_FADE_LONG,"real: stop=37 target=38",140,77,44.16,48.05,7.79,93.60,77
WPP,LONG,WPP_FADE_LONG,"real: stop=37 target=38",145,77,41.56,50.65,7.79,130.89,77
WPP,LONG,WPP_FADE_LONG,"real: stop=37 target=38",150,77,46.75,46.75,6.49,89.44,77
WPP,LONG,WPP_FADE_LONG,"real: stop=37 target=38",155,77,46.75,46.75,6.49,73.01,77
WPP,LONG,WPP_FADE_LONG,"real: stop=37 target=38",160,77,46.75,46.75,6.49,96.06,77
WPP,LONG,WPP_FADE_LONG,"real: stop=37 target=38",165,77,45.45,44.16,10.39,76.93,77
WPP,LONG,WPP_FADE_LONG,"real: stop=37 target=38",170,77,38.96,50.65,10.39,73.30,77
WPP,LONG,WPP_FADE_LONG,"real: stop=37 target=38",175,77,45.45,44.16,10.39,58.92,77
WPP,LONG,WPP_FADE_LONG,"real: stop=37 target=38",180,77,46.75,42.86,10.39,84.40,77
WPP,LONG,WPP_FADE_LONG,"real: stop=37 target=38",185,77,44.16,45.45,10.39,78.12,77
WPP,LONG,WPP_FADE_LONG,"real: stop=37 target=38",190,77,49.35,37.66,12.99,74.62,77
WPP,LONG,WPP_FADE_LONG,"real: stop=37 target=38",195,77,41.56,44.16,14.29,77.49,77
WPP,LONG,WPP_FADE_LONG,"real: stop=37 target=38",200,77,49.35,37.66,12.99,73.26,77
WPP,LONG,WPP_FADE_LONG,"real: stop=37 target=38",205,77,44.16,38.96,16.88,72.53,77
WPP,LONG,WPP_FADE_LONG,"real: stop=37 target=38",210,77,46.75,38.96,14.29,65.28,77
WPP,LONG,WPP_FADE_LONG,"real: stop=37 target=38",215,76,43.42,42.11,14.47,90.33,76
WPP,LONG,WPP_FADE_LONG,"real: stop=37 target=38",220,76,40.79,44.74,14.47,73.75,76
WPP,LONG,WPP_FADE_LONG,"real: stop=37 target=38",225,76,40.79,46.05,13.16,81.33,76
WPP,LONG,WPP_FADE_LONG,"real: stop=37 target=38",230,76,32.89,53.95,13.16,73.69,76
WPP,LONG,WPP_FADE_LONG,"real: stop=37 target=38",235,76,31.58,52.63,15.79,78.64,76
WPP,LONG,WPP_FADE_LONG,"real: stop=37 target=38",240,76,31.58,47.37,21.05,80.43,76
WPP,SHORT,WPP_FADE_SHORT,"real: stop=37 target=38",0,77,45.45,51.95,2.60,129.19,77
WPP,SHORT,WPP_FADE_SHORT,"real: stop=37 target=38",5,46,41.30,56.52,2.17,84.43,46
WPP,SHORT,WPP_FADE_SHORT,"real: stop=37 target=38",10,61,47.54,50.82,1.64,158.05,61
WPP,SHORT,WPP_FADE_SHORT,"real: stop=37 target=38",15,68,44.12,54.41,1.47,188.76,68
WPP,SHORT,WPP_FADE_SHORT,"real: stop=37 target=38",20,71,43.66,54.93,1.41,172.83,71
WPP,SHORT,WPP_FADE_SHORT,"real: stop=37 target=38",25,72,43.06,54.17,2.78,182.42,72
WPP,SHORT,WPP_FADE_SHORT,"real: stop=37 target=38",30,73,41.10,57.53,1.37,146.63,73
WPP,SHORT,WPP_FADE_SHORT,"real: stop=37 target=38",35,74,48.65,48.65,2.70,164.61,74
WPP,SHORT,WPP_FADE_SHORT,"real: stop=37 target=38",40,74,54.05,43.24,2.70,159.94,74
WPP,SHORT,WPP_FADE_SHORT,"real: stop=37 target=38",45,74,48.65,48.65,2.70,137.41,74
WPP,SHORT,WPP_FADE_SHORT,"real: stop=37 target=38",50,74,47.30,50.00,2.70,144.86,74
WPP,SHORT,WPP_FADE_SHORT,"real: stop=37 target=38",55,75,54.67,42.67,2.67,157.87,75
WPP,SHORT,WPP_FADE_SHORT,"real: stop=37 target=38",60,75,46.67,50.67,2.67,110.40,75
WPP,SHORT,WPP_FADE_SHORT,"real: stop=37 target=38",65,75,58.67,38.67,2.67,145.21,75
WPP,SHORT,WPP_FADE_SHORT,"real: stop=37 target=38",70,76,55.26,40.79,3.95,105.70,76
WPP,SHORT,WPP_FADE_SHORT,"real: stop=37 target=38",75,76,47.37,48.68,3.95,134.33,76
WPP,SHORT,WPP_FADE_SHORT,"real: stop=37 target=38",80,76,50.00,46.05,3.95,137.15,76
WPP,SHORT,WPP_FADE_SHORT,"real: stop=37 target=38",85,76,56.58,39.47,3.95,144.49,76
WPP,SHORT,WPP_FADE_SHORT,"real: stop=37 target=38",90,76,48.68,47.37,3.95,131.79,76
WPP,SHORT,WPP_FADE_SHORT,"real: stop=37 target=38",95,76,50.00,46.05,3.95,135.42,76
WPP,SHORT,WPP_FADE_SHORT,"real: stop=37 target=38",100,76,48.68,46.05,5.26,80.45,76
WPP,SHORT,WPP_FADE_SHORT,"real: stop=37 target=38",105,76,47.37,44.74,7.89,80.15,76
WPP,SHORT,WPP_FADE_SHORT,"real: stop=37 target=38",110,76,46.05,47.37,6.58,74.19,76
WPP,SHORT,WPP_FADE_SHORT,"real: stop=37 target=38",115,76,50.00,43.42,6.58,98.43,76
WPP,SHORT,WPP_FADE_SHORT,"real: stop=37 target=38",120,76,39.47,53.95,6.58,95.23,76
WPP,SHORT,WPP_FADE_SHORT,"real: stop=37 target=38",125,76,42.11,51.32,6.58,94.58,76
WPP,SHORT,WPP_FADE_SHORT,"real: stop=37 target=38",130,76,55.26,38.16,6.58,98.55,76
WPP,SHORT,WPP_FADE_SHORT,"real: stop=37 target=38",135,76,47.37,46.05,6.58,112.89,76
WPP,SHORT,WPP_FADE_SHORT,"real: stop=37 target=38",140,76,47.37,44.74,7.89,110.99,76
WPP,SHORT,WPP_FADE_SHORT,"real: stop=37 target=38",145,77,45.45,46.75,7.79,108.02,77
WPP,SHORT,WPP_FADE_SHORT,"real: stop=37 target=38",150,77,45.45,48.05,6.49,100.15,77
WPP,SHORT,WPP_FADE_SHORT,"real: stop=37 target=38",155,77,45.45,48.05,6.49,106.56,77
WPP,SHORT,WPP_FADE_SHORT,"real: stop=37 target=38",160,77,44.16,48.05,7.79,105.83,77
WPP,SHORT,WPP_FADE_SHORT,"real: stop=37 target=38",165,77,44.16,45.45,10.39,108.72,77
WPP,SHORT,WPP_FADE_SHORT,"real: stop=37 target=38",170,77,50.65,38.96,10.39,104.86,77
WPP,SHORT,WPP_FADE_SHORT,"real: stop=37 target=38",175,77,42.86,46.75,10.39,102.43,77
WPP,SHORT,WPP_FADE_SHORT,"real: stop=37 target=38",180,77,42.86,46.75,10.39,98.83,77
WPP,SHORT,WPP_FADE_SHORT,"real: stop=37 target=38",185,77,44.16,45.45,10.39,102.32,77
WPP,SHORT,WPP_FADE_SHORT,"real: stop=37 target=38",190,77,35.06,51.95,12.99,93.59,77
WPP,SHORT,WPP_FADE_SHORT,"real: stop=37 target=38",195,77,42.86,42.86,14.29,92.21,77
WPP,SHORT,WPP_FADE_SHORT,"real: stop=37 target=38",200,77,36.36,50.65,12.99,60.74,77
WPP,SHORT,WPP_FADE_SHORT,"real: stop=37 target=38",205,77,37.66,45.45,16.88,78.76,77
WPP,SHORT,WPP_FADE_SHORT,"real: stop=37 target=38",210,77,37.66,48.05,14.29,78.23,77
WPP,SHORT,WPP_FADE_SHORT,"real: stop=37 target=38",215,76,39.47,43.42,17.11,77.22,76
WPP,SHORT,WPP_FADE_SHORT,"real: stop=37 target=38",220,76,44.74,40.79,14.47,65.76,76
WPP,SHORT,WPP_FADE_SHORT,"real: stop=37 target=38",225,76,43.42,43.42,13.16,77.58,76
WPP,SHORT,WPP_FADE_SHORT,"real: stop=37 target=38",230,76,53.95,32.89,13.16,69.60,76
WPP,SHORT,WPP_FADE_SHORT,"real: stop=37 target=38",235,76,51.32,32.89,15.79,63.63,76
WPP,SHORT,WPP_FADE_SHORT,"real: stop=37 target=38",240,76,44.74,32.89,22.37,62.13,76
WR1,SHORT,WR1_FADE_SHORT,"real: stop=32 target=37",0,43,39.53,60.47,0.00,126.38,43
WR1,SHORT,WR1_FADE_SHORT,"real: stop=32 target=37",5,43,39.53,60.47,0.00,172.57,43
WR1,SHORT,WR1_FADE_SHORT,"real: stop=32 target=37",10,43,44.19,55.81,0.00,185.39,43
WR1,SHORT,WR1_FADE_SHORT,"real: stop=32 target=37",15,42,52.38,47.62,0.00,182.50,42
WR1,SHORT,WR1_FADE_SHORT,"real: stop=32 target=37",20,42,45.24,54.76,0.00,192.29,42
WR1,SHORT,WR1_FADE_SHORT,"real: stop=32 target=37",25,42,52.38,47.62,0.00,167.43,42
WR1,SHORT,WR1_FADE_SHORT,"real: stop=32 target=37",30,42,52.38,47.62,0.00,138.74,42
WR1,SHORT,WR1_FADE_SHORT,"real: stop=32 target=37",35,42,45.24,54.76,0.00,124.38,42
WR1,SHORT,WR1_FADE_SHORT,"real: stop=32 target=37",40,42,40.48,59.52,0.00,143.10,42
WR1,SHORT,WR1_FADE_SHORT,"real: stop=32 target=37",45,42,47.62,52.38,0.00,151.94,42
WR1,SHORT,WR1_FADE_SHORT,"real: stop=32 target=37",50,42,50.00,47.62,2.38,102.38,42
WR1,SHORT,WR1_FADE_SHORT,"real: stop=32 target=37",55,42,52.38,45.24,2.38,126.55,42
WR1,SHORT,WR1_FADE_SHORT,"real: stop=32 target=37",60,42,47.62,52.38,0.00,144.80,42
WR1,SHORT,WR1_FADE_SHORT,"real: stop=32 target=37",65,42,45.24,52.38,2.38,113.86,42
WR1,SHORT,WR1_FADE_SHORT,"real: stop=32 target=37",70,42,45.24,52.38,2.38,195.22,42
WR1,SHORT,WR1_FADE_SHORT,"real: stop=32 target=37",75,42,42.86,57.14,0.00,181.38,42
WR1,SHORT,WR1_FADE_SHORT,"real: stop=32 target=37",80,42,38.10,61.90,0.00,138.63,42
WR1,SHORT,WR1_FADE_SHORT,"real: stop=32 target=37",85,42,47.62,52.38,0.00,144.72,42
WR1,SHORT,WR1_FADE_SHORT,"real: stop=32 target=37",90,42,52.38,47.62,0.00,130.27,42
WR1,SHORT,WR1_FADE_SHORT,"real: stop=32 target=37",95,42,42.86,57.14,0.00,128.79,42
WR1,SHORT,WR1_FADE_SHORT,"real: stop=32 target=37",100,42,40.48,59.52,0.00,165.66,42
WR1,SHORT,WR1_FADE_SHORT,"real: stop=32 target=37",105,41,46.34,51.22,2.44,147.86,41
WR1,SHORT,WR1_FADE_SHORT,"real: stop=32 target=37",110,41,46.34,51.22,2.44,119.50,41
WR1,SHORT,WR1_FADE_SHORT,"real: stop=32 target=37",115,41,51.22,46.34,2.44,109.42,41
WR1,SHORT,WR1_FADE_SHORT,"real: stop=32 target=37",120,41,34.15,56.10,9.76,103.34,41
WR1,SHORT,WR1_FADE_SHORT,"real: stop=32 target=37",125,41,36.59,51.22,12.20,100.05,41
WR1,SHORT,WR1_FADE_SHORT,"real: stop=32 target=37",130,41,39.02,51.22,9.76,81.41,41
WR1,SHORT,WR1_FADE_SHORT,"real: stop=32 target=37",135,41,34.15,53.66,12.20,71.57,41
WR1,SHORT,WR1_FADE_SHORT,"real: stop=32 target=37",140,41,29.27,58.54,12.20,123.19,41
WR1,SHORT,WR1_FADE_SHORT,"real: stop=32 target=37",145,41,39.02,48.78,12.20,112.52,41
WR1,SHORT,WR1_FADE_SHORT,"real: stop=32 target=37",150,41,29.27,58.54,12.20,74.98,41
WR1,SHORT,WR1_FADE_SHORT,"real: stop=32 target=37",155,41,36.59,53.66,9.76,131.30,41
WR1,SHORT,WR1_FADE_SHORT,"real: stop=32 target=37",160,41,26.83,65.85,7.32,108.43,41
WR1,SHORT,WR1_FADE_SHORT,"real: stop=32 target=37",165,41,26.83,63.41,9.76,119.25,41
WR1,SHORT,WR1_FADE_SHORT,"real: stop=32 target=37",170,41,41.46,48.78,9.76,96.88,41
WR1,SHORT,WR1_FADE_SHORT,"real: stop=32 target=37",175,41,39.02,48.78,12.20,114.33,41
WR1,SHORT,WR1_FADE_SHORT,"real: stop=32 target=37",180,41,39.02,51.22,9.76,96.42,41
WR1,SHORT,WR1_FADE_SHORT,"real: stop=32 target=37",185,41,41.46,51.22,7.32,72.38,41
WR1,SHORT,WR1_FADE_SHORT,"real: stop=32 target=37",190,41,41.46,51.22,7.32,114.85,41
WR1,SHORT,WR1_FADE_SHORT,"real: stop=32 target=37",195,41,36.59,48.78,14.63,108.85,41
WR1,SHORT,WR1_FADE_SHORT,"real: stop=32 target=37",200,41,36.59,41.46,21.95,76.92,41
WR1,SHORT,WR1_FADE_SHORT,"real: stop=32 target=37",205,41,41.46,39.02,19.51,66.21,41
WR1,SHORT,WR1_FADE_SHORT,"real: stop=32 target=37",210,41,36.59,41.46,21.95,93.48,41
WR1,SHORT,WR1_FADE_SHORT,"real: stop=32 target=37",215,41,29.27,46.34,24.39,71.77,41
WR1,SHORT,WR1_FADE_SHORT,"real: stop=32 target=37",220,41,17.07,56.10,26.83,77.82,41
WR1,SHORT,WR1_FADE_SHORT,"real: stop=32 target=37",225,41,21.95,48.78,29.27,60.08,41
WR1,SHORT,WR1_FADE_SHORT,"real: stop=32 target=37",230,41,21.95,56.10,21.95,97.58,41
WR1,SHORT,WR1_FADE_SHORT,"real: stop=32 target=37",235,41,26.83,43.90,29.27,87.09,41
WR1,SHORT,WR1_FADE_SHORT,"real: stop=32 target=37",240,41,29.27,41.46,29.27,54.06,41
WS1,LONG,WS1_FADE_LONG,"real: stop=37 target=38",0,36,50.00,50.00,0.00,148.56,36
WS1,LONG,WS1_FADE_LONG,"real: stop=37 target=38",5,36,58.33,41.67,0.00,135.61,36
WS1,LONG,WS1_FADE_LONG,"real: stop=37 target=38",10,36,47.22,52.78,0.00,122.97,36
WS1,LONG,WS1_FADE_LONG,"real: stop=37 target=38",15,36,47.22,52.78,0.00,171.22,36
WS1,LONG,WS1_FADE_LONG,"real: stop=37 target=38",20,36,50.00,50.00,0.00,157.00,36
WS1,LONG,WS1_FADE_LONG,"real: stop=37 target=38",25,36,44.44,55.56,0.00,156.23,36
WS1,LONG,WS1_FADE_LONG,"real: stop=37 target=38",30,36,47.22,52.78,0.00,125.40,36
WS1,LONG,WS1_FADE_LONG,"real: stop=37 target=38",35,36,44.44,55.56,0.00,142.73,36
WS1,LONG,WS1_FADE_LONG,"real: stop=37 target=38",40,36,61.11,38.89,0.00,155.23,36
WS1,LONG,WS1_FADE_LONG,"real: stop=37 target=38",45,36,44.44,55.56,0.00,118.88,36
WS1,LONG,WS1_FADE_LONG,"real: stop=37 target=38",50,36,50.00,50.00,0.00,143.35,36
WS1,LONG,WS1_FADE_LONG,"real: stop=37 target=38",55,36,41.67,58.33,0.00,146.78,36
WS1,LONG,WS1_FADE_LONG,"real: stop=37 target=38",60,36,38.89,55.56,5.56,91.54,36
WS1,LONG,WS1_FADE_LONG,"real: stop=37 target=38",65,36,36.11,58.33,5.56,222.52,36
WS1,LONG,WS1_FADE_LONG,"real: stop=37 target=38",70,36,55.56,38.89,5.56,168.80,36
WS1,LONG,WS1_FADE_LONG,"real: stop=37 target=38",75,36,44.44,47.22,8.33,138.17,36
WS1,LONG,WS1_FADE_LONG,"real: stop=37 target=38",80,36,36.11,55.56,8.33,91.85,36
WS1,LONG,WS1_FADE_LONG,"real: stop=37 target=38",85,36,41.67,50.00,8.33,144.42,36
WS1,LONG,WS1_FADE_LONG,"real: stop=37 target=38",90,36,33.33,58.33,8.33,133.33,36
WS1,LONG,WS1_FADE_LONG,"real: stop=37 target=38",95,36,44.44,47.22,8.33,117.84,36
WS1,LONG,WS1_FADE_LONG,"real: stop=37 target=38",100,36,30.56,61.11,8.33,208.07,36
WS1,LONG,WS1_FADE_LONG,"real: stop=37 target=38",105,36,27.78,63.89,8.33,158.07,36
WS1,LONG,WS1_FADE_LONG,"real: stop=37 target=38",110,36,27.78,63.89,8.33,139.35,36
WS1,LONG,WS1_FADE_LONG,"real: stop=37 target=38",115,36,47.22,44.44,8.33,135.78,36
WS1,LONG,WS1_FADE_LONG,"real: stop=37 target=38",120,36,27.78,61.11,11.11,60.92,36
WS1,LONG,WS1_FADE_LONG,"real: stop=37 target=38",125,35,51.43,42.86,5.71,134.67,35
WS1,LONG,WS1_FADE_LONG,"real: stop=37 target=38",130,35,31.43,60.00,8.57,112.43,35
WS1,LONG,WS1_FADE_LONG,"real: stop=37 target=38",135,35,54.29,37.14,8.57,101.30,35
WS1,LONG,WS1_FADE_LONG,"real: stop=37 target=38",140,35,37.14,54.29,8.57,166.13,35
WS1,LONG,WS1_FADE_LONG,"real: stop=37 target=38",145,35,34.29,57.14,8.57,111.19,35
WS1,LONG,WS1_FADE_LONG,"real: stop=37 target=38",150,35,42.86,48.57,8.57,112.20,35
WS1,LONG,WS1_FADE_LONG,"real: stop=37 target=38",155,35,40.00,51.43,8.57,103.45,35
WS1,LONG,WS1_FADE_LONG,"real: stop=37 target=38",160,35,42.86,48.57,8.57,124.12,35
WS1,LONG,WS1_FADE_LONG,"real: stop=37 target=38",165,35,34.29,57.14,8.57,88.38,35
WS1,LONG,WS1_FADE_LONG,"real: stop=37 target=38",170,35,31.43,60.00,8.57,100.52,35
WS1,LONG,WS1_FADE_LONG,"real: stop=37 target=38",175,35,37.14,54.29,8.57,114.54,35
WS1,LONG,WS1_FADE_LONG,"real: stop=37 target=38",180,35,40.00,51.43,8.57,128.71,35
WS1,LONG,WS1_FADE_LONG,"real: stop=37 target=38",185,35,28.57,62.86,8.57,79.47,35
WS1,LONG,WS1_FADE_LONG,"real: stop=37 target=38",190,35,37.14,54.29,8.57,161.50,35
WS1,LONG,WS1_FADE_LONG,"real: stop=37 target=38",195,35,42.86,48.57,8.57,107.77,35
WS1,LONG,WS1_FADE_LONG,"real: stop=37 target=38",200,35,31.43,60.00,8.57,101.23,35
WS1,LONG,WS1_FADE_LONG,"real: stop=37 target=38",205,35,34.29,51.43,14.29,62.92,35
WS1,LONG,WS1_FADE_LONG,"real: stop=37 target=38",210,35,31.43,51.43,17.14,49.34,35
WS1,LONG,WS1_FADE_LONG,"real: stop=37 target=38",215,35,45.71,37.14,17.14,104.92,35
WS1,LONG,WS1_FADE_LONG,"real: stop=37 target=38",220,35,42.86,37.14,20.00,95.83,35
WS1,LONG,WS1_FADE_LONG,"real: stop=37 target=38",225,35,42.86,40.00,17.14,79.68,35
WS1,LONG,WS1_FADE_LONG,"real: stop=37 target=38",230,35,40.00,42.86,17.14,93.77,35
WS1,LONG,WS1_FADE_LONG,"real: stop=37 target=38",235,35,31.43,51.43,17.14,107.95,35
WS1,LONG,WS1_FADE_LONG,"real: stop=37 target=38",240,35,34.29,45.71,20.00,63.73,35
WS2,LONG,WS2_FADE_LONG,"fallback 1x ATR",0,19,15.79,10.53,73.68,65.37,19
WS2,LONG,WS2_FADE_LONG,"fallback 1x ATR",5,19,26.32,10.53,63.16,81.24,19
WS2,LONG,WS2_FADE_LONG,"fallback 1x ATR",10,19,21.05,15.79,63.16,112.39,19
WS2,LONG,WS2_FADE_LONG,"fallback 1x ATR",15,19,15.79,21.05,63.16,123.92,19
WS2,LONG,WS2_FADE_LONG,"fallback 1x ATR",20,19,10.53,21.05,68.42,163.91,19
WS2,LONG,WS2_FADE_LONG,"fallback 1x ATR",25,19,10.53,26.32,63.16,115.41,19
WS2,LONG,WS2_FADE_LONG,"fallback 1x ATR",30,19,10.53,15.79,73.68,81.79,19
WS2,LONG,WS2_FADE_LONG,"fallback 1x ATR",35,19,10.53,15.79,73.68,152.91,19
WS2,LONG,WS2_FADE_LONG,"fallback 1x ATR",40,19,10.53,15.79,73.68,163.66,19
WS2,LONG,WS2_FADE_LONG,"fallback 1x ATR",45,19,10.53,15.79,73.68,210.79,19
WS2,LONG,WS2_FADE_LONG,"fallback 1x ATR",50,19,10.53,15.79,73.68,147.54,19
WS2,LONG,WS2_FADE_LONG,"fallback 1x ATR",55,19,10.53,15.79,73.68,109.66,19
WS2,LONG,WS2_FADE_LONG,"fallback 1x ATR",60,19,10.53,15.79,73.68,93.54,19
WS2,LONG,WS2_FADE_LONG,"fallback 1x ATR",65,19,10.53,15.79,73.68,97.29,19
WS2,LONG,WS2_FADE_LONG,"fallback 1x ATR",70,18,11.11,16.67,72.22,120.66,18
WS2,LONG,WS2_FADE_LONG,"fallback 1x ATR",75,18,5.56,22.22,72.22,173.70,18
WS2,LONG,WS2_FADE_LONG,"fallback 1x ATR",80,18,5.56,16.67,77.78,154.70,18
WS2,LONG,WS2_FADE_LONG,"fallback 1x ATR",85,18,5.56,16.67,77.78,213.45,18
WS2,LONG,WS2_FADE_LONG,"fallback 1x ATR",90,18,11.11,16.67,72.22,50.79,18
WS2,LONG,WS2_FADE_LONG,"fallback 1x ATR",95,18,5.56,16.67,77.78,39.20,18
WS2,LONG,WS2_FADE_LONG,"fallback 1x ATR",100,18,11.11,16.67,72.22,26.41,18
WS2,LONG,WS2_FADE_LONG,"fallback 1x ATR",105,18,5.56,11.11,83.33,10.45,18
WS2,LONG,WS2_FADE_LONG,"fallback 1x ATR",110,18,0.00,11.11,88.89,,18
WS2,LONG,WS2_FADE_LONG,"fallback 1x ATR",115,18,0.00,5.56,94.44,,18
WS2,LONG,WS2_FADE_LONG,"fallback 1x ATR",120,17,0.00,5.88,94.12,,17
WS2,LONG,WS2_FADE_LONG,"fallback 1x ATR",125,17,0.00,11.76,88.24,,17
WS2,LONG,WS2_FADE_LONG,"fallback 1x ATR",130,17,0.00,11.76,88.24,,17
WS2,LONG,WS2_FADE_LONG,"fallback 1x ATR",135,17,5.88,11.76,82.35,13.49,17
WS2,LONG,WS2_FADE_LONG,"fallback 1x ATR",140,17,5.88,11.76,82.35,2.74,17
WS2,LONG,WS2_FADE_LONG,"fallback 1x ATR",145,17,5.88,11.76,82.35,5.74,17
WS2,LONG,WS2_FADE_LONG,"fallback 1x ATR",150,17,5.88,11.76,82.35,11.49,17
WS2,LONG,WS2_FADE_LONG,"fallback 1x ATR",155,17,0.00,11.76,88.24,,17
WS2,LONG,WS2_FADE_LONG,"fallback 1x ATR",160,17,0.00,5.88,94.12,,17
WS2,LONG,WS2_FADE_LONG,"fallback 1x ATR",165,17,0.00,5.88,94.12,,17
WS2,LONG,WS2_FADE_LONG,"fallback 1x ATR",170,17,0.00,5.88,94.12,,17
WS2,LONG,WS2_FADE_LONG,"fallback 1x ATR",175,17,0.00,5.88,94.12,,17
WS2,LONG,WS2_FADE_LONG,"fallback 1x ATR",180,17,0.00,5.88,94.12,,17
WS2,LONG,WS2_FADE_LONG,"fallback 1x ATR",185,17,0.00,5.88,94.12,,17
WS2,LONG,WS2_FADE_LONG,"fallback 1x ATR",190,17,0.00,5.88,94.12,,17
WS2,LONG,WS2_FADE_LONG,"fallback 1x ATR",195,17,0.00,5.88,94.12,,17
WS2,LONG,WS2_FADE_LONG,"fallback 1x ATR",200,17,0.00,5.88,94.12,,17
WS2,LONG,WS2_FADE_LONG,"fallback 1x ATR",205,17,0.00,0.00,100.00,,17
WS2,LONG,WS2_FADE_LONG,"fallback 1x ATR",210,17,0.00,0.00,100.00,,17
WS2,LONG,WS2_FADE_LONG,"fallback 1x ATR",215,17,0.00,0.00,100.00,,17
WS2,LONG,WS2_FADE_LONG,"fallback 1x ATR",220,17,0.00,0.00,100.00,,17
WS2,LONG,WS2_FADE_LONG,"fallback 1x ATR",225,17,0.00,0.00,100.00,,17
WS2,LONG,WS2_FADE_LONG,"fallback 1x ATR",230,17,0.00,0.00,100.00,,17
WS2,LONG,WS2_FADE_LONG,"fallback 1x ATR",235,17,0.00,0.00,100.00,,17
WS2,LONG,WS2_FADE_LONG,"fallback 1x ATR",240,17,0.00,0.00,100.00,,17
MPP,LONG,MPP_FADE_LONG,"real: stop=32 target=37",0,44,56.82,43.18,0.00,143.98,44
MPP,LONG,MPP_FADE_LONG,"real: stop=32 target=37",5,26,46.15,53.85,0.00,204.48,26
MPP,LONG,MPP_FADE_LONG,"real: stop=32 target=37",10,38,47.37,52.63,0.00,130.24,38
MPP,LONG,MPP_FADE_LONG,"real: stop=32 target=37",15,40,45.00,55.00,0.00,133.58,40
MPP,LONG,MPP_FADE_LONG,"real: stop=32 target=37",20,40,40.00,60.00,0.00,134.38,40
MPP,LONG,MPP_FADE_LONG,"real: stop=32 target=37",25,40,35.00,65.00,0.00,136.91,40
MPP,LONG,MPP_FADE_LONG,"real: stop=32 target=37",30,41,41.46,58.54,0.00,140.38,41
MPP,LONG,MPP_FADE_LONG,"real: stop=32 target=37",35,42,40.48,59.52,0.00,168.66,42
MPP,LONG,MPP_FADE_LONG,"real: stop=32 target=37",40,42,30.95,69.05,0.00,123.37,42
MPP,LONG,MPP_FADE_LONG,"real: stop=32 target=37",45,42,38.10,61.90,0.00,116.17,42
MPP,LONG,MPP_FADE_LONG,"real: stop=32 target=37",50,42,47.62,52.38,0.00,132.04,42
MPP,LONG,MPP_FADE_LONG,"real: stop=32 target=37",55,42,38.10,61.90,0.00,110.72,42
MPP,LONG,MPP_FADE_LONG,"real: stop=32 target=37",60,42,40.48,59.52,0.00,124.49,42
MPP,LONG,MPP_FADE_LONG,"real: stop=32 target=37",65,42,35.71,64.29,0.00,116.33,42
MPP,LONG,MPP_FADE_LONG,"real: stop=32 target=37",70,42,45.24,52.38,2.38,119.88,42
MPP,LONG,MPP_FADE_LONG,"real: stop=32 target=37",75,42,50.00,50.00,0.00,109.27,42
MPP,LONG,MPP_FADE_LONG,"real: stop=32 target=37",80,42,42.86,52.38,4.76,148.69,42
MPP,LONG,MPP_FADE_LONG,"real: stop=32 target=37",85,42,38.10,57.14,4.76,110.77,42
MPP,LONG,MPP_FADE_LONG,"real: stop=32 target=37",90,42,52.38,45.24,2.38,112.15,42
MPP,LONG,MPP_FADE_LONG,"real: stop=32 target=37",95,42,33.33,64.29,2.38,122.30,42
MPP,LONG,MPP_FADE_LONG,"real: stop=32 target=37",100,42,52.38,42.86,4.76,146.58,42
MPP,LONG,MPP_FADE_LONG,"real: stop=32 target=37",105,43,46.51,51.16,2.33,140.01,43
MPP,LONG,MPP_FADE_LONG,"real: stop=32 target=37",110,43,39.53,58.14,2.33,132.63,43
MPP,LONG,MPP_FADE_LONG,"real: stop=32 target=37",115,43,44.19,53.49,2.33,119.29,43
MPP,LONG,MPP_FADE_LONG,"real: stop=32 target=37",120,43,46.51,51.16,2.33,115.90,43
MPP,LONG,MPP_FADE_LONG,"real: stop=32 target=37",125,43,48.84,46.51,4.65,133.95,43
MPP,LONG,MPP_FADE_LONG,"real: stop=32 target=37",130,43,34.88,60.47,4.65,118.03,43
MPP,LONG,MPP_FADE_LONG,"real: stop=32 target=37",135,43,46.51,51.16,2.33,108.03,43
MPP,LONG,MPP_FADE_LONG,"real: stop=32 target=37",140,43,48.84,46.51,4.65,73.06,43
MPP,LONG,MPP_FADE_LONG,"real: stop=32 target=37",145,43,39.53,55.81,4.65,142.66,43
MPP,LONG,MPP_FADE_LONG,"real: stop=32 target=37",150,43,46.51,48.84,4.65,114.92,43
MPP,LONG,MPP_FADE_LONG,"real: stop=32 target=37",155,43,58.14,37.21,4.65,99.94,43
MPP,LONG,MPP_FADE_LONG,"real: stop=32 target=37",160,43,51.16,44.19,4.65,111.64,43
MPP,LONG,MPP_FADE_LONG,"real: stop=32 target=37",165,43,46.51,46.51,6.98,82.36,43
MPP,LONG,MPP_FADE_LONG,"real: stop=32 target=37",170,43,51.16,41.86,6.98,95.83,43
MPP,LONG,MPP_FADE_LONG,"real: stop=32 target=37",175,43,44.19,48.84,6.98,68.39,43
MPP,LONG,MPP_FADE_LONG,"real: stop=32 target=37",180,43,37.21,58.14,4.65,67.33,43
MPP,LONG,MPP_FADE_LONG,"real: stop=32 target=37",185,43,48.84,44.19,6.98,99.25,43
MPP,LONG,MPP_FADE_LONG,"real: stop=32 target=37",190,43,48.84,44.19,6.98,123.75,43
MPP,LONG,MPP_FADE_LONG,"real: stop=32 target=37",195,43,41.86,53.49,4.65,69.64,43
MPP,LONG,MPP_FADE_LONG,"real: stop=32 target=37",200,43,51.16,44.19,4.65,59.84,43
MPP,LONG,MPP_FADE_LONG,"real: stop=32 target=37",205,43,34.88,60.47,4.65,74.12,43
MPP,LONG,MPP_FADE_LONG,"real: stop=32 target=37",210,43,51.16,39.53,9.30,92.75,43
MPP,LONG,MPP_FADE_LONG,"real: stop=32 target=37",215,43,37.21,51.16,11.63,100.88,43
MPP,LONG,MPP_FADE_LONG,"real: stop=32 target=37",220,43,32.56,55.81,11.63,108.38,43
MPP,LONG,MPP_FADE_LONG,"real: stop=32 target=37",225,43,39.53,48.84,11.63,87.44,43
MPP,LONG,MPP_FADE_LONG,"real: stop=32 target=37",230,43,37.21,51.16,11.63,88.13,43
MPP,LONG,MPP_FADE_LONG,"real: stop=32 target=37",235,43,37.21,51.16,11.63,53.95,43
MPP,LONG,MPP_FADE_LONG,"real: stop=32 target=37",240,43,32.56,53.49,13.95,49.80,43
MPP,SHORT,MPP_FADE_SHORT,"real: stop=37 target=38",0,44,40.91,59.09,0.00,260.17,44
MPP,SHORT,MPP_FADE_SHORT,"real: stop=37 target=38",5,28,46.43,53.57,0.00,257.83,28
MPP,SHORT,MPP_FADE_SHORT,"real: stop=37 target=38",10,39,51.28,48.72,0.00,239.60,39
MPP,SHORT,MPP_FADE_SHORT,"real: stop=37 target=38",15,40,52.50,47.50,0.00,161.46,40
MPP,SHORT,MPP_FADE_SHORT,"real: stop=37 target=38",20,40,52.50,47.50,0.00,267.24,40
MPP,SHORT,MPP_FADE_SHORT,"real: stop=37 target=38",25,40,62.50,37.50,0.00,209.00,40
MPP,SHORT,MPP_FADE_SHORT,"real: stop=37 target=38",30,41,53.66,46.34,0.00,195.73,41
MPP,SHORT,MPP_FADE_SHORT,"real: stop=37 target=38",35,42,57.14,42.86,0.00,167.26,42
MPP,SHORT,MPP_FADE_SHORT,"real: stop=37 target=38",40,42,57.14,42.86,0.00,187.20,42
MPP,SHORT,MPP_FADE_SHORT,"real: stop=37 target=38",45,42,52.38,47.62,0.00,178.35,42
MPP,SHORT,MPP_FADE_SHORT,"real: stop=37 target=38",50,42,47.62,52.38,0.00,179.63,42
MPP,SHORT,MPP_FADE_SHORT,"real: stop=37 target=38",55,42,54.76,45.24,0.00,215.30,42
MPP,SHORT,MPP_FADE_SHORT,"real: stop=37 target=38",60,42,47.62,52.38,0.00,172.80,42
MPP,SHORT,MPP_FADE_SHORT,"real: stop=37 target=38",65,42,61.90,38.10,0.00,152.40,42
MPP,SHORT,MPP_FADE_SHORT,"real: stop=37 target=38",70,42,50.00,47.62,2.38,169.67,42
MPP,SHORT,MPP_FADE_SHORT,"real: stop=37 target=38",75,42,50.00,50.00,0.00,115.27,42
MPP,SHORT,MPP_FADE_SHORT,"real: stop=37 target=38",80,42,45.24,50.00,4.76,155.08,42
MPP,SHORT,MPP_FADE_SHORT,"real: stop=37 target=38",85,42,54.76,40.48,4.76,185.22,42
MPP,SHORT,MPP_FADE_SHORT,"real: stop=37 target=38",90,42,45.24,52.38,2.38,116.64,42
MPP,SHORT,MPP_FADE_SHORT,"real: stop=37 target=38",95,42,57.14,38.10,4.76,171.98,42
MPP,SHORT,MPP_FADE_SHORT,"real: stop=37 target=38",100,42,33.33,61.90,4.76,171.64,42
MPP,SHORT,MPP_FADE_SHORT,"real: stop=37 target=38",105,43,44.19,51.16,4.65,154.97,43
MPP,SHORT,MPP_FADE_SHORT,"real: stop=37 target=38",110,43,53.49,44.19,2.33,121.96,43
MPP,SHORT,MPP_FADE_SHORT,"real: stop=37 target=38",115,43,39.53,55.81,4.65,123.93,43
MPP,SHORT,MPP_FADE_SHORT,"real: stop=37 target=38",120,43,44.19,53.49,2.33,149.88,43
MPP,SHORT,MPP_FADE_SHORT,"real: stop=37 target=38",125,43,37.21,58.14,4.65,126.58,43
MPP,SHORT,MPP_FADE_SHORT,"real: stop=37 target=38",130,43,46.51,48.84,4.65,131.09,43
MPP,SHORT,MPP_FADE_SHORT,"real: stop=37 target=38",135,43,39.53,58.14,2.33,116.96,43
MPP,SHORT,MPP_FADE_SHORT,"real: stop=37 target=38",140,43,34.88,58.14,6.98,116.93,43
MPP,SHORT,MPP_FADE_SHORT,"real: stop=37 target=38",145,43,51.16,44.19,4.65,111.82,43
MPP,SHORT,MPP_FADE_SHORT,"real: stop=37 target=38",150,43,46.51,48.84,4.65,102.58,43
MPP,SHORT,MPP_FADE_SHORT,"real: stop=37 target=38",155,43,32.56,62.79,4.65,96.23,43
MPP,SHORT,MPP_FADE_SHORT,"real: stop=37 target=38",160,43,39.53,55.81,4.65,93.50,43
MPP,SHORT,MPP_FADE_SHORT,"real: stop=37 target=38",165,43,39.53,53.49,6.98,98.21,43
MPP,SHORT,MPP_FADE_SHORT,"real: stop=37 target=38",170,43,39.53,53.49,6.98,67.25,43
MPP,SHORT,MPP_FADE_SHORT,"real: stop=37 target=38",175,43,46.51,46.51,6.98,72.16,43
MPP,SHORT,MPP_FADE_SHORT,"real: stop=37 target=38",180,43,53.49,39.53,6.98,89.64,43
MPP,SHORT,MPP_FADE_SHORT,"real: stop=37 target=38",185,43,39.53,53.49,6.98,101.99,43
MPP,SHORT,MPP_FADE_SHORT,"real: stop=37 target=38",190,43,44.19,48.84,6.98,86.67,43
MPP,SHORT,MPP_FADE_SHORT,"real: stop=37 target=38",195,43,41.86,51.16,6.98,81.65,43
MPP,SHORT,MPP_FADE_SHORT,"real: stop=37 target=38",200,43,39.53,55.81,4.65,70.44,43
MPP,SHORT,MPP_FADE_SHORT,"real: stop=37 target=38",205,43,58.14,34.88,6.98,85.40,43
MPP,SHORT,MPP_FADE_SHORT,"real: stop=37 target=38",210,43,37.21,53.49,9.30,73.44,43
MPP,SHORT,MPP_FADE_SHORT,"real: stop=37 target=38",215,43,46.51,41.86,11.63,90.58,43
MPP,SHORT,MPP_FADE_SHORT,"real: stop=37 target=38",220,43,48.84,39.53,11.63,97.77,43
MPP,SHORT,MPP_FADE_SHORT,"real: stop=37 target=38",225,43,46.51,41.86,11.63,78.46,43
MPP,SHORT,MPP_FADE_SHORT,"real: stop=37 target=38",230,43,46.51,41.86,11.63,84.36,43
MPP,SHORT,MPP_FADE_SHORT,"real: stop=37 target=38",235,43,46.51,41.86,11.63,76.63,43
MPP,SHORT,MPP_FADE_SHORT,"real: stop=37 target=38",240,43,53.49,32.56,13.95,74.75,43
MR1,SHORT,MR1_FADE_SHORT,"real: stop=37 target=41",0,18,27.78,66.67,5.56,180.45,18
MR1,SHORT,MR1_FADE_SHORT,"real: stop=37 target=41",5,18,44.44,44.44,11.11,200.91,18
MR1,SHORT,MR1_FADE_SHORT,"real: stop=37 target=41",10,18,44.44,44.44,11.11,130.50,18
MR1,SHORT,MR1_FADE_SHORT,"real: stop=37 target=41",15,18,44.44,44.44,11.11,176.25,18
MR1,SHORT,MR1_FADE_SHORT,"real: stop=37 target=41",20,18,44.44,44.44,11.11,129.34,18
MR1,SHORT,MR1_FADE_SHORT,"real: stop=37 target=41",25,18,44.44,44.44,11.11,131.31,18
MR1,SHORT,MR1_FADE_SHORT,"real: stop=37 target=41",30,18,33.33,55.56,11.11,198.50,18
MR1,SHORT,MR1_FADE_SHORT,"real: stop=37 target=41",35,18,38.89,50.00,11.11,111.61,18
MR1,SHORT,MR1_FADE_SHORT,"real: stop=37 target=41",40,18,55.56,33.33,11.11,151.13,18
MR1,SHORT,MR1_FADE_SHORT,"real: stop=37 target=41",45,18,38.89,50.00,11.11,101.96,18
MR1,SHORT,MR1_FADE_SHORT,"real: stop=37 target=41",50,18,55.56,33.33,11.11,119.70,18
MR1,SHORT,MR1_FADE_SHORT,"real: stop=37 target=41",55,18,33.33,55.56,11.11,115.04,18
MR1,SHORT,MR1_FADE_SHORT,"real: stop=37 target=41",60,18,38.89,50.00,11.11,64.32,18
MR1,SHORT,MR1_FADE_SHORT,"real: stop=37 target=41",65,18,55.56,38.89,5.56,61.92,18
MR1,SHORT,MR1_FADE_SHORT,"real: stop=37 target=41",70,18,38.89,50.00,11.11,75.11,18
MR1,SHORT,MR1_FADE_SHORT,"real: stop=37 target=41",75,18,38.89,50.00,11.11,123.04,18
MR1,SHORT,MR1_FADE_SHORT,"real: stop=37 target=41",80,18,27.78,61.11,11.11,102.85,18
MR1,SHORT,MR1_FADE_SHORT,"real: stop=37 target=41",85,18,44.44,44.44,11.11,116.69,18
MR1,SHORT,MR1_FADE_SHORT,"real: stop=37 target=41",90,18,61.11,33.33,5.56,65.57,18
MR1,SHORT,MR1_FADE_SHORT,"real: stop=37 target=41",95,18,27.78,61.11,11.11,75.50,18
MR1,SHORT,MR1_FADE_SHORT,"real: stop=37 target=41",100,18,38.89,50.00,11.11,57.64,18
MR1,SHORT,MR1_FADE_SHORT,"real: stop=37 target=41",105,18,38.89,50.00,11.11,59.43,18
MR1,SHORT,MR1_FADE_SHORT,"real: stop=37 target=41",110,18,38.89,44.44,16.67,43.25,18
MR1,SHORT,MR1_FADE_SHORT,"real: stop=37 target=41",115,18,27.78,50.00,22.22,85.00,18
MR1,SHORT,MR1_FADE_SHORT,"real: stop=37 target=41",120,18,38.89,44.44,16.67,73.54,18
MR1,SHORT,MR1_FADE_SHORT,"real: stop=37 target=41",125,18,38.89,44.44,16.67,72.86,18
MR1,SHORT,MR1_FADE_SHORT,"real: stop=37 target=41",130,18,38.89,44.44,16.67,68.82,18
MR1,SHORT,MR1_FADE_SHORT,"real: stop=37 target=41",135,18,27.78,50.00,22.22,62.80,18
MR1,SHORT,MR1_FADE_SHORT,"real: stop=37 target=41",140,18,27.78,50.00,22.22,106.60,18
MR1,SHORT,MR1_FADE_SHORT,"real: stop=37 target=41",145,18,22.22,61.11,16.67,86.88,18
MR1,SHORT,MR1_FADE_SHORT,"real: stop=37 target=41",150,18,33.33,38.89,27.78,74.96,18
MR1,SHORT,MR1_FADE_SHORT,"real: stop=37 target=41",155,18,22.22,61.11,16.67,87.31,18
MR1,SHORT,MR1_FADE_SHORT,"real: stop=37 target=41",160,18,33.33,50.00,16.67,68.38,18
MR1,SHORT,MR1_FADE_SHORT,"real: stop=37 target=41",165,18,38.89,44.44,16.67,81.71,18
MR1,SHORT,MR1_FADE_SHORT,"real: stop=37 target=41",170,18,38.89,44.44,16.67,98.96,18
MR1,SHORT,MR1_FADE_SHORT,"real: stop=37 target=41",175,18,44.44,38.89,16.67,77.59,18
MR1,SHORT,MR1_FADE_SHORT,"real: stop=37 target=41",180,18,38.89,44.44,16.67,68.68,18
MR1,SHORT,MR1_FADE_SHORT,"real: stop=37 target=41",185,18,50.00,33.33,16.67,67.31,18
MR1,SHORT,MR1_FADE_SHORT,"real: stop=37 target=41",190,18,27.78,55.56,16.67,97.90,18
MR1,SHORT,MR1_FADE_SHORT,"real: stop=37 target=41",195,18,33.33,50.00,16.67,91.96,18
MR1,SHORT,MR1_FADE_SHORT,"real: stop=37 target=41",200,17,41.18,41.18,17.65,56.64,17
MR1,SHORT,MR1_FADE_SHORT,"real: stop=37 target=41",205,17,35.29,47.06,17.65,57.96,17
MR1,SHORT,MR1_FADE_SHORT,"real: stop=37 target=41",210,17,35.29,47.06,17.65,63.96,17
MR1,SHORT,MR1_FADE_SHORT,"real: stop=37 target=41",215,17,47.06,35.29,17.65,44.09,17
MR1,SHORT,MR1_FADE_SHORT,"real: stop=37 target=41",220,17,47.06,35.29,17.65,46.78,17
MR1,SHORT,MR1_FADE_SHORT,"real: stop=37 target=41",225,17,41.18,35.29,23.53,69.75,17
MR1,SHORT,MR1_FADE_SHORT,"real: stop=37 target=41",230,17,47.06,23.53,29.41,65.75,17
MR1,SHORT,MR1_FADE_SHORT,"real: stop=37 target=41",235,17,41.18,35.29,23.53,46.11,17
MR1,SHORT,MR1_FADE_SHORT,"real: stop=37 target=41",240,17,35.29,35.29,29.41,43.54,17
MS1,LONG,MS1_FADE_LONG,"fallback 1x ATR",0,24,20.83,8.33,70.83,244.77,24
MS1,LONG,MS1_FADE_LONG,"fallback 1x ATR",5,24,16.67,8.33,75.00,260.85,24
MS1,LONG,MS1_FADE_LONG,"fallback 1x ATR",10,24,16.67,4.17,79.17,228.67,24
MS1,LONG,MS1_FADE_LONG,"fallback 1x ATR",15,24,16.67,4.17,79.17,258.98,24
MS1,LONG,MS1_FADE_LONG,"fallback 1x ATR",20,24,16.67,4.17,79.17,323.29,24
MS1,LONG,MS1_FADE_LONG,"fallback 1x ATR",25,24,16.67,8.33,75.00,287.29,24
MS1,LONG,MS1_FADE_LONG,"fallback 1x ATR",30,24,20.83,4.17,75.00,246.89,24
MS1,LONG,MS1_FADE_LONG,"fallback 1x ATR",35,24,16.67,4.17,79.17,323.29,24
MS1,LONG,MS1_FADE_LONG,"fallback 1x ATR",40,24,16.67,4.17,79.17,261.85,24
MS1,LONG,MS1_FADE_LONG,"fallback 1x ATR",45,24,20.83,4.17,75.00,161.09,24
MS1,LONG,MS1_FADE_LONG,"fallback 1x ATR",50,24,16.67,4.17,79.17,171.35,24
MS1,LONG,MS1_FADE_LONG,"fallback 1x ATR",55,24,12.50,4.17,83.33,181.60,24
MS1,LONG,MS1_FADE_LONG,"fallback 1x ATR",60,24,16.67,4.17,79.17,107.08,24
MS1,LONG,MS1_FADE_LONG,"fallback 1x ATR",65,24,16.67,4.17,79.17,121.96,24
MS1,LONG,MS1_FADE_LONG,"fallback 1x ATR",70,24,12.50,0.00,87.50,135.53,24
MS1,LONG,MS1_FADE_LONG,"fallback 1x ATR",75,24,12.50,0.00,87.50,150.61,24
MS1,LONG,MS1_FADE_LONG,"fallback 1x ATR",80,24,12.50,4.17,83.33,129.19,24
MS1,LONG,MS1_FADE_LONG,"fallback 1x ATR",85,24,12.50,0.00,87.50,149.03,24
MS1,LONG,MS1_FADE_LONG,"fallback 1x ATR",90,24,16.67,0.00,83.33,123.21,24
MS1,LONG,MS1_FADE_LONG,"fallback 1x ATR",95,24,12.50,0.00,87.50,107.52,24
MS1,LONG,MS1_FADE_LONG,"fallback 1x ATR",100,24,8.33,0.00,91.67,158.39,24
MS1,LONG,MS1_FADE_LONG,"fallback 1x ATR",105,24,8.33,0.00,91.67,146.51,24
MS1,LONG,MS1_FADE_LONG,"fallback 1x ATR",110,24,8.33,0.00,91.67,144.89,24
MS1,LONG,MS1_FADE_LONG,"fallback 1x ATR",115,24,8.33,4.17,87.50,129.01,24
MS1,LONG,MS1_FADE_LONG,"fallback 1x ATR",120,24,8.33,4.17,87.50,96.14,24
MS1,LONG,MS1_FADE_LONG,"fallback 1x ATR",125,24,8.33,4.17,87.50,86.39,24
MS1,LONG,MS1_FADE_LONG,"fallback 1x ATR",130,24,8.33,4.17,87.50,76.51,24
MS1,LONG,MS1_FADE_LONG,"fallback 1x ATR",135,24,8.33,4.17,87.50,59.51,24
MS1,LONG,MS1_FADE_LONG,"fallback 1x ATR",140,24,8.33,4.17,87.50,56.64,24
MS1,LONG,MS1_FADE_LONG,"fallback 1x ATR",145,24,8.33,4.17,87.50,78.51,24
MS1,LONG,MS1_FADE_LONG,"fallback 1x ATR",150,24,4.17,4.17,91.67,160.84,24
MS1,LONG,MS1_FADE_LONG,"fallback 1x ATR",155,24,4.17,4.17,91.67,85.84,24
MS1,LONG,MS1_FADE_LONG,"fallback 1x ATR",160,24,4.17,0.00,95.83,81.59,24
MS1,LONG,MS1_FADE_LONG,"fallback 1x ATR",165,24,4.17,0.00,95.83,100.59,24
MS1,LONG,MS1_FADE_LONG,"fallback 1x ATR",170,24,4.17,0.00,95.83,83.84,24
MS1,LONG,MS1_FADE_LONG,"fallback 1x ATR",175,24,4.17,0.00,95.83,73.84,24
MS1,LONG,MS1_FADE_LONG,"fallback 1x ATR",180,24,4.17,0.00,95.83,70.84,24
MS1,LONG,MS1_FADE_LONG,"fallback 1x ATR",185,24,4.17,0.00,95.83,17.09,24
MS1,LONG,MS1_FADE_LONG,"fallback 1x ATR",190,24,0.00,0.00,100.00,,24
MS1,LONG,MS1_FADE_LONG,"fallback 1x ATR",195,24,0.00,0.00,100.00,,24
MS1,LONG,MS1_FADE_LONG,"fallback 1x ATR",200,24,0.00,0.00,100.00,,24
MS1,LONG,MS1_FADE_LONG,"fallback 1x ATR",205,24,4.17,4.17,91.67,27.44,24
MS1,LONG,MS1_FADE_LONG,"fallback 1x ATR",210,24,4.17,0.00,95.83,53.19,24
MS1,LONG,MS1_FADE_LONG,"fallback 1x ATR",215,24,4.17,0.00,95.83,58.94,24
MS1,LONG,MS1_FADE_LONG,"fallback 1x ATR",220,24,4.17,0.00,95.83,65.94,24
MS1,LONG,MS1_FADE_LONG,"fallback 1x ATR",225,24,4.17,0.00,95.83,75.69,24
MS1,LONG,MS1_FADE_LONG,"fallback 1x ATR",230,24,4.17,0.00,95.83,88.69,24
MS1,LONG,MS1_FADE_LONG,"fallback 1x ATR",235,24,4.17,0.00,95.83,71.69,24
MS1,LONG,MS1_FADE_LONG,"fallback 1x ATR",240,24,4.17,0.00,95.83,48.94,24
ONH,SHORT,ONH_FADE_SHORT,"real: stop=37 target=38",0,142,63.38,34.51,2.11,142.13,142
ONH,SHORT,ONH_FADE_SHORT,"real: stop=37 target=38",5,142,46.48,51.41,2.11,138.37,142
ONH,SHORT,ONH_FADE_SHORT,"real: stop=37 target=38",10,142,49.30,47.18,3.52,181.26,142
ONH,SHORT,ONH_FADE_SHORT,"real: stop=37 target=38",15,142,45.07,51.41,3.52,178.27,142
ONH,SHORT,ONH_FADE_SHORT,"real: stop=37 target=38",20,142,43.66,52.11,4.23,159.74,142
ONH,SHORT,ONH_FADE_SHORT,"real: stop=37 target=38",25,142,49.30,46.48,4.23,121.42,142
ONH,SHORT,ONH_FADE_SHORT,"real: stop=37 target=38",30,142,50.00,46.48,3.52,133.49,142
ONH,SHORT,ONH_FADE_SHORT,"real: stop=37 target=38",35,142,44.37,51.41,4.23,155.31,142
ONH,SHORT,ONH_FADE_SHORT,"real: stop=37 target=38",40,142,37.32,58.45,4.23,132.17,142
ONH,SHORT,ONH_FADE_SHORT,"real: stop=37 target=38",45,142,47.18,48.59,4.23,131.87,142
ONH,SHORT,ONH_FADE_SHORT,"real: stop=37 target=38",50,142,58.45,36.62,4.93,144.08,142
ONH,SHORT,ONH_FADE_SHORT,"real: stop=37 target=38",55,142,54.93,40.85,4.23,124.63,142
ONH,SHORT,ONH_FADE_SHORT,"real: stop=37 target=38",60,142,51.41,44.37,4.23,127.15,142
ONH,SHORT,ONH_FADE_SHORT,"real: stop=37 target=38",65,142,53.52,41.55,4.93,111.24,142
ONH,SHORT,ONH_FADE_SHORT,"real: stop=37 target=38",70,142,45.77,49.30,4.93,113.42,142
ONH,SHORT,ONH_FADE_SHORT,"real: stop=37 target=38",75,142,46.48,49.30,4.23,104.35,142
ONH,SHORT,ONH_FADE_SHORT,"real: stop=37 target=38",80,142,50.00,45.77,4.23,100.73,142
ONH,SHORT,ONH_FADE_SHORT,"real: stop=37 target=38",85,142,46.48,49.30,4.23,111.21,142
ONH,SHORT,ONH_FADE_SHORT,"real: stop=37 target=38",90,142,50.00,45.07,4.93,97.54,142
ONH,SHORT,ONH_FADE_SHORT,"real: stop=37 target=38",95,142,51.41,41.55,7.04,108.16,142
ONH,SHORT,ONH_FADE_SHORT,"real: stop=37 target=38",100,142,39.44,52.82,7.75,108.96,142
ONH,SHORT,ONH_FADE_SHORT,"real: stop=37 target=38",105,142,40.14,51.41,8.45,104.12,142
ONH,SHORT,ONH_FADE_SHORT,"real: stop=37 target=38",110,142,33.80,58.45,7.75,96.78,142
ONH,SHORT,ONH_FADE_SHORT,"real: stop=37 target=38",115,142,37.32,54.23,8.45,101.52,142
ONH,SHORT,ONH_FADE_SHORT,"real: stop=37 target=38",120,142,33.80,57.04,9.15,86.51,142
ONH,SHORT,ONH_FADE_SHORT,"real: stop=37 target=38",125,142,44.37,46.48,9.15,103.33,142
ONH,SHORT,ONH_FADE_SHORT,"real: stop=37 target=38",130,142,42.96,46.48,10.56,116.32,142
ONH,SHORT,ONH_FADE_SHORT,"real: stop=37 target=38",135,142,36.62,51.41,11.97,91.85,142
ONH,SHORT,ONH_FADE_SHORT,"real: stop=37 target=38",140,142,40.85,47.89,11.27,95.44,142
ONH,SHORT,ONH_FADE_SHORT,"real: stop=37 target=38",145,142,38.73,50.00,11.27,91.81,142
ONH,SHORT,ONH_FADE_SHORT,"real: stop=37 target=38",150,142,39.44,49.30,11.27,81.37,142
ONH,SHORT,ONH_FADE_SHORT,"real: stop=37 target=38",155,142,40.14,47.89,11.97,93.35,142
ONH,SHORT,ONH_FADE_SHORT,"real: stop=37 target=38",160,141,36.88,51.06,12.06,103.93,141
ONH,SHORT,ONH_FADE_SHORT,"real: stop=37 target=38",165,141,36.88,51.77,11.35,83.81,141
ONH,SHORT,ONH_FADE_SHORT,"real: stop=37 target=38",170,141,43.26,44.68,12.06,95.48,141
ONH,SHORT,ONH_FADE_SHORT,"real: stop=37 target=38",175,141,39.01,48.94,12.06,83.39,141
ONH,SHORT,ONH_FADE_SHORT,"real: stop=37 target=38",180,141,38.30,48.94,12.77,73.62,141
ONH,SHORT,ONH_FADE_SHORT,"real: stop=37 target=38",185,141,39.01,48.23,12.77,69.49,141
ONH,SHORT,ONH_FADE_SHORT,"real: stop=37 target=38",190,141,38.30,46.81,14.89,81.78,141
ONH,SHORT,ONH_FADE_SHORT,"real: stop=37 target=38",195,141,34.75,51.06,14.18,78.64,141
ONH,SHORT,ONH_FADE_SHORT,"real: stop=37 target=38",200,141,32.62,54.61,12.77,63.89,141
ONH,SHORT,ONH_FADE_SHORT,"real: stop=37 target=38",205,141,38.30,47.52,14.18,73.90,141
ONH,SHORT,ONH_FADE_SHORT,"real: stop=37 target=38",210,140,37.86,45.00,17.14,77.77,140
ONH,SHORT,ONH_FADE_SHORT,"real: stop=37 target=38",215,140,38.57,42.14,19.29,64.38,140
ONH,SHORT,ONH_FADE_SHORT,"real: stop=37 target=38",220,140,37.86,42.14,20.00,72.34,140
ONH,SHORT,ONH_FADE_SHORT,"real: stop=37 target=38",225,138,42.75,38.41,18.84,70.40,138
ONH,SHORT,ONH_FADE_SHORT,"real: stop=37 target=38",230,138,47.10,34.06,18.84,62.27,138
ONH,SHORT,ONH_FADE_SHORT,"real: stop=37 target=38",235,138,44.93,36.23,18.84,60.75,138
ONH,SHORT,ONH_FADE_SHORT,"real: stop=37 target=38",240,138,42.75,35.51,21.74,66.64,138
ONL,LONG,ONL_FADE_LONG,"real: stop=14 target=40",0,145,44.83,55.17,0.00,152.23,145
ONL,LONG,ONL_FADE_LONG,"real: stop=14 target=40",5,145,28.97,70.34,0.69,177.76,145
ONL,LONG,ONL_FADE_LONG,"real: stop=14 target=40",10,145,31.72,66.90,1.38,161.14,145
ONL,LONG,ONL_FADE_LONG,"real: stop=14 target=40",15,145,26.90,71.72,1.38,166.95,145
ONL,LONG,ONL_FADE_LONG,"real: stop=14 target=40",20,145,22.07,76.55,1.38,95.96,145
ONL,LONG,ONL_FADE_LONG,"real: stop=14 target=40",25,145,24.14,74.48,1.38,125.75,145
ONL,LONG,ONL_FADE_LONG,"real: stop=14 target=40",30,145,30.34,68.28,1.38,146.61,145
ONL,LONG,ONL_FADE_LONG,"real: stop=14 target=40",35,145,20.69,77.93,1.38,153.80,145
ONL,LONG,ONL_FADE_LONG,"real: stop=14 target=40",40,145,28.28,70.34,1.38,168.50,145
ONL,LONG,ONL_FADE_LONG,"real: stop=14 target=40",45,145,20.00,78.62,1.38,126.09,145
ONL,LONG,ONL_FADE_LONG,"real: stop=14 target=40",50,145,26.90,71.72,1.38,118.51,145
ONL,LONG,ONL_FADE_LONG,"real: stop=14 target=40",55,145,22.07,76.55,1.38,126.99,145
ONL,LONG,ONL_FADE_LONG,"real: stop=14 target=40",60,145,26.21,72.41,1.38,146.66,145
ONL,LONG,ONL_FADE_LONG,"real: stop=14 target=40",65,145,29.66,68.97,1.38,99.47,145
ONL,LONG,ONL_FADE_LONG,"real: stop=14 target=40",70,145,25.52,73.10,1.38,130.70,145
ONL,LONG,ONL_FADE_LONG,"real: stop=14 target=40",75,145,22.07,76.55,1.38,145.07,145
ONL,LONG,ONL_FADE_LONG,"real: stop=14 target=40",80,145,20.69,77.24,2.07,110.89,145
ONL,LONG,ONL_FADE_LONG,"real: stop=14 target=40",85,145,23.45,74.48,2.07,140.31,145
ONL,LONG,ONL_FADE_LONG,"real: stop=14 target=40",90,145,14.48,83.45,2.07,133.74,145
ONL,LONG,ONL_FADE_LONG,"real: stop=14 target=40",95,145,22.76,75.17,2.07,104.68,145
ONL,LONG,ONL_FADE_LONG,"real: stop=14 target=40",100,145,22.07,75.86,2.07,141.14,145
ONL,LONG,ONL_FADE_LONG,"real: stop=14 target=40",105,145,22.76,75.17,2.07,77.96,145
ONL,LONG,ONL_FADE_LONG,"real: stop=14 target=40",110,145,26.21,71.72,2.07,118.08,145
ONL,LONG,ONL_FADE_LONG,"real: stop=14 target=40",115,145,20.00,77.24,2.76,125.32,145
ONL,LONG,ONL_FADE_LONG,"real: stop=14 target=40",120,145,22.76,74.48,2.76,111.86,145
ONL,LONG,ONL_FADE_LONG,"real: stop=14 target=40",125,145,25.52,71.72,2.76,88.40,145
ONL,LONG,ONL_FADE_LONG,"real: stop=14 target=40",130,145,24.83,72.41,2.76,112.32,145
ONL,LONG,ONL_FADE_LONG,"real: stop=14 target=40",135,145,22.07,75.17,2.76,86.91,145
ONL,LONG,ONL_FADE_LONG,"real: stop=14 target=40",140,145,21.38,74.48,4.14,97.60,145
ONL,LONG,ONL_FADE_LONG,"real: stop=14 target=40",145,145,20.69,75.17,4.14,100.58,145
ONL,LONG,ONL_FADE_LONG,"real: stop=14 target=40",150,145,18.62,76.55,4.83,98.33,145
ONL,LONG,ONL_FADE_LONG,"real: stop=14 target=40",155,145,22.07,72.41,5.52,103.54,145
ONL,LONG,ONL_FADE_LONG,"real: stop=14 target=40",160,145,23.45,71.03,5.52,109.43,145
ONL,LONG,ONL_FADE_LONG,"real: stop=14 target=40",165,145,18.62,75.17,6.21,96.22,145
ONL,LONG,ONL_FADE_LONG,"real: stop=14 target=40",170,145,19.31,73.79,6.90,92.97,145
ONL,LONG,ONL_FADE_LONG,"real: stop=14 target=40",175,145,26.90,65.52,7.59,89.47,145
ONL,LONG,ONL_FADE_LONG,"real: stop=14 target=40",180,145,23.45,69.66,6.90,108.56,145
ONL,LONG,ONL_FADE_LONG,"real: stop=14 target=40",185,145,24.14,68.97,6.90,81.64,145
ONL,LONG,ONL_FADE_LONG,"real: stop=14 target=40",190,145,20.00,72.41,7.59,97.71,145
ONL,LONG,ONL_FADE_LONG,"real: stop=14 target=40",195,145,17.93,75.17,6.90,127.13,145
ONL,LONG,ONL_FADE_LONG,"real: stop=14 target=40",200,145,22.76,67.59,9.66,104.14,145
ONL,LONG,ONL_FADE_LONG,"real: stop=14 target=40",205,145,17.24,72.41,10.34,92.68,145
ONL,LONG,ONL_FADE_LONG,"real: stop=14 target=40",210,145,18.62,68.97,12.41,85.32,145
ONL,LONG,ONL_FADE_LONG,"real: stop=14 target=40",215,145,15.86,71.03,13.10,112.36,145
ONL,LONG,ONL_FADE_LONG,"real: stop=14 target=40",220,145,20.69,64.83,14.48,103.67,145
ONL,LONG,ONL_FADE_LONG,"real: stop=14 target=40",225,144,17.36,67.36,15.28,92.01,144
ONL,LONG,ONL_FADE_LONG,"real: stop=14 target=40",230,144,17.36,68.75,13.89,73.93,144
ONL,LONG,ONL_FADE_LONG,"real: stop=14 target=40",235,144,14.58,72.22,13.19,78.64,144
ONL,LONG,ONL_FADE_LONG,"real: stop=14 target=40",240,144,13.89,72.22,13.89,101.26,144
OR5_HIGH,SHORT,OR5_HIGH_FADE_SHORT,"real: stop=32 target=80",0,169,23.08,75.15,1.78,205.83,169
OR5_HIGH,SHORT,OR5_HIGH_FADE_SHORT,"real: stop=32 target=80",5,169,15.38,82.84,1.78,253.87,169
OR5_HIGH,SHORT,OR5_HIGH_FADE_SHORT,"real: stop=32 target=80",10,169,22.49,74.56,2.96,210.13,169
OR5_HIGH,SHORT,OR5_HIGH_FADE_SHORT,"real: stop=32 target=80",15,169,23.08,72.78,4.14,185.60,169
OR5_HIGH,SHORT,OR5_HIGH_FADE_SHORT,"real: stop=32 target=80",20,169,23.08,72.78,4.14,196.68,169
OR5_HIGH,SHORT,OR5_HIGH_FADE_SHORT,"real: stop=32 target=80",25,169,22.49,73.96,3.55,158.56,169
OR5_HIGH,SHORT,OR5_HIGH_FADE_SHORT,"real: stop=32 target=80",30,169,22.49,74.56,2.96,162.49,169
OR5_HIGH,SHORT,OR5_HIGH_FADE_SHORT,"real: stop=32 target=80",35,169,19.53,76.92,3.55,175.33,169
OR5_HIGH,SHORT,OR5_HIGH_FADE_SHORT,"real: stop=32 target=80",40,169,27.22,69.23,3.55,199.90,169
OR5_HIGH,SHORT,OR5_HIGH_FADE_SHORT,"real: stop=32 target=80",45,169,26.04,69.23,4.73,186.44,169
OR5_HIGH,SHORT,OR5_HIGH_FADE_SHORT,"real: stop=32 target=80",50,169,27.81,67.46,4.73,163.33,169
OR5_HIGH,SHORT,OR5_HIGH_FADE_SHORT,"real: stop=32 target=80",55,169,24.85,69.23,5.92,158.01,169
OR5_HIGH,SHORT,OR5_HIGH_FADE_SHORT,"real: stop=32 target=80",60,169,24.26,71.01,4.73,124.85,169
OR5_HIGH,SHORT,OR5_HIGH_FADE_SHORT,"real: stop=32 target=80",65,169,22.49,73.96,3.55,119.46,169
OR5_HIGH,SHORT,OR5_HIGH_FADE_SHORT,"real: stop=32 target=80",70,169,17.75,78.11,4.14,209.98,169
OR5_HIGH,SHORT,OR5_HIGH_FADE_SHORT,"real: stop=32 target=80",75,169,20.71,73.37,5.92,184.09,169
OR5_HIGH,SHORT,OR5_HIGH_FADE_SHORT,"real: stop=32 target=80",80,169,26.04,68.05,5.92,154.62,169
OR5_HIGH,SHORT,OR5_HIGH_FADE_SHORT,"real: stop=32 target=80",85,169,24.85,69.82,5.33,157.23,169
OR5_HIGH,SHORT,OR5_HIGH_FADE_SHORT,"real: stop=32 target=80",90,169,23.67,71.01,5.33,122.46,169
OR5_HIGH,SHORT,OR5_HIGH_FADE_SHORT,"real: stop=32 target=80",95,169,22.49,71.60,5.92,125.02,169
OR5_HIGH,SHORT,OR5_HIGH_FADE_SHORT,"real: stop=32 target=80",100,169,21.30,72.19,6.51,140.03,169
OR5_HIGH,SHORT,OR5_HIGH_FADE_SHORT,"real: stop=32 target=80",105,168,22.02,72.02,5.95,129.28,168
OR5_HIGH,SHORT,OR5_HIGH_FADE_SHORT,"real: stop=32 target=80",110,168,19.64,73.21,7.14,169.14,168
OR5_HIGH,SHORT,OR5_HIGH_FADE_SHORT,"real: stop=32 target=80",115,168,20.83,72.02,7.14,172.61,168
OR5_HIGH,SHORT,OR5_HIGH_FADE_SHORT,"real: stop=32 target=80",120,168,19.64,71.43,8.93,119.21,168
OR5_HIGH,SHORT,OR5_HIGH_FADE_SHORT,"real: stop=32 target=80",125,168,20.83,72.62,6.55,153.59,168
OR5_HIGH,SHORT,OR5_HIGH_FADE_SHORT,"real: stop=32 target=80",130,168,20.24,73.21,6.55,150.47,168
OR5_HIGH,SHORT,OR5_HIGH_FADE_SHORT,"real: stop=32 target=80",135,168,24.40,67.86,7.74,135.99,168
OR5_HIGH,SHORT,OR5_HIGH_FADE_SHORT,"real: stop=32 target=80",140,168,27.98,62.50,9.52,148.38,168
OR5_HIGH,SHORT,OR5_HIGH_FADE_SHORT,"real: stop=32 target=80",145,168,26.79,64.88,8.33,118.88,168
OR5_HIGH,SHORT,OR5_HIGH_FADE_SHORT,"real: stop=32 target=80",150,168,25.60,65.48,8.93,106.67,168
OR5_HIGH,SHORT,OR5_HIGH_FADE_SHORT,"real: stop=32 target=80",155,168,24.40,66.07,9.52,130.14,168
OR5_HIGH,SHORT,OR5_HIGH_FADE_SHORT,"real: stop=32 target=80",160,168,25.00,64.29,10.71,124.93,168
OR5_HIGH,SHORT,OR5_HIGH_FADE_SHORT,"real: stop=32 target=80",165,168,26.19,63.10,10.71,136.14,168
OR5_HIGH,SHORT,OR5_HIGH_FADE_SHORT,"real: stop=32 target=80",170,168,23.21,66.07,10.71,127.13,168
OR5_HIGH,SHORT,OR5_HIGH_FADE_SHORT,"real: stop=32 target=80",175,168,23.21,65.48,11.31,115.30,168
OR5_HIGH,SHORT,OR5_HIGH_FADE_SHORT,"real: stop=32 target=80",180,168,20.24,69.64,10.12,112.26,168
OR5_HIGH,SHORT,OR5_HIGH_FADE_SHORT,"real: stop=32 target=80",185,168,16.67,71.43,11.90,89.12,168
OR5_HIGH,SHORT,OR5_HIGH_FADE_SHORT,"real: stop=32 target=80",190,168,21.43,64.88,13.69,99.53,168
OR5_HIGH,SHORT,OR5_HIGH_FADE_SHORT,"real: stop=32 target=80",195,166,22.29,65.66,12.05,98.99,166
OR5_HIGH,SHORT,OR5_HIGH_FADE_SHORT,"real: stop=32 target=80",200,166,25.30,60.84,13.86,78.99,166
OR5_HIGH,SHORT,OR5_HIGH_FADE_SHORT,"real: stop=32 target=80",205,165,18.79,66.06,15.15,97.19,165
OR5_HIGH,SHORT,OR5_HIGH_FADE_SHORT,"real: stop=32 target=80",210,165,23.64,61.21,15.15,93.17,165
OR5_HIGH,SHORT,OR5_HIGH_FADE_SHORT,"real: stop=32 target=80",215,165,23.03,63.64,13.33,76.57,165
OR5_HIGH,SHORT,OR5_HIGH_FADE_SHORT,"real: stop=32 target=80",220,164,19.51,64.02,16.46,90.73,164
OR5_HIGH,SHORT,OR5_HIGH_FADE_SHORT,"real: stop=32 target=80",225,164,17.07,65.24,17.68,87.94,164
OR5_HIGH,SHORT,OR5_HIGH_FADE_SHORT,"real: stop=32 target=80",230,164,18.29,64.02,17.68,98.67,164
OR5_HIGH,SHORT,OR5_HIGH_FADE_SHORT,"real: stop=32 target=80",235,164,17.68,64.63,17.68,88.64,164
OR5_HIGH,SHORT,OR5_HIGH_FADE_SHORT,"real: stop=32 target=80",240,164,16.46,65.24,18.29,79.39,164
OR5_LOW,LONG,OR5_LOW_FADE_LONG,"real: stop=37 target=38",0,186,60.75,38.71,0.54,151.61,186
OR5_LOW,LONG,OR5_LOW_FADE_LONG,"real: stop=37 target=38",5,185,47.57,51.35,1.08,157.03,185
OR5_LOW,LONG,OR5_LOW_FADE_LONG,"real: stop=37 target=38",10,185,50.81,48.65,0.54,150.80,185
OR5_LOW,LONG,OR5_LOW_FADE_LONG,"real: stop=37 target=38",15,185,50.27,48.11,1.62,141.32,185
OR5_LOW,LONG,OR5_LOW_FADE_LONG,"real: stop=37 target=38",20,185,48.11,50.27,1.62,146.68,185
OR5_LOW,LONG,OR5_LOW_FADE_LONG,"real: stop=37 target=38",25,185,47.57,50.81,1.62,127.55,185
OR5_LOW,LONG,OR5_LOW_FADE_LONG,"real: stop=37 target=38",30,185,45.95,53.51,0.54,137.99,185
OR5_LOW,LONG,OR5_LOW_FADE_LONG,"real: stop=37 target=38",35,185,51.89,46.49,1.62,125.93,185
OR5_LOW,LONG,OR5_LOW_FADE_LONG,"real: stop=37 target=38",40,185,45.41,53.51,1.08,136.05,185
OR5_LOW,LONG,OR5_LOW_FADE_LONG,"real: stop=37 target=38",45,185,52.43,47.03,0.54,123.48,185
OR5_LOW,LONG,OR5_LOW_FADE_LONG,"real: stop=37 target=38",50,185,53.51,45.95,0.54,134.03,185
OR5_LOW,LONG,OR5_LOW_FADE_LONG,"real: stop=37 target=38",55,185,48.65,50.81,0.54,139.54,185
OR5_LOW,LONG,OR5_LOW_FADE_LONG,"real: stop=37 target=38",60,185,47.57,50.81,1.62,123.04,185
OR5_LOW,LONG,OR5_LOW_FADE_LONG,"real: stop=37 target=38",65,185,47.57,50.81,1.62,128.15,185
OR5_LOW,LONG,OR5_LOW_FADE_LONG,"real: stop=37 target=38",70,185,52.97,44.86,2.16,122.63,185
OR5_LOW,LONG,OR5_LOW_FADE_LONG,"real: stop=37 target=38",75,185,48.11,50.27,1.62,113.70,185
OR5_LOW,LONG,OR5_LOW_FADE_LONG,"real: stop=37 target=38",80,185,50.81,47.57,1.62,122.97,185
OR5_LOW,LONG,OR5_LOW_FADE_LONG,"real: stop=37 target=38",85,185,48.65,49.73,1.62,104.50,185
OR5_LOW,LONG,OR5_LOW_FADE_LONG,"real: stop=37 target=38",90,185,54.05,42.70,3.24,109.84,185
OR5_LOW,LONG,OR5_LOW_FADE_LONG,"real: stop=37 target=38",95,185,48.65,48.11,3.24,113.06,185
OR5_LOW,LONG,OR5_LOW_FADE_LONG,"real: stop=37 target=38",100,185,51.35,47.03,1.62,99.61,185
OR5_LOW,LONG,OR5_LOW_FADE_LONG,"real: stop=37 target=38",105,185,46.49,50.81,2.70,112.49,185
OR5_LOW,LONG,OR5_LOW_FADE_LONG,"real: stop=37 target=38",110,185,50.81,45.95,3.24,104.51,185
OR5_LOW,LONG,OR5_LOW_FADE_LONG,"real: stop=37 target=38",115,185,51.35,44.86,3.78,96.29,185
OR5_LOW,LONG,OR5_LOW_FADE_LONG,"real: stop=37 target=38",120,185,50.27,45.95,3.78,111.54,185
OR5_LOW,LONG,OR5_LOW_FADE_LONG,"real: stop=37 target=38",125,185,50.27,45.95,3.78,105.74,185
OR5_LOW,LONG,OR5_LOW_FADE_LONG,"real: stop=37 target=38",130,185,54.05,43.24,2.70,93.44,185
OR5_LOW,LONG,OR5_LOW_FADE_LONG,"real: stop=37 target=38",135,185,49.73,47.03,3.24,96.33,185
OR5_LOW,LONG,OR5_LOW_FADE_LONG,"real: stop=37 target=38",140,185,52.97,44.86,2.16,89.93,185
OR5_LOW,LONG,OR5_LOW_FADE_LONG,"real: stop=37 target=38",145,185,49.73,47.03,3.24,97.47,185
OR5_LOW,LONG,OR5_LOW_FADE_LONG,"real: stop=37 target=38",150,185,52.43,43.24,4.32,96.97,185
OR5_LOW,LONG,OR5_LOW_FADE_LONG,"real: stop=37 target=38",155,185,54.59,42.16,3.24,105.18,185
OR5_LOW,LONG,OR5_LOW_FADE_LONG,"real: stop=37 target=38",160,185,44.86,51.35,3.78,90.16,185
OR5_LOW,LONG,OR5_LOW_FADE_LONG,"real: stop=37 target=38",165,185,45.41,50.81,3.78,87.26,185
OR5_LOW,LONG,OR5_LOW_FADE_LONG,"real: stop=37 target=38",170,185,51.35,44.86,3.78,86.13,185
OR5_LOW,LONG,OR5_LOW_FADE_LONG,"real: stop=37 target=38",175,185,48.65,47.03,4.32,78.22,185
OR5_LOW,LONG,OR5_LOW_FADE_LONG,"real: stop=37 target=38",180,185,54.59,41.08,4.32,87.11,185
OR5_LOW,LONG,OR5_LOW_FADE_LONG,"real: stop=37 target=38",185,185,46.49,48.65,4.86,78.41,185
OR5_LOW,LONG,OR5_LOW_FADE_LONG,"real: stop=37 target=38",190,185,47.57,48.11,4.32,83.71,185
OR5_LOW,LONG,OR5_LOW_FADE_LONG,"real: stop=37 target=38",195,185,45.95,50.27,3.78,77.55,185
OR5_LOW,LONG,OR5_LOW_FADE_LONG,"real: stop=37 target=38",200,185,51.89,44.32,3.78,80.52,185
OR5_LOW,LONG,OR5_LOW_FADE_LONG,"real: stop=37 target=38",205,184,49.46,45.11,5.43,76.33,184
OR5_LOW,LONG,OR5_LOW_FADE_LONG,"real: stop=37 target=38",210,184,46.74,46.20,7.07,86.25,184
OR5_LOW,LONG,OR5_LOW_FADE_LONG,"real: stop=37 target=38",215,182,51.65,41.76,6.59,87.15,182
OR5_LOW,LONG,OR5_LOW_FADE_LONG,"real: stop=37 target=38",220,182,51.10,41.21,7.69,82.76,182
OR5_LOW,LONG,OR5_LOW_FADE_LONG,"real: stop=37 target=38",225,182,45.05,46.15,8.79,86.97,182
OR5_LOW,LONG,OR5_LOW_FADE_LONG,"real: stop=37 target=38",230,182,43.41,47.80,8.79,81.01,182
OR5_LOW,LONG,OR5_LOW_FADE_LONG,"real: stop=37 target=38",235,182,45.05,46.70,8.24,70.88,182
OR5_LOW,LONG,OR5_LOW_FADE_LONG,"real: stop=37 target=38",240,182,42.31,48.35,9.34,80.68,182
IB_HIGH,SHORT,IB_HIGH_FADE_SHORT,"real: stop=31 target=50",0,142,36.62,60.56,2.82,143.00,142
IB_HIGH,SHORT,IB_HIGH_FADE_SHORT,"real: stop=31 target=50",5,142,31.69,66.90,1.41,155.46,142
IB_HIGH,SHORT,IB_HIGH_FADE_SHORT,"real: stop=31 target=50",10,142,32.39,64.08,3.52,147.71,142
IB_HIGH,SHORT,IB_HIGH_FADE_SHORT,"real: stop=31 target=50",15,142,33.10,63.38,3.52,124.60,142
IB_HIGH,SHORT,IB_HIGH_FADE_SHORT,"real: stop=31 target=50",20,142,32.39,63.38,4.23,134.86,142
IB_HIGH,SHORT,IB_HIGH_FADE_SHORT,"real: stop=31 target=50",25,142,28.87,66.90,4.23,145.88,142
IB_HIGH,SHORT,IB_HIGH_FADE_SHORT,"real: stop=31 target=50",30,142,33.10,61.97,4.93,128.85,142
IB_HIGH,SHORT,IB_HIGH_FADE_SHORT,"real: stop=31 target=50",35,142,25.35,69.72,4.93,114.67,142
IB_HIGH,SHORT,IB_HIGH_FADE_SHORT,"real: stop=31 target=50",40,142,30.99,64.08,4.93,138.88,142
IB_HIGH,SHORT,IB_HIGH_FADE_SHORT,"real: stop=31 target=50",45,142,35.21,60.56,4.23,117.06,142
IB_HIGH,SHORT,IB_HIGH_FADE_SHORT,"real: stop=31 target=50",50,142,26.76,68.31,4.93,124.84,142
IB_HIGH,SHORT,IB_HIGH_FADE_SHORT,"real: stop=31 target=50",55,142,32.39,62.68,4.93,122.83,142
IB_HIGH,SHORT,IB_HIGH_FADE_SHORT,"real: stop=31 target=50",60,142,30.28,64.79,4.93,138.05,142
IB_HIGH,SHORT,IB_HIGH_FADE_SHORT,"real: stop=31 target=50",65,142,35.92,59.86,4.23,132.62,142
IB_HIGH,SHORT,IB_HIGH_FADE_SHORT,"real: stop=31 target=50",70,142,28.17,66.20,5.63,104.04,142
IB_HIGH,SHORT,IB_HIGH_FADE_SHORT,"real: stop=31 target=50",75,142,29.58,64.08,6.34,113.28,142
IB_HIGH,SHORT,IB_HIGH_FADE_SHORT,"real: stop=31 target=50",80,142,26.76,66.20,7.04,99.12,142
IB_HIGH,SHORT,IB_HIGH_FADE_SHORT,"real: stop=31 target=50",85,142,30.99,61.97,7.04,106.94,142
IB_HIGH,SHORT,IB_HIGH_FADE_SHORT,"real: stop=31 target=50",90,142,32.39,60.56,7.04,119.98,142
IB_HIGH,SHORT,IB_HIGH_FADE_SHORT,"real: stop=31 target=50",95,142,30.99,60.56,8.45,116.97,142
IB_HIGH,SHORT,IB_HIGH_FADE_SHORT,"real: stop=31 target=50",100,142,34.51,57.04,8.45,99.15,142
IB_HIGH,SHORT,IB_HIGH_FADE_SHORT,"real: stop=31 target=50",105,141,29.08,61.70,9.22,96.52,141
IB_HIGH,SHORT,IB_HIGH_FADE_SHORT,"real: stop=31 target=50",110,141,30.50,60.99,8.51,88.46,141
IB_HIGH,SHORT,IB_HIGH_FADE_SHORT,"real: stop=31 target=50",115,141,33.33,57.45,9.22,88.44,141
IB_HIGH,SHORT,IB_HIGH_FADE_SHORT,"real: stop=31 target=50",120,141,34.04,56.03,9.93,86.19,141
IB_HIGH,SHORT,IB_HIGH_FADE_SHORT,"real: stop=31 target=50",125,141,30.50,57.45,12.06,104.50,141
IB_HIGH,SHORT,IB_HIGH_FADE_SHORT,"real: stop=31 target=50",130,139,33.09,54.68,12.23,86.41,139
IB_HIGH,SHORT,IB_HIGH_FADE_SHORT,"real: stop=31 target=50",135,139,33.81,53.96,12.23,86.87,139
IB_HIGH,SHORT,IB_HIGH_FADE_SHORT,"real: stop=31 target=50",140,139,35.25,51.80,12.95,64.17,139
IB_HIGH,SHORT,IB_HIGH_FADE_SHORT,"real: stop=31 target=50",145,138,31.16,55.80,13.04,78.05,138
IB_HIGH,SHORT,IB_HIGH_FADE_SHORT,"real: stop=31 target=50",150,137,33.58,51.82,14.60,80.53,137
IB_HIGH,SHORT,IB_HIGH_FADE_SHORT,"real: stop=31 target=50",155,137,32.12,51.82,16.06,78.89,137
IB_HIGH,SHORT,IB_HIGH_FADE_SHORT,"real: stop=31 target=50",160,137,32.12,51.82,16.06,75.13,137
IB_HIGH,SHORT,IB_HIGH_FADE_SHORT,"real: stop=31 target=50",165,137,32.85,50.36,16.79,80.17,137
IB_HIGH,SHORT,IB_HIGH_FADE_SHORT,"real: stop=31 target=50",170,137,36.50,43.07,20.44,87.35,137
IB_HIGH,SHORT,IB_HIGH_FADE_SHORT,"real: stop=31 target=50",175,137,26.28,54.01,19.71,72.69,137
IB_HIGH,SHORT,IB_HIGH_FADE_SHORT,"real: stop=31 target=50",180,137,35.04,45.26,19.71,78.07,137
IB_HIGH,SHORT,IB_HIGH_FADE_SHORT,"real: stop=31 target=50",185,137,34.31,44.53,21.17,66.94,137
IB_HIGH,SHORT,IB_HIGH_FADE_SHORT,"real: stop=31 target=50",190,137,30.66,47.45,21.90,69.82,137
IB_HIGH,SHORT,IB_HIGH_FADE_SHORT,"real: stop=31 target=50",195,137,35.77,41.61,22.63,71.66,137
IB_HIGH,SHORT,IB_HIGH_FADE_SHORT,"real: stop=31 target=50",200,137,36.50,39.42,24.09,63.45,137
IB_HIGH,SHORT,IB_HIGH_FADE_SHORT,"real: stop=31 target=50",205,137,31.39,43.07,25.55,60.36,137
IB_HIGH,SHORT,IB_HIGH_FADE_SHORT,"real: stop=31 target=50",210,137,27.01,46.72,26.28,68.67,137
IB_HIGH,SHORT,IB_HIGH_FADE_SHORT,"real: stop=31 target=50",215,137,29.93,43.07,27.01,59.99,137
IB_HIGH,SHORT,IB_HIGH_FADE_SHORT,"real: stop=31 target=50",220,137,27.01,45.26,27.74,62.78,137
IB_HIGH,SHORT,IB_HIGH_FADE_SHORT,"real: stop=31 target=50",225,137,27.01,42.34,30.66,57.72,137
IB_HIGH,SHORT,IB_HIGH_FADE_SHORT,"real: stop=31 target=50",230,137,25.55,42.34,32.12,60.55,137
IB_HIGH,SHORT,IB_HIGH_FADE_SHORT,"real: stop=31 target=50",235,137,26.28,42.34,31.39,57.19,137
IB_HIGH,SHORT,IB_HIGH_FADE_SHORT,"real: stop=31 target=50",240,137,25.55,43.07,31.39,58.21,137
IB_LOW,LONG,IB_LOW_FADE_LONG,"real: stop=41 target=50",0,125,57.60,40.00,2.40,128.26,125
IB_LOW,LONG,IB_LOW_FADE_LONG,"real: stop=41 target=50",5,124,40.32,55.65,4.03,129.69,124
IB_LOW,LONG,IB_LOW_FADE_LONG,"real: stop=41 target=50",10,124,45.97,50.81,3.23,113.87,124
IB_LOW,LONG,IB_LOW_FADE_LONG,"real: stop=41 target=50",15,124,45.16,51.61,3.23,103.53,124
IB_LOW,LONG,IB_LOW_FADE_LONG,"real: stop=41 target=50",20,124,45.16,50.81,4.03,113.05,124
IB_LOW,LONG,IB_LOW_FADE_LONG,"real: stop=41 target=50",25,124,43.55,54.03,2.42,106.89,124
IB_LOW,LONG,IB_LOW_FADE_LONG,"real: stop=41 target=50",30,124,46.77,49.19,4.03,107.48,124
IB_LOW,LONG,IB_LOW_FADE_LONG,"real: stop=41 target=50",35,124,41.94,54.03,4.03,102.14,124
IB_LOW,LONG,IB_LOW_FADE_LONG,"real: stop=41 target=50",40,124,35.48,61.29,3.23,94.35,124
IB_LOW,LONG,IB_LOW_FADE_LONG,"real: stop=41 target=50",45,124,42.74,51.61,5.65,110.24,124
IB_LOW,LONG,IB_LOW_FADE_LONG,"real: stop=41 target=50",50,124,43.55,50.00,6.45,97.22,124
IB_LOW,LONG,IB_LOW_FADE_LONG,"real: stop=41 target=50",55,124,41.13,53.23,5.65,91.25,124
IB_LOW,LONG,IB_LOW_FADE_LONG,"real: stop=41 target=50",60,124,37.90,54.84,7.26,102.79,124
IB_LOW,LONG,IB_LOW_FADE_LONG,"real: stop=41 target=50",65,124,47.58,46.77,5.65,110.90,124
IB_LOW,LONG,IB_LOW_FADE_LONG,"real: stop=41 target=50",70,124,48.39,44.35,7.26,107.11,124
IB_LOW,LONG,IB_LOW_FADE_LONG,"real: stop=41 target=50",75,124,44.35,47.58,8.06,112.48,124
IB_LOW,LONG,IB_LOW_FADE_LONG,"real: stop=41 target=50",80,124,45.97,45.97,8.06,116.74,124
IB_LOW,LONG,IB_LOW_FADE_LONG,"real: stop=41 target=50",85,123,40.65,52.03,7.32,130.72,123
IB_LOW,LONG,IB_LOW_FADE_LONG,"real: stop=41 target=50",90,123,47.97,43.90,8.13,118.07,123
IB_LOW,LONG,IB_LOW_FADE_LONG,"real: stop=41 target=50",95,123,44.72,46.34,8.94,115.38,123
IB_LOW,LONG,IB_LOW_FADE_LONG,"real: stop=41 target=50",100,123,38.21,52.03,9.76,103.04,123
IB_LOW,LONG,IB_LOW_FADE_LONG,"real: stop=41 target=50",105,123,39.02,51.22,9.76,103.03,123
IB_LOW,LONG,IB_LOW_FADE_LONG,"real: stop=41 target=50",110,123,34.96,52.85,12.20,90.68,123
IB_LOW,LONG,IB_LOW_FADE_LONG,"real: stop=41 target=50",115,123,39.02,50.41,10.57,83.27,123
IB_LOW,LONG,IB_LOW_FADE_LONG,"real: stop=41 target=50",120,123,39.02,51.22,9.76,78.28,123
IB_LOW,LONG,IB_LOW_FADE_LONG,"real: stop=41 target=50",125,123,43.90,45.53,10.57,100.87,123
IB_LOW,LONG,IB_LOW_FADE_LONG,"real: stop=41 target=50",130,123,39.02,50.41,10.57,112.31,123
IB_LOW,LONG,IB_LOW_FADE_LONG,"real: stop=41 target=50",135,123,38.21,49.59,12.20,97.28,123
IB_LOW,LONG,IB_LOW_FADE_LONG,"real: stop=41 target=50",140,123,35.77,52.03,12.20,99.03,123
IB_LOW,LONG,IB_LOW_FADE_LONG,"real: stop=41 target=50",145,123,41.46,47.97,10.57,97.54,123
IB_LOW,LONG,IB_LOW_FADE_LONG,"real: stop=41 target=50",150,122,38.52,46.72,14.75,106.62,122
IB_LOW,LONG,IB_LOW_FADE_LONG,"real: stop=41 target=50",155,122,33.61,50.00,16.39,99.60,122
IB_LOW,LONG,IB_LOW_FADE_LONG,"real: stop=41 target=50",160,122,31.97,53.28,14.75,114.05,122
IB_LOW,LONG,IB_LOW_FADE_LONG,"real: stop=41 target=50",165,122,31.15,49.18,19.67,106.36,122
IB_LOW,LONG,IB_LOW_FADE_LONG,"real: stop=41 target=50",170,122,30.33,47.54,22.13,85.97,122
IB_LOW,LONG,IB_LOW_FADE_LONG,"real: stop=41 target=50",175,121,33.06,45.45,21.49,83.27,121
IB_LOW,LONG,IB_LOW_FADE_LONG,"real: stop=41 target=50",180,121,37.19,41.32,21.49,80.91,121
IB_LOW,LONG,IB_LOW_FADE_LONG,"real: stop=41 target=50",185,121,41.32,36.36,22.31,88.98,121
IB_LOW,LONG,IB_LOW_FADE_LONG,"real: stop=41 target=50",190,121,33.88,41.32,24.79,84.69,121
IB_LOW,LONG,IB_LOW_FADE_LONG,"real: stop=41 target=50",195,121,38.02,37.19,24.79,83.44,121
IB_LOW,LONG,IB_LOW_FADE_LONG,"real: stop=41 target=50",200,121,33.88,38.84,27.27,89.82,121
IB_LOW,LONG,IB_LOW_FADE_LONG,"real: stop=41 target=50",205,120,35.83,34.17,30.00,83.92,120
IB_LOW,LONG,IB_LOW_FADE_LONG,"real: stop=41 target=50",210,120,28.33,40.83,30.83,74.73,120
IB_LOW,LONG,IB_LOW_FADE_LONG,"real: stop=41 target=50",215,120,25.00,40.83,34.17,80.11,120
IB_LOW,LONG,IB_LOW_FADE_LONG,"real: stop=41 target=50",220,120,24.17,40.00,35.83,65.02,120
IB_LOW,LONG,IB_LOW_FADE_LONG,"real: stop=41 target=50",225,120,20.83,39.17,40.00,78.26,120
IB_LOW,LONG,IB_LOW_FADE_LONG,"real: stop=41 target=50",230,119,19.33,42.86,37.82,73.12,119
IB_LOW,LONG,IB_LOW_FADE_LONG,"real: stop=41 target=50",235,119,21.01,41.18,37.82,36.77,119
IB_LOW,LONG,IB_LOW_FADE_LONG,"real: stop=41 target=50",240,118,23.73,35.59,40.68,76.03,118
OR5_MID,LONG,OR5_MID_FADE_LONG,"real: stop=23 target=50",0,186,27.96,72.04,0.00,156.36,186
OR5_MID,LONG,OR5_MID_FADE_LONG,"real: stop=23 target=50",5,137,27.01,72.99,0.00,121.36,137
OR5_MID,LONG,OR5_MID_FADE_LONG,"real: stop=23 target=50",10,167,29.34,70.66,0.00,175.64,167
OR5_MID,LONG,OR5_MID_FADE_LONG,"real: stop=23 target=50",15,171,19.30,80.70,0.00,122.18,171
OR5_MID,LONG,OR5_MID_FADE_LONG,"real: stop=23 target=50",20,176,28.98,71.02,0.00,153.06,176
OR5_MID,LONG,OR5_MID_FADE_LONG,"real: stop=23 target=50",25,180,27.22,72.78,0.00,152.65,180
OR5_MID,LONG,OR5_MID_FADE_LONG,"real: stop=23 target=50",30,181,26.52,73.48,0.00,132.17,181
OR5_MID,LONG,OR5_MID_FADE_LONG,"real: stop=23 target=50",35,181,26.52,73.48,0.00,146.47,181
OR5_MID,LONG,OR5_MID_FADE_LONG,"real: stop=23 target=50",40,183,28.96,71.04,0.00,127.52,183
OR5_MID,LONG,OR5_MID_FADE_LONG,"real: stop=23 target=50",45,183,29.51,69.95,0.55,107.26,183
OR5_MID,LONG,OR5_MID_FADE_LONG,"real: stop=23 target=50",50,183,33.88,66.12,0.00,146.65,183
OR5_MID,LONG,OR5_MID_FADE_LONG,"real: stop=23 target=50",55,183,28.42,71.04,0.55,142.84,183
OR5_MID,LONG,OR5_MID_FADE_LONG,"real: stop=23 target=50",60,183,29.51,69.95,0.55,115.68,183
OR5_MID,LONG,OR5_MID_FADE_LONG,"real: stop=23 target=50",65,183,32.24,67.21,0.55,114.48,183
OR5_MID,LONG,OR5_MID_FADE_LONG,"real: stop=23 target=50",70,183,28.96,69.95,1.09,116.45,183
OR5_MID,LONG,OR5_MID_FADE_LONG,"real: stop=23 target=50",75,183,26.23,73.22,0.55,92.01,183
OR5_MID,LONG,OR5_MID_FADE_LONG,"real: stop=23 target=50",80,183,25.14,73.77,1.09,108.23,183
OR5_MID,LONG,OR5_MID_FADE_LONG,"real: stop=23 target=50",85,184,21.20,76.63,2.17,94.87,184
OR5_MID,LONG,OR5_MID_FADE_LONG,"real: stop=23 target=50",90,184,22.28,76.63,1.09,103.65,184
OR5_MID,LONG,OR5_MID_FADE_LONG,"real: stop=23 target=50",95,184,23.91,75.00,1.09,97.83,184
OR5_MID,LONG,OR5_MID_FADE_LONG,"real: stop=23 target=50",100,184,28.26,70.11,1.63,108.78,184
OR5_MID,LONG,OR5_MID_FADE_LONG,"real: stop=23 target=50",105,184,23.37,76.09,0.54,104.27,184
OR5_MID,LONG,OR5_MID_FADE_LONG,"real: stop=23 target=50",110,184,23.37,75.00,1.63,100.59,184
OR5_MID,LONG,OR5_MID_FADE_LONG,"real: stop=23 target=50",115,184,33.15,65.76,1.09,89.85,184
OR5_MID,LONG,OR5_MID_FADE_LONG,"real: stop=23 target=50",120,184,27.17,71.20,1.63,100.52,184
OR5_MID,LONG,OR5_MID_FADE_LONG,"real: stop=23 target=50",125,184,30.98,67.39,1.63,104.03,184
OR5_MID,LONG,OR5_MID_FADE_LONG,"real: stop=23 target=50",130,184,24.46,73.91,1.63,101.83,184
OR5_MID,LONG,OR5_MID_FADE_LONG,"real: stop=23 target=50",135,184,21.20,76.63,2.17,83.82,184
OR5_MID,LONG,OR5_MID_FADE_LONG,"real: stop=23 target=50",140,184,28.26,70.11,1.63,96.98,184
OR5_MID,LONG,OR5_MID_FADE_LONG,"real: stop=23 target=50",145,184,30.43,67.93,1.63,96.69,184
OR5_MID,LONG,OR5_MID_FADE_LONG,"real: stop=23 target=50",150,184,31.52,66.30,2.17,71.30,184
OR5_MID,LONG,OR5_MID_FADE_LONG,"real: stop=23 target=50",155,184,25.54,71.74,2.72,79.35,184
OR5_MID,LONG,OR5_MID_FADE_LONG,"real: stop=23 target=50",160,184,30.98,65.76,3.26,90.25,184
OR5_MID,LONG,OR5_MID_FADE_LONG,"real: stop=23 target=50",165,184,22.28,75.00,2.72,68.59,184
OR5_MID,LONG,OR5_MID_FADE_LONG,"real: stop=23 target=50",170,184,26.09,70.65,3.26,75.65,184
OR5_MID,LONG,OR5_MID_FADE_LONG,"real: stop=23 target=50",175,184,26.09,70.11,3.80,75.38,184
OR5_MID,LONG,OR5_MID_FADE_LONG,"real: stop=23 target=50",180,184,28.80,68.48,2.72,95.27,184
OR5_MID,LONG,OR5_MID_FADE_LONG,"real: stop=23 target=50",185,184,25.00,72.28,2.72,71.69,184
OR5_MID,LONG,OR5_MID_FADE_LONG,"real: stop=23 target=50",190,184,19.02,76.63,4.35,69.67,184
OR5_MID,LONG,OR5_MID_FADE_LONG,"real: stop=23 target=50",195,184,24.46,71.74,3.80,96.45,184
OR5_MID,LONG,OR5_MID_FADE_LONG,"real: stop=23 target=50",200,184,28.80,67.93,3.26,72.50,184
OR5_MID,LONG,OR5_MID_FADE_LONG,"real: stop=23 target=50",205,182,29.12,64.84,6.04,81.37,182
OR5_MID,LONG,OR5_MID_FADE_LONG,"real: stop=23 target=50",210,182,33.52,59.34,7.14,85.25,182
OR5_MID,LONG,OR5_MID_FADE_LONG,"real: stop=23 target=50",215,182,28.02,65.38,6.59,79.62,182
OR5_MID,LONG,OR5_MID_FADE_LONG,"real: stop=23 target=50",220,181,25.97,66.30,7.73,79.52,181
OR5_MID,LONG,OR5_MID_FADE_LONG,"real: stop=23 target=50",225,181,27.07,65.19,7.73,84.31,181
OR5_MID,LONG,OR5_MID_FADE_LONG,"real: stop=23 target=50",230,181,25.41,65.75,8.84,75.17,181
OR5_MID,LONG,OR5_MID_FADE_LONG,"real: stop=23 target=50",235,181,26.52,66.30,7.18,56.34,181
OR5_MID,LONG,OR5_MID_FADE_LONG,"real: stop=23 target=50",240,181,23.76,67.96,8.29,70.67,181
OR5_MID,SHORT,OR5_MID_FADE_SHORT,"real: stop=21 target=40",0,186,34.95,65.05,0.00,172.24,186
OR5_MID,SHORT,OR5_MID_FADE_SHORT,"real: stop=21 target=40",5,120,39.17,60.83,0.00,213.07,120
OR5_MID,SHORT,OR5_MID_FADE_SHORT,"real: stop=21 target=40",10,153,33.99,66.01,0.00,232.61,153
OR5_MID,SHORT,OR5_MID_FADE_SHORT,"real: stop=21 target=40",15,167,37.72,62.28,0.00,185.74,167
OR5_MID,SHORT,OR5_MID_FADE_SHORT,"real: stop=21 target=40",20,170,37.06,62.94,0.00,165.61,170
OR5_MID,SHORT,OR5_MID_FADE_SHORT,"real: stop=21 target=40",25,175,28.57,71.43,0.00,162.89,175
OR5_MID,SHORT,OR5_MID_FADE_SHORT,"real: stop=21 target=40",30,178,34.83,65.17,0.00,155.37,178
OR5_MID,SHORT,OR5_MID_FADE_SHORT,"real: stop=21 target=40",35,178,28.65,70.79,0.56,191.39,178
OR5_MID,SHORT,OR5_MID_FADE_SHORT,"real: stop=21 target=40",40,180,30.00,70.00,0.00,130.31,180
OR5_MID,SHORT,OR5_MID_FADE_SHORT,"real: stop=21 target=40",45,181,31.49,68.51,0.00,183.23,181
OR5_MID,SHORT,OR5_MID_FADE_SHORT,"real: stop=21 target=40",50,181,24.86,75.14,0.00,145.38,181
OR5_MID,SHORT,OR5_MID_FADE_SHORT,"real: stop=21 target=40",55,181,29.83,70.17,0.00,168.56,181
OR5_MID,SHORT,OR5_MID_FADE_SHORT,"real: stop=21 target=40",60,181,32.60,67.40,0.00,152.89,181
OR5_MID,SHORT,OR5_MID_FADE_SHORT,"real: stop=21 target=40",65,181,27.62,72.38,0.00,148.82,181
OR5_MID,SHORT,OR5_MID_FADE_SHORT,"real: stop=21 target=40",70,181,23.20,76.80,0.00,171.97,181
OR5_MID,SHORT,OR5_MID_FADE_SHORT,"real: stop=21 target=40",75,182,31.32,68.13,0.55,138.14,182
OR5_MID,SHORT,OR5_MID_FADE_SHORT,"real: stop=21 target=40",80,182,31.32,67.58,1.10,177.10,182
OR5_MID,SHORT,OR5_MID_FADE_SHORT,"real: stop=21 target=40",85,182,31.32,67.58,1.10,148.40,182
OR5_MID,SHORT,OR5_MID_FADE_SHORT,"real: stop=21 target=40",90,183,34.97,62.84,2.19,167.34,183
OR5_MID,SHORT,OR5_MID_FADE_SHORT,"real: stop=21 target=40",95,183,30.60,66.67,2.73,111.34,183
OR5_MID,SHORT,OR5_MID_FADE_SHORT,"real: stop=21 target=40",100,183,27.87,70.49,1.64,142.63,183
OR5_MID,SHORT,OR5_MID_FADE_SHORT,"real: stop=21 target=40",105,182,33.52,64.84,1.65,133.26,182
OR5_MID,SHORT,OR5_MID_FADE_SHORT,"real: stop=21 target=40",110,182,34.62,64.29,1.10,131.87,182
OR5_MID,SHORT,OR5_MID_FADE_SHORT,"real: stop=21 target=40",115,182,32.42,66.48,1.10,119.84,182
OR5_MID,SHORT,OR5_MID_FADE_SHORT,"real: stop=21 target=40",120,182,31.87,67.03,1.10,161.72,182
OR5_MID,SHORT,OR5_MID_FADE_SHORT,"real: stop=21 target=40",125,182,28.57,70.88,0.55,122.30,182
OR5_MID,SHORT,OR5_MID_FADE_SHORT,"real: stop=21 target=40",130,182,25.27,73.63,1.10,138.35,182
OR5_MID,SHORT,OR5_MID_FADE_SHORT,"real: stop=21 target=40",135,182,32.97,66.48,0.55,134.81,182
OR5_MID,SHORT,OR5_MID_FADE_SHORT,"real: stop=21 target=40",140,182,26.92,71.98,1.10,154.02,182
OR5_MID,SHORT,OR5_MID_FADE_SHORT,"real: stop=21 target=40",145,182,29.12,69.23,1.65,129.10,182
OR5_MID,SHORT,OR5_MID_FADE_SHORT,"real: stop=21 target=40",150,182,30.22,68.68,1.10,115.91,182
OR5_MID,SHORT,OR5_MID_FADE_SHORT,"real: stop=21 target=40",155,182,28.57,69.78,1.65,127.44,182
OR5_MID,SHORT,OR5_MID_FADE_SHORT,"real: stop=21 target=40",160,182,26.37,72.53,1.10,107.08,182
OR5_MID,SHORT,OR5_MID_FADE_SHORT,"real: stop=21 target=40",165,182,34.07,64.29,1.65,100.23,182
OR5_MID,SHORT,OR5_MID_FADE_SHORT,"real: stop=21 target=40",170,182,29.67,69.23,1.10,104.81,182
OR5_MID,SHORT,OR5_MID_FADE_SHORT,"real: stop=21 target=40",175,182,34.07,64.84,1.10,91.33,182
OR5_MID,SHORT,OR5_MID_FADE_SHORT,"real: stop=21 target=40",180,182,25.82,73.08,1.10,121.86,182
OR5_MID,SHORT,OR5_MID_FADE_SHORT,"real: stop=21 target=40",185,182,31.32,68.13,0.55,116.05,182
OR5_MID,SHORT,OR5_MID_FADE_SHORT,"real: stop=21 target=40",190,182,29.12,69.23,1.65,116.77,182
OR5_MID,SHORT,OR5_MID_FADE_SHORT,"real: stop=21 target=40",195,182,31.32,66.48,2.20,99.79,182
OR5_MID,SHORT,OR5_MID_FADE_SHORT,"real: stop=21 target=40",200,183,36.07,61.20,2.73,98.42,183
OR5_MID,SHORT,OR5_MID_FADE_SHORT,"real: stop=21 target=40",205,181,29.28,67.40,3.31,91.98,181
OR5_MID,SHORT,OR5_MID_FADE_SHORT,"real: stop=21 target=40",210,181,23.76,72.38,3.87,98.27,181
OR5_MID,SHORT,OR5_MID_FADE_SHORT,"real: stop=21 target=40",215,181,33.15,62.98,3.87,94.73,181
OR5_MID,SHORT,OR5_MID_FADE_SHORT,"real: stop=21 target=40",220,180,33.89,62.78,3.33,89.56,180
OR5_MID,SHORT,OR5_MID_FADE_SHORT,"real: stop=21 target=40",225,180,31.67,64.44,3.89,86.02,180
OR5_MID,SHORT,OR5_MID_FADE_SHORT,"real: stop=21 target=40",230,180,31.67,63.89,4.44,86.60,180
OR5_MID,SHORT,OR5_MID_FADE_SHORT,"real: stop=21 target=40",235,180,35.00,61.11,3.89,97.96,180
OR5_MID,SHORT,OR5_MID_FADE_SHORT,"real: stop=21 target=40",240,180,30.00,64.44,5.56,90.71,180
OR10_LOW,LONG,OR10_LOW_FADE_LONG,"fallback 1x ATR",0,15,0.00,0.00,100.00,,15
OR10_LOW,LONG,OR10_LOW_FADE_LONG,"fallback 1x ATR",5,15,0.00,0.00,100.00,,15
OR10_LOW,LONG,OR10_LOW_FADE_LONG,"fallback 1x ATR",10,15,0.00,0.00,100.00,,15
OR10_LOW,LONG,OR10_LOW_FADE_LONG,"fallback 1x ATR",15,15,0.00,0.00,100.00,,15
OR10_LOW,LONG,OR10_LOW_FADE_LONG,"fallback 1x ATR",20,15,0.00,0.00,100.00,,15
OR10_LOW,LONG,OR10_LOW_FADE_LONG,"fallback 1x ATR",25,15,0.00,0.00,100.00,,15
OR10_LOW,LONG,OR10_LOW_FADE_LONG,"fallback 1x ATR",30,15,0.00,0.00,100.00,,15
OR10_LOW,LONG,OR10_LOW_FADE_LONG,"fallback 1x ATR",35,15,0.00,0.00,100.00,,15
OR10_LOW,LONG,OR10_LOW_FADE_LONG,"fallback 1x ATR",40,15,0.00,0.00,100.00,,15
OR10_LOW,LONG,OR10_LOW_FADE_LONG,"fallback 1x ATR",45,15,0.00,0.00,100.00,,15
OR10_LOW,LONG,OR10_LOW_FADE_LONG,"fallback 1x ATR",50,15,0.00,6.67,93.33,,15
OR10_LOW,LONG,OR10_LOW_FADE_LONG,"fallback 1x ATR",55,15,0.00,6.67,93.33,,15
OR10_LOW,LONG,OR10_LOW_FADE_LONG,"fallback 1x ATR",60,15,0.00,0.00,100.00,,15
OR10_LOW,LONG,OR10_LOW_FADE_LONG,"fallback 1x ATR",65,15,0.00,0.00,100.00,,15
OR10_LOW,LONG,OR10_LOW_FADE_LONG,"fallback 1x ATR",70,15,0.00,0.00,100.00,,15
OR10_LOW,LONG,OR10_LOW_FADE_LONG,"fallback 1x ATR",75,15,0.00,0.00,100.00,,15
OR10_LOW,LONG,OR10_LOW_FADE_LONG,"fallback 1x ATR",80,15,0.00,0.00,100.00,,15
OR10_LOW,LONG,OR10_LOW_FADE_LONG,"fallback 1x ATR",85,15,0.00,0.00,100.00,,15
OR10_LOW,LONG,OR10_LOW_FADE_LONG,"fallback 1x ATR",90,15,0.00,0.00,100.00,,15
OR10_LOW,LONG,OR10_LOW_FADE_LONG,"fallback 1x ATR",95,15,0.00,0.00,100.00,,15
OR10_LOW,LONG,OR10_LOW_FADE_LONG,"fallback 1x ATR",100,15,0.00,0.00,100.00,,15
OR10_LOW,LONG,OR10_LOW_FADE_LONG,"fallback 1x ATR",105,15,0.00,0.00,100.00,,15
OR10_LOW,LONG,OR10_LOW_FADE_LONG,"fallback 1x ATR",110,15,0.00,0.00,100.00,,15
OR10_LOW,LONG,OR10_LOW_FADE_LONG,"fallback 1x ATR",115,15,0.00,0.00,100.00,,15
OR10_LOW,LONG,OR10_LOW_FADE_LONG,"fallback 1x ATR",120,15,0.00,0.00,100.00,,15
OR10_LOW,LONG,OR10_LOW_FADE_LONG,"fallback 1x ATR",125,15,0.00,0.00,100.00,,15
OR10_LOW,LONG,OR10_LOW_FADE_LONG,"fallback 1x ATR",130,15,0.00,0.00,100.00,,15
OR10_LOW,LONG,OR10_LOW_FADE_LONG,"fallback 1x ATR",135,15,0.00,0.00,100.00,,15
OR10_LOW,LONG,OR10_LOW_FADE_LONG,"fallback 1x ATR",140,15,0.00,0.00,100.00,,15
OR10_LOW,LONG,OR10_LOW_FADE_LONG,"fallback 1x ATR",145,15,0.00,0.00,100.00,,15
OR10_LOW,LONG,OR10_LOW_FADE_LONG,"fallback 1x ATR",150,15,0.00,0.00,100.00,,15
OR10_LOW,LONG,OR10_LOW_FADE_LONG,"fallback 1x ATR",155,15,0.00,0.00,100.00,,15
OR10_LOW,LONG,OR10_LOW_FADE_LONG,"fallback 1x ATR",160,15,0.00,0.00,100.00,,15
OR10_LOW,LONG,OR10_LOW_FADE_LONG,"fallback 1x ATR",165,15,0.00,0.00,100.00,,15
OR10_LOW,LONG,OR10_LOW_FADE_LONG,"fallback 1x ATR",170,15,0.00,0.00,100.00,,15
OR10_LOW,LONG,OR10_LOW_FADE_LONG,"fallback 1x ATR",175,15,0.00,0.00,100.00,,15
OR10_LOW,LONG,OR10_LOW_FADE_LONG,"fallback 1x ATR",180,15,0.00,0.00,100.00,,15
OR10_LOW,LONG,OR10_LOW_FADE_LONG,"fallback 1x ATR",185,15,0.00,0.00,100.00,,15
OR10_LOW,LONG,OR10_LOW_FADE_LONG,"fallback 1x ATR",190,15,0.00,0.00,100.00,,15
OR10_LOW,LONG,OR10_LOW_FADE_LONG,"fallback 1x ATR",195,15,0.00,0.00,100.00,,15
OR10_LOW,LONG,OR10_LOW_FADE_LONG,"fallback 1x ATR",200,15,0.00,0.00,100.00,,15
OR10_LOW,LONG,OR10_LOW_FADE_LONG,"fallback 1x ATR",205,15,0.00,0.00,100.00,,15
OR10_LOW,LONG,OR10_LOW_FADE_LONG,"fallback 1x ATR",210,15,0.00,0.00,100.00,,15
OR10_LOW,LONG,OR10_LOW_FADE_LONG,"fallback 1x ATR",215,15,0.00,0.00,100.00,,15
OR10_LOW,LONG,OR10_LOW_FADE_LONG,"fallback 1x ATR",220,15,0.00,0.00,100.00,,15
OR10_LOW,LONG,OR10_LOW_FADE_LONG,"fallback 1x ATR",225,15,0.00,0.00,100.00,,15
OR10_LOW,LONG,OR10_LOW_FADE_LONG,"fallback 1x ATR",230,15,0.00,0.00,100.00,,15
OR10_LOW,LONG,OR10_LOW_FADE_LONG,"fallback 1x ATR",235,15,0.00,0.00,100.00,,15
OR10_LOW,LONG,OR10_LOW_FADE_LONG,"fallback 1x ATR",240,15,0.00,0.00,100.00,,15
OR10_MID,LONG,OR10_MID_FADE_LONG,"fallback 1x ATR",0,16,6.25,0.00,93.75,37.21,16
OR10_MID,LONG,OR10_MID_FADE_LONG,"fallback 1x ATR",5,0,,,,,
OR10_MID,LONG,OR10_MID_FADE_LONG,"fallback 1x ATR",10,0,,,,,
OR10_MID,LONG,OR10_MID_FADE_LONG,"fallback 1x ATR",15,0,,,,,
OR10_MID,LONG,OR10_MID_FADE_LONG,"fallback 1x ATR",20,0,,,,,
OR10_MID,LONG,OR10_MID_FADE_LONG,"fallback 1x ATR",25,0,,,,,
OR10_MID,LONG,OR10_MID_FADE_LONG,"fallback 1x ATR",30,0,,,,,
OR10_MID,LONG,OR10_MID_FADE_LONG,"fallback 1x ATR",35,0,,,,,
OR10_MID,LONG,OR10_MID_FADE_LONG,"fallback 1x ATR",40,0,,,,,
OR10_MID,LONG,OR10_MID_FADE_LONG,"fallback 1x ATR",45,0,,,,,
OR10_MID,LONG,OR10_MID_FADE_LONG,"fallback 1x ATR",50,0,,,,,
OR10_MID,LONG,OR10_MID_FADE_LONG,"fallback 1x ATR",55,0,,,,,
OR10_MID,LONG,OR10_MID_FADE_LONG,"fallback 1x ATR",60,0,,,,,
OR10_MID,LONG,OR10_MID_FADE_LONG,"fallback 1x ATR",65,0,,,,,
OR10_MID,LONG,OR10_MID_FADE_LONG,"fallback 1x ATR",70,0,,,,,
OR10_MID,LONG,OR10_MID_FADE_LONG,"fallback 1x ATR",75,0,,,,,
OR10_MID,LONG,OR10_MID_FADE_LONG,"fallback 1x ATR",80,0,,,,,
OR10_MID,LONG,OR10_MID_FADE_LONG,"fallback 1x ATR",85,0,,,,,
OR10_MID,LONG,OR10_MID_FADE_LONG,"fallback 1x ATR",90,0,,,,,
OR10_MID,LONG,OR10_MID_FADE_LONG,"fallback 1x ATR",95,0,,,,,
OR10_MID,LONG,OR10_MID_FADE_LONG,"fallback 1x ATR",100,0,,,,,
OR10_MID,LONG,OR10_MID_FADE_LONG,"fallback 1x ATR",105,0,,,,,
OR10_MID,LONG,OR10_MID_FADE_LONG,"fallback 1x ATR",110,0,,,,,
OR10_MID,LONG,OR10_MID_FADE_LONG,"fallback 1x ATR",115,0,,,,,
OR10_MID,LONG,OR10_MID_FADE_LONG,"fallback 1x ATR",120,0,,,,,
OR10_MID,LONG,OR10_MID_FADE_LONG,"fallback 1x ATR",125,0,,,,,
OR10_MID,LONG,OR10_MID_FADE_LONG,"fallback 1x ATR",130,0,,,,,
OR10_MID,LONG,OR10_MID_FADE_LONG,"fallback 1x ATR",135,0,,,,,
OR10_MID,LONG,OR10_MID_FADE_LONG,"fallback 1x ATR",140,0,,,,,
OR10_MID,LONG,OR10_MID_FADE_LONG,"fallback 1x ATR",145,0,,,,,
OR10_MID,LONG,OR10_MID_FADE_LONG,"fallback 1x ATR",150,0,,,,,
OR10_MID,LONG,OR10_MID_FADE_LONG,"fallback 1x ATR",155,0,,,,,
OR10_MID,LONG,OR10_MID_FADE_LONG,"fallback 1x ATR",160,0,,,,,
OR10_MID,LONG,OR10_MID_FADE_LONG,"fallback 1x ATR",165,0,,,,,
OR10_MID,LONG,OR10_MID_FADE_LONG,"fallback 1x ATR",170,0,,,,,
OR10_MID,LONG,OR10_MID_FADE_LONG,"fallback 1x ATR",175,0,,,,,
OR10_MID,LONG,OR10_MID_FADE_LONG,"fallback 1x ATR",180,0,,,,,
OR10_MID,LONG,OR10_MID_FADE_LONG,"fallback 1x ATR",185,0,,,,,
OR10_MID,LONG,OR10_MID_FADE_LONG,"fallback 1x ATR",190,0,,,,,
OR10_MID,LONG,OR10_MID_FADE_LONG,"fallback 1x ATR",195,0,,,,,
OR10_MID,LONG,OR10_MID_FADE_LONG,"fallback 1x ATR",200,0,,,,,
OR10_MID,LONG,OR10_MID_FADE_LONG,"fallback 1x ATR",205,0,,,,,
OR10_MID,LONG,OR10_MID_FADE_LONG,"fallback 1x ATR",210,0,,,,,
OR10_MID,LONG,OR10_MID_FADE_LONG,"fallback 1x ATR",215,0,,,,,
OR10_MID,LONG,OR10_MID_FADE_LONG,"fallback 1x ATR",220,0,,,,,
OR10_MID,LONG,OR10_MID_FADE_LONG,"fallback 1x ATR",225,0,,,,,
OR10_MID,LONG,OR10_MID_FADE_LONG,"fallback 1x ATR",230,1,0.00,0.00,100.00,,1
OR10_MID,LONG,OR10_MID_FADE_LONG,"fallback 1x ATR",235,1,0.00,0.00,100.00,,1
OR10_MID,LONG,OR10_MID_FADE_LONG,"fallback 1x ATR",240,1,0.00,0.00,100.00,,1
OR10_MID,SHORT,OR10_MID_FADE_SHORT,"fallback 1x ATR",0,16,0.00,6.25,93.75,,16
OR10_MID,SHORT,OR10_MID_FADE_SHORT,"fallback 1x ATR",5,0,,,,,
OR10_MID,SHORT,OR10_MID_FADE_SHORT,"fallback 1x ATR",10,0,,,,,
OR10_MID,SHORT,OR10_MID_FADE_SHORT,"fallback 1x ATR",15,0,,,,,
OR10_MID,SHORT,OR10_MID_FADE_SHORT,"fallback 1x ATR",20,0,,,,,
OR10_MID,SHORT,OR10_MID_FADE_SHORT,"fallback 1x ATR",25,0,,,,,
OR10_MID,SHORT,OR10_MID_FADE_SHORT,"fallback 1x ATR",30,0,,,,,
OR10_MID,SHORT,OR10_MID_FADE_SHORT,"fallback 1x ATR",35,0,,,,,
OR10_MID,SHORT,OR10_MID_FADE_SHORT,"fallback 1x ATR",40,0,,,,,
OR10_MID,SHORT,OR10_MID_FADE_SHORT,"fallback 1x ATR",45,0,,,,,
OR10_MID,SHORT,OR10_MID_FADE_SHORT,"fallback 1x ATR",50,0,,,,,
OR10_MID,SHORT,OR10_MID_FADE_SHORT,"fallback 1x ATR",55,0,,,,,
OR10_MID,SHORT,OR10_MID_FADE_SHORT,"fallback 1x ATR",60,0,,,,,
OR10_MID,SHORT,OR10_MID_FADE_SHORT,"fallback 1x ATR",65,0,,,,,
OR10_MID,SHORT,OR10_MID_FADE_SHORT,"fallback 1x ATR",70,0,,,,,
OR10_MID,SHORT,OR10_MID_FADE_SHORT,"fallback 1x ATR",75,0,,,,,
OR10_MID,SHORT,OR10_MID_FADE_SHORT,"fallback 1x ATR",80,0,,,,,
OR10_MID,SHORT,OR10_MID_FADE_SHORT,"fallback 1x ATR",85,0,,,,,
OR10_MID,SHORT,OR10_MID_FADE_SHORT,"fallback 1x ATR",90,0,,,,,
OR10_MID,SHORT,OR10_MID_FADE_SHORT,"fallback 1x ATR",95,0,,,,,
OR10_MID,SHORT,OR10_MID_FADE_SHORT,"fallback 1x ATR",100,0,,,,,
OR10_MID,SHORT,OR10_MID_FADE_SHORT,"fallback 1x ATR",105,0,,,,,
OR10_MID,SHORT,OR10_MID_FADE_SHORT,"fallback 1x ATR",110,0,,,,,
OR10_MID,SHORT,OR10_MID_FADE_SHORT,"fallback 1x ATR",115,0,,,,,
OR10_MID,SHORT,OR10_MID_FADE_SHORT,"fallback 1x ATR",120,0,,,,,
OR10_MID,SHORT,OR10_MID_FADE_SHORT,"fallback 1x ATR",125,0,,,,,
OR10_MID,SHORT,OR10_MID_FADE_SHORT,"fallback 1x ATR",130,0,,,,,
OR10_MID,SHORT,OR10_MID_FADE_SHORT,"fallback 1x ATR",135,0,,,,,
OR10_MID,SHORT,OR10_MID_FADE_SHORT,"fallback 1x ATR",140,0,,,,,
OR10_MID,SHORT,OR10_MID_FADE_SHORT,"fallback 1x ATR",145,0,,,,,
OR10_MID,SHORT,OR10_MID_FADE_SHORT,"fallback 1x ATR",150,0,,,,,
OR10_MID,SHORT,OR10_MID_FADE_SHORT,"fallback 1x ATR",155,0,,,,,
OR10_MID,SHORT,OR10_MID_FADE_SHORT,"fallback 1x ATR",160,0,,,,,
OR10_MID,SHORT,OR10_MID_FADE_SHORT,"fallback 1x ATR",165,0,,,,,
OR10_MID,SHORT,OR10_MID_FADE_SHORT,"fallback 1x ATR",170,0,,,,,
OR10_MID,SHORT,OR10_MID_FADE_SHORT,"fallback 1x ATR",175,0,,,,,
OR10_MID,SHORT,OR10_MID_FADE_SHORT,"fallback 1x ATR",180,0,,,,,
OR10_MID,SHORT,OR10_MID_FADE_SHORT,"fallback 1x ATR",185,0,,,,,
OR10_MID,SHORT,OR10_MID_FADE_SHORT,"fallback 1x ATR",190,0,,,,,
OR10_MID,SHORT,OR10_MID_FADE_SHORT,"fallback 1x ATR",195,0,,,,,
OR10_MID,SHORT,OR10_MID_FADE_SHORT,"fallback 1x ATR",200,0,,,,,
OR10_MID,SHORT,OR10_MID_FADE_SHORT,"fallback 1x ATR",205,0,,,,,
OR10_MID,SHORT,OR10_MID_FADE_SHORT,"fallback 1x ATR",210,0,,,,,
OR10_MID,SHORT,OR10_MID_FADE_SHORT,"fallback 1x ATR",215,0,,,,,
OR10_MID,SHORT,OR10_MID_FADE_SHORT,"fallback 1x ATR",220,0,,,,,
OR10_MID,SHORT,OR10_MID_FADE_SHORT,"fallback 1x ATR",225,0,,,,,
OR10_MID,SHORT,OR10_MID_FADE_SHORT,"fallback 1x ATR",230,1,0.00,0.00,100.00,,1
OR10_MID,SHORT,OR10_MID_FADE_SHORT,"fallback 1x ATR",235,1,0.00,0.00,100.00,,1
OR10_MID,SHORT,OR10_MID_FADE_SHORT,"fallback 1x ATR",240,1,0.00,0.00,100.00,,1
OR15_LOW,LONG,OR15_LOW_FADE_LONG,"fallback 1x ATR",0,15,0.00,0.00,100.00,,15
OR15_LOW,LONG,OR15_LOW_FADE_LONG,"fallback 1x ATR",5,15,0.00,0.00,100.00,,15
OR15_LOW,LONG,OR15_LOW_FADE_LONG,"fallback 1x ATR",10,15,0.00,0.00,100.00,,15
OR15_LOW,LONG,OR15_LOW_FADE_LONG,"fallback 1x ATR",15,15,0.00,0.00,100.00,,15
OR15_LOW,LONG,OR15_LOW_FADE_LONG,"fallback 1x ATR",20,15,0.00,0.00,100.00,,15
OR15_LOW,LONG,OR15_LOW_FADE_LONG,"fallback 1x ATR",25,15,0.00,0.00,100.00,,15
OR15_LOW,LONG,OR15_LOW_FADE_LONG,"fallback 1x ATR",30,15,0.00,0.00,100.00,,15
OR15_LOW,LONG,OR15_LOW_FADE_LONG,"fallback 1x ATR",35,15,0.00,0.00,100.00,,15
OR15_LOW,LONG,OR15_LOW_FADE_LONG,"fallback 1x ATR",40,15,0.00,0.00,100.00,,15
OR15_LOW,LONG,OR15_LOW_FADE_LONG,"fallback 1x ATR",45,15,0.00,0.00,100.00,,15
OR15_LOW,LONG,OR15_LOW_FADE_LONG,"fallback 1x ATR",50,15,0.00,6.67,93.33,,15
OR15_LOW,LONG,OR15_LOW_FADE_LONG,"fallback 1x ATR",55,15,0.00,6.67,93.33,,15
OR15_LOW,LONG,OR15_LOW_FADE_LONG,"fallback 1x ATR",60,15,0.00,0.00,100.00,,15
OR15_LOW,LONG,OR15_LOW_FADE_LONG,"fallback 1x ATR",65,15,0.00,0.00,100.00,,15
OR15_LOW,LONG,OR15_LOW_FADE_LONG,"fallback 1x ATR",70,15,0.00,0.00,100.00,,15
OR15_LOW,LONG,OR15_LOW_FADE_LONG,"fallback 1x ATR",75,15,0.00,0.00,100.00,,15
OR15_LOW,LONG,OR15_LOW_FADE_LONG,"fallback 1x ATR",80,15,0.00,0.00,100.00,,15
OR15_LOW,LONG,OR15_LOW_FADE_LONG,"fallback 1x ATR",85,15,0.00,0.00,100.00,,15
OR15_LOW,LONG,OR15_LOW_FADE_LONG,"fallback 1x ATR",90,15,0.00,0.00,100.00,,15
OR15_LOW,LONG,OR15_LOW_FADE_LONG,"fallback 1x ATR",95,15,0.00,0.00,100.00,,15
OR15_LOW,LONG,OR15_LOW_FADE_LONG,"fallback 1x ATR",100,15,0.00,0.00,100.00,,15
OR15_LOW,LONG,OR15_LOW_FADE_LONG,"fallback 1x ATR",105,15,0.00,0.00,100.00,,15
OR15_LOW,LONG,OR15_LOW_FADE_LONG,"fallback 1x ATR",110,15,0.00,0.00,100.00,,15
OR15_LOW,LONG,OR15_LOW_FADE_LONG,"fallback 1x ATR",115,15,0.00,0.00,100.00,,15
OR15_LOW,LONG,OR15_LOW_FADE_LONG,"fallback 1x ATR",120,15,0.00,0.00,100.00,,15
OR15_LOW,LONG,OR15_LOW_FADE_LONG,"fallback 1x ATR",125,15,0.00,0.00,100.00,,15
OR15_LOW,LONG,OR15_LOW_FADE_LONG,"fallback 1x ATR",130,15,0.00,0.00,100.00,,15
OR15_LOW,LONG,OR15_LOW_FADE_LONG,"fallback 1x ATR",135,15,0.00,0.00,100.00,,15
OR15_LOW,LONG,OR15_LOW_FADE_LONG,"fallback 1x ATR",140,15,0.00,0.00,100.00,,15
OR15_LOW,LONG,OR15_LOW_FADE_LONG,"fallback 1x ATR",145,15,0.00,0.00,100.00,,15
OR15_LOW,LONG,OR15_LOW_FADE_LONG,"fallback 1x ATR",150,15,0.00,0.00,100.00,,15
OR15_LOW,LONG,OR15_LOW_FADE_LONG,"fallback 1x ATR",155,15,0.00,0.00,100.00,,15
OR15_LOW,LONG,OR15_LOW_FADE_LONG,"fallback 1x ATR",160,15,0.00,0.00,100.00,,15
OR15_LOW,LONG,OR15_LOW_FADE_LONG,"fallback 1x ATR",165,15,0.00,0.00,100.00,,15
OR15_LOW,LONG,OR15_LOW_FADE_LONG,"fallback 1x ATR",170,15,0.00,0.00,100.00,,15
OR15_LOW,LONG,OR15_LOW_FADE_LONG,"fallback 1x ATR",175,15,0.00,0.00,100.00,,15
OR15_LOW,LONG,OR15_LOW_FADE_LONG,"fallback 1x ATR",180,15,0.00,0.00,100.00,,15
OR15_LOW,LONG,OR15_LOW_FADE_LONG,"fallback 1x ATR",185,15,0.00,0.00,100.00,,15
OR15_LOW,LONG,OR15_LOW_FADE_LONG,"fallback 1x ATR",190,15,0.00,0.00,100.00,,15
OR15_LOW,LONG,OR15_LOW_FADE_LONG,"fallback 1x ATR",195,15,0.00,0.00,100.00,,15
OR15_LOW,LONG,OR15_LOW_FADE_LONG,"fallback 1x ATR",200,15,0.00,0.00,100.00,,15
OR15_LOW,LONG,OR15_LOW_FADE_LONG,"fallback 1x ATR",205,15,0.00,0.00,100.00,,15
OR15_LOW,LONG,OR15_LOW_FADE_LONG,"fallback 1x ATR",210,15,0.00,0.00,100.00,,15
OR15_LOW,LONG,OR15_LOW_FADE_LONG,"fallback 1x ATR",215,15,0.00,0.00,100.00,,15
OR15_LOW,LONG,OR15_LOW_FADE_LONG,"fallback 1x ATR",220,15,0.00,0.00,100.00,,15
OR15_LOW,LONG,OR15_LOW_FADE_LONG,"fallback 1x ATR",225,15,0.00,0.00,100.00,,15
OR15_LOW,LONG,OR15_LOW_FADE_LONG,"fallback 1x ATR",230,15,0.00,0.00,100.00,,15
OR15_LOW,LONG,OR15_LOW_FADE_LONG,"fallback 1x ATR",235,15,0.00,0.00,100.00,,15
OR15_LOW,LONG,OR15_LOW_FADE_LONG,"fallback 1x ATR",240,15,0.00,0.00,100.00,,15
OR15_MID,LONG,OR15_MID_FADE_LONG,"fallback 1x ATR",0,16,6.25,0.00,93.75,37.21,16
OR15_MID,LONG,OR15_MID_FADE_LONG,"fallback 1x ATR",5,0,,,,,
OR15_MID,LONG,OR15_MID_FADE_LONG,"fallback 1x ATR",10,0,,,,,
OR15_MID,LONG,OR15_MID_FADE_LONG,"fallback 1x ATR",15,0,,,,,
OR15_MID,LONG,OR15_MID_FADE_LONG,"fallback 1x ATR",20,0,,,,,
OR15_MID,LONG,OR15_MID_FADE_LONG,"fallback 1x ATR",25,0,,,,,
OR15_MID,LONG,OR15_MID_FADE_LONG,"fallback 1x ATR",30,0,,,,,
OR15_MID,LONG,OR15_MID_FADE_LONG,"fallback 1x ATR",35,0,,,,,
OR15_MID,LONG,OR15_MID_FADE_LONG,"fallback 1x ATR",40,0,,,,,
OR15_MID,LONG,OR15_MID_FADE_LONG,"fallback 1x ATR",45,0,,,,,
OR15_MID,LONG,OR15_MID_FADE_LONG,"fallback 1x ATR",50,0,,,,,
OR15_MID,LONG,OR15_MID_FADE_LONG,"fallback 1x ATR",55,0,,,,,
OR15_MID,LONG,OR15_MID_FADE_LONG,"fallback 1x ATR",60,0,,,,,
OR15_MID,LONG,OR15_MID_FADE_LONG,"fallback 1x ATR",65,0,,,,,
OR15_MID,LONG,OR15_MID_FADE_LONG,"fallback 1x ATR",70,0,,,,,
OR15_MID,LONG,OR15_MID_FADE_LONG,"fallback 1x ATR",75,0,,,,,
OR15_MID,LONG,OR15_MID_FADE_LONG,"fallback 1x ATR",80,0,,,,,
OR15_MID,LONG,OR15_MID_FADE_LONG,"fallback 1x ATR",85,0,,,,,
OR15_MID,LONG,OR15_MID_FADE_LONG,"fallback 1x ATR",90,0,,,,,
OR15_MID,LONG,OR15_MID_FADE_LONG,"fallback 1x ATR",95,0,,,,,
OR15_MID,LONG,OR15_MID_FADE_LONG,"fallback 1x ATR",100,0,,,,,
OR15_MID,LONG,OR15_MID_FADE_LONG,"fallback 1x ATR",105,0,,,,,
OR15_MID,LONG,OR15_MID_FADE_LONG,"fallback 1x ATR",110,0,,,,,
OR15_MID,LONG,OR15_MID_FADE_LONG,"fallback 1x ATR",115,0,,,,,
OR15_MID,LONG,OR15_MID_FADE_LONG,"fallback 1x ATR",120,0,,,,,
OR15_MID,LONG,OR15_MID_FADE_LONG,"fallback 1x ATR",125,0,,,,,
OR15_MID,LONG,OR15_MID_FADE_LONG,"fallback 1x ATR",130,0,,,,,
OR15_MID,LONG,OR15_MID_FADE_LONG,"fallback 1x ATR",135,0,,,,,
OR15_MID,LONG,OR15_MID_FADE_LONG,"fallback 1x ATR",140,0,,,,,
OR15_MID,LONG,OR15_MID_FADE_LONG,"fallback 1x ATR",145,0,,,,,
OR15_MID,LONG,OR15_MID_FADE_LONG,"fallback 1x ATR",150,0,,,,,
OR15_MID,LONG,OR15_MID_FADE_LONG,"fallback 1x ATR",155,0,,,,,
OR15_MID,LONG,OR15_MID_FADE_LONG,"fallback 1x ATR",160,0,,,,,
OR15_MID,LONG,OR15_MID_FADE_LONG,"fallback 1x ATR",165,0,,,,,
OR15_MID,LONG,OR15_MID_FADE_LONG,"fallback 1x ATR",170,0,,,,,
OR15_MID,LONG,OR15_MID_FADE_LONG,"fallback 1x ATR",175,0,,,,,
OR15_MID,LONG,OR15_MID_FADE_LONG,"fallback 1x ATR",180,0,,,,,
OR15_MID,LONG,OR15_MID_FADE_LONG,"fallback 1x ATR",185,0,,,,,
OR15_MID,LONG,OR15_MID_FADE_LONG,"fallback 1x ATR",190,0,,,,,
OR15_MID,LONG,OR15_MID_FADE_LONG,"fallback 1x ATR",195,0,,,,,
OR15_MID,LONG,OR15_MID_FADE_LONG,"fallback 1x ATR",200,0,,,,,
OR15_MID,LONG,OR15_MID_FADE_LONG,"fallback 1x ATR",205,0,,,,,
OR15_MID,LONG,OR15_MID_FADE_LONG,"fallback 1x ATR",210,0,,,,,
OR15_MID,LONG,OR15_MID_FADE_LONG,"fallback 1x ATR",215,0,,,,,
OR15_MID,LONG,OR15_MID_FADE_LONG,"fallback 1x ATR",220,0,,,,,
OR15_MID,LONG,OR15_MID_FADE_LONG,"fallback 1x ATR",225,0,,,,,
OR15_MID,LONG,OR15_MID_FADE_LONG,"fallback 1x ATR",230,1,0.00,0.00,100.00,,1
OR15_MID,LONG,OR15_MID_FADE_LONG,"fallback 1x ATR",235,1,0.00,0.00,100.00,,1
OR15_MID,LONG,OR15_MID_FADE_LONG,"fallback 1x ATR",240,1,0.00,0.00,100.00,,1
OR15_MID,SHORT,OR15_MID_FADE_SHORT,"fallback 1x ATR",0,16,0.00,6.25,93.75,,16
OR15_MID,SHORT,OR15_MID_FADE_SHORT,"fallback 1x ATR",5,0,,,,,
OR15_MID,SHORT,OR15_MID_FADE_SHORT,"fallback 1x ATR",10,0,,,,,
OR15_MID,SHORT,OR15_MID_FADE_SHORT,"fallback 1x ATR",15,0,,,,,
OR15_MID,SHORT,OR15_MID_FADE_SHORT,"fallback 1x ATR",20,0,,,,,
OR15_MID,SHORT,OR15_MID_FADE_SHORT,"fallback 1x ATR",25,0,,,,,
OR15_MID,SHORT,OR15_MID_FADE_SHORT,"fallback 1x ATR",30,0,,,,,
OR15_MID,SHORT,OR15_MID_FADE_SHORT,"fallback 1x ATR",35,0,,,,,
OR15_MID,SHORT,OR15_MID_FADE_SHORT,"fallback 1x ATR",40,0,,,,,
OR15_MID,SHORT,OR15_MID_FADE_SHORT,"fallback 1x ATR",45,0,,,,,
OR15_MID,SHORT,OR15_MID_FADE_SHORT,"fallback 1x ATR",50,0,,,,,
OR15_MID,SHORT,OR15_MID_FADE_SHORT,"fallback 1x ATR",55,0,,,,,
OR15_MID,SHORT,OR15_MID_FADE_SHORT,"fallback 1x ATR",60,0,,,,,
OR15_MID,SHORT,OR15_MID_FADE_SHORT,"fallback 1x ATR",65,0,,,,,
OR15_MID,SHORT,OR15_MID_FADE_SHORT,"fallback 1x ATR",70,0,,,,,
OR15_MID,SHORT,OR15_MID_FADE_SHORT,"fallback 1x ATR",75,0,,,,,
OR15_MID,SHORT,OR15_MID_FADE_SHORT,"fallback 1x ATR",80,0,,,,,
OR15_MID,SHORT,OR15_MID_FADE_SHORT,"fallback 1x ATR",85,0,,,,,
OR15_MID,SHORT,OR15_MID_FADE_SHORT,"fallback 1x ATR",90,0,,,,,
OR15_MID,SHORT,OR15_MID_FADE_SHORT,"fallback 1x ATR",95,0,,,,,
OR15_MID,SHORT,OR15_MID_FADE_SHORT,"fallback 1x ATR",100,0,,,,,
OR15_MID,SHORT,OR15_MID_FADE_SHORT,"fallback 1x ATR",105,0,,,,,
OR15_MID,SHORT,OR15_MID_FADE_SHORT,"fallback 1x ATR",110,0,,,,,
OR15_MID,SHORT,OR15_MID_FADE_SHORT,"fallback 1x ATR",115,0,,,,,
OR15_MID,SHORT,OR15_MID_FADE_SHORT,"fallback 1x ATR",120,0,,,,,
OR15_MID,SHORT,OR15_MID_FADE_SHORT,"fallback 1x ATR",125,0,,,,,
OR15_MID,SHORT,OR15_MID_FADE_SHORT,"fallback 1x ATR",130,0,,,,,
OR15_MID,SHORT,OR15_MID_FADE_SHORT,"fallback 1x ATR",135,0,,,,,
OR15_MID,SHORT,OR15_MID_FADE_SHORT,"fallback 1x ATR",140,0,,,,,
OR15_MID,SHORT,OR15_MID_FADE_SHORT,"fallback 1x ATR",145,0,,,,,
OR15_MID,SHORT,OR15_MID_FADE_SHORT,"fallback 1x ATR",150,0,,,,,
OR15_MID,SHORT,OR15_MID_FADE_SHORT,"fallback 1x ATR",155,0,,,,,
OR15_MID,SHORT,OR15_MID_FADE_SHORT,"fallback 1x ATR",160,0,,,,,
OR15_MID,SHORT,OR15_MID_FADE_SHORT,"fallback 1x ATR",165,0,,,,,
OR15_MID,SHORT,OR15_MID_FADE_SHORT,"fallback 1x ATR",170,0,,,,,
OR15_MID,SHORT,OR15_MID_FADE_SHORT,"fallback 1x ATR",175,0,,,,,
OR15_MID,SHORT,OR15_MID_FADE_SHORT,"fallback 1x ATR",180,0,,,,,
OR15_MID,SHORT,OR15_MID_FADE_SHORT,"fallback 1x ATR",185,0,,,,,
OR15_MID,SHORT,OR15_MID_FADE_SHORT,"fallback 1x ATR",190,0,,,,,
OR15_MID,SHORT,OR15_MID_FADE_SHORT,"fallback 1x ATR",195,0,,,,,
OR15_MID,SHORT,OR15_MID_FADE_SHORT,"fallback 1x ATR",200,0,,,,,
OR15_MID,SHORT,OR15_MID_FADE_SHORT,"fallback 1x ATR",205,0,,,,,
OR15_MID,SHORT,OR15_MID_FADE_SHORT,"fallback 1x ATR",210,0,,,,,
OR15_MID,SHORT,OR15_MID_FADE_SHORT,"fallback 1x ATR",215,0,,,,,
OR15_MID,SHORT,OR15_MID_FADE_SHORT,"fallback 1x ATR",220,0,,,,,
OR15_MID,SHORT,OR15_MID_FADE_SHORT,"fallback 1x ATR",225,0,,,,,
OR15_MID,SHORT,OR15_MID_FADE_SHORT,"fallback 1x ATR",230,1,0.00,0.00,100.00,,1
OR15_MID,SHORT,OR15_MID_FADE_SHORT,"fallback 1x ATR",235,1,0.00,0.00,100.00,,1
OR15_MID,SHORT,OR15_MID_FADE_SHORT,"fallback 1x ATR",240,1,0.00,0.00,100.00,,1
OR30_MID,LONG,OR30_MID_FADE_LONG,"fallback 1x ATR",0,15,6.67,0.00,93.33,37.21,15
OR30_MID,LONG,OR30_MID_FADE_LONG,"fallback 1x ATR",5,0,,,,,
OR30_MID,LONG,OR30_MID_FADE_LONG,"fallback 1x ATR",10,0,,,,,
OR30_MID,LONG,OR30_MID_FADE_LONG,"fallback 1x ATR",15,0,,,,,
OR30_MID,LONG,OR30_MID_FADE_LONG,"fallback 1x ATR",20,0,,,,,
OR30_MID,LONG,OR30_MID_FADE_LONG,"fallback 1x ATR",25,0,,,,,
OR30_MID,LONG,OR30_MID_FADE_LONG,"fallback 1x ATR",30,0,,,,,
OR30_MID,LONG,OR30_MID_FADE_LONG,"fallback 1x ATR",35,0,,,,,
OR30_MID,LONG,OR30_MID_FADE_LONG,"fallback 1x ATR",40,0,,,,,
OR30_MID,LONG,OR30_MID_FADE_LONG,"fallback 1x ATR",45,0,,,,,
OR30_MID,LONG,OR30_MID_FADE_LONG,"fallback 1x ATR",50,0,,,,,
OR30_MID,LONG,OR30_MID_FADE_LONG,"fallback 1x ATR",55,0,,,,,
OR30_MID,LONG,OR30_MID_FADE_LONG,"fallback 1x ATR",60,0,,,,,
OR30_MID,LONG,OR30_MID_FADE_LONG,"fallback 1x ATR",65,0,,,,,
OR30_MID,LONG,OR30_MID_FADE_LONG,"fallback 1x ATR",70,0,,,,,
OR30_MID,LONG,OR30_MID_FADE_LONG,"fallback 1x ATR",75,0,,,,,
OR30_MID,LONG,OR30_MID_FADE_LONG,"fallback 1x ATR",80,0,,,,,
OR30_MID,LONG,OR30_MID_FADE_LONG,"fallback 1x ATR",85,0,,,,,
OR30_MID,LONG,OR30_MID_FADE_LONG,"fallback 1x ATR",90,0,,,,,
OR30_MID,LONG,OR30_MID_FADE_LONG,"fallback 1x ATR",95,0,,,,,
OR30_MID,LONG,OR30_MID_FADE_LONG,"fallback 1x ATR",100,0,,,,,
OR30_MID,LONG,OR30_MID_FADE_LONG,"fallback 1x ATR",105,0,,,,,
OR30_MID,LONG,OR30_MID_FADE_LONG,"fallback 1x ATR",110,0,,,,,
OR30_MID,LONG,OR30_MID_FADE_LONG,"fallback 1x ATR",115,0,,,,,
OR30_MID,LONG,OR30_MID_FADE_LONG,"fallback 1x ATR",120,0,,,,,
OR30_MID,LONG,OR30_MID_FADE_LONG,"fallback 1x ATR",125,0,,,,,
OR30_MID,LONG,OR30_MID_FADE_LONG,"fallback 1x ATR",130,0,,,,,
OR30_MID,LONG,OR30_MID_FADE_LONG,"fallback 1x ATR",135,0,,,,,
OR30_MID,LONG,OR30_MID_FADE_LONG,"fallback 1x ATR",140,0,,,,,
OR30_MID,LONG,OR30_MID_FADE_LONG,"fallback 1x ATR",145,0,,,,,
OR30_MID,LONG,OR30_MID_FADE_LONG,"fallback 1x ATR",150,0,,,,,
OR30_MID,LONG,OR30_MID_FADE_LONG,"fallback 1x ATR",155,0,,,,,
OR30_MID,LONG,OR30_MID_FADE_LONG,"fallback 1x ATR",160,0,,,,,
OR30_MID,LONG,OR30_MID_FADE_LONG,"fallback 1x ATR",165,0,,,,,
OR30_MID,LONG,OR30_MID_FADE_LONG,"fallback 1x ATR",170,0,,,,,
OR30_MID,LONG,OR30_MID_FADE_LONG,"fallback 1x ATR",175,0,,,,,
OR30_MID,LONG,OR30_MID_FADE_LONG,"fallback 1x ATR",180,0,,,,,
OR30_MID,LONG,OR30_MID_FADE_LONG,"fallback 1x ATR",185,0,,,,,
OR30_MID,LONG,OR30_MID_FADE_LONG,"fallback 1x ATR",190,0,,,,,
OR30_MID,LONG,OR30_MID_FADE_LONG,"fallback 1x ATR",195,0,,,,,
OR30_MID,LONG,OR30_MID_FADE_LONG,"fallback 1x ATR",200,0,,,,,
OR30_MID,LONG,OR30_MID_FADE_LONG,"fallback 1x ATR",205,0,,,,,
OR30_MID,LONG,OR30_MID_FADE_LONG,"fallback 1x ATR",210,0,,,,,
OR30_MID,LONG,OR30_MID_FADE_LONG,"fallback 1x ATR",215,0,,,,,
OR30_MID,LONG,OR30_MID_FADE_LONG,"fallback 1x ATR",220,0,,,,,
OR30_MID,LONG,OR30_MID_FADE_LONG,"fallback 1x ATR",225,0,,,,,
OR30_MID,LONG,OR30_MID_FADE_LONG,"fallback 1x ATR",230,1,0.00,0.00,100.00,,1
OR30_MID,LONG,OR30_MID_FADE_LONG,"fallback 1x ATR",235,1,0.00,0.00,100.00,,1
OR30_MID,LONG,OR30_MID_FADE_LONG,"fallback 1x ATR",240,1,0.00,0.00,100.00,,1
OR30_MID,SHORT,OR30_MID_FADE_SHORT,"fallback 1x ATR",0,15,0.00,6.67,93.33,,15
OR30_MID,SHORT,OR30_MID_FADE_SHORT,"fallback 1x ATR",5,0,,,,,
OR30_MID,SHORT,OR30_MID_FADE_SHORT,"fallback 1x ATR",10,0,,,,,
OR30_MID,SHORT,OR30_MID_FADE_SHORT,"fallback 1x ATR",15,0,,,,,
OR30_MID,SHORT,OR30_MID_FADE_SHORT,"fallback 1x ATR",20,0,,,,,
OR30_MID,SHORT,OR30_MID_FADE_SHORT,"fallback 1x ATR",25,0,,,,,
OR30_MID,SHORT,OR30_MID_FADE_SHORT,"fallback 1x ATR",30,0,,,,,
OR30_MID,SHORT,OR30_MID_FADE_SHORT,"fallback 1x ATR",35,0,,,,,
OR30_MID,SHORT,OR30_MID_FADE_SHORT,"fallback 1x ATR",40,0,,,,,
OR30_MID,SHORT,OR30_MID_FADE_SHORT,"fallback 1x ATR",45,0,,,,,
OR30_MID,SHORT,OR30_MID_FADE_SHORT,"fallback 1x ATR",50,0,,,,,
OR30_MID,SHORT,OR30_MID_FADE_SHORT,"fallback 1x ATR",55,0,,,,,
OR30_MID,SHORT,OR30_MID_FADE_SHORT,"fallback 1x ATR",60,0,,,,,
OR30_MID,SHORT,OR30_MID_FADE_SHORT,"fallback 1x ATR",65,0,,,,,
OR30_MID,SHORT,OR30_MID_FADE_SHORT,"fallback 1x ATR",70,0,,,,,
OR30_MID,SHORT,OR30_MID_FADE_SHORT,"fallback 1x ATR",75,0,,,,,
OR30_MID,SHORT,OR30_MID_FADE_SHORT,"fallback 1x ATR",80,0,,,,,
OR30_MID,SHORT,OR30_MID_FADE_SHORT,"fallback 1x ATR",85,0,,,,,
OR30_MID,SHORT,OR30_MID_FADE_SHORT,"fallback 1x ATR",90,0,,,,,
OR30_MID,SHORT,OR30_MID_FADE_SHORT,"fallback 1x ATR",95,0,,,,,
OR30_MID,SHORT,OR30_MID_FADE_SHORT,"fallback 1x ATR",100,0,,,,,
OR30_MID,SHORT,OR30_MID_FADE_SHORT,"fallback 1x ATR",105,0,,,,,
OR30_MID,SHORT,OR30_MID_FADE_SHORT,"fallback 1x ATR",110,0,,,,,
OR30_MID,SHORT,OR30_MID_FADE_SHORT,"fallback 1x ATR",115,0,,,,,
OR30_MID,SHORT,OR30_MID_FADE_SHORT,"fallback 1x ATR",120,0,,,,,
OR30_MID,SHORT,OR30_MID_FADE_SHORT,"fallback 1x ATR",125,0,,,,,
OR30_MID,SHORT,OR30_MID_FADE_SHORT,"fallback 1x ATR",130,0,,,,,
OR30_MID,SHORT,OR30_MID_FADE_SHORT,"fallback 1x ATR",135,0,,,,,
OR30_MID,SHORT,OR30_MID_FADE_SHORT,"fallback 1x ATR",140,0,,,,,
OR30_MID,SHORT,OR30_MID_FADE_SHORT,"fallback 1x ATR",145,0,,,,,
OR30_MID,SHORT,OR30_MID_FADE_SHORT,"fallback 1x ATR",150,0,,,,,
OR30_MID,SHORT,OR30_MID_FADE_SHORT,"fallback 1x ATR",155,0,,,,,
OR30_MID,SHORT,OR30_MID_FADE_SHORT,"fallback 1x ATR",160,0,,,,,
OR30_MID,SHORT,OR30_MID_FADE_SHORT,"fallback 1x ATR",165,0,,,,,
OR30_MID,SHORT,OR30_MID_FADE_SHORT,"fallback 1x ATR",170,0,,,,,
OR30_MID,SHORT,OR30_MID_FADE_SHORT,"fallback 1x ATR",175,0,,,,,
OR30_MID,SHORT,OR30_MID_FADE_SHORT,"fallback 1x ATR",180,0,,,,,
OR30_MID,SHORT,OR30_MID_FADE_SHORT,"fallback 1x ATR",185,0,,,,,
OR30_MID,SHORT,OR30_MID_FADE_SHORT,"fallback 1x ATR",190,0,,,,,
OR30_MID,SHORT,OR30_MID_FADE_SHORT,"fallback 1x ATR",195,0,,,,,
OR30_MID,SHORT,OR30_MID_FADE_SHORT,"fallback 1x ATR",200,0,,,,,
OR30_MID,SHORT,OR30_MID_FADE_SHORT,"fallback 1x ATR",205,0,,,,,
OR30_MID,SHORT,OR30_MID_FADE_SHORT,"fallback 1x ATR",210,0,,,,,
OR30_MID,SHORT,OR30_MID_FADE_SHORT,"fallback 1x ATR",215,0,,,,,
OR30_MID,SHORT,OR30_MID_FADE_SHORT,"fallback 1x ATR",220,0,,,,,
OR30_MID,SHORT,OR30_MID_FADE_SHORT,"fallback 1x ATR",225,0,,,,,
OR30_MID,SHORT,OR30_MID_FADE_SHORT,"fallback 1x ATR",230,1,0.00,0.00,100.00,,1
OR30_MID,SHORT,OR30_MID_FADE_SHORT,"fallback 1x ATR",235,1,0.00,0.00,100.00,,1
OR30_MID,SHORT,OR30_MID_FADE_SHORT,"fallback 1x ATR",240,1,0.00,0.00,100.00,,1