zoneId,entryTime,direction,entryPrice,stopPrice,streak,mfeAtr,p50_pnl,p50_win
4,2025-09-01 00:35:00,SHORT,23410.5,23452.44375,0,0.162,-85.89,false
3,2025-09-01 02:10:00,SHORT,23398,23442.19375,4,0.111,-90.39,false
3,2025-09-01 02:50:00,LONG,23446.75,23388.55625,0,0.254,101.05,true
4,2025-09-01 02:55:00,LONG,23448.75,23415.30625,3,0.246,101.05,true
5,2025-09-01 03:30:00,LONG,23471,23415.30625,2,0.156,-113.39,false
6,2025-09-01 04:30:00,LONG,23490,23454.80625,4,0.051,-72.39,false
7,2025-09-01 04:35:00,LONG,23496,23463.80625,5,0.021,-66.39,false
7,2025-09-01 07:30:00,SHORT,23467,23492.19375,5,0.102,-52.39,false
7,2025-09-01 09:55:00,LONG,23488.75,23454.05625,2,0.084,-71.39,false
8,2025-09-01 11:25:00,LONG,23502.75,23474.55625,6,0.027,-58.39,false
8,2025-09-01 18:50:00,SHORT,23471.25,23501.94375,2,1.862,97.85,true
6,2025-09-01 19:05:00,SHORT,23451.25,23488.19375,5,1.779,97.85,true
7,2025-09-01 19:05:00,SHORT,23451.25,23488.19375,5,1.779,97.85,true
19,2025-09-01 19:25:00,SHORT,23439,23476.04025,0,0.034,-76.08,false
5,2025-09-01 19:30:00,SHORT,23442.25,23465.94375,3,0.048,-49.39,false
5,2025-09-01 20:45:00,LONG,23470.5,23432.80625,3,0.058,-77.39,false
19,2025-09-01 20:55:00,LONG,23473.75,23444.70975,0,0.045,-60.08,false
6,2025-09-01 21:10:00,LONG,23482.75,23452.30625,0,0.000,-62.89,false
6,2025-09-01 22:00:00,SHORT,23440.25,23483.94375,0,1.733,97.85,true
19,2025-09-01 22:05:00,SHORT,23439.75,23479.04025,1,1.731,97.85,true
5,2025-09-01 22:10:00,SHORT,23435.25,23465.94375,0,1.712,97.85,true
4,2025-09-01 22:20:00,SHORT,23428,23465.94375,5,1.682,97.85,true
3,2025-09-02 01:15:00,SHORT,23413.75,23443.94375,7,0.028,-62.39,false
3,2025-09-02 02:40:00,LONG,23436.25,23402.30625,2,0.066,-69.89,false
3,2025-09-02 03:20:00,SHORT,23378.5,23453.19375,0,1.475,97.85,true
2,2025-09-02 03:45:00,SHORT,23312.25,23427.44375,3,1.198,97.85,true
1,2025-09-02 08:15:00,SHORT,23170.25,23229.19375,0,0.605,97.85,true
18,2025-09-02 08:25:00,SHORT,23165.25,23204.29025,0,0.585,97.85,true
17,2025-09-02 08:45:00,SHORT,23122.25,23177.29025,0,0.405,97.85,true
17,2025-09-02 09:55:00,LONG,23233.75,23073.95975,0,0.193,-321.58,false
18,2025-09-02 09:55:00,LONG,23233.75,23122.20975,0,0.193,-225.08,false
18,2025-09-02 10:55:00,SHORT,23161.5,23230.54025,0,0.562,97.85,true
17,2025-09-02 11:15:00,SHORT,23106.75,23184.29025,1,0.333,97.85,true
16,2025-09-02 11:45:00,SHORT,23052.5,23114.04025,3,0.106,-125.08,false
15,2025-09-02 11:50:00,SHORT,23037.25,23094.29025,2,0.032,-116.08,false
15,2025-09-02 12:25:00,LONG,23067.5,23032.95975,1,3.484,97.85,true
16,2025-09-02 13:05:00,LONG,23130,23076.70975,1,3.223,97.85,true
17,2025-09-02 13:35:00,LONG,23209.75,23120.45975,0,2.890,97.85,true
18,2025-09-02 13:45:00,LONG,23219,23155.70975,1,2.852,97.85,true
18,2025-09-02 14:35:00,SHORT,23170.5,23204.79025,0,0.054,-70.58,false
18,2025-09-02 15:00:00,LONG,23209.75,23158.20975,0,2.890,97.85,true
1,2025-09-02 15:20:00,LONG,23225.25,23183.55625,4,2.826,97.85,true
26,2025-09-02 18:15:00,SHORT,23362.5,23392.5215,0,0.269,97.46,true
27,2025-09-02 18:15:00,SHORT,23362.5,23392.5215,0,0.269,97.46,true
26,2025-09-03 04:00:00,LONG,23389.5,23352.9785,4,0.569,97.46,true
2,2025-09-03 04:15:00,LONG,23424.5,23365.30625,0,0.422,97.46,true
27,2025-09-03 04:15:00,LONG,23424.5,23365.4785,1,0.422,97.46,true
28,2025-09-03 04:25:00,LONG,23419.5,23391.7285,0,0.163,-57.54,false
28,2025-09-03 04:45:00,SHORT,23408.5,23425.0215,0,0.023,-35.04,false
28,2025-09-03 05:30:00,LONG,23424.5,23393.7285,1,0.143,-63.54,false
3,2025-09-03 05:45:00,LONG,23435.5,23408.80625,3,0.096,-55.39,false
4,2025-09-03 07:10:00,LONG,23447.25,23423.05625,9,0.001,-50.39,false
4,2025-09-03 08:40:00,SHORT,23427.5,23452.94375,2,0.054,-52.89,false
3,2025-09-03 09:40:00,SHORT,23397.5,23449.44375,6,0.115,-105.89,false
28,2025-09-03 09:45:00,SHORT,23404,23442.5215,4,0.132,-79.04,false
3,2025-09-03 10:30:00,LONG,23475.25,23386.55625,2,0.210,97.46,true
28,2025-09-03 10:30:00,LONG,23475.25,23386.7285,2,0.210,97.46,true
4,2025-09-03 10:45:00,LONG,23516.5,23427.30625,4,0.037,-180.39,false
5,2025-09-03 10:45:00,LONG,23516.5,23427.30625,12,0.037,-180.39,false
6,2025-09-03 10:45:00,LONG,23516.5,23425.80625,0,0.037,-183.39,false
19,2025-09-03 10:45:00,LONG,23516.5,23427.45975,4,0.037,-180.08,false
7,2025-09-03 10:50:00,LONG,23510.75,23425.80625,3,0.024,-171.89,false
8,2025-09-03 10:50:00,LONG,23510.75,23465.30625,1,0.024,-92.89,false
9,2025-09-03 10:55:00,LONG,23508.25,23475.05625,15,0.035,-68.39,false
9,2025-09-03 11:25:00,SHORT,23424.5,23517.69375,1,0.445,97.46,true
7,2025-09-03 11:30:00,SHORT,23415.5,23500.94375,0,0.408,97.46,true
8,2025-09-03 11:30:00,SHORT,23415.5,23519.94375,0,0.408,97.46,true
6,2025-09-03 11:35:00,SHORT,23438.25,23500.94375,0,0.503,97.46,true
19,2025-09-03 11:35:00,SHORT,23438.25,23493.29025,0,0.503,97.46,true
5,2025-09-03 11:40:00,SHORT,23429.75,23475.94375,0,0.467,97.46,true
4,2025-09-03 11:50:00,SHORT,23429.5,23475.94375,0,0.466,97.46,true
3,2025-09-03 12:50:00,SHORT,23399.75,23443.69375,5,0.000,-89.89,false
3,2025-09-03 13:20:00,LONG,23435.25,23404.80625,0,0.003,-62.89,false
3,2025-09-03 13:40:00,SHORT,23378.25,23440.94375,0,0.251,97.46,true
28,2025-09-03 13:45:00,SHORT,23386.5,23440.7715,4,0.286,97.46,true
2,2025-09-03 13:55:00,SHORT,23364.75,23415.69375,9,0.195,-103.89,false
27,2025-09-03 14:05:00,SHORT,23349.5,23406.0215,5,0.131,-115.04,false
26,2025-09-03 14:10:00,SHORT,23358.5,23390.0215,4,0.169,-65.04,false
26,2025-09-03 15:45:00,LONG,23407.25,23347.7285,0,2.074,97.46,true
27,2025-09-03 15:50:00,LONG,23427.5,23365.2285,0,1.989,97.46,true
2,2025-09-03 15:55:00,LONG,23452.25,23373.55625,0,1.885,97.46,true
28,2025-09-03 16:00:00,LONG,23458.75,23386.2285,0,1.858,97.46,true
3,2025-09-03 16:05:00,LONG,23457.75,23401.80625,0,1.862,97.46,true
4,2025-09-03 16:10:00,LONG,23454.75,23412.30625,6,0.392,97.46,true
5,2025-09-03 16:30:00,LONG,23466.75,23412.30625,2,0.342,97.46,true
5,2025-09-03 18:30:00,SHORT,23440.25,23463.19375,1,0.038,-47.89,false
5,2025-09-03 20:15:00,LONG,23498.25,23426.30625,1,0.214,95.59,true
19,2025-09-03 20:15:00,LONG,23498.25,23426.45975,7,0.214,95.59,true
6,2025-09-03 20:25:00,LONG,23497.5,23456.30625,4,0.147,-84.39,false
7,2025-09-03 20:25:00,LONG,23497.5,23456.30625,0,0.147,-84.39,false
8,2025-09-03 20:30:00,LONG,23506.5,23464.80625,0,0.109,-85.39,false
9,2025-09-03 20:40:00,LONG,23504.75,23464.80625,0,0.116,-81.89,false
9,2025-09-03 21:30:00,SHORT,23493.5,23514.19375,2,0.037,-43.39,false
9,2025-09-03 22:10:00,LONG,23523.5,23479.80625,1,0.000,-89.39,false
20,2025-09-03 22:15:00,LONG,23519.25,23492.95975,7,0.000,-54.58,false
20,2025-09-03 22:40:00,SHORT,23499.75,23518.79025,0,0.208,-40.08,false
9,2025-09-03 23:00:00,SHORT,23475,23518.94375,0,0.103,-89.89,false
8,2025-09-03 23:05:00,SHORT,23473.5,23506.19375,4,0.096,-67.39,false
7,2025-09-03 23:35:00,SHORT,23462.75,23499.44375,0,0.016,-75.39,false
6,2025-09-03 23:40:00,SHORT,23466.25,23488.94375,1,0.014,-47.39,false
6,2025-09-04 00:10:00,LONG,23487.5,23458.05625,1,0.065,-60.89,false
7,2025-09-04 00:20:00,LONG,23490.25,23464.30625,0,0.053,-53.89,false
7,2025-09-04 01:45:00,SHORT,23468,23507.69375,0,0.073,-81.39,false
7,2025-09-04 03:15:00,LONG,23495.5,23446.05625,3,0.225,95.59,true
8,2025-09-04 04:25:00,LONG,23507,23471.80625,4,0.120,-72.39,false
9,2025-09-04 05:40:00,LONG,23506,23486.55625,6,0.124,-40.89,false
20,2025-09-04 06:05:00,LONG,23525.5,23493.70975,6,0.041,-65.58,false
20,2025-09-04 07:55:00,SHORT,23497.5,23524.54025,2,0.172,-56.08,false
9,2025-09-04 08:40:00,SHORT,23477.5,23527.69375,7,0.087,-102.39,false
8,2025-09-04 09:10:00,SHORT,23466.75,23511.94375,3,0.041,-92.39,false
7,2025-09-04 09:15:00,SHORT,23472.5,23490.94375,9,0.065,-38.89,false
7,2025-09-04 09:40:00,LONG,23486,23452.30625,0,0.113,-69.39,false
6,2025-09-04 10:10:00,SHORT,23437,23507.94375,10,0.115,-143.89,false
7,2025-09-04 10:10:00,SHORT,23437,23517.44375,0,0.115,-162.89,false
19,2025-09-04 10:10:00,SHORT,23437,23496.54025,12,0.115,-121.08,false
5,2025-09-04 10:15:00,SHORT,23443.75,23495.69375,1,0.015,-105.89,false
5,2025-09-04 10:35:00,LONG,23519.5,23435.30625,0,1.634,95.59,true
6,2025-09-04 10:35:00,LONG,23519.5,23435.30625,0,1.634,95.59,true
19,2025-09-04 10:35:00,LONG,23519.5,23435.45975,0,1.634,95.59,true
7,2025-09-04 10:40:00,LONG,23500.75,23435.30625,0,1.714,95.59,true
8,2025-09-04 10:40:00,LONG,23500.75,23457.55625,2,1.714,95.59,true
9,2025-09-04 10:55:00,LONG,23521.75,23474.55625,3,1.624,95.59,true
20,2025-09-04 11:00:00,LONG,23525.25,23488.20975,5,1.609,95.59,true
33,2025-09-04 12:15:00,LONG,23542.75,23514.56825,4,0.027,-58.36,false
10,2025-09-04 13:15:00,LONG,23565.75,23531.55625,7,1.436,95.59,true
21,2025-09-04 14:20:00,LONG,23603,23577.70975,1,1.277,95.59,true
11,2025-09-04 16:20:00,LONG,23685.5,23647.30625,0,0.925,95.59,true
36,2025-09-04 18:15:00,LONG,23708.75,23690.89,0,0.838,94.09,true
37,2025-09-04 20:50:00,LONG,23725.5,23696.64,5,0.766,94.09,true
38,2025-09-05 02:10:00,LONG,23771.5,23748.64,0,0.072,-47.72,false
38,2025-09-05 03:15:00,SHORT,23752,23780.86,0,0.017,-59.72,false
38,2025-09-05 04:20:00,LONG,23773.5,23743.89,3,0.248,94.09,true
12,2025-09-05 07:15:00,LONG,23791.5,23769.55625,7,0.037,-45.89,false
39,2025-09-05 09:10:00,LONG,23883.5,23847.89,0,0.080,-73.22,false
39,2025-09-05 10:05:00,SHORT,23796,23897.86,2,1.262,94.09,true
12,2025-09-05 10:20:00,SHORT,23663,23842.19375,2,0.685,94.09,true
38,2025-09-05 10:25:00,SHORT,23653.75,23807.36,1,0.645,94.09,true
36,2025-09-05 10:30:00,SHORT,23646.25,23768.11,2,0.613,94.09,true
37,2025-09-05 10:30:00,SHORT,23646.25,23768.11,1,0.613,94.09,true
11,2025-09-05 10:35:00,SHORT,23617.25,23738.69375,0,0.487,94.09,true
35,2025-09-05 10:35:00,SHORT,23617.25,23738.36,0,0.487,94.09,true
21,2025-09-05 11:10:00,SHORT,23573.25,23642.29025,2,0.052,-140.08,false
21,2025-09-05 11:30:00,LONG,23620.5,23556.45975,0,1.838,94.09,true
11,2025-09-05 16:10:00,LONG,23675.5,23647.05625,4,1.600,94.09,true
35,2025-09-07 18:35:00,LONG,23716,23662.64,9,1.364,98.32,true
36,2025-09-07 18:40:00,LONG,23728.25,23675.39,3,1.313,98.32,true
41,2025-09-07 18:40:00,LONG,23728.25,23675.187,0,1.313,98.32,true
37,2025-09-07 18:50:00,LONG,23733,23693.14,0,1.293,98.32,true
42,2025-09-07 18:55:00,LONG,23740.75,23709.437,0,1.261,98.32,true
38,2025-09-07 19:40:00,LONG,23774,23751.64,0,0.072,-46.72,false
43,2025-09-07 20:15:00,LONG,23781.5,23751.437,0,0.026,-62.13,false
43,2025-09-07 21:05:00,SHORT,23762.75,23789.563,0,0.159,-55.63,false
38,2025-09-07 22:20:00,SHORT,23738.5,23783.86,2,0.058,-92.72,false
38,2025-09-08 05:55:00,LONG,23780.25,23750.14,8,0.041,-62.22,false
43,2025-09-08 06:00:00,LONG,23777.5,23755.687,7,0.052,-45.63,false
43,2025-09-08 08:05:00,SHORT,23757,23787.063,3,0.056,-62.13,false
38,2025-09-08 08:15:00,SHORT,23750,23783.86,3,0.027,-69.72,false
38,2025-09-08 09:00:00,LONG,23780.5,23749.64,1,0.447,98.32,true
43,2025-09-08 09:20:00,LONG,23784.25,23749.437,1,0.431,98.32,true
12,2025-09-08 09:40:00,LONG,23831,23762.05625,14,0.237,98.32,true
44,2025-09-08 09:45:00,LONG,23849,23766.937,1,0.162,-166.13,false
45,2025-09-08 09:55:00,LONG,23846.25,23797.687,1,0.173,-99.13,false
46,2025-09-08 09:55:00,LONG,23846.25,23797.687,1,0.173,-99.13,false
45,2025-09-08 12:40:00,SHORT,23813.5,23842.563,2,0.222,98.32,true
46,2025-09-08 12:45:00,SHORT,23797,23842.563,4,0.154,-93.13,false
44,2025-09-08 14:00:00,SHORT,23776.5,23809.813,5,0.018,-68.63,false
44,2025-09-08 14:25:00,LONG,23812.5,23776.437,0,0.018,-74.13,false
44,2025-09-08 15:10:00,SHORT,23770.25,23813.563,1,0.043,-88.63,false
12,2025-09-08 15:20:00,SHORT,23769.25,23801.44375,4,0.024,-66.39,false
12,2025-09-08 15:45:00,LONG,23811,23765.80625,0,0.309,98.32,true
44,2025-09-08 18:10:00,LONG,23814.75,23766.437,0,0.298,96.47,true
45,2025-09-08 22:15:00,LONG,23834.5,23799.937,12,0.215,96.47,true
46,2025-09-08 22:25:00,LONG,23832.25,23809.187,7,0.224,96.47,true
48,2025-09-09 02:15:00,LONG,23846.5,23820.276,6,0.164,-54.45,false
49,2025-09-09 03:35:00,LONG,23872,23841.776,4,0.011,-62.45,false
49,2025-09-09 04:15:00,SHORT,23844,23879.224,0,0.500,96.47,true
48,2025-09-09 07:20:00,SHORT,23823,23849.974,9,0.015,-55.95,false
48,2025-09-09 07:55:00,LONG,23849.75,23821.026,0,0.032,-59.45,false
48,2025-09-09 09:10:00,SHORT,23823,23856.224,2,0.055,-68.45,false
46,2025-09-09 10:00:00,SHORT,23795.5,23853.563,7,0.294,96.47,true
45,2025-09-09 10:35:00,SHORT,23743,23846.563,8,0.072,-209.13,false
44,2025-09-09 10:40:00,SHORT,23744.25,23827.563,5,0.032,-168.63,false
12,2025-09-09 10:45:00,SHORT,23760.75,23817.19375,2,0.085,-114.89,false
43,2025-09-09 10:45:00,SHORT,23760.75,23817.063,4,0.085,-114.63,false
47,2025-09-09 10:45:00,SHORT,23760.75,23816.974,4,0.085,-114.45,false
43,2025-09-09 11:20:00,LONG,23779.25,23735.937,0,1.478,96.47,true
12,2025-09-09 12:10:00,LONG,23819.75,23754.80625,4,1.436,96.47,true
44,2025-09-09 12:15:00,LONG,23816.75,23776.687,2,1.449,96.47,true
47,2025-09-09 12:15:00,LONG,23816.75,23776.776,5,1.449,96.47,true
45,2025-09-09 13:10:00,LONG,23839,23806.687,3,0.869,96.47,true
46,2025-09-09 13:10:00,LONG,23839,23806.687,6,0.869,96.47,true
48,2025-09-09 14:55:00,LONG,23843.75,23819.276,7,0.849,96.47,true
49,2025-09-09 16:20:00,LONG,23891,23839.526,13,0.649,96.47,true
39,2025-09-09 16:25:00,LONG,23897,23855.89,9,0.623,96.47,true
50,2025-09-09 16:35:00,LONG,23904,23866.026,2,0.594,96.47,true
50,2025-09-09 19:35:00,SHORT,23879.75,23899.474,4,0.002,-41.45,false
50,2025-09-09 20:20:00,LONG,23895.75,23874.526,0,0.651,93.05,true
50,2025-09-09 21:10:00,SHORT,23881.5,23903.224,0,0.010,-45.45,false
50,2025-09-09 21:35:00,LONG,23899,23874.526,0,0.637,93.05,true
13,2025-09-09 22:40:00,LONG,23907,23881.80625,6,0.602,93.05,true
51,2025-09-10 00:10:00,LONG,23919,23902.94,3,0.154,-34.12,false
52,2025-09-10 02:35:00,LONG,23943.25,23910.94,1,0.047,-66.62,false
52,2025-09-10 04:25:00,SHORT,23910,23944.56,2,0.122,-71.12,false
51,2025-09-10 04:40:00,SHORT,23891.75,23926.06,10,0.042,-70.62,false
13,2025-09-10 05:10:00,SHORT,23894.25,23917.19375,0,0.053,-47.89,false
13,2025-09-10 05:55:00,LONG,23909.25,23884.30625,0,0.592,93.05,true
51,2025-09-10 06:35:00,LONG,23923.5,23900.94,1,0.530,93.05,true
52,2025-09-10 07:40:00,LONG,23954.25,23917.19,2,0.395,93.05,true
52,2025-09-10 12:25:00,SHORT,23917.25,23955.31,6,0.580,93.05,true
51,2025-09-10 13:30:00,SHORT,23896.5,23930.81,4,0.489,93.05,true
13,2025-09-10 14:10:00,SHORT,23888.25,23921.69375,4,0.453,93.05,true
39,2025-09-10 14:25:00,SHORT,23857.75,23895.11,6,0.319,93.05,true
50,2025-09-10 14:25:00,SHORT,23857.75,23904.474,8,0.319,93.05,true
48,2025-09-10 15:15:00,SHORT,23819.25,23871.224,3,0.150,-105.95,false
49,2025-09-10 15:15:00,SHORT,23819.25,23871.224,4,0.150,-105.95,false
46,2025-09-10 15:20:00,SHORT,23805,23855.063,3,0.016,-102.13,false
46,2025-09-10 15:55:00,LONG,23874.25,23803.937,1,1.935,93.05,true
48,2025-09-10 15:55:00,LONG,23874.25,23804.026,1,1.935,93.05,true
49,2025-09-10 15:55:00,LONG,23874.25,23804.026,0,1.935,93.05,true
39,2025-09-10 18:50:00,LONG,23891.75,23848.14,4,0.367,93.74,true
50,2025-09-10 18:55:00,LONG,23897,23874.276,2,0.078,-47.45,false
54,2025-09-10 19:15:00,LONG,23905,23881.157,0,0.015,-49.69,false
54,2025-09-10 20:15:00,SHORT,23877.25,23910.093,1,0.003,-67.69,false
54,2025-09-10 20:45:00,LONG,23908.25,23876.907,1,0.047,-64.69,false
13,2025-09-10 21:10:00,LONG,23906.75,23876.55625,3,0.053,-62.39,false
13,2025-09-11 00:30:00,SHORT,23883.25,23913.44375,5,0.053,-62.39,false
54,2025-09-11 00:30:00,SHORT,23883.25,23913.093,0,0.053,-61.69,false
50,2025-09-11 00:55:00,SHORT,23879.5,23904.974,2,0.037,-52.95,false
50,2025-09-11 01:40:00,LONG,23894.5,23866.276,1,0.355,93.74,true
54,2025-09-11 02:30:00,LONG,23912.25,23879.407,1,0.278,93.74,true
13,2025-09-11 02:40:00,LONG,23915.25,23886.55625,1,0.265,93.74,true
51,2025-09-11 03:45:00,LONG,23929.75,23899.69,14,0.201,-62.12,false
52,2025-09-11 06:30:00,LONG,23938.25,23913.69,8,0.164,-51.12,false
52,2025-09-11 08:40:00,SHORT,23924.5,23980.56,0,0.041,-114.12,false
52,2025-09-11 09:00:00,LONG,23954,23910.44,0,0.189,-89.12,false
55,2025-09-11 10:05:00,LONG,23986.5,23905.157,3,1.816,93.74,true
53,2025-09-11 10:45:00,LONG,24006,23956.69,4,1.731,93.74,true
56,2025-09-11 10:45:00,LONG,24006,23956.657,4,1.731,93.74,true
57,2025-09-11 10:45:00,LONG,24006,23956.657,2,1.731,93.74,true
58,2025-09-11 10:45:00,LONG,24006,23956.657,3,1.731,93.74,true
53,2025-09-11 22:25:00,SHORT,23994.75,24010.06,15,0.012,-32.62,false
53,2025-09-12 00:05:00,LONG,24014,23990.69,0,0.113,-48.62,false
60,2025-09-12 01:45:00,LONG,24036.5,24013.68725,8,0.003,-47.63,false
60,2025-09-12 02:35:00,SHORT,24009,24040.31275,0,0.175,-64.63,false
53,2025-09-12 04:20:00,SHORT,23986.25,24023.06,0,0.002,-75.62,false
53,2025-09-12 05:50:00,LONG,24015.5,23982.69,0,1.701,93.11,true
60,2025-09-12 07:55:00,LONG,24044.5,24005.43725,6,0.088,-80.13,false
61,2025-09-12 09:15:00,LONG,24048,24020.18725,5,0.072,-57.63,false
61,2025-09-12 09:40:00,SHORT,24029.75,24069.06275,0,0.058,-80.63,false
61,2025-09-12 10:30:00,LONG,24080,24021.93725,2,1.418,93.11,true
62,2025-09-12 10:30:00,LONG,24080,24021.93725,6,1.418,93.11,true
63,2025-09-12 10:40:00,LONG,24081.75,24045.93725,1,1.410,93.11,true
64,2025-09-12 10:55:00,LONG,24106,24070.68725,1,1.304,93.11,true
59,2025-09-12 13:55:00,LONG,24123.75,24085.407,4,0.157,-78.69,false
66,2025-09-15 03:05:00,LONG,24146.25,24127.70625,2,0.058,-39.09,false
66,2025-09-15 04:10:00,SHORT,24112.5,24151.29375,3,0.143,-79.59,false
59,2025-09-15 04:35:00,SHORT,24095.25,24123.343,14,0.066,-58.19,false
59,2025-09-15 06:25:00,LONG,24122.75,24091.157,4,1.236,92.71,true
66,2025-09-15 08:10:00,LONG,24148,24125.20625,2,1.125,92.71,true
67,2025-09-15 09:00:00,LONG,24171,24134.95625,2,1.023,92.71,true
68,2025-09-15 09:35:00,LONG,24213.5,24149.45625,1,0.836,92.71,true
69,2025-09-15 09:40:00,LONG,24203.5,24162.70625,2,0.880,92.71,true
70,2025-09-15 11:55:00,LONG,24279.75,24245.95625,7,0.067,-69.59,false
75,2025-09-15 21:00:00,LONG,24303.5,24285.91875,4,0.437,93.49,true
76,2025-09-15 22:25:00,LONG,24324.25,24302.41875,2,0.346,93.49,true
77,2025-09-16 01:15:00,LONG,24344,24323.91875,2,0.260,93.49,true
78,2025-09-16 03:25:00,LONG,24368.75,24343.91875,4,0.152,-51.66,false
78,2025-09-16 09:40:00,SHORT,24323.5,24369.08125,5,1.396,93.49,true
77,2025-09-16 09:45:00,SHORT,24318.25,24360.33125,2,1.373,93.49,true
76,2025-09-16 10:00:00,SHORT,24292.75,24331.08125,1,1.262,93.49,true
75,2025-09-16 11:10:00,SHORT,24288.25,24309.33125,3,0.131,-44.16,false
74,2025-09-16 11:35:00,SHORT,24278,24305.08125,10,0.086,-56.16,false
74,2025-09-16 13:10:00,LONG,24297,24269.66875,3,0.117,-56.66,false
75,2025-09-16 14:55:00,LONG,24308.25,24283.66875,6,0.068,-51.16,false
75,2025-09-16 22:05:00,SHORT,24288.75,24309.33125,8,0.121,-43.16,false
74,2025-09-17 00:00:00,SHORT,24278.25,24298.58125,10,0.073,-42.66,false
79,2025-09-17 00:30:00,SHORT,24273.25,24288.08425,4,0.013,-31.67,false
79,2025-09-17 02:30:00,LONG,24284.75,24264.91575,2,0.128,-41.67,false
74,2025-09-17 03:00:00,LONG,24294,24273.16875,7,0.085,-43.66,false
75,2025-09-17 03:35:00,LONG,24304.75,24286.66875,1,0.036,-38.16,false
75,2025-09-17 04:20:00,SHORT,24287.5,24314.58125,1,1.309,88.34,true
74,2025-09-17 04:40:00,SHORT,24246.75,24303.83125,0,1.121,88.34,true
73,2025-09-17 04:45:00,SHORT,24261,24293.83125,10,0.066,-67.66,false
79,2025-09-17 04:45:00,SHORT,24261,24293.58425,0,0.066,-67.17,false
73,2025-09-17 05:10:00,LONG,24278.75,24257.66875,0,0.050,-44.16,false
73,2025-09-17 06:30:00,SHORT,24261.5,24280.58125,2,0.068,-40.16,false
73,2025-09-17 08:35:00,LONG,24278.25,24253.91875,5,0.103,-50.66,false
73,2025-09-17 09:45:00,SHORT,24256,24305.08125,3,1.164,88.34,true
70,2025-09-17 10:05:00,SHORT,24225.5,24305.04375,12,1.023,88.34,true
72,2025-09-17 10:10:00,SHORT,24233.5,24270.83125,4,0.457,88.34,true
71,2025-09-17 10:35:00,SHORT,24202.25,24244.58125,2,0.313,88.34,true
69,2025-09-17 12:00:00,SHORT,24161.75,24203.29375,2,0.126,-85.09,false
68,2025-09-17 12:10:00,SHORT,24160.5,24190.79375,2,0.120,-62.59,false
67,2025-09-17 12:45:00,SHORT,24144.5,24183.79375,5,0.005,-80.59,false
67,2025-09-17 13:30:00,LONG,24179.75,24143.20625,1,0.467,88.34,true
68,2025-09-17 13:40:00,LONG,24193.5,24156.45625,1,0.404,88.34,true
69,2025-09-17 13:45:00,LONG,24188,24164.20625,1,0.429,88.34,true
67,2025-09-17 14:40:00,SHORT,24080.25,24217.29375,1,0.353,88.34,true
66,2025-09-17 14:45:00,SHORT,24102.25,24217.29375,6,0.455,88.34,true
68,2025-09-17 14:45:00,SHORT,24102.25,24217.29375,1,0.455,88.34,true
69,2025-09-17 14:45:00,SHORT,24102.25,24217.29375,2,0.455,88.34,true
66,2025-09-17 15:10:00,LONG,24188.5,24023.45625,0,5.707,88.34,true
67,2025-09-17 15:10:00,LONG,24188.5,24023.45625,0,5.707,88.34,true
68,2025-09-17 15:15:00,LONG,24227.25,24139.20625,0,5.528,88.34,true
69,2025-09-17 15:15:00,LONG,24227.25,24139.20625,0,5.528,88.34,true
71,2025-09-17 15:30:00,LONG,24250.25,24184.41875,2,5.422,88.34,true
72,2025-09-17 15:30:00,LONG,24250.25,24184.41875,2,5.422,88.34,true
70,2025-09-17 18:10:00,LONG,24272.5,24238.45625,7,5.436,86.40,true
73,2025-09-17 18:30:00,LONG,24290.5,24243.91875,8,5.351,86.40,true
79,2025-09-17 18:35:00,LONG,24298.5,24266.66575,15,5.313,86.40,true
74,2025-09-17 18:40:00,LONG,24302.25,24275.41875,13,5.296,86.40,true
75,2025-09-17 18:55:00,LONG,24324.25,24284.16875,2,5.192,86.40,true
80,2025-09-17 18:55:00,LONG,24324.25,24292.16575,7,5.192,86.40,true
76,2025-09-17 19:00:00,LONG,24329.25,24293.66875,13,5.168,86.40,true
77,2025-09-17 21:45:00,LONG,24347.5,24327.66875,6,5.136,86.40,true
78,2025-09-17 22:45:00,LONG,24373.5,24341.16875,1,5.014,86.40,true
84,2025-09-18 04:25:00,LONG,24451,24428.00875,1,0.322,86.40,true
85,2025-09-18 07:20:00,LONG,24501.5,24455.75875,5,0.084,-93.48,false
85,2025-09-18 09:00:00,SHORT,24424.5,24520.24125,2,0.323,86.40,true
84,2025-09-18 09:50:00,SHORT,24416.25,24472.99125,1,0.083,-115.48,false
84,2025-09-18 10:10:00,LONG,24504.25,24394.50875,0,4.693,86.40,true
85,2025-09-18 10:15:00,LONG,24524.75,24446.00875,0,0.211,86.40,true
85,2025-09-18 15:35:00,SHORT,24470,24506.49125,7,0.271,86.40,true
85,2025-09-18 18:15:00,LONG,24491.25,24464.00875,1,0.057,-56.48,false
85,2025-09-18 18:45:00,SHORT,24478.25,24501.24125,1,0.000,-47.98,false
85,2025-09-18 19:25:00,LONG,24491.75,24477.75875,0,0.054,-29.98,false
85,2025-09-18 20:25:00,SHORT,24460.25,24498.24125,0,0.226,86.08,true
84,2025-09-19 03:05:00,SHORT,24421.75,24452.74125,4,0.000,-63.98,false
84,2025-09-19 04:05:00,LONG,24449.25,24429.50875,1,5.182,86.08,true
85,2025-09-19 08:10:00,LONG,24499,24473.50875,7,5.402,86.08,true
90,2025-09-29 08:55:00,LONG,25158.5,25140.2745,2,0.000,-38.45,false
90,2025-09-29 09:55:00,LONG,25196,25127.2745,0,0.138,-139.45,false
90,2025-09-29 11:25:00,SHORT,25127,25151.4755,0,0.696,86.08,true
94,2025-09-30 03:45:00,SHORT,25015.5,25065.9675,0,0.000,-102.93,false
95,2025-09-30 03:45:00,SHORT,25015.5,25065.9675,2,0.000,-102.93,false
93,2025-09-30 04:00:00,SHORT,25030,25045.9675,0,0.000,-33.93,false
95,2025-09-30 08:40:00,LONG,25085,25060.0325,1,0.048,-51.93,false
94,2025-09-30 09:45:00,SHORT,25035.5,25064.2175,1,0.280,80.70,true
95,2025-09-30 09:45:00,SHORT,25035.5,25064.2175,0,0.280,80.70,true
93,2025-09-30 10:55:00,LONG,25086.75,25037.0325,6,0.101,-101.43,false
94,2025-09-30 11:00:00,LONG,25104,25042.7825,3,0.014,-124.43,false
95,2025-09-30 11:35:00,SHORT,25026.25,25064.4675,1,0.057,-78.43,false
92,2025-09-30 13:25:00,SHORT,24985,25025.9675,7,0.000,-83.93,false
93,2025-09-30 14:40:00,LONG,25082.25,25038.0325,4,0.412,80.70,true
95,2025-09-30 14:45:00,LONG,25100,25060.7825,1,0.323,80.70,true
96,2025-09-30 15:35:00,LONG,25115,25092.2825,4,0.247,80.70,true
97,2025-09-30 16:00:00,LONG,25130,25093.0325,1,0.000,-75.93,false
97,2025-09-30 16:20:00,SHORT,25111.25,25125.4675,0,1.099,80.70,true
94,2025-09-30 23:05:00,SHORT,25019.5,25054.7175,2,0.635,80.93,true
93,2025-10-01 00:05:00,SHORT,25029.5,25044.7175,0,0.685,80.93,true
91,2025-10-01 02:55:00,SHORT,24893.25,24995.7175,2,0.000,-206.93,false
92,2025-10-01 08:00:00,LONG,25041.5,25015.2825,2,0.000,-54.43,false
93,2025-10-01 09:40:00,LONG,25059,24993.5325,2,2.922,80.93,true
94,2025-10-01 10:20:00,LONG,25110.5,25013.2825,1,2.663,80.93,true
100,2025-10-01 10:20:00,LONG,25110.5,25038.2715,2,2.663,80.93,true
95,2025-10-01 10:25:00,LONG,25130,25058.0325,2,2.565,80.93,true
97,2025-10-01 10:35:00,LONG,25148,25106.5325,1,2.475,80.93,true
90,2025-10-01 11:45:00,LONG,25176.25,25139.0245,2,2.333,80.93,true
102,2025-10-01 12:55:00,LONG,25204.25,25172.2715,0,2.192,80.93,true
98,2025-10-01 14:05:00,LONG,25259.5,25216.2825,2,0.891,80.93,true
103,2025-10-01 21:10:00,LONG,25310,25279.9075,1,0.563,83.30,true
106,2025-10-02 09:00:00,LONG,25415.75,25389.6575,0,0.046,-54.18,false
105,2025-10-02 09:45:00,SHORT,25276,25402.5925,0,0.153,-255.18,false
106,2025-10-02 09:45:00,SHORT,25276,25402.5925,0,0.153,-255.18,false
104,2025-10-02 09:55:00,SHORT,25307.75,25334.5925,3,0.308,83.30,true
104,2025-10-02 10:25:00,LONG,25328.5,25297.9075,1,0.000,-63.18,false
104,2025-10-02 10:55:00,SHORT,25278.75,25325.5925,1,0.166,-95.68,false
104,2025-10-02 13:25:00,LONG,25335,25311.4075,2,0.497,83.30,true
105,2025-10-02 20:35:00,LONG,25391,25357.1575,3,0.224,82.97,true
111,2025-10-02 20:55:00,LONG,25402,25375.92375,0,0.170,-54.15,false
112,2025-10-02 21:45:00,LONG,25405,25381.92375,0,0.156,-48.15,false
106,2025-10-02 23:30:00,LONG,25407.5,25392.4075,1,0.144,-32.18,false
107,2025-10-03 02:40:00,LONG,25434.5,25424.1575,1,0.000,-22.68,false
107,2025-10-03 07:30:00,SHORT,25388.25,25430.5925,0,1.040,82.97,true
112,2025-10-03 09:25:00,SHORT,25378.75,25396.82625,0,0.000,-38.15,false
105,2025-10-03 10:10:00,SHORT,25318.5,25366.8425,1,0.010,-98.68,false
110,2025-10-03 10:15:00,SHORT,25321.25,25347.07625,1,0.023,-53.65,false
110,2025-10-03 10:50:00,LONG,25363.25,25322.67375,0,0.185,-83.15,false
105,2025-10-03 13:10:00,SHORT,25329.5,25370.8425,3,0.752,82.97,true
110,2025-10-03 13:15:00,SHORT,25312,25346.82625,0,0.666,82.97,true
104,2025-10-03 13:30:00,SHORT,25288.5,25322.3425,2,0.551,82.97,true
103,2025-10-03 13:50:00,SHORT,25176.25,25286.0925,6,0.000,-221.68,false
109,2025-10-03 13:55:00,SHORT,25221.75,25286.07625,2,0.184,-130.65,false
108,2025-10-03 14:05:00,SHORT,25184.25,25252.07625,0,0.000,-137.65,false
116,2025-10-05 19:50:00,LONG,25328.25,25248.91575,0,0.954,83.13,true
103,2025-10-05 21:00:00,LONG,25307,25275.9075,1,1.058,83.13,true
104,2025-10-05 21:25:00,SHORT,25306.75,25320.3425,0,0.000,-29.18,false
104,2025-10-06 01:10:00,LONG,25337.25,25313.1575,0,0.087,-50.18,false
106,2025-10-06 08:10:00,LONG,25485.25,25394.9075,4,0.000,-182.68,false
122,2025-10-06 09:10:00,SHORT,25436.75,25448.83425,0,0.000,-26.17,false
107,2025-10-06 09:45:00,SHORT,25413.75,25448.5925,0,0.220,83.13,true
121,2025-10-06 09:45:00,SHORT,25413.75,25448.58425,2,0.220,83.13,true
120,2025-10-06 10:20:00,SHORT,25409.25,25448.58425,0,0.198,-80.67,false
119,2025-10-06 11:00:00,SHORT,25393.5,25430.83425,3,0.000,-76.67,false
111,2025-10-06 11:10:00,LONG,25411.25,25364.67375,9,0.547,83.13,true
112,2025-10-06 11:20:00,LONG,25408,25389.42375,6,0.448,83.13,true
107,2025-10-06 11:55:00,LONG,25461.5,25417.1575,1,0.186,-90.68,false
121,2025-10-06 12:05:00,LONG,25443.75,25425.91575,0,0.273,83.13,true
122,2025-10-06 13:30:00,LONG,25466.5,25439.91575,3,0.162,-55.17,false
121,2025-10-06 20:20:00,SHORT,25392.5,25447.83425,2,0.074,-112.67,false
122,2025-10-06 20:20:00,SHORT,25392.5,25447.83425,1,0.074,-112.67,false
123,2025-10-06 20:30:00,SHORT,25388.75,25433.9445,0,0.055,-92.39,false
106,2025-10-06 20:35:00,SHORT,25381.25,25405.0925,3,0.016,-49.68,false
112,2025-10-06 21:15:00,SHORT,25381.5,25396.57625,0,0.018,-32.15,false
112,2025-10-06 23:25:00,LONG,25409.25,25385.67375,0,0.577,80.22,true
119,2025-10-07 00:05:00,LONG,25416,25405.16575,1,0.076,-23.67,false
120,2025-10-07 00:50:00,LONG,25428.75,25406.91575,2,0.000,-45.67,false
120,2025-10-07 03:05:00,SHORT,25394,25416.83425,0,0.000,-47.67,false
124,2025-10-07 08:55:00,LONG,25502,25460.5555,0,0.106,-84.89,false
125,2025-10-07 10:35:00,SHORT,25444.5,25489.9445,2,1.047,80.22,true
126,2025-10-07 10:35:00,SHORT,25444.5,25489.9445,3,1.047,80.22,true
124,2025-10-07 10:50:00,SHORT,25441,25472.9445,0,1.029,80.22,true
122,2025-10-07 11:00:00,SHORT,25389,25466.33425,1,0.766,80.22,true
121,2025-10-07 11:05:00,SHORT,25327.5,25445.08425,1,0.454,80.22,true
123,2025-10-07 11:10:00,SHORT,25360.25,25444.9445,2,0.620,80.22,true
106,2025-10-07 11:15:00,SHORT,25346,25440.0925,1,0.548,80.22,true
107,2025-10-07 11:15:00,SHORT,25346,25440.0925,2,0.548,80.22,true
112,2025-10-07 11:15:00,SHORT,25346,25440.07625,1,0.548,80.22,true
119,2025-10-07 11:15:00,SHORT,25346,25440.08425,0,0.548,80.22,true
120,2025-10-07 11:15:00,SHORT,25346,25440.08425,0,0.548,80.22,true
111,2025-10-07 11:20:00,SHORT,25363.5,25384.07625,1,0.636,80.22,true
105,2025-10-07 11:35:00,SHORT,25270,25384.0925,0,0.162,-230.18,false
110,2025-10-07 11:40:00,SHORT,25285.25,25361.57625,2,0.240,80.22,true
118,2025-10-07 11:45:00,SHORT,25250,25320.83425,2,0.044,-143.67,false
117,2025-10-07 12:20:00,SHORT,25270.25,25320.83425,0,0.000,-103.17,false
109,2025-10-07 12:35:00,LONG,25327,25245.92375,5,0.023,-164.15,false
117,2025-10-07 12:40:00,LONG,25325.25,25269.91575,0,0.000,-112.67,false
103,2025-10-07 14:00:00,SHORT,25238,25286.5925,3,0.000,-99.18,false
103,2025-10-07 14:35:00,LONG,25292,25271.9075,0,1.766,80.22,true
118,2025-10-07 22:45:00,LONG,25328.75,25303.16575,3,0.045,-53.17,false
104,2025-10-07 23:35:00,LONG,25330,25303.1575,3,0.039,-55.68,false
104,2025-10-08 02:00:00,SHORT,25299.25,25324.0925,0,0.102,-51.68,false
118,2025-10-08 02:50:00,SHORT,25303.25,25319.08425,0,0.000,-33.67,false
110,2025-10-08 04:45:00,LONG,25358,25332.42375,2,0.000,-53.15,false
110,2025-10-08 09:40:00,LONG,25376.25,25328.92375,3,1.271,84.58,true
105,2025-10-08 09:45:00,LONG,25409.5,25332.9075,0,1.111,84.58,true
129,2025-10-08 09:45:00,LONG,25409.5,25332.84625,2,1.111,84.58,true
130,2025-10-08 09:45:00,LONG,25409.5,25332.84625,1,1.111,84.58,true
106,2025-10-08 09:55:00,LONG,25425.5,25368.9075,0,1.034,84.58,true
111,2025-10-08 10:00:00,LONG,25449.75,25376.17375,1,0.917,84.58,true
112,2025-10-08 10:00:00,LONG,25449.75,25376.17375,1,0.917,84.58,true
119,2025-10-08 10:00:00,LONG,25449.75,25376.16575,0,0.917,84.58,true
120,2025-10-08 10:05:00,LONG,25465,25395.41575,0,0.844,84.58,true
107,2025-10-08 10:10:00,LONG,25458,25408.1575,0,0.878,84.58,true
123,2025-10-08 10:10:00,LONG,25458,25408.3055,0,0.878,84.58,true
121,2025-10-08 10:20:00,LONG,25451,25422.91575,0,0.911,84.58,true
122,2025-10-08 10:20:00,LONG,25451,25422.91575,0,0.911,84.58,true
124,2025-10-08 11:50:00,LONG,25500,25456.5555,1,0.675,84.58,true
125,2025-10-08 11:55:00,LONG,25509.75,25475.8055,1,0.628,84.58,true
126,2025-10-08 12:05:00,LONG,25504.25,25475.8055,0,0.655,84.58,true
127,2025-10-08 12:10:00,LONG,25515.75,25495.0555,3,0.045,-43.39,false
131,2025-10-08 13:50:00,LONG,25525.25,25507.09625,2,0.554,84.58,true
133,2025-10-09 06:50:00,SHORT,25564.75,25581.387,2,0.000,-35.27,false
132,2025-10-09 10:15:00,SHORT,25519.5,25564.887,1,0.476,84.23,true
127,2025-10-09 10:40:00,SHORT,25456,25528.1945,2,0.169,-146.39,false
131,2025-10-09 10:40:00,SHORT,25456,25519.90375,2,0.169,-129.81,false
126,2025-10-09 10:45:00,SHORT,25478.75,25498.9445,1,0.000,-42.39,false
126,2025-10-09 11:05:00,LONG,25495.75,25483.3055,0,0.085,-26.89,false
126,2025-10-09 11:40:00,SHORT,25467.5,25504.9445,0,0.000,-76.89,false
126,2025-10-09 12:00:00,LONG,25516,25482.5555,0,0.000,-68.89,false
127,2025-10-09 12:00:00,LONG,25516,25482.5555,1,0.000,-68.89,false
125,2025-10-09 13:05:00,SHORT,25464.25,25495.4445,3,0.209,84.23,true
126,2025-10-09 13:05:00,SHORT,25464.25,25495.4445,2,0.209,84.23,true
124,2025-10-09 13:20:00,SHORT,25437,25479.1945,3,0.077,-86.39,false
122,2025-10-09 13:25:00,SHORT,25421,25464.08425,4,0.000,-88.17,false
123,2025-10-09 13:55:00,LONG,25465,25430.3055,1,0.798,84.23,true
122,2025-10-09 14:00:00,LONG,25451.75,25430.16575,0,0.862,84.23,true
127,2025-10-09 15:35:00,LONG,25526.5,25495.8055,2,0.500,84.23,true
132,2025-10-09 20:40:00,LONG,25574.5,25521.863,0,0.122,-107.27,false
133,2025-10-09 21:35:00,LONG,25596.5,25570.363,3,0.013,-54.27,false
139,2025-10-10 06:00:00,SHORT,25513.5,25567.08575,1,0.000,-109.17,false
132,2025-10-10 06:10:00,SHORT,25526,25539.137,0,0.000,-28.27,false
131,2025-10-10 07:10:00,LONG,25559.75,25501.59625,3,0.344,83.16,true
140,2025-10-10 09:00:00,SHORT,25554,25576.08575,3,0.005,-46.17,false
133,2025-10-10 09:45:00,LONG,25606,25548.863,2,0.044,-116.27,false
134,2025-10-10 09:45:00,LONG,25606,25548.863,7,0.044,-116.27,false
140,2025-10-10 09:45:00,LONG,25606,25548.91425,0,0.044,-116.17,false
141,2025-10-10 09:45:00,LONG,25606,25548.91425,2,0.044,-116.17,false
134,2025-10-10 11:05:00,SHORT,25236.5,25592.887,1,4.095,83.16,true
141,2025-10-10 11:05:00,SHORT,25236.5,25592.83575,1,4.095,83.16,true
106,2025-10-10 11:10:00,SHORT,25305,25592.8425,0,4.430,83.16,true
107,2025-10-10 11:10:00,SHORT,25305,25592.8425,2,4.430,83.16,true
111,2025-10-10 11:10:00,SHORT,25305,25592.82625,0,4.430,83.16,true
112,2025-10-10 11:10:00,SHORT,25305,25592.82625,0,4.430,83.16,true
119,2025-10-10 11:10:00,SHORT,25305,25592.83425,0,4.430,83.16,true
120,2025-10-10 11:10:00,SHORT,25305,25592.83425,0,4.430,83.16,true
121,2025-10-10 11:10:00,SHORT,25305,25592.83425,3,4.430,83.16,true
122,2025-10-10 11:10:00,SHORT,25305,25592.83425,1,4.430,83.16,true
123,2025-10-10 11:10:00,SHORT,25305,25592.6945,1,4.430,83.16,true
124,2025-10-10 11:10:00,SHORT,25305,25592.6945,1,4.430,83.16,true
125,2025-10-10 11:10:00,SHORT,25305,25592.6945,0,4.430,83.16,true
126,2025-10-10 11:10:00,SHORT,25305,25592.6945,0,4.430,83.16,true
127,2025-10-10 11:10:00,SHORT,25305,25592.6945,0,4.430,83.16,true
131,2025-10-10 11:10:00,SHORT,25305,25592.90375,0,4.430,83.16,true
132,2025-10-10 11:10:00,SHORT,25305,25592.887,0,4.430,83.16,true
133,2025-10-10 11:10:00,SHORT,25305,25592.887,2,4.430,83.16,true
138,2025-10-10 11:10:00,SHORT,25305,25592.83575,1,4.430,83.16,true
139,2025-10-10 11:10:00,SHORT,25305,25592.83575,3,4.430,83.16,true
140,2025-10-10 11:10:00,SHORT,25305,25592.83575,1,4.430,83.16,true
104,2025-10-10 11:15:00,SHORT,25176.75,25390.5925,1,3.802,83.16,true
105,2025-10-10 11:15:00,SHORT,25176.75,25390.5925,0,3.802,83.16,true
110,2025-10-10 11:15:00,SHORT,25176.75,25390.57625,0,3.802,83.16,true
118,2025-10-10 11:15:00,SHORT,25176.75,25390.58425,2,3.802,83.16,true
129,2025-10-10 11:15:00,SHORT,25176.75,25390.65375,0,3.802,83.16,true
130,2025-10-10 11:15:00,SHORT,25176.75,25390.65375,0,3.802,83.16,true
98,2025-10-10 11:30:00,SHORT,24932.75,25323.9675,2,2.608,83.16,true
102,2025-10-10 11:30:00,SHORT,24932.75,25323.9785,2,2.608,83.16,true
103,2025-10-10 11:30:00,SHORT,24932.75,25324.0925,6,2.608,83.16,true
108,2025-10-10 11:30:00,SHORT,24932.75,25324.07625,6,2.608,83.16,true
109,2025-10-10 11:30:00,SHORT,24932.75,25324.07625,5,2.608,83.16,true
114,2025-10-10 11:30:00,SHORT,24932.75,25324.08425,0,2.608,83.16,true
115,2025-10-10 11:30:00,SHORT,24932.75,25324.08425,0,2.608,83.16,true
116,2025-10-10 11:30:00,SHORT,24932.75,25324.08425,4,2.608,83.16,true
117,2025-10-10 11:30:00,SHORT,24932.75,25324.08425,6,2.608,83.16,true
128,2025-10-10 11:30:00,SHORT,24932.75,25324.15375,1,2.608,83.16,true
137,2025-10-10 11:30:00,SHORT,24932.75,25324.08575,0,2.608,83.16,true
90,2025-10-10 11:35:00,SHORT,24982.25,25203.2255,0,2.850,83.16,true
96,2025-10-10 11:35:00,SHORT,24982.25,25202.9675,3,2.850,83.16,true
97,2025-10-10 11:35:00,SHORT,24982.25,25202.9675,0,2.850,83.16,true
100,2025-10-10 11:35:00,SHORT,24982.25,25202.9785,0,2.850,83.16,true
101,2025-10-10 11:35:00,SHORT,24982.25,25202.9785,3,2.850,83.16,true
95,2025-10-10 12:10:00,SHORT,25055,25091.9675,2,3.206,83.16,true
93,2025-10-10 12:40:00,SHORT,24980,25077.2175,5,2.839,83.16,true
92,2025-10-10 12:50:00,SHORT,24922.5,25089.4675,8,2.558,83.16,true
91,2025-10-10 12:55:00,SHORT,24888.75,24983.9675,2,0.184,-192.43,false
113,2025-10-10 13:10:00,SHORT,24868.25,24932.08425,0,0.038,-129.67,false
113,2025-10-10 13:30:00,LONG,24966.25,24856.41575,0,0.105,-221.67,false
113,2025-10-12 18:15:00,LONG,24951.25,24805.41575,2,1.364,98.48,true
145,2025-10-12 18:15:00,LONG,24951.25,24804.6795,0,1.364,98.48,true
146,2025-10-12 19:35:00,LONG,24976.25,24946.4295,2,1.260,98.48,true
99,2025-10-12 20:00:00,LONG,25005,24991.0215,7,0.705,98.48,true
92,2025-10-12 20:40:00,LONG,25045,25008.0325,0,0.539,98.48,true
93,2025-10-12 20:50:00,LONG,25060,25031.0325,1,0.108,-59.93,false
94,2025-10-12 21:05:00,LONG,25077,25044.5325,4,0.037,-66.93,false
95,2025-10-12 21:10:00,LONG,25067,25056.0325,2,0.079,-23.93,false
147,2025-10-12 21:40:00,LONG,25086,25060.4295,0,0.000,-53.14,false
100,2025-10-12 22:25:00,LONG,25085,25061.2715,3,0.000,-49.46,false
95,2025-10-12 23:40:00,SHORT,25041.5,25066.9675,1,0.101,-52.93,false
147,2025-10-12 23:40:00,SHORT,25041.5,25067.8205,1,0.101,-54.64,false
94,2025-10-12 23:50:00,SHORT,25017.25,25063.9675,0,0.000,-95.43,false
93,2025-10-12 23:55:00,SHORT,25019.5,25049.4675,0,0.000,-61.93,false
94,2025-10-13 02:55:00,LONG,25090,25043.2825,0,0.353,98.48,true
147,2025-10-13 03:00:00,LONG,25102.5,25057.9295,2,0.301,98.48,true
100,2025-10-13 03:05:00,LONG,25114.75,25058.7715,3,0.250,98.48,true
96,2025-10-13 03:20:00,LONG,25150,25092.0325,1,0.104,-117.93,false
97,2025-10-13 03:45:00,LONG,25147.75,25116.0325,1,0.000,-65.43,false
90,2025-10-13 04:40:00,SHORT,25101.75,25151.9755,0,0.525,98.48,true
101,2025-10-13 04:45:00,SHORT,25091.75,25140.7285,1,0.483,98.48,true
148,2025-10-13 04:45:00,SHORT,25091.75,25141.5705,0,0.483,98.48,true
100,2025-10-13 07:15:00,SHORT,25035,25103.9785,0,0.228,98.48,true
93,2025-10-13 07:20:00,SHORT,25020.5,25068.4675,1,0.168,-97.93,false
94,2025-10-13 07:20:00,SHORT,25020.5,25068.4675,0,0.168,-97.93,false
95,2025-10-13 07:20:00,SHORT,25020.5,25068.4675,2,0.168,-97.93,false
147,2025-10-13 07:20:00,SHORT,25020.5,25069.3205,0,0.168,-99.64,false
92,2025-10-13 07:35:00,SHORT,25000,25030.9675,2,0.000,-63.93,false
93,2025-10-13 08:25:00,LONG,25056,25032.2825,1,0.245,98.48,true
94,2025-10-13 09:25:00,LONG,25072.5,25042.2825,2,0.041,-62.43,false
147,2025-10-13 09:25:00,LONG,25072.5,25041.4295,3,0.041,-64.14,false
147,2025-10-13 09:45:00,SHORT,25059.75,25087.3205,0,0.000,-57.14,false
92,2025-10-13 09:55:00,LONG,25127.5,24977.5325,1,0.633,98.48,true
100,2025-10-13 10:00:00,LONG,25145,25015.7715,3,0.021,-260.46,false
147,2025-10-13 10:05:00,LONG,25134,25064.6795,0,0.000,-140.64,false
96,2025-10-13 10:10:00,LONG,25125.5,25100.2825,6,0.000,-52.43,false
97,2025-10-13 10:10:00,LONG,25125.5,25100.2825,1,0.000,-52.43,false
94,2025-10-13 11:05:00,SHORT,25015,25083.9675,3,0.000,-139.93,false
95,2025-10-13 11:05:00,SHORT,25015,25083.9675,4,0.000,-139.93,false
100,2025-10-13 11:05:00,SHORT,25015,25083.9785,1,0.000,-139.96,false
147,2025-10-13 11:05:00,SHORT,25015,25084.8205,1,0.000,-141.64,false
94,2025-10-13 11:25:00,LONG,25120,25033.7825,0,0.664,98.48,true
95,2025-10-13 11:25:00,LONG,25120,25033.7825,0,0.664,98.48,true
100,2025-10-13 11:25:00,LONG,25120,25033.7715,0,0.664,98.48,true
147,2025-10-13 11:25:00,LONG,25120,25032.9295,0,0.664,98.48,true
96,2025-10-13 11:30:00,LONG,25127.75,25074.0325,1,0.632,98.48,true
148,2025-10-13 12:15:00,LONG,25156.5,25121.9295,3,0.512,98.48,true
102,2025-10-13 15:00:00,SHORT,25130.25,25192.4785,1,0.000,-126.46,false
114,2025-10-13 15:00:00,SHORT,25130.25,25192.58425,2,0.000,-126.67,false
102,2025-10-13 20:20:00,LONG,25220,25166.0215,0,0.258,94.93,true
114,2025-10-13 20:20:00,LONG,25220,25165.91575,1,0.258,94.93,true
115,2025-10-13 20:30:00,LONG,25280,25190.91575,2,0.000,-180.17,false
137,2025-10-13 20:30:00,LONG,25280,25190.91425,0,0.000,-180.17,false
153,2025-10-13 20:30:00,LONG,25280,25190.3495,0,0.000,-181.30,false
98,2025-10-13 23:30:00,SHORT,25158.75,25225.4675,0,2.145,94.93,true
152,2025-10-14 00:10:00,SHORT,25080,25162.6505,2,1.806,94.93,true
97,2025-10-14 00:15:00,SHORT,25058,25143.9675,2,1.712,94.93,true
101,2025-10-14 00:15:00,SHORT,25058,25143.9785,8,1.712,94.93,true
148,2025-10-14 00:15:00,SHORT,25058,25144.8205,2,1.712,94.93,true
96,2025-10-14 00:20:00,SHORT,25045,25121.7175,1,1.656,94.93,true
95,2025-10-14 00:30:00,SHORT,24995,25071.2175,0,1.441,94.93,true
100,2025-10-14 00:30:00,SHORT,24995,25071.2285,0,1.441,94.93,true
147,2025-10-14 00:30:00,SHORT,24995,25072.0705,0,1.441,94.93,true
94,2025-10-14 00:45:00,SHORT,25030,25058.9675,0,1.591,94.93,true
91,2025-10-14 01:55:00,SHORT,24950,25005.4675,6,1.247,94.93,true
99,2025-10-14 01:55:00,SHORT,24950,25005.4785,6,1.247,94.93,true
146,2025-10-14 01:55:00,SHORT,24950,25006.3205,0,1.247,94.93,true
91,2025-10-14 02:35:00,SHORT,24941.5,24993.9675,0,1.211,94.93,true
146,2025-10-14 02:45:00,SHORT,24916,24994.8205,0,1.101,94.93,true
145,2025-10-14 06:55:00,SHORT,24770,24814.8205,0,0.000,-91.64,false
145,2025-10-14 09:45:00,SHORT,24734,24855.3205,1,0.146,-244.64,false
145,2025-10-14 10:10:00,LONG,24860,24776.4295,0,2.395,94.93,true
113,2025-10-14 10:35:00,LONG,24965.75,24880.91575,2,1.941,94.93,true
91,2025-10-14 11:50:00,LONG,25071,24941.2825,1,0.471,94.93,true
99,2025-10-14 11:50:00,LONG,25071,24941.2715,1,0.471,94.93,true
146,2025-10-14 11:50:00,LONG,25071,24940.4295,3,0.471,94.93,true
92,2025-10-14 11:55:00,LONG,25052,24941.5325,1,0.553,94.93,true
93,2025-10-14 12:25:00,LONG,25105,25025.0325,9,0.325,94.93,true
94,2025-10-14 12:30:00,LONG,25125,25038.2825,3,0.239,94.93,true
95,2025-10-14 12:30:00,LONG,25125,25038.2825,1,0.239,94.93,true
147,2025-10-14 12:30:00,LONG,25125,25037.4295,1,0.239,94.93,true
96,2025-10-14 12:40:00,LONG,25150,25081.0325,0,0.131,-139.93,false
90,2025-10-14 12:50:00,LONG,25168.5,25124.2745,6,0.000,-90.45,false
101,2025-10-14 12:50:00,LONG,25168.5,25124.5215,0,0.000,-89.96,false
148,2025-10-14 12:50:00,LONG,25168.5,25120.1795,0,0.000,-98.64,false
152,2025-10-14 13:40:00,LONG,25160.75,25147.3495,2,0.018,-28.80,false
101,2025-10-14 15:40:00,SHORT,24956.5,25158.9785,5,0.096,-406.96,false
148,2025-10-14 15:45:00,SHORT,24980,25134.8205,3,0.151,-311.64,false
92,2025-10-14 15:50:00,SHORT,25000,25113.7175,0,0.237,94.93,true
93,2025-10-14 15:50:00,SHORT,25000,25113.7175,0,0.237,94.93,true
94,2025-10-14 15:50:00,SHORT,25000,25113.7175,0,0.237,94.93,true
95,2025-10-14 15:50:00,SHORT,25000,25113.7175,0,0.237,94.93,true
96,2025-10-14 15:50:00,SHORT,25000,25113.7175,0,0.237,94.93,true
100,2025-10-14 15:50:00,SHORT,25000,25113.7285,1,0.237,94.93,true
147,2025-10-14 15:50:00,SHORT,25000,25114.5705,0,0.237,94.93,true
99,2025-10-14 16:20:00,SHORT,24953.5,25030.4785,1,0.000,-155.96,false
99,2025-10-14 18:35:00,LONG,25011,24987.0215,0,0.174,-49.96,false
92,2025-10-14 21:20:00,LONG,25036,25011.0325,3,1.257,103.12,true
93,2025-10-14 22:10:00,LONG,25065,25032.0325,1,1.142,103.12,true
94,2025-10-14 22:25:00,LONG,25084.25,25044.0325,1,0.000,-82.43,false
94,2025-10-15 01:10:00,LONG,25129.75,25047.0325,1,0.885,103.12,true
95,2025-10-15 01:15:00,LONG,25145,25056.0325,2,0.825,103.12,true
96,2025-10-15 01:20:00,LONG,25154.75,25082.7825,0,0.786,103.12,true
148,2025-10-15 01:25:00,LONG,25135,25124.9295,0,0.000,-22.14,false
152,2025-10-15 04:50:00,LONG,25164,25145.3495,5,0.385,103.12,true
153,2025-10-15 08:10:00,LONG,25250,25200.3495,1,0.044,-101.30,false
98,2025-10-15 08:20:00,LONG,25258.5,25215.0325,0,0.010,-88.93,false
137,2025-10-15 08:20:00,LONG,25258.5,25214.91425,0,0.010,-89.17,false
108,2025-10-15 08:50:00,LONG,25248.5,25235.17375,2,0.050,-28.65,false
116,2025-10-15 09:35:00,SHORT,25189.75,25260.08425,4,0.222,103.12,true
108,2025-10-15 09:40:00,SHORT,25179.75,25251.32625,0,0.182,-145.15,false
128,2025-10-15 09:40:00,SHORT,25179.75,25251.40375,3,0.182,-145.31,false
98,2025-10-15 09:45:00,SHORT,25146.5,25228.7175,0,0.000,-166.43,false
115,2025-10-15 09:45:00,SHORT,25146.5,25228.83425,0,0.000,-166.67,false
137,2025-10-15 09:45:00,SHORT,25146.5,25228.83575,0,0.000,-166.67,false
153,2025-10-15 09:45:00,SHORT,25146.5,25229.4005,0,0.000,-167.80,false
115,2025-10-15 10:05:00,LONG,25337,25151.16575,0,0.063,-373.67,false
137,2025-10-15 10:05:00,LONG,25337,25151.16425,0,0.063,-373.67,false
153,2025-10-15 10:05:00,LONG,25337,25150.5995,0,0.063,-374.80,false
108,2025-10-15 10:10:00,LONG,25320,25226.92375,0,0.123,-188.15,false
116,2025-10-15 10:10:00,LONG,25320,25226.91575,0,0.123,-188.17,false
128,2025-10-15 10:10:00,LONG,25320,25226.84625,0,0.123,-188.31,false
103,2025-10-15 10:15:00,LONG,25319,25259.6575,1,0.127,-120.68,false
109,2025-10-15 10:15:00,LONG,25319,25259.67375,0,0.127,-120.65,false
118,2025-10-15 10:20:00,LONG,25340,25310.91575,0,0.044,-60.17,false
104,2025-10-15 10:30:00,LONG,25348.75,25310.9075,0,0.005,-77.68,false
110,2025-10-15 10:35:00,LONG,25348.25,25314.92375,1,0.007,-68.65,false
109,2025-10-15 11:45:00,SHORT,25168,25276.07625,0,1.030,103.12,true
116,2025-10-15 11:45:00,SHORT,25168,25276.08425,0,1.030,103.12,true
98,2025-10-15 11:50:00,SHORT,25162.25,25248.4675,0,1.007,103.12,true
108,2025-10-15 11:50:00,SHORT,25162.25,25248.57625,0,1.007,103.12,true
128,2025-10-15 11:50:00,SHORT,25162.25,25248.65375,0,1.007,103.12,true
137,2025-10-15 11:50:00,SHORT,25162.25,25248.58575,0,1.007,103.12,true
115,2025-10-15 11:55:00,SHORT,25180,25239.58425,0,1.078,103.12,true
153,2025-10-15 11:55:00,SHORT,25180,25240.1505,0,1.078,103.12,true
102,2025-10-15 12:55:00,SHORT,25155,25185.9785,7,0.979,103.12,true
114,2025-10-15 12:55:00,SHORT,25155,25186.08425,8,0.979,103.12,true
90,2025-10-15 13:10:00,SHORT,24964,25166.2255,10,0.221,103.12,true
152,2025-10-15 13:10:00,SHORT,24964,25166.6505,3,0.221,103.12,true
96,2025-10-15 13:15:00,SHORT,24974,25138.9675,0,0.000,-331.93,false
97,2025-10-15 13:15:00,SHORT,24974,25138.9675,4,0.000,-331.93,false
148,2025-10-15 13:15:00,SHORT,24974,25139.8205,3,0.000,-333.64,false
93,2025-10-15 13:20:00,SHORT,25000,25077.9675,2,0.083,-157.93,false
94,2025-10-15 13:20:00,SHORT,25000,25077.9675,0,0.083,-157.93,false
95,2025-10-15 13:20:00,SHORT,25000,25077.9675,0,0.083,-157.93,false
100,2025-10-15 13:20:00,SHORT,25000,25077.9785,1,0.083,-157.96,false
147,2025-10-15 13:20:00,SHORT,25000,25078.8205,1,0.083,-159.64,false
157,2025-10-15 13:20:00,SHORT,25000,25079.043,2,0.083,-160.09,false
92,2025-10-15 13:25:00,SHORT,24979,25023.4675,0,0.000,-90.93,false
92,2025-10-15 13:45:00,LONG,25106,24983.5325,0,1.233,103.12,true
94,2025-10-15 13:50:00,LONG,25140.25,25041.7825,0,1.098,103.12,true
157,2025-10-15 13:50:00,LONG,25140.25,25040.707,0,1.098,103.12,true
95,2025-10-15 13:55:00,LONG,25145,25051.0325,0,1.079,103.12,true
100,2025-10-15 13:55:00,LONG,25145,25051.0215,0,1.079,103.12,true
147,2025-10-15 13:55:00,LONG,25145,25050.1795,0,1.079,103.12,true
96,2025-10-15 14:00:00,LONG,25112.5,25081.2825,0,1.208,103.12,true
148,2025-10-15 14:25:00,LONG,25140.25,25119.9295,1,0.217,103.12,true
90,2025-10-15 14:40:00,LONG,25165.75,25136.0245,2,0.116,-61.45,false
101,2025-10-15 14:40:00,LONG,25165.75,25126.0215,4,0.116,-81.46,false
152,2025-10-15 14:40:00,LONG,25165.75,25135.5995,1,0.116,-62.30,false
90,2025-10-15 16:25:00,LONG,25185.25,25095.7745,1,0.919,103.12,true
101,2025-10-15 16:25:00,LONG,25185.25,25096.0215,1,0.919,103.12,true
148,2025-10-15 16:25:00,LONG,25185.25,25095.1795,1,0.919,103.12,true
152,2025-10-15 16:25:00,LONG,25185.25,25095.3495,1,0.919,103.12,true
115,2025-10-15 18:15:00,LONG,25226.75,25195.41575,3,0.000,-64.67,false
153,2025-10-15 18:15:00,LONG,25226.75,25194.8495,3,0.000,-65.80,false
115,2025-10-15 20:25:00,SHORT,25158,25205.08425,0,0.092,-96.17,false
153,2025-10-15 20:25:00,SHORT,25158,25211.1505,0,0.092,-108.30,false
102,2025-10-16 01:40:00,LONG,25202,25176.0215,6,0.808,108.97,true
114,2025-10-16 01:40:00,LONG,25202,25175.91575,7,0.808,108.97,true
98,2025-10-16 03:30:00,LONG,25228,25218.0325,1,0.710,108.97,true
149,2025-10-16 07:40:00,LONG,25305.75,25293.6795,1,0.031,-26.14,false
118,2025-10-16 08:55:00,LONG,25330,25302.16575,4,0.056,-57.67,false
118,2025-10-16 10:40:00,LONG,25416.5,25290.41575,3,0.002,-254.17,false
110,2025-10-16 10:45:00,LONG,25392.25,25324.17375,5,0.000,-138.15,false
129,2025-10-16 10:45:00,LONG,25392.25,25324.09625,4,0.000,-138.31,false
159,2025-10-16 10:45:00,LONG,25392.25,25322.92625,2,0.000,-140.65,false
105,2025-10-16 10:50:00,LONG,25371.5,25345.9075,1,0.019,-53.18,false
130,2025-10-16 10:50:00,LONG,25371.5,25345.84625,1,0.019,-53.31,false
105,2025-10-16 11:25:00,SHORT,25282,25380.5925,0,2.389,108.97,true
129,2025-10-16 11:25:00,SHORT,25282,25380.65375,0,2.389,108.97,true
130,2025-10-16 11:25:00,SHORT,25282,25380.65375,0,2.389,108.97,true
110,2025-10-16 11:30:00,SHORT,25298.75,25344.32625,0,2.452,108.97,true
159,2025-10-16 11:30:00,SHORT,25298.75,25345.57375,0,2.452,108.97,true
104,2025-10-16 11:40:00,SHORT,25250.5,25323.5925,10,2.271,108.97,true
118,2025-10-16 11:40:00,SHORT,25250.5,25323.58425,0,2.271,108.97,true
149,2025-10-16 11:50:00,SHORT,25247.75,25324.3205,6,2.261,108.97,true
116,2025-10-16 11:55:00,SHORT,25206.5,25270.08425,1,2.106,108.97,true
153,2025-10-16 12:25:00,SHORT,25113.25,25239.9005,2,1.755,108.97,true
102,2025-10-16 12:30:00,SHORT,24994.5,25239.2285,1,1.309,108.97,true
114,2025-10-16 12:30:00,SHORT,24994.5,25239.33425,1,1.309,108.97,true
115,2025-10-16 12:30:00,SHORT,24994.5,25239.33425,2,1.309,108.97,true
158,2025-10-16 12:30:00,SHORT,24994.5,25240.57375,3,1.309,108.97,true
90,2025-10-16 12:40:00,SHORT,25045,25151.7255,3,0.208,108.97,true
97,2025-10-16 12:40:00,SHORT,25045,25151.4675,3,0.208,108.97,true
101,2025-10-16 12:40:00,SHORT,25045,25151.4785,2,0.208,108.97,true
148,2025-10-16 12:40:00,SHORT,25045,25152.3205,1,0.208,108.97,true
152,2025-10-16 12:40:00,SHORT,25045,25152.1505,4,0.208,108.97,true
94,2025-10-16 12:45:00,SHORT,25045.5,25082.2175,0,0.000,-75.43,false
95,2025-10-16 12:45:00,SHORT,25045.5,25082.2175,0,0.000,-75.43,false
100,2025-10-16 12:45:00,SHORT,25045.5,25082.2285,0,0.000,-75.46,false
147,2025-10-16 12:45:00,SHORT,25045.5,25083.0705,0,0.000,-77.14,false
157,2025-10-16 12:45:00,SHORT,25045.5,25083.293,0,0.000,-77.59,false
94,2025-10-16 13:05:00,LONG,25126.75,25046.0325,0,0.264,108.97,true
95,2025-10-16 13:05:00,LONG,25126.75,25046.0325,0,0.264,108.97,true
100,2025-10-16 13:05:00,LONG,25126.75,25046.0215,0,0.264,108.97,true
147,2025-10-16 13:05:00,LONG,25126.75,25045.1795,0,0.264,108.97,true
157,2025-10-16 13:05:00,LONG,25126.75,25044.957,0,0.264,108.97,true
96,2025-10-16 13:10:00,LONG,25151.5,25100.0325,1,0.171,-104.93,false
97,2025-10-16 13:15:00,LONG,25185,25063.2825,0,0.017,-245.43,false
97,2025-10-16 14:00:00,SHORT,25052.5,25133.9675,1,1.527,108.97,true
96,2025-10-16 14:10:00,SHORT,24948.5,25124.2175,0,1.136,108.97,true
94,2025-10-16 14:15:00,SHORT,24908,25111.9675,0,0.984,108.97,true
95,2025-10-16 14:15:00,SHORT,24908,25111.9675,0,0.984,108.97,true
100,2025-10-16 14:15:00,SHORT,24908,25111.9785,1,0.984,108.97,true
147,2025-10-16 14:15:00,SHORT,24908,25112.8205,1,0.984,108.97,true
157,2025-10-16 14:15:00,SHORT,24908,25113.043,0,0.984,108.97,true
92,2025-10-16 14:20:00,SHORT,24968,25043.2175,2,0.317,108.97,true
93,2025-10-16 14:20:00,SHORT,24968,25043.2175,2,0.317,108.97,true
91,2025-10-16 14:25:00,SHORT,24921,25014.2175,3,0.141,-188.43,false
99,2025-10-16 14:25:00,SHORT,24921,25014.2285,4,0.141,-188.46,false
146,2025-10-16 14:50:00,LONG,25028.5,24927.6795,5,0.193,-203.64,false
156,2025-10-16 14:50:00,LONG,25028.5,24927.457,2,0.193,-204.09,false
91,2025-10-16 14:55:00,LONG,25042.75,24928.5325,0,0.140,-230.43,false
99,2025-10-16 15:00:00,LONG,25025,24928.5215,0,0.207,-194.96,false
92,2025-10-16 15:55:00,LONG,25060,24999.0325,2,0.064,-123.93,false
94,2025-10-16 16:05:00,LONG,25059.25,25043.7825,1,0.000,-32.93,false
92,2025-10-16 19:50:00,SHORT,24981,25024.2175,1,0.000,-88.43,false
161,2025-10-16 21:15:00,LONG,25065,25007.35825,0,0.000,-117.28,false
93,2025-10-16 21:20:00,LONG,25050,25038.7825,2,0.000,-24.43,false
146,2025-10-17 01:30:00,SHORT,24885,24977.5705,1,0.847,115.60,true
145,2025-10-17 03:10:00,SHORT,24758.25,24835.8205,1,0.398,115.60,true
155,2025-10-17 04:10:00,SHORT,24683,24734.793,2,0.131,-105.59,false
145,2025-10-17 07:10:00,LONG,24950,24801.1795,0,5.459,115.60,true
113,2025-10-17 07:25:00,LONG,24955,24858.66575,3,5.442,115.60,true
160,2025-10-17 07:25:00,LONG,24955,24857.10825,1,5.442,115.60,true
156,2025-10-17 08:15:00,LONG,25002,24929.707,4,0.174,-146.59,false
91,2025-10-17 10:00:00,LONG,25110,24916.2825,4,5.101,115.60,true
161,2025-10-17 10:00:00,LONG,25110,24914.60825,4,5.101,115.60,true
93,2025-10-17 10:05:00,LONG,25059,25035.5325,2,0.500,115.60,true
94,2025-10-17 10:05:00,LONG,25059,25035.5325,2,0.500,115.60,true
95,2025-10-17 10:20:00,LONG,25161,25024.2825,2,0.032,-275.43,false
157,2025-10-17 10:20:00,LONG,25161,25023.207,2,0.032,-277.59,false
96,2025-10-17 10:25:00,LONG,25150,25071.5325,2,0.000,-158.93,false
97,2025-10-17 10:25:00,LONG,25150,25071.5325,1,0.000,-158.93,false
148,2025-10-17 10:25:00,LONG,25150,25070.6795,3,0.000,-160.64,false
162,2025-10-17 10:25:00,LONG,25150,25069.85825,1,0.000,-162.28,false
96,2025-10-17 10:45:00,SHORT,25090,25138.2175,0,0.612,115.60,true
97,2025-10-17 10:45:00,SHORT,25090,25138.2175,0,0.612,115.60,true
148,2025-10-17 10:45:00,SHORT,25090,25139.0705,0,0.612,115.60,true
162,2025-10-17 10:45:00,SHORT,25090,25139.89175,0,0.612,115.60,true
95,2025-10-17 11:05:00,SHORT,25055,25104.4675,1,0.488,115.60,true
100,2025-10-17 11:05:00,SHORT,25055,25104.4785,5,0.488,115.60,true
147,2025-10-17 11:05:00,SHORT,25055,25105.3205,5,0.488,115.60,true
92,2025-10-17 11:25:00,SHORT,24984.75,25078.9675,3,0.239,115.60,true
93,2025-10-17 11:25:00,SHORT,24984.75,25078.9675,2,0.239,115.60,true
94,2025-10-17 11:25:00,SHORT,24984.75,25078.9675,2,0.239,115.60,true
99,2025-10-17 11:25:00,SHORT,24984.75,25078.9785,6,0.239,115.60,true
161,2025-10-17 11:25:00,SHORT,24984.75,25080.64175,1,0.239,115.60,true
92,2025-10-17 11:55:00,LONG,25101,25005.0325,0,5.194,115.60,true
161,2025-10-17 11:55:00,LONG,25101,25003.35825,0,5.194,115.60,true
93,2025-10-17 12:00:00,LONG,25155.25,25025.2825,0,5.002,115.60,true
94,2025-10-17 12:00:00,LONG,25155.25,25025.2825,0,5.002,115.60,true
95,2025-10-17 12:00:00,LONG,25155.25,25025.2825,1,5.002,115.60,true
100,2025-10-17 12:00:00,LONG,25155.25,25025.2715,1,5.002,115.60,true
147,2025-10-17 12:00:00,LONG,25155.25,25024.4295,1,5.002,115.60,true
157,2025-10-17 12:00:00,LONG,25155.25,25024.207,2,5.002,115.60,true
96,2025-10-17 12:10:00,LONG,25162,25097.0325,1,0.171,-131.93,false
90,2025-10-17 12:15:00,LONG,25188,25109.7745,4,0.079,-158.45,false
97,2025-10-17 12:15:00,LONG,25188,25110.0325,0,0.079,-157.93,false
101,2025-10-17 12:15:00,LONG,25188,25110.0215,4,0.079,-157.96,false
148,2025-10-17 12:15:00,LONG,25188,25109.1795,0,0.079,-159.64,false
152,2025-10-17 12:15:00,LONG,25188,25109.3495,5,0.079,-159.30,false
90,2025-10-17 13:05:00,SHORT,25108,25205.9755,2,0.082,-197.95,false
152,2025-10-17 13:05:00,SHORT,25108,25206.4005,2,0.082,-198.80,false
101,2025-10-17 13:10:00,SHORT,25131.75,25205.7285,0,0.166,-149.96,false
148,2025-10-17 13:25:00,SHORT,25115,25152.8205,0,0.094,-77.64,false
90,2025-10-17 14:05:00,LONG,25211.25,25140.7745,1,1.399,115.60,true
152,2025-10-17 14:05:00,LONG,25211.25,25140.3495,1,1.399,115.60,true
102,2025-10-17 14:15:00,LONG,25240,25153.5215,5,1.297,115.60,true
114,2025-10-17 14:15:00,LONG,25240,25175.16575,6,1.297,115.60,true
115,2025-10-17 14:15:00,LONG,25240,25175.16575,4,1.297,115.60,true
153,2025-10-17 14:15:00,LONG,25240,25174.5995,3,1.297,115.60,true
158,2025-10-17 14:15:00,LONG,25240,25173.92625,7,1.297,115.60,true
137,2025-10-17 14:20:00,LONG,25262,25197.91425,5,1.219,115.60,true
98,2025-10-17 14:25:00,LONG,25248.75,25204.7825,3,0.196,-89.93,false
108,2025-10-17 14:30:00,LONG,25250,25222.92375,2,0.191,-56.15,false
128,2025-10-17 14:30:00,LONG,25250,25222.84625,4,0.191,-56.31,false
98,2025-10-19 20:50:00,LONG,25286,25215.0325,0,1.087,120.73,true
137,2025-10-19 20:50:00,LONG,25286,25214.91425,0,1.087,120.73,true
116,2025-10-19 21:00:00,LONG,25293,25239.91575,3,1.063,120.73,true
149,2025-10-20 00:10:00,LONG,25340,25295.1795,3,0.151,-91.64,false
104,2025-10-20 00:40:00,LONG,25345,25313.6575,0,0.134,-64.68,false
110,2025-10-20 00:50:00,LONG,25348.5,25332.67375,0,0.122,-33.65,false
129,2025-10-20 05:25:00,SHORT,25337.5,25358.65375,1,0.189,-44.31,false
130,2025-10-20 05:25:00,SHORT,25337.5,25358.65375,0,0.189,-44.31,false
110,2025-10-20 06:45:00,SHORT,25293.5,25339.32625,1,0.039,-93.65,false
104,2025-10-20 06:50:00,SHORT,25282,25333.3425,1,0.000,-104.68,false
159,2025-10-20 09:00:00,LONG,25385,25340.92625,2,0.751,120.73,true
129,2025-10-20 09:20:00,LONG,25390,25346.34625,0,0.734,120.73,true
105,2025-10-20 09:30:00,LONG,25432.25,25364.6575,1,0.590,120.73,true
111,2025-10-20 09:35:00,LONG,25457.5,25380.42375,2,0.504,120.73,true
112,2025-10-20 09:45:00,LONG,25445.25,25385.92375,1,0.546,120.73,true
106,2025-10-20 09:50:00,LONG,25466.75,25397.1575,1,0.473,120.73,true
107,2025-10-20 09:50:00,LONG,25466.75,25397.1575,0,0.473,120.73,true
119,2025-10-20 09:50:00,LONG,25466.75,25397.16575,1,0.473,120.73,true
120,2025-10-20 09:50:00,LONG,25466.75,25397.16575,1,0.473,120.73,true
123,2025-10-20 09:50:00,LONG,25466.75,25397.3055,0,0.473,120.73,true
125,2025-10-20 10:35:00,LONG,25525,25471.5555,2,0.275,120.73,true
126,2025-10-20 10:35:00,LONG,25525,25471.5555,1,0.275,120.73,true
127,2025-10-20 10:40:00,LONG,25539.5,25496.0555,1,0.226,120.73,true
131,2025-10-20 10:40:00,LONG,25539.5,25495.84625,0,0.226,120.73,true
138,2025-10-20 10:40:00,LONG,25539.5,25495.91425,0,0.226,120.73,true
132,2025-10-20 10:55:00,LONG,25562.25,25535.363,0,0.149,-55.77,false
139,2025-10-20 11:05:00,LONG,25561,25545.91425,0,0.000,-32.17,false
140,2025-10-20 13:15:00,LONG,25599,25565.91425,3,0.000,-68.17,false
133,2025-10-20 13:40:00,LONG,25596.25,25565.863,1,0.000,-62.77,false
141,2025-10-20 14:40:00,SHORT,25569.25,25597.33575,3,0.082,-58.17,false
140,2025-10-20 15:15:00,SHORT,25548.75,25573.33575,0,0.012,-51.17,false
134,2025-10-20 22:35:00,LONG,25606,25580.863,4,0.000,-52.27,false
134,2025-10-21 00:10:00,SHORT,25561.25,25588.387,0,0.358,121.57,true
140,2025-10-21 02:15:00,SHORT,25524,25577.08575,2,0.233,121.57,true
132,2025-10-21 04:15:00,SHORT,25505,25543.637,1,0.017,-79.27,false
165,2025-10-21 04:20:00,SHORT,25500,25530.9285,1,0.000,-63.86,false
166,2025-10-21 08:25:00,LONG,25551.75,25534.5715,2,0.000,-36.36,false
165,2025-10-21 09:50:00,SHORT,25504.25,25538.9285,1,0.166,-71.36,false
131,2025-10-21 09:55:00,SHORT,25477.5,25529.65375,2,0.076,-106.31,false
138,2025-10-21 10:05:00,SHORT,25475,25529.58575,2,0.067,-111.17,false
127,2025-10-21 11:00:00,LONG,25531.25,25481.5555,4,0.213,121.57,true
131,2025-10-21 11:00:00,LONG,25531.25,25481.34625,1,0.213,121.57,true
138,2025-10-21 11:00:00,LONG,25531.25,25481.41425,1,0.213,121.57,true
165,2025-10-21 11:55:00,LONG,25569,25520.8215,3,0.085,-98.36,false
139,2025-10-21 12:00:00,LONG,25586.75,25542.91425,8,0.025,-89.67,false
166,2025-10-21 12:00:00,LONG,25586.75,25541.0715,1,0.025,-93.36,false
139,2025-10-21 13:15:00,SHORT,25523,25598.33575,0,1.586,121.57,true
166,2025-10-21 13:15:00,SHORT,25523,25600.1785,0,1.586,121.57,true
165,2025-10-21 14:00:00,LONG,25555.25,25503.3215,0,0.064,-105.86,false
166,2025-10-21 14:05:00,LONG,25565,25540.3215,1,0.000,-51.36,false
132,2025-10-21 16:10:00,SHORT,25481.5,25565.137,8,0.029,-169.27,false
139,2025-10-21 16:10:00,SHORT,25481.5,25565.08575,3,0.029,-169.17,false
166,2025-10-21 16:10:00,SHORT,25481.5,25566.9285,2,0.029,-172.86,false
131,2025-10-21 19:55:00,SHORT,25497.75,25514.90375,4,0.084,-36.31,false
138,2025-10-21 19:55:00,SHORT,25497.75,25514.83575,3,0.084,-36.17,false
127,2025-10-21 20:30:00,SHORT,25486.75,25514.6945,1,0.046,-57.89,false
126,2025-10-22 00:00:00,LONG,25550.5,25484.0555,7,0.117,-134.89,false
131,2025-10-22 00:05:00,LONG,25570.5,25506.84625,0,0.050,-129.31,false
132,2025-10-22 00:20:00,LONG,25573,25535.863,0,0.041,-76.27,false
139,2025-10-22 00:45:00,LONG,25563.25,25535.91425,0,0.074,-56.67,false
166,2025-10-22 00:45:00,LONG,25563.25,25534.0715,0,0.074,-60.36,false
165,2025-10-22 05:55:00,SHORT,25512,25535.9285,1,0.000,-49.86,false
138,2025-10-22 06:20:00,LONG,25531,25501.66425,1,0.068,-60.67,false
131,2025-10-22 06:30:00,LONG,25533.25,25507.84625,1,0.060,-52.81,false
165,2025-10-22 06:45:00,LONG,25551,25518.8215,0,0.000,-66.36,false
131,2025-10-22 07:15:00,SHORT,25484.25,25534.15375,0,1.456,121.50,true
165,2025-10-22 07:15:00,SHORT,25484.25,25535.9285,0,1.456,121.50,true
138,2025-10-22 07:20:00,SHORT,25502.25,25514.08575,0,0.120,-25.67,false
127,2025-10-22 08:00:00,SHORT,25484.5,25513.9445,0,0.000,-60.89,false
126,2025-10-22 08:50:00,LONG,25512,25466.0555,0,0.035,-93.89,false
127,2025-10-22 09:15:00,LONG,25522.25,25494.0555,0,0.000,-58.39,false
125,2025-10-22 09:55:00,LONG,25517.5,25470.3055,5,0.008,-96.39,false
126,2025-10-22 09:55:00,LONG,25517.5,25470.3055,0,0.008,-96.39,false
127,2025-10-22 09:55:00,LONG,25517.5,25470.3055,0,0.008,-96.39,false
138,2025-10-22 09:55:00,LONG,25517.5,25470.16425,1,0.008,-96.67,false
138,2025-10-22 10:20:00,SHORT,25437.5,25524.08575,0,1.298,121.50,true
122,2025-10-22 10:30:00,SHORT,25367.25,25497.08425,2,1.061,121.50,true
126,2025-10-22 10:30:00,SHORT,25367.25,25498.9445,0,1.061,121.50,true
168,2025-10-22 10:30:00,SHORT,25367.25,25498.925,1,1.061,121.50,true
121,2025-10-22 10:35:00,SHORT,25364.25,25442.58425,1,1.051,121.50,true
106,2025-10-22 10:40:00,SHORT,25325,25429.0925,0,0.071,-210.18,false
107,2025-10-22 10:40:00,SHORT,25325,25429.0925,0,0.071,-210.18,false
111,2025-10-22 10:40:00,SHORT,25325,25429.07625,0,0.071,-210.15,false
112,2025-10-22 10:40:00,SHORT,25325,25429.07625,0,0.071,-210.15,false
119,2025-10-22 10:40:00,SHORT,25325,25429.08425,0,0.071,-210.17,false
120,2025-10-22 10:40:00,SHORT,25325,25429.08425,0,0.071,-210.17,false
111,2025-10-22 11:05:00,LONG,25410,25359.92375,0,0.000,-102.15,false
111,2025-10-22 11:30:00,SHORT,25292.5,25384.07625,0,0.808,121.50,true
104,2025-10-22 11:35:00,SHORT,25283.25,25332.0925,2,0.000,-99.68,false
118,2025-10-22 11:35:00,SHORT,25283.25,25332.08425,2,0.000,-99.67,false
104,2025-10-22 11:55:00,LONG,25348.5,25283.1575,0,0.000,-132.68,false
118,2025-10-22 11:55:00,LONG,25348.5,25283.16575,0,0.000,-132.67,false
104,2025-10-22 12:25:00,SHORT,25282.25,25345.0925,0,0.774,121.50,true
118,2025-10-22 12:30:00,SHORT,25245,25332.33425,0,0.648,121.50,true
117,2025-10-22 12:35:00,SHORT,25237.75,25291.33425,11,0.624,121.50,true
103,2025-10-22 12:40:00,SHORT,25231,25302.0925,9,0.601,121.50,true
109,2025-10-22 12:55:00,SHORT,25250,25302.07625,9,0.665,121.50,true
116,2025-10-22 13:10:00,SHORT,25196.25,25302.08425,1,0.484,121.50,true
108,2025-10-22 13:15:00,SHORT,25160.5,25244.07625,3,0.363,121.50,true
128,2025-10-22 13:15:00,SHORT,25160.5,25244.15375,3,0.363,121.50,true
153,2025-10-22 13:25:00,SHORT,25125,25208.1505,2,0.243,121.50,true
115,2025-10-22 13:30:00,SHORT,25156,25200.33425,2,0.348,121.50,true
114,2025-10-22 13:35:00,SHORT,25102,25179.08425,1,0.165,-156.17,false
97,2025-10-22 13:50:00,SHORT,25053,25130.9675,2,0.000,-157.93,false
148,2025-10-22 13:50:00,SHORT,25053,25131.8205,3,0.000,-159.64,false
162,2025-10-22 13:55:00,SHORT,25085.75,25132.64175,2,0.000,-95.78,false
90,2025-10-22 15:00:00,LONG,25200,25112.2745,2,4.962,121.50,true
101,2025-10-22 15:00:00,LONG,25200,25112.5215,3,4.962,121.50,true
148,2025-10-22 15:00:00,LONG,25200,25111.6795,0,4.962,121.50,true
102,2025-10-22 15:05:00,LONG,25225.5,25150.0215,1,4.876,121.50,true
114,2025-10-22 15:05:00,LONG,25225.5,25149.91575,0,4.876,121.50,true
152,2025-10-22 15:05:00,LONG,25225.5,25111.8495,2,4.876,121.50,true
158,2025-10-22 15:10:00,LONG,25224,25148.67625,1,4.881,121.50,true
115,2025-10-22 15:15:00,LONG,25232.25,25195.91575,0,0.446,121.50,true
153,2025-10-22 15:15:00,LONG,25232.25,25195.3495,0,0.446,121.50,true
98,2025-10-22 15:25:00,LONG,25255,25220.0325,1,0.219,121.50,true
116,2025-10-22 15:50:00,LONG,25269.25,25245.91575,1,0.171,-48.67,false
109,2025-10-22 16:10:00,LONG,25296.25,25265.17375,0,0.000,-64.15,false
117,2025-10-22 16:30:00,SHORT,25275,25292.33425,1,0.102,-36.67,false
117,2025-10-22 19:30:00,LONG,25296.5,25285.91575,1,0.000,-23.17,false
149,2025-10-22 20:30:00,SHORT,25274,25301.3205,7,0.014,-56.64,false
109,2025-10-22 21:00:00,LONG,25300.75,25265.42375,2,0.202,-72.65,false
117,2025-10-22 21:30:00,LONG,25330,25281.91575,0,0.109,-98.17,false
149,2025-10-22 21:35:00,LONG,25350,25290.1795,0,0.046,-121.64,false
104,2025-10-22 21:45:00,LONG,25339,25312.4075,1,0.047,-55.18,false
159,2025-10-23 01:55:00,SHORT,25335.75,25350.32375,4,0.013,-31.15,false
104,2025-10-23 02:55:00,LONG,25349,25311.9075,0,0.049,-76.18,false
104,2025-10-23 06:45:00,SHORT,25290.25,25325.3425,1,0.335,129.46,true
118,2025-10-23 06:45:00,SHORT,25290.25,25325.33425,3,0.335,129.46,true
164,2025-10-23 06:45:00,SHORT,25290.25,25327.13825,8,0.335,129.46,true
149,2025-10-23 06:55:00,SHORT,25290,25299.8205,0,0.334,129.46,true
117,2025-10-23 07:15:00,SHORT,25256,25299.08425,0,0.226,129.46,true
109,2025-10-23 07:30:00,SHORT,25263.5,25272.57625,0,0.250,129.46,true
108,2025-10-23 08:10:00,SHORT,25207,25248.57625,3,0.071,-85.15,false
116,2025-10-23 09:40:00,LONG,25332,25245.91575,1,4.243,129.46,true
103,2025-10-23 09:45:00,LONG,25385,25265.1575,4,4.075,129.46,true
109,2025-10-23 09:45:00,LONG,25385,25265.17375,0,4.075,129.46,true
117,2025-10-23 09:50:00,LONG,25412,25275.91575,0,3.989,129.46,true
118,2025-10-23 09:50:00,LONG,25412,25275.91575,0,3.989,129.46,true
149,2025-10-23 09:50:00,LONG,25412,25275.1795,0,3.989,129.46,true
164,2025-10-23 09:50:00,LONG,25412,25274.11175,0,3.989,129.46,true
104,2025-10-23 09:55:00,LONG,25398,25311.4075,0,4.034,129.46,true
105,2025-10-23 10:00:00,LONG,25415,25341.4075,3,0.000,-149.18,false
111,2025-10-23 10:00:00,LONG,25415,25341.42375,0,0.000,-149.15,false
129,2025-10-23 10:00:00,LONG,25415,25341.34625,6,0.000,-149.31,false
130,2025-10-23 10:00:00,LONG,25415,25341.34625,3,0.000,-149.31,false
159,2025-10-23 10:00:00,LONG,25415,25340.17625,1,0.000,-151.65,false
111,2025-10-23 10:35:00,LONG,25435.5,25354.67375,1,3.915,129.46,true
112,2025-10-23 10:40:00,LONG,25412.5,25354.67375,3,3.988,129.46,true
106,2025-10-23 10:45:00,LONG,25445.5,25386.9075,2,0.014,-119.18,false
119,2025-10-23 12:00:00,LONG,25453.25,25378.66575,6,3.858,129.46,true
123,2025-10-23 12:05:00,LONG,25454.5,25429.3055,4,3.854,129.46,true
121,2025-10-23 12:10:00,LONG,25468.5,25429.16575,2,3.810,129.46,true
122,2025-10-23 12:10:00,LONG,25468.5,25429.16575,2,3.810,129.46,true
125,2025-10-23 13:45:00,LONG,25524.25,25470.8055,3,3.633,129.46,true
127,2025-10-23 13:50:00,LONG,25526,25496.0555,1,0.013,-61.89,false
131,2025-10-23 13:55:00,LONG,25530,25495.84625,3,0.000,-70.31,false
138,2025-10-23 13:55:00,LONG,25530,25495.91425,0,0.000,-70.17,false
131,2025-10-23 15:55:00,SHORT,25496.5,25522.15375,3,0.000,-53.31,false
131,2025-10-23 18:00:00,LONG,25540,25508.34625,0,3.608,128.56,true
132,2025-10-23 21:15:00,LONG,25570,25535.863,3,3.512,128.56,true
166,2025-10-23 21:50:00,LONG,25565,25534.0715,3,3.528,128.56,true
139,2025-10-23 22:15:00,LONG,25570,25544.66425,2,3.512,128.56,true
140,2025-10-24 00:40:00,LONG,25576.75,25565.91425,7,3.491,128.56,true
133,2025-10-24 02:00:00,LONG,25602,25570.863,5,3.410,128.56,true
134,2025-10-24 02:10:00,LONG,25616.25,25577.863,4,3.365,128.56,true
141,2025-10-24 02:15:00,LONG,25622.25,25589.41425,5,0.014,-67.67,false
167,2025-10-24 02:20:00,LONG,25626.75,25587.5715,3,3.331,128.56,true
150,2025-10-24 07:05:00,SHORT,25621.75,25634.5705,1,0.028,-27.64,false
150,2025-10-24 08:40:00,LONG,25709,25608.1795,1,3.068,128.56,true
175,2025-10-27 10:40:00,LONG,26138,26083.8225,2,1.722,126.76,true
176,2025-10-27 13:55:00,LONG,26180,26161.8225,2,1.586,126.76,true
182,2025-10-27 23:30:00,SHORT,26236.25,26251.89975,0,0.109,-33.30,false
182,2025-10-28 08:15:00,LONG,26275,26235.10025,1,1.285,126.19,true
183,2025-10-28 09:25:00,LONG,26310,26262.60025,0,1.171,126.19,true
185,2025-10-28 12:35:00,LONG,26366.75,26326.60025,4,0.715,126.19,true
186,2025-10-28 12:40:00,LONG,26371,26335.85025,2,0.701,126.19,true
190,2025-10-28 22:25:00,LONG,26514,26471.8115,0,0.234,126.99,true
191,2025-10-29 02:30:00,LONG,26549,26508.8115,0,0.056,-82.38,false
191,2025-10-29 05:50:00,SHORT,26491.25,26530.1885,0,0.000,-79.88,false
191,2025-10-29 07:35:00,LONG,26554.25,26508.8115,0,0.104,-92.88,false
191,2025-10-29 11:45:00,SHORT,26491.25,26525.1885,4,0.061,-69.88,false
189,2025-10-29 14:50:00,SHORT,26450,26512.1885,3,0.223,126.99,true
190,2025-10-29 14:50:00,SHORT,26450,26512.1885,9,0.223,126.99,true
189,2025-10-29 16:00:00,LONG,26610,26452.0615,4,0.000,-317.88,false
190,2025-10-29 16:00:00,LONG,26610,26452.0615,1,0.000,-317.88,false
196,2025-10-29 20:10:00,LONG,26537.5,26473.829,2,0.429,126.63,true
191,2025-10-29 20:20:00,LONG,26558,26513.8115,6,0.363,126.63,true
192,2025-10-29 20:30:00,LONG,26562,26539.3115,5,0.000,-47.38,false
197,2025-10-29 22:20:00,LONG,26626.25,26573.829,0,0.142,-106.84,false
191,2025-10-30 00:25:00,SHORT,26440,26571.4385,0,0.065,-264.88,false
192,2025-10-30 00:25:00,SHORT,26440,26571.4385,1,0.065,-264.88,false
190,2025-10-30 00:30:00,SHORT,26441.5,26571.4385,3,0.000,-261.88,false
195,2025-10-30 00:30:00,SHORT,26441.5,26521.921,3,0.000,-162.84,false
190,2025-10-30 01:30:00,LONG,26568.5,26453.3115,0,0.070,-232.38,false
191,2025-10-30 01:40:00,LONG,26544.5,26513.8115,1,0.032,-63.38,false
191,2025-10-30 02:30:00,SHORT,26503.5,26527.6885,0,0.138,-50.38,false
195,2025-10-30 08:40:00,SHORT,26378,26458.921,0,0.804,126.63,true
188,2025-10-30 09:05:00,SHORT,26379.25,26441.1885,6,0.808,126.63,true
185,2025-10-30 10:25:00,SHORT,26300.25,26366.39975,2,0.552,126.63,true
193,2025-10-30 10:25:00,SHORT,26300.25,26366.421,1,0.552,126.63,true
186,2025-10-30 10:30:00,SHORT,26315,26349.89975,3,0.275,126.63,true
183,2025-10-30 11:45:00,SHORT,26248,26306.14975,9,0.025,-118.30,false
183,2025-10-30 12:25:00,LONG,26349,26281.85025,0,0.000,-136.30,false
184,2025-10-30 12:30:00,LONG,26326.75,26293.85025,8,0.032,-67.80,false
187,2025-10-30 12:30:00,LONG,26326.75,26293.8115,5,0.032,-67.88,false
184,2025-10-30 13:15:00,SHORT,26268.5,26342.64975,1,0.449,126.63,true
184,2025-10-30 14:15:00,SHORT,26252.5,26327.14975,0,0.397,126.63,true
183,2025-10-30 14:20:00,SHORT,26250,26307.39975,1,0.389,126.63,true
187,2025-10-30 14:20:00,SHORT,26250,26307.4385,2,0.389,126.63,true
182,2025-10-30 15:10:00,SHORT,26212,26275.14975,5,0.266,126.63,true
181,2025-10-30 15:20:00,SHORT,26155,26248.89975,7,0.081,-189.80,false
180,2025-10-30 15:45:00,SHORT,26176.5,26211.14975,2,0.151,-71.30,false
180,2025-10-30 16:15:00,LONG,26290,26123.85025,1,0.778,126.63,true
181,2025-10-30 16:15:00,LONG,26290,26123.85025,0,0.778,126.63,true
182,2025-10-30 16:20:00,LONG,26291.25,26123.85025,0,0.774,126.63,true
183,2025-10-30 16:30:00,LONG,26310,26263.85025,1,0.697,126.63,true
187,2025-10-30 16:45:00,LONG,26389.5,26197.0615,0,0.439,126.63,true
184,2025-10-30 16:55:00,LONG,26405,26293.85025,0,0.389,126.63,true
185,2025-10-30 16:55:00,LONG,26405,26293.85025,6,0.389,126.63,true
186,2025-10-30 16:55:00,LONG,26405,26293.85025,2,0.389,126.63,true
193,2025-10-30 16:55:00,LONG,26405,26293.829,5,0.389,126.63,true
194,2025-10-30 18:00:00,LONG,26420,26346.579,4,0.332,129.70,true
188,2025-10-30 20:35:00,LONG,26443.25,26418.8115,3,0.100,-50.88,false
204,2025-10-30 22:00:00,LONG,26475,26453.6815,1,0.000,-44.64,false
204,2025-10-30 23:05:00,SHORT,26448.75,26468.5685,1,0.066,-41.64,false
203,2025-10-30 23:55:00,LONG,26451.5,26421.6815,5,0.063,-61.64,false
195,2025-10-31 02:20:00,SHORT,26431,26451.421,5,0.000,-42.84,false
195,2025-10-31 04:00:00,LONG,26471,26447.329,1,0.000,-49.34,false
204,2025-10-31 04:00:00,LONG,26471,26447.1815,2,0.000,-49.64,false
196,2025-10-31 08:00:00,LONG,26498,26468.829,8,0.085,-60.34,false
190,2025-10-31 08:10:00,LONG,26505.25,26478.8115,3,0.063,-54.88,false
189,2025-10-31 09:40:00,SHORT,26380,26473.6885,13,0.712,129.70,true
204,2025-10-31 09:40:00,SHORT,26380,26473.8185,1,0.712,129.70,true
188,2025-10-31 09:45:00,SHORT,26383.25,26466.1885,3,0.722,129.70,true
195,2025-10-31 09:45:00,SHORT,26383.25,26466.171,1,0.722,129.70,true
203,2025-10-31 09:45:00,SHORT,26383.25,26466.3185,1,0.722,129.70,true
202,2025-10-31 09:55:00,SHORT,26350,26415.0685,1,0.067,-132.14,false
202,2025-10-31 10:45:00,LONG,26438,26365.6815,0,0.000,-146.64,false
202,2025-10-31 11:45:00,SHORT,26339.25,26396.8185,0,0.583,129.70,true
194,2025-10-31 12:05:00,SHORT,26278.75,26428.671,2,0.392,129.70,true
184,2025-10-31 12:10:00,SHORT,26260.25,26336.14975,0,0.333,129.70,true
185,2025-10-31 12:10:00,SHORT,26260.25,26336.14975,2,0.333,129.70,true
183,2025-10-31 12:15:00,SHORT,26225,26319.14975,0,0.222,129.70,true
187,2025-10-31 12:15:00,SHORT,26225,26319.1885,0,0.222,129.70,true
182,2025-10-31 13:00:00,SHORT,26179.5,26254.39975,2,0.078,-151.80,false
181,2025-10-31 13:05:00,SHORT,26207,26241.64975,2,0.165,-71.30,false
201,2025-10-31 13:05:00,SHORT,26207,26241.8185,1,0.165,-71.64,false
180,2025-10-31 13:20:00,SHORT,26156.5,26223.64975,1,0.000,-136.30,false
180,2025-10-31 13:55:00,LONG,26216,26169.85025,1,0.994,129.70,true
201,2025-10-31 14:10:00,LONG,26242,26209.6815,0,0.912,129.70,true
181,2025-10-31 14:15:00,LONG,26248,26209.85025,1,0.893,129.70,true
182,2025-10-31 14:30:00,LONG,26271,26230.85025,0,0.820,129.70,true
183,2025-10-31 15:15:00,LONG,26305,26275.85025,2,0.237,129.70,true
187,2025-10-31 15:30:00,LONG,26373,26285.8115,0,0.022,-176.38,false
184,2025-10-31 15:35:00,LONG,26344.75,26306.85025,0,0.034,-77.80,false
185,2025-10-31 15:35:00,LONG,26344.75,26306.85025,0,0.034,-77.80,false
185,2025-10-31 16:00:00,SHORT,26237.5,26361.64975,0,0.000,-250.30,false
184,2025-10-31 16:10:00,SHORT,26248,26361.64975,0,0.000,-229.30,false
182,2025-11-02 18:20:00,LONG,26324,26241.85025,1,0.645,131.07,true
187,2025-11-02 18:25:00,LONG,26319.25,26259.3115,0,0.660,131.07,true
184,2025-11-02 18:50:00,LONG,26352,26259.35025,0,0.558,131.07,true
185,2025-11-02 19:10:00,LONG,26349.75,26312.85025,1,0.095,-75.80,false
193,2025-11-02 19:10:00,LONG,26349.75,26312.829,6,0.095,-75.84,false
186,2025-11-02 20:00:00,LONG,26380,26336.10025,6,0.000,-89.80,false
185,2025-11-03 01:25:00,SHORT,26296.25,26356.14975,0,0.026,-121.80,false
186,2025-11-03 01:25:00,SHORT,26296.25,26356.14975,1,0.026,-121.80,false
193,2025-11-03 01:25:00,SHORT,26296.25,26356.171,0,0.026,-121.84,false
193,2025-11-03 04:25:00,LONG,26413.25,26332.079,0,0.366,131.07,true
202,2025-11-03 06:05:00,LONG,26427.25,26382.9315,0,0.322,131.07,true
188,2025-11-03 09:20:00,LONG,26493,26427.8115,5,0.116,-132.38,false
203,2025-11-03 09:20:00,LONG,26493,26425.4315,4,0.116,-137.14,false
189,2025-11-03 09:25:00,LONG,26500,26458.8115,0,0.094,-84.38,false
204,2025-11-03 09:25:00,LONG,26500,26458.6815,0,0.094,-84.64,false
196,2025-11-03 09:30:00,LONG,26523.5,26458.829,1,0.000,-131.34,false
189,2025-11-03 09:50:00,SHORT,26400,26481.1885,0,4.509,131.07,true
195,2025-11-03 09:50:00,SHORT,26400,26481.171,1,4.509,131.07,true
196,2025-11-03 09:50:00,SHORT,26400,26481.171,0,4.509,131.07,true
204,2025-11-03 09:50:00,SHORT,26400,26481.3185,0,4.509,131.07,true
188,2025-11-03 09:55:00,SHORT,26407.5,26451.1885,0,4.532,131.07,true
203,2025-11-03 09:55:00,SHORT,26407.5,26451.3185,0,4.532,131.07,true
194,2025-11-03 10:30:00,SHORT,26293.5,26381.171,4,0.052,-177.34,false
186,2025-11-03 10:35:00,SHORT,26277,26381.14975,0,0.000,-210.30,false
193,2025-11-03 11:55:00,LONG,26390,26310.579,2,0.141,-160.84,false
186,2025-11-03 12:00:00,LONG,26354,26310.60025,2,0.254,131.07,true
202,2025-11-03 12:50:00,LONG,26409.5,26367.4315,4,0.050,-86.14,false
202,2025-11-03 14:15:00,SHORT,26361.5,26401.5685,0,0.066,-82.14,false
212,2025-11-03 19:20:00,SHORT,26267.5,26360.2565,0,4.017,133.62,true
186,2025-11-03 19:25:00,SHORT,26250,26346.39975,2,3.963,133.62,true
193,2025-11-03 19:25:00,SHORT,26250,26346.421,1,3.963,133.62,true
185,2025-11-03 19:45:00,SHORT,26279.75,26331.14975,3,4.054,133.62,true
182,2025-11-03 21:55:00,SHORT,26206.25,26256.14975,1,3.828,133.62,true
181,2025-11-03 22:00:00,SHORT,26220,26239.14975,1,3.871,133.62,true
180,2025-11-03 23:20:00,SHORT,26180,26215.14975,1,3.748,133.62,true
176,2025-11-04 00:40:00,SHORT,26089.5,26176.4275,5,3.470,133.62,true
174,2025-11-04 01:00:00,SHORT,26060,26131.1775,5,0.456,133.62,true
175,2025-11-04 01:00:00,SHORT,26060,26131.1775,0,0.456,133.62,true
178,2025-11-04 01:00:00,SHORT,26060,26131.14975,1,0.456,133.62,true
177,2025-11-04 01:10:00,SHORT,26021.75,26086.14975,0,0.339,133.62,true
210,2025-11-04 01:35:00,SHORT,26015,26074.2565,0,0.318,133.62,true
200,2025-11-04 01:40:00,SHORT,26025.75,26074.0685,0,0.351,133.62,true
210,2025-11-04 02:10:00,SHORT,26000,26047.7565,0,0.000,-97.51,false
210,2025-11-04 04:15:00,SHORT,26011,26058.5065,1,0.306,133.62,true
209,2025-11-04 04:55:00,SHORT,25938.75,25989.7565,0,0.084,-104.01,false
151,2025-11-04 05:05:00,SHORT,25911.5,25995.3205,2,0.000,-169.64,false
209,2025-11-04 08:35:00,SHORT,25958,26002.2565,0,0.031,-90.51,false
151,2025-11-04 09:55:00,LONG,26135,25954.1795,2,0.061,-363.64,false
209,2025-11-04 09:55:00,LONG,26135,25952.4935,1,0.061,-367.01,false
200,2025-11-04 10:00:00,LONG,26139,25952.6815,6,0.049,-374.64,false
210,2025-11-04 10:00:00,LONG,26139,25952.4935,2,0.049,-375.01,false
177,2025-11-04 10:05:00,LONG,26101.5,26053.85025,0,0.164,-97.30,false
174,2025-11-04 10:20:00,LONG,26133,26053.8225,0,0.068,-160.36,false
175,2025-11-04 10:25:00,LONG,26131,26053.8225,0,0.058,-156.36,false
174,2025-11-04 11:00:00,SHORT,26042,26106.9275,0,1.509,133.62,true
177,2025-11-04 11:05:00,SHORT,26044.75,26106.89975,0,1.518,133.62,true
210,2025-11-04 11:25:00,SHORT,26014,26083.0065,0,1.423,133.62,true
200,2025-11-04 11:30:00,SHORT,26025,26055.5685,1,1.457,133.62,true
209,2025-11-04 12:20:00,SHORT,25955,26000.5065,0,1.242,133.62,true
151,2025-11-04 12:40:00,SHORT,25935,25998.8205,0,1.180,133.62,true
199,2025-11-04 13:10:00,SHORT,25910,25945.3185,4,1.104,133.62,true
208,2025-11-04 13:15:00,SHORT,25900,25945.5065,4,1.073,133.62,true
173,2025-11-04 16:55:00,LONG,25842.5,25813.8225,2,0.000,-59.36,false
172,2025-11-04 19:20:00,SHORT,25747.5,25799.4275,2,0.597,135.14,true
171,2025-11-04 19:35:00,SHORT,25684.25,25764.9275,0,0.405,135.14,true
170,2025-11-04 19:50:00,SHORT,25670,25706.1775,0,0.362,135.14,true
150,2025-11-04 20:40:00,SHORT,25576,25647.0705,1,0.066,-144.14,false
141,2025-11-04 20:45:00,SHORT,25580,25608.58575,1,0.000,-59.17,false
167,2025-11-04 20:45:00,SHORT,25580,25610.4285,1,0.000,-62.86,false
133,2025-11-04 21:50:00,LONG,25667.75,25561.113,1,1.416,135.14,true
167,2025-11-04 22:00:00,LONG,25713.5,25594.8215,1,1.277,135.14,true
170,2025-11-04 22:15:00,LONG,25722.75,25680.0725,0,0.259,135.14,true
171,2025-11-05 00:25:00,LONG,25778.25,25743.8225,1,0.020,-70.86,false
215,2025-11-05 02:35:00,SHORT,25760,25774.57925,3,0.000,-31.16,false
215,2025-11-05 08:30:00,LONG,25822.75,25763.92075,1,0.083,-119.66,false
173,2025-11-05 08:40:00,LONG,25848.25,25802.0725,0,0.005,-94.36,false
216,2025-11-05 08:40:00,LONG,25848.25,25801.67075,2,0.005,-95.16,false
173,2025-11-05 09:40:00,SHORT,25784.25,25826.1775,0,0.000,-85.86,false
216,2025-11-05 09:40:00,SHORT,25784.25,25823.07925,0,0.000,-79.66,false
173,2025-11-05 10:00:00,LONG,25930,25782.8225,0,0.619,135.14,true
205,2025-11-05 10:00:00,LONG,25930,25782.61575,3,0.619,135.14,true
216,2025-11-05 10:00:00,LONG,25930,25782.42075,0,0.619,135.14,true
208,2025-11-05 10:30:00,LONG,25960,25882.4935,4,0.527,135.14,true
199,2025-11-05 10:40:00,LONG,25972,25882.6815,2,0.491,135.14,true
151,2025-11-05 11:40:00,LONG,26030,25925.6795,4,0.315,135.14,true
209,2025-11-05 11:45:00,LONG,26040,25968.4935,4,0.284,135.14,true
200,2025-11-05 12:35:00,LONG,26080,26028.9315,2,0.163,-104.14,false
210,2025-11-05 12:35:00,LONG,26080,26028.7435,3,0.163,-104.51,false
177,2025-11-05 13:15:00,LONG,26088.5,26059.35025,0,0.137,-60.30,false
174,2025-11-05 13:45:00,LONG,26125,26093.8225,1,0.026,-64.36,false
175,2025-11-05 13:50:00,LONG,26133.5,26095.5725,1,0.000,-77.86,false
178,2025-11-05 15:30:00,SHORT,26081.5,26135.64975,4,3.407,135.14,true
175,2025-11-05 15:35:00,SHORT,26078.75,26116.1775,1,3.399,135.14,true
174,2025-11-05 15:40:00,SHORT,26067.75,26101.9275,0,3.365,135.14,true
177,2025-11-05 15:50:00,SHORT,26061,26084.89975,0,3.345,135.14,true
200,2025-11-05 16:15:00,SHORT,25980,26047.3185,0,0.252,135.14,true
210,2025-11-05 16:15:00,SHORT,25980,26047.5065,0,0.252,135.14,true
209,2025-11-05 19:40:00,SHORT,25969.75,25992.7565,1,0.185,-48.01,false
199,2025-11-05 21:55:00,LONG,25976.5,25919.4315,3,0.081,-116.14,false
208,2025-11-05 21:55:00,LONG,25976.5,25919.2435,3,0.081,-116.51,false
221,2025-11-05 22:50:00,LONG,25986.5,25919.04,2,0.051,-136.92,false
209,2025-11-06 00:45:00,SHORT,25963.5,25989.2565,2,0.197,-53.51,false
151,2025-11-06 01:40:00,SHORT,25944.25,25971.3205,2,0.013,-56.14,false
199,2025-11-06 03:00:00,SHORT,25906,25938.3185,1,0.015,-66.64,false
199,2025-11-06 04:20:00,LONG,25999,25929.4315,0,0.234,137.86,true
151,2025-11-06 04:25:00,LONG,25999,25951.9295,1,0.234,137.86,true
200,2025-11-06 08:05:00,LONG,26052.25,26013.4315,3,0.075,-79.64,false
210,2025-11-06 08:15:00,LONG,26058,26028.7435,1,0.058,-60.51,false
200,2025-11-06 09:10:00,SHORT,25965.5,26040.3185,0,2.995,137.86,true
209,2025-11-06 09:20:00,SHORT,25955.25,26006.5065,0,2.964,137.86,true
151,2025-11-06 09:35:00,SHORT,25919.25,25976.0705,1,2.857,137.86,true
221,2025-11-06 09:40:00,SHORT,25875,25956.71,4,2.725,137.86,true
205,2025-11-06 10:05:00,SHORT,25700.5,25899.13425,0,2.205,137.86,true
219,2025-11-06 10:05:00,SHORT,25700.5,25899.46,4,2.205,137.86,true
172,2025-11-06 10:10:00,SHORT,25681.25,25828.6775,7,2.148,137.86,true
173,2025-11-06 10:10:00,SHORT,25681.25,25828.6775,0,2.148,137.86,true
216,2025-11-06 10:10:00,SHORT,25681.25,25829.07925,0,2.148,137.86,true
218,2025-11-06 10:10:00,SHORT,25681.25,25829.21,0,2.148,137.86,true
171,2025-11-06 10:15:00,SHORT,25741.5,25758.1775,2,0.000,-35.36,false
171,2025-11-06 10:45:00,SHORT,25576.5,25770.4275,0,1.835,137.86,true
150,2025-11-06 10:50:00,SHORT,25565.5,25700.8205,0,1.803,137.86,true
170,2025-11-06 10:50:00,SHORT,25565.5,25702.1775,4,1.803,137.86,true
141,2025-11-06 10:55:00,SHORT,25556.75,25624.58575,0,0.000,-137.67,false
167,2025-11-06 10:55:00,SHORT,25556.75,25626.4285,0,0.229,137.86,true
134,2025-11-06 11:25:00,SHORT,25578,25600.137,2,0.292,137.86,true
141,2025-11-06 11:25:00,SHORT,25578,25600.08575,0,0.292,137.86,true
133,2025-11-06 11:40:00,SHORT,25501.75,25600.137,1,0.065,-198.77,false
140,2025-11-06 11:45:00,SHORT,25492.75,25586.33575,4,0.038,-189.17,false
132,2025-11-06 11:50:00,SHORT,25519.5,25554.137,1,0.118,-71.27,false
139,2025-11-06 11:50:00,SHORT,25519.5,25554.08575,4,0.118,-71.17,false
166,2025-11-06 11:50:00,SHORT,25519.5,25555.9285,1,0.118,-74.86,false
169,2025-11-06 11:50:00,SHORT,25519.5,25556.307,4,0.118,-75.61,false
165,2025-11-06 12:05:00,SHORT,25496.75,25555.9285,9,0.050,-120.36,false
126,2025-11-06 12:40:00,LONG,25547.75,25476.0555,4,0.412,137.86,true
132,2025-11-06 12:50:00,LONG,25602.75,25508.363,1,0.023,-190.77,false
166,2025-11-06 12:55:00,LONG,25597.5,25506.5715,1,0.000,-183.86,false
169,2025-11-06 12:55:00,LONG,25597.5,25506.193,3,0.000,-184.61,false
132,2025-11-06 13:20:00,SHORT,25525,25543.387,0,0.000,-38.77,false
166,2025-11-06 13:20:00,SHORT,25525,25545.1785,0,0.000,-42.36,false
169,2025-11-06 13:20:00,SHORT,25525,25545.557,0,0.000,-43.11,false
133,2025-11-06 13:40:00,LONG,25619.25,25575.863,1,0.000,-88.77,false
134,2025-11-06 13:40:00,LONG,25619.25,25575.863,2,0.000,-88.77,false
141,2025-11-06 13:50:00,LONG,25615,25575.91425,1,0.000,-80.17,false
150,2025-11-06 14:45:00,LONG,25657.5,25621.4295,1,0.067,-74.14,false
132,2025-11-06 16:00:00,SHORT,25525.25,25542.887,0,0.026,-37.27,false
132,2025-11-06 18:45:00,LONG,25595,25528.863,0,0.016,-134.27,false
134,2025-11-06 20:30:00,SHORT,25514.75,25592.887,2,0.254,143.87,true
141,2025-11-06 20:30:00,SHORT,25514.75,25592.83575,2,0.254,143.87,true
165,2025-11-06 20:40:00,SHORT,25508.25,25535.9285,3,0.000,-57.36,false
169,2025-11-06 20:40:00,SHORT,25508.25,25536.307,3,0.000,-58.11,false
131,2025-11-06 20:50:00,SHORT,25508.5,25518.90375,7,0.000,-22.81,false
138,2025-11-06 21:55:00,LONG,25523.25,25504.16425,8,0.044,-40.17,false
127,2025-11-06 22:45:00,SHORT,25491.5,25500.1945,7,0.188,-19.39,false
126,2025-11-06 23:05:00,SHORT,25442,25495.4445,2,0.000,-108.89,false
132,2025-11-07 00:35:00,LONG,25570,25533.863,1,0.116,-74.27,false
139,2025-11-07 00:40:00,LONG,25578.75,25545.91425,3,0.091,-67.67,false
166,2025-11-07 00:40:00,LONG,25578.75,25544.0715,4,0.091,-71.36,false
140,2025-11-07 01:10:00,LONG,25591.75,25562.16425,1,0.054,-61.17,false
133,2025-11-07 03:10:00,LONG,25610.75,25573.113,4,0.000,-77.27,false
141,2025-11-07 03:40:00,SHORT,25559,25594.08575,2,1.710,143.87,true
134,2025-11-07 04:00:00,SHORT,25550,25586.387,1,1.684,143.87,true
133,2025-11-07 04:10:00,SHORT,25570,25584.387,0,1.741,143.87,true
140,2025-11-07 04:45:00,SHORT,25523.75,25584.33575,1,1.609,143.87,true
132,2025-11-07 04:50:00,SHORT,25517.75,25541.887,0,1.592,143.87,true
169,2025-11-07 04:50:00,SHORT,25517.75,25544.057,2,1.592,143.87,true
107,2025-11-07 06:25:00,SHORT,25374.5,25449.3425,6,0.084,-151.68,false
107,2025-11-07 07:15:00,LONG,25444.75,25418.1575,0,0.000,-55.18,false
107,2025-11-07 07:55:00,SHORT,25346,25429.0925,0,1.101,143.87,true
129,2025-11-07 09:35:00,SHORT,25197.25,25352.65375,4,0.676,143.87,true
222,2025-11-07 09:45:00,SHORT,25222.25,25333.49825,1,0.747,143.87,true
223,2025-11-07 09:45:00,SHORT,25222.25,25333.49825,2,0.747,143.87,true
109,2025-11-07 09:50:00,SHORT,25238.25,25275.82625,0,0.000,-77.15,false
98,2025-11-07 10:40:00,SHORT,25121.75,25271.9675,4,0.460,143.87,true
98,2025-11-07 14:45:00,LONG,25305.75,25220.5325,0,2.247,143.87,true
109,2025-11-07 14:50:00,LONG,25343.25,25255.92375,2,2.140,143.87,true
222,2025-11-07 15:05:00,LONG,25337.75,25316.50175,1,0.099,-44.50,false
223,2025-11-07 15:05:00,LONG,25337.75,25316.50175,1,0.099,-44.50,false
129,2025-11-07 16:20:00,LONG,25473.5,25331.34625,3,1.768,143.87,true
107,2025-11-07 16:25:00,LONG,25451.75,25386.9075,0,1.830,143.87,true
125,2025-11-09 18:10:00,LONG,25586,25466.5555,3,1.567,132.60,true
224,2025-11-09 18:10:00,LONG,25586,25463.50175,5,1.567,132.60,true
140,2025-11-09 18:15:00,LONG,25575,25562.66425,0,0.000,-26.67,false
140,2025-11-09 20:05:00,LONG,25629.5,25557.91425,3,1.432,132.60,true
167,2025-11-09 20:10:00,LONG,25638.5,25594.0715,11,1.405,132.60,true
225,2025-11-09 20:15:00,LONG,25635,25603.00175,3,1.415,132.60,true
150,2025-11-09 20:20:00,LONG,25640,25605.1795,2,1.400,132.60,true
170,2025-11-09 22:05:00,LONG,25715,25678.3225,2,1.168,132.60,true
226,2025-11-10 00:35:00,LONG,25739,25718.00175,1,1.093,132.60,true
215,2025-11-10 04:00:00,LONG,25800,25765.42075,2,0.396,132.60,true
172,2025-11-10 04:10:00,LONG,25809.5,25779.5725,1,0.067,-61.86,false
218,2025-11-10 08:30:00,LONG,25816.25,25786.29,3,0.346,132.60,true
216,2025-11-10 09:40:00,LONG,25893,25793.17075,7,0.108,-201.66,false
173,2025-11-10 09:45:00,LONG,25874.5,25810.8225,5,0.166,-129.36,false
205,2025-11-10 09:45:00,LONG,25874.5,25810.61575,1,0.166,-129.77,false
228,2025-11-10 10:00:00,LONG,25908.25,25847.2925,0,0.061,-123.92,false
219,2025-11-10 10:30:00,LONG,25920.75,25871.54,2,0.017,-100.42,false
220,2025-11-10 10:35:00,LONG,25926.25,25871.54,6,0.000,-111.42,false
173,2025-11-10 11:05:00,SHORT,25773,25843.4275,0,0.142,-142.86,false
205,2025-11-10 11:05:00,SHORT,25773,25843.63425,0,0.142,-143.27,false
216,2025-11-10 11:05:00,SHORT,25773,25843.82925,0,0.142,-143.66,false
218,2025-11-10 11:10:00,SHORT,25781.5,25817.96,2,0.169,-74.92,false
172,2025-11-10 11:25:00,SHORT,25753.25,25817.4275,3,0.081,-130.36,false
171,2025-11-10 11:50:00,SHORT,25731,25755.6775,9,0.000,-51.36,false
171,2025-11-10 12:10:00,LONG,25782.25,25731.5725,0,0.959,132.60,true
215,2025-11-10 12:10:00,LONG,25782.25,25731.17075,4,0.959,132.60,true
172,2025-11-10 12:30:00,LONG,25827.25,25731.5725,0,0.820,132.60,true
216,2025-11-10 12:40:00,LONG,25858.5,25806.67075,1,0.517,132.60,true
173,2025-11-10 12:45:00,LONG,25872,25807.0725,1,0.475,132.60,true
205,2025-11-10 12:50:00,LONG,25892.25,25820.86575,0,0.413,132.60,true
228,2025-11-10 13:05:00,LONG,25903.75,25852.0425,0,0.377,132.60,true
219,2025-11-10 13:10:00,LONG,25912.75,25879.04,0,0.349,132.60,true
220,2025-11-10 13:45:00,LONG,25936.5,25892.54,0,0.276,132.60,true
208,2025-11-10 14:25:00,LONG,25955.25,25913.4935,4,0.218,132.60,true
199,2025-11-10 14:35:00,LONG,25949.5,25927.4315,3,0.235,132.60,true
221,2025-11-10 14:50:00,LONG,25977.5,25937.04,1,0.149,-82.92,false
151,2025-11-10 14:55:00,LONG,25968.75,25955.6795,0,0.176,-28.14,false
209,2025-11-11 00:10:00,SHORT,25933,25994.5065,7,0.584,134.09,true
221,2025-11-11 00:20:00,SHORT,25925,25946.71,0,0.021,-45.42,false
208,2025-11-11 04:00:00,SHORT,25890,25929.5065,1,0.452,134.09,true
219,2025-11-11 04:50:00,SHORT,25873,25900.46,1,0.021,-56.92,false
228,2025-11-11 07:55:00,SHORT,25857,25871.2075,2,0.000,-30.42,false
205,2025-11-11 10:30:00,SHORT,25794,25861.13425,2,0.158,-136.27,false
218,2025-11-11 10:55:00,SHORT,25777.75,25806.71,2,0.005,-59.92,false
172,2025-11-11 12:15:00,LONG,25835,25786.8225,4,0.787,134.09,true
218,2025-11-11 12:15:00,LONG,25835,25763.29,3,0.787,134.09,true
216,2025-11-11 12:25:00,LONG,25824.5,25797.92075,2,0.819,134.09,true
205,2025-11-11 12:50:00,LONG,25881,25823.86575,2,0.646,134.09,true
228,2025-11-11 13:15:00,LONG,25918.5,25845.2925,3,0.531,134.09,true
229,2025-11-11 13:15:00,LONG,25918.5,25845.22125,7,0.531,134.09,true
230,2025-11-11 13:15:00,LONG,25918.5,25845.22125,9,0.531,134.09,true
231,2025-11-11 13:55:00,LONG,25958.25,25903.47125,4,0.000,-111.56,false
208,2025-11-11 19:25:00,LONG,25936.25,25918.2435,6,0.500,127.73,true
199,2025-11-11 19:50:00,LONG,25955,25929.9315,8,0.440,127.73,true
221,2025-11-11 20:55:00,LONG,26002.5,25936.04,4,0.288,127.73,true
151,2025-11-11 21:00:00,LONG,25997.25,25959.4295,0,0.304,127.73,true
209,2025-11-11 21:05:00,LONG,26007.75,25957.7435,0,0.271,127.73,true
200,2025-11-12 02:15:00,LONG,26041,26022.9315,0,0.164,-38.14,false
232,2025-11-12 02:15:00,LONG,26041,26013.22125,2,0.164,-57.56,false
210,2025-11-12 02:35:00,LONG,26077.75,26034.4935,0,0.046,-88.51,false
177,2025-11-12 05:20:00,LONG,26086.25,26059.10025,2,0.000,-56.30,false
177,2025-11-12 05:45:00,SHORT,26056.25,26081.89975,0,4.572,127.73,true
210,2025-11-12 07:25:00,LONG,26062.25,26033.4935,1,0.037,-59.51,false
210,2025-11-12 09:40:00,SHORT,25910,26056.5065,1,4.102,127.73,true
151,2025-11-12 09:45:00,SHORT,25847,26027.8205,0,3.899,127.73,true
209,2025-11-12 09:45:00,SHORT,25847,26029.5065,2,3.899,127.73,true
232,2025-11-12 09:45:00,SHORT,25847,26029.52875,1,3.899,127.73,true
199,2025-11-12 09:50:00,SHORT,25865,25974.8185,0,0.341,127.73,true
221,2025-11-12 09:50:00,SHORT,25865,26029.71,0,3.957,127.73,true
208,2025-11-12 09:55:00,SHORT,25853.75,25933.5065,0,0.304,127.73,true
220,2025-11-12 09:55:00,SHORT,25853.75,25933.71,9,0.304,127.73,true
231,2025-11-12 09:55:00,SHORT,25853.75,25933.52875,5,0.304,127.73,true
219,2025-11-12 10:00:00,SHORT,25885,25918.71,4,0.405,127.73,true
230,2025-11-12 10:20:00,SHORT,25870,25923.27875,2,0.357,127.73,true
229,2025-11-12 10:40:00,SHORT,25855.25,25891.52875,3,0.309,127.73,true
228,2025-11-12 10:45:00,SHORT,25831.25,25891.4575,3,0.232,127.73,true
235,2025-11-12 10:55:00,SHORT,25818.75,25891.224,3,0.192,-146.95,false
205,2025-11-12 11:00:00,SHORT,25808.25,25853.13425,2,0.147,-91.77,false
173,2025-11-12 11:10:00,SHORT,25762.5,25843.6775,5,0.000,-164.36,false
216,2025-11-12 11:20:00,SHORT,25799.25,25826.32925,2,0.000,-56.16,false
218,2025-11-12 11:35:00,LONG,25838.75,25768.29,2,0.000,-142.92,false
173,2025-11-12 11:55:00,SHORT,25795,25833.1775,0,0.031,-78.36,false
216,2025-11-12 12:00:00,SHORT,25790,25808.32925,0,0.000,-38.66,false
216,2025-11-12 12:40:00,LONG,25869.75,25801.92075,1,0.145,-137.66,false
205,2025-11-12 13:05:00,LONG,25850,25812.61575,2,0.209,127.73,true
235,2025-11-12 13:20:00,LONG,25870,25851.276,2,0.086,-39.45,false
229,2025-11-12 13:25:00,LONG,25875,25854.72125,3,0.070,-42.56,false
229,2025-11-12 15:40:00,LONG,25890.25,25861.22125,2,0.054,-60.06,false
228,2025-11-12 15:50:00,LONG,25894,25861.2925,5,0.000,-67.42,false
216,2025-11-12 18:55:00,SHORT,25778,25816.57925,0,0.000,-79.16,false
173,2025-11-12 19:45:00,LONG,25825,25812.5725,5,0.537,123.97,true
229,2025-11-12 20:15:00,LONG,25968.5,25853.47125,1,0.062,-232.06,false
199,2025-11-12 20:20:00,LONG,25953,25898.6815,0,0.113,-110.64,false
208,2025-11-12 20:20:00,LONG,25953,25898.4935,0,0.113,-111.01,false
220,2025-11-12 20:20:00,LONG,25953,25898.29,3,0.113,-111.42,false
231,2025-11-12 20:20:00,LONG,25953,25898.47125,2,0.113,-111.06,false
221,2025-11-12 20:55:00,LONG,25954.5,25898.29,0,0.108,-114.42,false
221,2025-11-12 22:00:00,SHORT,25915,25946.71,1,0.024,-65.42,false
221,2025-11-13 00:25:00,LONG,25977.25,25933.54,1,0.033,-89.42,false
151,2025-11-13 03:15:00,SHORT,25919,25970.8205,3,4.254,123.97,true
221,2025-11-13 03:20:00,SHORT,25938,25957.46,0,4.317,123.97,true
219,2025-11-13 04:20:00,SHORT,25851,25901.46,5,4.029,123.97,true
230,2025-11-13 04:20:00,SHORT,25851,25901.27875,10,4.029,123.97,true
238,2025-11-13 04:20:00,SHORT,25851,25900.79325,0,4.029,123.97,true
228,2025-11-13 04:30:00,SHORT,25830.5,25880.4575,1,0.103,-101.92,false
229,2025-11-13 04:35:00,SHORT,25799.5,25880.52875,0,0.000,-164.06,false
235,2025-11-13 04:40:00,SHORT,25807.75,25866.974,3,0.000,-120.45,false
216,2025-11-13 08:45:00,SHORT,25781.25,25812.32925,1,3.798,123.97,true
218,2025-11-13 08:45:00,SHORT,25781.25,25812.46,4,3.798,123.97,true
215,2025-11-13 09:10:00,SHORT,25717.75,25774.32925,9,3.588,123.97,true
237,2025-11-13 09:15:00,SHORT,25736.5,25768.79325,0,3.650,123.97,true
171,2025-11-13 09:35:00,SHORT,25622,25768.9275,1,3.271,123.97,true
226,2025-11-13 09:40:00,SHORT,25552,25769.74825,4,3.040,123.97,true
170,2025-11-13 09:45:00,SHORT,25573,25763.1775,0,3.109,123.97,true
236,2025-11-13 09:45:00,SHORT,25573,25763.04325,1,3.109,123.97,true
150,2025-11-13 09:50:00,SHORT,25624,25689.0705,0,0.055,-132.14,false
234,2025-11-13 09:50:00,SHORT,25624,25690.474,0,0.055,-134.95,false
234,2025-11-13 10:20:00,LONG,25676.5,25639.026,1,0.000,-76.95,false
234,2025-11-13 10:40:00,SHORT,25551.75,25656.474,0,3.039,123.97,true
150,2025-11-13 10:45:00,SHORT,25506,25641.5705,1,2.888,123.97,true
225,2025-11-13 10:45:00,SHORT,25506,25643.74825,2,2.888,123.97,true
133,2025-11-13 10:50:00,SHORT,25465.75,25601.137,6,1.876,123.97,true
140,2025-11-13 10:50:00,SHORT,25465.75,25601.08575,1,1.876,123.97,true
141,2025-11-13 10:50:00,SHORT,25465.75,25640.83575,4,2.754,123.97,true
167,2025-11-13 10:50:00,SHORT,25465.75,25642.6785,1,2.754,123.97,true
139,2025-11-13 10:55:00,SHORT,25513.25,25577.08575,5,2.034,123.97,true
132,2025-11-13 11:00:00,SHORT,25510,25553.137,1,2.023,123.97,true
165,2025-11-13 11:00:00,SHORT,25510,25554.9285,6,2.023,123.97,true
166,2025-11-13 11:00:00,SHORT,25510,25554.9285,2,2.023,123.97,true
169,2025-11-13 11:00:00,SHORT,25510,25555.307,1,2.023,123.97,true
131,2025-11-13 11:15:00,SHORT,25451,25553.15375,4,1.828,123.97,true
138,2025-11-13 11:15:00,SHORT,25451,25524.83575,2,1.828,123.97,true
125,2025-11-13 11:20:00,SHORT,25455,25482.9445,1,0.000,-57.89,false
224,2025-11-13 11:20:00,SHORT,25455,25485.99825,1,0.000,-64.00,false
125,2025-11-13 12:30:00,LONG,25510,25450.3055,3,0.000,-121.39,false
224,2025-11-13 12:30:00,LONG,25510,25447.25175,3,0.000,-127.50,false
125,2025-11-13 12:50:00,SHORT,25427,25487.4445,0,1.748,123.97,true
224,2025-11-13 12:50:00,SHORT,25427,25490.49825,0,1.748,123.97,true
107,2025-11-13 13:20:00,SHORT,25383,25437.8425,3,1.603,123.97,true
129,2025-11-13 13:40:00,SHORT,25317.25,25354.15375,0,0.116,-75.81,false
223,2025-11-13 13:45:00,SHORT,25318,25330.24825,2,0.093,-26.50,false
222,2025-11-13 14:10:00,SHORT,25282.25,25346.99825,1,0.000,-131.50,false
222,2025-11-13 14:35:00,LONG,25342.25,25302.50175,0,0.000,-81.50,false
223,2025-11-13 14:35:00,LONG,25342.25,25302.50175,1,0.000,-81.50,false
129,2025-11-13 14:50:00,SHORT,25300,25395.65375,0,0.118,-193.31,false
223,2025-11-13 14:55:00,SHORT,25312.25,25347.49825,0,0.052,-72.50,false
223,2025-11-13 15:40:00,LONG,25370.5,25299.75175,1,0.124,-143.50,false
129,2025-11-13 16:10:00,LONG,25405.5,25337.59625,1,0.000,-137.81,false
129,2025-11-13 23:15:00,SHORT,25338,25376.90375,0,1.464,123.12,true
222,2025-11-14 00:05:00,SHORT,25287.5,25342.99825,4,0.125,-113.00,false
243,2025-11-14 00:05:00,SHORT,25287.5,25342.0025,1,0.125,-111.00,false
243,2025-11-14 01:05:00,LONG,25349.75,25303.7475,0,0.000,-94.00,false
129,2025-11-14 01:40:00,SHORT,25285,25364.15375,0,1.287,123.12,true
222,2025-11-14 02:15:00,SHORT,25209.75,25324.49825,2,1.036,123.12,true
243,2025-11-14 02:15:00,SHORT,25209.75,25323.5025,1,1.036,123.12,true
241,2025-11-14 06:50:00,SHORT,25046,25100.7525,1,0.491,123.12,true
240,2025-11-14 07:45:00,SHORT,24980.5,25017.5025,1,0.272,123.12,true
227,2025-11-14 08:35:00,SHORT,24936.75,24972.4575,1,0.089,-73.42,false
241,2025-11-14 09:55:00,LONG,25211,25050.9975,1,1.362,123.12,true
98,2025-11-14 10:40:00,LONG,25338,25172.5325,3,0.939,123.12,true
242,2025-11-14 10:40:00,LONG,25338,25170.4975,4,0.939,123.12,true
109,2025-11-14 10:45:00,LONG,25410,25172.42375,4,0.699,123.12,true
222,2025-11-14 10:50:00,LONG,25400,25257.50175,0,0.732,123.12,true
223,2025-11-14 10:50:00,LONG,25400,25257.50175,4,0.732,123.12,true
243,2025-11-14 10:50:00,LONG,25400,25258.4975,0,0.732,123.12,true
129,2025-11-14 10:55:00,LONG,25400,25320.84625,0,0.501,123.12,true
244,2025-11-14 11:25:00,LONG,25509,25363.9975,4,0.138,-292.00,false
107,2025-11-14 11:30:00,LONG,25467,25395.9075,1,0.278,123.12,true
126,2025-11-14 12:05:00,LONG,25520,25475.3055,7,0.102,-91.39,false
127,2025-11-14 12:05:00,LONG,25520,25475.3055,6,0.102,-91.39,false
131,2025-11-14 12:15:00,LONG,25527.75,25475.84625,4,0.037,-105.81,false
131,2025-11-14 12:55:00,SHORT,25458.5,25531.65375,1,0.545,123.12,true
138,2025-11-14 12:55:00,SHORT,25458.5,25531.58575,6,0.545,123.12,true
127,2025-11-14 13:00:00,SHORT,25420,25531.4445,1,0.416,123.12,true
125,2025-11-14 13:05:00,SHORT,25410,25479.6945,2,0.000,-141.39,false
224,2025-11-14 13:05:00,SHORT,25410,25482.74825,3,0.186,-147.50,false
107,2025-11-14 14:20:00,LONG,25462.75,25399.9075,3,0.137,-127.68,false
244,2025-11-14 14:20:00,LONG,25462.75,25397.9975,2,0.137,-131.50,false
244,2025-11-14 15:45:00,SHORT,25338.25,25417.0025,0,0.007,-159.50,false
244,2025-11-14 16:25:00,LONG,25413.5,25390.4975,0,0.000,-48.00,false
244,2025-11-16 18:10:00,SHORT,25353.75,25406.0025,0,0.000,-106.50,false
125,2025-11-16 19:45:00,LONG,25495,25441.0555,1,0.398,128.72,true
224,2025-11-16 19:45:00,LONG,25495,25438.00175,2,0.398,128.72,true
246,2025-11-16 19:45:00,LONG,25495,25438.7285,0,0.398,128.72,true
127,2025-11-16 22:15:00,LONG,25522.75,25499.0555,2,0.042,-49.39,false
138,2025-11-16 22:15:00,LONG,25522.75,25498.91425,2,0.042,-49.67,false
131,2025-11-17 00:35:00,LONG,25525,25510.34625,0,0.000,-31.31,false
165,2025-11-17 01:50:00,SHORT,25491,25530.9285,6,0.000,-81.86,false
138,2025-11-17 01:55:00,SHORT,25500,25511.33575,1,0.000,-24.67,false
131,2025-11-17 02:20:00,LONG,25588.5,25510.84625,0,0.100,-157.31,false
169,2025-11-17 02:25:00,LONG,25585.5,25525.943,6,0.109,-121.11,false
166,2025-11-17 02:30:00,LONG,25585,25542.8215,2,0.111,-86.36,false
133,2025-11-17 03:00:00,LONG,25596,25569.863,0,0.076,-54.27,false
140,2025-11-17 03:00:00,LONG,25596,25569.91425,0,0.076,-54.17,false
134,2025-11-17 03:10:00,LONG,25600.25,25569.863,8,0.062,-62.77,false
166,2025-11-17 05:15:00,SHORT,25506,25547.6785,0,5.107,128.72,true
169,2025-11-17 05:25:00,SHORT,25505,25540.307,0,5.104,128.72,true
131,2025-11-17 05:30:00,SHORT,25472,25535.90375,0,4.999,128.72,true
165,2025-11-17 05:30:00,SHORT,25472,25537.6785,0,4.999,128.72,true
138,2025-11-17 05:40:00,SHORT,25474.5,25535.83575,0,5.007,128.72,true
125,2025-11-17 06:00:00,SHORT,25441.75,25478.4445,2,0.026,-75.39,false
224,2025-11-17 06:00:00,SHORT,25441.75,25481.49825,1,0.026,-81.50,false
246,2025-11-17 06:05:00,SHORT,25443,25469.0215,0,0.000,-54.04,false
246,2025-11-17 06:35:00,LONG,25498.75,25454.9785,0,0.000,-89.54,false
244,2025-11-17 08:05:00,SHORT,25366.5,25416.0025,1,0.460,128.72,true
223,2025-11-17 08:45:00,SHORT,25305.25,25339.99825,2,0.265,128.72,true
222,2025-11-17 08:50:00,SHORT,25309,25339.99825,3,0.277,128.72,true
243,2025-11-17 09:15:00,SHORT,25298.75,25320.0025,1,0.244,128.72,true
129,2025-11-17 09:45:00,LONG,25480,25218.09625,5,0.083,-525.81,false
222,2025-11-17 09:45:00,LONG,25480,25215.25175,0,0.083,-531.50,false
223,2025-11-17 09:45:00,LONG,25480,25215.25175,0,0.083,-531.50,false
243,2025-11-17 09:45:00,LONG,25480,25216.2475,1,0.083,-529.50,false
245,2025-11-17 09:45:00,LONG,25480,25215.9785,2,0.083,-530.04,false
107,2025-11-17 09:50:00,LONG,25506,25380.4075,2,0.000,-253.18,false
244,2025-11-17 09:50:00,LONG,25506,25378.4975,0,0.000,-257.00,false
107,2025-11-17 10:15:00,SHORT,25347,25473.5925,0,4.600,128.72,true
244,2025-11-17 10:15:00,SHORT,25347,25475.5025,0,4.600,128.72,true
129,2025-11-17 10:40:00,SHORT,25325,25412.65375,2,0.383,128.72,true
129,2025-11-17 11:05:00,SHORT,25309.75,25375.40375,0,0.335,128.72,true
223,2025-11-17 11:10:00,SHORT,25250,25378.24825,3,0.144,-258.50,false
222,2025-11-17 11:15:00,SHORT,25237,25351.99825,1,0.056,-232.00,false
243,2025-11-17 11:20:00,SHORT,25232.25,25351.0025,0,0.000,-239.50,false
222,2025-11-17 11:40:00,LONG,25396.75,25242.00175,0,0.202,-311.50,false
223,2025-11-17 11:40:00,LONG,25396.75,25242.00175,0,0.202,-311.50,false
243,2025-11-17 11:40:00,LONG,25396.75,25242.9975,0,0.202,-309.50,false
245,2025-11-17 11:40:00,LONG,25396.75,25242.7285,0,0.202,-310.04,false
129,2025-11-17 11:45:00,LONG,25417,25326.34625,0,0.137,-183.31,false
244,2025-11-17 11:55:00,LONG,25455.25,25389.4975,2,0.000,-133.50,false
129,2025-11-17 12:55:00,SHORT,25268,25364.90375,0,4.348,128.72,true
222,2025-11-17 13:00:00,SHORT,25244.25,25335.74825,0,4.273,128.72,true
223,2025-11-17 13:00:00,SHORT,25244.25,25335.74825,0,4.273,128.72,true
243,2025-11-17 13:00:00,SHORT,25244.25,25334.7525,0,4.273,128.72,true
245,2025-11-17 13:05:00,SHORT,25224.5,25301.2715,0,1.885,128.72,true
109,2025-11-17 13:10:00,SHORT,25236.5,25294.07625,3,0.053,-117.15,false
242,2025-11-17 13:10:00,SHORT,25236.5,25296.0025,2,0.053,-121.00,false
98,2025-11-17 14:05:00,SHORT,25153.75,25257.4675,5,1.659,128.72,true
241,2025-11-17 14:45:00,SHORT,25039.25,25146.0025,0,0.139,-215.50,false
241,2025-11-17 16:05:00,LONG,25160,25058.9975,0,0.144,-204.00,false
240,2025-11-17 23:25:00,SHORT,24913.25,25009.0025,6,0.000,-193.50,false
249,2025-11-17 23:25:00,SHORT,24913.25,25009.584,0,0.000,-194.67,false
227,2025-11-17 23:30:00,SHORT,24922.75,24982.4575,2,0.000,-121.42,false
227,2025-11-18 00:15:00,LONG,24987.25,24957.7925,0,0.046,-60.92,false
227,2025-11-18 01:40:00,SHORT,24901,24977.2075,1,0.123,-154.42,false
239,2025-11-18 02:10:00,SHORT,24886.25,24934.5025,3,0.033,-98.50,false
239,2025-11-18 02:45:00,LONG,24973.25,24870.2475,0,0.395,135.24,true
227,2025-11-18 03:10:00,LONG,25001.25,24950.0425,0,0.310,135.24,true
240,2025-11-18 03:40:00,LONG,25085,24966.2475,2,0.046,-239.50,false
240,2025-11-18 08:15:00,LONG,25017.75,24966.9975,2,0.000,-103.50,false
227,2025-11-18 09:55:00,SHORT,24778.25,25001.2075,3,0.440,135.24,true
240,2025-11-18 09:55:00,SHORT,24778.25,25000.7525,2,0.440,135.24,true
239,2025-11-18 10:00:00,SHORT,24693.5,24989.7525,0,0.182,-594.50,false
248,2025-11-18 10:00:00,SHORT,24693.5,24990.334,2,0.182,-595.67,false
247,2025-11-18 10:05:00,SHORT,24805,24896.834,2,0.521,135.24,true
239,2025-11-18 11:45:00,LONG,24909.75,24868.9975,0,0.054,-83.50,false
248,2025-11-18 11:45:00,LONG,24909.75,24868.416,0,0.054,-84.67,false
248,2025-11-18 12:30:00,SHORT,24788.5,24899.584,1,0.000,-224.17,false
247,2025-11-18 12:50:00,LONG,24975.25,24804.666,1,0.234,135.24,true
239,2025-11-18 12:55:00,LONG,25008.5,24888.4975,1,0.133,-242.00,false
227,2025-11-18 13:00:00,LONG,25021,24888.0425,0,0.095,-267.92,false
240,2025-11-18 13:05:00,LONG,25027.5,24931.9975,0,0.075,-193.00,false
249,2025-11-18 13:05:00,LONG,25027.5,24931.416,8,0.075,-194.17,false
249,2025-11-18 14:30:00,SHORT,24947,25020.584,4,0.000,-149.17,false
227,2025-11-18 15:35:00,SHORT,24950,24981.4575,3,0.749,135.24,true
247,2025-11-18 16:10:00,SHORT,24819.25,24863.584,0,0.190,-90.67,false
247,2025-11-18 21:30:00,LONG,24891.25,24849.916,4,0.025,-84.67,false
248,2025-11-18 21:45:00,LONG,24895,24869.166,0,0.000,-53.67,false
248,2025-11-18 22:25:00,SHORT,24828.75,24883.584,0,0.363,141.69,true
254,2025-11-18 22:55:00,SHORT,24790.25,24846.1435,2,0.252,141.69,true
254,2025-11-19 16:35:00,LONG,24905.75,24724.6065,0,1.173,141.69,true
239,2025-11-19 16:45:00,LONG,24962.5,24843.4975,4,1.008,141.69,true
247,2025-11-19 16:45:00,LONG,24962.5,24842.916,1,1.008,141.69,true
248,2025-11-19 16:45:00,LONG,24962.5,24842.916,1,1.008,141.69,true
227,2025-11-19 18:10:00,LONG,25081.75,24939.7925,2,0.662,141.69,true
240,2025-11-19 18:15:00,LONG,25060.25,24949.2475,8,0.725,141.69,true
249,2025-11-19 18:15:00,LONG,25060.25,24948.666,2,0.725,141.69,true
255,2025-11-19 18:35:00,LONG,25084.75,25004.6065,0,0.654,141.69,true
241,2025-11-19 18:55:00,LONG,25108.75,25050.9975,7,0.291,141.69,true
257,2025-11-19 21:55:00,LONG,25168,25122.1065,4,0.119,-93.79,false
257,2025-11-20 04:05:00,SHORT,25132.75,25172.3935,8,0.321,141.69,true
241,2025-11-20 04:55:00,SHORT,25058.5,25123.0025,0,0.105,-131.00,false
241,2025-11-20 05:40:00,LONG,25100.75,25052.4975,1,0.074,-98.50,false
257,2025-11-20 08:05:00,LONG,25166.25,25107.6065,1,0.417,141.69,true
250,2025-11-20 08:55:00,LONG,25229.5,25161.166,7,0.057,-138.67,false
98,2025-11-20 09:00:00,LONG,25234,25181.0325,1,0.044,-107.93,false
98,2025-11-20 09:35:00,SHORT,25209.25,25243.2175,1,0.184,-69.93,false
98,2025-11-20 10:30:00,LONG,25262,25152.7825,2,0.139,-220.43,false
98,2025-11-20 11:00:00,SHORT,25098.75,25304.4675,0,3.465,141.69,true
250,2025-11-20 11:05:00,SHORT,25066,25245.084,5,3.370,141.69,true
257,2025-11-20 11:15:00,SHORT,24939.5,25171.6435,3,3.003,141.69,true
241,2025-11-20 11:20:00,SHORT,24915.5,25118.5025,3,2.933,141.69,true
255,2025-11-20 11:25:00,SHORT,24905,25076.6435,1,2.903,141.69,true
227,2025-11-20 11:30:00,SHORT,24869.25,25018.4575,0,2.799,141.69,true
240,2025-11-20 11:30:00,SHORT,24869.25,25018.0025,0,2.799,141.69,true
249,2025-11-20 11:30:00,SHORT,24869.25,25018.584,0,2.799,141.69,true
248,2025-11-20 11:40:00,SHORT,24742,24983.584,0,2.430,141.69,true
239,2025-11-20 11:45:00,SHORT,24747,24934.0025,1,2.444,141.69,true
247,2025-11-20 11:45:00,SHORT,24747,24934.584,0,2.444,141.69,true
254,2025-11-20 11:50:00,SHORT,24650,24883.6435,0,2.163,141.69,true
253,2025-11-20 11:55:00,SHORT,24554.75,24821.1435,3,1.887,141.69,true
256,2025-11-20 12:05:00,SHORT,24533.5,24809.8935,0,1.825,141.69,true
252,2025-11-20 12:10:00,SHORT,24487.5,24666.3935,0,1.691,141.69,true
259,2025-11-20 19:20:00,LONG,24187.75,24112.374,2,0.133,-152.75,false
259,2025-11-20 23:30:00,SHORT,24138,24188.376,5,0.113,-102.75,false
259,2025-11-21 00:15:00,LONG,24184.75,24124.124,0,0.045,-123.25,false
259,2025-11-21 00:45:00,SHORT,24138.75,24200.876,0,0.028,-126.25,false
259,2025-11-21 01:50:00,LONG,24177,24121.374,2,0.058,-113.25,false
259,2025-11-21 02:45:00,SHORT,24086,24206.626,2,0.068,-243.25,false
259,2025-11-21 04:00:00,LONG,24188.75,24125.874,3,0.070,-127.75,false
259,2025-11-21 04:30:00,SHORT,24122,24196.876,0,0.570,156.96,true
259,2025-11-21 07:50:00,LONG,24255.25,24095.624,1,0.112,-321.25,false
259,2025-11-21 10:35:00,SHORT,23951.75,24236.126,3,0.057,-570.75,false
259,2025-11-21 11:45:00,LONG,24225.25,24103.374,0,3.018,156.96,true
260,2025-11-21 12:05:00,LONG,24375.25,24202.874,2,2.625,156.96,true
260,2025-11-21 13:15:00,SHORT,24230,24368.876,0,0.018,-279.75,false
260,2025-11-21 13:45:00,LONG,24510,24240.624,0,2.271,156.96,true
261,2025-11-21 14:10:00,LONG,24532,24441.874,1,0.169,-182.25,false
262,2025-11-21 14:10:00,LONG,24532,24441.874,1,0.169,-182.25,false
261,2025-11-21 14:55:00,SHORT,24458.75,24590.626,0,0.456,156.96,true
262,2025-11-21 14:55:00,SHORT,24458.75,24590.626,2,0.456,156.96,true
261,2025-11-23 22:05:00,LONG,24511.75,24470.374,5,0.027,-84.75,false
261,2025-11-23 22:55:00,SHORT,24484.75,24522.626,1,0.132,-77.75,false
261,2025-11-24 03:25:00,LONG,24545.25,24453.124,5,0.045,-186.25,false
262,2025-11-24 03:30:00,LONG,24534.75,24496.624,7,0.071,-78.25,false
262,2025-11-24 04:25:00,SHORT,24371.25,24549.376,0,0.024,-358.25,false
261,2025-11-24 04:30:00,SHORT,24399.5,24540.376,0,0.094,-283.75,false
261,2025-11-24 08:10:00,LONG,24546.5,24469.124,1,2.065,165.47,true
262,2025-11-24 08:15:00,LONG,24543.75,24487.124,0,2.072,165.47,true
267,2025-11-24 09:45:00,LONG,24617.75,24508.71575,1,1.888,165.47,true
252,2025-11-24 10:00:00,LONG,24734,24509.8565,0,1.598,165.47,true
256,2025-11-24 10:10:00,LONG,24734,24618.3565,2,0.646,165.47,true
268,2025-11-24 10:35:00,LONG,24792.25,24673.21575,3,0.501,165.47,true
253,2025-11-24 10:45:00,LONG,24805.75,24674.3565,2,0.467,165.47,true
254,2025-11-24 11:15:00,LONG,24867.5,24772.6065,0,0.314,165.47,true
269,2025-11-24 11:15:00,LONG,24867.5,24771.46575,1,0.314,165.47,true
247,2025-11-24 11:20:00,LONG,24873.5,24816.666,0,0.299,165.47,true
247,2025-11-24 12:05:00,SHORT,24834.25,24888.084,1,0.013,-109.67,false
247,2025-11-24 12:30:00,LONG,24889,24829.166,0,0.260,165.47,true
248,2025-11-24 12:40:00,LONG,24919.75,24829.166,3,0.184,-183.17,false
239,2025-11-24 12:45:00,LONG,24930.25,24875.7475,0,0.157,-111.00,false
227,2025-11-24 18:45:00,LONG,24977,24941.7925,6,0.017,-72.42,false
227,2025-11-24 19:10:00,SHORT,24936.5,24984.4575,0,0.798,172.75,true
273,2025-11-25 00:55:00,SHORT,24921,24963.63375,9,0.236,172.75,true
239,2025-11-25 02:10:00,SHORT,24891.25,24916.0025,2,0.015,-51.50,false
239,2025-11-25 02:45:00,LONG,24911.5,24878.9975,0,0.063,-67.00,false
239,2025-11-25 03:55:00,SHORT,24865.5,24923.7525,2,0.104,-118.50,false
248,2025-11-25 04:25:00,SHORT,24828.5,24905.834,1,0.016,-156.67,false
247,2025-11-25 04:30:00,SHORT,24832.75,24894.084,2,0.012,-124.67,false
247,2025-11-25 05:40:00,LONG,24871,24821.166,0,0.249,172.75,true
248,2025-11-25 07:10:00,LONG,24926,24851.416,4,0.117,-151.17,false
239,2025-11-25 07:15:00,LONG,24907.75,24860.2475,3,0.161,-97.00,false
239,2025-11-25 09:00:00,SHORT,24862.25,24966.0025,4,0.621,172.75,true
248,2025-11-25 09:10:00,SHORT,24866.25,24920.334,2,0.630,172.75,true
247,2025-11-25 09:45:00,SHORT,24631,24886.084,3,0.069,-512.17,false
254,2025-11-25 09:50:00,SHORT,24746.75,24886.3935,5,0.218,172.75,true
269,2025-11-25 10:10:00,SHORT,24742,24845.78425,1,0.098,-209.57,false
272,2025-11-25 10:10:00,SHORT,24742,24846.13375,2,0.098,-210.27,false
269,2025-11-25 11:25:00,LONG,24854.25,24765.46575,3,1.650,172.75,true
254,2025-11-25 11:30:00,LONG,24861,24766.6065,4,1.634,172.75,true
272,2025-11-25 11:30:00,LONG,24861,24765.11625,3,1.634,172.75,true
247,2025-11-25 12:05:00,LONG,24939.75,24843.916,2,1.446,172.75,true
248,2025-11-25 12:05:00,LONG,24939.75,24843.916,5,1.446,172.75,true
239,2025-11-25 12:10:00,LONG,24951,24844.4975,0,1.419,172.75,true
273,2025-11-25 12:20:00,LONG,25011.5,24885.36625,11,1.275,172.75,true
227,2025-11-25 12:30:00,LONG,25040.5,24927.2925,5,1.206,172.75,true
240,2025-11-25 12:40:00,LONG,25032.5,24958.9975,2,0.041,-149.00,false
249,2025-11-25 12:45:00,LONG,25025,24983.416,2,0.021,-85.17,false
249,2025-11-25 14:25:00,SHORT,24982.25,25024.834,3,0.106,-87.17,false
240,2025-11-25 14:30:00,SHORT,24974.75,25018.2525,3,0.088,-89.00,false
240,2025-11-25 15:05:00,LONG,25034.75,24953.9975,0,1.220,172.75,true
249,2025-11-25 15:05:00,LONG,25034.75,24953.416,0,1.220,172.75,true
255,2025-11-25 15:35:00,LONG,25081.75,25017.3565,5,1.107,172.75,true
241,2025-11-25 19:25:00,LONG,25109,25055.2475,3,0.998,180.56,true
278,2025-11-25 20:35:00,LONG,25159.5,25104.74175,1,0.883,180.56,true
257,2025-11-25 20:45:00,LONG,25159.25,25129.1065,1,0.175,-62.29,false
279,2025-11-25 21:15:00,LONG,25170.5,25127.24175,1,0.149,-88.52,false
250,2025-11-26 02:30:00,LONG,25227.75,25183.916,5,0.018,-89.67,false
250,2025-11-26 03:45:00,SHORT,25196.75,25231.334,1,0.179,-71.17,false
257,2025-11-26 07:15:00,SHORT,25125.75,25191.8935,4,0.009,-134.29,false
279,2025-11-26 07:15:00,SHORT,25125.75,25193.75825,6,0.009,-138.02,false
257,2025-11-26 07:55:00,LONG,25175,25130.3565,2,0.847,180.56,true
279,2025-11-26 07:55:00,LONG,25175,25128.49175,1,0.847,180.56,true
250,2025-11-26 09:35:00,LONG,25223.75,25188.416,10,0.129,-72.67,false
98,2025-11-26 09:50:00,LONG,25231.25,25189.7825,5,0.002,-84.93,false
98,2025-11-26 10:10:00,SHORT,25176.25,25236.2175,0,0.076,-121.93,false
250,2025-11-26 10:20:00,SHORT,25148.75,25238.834,1,0.014,-182.17,false
250,2025-11-26 10:40:00,LONG,25224.75,25136.166,0,0.734,180.56,true
98,2025-11-26 11:00:00,LONG,25291.5,25187.2825,0,0.581,180.56,true
274,2025-11-26 11:00:00,LONG,25291.5,25184.36625,5,0.581,180.56,true
109,2025-11-26 11:10:00,LONG,25292.5,25221.92375,7,0.579,180.56,true
242,2025-11-26 11:10:00,LONG,25292.5,25219.9975,9,0.579,180.56,true
245,2025-11-26 11:15:00,LONG,25308.25,25256.9785,4,0.543,180.56,true
258,2025-11-26 11:25:00,LONG,25323.25,25256.3565,2,0.509,180.56,true
243,2025-11-26 11:30:00,LONG,25335.25,25283.4975,2,0.093,-105.50,false
222,2025-11-26 11:40:00,LONG,25364,25282.50175,1,0.012,-165.00,false
223,2025-11-26 11:40:00,LONG,25364,25300.75175,0,0.012,-128.50,false
223,2025-11-26 14:00:00,SHORT,25307.25,25355.74825,4,0.022,-99.00,false
223,2025-11-26 14:25:00,LONG,25344.75,25290.75175,0,0.037,-110.00,false
223,2025-11-26 16:00:00,SHORT,25312.5,25350.74825,3,0.061,-78.50,false
222,2025-11-27 02:05:00,SHORT,25304,25335.74825,23,0.042,-65.50,false
243,2025-11-27 07:50:00,SHORT,25298.5,25329.2525,30,0.029,-63.50,false
243,2025-11-27 18:30:00,LONG,25317,25292.7475,11,0.536,176.01,true
222,2025-11-27 18:55:00,LONG,25329.25,25294.75175,11,0.508,176.01,true
223,2025-11-27 19:10:00,LONG,25347.25,25311.75175,21,0.465,176.01,true
280,2025-11-27 20:15:00,LONG,25357.5,25315.97225,9,0.441,176.01,true
281,2025-11-28 08:40:00,LONG,25384,25334.47225,7,0.089,-101.06,false
282,2025-11-28 10:55:00,LONG,25409.5,25350.72225,6,0.320,176.01,true
244,2025-11-28 11:00:00,LONG,25415.25,25371.9975,5,0.049,-88.50,false
107,2025-11-28 11:15:00,LONG,25427.5,25394.6575,3,0.002,-67.68,false
251,2025-11-28 11:15:00,LONG,25427.5,25392.166,2,0.002,-72.67,false
107,2025-11-28 11:35:00,SHORT,25412.25,25432.5925,0,0.073,-42.68,false
251,2025-11-28 11:35:00,SHORT,25412.25,25435.084,0,0.073,-47.67,false
107,2025-11-28 13:05:00,LONG,25476.5,25400.9075,3,0.163,-153.18,false
251,2025-11-28 13:05:00,LONG,25476.5,25398.416,3,0.163,-158.17,false
283,2025-11-28 13:05:00,LONG,25476.5,25396.22225,5,0.163,-162.56,false
246,2025-11-28 13:10:00,LONG,25484.5,25428.2285,2,0.144,-114.54,false
125,2025-11-30 18:15:00,LONG,25512,25430.5555,2,0.029,-164.89,false
126,2025-11-30 18:15:00,LONG,25512,25453.5555,7,0.029,-118.89,false
224,2025-11-30 18:15:00,LONG,25512,25427.50175,1,0.029,-171.00,false
125,2025-11-30 18:45:00,SHORT,25458.25,25504.4445,0,0.630,173.25,true
126,2025-11-30 18:45:00,SHORT,25458.25,25504.4445,0,0.630,173.25,true
224,2025-11-30 18:45:00,SHORT,25458.25,25507.49825,0,0.630,173.25,true
246,2025-11-30 19:10:00,SHORT,25415,25506.7715,1,0.527,173.25,true
283,2025-11-30 19:15:00,SHORT,25406,25479.77775,0,0.506,173.25,true
107,2025-11-30 19:20:00,SHORT,25384.5,25454.0925,0,0.455,173.25,true
251,2025-11-30 19:25:00,SHORT,25391,25456.584,0,0.470,173.25,true
244,2025-11-30 19:30:00,SHORT,25382.25,25431.5025,5,0.450,173.25,true
288,2025-11-30 19:45:00,SHORT,25335.5,25418.15775,0,0.338,173.25,true
281,2025-11-30 19:50:00,SHORT,25324,25396.52775,7,0.311,173.25,true
282,2025-11-30 19:50:00,SHORT,25324,25404.77775,3,0.311,173.25,true
129,2025-11-30 19:55:00,SHORT,25321,25379.65375,24,0.304,173.25,true
280,2025-11-30 20:00:00,SHORT,25320,25384.27775,3,0.302,173.25,true
223,2025-11-30 20:05:00,SHORT,25297.25,25382.49825,3,0.247,173.25,true
222,2025-11-30 20:35:00,SHORT,25301,25336.99825,1,0.001,-74.00,false
243,2025-11-30 21:25:00,SHORT,25295,25333.7525,3,0.242,173.25,true
258,2025-11-30 21:50:00,SHORT,25279.25,25318.8935,30,0.205,-81.29,false
245,2025-11-30 22:10:00,SHORT,25250,25318.2715,13,0.135,-138.54,false
109,2025-11-30 22:20:00,SHORT,25247.25,25287.82625,2,0.128,-83.15,false
242,2025-11-30 22:20:00,SHORT,25247.25,25289.7525,2,0.128,-87.00,false
287,2025-12-01 00:00:00,SHORT,25217.25,25275.40775,1,0.057,-118.32,false
98,2025-12-01 00:10:00,SHORT,25219.25,25244.7175,0,0.062,-52.93,false
274,2025-12-01 00:10:00,SHORT,25219.25,25259.38375,3,0.062,-82.27,false
98,2025-12-01 01:00:00,LONG,25238.75,25213.2825,1,0.247,173.25,true
274,2025-12-01 01:15:00,LONG,25253.25,25208.86625,0,1.028,173.25,true
287,2025-12-01 02:35:00,LONG,25269,25229.84225,2,0.175,-80.32,false
242,2025-12-01 02:55:00,LONG,25280,25246.2475,8,0.149,-69.50,false
109,2025-12-01 03:15:00,LONG,25335.25,25248.17375,5,0.018,-176.15,false
245,2025-12-01 03:20:00,LONG,25335,25261.7285,3,0.015,-148.54,false
258,2025-12-01 03:20:00,LONG,25335,25261.1065,1,0.015,-149.79,false
222,2025-12-01 03:25:00,LONG,25331,25261.00175,3,0.025,-142.00,false
243,2025-12-01 03:25:00,LONG,25331,25261.9975,1,0.025,-140.00,false
222,2025-12-01 04:45:00,SHORT,25287.75,25348.49825,2,0.187,-123.50,false
243,2025-12-01 04:45:00,SHORT,25287.75,25330.5025,4,0.034,-87.50,false
258,2025-12-01 04:55:00,SHORT,25283.25,25319.1435,2,0.002,-73.79,false
258,2025-12-01 05:15:00,LONG,25308.5,25275.3565,0,0.059,-68.29,false
243,2025-12-01 05:50:00,LONG,25315.5,25288.9975,0,0.008,-55.00,false
243,2025-12-01 06:25:00,SHORT,25301,25325.7525,0,0.218,173.25,true
245,2025-12-01 07:10:00,SHORT,25265.75,25313.7715,3,0.131,-98.04,false
258,2025-12-01 07:10:00,SHORT,25265.75,25326.6435,1,0.134,-123.79,false
109,2025-12-01 07:20:00,SHORT,25257.25,25291.82625,1,0.111,-71.15,false
242,2025-12-01 07:30:00,SHORT,25239.75,25293.7525,1,0.069,-110.00,false
287,2025-12-01 07:40:00,SHORT,25236.5,25284.15775,0,0.061,-97.32,false
287,2025-12-01 09:15:00,LONG,25271,25229.09225,1,0.121,-85.82,false
109,2025-12-01 09:55:00,LONG,25365.5,25205.17375,3,0.873,173.25,true
245,2025-12-01 09:55:00,LONG,25365.5,25202.9785,2,0.873,173.25,true
222,2025-12-01 10:00:00,LONG,25349.25,25230.00175,4,0.912,173.25,true
223,2025-12-01 10:00:00,LONG,25349.25,25230.00175,12,0.912,173.25,true
242,2025-12-01 10:00:00,LONG,25349.25,25230.9975,5,0.912,173.25,true
243,2025-12-01 10:00:00,LONG,25349.25,25230.9975,4,0.912,173.25,true
258,2025-12-01 10:00:00,LONG,25349.25,25230.1065,2,0.912,173.25,true
280,2025-12-01 10:15:00,LONG,25364,25284.22225,6,0.008,-161.56,false
129,2025-12-01 11:05:00,LONG,25370.5,25335.34625,2,0.023,-72.31,false
281,2025-12-01 11:05:00,LONG,25370.5,25330.72225,2,0.023,-81.56,false
282,2025-12-01 11:40:00,LONG,25423,25341.97225,4,0.173,-164.06,false
288,2025-12-01 11:45:00,LONG,25441.5,25357.59225,3,0.129,-169.82,false
244,2025-12-01 11:50:00,LONG,25434.25,25373.2475,1,0.146,-124.00,false
107,2025-12-01 11:55:00,LONG,25435.5,25383.6575,0,0.143,-105.68,false
251,2025-12-01 11:55:00,LONG,25435.5,25381.166,2,0.143,-110.67,false
283,2025-12-01 12:10:00,LONG,25443,25378.97225,0,0.125,-130.06,false
246,2025-12-01 13:40:00,LONG,25470,25440.2285,3,0.054,-61.54,false
246,2025-12-01 14:15:00,SHORT,25428.75,25494.2715,1,0.247,173.25,true
107,2025-12-01 14:30:00,SHORT,25385.5,25452.8425,1,0.145,-136.68,false
251,2025-12-01 14:30:00,SHORT,25385.5,25455.334,1,0.145,-141.67,false
283,2025-12-01 14:30:00,SHORT,25385.5,25457.52775,3,0.145,-146.06,false
244,2025-12-01 14:55:00,SHORT,25373.75,25420.0025,1,0.017,-94.50,false
244,2025-12-01 18:30:00,LONG,25416.75,25379.7475,6,0.067,-76.00,false
107,2025-12-01 20:20:00,LONG,25441,25403.9075,4,0.010,-76.18,false
251,2025-12-01 20:20:00,LONG,25441,25401.416,7,0.010,-81.17,false
107,2025-12-01 21:05:00,SHORT,25396.25,25440.5925,0,0.170,-90.68,false
251,2025-12-01 21:05:00,SHORT,25396.25,25443.084,0,0.170,-95.67,false
244,2025-12-01 22:30:00,SHORT,25361.75,25425.2525,5,0.088,-129.00,false
288,2025-12-01 22:35:00,SHORT,25358.75,25416.90775,13,0.081,-118.32,false
282,2025-12-02 00:40:00,SHORT,25365.25,25402.77775,13,0.097,-77.06,false
129,2025-12-02 01:25:00,SHORT,25339.25,25370.65375,3,0.000,-64.81,false
129,2025-12-02 01:45:00,LONG,25363.5,25335.34625,0,0.058,-58.31,false
282,2025-12-02 03:55:00,LONG,25421,25347.72225,4,0.798,172.87,true
288,2025-12-02 03:55:00,LONG,25421,25367.84225,6,0.798,172.87,true
244,2025-12-02 04:00:00,LONG,25427.5,25378.4975,3,0.783,172.87,true
107,2025-12-02 04:20:00,LONG,25441,25403.4075,2,0.750,172.87,true
251,2025-12-02 04:20:00,LONG,25441,25400.916,2,0.750,172.87,true
283,2025-12-02 05:15:00,LONG,25447.75,25398.72225,5,0.734,172.87,true
290,2025-12-02 05:45:00,LONG,25475.75,25428.11075,6,0.463,172.87,true
246,2025-12-02 05:50:00,LONG,25493,25430.2285,1,0.422,172.87,true
125,2025-12-02 06:15:00,LONG,25492.75,25457.8055,7,0.423,172.87,true
224,2025-12-02 06:15:00,LONG,25492.75,25467.25175,5,0.038,-53.00,false
126,2025-12-02 06:30:00,LONG,25497,25476.0555,3,0.005,-43.89,false
126,2025-12-02 07:05:00,SHORT,25480.75,25503.1945,0,0.054,-46.89,false
224,2025-12-02 07:40:00,SHORT,25466.5,25502.74825,3,0.010,-74.50,false
125,2025-12-02 07:45:00,SHORT,25467.75,25490.9445,3,0.002,-48.39,false
125,2025-12-02 08:05:00,LONG,25492.75,25462.8055,0,0.423,172.87,true
224,2025-12-02 08:05:00,LONG,25492.75,25459.75175,0,0.423,172.87,true
126,2025-12-02 08:20:00,LONG,25500.5,25473.5555,1,0.063,-55.89,false
127,2025-12-02 09:05:00,LONG,25507.25,25476.5555,17,0.047,-63.39,false
131,2025-12-02 09:45:00,LONG,25583.25,25467.09625,6,0.207,-234.31,false
138,2025-12-02 09:45:00,LONG,25583.25,25467.16425,8,0.207,-234.17,false
165,2025-12-02 09:45:00,LONG,25583.25,25465.3215,3,0.207,-237.86,false
169,2025-12-02 09:45:00,LONG,25583.25,25464.943,1,0.207,-238.61,false
132,2025-12-02 09:50:00,LONG,25569.5,25516.363,5,0.240,172.87,true
166,2025-12-02 09:50:00,LONG,25569.5,25514.5715,1,0.240,172.87,true
140,2025-12-02 10:05:00,LONG,25637.75,25516.41425,1,0.077,-244.67,false
132,2025-12-02 11:25:00,SHORT,25459.75,25608.887,1,0.108,-300.27,false
140,2025-12-02 11:25:00,SHORT,25459.75,25608.83575,1,0.108,-300.17,false
166,2025-12-02 11:25:00,SHORT,25459.75,25610.6785,1,0.108,-303.86,false
131,2025-12-02 11:30:00,SHORT,25449.5,25557.90375,0,0.011,-218.81,false
169,2025-12-02 11:30:00,SHORT,25449.5,25611.057,1,0.011,-325.11,false
165,2025-12-02 11:35:00,SHORT,25501.75,25548.9285,1,0.057,-96.36,false
131,2025-12-02 12:10:00,LONG,25549.75,25485.84625,1,0.306,172.87,true
165,2025-12-02 12:20:00,LONG,25583.75,25498.5715,2,0.092,-172.36,false
132,2025-12-02 12:25:00,LONG,25603.75,25510.613,1,0.044,-188.27,false
166,2025-12-02 12:25:00,LONG,25603.75,25508.8215,1,0.044,-191.86,false
169,2025-12-02 12:25:00,LONG,25603.75,25508.443,1,0.044,-192.61,false
140,2025-12-02 12:30:00,LONG,25611.5,25541.41425,0,0.003,-142.17,false
140,2025-12-02 13:05:00,SHORT,25557.25,25610.08575,0,0.065,-107.67,false
140,2025-12-02 14:00:00,LONG,25595.25,25538.41425,2,0.198,-115.67,false
294,2025-12-02 20:10:00,LONG,25638,25598.10825,2,0.096,-81.78,false
295,2025-12-02 21:20:00,LONG,25662.75,25626.60825,5,0.037,-74.28,false
295,2025-12-03 03:30:00,SHORT,25617.25,25670.64175,8,0.029,-108.78,false
295,2025-12-03 07:45:00,LONG,25661.75,25606.35825,7,0.038,-112.78,false
295,2025-12-03 09:10:00,SHORT,25433.75,25668.89175,3,0.025,-472.28,false
131,2025-12-03 09:15:00,SHORT,25451,25657.15375,1,0.050,-414.31,false
132,2025-12-03 09:15:00,SHORT,25451,25657.137,3,0.050,-414.27,false
140,2025-12-03 09:15:00,SHORT,25451,25657.08575,1,0.050,-414.17,false
165,2025-12-03 09:15:00,SHORT,25451,25658.9285,1,0.050,-417.86,false
166,2025-12-03 09:15:00,SHORT,25451,25658.9285,5,0.050,-417.86,false
169,2025-12-03 09:15:00,SHORT,25451,25659.307,2,0.050,-418.61,false
292,2025-12-03 09:15:00,SHORT,25451,25661.39175,1,0.050,-422.78,false
293,2025-12-03 09:15:00,SHORT,25451,25661.39175,2,0.050,-422.78,false
294,2025-12-03 09:15:00,SHORT,25451,25661.39175,8,0.050,-422.78,false
125,2025-12-03 09:20:00,SHORT,25468.25,25540.1945,4,0.091,-145.89,false
126,2025-12-03 09:20:00,SHORT,25468.25,25540.1945,6,0.091,-145.89,false
127,2025-12-03 09:20:00,SHORT,25468.25,25540.1945,5,0.091,-145.89,false
138,2025-12-03 09:20:00,SHORT,25468.25,25540.33575,3,0.091,-146.17,false
224,2025-12-03 09:20:00,SHORT,25468.25,25543.24825,7,0.091,-152.00,false
125,2025-12-03 10:05:00,LONG,25514,25426.0555,2,0.844,172.92,true
126,2025-12-03 10:05:00,LONG,25514,25426.0555,2,0.844,172.92,true
224,2025-12-03 10:05:00,LONG,25514,25423.00175,2,0.844,172.92,true
127,2025-12-03 10:10:00,LONG,25515.75,25471.3055,3,0.840,172.92,true
138,2025-12-03 10:10:00,LONG,25515.75,25471.16425,2,0.840,172.92,true
131,2025-12-03 10:20:00,LONG,25547.25,25471.09625,2,0.764,172.92,true
165,2025-12-03 10:40:00,LONG,25595.25,25492.3215,2,0.327,172.92,true
169,2025-12-03 10:40:00,LONG,25595.25,25491.943,2,0.327,172.92,true
132,2025-12-03 10:45:00,LONG,25588.25,25496.363,3,0.344,172.92,true
166,2025-12-03 10:45:00,LONG,25588.25,25494.5715,4,0.344,172.92,true
140,2025-12-03 11:40:00,LONG,25612.75,25540.66425,4,0.009,-146.17,false
292,2025-12-03 11:45:00,LONG,25598,25552.35825,4,0.000,-93.28,false
293,2025-12-03 12:45:00,LONG,25625.25,25550.60825,5,0.256,172.92,true
294,2025-12-03 13:40:00,LONG,25651.5,25589.85825,3,0.193,-125.28,false
295,2025-12-03 14:50:00,LONG,25666.25,25617.35825,2,0.045,-99.78,false
295,2025-12-03 20:00:00,SHORT,25631.5,25666.64175,5,0.044,-72.28,false
295,2025-12-04 01:50:00,LONG,25656.75,25624.10825,6,0.031,-67.28,false
295,2025-12-04 03:30:00,SHORT,25627.75,25671.39175,2,0.039,-89.28,false
295,2025-12-04 04:40:00,LONG,25684.25,25610.10825,2,0.116,-150.28,false
295,2025-12-04 08:55:00,SHORT,25632,25674.89175,4,0.001,-87.78,false
295,2025-12-04 09:15:00,LONG,25705.75,25623.10825,0,0.017,-167.28,false
296,2025-12-04 09:15:00,LONG,25705.75,25623.10825,22,0.017,-167.28,false
295,2025-12-04 09:45:00,SHORT,25584.5,25721.39175,0,0.231,171.00,true
296,2025-12-04 09:45:00,SHORT,25584.5,25721.39175,0,0.231,171.00,true
294,2025-12-04 09:50:00,SHORT,25584.5,25721.39175,18,0.231,171.00,true
293,2025-12-04 09:55:00,SHORT,25555.5,25651.14175,5,0.122,-193.28,false
140,2025-12-04 11:10:00,SHORT,25550.5,25603.08575,6,0.030,-107.17,false
292,2025-12-04 11:10:00,SHORT,25550.5,25601.64175,7,0.030,-104.28,false
300,2025-12-04 11:10:00,SHORT,25550.5,25607.3,4,0.030,-115.60,false
140,2025-12-04 11:30:00,LONG,25576.5,25534.16425,0,0.185,-86.67,false
300,2025-12-04 11:30:00,LONG,25576.5,25529.95,0,0.185,-95.10,false
292,2025-12-04 11:55:00,LONG,25642,25529.85825,0,0.027,-226.28,false
293,2025-12-04 12:00:00,LONG,25638,25560.60825,4,0.001,-156.78,false
294,2025-12-04 12:00:00,LONG,25638,25560.60825,1,0.001,-156.78,false
294,2025-12-04 12:30:00,SHORT,25600.25,25643.14175,1,0.269,171.00,true
293,2025-12-04 14:20:00,SHORT,25512,25630.39175,5,0.009,-238.78,false
292,2025-12-04 14:25:00,SHORT,25532.5,25612.64175,1,0.019,-162.28,false
292,2025-12-04 14:45:00,LONG,25600.5,25516.35825,0,0.645,171.00,true
293,2025-12-04 16:05:00,LONG,25634.25,25575.60825,3,0.563,171.00,true
294,2025-12-04 16:15:00,LONG,25635.25,25575.60825,4,0.561,171.00,true
295,2025-12-04 20:05:00,LONG,25660,25611.85825,5,0.235,167.78,true
296,2025-12-04 21:15:00,LONG,25695.25,25655.85825,2,0.149,-80.78,false
291,2025-12-04 23:10:00,LONG,25712.5,25675.36075,5,0.106,-76.28,false
289,2025-12-05 01:05:00,LONG,25725.75,25691.34225,5,0.074,-70.82,false
289,2025-12-05 07:55:00,SHORT,25703.25,25731.40775,12,0.303,167.78,true
291,2025-12-05 08:30:00,SHORT,25663,25718.38925,8,0.204,-112.78,false
296,2025-12-05 08:45:00,SHORT,25588.5,25697.39175,4,0.021,-219.78,false
295,2025-12-05 08:50:00,SHORT,25621,25672.14175,0,0.034,-104.28,false
295,2025-12-05 09:35:00,LONG,25731,25616.60825,0,0.336,167.78,true
296,2025-12-05 09:40:00,LONG,25708.5,25640.10825,0,0.392,167.78,true
291,2025-12-05 09:45:00,LONG,25752.75,25669.86075,0,0.283,167.78,true
289,2025-12-05 09:55:00,LONG,25791.25,25669.84225,1,0.188,-244.82,false
302,2025-12-05 10:00:00,LONG,25812.75,25665.35475,4,0.136,-296.79,false
303,2025-12-05 10:00:00,LONG,25812.75,25698.85475,2,0.136,-229.79,false
286,2025-12-05 10:05:00,LONG,25830,25732.45975,1,0.093,-197.08,false
286,2025-12-05 11:05:00,SHORT,25731.5,25830.29025,0,0.197,-199.58,false
303,2025-12-05 11:05:00,SHORT,25731.5,25829.89525,0,0.197,-198.79,false
302,2025-12-05 11:15:00,SHORT,25695.5,25775.64525,0,0.109,-162.29,false
289,2025-12-05 11:35:00,SHORT,25685,25749.40775,1,0.034,-130.82,false
289,2025-12-05 13:00:00,LONG,25729.25,25678.84225,2,0.072,-102.82,false
302,2025-12-07 20:40:00,LONG,25763.5,25724.60475,18,0.246,163.04,true
303,2025-12-07 20:55:00,LONG,25768.25,25740.35475,9,0.234,163.04,true
286,2025-12-07 22:05:00,LONG,25783.75,25749.70975,2,0.194,-70.08,false
286,2025-12-08 10:15:00,SHORT,25732,25824.04025,11,0.513,163.04,true
303,2025-12-08 10:20:00,SHORT,25704.25,25786.14525,7,0.443,163.04,true
302,2025-12-08 10:25:00,SHORT,25700.5,25786.14525,2,0.434,163.04,true
306,2025-12-08 10:30:00,SHORT,25716,25763.168,6,0.473,163.04,true
289,2025-12-08 10:50:00,SHORT,25675,25756.90775,12,0.369,163.04,true
291,2025-12-08 11:00:00,SHORT,25643.5,25731.38925,10,0.211,163.04,true
296,2025-12-08 11:05:00,SHORT,25653.5,25703.89175,8,0.224,163.04,true
305,2025-12-08 11:55:00,SHORT,25639.5,25692.418,1,0.116,-107.84,false
295,2025-12-08 12:20:00,SHORT,25617.75,25678.64175,3,0.061,-123.78,false
295,2025-12-08 13:05:00,LONG,25686.75,25603.60825,0,0.013,-168.28,false
305,2025-12-08 13:05:00,LONG,25686.75,25626.332,1,0.013,-122.84,false
295,2025-12-08 13:40:00,SHORT,25627.25,25686.14175,0,0.158,-119.78,false
305,2025-12-08 13:40:00,SHORT,25627.25,25685.668,0,0.158,-118.84,false
294,2025-12-08 14:05:00,SHORT,25587,25644.14175,10,0.033,-116.28,false
293,2025-12-08 14:10:00,SHORT,25579.5,25628.14175,5,0.000,-99.28,false
293,2025-12-08 16:00:00,LONG,25667.25,25574.10825,1,0.157,-188.28,false
294,2025-12-08 16:05:00,LONG,25664.75,25596.85825,5,0.164,-137.78,false
295,2025-12-08 16:10:00,LONG,25661,25603.60825,0,0.173,-116.78,false
305,2025-12-08 16:30:00,LONG,25685.25,25604.082,0,0.112,-164.34,false
296,2025-12-08 16:50:00,LONG,25698.75,25654.35825,4,0.078,-90.78,false
291,2025-12-08 18:05:00,LONG,25711,25674.61075,3,0.048,-74.78,false
291,2025-12-09 00:00:00,SHORT,25681.25,25729.88925,2,0.313,159.54,true
296,2025-12-09 01:00:00,SHORT,25655,25697.64175,3,0.021,-87.28,false
296,2025-12-09 02:10:00,LONG,25687.75,25650.85825,0,0.064,-75.78,false
296,2025-12-09 04:45:00,SHORT,25663.5,25704.39175,4,0.267,159.54,true
295,2025-12-09 08:40:00,SHORT,25625.25,25666.89175,11,0.168,-85.28,false
305,2025-12-09 08:40:00,SHORT,25625.25,25671.418,12,0.168,-94.34,false
294,2025-12-09 09:15:00,SHORT,25605.25,25647.64175,2,0.117,-86.78,false
294,2025-12-09 10:05:00,LONG,25637.75,25567.35825,1,0.279,159.54,true
295,2025-12-09 11:00:00,LONG,25690.75,25615.85825,3,0.142,-151.78,false
305,2025-12-09 11:00:00,LONG,25690.75,25620.082,3,0.142,-143.34,false
296,2025-12-09 11:05:00,LONG,25685.75,25640.10825,8,0.129,-93.28,false
291,2025-12-09 12:00:00,LONG,25725,25664.86075,9,0.028,-122.28,false
291,2025-12-09 16:15:00,SHORT,25679.5,25730.38925,9,0.104,-103.78,false
296,2025-12-09 19:55:00,SHORT,25651.25,25694.39175,5,0.031,-88.28,false
296,2025-12-09 23:40:00,LONG,25692.25,25658.10825,3,0.140,-70.28,false
291,2025-12-10 02:20:00,LONG,25714.75,25677.36075,3,0.081,-76.78,false
289,2025-12-10 03:15:00,LONG,25738.25,25697.59225,21,0.006,-83.32,false
306,2025-12-10 03:15:00,LONG,25738.25,25703.082,13,0.006,-72.34,false
306,2025-12-10 04:25:00,SHORT,25714.75,25748.418,0,0.488,156.98,true
289,2025-12-10 05:15:00,SHORT,25705,25742.40775,2,0.462,156.98,true
291,2025-12-10 05:30:00,SHORT,25646.75,25729.13925,3,0.309,156.98,true
296,2025-12-10 05:35:00,SHORT,25651,25714.64175,1,0.062,-129.28,false
305,2025-12-10 07:15:00,SHORT,25636.25,25676.668,7,0.024,-82.84,false
295,2025-12-10 07:45:00,SHORT,25637.5,25677.14175,6,0.012,-81.28,false
295,2025-12-10 08:20:00,LONG,25701,25624.35825,0,0.050,-155.28,false
305,2025-12-10 08:20:00,LONG,25701,25630.582,2,0.050,-142.84,false
296,2025-12-10 08:30:00,LONG,25684.75,25654.10825,7,0.009,-63.28,false
296,2025-12-10 09:10:00,SHORT,25663.5,25696.64175,0,0.353,156.98,true
305,2025-12-10 09:40:00,SHORT,25642.5,25675.918,1,0.298,156.98,true
295,2025-12-10 09:55:00,SHORT,25631.25,25680.64175,1,0.269,156.98,true
293,2025-12-10 11:05:00,SHORT,25577,25635.39175,9,0.020,-118.78,false
294,2025-12-10 11:05:00,SHORT,25577,25635.39175,7,0.020,-118.78,false
310,2025-12-10 11:05:00,SHORT,25577,25634.74975,5,0.020,-117.50,false
293,2025-12-10 11:25:00,LONG,25647.75,25561.10825,0,0.585,156.98,true
294,2025-12-10 11:25:00,LONG,25647.75,25561.10825,0,0.585,156.98,true
310,2025-12-10 11:25:00,LONG,25647.75,25561.75025,0,0.585,156.98,true
295,2025-12-10 14:15:00,LONG,25710,25594.10825,10,0.422,156.98,true
296,2025-12-10 14:15:00,LONG,25710,25594.10825,4,0.422,156.98,true
305,2025-12-10 14:15:00,LONG,25710,25594.582,8,0.422,156.98,true
289,2025-12-10 15:00:00,LONG,25840.5,25652.34225,4,0.079,-378.32,false
291,2025-12-10 15:00:00,LONG,25840.5,25652.36075,4,0.079,-378.28,false
306,2025-12-10 15:00:00,LONG,25840.5,25652.832,6,0.079,-377.34,false
286,2025-12-10 15:05:00,LONG,25841.25,25685.95975,1,0.077,-312.58,false
302,2025-12-10 15:05:00,LONG,25841.25,25686.35475,6,0.077,-311.79,false
303,2025-12-10 15:05:00,LONG,25841.25,25686.35475,1,0.077,-311.79,false
311,2025-12-10 15:05:00,LONG,25841.25,25686.75025,1,0.077,-311.00,false
286,2025-12-10 18:15:00,SHORT,25727.25,25804.54025,2,0.888,159.61,true
311,2025-12-10 18:15:00,SHORT,25727.25,25803.74975,2,0.888,159.61,true
303,2025-12-10 18:20:00,SHORT,25728.5,25804.14525,1,0.891,159.61,true
302,2025-12-10 18:25:00,SHORT,25729,25775.64525,0,0.893,159.61,true
289,2025-12-10 19:45:00,SHORT,25678.75,25735.90775,3,0.763,159.61,true
306,2025-12-10 19:45:00,SHORT,25678.75,25755.418,0,0.763,159.61,true
291,2025-12-10 19:55:00,SHORT,25684,25727.63925,0,0.776,159.61,true
296,2025-12-10 20:55:00,SHORT,25660.75,25697.89175,3,0.716,159.61,true
305,2025-12-10 21:10:00,SHORT,25636.25,25674.418,5,0.653,159.61,true
295,2025-12-10 21:15:00,SHORT,25626.75,25669.64175,3,0.629,159.61,true
315,2025-12-10 21:35:00,SHORT,25574.5,25669.0035,0,0.494,159.61,true
293,2025-12-10 21:40:00,SHORT,25579,25639.39175,3,0.506,159.61,true
294,2025-12-10 21:40:00,SHORT,25579,25639.39175,10,0.506,159.61,true
292,2025-12-10 21:55:00,SHORT,25549.25,25618.64175,10,0.429,159.61,true
310,2025-12-10 21:55:00,SHORT,25549.25,25617.99975,0,0.429,159.61,true
140,2025-12-10 22:00:00,SHORT,25457.75,25586.83575,14,0.193,-260.17,false
300,2025-12-10 22:00:00,SHORT,25457.75,25591.05,12,0.193,-268.60,false
125,2025-12-10 22:15:00,SHORT,25453.5,25554.1945,0,0.049,-203.39,false
126,2025-12-10 22:15:00,SHORT,25453.5,25554.1945,1,0.049,-203.39,false
127,2025-12-10 22:15:00,SHORT,25453.5,25554.1945,3,0.049,-203.39,false
131,2025-12-10 22:15:00,SHORT,25453.5,25554.40375,3,0.049,-203.81,false
132,2025-12-10 22:15:00,SHORT,25453.5,25554.387,10,0.049,-203.77,false
138,2025-12-10 22:15:00,SHORT,25453.5,25554.33575,4,0.049,-203.67,false
165,2025-12-10 22:15:00,SHORT,25453.5,25556.1785,6,0.049,-207.36,false
166,2025-12-10 22:15:00,SHORT,25453.5,25556.1785,11,0.049,-207.36,false
169,2025-12-10 22:15:00,SHORT,25453.5,25556.557,9,0.049,-208.11,false
224,2025-12-10 22:15:00,SHORT,25453.5,25557.24825,0,0.049,-209.50,false
246,2025-12-10 22:15:00,SHORT,25453.5,25556.5215,7,0.049,-208.04,false
246,2025-12-10 22:50:00,LONG,25473.5,25428.2285,1,0.587,159.61,true
125,2025-12-10 23:05:00,LONG,25504.75,25454.8055,2,0.506,159.61,true
126,2025-12-10 23:15:00,LONG,25521.25,25462.3055,1,0.464,159.61,true
224,2025-12-10 23:15:00,LONG,25521.25,25459.25175,2,0.464,159.61,true
127,2025-12-10 23:20:00,LONG,25507.75,25483.3055,1,0.046,-50.89,false
138,2025-12-10 23:45:00,LONG,25513.75,25483.16425,0,0.027,-63.17,false
138,2025-12-11 00:30:00,SHORT,25487.25,25517.08575,0,0.008,-61.67,false
138,2025-12-11 01:00:00,LONG,25512.75,25485.91425,0,0.000,-55.67,false
138,2025-12-11 01:25:00,SHORT,25472.5,25516.83575,0,0.001,-90.67,false
127,2025-12-11 01:30:00,SHORT,25484,25515.1945,5,0.023,-64.39,false
127,2025-12-11 02:25:00,LONG,25520.75,25481.5555,1,0.057,-80.39,false
131,2025-12-11 02:35:00,LONG,25535,25481.34625,7,0.021,-109.31,false
138,2025-12-11 02:35:00,LONG,25535,25481.41425,2,0.021,-109.17,false
165,2025-12-11 02:45:00,LONG,25539.25,25501.0715,5,0.010,-78.36,false
131,2025-12-11 03:15:00,SHORT,25485,25547.15375,0,0.028,-126.31,false
138,2025-12-11 03:15:00,SHORT,25485,25547.08575,0,0.028,-126.17,false
165,2025-12-11 03:15:00,SHORT,25485,25548.9285,0,0.028,-129.86,false
131,2025-12-11 04:05:00,LONG,25557.5,25484.84625,0,0.370,159.61,true
138,2025-12-11 04:05:00,LONG,25557.5,25484.91425,2,0.370,159.61,true
165,2025-12-11 04:05:00,LONG,25557.5,25483.0715,0,0.370,159.61,true
132,2025-12-11 04:10:00,LONG,25569.25,25505.863,3,0.340,159.61,true
169,2025-12-11 04:10:00,LONG,25569.25,25482.693,3,0.340,159.61,true
166,2025-12-11 04:15:00,LONG,25576,25504.0715,3,0.322,159.61,true
140,2025-12-11 04:25:00,LONG,25584,25533.16425,0,0.302,159.61,true
300,2025-12-11 04:25:00,LONG,25584,25528.95,0,0.302,159.61,true
292,2025-12-11 04:45:00,LONG,25603,25528.85825,0,0.253,159.61,true
310,2025-12-11 04:55:00,LONG,25603.5,25563.50025,0,0.251,159.61,true
293,2025-12-11 06:55:00,LONG,25623.5,25571.60825,2,0.200,-105.78,false
294,2025-12-11 07:10:00,LONG,25642.75,25594.60825,4,0.150,-98.28,false
315,2025-12-11 07:20:00,LONG,25673.75,25609.2465,1,0.070,-131.01,false
295,2025-12-11 07:25:00,LONG,25677,25622.10825,1,0.062,-111.78,false
305,2025-12-11 07:30:00,LONG,25696.5,25622.582,0,0.012,-149.84,false
296,2025-12-11 07:40:00,LONG,25688.75,25642.35825,0,0.028,-94.78,false
296,2025-12-11 08:40:00,SHORT,25643,25707.89175,1,0.652,159.61,true
305,2025-12-11 09:35:00,SHORT,25585.75,25688.918,1,0.504,159.61,true
295,2025-12-11 09:40:00,SHORT,25587,25676.89175,2,0.508,159.61,true
293,2025-12-11 09:45:00,SHORT,25487,25658.64175,0,0.250,159.61,true
294,2025-12-11 09:45:00,SHORT,25487,25658.64175,0,0.250,159.61,true
315,2025-12-11 09:45:00,SHORT,25487,25658.0035,3,0.250,159.61,true
140,2025-12-11 09:55:00,SHORT,25414.5,25609.33575,1,0.063,-391.67,false
292,2025-12-11 09:55:00,SHORT,25414.5,25613.64175,2,0.063,-400.28,false
300,2025-12-11 09:55:00,SHORT,25414.5,25613.55,1,0.063,-400.10,false
310,2025-12-11 09:55:00,SHORT,25414.5,25657.99975,4,0.063,-489.00,false
126,2025-12-11 10:00:00,SHORT,25454.75,25594.9445,10,0.017,-282.39,false
127,2025-12-11 10:00:00,SHORT,25454.75,25594.9445,1,0.017,-282.39,false
131,2025-12-11 10:00:00,SHORT,25454.75,25595.15375,0,0.017,-282.81,false
132,2025-12-11 10:00:00,SHORT,25454.75,25595.137,0,0.017,-282.77,false
138,2025-12-11 10:00:00,SHORT,25454.75,25595.08575,0,0.017,-282.67,false
165,2025-12-11 10:00:00,SHORT,25454.75,25596.9285,0,0.017,-286.36,false
166,2025-12-11 10:00:00,SHORT,25454.75,25596.9285,0,0.017,-286.36,false
169,2025-12-11 10:00:00,SHORT,25454.75,25597.307,0,0.017,-287.11,false
224,2025-12-11 10:00:00,SHORT,25454.75,25597.99825,8,0.017,-288.50,false
126,2025-12-11 10:20:00,LONG,25624.5,25444.0555,0,0.611,159.61,true
127,2025-12-11 10:20:00,LONG,25624.5,25444.0555,0,0.611,159.61,true
131,2025-12-11 10:20:00,LONG,25624.5,25443.84625,0,0.611,159.61,true
132,2025-12-11 10:20:00,LONG,25624.5,25443.863,0,0.611,159.61,true
138,2025-12-11 10:20:00,LONG,25624.5,25443.91425,0,0.611,159.61,true
165,2025-12-11 10:20:00,LONG,25624.5,25442.0715,0,0.611,159.61,true
166,2025-12-11 10:20:00,LONG,25624.5,25442.0715,0,0.611,159.61,true
169,2025-12-11 10:20:00,LONG,25624.5,25441.693,0,0.611,159.61,true
224,2025-12-11 10:20:00,LONG,25624.5,25441.00175,0,0.611,159.61,true
300,2025-12-11 10:25:00,LONG,25599,25501.95,0,0.030,-196.10,false
140,2025-12-11 10:30:00,LONG,25577.75,25506.16425,0,0.021,-145.17,false
140,2025-12-11 10:50:00,SHORT,25501.25,25589.83575,0,0.116,-179.17,false
300,2025-12-11 10:50:00,SHORT,25501.25,25594.05,0,0.116,-187.60,false
132,2025-12-11 10:55:00,SHORT,25531,25581.637,0,0.193,-103.27,false
166,2025-12-11 10:55:00,SHORT,25531,25591.6785,0,0.193,-123.36,false
165,2025-12-11 11:15:00,SHORT,25489.75,25568.1785,1,0.086,-158.86,false
169,2025-12-11 11:20:00,SHORT,25521.75,25561.557,1,0.169,-81.61,false
165,2025-12-11 12:20:00,LONG,25618.5,25488.8215,2,0.627,159.61,true
166,2025-12-11 12:20:00,LONG,25618.5,25513.0715,2,0.627,159.61,true
169,2025-12-11 12:20:00,LONG,25618.5,25488.443,2,0.627,159.61,true
132,2025-12-11 12:25:00,LONG,25604,25523.363,3,0.664,159.61,true
140,2025-12-11 12:25:00,LONG,25604,25523.41425,1,0.664,159.61,true
300,2025-12-11 12:25:00,LONG,25604,25519.2,2,0.664,159.61,true
292,2025-12-11 12:30:00,LONG,25630.25,25519.10825,2,0.597,159.61,true
310,2025-12-11 12:30:00,LONG,25630.25,25519.75025,3,0.597,159.61,true
293,2025-12-11 12:40:00,LONG,25639,25576.10825,1,0.574,159.61,true
294,2025-12-11 13:20:00,LONG,25633.25,25573.60825,3,0.589,159.61,true
315,2025-12-11 13:45:00,LONG,25670,25604.2465,3,0.494,159.61,true
295,2025-12-11 14:15:00,LONG,25694.75,25626.85825,4,0.430,159.61,true
305,2025-12-11 14:20:00,LONG,25695.5,25622.082,2,0.428,159.61,true
296,2025-12-11 14:25:00,LONG,25698.25,25644.10825,3,0.421,159.61,true
291,2025-12-11 16:05:00,LONG,25733.25,25669.61075,3,0.331,159.61,true
289,2025-12-11 16:15:00,LONG,25809,25669.59225,1,0.135,-280.82,false
306,2025-12-11 16:20:00,LONG,25810,25700.582,2,0.133,-220.84,false
302,2025-12-11 16:25:00,LONG,25820,25723.10475,0,0.107,-195.79,false
286,2025-12-11 16:30:00,LONG,25808.75,25735.70975,0,0.136,-148.08,false
303,2025-12-11 16:30:00,LONG,25808.75,25736.10475,0,0.136,-147.29,false
311,2025-12-11 16:30:00,LONG,25808.75,25736.50025,0,0.136,-146.50,false
316,2025-12-11 16:30:00,LONG,25808.75,25736.4965,1,0.136,-146.51,false
289,2025-12-11 18:15:00,SHORT,25671,25741.65775,0,1.528,161.04,true
291,2025-12-11 18:15:00,SHORT,25671,25741.63925,0,1.528,161.04,true
306,2025-12-11 18:15:00,SHORT,25671,25741.168,0,1.528,161.04,true
321,2025-12-11 18:20:00,SHORT,25671.25,25720.322,0,1.529,161.04,true
296,2025-12-11 19:10:00,SHORT,25653.75,25698.14175,3,0.029,-90.78,false
296,2025-12-11 21:15:00,LONG,25696.25,25652.60825,3,0.020,-89.28,false
296,2025-12-11 23:10:00,SHORT,25661.75,25697.89175,0,0.020,-74.28,false
296,2025-12-12 00:45:00,LONG,25690,25657.10825,3,0.036,-67.78,false
321,2025-12-12 01:25:00,LONG,25700.5,25665.178,9,0.005,-72.64,false
321,2025-12-12 02:10:00,SHORT,25671,25710.322,0,1.528,161.04,true
296,2025-12-12 02:25:00,SHORT,25665.5,25697.14175,1,1.514,161.04,true
305,2025-12-12 04:15:00,SHORT,25624.25,25678.418,12,1.409,161.04,true
295,2025-12-12 04:25:00,SHORT,25591.5,25675.64175,7,1.325,161.04,true
315,2025-12-12 04:25:00,SHORT,25591.5,25670.0035,2,1.325,161.04,true
294,2025-12-12 04:35:00,SHORT,25574,25651.39175,2,1.166,161.04,true
293,2025-12-12 04:40:00,SHORT,25571.75,25627.64175,1,0.100,-113.78,false
310,2025-12-12 06:30:00,SHORT,25569,25603.49975,3,0.093,-71.00,false
140,2025-12-12 06:45:00,SHORT,25537,25592.58575,4,0.012,-113.17,false
292,2025-12-12 06:45:00,SHORT,25537,25601.89175,5,0.012,-131.78,false
300,2025-12-12 06:55:00,SHORT,25552,25590.55,3,0.035,-79.10,false
300,2025-12-12 07:20:00,LONG,25575,25529.95,0,0.146,-92.10,false
140,2025-12-12 08:15:00,LONG,25587,25553.66425,1,0.116,-68.67,false
292,2025-12-12 08:15:00,LONG,25587,25550.10825,3,0.116,-75.78,false
310,2025-12-12 08:55:00,LONG,25625.75,25558.25025,2,0.017,-137.00,false
293,2025-12-12 09:05:00,LONG,25616.25,25571.10825,8,0.013,-92.28,false
140,2025-12-12 09:55:00,SHORT,25558.25,25617.58575,1,1.126,161.04,true
292,2025-12-12 09:55:00,SHORT,25558.25,25621.89175,4,1.126,161.04,true
293,2025-12-12 09:55:00,SHORT,25558.25,25621.89175,1,1.126,161.04,true
310,2025-12-12 09:55:00,SHORT,25558.25,25621.24975,2,1.126,161.04,true
132,2025-12-12 10:10:00,SHORT,25438,25574.137,4,0.818,161.04,true
166,2025-12-12 10:10:00,SHORT,25438,25575.9285,5,0.818,161.04,true
300,2025-12-12 10:10:00,SHORT,25438,25627.8,4,0.818,161.04,true
125,2025-12-12 10:15:00,SHORT,25436.25,25562.9445,9,0.814,161.04,true
126,2025-12-12 10:15:00,SHORT,25436.25,25562.9445,4,0.814,161.04,true
127,2025-12-12 10:15:00,SHORT,25436.25,25562.9445,6,0.814,161.04,true
131,2025-12-12 10:15:00,SHORT,25436.25,25563.15375,5,0.814,161.04,true
138,2025-12-12 10:15:00,SHORT,25436.25,25563.08575,6,0.814,161.04,true
165,2025-12-12 10:15:00,SHORT,25436.25,25564.9285,1,0.814,161.04,true
169,2025-12-12 10:15:00,SHORT,25436.25,25565.307,3,0.814,161.04,true
224,2025-12-12 10:15:00,SHORT,25436.25,25565.99825,4,0.814,161.04,true
246,2025-12-12 10:20:00,SHORT,25379.75,25504.5215,5,0.669,161.04,true
290,2025-12-12 10:20:00,SHORT,25379.75,25506.63925,12,0.669,161.04,true
107,2025-12-12 10:30:00,SHORT,25348.75,25458.5925,9,0.590,161.04,true
251,2025-12-12 10:30:00,SHORT,25348.75,25461.084,8,0.590,161.04,true
283,2025-12-12 10:30:00,SHORT,25348.75,25507.02775,7,0.590,161.04,true
244,2025-12-12 10:35:00,SHORT,25363.75,25452.0025,2,0.628,161.04,true
282,2025-12-12 10:35:00,SHORT,25363.75,25454.77775,2,0.628,161.04,true
288,2025-12-12 10:35:00,SHORT,25363.75,25454.40775,2,0.628,161.04,true
129,2025-12-12 11:05:00,SHORT,25197.5,25403.90375,6,0.203,-414.81,false
223,2025-12-12 11:05:00,SHORT,25197.5,25406.74825,8,0.203,-420.50,false
280,2025-12-12 11:05:00,SHORT,25197.5,25408.52775,10,0.203,-424.06,false
281,2025-12-12 11:05:00,SHORT,25197.5,25408.52775,10,0.203,-424.06,false
98,2025-12-12 11:10:00,SHORT,25194,25340.2175,3,0.194,-294.43,false
109,2025-12-12 11:10:00,SHORT,25194,25340.32625,1,0.194,-294.65,false
222,2025-12-12 11:10:00,SHORT,25194,25343.24825,5,0.194,-300.50,false
242,2025-12-12 11:10:00,SHORT,25194,25342.2525,1,0.194,-298.50,false
243,2025-12-12 11:10:00,SHORT,25194,25342.2525,2,0.194,-298.50,false
245,2025-12-12 11:10:00,SHORT,25194,25342.5215,1,0.194,-299.04,false
250,2025-12-12 11:10:00,SHORT,25194,25342.834,5,0.194,-299.67,false
258,2025-12-12 11:10:00,SHORT,25194,25343.1435,2,0.194,-300.29,false
274,2025-12-12 11:10:00,SHORT,25194,25344.63375,10,0.194,-303.27,false
287,2025-12-12 11:10:00,SHORT,25194,25344.65775,2,0.194,-303.32,false
98,2025-12-12 12:15:00,LONG,25295.25,25158.7825,2,0.198,-274.93,false
250,2025-12-12 12:15:00,LONG,25295.25,25156.166,2,0.198,-280.17,false
274,2025-12-12 12:20:00,LONG,25277,25154.36625,2,0.244,161.04,true
287,2025-12-12 12:50:00,LONG,25284.5,25201.59225,1,0.225,161.04,true
109,2025-12-12 12:55:00,LONG,25276.5,25205.92375,1,0.245,161.04,true
242,2025-12-12 12:55:00,LONG,25276.5,25203.9975,2,0.245,161.04,true
245,2025-12-12 13:20:00,LONG,25317.25,25256.4785,2,0.070,-123.54,false
258,2025-12-12 13:20:00,LONG,25317.25,25277.8565,3,0.070,-80.79,false
243,2025-12-12 13:25:00,LONG,25339.75,25282.2475,1,0.012,-117.00,false
222,2025-12-12 13:35:00,LONG,25336.5,25281.25175,1,0.020,-112.50,false
222,2025-12-12 14:05:00,SHORT,25259,25351.49825,0,0.290,161.04,true
243,2025-12-12 14:05:00,SHORT,25259,25350.5025,0,0.290,161.04,true
258,2025-12-12 14:05:00,SHORT,25259,25332.8935,1,0.290,161.04,true
245,2025-12-12 14:10:00,SHORT,25239.75,25323.0215,0,0.241,161.04,true
242,2025-12-12 14:15:00,SHORT,25237.25,25291.5025,1,0.235,161.04,true
109,2025-12-12 14:20:00,SHORT,25233.5,25289.32625,2,0.225,161.04,true
287,2025-12-12 14:20:00,SHORT,25233.5,25293.90775,0,0.225,161.04,true
274,2025-12-12 15:35:00,SHORT,25156.75,25271.13375,4,0.004,-230.77,false
98,2025-12-12 15:40:00,SHORT,25181.5,25243.7175,6,0.029,-126.43,false
250,2025-12-12 15:40:00,SHORT,25181.5,25246.334,1,0.029,-131.67,false
250,2025-12-14 18:10:00,LONG,25408.75,25186.666,1,0.662,161.22,true
251,2025-12-14 18:40:00,LONG,25435.75,25388.166,1,0.593,161.22,true
107,2025-12-14 18:45:00,LONG,25436.75,25405.6575,2,0.591,161.22,true
283,2025-12-14 19:00:00,LONG,25451.5,25400.97225,2,0.553,161.22,true
290,2025-12-14 19:35:00,LONG,25468.25,25425.61075,1,0.510,161.22,true
246,2025-12-14 19:50:00,LONG,25485,25438.4785,2,0.467,161.22,true
125,2025-12-14 19:55:00,LONG,25490,25462.5555,2,0.455,161.22,true
126,2025-12-14 20:35:00,LONG,25513,25474.8055,2,0.396,161.22,true
224,2025-12-14 20:35:00,LONG,25513,25459.50175,2,0.396,161.22,true
127,2025-12-14 20:40:00,LONG,25506,25481.8055,2,0.414,161.22,true
324,2025-12-14 20:40:00,LONG,25506,25470.91925,2,0.414,161.22,true
138,2025-12-14 21:00:00,LONG,25525.75,25488.41425,0,0.042,-76.67,false
131,2025-12-14 21:05:00,LONG,25526.25,25498.09625,1,0.040,-58.31,false
165,2025-12-14 21:35:00,LONG,25538,25500.0715,1,0.002,-77.86,false
165,2025-12-14 22:20:00,SHORT,25503.25,25538.9285,0,0.033,-73.36,false
131,2025-12-14 23:20:00,SHORT,25494.5,25521.40375,3,0.000,-55.81,false
131,2025-12-14 23:50:00,LONG,25522,25492.09625,0,0.049,-61.81,false
165,2025-12-15 00:40:00,LONG,25535.25,25503.5715,3,0.015,-65.36,false
165,2025-12-15 02:35:00,SHORT,25503,25540.1785,2,0.042,-76.36,false
131,2025-12-15 02:45:00,SHORT,25498.5,25522.40375,5,0.031,-49.81,false
131,2025-12-15 03:40:00,LONG,25541.5,25499.84625,3,0.323,161.22,true
165,2025-12-15 03:45:00,LONG,25546,25498.0715,1,0.312,161.22,true
169,2025-12-15 03:50:00,LONG,25540,25497.693,9,0.327,161.22,true
132,2025-12-15 04:10:00,LONG,25568.5,25522.113,6,0.254,161.22,true
166,2025-12-15 04:20:00,LONG,25571.75,25520.3215,4,0.246,161.22,true
300,2025-12-15 04:30:00,LONG,25581,25531.2,0,0.222,161.22,true
140,2025-12-15 04:50:00,LONG,25588.25,25551.66425,1,0.204,-75.17,false
292,2025-12-15 05:10:00,LONG,25591.5,25547.35825,1,0.195,-90.28,false
310,2025-12-15 06:00:00,LONG,25594,25565.25025,1,0.189,-59.50,false
293,2025-12-15 06:45:00,LONG,25609.75,25575.85825,2,0.149,-69.78,false
294,2025-12-15 08:55:00,LONG,25639.75,25602.10825,11,0.072,-77.28,false
315,2025-12-15 09:10:00,LONG,25652.75,25607.7465,1,0.039,-92.01,false
140,2025-12-15 09:45:00,SHORT,25559.75,25672.08575,0,1.716,161.22,true
292,2025-12-15 09:45:00,SHORT,25559.75,25676.39175,2,1.716,161.22,true
293,2025-12-15 09:45:00,SHORT,25559.75,25676.39175,3,1.716,161.22,true
294,2025-12-15 09:45:00,SHORT,25559.75,25676.39175,0,1.716,161.22,true
310,2025-12-15 09:45:00,SHORT,25559.75,25675.74975,4,1.716,161.22,true
315,2025-12-15 09:45:00,SHORT,25559.75,25675.7535,1,1.716,161.22,true
165,2025-12-15 10:00:00,SHORT,25430.5,25571.1785,0,1.386,161.22,true
169,2025-12-15 10:00:00,SHORT,25430.5,25571.557,1,1.386,161.22,true
300,2025-12-15 10:00:00,SHORT,25430.5,25634.8,0,1.386,161.22,true
127,2025-12-15 10:05:00,SHORT,25445,25569.1945,6,1.423,161.22,true
131,2025-12-15 10:05:00,SHORT,25445,25569.40375,0,1.423,161.22,true
132,2025-12-15 10:05:00,SHORT,25445,25569.387,1,1.423,161.22,true
138,2025-12-15 10:05:00,SHORT,25445,25569.33575,8,1.423,161.22,true
166,2025-12-15 10:05:00,SHORT,25445,25571.1785,1,1.423,161.22,true
324,2025-12-15 10:05:00,SHORT,25445,25573.08075,5,1.423,161.22,true
125,2025-12-15 10:10:00,SHORT,25427.5,25523.1945,2,1.379,161.22,true
126,2025-12-15 10:10:00,SHORT,25427.5,25523.1945,2,1.379,161.22,true
224,2025-12-15 10:10:00,SHORT,25427.5,25526.24825,1,1.379,161.22,true
246,2025-12-15 10:10:00,SHORT,25427.5,25525.5215,0,1.379,161.22,true
290,2025-12-15 10:20:00,SHORT,25330.75,25499.13925,0,0.115,-338.78,false
107,2025-12-15 10:25:00,SHORT,25320,25457.3425,1,0.033,-276.68,false
251,2025-12-15 10:25:00,SHORT,25320,25459.834,1,0.033,-281.67,false
283,2025-12-15 10:25:00,SHORT,25320,25462.02775,1,0.033,-286.06,false
244,2025-12-15 10:30:00,SHORT,25367.75,25435.5025,3,0.104,-137.50,false
282,2025-12-15 10:30:00,SHORT,25367.75,25438.27775,2,0.104,-143.06,false
288,2025-12-15 10:30:00,SHORT,25367.75,25437.90775,2,0.104,-142.32,false
282,2025-12-15 11:05:00,LONG,25441,25318.22225,0,0.194,-247.56,false
288,2025-12-15 11:15:00,LONG,25491,25318.59225,0,0.066,-346.82,false
244,2025-12-15 11:25:00,LONG,25504.5,25365.4975,1,0.017,-280.00,false
290,2025-12-15 11:25:00,LONG,25504.5,25384.61075,1,0.017,-241.78,false
107,2025-12-15 11:30:00,LONG,25434.25,25398.6575,2,0.020,-73.18,false
251,2025-12-15 11:30:00,LONG,25434.25,25396.166,2,0.020,-78.17,false
290,2025-12-15 11:45:00,SHORT,25384.25,25519.63925,0,1.268,161.22,true
107,2025-12-15 12:10:00,SHORT,25405.25,25447.0925,1,0.848,161.22,true
251,2025-12-15 12:20:00,SHORT,25391,25449.584,1,0.812,161.22,true
244,2025-12-15 12:55:00,SHORT,25380,25442.7525,3,0.783,161.22,true
288,2025-12-15 13:00:00,SHORT,25374.25,25438.90775,4,0.769,161.22,true
282,2025-12-15 13:30:00,SHORT,25350.5,25422.77775,6,0.029,-146.56,false
282,2025-12-15 14:05:00,LONG,25407.75,25352.72225,0,0.018,-112.06,false
288,2025-12-15 14:05:00,LONG,25407.75,25353.09225,2,0.018,-111.32,false
288,2025-12-15 14:40:00,SHORT,25367,25416.65775,1,0.750,161.22,true
282,2025-12-15 14:45:00,SHORT,25371.25,25417.02775,1,0.761,161.22,true
281,2025-12-15 16:00:00,SHORT,25336.25,25384.77775,11,0.672,161.22,true
129,2025-12-15 16:05:00,SHORT,25337,25376.90375,10,0.674,161.22,true
129,2025-12-15 18:10:00,LONG,25360.25,25337.59625,2,0.011,-47.31,false
129,2025-12-15 18:35:00,SHORT,25322.5,25368.65375,0,0.659,155.61,true
280,2025-12-15 18:40:00,SHORT,25322.5,25364.27775,10,0.659,155.61,true
222,2025-12-15 18:55:00,SHORT,25306.25,25350.74825,1,0.616,155.61,true
223,2025-12-15 18:55:00,SHORT,25306.25,25362.49825,9,0.616,155.61,true
243,2025-12-15 19:15:00,SHORT,25259.5,25327.5025,2,0.493,155.61,true
258,2025-12-15 19:15:00,SHORT,25259.5,25324.3935,3,0.493,155.61,true
245,2025-12-15 19:20:00,SHORT,25274.5,25311.2715,2,0.532,155.61,true
109,2025-12-15 19:55:00,SHORT,25252.5,25286.07625,1,0.474,155.61,true
242,2025-12-15 20:00:00,SHORT,25241.75,25288.0025,3,0.446,155.61,true
287,2025-12-15 20:35:00,SHORT,25129.5,25278.40775,6,0.149,-299.82,false
274,2025-12-15 20:40:00,SHORT,25122.5,25260.13375,4,0.130,-277.27,false
98,2025-12-15 20:45:00,SHORT,25127,25255.2175,3,0.142,-258.43,false
250,2025-12-15 20:45:00,SHORT,25127,25257.834,0,0.142,-263.67,false
299,2025-12-15 20:50:00,SHORT,25158.5,25221.8,7,0.225,155.61,true
279,2025-12-15 22:20:00,SHORT,25140.5,25187.75825,10,0.178,-96.52,false
278,2025-12-16 01:00:00,SHORT,25117.75,25164.75825,16,0.118,-96.02,false
278,2025-12-16 03:10:00,LONG,25158.75,25098.99175,4,0.925,155.61,true
279,2025-12-16 03:25:00,LONG,25184,25117.49175,4,0.858,155.61,true
299,2025-12-16 03:50:00,LONG,25204.75,25140.45,8,0.803,155.61,true
250,2025-12-16 04:20:00,LONG,25220.75,25181.916,0,0.017,-79.67,false
250,2025-12-16 04:55:00,SHORT,25182.5,25231.084,1,0.038,-99.17,false
250,2025-12-16 05:25:00,LONG,25234.75,25182.916,0,0.461,155.61,true
98,2025-12-16 05:45:00,LONG,25253.5,25209.0325,2,0.352,155.61,true
274,2025-12-16 05:45:00,LONG,25253.5,25204.61625,2,0.411,155.61,true
287,2025-12-16 06:45:00,LONG,25269.5,25230.34225,3,0.309,155.61,true
109,2025-12-16 07:00:00,LONG,25290.75,25242.67375,1,0.253,155.61,true
242,2025-12-16 07:00:00,LONG,25290.75,25240.7475,2,0.253,155.61,true
245,2025-12-16 07:20:00,LONG,25306,25253.2285,2,0.213,155.61,true
258,2025-12-16 07:25:00,LONG,25309.5,25281.3565,2,0.039,-58.29,false
258,2025-12-16 08:10:00,SHORT,25283.5,25321.8935,2,0.054,-78.79,false
245,2025-12-16 09:00:00,SHORT,25265.25,25352.0215,2,0.159,-175.54,false
109,2025-12-16 09:05:00,SHORT,25256.75,25293.07625,3,0.124,-74.65,false
109,2025-12-16 10:00:00,LONG,25356,25201.17375,2,0.128,-311.65,false
222,2025-12-16 10:00:00,LONG,25356,25198.25175,8,0.128,-317.50,false
243,2025-12-16 10:00:00,LONG,25356,25199.2475,6,0.128,-315.50,false
245,2025-12-16 10:00:00,LONG,25356,25198.9785,2,0.128,-316.04,false
258,2025-12-16 10:00:00,LONG,25356,25198.3565,5,0.128,-317.29,false
222,2025-12-16 10:25:00,SHORT,25241,25355.49825,0,0.183,-231.00,false
243,2025-12-16 10:25:00,SHORT,25241,25354.5025,0,0.125,-229.00,false
109,2025-12-16 10:30:00,SHORT,25264.75,25337.82625,0,0.188,-148.15,false
245,2025-12-16 10:30:00,SHORT,25264.75,25340.0215,0,0.188,-152.54,false
258,2025-12-16 10:30:00,SHORT,25264.75,25340.6435,0,0.188,-153.79,false
109,2025-12-16 11:00:00,LONG,25310.25,25226.67375,1,0.032,-169.15,false
245,2025-12-16 11:00:00,LONG,25310.25,25224.4785,1,0.032,-173.54,false
258,2025-12-16 11:00:00,LONG,25310.25,25223.8565,0,0.032,-174.79,false
245,2025-12-16 11:20:00,SHORT,25230.75,25328.7715,0,0.048,-198.04,false
258,2025-12-16 11:20:00,SHORT,25230.75,25329.3935,0,0.048,-199.29,false
109,2025-12-16 11:25:00,SHORT,25233,25302.82625,0,0.050,-141.65,false
242,2025-12-16 11:25:00,SHORT,25233,25304.7525,7,0.050,-145.50,false
287,2025-12-16 11:25:00,SHORT,25233,25307.15775,9,0.050,-150.32,false
242,2025-12-16 11:55:00,LONG,25335.5,25214.2475,1,0.052,-244.50,false
287,2025-12-16 11:55:00,LONG,25335.5,25205.84225,0,0.052,-261.32,false
109,2025-12-16 12:00:00,LONG,25342.5,25245.67375,1,0.033,-195.65,false
245,2025-12-16 12:05:00,LONG,25304.25,25243.4785,0,0.134,-123.54,false
258,2025-12-16 12:10:00,LONG,25340,25276.8565,1,0.040,-128.29,false
109,2025-12-16 12:50:00,SHORT,25232.75,25323.82625,1,0.161,-184.15,false
242,2025-12-16 12:50:00,SHORT,25232.75,25325.7525,1,0.161,-188.00,false
245,2025-12-16 12:50:00,SHORT,25232.75,25326.0215,2,0.161,-188.54,false
258,2025-12-16 12:50:00,SHORT,25232.75,25326.6435,1,0.161,-189.79,false
287,2025-12-16 12:55:00,SHORT,25200.5,25328.15775,1,0.076,-257.32,false
98,2025-12-16 13:05:00,SHORT,25210.75,25248.7175,8,0.061,-77.93,false
274,2025-12-16 13:05:00,SHORT,25210.75,25253.13375,15,0.061,-86.77,false
98,2025-12-16 13:45:00,LONG,25333,25197.7825,2,0.464,155.61,true
274,2025-12-16 13:45:00,LONG,25333,25193.36625,2,0.464,155.61,true
287,2025-12-16 13:45:00,LONG,25333,25193.34225,0,0.464,155.61,true
109,2025-12-16 13:50:00,LONG,25316.75,25245.92375,0,0.035,-143.65,false
242,2025-12-16 13:50:00,LONG,25316.75,25243.9975,0,0.035,-147.50,false
245,2025-12-16 13:50:00,LONG,25316.75,25243.7285,0,0.035,-148.04,false
258,2025-12-16 13:50:00,LONG,25316.75,25243.1065,0,0.035,-149.29,false
243,2025-12-16 13:55:00,LONG,25316.25,25277.4975,3,0.002,-79.50,false
109,2025-12-16 14:15:00,SHORT,25228.5,25321.07625,0,0.010,-187.15,false
243,2025-12-16 14:15:00,SHORT,25228.5,25323.0025,0,0.010,-191.00,false
245,2025-12-16 14:15:00,SHORT,25228.5,25323.2715,0,0.010,-191.54,false
258,2025-12-16 14:15:00,SHORT,25228.5,25323.8935,0,0.010,-192.79,false
242,2025-12-16 14:20:00,SHORT,25249.25,25323.0025,0,0.051,-149.50,false
109,2025-12-16 14:40:00,LONG,25316,25225.92375,0,0.509,155.61,true
242,2025-12-16 14:40:00,LONG,25316,25223.9975,0,0.509,155.61,true
245,2025-12-16 14:40:00,LONG,25316,25223.7285,0,0.509,155.61,true
258,2025-12-16 14:50:00,LONG,25330.5,25265.6065,0,0.300,155.61,true
243,2025-12-16 15:00:00,LONG,25352.5,25279.9975,0,0.242,155.61,true
222,2025-12-16 15:10:00,LONG,25333.75,25279.00175,5,0.292,155.61,true
223,2025-12-16 15:25:00,LONG,25373.5,25303.50175,12,0.186,-142.00,false
280,2025-12-16 15:30:00,LONG,25397.5,25301.72225,10,0.123,-193.56,false
281,2025-12-16 15:30:00,LONG,25397.5,25321.22225,13,0.123,-154.56,false
129,2025-12-16 15:35:00,LONG,25421.75,25337.59625,8,0.059,-170.31,false
282,2025-12-16 15:45:00,LONG,25407.25,25362.72225,4,0.097,-91.06,false
288,2025-12-16 15:45:00,LONG,25407.25,25363.09225,5,0.097,-90.32,false
282,2025-12-16 16:10:00,SHORT,25344,25451.02775,0,0.210,155.61,true
288,2025-12-16 16:10:00,SHORT,25344,25450.65775,0,0.210,155.61,true
129,2025-12-16 16:20:00,SHORT,25317.75,25380.15375,0,0.141,-126.81,false
281,2025-12-16 16:20:00,SHORT,25317.75,25384.77775,0,0.141,-136.06,false
280,2025-12-16 16:25:00,SHORT,25323.5,25361.52775,1,0.077,-78.06,false
223,2025-12-16 18:10:00,SHORT,25317,25362.99825,2,0.018,-94.00,false
223,2025-12-16 18:35:00,LONG,25341.5,25303.50175,0,0.059,-78.00,false
223,2025-12-16 19:05:00,SHORT,25293.75,25343.24825,1,0.040,-101.00,false
222,2025-12-16 19:10:00,SHORT,25288.5,25343.24825,3,0.025,-111.50,false
243,2025-12-16 19:10:00,SHORT,25288.5,25335.0025,3,0.025,-95.00,false
223,2025-12-16 20:10:00,LONG,25341.25,25287.00175,1,0.457,150.65,true
243,2025-12-16 20:10:00,LONG,25341.25,25275.7475,2,0.457,150.65,true
222,2025-12-16 20:30:00,LONG,25335.25,25299.75175,3,0.123,-73.00,false
129,2025-12-16 21:45:00,LONG,25371,25332.34625,6,0.025,-79.31,false
280,2025-12-16 21:45:00,LONG,25371,25315.22225,6,0.025,-113.56,false
281,2025-12-16 21:45:00,LONG,25371,25327.72225,8,0.025,-88.56,false
129,2025-12-16 23:30:00,SHORT,25328.25,25366.40375,3,0.100,-78.31,false
281,2025-12-16 23:35:00,SHORT,25319.75,25381.27775,3,0.076,-125.06,false
280,2025-12-16 23:40:00,SHORT,25318.25,25371.02775,1,0.072,-107.56,false
223,2025-12-17 00:00:00,SHORT,25307.25,25354.74825,4,0.016,-97.00,false
223,2025-12-17 00:50:00,LONG,25350.75,25301.00175,1,0.431,150.65,true
280,2025-12-17 00:55:00,LONG,25353,25318.97225,0,0.425,150.65,true
129,2025-12-17 01:10:00,LONG,25401.5,25340.84625,0,0.292,150.65,true
281,2025-12-17 01:10:00,LONG,25401.5,25318.97225,0,0.292,150.65,true
282,2025-12-17 01:25:00,LONG,25402.5,25362.72225,1,0.289,150.65,true
288,2025-12-17 01:25:00,LONG,25402.5,25363.09225,0,0.289,150.65,true
244,2025-12-17 02:55:00,LONG,25412.75,25375.2475,12,0.261,150.65,true
107,2025-12-17 04:25:00,LONG,25433,25397.6575,9,0.206,-72.68,false
251,2025-12-17 04:25:00,LONG,25433,25395.166,19,0.206,-77.67,false
283,2025-12-17 04:40:00,LONG,25455.5,25392.97225,18,0.145,-127.06,false
290,2025-12-17 04:55:00,LONG,25463.5,25419.11075,1,0.123,-90.78,false
246,2025-12-17 05:15:00,LONG,25470.75,25438.2285,1,0.103,-67.04,false
125,2025-12-17 05:55:00,LONG,25482.75,25457.3055,4,0.070,-52.89,false
224,2025-12-17 07:40:00,LONG,25494,25460.25175,5,0.040,-69.50,false
126,2025-12-17 07:50:00,LONG,25502.5,25471.8055,6,0.005,-63.39,false
126,2025-12-17 08:20:00,SHORT,25428.25,25497.9445,1,1.476,150.65,true
224,2025-12-17 08:20:00,SHORT,25428.25,25500.99825,1,1.476,150.65,true
125,2025-12-17 08:25:00,SHORT,25444.75,25494.1945,7,1.521,150.65,true
246,2025-12-17 08:25:00,SHORT,25444.75,25496.5215,3,1.521,150.65,true
283,2025-12-17 09:35:00,SHORT,25336.75,25459.27775,4,1.226,150.65,true
290,2025-12-17 09:35:00,SHORT,25336.75,25476.63925,2,1.226,150.65,true
107,2025-12-17 09:40:00,SHORT,25316.5,25454.5925,4,1.171,150.65,true
251,2025-12-17 09:40:00,SHORT,25316.5,25457.084,3,1.171,150.65,true
244,2025-12-17 09:45:00,SHORT,25298,25453.7525,6,1.120,150.65,true
282,2025-12-17 09:45:00,SHORT,25298,25456.52775,7,1.120,150.65,true
288,2025-12-17 09:45:00,SHORT,25298,25456.15775,8,1.120,150.65,true
129,2025-12-17 09:50:00,SHORT,25287.25,25410.90375,0,1.091,150.65,true
223,2025-12-17 09:50:00,SHORT,25287.25,25413.74825,0,1.091,150.65,true
280,2025-12-17 09:50:00,SHORT,25287.25,25415.52775,0,1.091,150.65,true
281,2025-12-17 09:50:00,SHORT,25287.25,25415.52775,0,1.091,150.65,true
222,2025-12-17 10:40:00,SHORT,25141.75,25349.99825,5,0.694,150.65,true
243,2025-12-17 10:40:00,SHORT,25141.75,25344.7525,7,0.694,150.65,true
258,2025-12-17 10:40:00,SHORT,25141.75,25345.6435,9,0.694,150.65,true
109,2025-12-17 10:45:00,SHORT,25130.25,25335.57625,3,0.662,150.65,true
242,2025-12-17 10:45:00,SHORT,25130.25,25337.5025,3,0.662,150.65,true
245,2025-12-17 10:45:00,SHORT,25130.25,25337.7715,8,0.662,150.65,true
287,2025-12-17 10:45:00,SHORT,25130.25,25339.90775,4,0.662,150.65,true
98,2025-12-17 10:50:00,SHORT,25083.75,25269.2175,1,0.535,150.65,true
250,2025-12-17 10:50:00,SHORT,25083.75,25271.834,10,0.535,150.65,true
274,2025-12-17 10:50:00,SHORT,25083.75,25273.63375,2,0.535,150.65,true
327,2025-12-17 10:50:00,SHORT,25083.75,25272.57325,0,0.535,150.65,true
328,2025-12-17 10:50:00,SHORT,25083.75,25272.57325,0,0.535,150.65,true
329,2025-12-17 10:50:00,SHORT,25083.75,25272.57325,1,0.535,150.65,true
278,2025-12-17 10:55:00,SHORT,25059.5,25223.50825,0,0.469,150.65,true
279,2025-12-17 10:55:00,SHORT,25059.5,25223.50825,1,0.469,150.65,true
299,2025-12-17 10:55:00,SHORT,25059.5,25223.05,3,0.469,150.65,true
323,2025-12-17 11:05:00,SHORT,25104.5,25150.83075,11,0.592,150.65,true
273,2025-12-17 22:25:00,SHORT,24913,24957.13375,11,0.012,-90.27,false
273,2025-12-17 23:00:00,LONG,24962,24902.11625,1,2.240,152.96,true
331,2025-12-18 04:40:00,LONG,25078,25023.5655,2,1.928,152.96,true
323,2025-12-18 08:40:00,LONG,25249,25093.16925,5,1.468,152.96,true
332,2025-12-18 08:40:00,LONG,25249,25079.3155,8,1.468,152.96,true
278,2025-12-18 08:45:00,LONG,25243.5,25098.74175,0,1.483,152.96,true
279,2025-12-18 08:45:00,LONG,25243.5,25098.74175,0,1.483,152.96,true
299,2025-12-18 08:45:00,LONG,25243.5,25099.2,0,1.483,152.96,true
327,2025-12-18 08:45:00,LONG,25243.5,25100.17675,0,1.483,152.96,true
328,2025-12-18 08:45:00,LONG,25243.5,25100.17675,0,1.483,152.96,true
98,2025-12-18 08:50:00,LONG,25243,25150.2825,0,1.484,152.96,true
250,2025-12-18 08:50:00,LONG,25243,25147.666,0,1.484,152.96,true
274,2025-12-18 09:15:00,LONG,25266.5,25211.61625,1,0.169,-111.77,false
329,2025-12-18 09:15:00,LONG,25266.5,25212.67675,1,0.169,-109.65,false
287,2025-12-18 09:25:00,LONG,25279.5,25211.59225,2,0.135,-137.82,false
287,2025-12-18 09:45:00,SHORT,25189,25337.90775,0,0.052,-299.82,false
109,2025-12-18 10:35:00,LONG,25390,25172.67375,3,1.089,152.96,true
242,2025-12-18 10:35:00,LONG,25390,25170.7475,3,1.089,152.96,true
245,2025-12-18 10:35:00,LONG,25390,25170.4785,2,1.089,152.96,true
287,2025-12-18 10:35:00,LONG,25390,25168.34225,1,1.089,152.96,true
333,2025-12-18 10:35:00,LONG,25390,25169.3155,3,1.089,152.96,true
222,2025-12-18 10:40:00,LONG,25381,25267.00175,1,0.085,-230.00,false
223,2025-12-18 10:40:00,LONG,25381,25267.00175,5,0.085,-230.00,false
243,2025-12-18 10:40:00,LONG,25381,25267.9975,1,0.085,-228.00,false
258,2025-12-18 10:40:00,LONG,25381,25267.1065,2,0.085,-229.79,false
280,2025-12-18 10:40:00,LONG,25381,25265.22225,3,0.085,-233.56,false
129,2025-12-18 10:45:00,LONG,25373.5,25304.59625,0,0.105,-139.81,false
281,2025-12-18 10:45:00,LONG,25373.5,25299.97225,1,0.105,-149.06,false
129,2025-12-18 12:15:00,SHORT,25223.25,25390.90375,2,0.096,-337.31,false
281,2025-12-18 12:15:00,SHORT,25223.25,25395.52775,3,0.096,-346.56,false
109,2025-12-18 12:20:00,SHORT,25198.75,25357.32625,0,0.030,-319.15,false
222,2025-12-18 12:20:00,SHORT,25198.75,25360.24825,0,0.030,-325.00,false
223,2025-12-18 12:20:00,SHORT,25198.75,25360.24825,0,0.030,-325.00,false
242,2025-12-18 12:20:00,SHORT,25198.75,25359.2525,0,0.030,-323.00,false
243,2025-12-18 12:20:00,SHORT,25198.75,25359.2525,0,0.030,-323.00,false
245,2025-12-18 12:20:00,SHORT,25198.75,25359.5215,0,0.030,-323.54,false
258,2025-12-18 12:20:00,SHORT,25198.75,25360.1435,0,0.030,-324.79,false
280,2025-12-18 12:20:00,SHORT,25198.75,25362.02775,1,0.030,-328.56,false
287,2025-12-18 12:20:00,SHORT,25198.75,25361.65775,0,0.030,-327.82,false
333,2025-12-18 12:20:00,SHORT,25198.75,25360.6845,0,0.030,-325.87,false
329,2025-12-18 12:25:00,SHORT,25229.5,25272.32325,3,0.038,-87.65,false
109,2025-12-18 12:45:00,LONG,25328.5,25211.17375,0,0.198,-236.65,false
242,2025-12-18 12:45:00,LONG,25328.5,25209.2475,0,0.198,-240.50,false
245,2025-12-18 12:45:00,LONG,25328.5,25208.9785,0,0.198,-241.04,false
287,2025-12-18 12:45:00,LONG,25328.5,25206.84225,0,0.198,-245.32,false
329,2025-12-18 12:45:00,LONG,25328.5,25207.92675,0,0.198,-243.15,false
333,2025-12-18 12:45:00,LONG,25328.5,25207.8155,0,0.198,-243.37,false
258,2025-12-18 12:50:00,LONG,25332.5,25255.3565,0,0.188,-156.29,false
222,2025-12-18 12:55:00,LONG,25355.25,25290.25175,0,0.126,-132.00,false
243,2025-12-18 12:55:00,LONG,25355.25,25291.2475,0,0.126,-130.00,false
223,2025-12-18 13:20:00,LONG,25374.75,25310.75175,1,0.074,-130.00,false
280,2025-12-18 13:25:00,LONG,25362.5,25308.97225,2,0.107,-109.06,false
129,2025-12-18 13:30:00,LONG,25374.75,25342.59625,3,0.074,-66.31,false
281,2025-12-18 13:40:00,LONG,25371.75,25308.97225,2,0.011,-127.56,false
129,2025-12-18 14:00:00,SHORT,25263.75,25379.90375,0,0.192,-234.31,false
281,2025-12-18 14:00:00,SHORT,25263.75,25384.52775,0,0.192,-243.56,false
280,2025-12-18 14:10:00,SHORT,25295.5,25384.52775,0,0.277,152.96,true
223,2025-12-18 14:15:00,SHORT,25275,25346.99825,1,0.222,152.96,true
222,2025-12-18 14:20:00,SHORT,25268.75,25346.99825,1,0.205,-158.50,false
243,2025-12-18 14:20:00,SHORT,25268.75,25346.0025,0,0.205,-156.50,false
258,2025-12-18 14:25:00,SHORT,25278.75,25339.3935,1,0.232,152.96,true
245,2025-12-18 14:40:00,SHORT,25241.25,25338.7715,1,0.131,-197.04,false
333,2025-12-18 14:40:00,SHORT,25241.25,25304.4345,1,0.131,-128.37,false
109,2025-12-18 15:00:00,SHORT,25253.75,25288.07625,2,0.012,-70.65,false
242,2025-12-18 15:00:00,SHORT,25253.75,25290.0025,2,0.012,-74.50,false
109,2025-12-18 15:20:00,LONG,25306.25,25245.17375,0,0.100,-124.15,false
242,2025-12-18 15:20:00,LONG,25306.25,25243.2475,0,0.100,-128.00,false
333,2025-12-18 15:20:00,LONG,25306.25,25241.8155,1,0.100,-130.87,false
245,2025-12-18 15:25:00,LONG,25307.75,25250.9785,1,0.096,-115.54,false
258,2025-12-18 15:30:00,LONG,25318.5,25257.6065,0,0.067,-123.79,false
258,2025-12-18 16:05:00,SHORT,25231.5,25350.3935,1,0.094,-239.79,false
109,2025-12-18 16:10:00,SHORT,25209.75,25307.82625,0,0.036,-198.15,false
242,2025-12-18 16:10:00,SHORT,25209.75,25309.7525,0,0.036,-202.00,false
245,2025-12-18 16:10:00,SHORT,25209.75,25310.0215,0,0.036,-202.54,false
287,2025-12-18 16:10:00,SHORT,25209.75,25312.15775,3,0.036,-206.82,false
329,2025-12-18 16:10:00,SHORT,25209.75,25311.07325,4,0.036,-204.65,false
333,2025-12-18 16:10:00,SHORT,25209.75,25311.1845,0,0.036,-204.87,false
274,2025-12-18 16:20:00,SHORT,25212,25265.63375,7,0.042,-109.27,false
98,2025-12-18 16:25:00,SHORT,25217.5,25237.4675,7,0.056,-41.93,false
98,2025-12-18 18:45:00,LONG,25240.25,25212.5325,2,0.081,-57.43,false
274,2025-12-18 19:00:00,LONG,25255.25,25211.61625,3,0.002,-89.27,false
329,2025-12-18 21:05:00,LONG,25261.75,25225.42675,11,1.746,132.94,true
287,2025-12-18 21:15:00,LONG,25264,25224.34225,6,1.739,132.94,true
242,2025-12-18 21:35:00,LONG,25276.5,25248.7475,2,0.012,-57.50,false
109,2025-12-18 22:35:00,LONG,25287,25232.67375,5,1.668,132.94,true
333,2025-12-18 22:35:00,LONG,25287,25229.3155,5,1.668,132.94,true
245,2025-12-18 22:50:00,LONG,25313.75,25261.9785,3,1.586,132.94,true
258,2025-12-18 22:55:00,LONG,25307,25278.1065,1,0.035,-59.79,false
258,2025-12-19 00:15:00,SHORT,25287.5,25316.1435,2,0.064,-59.29,false
258,2025-12-19 02:10:00,LONG,25361.25,25264.8565,4,1.439,132.94,true
222,2025-12-19 02:15:00,LONG,25365.25,25291.50175,8,0.087,-149.50,false
223,2025-12-19 02:15:00,LONG,25365.25,25291.50175,1,0.087,-149.50,false
243,2025-12-19 02:15:00,LONG,25365.25,25292.4975,9,0.087,-147.50,false
280,2025-12-19 02:20:00,LONG,25350.25,25289.72225,2,0.134,-123.06,false
129,2025-12-19 03:20:00,LONG,25360,25327.59625,1,0.103,-66.81,false
281,2025-12-19 03:45:00,LONG,25375.75,25336.47225,2,0.055,-80.56,false
281,2025-12-19 06:15:00,SHORT,25347.75,25391.27775,4,0.229,132.94,true
129,2025-12-19 06:20:00,SHORT,25336,25363.40375,5,0.007,-56.81,false
223,2025-12-19 07:40:00,SHORT,25315.5,25363.74825,4,0.129,-98.50,false
280,2025-12-19 07:40:00,SHORT,25315.5,25368.02775,4,0.129,-107.06,false
243,2025-12-19 08:00:00,SHORT,25294.25,25331.7525,3,0.017,-77.00,false
222,2025-12-19 08:05:00,SHORT,25304,25331.24825,5,0.036,-56.50,false
243,2025-12-19 08:45:00,LONG,25329.75,25282.7475,0,1.715,132.94,true
222,2025-12-19 08:55:00,LONG,25323.5,25285.25175,0,1.735,132.94,true
223,2025-12-19 09:20:00,LONG,25373,25291.25175,2,1.582,132.94,true
280,2025-12-19 09:25:00,LONG,25362,25308.22225,2,1.616,132.94,true
129,2025-12-19 09:30:00,LONG,25453,25333.59625,3,1.344,132.94,true
281,2025-12-19 09:40:00,LONG,25547.5,25328.97225,3,1.052,132.94,true
107,2025-12-19 09:45:00,LONG,25547,25352.9075,0,1.053,132.94,true
244,2025-12-19 09:45:00,LONG,25547,25350.9975,6,1.053,132.94,true
251,2025-12-19 09:45:00,LONG,25547,25350.416,0,1.053,132.94,true
282,2025-12-19 09:45:00,LONG,25547,25348.22225,12,1.053,132.94,true
283,2025-12-19 09:45:00,LONG,25547,25348.22225,0,1.053,132.94,true
288,2025-12-19 09:45:00,LONG,25547,25348.59225,16,1.053,132.94,true
335,2025-12-19 09:45:00,LONG,25547,25350.52625,0,1.053,132.94,true
290,2025-12-19 09:50:00,LONG,25537,25348.61075,0,1.084,132.94,true
125,2025-12-19 09:55:00,LONG,25560.25,25423.3055,1,1.025,132.94,true
126,2025-12-19 09:55:00,LONG,25560.25,25423.3055,1,1.025,132.94,true
127,2025-12-19 09:55:00,LONG,25560.25,25423.3055,7,1.025,132.94,true
131,2025-12-19 09:55:00,LONG,25560.25,25423.09625,2,1.025,132.94,true
138,2025-12-19 09:55:00,LONG,25560.25,25423.16425,2,1.025,132.94,true
165,2025-12-19 09:55:00,LONG,25560.25,25421.3215,1,1.025,132.94,true
224,2025-12-19 09:55:00,LONG,25560.25,25420.25175,1,1.025,132.94,true
246,2025-12-19 09:55:00,LONG,25560.25,25420.9785,3,1.025,132.94,true
324,2025-12-19 09:55:00,LONG,25560.25,25419.41925,12,1.025,132.94,true
132,2025-12-19 10:05:00,LONG,25554.25,25423.113,0,1.043,132.94,true
166,2025-12-19 10:05:00,LONG,25554.25,25421.3215,0,1.043,132.94,true
169,2025-12-19 10:05:00,LONG,25554.25,25420.943,0,1.043,132.94,true
132,2025-12-19 10:30:00,SHORT,25522.75,25563.637,0,0.194,-83.77,false
166,2025-12-19 10:30:00,SHORT,25522.75,25565.4285,0,0.194,-87.36,false
127,2025-12-19 10:55:00,SHORT,25483,25549.1945,1,0.071,-134.39,false
131,2025-12-19 10:55:00,SHORT,25483,25549.40375,1,0.071,-134.81,false
138,2025-12-19 10:55:00,SHORT,25483,25549.33575,2,0.071,-134.67,false
165,2025-12-19 10:55:00,SHORT,25483,25551.1785,1,0.071,-138.36,false
169,2025-12-19 10:55:00,SHORT,25483,25551.557,2,0.071,-139.11,false
127,2025-12-19 11:15:00,LONG,25541.25,25456.0555,0,1.103,132.94,true
131,2025-12-19 11:15:00,LONG,25541.25,25455.84625,0,1.103,132.94,true
138,2025-12-19 11:15:00,LONG,25541.25,25455.91425,0,1.103,132.94,true
165,2025-12-19 11:25:00,LONG,25540.75,25491.5715,0,1.135,132.94,true
169,2025-12-19 11:35:00,LONG,25546.25,25491.193,0,1.118,132.94,true
169,2025-12-19 11:55:00,SHORT,25505.25,25571.307,0,0.010,-134.11,false
132,2025-12-19 12:15:00,LONG,25567.75,25497.863,4,1.077,132.94,true
169,2025-12-19 12:15:00,LONG,25567.75,25495.693,0,1.077,132.94,true
166,2025-12-19 12:20:00,LONG,25576.75,25496.0715,4,1.050,132.94,true
300,2025-12-19 12:55:00,LONG,25578.25,25528.7,7,1.045,132.94,true
140,2025-12-19 13:00:00,LONG,25584,25553.41425,3,0.025,-63.17,false
140,2025-12-19 13:40:00,SHORT,25554.5,25592.58575,0,0.029,-78.17,false
140,2025-12-19 14:30:00,LONG,25580.5,25559.91425,1,0.028,-43.17,false
292,2025-12-19 16:35:00,LONG,25585.75,25543.85825,9,1.022,132.94,true
310,2025-12-21 18:05:00,LONG,25643.75,25544.50025,11,0.902,124.06,true
293,2025-12-21 18:10:00,LONG,25638.75,25576.60825,6,0.918,124.06,true
315,2025-12-21 18:35:00,LONG,25662.75,25624.4965,0,0.437,124.06,true
295,2025-12-21 18:45:00,LONG,25667,25623.85825,2,0.422,124.06,true
305,2025-12-21 18:45:00,LONG,25667,25631.082,4,0.422,124.06,true
296,2025-12-21 20:15:00,LONG,25681,25645.35825,9,0.376,124.06,true
325,2025-12-21 20:15:00,LONG,25681,25645.91925,6,0.376,124.06,true
321,2025-12-21 20:40:00,LONG,25690,25645.928,4,0.346,124.06,true
321,2025-12-22 00:15:00,SHORT,25665.75,25700.572,3,0.012,-71.64,false
321,2025-12-22 01:55:00,LONG,25690,25654.428,0,0.346,124.06,true
291,2025-12-22 04:25:00,LONG,25711,25674.86075,12,0.277,124.06,true
289,2025-12-22 07:35:00,LONG,25735.75,25687.84225,6,0.195,-97.82,false
306,2025-12-22 08:10:00,LONG,25741.75,25708.582,2,0.175,-68.34,false
302,2025-12-22 09:10:00,LONG,25760.5,25729.85475,3,0.113,-63.29,false
303,2025-12-22 09:25:00,LONG,25780.5,25729.85475,1,0.047,-103.29,false
302,2025-12-22 09:45:00,SHORT,25718.5,25802.89525,0,0.365,124.06,true
303,2025-12-22 09:45:00,SHORT,25718.5,25802.89525,0,0.365,124.06,true
306,2025-12-22 09:45:00,SHORT,25718.5,25802.668,2,0.365,124.06,true
289,2025-12-22 10:15:00,SHORT,25698.25,25763.15775,2,0.298,124.06,true
291,2025-12-22 10:35:00,SHORT,25648.75,25723.38925,5,0.021,-151.28,false
291,2025-12-22 11:20:00,LONG,25712.75,25668.86075,1,0.086,-89.78,false
291,2025-12-22 13:25:00,SHORT,25688.5,25721.13925,4,0.041,-67.28,false
291,2025-12-22 18:25:00,LONG,25714.25,25679.61075,5,0.085,-71.28,false
289,2025-12-22 21:15:00,LONG,25736,25686.59225,10,0.000,-100.82,false
289,2025-12-22 23:35:00,SHORT,25687.75,25734.90775,2,0.277,117.60,true
291,2025-12-22 23:45:00,SHORT,25690.5,25719.63925,4,0.130,-60.28,false
321,2025-12-23 01:10:00,SHORT,25673,25704.822,17,0.069,-65.64,false
321,2025-12-23 03:20:00,LONG,25703.5,25658.428,2,0.087,-92.14,false
291,2025-12-23 04:25:00,LONG,25716.75,25677.86075,3,0.041,-79.78,false
291,2025-12-23 07:10:00,SHORT,25680.75,25722.38925,0,0.253,117.60,true
321,2025-12-23 07:30:00,SHORT,25672.5,25709.822,3,0.224,117.60,true
296,2025-12-23 08:45:00,SHORT,25635.25,25695.39175,16,0.091,-122.28,false
305,2025-12-23 08:45:00,SHORT,25635.25,25686.918,11,0.091,-105.34,false
325,2025-12-23 08:45:00,SHORT,25635.25,25694.83075,17,0.091,-121.16,false
295,2025-12-23 08:55:00,SHORT,25619.75,25678.64175,7,0.037,-119.78,false
315,2025-12-23 09:15:00,SHORT,25627,25678.0035,1,0.010,-104.01,false
315,2025-12-23 09:35:00,LONG,25715.25,25616.4965,0,0.767,117.60,true
295,2025-12-23 09:40:00,LONG,25730.25,25615.85825,0,0.715,117.60,true
305,2025-12-23 09:40:00,LONG,25730.25,25619.582,0,0.715,117.60,true
291,2025-12-23 09:45:00,LONG,25733.75,25629.61075,0,0.031,-210.28,false
296,2025-12-23 09:45:00,LONG,25733.75,25629.60825,0,0.031,-210.28,false
321,2025-12-23 09:45:00,LONG,25733.75,25630.178,4,0.031,-209.14,false
325,2025-12-23 09:45:00,LONG,25733.75,25630.16925,0,0.031,-209.16,false
291,2025-12-23 10:10:00,SHORT,25649,25751.13925,0,0.004,-206.28,false
296,2025-12-23 10:10:00,SHORT,25649,25716.14175,0,0.004,-136.28,false
321,2025-12-23 10:10:00,SHORT,25649,25715.572,0,0.004,-135.14,false
325,2025-12-23 10:10:00,SHORT,25649,25715.58075,0,0.004,-135.16,false
296,2025-12-23 10:40:00,LONG,25712.75,25639.35825,0,0.776,117.60,true
325,2025-12-23 10:40:00,LONG,25712.75,25639.91925,0,0.776,117.60,true
321,2025-12-23 10:45:00,LONG,25712.75,25663.928,1,0.776,117.60,true
291,2025-12-23 10:50:00,LONG,25725,25663.36075,0,0.733,117.60,true
289,2025-12-23 11:00:00,LONG,25739.25,25693.84225,8,0.683,117.60,true
306,2025-12-23 11:25:00,LONG,25743.75,25698.832,13,0.667,117.60,true
302,2025-12-23 12:00:00,LONG,25771.5,25722.60475,4,0.571,117.60,true
303,2025-12-23 12:00:00,LONG,25771.5,25729.85475,3,0.571,117.60,true
286,2025-12-23 14:20:00,LONG,25786,25743.95975,4,0.520,117.60,true
311,2025-12-23 14:55:00,LONG,25797.25,25761.75025,8,0.481,117.60,true
316,2025-12-23 15:55:00,LONG,25811.25,25776.7465,4,0.432,117.60,true
338,2025-12-23 21:30:00,SHORT,25794.75,25824.897,6,0.064,-62.29,false
316,2025-12-23 23:55:00,SHORT,25780.5,25813.0035,4,0.011,-67.01,false
316,2025-12-24 07:25:00,LONG,25806,25777.7465,2,0.479,110.49,true
338,2025-12-24 08:45:00,LONG,25821.5,25796.103,3,0.038,-52.79,false
338,2025-12-24 09:50:00,SHORT,25804.25,25827.647,2,0.016,-48.79,false
338,2025-12-24 10:15:00,LONG,25831.75,25794.603,0,0.384,110.49,true
307,2025-12-24 11:15:00,LONG,25848.25,25807.832,13,0.322,110.49,true
339,2025-12-24 11:20:00,LONG,25854,25822.853,1,0.301,110.49,true
308,2025-12-24 11:50:00,LONG,25876.5,25842.582,6,0.218,110.49,true
309,2025-12-24 11:50:00,LONG,25876.5,25842.582,5,0.218,110.49,true
341,2025-12-25 19:10:00,LONG,25905.25,25868.73725,2,0.043,-75.03,false
342,2025-12-25 19:15:00,LONG,25903,25878.23725,3,0.051,-51.53,false
342,2025-12-25 22:50:00,SHORT,25883.75,25904.76275,2,0.154,-44.03,false
341,2025-12-26 00:05:00,SHORT,25880.25,25900.26275,4,0.141,-42.03,false
308,2025-12-26 02:55:00,SHORT,25860.25,25887.918,14,0.065,-57.34,false
309,2025-12-26 03:10:00,SHORT,25851,25885.668,14,0.029,-71.34,false
309,2025-12-26 05:05:00,LONG,25883.25,25839.332,0,0.198,-89.84,false
308,2025-12-26 05:10:00,LONG,25886,25852.082,1,0.187,-69.84,false
341,2025-12-26 07:45:00,LONG,25894.75,25867.48725,6,0.108,-56.53,false
342,2025-12-26 08:40:00,LONG,25917.25,25875.73725,6,0.023,-85.03,false
342,2025-12-26 10:05:00,SHORT,25867.75,25921.01275,3,1.236,107.70,true
341,2025-12-26 10:10:00,SHORT,25841.5,25921.01275,5,1.136,107.70,true
341,2025-12-26 10:55:00,LONG,25899.5,25856.23725,0,0.048,-88.53,false
341,2025-12-26 11:20:00,SHORT,25879.75,25916.01275,0,1.282,107.70,true
308,2025-12-26 12:20:00,SHORT,25858.5,25891.418,10,0.015,-67.84,false
309,2025-12-26 12:20:00,SHORT,25858.5,25892.418,8,0.015,-69.84,false
308,2025-12-26 13:55:00,LONG,25891.75,25846.582,0,0.028,-92.34,false
309,2025-12-26 13:55:00,LONG,25891.75,25846.582,0,0.028,-92.34,false
341,2025-12-26 14:05:00,LONG,25896.25,25866.23725,4,0.010,-62.03,false
341,2025-12-26 15:15:00,SHORT,25871,25897.26275,1,1.680,107.70,true
308,2025-12-26 16:40:00,SHORT,25859.25,25887.418,2,0.062,-58.34,false
309,2025-12-26 16:40:00,SHORT,25859.25,25887.418,3,0.062,-58.34,false
308,2025-12-28 19:50:00,LONG,25879.75,25845.832,2,0.053,-69.84,false
309,2025-12-28 19:50:00,LONG,25879.75,25850.332,4,0.053,-60.84,false
308,2025-12-28 20:45:00,SHORT,25845,25887.168,0,1.560,109.13,true
309,2025-12-28 20:45:00,SHORT,25845,25891.168,0,1.560,109.13,true
346,2025-12-28 20:45:00,SHORT,25845,25873.83175,4,1.560,109.13,true
339,2025-12-29 00:15:00,SHORT,25831.75,25861.397,12,1.511,109.13,true
307,2025-12-29 00:30:00,SHORT,25822.25,25863.918,7,1.475,109.13,true
338,2025-12-29 02:10:00,SHORT,25794.25,25828.147,3,1.370,109.13,true
345,2025-12-29 02:10:00,SHORT,25794.25,25844.83175,4,1.370,109.13,true
316,2025-12-29 03:10:00,SHORT,25782,25814.5035,6,0.470,109.13,true
340,2025-12-29 03:10:00,SHORT,25782,25817.76275,1,0.470,109.13,true
286,2025-12-29 03:45:00,SHORT,25737.75,25812.04025,22,0.304,109.13,true
311,2025-12-29 03:45:00,SHORT,25737.75,25811.24975,21,0.304,109.13,true
302,2025-12-29 03:55:00,SHORT,25738.75,25783.39525,3,0.308,109.13,true
303,2025-12-29 03:55:00,SHORT,25738.75,25783.39525,2,0.308,109.13,true
302,2025-12-29 04:20:00,LONG,25762,25730.60475,0,0.055,-64.79,false
302,2025-12-29 06:20:00,SHORT,25740.75,25771.39525,3,0.008,-63.29,false
302,2025-12-29 06:40:00,LONG,25770,25730.35475,0,0.025,-81.29,false
303,2025-12-29 07:00:00,LONG,25770.75,25736.60475,5,0.023,-70.29,false
303,2025-12-29 08:20:00,SHORT,25743.5,25783.64525,1,0.325,109.13,true
302,2025-12-29 08:40:00,SHORT,25738.5,25775.64525,1,0.307,109.13,true
306,2025-12-29 08:55:00,SHORT,25693,25756.168,9,0.136,-128.34,false
289,2025-12-29 09:00:00,SHORT,25689.75,25750.15775,0,0.124,-122.82,false
289,2025-12-29 09:45:00,LONG,25747.25,25655.84225,0,0.096,-184.82,false
306,2025-12-29 09:45:00,LONG,25747.25,25656.332,0,0.096,-183.84,false
306,2025-12-29 10:05:00,SHORT,25683.75,25768.418,0,0.083,-171.34,false
289,2025-12-29 10:10:00,SHORT,25677,25768.90775,0,0.003,-185.82,false
289,2025-12-29 10:30:00,LONG,25754.75,25667.84225,0,0.068,-175.82,false
306,2025-12-29 10:35:00,LONG,25749,25696.582,0,0.045,-106.84,false
306,2025-12-29 10:55:00,SHORT,25702.75,25768.918,0,0.205,-134.34,false
289,2025-12-29 11:00:00,SHORT,25686.25,25766.65775,0,0.143,-162.82,false
291,2025-12-29 12:15:00,SHORT,25682.75,25726.63925,4,0.130,-89.78,false
321,2025-12-29 12:30:00,SHORT,25667.5,25715.572,10,0.012,-98.14,false
321,2025-12-29 13:25:00,LONG,25702.25,25657.428,0,0.343,109.13,true
291,2025-12-29 13:40:00,LONG,25707.5,25672.61075,1,0.324,109.13,true
289,2025-12-29 14:50:00,LONG,25761.75,25683.34225,4,0.047,-158.82,false
306,2025-12-29 14:55:00,LONG,25765.5,25717.332,2,0.003,-98.34,false
350,2025-12-29 18:15:00,SHORT,25713.5,25753.084,0,0.063,-81.17,false
306,2025-12-29 18:25:00,SHORT,25709.5,25755.668,5,0.132,-94.34,false
289,2025-12-29 18:50:00,SHORT,25709.75,25742.90775,1,0.049,-68.32,false
289,2025-12-29 22:40:00,LONG,25740,25701.09225,8,0.056,-79.82,false
306,2025-12-29 23:15:00,LONG,25743.75,25714.832,2,0.042,-59.84,false
350,2025-12-29 23:40:00,LONG,25750.25,25730.666,3,0.018,-41.17,false
350,2025-12-30 00:25:00,SHORT,25734.5,25754.084,2,0.226,109.18,true
306,2025-12-30 01:30:00,SHORT,25724,25752.418,3,0.187,-58.84,false
289,2025-12-30 02:15:00,SHORT,25704,25739.65775,4,0.072,-73.32,false
349,2025-12-30 02:25:00,SHORT,25696.75,25731.834,7,0.045,-72.17,false
349,2025-12-30 03:10:00,LONG,25725,25695.166,0,0.102,-61.67,false
289,2025-12-30 03:55:00,LONG,25738.75,25694.59225,0,0.051,-90.32,false
306,2025-12-30 04:30:00,LONG,25747.75,25713.082,3,0.017,-71.34,false
306,2025-12-30 06:10:00,SHORT,25716.75,25753.168,1,0.159,-74.84,false
289,2025-12-30 06:30:00,SHORT,25708.25,25741.15775,2,0.001,-67.82,false
289,2025-12-30 06:55:00,LONG,25732.5,25699.59225,0,0.046,-67.82,false
289,2025-12-30 08:45:00,SHORT,25699.75,25743.65775,3,0.096,-89.82,false
289,2025-12-30 10:00:00,LONG,25736,25665.84225,3,0.217,109.18,true
289,2025-12-30 10:20:00,SHORT,25701.75,25749.40775,0,0.076,-97.32,false
349,2025-12-30 10:20:00,SHORT,25701.75,25746.334,6,0.076,-91.17,false
349,2025-12-30 11:00:00,LONG,25760.75,25682.166,0,0.124,-159.17,false
289,2025-12-30 11:05:00,LONG,25752,25698.84225,0,0.157,-108.32,false
306,2025-12-30 11:05:00,LONG,25752,25699.332,4,0.157,-107.34,false
350,2025-12-30 11:10:00,LONG,25758,25701.916,11,0.134,-114.17,false
302,2025-12-30 11:25:00,LONG,25774.25,25721.85475,16,0.008,-106.79,false
302,2025-12-30 11:50:00,SHORT,25726.5,25778.39525,0,1.115,109.18,true
350,2025-12-30 11:55:00,SHORT,25719.75,25775.584,0,1.090,109.18,true
306,2025-12-30 12:05:00,SHORT,25719.5,25778.168,0,1.089,109.18,true
289,2025-12-30 15:05:00,SHORT,25700.75,25749.40775,8,1.019,109.18,true
349,2025-12-30 15:15:00,SHORT,25702.75,25732.834,6,1.026,109.18,true
291,2025-12-30 16:05:00,SHORT,25682,25718.38925,17,0.949,109.18,true
321,2025-12-30 18:20:00,SHORT,25666.75,25715.822,12,0.442,105.83,true
325,2025-12-30 18:20:00,SHORT,25666.75,25695.33075,10,0.442,105.83,true
296,2025-12-30 18:45:00,SHORT,25654.5,25694.64175,6,0.394,105.83,true
305,2025-12-30 19:15:00,SHORT,25640.25,25675.418,8,0.339,105.83,true
295,2025-12-30 19:40:00,SHORT,25635.75,25671.64175,4,0.322,105.83,true
315,2025-12-30 19:55:00,SHORT,25614.25,25656.0035,4,0.239,105.83,true
294,2025-12-30 20:00:00,SHORT,25597.25,25656.64175,6,0.173,-120.78,false
326,2025-12-31 01:00:00,SHORT,25600.5,25632.06125,14,0.186,-65.12,false
293,2025-12-31 01:30:00,SHORT,25591.25,25618.89175,8,0.150,-57.28,false
292,2025-12-31 03:40:00,SHORT,25567.5,25600.39175,5,0.045,-67.78,false
310,2025-12-31 03:40:00,SHORT,25567.5,25611.24975,6,0.045,-89.50,false
292,2025-12-31 06:10:00,LONG,25593,25555.35825,3,0.478,105.83,true
310,2025-12-31 06:30:00,LONG,25600,25569.25025,5,0.451,105.83,true
293,2025-12-31 07:25:00,LONG,25622.75,25577.60825,6,0.363,105.83,true
326,2025-12-31 07:25:00,LONG,25622.75,25586.43875,4,0.363,105.83,true
294,2025-12-31 08:30:00,LONG,25649.25,25611.85825,10,0.261,105.83,true
315,2025-12-31 08:30:00,LONG,25649.25,25617.2465,10,0.261,105.83,true
295,2025-12-31 08:45:00,LONG,25681,25625.35825,0,0.138,-113.28,false
305,2025-12-31 08:50:00,LONG,25701.75,25633.332,1,0.058,-138.84,false
296,2025-12-31 08:55:00,LONG,25703,25636.35825,0,0.053,-135.28,false
321,2025-12-31 09:00:00,LONG,25710.75,25664.928,0,0.013,-93.64,false
325,2025-12-31 09:00:00,LONG,25710.75,25651.16925,1,0.013,-121.16,false
321,2025-12-31 09:35:00,SHORT,25630,25710.572,0,0.777,105.83,true
325,2025-12-31 09:40:00,SHORT,25620,25706.58075,0,0.738,105.83,true
295,2025-12-31 09:45:00,SHORT,25604.25,25700.39175,0,0.678,105.83,true
296,2025-12-31 09:45:00,SHORT,25604.25,25700.39175,0,0.678,105.83,true
305,2025-12-31 09:45:00,SHORT,25604.25,25699.918,0,0.678,105.83,true
294,2025-12-31 10:05:00,SHORT,25607.25,25691.64175,0,0.689,105.83,true
315,2025-12-31 10:05:00,SHORT,25607.25,25691.0035,0,0.689,105.83,true
326,2025-12-31 10:40:00,SHORT,25587.5,25642.81125,2,0.613,105.83,true
293,2025-12-31 10:45:00,SHORT,25587.5,25626.39175,2,0.174,-79.78,false
292,2025-12-31 11:00:00,SHORT,25563.25,25596.89175,4,0.028,-69.28,false
310,2025-12-31 11:00:00,SHORT,25563.25,25616.49975,2,0.028,-108.50,false
140,2025-12-31 11:05:00,SHORT,25561.75,25591.08575,14,0.022,-60.67,false
140,2025-12-31 11:30:00,LONG,25578.25,25558.66425,0,0.217,105.83,true
292,2025-12-31 12:00:00,LONG,25597.25,25554.35825,1,0.144,-87.78,false
310,2025-12-31 13:35:00,LONG,25603,25560.25025,1,0.122,-87.50,false
293,2025-12-31 13:50:00,LONG,25627.75,25576.85825,6,0.026,-103.78,false
326,2025-12-31 13:50:00,LONG,25627.75,25577.68875,3,0.026,-102.12,false
326,2025-12-31 14:30:00,SHORT,25537,25628.31125,1,0.418,105.83,true
293,2025-12-31 14:35:00,SHORT,25544.75,25629.14175,0,0.448,105.83,true
292,2025-12-31 14:40:00,SHORT,25549,25608.14175,6,0.464,105.83,true
310,2025-12-31 14:40:00,SHORT,25549,25611.24975,0,0.464,105.83,true
140,2025-12-31 14:45:00,SHORT,25545.75,25589.33575,5,0.451,105.83,true
300,2025-12-31 14:45:00,SHORT,25545.75,25593.55,15,0.451,105.83,true
166,2025-12-31 15:00:00,SHORT,25514.25,25562.1785,4,0.330,105.83,true
132,2025-12-31 15:10:00,SHORT,25498.75,25552.887,1,0.270,105.83,true
169,2025-12-31 15:10:00,SHORT,25498.75,25555.057,1,0.270,105.83,true
131,2025-12-31 15:15:00,SHORT,25505.5,25543.65375,2,0.296,105.83,true
165,2025-12-31 15:15:00,SHORT,25505.5,25545.4285,1,0.296,105.83,true
336,2025-12-31 15:15:00,SHORT,25505.5,25545.548,0,0.296,105.83,true
138,2025-12-31 15:30:00,SHORT,25499.25,25543.58575,2,0.272,105.83,true
126,2025-12-31 15:55:00,SHORT,25455.25,25512.6945,4,0.101,-116.89,false
127,2025-12-31 16:00:00,SHORT,25458.75,25512.6945,4,0.115,-109.89,false
324,2025-12-31 16:00:00,SHORT,25458.75,25516.58075,6,0.115,-117.66,false
125,2025-12-31 16:05:00,SHORT,25447.75,25512.6945,4,0.072,-131.89,false
224,2025-12-31 16:05:00,SHORT,25447.75,25515.74825,5,0.072,-138.00,false
246,2025-12-31 16:25:00,SHORT,25445,25504.0215,2,0.062,-120.04,false
246,2026-01-01 18:15:00,LONG,25482.25,25442.2285,0,1.245,105.66,true
352,2026-01-01 18:20:00,LONG,25489.75,25443.335,0,1.216,105.66,true
125,2026-01-01 18:25:00,LONG,25484,25444.5555,0,1.238,105.66,true
126,2026-01-01 18:40:00,LONG,25492,25474.3055,2,0.046,-37.39,false
224,2026-01-01 18:40:00,LONG,25492,25467.50175,1,1.207,105.66,true
324,2026-01-01 19:30:00,LONG,25505,25471.16925,3,1.157,105.66,true
127,2026-01-01 20:00:00,LONG,25519.5,25479.5555,4,1.101,105.66,true
138,2026-01-01 20:05:00,LONG,25524.5,25492.91425,4,1.081,105.66,true
131,2026-01-01 20:10:00,LONG,25529.75,25498.34625,5,1.061,105.66,true
336,2026-01-01 20:15:00,LONG,25528.25,25496.452,1,1.067,105.66,true
165,2026-01-01 20:35:00,LONG,25548.75,25504.3215,0,0.987,105.66,true
132,2026-01-01 20:40:00,LONG,25549,25515.363,1,0.986,105.66,true
169,2026-01-01 20:40:00,LONG,25549,25513.193,1,0.986,105.66,true
166,2026-01-01 20:45:00,LONG,25550.75,25525.5715,0,0.980,105.66,true
300,2026-01-01 21:20:00,LONG,25582.75,25533.2,1,0.856,105.66,true
140,2026-01-01 21:30:00,LONG,25590,25556.16425,1,0.828,105.66,true
292,2026-01-01 21:35:00,LONG,25590.25,25551.85825,0,0.827,105.66,true
310,2026-01-01 21:55:00,LONG,25603.75,25563.25025,0,0.774,105.66,true
293,2026-01-01 22:45:00,LONG,25619.75,25578.10825,2,0.712,105.66,true
326,2026-01-01 22:55:00,LONG,25625.25,25588.43875,3,0.691,105.66,true
294,2026-01-02 01:10:00,LONG,25640,25604.10825,5,0.634,105.66,true
315,2026-01-02 03:10:00,LONG,25689,25616.9965,7,0.444,105.66,true
295,2026-01-02 03:15:00,LONG,25689.5,25621.85825,8,0.442,105.66,true
305,2026-01-02 03:15:00,LONG,25689.5,25629.082,2,0.442,105.66,true
296,2026-01-02 03:20:00,LONG,25685.25,25641.85825,0,0.223,105.66,true
325,2026-01-02 03:25:00,LONG,25687.5,25652.91925,0,0.214,105.66,true
321,2026-01-02 03:55:00,LONG,25710.25,25652.928,0,0.126,-116.64,false
291,2026-01-02 04:00:00,LONG,25716.75,25673.86075,7,0.101,-87.78,false
349,2026-01-02 04:10:00,LONG,25735.25,25693.916,6,0.029,-84.67,false
289,2026-01-02 04:35:00,LONG,25730.75,25690.84225,4,0.046,-81.82,false
289,2026-01-02 07:15:00,SHORT,25698.25,25735.65775,6,0.232,105.66,true
349,2026-01-02 07:15:00,SHORT,25698.25,25732.584,4,0.170,-70.67,false
291,2026-01-02 09:20:00,SHORT,25677.25,25714.88925,1,0.089,-77.28,false
321,2026-01-02 09:20:00,SHORT,25677.25,25714.322,7,0.089,-76.14,false
291,2026-01-02 09:55:00,LONG,25733,25629.86075,1,0.182,-208.28,false
321,2026-01-02 09:55:00,LONG,25733,25630.428,1,0.182,-207.14,false
289,2026-01-02 10:00:00,LONG,25739.75,25680.84225,1,0.006,-119.82,false
349,2026-01-02 10:00:00,LONG,25739.75,25683.916,6,0.006,-113.67,false
289,2026-01-02 10:20:00,SHORT,25485.25,25749.65775,0,0.852,105.66,true
291,2026-01-02 10:20:00,SHORT,25485.25,25749.63925,0,0.852,105.66,true
349,2026-01-02 10:20:00,SHORT,25485.25,25746.584,0,0.852,105.66,true
293,2026-01-02 10:25:00,SHORT,25489.5,25715.14175,0,0.868,105.66,true
294,2026-01-02 10:25:00,SHORT,25489.5,25715.14175,6,0.868,105.66,true
295,2026-01-02 10:25:00,SHORT,25489.5,25715.14175,1,0.868,105.66,true
296,2026-01-02 10:25:00,SHORT,25489.5,25715.14175,3,0.868,105.66,true
305,2026-01-02 10:25:00,SHORT,25489.5,25714.668,1,0.868,105.66,true
315,2026-01-02 10:25:00,SHORT,25489.5,25714.5035,1,0.868,105.66,true
321,2026-01-02 10:25:00,SHORT,25489.5,25714.572,0,0.868,105.66,true
325,2026-01-02 10:25:00,SHORT,25489.5,25714.58075,6,0.868,105.66,true
326,2026-01-02 10:25:00,SHORT,25489.5,25714.31125,2,0.868,105.66,true
140,2026-01-02 10:30:00,SHORT,25538,25610.58575,0,1.056,105.66,true
292,2026-01-02 10:30:00,SHORT,25538,25614.89175,0,1.056,105.66,true
300,2026-01-02 10:30:00,SHORT,25538,25614.8,0,1.056,105.66,true
310,2026-01-02 10:30:00,SHORT,25538,25614.24975,0,1.056,105.66,true
166,2026-01-02 10:55:00,SHORT,25375,25610.4285,2,0.425,105.66,true
132,2026-01-02 11:00:00,SHORT,25351.5,25597.637,2,0.334,105.66,true
165,2026-01-02 11:00:00,SHORT,25351.5,25599.4285,2,0.334,105.66,true
169,2026-01-02 11:00:00,SHORT,25351.5,25599.807,1,0.334,105.66,true
125,2026-01-02 11:05:00,SHORT,25363.75,25537.1945,4,0.381,105.66,true
126,2026-01-02 11:05:00,SHORT,25363.75,25537.1945,3,0.381,105.66,true
127,2026-01-02 11:05:00,SHORT,25363.75,25537.1945,1,0.381,105.66,true
131,2026-01-02 11:05:00,SHORT,25363.75,25537.40375,1,0.381,105.66,true
138,2026-01-02 11:05:00,SHORT,25363.75,25537.33575,1,0.381,105.66,true
224,2026-01-02 11:05:00,SHORT,25363.75,25540.24825,4,0.381,105.66,true
246,2026-01-02 11:05:00,SHORT,25363.75,25539.5215,1,0.381,105.66,true
290,2026-01-02 11:05:00,SHORT,25363.75,25541.63925,3,0.381,105.66,true
324,2026-01-02 11:05:00,SHORT,25363.75,25541.08075,2,0.381,105.66,true
336,2026-01-02 11:05:00,SHORT,25363.75,25539.298,3,0.381,105.66,true
352,2026-01-02 11:05:00,SHORT,25363.75,25538.415,2,0.381,105.66,true
107,2026-01-02 11:10:00,SHORT,25378.75,25497.8425,0,0.439,105.66,true
244,2026-01-02 11:10:00,SHORT,25378.75,25499.7525,0,0.439,105.66,true
251,2026-01-02 11:10:00,SHORT,25378.75,25500.334,0,0.439,105.66,true
282,2026-01-02 11:10:00,SHORT,25378.75,25502.52775,0,0.439,105.66,true
283,2026-01-02 11:10:00,SHORT,25378.75,25502.52775,3,0.439,105.66,true
288,2026-01-02 11:10:00,SHORT,25378.75,25502.15775,0,0.439,105.66,true
335,2026-01-02 11:10:00,SHORT,25378.75,25500.22375,0,0.439,105.66,true
337,2026-01-02 11:50:00,SHORT,25316.5,25432.238,2,0.198,-233.48,false
129,2026-01-02 12:00:00,SHORT,25327.5,25386.15375,2,0.004,-119.31,false
281,2026-01-02 12:00:00,SHORT,25327.5,25398.52775,3,0.004,-144.06,false
129,2026-01-02 12:20:00,LONG,25377,25322.34625,0,0.092,-111.31,false
281,2026-01-02 12:20:00,LONG,25377,25317.72225,0,0.092,-120.56,false
129,2026-01-02 13:00:00,SHORT,25342.25,25388.65375,0,0.298,105.66,true
281,2026-01-02 13:00:00,SHORT,25342.25,25393.27775,2,0.298,105.66,true
222,2026-01-02 13:55:00,SHORT,25295,25358.74825,8,0.025,-129.50,false
280,2026-01-02 13:55:00,SHORT,25295,25393.27775,3,0.025,-198.56,false
223,2026-01-02 14:00:00,SHORT,25320.25,25358.74825,10,0.002,-79.00,false
222,2026-01-02 14:15:00,LONG,25374.5,25281.50175,0,2.408,105.66,true
129,2026-01-02 14:20:00,LONG,25409,25315.59625,2,2.274,105.66,true
223,2026-01-02 14:20:00,LONG,25409,25312.75175,0,2.274,105.66,true
280,2026-01-02 14:20:00,LONG,25409,25310.97225,0,2.274,105.66,true
281,2026-01-02 14:20:00,LONG,25409,25310.97225,2,2.274,105.66,true
337,2026-01-02 14:30:00,LONG,25439.5,25344.012,2,2.156,105.66,true
244,2026-01-02 14:35:00,LONG,25440.75,25357.9975,4,2.151,105.66,true
282,2026-01-02 14:35:00,LONG,25440.75,25355.22225,7,2.151,105.66,true
288,2026-01-02 14:35:00,LONG,25440.75,25355.59225,8,2.151,105.66,true
251,2026-01-02 14:40:00,LONG,25434.5,25388.166,1,0.038,-94.67,false
335,2026-01-02 14:40:00,LONG,25434.5,25357.52625,3,2.175,105.66,true
107,2026-01-02 14:45:00,LONG,25435.5,25405.6575,1,0.003,-61.68,false
107,2026-01-02 15:05:00,SHORT,25414.25,25440.3425,0,0.003,-54.18,false
107,2026-01-02 15:25:00,LONG,25432,25409.4075,0,0.032,-47.18,false
107,2026-01-02 15:45:00,SHORT,25380,25444.3425,0,0.070,-130.68,false
251,2026-01-02 15:50:00,SHORT,25378.75,25451.334,1,0.065,-147.17,false
335,2026-01-02 15:50:00,SHORT,25378.75,25446.72375,2,0.065,-137.95,false
244,2026-01-02 15:55:00,SHORT,25385,25422.0025,1,0.022,-76.00,false
107,2026-01-04 18:25:00,LONG,25459.25,25402.4075,0,1.971,111.56,true
251,2026-01-04 18:25:00,LONG,25459.25,25399.916,1,1.971,111.56,true
283,2026-01-04 18:30:00,LONG,25457.25,25412.47225,5,1.979,111.56,true
246,2026-01-04 19:25:00,LONG,25469.25,25430.2285,3,1.935,111.56,true
290,2026-01-04 19:25:00,LONG,25469.25,25409.11075,6,1.935,111.56,true
352,2026-01-04 23:50:00,LONG,25485.75,25455.835,13,0.085,-61.83,false
125,2026-01-04 23:55:00,LONG,25487.5,25463.5555,10,0.079,-49.89,false
125,2026-01-05 00:15:00,SHORT,25472,25492.4445,0,0.006,-42.89,false
125,2026-01-05 00:55:00,LONG,25495.25,25466.5555,0,0.050,-59.39,false
126,2026-01-05 01:05:00,LONG,25494.25,25471.8055,6,0.037,-46.89,false
224,2026-01-05 01:05:00,LONG,25494.25,25463.50175,12,0.054,-63.50,false
126,2026-01-05 02:30:00,SHORT,25474,25506.6945,1,0.070,-67.39,false
224,2026-01-05 02:30:00,SHORT,25474,25509.74825,2,0.070,-73.50,false
125,2026-01-05 02:35:00,SHORT,25467.5,25492.9445,2,0.046,-52.89,false
125,2026-01-05 03:10:00,LONG,25520,25458.3055,0,1.748,111.56,true
126,2026-01-05 03:20:00,LONG,25547.25,25463.8055,0,1.648,111.56,true
224,2026-01-05 03:20:00,LONG,25547.25,25455.25175,0,1.648,111.56,true
324,2026-01-05 03:20:00,LONG,25547.25,25459.91925,7,1.648,111.56,true
127,2026-01-05 03:25:00,LONG,25537.5,25482.5555,3,1.684,111.56,true
131,2026-01-05 03:25:00,LONG,25537.5,25482.34625,2,1.684,111.56,true
138,2026-01-05 03:25:00,LONG,25537.5,25482.41425,5,1.684,111.56,true
165,2026-01-05 03:25:00,LONG,25537.5,25480.5715,0,1.684,111.56,true
336,2026-01-05 03:25:00,LONG,25537.5,25480.452,1,1.684,111.56,true
165,2026-01-05 04:30:00,SHORT,25508.25,25538.1785,1,0.009,-61.86,false
165,2026-01-05 05:15:00,LONG,25548,25505.3215,2,1.645,111.56,true
169,2026-01-05 05:20:00,LONG,25550,25516.443,5,1.638,111.56,true
132,2026-01-05 05:25:00,LONG,25544.25,25518.613,1,1.659,111.56,true
166,2026-01-05 05:55:00,LONG,25553.75,25522.0715,2,0.127,-65.36,false
300,2026-01-05 07:15:00,LONG,25572.25,25539.7,5,0.024,-67.10,false
300,2026-01-05 08:25:00,SHORT,25537.5,25578.05,1,0.000,-83.10,false
140,2026-01-05 09:05:00,LONG,25597.25,25540.91425,6,0.276,111.56,true
300,2026-01-05 09:05:00,LONG,25597.25,25536.7,1,0.407,111.56,true
292,2026-01-05 09:10:00,LONG,25606.75,25551.60825,6,0.241,111.56,true
310,2026-01-05 09:10:00,LONG,25606.75,25558.75025,3,0.241,111.56,true
293,2026-01-05 09:25:00,LONG,25642.75,25558.10825,1,0.109,-171.28,false
326,2026-01-05 09:25:00,LONG,25642.75,25588.18875,2,0.109,-111.12,false
326,2026-01-05 09:45:00,SHORT,25596,25680.06125,0,0.110,-170.12,false
294,2026-01-05 10:15:00,LONG,25661.75,25557.60825,2,0.170,-210.28,false
326,2026-01-05 10:15:00,LONG,25661.75,25558.43875,1,0.170,-208.62,false
295,2026-01-05 10:25:00,LONG,25673,25557.60825,1,0.128,-232.78,false
315,2026-01-05 10:25:00,LONG,25673,25558.2465,2,0.128,-231.51,false
305,2026-01-05 10:30:00,LONG,25684.75,25617.832,2,0.085,-135.84,false
296,2026-01-05 11:25:00,LONG,25683.5,25632.60825,3,0.090,-103.78,false
296,2026-01-05 12:25:00,SHORT,25629.25,25692.14175,2,0.374,111.56,true
295,2026-01-05 12:30:00,SHORT,25615,25681.39175,4,0.321,111.56,true
305,2026-01-05 12:30:00,SHORT,25615,25680.918,4,0.321,111.56,true
315,2026-01-05 12:40:00,SHORT,25614.25,25658.5035,2,0.238,111.56,true
294,2026-01-05 13:15:00,SHORT,25577.5,25659.14175,1,0.103,-165.28,false
326,2026-01-05 13:15:00,SHORT,25577.5,25639.81125,3,0.103,-126.62,false
293,2026-01-05 14:35:00,SHORT,25571.25,25624.64175,4,0.080,-108.78,false
310,2026-01-05 14:45:00,SHORT,25576.5,25610.49975,8,0.042,-70.00,false
310,2026-01-05 15:20:00,LONG,25599,25559.50025,1,0.051,-81.00,false
310,2026-01-05 18:40:00,SHORT,25570.25,25620.49975,1,0.067,-102.50,false
292,2026-01-05 18:55:00,SHORT,25565.5,25596.39175,10,0.049,-63.78,false
140,2026-01-05 19:45:00,SHORT,25561.25,25586.33575,10,0.022,-52.17,false
140,2026-01-05 20:25:00,LONG,25594.25,25551.16425,1,0.297,110.42,true
292,2026-01-05 20:30:00,LONG,25593.75,25556.60825,3,0.299,110.42,true
310,2026-01-05 20:35:00,LONG,25594,25557.25025,1,0.298,110.42,true
293,2026-01-05 21:45:00,LONG,25623.75,25582.10825,2,0.187,-85.28,false
326,2026-01-05 21:55:00,LONG,25623.5,25587.43875,6,0.188,-74.12,false
294,2026-01-05 23:45:00,LONG,25641.75,25610.60825,2,0.121,-64.28,false
315,2026-01-06 00:20:00,LONG,25650.5,25612.7465,3,0.088,-77.51,false
295,2026-01-06 01:25:00,LONG,25661,25632.60825,5,0.049,-58.78,false
305,2026-01-06 01:40:00,LONG,25673,25633.832,2,0.001,-80.34,false
295,2026-01-06 03:10:00,SHORT,25589.25,25672.39175,1,0.229,110.42,true
305,2026-01-06 03:10:00,SHORT,25589.25,25677.918,0,0.229,110.42,true
294,2026-01-06 03:15:00,SHORT,25584,25656.14175,1,0.210,110.42,true
315,2026-01-06 03:15:00,SHORT,25584,25655.5035,2,0.210,110.42,true
326,2026-01-06 03:20:00,SHORT,25559.5,25643.81125,1,0.119,-170.62,false
293,2026-01-06 03:25:00,SHORT,25554.5,25630.39175,0,0.100,-153.78,false
292,2026-01-06 03:30:00,SHORT,25533.75,25601.39175,0,0.006,-137.28,false
310,2026-01-06 03:30:00,SHORT,25533.75,25629.74975,3,0.006,-194.00,false
140,2026-01-06 03:35:00,SHORT,25546.5,25593.83575,0,0.019,-96.67,false
140,2026-01-06 04:45:00,LONG,25587.5,25550.41425,0,1.516,110.42,true
292,2026-01-06 04:50:00,LONG,25594,25552.35825,1,1.492,110.42,true
310,2026-01-06 06:10:00,LONG,25599.75,25564.00025,3,1.470,110.42,true
293,2026-01-06 07:20:00,LONG,25614,25575.85825,2,1.417,110.42,true
326,2026-01-06 07:50:00,LONG,25634.5,25590.18875,3,1.341,110.42,true
294,2026-01-06 09:40:00,LONG,25664.5,25605.10825,3,1.230,110.42,true
315,2026-01-06 09:50:00,LONG,25731.75,25600.2465,3,0.981,110.42,true
295,2026-01-06 09:55:00,LONG,25753,25599.60825,2,0.902,110.42,true
296,2026-01-06 09:55:00,LONG,25753,25599.60825,3,0.902,110.42,true
305,2026-01-06 09:55:00,LONG,25753,25600.082,2,0.902,110.42,true
289,2026-01-06 10:00:00,LONG,25748.75,25653.59225,0,0.112,-192.32,false
291,2026-01-06 10:00:00,LONG,25748.75,25653.61075,5,0.112,-192.28,false
321,2026-01-06 10:00:00,LONG,25748.75,25654.178,5,0.112,-191.14,false
325,2026-01-06 10:00:00,LONG,25748.75,25654.16925,9,0.112,-191.16,false
349,2026-01-06 10:00:00,LONG,25748.75,25656.666,1,0.112,-186.17,false
306,2026-01-06 10:20:00,LONG,25763.5,25698.582,13,0.057,-131.84,false
350,2026-01-06 10:25:00,LONG,25772.25,25721.166,10,0.003,-104.17,false
350,2026-01-06 10:50:00,SHORT,25701,25778.334,0,0.229,110.42,true
306,2026-01-06 11:00:00,SHORT,25662.25,25767.918,0,0.085,-213.34,false
349,2026-01-06 11:00:00,SHORT,25662.25,25739.584,0,0.085,-156.67,false
289,2026-01-06 11:05:00,SHORT,25674.25,25742.65775,1,0.057,-138.82,false
291,2026-01-06 11:05:00,SHORT,25674.25,25742.63925,0,0.057,-138.78,false
321,2026-01-06 11:10:00,SHORT,25670.25,25742.072,0,0.043,-145.64,false
321,2026-01-06 12:15:00,LONG,25713.25,25653.678,2,1.049,110.42,true
291,2026-01-06 12:20:00,LONG,25733.5,25675.86075,3,0.974,110.42,true
289,2026-01-06 12:30:00,LONG,25759.25,25675.84225,0,0.879,110.42,true
349,2026-01-06 12:30:00,LONG,25759.25,25678.916,1,0.879,110.42,true
306,2026-01-06 12:40:00,LONG,25768.25,25704.832,0,0.845,110.42,true
350,2026-01-06 12:45:00,LONG,25756.25,25728.916,1,0.328,110.42,true
302,2026-01-06 13:20:00,LONG,25773.5,25726.10475,5,0.826,110.42,true
303,2026-01-06 13:50:00,LONG,25798.75,25726.10475,18,0.732,110.42,true
286,2026-01-06 13:55:00,LONG,25804.75,25752.70975,17,0.148,-106.08,false
311,2026-01-06 13:55:00,LONG,25804.75,25753.50025,12,0.148,-104.50,false
316,2026-01-06 14:20:00,LONG,25812.25,25774.2465,4,0.121,-78.01,false
340,2026-01-06 14:40:00,LONG,25816.25,25788.98725,3,0.106,-56.53,false
338,2026-01-06 15:45:00,LONG,25831.25,25798.853,7,0.050,-66.79,false
345,2026-01-06 15:50:00,LONG,25832,25805.91825,6,0.047,-54.16,false
345,2026-01-06 21:20:00,SHORT,25813.75,25838.08175,10,0.321,110.69,true
338,2026-01-06 21:55:00,SHORT,25806.25,25838.147,10,0.293,110.69,true
340,2026-01-06 23:10:00,SHORT,25791,25817.01275,6,0.237,110.69,true
316,2026-01-06 23:30:00,SHORT,25785.5,25819.5035,2,0.216,110.69,true
311,2026-01-07 01:45:00,SHORT,25773.25,25801.99975,4,0.171,-59.50,false
286,2026-01-07 03:00:00,SHORT,25764,25802.79025,6,0.137,-79.58,false
303,2026-01-07 04:10:00,SHORT,25743.75,25783.89525,4,0.062,-82.29,false
302,2026-01-07 04:15:00,SHORT,25734.25,25777.64525,3,0.027,-88.79,false
350,2026-01-07 05:50:00,SHORT,25732.25,25764.334,5,0.006,-66.17,false
350,2026-01-07 06:40:00,LONG,25758,25726.666,1,0.881,110.69,true
302,2026-01-07 07:00:00,LONG,25771.5,25731.10475,2,0.831,110.69,true
303,2026-01-07 07:10:00,LONG,25772.5,25732.35475,3,0.828,110.69,true
286,2026-01-07 09:35:00,LONG,25835.25,25752.95975,7,0.596,110.69,true
311,2026-01-07 09:40:00,LONG,25854.75,25763.25025,12,0.523,110.69,true
316,2026-01-07 09:40:00,LONG,25854.75,25763.2465,10,0.523,110.69,true
338,2026-01-07 09:45:00,LONG,25857.75,25765.603,1,0.512,110.69,true
340,2026-01-07 09:45:00,LONG,25857.75,25765.73725,1,0.512,110.69,true
345,2026-01-07 09:45:00,LONG,25857.75,25765.66825,3,0.512,110.69,true
307,2026-01-07 09:50:00,LONG,25854,25790.082,13,0.526,110.69,true
339,2026-01-07 09:55:00,LONG,25855,25817.603,8,0.050,-76.79,false
308,2026-01-07 10:55:00,LONG,25905,25829.582,6,0.338,110.69,true
309,2026-01-07 10:55:00,LONG,25905,25829.582,7,0.338,110.69,true
346,2026-01-07 10:55:00,LONG,25905,25832.16825,6,0.338,110.69,true
347,2026-01-07 10:55:00,LONG,25905,25832.16825,8,0.338,110.69,true
341,2026-01-07 11:00:00,LONG,25920.25,25845.73725,4,0.281,110.69,true
342,2026-01-07 11:00:00,LONG,25920.25,25845.73725,9,0.281,110.69,true
343,2026-01-07 11:15:00,LONG,25919.5,25897.48725,10,0.002,-46.03,false
344,2026-01-07 11:55:00,LONG,25970.25,25900.48725,3,0.096,-141.53,false
348,2026-01-07 11:55:00,LONG,25970.25,25900.41825,1,0.096,-141.66,false
348,2026-01-07 14:20:00,SHORT,25901.25,25959.33175,2,1.229,110.69,true
344,2026-01-07 14:25:00,SHORT,25899.25,25959.26275,1,1.222,110.69,true
343,2026-01-07 15:15:00,SHORT,25885,25922.76275,3,1.169,110.69,true
342,2026-01-07 15:25:00,SHORT,25860.75,25907.76275,5,1.079,110.69,true
341,2026-01-07 15:30:00,SHORT,25838.75,25907.76275,2,0.998,110.69,true
347,2026-01-07 15:35:00,SHORT,25822,25892.83175,2,0.936,110.69,true
308,2026-01-07 15:40:00,SHORT,25832.5,25895.418,1,0.975,110.69,true
309,2026-01-07 15:40:00,SHORT,25832.5,25895.418,1,0.975,110.69,true
346,2026-01-07 15:40:00,SHORT,25832.5,25875.33175,1,0.975,110.69,true
339,2026-01-07 15:45:00,SHORT,25834.75,25867.647,4,0.983,110.69,true
307,2026-01-07 19:00:00,SHORT,25821.75,25870.168,4,0.947,109.22,true
338,2026-01-07 21:45:00,SHORT,25789,25832.897,11,0.825,109.22,true
345,2026-01-07 21:45:00,SHORT,25789,25845.83175,14,0.825,109.22,true
340,2026-01-07 21:55:00,SHORT,25786.25,25815.76275,1,0.436,109.22,true
316,2026-01-07 22:00:00,SHORT,25786.75,25818.2535,0,0.816,109.22,true
286,2026-01-08 00:20:00,SHORT,25766.75,25794.29025,5,0.363,109.22,true
311,2026-01-08 00:20:00,SHORT,25766.75,25801.74975,1,0.363,109.22,true
303,2026-01-08 00:50:00,SHORT,25745.5,25785.14525,5,0.283,109.22,true
302,2026-01-08 01:05:00,SHORT,25701.5,25771.64525,6,0.118,-142.29,false
350,2026-01-08 01:05:00,SHORT,25701.5,25757.084,2,0.118,-113.17,false
306,2026-01-08 01:10:00,SHORT,25693.75,25759.668,4,0.089,-133.84,false
289,2026-01-08 01:15:00,SHORT,25678.5,25750.90775,3,0.032,-146.82,false
349,2026-01-08 01:15:00,SHORT,25678.5,25747.834,0,0.032,-140.67,false
291,2026-01-08 01:25:00,SHORT,25675,25716.13925,0,0.011,-84.28,false
291,2026-01-08 01:55:00,LONG,25705.75,25663.61075,0,0.421,109.22,true
349,2026-01-08 02:25:00,LONG,25759.5,25685.166,1,0.219,109.22,true
289,2026-01-08 02:30:00,LONG,25764.5,25695.34225,0,0.201,-140.32,false
306,2026-01-08 02:35:00,LONG,25774.25,25698.832,0,0.164,-152.84,false
350,2026-01-08 02:35:00,LONG,25774.25,25701.416,0,0.164,-147.67,false
302,2026-01-08 02:40:00,LONG,25773,25698.60475,0,0.169,-150.79,false
303,2026-01-08 03:20:00,LONG,25776.5,25739.35475,1,0.101,-76.29,false
286,2026-01-08 03:35:00,LONG,25795.25,25744.95975,3,0.031,-102.58,false
311,2026-01-08 03:40:00,LONG,25800.5,25753.50025,2,0.004,-96.00,false
311,2026-01-08 04:35:00,SHORT,25757.25,25798.99975,1,0.069,-85.50,false
286,2026-01-08 04:45:00,SHORT,25757.5,25792.29025,3,0.070,-71.58,false
303,2026-01-08 05:15:00,SHORT,25749,25778.14525,2,0.014,-60.29,false
303,2026-01-08 06:20:00,LONG,25776.25,25737.60475,1,0.156,-79.29,false
286,2026-01-08 08:25:00,LONG,25804.75,25753.20975,6,0.050,-105.08,false
311,2026-01-08 08:25:00,LONG,25804.75,25754.00025,7,0.050,-103.50,false
311,2026-01-08 09:40:00,SHORT,25621.25,25810.74975,3,0.196,-381.00,false
286,2026-01-08 09:45:00,SHORT,25649.5,25811.54025,2,0.302,109.22,true
289,2026-01-08 09:45:00,SHORT,25649.5,25811.40775,0,0.302,109.22,true
291,2026-01-08 09:45:00,SHORT,25649.5,25811.38925,2,0.302,109.22,true
302,2026-01-08 09:45:00,SHORT,25649.5,25811.14525,9,0.302,109.22,true
303,2026-01-08 09:45:00,SHORT,25649.5,25811.14525,6,0.302,109.22,true
306,2026-01-08 09:45:00,SHORT,25649.5,25810.918,1,0.302,109.22,true
349,2026-01-08 09:45:00,SHORT,25649.5,25808.334,0,0.302,109.22,true
350,2026-01-08 09:45:00,SHORT,25649.5,25808.334,5,0.302,109.22,true
296,2026-01-08 09:50:00,SHORT,25651.75,25738.64175,8,0.310,109.22,true
321,2026-01-08 09:50:00,SHORT,25651.75,25810.822,2,0.310,109.22,true
325,2026-01-08 09:50:00,SHORT,25651.75,25738.08075,6,0.310,109.22,true
296,2026-01-08 10:25:00,LONG,25696.75,25593.60825,0,0.032,-208.28,false
325,2026-01-08 10:25:00,LONG,25696.75,25594.16925,0,0.032,-207.16,false
296,2026-01-08 11:15:00,SHORT,25643.25,25694.89175,2,0.223,109.22,true
325,2026-01-08 11:15:00,SHORT,25643.25,25694.33075,1,0.223,109.22,true
295,2026-01-08 11:20:00,SHORT,25638.25,25685.39175,7,0.204,-96.28,false
305,2026-01-08 11:20:00,SHORT,25638.25,25684.918,7,0.204,-95.34,false
315,2026-01-08 11:35:00,SHORT,25625,25677.5035,6,0.011,-107.01,false
315,2026-01-08 11:55:00,LONG,25671.25,25614.2465,0,0.122,-116.01,false
295,2026-01-08 12:45:00,LONG,25686,25626.10825,3,0.067,-121.78,false
305,2026-01-08 12:45:00,LONG,25686,25626.582,4,0.067,-120.84,false
296,2026-01-08 12:55:00,LONG,25680.5,25626.10825,4,0.016,-110.78,false
296,2026-01-08 13:30:00,SHORT,25649.75,25693.14175,0,0.205,-88.78,false
295,2026-01-08 14:15:00,SHORT,25632,25679.14175,2,0.071,-96.28,false
305,2026-01-08 14:15:00,SHORT,25632,25678.668,2,0.071,-95.34,false
295,2026-01-08 15:35:00,LONG,25682,25630.85825,5,0.224,109.22,true
305,2026-01-08 15:35:00,LONG,25682,25631.332,2,0.224,109.22,true
296,2026-01-08 15:40:00,LONG,25680,25646.35825,2,0.231,109.22,true
325,2026-01-08 16:10:00,LONG,25689.25,25646.91925,7,0.197,-86.66,false
321,2026-01-08 16:35:00,LONG,25725,25646.928,7,0.063,-158.14,false
291,2026-01-08 16:40:00,LONG,25730.75,25672.36075,5,0.016,-118.78,false
349,2026-01-08 16:45:00,LONG,25729.5,25690.416,1,0.021,-80.17,false
289,2026-01-08 18:20:00,SHORT,25698.5,25735.65775,2,0.263,110.43,true
349,2026-01-08 18:30:00,SHORT,25690.5,25722.334,1,0.234,110.43,true
291,2026-01-08 18:40:00,SHORT,25686.25,25725.38925,0,0.218,110.43,true
321,2026-01-08 19:05:00,SHORT,25677.5,25709.322,0,0.185,-65.64,false
296,2026-01-08 20:25:00,SHORT,25637,25695.39175,3,0.035,-118.78,false
325,2026-01-08 20:25:00,SHORT,25637,25694.83075,3,0.035,-117.66,false
295,2026-01-08 20:30:00,SHORT,25633.75,25681.14175,0,0.023,-96.78,false
305,2026-01-08 20:30:00,SHORT,25633.75,25680.668,0,0.023,-95.84,false
295,2026-01-08 21:25:00,LONG,25688,25626.10825,0,0.507,110.43,true
305,2026-01-08 21:25:00,LONG,25688,25626.582,0,0.507,110.43,true
296,2026-01-08 21:30:00,LONG,25687,25644.10825,1,0.511,110.43,true
325,2026-01-09 01:05:00,LONG,25685.5,25657.66925,3,0.051,-57.66,false
321,2026-01-09 01:40:00,LONG,25694.25,25668.178,12,0.019,-54.14,false
321,2026-01-09 02:25:00,SHORT,25658.75,25707.072,0,0.024,-98.64,false
325,2026-01-09 02:30:00,SHORT,25656.75,25696.58075,2,0.000,-81.66,false
325,2026-01-09 03:15:00,LONG,25696,25648.91925,0,0.477,110.43,true
321,2026-01-09 04:35:00,LONG,25718,25664.178,4,0.396,110.43,true
291,2026-01-09 04:40:00,LONG,25711,25675.36075,11,0.422,110.43,true
349,2026-01-09 05:00:00,LONG,25717.5,25691.166,0,0.398,110.43,true
289,2026-01-09 05:30:00,LONG,25734.25,25688.09225,0,0.336,110.43,true
306,2026-01-09 06:35:00,LONG,25760.75,25716.082,5,0.024,-91.34,false
350,2026-01-09 06:40:00,LONG,25765.5,25726.916,1,0.006,-79.17,false
350,2026-01-09 07:20:00,SHORT,25733,25760.834,0,0.078,-57.67,false
306,2026-01-09 07:35:00,SHORT,25717.5,25761.668,1,0.000,-90.34,false
302,2026-01-09 08:40:00,LONG,25794.25,25718.35475,6,0.113,-153.79,false
306,2026-01-09 08:40:00,LONG,25794.25,25710.832,0,0.113,-168.84,false
350,2026-01-09 08:40:00,LONG,25794.25,25721.166,2,0.113,-148.17,false
286,2026-01-09 08:45:00,LONG,25792.75,25727.95975,0,0.119,-131.58,false
303,2026-01-09 08:45:00,LONG,25792.75,25728.35475,3,0.119,-130.79,false
311,2026-01-09 08:45:00,LONG,25792.75,25728.75025,0,0.119,-130.00,false
286,2026-01-09 09:25:00,SHORT,25714.5,25811.79025,1,0.367,110.43,true
302,2026-01-09 09:25:00,SHORT,25714.5,25811.39525,0,0.367,110.43,true
303,2026-01-09 09:25:00,SHORT,25714.5,25811.39525,0,0.367,110.43,true
311,2026-01-09 09:25:00,SHORT,25714.5,25810.99975,1,0.367,110.43,true
350,2026-01-09 09:30:00,SHORT,25675.5,25778.834,0,0.012,-208.67,false
302,2026-01-09 10:25:00,LONG,25854.25,25631.10475,3,0.709,110.43,true
350,2026-01-09 10:25:00,LONG,25854.25,25633.916,3,0.487,110.43,true
286,2026-01-09 10:30:00,LONG,25864.75,25723.70975,2,0.448,110.43,true
303,2026-01-09 10:30:00,LONG,25864.75,25724.10475,3,0.448,110.43,true
311,2026-01-09 10:35:00,LONG,25842.75,25744.50025,1,0.529,110.43,true
316,2026-01-09 10:35:00,LONG,25842.75,25744.4965,12,0.529,110.43,true
338,2026-01-09 10:35:00,LONG,25842.75,25746.853,3,0.529,110.43,true
340,2026-01-09 10:35:00,LONG,25842.75,25746.98725,11,0.529,110.43,true
307,2026-01-09 11:15:00,LONG,25886.5,25802.832,6,0.367,110.43,true
339,2026-01-09 11:15:00,LONG,25886.5,25805.353,10,0.367,110.43,true
345,2026-01-09 11:15:00,LONG,25886.5,25805.41825,3,0.367,110.43,true
346,2026-01-09 11:15:00,LONG,25886.5,25805.41825,1,0.367,110.43,true
308,2026-01-09 11:20:00,LONG,25881.25,25828.082,1,0.387,110.43,true
309,2026-01-09 11:20:00,LONG,25881.25,25828.082,1,0.387,110.43,true
347,2026-01-09 11:55:00,LONG,25910.25,25846.91825,3,0.279,110.43,true
341,2026-01-09 12:00:00,LONG,25923,25861.73725,1,0.232,110.43,true
342,2026-01-09 12:00:00,LONG,25923,25861.73725,2,0.232,110.43,true
343,2026-01-09 12:55:00,LONG,25923.5,25880.98725,1,0.230,110.43,true
343,2026-01-09 13:15:00,SHORT,25892.25,25928.76275,0,0.038,-75.03,false
343,2026-01-09 13:40:00,LONG,25939.25,25876.73725,0,0.171,-127.03,false
344,2026-01-09 13:45:00,LONG,25951,25901.48725,6,0.128,-101.03,false
348,2026-01-09 13:45:00,LONG,25951,25901.41825,2,0.128,-101.16,false
344,2026-01-11 18:10:00,SHORT,25905.5,25965.26275,2,1.006,111.02,true
348,2026-01-11 18:10:00,SHORT,25905.5,25965.33175,0,1.006,111.02,true
343,2026-01-11 18:25:00,SHORT,25902.5,25965.26275,0,0.995,111.02,true
342,2026-01-11 19:10:00,SHORT,25860.5,25914.51275,6,0.840,111.02,true
341,2026-01-11 19:15:00,SHORT,25868,25908.01275,5,0.868,111.02,true
347,2026-01-11 19:15:00,SHORT,25868,25908.08175,3,0.868,111.02,true
308,2026-01-11 19:40:00,SHORT,25806,25898.668,2,0.639,111.02,true
309,2026-01-11 19:40:00,SHORT,25806,25898.668,2,0.639,111.02,true
346,2026-01-11 19:40:00,SHORT,25806,25875.33175,3,0.639,111.02,true
307,2026-01-11 19:45:00,SHORT,25804.5,25870.418,0,0.634,111.02,true
339,2026-01-11 19:45:00,SHORT,25804.5,25867.897,1,0.634,111.02,true
345,2026-01-11 19:45:00,SHORT,25804.5,25867.83175,0,0.634,111.02,true
338,2026-01-11 19:50:00,SHORT,25796,25851.397,1,0.602,111.02,true
340,2026-01-11 20:00:00,SHORT,25781.5,25851.26275,1,0.549,111.02,true
316,2026-01-11 20:05:00,SHORT,25776.5,25853.7535,1,0.530,111.02,true
286,2026-01-11 20:25:00,SHORT,25757.25,25808.79025,2,0.459,111.02,true
311,2026-01-11 20:25:00,SHORT,25757.25,25812.24975,2,0.459,111.02,true
303,2026-01-11 21:15:00,SHORT,25736.25,25786.39525,5,0.382,111.02,true
302,2026-01-11 22:55:00,SHORT,25737.75,25772.39525,3,0.387,111.02,true
350,2026-01-11 22:55:00,SHORT,25737.75,25758.084,4,0.387,111.02,true
306,2026-01-11 23:20:00,SHORT,25724.25,25754.918,10,0.338,111.02,true
355,2026-01-12 00:25:00,SHORT,25702.75,25747.922,5,0.098,-92.34,false
289,2026-01-12 00:35:00,SHORT,25689,25750.90775,14,0.207,-125.82,false
349,2026-01-12 00:35:00,SHORT,25689,25727.834,6,0.047,-79.67,false
291,2026-01-12 00:45:00,SHORT,25680.75,25721.88925,5,0.006,-84.28,false
291,2026-01-12 01:10:00,LONG,25717.75,25670.61075,0,0.119,-96.28,false
349,2026-01-12 02:05:00,LONG,25736.75,25691.416,0,0.049,-92.67,false
289,2026-01-12 02:10:00,LONG,25735,25697.09225,2,0.055,-77.82,false
289,2026-01-12 03:25:00,SHORT,25676.75,25751.40775,4,0.162,-151.32,false
349,2026-01-12 03:25:00,SHORT,25676.75,25748.334,0,0.162,-145.17,false
291,2026-01-12 03:30:00,SHORT,25660.75,25730.88925,2,0.103,-142.28,false
296,2026-01-12 03:40:00,SHORT,25652,25700.14175,18,0.048,-98.28,false
321,2026-01-12 03:40:00,SHORT,25652,25730.322,5,0.048,-158.64,false
325,2026-01-12 03:40:00,SHORT,25652,25699.58075,6,0.048,-97.16,false
296,2026-01-12 04:15:00,LONG,25695.25,25651.60825,1,1.292,111.02,true
321,2026-01-12 04:15:00,LONG,25695.25,25652.178,0,1.292,111.02,true
325,2026-01-12 04:15:00,LONG,25695.25,25652.16925,0,1.292,111.02,true
291,2026-01-12 05:40:00,LONG,25715.5,25667.86075,1,1.217,111.02,true
349,2026-01-12 06:50:00,LONG,25716,25688.666,2,1.215,111.02,true
289,2026-01-12 07:10:00,LONG,25733.25,25696.84225,1,1.152,111.02,true
355,2026-01-12 07:20:00,LONG,25736.25,25708.078,8,1.141,111.02,true
306,2026-01-12 07:50:00,LONG,25757.75,25705.582,6,1.061,111.02,true
350,2026-01-12 08:00:00,LONG,25753.75,25725.916,9,0.034,-57.67,false
302,2026-01-12 09:40:00,LONG,25853.5,25711.60475,11,0.708,111.02,true
286,2026-01-12 09:45:00,LONG,25870.75,25734.95975,1,0.645,111.02,true
303,2026-01-12 09:45:00,LONG,25870.75,25735.35475,8,0.645,111.02,true
307,2026-01-12 09:45:00,LONG,25870.75,25735.582,0,0.645,111.02,true
311,2026-01-12 09:45:00,LONG,25870.75,25735.75025,2,0.645,111.02,true
316,2026-01-12 09:45:00,LONG,25870.75,25735.7465,0,0.645,111.02,true
338,2026-01-12 09:45:00,LONG,25870.75,25738.103,0,0.645,111.02,true
339,2026-01-12 09:45:00,LONG,25870.75,25738.103,0,0.645,111.02,true
340,2026-01-12 09:45:00,LONG,25870.75,25738.23725,0,0.645,111.02,true
345,2026-01-12 09:45:00,LONG,25870.75,25738.16825,0,0.645,111.02,true
346,2026-01-12 09:55:00,LONG,25901,25738.16825,0,0.533,111.02,true
308,2026-01-12 10:00:00,LONG,25877,25826.082,1,0.622,111.02,true
309,2026-01-12 10:00:00,LONG,25877,25826.082,1,0.622,111.02,true
341,2026-01-12 10:20:00,LONG,25919,25862.23725,2,0.374,111.02,true
342,2026-01-12 10:20:00,LONG,25919,25862.23725,2,0.374,111.02,true
347,2026-01-12 10:20:00,LONG,25919,25828.66825,1,0.467,111.02,true
343,2026-01-12 11:15:00,LONG,25950,25876.98725,8,0.260,111.02,true
344,2026-01-12 11:20:00,LONG,25944,25907.73725,3,0.282,111.02,true
348,2026-01-12 11:20:00,LONG,25944,25907.66825,1,0.282,111.02,true
354,2026-01-12 13:10:00,LONG,25985.25,25932.91425,11,0.130,-106.67,false
351,2026-01-12 14:40:00,LONG,26006.75,25971.916,6,0.051,-71.67,false
351,2026-01-12 15:40:00,SHORT,25979.75,26013.834,0,0.494,111.02,true
354,2026-01-12 16:05:00,SHORT,25957.25,25989.83575,1,0.411,111.02,true
348,2026-01-12 18:45:00,SHORT,25904.5,25959.33175,3,0.219,109.86,true
343,2026-01-12 18:55:00,SHORT,25895.5,25929.26275,1,0.185,-69.53,false
344,2026-01-12 18:55:00,SHORT,25895.5,25942.01275,3,0.185,-95.03,false
356,2026-01-12 19:00:00,SHORT,25885,25924.3665,0,0.146,-80.73,false
342,2026-01-12 19:35:00,SHORT,25874.25,25914.01275,2,0.106,-81.53,false
341,2026-01-12 19:40:00,SHORT,25875.75,25901.26275,5,0.112,-53.03,false
347,2026-01-12 20:35:00,SHORT,25855,25893.83175,4,0.034,-79.66,false
347,2026-01-12 21:10:00,LONG,25890.75,25865.41825,0,0.023,-52.66,false
347,2026-01-12 22:40:00,SHORT,25868.25,25897.33175,3,0.023,-60.16,false
347,2026-01-13 00:00:00,LONG,25886.25,25863.41825,0,0.593,109.86,true
341,2026-01-13 00:50:00,LONG,25900,25863.73725,11,0.542,109.86,true
342,2026-01-13 01:00:00,LONG,25909.75,25881.23725,10,0.101,-59.03,false
356,2026-01-13 01:15:00,LONG,25914.25,25891.1335,1,0.084,-48.23,false
343,2026-01-13 01:35:00,LONG,25917,25895.48725,1,0.074,-45.03,false
343,2026-01-13 05:10:00,SHORT,25878.25,25928.26275,8,0.029,-102.03,false
356,2026-01-13 05:15:00,SHORT,25882.25,25920.8665,9,0.044,-79.23,false
342,2026-01-13 05:20:00,SHORT,25889,25908.51275,2,0.069,-41.03,false
341,2026-01-13 06:40:00,SHORT,25874.25,25897.51275,3,0.000,-48.53,false
341,2026-01-13 07:05:00,LONG,25901.75,25869.23725,0,0.536,109.86,true
342,2026-01-13 07:15:00,LONG,25906,25870.73725,5,0.520,109.86,true
356,2026-01-13 07:35:00,LONG,25915,25891.3835,1,0.014,-49.23,false
343,2026-01-13 08:40:00,LONG,25989,25884.48725,4,0.200,-211.03,false
344,2026-01-13 08:45:00,LONG,25972.5,25900.23725,13,0.262,109.86,true
348,2026-01-13 08:45:00,LONG,25972.5,25900.16825,4,0.262,109.86,true
354,2026-01-13 08:45:00,LONG,25972.5,25900.16425,2,0.262,109.86,true
357,2026-01-13 08:45:00,LONG,25972.5,25900.1335,1,0.262,109.86,true
354,2026-01-13 10:00:00,SHORT,25929.5,26008.08575,5,0.448,109.86,true
357,2026-01-13 10:10:00,SHORT,25914.75,26000.3665,2,0.393,109.86,true
344,2026-01-13 10:15:00,SHORT,25883.25,25975.01275,0,0.276,109.86,true
348,2026-01-13 10:15:00,SHORT,25883.25,25975.08175,1,0.276,109.86,true
342,2026-01-13 10:25:00,SHORT,25842.75,25930.01275,3,0.125,-176.53,false
343,2026-01-13 10:25:00,SHORT,25842.75,25975.01275,0,0.125,-266.53,false
356,2026-01-13 10:25:00,SHORT,25842.75,25930.1165,3,0.125,-176.73,false
308,2026-01-13 10:30:00,SHORT,25844,25922.418,10,0.130,-158.84,false
309,2026-01-13 10:30:00,SHORT,25844,25922.418,16,0.130,-158.84,false
341,2026-01-13 10:30:00,SHORT,25844,25919.76275,3,0.130,-153.53,false
347,2026-01-13 10:30:00,SHORT,25844,25919.83175,6,0.130,-153.66,false
346,2026-01-13 10:35:00,SHORT,25838,25889.33175,2,0.107,-104.66,false
308,2026-01-13 11:05:00,LONG,25901.25,25803.332,1,0.464,109.86,true
309,2026-01-13 11:05:00,LONG,25901.25,25803.332,1,0.464,109.86,true
346,2026-01-13 11:05:00,LONG,25901.25,25805.91825,0,0.464,109.86,true
347,2026-01-13 11:05:00,LONG,25901.25,25805.91825,1,0.464,109.86,true
341,2026-01-13 11:15:00,LONG,25914.75,25805.98725,1,0.414,109.86,true
342,2026-01-13 11:20:00,LONG,25909.75,25875.73725,1,0.003,-70.03,false
343,2026-01-13 11:40:00,LONG,25973,25841.98725,1,0.197,-264.03,false
356,2026-01-13 11:40:00,LONG,25973,25841.8835,1,0.197,-264.23,false
344,2026-01-13 11:45:00,LONG,25995,25888.48725,1,0.115,-215.03,false
348,2026-01-13 11:45:00,LONG,25995,25888.41825,0,0.115,-215.16,false
357,2026-01-13 11:50:00,LONG,26015.5,25888.3835,0,0.038,-256.23,false
354,2026-01-13 11:55:00,LONG,26008.5,25939.91425,0,0.036,-139.17,false
351,2026-01-13 12:00:00,LONG,26015.5,25964.916,6,0.010,-103.17,false
351,2026-01-13 12:25:00,SHORT,25966.25,26011.834,0,2.033,109.86,true
354,2026-01-13 12:50:00,SHORT,25901.5,25979.83575,2,1.792,109.86,true
357,2026-01-13 12:50:00,SHORT,25901.5,25979.8665,2,1.792,109.86,true
342,2026-01-13 13:05:00,SHORT,25874.25,25953.01275,1,1.690,109.86,true
343,2026-01-13 13:05:00,SHORT,25874.25,25953.01275,1,1.690,109.86,true
344,2026-01-13 13:05:00,SHORT,25874.25,25953.01275,2,1.690,109.86,true
348,2026-01-13 13:05:00,SHORT,25874.25,25953.08175,2,1.690,109.86,true
356,2026-01-13 13:05:00,SHORT,25874.25,25953.1165,0,1.690,109.86,true
341,2026-01-13 13:55:00,SHORT,25839.75,25903.01275,3,0.136,-128.53,false
347,2026-01-13 13:55:00,SHORT,25839.75,25903.08175,3,0.136,-128.66,false
308,2026-01-13 14:00:00,SHORT,25832.5,25905.668,5,0.109,-148.34,false
309,2026-01-13 14:00:00,SHORT,25832.5,25905.668,3,0.109,-148.34,false
346,2026-01-13 14:05:00,SHORT,25826.25,25886.83175,3,0.086,-123.16,false
339,2026-01-13 14:10:00,SHORT,25830.25,25869.397,3,0.007,-80.29,false
339,2026-01-13 14:30:00,LONG,25853.75,25823.103,0,0.117,-63.29,false
339,2026-01-13 15:35:00,SHORT,25833.75,25854.647,3,0.009,-43.79,false
339,2026-01-13 15:55:00,LONG,25903.75,25825.853,0,0.085,-157.79,false
308,2026-01-13 16:00:00,LONG,25919,25828.082,5,0.025,-183.84,false
346,2026-01-13 16:00:00,LONG,25919,25830.66825,2,0.025,-178.66,false
309,2026-01-13 16:05:00,LONG,25912.75,25837.582,5,0.048,-152.34,false
341,2026-01-13 16:05:00,LONG,25912.75,25840.23725,1,0.048,-147.03,false
342,2026-01-13 16:05:00,LONG,25912.75,25840.23725,3,0.048,-147.03,false
347,2026-01-13 16:05:00,LONG,25912.75,25840.16825,2,0.048,-147.16,false
356,2026-01-13 16:10:00,LONG,25911.75,25876.6335,2,0.048,-72.23,false
356,2026-01-13 18:25:00,SHORT,25891.75,25918.3665,2,0.036,-55.23,false
343,2026-01-13 19:20:00,LONG,25917.75,25877.23725,3,0.027,-83.03,false
356,2026-01-13 19:20:00,LONG,25917.75,25877.1335,1,0.027,-83.23,false
343,2026-01-13 20:50:00,SHORT,25885.25,25929.76275,2,1.820,104.40,true
356,2026-01-13 20:55:00,SHORT,25886.5,25928.3665,2,1.825,104.40,true
342,2026-01-13 21:00:00,SHORT,25884.25,25906.51275,5,0.032,-46.53,false
342,2026-01-13 22:15:00,LONG,25913,25881.73725,3,0.050,-64.53,false
356,2026-01-13 22:20:00,LONG,25916,25884.6335,0,0.038,-64.73,false
343,2026-01-13 22:30:00,LONG,25919.25,25891.98725,0,0.025,-56.53,false
343,2026-01-13 23:15:00,SHORT,25901.25,25924.51275,2,1.883,104.40,true
356,2026-01-13 23:40:00,SHORT,25891,25924.6165,0,1.842,104.40,true
342,2026-01-13 23:55:00,SHORT,25882,25906.01275,2,1.807,104.40,true
341,2026-01-14 00:15:00,SHORT,25876.75,25897.26275,9,1.787,104.40,true
347,2026-01-14 00:30:00,SHORT,25864.25,25891.58175,5,1.738,104.40,true
309,2026-01-14 01:05:00,SHORT,25849.75,25885.418,2,1.681,104.40,true
308,2026-01-14 01:10:00,SHORT,25853,25885.418,1,1.694,104.40,true
346,2026-01-14 01:25:00,SHORT,25850,25869.58175,1,0.057,-41.16,false
346,2026-01-14 02:40:00,LONG,25867.75,25840.91825,2,0.032,-55.66,false
308,2026-01-14 04:20:00,LONG,25872.5,25836.582,7,0.009,-73.84,false
308,2026-01-14 04:50:00,SHORT,25851.25,25882.668,0,1.687,104.40,true
346,2026-01-14 04:55:00,SHORT,25852,25875.08175,5,1.690,104.40,true
307,2026-01-14 05:25:00,SHORT,25770.5,25858.668,16,1.370,104.40,true
339,2026-01-14 05:25:00,SHORT,25770.5,25856.147,9,1.370,104.40,true
338,2026-01-14 05:30:00,SHORT,25746,25839.897,3,1.274,104.40,true
345,2026-01-14 05:30:00,SHORT,25746,25839.83175,4,1.274,104.40,true
311,2026-01-14 05:35:00,SHORT,25762,25823.24975,0,1.337,104.40,true
316,2026-01-14 05:35:00,SHORT,25762,25823.2535,1,1.337,104.40,true
340,2026-01-14 05:35:00,SHORT,25762,25820.76275,1,1.337,104.40,true
360,2026-01-14 05:35:00,SHORT,25762,25820.6045,0,1.337,104.40,true
286,2026-01-14 05:40:00,SHORT,25751.75,25824.04025,0,1.297,104.40,true
303,2026-01-14 05:50:00,SHORT,25728.75,25823.64525,0,1.207,104.40,true
350,2026-01-14 06:00:00,SHORT,25723.75,25759.334,6,0.037,-73.17,false
350,2026-01-14 06:30:00,LONG,25756.5,25713.916,0,0.012,-87.17,false
303,2026-01-14 07:30:00,LONG,25782.5,25739.85475,3,0.090,-87.29,false
303,2026-01-14 09:15:00,SHORT,25749,25813.64525,4,1.286,104.40,true
289,2026-01-14 09:45:00,SHORT,25667.25,25798.65775,6,0.966,104.40,true
349,2026-01-14 09:45:00,SHORT,25667.25,25795.584,4,0.966,104.40,true
355,2026-01-14 09:45:00,SHORT,25667.25,25795.672,8,0.966,104.40,true
291,2026-01-14 09:50:00,SHORT,25630.25,25798.63925,3,0.821,104.40,true
302,2026-01-14 09:50:00,SHORT,25630.25,25798.39525,8,0.821,104.40,true
306,2026-01-14 09:50:00,SHORT,25630.25,25798.168,13,0.821,104.40,true
350,2026-01-14 09:50:00,SHORT,25630.25,25795.584,7,0.821,104.40,true
321,2026-01-14 09:55:00,SHORT,25585,25720.572,5,0.644,104.40,true
325,2026-01-14 09:55:00,SHORT,25585,25720.58075,2,0.644,104.40,true
296,2026-01-14 10:00:00,SHORT,25557.75,25721.14175,4,0.537,104.40,true
293,2026-01-14 10:05:00,SHORT,25589.5,25678.14175,9,0.107,-179.28,false
294,2026-01-14 10:05:00,SHORT,25589.5,25678.14175,17,0.107,-179.28,false
295,2026-01-14 10:05:00,SHORT,25589.5,25678.14175,8,0.107,-179.28,false
305,2026-01-14 10:05:00,SHORT,25589.5,25677.668,8,0.107,-178.34,false
315,2026-01-14 10:05:00,SHORT,25589.5,25677.5035,13,0.107,-178.01,false
326,2026-01-14 10:05:00,SHORT,25589.5,25677.31125,12,0.107,-177.62,false
293,2026-01-14 10:25:00,LONG,25613,25553.85825,0,0.083,-120.28,false
140,2026-01-14 10:55:00,SHORT,25492,25638.33575,4,0.279,104.40,true
292,2026-01-14 10:55:00,SHORT,25492,25642.64175,7,0.279,104.40,true
293,2026-01-14 10:55:00,SHORT,25492,25642.64175,1,0.279,104.40,true
300,2026-01-14 10:55:00,SHORT,25492,25642.55,20,0.279,104.40,true
310,2026-01-14 10:55:00,SHORT,25492,25641.99975,11,0.279,104.40,true
132,2026-01-14 11:00:00,SHORT,25531,25574.637,6,0.160,-89.27,false
166,2026-01-14 11:00:00,SHORT,25531,25576.4285,10,0.160,-92.86,false
169,2026-01-14 11:15:00,SHORT,25511.5,25576.807,5,0.003,-132.61,false
132,2026-01-14 11:35:00,LONG,25545.75,25506.613,1,0.003,-80.27,false
169,2026-01-14 11:35:00,LONG,25545.75,25504.443,0,0.003,-84.61,false
131,2026-01-14 11:55:00,SHORT,25460.25,25550.65375,6,0.155,-182.81,false
132,2026-01-14 11:55:00,SHORT,25460.25,25550.637,0,0.155,-182.77,false
165,2026-01-14 11:55:00,SHORT,25460.25,25568.6785,3,0.155,-218.86,false
169,2026-01-14 11:55:00,SHORT,25460.25,25552.807,0,0.155,-187.11,false
336,2026-01-14 11:55:00,SHORT,25460.25,25568.798,7,0.155,-219.10,false
125,2026-01-14 12:00:00,SHORT,25458.25,25518.1945,1,0.147,-121.89,false
126,2026-01-14 12:00:00,SHORT,25458.25,25518.1945,2,0.147,-121.89,false
127,2026-01-14 12:00:00,SHORT,25458.25,25518.1945,3,0.147,-121.89,false
138,2026-01-14 12:00:00,SHORT,25458.25,25518.33575,6,0.147,-122.17,false
224,2026-01-14 12:00:00,SHORT,25458.25,25521.24825,2,0.147,-128.00,false
324,2026-01-14 12:00:00,SHORT,25458.25,25522.08075,3,0.147,-129.66,false
352,2026-01-14 12:00:00,SHORT,25458.25,25519.415,6,0.147,-124.33,false
125,2026-01-14 14:00:00,LONG,25503.5,25449.5555,4,1.760,104.40,true
126,2026-01-14 14:00:00,LONG,25503.5,25449.5555,6,1.760,104.40,true
224,2026-01-14 14:00:00,LONG,25503.5,25446.50175,4,1.760,104.40,true
352,2026-01-14 14:00:00,LONG,25503.5,25448.335,4,1.760,104.40,true
324,2026-01-14 14:20:00,LONG,25516,25459.41925,5,1.711,104.40,true
127,2026-01-14 14:25:00,LONG,25513.5,25463.3055,4,0.109,-102.39,false
138,2026-01-14 14:25:00,LONG,25513.5,25482.91425,4,0.109,-63.17,false
131,2026-01-14 15:15:00,LONG,25540.25,25456.34625,5,1.616,104.40,true
165,2026-01-14 15:15:00,LONG,25540.25,25454.5715,3,1.616,104.40,true
169,2026-01-14 15:15:00,LONG,25540.25,25454.193,3,1.616,104.40,true
336,2026-01-14 15:15:00,LONG,25540.25,25454.452,3,1.616,104.40,true
132,2026-01-14 15:30:00,LONG,25607.75,25456.363,0,1.352,104.40,true
166,2026-01-14 15:30:00,LONG,25607.75,25454.5715,1,1.352,104.40,true
140,2026-01-14 15:40:00,LONG,25586.25,25539.16425,2,1.436,104.40,true
300,2026-01-14 15:40:00,LONG,25586.25,25519.95,2,1.436,104.40,true
292,2026-01-14 16:00:00,LONG,25648.75,25554.85825,2,0.019,-189.78,false
293,2026-01-14 16:05:00,LONG,25624.5,25556.85825,1,0.046,-137.28,false
310,2026-01-14 16:05:00,LONG,25624.5,25557.50025,3,0.046,-136.00,false
326,2026-01-14 16:10:00,LONG,25634.75,25592.18875,3,0.001,-87.12,false
293,2026-01-14 18:15:00,SHORT,25568.25,25637.39175,1,0.019,-140.28,false
326,2026-01-14 18:15:00,SHORT,25568.25,25638.56125,0,0.019,-142.62,false
293,2026-01-14 20:10:00,LONG,25620.25,25581.60825,3,0.014,-79.28,false
326,2026-01-14 21:05:00,LONG,25626,25590.68875,5,0.032,-72.62,false
326,2026-01-14 21:35:00,SHORT,25599.75,25641.81125,0,0.119,-86.12,false
293,2026-01-14 23:00:00,SHORT,25583,25623.89175,4,0.053,-83.78,false
293,2026-01-15 00:40:00,LONG,25637,25581.35825,1,1.240,104.13,true
326,2026-01-15 00:50:00,LONG,25634.25,25591.18875,3,1.251,104.13,true
294,2026-01-15 01:20:00,LONG,25713.5,25600.35825,13,0.940,104.13,true
295,2026-01-15 01:25:00,LONG,25699.25,25617.60825,3,0.996,104.13,true
305,2026-01-15 01:25:00,LONG,25699.25,25618.082,3,0.996,104.13,true
315,2026-01-15 01:25:00,LONG,25699.25,25615.9965,11,0.996,104.13,true
296,2026-01-15 01:30:00,LONG,25692.5,25636.35825,2,1.022,104.13,true
321,2026-01-15 01:30:00,LONG,25692.5,25636.928,2,1.022,104.13,true
325,2026-01-15 01:30:00,LONG,25692.5,25636.91925,2,1.022,104.13,true
291,2026-01-15 01:50:00,LONG,25715.25,25636.36075,1,0.933,104.13,true
349,2026-01-15 03:40:00,LONG,25731.25,25675.166,3,0.870,104.13,true
289,2026-01-15 04:05:00,LONG,25761.75,25701.84225,4,0.750,104.13,true
355,2026-01-15 04:05:00,LONG,25761.75,25704.828,3,0.750,104.13,true
306,2026-01-15 04:10:00,LONG,25776,25712.082,3,0.694,104.13,true
302,2026-01-15 04:15:00,LONG,25774.5,25719.60475,2,0.700,104.13,true
350,2026-01-15 04:15:00,LONG,25774.5,25722.416,1,0.700,104.13,true
303,2026-01-15 04:20:00,LONG,25794.75,25725.10475,2,0.621,104.13,true
286,2026-01-15 04:30:00,LONG,25815.5,25753.20975,4,0.539,104.13,true
311,2026-01-15 04:30:00,LONG,25815.5,25754.00025,5,0.539,104.13,true
360,2026-01-15 04:35:00,LONG,25829.75,25767.8955,3,0.483,104.13,true
316,2026-01-15 04:40:00,LONG,25828.25,25765.2465,1,0.489,104.13,true
340,2026-01-15 04:40:00,LONG,25828.25,25789.48725,1,0.489,104.13,true
338,2026-01-15 04:45:00,LONG,25829.5,25789.353,0,0.484,104.13,true
345,2026-01-15 06:15:00,LONG,25842,25810.91825,4,0.435,104.13,true
307,2026-01-15 08:00:00,LONG,25862,25809.332,6,0.356,104.13,true
339,2026-01-15 08:05:00,LONG,25863.25,25824.603,4,0.352,104.13,true
346,2026-01-15 08:30:00,LONG,25873.5,25828.66825,2,0.311,104.13,true
308,2026-01-15 08:40:00,LONG,25893.25,25826.082,1,0.234,104.13,true
309,2026-01-15 08:50:00,LONG,25900.75,25844.332,8,0.204,-114.84,false
347,2026-01-15 08:50:00,LONG,25900.75,25850.16825,4,0.204,-103.16,false
341,2026-01-15 08:55:00,LONG,25893.75,25869.98725,1,0.225,104.13,true
342,2026-01-15 09:10:00,LONG,25900.25,25865.48725,0,0.199,-71.53,false
356,2026-01-15 09:25:00,LONG,25924.75,25885.8835,1,0.084,-79.73,false
341,2026-01-15 10:05:00,SHORT,25877.5,25923.26275,1,0.135,-93.53,false
356,2026-01-15 10:05:00,SHORT,25877.5,25958.1165,1,3.073,104.13,true
342,2026-01-15 10:10:00,SHORT,25880,25923.26275,3,0.144,-88.53,false
341,2026-01-15 11:10:00,LONG,25894.5,25799.48725,3,0.171,-192.03,false
342,2026-01-15 11:25:00,LONG,25905,25871.98725,2,0.130,-68.03,false
356,2026-01-15 11:50:00,LONG,25915.5,25876.6335,4,0.088,-79.73,false
343,2026-01-15 12:05:00,LONG,25935.5,25876.73725,10,0.001,-119.53,false
343,2026-01-15 12:30:00,SHORT,25870.25,25941.01275,0,3.044,104.13,true
356,2026-01-15 12:35:00,SHORT,25872.5,25941.1165,1,3.053,104.13,true
342,2026-01-15 12:40:00,SHORT,25881.75,25910.01275,2,0.130,-58.53,false
341,2026-01-15 12:55:00,SHORT,25853.5,25910.01275,3,0.019,-115.03,false
347,2026-01-15 12:55:00,SHORT,25853.5,25910.08175,8,0.019,-115.16,false
341,2026-01-15 13:30:00,LONG,25905.25,25862.98725,0,0.023,-86.53,false
347,2026-01-15 13:30:00,LONG,25905.25,25843.41825,0,0.023,-125.66,false
341,2026-01-15 14:10:00,SHORT,25840,25905.01275,1,2.925,104.13,true
308,2026-01-15 14:15:00,SHORT,25837.75,25892.918,10,2.916,104.13,true
309,2026-01-15 14:15:00,SHORT,25837.75,25892.918,9,2.916,104.13,true
347,2026-01-15 14:15:00,SHORT,25837.75,25890.33175,1,0.633,104.13,true
346,2026-01-15 14:20:00,SHORT,25826,25890.33175,8,0.587,104.13,true
307,2026-01-15 14:30:00,SHORT,25773.25,25868.668,5,0.380,104.13,true
339,2026-01-15 14:30:00,SHORT,25773.25,25866.147,5,0.380,104.13,true
345,2026-01-15 14:35:00,SHORT,25790,25853.58175,6,0.446,104.13,true
316,2026-01-15 14:40:00,SHORT,25788.5,25834.2535,3,0.440,104.13,true
338,2026-01-15 14:40:00,SHORT,25788.5,25831.897,9,0.440,104.13,true
340,2026-01-15 14:40:00,SHORT,25788.5,25831.76275,3,0.440,104.13,true
311,2026-01-15 15:00:00,SHORT,25763.25,25812.49975,1,0.341,104.13,true
360,2026-01-15 15:00:00,SHORT,25763.25,25831.6045,0,0.341,104.13,true
286,2026-01-15 15:05:00,SHORT,25760.25,25807.54025,2,0.329,104.13,true
303,2026-01-15 15:20:00,SHORT,25708.25,25782.89525,1,0.125,-151.29,false
302,2026-01-15 15:25:00,SHORT,25718.75,25777.89525,1,0.166,-120.29,false
350,2026-01-15 15:25:00,SHORT,25718.75,25775.084,1,0.166,-114.67,false
306,2026-01-15 15:30:00,SHORT,25707.75,25759.168,1,0.123,-104.84,false
355,2026-01-15 15:30:00,SHORT,25707.75,25756.672,1,0.123,-99.84,false
289,2026-01-15 15:40:00,SHORT,25711,25759.65775,0,0.136,-99.32,false
349,2026-01-15 16:20:00,SHORT,25699.25,25732.584,2,0.017,-68.67,false
349,2026-01-15 18:20:00,LONG,25732.25,25697.666,1,0.623,104.22,true
289,2026-01-15 18:30:00,LONG,25733.75,25701.09225,3,0.617,104.22,true
355,2026-01-15 18:50:00,LONG,25750.75,25704.078,4,0.550,104.22,true
306,2026-01-15 19:35:00,LONG,25752.5,25712.832,0,0.544,104.22,true
302,2026-01-15 19:45:00,LONG,25754.75,25720.60475,1,0.535,104.22,true
350,2026-01-15 19:45:00,LONG,25754.75,25725.666,1,0.535,104.22,true
303,2026-01-15 21:10:00,LONG,25785.75,25740.35475,1,0.413,104.22,true
286,2026-01-15 21:15:00,LONG,25783.75,25750.95975,3,0.421,104.22,true
311,2026-01-15 21:40:00,LONG,25790,25754.75025,4,0.396,104.22,true
360,2026-01-15 23:25:00,LONG,25802.5,25774.8955,1,0.347,104.22,true
316,2026-01-16 00:25:00,LONG,25818.25,25777.7465,7,0.286,104.22,true
340,2026-01-16 00:25:00,LONG,25818.25,25784.73725,2,0.286,104.22,true
338,2026-01-16 01:55:00,LONG,25823,25797.853,6,0.087,-52.29,false
345,2026-01-16 05:20:00,LONG,25835.25,25804.91825,7,0.149,-62.66,false
307,2026-01-16 05:40:00,LONG,25854.5,25810.832,8,0.074,-89.34,false
339,2026-01-16 05:40:00,LONG,25854.5,25828.853,6,0.074,-53.29,false
346,2026-01-16 06:25:00,LONG,25867.5,25841.66825,1,0.004,-53.66,false
346,2026-01-16 06:50:00,SHORT,25837,25873.83175,0,0.137,-75.66,false
339,2026-01-16 07:20:00,SHORT,25822.75,25859.147,1,0.081,-74.79,false
307,2026-01-16 08:15:00,SHORT,25818.25,25861.668,0,0.064,-88.84,false
307,2026-01-16 09:35:00,LONG,25858.25,25815.082,2,0.028,-88.34,false
339,2026-01-16 09:35:00,LONG,25858.25,25820.853,3,0.028,-76.79,false
307,2026-01-16 09:55:00,SHORT,25728.5,25873.418,0,2.761,104.22,true
339,2026-01-16 09:55:00,SHORT,25728.5,25870.897,0,2.761,104.22,true
316,2026-01-16 10:00:00,SHORT,25730.5,25851.7535,8,2.769,104.22,true
338,2026-01-16 10:00:00,SHORT,25730.5,25849.397,11,2.769,104.22,true
340,2026-01-16 10:00:00,SHORT,25730.5,25849.26275,7,2.769,104.22,true
345,2026-01-16 10:00:00,SHORT,25730.5,25870.83175,8,2.769,104.22,true
286,2026-01-16 10:05:00,SHORT,25755.25,25839.04025,1,2.866,104.22,true
311,2026-01-16 10:05:00,SHORT,25755.25,25838.24975,6,2.866,104.22,true
360,2026-01-16 10:05:00,SHORT,25755.25,25835.6045,0,2.866,104.22,true
303,2026-01-16 10:20:00,SHORT,25727.25,25795.39525,0,2.756,104.22,true
302,2026-01-16 10:25:00,SHORT,25668.25,25766.64525,2,2.525,104.22,true
306,2026-01-16 10:25:00,SHORT,25668.25,25766.418,1,2.525,104.22,true
350,2026-01-16 10:25:00,SHORT,25668.25,25763.834,2,2.525,104.22,true
289,2026-01-16 10:35:00,SHORT,25633.5,25766.90775,3,2.388,104.22,true
355,2026-01-16 10:35:00,SHORT,25633.5,25763.922,2,2.388,104.22,true
291,2026-01-16 10:40:00,SHORT,25623,25735.38925,10,0.088,-226.78,false
296,2026-01-16 10:40:00,SHORT,25623,25735.39175,6,0.088,-226.78,false
321,2026-01-16 10:40:00,SHORT,25623,25734.822,10,0.088,-225.64,false
325,2026-01-16 10:40:00,SHORT,25623,25734.83075,6,0.088,-225.66,false
349,2026-01-16 10:40:00,SHORT,25623,25732.334,2,0.088,-220.67,false
295,2026-01-16 10:45:00,SHORT,25630.25,25683.14175,0,0.086,-107.78,false
305,2026-01-16 10:45:00,SHORT,25630.25,25682.668,0,0.086,-106.84,false
295,2026-01-16 11:05:00,LONG,25693,25599.85825,0,0.235,104.22,true
305,2026-01-16 11:05:00,LONG,25693,25600.332,0,0.235,104.22,true
296,2026-01-16 11:15:00,LONG,25698.5,25636.10825,0,0.213,104.22,true
325,2026-01-16 11:20:00,LONG,25701.5,25653.16925,1,0.201,-98.66,false
321,2026-01-16 11:25:00,LONG,25716.25,25653.178,1,0.143,-128.14,false
291,2026-01-16 11:35:00,LONG,25726.5,25652.61075,0,0.103,-149.78,false
349,2026-01-16 11:45:00,LONG,25736.5,25686.416,1,0.058,-102.17,false
349,2026-01-16 12:25:00,SHORT,25701.5,25731.084,0,0.186,-61.17,false
291,2026-01-16 12:55:00,SHORT,25660,25725.63925,2,0.024,-133.28,false
291,2026-01-16 13:25:00,LONG,25719.5,25666.86075,0,0.112,-107.28,false
349,2026-01-16 13:30:00,LONG,25728.25,25687.916,1,0.078,-82.67,false
291,2026-01-16 14:25:00,SHORT,25681.25,25749.13925,0,2.576,104.22,true
349,2026-01-16 14:25:00,SHORT,25681.25,25746.084,3,2.576,104.22,true
291,2026-01-16 14:45:00,LONG,25713.75,25670.36075,0,0.062,-88.78,false
349,2026-01-16 15:15:00,LONG,25720.75,25681.916,0,0.034,-79.67,false
349,2026-01-16 16:05:00,SHORT,25678.5,25724.084,1,2.565,104.22,true
291,2026-01-16 16:10:00,SHORT,25679.25,25721.63925,3,2.568,104.22,true
296,2026-01-18 18:10:00,SHORT,25440,25698.14175,8,1.717,98.79,true
321,2026-01-18 18:10:00,SHORT,25440,25721.072,7,1.717,98.79,true
325,2026-01-18 18:10:00,SHORT,25440,25697.58075,7,1.717,98.79,true
246,2026-01-18 18:15:00,SHORT,25431,25478.2715,21,1.679,98.79,true
352,2026-01-18 18:15:00,SHORT,25431,25477.165,1,1.679,98.79,true
290,2026-01-18 19:20:00,SHORT,25414,25478.38925,16,1.609,98.79,true
107,2026-01-18 19:25:00,SHORT,25386.25,25452.5925,6,1.494,98.79,true
283,2026-01-18 19:25:00,SHORT,25386.25,25457.27775,11,1.494,98.79,true
107,2026-01-18 19:50:00,LONG,25441.75,25388.6575,0,0.042,-108.18,false
107,2026-01-18 20:30:00,SHORT,25417.25,25456.0925,1,1.622,98.79,true
251,2026-01-18 20:50:00,SHORT,25399.5,25458.584,9,1.549,98.79,true
335,2026-01-18 21:00:00,SHORT,25396.5,25429.22375,8,0.662,98.79,true
335,2026-01-18 21:20:00,LONG,25419.25,25385.52625,0,0.003,-69.45,false
335,2026-01-18 22:15:00,SHORT,25401.25,25424.72375,1,0.681,98.79,true
244,2026-01-18 22:30:00,SHORT,25377.75,25420.0025,15,0.584,98.79,true
280,2026-01-19 04:25:00,SHORT,25324.75,25375.27775,4,0.365,98.79,true
362,2026-01-19 04:30:00,SHORT,25307,25371.33525,2,0.292,98.79,true
245,2026-01-19 05:50:00,SHORT,25276.75,25315.2715,13,0.051,-79.04,false
245,2026-01-19 06:30:00,LONG,25305,25258.2285,1,0.180,-95.54,false
245,2026-01-19 09:40:00,SHORT,25245.5,25321.0215,4,0.037,-153.04,false
245,2026-01-19 10:05:00,LONG,25324.5,25252.7285,0,0.477,98.79,true
362,2026-01-19 11:10:00,LONG,25379.5,25296.66475,9,0.249,98.79,true
280,2026-01-19 11:15:00,LONG,25378.75,25312.22225,6,0.252,98.79,true
370,2026-01-19 19:10:00,SHORT,25349.5,25402.51475,3,0.108,-108.03,false
369,2026-01-19 19:15:00,SHORT,25349.25,25386.01475,1,0.107,-75.53,false
369,2026-01-19 19:50:00,LONG,25388.25,25346.98525,0,0.216,97.32,true
370,2026-01-19 19:50:00,LONG,25388.25,25346.98525,0,0.216,97.32,true
244,2026-01-19 20:30:00,LONG,25420,25381.9975,11,0.083,-78.00,false
335,2026-01-19 20:35:00,LONG,25416,25386.52625,13,0.100,-60.95,false
251,2026-01-19 21:45:00,LONG,25431.75,25402.416,9,0.014,-60.67,false
107,2026-01-19 21:50:00,LONG,25431.5,25404.9075,7,0.004,-55.18,false
107,2026-01-19 22:35:00,SHORT,25411,25434.0925,1,1.620,97.32,true
251,2026-01-19 23:00:00,SHORT,25410,25436.584,1,1.616,97.32,true
335,2026-01-19 23:50:00,SHORT,25388.75,25427.22375,6,1.232,97.32,true
244,2026-01-20 00:00:00,SHORT,25381.25,25418.0025,4,1.200,97.32,true
370,2026-01-20 01:15:00,SHORT,25326.75,25404.26475,4,0.972,97.32,true
369,2026-01-20 01:20:00,SHORT,25322.5,25384.76475,3,0.954,97.32,true
280,2026-01-20 01:25:00,SHORT,25302.75,25388.77775,3,0.871,97.32,true
362,2026-01-20 01:30:00,SHORT,25275.25,25357.58525,3,0.756,97.32,true
368,2026-01-20 01:40:00,SHORT,25293.25,25328.26475,0,0.831,97.32,true
245,2026-01-20 02:45:00,SHORT,25280.5,25307.5215,3,0.778,97.32,true
367,2026-01-20 03:15:00,SHORT,25233.25,25293.01475,4,0.579,97.32,true
242,2026-01-20 03:20:00,SHORT,25251.5,25294.2525,14,0.656,97.32,true
361,2026-01-20 03:25:00,SHORT,25237.25,25284.08525,7,0.596,97.32,true
366,2026-01-20 03:40:00,SHORT,25201.5,25260.01475,2,0.446,97.32,true
366,2026-01-20 07:40:00,LONG,25271.25,25209.23525,1,0.052,-126.03,false
366,2026-01-20 09:00:00,SHORT,25228.5,25255.76475,1,0.113,-56.53,false
361,2026-01-20 09:40:00,LONG,25334,25196.66475,4,0.402,97.32,true
366,2026-01-20 09:40:00,LONG,25334,25196.73525,1,0.402,97.32,true
242,2026-01-20 09:45:00,LONG,25297.75,25227.7475,3,0.554,97.32,true
245,2026-01-20 09:45:00,LONG,25297.75,25227.4785,2,0.554,97.32,true
367,2026-01-20 09:45:00,LONG,25297.75,25228.98525,3,0.554,97.32,true
280,2026-01-20 10:35:00,LONG,25378.75,25245.97225,3,0.214,97.32,true
362,2026-01-20 10:35:00,LONG,25378.75,25249.91475,4,0.214,97.32,true
368,2026-01-20 10:35:00,LONG,25378.75,25249.98525,5,0.214,97.32,true
369,2026-01-20 10:40:00,LONG,25388.75,25316.73525,1,0.017,-146.03,false
370,2026-01-20 11:15:00,LONG,25391.25,25353.48525,1,0.066,-77.53,false
370,2026-01-20 12:15:00,SHORT,25348,25411.51475,3,1.356,97.32,true
369,2026-01-20 12:20:00,SHORT,25335.25,25408.26475,5,1.302,97.32,true
280,2026-01-20 12:40:00,SHORT,25292.25,25386.77775,4,1.122,97.32,true
362,2026-01-20 12:45:00,SHORT,25268.5,25343.83525,4,1.022,97.32,true
368,2026-01-20 12:55:00,SHORT,25292.75,25341.26475,1,1.124,97.32,true
245,2026-01-20 13:25:00,SHORT,25247.75,25342.7715,2,0.935,97.32,true
242,2026-01-20 13:30:00,SHORT,25227.5,25292.7525,3,0.850,97.32,true
367,2026-01-20 13:30:00,SHORT,25227.5,25291.51475,5,0.850,97.32,true
361,2026-01-20 13:35:00,SHORT,25212.25,25281.58525,3,0.786,97.32,true
366,2026-01-20 13:45:00,SHORT,25204.25,25260.76475,0,0.752,97.32,true
373,2026-01-21 02:20:00,LONG,25241,25197.89675,6,0.008,-88.21,false
366,2026-01-21 02:25:00,LONG,25240.5,25208.73525,2,0.001,-65.53,false
366,2026-01-21 02:55:00,SHORT,25213.5,25245.51475,0,0.777,99.16,true
373,2026-01-21 03:00:00,SHORT,25205,25236.10325,0,0.742,99.16,true
372,2026-01-21 06:50:00,SHORT,25071.5,25139.85325,3,0.192,-138.71,false
365,2026-01-21 07:00:00,SHORT,25054,25123.76475,2,0.088,-141.53,false
365,2026-01-21 09:15:00,LONG,25218.25,25067.48525,2,2.960,99.16,true
372,2026-01-21 09:20:00,LONG,25243,25103.64675,1,2.858,99.16,true
366,2026-01-21 10:00:00,LONG,25317.75,25192.48525,2,0.727,99.16,true
373,2026-01-21 10:00:00,LONG,25317.75,25192.39675,5,0.727,99.16,true
242,2026-01-21 10:05:00,LONG,25316.25,25222.7475,0,0.734,99.16,true
245,2026-01-21 10:05:00,LONG,25316.25,25222.4785,0,0.734,99.16,true
361,2026-01-21 10:05:00,LONG,25316.25,25223.91475,1,0.734,99.16,true
367,2026-01-21 10:05:00,LONG,25316.25,25223.98525,0,0.734,99.16,true
368,2026-01-21 10:10:00,LONG,25327.5,25270.73525,2,0.687,99.16,true
362,2026-01-21 10:25:00,LONG,25379.5,25289.91475,1,0.473,99.16,true
280,2026-01-21 10:30:00,LONG,25411.75,25309.22225,1,0.340,99.16,true
369,2026-01-21 10:40:00,LONG,25451.5,25343.73525,1,0.176,-217.53,false
370,2026-01-21 10:40:00,LONG,25451.5,25343.73525,0,0.176,-217.53,false
374,2026-01-21 10:40:00,LONG,25451.5,25343.64675,0,0.176,-217.71,false
107,2026-01-21 10:45:00,LONG,25470.5,25373.9075,3,0.098,-195.18,false
244,2026-01-21 10:45:00,LONG,25470.5,25371.9975,8,0.098,-199.00,false
251,2026-01-21 10:45:00,LONG,25470.5,25371.416,6,0.098,-200.17,false
335,2026-01-21 10:45:00,LONG,25470.5,25371.52625,8,0.098,-199.95,false
283,2026-01-21 10:50:00,LONG,25486.75,25369.22225,12,0.031,-237.06,false
246,2026-01-21 10:55:00,LONG,25470,25424.9785,4,0.100,-92.04,false
290,2026-01-21 10:55:00,LONG,25470,25400.61075,3,0.100,-140.78,false
246,2026-01-21 11:40:00,SHORT,25294.25,25500.5215,0,0.627,99.16,true
290,2026-01-21 11:40:00,SHORT,25294.25,25486.38925,2,0.627,99.16,true
107,2026-01-21 11:45:00,SHORT,25297.75,25464.3425,0,0.642,99.16,true
251,2026-01-21 11:45:00,SHORT,25297.75,25466.834,0,0.642,99.16,true
283,2026-01-21 11:45:00,SHORT,25297.75,25469.02775,0,0.642,99.16,true
335,2026-01-21 11:45:00,SHORT,25297.75,25466.72375,0,0.642,99.16,true
244,2026-01-21 11:50:00,SHORT,25264.75,25426.5025,0,0.506,99.16,true
280,2026-01-21 11:50:00,SHORT,25264.75,25429.27775,0,0.506,99.16,true
362,2026-01-21 11:50:00,SHORT,25264.75,25425.33525,0,0.506,99.16,true
369,2026-01-21 11:50:00,SHORT,25264.75,25425.26475,0,0.506,99.16,true
370,2026-01-21 11:50:00,SHORT,25264.75,25425.26475,0,0.506,99.16,true
374,2026-01-21 11:50:00,SHORT,25264.75,25425.35325,0,0.506,99.16,true
367,2026-01-21 12:00:00,SHORT,25224,25316.01475,0,0.338,99.16,true
368,2026-01-21 12:00:00,SHORT,25224,25351.51475,0,0.338,99.16,true
242,2026-01-21 12:05:00,SHORT,25206,25317.2525,0,0.264,99.16,true
245,2026-01-21 12:05:00,SHORT,25206,25312.7715,2,0.264,99.16,true
361,2026-01-21 12:05:00,SHORT,25206,25311.33525,0,0.264,99.16,true
366,2026-01-21 12:10:00,SHORT,25153,25275.76475,0,0.045,-247.53,false
373,2026-01-21 12:15:00,SHORT,25191.25,25275.85325,0,0.167,-171.21,false
373,2026-01-21 13:35:00,LONG,25233.25,25178.64675,3,2.898,99.16,true
366,2026-01-21 14:00:00,LONG,25261.75,25199.23525,4,2.781,99.16,true
361,2026-01-21 14:30:00,LONG,25469.75,25228.41475,3,1.923,99.16,true
242,2026-01-21 14:35:00,LONG,25510.25,25231.9975,3,1.757,99.16,true
367,2026-01-21 14:35:00,LONG,25510.25,25233.23525,1,1.757,99.16,true
107,2026-01-21 14:40:00,LONG,25557.5,25242.4075,0,1.562,99.16,true
244,2026-01-21 14:40:00,LONG,25557.5,25240.4975,0,1.562,99.16,true
245,2026-01-21 14:40:00,LONG,25557.5,25240.2285,1,1.562,99.16,true
246,2026-01-21 14:40:00,LONG,25557.5,25240.2285,0,1.562,99.16,true
251,2026-01-21 14:40:00,LONG,25557.5,25239.916,0,1.562,99.16,true
280,2026-01-21 14:40:00,LONG,25557.5,25237.72225,0,1.562,99.16,true
283,2026-01-21 14:40:00,LONG,25557.5,25237.72225,0,1.562,99.16,true
290,2026-01-21 14:40:00,LONG,25557.5,25238.11075,0,1.562,99.16,true
335,2026-01-21 14:40:00,LONG,25557.5,25240.02625,0,1.562,99.16,true
362,2026-01-21 14:40:00,LONG,25557.5,25241.66475,0,1.562,99.16,true
368,2026-01-21 14:40:00,LONG,25557.5,25241.73525,1,1.562,99.16,true
369,2026-01-21 14:40:00,LONG,25557.5,25241.73525,0,1.562,99.16,true
370,2026-01-21 14:40:00,LONG,25557.5,25241.73525,0,1.562,99.16,true
374,2026-01-21 14:40:00,LONG,25557.5,25241.64675,0,1.562,99.16,true
125,2026-01-21 14:45:00,LONG,25615.5,25417.0555,5,0.949,99.16,true
126,2026-01-21 14:45:00,LONG,25615.5,25417.0555,4,0.949,99.16,true
224,2026-01-21 14:45:00,LONG,25615.5,25414.00175,6,0.949,99.16,true
324,2026-01-21 14:45:00,LONG,25615.5,25413.16925,3,0.949,99.16,true
352,2026-01-21 14:45:00,LONG,25615.5,25415.835,5,0.949,99.16,true
127,2026-01-21 14:50:00,LONG,25607,25457.0555,2,0.192,-301.89,false
131,2026-01-21 14:50:00,LONG,25607,25456.84625,0,0.192,-302.31,false
138,2026-01-21 14:50:00,LONG,25607,25456.91425,3,0.192,-302.17,false
165,2026-01-21 14:50:00,LONG,25607,25455.0715,0,0.192,-305.86,false
336,2026-01-21 14:50:00,LONG,25607,25454.952,0,0.192,-306.10,false
132,2026-01-21 14:55:00,LONG,25638.75,25487.863,0,0.061,-303.77,false
140,2026-01-21 14:55:00,LONG,25638.75,25487.91425,5,0.061,-303.67,false
166,2026-01-21 14:55:00,LONG,25638.75,25486.0715,0,0.061,-307.36,false
169,2026-01-21 14:55:00,LONG,25638.75,25485.693,1,0.061,-308.11,false
292,2026-01-21 14:55:00,LONG,25638.75,25483.60825,8,0.061,-312.28,false
300,2026-01-21 14:55:00,LONG,25638.75,25483.7,5,0.061,-312.10,false
310,2026-01-21 15:00:00,LONG,25611.25,25549.75025,12,0.025,-125.00,false
310,2026-01-21 15:25:00,SHORT,25486.5,25624.99975,0,0.167,-279.00,false
140,2026-01-21 15:30:00,SHORT,25499,25597.08575,0,0.218,99.16,true
292,2026-01-21 15:30:00,SHORT,25499,25601.39175,1,0.218,99.16,true
300,2026-01-21 15:30:00,SHORT,25499,25601.3,0,0.218,99.16,true
132,2026-01-21 15:35:00,SHORT,25496.25,25597.137,0,0.207,-203.77,false
166,2026-01-21 15:35:00,SHORT,25496.25,25598.9285,0,0.207,-207.36,false
131,2026-01-21 15:40:00,SHORT,25483.5,25544.40375,0,0.155,-123.81,false
138,2026-01-21 15:40:00,SHORT,25483.5,25544.33575,0,0.155,-123.67,false
165,2026-01-21 15:40:00,SHORT,25483.5,25546.1785,0,0.155,-127.36,false
169,2026-01-21 15:40:00,SHORT,25483.5,25546.557,1,0.155,-128.11,false
336,2026-01-21 15:40:00,SHORT,25483.5,25546.298,0,0.155,-127.60,false
127,2026-01-21 15:50:00,SHORT,25471.25,25544.1945,0,0.061,-147.89,false
127,2026-01-21 16:15:00,LONG,25526,25466.5555,0,1.318,99.16,true
131,2026-01-21 16:20:00,LONG,25517,25486.59625,0,0.352,99.16,true
138,2026-01-21 16:20:00,LONG,25517,25466.41425,0,1.355,99.16,true
336,2026-01-21 18:10:00,LONG,25545.25,25493.952,2,0.220,106.65,true
132,2026-01-21 18:15:00,LONG,25546.25,25525.363,0,0.061,-43.77,false
169,2026-01-21 18:15:00,LONG,25546.25,25523.193,2,0.216,106.65,true
166,2026-01-21 19:15:00,LONG,25570.75,25521.0715,1,0.122,-101.36,false
140,2026-01-21 20:25:00,LONG,25590.5,25549.41425,4,0.046,-84.17,false
300,2026-01-21 20:25:00,LONG,25590.5,25543.45,5,0.046,-96.10,false
292,2026-01-21 20:35:00,LONG,25589.75,25552.35825,4,0.049,-76.78,false
310,2026-01-21 20:50:00,LONG,25597,25562.00025,2,0.021,-72.00,false
310,2026-01-21 21:40:00,SHORT,25566.5,25610.24975,1,0.318,106.65,true
292,2026-01-22 00:20:00,SHORT,25567,25598.64175,5,0.319,106.65,true
140,2026-01-22 00:45:00,SHORT,25537.75,25577.08575,7,0.207,-80.67,false
300,2026-01-22 00:50:00,SHORT,25535.75,25581.3,7,0.200,-93.10,false
132,2026-01-22 01:15:00,SHORT,25501.75,25564.887,2,0.069,-128.27,false
166,2026-01-22 01:15:00,SHORT,25501.75,25566.6785,1,0.069,-131.86,false
131,2026-01-22 01:20:00,SHORT,25495.5,25545.65375,1,0.045,-102.31,false
165,2026-01-22 01:20:00,SHORT,25495.5,25547.4285,3,0.045,-105.86,false
169,2026-01-22 01:20:00,SHORT,25495.5,25547.807,4,0.045,-106.61,false
336,2026-01-22 01:20:00,SHORT,25495.5,25547.548,0,0.045,-106.10,false
131,2026-01-22 01:50:00,LONG,25534.5,25482.59625,0,1.194,106.65,true
165,2026-01-22 01:50:00,LONG,25534.5,25497.8215,0,1.194,106.65,true
336,2026-01-22 01:50:00,LONG,25534.5,25480.702,0,1.194,106.65,true
132,2026-01-22 02:40:00,LONG,25587.5,25513.613,1,0.991,106.65,true
169,2026-01-22 02:40:00,LONG,25587.5,25511.443,1,0.991,106.65,true
166,2026-01-22 02:50:00,LONG,25571.75,25528.0715,1,1.051,106.65,true
140,2026-01-22 02:55:00,LONG,25588.5,25543.16425,0,0.580,106.65,true
300,2026-01-22 02:55:00,LONG,25588.5,25538.95,0,0.580,106.65,true
292,2026-01-22 03:05:00,LONG,25615.75,25538.85825,0,0.476,106.65,true
310,2026-01-22 03:10:00,LONG,25619.25,25560.25025,4,0.462,106.65,true
293,2026-01-22 03:15:00,LONG,25625.75,25574.60825,7,0.437,106.65,true
326,2026-01-22 03:25:00,LONG,25651.75,25575.43875,6,0.338,106.65,true
294,2026-01-22 03:30:00,LONG,25654.5,25607.60825,4,0.327,106.65,true
315,2026-01-22 03:35:00,LONG,25667.25,25608.2465,3,0.278,106.65,true
295,2026-01-22 03:45:00,LONG,25673,25607.60825,3,0.256,106.65,true
305,2026-01-22 03:45:00,LONG,25673,25629.582,3,0.256,106.65,true
296,2026-01-22 04:00:00,LONG,25698.25,25641.60825,1,0.159,-115.28,false
321,2026-01-22 04:10:00,LONG,25702.75,25648.928,0,0.142,-109.64,false
325,2026-01-22 04:10:00,LONG,25702.75,25648.91925,1,0.142,-109.66,false
321,2026-01-22 07:05:00,SHORT,25677,25721.822,4,0.039,-91.64,false
321,2026-01-22 08:25:00,LONG,25703.5,25663.428,1,0.139,-82.14,false
291,2026-01-22 08:55:00,LONG,25736.25,25669.11075,11,0.011,-136.28,false
291,2026-01-22 09:45:00,SHORT,25575,25740.13925,1,0.147,-332.28,false
321,2026-01-22 09:45:00,SHORT,25575,25739.572,2,0.147,-331.14,false
296,2026-01-22 09:50:00,SHORT,25621.75,25740.14175,10,0.326,106.65,true
325,2026-01-22 09:50:00,SHORT,25621.75,25739.58075,10,0.326,106.65,true
295,2026-01-22 09:55:00,SHORT,25578,25703.39175,0,0.158,-252.78,false
305,2026-01-22 09:55:00,SHORT,25578,25702.918,1,0.158,-251.84,false
315,2026-01-22 09:55:00,SHORT,25578,25702.7535,0,0.158,-251.51,false
294,2026-01-22 10:05:00,SHORT,25548.25,25665.39175,1,0.042,-236.28,false
326,2026-01-22 10:05:00,SHORT,25548.25,25698.06125,0,0.042,-301.62,false
140,2026-01-22 10:10:00,SHORT,25553.5,25633.83575,1,0.062,-162.67,false
292,2026-01-22 10:10:00,SHORT,25553.5,25638.14175,1,0.062,-171.28,false
293,2026-01-22 10:10:00,SHORT,25553.5,25638.14175,1,0.062,-171.28,false
310,2026-01-22 10:10:00,SHORT,25553.5,25637.49975,1,0.062,-170.00,false
140,2026-01-22 10:40:00,LONG,25645.5,25537.91425,1,0.768,106.65,true
292,2026-01-22 10:40:00,LONG,25645.5,25533.60825,1,0.768,106.65,true
310,2026-01-22 10:40:00,LONG,25645.5,25534.25025,1,0.768,106.65,true
293,2026-01-22 10:45:00,LONG,25639,25563.60825,1,0.355,106.65,true
326,2026-01-22 10:45:00,LONG,25639,25564.43875,1,0.355,106.65,true
294,2026-01-22 11:15:00,LONG,25653.25,25593.60825,1,0.270,106.65,true
315,2026-01-22 11:20:00,LONG,25671.5,25595.9965,1,0.200,-153.01,false
295,2026-01-22 11:30:00,LONG,25672,25611.60825,1,0.198,-122.78,false
305,2026-01-22 11:30:00,LONG,25672,25618.082,1,0.198,-109.84,false
296,2026-01-22 11:50:00,LONG,25691.25,25631.10825,0,0.124,-122.28,false
321,2026-01-22 12:40:00,LONG,25701,25655.178,4,0.086,-93.64,false
325,2026-01-22 12:40:00,LONG,25701,25644.66925,0,0.086,-114.66,false
291,2026-01-22 12:55:00,LONG,25712.25,25671.11075,4,0.043,-84.28,false
291,2026-01-22 14:45:00,SHORT,25666.75,25723.63925,3,0.350,106.65,true
321,2026-01-22 14:50:00,SHORT,25664.25,25710.822,7,0.341,106.65,true
325,2026-01-22 14:55:00,SHORT,25639.75,25710.83075,2,0.247,106.65,true
296,2026-01-22 15:05:00,SHORT,25636.75,25711.39175,4,0.235,106.65,true
305,2026-01-22 15:05:00,SHORT,25636.75,25689.168,3,0.235,106.65,true
295,2026-01-22 15:35:00,SHORT,25592.75,25677.89175,2,0.066,-172.28,false
315,2026-01-22 15:35:00,SHORT,25592.75,25671.7535,1,0.015,-160.01,false
294,2026-01-22 15:40:00,SHORT,25613.75,25650.14175,2,0.002,-74.78,false
294,2026-01-22 16:15:00,LONG,25655.25,25604.85825,0,0.029,-102.78,false
315,2026-01-22 16:25:00,LONG,25661,25605.4965,0,0.006,-113.01,false
295,2026-01-22 16:30:00,LONG,25657.5,25623.85825,1,0.002,-69.28,false
295,2026-01-22 18:05:00,SHORT,25598.25,25666.39175,0,0.060,-138.28,false
315,2026-01-22 18:05:00,SHORT,25598.25,25665.7535,0,0.060,-137.01,false
294,2026-01-22 18:10:00,SHORT,25591.25,25657.14175,1,0.007,-133.78,false
326,2026-01-22 18:10:00,SHORT,25591.25,25656.31125,3,0.007,-132.12,false
326,2026-01-22 19:20:00,LONG,25630,25589.93875,1,0.389,106.71,true
294,2026-01-22 20:00:00,LONG,25672.75,25596.60825,2,0.225,106.71,true
315,2026-01-22 20:05:00,LONG,25670,25614.7465,1,0.236,106.71,true
295,2026-01-22 20:10:00,LONG,25669.5,25632.10825,1,0.238,106.71,true
305,2026-01-22 20:10:00,LONG,25669.5,25632.582,7,0.238,106.71,true
296,2026-01-22 20:55:00,LONG,25686.75,25640.85825,4,0.172,-93.78,false
325,2026-01-22 22:15:00,LONG,25704.75,25652.91925,2,0.103,-105.66,false
321,2026-01-22 22:20:00,LONG,25702.75,25659.928,4,0.110,-87.64,false
291,2026-01-23 01:00:00,LONG,25725.75,25671.36075,1,0.022,-110.78,false
349,2026-01-23 01:10:00,LONG,25722.75,25694.666,22,0.033,-58.17,false
349,2026-01-23 02:05:00,SHORT,25702.25,25729.084,0,0.621,106.71,true
349,2026-01-23 02:25:00,LONG,25718,25692.916,0,0.005,-52.17,false
349,2026-01-23 02:50:00,SHORT,25690,25724.584,0,0.574,106.71,true
291,2026-01-23 03:10:00,SHORT,25656.75,25718.13925,3,0.447,106.71,true
321,2026-01-23 03:20:00,SHORT,25644,25711.822,6,0.398,106.71,true
325,2026-01-23 03:20:00,SHORT,25644,25699.83075,1,0.398,106.71,true
296,2026-01-23 03:25:00,SHORT,25628.5,25693.64175,3,0.338,106.71,true
305,2026-01-23 03:30:00,SHORT,25608.5,25693.168,1,0.262,106.71,true
295,2026-01-23 03:35:00,SHORT,25620,25693.64175,0,0.306,106.71,true
315,2026-01-23 03:35:00,SHORT,25620,25665.0035,0,0.306,106.71,true
294,2026-01-23 03:40:00,SHORT,25614,25665.64175,0,0.283,106.71,true
326,2026-01-23 04:35:00,SHORT,25576.5,25651.81125,1,0.139,-152.62,false
293,2026-01-23 04:40:00,SHORT,25554,25630.14175,9,0.053,-154.28,false
310,2026-01-23 04:45:00,SHORT,25556.75,25610.74975,5,0.045,-110.00,false
140,2026-01-23 04:50:00,SHORT,25560.5,25592.83575,0,0.040,-66.67,false
292,2026-01-23 04:50:00,SHORT,25560.5,25597.14175,4,0.040,-75.28,false
140,2026-01-23 06:05:00,LONG,25630.75,25549.91425,3,0.825,106.71,true
292,2026-01-23 06:10:00,LONG,25626.75,25553.35825,2,0.840,106.71,true
293,2026-01-23 06:15:00,LONG,25626.75,25562.60825,0,0.120,-130.28,false
310,2026-01-23 06:15:00,LONG,25626.75,25563.25025,0,0.120,-129.00,false
326,2026-01-23 06:15:00,LONG,25626.75,25563.43875,0,0.120,-128.62,false
294,2026-01-23 06:35:00,LONG,25647,25562.60825,2,0.011,-170.78,false
294,2026-01-23 07:00:00,SHORT,25606,25658.14175,0,0.189,-106.28,false
326,2026-01-23 08:30:00,SHORT,25584.25,25634.56125,4,0.105,-102.62,false
293,2026-01-23 08:35:00,SHORT,25592.25,25635.39175,4,0.136,-88.28,false
310,2026-01-23 09:00:00,SHORT,25568.25,25613.99975,1,0.040,-93.50,false
310,2026-01-23 10:00:00,LONG,25711.5,25556.25025,2,0.515,106.71,true
293,2026-01-23 10:05:00,LONG,25706,25580.10825,3,0.536,106.71,true
294,2026-01-23 10:05:00,LONG,25706,25580.10825,7,0.536,106.71,true
315,2026-01-23 10:05:00,LONG,25706,25580.7465,10,0.536,106.71,true
326,2026-01-23 10:05:00,LONG,25706,25580.93875,2,0.536,106.71,true
295,2026-01-23 10:10:00,LONG,25688.25,25610.35825,2,0.604,106.71,true
296,2026-01-23 10:10:00,LONG,25688.25,25610.35825,1,0.604,106.71,true
305,2026-01-23 10:10:00,LONG,25688.25,25610.832,2,0.604,106.71,true
291,2026-01-23 10:30:00,LONG,25772.25,25665.36075,1,0.282,106.71,true
321,2026-01-23 10:30:00,LONG,25772.25,25653.678,0,0.282,106.71,true
325,2026-01-23 10:30:00,LONG,25772.25,25653.66925,0,0.282,106.71,true
349,2026-01-23 10:30:00,LONG,25772.25,25668.416,1,0.282,106.71,true
289,2026-01-23 10:35:00,LONG,25778.5,25665.34225,31,0.258,106.71,true
306,2026-01-23 10:35:00,LONG,25778.5,25665.832,14,0.258,106.71,true
355,2026-01-23 10:35:00,LONG,25778.5,25668.328,19,0.258,106.71,true
302,2026-01-23 10:40:00,LONG,25781,25665.60475,6,0.248,106.71,true
350,2026-01-23 10:40:00,LONG,25781,25668.416,5,0.248,106.71,true
303,2026-01-23 10:45:00,LONG,25810,25736.85475,1,0.137,-148.29,false
286,2026-01-23 10:55:00,LONG,25826.5,25736.45975,0,0.074,-182.08,false
311,2026-01-23 10:55:00,LONG,25826.5,25737.25025,0,0.074,-180.50,false
360,2026-01-23 10:55:00,LONG,25826.5,25761.1455,0,0.074,-132.71,false
316,2026-01-23 11:00:00,LONG,25842.25,25763.4965,0,0.008,-159.51,false
340,2026-01-23 11:00:00,LONG,25842.25,25765.98725,0,0.008,-154.53,false
338,2026-01-23 11:05:00,LONG,25826.5,25765.853,0,0.022,-123.29,false
338,2026-01-23 12:05:00,SHORT,25782.75,25830.897,2,1.601,106.71,true
340,2026-01-23 12:05:00,SHORT,25782.75,25830.76275,3,1.601,106.71,true
316,2026-01-23 12:40:00,SHORT,25730,25833.2535,3,1.399,106.71,true
360,2026-01-23 12:45:00,SHORT,25728,25805.3545,4,1.391,106.71,true
286,2026-01-23 12:50:00,SHORT,25694,25808.79025,3,1.261,106.71,true
303,2026-01-23 12:50:00,SHORT,25694,25797.64525,2,1.261,106.71,true
311,2026-01-23 12:50:00,SHORT,25694,25807.99975,4,1.261,106.71,true
302,2026-01-23 12:55:00,SHORT,25693.75,25785.64525,0,1.260,106.71,true
350,2026-01-23 12:55:00,SHORT,25693.75,25782.834,0,1.260,106.71,true
306,2026-01-23 13:00:00,SHORT,25720,25785.418,0,1.360,106.71,true
355,2026-01-23 13:00:00,SHORT,25720,25782.922,0,1.360,106.71,true
306,2026-01-23 13:25:00,LONG,25753,25695.332,0,0.083,-117.34,false
355,2026-01-23 13:25:00,LONG,25753,25697.828,0,0.083,-112.34,false
306,2026-01-23 15:30:00,SHORT,25708.5,25762.418,4,1.316,106.71,true
355,2026-01-23 15:35:00,SHORT,25709.75,25743.672,5,0.005,-69.84,false
355,2026-01-23 15:55:00,LONG,25735,25703.078,0,0.012,-65.84,false
355,2026-01-23 16:15:00,SHORT,25680.25,25743.672,0,1.208,106.71,true
289,2026-01-23 16:20:00,SHORT,25692.75,25746.65775,8,1.256,106.71,true
349,2026-01-23 16:20:00,SHORT,25692.75,25729.084,6,1.256,106.71,true
291,2026-01-25 18:00:00,SHORT,25462.5,25723.13925,4,0.035,-523.28,false
321,2026-01-25 18:10:00,SHORT,25497.5,25711.072,3,0.035,-429.14,false
325,2026-01-25 18:10:00,SHORT,25497.5,25701.58075,3,0.035,-410.16,false
132,2026-01-25 18:15:00,SHORT,25513.25,25589.637,4,0.077,-154.77,false
140,2026-01-25 18:15:00,SHORT,25513.25,25589.58575,4,0.077,-154.67,false
166,2026-01-25 18:15:00,SHORT,25513.25,25591.4285,5,0.077,-158.36,false
169,2026-01-25 18:15:00,SHORT,25513.25,25591.807,2,0.077,-159.11,false
292,2026-01-25 18:15:00,SHORT,25513.25,25593.89175,5,0.077,-163.28,false
300,2026-01-25 18:15:00,SHORT,25513.25,25593.8,9,0.077,-163.10,false
310,2026-01-25 18:15:00,SHORT,25513.25,25593.24975,0,0.077,-162.00,false
169,2026-01-25 19:05:00,LONG,25586.75,25488.693,1,2.828,110.36,true
132,2026-01-25 19:10:00,LONG,25578.5,25525.363,3,2.859,110.36,true
166,2026-01-25 19:10:00,LONG,25578.5,25523.5715,3,2.859,110.36,true
300,2026-01-25 19:10:00,LONG,25578.5,25512.95,0,2.859,110.36,true
140,2026-01-25 19:15:00,LONG,25576.75,25525.41425,0,2.865,110.36,true
292,2026-01-25 19:30:00,LONG,25590.5,25561.10825,1,2.814,110.36,true
310,2026-01-25 20:10:00,LONG,25606.25,25559.00025,3,2.756,110.36,true
293,2026-01-25 20:25:00,LONG,25650.5,25562.85825,2,2.592,110.36,true
294,2026-01-25 20:30:00,LONG,25641.25,25597.60825,1,0.102,-89.28,false
326,2026-01-25 20:30:00,LONG,25641.25,25598.43875,2,0.102,-87.62,false
315,2026-01-25 20:50:00,LONG,25655.75,25611.7465,1,0.043,-90.01,false
294,2026-01-25 21:50:00,SHORT,25607.75,25659.14175,2,0.013,-104.78,false
315,2026-01-25 21:50:00,SHORT,25607.75,25659.7535,0,0.013,-106.01,false
294,2026-01-26 00:25:00,LONG,25663.75,25602.10825,0,0.290,110.36,true
295,2026-01-26 00:35:00,LONG,25665.5,25621.10825,9,0.284,110.36,true
315,2026-01-26 00:35:00,LONG,25665.5,25619.4965,5,0.284,110.36,true
305,2026-01-26 00:40:00,LONG,25665.75,25634.082,6,0.283,110.36,true
296,2026-01-26 01:05:00,LONG,25678.25,25633.60825,9,0.237,110.36,true
325,2026-01-26 01:20:00,LONG,25696.75,25656.91925,3,0.168,-81.66,false
321,2026-01-26 01:25:00,LONG,25693.75,25665.678,0,0.179,-58.14,false
291,2026-01-26 03:10:00,LONG,25710.75,25681.11075,4,0.116,-61.28,false
349,2026-01-26 03:30:00,LONG,25724,25694.416,1,0.041,-61.17,false
349,2026-01-26 04:30:00,SHORT,25654.5,25735.084,2,0.269,110.36,true
291,2026-01-26 04:35:00,SHORT,25632.25,25718.38925,2,0.186,-174.28,false
321,2026-01-26 04:40:00,SHORT,25616,25717.822,3,0.126,-205.64,false
295,2026-01-26 04:45:00,SHORT,25598.25,25698.14175,0,0.060,-201.78,false
296,2026-01-26 04:45:00,SHORT,25598.25,25698.14175,2,0.060,-201.78,false
305,2026-01-26 04:45:00,SHORT,25598.25,25697.668,1,0.060,-200.84,false
325,2026-01-26 04:45:00,SHORT,25598.25,25697.58075,3,0.060,-200.66,false
294,2026-01-26 04:50:00,SHORT,25598.75,25663.39175,0,0.008,-131.28,false
315,2026-01-26 04:50:00,SHORT,25598.75,25662.7535,0,0.008,-130.01,false
294,2026-01-26 05:35:00,LONG,25665,25608.35825,1,2.538,110.36,true
315,2026-01-26 05:35:00,LONG,25665,25608.4965,0,2.538,110.36,true
295,2026-01-26 07:00:00,LONG,25695,25625.60825,1,2.426,110.36,true
305,2026-01-26 07:05:00,LONG,25704.25,25626.082,1,2.392,110.36,true
296,2026-01-26 07:10:00,LONG,25706.75,25642.85825,6,2.383,110.36,true
325,2026-01-26 07:10:00,LONG,25706.75,25651.91925,1,2.383,110.36,true
321,2026-01-26 08:15:00,LONG,25701.75,25660.928,0,0.020,-83.64,false
291,2026-01-26 09:05:00,LONG,25729,25663.61075,5,2.300,110.36,true
349,2026-01-26 09:05:00,LONG,25729,25691.166,2,2.300,110.36,true
289,2026-01-26 09:30:00,LONG,25770,25688.09225,4,2.148,110.36,true
306,2026-01-26 09:35:00,LONG,25792.75,25706.082,5,2.064,110.36,true
355,2026-01-26 09:35:00,LONG,25792.75,25708.578,4,2.064,110.36,true
302,2026-01-26 09:40:00,LONG,25816.25,25696.10475,13,1.977,110.36,true
350,2026-01-26 09:40:00,LONG,25816.25,25698.916,11,1.977,110.36,true
376,2026-01-26 09:40:00,LONG,25816.25,25698.8595,0,1.977,110.36,true
286,2026-01-26 09:45:00,LONG,25805.75,25695.70975,2,2.016,110.36,true
303,2026-01-26 09:45:00,LONG,25805.75,25696.10475,7,2.016,110.36,true
311,2026-01-26 09:45:00,LONG,25805.75,25696.50025,1,2.016,110.36,true
360,2026-01-26 09:50:00,LONG,25823.25,25762.3955,0,1.951,110.36,true
316,2026-01-26 10:00:00,LONG,25839.75,25759.7465,0,1.889,110.36,true
340,2026-01-26 10:00:00,LONG,25839.75,25763.23725,2,1.889,110.36,true
338,2026-01-26 10:05:00,LONG,25823.25,25799.103,1,1.951,110.36,true
345,2026-01-26 10:20:00,LONG,25880,25797.66825,5,1.740,110.36,true
307,2026-01-26 10:55:00,LONG,25881.25,25795.082,3,1.735,110.36,true
339,2026-01-26 10:55:00,LONG,25881.25,25797.603,3,1.735,110.36,true
308,2026-01-26 11:00:00,LONG,25885.25,25831.082,7,1.721,110.36,true
309,2026-01-26 11:00:00,LONG,25885.25,25831.082,8,1.721,110.36,true
346,2026-01-26 11:00:00,LONG,25885.25,25833.66825,6,1.721,110.36,true
363,2026-01-26 11:00:00,LONG,25885.25,25834.16475,4,0.190,-104.17,false
347,2026-01-26 11:10:00,LONG,25886.25,25833.66825,5,1.717,110.36,true
341,2026-01-26 11:35:00,LONG,25907,25845.48725,4,0.109,-125.03,false
342,2026-01-26 11:35:00,LONG,25907,25845.48725,7,0.109,-125.03,false
356,2026-01-26 12:10:00,LONG,25914,25882.6335,3,0.050,-64.73,false
356,2026-01-26 12:55:00,SHORT,25891.25,25919.8665,2,0.066,-59.23,false
342,2026-01-26 15:00:00,SHORT,25885.75,25911.51275,6,0.192,-53.53,false
341,2026-01-26 15:25:00,SHORT,25880.75,25911.51275,6,0.173,-63.53,false
347,2026-01-26 16:00:00,SHORT,25842.75,25897.83175,6,0.016,-112.16,false
308,2026-01-26 16:05:00,SHORT,25849.25,25893.668,6,0.040,-90.84,false
309,2026-01-26 16:05:00,SHORT,25849.25,25893.668,7,0.040,-90.84,false
346,2026-01-26 16:05:00,SHORT,25849.25,25891.08175,1,0.040,-85.66,false
346,2026-01-26 16:25:00,LONG,25868.5,25837.66825,0,1.783,110.36,true
308,2026-01-26 18:25:00,LONG,25878.75,25834.082,1,1.703,113.10,true
309,2026-01-26 18:25:00,LONG,25878.75,25834.082,1,1.703,113.10,true
347,2026-01-26 19:20:00,LONG,25894.5,25861.41825,0,1.646,113.10,true
341,2026-01-26 19:40:00,LONG,25896.25,25869.73725,4,1.640,113.10,true
342,2026-01-26 19:55:00,LONG,25898.75,25874.98725,6,1.631,113.10,true
356,2026-01-26 20:35:00,LONG,25913.25,25889.8835,7,1.578,113.10,true
343,2026-01-26 20:50:00,LONG,25923,25889.98725,9,1.543,113.10,true
344,2026-01-26 21:10:00,LONG,25947.5,25907.73725,21,1.454,113.10,true
348,2026-01-26 21:15:00,LONG,25952.5,25915.91825,10,1.436,113.10,true
357,2026-01-26 21:45:00,LONG,25959.25,25928.3835,2,0.303,113.10,true
354,2026-01-26 22:45:00,LONG,25970.25,25953.66425,1,0.264,113.10,true
377,2026-01-26 23:40:00,LONG,25990.25,25967.47825,1,0.138,-47.54,false
351,2026-01-27 01:00:00,LONG,26018,25978.666,4,0.037,-80.67,false
351,2026-01-27 03:20:00,SHORT,25979.25,26017.084,4,0.044,-77.67,false
377,2026-01-27 03:40:00,SHORT,25976.75,26009.27175,1,0.034,-67.04,false
377,2026-01-27 05:35:00,LONG,25997.5,25964.47825,2,0.165,-68.04,false
351,2026-01-27 06:35:00,LONG,26022.5,25982.416,4,0.074,-82.17,false
364,2026-01-27 06:50:00,LONG,26037,25997.66475,2,0.013,-80.67,false
364,2026-01-27 07:15:00,SHORT,26013,26038.33525,0,0.347,113.10,true
351,2026-01-27 09:35:00,SHORT,25929,26015.334,4,0.001,-174.67,false
377,2026-01-27 09:40:00,SHORT,25959.25,26018.02175,2,0.003,-119.54,false
377,2026-01-27 10:00:00,LONG,26057,25952.97825,0,1.058,113.10,true
351,2026-01-27 10:05:00,LONG,26066.25,25974.916,0,1.024,113.10,true
358,2026-01-27 10:05:00,LONG,26066.25,25974.8835,3,1.024,113.10,true
364,2026-01-27 10:05:00,LONG,26066.25,25975.41475,1,1.024,113.10,true
378,2026-01-27 10:45:00,LONG,26089,26033.22825,1,0.942,113.10,true
359,2026-01-27 18:10:00,LONG,26144.5,26091.8835,5,0.737,113.64,true
382,2026-01-27 19:45:00,LONG,26202,26161.95225,0,0.530,113.64,true
383,2026-01-28 00:45:00,LONG,26242.25,26214.70225,3,0.385,113.64,true
384,2026-01-28 01:10:00,LONG,26305.5,26236.70225,0,0.157,-139.60,false
384,2026-01-28 10:15:00,SHORT,26236.5,26295.79775,7,0.877,113.64,true
383,2026-01-28 10:40:00,SHORT,26183.5,26244.54775,5,0.686,113.64,true
382,2026-01-28 11:40:00,SHORT,26122.5,26233.79775,0,0.466,113.64,true
382,2026-01-28 15:15:00,LONG,26198.5,26147.95225,2,0.043,-103.10,false
382,2026-01-28 15:35:00,SHORT,26173,26216.04775,0,0.648,113.64,true
382,2026-01-28 16:25:00,LONG,26262.5,26133.20225,1,0.121,-260.60,false
383,2026-01-28 16:35:00,LONG,26260,26196.95225,0,0.130,-128.10,false
384,2026-01-28 16:40:00,LONG,26266.5,26223.20225,1,0.106,-88.60,false
391,2026-01-28 18:15:00,SHORT,26205,26301.6225,0,3.645,115.20,true
384,2026-01-28 18:20:00,SHORT,26231.25,26275.79775,1,0.518,115.20,true
383,2026-01-28 18:35:00,SHORT,26190.75,26275.79775,0,0.374,115.20,true
390,2026-01-28 19:05:00,SHORT,26145.5,26222.8725,2,0.213,115.20,true
382,2026-01-28 19:10:00,SHORT,26145.5,26222.79775,3,0.213,115.20,true
389,2026-01-28 19:10:00,SHORT,26145.5,26222.8725,2,0.213,115.20,true
388,2026-01-28 19:15:00,SHORT,26137.5,26186.1225,0,0.185,-99.25,false
387,2026-01-28 20:30:00,SHORT,26099.75,26155.1225,4,0.029,-112.75,false
387,2026-01-28 21:25:00,LONG,26171.25,26110.8775,0,0.389,115.20,true
388,2026-01-28 21:30:00,LONG,26169,26122.3775,4,0.397,115.20,true
389,2026-01-28 22:25:00,LONG,26184.25,26157.1275,4,0.342,115.20,true
382,2026-01-28 23:05:00,LONG,26199.75,26174.20225,1,0.287,115.20,true
390,2026-01-28 23:25:00,LONG,26214.25,26185.3775,0,0.236,115.20,true
383,2026-01-29 00:40:00,LONG,26249,26216.45225,3,0.112,-67.10,false
384,2026-01-29 02:40:00,LONG,26273,26228.45225,6,0.009,-91.10,false
391,2026-01-29 02:45:00,LONG,26267.5,26239.3775,3,0.008,-58.25,false
391,2026-01-29 03:55:00,SHORT,26248.75,26276.8725,2,3.801,115.20,true
384,2026-01-29 04:55:00,SHORT,26211.75,26265.79775,7,3.669,115.20,true
383,2026-01-29 05:05:00,SHORT,26212.5,26251.04775,5,3.672,115.20,true
390,2026-01-29 06:35:00,SHORT,26183,26215.8725,2,0.002,-67.75,false
390,2026-01-29 07:15:00,LONG,26210.5,26188.6275,1,0.014,-45.75,false
390,2026-01-29 07:40:00,SHORT,26161.75,26220.1225,0,3.491,115.20,true
382,2026-01-29 07:50:00,SHORT,26168,26204.79775,5,3.514,115.20,true
389,2026-01-29 09:15:00,SHORT,26152,26202.3725,5,3.457,115.20,true
388,2026-01-29 09:35:00,SHORT,26029.25,26171.6225,5,3.020,115.20,true
387,2026-01-29 09:40:00,SHORT,25950.75,26180.6225,0,2.741,115.20,true
359,2026-01-29 09:45:00,SHORT,25986.25,26180.3665,7,2.867,115.20,true
380,2026-01-29 09:45:00,SHORT,25986.25,26180.54775,3,2.867,115.20,true
381,2026-01-29 09:45:00,SHORT,25986.25,26180.54775,10,2.867,115.20,true
386,2026-01-29 09:45:00,SHORT,25986.25,26180.6225,1,2.867,115.20,true
358,2026-01-29 09:50:00,SHORT,25941,26106.1165,3,2.706,115.20,true
364,2026-01-29 09:50:00,SHORT,25941,26105.58525,1,2.706,115.20,true
378,2026-01-29 09:50:00,SHORT,25941,26106.27175,6,2.706,115.20,true
379,2026-01-29 09:50:00,SHORT,25941,26106.29775,1,2.706,115.20,true
351,2026-01-29 09:55:00,SHORT,25864.5,26043.084,1,1.169,115.20,true
377,2026-01-29 10:00:00,SHORT,25797,26043.27175,0,0.928,115.20,true
354,2026-01-29 10:05:00,SHORT,25785.25,25993.58575,5,0.887,115.20,true
356,2026-01-29 10:05:00,SHORT,25785.25,25993.6165,0,0.887,115.20,true
357,2026-01-29 10:05:00,SHORT,25785.25,25993.6165,3,0.887,115.20,true
308,2026-01-29 10:10:00,SHORT,25721,25960.418,1,0.658,115.20,true
309,2026-01-29 10:10:00,SHORT,25721,25960.418,2,0.658,115.20,true
341,2026-01-29 10:10:00,SHORT,25721,25957.76275,0,0.658,115.20,true
342,2026-01-29 10:10:00,SHORT,25721,25957.76275,1,0.658,115.20,true
343,2026-01-29 10:10:00,SHORT,25721,25957.76275,1,0.658,115.20,true
344,2026-01-29 10:10:00,SHORT,25721,25957.76275,2,0.658,115.20,true
346,2026-01-29 10:10:00,SHORT,25721,25957.83175,3,0.658,115.20,true
347,2026-01-29 10:10:00,SHORT,25721,25957.83175,0,0.658,115.20,true
348,2026-01-29 10:10:00,SHORT,25721,25957.83175,2,0.658,115.20,true
307,2026-01-29 10:15:00,SHORT,25759.25,25876.168,2,0.794,115.20,true
316,2026-01-29 10:15:00,SHORT,25759.25,25876.0035,1,0.794,115.20,true
338,2026-01-29 10:15:00,SHORT,25759.25,25873.647,1,0.794,115.20,true
339,2026-01-29 10:15:00,SHORT,25759.25,25873.647,3,0.794,115.20,true
340,2026-01-29 10:15:00,SHORT,25759.25,25873.51275,1,0.794,115.20,true
345,2026-01-29 10:15:00,SHORT,25759.25,25873.58175,0,0.794,115.20,true
363,2026-01-29 10:15:00,SHORT,25759.25,25873.08525,3,0.794,115.20,true
350,2026-01-29 10:35:00,SHORT,25657.75,25828.084,1,0.433,115.20,true
360,2026-01-29 10:35:00,SHORT,25657.75,25873.3545,0,0.433,115.20,true
376,2026-01-29 10:35:00,SHORT,25657.75,25828.1405,2,0.433,115.20,true
286,2026-01-29 10:40:00,SHORT,25623.75,25831.29025,1,0.312,115.20,true
289,2026-01-29 10:40:00,SHORT,25623.75,25831.15775,1,0.312,115.20,true
302,2026-01-29 10:40:00,SHORT,25623.75,25830.89525,1,0.312,115.20,true
303,2026-01-29 10:40:00,SHORT,25623.75,25830.89525,2,0.312,115.20,true
306,2026-01-29 10:40:00,SHORT,25623.75,25830.668,1,0.312,115.20,true
311,2026-01-29 10:40:00,SHORT,25623.75,25830.49975,1,0.312,115.20,true
355,2026-01-29 10:40:00,SHORT,25623.75,25828.172,1,0.312,115.20,true
291,2026-01-29 10:45:00,SHORT,25603.25,25761.63925,1,0.239,115.20,true
321,2026-01-29 10:45:00,SHORT,25603.25,25761.072,1,0.239,115.20,true
349,2026-01-29 10:45:00,SHORT,25603.25,25758.584,2,0.239,115.20,true
295,2026-01-29 10:50:00,SHORT,25545.75,25715.64175,0,0.035,-341.78,false
296,2026-01-29 10:50:00,SHORT,25545.75,25715.64175,2,0.035,-341.78,false
305,2026-01-29 10:50:00,SHORT,25545.75,25715.168,1,0.035,-340.84,false
325,2026-01-29 10:50:00,SHORT,25545.75,25715.08075,5,0.035,-340.66,false
294,2026-01-29 10:55:00,SHORT,25576.75,25669.39175,0,0.138,-187.28,false
315,2026-01-29 10:55:00,SHORT,25576.75,25668.7535,3,0.138,-186.01,false
326,2026-01-29 10:55:00,SHORT,25576.75,25668.56125,7,0.138,-185.62,false
293,2026-01-29 11:00:00,SHORT,25559.25,25669.39175,3,0.076,-222.28,false
310,2026-01-29 11:00:00,SHORT,25559.25,25650.99975,1,0.076,-185.50,false
310,2026-01-29 11:20:00,LONG,25683.5,25530.25025,0,1.304,115.20,true
293,2026-01-29 11:25:00,LONG,25684,25544.35825,0,1.302,115.20,true
294,2026-01-29 11:25:00,LONG,25684,25544.35825,0,1.302,115.20,true
295,2026-01-29 11:25:00,LONG,25684,25544.35825,0,1.302,115.20,true
296,2026-01-29 11:25:00,LONG,25684,25544.35825,0,1.302,115.20,true
305,2026-01-29 11:25:00,LONG,25684,25544.832,0,1.302,115.20,true
315,2026-01-29 11:25:00,LONG,25684,25544.9965,0,1.302,115.20,true
326,2026-01-29 11:25:00,LONG,25684,25545.18875,0,1.302,115.20,true
321,2026-01-29 11:45:00,LONG,25718,25644.178,0,1.181,115.20,true
325,2026-01-29 11:45:00,LONG,25718,25644.16925,0,1.181,115.20,true
291,2026-01-29 12:05:00,LONG,25750.75,25659.11075,1,1.064,115.20,true
289,2026-01-29 12:10:00,LONG,25799.5,25675.84225,3,0.891,115.20,true
349,2026-01-29 12:10:00,LONG,25799.5,25678.916,3,0.891,115.20,true
302,2026-01-29 12:15:00,LONG,25809.25,25700.60475,2,0.856,115.20,true
306,2026-01-29 12:15:00,LONG,25809.25,25700.832,2,0.856,115.20,true
350,2026-01-29 12:15:00,LONG,25809.25,25703.416,1,0.856,115.20,true
355,2026-01-29 12:15:00,LONG,25809.25,25703.328,2,0.856,115.20,true
376,2026-01-29 12:20:00,LONG,25844.5,25703.3595,0,0.731,115.20,true
286,2026-01-29 12:25:00,LONG,25839.5,25739.70975,0,0.749,115.20,true
303,2026-01-29 12:25:00,LONG,25839.5,25740.10475,1,0.749,115.20,true
311,2026-01-29 12:25:00,LONG,25839.5,25740.50025,0,0.749,115.20,true
316,2026-01-29 12:25:00,LONG,25839.5,25740.4965,1,0.749,115.20,true
340,2026-01-29 12:25:00,LONG,25839.5,25742.98725,1,0.749,115.20,true
360,2026-01-29 12:25:00,LONG,25839.5,25743.1455,0,0.749,115.20,true
338,2026-01-29 12:30:00,LONG,25850.25,25742.853,1,0.711,115.20,true
345,2026-01-29 12:35:00,LONG,25854.5,25801.41825,1,0.001,-108.16,false
345,2026-01-29 12:55:00,SHORT,25760.5,25860.08175,0,0.008,-201.16,false
338,2026-01-29 13:00:00,SHORT,25806.5,25860.147,0,0.012,-109.29,false
338,2026-01-29 13:20:00,LONG,25837.5,25797.603,0,0.756,115.20,true
345,2026-01-29 13:20:00,LONG,25837.5,25752.91825,0,0.756,115.20,true
307,2026-01-29 13:45:00,LONG,25869.5,25806.082,3,0.642,115.20,true
339,2026-01-29 13:45:00,LONG,25869.5,25808.603,3,0.642,115.20,true
363,2026-01-29 13:50:00,LONG,25858.25,25833.16475,4,0.031,-52.17,false
346,2026-01-29 14:15:00,LONG,25882.25,25814.66825,4,0.597,115.20,true
308,2026-01-29 14:20:00,LONG,25884.25,25832.332,3,0.590,115.20,true
309,2026-01-29 14:20:00,LONG,25884.25,25832.332,4,0.590,115.20,true
309,2026-01-29 14:40:00,SHORT,25857,25896.418,0,0.082,-80.84,false
308,2026-01-29 14:45:00,SHORT,25839.75,25895.168,0,0.002,-112.84,false
308,2026-01-29 15:45:00,LONG,25925.5,25838.582,2,0.443,115.20,true
309,2026-01-29 15:45:00,LONG,25925.5,25838.582,2,0.443,115.20,true
347,2026-01-29 15:45:00,LONG,25925.5,25841.16825,6,0.443,115.20,true
341,2026-01-29 15:50:00,LONG,25985,25865.73725,4,0.231,115.20,true
342,2026-01-29 15:50:00,LONG,25985,25865.73725,3,0.231,115.20,true
343,2026-01-29 15:50:00,LONG,25985,25865.73725,0,0.231,115.20,true
356,2026-01-29 15:50:00,LONG,25985,25865.6335,0,0.231,115.20,true
344,2026-01-29 15:55:00,LONG,25991.5,25865.73725,0,0.208,-253.53,false
348,2026-01-29 16:05:00,LONG,25996.75,25919.66825,0,0.189,-156.16,false
354,2026-01-29 16:05:00,LONG,25996.75,25919.66425,0,0.189,-156.17,false
357,2026-01-29 16:05:00,LONG,25996.75,25919.6335,0,0.189,-156.23,false
377,2026-01-29 16:05:00,LONG,25996.75,25919.47825,0,0.189,-156.54,false
377,2026-01-29 18:10:00,SHORT,25908,26016.02175,2,0.084,-218.04,false
354,2026-01-29 18:20:00,SHORT,25958.25,26015.83575,2,0.251,123.36,true
354,2026-01-29 18:40:00,LONG,26003.25,25877.41425,0,0.029,-253.67,false
377,2026-01-29 18:40:00,LONG,26003.25,25877.22825,0,0.029,-254.04,false
354,2026-01-29 19:20:00,SHORT,25935.25,25996.33575,1,2.511,123.36,true
377,2026-01-29 19:20:00,SHORT,25935.25,25996.52175,1,2.511,123.36,true
357,2026-01-29 19:25:00,SHORT,25926.25,25976.8665,5,0.010,-103.23,false
348,2026-01-29 20:10:00,SHORT,25905,25950.08175,4,2.410,123.36,true
344,2026-01-29 20:20:00,SHORT,25892,25939.01275,5,0.806,123.36,true
343,2026-01-29 20:25:00,SHORT,25886,25929.51275,5,0.786,123.36,true
356,2026-01-29 20:30:00,SHORT,25871.25,25929.6165,4,0.737,123.36,true
342,2026-01-29 20:35:00,SHORT,25841.25,25914.51275,2,0.637,123.36,true
341,2026-01-29 20:40:00,SHORT,25823.5,25914.51275,1,0.578,123.36,true
308,2026-01-29 20:45:00,SHORT,25828.75,25895.918,0,0.308,123.36,true
309,2026-01-29 20:45:00,SHORT,25828.75,25895.918,0,0.308,123.36,true
347,2026-01-29 20:45:00,SHORT,25828.75,25893.33175,2,0.308,123.36,true
346,2026-01-29 21:10:00,SHORT,25823.25,25871.83175,4,0.290,123.36,true
363,2026-01-29 21:10:00,SHORT,25823.25,25871.33525,6,0.290,123.36,true
307,2026-01-29 21:20:00,SHORT,25771.25,25874.418,7,0.117,-208.34,false
339,2026-01-29 21:20:00,SHORT,25771.25,25871.897,6,0.117,-203.29,false
338,2026-01-29 21:25:00,SHORT,25751.5,25852.147,1,0.052,-203.29,false
345,2026-01-29 21:25:00,SHORT,25751.5,25871.58175,3,0.052,-242.16,false
316,2026-01-29 21:30:00,SHORT,25764,25850.0035,2,0.000,-174.01,false
340,2026-01-29 21:30:00,SHORT,25764,25847.51275,2,0.000,-169.03,false
360,2026-01-29 21:35:00,SHORT,25780.75,25809.8545,1,0.037,-60.21,false
316,2026-01-29 22:00:00,LONG,25862.5,25772.9965,1,0.111,-181.01,false
360,2026-01-29 22:00:00,LONG,25862.5,25764.3955,0,0.111,-198.21,false
338,2026-01-29 22:05:00,LONG,25884.5,25784.353,0,0.038,-202.29,false
340,2026-01-29 22:05:00,LONG,25884.5,25784.48725,1,0.038,-202.03,false
345,2026-01-29 22:05:00,LONG,25884.5,25784.41825,0,0.038,-202.16,false
307,2026-01-29 22:10:00,LONG,25855.5,25817.082,0,0.135,-78.84,false
339,2026-01-29 22:10:00,LONG,25855.5,25819.603,0,0.135,-73.79,false
346,2026-01-29 23:15:00,LONG,25894.5,25837.91825,2,0.005,-115.16,false
363,2026-01-29 23:15:00,LONG,25894.5,25832.66475,1,0.005,-125.67,false
308,2026-01-29 23:20:00,LONG,25887,25841.332,7,0.030,-93.34,false
309,2026-01-29 23:20:00,LONG,25887,25835.332,6,0.030,-105.34,false
347,2026-01-29 23:20:00,LONG,25887,25843.91825,3,0.030,-88.16,false
347,2026-01-30 00:20:00,SHORT,25866,25894.33175,1,0.719,123.36,true
309,2026-01-30 00:40:00,SHORT,25847.5,25889.418,2,0.658,123.36,true
308,2026-01-30 00:50:00,SHORT,25845,25894.918,2,0.649,123.36,true
346,2026-01-30 01:00:00,SHORT,25816.5,25879.08175,2,0.555,123.36,true
363,2026-01-30 01:00:00,SHORT,25816.5,25869.83525,3,0.555,123.36,true
307,2026-01-30 01:05:00,SHORT,25822.25,25861.918,8,0.574,123.36,true
339,2026-01-30 01:05:00,SHORT,25822.25,25859.397,5,0.574,123.36,true
345,2026-01-30 01:20:00,SHORT,25790,25843.83175,0,0.466,123.36,true
316,2026-01-30 01:25:00,SHORT,25787.25,25830.0035,0,0.457,123.36,true
338,2026-01-30 01:25:00,SHORT,25787.25,25827.647,1,0.457,123.36,true
340,2026-01-30 01:25:00,SHORT,25787.25,25827.51275,0,0.457,123.36,true
360,2026-01-30 02:25:00,SHORT,25762,25809.1045,2,0.373,123.36,true
311,2026-01-30 02:35:00,SHORT,25736.25,25811.74975,6,0.288,123.36,true
286,2026-01-30 02:45:00,SHORT,25740.25,25801.54025,7,0.301,123.36,true
303,2026-01-30 02:45:00,SHORT,25740.25,25788.14525,7,0.194,-97.79,false
376,2026-01-30 02:45:00,SHORT,25740.25,25785.3905,3,0.194,-92.28,false
302,2026-01-30 03:00:00,SHORT,25726.75,25783.64525,2,0.149,-115.79,false
350,2026-01-30 03:00:00,SHORT,25726.75,25780.834,3,0.149,-110.17,false
302,2026-01-30 03:55:00,LONG,25768.75,25701.10475,1,0.060,-137.29,false
350,2026-01-30 04:00:00,LONG,25773.25,25710.666,1,0.045,-127.17,false
376,2026-01-30 04:00:00,LONG,25773.25,25710.6095,3,0.045,-127.28,false
302,2026-01-30 04:20:00,SHORT,25705.5,25794.89525,0,0.185,-180.79,false
350,2026-01-30 04:20:00,SHORT,25705.5,25792.084,0,0.185,-175.17,false
376,2026-01-30 04:20:00,SHORT,25705.5,25792.1405,0,0.185,-175.28,false
289,2026-01-30 04:30:00,SHORT,25708,25762.65775,7,0.194,-111.32,false
306,2026-01-30 04:30:00,SHORT,25708,25762.168,6,0.194,-110.34,false
355,2026-01-30 04:30:00,SHORT,25708,25759.672,4,0.194,-105.34,false
349,2026-01-30 04:55:00,SHORT,25696.75,25736.334,6,0.009,-81.17,false
289,2026-01-30 05:20:00,LONG,25745.75,25674.34225,1,0.646,123.36,true
349,2026-01-30 05:20:00,LONG,25745.75,25688.666,0,0.646,123.36,true
306,2026-01-30 05:40:00,LONG,25774.5,25699.832,2,0.550,123.36,true
355,2026-01-30 05:40:00,LONG,25774.5,25702.328,2,0.550,123.36,true
302,2026-01-30 05:45:00,LONG,25776.25,25719.10475,3,0.545,123.36,true
350,2026-01-30 05:45:00,LONG,25776.25,25721.916,3,0.545,123.36,true
376,2026-01-30 05:45:00,LONG,25776.25,25721.8595,1,0.545,123.36,true
303,2026-01-30 05:50:00,LONG,25772.75,25719.10475,2,0.556,123.36,true
286,2026-01-30 06:15:00,LONG,25794.25,25755.20975,3,0.369,123.36,true
311,2026-01-30 06:20:00,LONG,25817,25756.00025,3,0.293,123.36,true
316,2026-01-30 06:30:00,LONG,25840.25,25780.2465,6,0.216,123.36,true
360,2026-01-30 06:30:00,LONG,25840.25,25758.6455,4,0.216,123.36,true
340,2026-01-30 06:35:00,LONG,25839.25,25788.98725,4,0.020,-102.53,false
338,2026-01-30 06:40:00,LONG,25830,25788.103,1,0.017,-85.79,false
345,2026-01-30 06:40:00,LONG,25830,25788.91825,0,0.017,-84.16,false
307,2026-01-30 07:05:00,LONG,25862,25789.082,1,0.109,-147.84,false
339,2026-01-30 07:05:00,LONG,25862,25791.603,1,0.109,-142.79,false
346,2026-01-30 07:05:00,LONG,25862,25791.66825,0,0.109,-142.66,false
363,2026-01-30 07:05:00,LONG,25862,25792.16475,0,0.109,-141.67,false
346,2026-01-30 08:45:00,SHORT,25822.5,25880.83175,5,0.057,-118.66,false
363,2026-01-30 08:45:00,SHORT,25822.5,25880.33525,3,0.057,-117.67,false
307,2026-01-30 08:55:00,SHORT,25826.25,25883.418,2,0.069,-116.34,false
339,2026-01-30 08:55:00,SHORT,25826.25,25880.897,3,0.069,-111.29,false
307,2026-01-30 09:45:00,LONG,25892,25805.582,3,0.126,-174.84,false
339,2026-01-30 09:45:00,LONG,25892,25808.103,3,0.126,-169.79,false
346,2026-01-30 09:45:00,LONG,25892,25808.16825,0,0.126,-169.66,false
363,2026-01-30 09:45:00,LONG,25892,25808.66475,2,0.126,-168.67,false
308,2026-01-30 10:15:00,LONG,25891.25,25802.332,5,0.067,-179.84,false
309,2026-01-30 10:15:00,LONG,25891.25,25802.332,6,0.067,-179.84,false
347,2026-01-30 10:15:00,LONG,25891.25,25804.91825,11,0.067,-174.66,false
308,2026-01-30 11:05:00,SHORT,25826.25,25921.668,2,2.148,123.36,true
309,2026-01-30 11:05:00,SHORT,25826.25,25921.668,2,2.148,123.36,true
346,2026-01-30 11:05:00,SHORT,25826.25,25919.08175,3,2.148,123.36,true
347,2026-01-30 11:05:00,SHORT,25826.25,25919.08175,1,2.148,123.36,true
363,2026-01-30 11:05:00,SHORT,25826.25,25918.58525,2,2.148,123.36,true
307,2026-01-30 11:10:00,SHORT,25832.5,25921.668,2,2.169,123.36,true
339,2026-01-30 11:10:00,SHORT,25832.5,25919.147,2,2.169,123.36,true
338,2026-01-30 11:25:00,SHORT,25799,25856.147,9,0.050,-116.29,false
345,2026-01-30 11:30:00,SHORT,25787.25,25839.08175,10,0.011,-105.66,false
340,2026-01-30 12:00:00,SHORT,25716.5,25865.26275,8,1.783,123.36,true
286,2026-01-30 12:05:00,SHORT,25699.5,25816.54025,4,1.727,123.36,true
311,2026-01-30 12:05:00,SHORT,25699.5,25815.74975,5,1.727,123.36,true
316,2026-01-30 12:05:00,SHORT,25699.5,25867.7535,7,1.727,123.36,true
360,2026-01-30 12:05:00,SHORT,25699.5,25843.3545,5,1.727,123.36,true
302,2026-01-30 12:10:00,SHORT,25703,25805.39525,0,1.738,123.36,true
303,2026-01-30 12:10:00,SHORT,25703,25816.14525,3,1.738,123.36,true
350,2026-01-30 12:10:00,SHORT,25703,25802.584,0,1.738,123.36,true
376,2026-01-30 12:10:00,SHORT,25703,25802.6405,2,1.738,123.36,true
306,2026-01-30 12:15:00,SHORT,25709.75,25770.918,0,0.014,-124.34,false
355,2026-01-30 12:15:00,SHORT,25709.75,25768.422,0,0.014,-119.34,false
355,2026-01-30 12:35:00,LONG,25734.75,25700.078,0,0.130,-71.34,false
289,2026-01-30 13:05:00,SHORT,25685.75,25782.15775,3,1.681,123.36,true
291,2026-01-30 13:05:00,SHORT,25685.75,25759.63925,10,0.389,123.36,true
349,2026-01-30 13:05:00,SHORT,25685.75,25756.584,2,0.389,123.36,true
355,2026-01-30 13:05:00,SHORT,25685.75,25756.672,1,0.389,123.36,true
321,2026-01-30 13:20:00,SHORT,25618.5,25743.822,9,0.071,-252.64,false
296,2026-01-30 13:40:00,SHORT,25624,25697.14175,3,0.012,-148.28,false
325,2026-01-30 13:40:00,SHORT,25624,25696.58075,4,0.012,-147.16,false
296,2026-01-30 14:00:00,LONG,25750.5,25611.85825,0,0.103,-279.28,false
325,2026-01-30 14:00:00,LONG,25750.5,25612.41925,0,0.103,-278.16,false
289,2026-01-30 14:05:00,LONG,25757.5,25662.34225,0,0.022,-192.32,false
291,2026-01-30 14:05:00,LONG,25757.5,25662.36075,0,0.022,-192.28,false
321,2026-01-30 14:05:00,LONG,25757.5,25662.928,1,0.022,-191.14,false
349,2026-01-30 14:05:00,LONG,25757.5,25665.416,0,0.022,-186.17,false
355,2026-01-30 14:05:00,LONG,25757.5,25665.328,0,0.022,-186.34,false
306,2026-01-30 14:10:00,LONG,25744,25700.332,2,0.063,-89.34,false
306,2026-01-30 14:45:00,SHORT,25665.25,25770.918,1,1.613,123.36,true
355,2026-01-30 14:45:00,SHORT,25665.25,25768.422,1,1.613,123.36,true
289,2026-01-30 15:05:00,SHORT,25638.75,25744.65775,2,1.525,123.36,true
349,2026-01-30 15:05:00,SHORT,25638.75,25741.584,1,1.525,123.36,true
291,2026-01-30 15:10:00,SHORT,25616.5,25732.88925,2,1.451,123.36,true
321,2026-01-30 15:10:00,SHORT,25616.5,25732.322,2,1.451,123.36,true
325,2026-01-30 15:10:00,SHORT,25616.5,25732.33075,2,1.451,123.36,true
295,2026-01-30 15:15:00,SHORT,25595.5,25732.89175,3,1.381,123.36,true
296,2026-01-30 15:15:00,SHORT,25595.5,25732.89175,2,1.381,123.36,true
305,2026-01-30 15:15:00,SHORT,25595.5,25732.418,4,1.381,123.36,true
294,2026-01-30 15:20:00,SHORT,25591.25,25670.14175,2,0.067,-159.78,false
315,2026-01-30 15:20:00,SHORT,25591.25,25669.5035,2,0.067,-158.51,false
293,2026-01-30 15:25:00,SHORT,25596,25654.64175,3,0.017,-119.28,false
326,2026-01-30 15:25:00,SHORT,25596,25669.31125,3,0.017,-148.62,false
293,2026-01-30 15:45:00,LONG,25714.5,25582.60825,0,0.057,-265.78,false
326,2026-01-30 15:50:00,LONG,25657.5,25583.43875,0,0.165,-150.12,false
294,2026-01-30 15:55:00,LONG,25675,25604.10825,1,0.106,-143.78,false
315,2026-01-30 15:55:00,LONG,25675,25604.7465,1,0.106,-142.51,false
294,2026-02-01 18:10:00,SHORT,25442,25658.39175,2,0.895,119.87,true
315,2026-02-01 18:10:00,SHORT,25442,25664.5035,2,0.895,119.87,true
125,2026-02-01 18:15:00,SHORT,25420.75,25541.1945,4,0.161,-242.89,false
126,2026-02-01 18:15:00,SHORT,25420.75,25541.1945,6,0.161,-242.89,false
127,2026-02-01 18:15:00,SHORT,25420.75,25541.1945,7,0.161,-242.89,false
131,2026-02-01 18:15:00,SHORT,25420.75,25541.40375,4,0.161,-243.31,false
132,2026-02-01 18:15:00,SHORT,25420.75,25541.387,2,0.161,-243.27,false
138,2026-02-01 18:15:00,SHORT,25420.75,25541.33575,8,0.161,-243.17,false
165,2026-02-01 18:15:00,SHORT,25420.75,25543.1785,4,0.161,-246.86,false
166,2026-02-01 18:15:00,SHORT,25420.75,25543.1785,2,0.161,-246.86,false
169,2026-02-01 18:15:00,SHORT,25420.75,25543.557,2,0.161,-247.61,false
224,2026-02-01 18:15:00,SHORT,25420.75,25544.24825,7,0.161,-249.00,false
246,2026-02-01 18:15:00,SHORT,25420.75,25543.5215,4,0.161,-247.54,false
324,2026-02-01 18:15:00,SHORT,25420.75,25545.08075,8,0.161,-250.66,false
336,2026-02-01 18:15:00,SHORT,25420.75,25543.298,3,0.161,-247.10,false
352,2026-02-01 18:15:00,SHORT,25420.75,25542.415,4,0.161,-245.33,false
290,2026-02-01 18:25:00,SHORT,25433.75,25545.63925,3,0.052,-225.78,false
125,2026-02-01 18:45:00,LONG,25544,25414.5555,0,0.348,119.87,true
126,2026-02-01 18:45:00,LONG,25544,25414.5555,0,0.348,119.87,true
224,2026-02-01 18:45:00,LONG,25544,25411.50175,0,0.348,119.87,true
246,2026-02-01 18:45:00,LONG,25544,25412.2285,0,0.348,119.87,true
290,2026-02-01 18:45:00,LONG,25544,25410.11075,0,0.348,119.87,true
324,2026-02-01 18:45:00,LONG,25544,25410.66925,0,0.348,119.87,true
352,2026-02-01 18:45:00,LONG,25544,25413.335,0,0.348,119.87,true
127,2026-02-01 18:50:00,LONG,25545.5,25485.5555,0,0.343,119.87,true
131,2026-02-01 18:50:00,LONG,25545.5,25485.34625,0,0.343,119.87,true
138,2026-02-01 18:50:00,LONG,25545.5,25485.41425,0,0.343,119.87,true
165,2026-02-01 18:50:00,LONG,25545.5,25483.5715,0,0.343,119.87,true
169,2026-02-01 18:50:00,LONG,25545.5,25483.193,0,0.343,119.87,true
336,2026-02-01 18:50:00,LONG,25545.5,25483.452,0,0.343,119.87,true
132,2026-02-01 19:15:00,LONG,25596.25,25482.863,1,0.169,-228.77,false
166,2026-02-01 19:15:00,LONG,25596.25,25481.0715,1,0.169,-232.36,false
140,2026-02-01 19:20:00,LONG,25614,25493.66425,8,0.109,-242.67,false
300,2026-02-01 19:20:00,LONG,25614,25489.45,7,0.109,-251.10,false
292,2026-02-01 19:25:00,LONG,25612.75,25537.60825,6,0.113,-152.28,false
310,2026-02-01 19:25:00,LONG,25612.75,25538.25025,3,0.113,-151.00,false
293,2026-02-01 19:45:00,LONG,25616.75,25582.60825,1,0.069,-70.28,false
140,2026-02-01 20:20:00,SHORT,25517.75,25633.08575,0,1.154,119.87,true
166,2026-02-01 20:20:00,SHORT,25517.75,25634.9285,0,1.154,119.87,true
292,2026-02-01 20:20:00,SHORT,25517.75,25637.39175,1,1.154,119.87,true
293,2026-02-01 20:20:00,SHORT,25517.75,25637.39175,1,1.154,119.87,true
300,2026-02-01 20:20:00,SHORT,25517.75,25637.3,0,1.154,119.87,true
310,2026-02-01 20:20:00,SHORT,25517.75,25636.74975,1,1.154,119.87,true
132,2026-02-01 20:25:00,SHORT,25526.75,25554.137,0,1.185,119.87,true
169,2026-02-01 20:40:00,SHORT,25449.25,25556.307,1,0.920,119.87,true
127,2026-02-01 20:45:00,SHORT,25425,25535.1945,3,0.837,119.87,true
131,2026-02-01 20:45:00,SHORT,25425,25535.40375,2,0.837,119.87,true
138,2026-02-01 20:45:00,SHORT,25425,25535.33575,2,0.837,119.87,true
165,2026-02-01 20:45:00,SHORT,25425,25537.1785,2,0.837,119.87,true
336,2026-02-01 20:45:00,SHORT,25425,25537.298,2,0.837,119.87,true
324,2026-02-01 20:50:00,SHORT,25442,25539.08075,3,0.895,119.87,true
125,2026-02-01 20:55:00,SHORT,25407.25,25496.9445,2,0.776,119.87,true
126,2026-02-01 20:55:00,SHORT,25407.25,25496.9445,3,0.776,119.87,true
224,2026-02-01 20:55:00,SHORT,25407.25,25499.99825,3,0.776,119.87,true
246,2026-02-01 20:55:00,SHORT,25407.25,25499.2715,1,0.776,119.87,true
352,2026-02-01 20:55:00,SHORT,25407.25,25498.165,1,0.776,119.87,true
290,2026-02-01 21:15:00,SHORT,25406.5,25501.38925,0,0.774,119.87,true
107,2026-02-01 21:55:00,SHORT,25367.75,25450.0925,7,0.641,119.87,true
251,2026-02-01 21:55:00,SHORT,25367.75,25452.584,7,0.641,119.87,true
283,2026-02-01 21:55:00,SHORT,25367.75,25457.52775,5,0.641,119.87,true
244,2026-02-01 22:00:00,SHORT,25375.5,25438.5025,6,0.668,119.87,true
335,2026-02-01 22:00:00,SHORT,25375.5,25438.97375,7,0.668,119.87,true
370,2026-02-01 22:05:00,SHORT,25377.5,25410.01475,3,0.675,119.87,true
374,2026-02-01 22:05:00,SHORT,25377.5,25410.10325,3,0.675,119.87,true
369,2026-02-01 22:20:00,SHORT,25354.75,25388.26475,2,0.597,119.87,true
280,2026-02-01 22:35:00,SHORT,25301.25,25386.77775,0,0.414,119.87,true
362,2026-02-01 22:40:00,SHORT,25298.5,25371.83525,1,0.281,119.87,true
245,2026-02-01 23:05:00,SHORT,25256.75,25327.5215,1,0.133,-143.54,false
368,2026-02-01 23:05:00,SHORT,25256.75,25326.01475,1,0.133,-140.53,false
242,2026-02-01 23:10:00,SHORT,25254,25317.0025,0,0.022,-128.00,false
367,2026-02-01 23:10:00,SHORT,25254,25326.01475,1,0.022,-146.03,false
242,2026-02-01 23:30:00,LONG,25331.5,25241.4975,0,0.152,-182.00,false
245,2026-02-01 23:30:00,LONG,25331.5,25241.2285,0,0.152,-182.54,false
367,2026-02-01 23:30:00,LONG,25331.5,25242.73525,0,0.152,-179.53,false
368,2026-02-01 23:30:00,LONG,25331.5,25242.73525,0,0.152,-179.53,false
362,2026-02-01 23:45:00,LONG,25349.75,25300.16475,0,0.035,-101.17,false
362,2026-02-02 00:15:00,SHORT,25295.75,25353.33525,1,0.395,119.87,true
368,2026-02-02 00:30:00,SHORT,25251.75,25327.01475,0,0.245,119.87,true
245,2026-02-02 00:35:00,SHORT,25266.75,25308.2715,1,0.296,119.87,true
367,2026-02-02 00:35:00,SHORT,25266.75,25306.76475,0,0.296,119.87,true
242,2026-02-02 01:00:00,SHORT,25249.25,25301.2525,0,0.236,119.87,true
361,2026-02-02 01:00:00,SHORT,25249.25,25287.58525,2,0.236,119.87,true
366,2026-02-02 01:20:00,SHORT,25221,25257.51475,6,0.139,-75.03,false
366,2026-02-02 02:10:00,LONG,25277.5,25197.48525,2,2.566,119.87,true
242,2026-02-02 02:15:00,LONG,25277.5,25226.9975,0,2.566,119.87,true
361,2026-02-02 02:15:00,LONG,25277.5,25228.16475,2,2.566,119.87,true
367,2026-02-02 02:30:00,LONG,25290,25228.73525,2,2.524,119.87,true
245,2026-02-02 02:55:00,LONG,25348.5,25248.7285,1,2.324,119.87,true
368,2026-02-02 03:00:00,LONG,25374,25289.48525,3,2.236,119.87,true
362,2026-02-02 03:05:00,LONG,25366.25,25296.66475,0,2.263,119.87,true
280,2026-02-02 03:10:00,LONG,25372.25,25292.72225,1,2.242,119.87,true
369,2026-02-02 03:20:00,LONG,25393.5,25335.73525,2,2.170,119.87,true
370,2026-02-02 03:30:00,LONG,25399.75,25356.98525,2,0.090,-87.53,false
374,2026-02-02 03:40:00,LONG,25405,25356.89675,1,0.072,-98.21,false
244,2026-02-02 04:30:00,LONG,25446.25,25366.9975,2,1.989,119.87,true
251,2026-02-02 04:30:00,LONG,25446.25,25366.416,3,1.989,119.87,true
335,2026-02-02 04:30:00,LONG,25446.25,25366.52625,3,1.989,119.87,true
107,2026-02-02 04:35:00,LONG,25443,25397.4075,2,0.104,-93.18,false
283,2026-02-02 04:35:00,LONG,25443,25392.72225,1,0.104,-102.56,false
107,2026-02-02 05:50:00,SHORT,25414.5,25448.0925,0,0.060,-69.18,false
283,2026-02-02 05:50:00,SHORT,25414.5,25452.77775,2,0.060,-78.56,false
107,2026-02-02 06:20:00,LONG,25428,25398.1575,0,2.052,119.87,true
283,2026-02-02 06:35:00,LONG,25467.25,25393.47225,0,1.917,119.87,true
246,2026-02-02 06:45:00,LONG,25475.5,25419.4785,6,1.889,119.87,true
290,2026-02-02 06:45:00,LONG,25475.5,25417.36075,5,1.889,119.87,true
352,2026-02-02 07:20:00,LONG,25493.5,25440.835,2,1.828,119.87,true
125,2026-02-02 07:25:00,LONG,25509.75,25461.5555,2,0.060,-98.39,false
224,2026-02-02 07:25:00,LONG,25509.75,25458.50175,2,0.060,-104.50,false
126,2026-02-02 07:30:00,LONG,25510.25,25469.8055,2,0.058,-82.89,false
324,2026-02-02 07:35:00,LONG,25508.25,25465.91925,1,0.065,-86.66,false
127,2026-02-02 07:40:00,LONG,25521.25,25489.0555,1,0.021,-66.39,false
127,2026-02-02 08:05:00,SHORT,25481,25514.6945,0,0.080,-69.39,false
324,2026-02-02 08:25:00,SHORT,25478.5,25518.58075,0,0.071,-82.16,false
127,2026-02-02 09:00:00,LONG,25533.5,25489.3055,2,1.691,119.87,true
131,2026-02-02 09:00:00,LONG,25533.5,25489.09625,1,1.691,119.87,true
138,2026-02-02 09:00:00,LONG,25533.5,25489.16425,3,1.691,119.87,true
324,2026-02-02 09:00:00,LONG,25533.5,25449.91925,0,1.691,119.87,true
165,2026-02-02 09:05:00,LONG,25524.75,25493.0715,2,1.721,119.87,true
336,2026-02-02 09:05:00,LONG,25524.75,25487.202,3,1.721,119.87,true
169,2026-02-02 09:35:00,LONG,25697.25,25513.943,2,1.131,119.87,true
132,2026-02-02 09:40:00,LONG,25720,25516.113,2,1.053,119.87,true
166,2026-02-02 09:40:00,LONG,25720,25514.3215,3,1.053,119.87,true
140,2026-02-02 09:45:00,LONG,25745.25,25535.66425,0,0.966,119.87,true
292,2026-02-02 09:45:00,LONG,25745.25,25531.35825,0,0.966,119.87,true
293,2026-02-02 09:45:00,LONG,25745.25,25531.35825,0,0.966,119.87,true
294,2026-02-02 09:45:00,LONG,25745.25,25531.35825,4,0.966,119.87,true
295,2026-02-02 09:45:00,LONG,25745.25,25531.35825,4,0.966,119.87,true
296,2026-02-02 09:45:00,LONG,25745.25,25531.35825,3,0.966,119.87,true
300,2026-02-02 09:45:00,LONG,25745.25,25531.45,0,0.966,119.87,true
305,2026-02-02 09:45:00,LONG,25745.25,25531.832,3,0.966,119.87,true
310,2026-02-02 09:45:00,LONG,25745.25,25532.00025,0,0.966,119.87,true
315,2026-02-02 09:45:00,LONG,25745.25,25531.9965,4,0.966,119.87,true
326,2026-02-02 09:45:00,LONG,25745.25,25532.18875,3,0.966,119.87,true
291,2026-02-02 09:50:00,LONG,25776.5,25611.11075,2,0.859,119.87,true
321,2026-02-02 09:50:00,LONG,25776.5,25611.678,2,0.859,119.87,true
325,2026-02-02 09:50:00,LONG,25776.5,25611.66925,3,0.859,119.87,true
349,2026-02-02 09:50:00,LONG,25776.5,25614.166,2,0.859,119.87,true
289,2026-02-02 09:55:00,LONG,25749.25,25611.09225,1,0.953,119.87,true
302,2026-02-02 09:55:00,LONG,25749.25,25674.85475,5,0.953,119.87,true
306,2026-02-02 09:55:00,LONG,25749.25,25675.082,2,0.953,119.87,true
355,2026-02-02 09:55:00,LONG,25749.25,25677.578,2,0.953,119.87,true
350,2026-02-02 10:00:00,LONG,25797,25692.916,5,0.789,119.87,true
376,2026-02-02 10:10:00,LONG,25874.25,25692.8595,5,0.525,119.87,true
286,2026-02-02 10:15:00,LONG,25903.5,25724.45975,5,0.425,119.87,true
303,2026-02-02 10:15:00,LONG,25903.5,25724.85475,7,0.425,119.87,true
311,2026-02-02 10:15:00,LONG,25903.5,25725.25025,3,0.425,119.87,true
316,2026-02-02 10:15:00,LONG,25903.5,25725.2465,2,0.425,119.87,true
360,2026-02-02 10:15:00,LONG,25903.5,25727.8955,2,0.425,119.87,true
338,2026-02-02 10:20:00,LONG,25893.5,25784.103,1,0.459,119.87,true
340,2026-02-02 10:20:00,LONG,25893.5,25784.23725,1,0.459,119.87,true
345,2026-02-02 10:20:00,LONG,25893.5,25784.16825,1,0.459,119.87,true
393,2026-02-02 10:20:00,LONG,25893.5,25783.65325,0,0.459,119.87,true
307,2026-02-02 10:25:00,LONG,25866,25809.082,2,0.139,-115.84,false
339,2026-02-02 10:25:00,LONG,25866,25811.603,1,0.139,-110.79,false
346,2026-02-02 10:25:00,LONG,25866,25811.66825,2,0.139,-110.66,false
363,2026-02-02 10:25:00,LONG,25866,25812.16475,2,0.139,-109.67,false
308,2026-02-02 10:40:00,LONG,25874,25809.082,1,0.004,-131.84,false
308,2026-02-02 11:00:00,SHORT,25821.75,25883.168,0,0.064,-124.84,false
346,2026-02-02 11:05:00,SHORT,25848,25880.58175,1,0.022,-67.16,false
346,2026-02-02 11:25:00,LONG,25893,25836.16825,0,0.025,-115.66,false
308,2026-02-02 11:30:00,LONG,25894.25,25839.832,0,0.021,-110.84,false
309,2026-02-02 11:30:00,LONG,25894.25,25839.832,2,0.021,-110.84,false
341,2026-02-02 12:05:00,LONG,25917.75,25843.98725,19,0.109,-149.53,false
347,2026-02-02 12:05:00,LONG,25917.75,25843.91825,4,0.109,-149.66,false
342,2026-02-02 12:10:00,LONG,25905.25,25870.98725,17,0.151,-70.53,false
356,2026-02-02 12:25:00,LONG,25915.5,25870.8835,11,0.116,-91.23,false
343,2026-02-02 13:00:00,LONG,25934.75,25870.98725,9,0.050,-129.53,false
344,2026-02-02 13:10:00,LONG,25925.5,25902.73725,7,0.010,-47.53,false
344,2026-02-02 13:35:00,SHORT,25911,25933.76275,0,0.012,-47.53,false
344,2026-02-02 13:55:00,LONG,25941.75,25902.23725,0,0.011,-81.03,false
348,2026-02-02 14:05:00,LONG,25939.25,25902.16825,7,0.005,-76.16,false
348,2026-02-02 14:35:00,SHORT,25900.5,25946.08175,0,0.269,119.87,true
344,2026-02-02 14:40:00,SHORT,25906.25,25939.01275,0,0.289,119.87,true
343,2026-02-02 14:55:00,SHORT,25847,25927.51275,2,0.086,-163.03,false
356,2026-02-02 14:55:00,SHORT,25847,25927.6165,6,0.086,-163.23,false
341,2026-02-02 15:35:00,SHORT,25852.25,25905.26275,1,0.070,-108.03,false
342,2026-02-02 15:35:00,SHORT,25852.25,25916.76275,0,0.070,-131.03,false
309,2026-02-02 15:40:00,SHORT,25848.5,25898.168,3,0.057,-101.34,false
347,2026-02-02 15:40:00,SHORT,25848.5,25895.58175,2,0.057,-96.16,false
308,2026-02-02 15:45:00,SHORT,25848.25,25898.168,3,0.056,-101.84,false
346,2026-02-02 15:50:00,SHORT,25847.25,25872.83175,3,0.039,-53.16,false
308,2026-02-02 16:15:00,LONG,25876.25,25827.832,1,0.518,119.87,true
346,2026-02-02 16:15:00,LONG,25876.25,25830.41825,0,0.518,119.87,true
309,2026-02-02 16:20:00,LONG,25883,25846.332,2,0.495,119.87,true
341,2026-02-02 18:10:00,LONG,25916.5,25860.73725,3,0.366,124.88,true
347,2026-02-02 18:10:00,LONG,25916.5,25860.66825,2,0.366,124.88,true
342,2026-02-02 18:15:00,LONG,25926.75,25861.23725,3,0.332,124.88,true
356,2026-02-02 18:15:00,LONG,25926.75,25861.1335,1,0.332,124.88,true
343,2026-02-02 18:25:00,LONG,25938.25,25896.73725,0,0.294,124.88,true
344,2026-02-02 18:25:00,LONG,25938.25,25896.73725,0,0.294,124.88,true
348,2026-02-02 18:35:00,LONG,25974.75,25912.91825,1,0.053,-125.66,false
394,2026-02-02 18:40:00,LONG,25961.25,25915.90325,7,0.024,-92.69,false
357,2026-02-02 19:30:00,LONG,25969.5,25930.1335,5,0.070,-80.73,false
354,2026-02-02 19:35:00,LONG,25972.25,25944.41425,2,0.002,-57.67,false
354,2026-02-02 19:55:00,SHORT,25953,25978.08575,0,0.003,-52.17,false
354,2026-02-02 20:20:00,LONG,25978.75,25946.66425,0,0.000,-66.17,false
354,2026-02-02 21:10:00,SHORT,25924.5,25980.83575,1,0.079,-114.67,false
357,2026-02-02 21:30:00,SHORT,25919.75,25965.3665,2,0.063,-93.23,false
348,2026-02-02 21:35:00,SHORT,25910.5,25957.33175,2,0.033,-95.66,false
394,2026-02-02 21:35:00,SHORT,25910.5,25957.84675,3,0.033,-96.69,false
348,2026-02-02 22:45:00,LONG,25956,25907.66825,2,0.236,124.88,true
394,2026-02-02 22:50:00,LONG,25954.75,25920.90325,2,0.240,124.88,true
357,2026-02-02 23:10:00,LONG,25963,25929.1335,1,0.213,124.88,true
354,2026-02-02 23:40:00,LONG,25979.5,25947.66425,2,0.159,-65.67,false
377,2026-02-03 01:20:00,LONG,25995.5,25966.72825,6,0.106,-59.54,false
351,2026-02-03 02:45:00,LONG,26024,25978.166,11,0.012,-93.67,false
351,2026-02-03 03:45:00,SHORT,25981.25,26009.834,1,5.722,124.88,true
377,2026-02-03 04:30:00,SHORT,25975,25996.52175,7,0.169,-45.04,false
354,2026-02-03 05:45:00,SHORT,25953.5,25980.33575,6,0.099,-55.67,false
354,2026-02-03 07:25:00,LONG,25986.25,25929.41425,6,0.057,-115.67,false
377,2026-02-03 08:15:00,LONG,25995.25,25958.97825,3,0.014,-74.54,false
377,2026-02-03 09:00:00,SHORT,25969.75,26005.02175,1,5.684,124.88,true
354,2026-02-03 09:20:00,SHORT,25942,25974.33575,1,5.593,124.88,true
357,2026-02-03 09:25:00,SHORT,25934,25974.3665,4,5.567,124.88,true
394,2026-02-03 09:35:00,SHORT,25820.75,25962.84675,4,5.195,124.88,true
348,2026-02-03 09:40:00,SHORT,25752.75,25958.08175,2,4.971,124.88,true
307,2026-02-03 09:45:00,SHORT,25799.75,25960.168,8,5.126,124.88,true
308,2026-02-03 09:45:00,SHORT,25799.75,25960.168,3,5.126,124.88,true
309,2026-02-03 09:45:00,SHORT,25799.75,25960.168,2,5.126,124.88,true
339,2026-02-03 09:45:00,SHORT,25799.75,25957.647,8,5.126,124.88,true
341,2026-02-03 09:45:00,SHORT,25799.75,25957.51275,0,5.126,124.88,true
342,2026-02-03 09:45:00,SHORT,25799.75,25957.51275,0,5.126,124.88,true
343,2026-02-03 09:45:00,SHORT,25799.75,25957.51275,3,5.126,124.88,true
344,2026-02-03 09:45:00,SHORT,25799.75,25957.51275,6,5.126,124.88,true
346,2026-02-03 09:45:00,SHORT,25799.75,25957.58175,0,5.126,124.88,true
347,2026-02-03 09:45:00,SHORT,25799.75,25957.58175,0,5.126,124.88,true
356,2026-02-03 09:45:00,SHORT,25799.75,25957.6165,2,5.126,124.88,true
363,2026-02-03 09:45:00,SHORT,25799.75,25957.08525,7,5.126,124.88,true
393,2026-02-03 09:45:00,SHORT,25799.75,25958.09675,6,5.126,124.88,true
338,2026-02-03 09:50:00,SHORT,25720.25,25898.647,2,4.864,124.88,true
345,2026-02-03 09:50:00,SHORT,25720.25,25898.58175,2,4.864,124.88,true
316,2026-02-03 10:00:00,SHORT,25609.5,25847.5035,1,4.501,124.88,true
340,2026-02-03 10:00:00,SHORT,25609.5,25845.01275,1,4.501,124.88,true
286,2026-02-03 10:05:00,SHORT,25604.25,25808.04025,1,4.483,124.88,true
289,2026-02-03 10:05:00,SHORT,25604.25,25807.90775,0,4.483,124.88,true
302,2026-02-03 10:05:00,SHORT,25604.25,25807.64525,2,4.483,124.88,true
303,2026-02-03 10:05:00,SHORT,25604.25,25807.64525,1,4.483,124.88,true
306,2026-02-03 10:05:00,SHORT,25604.25,25807.418,2,4.483,124.88,true
311,2026-02-03 10:05:00,SHORT,25604.25,25807.24975,1,4.483,124.88,true
350,2026-02-03 10:05:00,SHORT,25604.25,25804.834,1,4.483,124.88,true
355,2026-02-03 10:05:00,SHORT,25604.25,25804.922,1,4.483,124.88,true
360,2026-02-03 10:05:00,SHORT,25604.25,25804.6045,1,4.483,124.88,true
376,2026-02-03 10:05:00,SHORT,25604.25,25804.8905,1,4.483,124.88,true
291,2026-02-03 10:10:00,SHORT,25554,25736.88925,0,4.318,124.88,true
294,2026-02-03 10:10:00,SHORT,25554,25736.89175,0,4.318,124.88,true
295,2026-02-03 10:10:00,SHORT,25554,25736.89175,0,4.318,124.88,true
296,2026-02-03 10:10:00,SHORT,25554,25736.89175,0,4.318,124.88,true
305,2026-02-03 10:10:00,SHORT,25554,25736.418,0,4.318,124.88,true
315,2026-02-03 10:10:00,SHORT,25554,25736.2535,0,4.318,124.88,true
321,2026-02-03 10:10:00,SHORT,25554,25736.322,0,4.318,124.88,true
325,2026-02-03 10:10:00,SHORT,25554,25736.33075,0,4.318,124.88,true
349,2026-02-03 10:10:00,SHORT,25554,25733.834,0,4.318,124.88,true
326,2026-02-03 10:15:00,SHORT,25574.75,25736.06125,0,4.386,124.88,true
293,2026-02-03 10:20:00,SHORT,25479.75,25655.14175,0,4.074,124.88,true
310,2026-02-03 10:25:00,SHORT,25546,25618.49975,1,0.212,124.88,true
292,2026-02-03 10:30:00,SHORT,25501,25619.14175,1,0.064,-238.28,false
140,2026-02-03 10:35:00,SHORT,25547.5,25609.08575,2,0.164,-125.17,false
300,2026-02-03 10:35:00,SHORT,25547.5,25613.3,1,0.164,-133.60,false
300,2026-02-03 10:55:00,LONG,25617.5,25489.2,0,0.007,-258.60,false
300,2026-02-03 11:30:00,SHORT,25514.75,25597.55,0,4.189,124.88,true
132,2026-02-03 11:35:00,SHORT,25509,25563.637,5,4.170,124.88,true
166,2026-02-03 11:35:00,SHORT,25509,25565.4285,3,4.170,124.88,true
169,2026-02-03 11:35:00,SHORT,25509,25565.807,5,4.170,124.88,true
165,2026-02-03 11:45:00,SHORT,25510.75,25565.4285,5,4.176,124.88,true
131,2026-02-03 12:00:00,SHORT,25490.25,25538.40375,4,4.109,124.88,true
336,2026-02-03 12:00:00,SHORT,25490.25,25565.548,5,4.109,124.88,true
138,2026-02-03 12:05:00,SHORT,25493.75,25525.33575,5,4.120,124.88,true
127,2026-02-03 12:10:00,SHORT,25419.25,25525.1945,6,3.875,124.88,true
126,2026-02-03 12:20:00,SHORT,25451,25506.4445,7,0.762,124.88,true
224,2026-02-03 12:20:00,SHORT,25451,25509.49825,7,0.762,124.88,true
324,2026-02-03 12:20:00,SHORT,25451,25529.08075,6,3.980,124.88,true
352,2026-02-03 12:20:00,SHORT,25451,25507.665,6,0.762,124.88,true
125,2026-02-03 12:25:00,SHORT,25415,25506.4445,9,0.644,124.88,true
246,2026-02-03 12:25:00,SHORT,25415,25508.7715,3,0.644,124.88,true
290,2026-02-03 12:35:00,SHORT,25375.25,25510.88925,1,0.513,124.88,true
107,2026-02-03 12:40:00,SHORT,25358,25470.0925,1,0.457,124.88,true
251,2026-02-03 12:40:00,SHORT,25358,25472.584,3,0.457,124.88,true
283,2026-02-03 12:40:00,SHORT,25358,25474.77775,1,0.457,124.88,true
335,2026-02-03 12:40:00,SHORT,25358,25472.47375,2,0.457,124.88,true
244,2026-02-03 12:45:00,SHORT,25391,25427.7525,4,0.565,124.88,true
370,2026-02-03 13:25:00,SHORT,25331.75,25401.26475,4,0.370,124.88,true
374,2026-02-03 13:25:00,SHORT,25331.75,25401.35325,4,0.370,124.88,true
395,2026-02-03 13:25:00,SHORT,25331.75,25402.587,3,0.370,124.88,true
369,2026-02-03 13:30:00,SHORT,25309,25401.26475,3,0.296,124.88,true
280,2026-02-03 13:35:00,SHORT,25320,25374.77775,3,0.332,124.88,true
362,2026-02-03 13:40:00,SHORT,25290.25,25370.83525,1,0.234,124.88,true
368,2026-02-03 13:55:00,SHORT,25245.5,25324.01475,1,0.087,-159.03,false
245,2026-02-03 14:00:00,SHORT,25232,25325.5215,1,0.043,-189.04,false
242,2026-02-03 14:05:00,SHORT,25230.75,25296.0025,0,0.013,-132.50,false
367,2026-02-03 14:05:00,SHORT,25230.75,25294.76475,2,0.013,-130.03,false
242,2026-02-03 14:25:00,LONG,25295.25,25220.7475,0,0.720,124.88,true
367,2026-02-03 14:25:00,LONG,25295.25,25221.98525,0,0.720,124.88,true
245,2026-02-03 15:20:00,LONG,25326.5,25263.2285,2,0.617,124.88,true
368,2026-02-03 15:20:00,LONG,25326.5,25264.73525,3,0.617,124.88,true
280,2026-02-03 15:40:00,LONG,25392.25,25316.72225,1,0.401,124.88,true
362,2026-02-03 15:40:00,LONG,25392.25,25320.66475,4,0.401,124.88,true
369,2026-02-03 15:45:00,LONG,25410.25,25324.48525,0,0.342,124.88,true
370,2026-02-03 15:45:00,LONG,25410.25,25324.48525,0,0.342,124.88,true
395,2026-02-03 15:45:00,LONG,25410.25,25323.163,0,0.342,124.88,true
374,2026-02-03 15:55:00,LONG,25445.5,25324.39675,0,0.226,124.88,true
244,2026-02-03 16:00:00,LONG,25468.5,25379.7475,3,0.028,-179.50,false
335,2026-02-03 16:00:00,LONG,25468.5,25379.27625,4,0.028,-180.45,false
107,2026-02-03 16:05:00,LONG,25449,25392.4075,3,0.092,-115.18,false
251,2026-02-03 16:05:00,LONG,25449,25379.166,3,0.092,-141.67,false
283,2026-02-03 16:05:00,LONG,25449,25387.72225,3,0.092,-124.56,false
107,2026-02-03 16:40:00,SHORT,25414.75,25481.0925,0,0.173,-134.68,false
283,2026-02-03 16:40:00,SHORT,25414.75,25485.77775,0,0.173,-144.06,false
251,2026-02-03 18:35:00,SHORT,25397.75,25433.334,2,0.026,-73.17,false
335,2026-02-03 18:35:00,SHORT,25397.75,25433.22375,3,0.026,-72.95,false
244,2026-02-03 19:55:00,SHORT,25376.5,25422.2525,9,0.000,-93.50,false
244,2026-02-03 20:15:00,LONG,25440,25371.4975,0,0.225,135.37,true
251,2026-02-03 20:20:00,LONG,25448,25370.916,4,0.201,-156.17,false
335,2026-02-03 20:20:00,LONG,25448,25371.02625,2,0.201,-155.95,false
107,2026-02-03 20:25:00,LONG,25444.75,25412.1575,10,0.088,-67.18,false
283,2026-02-03 20:25:00,LONG,25444.75,25407.47225,8,0.088,-76.56,false
107,2026-02-03 22:00:00,SHORT,25406.5,25441.3425,2,0.010,-71.68,false
283,2026-02-03 22:00:00,SHORT,25406.5,25451.52775,1,0.010,-92.06,false
107,2026-02-03 22:40:00,LONG,25431,25403.9075,1,0.253,135.37,true
283,2026-02-04 01:05:00,LONG,25448,25407.22225,3,0.201,-83.56,false
290,2026-02-04 01:35:00,LONG,25471.25,25419.86075,15,0.130,-104.78,false
246,2026-02-04 01:45:00,LONG,25487.25,25430.7285,7,0.082,-115.04,false
352,2026-02-04 01:50:00,LONG,25476.25,25456.335,4,0.115,-41.83,false
125,2026-02-04 02:20:00,LONG,25497.5,25465.3055,2,0.051,-66.39,false
126,2026-02-04 02:30:00,LONG,25490.75,25467.5555,1,0.071,-48.39,false
224,2026-02-04 02:30:00,LONG,25490.75,25462.25175,2,0.071,-59.00,false
324,2026-02-04 02:45:00,LONG,25505.25,25466.91925,1,0.027,-78.66,false
127,2026-02-04 02:50:00,LONG,25508.75,25485.8055,1,0.010,-47.89,false
127,2026-02-04 03:10:00,SHORT,25493.5,25515.9445,0,3.805,135.37,true
324,2026-02-04 03:25:00,SHORT,25412.75,25519.83075,0,3.560,135.37,true
125,2026-02-04 03:30:00,SHORT,25424.5,25503.9445,2,3.595,135.37,true
126,2026-02-04 03:30:00,SHORT,25424.5,25498.4445,2,3.595,135.37,true
224,2026-02-04 03:30:00,SHORT,25424.5,25501.49825,1,3.595,135.37,true
352,2026-02-04 03:30:00,SHORT,25424.5,25499.665,4,3.595,135.37,true
246,2026-02-04 03:35:00,SHORT,25416,25483.5215,1,0.187,-137.04,false
290,2026-02-04 03:35:00,SHORT,25416,25485.63925,0,0.187,-141.28,false
283,2026-02-04 04:20:00,SHORT,25365.25,25458.27775,2,0.033,-188.06,false
107,2026-02-04 04:25:00,SHORT,25382.25,25441.0925,8,0.084,-119.68,false
244,2026-02-04 04:25:00,SHORT,25382.25,25443.0025,6,0.084,-123.50,false
251,2026-02-04 04:25:00,SHORT,25382.25,25443.584,11,0.084,-124.67,false
335,2026-02-04 04:25:00,SHORT,25382.25,25443.47375,10,0.084,-124.45,false
374,2026-02-04 04:50:00,SHORT,25382.75,25420.60325,6,0.002,-77.71,false
244,2026-02-04 05:10:00,LONG,25422.5,25375.9975,1,0.206,-95.00,false
335,2026-02-04 05:10:00,LONG,25422.5,25375.52625,0,0.206,-95.95,false
374,2026-02-04 05:10:00,LONG,25422.5,25377.14675,0,0.206,-92.71,false
107,2026-02-04 05:25:00,LONG,25443.5,25391.1575,0,0.143,-106.68,false
251,2026-02-04 05:25:00,LONG,25443.5,25388.666,0,0.143,-111.67,false
283,2026-02-04 05:25:00,LONG,25443.5,25386.47225,0,0.143,-116.06,false
290,2026-02-04 06:40:00,LONG,25462.75,25409.86075,4,0.084,-107.78,false
246,2026-02-04 06:55:00,LONG,25474.25,25438.9785,5,0.049,-72.54,false
246,2026-02-04 07:30:00,SHORT,25446.75,25474.5215,0,3.663,135.37,true
290,2026-02-04 07:45:00,SHORT,25410,25473.63925,1,3.551,135.37,true
107,2026-02-04 07:50:00,SHORT,25410.75,25452.0925,1,3.554,135.37,true
283,2026-02-04 07:50:00,SHORT,25410.75,25456.77775,4,3.554,135.37,true
251,2026-02-04 07:55:00,SHORT,25405.75,25454.584,1,3.538,135.37,true
244,2026-02-04 08:10:00,SHORT,25390.25,25425.7525,2,3.491,135.37,true
335,2026-02-04 08:10:00,SHORT,25390.25,25454.47375,0,3.491,135.37,true
395,2026-02-04 08:55:00,SHORT,25358,25412.587,9,3.394,135.37,true
369,2026-02-04 09:00:00,SHORT,25338.5,25397.76475,5,3.334,135.37,true
370,2026-02-04 09:00:00,SHORT,25338.5,25397.76475,8,3.334,135.37,true
374,2026-02-04 09:00:00,SHORT,25338.5,25397.85325,3,3.334,135.37,true
280,2026-02-04 10:00:00,SHORT,25149,25398.77775,3,2.759,135.37,true
242,2026-02-04 10:05:00,SHORT,25239,25363.7525,4,3.032,135.37,true
245,2026-02-04 10:05:00,SHORT,25239,25364.0215,2,3.032,135.37,true
361,2026-02-04 10:05:00,SHORT,25239,25362.58525,3,3.032,135.37,true
362,2026-02-04 10:05:00,SHORT,25239,25362.58525,4,3.032,135.37,true
367,2026-02-04 10:05:00,SHORT,25239,25362.51475,4,3.032,135.37,true
368,2026-02-04 10:05:00,SHORT,25239,25362.51475,2,3.032,135.37,true
398,2026-02-04 10:05:00,SHORT,25239,25364.3405,1,3.032,135.37,true
399,2026-02-04 10:05:00,SHORT,25239,25364.3405,2,3.032,135.37,true
366,2026-02-04 10:40:00,SHORT,25210.5,25309.76475,4,2.946,135.37,true
373,2026-02-04 10:40:00,SHORT,25210.5,25309.85325,8,2.946,135.37,true
375,2026-02-04 10:55:00,SHORT,25152.25,25276.2125,6,2.769,135.37,true
372,2026-02-04 11:10:00,SHORT,25111.5,25198.35325,3,2.645,135.37,true
365,2026-02-04 11:40:00,SHORT,24979,25144.01475,2,0.593,135.37,true
397,2026-02-04 11:45:00,SHORT,24953,25143.3405,2,0.514,135.37,true
371,2026-02-04 12:40:00,SHORT,24850.25,24988.35325,0,0.203,-278.21,false
371,2026-02-04 14:05:00,LONG,24905.75,24828.89675,3,0.836,135.37,true
365,2026-02-04 16:45:00,LONG,25134.5,25031.48525,4,0.072,-208.03,false
372,2026-02-04 16:45:00,LONG,25134.5,25031.39675,3,0.072,-208.21,false
397,2026-02-04 16:45:00,LONG,25134.5,25029.6595,3,0.105,-211.68,false
372,2026-02-04 18:05:00,SHORT,25080,25163.10325,0,0.141,-168.21,false
365,2026-02-04 18:15:00,SHORT,25075.75,25118.76475,0,0.037,-88.03,false
404,2026-02-04 18:15:00,SHORT,25075.75,25120.97175,0,0.037,-92.44,false
403,2026-02-04 18:20:00,SHORT,25069,25120.97175,0,0.018,-105.94,false
403,2026-02-04 19:30:00,LONG,25111.5,25058.52825,1,0.165,-107.94,false
365,2026-02-04 19:35:00,LONG,25124.25,25072.23525,2,0.128,-106.03,false
404,2026-02-04 19:45:00,LONG,25133,25070.02825,2,0.103,-127.94,false
365,2026-02-04 21:15:00,SHORT,25021,25139.76475,1,2.241,143.32,true
404,2026-02-04 21:15:00,SHORT,25021,25141.97175,2,2.241,143.32,true
397,2026-02-04 21:20:00,SHORT,25041.25,25112.3405,5,0.360,143.32,true
403,2026-02-04 21:20:00,SHORT,25041.25,25112.72175,0,0.360,143.32,true
402,2026-02-04 22:00:00,SHORT,24996.5,25083.22175,4,0.232,143.32,true
401,2026-02-04 23:25:00,SHORT,24950,25004.72175,3,0.027,-111.44,false
401,2026-02-04 23:45:00,LONG,25009,24933.77825,0,0.329,143.32,true
402,2026-02-05 02:05:00,LONG,25070.5,25016.02825,1,0.153,-110.94,false
397,2026-02-05 03:15:00,LONG,25116,25036.6595,5,0.019,-160.68,false
403,2026-02-05 03:15:00,LONG,25116,25036.27825,6,0.019,-161.44,false
403,2026-02-05 03:55:00,SHORT,24998.25,25121.72175,0,2.176,143.32,true
397,2026-02-05 04:00:00,SHORT,25006.25,25090.0905,2,0.079,-169.68,false
402,2026-02-05 04:05:00,SHORT,24999.5,25074.97175,3,0.060,-152.94,false
402,2026-02-05 05:25:00,LONG,25084.75,25028.52825,3,0.010,-114.44,false
402,2026-02-05 05:45:00,SHORT,25041.75,25095.22175,0,2.301,143.32,true
401,2026-02-05 07:35:00,SHORT,24834.75,24986.47175,1,1.707,143.32,true
371,2026-02-05 07:45:00,SHORT,24732.75,24922.60325,3,0.232,143.32,true
400,2026-02-05 10:15:00,SHORT,24639.5,24807.72175,3,0.276,143.32,true
400,2026-02-05 11:35:00,LONG,24792.75,24665.27825,0,0.272,143.32,true
400,2026-02-05 13:55:00,SHORT,24700.25,24755.22175,2,0.047,-111.94,false
400,2026-02-05 14:15:00,LONG,24829.25,24677.02825,0,0.029,-306.44,false
400,2026-02-05 14:45:00,SHORT,24692.75,24771.97175,0,0.058,-160.44,false
400,2026-02-05 15:10:00,LONG,24748.5,24675.02825,0,0.006,-148.94,false
400,2026-02-05 15:30:00,SHORT,24627.75,24757.72175,0,1.113,143.32,true
405,2026-02-05 21:35:00,LONG,24557.75,24513.34475,0,0.015,-90.81,false
405,2026-02-05 22:20:00,SHORT,24514,24572.65525,0,0.248,147.14,true
405,2026-02-06 01:00:00,LONG,24593,24521.34475,1,0.058,-145.31,false
406,2026-02-06 01:05:00,LONG,24592,24544.59475,6,0.061,-96.81,false
406,2026-02-06 02:00:00,SHORT,24519.75,24595.40525,0,0.081,-153.31,false
405,2026-02-06 02:10:00,SHORT,24528,24569.15525,1,0.016,-84.31,false
405,2026-02-06 02:35:00,LONG,24558,24515.09475,0,0.012,-87.81,false
406,2026-02-06 04:00:00,LONG,24574,24522.59475,3,2.441,147.14,true
407,2026-02-06 04:25:00,LONG,24721.75,24608.09475,0,2.028,147.14,true
408,2026-02-06 04:35:00,LONG,24778.5,24637.09475,0,1.869,147.14,true
400,2026-02-06 04:40:00,LONG,24774.25,24683.77825,1,1.881,147.14,true
409,2026-02-06 05:55:00,LONG,24794.75,24731.09475,3,0.258,147.14,true
371,2026-02-06 09:45:00,LONG,24931.5,24695.89675,2,1.492,147.14,true
410,2026-02-06 09:45:00,LONG,24931.5,24693.59475,1,1.492,147.14,true
371,2026-02-06 10:10:00,SHORT,24770.25,24915.10325,0,0.075,-291.71,false
410,2026-02-06 10:10:00,SHORT,24770.25,24917.40525,0,0.075,-296.31,false
371,2026-02-06 10:35:00,LONG,24913,24801.89675,0,1.544,147.14,true
410,2026-02-06 10:35:00,LONG,24913,24799.59475,0,1.544,147.14,true
401,2026-02-06 11:15:00,LONG,24992.25,24873.52825,3,1.322,147.14,true
397,2026-02-06 12:55:00,LONG,25092.25,25037.1595,5,0.711,147.14,true
402,2026-02-06 12:55:00,LONG,25092.25,25036.77825,8,0.711,147.14,true
403,2026-02-06 13:05:00,LONG,25099.5,25064.02825,3,0.057,-72.94,false
365,2026-02-06 15:25:00,LONG,25109.75,25078.48525,13,0.662,147.14,true
404,2026-02-06 15:45:00,LONG,25163,25089.27825,15,0.513,147.14,true
372,2026-02-06 15:55:00,LONG,25146.75,25112.64675,9,0.048,-70.21,false
372,2026-02-06 16:30:00,SHORT,25108.75,25168.85325,0,0.052,-122.21,false
366,2026-02-08 18:15:00,LONG,25254.25,25148.98525,0,0.253,150.30,true
373,2026-02-08 18:15:00,LONG,25254.25,25148.89675,2,0.253,150.30,true
375,2026-02-08 18:15:00,LONG,25254.25,25148.5375,2,0.253,150.30,true
412,2026-02-08 18:15:00,LONG,25254.25,25146.4435,0,0.253,150.30,true
413,2026-02-08 18:15:00,LONG,25254.25,25146.4435,0,0.253,150.30,true
398,2026-02-08 18:45:00,LONG,25286.25,25216.6595,4,0.165,-141.18,false
361,2026-02-08 18:50:00,LONG,25282,25241.66475,6,0.177,-82.67,false
242,2026-02-08 18:55:00,LONG,25276.75,25240.4975,6,0.191,-74.50,false
245,2026-02-08 19:10:00,LONG,25328.75,25256.7285,2,0.049,-146.04,false
367,2026-02-08 19:10:00,LONG,25328.75,25258.23525,2,0.049,-143.03,false
368,2026-02-08 19:15:00,LONG,25321.25,25264.48525,1,0.069,-115.53,false
399,2026-02-08 19:15:00,LONG,25321.25,25262.6595,1,0.069,-119.18,false
399,2026-02-08 19:50:00,SHORT,25264,25336.0905,1,0.844,150.30,true
245,2026-02-08 19:55:00,SHORT,25262.75,25314.7715,1,0.841,150.30,true
368,2026-02-08 19:55:00,SHORT,25262.75,25334.26475,1,0.841,150.30,true
367,2026-02-08 20:00:00,SHORT,25252,25303.76475,0,0.812,150.30,true
242,2026-02-08 20:20:00,SHORT,25249.75,25305.0025,1,0.805,150.30,true
361,2026-02-08 20:30:00,SHORT,25249.5,25270.33525,2,0.805,150.30,true
398,2026-02-08 20:45:00,SHORT,25221.5,25272.0905,1,0.728,150.30,true
366,2026-02-08 20:50:00,SHORT,25218.75,25260.76475,4,0.066,-86.03,false
366,2026-02-08 21:45:00,LONG,25257.5,25220.48525,2,0.001,-76.03,false
366,2026-02-08 22:10:00,SHORT,25226.25,25262.26475,0,0.741,150.30,true
373,2026-02-08 22:45:00,SHORT,25203.5,25262.35325,4,0.679,150.30,true
413,2026-02-09 00:00:00,SHORT,25183.75,25221.0565,4,0.020,-76.61,false
413,2026-02-09 00:25:00,LONG,25210,25169.1935,0,0.049,-83.61,false
375,2026-02-09 01:25:00,SHORT,25166.75,25208.2125,2,0.126,-84.93,false
413,2026-02-09 01:25:00,SHORT,25166.75,25229.3065,3,0.578,150.30,true
412,2026-02-09 02:35:00,SHORT,25137.75,25177.3065,2,0.006,-81.11,false
412,2026-02-09 02:55:00,LONG,25159.75,25128.1935,0,0.152,-65.11,false
375,2026-02-09 03:15:00,LONG,25199.25,25149.2875,2,0.008,-101.93,false
375,2026-02-09 04:05:00,SHORT,25173.75,25207.4625,0,0.597,150.30,true
412,2026-02-09 04:45:00,SHORT,25118.25,25177.8065,3,0.445,150.30,true
372,2026-02-09 04:55:00,SHORT,25089,25153.10325,1,0.330,150.30,true
404,2026-02-09 05:05:00,SHORT,25075,25126.97175,1,0.292,150.30,true
365,2026-02-09 05:10:00,SHORT,25066.25,25111.51475,2,0.268,150.30,true
403,2026-02-09 05:20:00,SHORT,25042,25113.72175,9,0.201,-145.44,false
397,2026-02-09 05:25:00,SHORT,25038.5,25113.3405,4,0.192,-151.68,false
402,2026-02-09 05:30:00,SHORT,25001,25074.22175,2,0.089,-148.44,false
397,2026-02-09 07:20:00,LONG,25088,25033.1595,1,0.185,-111.68,false
402,2026-02-09 07:20:00,LONG,25088,25032.77825,4,0.185,-112.44,false
403,2026-02-09 07:35:00,LONG,25096.75,25032.77825,0,0.162,-129.94,false
365,2026-02-09 08:10:00,LONG,25137.5,25071.23525,4,0.050,-134.53,false
404,2026-02-09 08:15:00,LONG,25126,25069.02825,2,0.081,-115.94,false
404,2026-02-09 09:00:00,SHORT,25078.5,25130.47175,0,0.337,150.30,true
365,2026-02-09 09:05:00,SHORT,25072.25,25108.51475,2,0.320,150.30,true
403,2026-02-09 09:15:00,SHORT,25048,25110.72175,1,0.253,150.30,true
397,2026-02-09 09:25:00,SHORT,25057.75,25100.8405,3,0.280,150.30,true
397,2026-02-09 09:45:00,LONG,25172.25,24948.9095,0,0.802,150.30,true
365,2026-02-09 09:50:00,LONG,25123,25008.73525,0,0.937,150.30,true
403,2026-02-09 09:50:00,LONG,25123,25006.52825,1,0.937,150.30,true
404,2026-02-09 09:50:00,LONG,25123,25006.52825,0,0.937,150.30,true
372,2026-02-09 10:10:00,LONG,25212.75,25097.89675,3,0.691,150.30,true
412,2026-02-09 10:10:00,LONG,25212.75,25095.4435,3,0.691,150.30,true
375,2026-02-09 10:20:00,LONG,25207.5,25154.5375,1,0.656,150.30,true
413,2026-02-09 10:20:00,LONG,25207.5,25152.4435,6,0.656,150.30,true
366,2026-02-09 10:45:00,LONG,25289.75,25176.73525,3,0.431,150.30,true
373,2026-02-09 10:45:00,LONG,25289.75,25176.64675,5,0.431,150.30,true
361,2026-02-09 10:50:00,LONG,25294.25,25236.16475,4,0.419,150.30,true
398,2026-02-09 10:50:00,LONG,25294.25,25174.9095,5,0.419,150.30,true
242,2026-02-09 10:55:00,LONG,25312.25,25234.9975,2,0.370,150.30,true
367,2026-02-09 11:00:00,LONG,25321,25252.98525,1,0.346,150.30,true
245,2026-02-09 11:05:00,LONG,25316.5,25251.4785,0,0.358,150.30,true
368,2026-02-09 11:05:00,LONG,25316.5,25272.23525,0,0.307,150.30,true
399,2026-02-09 11:10:00,LONG,25333,25283.4095,0,0.262,150.30,true
362,2026-02-09 11:35:00,LONG,25351.75,25308.91475,5,0.211,150.30,true
280,2026-02-09 11:50:00,LONG,25393.25,25320.97225,2,0.064,-146.56,false
369,2026-02-09 11:55:00,LONG,25391,25346.23525,3,0.070,-91.53,false
370,2026-02-09 12:00:00,LONG,25402,25359.73525,2,0.040,-86.53,false
395,2026-02-09 12:00:00,LONG,25402,25358.413,3,0.040,-89.17,false
374,2026-02-09 12:10:00,LONG,25407.75,25359.64675,2,0.020,-98.21,false
374,2026-02-09 12:45:00,SHORT,25382.75,25415.60325,0,0.194,-67.71,false
370,2026-02-09 13:00:00,SHORT,25368,25406.01475,0,0.153,-78.03,false
395,2026-02-09 13:30:00,SHORT,25364.75,25389.587,2,0.020,-51.67,false
395,2026-02-09 14:20:00,LONG,25410.5,25351.413,0,0.050,-120.17,false
370,2026-02-09 14:25:00,LONG,25418.25,25371.48525,5,0.029,-95.53,false
374,2026-02-09 14:25:00,LONG,25418.25,25371.39675,2,0.029,-95.71,false
244,2026-02-09 14:30:00,LONG,25420.75,25370.2475,8,0.022,-103.00,false
335,2026-02-09 14:35:00,LONG,25425.5,25385.27625,5,0.002,-82.45,false
335,2026-02-09 15:20:00,SHORT,25377.5,25432.72375,0,0.333,150.30,true
244,2026-02-09 15:25:00,SHORT,25364.25,25426.5025,0,0.297,150.30,true
370,2026-02-09 15:30:00,SHORT,25350.25,25406.26475,0,0.196,-114.03,false
374,2026-02-09 15:30:00,SHORT,25350.25,25406.35325,1,0.196,-114.21,false
395,2026-02-09 15:35:00,SHORT,25366,25398.837,0,0.240,150.30,true
369,2026-02-09 16:05:00,SHORT,25361.25,25397.01475,7,0.227,150.30,true
280,2026-02-09 19:15:00,SHORT,25328.25,25373.52775,8,0.133,-92.56,false
415,2026-02-09 19:20:00,SHORT,25319.75,25362.50275,5,0.110,-87.51,false
362,2026-02-09 19:45:00,SHORT,25316.25,25359.83525,5,0.101,-89.17,false
362,2026-02-09 20:55:00,LONG,25334.75,25295.16475,2,0.003,-81.17,false
362,2026-02-09 21:15:00,SHORT,25319,25340.83525,0,0.108,-45.67,false
368,2026-02-09 22:10:00,SHORT,25286.25,25317.51475,2,0.021,-64.53,false
399,2026-02-09 22:10:00,SHORT,25286.25,25329.5905,7,0.021,-88.68,false
368,2026-02-09 23:10:00,LONG,25313.5,25286.98525,1,0.288,154.39,true
399,2026-02-09 23:25:00,LONG,25321.75,25292.1595,2,0.097,-61.18,false
362,2026-02-10 00:45:00,LONG,25341.75,25306.91475,3,0.044,-71.67,false
415,2026-02-10 01:00:00,LONG,25350.25,25304.24725,7,0.002,-94.01,false
362,2026-02-10 01:25:00,SHORT,25319.5,25341.58525,0,0.074,-46.17,false
415,2026-02-10 01:25:00,SHORT,25319.5,25358.50275,0,0.074,-80.01,false
362,2026-02-10 03:00:00,LONG,25337,25310.91475,2,0.225,154.39,true
415,2026-02-10 03:15:00,LONG,25345.75,25308.24725,1,0.202,-77.01,false
280,2026-02-10 04:15:00,LONG,25399,25325.47225,12,0.060,-149.06,false
369,2026-02-10 04:15:00,LONG,25399,25329.48525,7,0.060,-141.03,false
395,2026-02-10 04:25:00,LONG,25396.25,25358.413,6,0.005,-77.67,false
370,2026-02-10 04:30:00,LONG,25390,25373.73525,4,0.022,-34.53,false
370,2026-02-10 04:55:00,SHORT,25364,25403.01475,0,0.080,-80.03,false
395,2026-02-10 05:00:00,SHORT,25349.25,25393.837,0,0.041,-91.17,false
369,2026-02-10 05:40:00,SHORT,25353.5,25392.51475,0,0.052,-80.03,false
369,2026-02-10 07:10:00,LONG,25392,25353.23525,3,0.079,-79.53,false
370,2026-02-10 07:20:00,LONG,25404.25,25364.48525,0,0.046,-81.53,false
395,2026-02-10 07:20:00,LONG,25404.25,25356.913,1,0.046,-96.67,false
374,2026-02-10 07:25:00,LONG,25414.75,25373.89675,4,0.018,-83.71,false
370,2026-02-10 07:50:00,SHORT,25346.5,25414.76475,0,0.242,154.39,true
374,2026-02-10 07:50:00,SHORT,25346.5,25414.85325,0,0.242,154.39,true
369,2026-02-10 08:00:00,SHORT,25336.75,25393.26475,0,0.119,-115.03,false
395,2026-02-10 08:00:00,SHORT,25336.75,25416.087,0,0.216,154.39,true
280,2026-02-10 08:05:00,SHORT,25305.25,25384.77775,8,0.035,-161.06,false
415,2026-02-10 08:15:00,SHORT,25327.75,25366.25275,6,0.070,-79.01,false
415,2026-02-10 08:50:00,LONG,25359.75,25293.99725,0,0.134,-133.51,false
280,2026-02-10 09:00:00,LONG,25378,25327.22225,2,0.085,-103.56,false
369,2026-02-10 09:10:00,LONG,25383,25353.48525,1,0.072,-61.03,false
395,2026-02-10 09:15:00,LONG,25393.75,25352.163,0,0.043,-85.17,false
395,2026-02-10 09:40:00,SHORT,25309.25,25416.087,0,0.143,-215.67,false
280,2026-02-10 09:45:00,SHORT,25278.75,25418.77775,0,0.014,-282.06,false
369,2026-02-10 09:45:00,SHORT,25278.75,25414.76475,0,0.014,-274.03,false
280,2026-02-10 10:05:00,LONG,25434.75,25264.72225,0,0.033,-342.06,false
369,2026-02-10 10:05:00,LONG,25434.75,25268.73525,0,0.033,-334.03,false
370,2026-02-10 10:10:00,LONG,25390.5,25353.23525,2,0.129,-76.53,false
395,2026-02-10 10:10:00,LONG,25390.5,25351.913,0,0.129,-79.17,false
369,2026-02-10 11:30:00,SHORT,25340,25399.51475,4,0.516,154.39,true
370,2026-02-10 11:30:00,SHORT,25340,25396.26475,4,0.096,-114.53,false
395,2026-02-10 11:35:00,SHORT,25337.75,25392.337,3,0.090,-111.17,false
280,2026-02-10 11:45:00,SHORT,25336.75,25403.52775,2,0.508,154.39,true
280,2026-02-10 12:20:00,LONG,25366.75,25309.47225,1,0.083,-116.56,false
369,2026-02-10 12:55:00,LONG,25383.75,25355.73525,3,0.006,-58.03,false
369,2026-02-10 13:15:00,SHORT,25325.75,25390.76475,0,0.478,154.39,true
280,2026-02-10 13:25:00,SHORT,25292.5,25381.52775,1,0.390,154.39,true
415,2026-02-10 13:25:00,SHORT,25292.5,25370.75275,3,0.390,154.39,true
362,2026-02-10 13:30:00,SHORT,25282,25354.08525,13,0.362,154.39,true
399,2026-02-10 13:40:00,SHORT,25297.25,25332.5905,12,0.264,154.39,true
368,2026-02-10 13:50:00,SHORT,25278,25342.76475,8,0.213,154.39,true
245,2026-02-10 15:10:00,SHORT,25251.5,25319.2715,11,0.142,-137.54,false
367,2026-02-10 15:15:00,SHORT,25268,25301.51475,8,0.186,-69.03,false
242,2026-02-10 15:30:00,SHORT,25245.25,25302.7525,2,0.125,-117.00,false
361,2026-02-10 15:40:00,SHORT,25248.25,25280.08525,2,0.133,-65.67,false
398,2026-02-10 16:05:00,SHORT,25231.5,25272.3405,2,0.015,-83.68,false
398,2026-02-10 18:05:00,LONG,25275.5,25227.6595,0,0.186,-97.68,false
361,2026-02-10 18:10:00,LONG,25277.5,25239.41475,1,0.181,-78.17,false
242,2026-02-10 18:15:00,LONG,25283.25,25246.7475,1,0.166,-75.00,false
367,2026-02-10 19:45:00,LONG,25287.5,25261.48525,4,0.154,-54.03,false
245,2026-02-10 20:10:00,LONG,25310.25,25275.9785,5,0.094,-70.54,false
368,2026-02-10 20:50:00,LONG,25319.25,25285.48525,5,0.070,-69.53,false
399,2026-02-10 21:20:00,LONG,25326.25,25283.6595,5,0.051,-87.18,false
362,2026-02-10 22:55:00,LONG,25337.75,25316.41475,4,0.006,-44.67,false
362,2026-02-10 23:30:00,SHORT,25312.5,25344.83525,0,0.443,154.59,true
399,2026-02-11 00:40:00,SHORT,25286.5,25332.8405,3,0.373,154.59,true
368,2026-02-11 00:50:00,SHORT,25290.25,25320.51475,4,0.383,154.59,true
245,2026-02-11 01:35:00,SHORT,25283.5,25316.2715,3,0.365,154.59,true
367,2026-02-11 02:15:00,SHORT,25267.5,25296.26475,2,0.323,154.59,true
242,2026-02-11 03:15:00,SHORT,25211.75,25284.5025,8,0.174,-147.50,false
361,2026-02-11 03:20:00,SHORT,25223.25,25273.83525,2,0.001,-103.17,false
366,2026-02-11 03:20:00,SHORT,25223.25,25273.76475,2,0.001,-103.03,false
398,2026-02-11 03:20:00,SHORT,25223.25,25275.5905,1,0.001,-106.68,false
366,2026-02-11 03:40:00,LONG,25257.5,25217.98525,0,0.057,-81.03,false
398,2026-02-11 03:40:00,LONG,25257.5,25216.1595,0,0.057,-84.68,false
366,2026-02-11 04:45:00,SHORT,25214.5,25262.01475,1,0.182,-97.03,false
373,2026-02-11 04:45:00,SHORT,25214.5,25262.10325,5,0.182,-97.21,false
398,2026-02-11 04:45:00,SHORT,25214.5,25263.8405,2,0.182,-100.68,false
414,2026-02-11 05:10:00,SHORT,25161.75,25236.50275,3,0.005,-151.51,false
375,2026-02-11 05:15:00,SHORT,25171.25,25211.2125,1,0.012,-81.93,false
413,2026-02-11 05:15:00,SHORT,25171.25,25213.3065,2,0.012,-86.11,false
375,2026-02-11 06:05:00,LONG,25222.75,25161.5375,1,0.646,154.59,true
413,2026-02-11 06:10:00,LONG,25216.25,25169.6935,2,0.663,154.59,true
414,2026-02-11 06:25:00,LONG,25247.75,25169.49725,0,0.579,154.59,true
373,2026-02-11 06:30:00,LONG,25245.75,25210.64675,2,0.003,-72.21,false
366,2026-02-11 07:15:00,LONG,25252,25201.23525,4,0.568,154.59,true
242,2026-02-11 08:40:00,LONG,25342.25,25231.9975,7,0.327,154.59,true
245,2026-02-11 08:45:00,LONG,25391.5,25232.4785,4,0.196,-320.04,false
361,2026-02-11 08:45:00,LONG,25391.5,25233.91475,8,0.196,-317.17,false
362,2026-02-11 08:45:00,LONG,25391.5,25233.91475,1,0.196,-317.17,false
367,2026-02-11 08:45:00,LONG,25391.5,25233.98525,5,0.196,-317.03,false
368,2026-02-11 08:45:00,LONG,25391.5,25233.98525,1,0.196,-317.03,false
398,2026-02-11 08:45:00,LONG,25391.5,25232.1595,3,0.196,-320.68,false
399,2026-02-11 08:45:00,LONG,25391.5,25232.1595,1,0.196,-320.68,false
280,2026-02-11 08:55:00,LONG,25444.25,25314.47225,2,0.056,-261.56,false
415,2026-02-11 08:55:00,LONG,25444.25,25231.24725,3,0.056,-428.01,false
244,2026-02-11 09:00:00,LONG,25438,25336.9975,13,0.073,-204.00,false
369,2026-02-11 09:00:00,LONG,25438,25338.23525,1,0.073,-201.53,false
370,2026-02-11 09:00:00,LONG,25438,25338.23525,3,0.073,-201.53,false
374,2026-02-11 09:00:00,LONG,25438,25338.14675,11,0.073,-201.71,false
395,2026-02-11 09:00:00,LONG,25438,25336.913,3,0.073,-204.17,false
416,2026-02-11 09:00:00,LONG,25438,25335.48775,0,0.073,-207.02,false
335,2026-02-11 09:05:00,LONG,25417.75,25362.27625,10,0.126,-112.95,false
335,2026-02-11 09:45:00,SHORT,25401.25,25471.72375,1,2.190,154.59,true
244,2026-02-11 10:00:00,SHORT,25283.5,25471.2525,1,1.876,154.59,true
416,2026-02-11 10:00:00,SHORT,25283.5,25472.76225,0,1.876,154.59,true
280,2026-02-11 10:05:00,SHORT,25236.25,25423.77775,1,1.750,154.59,true
370,2026-02-11 10:05:00,SHORT,25236.25,25441.51475,1,1.750,154.59,true
374,2026-02-11 10:05:00,SHORT,25236.25,25419.85325,1,1.750,154.59,true
395,2026-02-11 10:05:00,SHORT,25236.25,25442.837,1,1.750,154.59,true
245,2026-02-11 10:10:00,SHORT,25188.25,25402.7715,0,0.346,154.59,true
362,2026-02-11 10:10:00,SHORT,25188.25,25401.33525,0,0.346,154.59,true
368,2026-02-11 10:10:00,SHORT,25188.25,25401.26475,0,0.346,154.59,true
369,2026-02-11 10:10:00,SHORT,25188.25,25401.26475,2,0.346,154.59,true
399,2026-02-11 10:10:00,SHORT,25188.25,25403.0905,0,0.346,154.59,true
415,2026-02-11 10:10:00,SHORT,25188.25,25404.00275,1,0.346,154.59,true
367,2026-02-11 10:15:00,SHORT,25133.25,25348.01475,0,0.200,-431.53,false
242,2026-02-11 10:20:00,SHORT,25076.25,25306.5025,0,0.048,-462.50,false
361,2026-02-11 10:20:00,SHORT,25076.25,25305.33525,0,0.048,-460.17,false
366,2026-02-11 10:20:00,SHORT,25076.25,25305.26475,4,0.048,-460.03,false
398,2026-02-11 10:20:00,SHORT,25076.25,25307.0905,0,0.048,-463.68,false
373,2026-02-11 10:25:00,SHORT,25077.25,25252.60325,3,0.023,-352.71,false
375,2026-02-11 10:25:00,SHORT,25077.25,25252.9625,0,0.023,-353.43,false
412,2026-02-11 10:25:00,SHORT,25077.25,25255.0565,1,0.023,-357.61,false
413,2026-02-11 10:25:00,SHORT,25077.25,25255.0565,0,0.023,-357.61,false
414,2026-02-11 10:25:00,SHORT,25077.25,25255.25275,2,0.023,-358.01,false
412,2026-02-11 11:00:00,LONG,25208.5,25103.1935,0,0.562,154.59,true
375,2026-02-11 11:20:00,LONG,25266,25128.0375,1,0.409,154.59,true
413,2026-02-11 11:45:00,LONG,25203.75,25167.6935,2,0.048,-74.11,false
366,2026-02-11 12:30:00,LONG,25278.25,25192.98525,3,0.377,154.59,true
398,2026-02-11 12:30:00,LONG,25278.25,25191.1595,3,0.377,154.59,true
414,2026-02-11 12:30:00,LONG,25278.25,25141.49725,4,0.377,154.59,true
361,2026-02-11 12:35:00,LONG,25269.25,25196.41475,5,0.401,154.59,true
373,2026-02-11 12:35:00,LONG,25269.25,25196.39675,5,0.401,154.59,true
242,2026-02-11 12:50:00,LONG,25305.25,25247.4975,4,0.002,-117.50,false
242,2026-02-11 13:10:00,SHORT,25210.75,25312.0025,0,0.027,-204.50,false
361,2026-02-11 13:15:00,SHORT,25239.25,25310.83525,0,0.039,-145.17,false
398,2026-02-11 13:15:00,SHORT,25239.25,25283.8405,0,0.039,-91.18,false
398,2026-02-11 13:35:00,LONG,25279.25,25218.1595,0,0.216,154.59,true
361,2026-02-11 13:45:00,LONG,25298.5,25219.91475,0,0.165,-159.17,false
242,2026-02-11 13:55:00,LONG,25301.25,25229.4975,0,0.158,-145.50,false
367,2026-02-11 14:00:00,LONG,25290,25250.23525,6,0.188,-81.53,false
245,2026-02-11 14:25:00,LONG,25348.75,25268.2285,4,0.021,-163.04,false
368,2026-02-11 14:25:00,LONG,25348.75,25269.73525,3,0.021,-160.03,false
399,2026-02-11 14:25:00,LONG,25348.75,25267.9095,4,0.021,-163.68,false
415,2026-02-11 14:30:00,LONG,25343.75,25308.49725,0,0.034,-72.51,false
362,2026-02-11 14:35:00,LONG,25338,25317.66475,1,0.017,-42.67,false
362,2026-02-11 14:55:00,SHORT,25309,25349.08525,0,0.274,154.59,true
415,2026-02-11 14:55:00,SHORT,25309,25364.00275,0,0.274,154.59,true
399,2026-02-11 15:30:00,SHORT,25278.25,25329.5905,1,0.192,-104.68,false
245,2026-02-11 16:05:00,SHORT,25277.75,25327.7715,2,0.191,-102.04,false
368,2026-02-11 16:05:00,SHORT,25277.75,25326.26475,4,0.191,-99.03,false
367,2026-02-11 18:15:00,SHORT,25257.5,25301.26475,6,0.136,-89.53,false
242,2026-02-11 18:20:00,SHORT,25258.25,25302.5025,2,0.138,-90.50,false
361,2026-02-11 18:35:00,SHORT,25233,25286.08525,2,0.050,-108.17,false
398,2026-02-11 18:40:00,SHORT,25237.5,25264.3405,1,0.062,-55.68,false
361,2026-02-11 19:50:00,LONG,25266.25,25237.91475,1,0.407,155.37,true
398,2026-02-11 19:50:00,LONG,25266.25,25222.6595,2,0.407,155.37,true
242,2026-02-11 20:40:00,LONG,25302,25247.7475,2,0.312,155.37,true
367,2026-02-11 20:40:00,LONG,25302,25248.98525,1,0.312,155.37,true
245,2026-02-11 20:45:00,LONG,25297.25,25247.4785,4,0.325,155.37,true
245,2026-02-11 21:25:00,SHORT,25282,25310.5215,2,0.034,-59.04,false
245,2026-02-11 22:10:00,LONG,25297.5,25262.7285,1,0.324,155.37,true
368,2026-02-11 22:40:00,LONG,25319.5,25277.23525,5,0.266,155.37,true
399,2026-02-11 22:40:00,LONG,25319.5,25275.4095,7,0.266,155.37,true
420,2026-02-11 23:30:00,LONG,25325.5,25298.70025,4,0.051,-55.60,false
362,2026-02-12 00:10:00,LONG,25336,25317.66475,2,0.023,-38.67,false
362,2026-02-12 01:30:00,SHORT,25304.75,25349.33525,3,0.034,-91.17,false
420,2026-02-12 01:40:00,SHORT,25299,25352.04975,3,0.019,-108.10,false
420,2026-02-12 02:10:00,LONG,25333,25284.45025,0,0.230,155.37,true
362,2026-02-12 02:25:00,LONG,25351.25,25308.16475,0,0.181,-88.17,false
415,2026-02-12 02:30:00,LONG,25348.25,25317.74725,6,0.189,-63.01,false
280,2026-02-12 07:30:00,LONG,25373.5,25325.22225,9,0.028,-98.56,false
280,2026-02-12 08:20:00,SHORT,25328.5,25382.27775,0,0.008,-109.56,false
280,2026-02-12 08:40:00,LONG,25411.75,25316.72225,0,0.005,-192.06,false
369,2026-02-12 08:45:00,LONG,25396.25,25326.48525,10,0.034,-141.53,false
395,2026-02-12 08:45:00,LONG,25396.25,25325.163,4,0.034,-144.17,false
370,2026-02-12 08:50:00,LONG,25393,25360.48525,2,0.043,-67.03,false
370,2026-02-12 09:35:00,SHORT,25359.25,25405.01475,0,2.411,155.37,true
395,2026-02-12 09:35:00,SHORT,25359.25,25392.087,2,2.411,155.37,true
369,2026-02-12 09:40:00,SHORT,25308.25,25382.76475,1,2.276,155.37,true
280,2026-02-12 09:55:00,SHORT,25208.25,25398.02775,1,2.011,155.37,true
362,2026-02-12 09:55:00,SHORT,25208.25,25394.08525,6,2.011,155.37,true
368,2026-02-12 09:55:00,SHORT,25208.25,25394.01475,4,2.011,155.37,true
399,2026-02-12 09:55:00,SHORT,25208.25,25395.8405,5,2.011,155.37,true
415,2026-02-12 09:55:00,SHORT,25208.25,25396.75275,15,2.011,155.37,true
420,2026-02-12 09:55:00,SHORT,25208.25,25396.79975,2,2.011,155.37,true
245,2026-02-12 10:00:00,SHORT,25200.25,25330.0215,2,1.989,155.37,true
367,2026-02-12 10:00:00,SHORT,25200.25,25328.51475,3,1.989,155.37,true
366,2026-02-12 10:05:00,SHORT,25194.5,25296.76475,3,1.974,155.37,true
242,2026-02-12 10:10:00,SHORT,25232.75,25280.5025,3,2.076,155.37,true
361,2026-02-12 10:10:00,SHORT,25232.75,25279.33525,3,2.076,155.37,true
398,2026-02-12 10:10:00,SHORT,25232.75,25281.0905,2,2.076,155.37,true
414,2026-02-12 10:40:00,SHORT,25087.25,25261.25275,5,1.690,155.37,true
419,2026-02-12 10:40:00,SHORT,25087.25,25261.29975,3,1.690,155.37,true
373,2026-02-12 10:45:00,SHORT,25096.5,25258.60325,10,1.715,155.37,true
375,2026-02-12 10:45:00,SHORT,25096.5,25258.9625,4,1.715,155.37,true
413,2026-02-12 10:45:00,SHORT,25096.5,25261.0565,6,1.715,155.37,true
372,2026-02-12 10:50:00,SHORT,25052,25193.10325,1,1.597,155.37,true
412,2026-02-12 10:50:00,SHORT,25052,25195.5565,1,1.597,155.37,true
418,2026-02-12 10:50:00,SHORT,25052,25195.79975,1,1.597,155.37,true
404,2026-02-12 10:55:00,SHORT,25010.25,25148.47175,3,1.486,155.37,true
365,2026-02-12 11:00:00,SHORT,24999.25,25146.26475,1,1.457,155.37,true
397,2026-02-12 11:05:00,SHORT,24962.25,25127.8405,1,1.359,155.37,true
402,2026-02-12 11:05:00,SHORT,24962.25,25128.22175,2,1.359,155.37,true
403,2026-02-12 11:05:00,SHORT,24962.25,25128.22175,2,1.359,155.37,true
401,2026-02-12 11:20:00,SHORT,24882.75,25013.97175,1,1.148,155.37,true
371,2026-02-12 11:30:00,SHORT,24846,24955.60325,2,0.708,155.37,true
410,2026-02-12 13:00:00,SHORT,24829.5,24922.15525,6,0.072,-187.31,false
410,2026-02-12 13:50:00,LONG,24919.5,24827.84475,1,0.064,-185.31,false
371,2026-02-12 14:45:00,LONG,24933.25,24865.64675,7,0.028,-137.21,false
371,2026-02-12 15:20:00,SHORT,24820.75,24911.10325,1,0.641,155.37,true
410,2026-02-12 15:25:00,SHORT,24805.5,24913.40525,2,0.601,155.37,true
411,2026-02-12 15:30:00,SHORT,24804.75,24880.8065,9,0.599,155.37,true
423,2026-02-12 18:45:00,SHORT,24806.75,24857.4445,2,0.013,-103.39,false
423,2026-02-12 19:10:00,LONG,24843.75,24793.5555,0,0.008,-102.39,false
423,2026-02-12 19:30:00,SHORT,24778.75,24854.9445,0,0.503,163.59,true
409,2026-02-12 19:55:00,SHORT,24731.25,24794.90525,8,0.003,-129.31,false
422,2026-02-12 19:55:00,SHORT,24731.25,24795.6945,1,0.003,-130.89,false
409,2026-02-12 20:15:00,LONG,24814,24723.09475,0,0.046,-183.81,false
422,2026-02-12 20:15:00,LONG,24814,24722.3055,0,0.046,-185.39,false
409,2026-02-13 00:25:00,SHORT,24707,24775.65525,2,0.163,-139.31,false
422,2026-02-13 00:30:00,SHORT,24716,24773.1945,3,0.186,-116.39,false
400,2026-02-13 01:00:00,SHORT,24707.5,24748.97175,6,0.164,-84.94,false
408,2026-02-13 01:35:00,SHORT,24657,24738.15525,5,0.010,-164.31,false
408,2026-02-13 02:05:00,LONG,24736,24676.59475,0,0.101,-120.81,false
400,2026-02-13 02:15:00,LONG,24751.5,24698.77825,1,0.062,-107.44,false
409,2026-02-13 03:55:00,LONG,24775.25,24714.09475,3,0.082,-124.31,false
422,2026-02-13 03:55:00,LONG,24775.25,24713.3055,5,0.082,-125.89,false
409,2026-02-13 06:05:00,SHORT,24689,24782.40525,3,0.172,-188.81,false
422,2026-02-13 06:05:00,SHORT,24689,24765.1945,1,0.172,-154.39,false
400,2026-02-13 06:15:00,SHORT,24694,24745.47175,4,0.176,-104.94,false
408,2026-02-13 06:30:00,SHORT,24678,24745.65525,1,0.045,-137.31,false
408,2026-02-13 07:35:00,LONG,24716,24663.34475,2,0.047,-107.31,false
408,2026-02-13 08:20:00,SHORT,24683,24726.40525,2,0.003,-88.81,false
400,2026-02-13 08:40:00,LONG,24775.25,24675.02825,5,0.113,-202.44,false
408,2026-02-13 08:40:00,LONG,24775.25,24674.84475,0,0.113,-202.81,false
409,2026-02-13 08:45:00,LONG,24789.25,24688.34475,0,0.077,-203.81,false
422,2026-02-13 08:45:00,LONG,24789.25,24687.5555,1,0.077,-205.39,false
409,2026-02-13 09:20:00,SHORT,24726.75,24795.15525,1,0.102,-138.81,false
422,2026-02-13 09:40:00,SHORT,24716,24807.6945,0,0.020,-185.39,false
422,2026-02-13 10:10:00,LONG,24759.25,24673.0555,1,0.595,163.59,true
409,2026-02-13 10:30:00,LONG,24907.5,24673.84475,2,0.222,163.59,true
423,2026-02-13 11:35:00,LONG,24885.75,24754.8055,13,0.276,163.59,true
411,2026-02-13 11:45:00,LONG,24879.75,24777.1935,5,0.291,163.59,true
410,2026-02-13 11:50:00,LONG,24906,24826.34475,5,0.225,163.59,true
371,2026-02-13 12:05:00,LONG,24911.5,24861.89675,3,0.211,163.59,true
401,2026-02-13 12:45:00,LONG,24980,24936.02825,2,0.000,-89.94,false
401,2026-02-13 13:05:00,SHORT,24927.5,24985.47175,0,0.000,-117.94,false
371,2026-02-13 15:05:00,SHORT,24877.75,24927.10325,1,1.079,163.59,true
410,2026-02-13 15:20:00,SHORT,24811.5,24897.65525,1,0.201,-174.31,false
411,2026-02-13 15:20:00,SHORT,24811.5,24897.8065,1,0.201,-174.61,false
423,2026-02-13 15:35:00,SHORT,24750.75,24859.1945,1,0.042,-218.89,false
426,2026-02-15 18:25:00,LONG,24818,24761.43825,1,0.259,166.04,true
423,2026-02-15 19:15:00,LONG,24836.5,24785.3055,4,0.213,166.04,true
423,2026-02-15 22:40:00,SHORT,24814.75,24847.1945,7,0.052,-66.89,false
423,2026-02-16 02:10:00,LONG,24857.75,24798.8055,2,0.160,-119.89,false
411,2026-02-16 03:15:00,LONG,24883.75,24833.6935,3,0.096,-102.11,false
410,2026-02-16 03:55:00,LONG,24894.75,24854.84475,3,0.068,-81.81,false
371,2026-02-16 04:00:00,LONG,24901.5,24873.89675,3,0.051,-57.21,false
371,2026-02-16 06:00:00,SHORT,24864.25,24904.60325,1,1.030,166.04,true
410,2026-02-16 06:10:00,SHORT,24859.5,24898.90525,2,1.018,166.04,true
411,2026-02-16 09:00:00,SHORT,24827,24880.8065,8,0.937,166.04,true
423,2026-02-16 09:20:00,SHORT,24774.5,24852.1945,0,0.807,166.04,true
426,2026-02-16 09:25:00,SHORT,24764,24825.81175,5,0.231,166.04,true
409,2026-02-16 09:45:00,SHORT,24727.25,24791.90525,4,0.000,-131.31,false
422,2026-02-16 09:45:00,SHORT,24727.25,24784.4445,3,0.000,-116.39,false
409,2026-02-16 10:05:00,LONG,24783.25,24721.59475,0,0.004,-125.31,false
422,2026-02-16 10:05:00,LONG,24783.25,24720.8055,0,0.004,-126.89,false
409,2026-02-16 10:25:00,SHORT,24709.75,24791.90525,0,0.097,-166.31,false
422,2026-02-16 10:30:00,SHORT,24695,24779.9445,0,0.060,-171.89,false
400,2026-02-16 10:35:00,SHORT,24698.75,24759.22175,8,0.069,-122.94,false
425,2026-02-16 10:35:00,SHORT,24698.75,24760.31175,1,0.069,-125.12,false
400,2026-02-16 12:35:00,LONG,24756.75,24690.52825,3,0.213,166.04,true
425,2026-02-16 12:35:00,LONG,24756.75,24689.43825,3,0.213,166.04,true
422,2026-02-16 12:40:00,LONG,24757.25,24712.0555,3,0.211,166.04,true
409,2026-02-16 18:20:00,LONG,24771.25,24740.09475,3,0.178,-64.31,false
426,2026-02-16 18:45:00,LONG,24827.5,24769.43825,3,0.037,-118.12,false
432,2026-02-16 18:45:00,LONG,24827.5,24769.49225,0,0.037,-118.02,false
432,2026-02-16 20:40:00,SHORT,24774.25,24816.50775,3,0.812,164.91,true
426,2026-02-16 20:50:00,SHORT,24689.75,24816.56175,3,0.601,164.91,true
409,2026-02-16 21:00:00,SHORT,24640,24793.40525,0,0.305,164.91,true
431,2026-02-16 21:00:00,SHORT,24640,24788.00775,1,0.305,164.91,true
400,2026-02-16 21:05:00,SHORT,24649.75,24767.97175,0,0.329,164.91,true
408,2026-02-16 21:05:00,SHORT,24649.75,24768.15525,8,0.329,164.91,true
422,2026-02-16 21:05:00,SHORT,24649.75,24768.9445,1,0.329,164.91,true
424,2026-02-16 21:05:00,SHORT,24649.75,24769.06175,7,0.329,164.91,true
425,2026-02-16 21:05:00,SHORT,24649.75,24769.06175,1,0.329,164.91,true
430,2026-02-16 21:55:00,SHORT,24662,24769.00775,0,0.360,164.91,true
407,2026-02-16 22:15:00,SHORT,24623.75,24672.65525,6,0.164,-99.81,false
429,2026-02-17 00:25:00,SHORT,24598.5,24634.00775,4,0.101,-73.02,false
429,2026-02-17 01:15:00,LONG,24620.25,24574.74225,2,0.266,164.91,true
407,2026-02-17 03:05:00,LONG,24707.25,24623.59475,4,0.049,-169.31,false
430,2026-02-17 03:15:00,LONG,24686.25,24643.49225,0,0.042,-87.52,false
430,2026-02-17 03:45:00,SHORT,24648.75,24698.00775,1,0.327,164.91,true
430,2026-02-17 05:00:00,LONG,24686.5,24639.49225,1,0.010,-96.02,false
430,2026-02-17 05:20:00,SHORT,24661.5,24698.50775,0,0.358,164.91,true
407,2026-02-17 05:45:00,SHORT,24611.25,24668.15525,5,0.233,164.91,true
429,2026-02-17 06:15:00,SHORT,24588.25,24638.50775,2,0.040,-102.52,false
429,2026-02-17 06:55:00,LONG,24623.75,24564.24225,0,0.107,-121.02,false
429,2026-02-17 07:55:00,SHORT,24584.5,24650.75775,1,0.166,-134.52,false
421,2026-02-17 08:10:00,SHORT,24548.75,24612.6945,10,0.034,-129.89,false
406,2026-02-17 08:15:00,SHORT,24554.75,24597.90525,4,0.009,-88.31,false
406,2026-02-17 08:35:00,LONG,24591.5,24544.09475,0,0.560,164.91,true
421,2026-02-17 09:00:00,LONG,24647.75,24543.3055,0,0.420,164.91,true
429,2026-02-17 09:10:00,LONG,24650.5,24569.99225,2,0.413,164.91,true
407,2026-02-17 09:15:00,LONG,24654.75,24604.34475,4,0.402,164.91,true
407,2026-02-17 10:00:00,SHORT,24555,24718.65525,2,0.264,164.91,true
406,2026-02-17 10:05:00,SHORT,24510.25,24684.40525,0,0.152,-350.31,false
421,2026-02-17 10:05:00,SHORT,24510.25,24685.1945,0,0.152,-351.89,false
429,2026-02-17 10:05:00,SHORT,24510.25,24685.25775,1,0.152,-352.02,false
405,2026-02-17 10:35:00,SHORT,24457.25,24647.15525,9,0.003,-381.81,false
405,2026-02-17 11:00:00,LONG,24651.75,24496.59475,0,1.218,164.91,true
406,2026-02-17 11:00:00,LONG,24651.75,24496.59475,2,1.218,164.91,true
421,2026-02-17 11:05:00,LONG,24727.25,24495.8055,1,1.030,164.91,true
429,2026-02-17 11:10:00,LONG,24773.75,24547.24225,1,0.913,164.91,true
407,2026-02-17 11:15:00,LONG,24780.25,24586.09475,1,0.897,164.91,true
400,2026-02-17 11:20:00,LONG,24785.5,24639.77825,3,0.011,-293.44,false
408,2026-02-17 11:20:00,LONG,24785.5,24639.59475,6,0.011,-293.81,false
422,2026-02-17 11:20:00,LONG,24785.5,24638.8055,1,0.011,-295.39,false
424,2026-02-17 11:20:00,LONG,24785.5,24638.68825,6,0.011,-295.62,false
425,2026-02-17 11:20:00,LONG,24785.5,24638.68825,3,0.011,-295.62,false
430,2026-02-17 11:20:00,LONG,24785.5,24638.74225,5,0.011,-295.52,false
422,2026-02-17 12:15:00,SHORT,24710.25,24795.9445,2,0.254,164.91,true
400,2026-02-17 12:20:00,SHORT,24701.5,24771.47175,2,0.232,164.91,true
425,2026-02-17 12:20:00,SHORT,24701.5,24772.56175,2,0.232,164.91,true
408,2026-02-17 13:10:00,SHORT,24673.25,24727.15525,4,0.054,-109.81,false
424,2026-02-17 13:10:00,SHORT,24673.25,24728.06175,4,0.054,-111.62,false
424,2026-02-17 13:30:00,LONG,24790.75,24643.68825,0,0.871,164.91,true
400,2026-02-17 13:35:00,LONG,24819.25,24658.52825,1,0.800,164.91,true
408,2026-02-17 13:35:00,LONG,24819.25,24658.34475,0,0.800,164.91,true
409,2026-02-17 13:35:00,LONG,24819.25,24658.34475,6,0.800,164.91,true
422,2026-02-17 13:35:00,LONG,24819.25,24657.5555,2,0.800,164.91,true
425,2026-02-17 13:35:00,LONG,24819.25,24657.43825,2,0.800,164.91,true
431,2026-02-17 13:35:00,LONG,24819.25,24657.49225,5,0.800,164.91,true
426,2026-02-17 13:45:00,LONG,24830.25,24742.43825,5,0.149,-177.62,false
432,2026-02-17 13:45:00,LONG,24830.25,24742.49225,3,0.149,-177.52,false
433,2026-02-17 13:50:00,LONG,24856.5,24754.99225,6,0.083,-205.02,false
423,2026-02-17 14:00:00,LONG,24855.25,24755.0555,6,0.086,-202.39,false
423,2026-02-17 15:15:00,SHORT,24788.75,24867.1945,2,0.220,164.91,true
433,2026-02-17 15:25:00,SHORT,24773.5,24867.25775,0,0.182,-189.52,false
426,2026-02-17 15:30:00,SHORT,24756.25,24826.31175,0,0.139,-142.12,false
432,2026-02-17 15:30:00,SHORT,24756.25,24826.25775,1,0.139,-142.02,false
409,2026-02-17 18:35:00,SHORT,24722,24790.40525,5,0.052,-138.81,false
422,2026-02-17 18:40:00,SHORT,24725.5,24769.6945,3,0.061,-90.39,false
431,2026-02-17 18:40:00,SHORT,24725.5,24791.25775,3,0.061,-133.52,false
425,2026-02-17 20:10:00,SHORT,24718.5,24760.81175,6,0.022,-86.62,false
425,2026-02-17 21:05:00,LONG,24757.75,24701.43825,1,0.913,167.18,true
422,2026-02-17 21:10:00,LONG,24756.25,24708.8055,3,0.917,167.18,true
431,2026-02-17 21:40:00,LONG,24764.5,24708.74225,4,0.896,167.18,true
409,2026-02-17 21:45:00,LONG,24766,24742.09475,4,0.010,-49.81,false
409,2026-02-17 22:20:00,SHORT,24742.5,24777.15525,1,0.009,-71.31,false
409,2026-02-17 22:45:00,LONG,24776,24731.59475,0,0.868,167.18,true
426,2026-02-17 23:15:00,LONG,24804,24767.68825,5,0.391,167.18,true
432,2026-02-17 23:30:00,LONG,24828,24775.24225,4,0.331,167.18,true
433,2026-02-17 23:40:00,LONG,24836.75,24799.24225,3,0.310,167.18,true
423,2026-02-18 00:05:00,LONG,24832.5,24799.3055,1,0.320,167.18,true
423,2026-02-18 02:15:00,SHORT,24813,24851.1945,4,0.027,-78.39,false
423,2026-02-18 03:00:00,LONG,24863,24794.0555,0,0.245,167.18,true
410,2026-02-18 03:25:00,LONG,24895.5,24826.34475,14,0.165,-140.31,false
411,2026-02-18 03:25:00,LONG,24895.5,24826.1935,6,0.165,-140.61,false
371,2026-02-18 03:30:00,LONG,24902,24859.14675,1,0.149,-87.71,false
434,2026-02-18 04:05:00,LONG,24911.5,24855.8835,0,0.126,-113.23,false
427,2026-02-18 04:30:00,LONG,24933,24885.68825,7,0.073,-96.62,false
428,2026-02-18 04:40:00,LONG,24936.25,24894.93825,7,0.010,-84.62,false
428,2026-02-18 06:15:00,SHORT,24907.5,24937.31175,5,0.044,-61.62,false
427,2026-02-18 06:40:00,SHORT,24894.75,24931.06175,3,0.012,-74.62,false
427,2026-02-18 07:15:00,LONG,24948.75,24886.18825,1,0.012,-127.12,false
428,2026-02-18 07:15:00,LONG,24948.75,24886.18825,2,0.012,-127.12,false
427,2026-02-18 07:40:00,SHORT,24884.5,24942.06175,0,0.326,167.18,true
428,2026-02-18 07:40:00,SHORT,24884.5,24942.06175,0,0.326,167.18,true
434,2026-02-18 07:40:00,SHORT,24884.5,24942.1165,2,0.326,167.18,true
371,2026-02-18 08:45:00,SHORT,24826.75,24926.60325,5,0.184,-201.71,false
410,2026-02-18 08:50:00,SHORT,24824.5,24902.15525,4,0.179,-157.31,false
411,2026-02-18 08:55:00,SHORT,24828,24881.0565,1,0.187,-108.11,false
423,2026-02-18 09:35:00,SHORT,24803.75,24849.6945,2,0.040,-93.89,false
371,2026-02-18 10:05:00,LONG,25021.25,24794.64675,0,0.264,167.18,true
410,2026-02-18 10:05:00,LONG,25021.25,24792.34475,1,0.264,167.18,true
411,2026-02-18 10:05:00,LONG,25021.25,24792.1935,1,0.264,167.18,true
423,2026-02-18 10:05:00,LONG,25021.25,24791.5555,1,0.264,167.18,true
434,2026-02-18 10:05:00,LONG,25021.25,24791.3835,4,0.264,167.18,true
401,2026-02-18 10:10:00,LONG,25042,24876.52825,8,0.213,167.18,true
427,2026-02-18 10:10:00,LONG,25042,24875.43825,3,0.213,167.18,true
428,2026-02-18 10:10:00,LONG,25042,24875.43825,1,0.213,167.18,true
435,2026-02-18 10:20:00,LONG,25048.75,24929.3835,0,0.196,-240.73,false
402,2026-02-18 10:50:00,LONG,25084.5,25014.52825,2,0.108,-141.94,false
397,2026-02-18 11:00:00,LONG,25099.5,25042.4095,2,0.071,-116.18,false
403,2026-02-18 11:05:00,LONG,25087,25045.27825,2,0.102,-85.44,false
365,2026-02-18 11:40:00,LONG,25104.25,25072.48525,2,0.016,-65.53,false
365,2026-02-18 12:40:00,SHORT,25079.25,25110.01475,2,0.009,-63.53,false
403,2026-02-18 13:30:00,SHORT,25058.75,25105.72175,7,0.937,167.18,true
397,2026-02-18 13:35:00,SHORT,25062,25091.8405,6,0.945,167.18,true
402,2026-02-18 13:50:00,SHORT,25022.25,25085.22175,1,0.847,167.18,true
435,2026-02-18 14:20:00,SHORT,25011.25,25042.1165,3,0.383,167.18,true
401,2026-02-18 14:45:00,SHORT,24927,25007.22175,0,0.175,-162.44,false
428,2026-02-18 15:00:00,SHORT,24902.5,24974.81175,0,0.115,-146.62,false
427,2026-02-18 15:15:00,SHORT,24877.25,24937.06175,1,0.039,-121.62,false
427,2026-02-18 15:45:00,LONG,24967.75,24862.68825,0,0.213,167.18,true
428,2026-02-18 15:45:00,LONG,24967.75,24862.68825,0,0.213,167.18,true
401,2026-02-18 18:15:00,LONG,24973.5,24935.27825,1,0.039,-78.44,false
438,2026-02-18 18:15:00,LONG,24973.5,24934.28325,0,0.039,-80.43,false
401,2026-02-18 19:25:00,SHORT,24925,24984.97175,0,0.010,-121.94,false
401,2026-02-18 20:15:00,LONG,24982.75,24932.77825,0,0.179,-101.94,false
439,2026-02-19 01:40:00,LONG,25003.5,24972.53325,10,0.127,-63.93,false
435,2026-02-19 02:30:00,LONG,25040,24999.8835,3,0.035,-82.23,false
435,2026-02-19 03:50:00,SHORT,24970,25057.1165,3,0.732,164.06,true
439,2026-02-19 04:00:00,SHORT,24944,25018.21675,1,0.667,164.06,true
401,2026-02-19 04:40:00,SHORT,24898.25,24974.22175,7,0.375,164.06,true
428,2026-02-19 04:45:00,SHORT,24856.5,24956.56175,2,0.235,164.06,true
438,2026-02-19 04:45:00,SHORT,24856.5,24975.21675,7,0.270,164.06,true
427,2026-02-19 04:55:00,SHORT,24894.25,24947.56175,0,0.329,164.06,true
434,2026-02-19 05:10:00,SHORT,24838.5,24926.3665,2,0.190,-177.73,false
371,2026-02-19 05:15:00,SHORT,24865.25,24907.60325,3,0.257,164.06,true
410,2026-02-19 05:30:00,SHORT,24854.5,24909.90525,4,0.230,164.06,true
410,2026-02-19 07:35:00,LONG,24882.5,24850.34475,4,0.033,-66.31,false
410,2026-02-19 08:10:00,SHORT,24850,24896.65525,0,0.218,164.06,true
411,2026-02-19 08:15:00,SHORT,24842,24885.3065,11,0.198,-88.61,false
437,2026-02-19 08:25:00,SHORT,24831.75,24885.96675,9,0.173,-110.43,false
410,2026-02-19 10:05:00,LONG,24893.75,24816.84475,5,0.165,-155.81,false
411,2026-02-19 10:05:00,LONG,24893.75,24816.6935,5,0.165,-156.11,false
437,2026-02-19 10:05:00,LONG,24893.75,24816.03325,4,0.165,-157.43,false
371,2026-02-19 10:45:00,LONG,24919.75,24844.14675,7,0.100,-153.21,false
427,2026-02-19 10:45:00,LONG,24919.75,24840.93825,3,0.100,-159.62,false
434,2026-02-19 10:45:00,LONG,24919.75,24840.8835,6,0.100,-159.73,false
371,2026-02-19 11:50:00,SHORT,24868.75,24922.85325,4,0.301,164.06,true
427,2026-02-19 11:50:00,SHORT,24868.75,24926.06175,3,0.301,164.06,true
434,2026-02-19 11:50:00,SHORT,24868.75,24926.1165,3,0.301,164.06,true
410,2026-02-19 12:05:00,SHORT,24830.25,24904.65525,5,0.018,-150.81,false
411,2026-02-19 12:10:00,SHORT,24845.5,24879.5565,5,0.049,-70.11,false
437,2026-02-19 12:50:00,SHORT,24792.5,24900.71675,5,0.109,-218.43,false
423,2026-02-19 13:00:00,SHORT,24772.25,24851.4445,10,0.058,-160.39,false
433,2026-02-19 13:00:00,SHORT,24772.25,24851.50775,19,0.058,-160.52,false
432,2026-02-19 13:30:00,SHORT,24777,24841.00775,8,0.028,-130.02,false
432,2026-02-19 14:00:00,LONG,24829,24774.99225,1,0.051,-110.02,false
433,2026-02-19 14:05:00,LONG,24840.5,24774.99225,1,0.022,-133.02,false
433,2026-02-19 14:45:00,SHORT,24766.5,24856.50775,1,0.014,-182.02,false
426,2026-02-19 14:50:00,SHORT,24776.5,24825.81175,9,0.006,-100.62,false
432,2026-02-19 14:50:00,SHORT,24776.5,24825.75775,1,0.006,-100.52,false
426,2026-02-19 15:40:00,LONG,24807.75,24766.18825,0,0.444,164.06,true
432,2026-02-19 15:50:00,LONG,24837,24772.74225,1,0.371,164.06,true
433,2026-02-19 15:55:00,LONG,24863.5,24784.49225,3,0.304,164.06,true
423,2026-02-19 16:00:00,LONG,24864.75,24796.8055,5,0.301,164.06,true
437,2026-02-19 18:35:00,LONG,24879,24818.03325,5,0.265,164.38,true
411,2026-02-19 18:40:00,LONG,24872.25,24837.9435,5,0.282,164.38,true
410,2026-02-19 19:35:00,LONG,24897,24847.59475,6,0.220,164.38,true
371,2026-02-19 19:40:00,LONG,24897.75,24862.14675,5,0.218,164.38,true
434,2026-02-19 20:10:00,LONG,24933,24858.8835,4,0.130,-150.23,false
427,2026-02-19 20:20:00,LONG,24922.75,24858.93825,1,0.155,-129.62,false
427,2026-02-19 21:25:00,SHORT,24888.5,24925.31175,2,0.026,-75.62,false
427,2026-02-20 00:30:00,LONG,24941.5,24885.18825,5,0.108,-114.62,false
428,2026-02-20 00:35:00,LONG,24933.75,24896.68825,15,0.128,-76.12,false
438,2026-02-20 04:15:00,LONG,24978.25,24924.53325,9,0.016,-109.43,false
401,2026-02-20 04:25:00,LONG,24976.25,24935.77825,6,0.014,-82.94,false
401,2026-02-20 04:55:00,SHORT,24937.25,24979.97175,0,0.648,164.38,true
438,2026-02-20 05:30:00,SHORT,24920,24968.46675,0,0.605,164.38,true
428,2026-02-20 06:05:00,SHORT,24870,24942.31175,7,0.480,164.38,true
427,2026-02-20 06:10:00,SHORT,24868.75,24934.56175,5,0.477,164.38,true
434,2026-02-20 06:10:00,SHORT,24868.75,24934.6165,10,0.477,164.38,true
371,2026-02-20 06:15:00,SHORT,24863.25,24907.35325,6,0.463,164.38,true
410,2026-02-20 06:50:00,SHORT,24835,24895.15525,2,0.392,164.38,true
411,2026-02-20 06:55:00,SHORT,24830.5,24895.3065,5,0.381,164.38,true
437,2026-02-20 06:55:00,SHORT,24830.5,24878.96675,2,0.381,164.38,true
423,2026-02-20 07:30:00,SHORT,24801.75,24857.4445,7,0.024,-113.39,false
433,2026-02-20 07:40:00,SHORT,24804,24857.50775,2,0.030,-109.02,false
433,2026-02-20 08:05:00,LONG,24828,24783.99225,0,0.090,-90.02,false
426,2026-02-20 08:45:00,SHORT,24732.25,24871.06175,3,0.135,-279.62,false
432,2026-02-20 08:45:00,SHORT,24732.25,24871.00775,3,0.135,-279.52,false
433,2026-02-20 08:45:00,SHORT,24732.25,24871.00775,1,0.135,-279.52,false
436,2026-02-20 08:50:00,SHORT,24747.75,24870.96675,8,0.174,-248.43,false
409,2026-02-20 09:20:00,SHORT,24713.5,24782.65525,6,0.088,-140.31,false
431,2026-02-20 09:20:00,SHORT,24713.5,24783.50775,6,0.088,-142.02,false
422,2026-02-20 09:25:00,SHORT,24715.5,24766.4445,3,0.093,-103.89,false
425,2026-02-20 09:25:00,SHORT,24715.5,24766.56175,1,0.093,-104.12,false
409,2026-02-20 09:45:00,LONG,24896.5,24671.34475,0,0.609,164.38,true
422,2026-02-20 09:45:00,LONG,24896.5,24670.5555,0,0.609,164.38,true
423,2026-02-20 09:45:00,LONG,24896.5,24670.5555,2,0.609,164.38,true
425,2026-02-20 09:45:00,LONG,24896.5,24670.43825,0,0.609,164.38,true
426,2026-02-20 09:45:00,LONG,24896.5,24670.43825,1,0.609,164.38,true
431,2026-02-20 09:45:00,LONG,24896.5,24670.49225,0,0.609,164.38,true
432,2026-02-20 09:45:00,LONG,24896.5,24670.49225,0,0.609,164.38,true
433,2026-02-20 09:45:00,LONG,24896.5,24670.49225,0,0.609,164.38,true
436,2026-02-20 09:45:00,LONG,24896.5,24670.53325,1,0.609,164.38,true
411,2026-02-20 09:50:00,LONG,24875.5,24786.4435,2,0.661,164.38,true
437,2026-02-20 09:50:00,LONG,24875.5,24785.78325,3,0.661,164.38,true
410,2026-02-20 10:05:00,LONG,24981.25,24786.59475,0,0.397,164.38,true
371,2026-02-20 10:10:00,LONG,24928,24849.14675,2,0.530,164.38,true
427,2026-02-20 10:10:00,LONG,24928,24845.93825,1,0.530,164.38,true
434,2026-02-20 10:10:00,LONG,24928,24845.8835,3,0.530,164.38,true
428,2026-02-20 10:15:00,LONG,24966,24850.18825,1,0.435,164.38,true
438,2026-02-20 10:45:00,LONG,25075.5,24852.78325,3,0.160,-447.43,false
439,2026-02-20 10:45:00,LONG,25075.5,24900.03325,4,0.160,-352.93,false
441,2026-02-20 10:45:00,LONG,25075.5,24900.01775,3,0.160,-352.96,false
401,2026-02-20 10:50:00,LONG,25113.5,24916.77825,3,0.065,-395.44,false
435,2026-02-20 10:50:00,LONG,25113.5,24915.6335,3,0.065,-397.73,false
440,2026-02-20 10:50:00,LONG,25113.5,24915.76775,5,0.065,-397.46,false
402,2026-02-20 10:55:00,LONG,25118.75,24944.77825,2,0.052,-349.94,false
365,2026-02-20 11:00:00,LONG,25123.5,25021.23525,2,0.004,-206.53,false
397,2026-02-20 11:00:00,LONG,25123.5,25019.4095,1,0.004,-210.18,false
403,2026-02-20 11:00:00,LONG,25123.5,25019.02825,2,0.004,-210.94,false
442,2026-02-20 11:00:00,LONG,25123.5,24943.76775,1,0.018,-361.46,false
365,2026-02-20 11:20:00,SHORT,25011,25129.76475,0,0.110,-239.53,false
397,2026-02-20 11:25:00,SHORT,24977.5,25126.0905,0,0.026,-299.18,false
403,2026-02-20 11:25:00,SHORT,24977.5,25126.47175,0,0.026,-299.94,false
442,2026-02-20 11:25:00,SHORT,24977.5,25127.48225,0,0.026,-301.96,false
402,2026-02-20 11:30:00,SHORT,25040,25092.72175,0,0.065,-107.44,false
397,2026-02-20 11:50:00,LONG,25122.25,25007.6595,0,0.011,-231.18,false
402,2026-02-20 11:50:00,LONG,25122.25,25007.27825,0,0.011,-231.94,false
403,2026-02-20 11:50:00,LONG,25122.25,25007.27825,0,0.011,-231.94,false
442,2026-02-20 11:50:00,LONG,25122.25,25006.26775,0,0.011,-233.96,false
397,2026-02-20 12:15:00,SHORT,24926.75,25115.8405,0,0.119,-380.18,false
403,2026-02-20 12:15:00,SHORT,24926.75,25116.22175,0,0.119,-380.94,false
442,2026-02-20 12:15:00,SHORT,24926.75,25117.23225,0,0.119,-382.96,false
402,2026-02-20 12:20:00,SHORT,24886.5,25079.97175,0,0.018,-388.94,false
435,2026-02-20 12:20:00,SHORT,24886.5,25081.1165,2,0.018,-391.23,false
439,2026-02-20 12:25:00,SHORT,24926.25,25042.21675,1,0.036,-233.93,false
441,2026-02-20 12:25:00,SHORT,24926.25,25042.23225,1,0.036,-233.96,false
440,2026-02-20 12:30:00,SHORT,24954,24990.73225,1,0.105,-75.46,false
440,2026-02-20 12:55:00,LONG,25034.25,24904.01775,0,0.220,164.38,true
439,2026-02-20 13:00:00,LONG,25006,24933.03325,0,0.093,-147.93,false
441,2026-02-20 13:00:00,LONG,25006,24933.01775,0,0.093,-147.96,false
439,2026-02-20 13:25:00,SHORT,24964.75,25032.71675,0,0.092,-137.93,false
439,2026-02-20 13:45:00,LONG,25084.5,24920.03325,0,0.086,-330.93,false
435,2026-02-20 13:50:00,LONG,25101.5,24919.8835,2,0.043,-365.23,false
397,2026-02-20 13:55:00,LONG,25097.75,25015.4095,0,0.053,-166.68,false
402,2026-02-20 13:55:00,LONG,25097.75,25015.02825,1,0.053,-167.44,false
442,2026-02-20 13:55:00,LONG,25097.75,25014.01775,1,0.053,-169.46,false
403,2026-02-20 14:00:00,LONG,25103,25015.02825,0,0.003,-177.94,false
403,2026-02-20 14:20:00,SHORT,25071.75,25111.22175,0,1.012,164.38,true
397,2026-02-20 14:35:00,SHORT,25049.75,25110.8405,0,0.956,164.38,true
442,2026-02-20 14:45:00,SHORT,25039,25112.23225,0,0.930,164.38,true
402,2026-02-20 14:50:00,SHORT,25038.75,25084.47175,1,0.061,-93.44,false
402,2026-02-20 16:05:00,LONG,25080.25,25028.02825,2,0.005,-106.44,false
442,2026-02-20 16:10:00,LONG,25078.5,25027.01775,3,0.006,-104.96,false
442,2026-02-22 18:10:00,SHORT,25051.75,25088.98225,1,0.941,168.09,true
402,2026-02-22 18:25:00,SHORT,24980,25066.72175,0,0.765,168.09,true
444,2026-02-22 18:30:00,SHORT,24974.5,25065.91,1,0.751,168.09,true
435,2026-02-22 18:35:00,SHORT,24963.75,25045.8665,5,0.725,168.09,true
443,2026-02-22 18:35:00,SHORT,24963.75,25045.91,0,0.725,168.09,true
439,2026-02-22 18:40:00,SHORT,24940.5,25017.71675,0,0.327,168.09,true
441,2026-02-22 18:45:00,SHORT,24971.25,25017.73225,2,0.402,168.09,true
440,2026-02-22 19:10:00,SHORT,24933.5,25017.73225,3,0.309,168.09,true
401,2026-02-22 19:15:00,SHORT,24927.25,24977.97175,6,0.294,168.09,true
438,2026-02-22 19:15:00,SHORT,24927.25,24978.96675,7,0.294,168.09,true
428,2026-02-22 19:35:00,SHORT,24885.75,24935.56175,3,0.192,-101.62,false
427,2026-02-22 19:40:00,SHORT,24883.75,24935.56175,4,0.188,-105.62,false
434,2026-02-22 19:50:00,SHORT,24883.25,24919.3665,2,0.186,-74.23,false
371,2026-02-22 20:05:00,SHORT,24872.75,24906.85325,3,0.161,-70.21,false
410,2026-02-22 20:35:00,SHORT,24863.5,24894.90525,3,0.138,-64.81,false
411,2026-02-22 21:00:00,SHORT,24841.25,24889.0565,6,0.083,-97.61,false
437,2026-02-22 21:20:00,SHORT,24828.25,24889.71675,5,0.051,-124.93,false
437,2026-02-23 01:55:00,LONG,24867,24828.03325,8,0.424,168.09,true
411,2026-02-23 02:05:00,LONG,24893.75,24833.6935,4,0.358,168.09,true
410,2026-02-23 02:10:00,LONG,24909.75,24849.84475,2,0.319,168.09,true
371,2026-02-23 02:15:00,LONG,24905,24858.39675,2,0.331,168.09,true
434,2026-02-23 02:20:00,LONG,24902.25,24855.1335,1,0.338,168.09,true
427,2026-02-23 03:55:00,LONG,24929.75,24870.18825,6,0.270,168.09,true
428,2026-02-23 04:00:00,LONG,24962,24875.68825,4,0.191,-174.62,false
401,2026-02-23 04:15:00,LONG,24982,24923.77825,0,0.054,-118.44,false
438,2026-02-23 04:15:00,LONG,24982,24922.78325,0,0.054,-120.43,false
440,2026-02-23 04:20:00,LONG,24981.25,24922.76775,0,0.056,-118.96,false
440,2026-02-23 06:40:00,SHORT,24948.25,24990.23225,3,0.158,-85.96,false
401,2026-02-23 06:50:00,SHORT,24917.75,24976.97175,4,0.083,-120.44,false
438,2026-02-23 06:55:00,SHORT,24929.5,24968.96675,1,0.112,-80.93,false
428,2026-02-23 07:55:00,SHORT,24904.75,24940.31175,2,0.043,-73.12,false
428,2026-02-23 08:45:00,LONG,24942.5,24879.18825,0,0.239,168.09,true
401,2026-02-23 09:35:00,LONG,24996.25,24930.77825,3,0.002,-132.94,false
438,2026-02-23 09:35:00,LONG,24996.25,24925.53325,5,0.002,-143.43,false
401,2026-02-23 09:55:00,SHORT,24913.25,25003.97175,0,0.601,168.09,true
438,2026-02-23 09:55:00,SHORT,24913.25,25004.96675,0,0.601,168.09,true
427,2026-02-23 10:10:00,SHORT,24873.75,24960.31175,6,0.504,168.09,true
428,2026-02-23 10:10:00,SHORT,24873.75,25005.06175,0,0.504,168.09,true
434,2026-02-23 10:10:00,SHORT,24873.75,24960.3665,7,0.504,168.09,true
371,2026-02-23 10:35:00,SHORT,24844,24934.85325,8,0.431,168.09,true
410,2026-02-23 10:40:00,SHORT,24828.75,24937.15525,4,0.394,168.09,true
411,2026-02-23 10:40:00,SHORT,24828.75,24911.5565,3,0.394,168.09,true
437,2026-02-23 10:50:00,SHORT,24775.5,24908.46675,2,0.263,168.09,true
423,2026-02-23 11:00:00,SHORT,24708.75,24880.4445,14,0.100,-345.39,false
426,2026-02-23 11:05:00,SHORT,24683.5,24847.31175,0,0.038,-329.62,false
432,2026-02-23 11:05:00,SHORT,24683.5,24847.25775,2,0.038,-329.52,false
433,2026-02-23 11:05:00,SHORT,24683.5,24847.25775,9,0.038,-329.52,false
409,2026-02-23 11:10:00,SHORT,24683,24787.90525,0,0.037,-211.81,false
422,2026-02-23 11:10:00,SHORT,24683,24788.6945,0,0.037,-213.39,false
431,2026-02-23 11:10:00,SHORT,24683,24788.75775,0,0.037,-213.52,false
436,2026-02-23 11:10:00,SHORT,24683,24788.71675,0,0.037,-213.43,false
422,2026-02-23 11:35:00,LONG,24759.5,24702.8055,0,0.055,-115.39,false
431,2026-02-23 11:35:00,LONG,24759.5,24702.74225,0,0.055,-115.52,false
409,2026-02-23 11:40:00,LONG,24764.25,24715.59475,0,0.014,-99.31,false
409,2026-02-23 12:40:00,SHORT,24701,24777.15525,0,0.018,-154.31,false
422,2026-02-23 12:40:00,SHORT,24701,24768.1945,2,0.018,-136.39,false
431,2026-02-23 12:40:00,SHORT,24701,24790.00775,0,0.018,-180.02,false
400,2026-02-23 12:45:00,SHORT,24701.5,24752.72175,11,0.004,-104.44,false
425,2026-02-23 12:45:00,SHORT,24701.5,24753.81175,5,0.004,-106.62,false
400,2026-02-23 13:05:00,LONG,24774,24693.02825,0,0.113,-163.94,false
425,2026-02-23 13:05:00,LONG,24774,24691.93825,0,0.113,-166.12,false
422,2026-02-23 13:10:00,LONG,24784,24692.0555,0,0.089,-185.89,false
409,2026-02-23 13:15:00,LONG,24785.75,24692.84475,0,0.085,-187.81,false
431,2026-02-23 13:15:00,LONG,24785.75,24691.99225,0,0.085,-189.52,false
436,2026-02-23 13:15:00,LONG,24785.75,24724.03325,5,0.085,-125.43,false
426,2026-02-23 13:30:00,LONG,24804.5,24752.93825,1,0.037,-105.12,false
426,2026-02-23 14:00:00,SHORT,24730.75,24827.81175,0,0.127,-196.12,false
436,2026-02-23 14:05:00,SHORT,24743.25,24802.96675,0,0.158,-121.43,false
409,2026-02-23 14:25:00,SHORT,24714.75,24802.15525,0,0.088,-176.81,false
431,2026-02-23 14:25:00,SHORT,24714.75,24803.00775,0,0.088,-178.52,false
422,2026-02-23 14:35:00,SHORT,24709.25,24768.4445,0,0.075,-120.39,false
425,2026-02-23 14:35:00,SHORT,24709.25,24762.31175,1,0.075,-108.12,false
400,2026-02-23 14:40:00,SHORT,24698.25,24748.72175,3,0.048,-102.94,false
400,2026-02-23 16:05:00,LONG,24779,24697.52825,1,0.302,168.09,true
409,2026-02-23 16:10:00,LONG,24781.5,24703.59475,2,0.296,168.09,true
422,2026-02-23 16:10:00,LONG,24781.5,24702.8055,2,0.296,168.09,true
425,2026-02-23 16:10:00,LONG,24781.5,24702.68825,1,0.296,168.09,true
431,2026-02-23 16:10:00,LONG,24781.5,24702.74225,2,0.296,168.09,true
436,2026-02-23 16:10:00,LONG,24781.5,24702.78325,0,0.296,168.09,true
426,2026-02-23 18:35:00,LONG,24816.5,24758.93825,3,0.207,-117.12,false
432,2026-02-23 18:40:00,LONG,24812.75,24776.99225,4,0.014,-73.52,false
433,2026-02-23 21:15:00,LONG,24844,24786.99225,9,0.107,-116.02,false
423,2026-02-23 21:20:00,LONG,24862.75,24790.8055,7,0.061,-145.89,false
437,2026-02-23 21:30:00,LONG,24873.5,24824.53325,0,0.036,-99.93,false
448,2026-02-23 21:30:00,LONG,24873.5,24818.45025,2,0.036,-112.10,false
411,2026-02-23 21:55:00,LONG,24869.75,24834.9435,0,0.045,-71.61,false
410,2026-02-24 00:10:00,LONG,24882,24851.09475,1,0.004,-63.81,false
410,2026-02-24 00:30:00,SHORT,24851.5,24890.65525,0,0.218,171.00,true
411,2026-02-24 00:55:00,SHORT,24841,24890.8065,0,0.193,-101.61,false
437,2026-02-24 00:55:00,SHORT,24841,24873.96675,1,0.193,-67.93,false
423,2026-02-24 03:10:00,SHORT,24793.25,24850.9445,5,0.078,-117.39,false
448,2026-02-24 03:10:00,SHORT,24793.25,24860.29975,5,0.078,-136.10,false
433,2026-02-24 03:15:00,SHORT,24789.75,24842.00775,1,0.069,-106.52,false
426,2026-02-24 03:50:00,SHORT,24770.75,24829.31175,9,0.000,-119.12,false
432,2026-02-24 03:50:00,SHORT,24770.75,24829.25775,6,0.000,-119.02,false
426,2026-02-24 04:15:00,LONG,24828,24763.68825,0,0.179,-130.62,false
432,2026-02-24 04:15:00,LONG,24828,24763.74225,0,0.179,-130.52,false
433,2026-02-24 04:20:00,LONG,24825.75,24780.24225,2,0.184,-93.02,false
423,2026-02-24 04:55:00,LONG,24846.5,24786.3055,3,0.134,-122.39,false
448,2026-02-24 07:10:00,LONG,24872.25,24807.45025,6,0.003,-131.60,false
448,2026-02-24 07:45:00,SHORT,24800.5,24862.54975,0,0.008,-126.10,false
437,2026-02-24 08:50:00,LONG,24879.5,24815.53325,12,0.030,-129.93,false
448,2026-02-24 08:50:00,LONG,24879.5,24815.20025,1,0.030,-130.60,false
411,2026-02-24 08:55:00,LONG,24877.25,24830.9435,9,0.004,-94.61,false
411,2026-02-24 09:25:00,SHORT,24804.75,24886.0565,0,0.266,171.00,true
437,2026-02-24 09:25:00,SHORT,24804.75,24876.71675,0,0.266,171.00,true
448,2026-02-24 09:30:00,SHORT,24739,24872.79975,0,0.107,-269.60,false
423,2026-02-24 09:35:00,SHORT,24803,24849.1945,7,0.005,-94.39,false
411,2026-02-24 09:55:00,LONG,24877.25,24793.4435,0,1.488,171.00,true
423,2026-02-24 09:55:00,LONG,24877.25,24792.8055,0,1.488,171.00,true
437,2026-02-24 09:55:00,LONG,24877.25,24792.78325,0,1.488,171.00,true
448,2026-02-24 09:55:00,LONG,24877.25,24792.45025,0,1.488,171.00,true
410,2026-02-24 10:25:00,LONG,25011.75,24830.59475,7,1.164,171.00,true
371,2026-02-24 10:30:00,LONG,25009.75,24848.89675,12,1.169,171.00,true
427,2026-02-24 10:30:00,LONG,25009.75,24845.68825,5,1.169,171.00,true
434,2026-02-24 10:30:00,LONG,25009.75,24845.6335,9,1.169,171.00,true
401,2026-02-24 10:35:00,LONG,25000.75,24881.02825,2,1.190,171.00,true
428,2026-02-24 10:35:00,LONG,25000.75,24879.93825,3,1.190,171.00,true
438,2026-02-24 10:35:00,LONG,25000.75,24880.03325,2,1.190,171.00,true
439,2026-02-24 10:40:00,LONG,25017.25,24926.78325,7,1.151,171.00,true
440,2026-02-24 10:40:00,LONG,25017.25,24926.76775,4,1.151,171.00,true
441,2026-02-24 10:40:00,LONG,25017.25,24926.76775,8,1.151,171.00,true
443,2026-02-24 11:15:00,LONG,25019.25,24966.09,7,1.146,171.00,true
435,2026-02-24 12:10:00,LONG,25055.25,24978.3835,6,1.059,171.00,true
444,2026-02-24 12:15:00,LONG,25050.5,25013.09,4,0.068,-76.82,false
444,2026-02-24 13:30:00,SHORT,25029.25,25064.16,2,0.098,-71.82,false
435,2026-02-24 14:25:00,SHORT,25002.75,25044.8665,3,0.006,-86.23,false
435,2026-02-24 18:40:00,LONG,25033,24993.6335,5,1.088,174.90,true
444,2026-02-24 19:50:00,LONG,25070.5,25009.09,8,0.104,-124.82,false
402,2026-02-24 19:55:00,LONG,25071,25035.77825,6,0.103,-72.44,false
442,2026-02-24 20:20:00,LONG,25074,25034.76775,7,0.095,-80.46,false
397,2026-02-24 20:45:00,LONG,25106.5,25063.4095,10,0.019,-88.18,false
403,2026-02-24 20:45:00,LONG,25106.5,25063.02825,10,0.019,-88.94,false
365,2026-02-24 20:55:00,LONG,25103.5,25080.23525,3,0.026,-48.53,false
365,2026-02-24 22:15:00,SHORT,25070.5,25114.26475,2,0.180,-89.53,false
397,2026-02-24 22:25:00,SHORT,25069.5,25105.5905,1,0.178,-74.18,false
403,2026-02-24 22:25:00,SHORT,25069.5,25105.97175,1,0.178,-74.94,false
442,2026-02-24 22:40:00,SHORT,25058,25090.48225,1,0.095,-66.96,false
402,2026-02-24 23:15:00,SHORT,25037.5,25088.22175,3,0.047,-103.44,false
402,2026-02-25 03:25:00,LONG,25075,25029.52825,6,0.989,174.90,true
442,2026-02-25 04:45:00,LONG,25075.75,25040.76775,7,0.987,174.90,true
397,2026-02-25 06:40:00,LONG,25108.75,25061.9095,11,0.910,174.90,true
403,2026-02-25 06:40:00,LONG,25108.75,25061.52825,13,0.910,174.90,true
365,2026-02-25 06:45:00,LONG,25113.75,25076.73525,1,0.898,174.90,true
404,2026-02-25 07:00:00,LONG,25120.5,25074.52825,18,0.882,174.90,true
372,2026-02-25 07:30:00,LONG,25138.75,25105.14675,7,0.839,174.90,true
445,2026-02-25 09:05:00,LONG,25166.25,25101.84,1,0.774,174.90,true
412,2026-02-25 09:35:00,LONG,25245.75,25127.4435,7,0.587,174.90,true
418,2026-02-25 09:40:00,LONG,25271.25,25136.45025,2,0.527,174.90,true
450,2026-02-25 09:40:00,LONG,25271.25,25126.263,3,0.527,174.90,true
366,2026-02-25 09:45:00,LONG,25319,25151.98525,2,0.414,174.90,true
373,2026-02-25 09:45:00,LONG,25319,25151.89675,0,0.414,174.90,true
375,2026-02-25 09:45:00,LONG,25319,25151.5375,0,0.414,174.90,true
413,2026-02-25 09:45:00,LONG,25319,25149.4435,0,0.414,174.90,true
414,2026-02-25 09:45:00,LONG,25319,25149.24725,0,0.414,174.90,true
419,2026-02-25 09:45:00,LONG,25319,25149.20025,0,0.414,174.90,true
361,2026-02-25 09:50:00,LONG,25335,25212.41475,2,0.376,174.90,true
398,2026-02-25 09:50:00,LONG,25335,25150.1595,2,0.376,174.90,true
242,2026-02-25 09:55:00,LONG,25343.25,25227.7475,1,0.357,174.90,true
367,2026-02-25 09:55:00,LONG,25343.25,25228.98525,0,0.357,174.90,true
245,2026-02-25 10:00:00,LONG,25334.5,25264.7285,0,0.022,-141.54,false
362,2026-02-25 10:00:00,LONG,25334.5,25266.16475,0,0.022,-138.67,false
368,2026-02-25 10:00:00,LONG,25334.5,25266.23525,0,0.022,-138.53,false
399,2026-02-25 10:00:00,LONG,25334.5,25264.4095,0,0.378,174.90,true
420,2026-02-25 10:00:00,LONG,25334.5,25263.45025,0,0.378,174.90,true
362,2026-02-25 10:20:00,SHORT,25308.5,25348.83525,0,0.104,-82.67,false
420,2026-02-25 10:20:00,SHORT,25308.5,25351.54975,0,0.104,-88.10,false
368,2026-02-25 10:40:00,SHORT,25298,25346.26475,1,0.079,-98.53,false
399,2026-02-25 10:45:00,SHORT,25301.5,25348.0905,1,0.087,-95.18,false
368,2026-02-25 11:45:00,LONG,25323.5,25278.98525,3,0.404,174.90,true
399,2026-02-25 11:50:00,LONG,25324.25,25286.6595,3,0.402,174.90,true
362,2026-02-25 12:20:00,LONG,25335.75,25305.66475,3,0.375,174.90,true
420,2026-02-25 12:20:00,LONG,25335.75,25285.70025,2,0.375,174.90,true
415,2026-02-25 13:00:00,LONG,25346.75,25307.49725,5,0.349,174.90,true
280,2026-02-25 14:10:00,LONG,25365.75,25331.97225,6,0.304,174.90,true
369,2026-02-25 15:50:00,LONG,25387,25349.48525,1,0.254,174.90,true
395,2026-02-25 16:00:00,LONG,25384,25348.163,6,0.261,174.90,true
370,2026-02-25 16:30:00,LONG,25477.5,25364.23525,6,0.041,-228.53,false
107,2026-02-25 16:40:00,LONG,25459,25372.1575,13,0.029,-175.68,false
244,2026-02-25 16:40:00,LONG,25459,25370.2475,5,0.029,-179.50,false
251,2026-02-25 16:40:00,LONG,25459,25369.666,15,0.029,-180.67,false
283,2026-02-25 16:40:00,LONG,25459,25367.47225,11,0.029,-185.06,false
335,2026-02-25 16:40:00,LONG,25459,25369.77625,4,0.029,-180.45,false
374,2026-02-25 16:40:00,LONG,25459,25365.14675,5,0.029,-189.71,false
416,2026-02-25 16:40:00,LONG,25459,25362.48775,4,0.029,-195.02,false
107,2026-02-25 18:15:00,SHORT,25376,25422.3425,0,2.109,175.73,true
251,2026-02-25 18:15:00,SHORT,25376,25424.834,0,2.109,175.73,true
244,2026-02-25 18:20:00,SHORT,25368.25,25424.2525,0,2.091,175.73,true
335,2026-02-25 18:20:00,SHORT,25368.25,25424.72375,0,2.091,175.73,true
374,2026-02-25 18:25:00,SHORT,25383.5,25410.60325,1,0.279,175.73,true
416,2026-02-25 18:25:00,SHORT,25383.5,25413.26225,1,0.279,175.73,true
370,2026-02-25 18:40:00,SHORT,25309.25,25410.51475,1,0.104,-204.53,false
453,2026-02-25 18:40:00,SHORT,25309.25,25414.2765,1,0.104,-212.05,false
280,2026-02-25 18:45:00,SHORT,25317.5,25396.27775,1,0.124,-159.56,false
369,2026-02-25 18:45:00,SHORT,25317.5,25392.26475,4,0.124,-151.53,false
395,2026-02-25 18:45:00,SHORT,25317.5,25393.587,4,0.124,-154.17,false
452,2026-02-25 18:45:00,SHORT,25317.5,25396.0265,2,0.124,-159.05,false
362,2026-02-25 18:50:00,SHORT,25309.25,25359.83525,2,0.104,-103.17,false
415,2026-02-25 18:50:00,SHORT,25309.25,25362.50275,2,0.104,-108.51,false
420,2026-02-25 20:15:00,SHORT,25310.75,25349.04975,3,0.108,-78.60,false
368,2026-02-25 20:30:00,SHORT,25287.75,25319.51475,5,0.005,-65.53,false
399,2026-02-25 20:30:00,SHORT,25287.75,25330.8405,7,0.011,-88.18,false
368,2026-02-25 20:50:00,LONG,25311.25,25280.73525,0,0.244,175.73,true
368,2026-02-26 00:10:00,SHORT,25285.25,25315.01475,6,0.004,-61.53,false
368,2026-02-26 01:05:00,LONG,25324.75,25289.73525,2,0.212,175.73,true
399,2026-02-26 01:15:00,LONG,25323.75,25293.1595,8,0.215,175.73,true
420,2026-02-26 01:40:00,LONG,25334.75,25299.45025,5,0.189,-72.60,false
362,2026-02-26 01:45:00,LONG,25336,25311.91475,5,0.186,-50.17,false
415,2026-02-26 02:15:00,LONG,25347,25314.74725,6,0.160,-66.51,false
280,2026-02-26 03:20:00,LONG,25369.75,25319.97225,5,0.107,-101.56,false
369,2026-02-26 04:35:00,LONG,25391.25,25348.98525,3,0.024,-86.53,false
452,2026-02-26 04:35:00,LONG,25391.25,25337.4735,6,0.056,-109.55,false
370,2026-02-26 04:45:00,LONG,25399.25,25359.23525,3,0.000,-82.03,false
395,2026-02-26 04:45:00,LONG,25399.25,25357.913,3,0.000,-84.67,false
370,2026-02-26 05:30:00,SHORT,25366.25,25403.76475,0,0.049,-77.03,false
395,2026-02-26 05:30:00,SHORT,25366.25,25391.587,1,0.049,-52.67,false
369,2026-02-26 06:00:00,SHORT,25356.75,25384.26475,0,0.018,-57.03,false
369,2026-02-26 07:30:00,LONG,25384.75,25354.98525,3,0.072,-61.53,false
395,2026-02-26 07:30:00,LONG,25384.75,25357.163,3,0.072,-57.17,false
370,2026-02-26 08:30:00,LONG,25400,25359.98525,3,0.036,-82.03,false
453,2026-02-26 08:35:00,LONG,25397,25356.2235,9,0.043,-83.55,false
370,2026-02-26 09:30:00,SHORT,25271.75,25395.01475,1,2.157,175.73,true
453,2026-02-26 09:30:00,SHORT,25271.75,25419.2765,1,2.157,175.73,true
369,2026-02-26 09:35:00,SHORT,25275.25,25388.26475,3,2.166,175.73,true
395,2026-02-26 09:35:00,SHORT,25275.25,25389.587,4,2.166,175.73,true
452,2026-02-26 09:35:00,SHORT,25275.25,25392.0265,6,2.166,175.73,true
280,2026-02-26 09:40:00,SHORT,25266.5,25379.52775,8,2.145,175.73,true
415,2026-02-26 09:40:00,SHORT,25266.5,25378.25275,3,2.145,175.73,true
245,2026-02-26 09:45:00,SHORT,25230.25,25348.2715,19,2.060,175.73,true
362,2026-02-26 09:45:00,SHORT,25230.25,25346.83525,2,2.060,175.73,true
368,2026-02-26 09:45:00,SHORT,25230.25,25346.76475,0,2.060,175.73,true
399,2026-02-26 09:45:00,SHORT,25230.25,25348.5905,1,2.060,175.73,true
420,2026-02-26 09:45:00,SHORT,25230.25,25349.54975,1,2.060,175.73,true
367,2026-02-26 09:50:00,SHORT,25216.25,25346.76475,8,2.027,175.73,true
242,2026-02-26 09:55:00,SHORT,25193,25299.5025,3,1.973,175.73,true
361,2026-02-26 09:55:00,SHORT,25193,25298.33525,1,1.973,175.73,true
366,2026-02-26 10:00:00,SHORT,25173.25,25270.76475,1,1.926,175.73,true
373,2026-02-26 10:00:00,SHORT,25173.25,25270.85325,1,1.926,175.73,true
398,2026-02-26 10:00:00,SHORT,25173.25,25272.5905,1,1.926,175.73,true
414,2026-02-26 10:05:00,SHORT,25145.75,25273.50275,0,1.862,175.73,true
413,2026-02-26 10:10:00,SHORT,25066.25,25261.5565,0,1.675,175.73,true
419,2026-02-26 10:10:00,SHORT,25066.25,25249.04975,1,1.675,175.73,true
375,2026-02-26 10:15:00,SHORT,24955,25215.9625,1,1.414,175.73,true
412,2026-02-26 10:15:00,SHORT,24955,25218.0565,0,1.414,175.73,true
418,2026-02-26 10:15:00,SHORT,24955,25218.29975,0,1.414,175.73,true
450,2026-02-26 10:15:00,SHORT,24955,25219.237,0,1.414,175.73,true
445,2026-02-26 10:20:00,SHORT,24916.75,25218.91,2,1.325,175.73,true
365,2026-02-26 10:25:00,SHORT,24932.25,25178.76475,0,1.361,175.73,true
372,2026-02-26 10:25:00,SHORT,24932.25,25178.85325,6,1.361,175.73,true
397,2026-02-26 10:25:00,SHORT,24932.25,25180.5905,0,1.361,175.73,true
403,2026-02-26 10:25:00,SHORT,24932.25,25180.97175,0,1.361,175.73,true
404,2026-02-26 10:25:00,SHORT,24932.25,25180.97175,1,1.361,175.73,true
442,2026-02-26 10:25:00,SHORT,24932.25,25181.98225,4,1.361,175.73,true
401,2026-02-26 10:30:00,SHORT,24871.25,25074.22175,0,0.001,-407.94,false
402,2026-02-26 10:30:00,SHORT,24871.25,25074.22175,7,0.001,-407.94,false
435,2026-02-26 10:30:00,SHORT,24871.25,25075.3665,5,0.001,-410.23,false
438,2026-02-26 10:30:00,SHORT,24871.25,25075.21675,0,0.001,-409.93,false
439,2026-02-26 10:30:00,SHORT,24871.25,25075.21675,10,0.001,-409.93,false
440,2026-02-26 10:30:00,SHORT,24871.25,25075.23225,2,0.001,-409.96,false
441,2026-02-26 10:30:00,SHORT,24871.25,25075.23225,4,0.001,-409.96,false
443,2026-02-26 10:30:00,SHORT,24871.25,25075.41,13,0.001,-410.32,false
444,2026-02-26 10:30:00,SHORT,24871.25,25075.41,9,0.001,-410.32,false
401,2026-02-26 10:50:00,LONG,25009.5,24864.02825,0,0.210,175.73,true
438,2026-02-26 10:50:00,LONG,25009.5,24863.03325,0,0.210,175.73,true
440,2026-02-26 10:50:00,LONG,25009.5,24863.01775,0,0.210,175.73,true
441,2026-02-26 10:55:00,LONG,24998.75,24863.01775,0,0.235,175.73,true
439,2026-02-26 11:10:00,LONG,25047,24951.28325,0,0.090,-193.43,false
443,2026-02-26 11:10:00,LONG,25047,24951.09,0,0.090,-193.82,false
435,2026-02-26 11:20:00,LONG,25048.75,24972.3835,1,0.086,-154.73,false
444,2026-02-26 11:30:00,LONG,25064.5,25011.84,1,0.009,-107.32,false
444,2026-02-26 11:50:00,SHORT,24977.5,25076.41,0,0.208,-199.82,false
435,2026-02-26 12:00:00,SHORT,24995.5,25076.3665,0,0.250,175.73,true
443,2026-02-26 12:05:00,SHORT,24989,25037.66,1,0.235,175.73,true
439,2026-02-26 12:20:00,SHORT,24965.25,25037.46675,1,0.179,-146.43,false
441,2026-02-26 12:20:00,SHORT,24965.25,25017.23225,2,0.179,-105.96,false
440,2026-02-26 12:50:00,SHORT,24951.25,25000.73225,3,0.147,-100.96,false
401,2026-02-26 13:05:00,SHORT,24905.5,24999.72175,3,0.035,-190.44,false
438,2026-02-26 13:05:00,SHORT,24905.5,25000.71675,0,0.035,-192.43,false
449,2026-02-26 13:10:00,SHORT,24908.25,24959.237,2,0.042,-103.97,false
401,2026-02-26 13:45:00,LONG,24999.75,24901.27825,0,0.233,175.73,true
438,2026-02-26 13:45:00,LONG,24999.75,24900.28325,0,0.233,175.73,true
440,2026-02-26 13:45:00,LONG,24999.75,24900.26775,0,0.233,175.73,true
441,2026-02-26 13:45:00,LONG,24999.75,24900.26775,1,0.233,175.73,true
449,2026-02-26 13:45:00,LONG,24999.75,24899.763,1,0.233,175.73,true
439,2026-02-26 14:05:00,LONG,25055.25,24950.53325,1,0.103,-211.43,false
443,2026-02-26 14:10:00,LONG,25059.5,24978.34,3,0.093,-164.32,false
435,2026-02-26 14:15:00,LONG,25063,24978.3835,1,0.084,-171.23,false
444,2026-02-26 14:15:00,LONG,25063,24980.09,1,0.084,-167.82,false
402,2026-02-26 16:00:00,LONG,25082.5,25020.52825,6,0.014,-125.94,false
402,2026-02-26 16:55:00,SHORT,25028,25078.97175,2,0.172,-103.94,false
444,2026-02-26 18:10:00,SHORT,25017.25,25060.16,4,0.149,-87.82,false
435,2026-02-26 18:40:00,SHORT,24990.25,25046.1165,3,0.085,-113.73,false
443,2026-02-26 18:50:00,SHORT,24995.75,25033.66,2,0.098,-77.82,false
443,2026-02-26 21:55:00,LONG,25031.75,24977.09,6,0.160,-111.32,false
435,2026-02-26 22:05:00,LONG,25031.25,24994.6335,5,0.071,-75.23,false
444,2026-02-27 00:20:00,LONG,25049,25015.84,7,0.029,-68.32,false
444,2026-02-27 01:20:00,SHORT,24997.5,25059.91,0,0.014,-126.82,false
435,2026-02-27 01:25:00,SHORT,25006,25049.8665,4,0.007,-89.73,false
435,2026-02-27 01:45:00,LONG,25035.5,24994.8835,0,0.151,-83.23,false
444,2026-02-27 02:15:00,LONG,25058.75,25013.84,1,0.096,-91.82,false
402,2026-02-27 02:30:00,LONG,25069,25038.52825,4,0.050,-62.94,false
402,2026-02-27 04:50:00,SHORT,25030.75,25085.47175,5,1.324,172.42,true
444,2026-02-27 05:10:00,SHORT,24987.75,25076.66,1,1.221,172.42,true
435,2026-02-27 05:15:00,SHORT,25006.25,25040.8665,2,0.008,-71.23,false
443,2026-02-27 06:15:00,SHORT,24995.25,25043.91,7,1.239,172.42,true
439,2026-02-27 06:45:00,SHORT,24947,25015.71675,10,0.394,172.42,true
441,2026-02-27 06:45:00,SHORT,24947,25010.48225,17,0.394,172.42,true
401,2026-02-27 06:50:00,SHORT,24937.75,25002.97175,2,0.372,172.42,true
440,2026-02-27 06:50:00,SHORT,24937.75,25003.98225,8,0.372,172.42,true
401,2026-02-27 07:20:00,LONG,24990.75,24917.02825,1,0.000,-149.44,false
401,2026-02-27 07:50:00,SHORT,24921.5,24983.72175,0,0.333,172.42,true
438,2026-02-27 07:50:00,SHORT,24921.5,24984.71675,2,0.333,172.42,true
449,2026-02-27 08:15:00,SHORT,24901.5,24965.737,4,0.286,172.42,true
428,2026-02-27 08:25:00,SHORT,24880.25,24950.81175,7,0.235,172.42,true
427,2026-02-27 08:30:00,SHORT,24836.25,24950.81175,8,0.130,-231.12,false
434,2026-02-27 08:35:00,SHORT,24825.25,24932.1165,5,0.103,-215.73,false
371,2026-02-27 08:40:00,SHORT,24839.75,24902.85325,4,0.105,-128.21,false
410,2026-02-27 08:40:00,SHORT,24839.75,24905.15525,1,0.105,-132.81,false
411,2026-02-27 09:15:00,SHORT,24821,24885.3065,4,0.060,-130.61,false
437,2026-02-27 09:25:00,SHORT,24814.25,24885.96675,4,0.022,-145.43,false
448,2026-02-27 09:25:00,SHORT,24814.25,24886.29975,3,0.022,-146.10,false
437,2026-02-27 09:55:00,LONG,24880,24797.03325,0,0.375,172.42,true
448,2026-02-27 09:55:00,LONG,24880,24796.70025,0,0.375,172.42,true
410,2026-02-27 10:00:00,LONG,24921.75,24809.09475,2,0.275,172.42,true
411,2026-02-27 10:00:00,LONG,24921.75,24808.9435,1,0.275,172.42,true
427,2026-02-27 10:10:00,LONG,24953.25,24841.93825,2,0.200,-224.62,false
434,2026-02-27 10:10:00,LONG,24953.25,24841.8835,2,0.200,-224.73,false
371,2026-02-27 10:15:00,LONG,24948,24861.64675,2,0.212,172.42,true
428,2026-02-27 10:15:00,LONG,24948,24858.43825,1,0.212,172.42,true
449,2026-02-27 10:15:00,LONG,24948,24858.013,2,0.212,172.42,true
438,2026-02-27 10:30:00,LONG,24954.75,24858.53325,3,0.196,-194.43,false
401,2026-02-27 10:45:00,LONG,24982,24933.02825,1,0.010,-99.94,false
401,2026-02-27 12:50:00,SHORT,24936.25,25000.97175,5,0.151,-131.44,false
438,2026-02-27 13:10:00,SHORT,24914.25,24973.46675,5,0.099,-120.43,false
449,2026-02-27 13:20:00,SHORT,24893,24963.737,6,0.048,-143.47,false
428,2026-02-27 13:55:00,SHORT,24902.75,24963.31175,3,0.071,-123.12,false
427,2026-02-27 14:50:00,SHORT,24887,24971.06175,3,0.004,-170.12,false
427,2026-02-27 15:15:00,LONG,24980.75,24877.18825,0,0.100,-209.12,false
428,2026-02-27 15:20:00,LONG,24993.5,24885.43825,3,0.070,-218.12,false
449,2026-02-27 15:20:00,LONG,24993.5,24889.513,4,0.070,-209.97,false
401,2026-02-27 15:25:00,LONG,24978.75,24906.27825,2,0.105,-146.94,false
438,2026-02-27 15:25:00,LONG,24978.75,24905.28325,1,0.105,-148.93,false
440,2026-02-27 15:25:00,LONG,24978.75,24905.26775,10,0.105,-148.96,false
440,2026-02-27 15:45:00,SHORT,24956,24993.73225,0,0.033,-77.46,false
401,2026-03-01 18:10:00,SHORT,24777,24983.22175,3,0.727,169.99,true
436,2026-03-01 19:00:00,SHORT,24736.25,24822.96675,5,0.057,-175.43,false
409,2026-03-01 19:30:00,SHORT,24727.75,24765.90525,4,0.024,-78.31,false
431,2026-03-01 19:35:00,SHORT,24732,24766.75775,4,0.000,-71.52,false
409,2026-03-01 19:55:00,LONG,24786,24725.84475,0,0.279,169.99,true
431,2026-03-01 19:55:00,LONG,24786,24724.99225,0,0.279,169.99,true
436,2026-03-01 20:00:00,LONG,24792.5,24725.03325,1,0.264,169.99,true
454,2026-03-01 20:10:00,LONG,24873.75,24748.13225,5,0.067,-253.24,false
426,2026-03-01 20:15:00,LONG,24876.75,24764.43825,8,0.059,-226.62,false
423,2026-03-01 20:20:00,LONG,24857,24783.3055,5,0.107,-149.39,false
432,2026-03-01 20:20:00,LONG,24857,24783.24225,10,0.107,-149.52,false
433,2026-03-01 20:20:00,LONG,24857,24783.24225,15,0.107,-149.52,false
437,2026-03-01 20:20:00,LONG,24857,24783.28325,0,0.107,-149.43,false
448,2026-03-01 20:20:00,LONG,24857,24782.95025,0,0.107,-150.10,false
411,2026-03-01 20:35:00,LONG,24888.25,24783.9435,0,0.013,-210.61,false
411,2026-03-01 21:20:00,SHORT,24818.25,24881.0565,1,0.827,169.99,true
437,2026-03-01 21:20:00,SHORT,24818.25,24881.71675,3,0.827,169.99,true
448,2026-03-01 21:55:00,SHORT,24821,24882.04975,0,0.834,169.99,true
423,2026-03-01 22:40:00,SHORT,24795.25,24843.4445,4,0.771,169.99,true
433,2026-03-01 22:40:00,SHORT,24795.25,24843.50775,3,0.771,169.99,true
426,2026-03-01 23:55:00,SHORT,24760,24825.81175,3,0.686,169.99,true
432,2026-03-01 23:55:00,SHORT,24760,24831.00775,4,0.686,169.99,true
454,2026-03-02 00:05:00,SHORT,24738,24804.61775,3,0.633,169.99,true
436,2026-03-02 00:10:00,SHORT,24743.25,24791.46675,2,0.645,169.99,true
409,2026-03-02 00:30:00,SHORT,24736.75,24776.65525,1,0.630,169.99,true
431,2026-03-02 00:30:00,SHORT,24736.75,24777.50775,1,0.630,169.99,true
422,2026-03-02 00:55:00,SHORT,24677.25,24759.4445,8,0.485,169.99,true
425,2026-03-02 01:00:00,SHORT,24693,24757.31175,9,0.524,169.99,true
400,2026-03-02 01:05:00,SHORT,24696.25,24745.22175,9,0.531,169.99,true
408,2026-03-02 01:25:00,SHORT,24668.25,24723.65525,10,0.464,169.99,true
424,2026-03-02 01:25:00,SHORT,24668.25,24709.56175,12,0.464,169.99,true
430,2026-03-02 01:45:00,SHORT,24581.5,24706.75775,13,0.253,169.99,true
447,2026-03-02 01:45:00,SHORT,24581.5,24707.04975,2,0.253,169.99,true
407,2026-03-02 01:50:00,SHORT,24578.5,24679.15525,4,0.246,169.99,true
429,2026-03-02 02:00:00,SHORT,24588.25,24630.25775,1,0.270,169.99,true
421,2026-03-02 02:15:00,SHORT,24544.75,24610.4445,1,0.164,-133.39,false
406,2026-03-02 03:00:00,SHORT,24523.25,24584.40525,3,0.112,-124.31,false
405,2026-03-02 03:10:00,SHORT,24530.75,24575.15525,3,0.130,-90.81,false
405,2026-03-02 03:50:00,LONG,24572,24502.34475,0,1.282,169.99,true
406,2026-03-02 04:15:00,LONG,24632,24536.84475,0,1.137,169.99,true
421,2026-03-02 04:15:00,LONG,24632,24544.0555,4,1.137,169.99,true
429,2026-03-02 04:20:00,LONG,24628.75,24562.74225,0,1.145,169.99,true
407,2026-03-02 05:35:00,LONG,24683.25,24612.59475,3,0.111,-143.31,false
447,2026-03-02 06:50:00,LONG,24688.75,24646.45025,5,0.041,-86.60,false
430,2026-03-02 06:55:00,LONG,24688,24654.24225,5,0.042,-69.52,false
430,2026-03-02 07:15:00,SHORT,24633.75,24713.50775,0,0.058,-161.52,false
447,2026-03-02 07:25:00,SHORT,24634,24694.79975,1,0.059,-123.60,false
424,2026-03-02 08:30:00,LONG,24695,24637.18825,5,0.011,-117.62,false
430,2026-03-02 08:30:00,LONG,24695,24637.24225,0,0.011,-117.52,false
447,2026-03-02 08:30:00,LONG,24695,24635.45025,1,0.011,-121.10,false
424,2026-03-02 08:50:00,SHORT,24653.25,24707.56175,0,0.147,-110.62,false
430,2026-03-02 08:50:00,SHORT,24653.25,24707.50775,0,0.147,-110.52,false
447,2026-03-02 09:00:00,SHORT,24617.25,24707.79975,0,0.030,-183.10,false
400,2026-03-02 09:45:00,LONG,24892.25,24598.02825,2,0.506,169.99,true
408,2026-03-02 09:45:00,LONG,24892.25,24597.84475,3,0.506,169.99,true
409,2026-03-02 09:45:00,LONG,24892.25,24597.84475,1,0.506,169.99,true
422,2026-03-02 09:45:00,LONG,24892.25,24597.0555,1,0.506,169.99,true
424,2026-03-02 09:45:00,LONG,24892.25,24596.93825,0,0.506,169.99,true
425,2026-03-02 09:45:00,LONG,24892.25,24596.93825,2,0.506,169.99,true
426,2026-03-02 09:45:00,LONG,24892.25,24596.93825,0,0.506,169.99,true
430,2026-03-02 09:45:00,LONG,24892.25,24596.99225,0,0.506,169.99,true
431,2026-03-02 09:45:00,LONG,24892.25,24596.99225,1,0.506,169.99,true
436,2026-03-02 09:45:00,LONG,24892.25,24597.03325,1,0.506,169.99,true
447,2026-03-02 09:45:00,LONG,24892.25,24596.70025,0,0.506,169.99,true
454,2026-03-02 09:45:00,LONG,24892.25,24596.63225,0,0.506,169.99,true
432,2026-03-02 09:50:00,LONG,24842.75,24596.99225,0,0.626,169.99,true
423,2026-03-02 09:55:00,LONG,24862,24792.0555,3,0.579,169.99,true
433,2026-03-02 09:55:00,LONG,24862,24791.99225,4,0.579,169.99,true
437,2026-03-02 10:05:00,LONG,24901.25,24792.03325,3,0.484,169.99,true
448,2026-03-02 10:05:00,LONG,24901.25,24791.70025,2,0.484,169.99,true
410,2026-03-02 10:10:00,LONG,24930.5,24794.84475,8,0.413,169.99,true
411,2026-03-02 10:10:00,LONG,24930.5,24794.6935,2,0.413,169.99,true
371,2026-03-02 10:15:00,LONG,24913,24797.14675,9,0.456,169.99,true
434,2026-03-02 10:20:00,LONG,24913,24793.8835,12,0.456,169.99,true
427,2026-03-02 10:45:00,LONG,24925.25,24833.93825,2,0.426,169.99,true
428,2026-03-02 11:10:00,LONG,24972.25,24869.43825,3,0.008,-207.62,false
401,2026-03-02 11:50:00,LONG,25015.25,24880.77825,2,0.208,-270.94,false
438,2026-03-02 11:50:00,LONG,25015.25,24879.78325,8,0.208,-272.93,false
440,2026-03-02 11:50:00,LONG,25015.25,24879.76775,4,0.208,-272.96,false
449,2026-03-02 11:50:00,LONG,25015.25,24879.263,5,0.208,-273.97,false
439,2026-03-02 11:55:00,LONG,25033.5,24956.53325,16,0.164,-155.93,false
441,2026-03-02 11:55:00,LONG,25033.5,24956.51775,17,0.164,-155.96,false
443,2026-03-02 11:55:00,LONG,25033.5,24956.34,10,0.164,-156.32,false
435,2026-03-02 12:05:00,LONG,25029.75,24956.3835,7,0.173,-148.73,false
444,2026-03-02 12:25:00,LONG,25045,24998.59,4,0.075,-94.82,false
444,2026-03-02 13:40:00,SHORT,25021.75,25060.41,3,0.135,-79.32,false
435,2026-03-02 13:55:00,SHORT,24972.5,25047.6165,4,0.015,-152.23,false
435,2026-03-02 14:20:00,LONG,25064.5,24980.1335,0,0.088,-170.73,false
444,2026-03-02 14:20:00,LONG,25064.5,24980.09,0,0.088,-170.82,false
402,2026-03-02 14:25:00,LONG,25079.25,25020.02825,5,0.053,-120.44,false
442,2026-03-02 14:35:00,LONG,25083.5,25041.01775,16,0.042,-86.96,false
442,2026-03-02 15:15:00,SHORT,25000.75,25098.48225,1,1.572,169.99,true
402,2026-03-02 15:20:00,SHORT,24981.75,25097.47175,0,1.526,169.99,true
435,2026-03-02 15:20:00,SHORT,24981.75,25098.6165,0,1.526,169.99,true
444,2026-03-02 15:20:00,SHORT,24981.75,25098.66,0,1.526,169.99,true
443,2026-03-02 18:00:00,SHORT,24995.25,25036.91,5,1.543,171.79,true
439,2026-03-02 18:15:00,SHORT,24972,25036.71675,4,1.487,171.79,true
440,2026-03-02 18:30:00,SHORT,24953,24991.73225,5,1.442,171.79,true
441,2026-03-02 18:30:00,SHORT,24953,25018.98225,8,1.442,171.79,true
401,2026-03-02 19:20:00,SHORT,24941,24988.22175,4,1.413,171.79,true
438,2026-03-02 20:05:00,SHORT,24936.5,24979.21675,4,1.402,171.79,true
449,2026-03-02 20:40:00,SHORT,24909.75,24968.487,4,1.338,171.79,true
428,2026-03-02 20:55:00,SHORT,24872.75,24968.06175,3,1.249,171.79,true
427,2026-03-02 21:00:00,SHORT,24848.75,24942.06175,4,1.192,171.79,true
371,2026-03-02 21:05:00,SHORT,24850.5,24911.35325,5,1.196,171.79,true
434,2026-03-02 21:05:00,SHORT,24850.5,24922.1165,7,1.196,171.79,true
410,2026-03-02 21:10:00,SHORT,24853.5,24903.90525,4,1.203,171.79,true
411,2026-03-02 21:25:00,SHORT,24837.5,24885.5565,3,1.165,171.79,true
437,2026-03-02 21:25:00,SHORT,24837.5,24886.21675,2,1.165,171.79,true
437,2026-03-02 21:50:00,LONG,24860.25,24823.03325,0,0.055,-76.43,false
437,2026-03-02 22:30:00,SHORT,24825.25,24871.96675,1,0.000,-95.43,false
448,2026-03-02 22:30:00,SHORT,24825.25,24868.79975,4,0.000,-89.10,false
448,2026-03-02 22:50:00,LONG,24848.75,24818.20025,0,0.037,-63.10,false
448,2026-03-02 23:35:00,SHORT,24804.75,24872.29975,0,1.086,171.79,true
423,2026-03-02 23:55:00,SHORT,24810.25,24847.9445,5,1.099,171.79,true
433,2026-03-03 00:40:00,SHORT,24776,24837.00775,5,1.017,171.79,true
426,2026-03-03 00:45:00,SHORT,24770.25,24819.56175,6,1.003,171.79,true
432,2026-03-03 00:45:00,SHORT,24770.25,24819.50775,9,1.003,171.79,true
454,2026-03-03 01:00:00,SHORT,24768.25,24815.36775,0,0.999,171.79,true
436,2026-03-03 01:55:00,SHORT,24754,24794.71675,1,0.964,171.79,true
409,2026-03-03 02:30:00,SHORT,24691.25,24774.65525,4,0.814,171.79,true
431,2026-03-03 02:30:00,SHORT,24691.25,24775.50775,4,0.814,171.79,true
400,2026-03-03 02:35:00,SHORT,24686.75,24764.97175,1,0.803,171.79,true
422,2026-03-03 02:35:00,SHORT,24686.75,24761.6945,5,0.803,171.79,true
425,2026-03-03 02:35:00,SHORT,24686.75,24766.06175,1,0.803,171.79,true
408,2026-03-03 03:20:00,SHORT,24627.5,24740.15525,0,0.661,171.79,true
424,2026-03-03 03:20:00,SHORT,24627.5,24721.56175,1,0.661,171.79,true
447,2026-03-03 03:20:00,SHORT,24627.5,24702.79975,1,0.661,171.79,true
430,2026-03-03 03:25:00,SHORT,24598.75,24702.50775,3,0.592,171.79,true
407,2026-03-03 03:35:00,SHORT,24566.5,24669.15525,9,0.515,171.79,true
457,2026-03-03 03:35:00,SHORT,24566.5,24670.3375,0,0.515,171.79,true
421,2026-03-03 03:45:00,SHORT,24533.5,24629.4445,0,0.392,171.79,true
429,2026-03-03 03:45:00,SHORT,24533.5,24643.75775,5,0.392,171.79,true
405,2026-03-03 03:50:00,SHORT,24517.75,24628.65525,1,0.354,171.79,true
406,2026-03-03 03:50:00,SHORT,24517.75,24628.65525,0,0.354,171.79,true
405,2026-03-03 07:20:00,LONG,24573,24499.34475,3,0.081,-149.31,false
406,2026-03-03 07:40:00,LONG,24581.25,24528.34475,2,0.061,-107.81,false
406,2026-03-03 08:15:00,SHORT,24554.75,24597.15525,1,0.257,171.79,true
405,2026-03-03 08:35:00,SHORT,24498,24582.65525,2,0.121,-171.31,false
446,2026-03-03 10:30:00,SHORT,24405.25,24526.79975,8,0.077,-245.10,false
446,2026-03-03 11:10:00,LONG,24572,24368.70025,2,1.626,171.79,true
405,2026-03-03 11:20:00,LONG,24628,24512.09475,5,0.533,171.79,true
406,2026-03-03 11:25:00,LONG,24618.75,24512.09475,4,0.555,171.79,true
421,2026-03-03 11:30:00,LONG,24608.25,24511.3055,6,0.580,171.79,true
429,2026-03-03 11:45:00,LONG,24690.25,24561.99225,5,0.383,171.79,true
457,2026-03-03 11:50:00,LONG,24694.5,24575.9125,2,0.373,171.79,true
407,2026-03-03 11:55:00,LONG,24672,24577.09475,2,0.427,171.79,true
447,2026-03-03 13:15:00,LONG,24704,24632.45025,4,0.350,171.79,true
424,2026-03-03 13:25:00,LONG,24746.75,24632.68825,4,0.248,171.79,true
430,2026-03-03 13:25:00,LONG,24746.75,24632.74225,3,0.248,171.79,true
408,2026-03-03 13:30:00,LONG,24782.5,24667.34475,6,0.162,-232.31,false
400,2026-03-03 13:35:00,LONG,24806.5,24695.77825,1,0.104,-223.44,false
422,2026-03-03 13:35:00,LONG,24806.5,24694.8055,0,0.104,-225.39,false
425,2026-03-03 13:35:00,LONG,24806.5,24694.68825,1,0.104,-225.62,false
409,2026-03-03 13:40:00,LONG,24802.5,24695.59475,0,0.114,-215.81,false
431,2026-03-03 13:40:00,LONG,24802.5,24694.74225,0,0.114,-217.52,false
426,2026-03-03 13:45:00,LONG,24807.75,24733.93825,3,0.040,-149.62,false
436,2026-03-03 13:45:00,LONG,24807.75,24734.03325,3,0.040,-149.43,false
454,2026-03-03 13:45:00,LONG,24807.75,24733.13225,2,0.040,-151.24,false
426,2026-03-03 14:20:00,SHORT,24779,24816.81175,1,0.167,-77.62,false
454,2026-03-03 15:50:00,SHORT,24752.25,24826.11775,4,0.607,171.79,true
436,2026-03-03 16:10:00,SHORT,24737.5,24815.71675,4,0.572,171.79,true
409,2026-03-03 16:30:00,SHORT,24700.5,24765.40525,5,0.074,-131.81,false
431,2026-03-03 16:30:00,SHORT,24700.5,24766.25775,6,0.074,-133.52,false
422,2026-03-03 16:35:00,SHORT,24712.5,24772.6945,5,0.103,-122.39,false
425,2026-03-03 16:55:00,SHORT,24709.75,24746.56175,5,0.096,-75.62,false
400,2026-03-03 18:00:00,SHORT,24688,24745.47175,3,0.045,-116.94,false
400,2026-03-03 18:20:00,LONG,24732.75,24662.77825,0,0.175,-141.94,false
425,2026-03-03 19:20:00,LONG,24773,24667.93825,3,0.026,-212.12,false
409,2026-03-03 19:25:00,LONG,24766.75,24692.59475,2,0.009,-150.31,false
422,2026-03-03 19:25:00,LONG,24766.75,24691.8055,3,0.009,-151.89,false
431,2026-03-03 19:25:00,LONG,24766.75,24691.74225,3,0.009,-152.02,false
409,2026-03-03 19:45:00,SHORT,24736.25,24777.65525,0,0.586,166.88,true
431,2026-03-03 19:45:00,SHORT,24736.25,24778.50775,0,0.586,166.88,true
400,2026-03-03 20:20:00,SHORT,24653.75,24770.97175,3,0.382,166.88,true
422,2026-03-03 20:20:00,SHORT,24653.75,24771.9445,2,0.382,166.88,true
425,2026-03-03 20:20:00,SHORT,24653.75,24772.06175,2,0.382,166.88,true
408,2026-03-03 20:30:00,SHORT,24646.75,24731.40525,6,0.365,166.88,true
424,2026-03-03 21:00:00,SHORT,24652.25,24721.81175,6,0.378,166.88,true
430,2026-03-03 21:10:00,SHORT,24644,24729.50775,3,0.358,166.88,true
447,2026-03-03 21:30:00,SHORT,24599,24711.54975,3,0.247,166.88,true
407,2026-03-03 21:35:00,SHORT,24608.25,24674.65525,8,0.270,166.88,true
457,2026-03-03 22:20:00,SHORT,24573.75,24646.3375,8,0.185,-147.18,false
429,2026-03-03 22:25:00,SHORT,24569.5,24637.00775,3,0.110,-137.02,false
421,2026-03-03 22:35:00,SHORT,24557.5,24611.4445,2,0.047,-109.89,false
421,2026-03-03 23:10:00,LONG,24623,24548.3055,1,0.035,-151.39,false
421,2026-03-04 00:30:00,SHORT,24548.25,24620.9445,3,0.122,-147.39,false
406,2026-03-04 01:10:00,SHORT,24517.5,24598.15525,7,0.046,-163.31,false
405,2026-03-04 01:15:00,SHORT,24503.75,24580.65525,4,0.012,-155.81,false
405,2026-03-04 01:40:00,LONG,24572.75,24515.84475,0,1.672,166.88,true
406,2026-03-04 02:30:00,LONG,24627,24528.34475,2,1.538,166.88,true
421,2026-03-04 02:35:00,LONG,24632,24543.0555,4,1.526,166.88,true
429,2026-03-04 02:40:00,LONG,24656.25,24542.99225,6,1.466,166.88,true
457,2026-03-04 02:50:00,LONG,24663.25,24589.1625,2,1.448,166.88,true
407,2026-03-04 03:15:00,LONG,24668.75,24613.09475,3,0.000,-113.31,false
424,2026-03-04 04:25:00,LONG,24706.75,24640.93825,2,1.341,166.88,true
430,2026-03-04 04:25:00,LONG,24706.75,24640.99225,5,1.341,166.88,true
447,2026-03-04 04:25:00,LONG,24706.75,24640.70025,6,1.341,166.88,true
408,2026-03-04 04:30:00,LONG,24713.75,24641.84475,2,1.324,166.88,true
400,2026-03-04 04:55:00,LONG,24754.75,24696.02825,3,1.222,166.88,true
422,2026-03-04 04:55:00,LONG,24754.75,24695.0555,0,1.222,166.88,true
425,2026-03-04 04:55:00,LONG,24754.75,24694.93825,2,1.222,166.88,true
409,2026-03-04 05:15:00,LONG,24836.25,24695.84475,1,1.021,166.88,true
431,2026-03-04 05:15:00,LONG,24836.25,24694.99225,1,1.021,166.88,true
423,2026-03-04 05:20:00,LONG,24840,24726.3055,9,0.136,-229.39,false
426,2026-03-04 05:20:00,LONG,24840,24726.18825,5,0.136,-229.62,false
432,2026-03-04 05:20:00,LONG,24840,24726.24225,7,0.136,-229.52,false
433,2026-03-04 05:20:00,LONG,24840,24726.24225,7,0.136,-229.52,false
436,2026-03-04 05:20:00,LONG,24840,24726.28325,6,0.136,-229.43,false
454,2026-03-04 05:20:00,LONG,24840,24725.88225,4,0.136,-230.24,false
448,2026-03-04 06:10:00,LONG,24859,24803.20025,4,0.089,-113.60,false
437,2026-03-04 06:20:00,LONG,24878.25,24814.28325,8,0.021,-129.93,false
411,2026-03-04 06:25:00,LONG,24864,24832.1935,8,0.021,-65.61,false
411,2026-03-04 06:45:00,SHORT,24813.75,24879.8065,0,0.230,166.88,true
437,2026-03-04 06:45:00,SHORT,24813.75,24880.46675,0,0.230,166.88,true
448,2026-03-04 06:50:00,SHORT,24819.25,24880.79975,0,0.244,166.88,true
423,2026-03-04 07:25:00,SHORT,24731.25,24855.6945,4,0.027,-250.89,false
426,2026-03-04 07:30:00,SHORT,24745.25,24837.56175,2,0.036,-186.62,false
432,2026-03-04 07:30:00,SHORT,24745.25,24837.50775,4,0.036,-186.52,false
433,2026-03-04 07:30:00,SHORT,24745.25,24837.50775,5,0.036,-186.52,false
454,2026-03-04 07:30:00,SHORT,24745.25,24837.86775,0,0.036,-187.24,false
426,2026-03-04 08:10:00,LONG,24918,24751.93825,1,0.820,166.88,true
432,2026-03-04 08:10:00,LONG,24918,24751.99225,1,0.820,166.88,true
454,2026-03-04 08:10:00,LONG,24918,24751.63225,1,0.820,166.88,true
423,2026-03-04 08:15:00,LONG,24886.25,24787.5555,0,0.898,166.88,true
433,2026-03-04 08:15:00,LONG,24886.25,24787.49225,0,0.898,166.88,true
437,2026-03-04 08:15:00,LONG,24886.25,24787.53325,1,0.898,166.88,true
448,2026-03-04 08:15:00,LONG,24886.25,24787.20025,1,0.898,166.88,true
411,2026-03-04 08:20:00,LONG,24869.25,24825.6935,0,0.940,166.88,true
410,2026-03-04 08:35:00,LONG,24890.75,24825.84475,7,0.887,166.88,true
371,2026-03-04 10:00:00,LONG,24930.5,24821.14675,7,0.789,166.88,true
427,2026-03-04 10:00:00,LONG,24930.5,24817.93825,6,0.789,166.88,true
434,2026-03-04 10:00:00,LONG,24930.5,24817.8835,6,0.789,166.88,true
428,2026-03-04 10:10:00,LONG,24978.25,24817.93825,5,0.671,166.88,true
401,2026-03-04 10:15:00,LONG,25032.75,24884.52825,5,0.536,166.88,true
438,2026-03-04 10:15:00,LONG,25032.75,24883.53325,3,0.536,166.88,true
449,2026-03-04 10:15:00,LONG,25032.75,24883.013,4,0.536,166.88,true
440,2026-03-04 10:25:00,LONG,25139,24883.51775,3,0.274,166.88,true
441,2026-03-04 10:25:00,LONG,25139,24883.51775,2,0.274,166.88,true
435,2026-03-04 10:30:00,LONG,25113.75,24965.6335,2,0.336,166.88,true
439,2026-03-04 10:30:00,LONG,25113.75,24965.78325,1,0.336,166.88,true
443,2026-03-04 10:30:00,LONG,25113.75,24965.59,2,0.336,166.88,true
444,2026-03-04 10:30:00,LONG,25113.75,24965.59,2,0.336,166.88,true
402,2026-03-04 10:35:00,LONG,25082.25,25015.27825,1,0.414,166.88,true
442,2026-03-04 10:35:00,LONG,25082.25,25014.26775,1,0.414,166.88,true
397,2026-03-04 11:05:00,LONG,25110,25037.4095,19,0.346,166.88,true
403,2026-03-04 11:05:00,LONG,25110,25037.02825,19,0.346,166.88,true
365,2026-03-04 11:40:00,LONG,25159.75,25054.73525,11,0.223,166.88,true
404,2026-03-04 11:40:00,LONG,25159.75,25052.52825,3,0.223,166.88,true
372,2026-03-04 11:55:00,LONG,25145.5,25104.14675,4,0.178,-84.71,false
445,2026-03-04 11:55:00,LONG,25145.5,25100.84,4,0.178,-91.32,false
412,2026-03-04 12:55:00,LONG,25168.75,25097.6935,3,0.121,-144.11,false
450,2026-03-04 13:00:00,LONG,25167,25124.013,3,0.125,-87.97,false
418,2026-03-04 13:40:00,LONG,25200.25,25136.45025,8,0.043,-129.60,false
375,2026-03-04 13:45:00,LONG,25205.25,25165.2875,2,0.031,-81.93,false
413,2026-03-04 14:20:00,LONG,25205.5,25163.1935,0,0.004,-86.61,false
413,2026-03-04 15:15:00,SHORT,25139,25214.5565,0,0.115,-153.11,false
375,2026-03-04 15:20:00,SHORT,25128.25,25200.4625,4,0.088,-146.43,false
418,2026-03-04 15:20:00,SHORT,25128.25,25202.79975,1,0.088,-151.10,false
450,2026-03-04 15:55:00,SHORT,25120,25203.737,1,0.068,-169.47,false
412,2026-03-04 16:00:00,SHORT,25116.25,25173.0565,3,0.006,-115.61,false
412,2026-03-04 18:50:00,LONG,25171.25,25132.6935,3,0.200,-79.11,false
450,2026-03-04 18:50:00,LONG,25171.25,25136.513,3,0.200,-71.47,false
375,2026-03-04 19:15:00,LONG,25228.75,25155.0375,1,0.008,-149.43,false
418,2026-03-04 19:15:00,LONG,25228.75,25144.45025,2,0.008,-170.60,false
413,2026-03-04 19:25:00,LONG,25212.25,25170.6935,1,0.042,-85.11,false
375,2026-03-04 20:25:00,SHORT,25140.75,25211.4625,0,2.893,162.41,true
413,2026-03-04 20:25:00,SHORT,25140.75,25224.8065,2,2.893,162.41,true
418,2026-03-04 20:30:00,SHORT,25142.5,25205.04975,0,0.429,162.41,true
450,2026-03-04 20:50:00,SHORT,25067.75,25205.987,1,0.266,162.41,true
372,2026-03-04 20:55:00,SHORT,25071,25179.60325,8,0.248,162.41,true
404,2026-03-04 20:55:00,SHORT,25071,25181.72175,3,0.248,162.41,true
412,2026-03-04 20:55:00,SHORT,25071,25182.0565,2,0.248,162.41,true
445,2026-03-04 20:55:00,SHORT,25071,25182.91,9,0.248,162.41,true
365,2026-03-04 21:00:00,SHORT,25082.25,25179.51475,1,0.276,162.41,true
397,2026-03-04 21:30:00,SHORT,25062.25,25107.5905,2,0.003,-92.68,false
403,2026-03-04 21:30:00,SHORT,25062.25,25107.97175,2,0.003,-93.44,false
397,2026-03-04 21:55:00,LONG,25091.25,25054.4095,0,0.026,-75.68,false
403,2026-03-04 21:55:00,LONG,25091.25,25054.02825,0,0.026,-76.44,false
397,2026-03-04 22:25:00,SHORT,25047.5,25102.8405,1,0.056,-112.68,false
403,2026-03-04 22:25:00,SHORT,25047.5,25103.22175,1,0.056,-113.44,false
442,2026-03-04 22:35:00,SHORT,25047.25,25094.48225,6,0.042,-96.46,false
402,2026-03-04 22:40:00,SHORT,25041.25,25077.97175,6,0.027,-75.44,false
402,2026-03-04 23:20:00,LONG,25084.75,25034.77825,1,0.056,-101.94,false
442,2026-03-04 23:25:00,LONG,25088.75,25033.76775,2,0.046,-111.96,false
397,2026-03-04 23:55:00,LONG,25102.5,25062.6595,1,0.005,-81.68,false
403,2026-03-04 23:55:00,LONG,25102.5,25062.27825,2,0.005,-82.44,false
397,2026-03-05 00:45:00,SHORT,25059.25,25110.8405,1,0.218,162.41,true
403,2026-03-05 00:45:00,SHORT,25059.25,25111.22175,1,0.218,162.41,true
442,2026-03-05 01:00:00,SHORT,25039,25088.98225,2,0.147,-101.96,false
402,2026-03-05 01:05:00,SHORT,24988,25087.47175,0,0.018,-200.94,false
435,2026-03-05 01:15:00,SHORT,25009.75,25049.1165,1,0.058,-80.73,false
444,2026-03-05 01:15:00,SHORT,25009.75,25057.66,5,0.058,-97.82,false
435,2026-03-05 02:00:00,LONG,25065.5,24991.1335,1,0.073,-150.73,false
402,2026-03-05 02:05:00,LONG,25069,25015.02825,0,0.064,-109.94,false
444,2026-03-05 02:05:00,LONG,25069,25013.84,0,0.064,-112.32,false
444,2026-03-05 03:10:00,SHORT,24997.25,25086.41,0,0.061,-180.32,false
402,2026-03-05 03:15:00,SHORT,25013,25085.22175,3,0.101,-146.44,false
435,2026-03-05 03:15:00,SHORT,25013,25086.3665,0,0.101,-148.73,false
435,2026-03-05 04:05:00,LONG,25160.75,24991.8835,2,0.114,-339.73,false
402,2026-03-05 04:10:00,LONG,25183,25015.52825,0,0.035,-336.94,false
444,2026-03-05 04:10:00,LONG,25183,25014.34,3,0.035,-339.32,false
365,2026-03-05 04:15:00,LONG,25157,25036.23525,9,0.101,-243.53,false
397,2026-03-05 04:15:00,LONG,25157,25034.4095,5,0.101,-247.18,false
403,2026-03-05 04:15:00,LONG,25157,25034.02825,5,0.101,-247.94,false
404,2026-03-05 04:15:00,LONG,25157,25034.02825,5,0.101,-247.94,false
442,2026-03-05 04:15:00,LONG,25157,25033.01775,2,0.101,-249.96,false
372,2026-03-05 04:20:00,LONG,25171,25095.39675,1,0.011,-153.21,false
445,2026-03-05 04:20:00,LONG,25171,25092.09,0,0.011,-159.82,false
445,2026-03-05 04:45:00,SHORT,25112.25,25183.41,0,0.379,162.41,true
372,2026-03-05 04:50:00,SHORT,25083.75,25150.85325,1,0.001,-136.21,false
404,2026-03-05 07:45:00,SHORT,25076.75,25140.97175,8,0.289,162.41,true
365,2026-03-05 07:50:00,SHORT,25055.5,25129.76475,7,0.235,162.41,true
397,2026-03-05 07:55:00,SHORT,25069,25117.3405,7,0.269,162.41,true
403,2026-03-05 08:00:00,SHORT,25052.25,25117.72175,5,0.227,162.41,true
442,2026-03-05 08:10:00,SHORT,25040.25,25085.73225,1,0.197,-92.96,false
402,2026-03-05 08:40:00,SHORT,25021.75,25082.97175,1,0.150,-124.44,false
444,2026-03-05 09:00:00,SHORT,24990,25080.41,3,0.069,-182.82,false
435,2026-03-05 09:05:00,SHORT,24998.5,25056.1165,2,0.091,-117.23,false
439,2026-03-05 09:20:00,SHORT,24968.5,25035.71675,7,0.000,-136.43,false
443,2026-03-05 09:20:00,SHORT,24968.5,25035.91,5,0.000,-136.82,false
439,2026-03-05 09:40:00,LONG,25058,24961.28325,0,0.385,162.41,true
443,2026-03-05 09:40:00,LONG,25058,24961.09,0,0.385,162.41,true
435,2026-03-05 09:45:00,LONG,25088.5,24977.1335,0,0.307,162.41,true
444,2026-03-05 09:45:00,LONG,25088.5,24977.09,0,0.307,162.41,true
402,2026-03-05 09:55:00,LONG,25185.5,24978.27825,1,0.061,-416.44,false
365,2026-03-05 10:00:00,LONG,25171.75,25031.23525,1,0.025,-283.03,false
372,2026-03-05 10:00:00,LONG,25171.75,25031.14675,11,0.025,-283.21,false
397,2026-03-05 10:00:00,LONG,25171.75,25029.4095,1,0.025,-286.68,false
403,2026-03-05 10:00:00,LONG,25171.75,25029.02825,1,0.025,-287.44,false
404,2026-03-05 10:00:00,LONG,25171.75,25029.02825,1,0.025,-287.44,false
442,2026-03-05 10:00:00,LONG,25171.75,25028.01775,3,0.025,-289.46,false
445,2026-03-05 10:05:00,LONG,25145.5,25027.84,8,0.092,-237.32,false
445,2026-03-05 10:25:00,SHORT,25011.25,25189.91,0,2.564,162.41,true
372,2026-03-05 10:30:00,SHORT,24975,25185.10325,1,2.472,162.41,true
404,2026-03-05 10:30:00,SHORT,24975,25187.22175,0,2.472,162.41,true
365,2026-03-05 10:35:00,SHORT,25041.5,25112.76475,0,0.252,162.41,true
397,2026-03-05 10:35:00,SHORT,25041.5,25114.5905,0,0.252,162.41,true
402,2026-03-05 10:35:00,SHORT,25041.5,25114.97175,0,0.252,162.41,true
403,2026-03-05 10:35:00,SHORT,25041.5,25114.97175,0,0.252,162.41,true
442,2026-03-05 10:35:00,SHORT,25041.5,25115.98225,0,0.252,162.41,true
435,2026-03-05 11:15:00,SHORT,24944.25,25101.3665,2,0.004,-316.23,false
444,2026-03-05 11:15:00,SHORT,24944.25,25101.41,1,0.004,-316.32,false
439,2026-03-05 11:20:00,SHORT,24986,25060.71675,1,0.052,-151.43,false
443,2026-03-05 11:20:00,SHORT,24986,25060.91,1,0.052,-151.82,false
439,2026-03-05 11:45:00,LONG,25026.5,24957.53325,0,0.245,162.41,true
443,2026-03-05 11:55:00,LONG,25042.5,24957.34,0,0.204,-172.32,false
435,2026-03-05 12:05:00,LONG,25045,24997.8835,1,0.027,-96.23,false
435,2026-03-05 12:25:00,SHORT,24928,25063.8665,0,0.394,162.41,true
443,2026-03-05 12:25:00,SHORT,24928,25063.91,0,0.394,162.41,true
439,2026-03-05 12:30:00,SHORT,24869.5,25041.71675,0,0.246,162.41,true
438,2026-03-05 12:35:00,SHORT,24886.5,25002.21675,2,0.289,162.41,true
440,2026-03-05 12:35:00,SHORT,24886.5,25041.73225,6,0.289,162.41,true
441,2026-03-05 12:35:00,SHORT,24886.5,25041.73225,10,0.289,162.41,true
401,2026-03-05 12:40:00,SHORT,24849.5,25001.22175,3,0.195,-305.44,false
449,2026-03-05 12:40:00,SHORT,24849.5,25002.737,1,0.195,-308.47,false
427,2026-03-05 12:45:00,SHORT,24813.25,24952.06175,0,0.103,-279.62,false
428,2026-03-05 12:45:00,SHORT,24813.25,24952.06175,0,0.103,-279.62,false
371,2026-03-05 12:50:00,SHORT,24811.25,24948.85325,0,0.098,-277.21,false
434,2026-03-05 12:50:00,SHORT,24811.25,24952.1165,0,0.098,-283.73,false
410,2026-03-05 12:55:00,SHORT,24807,24912.65525,6,0.087,-213.31,false
411,2026-03-05 12:55:00,SHORT,24807,24930.0565,3,0.087,-248.11,false
437,2026-03-05 12:55:00,SHORT,24807,24930.71675,2,0.087,-249.43,false
448,2026-03-05 12:55:00,SHORT,24807,24913.79975,2,0.087,-215.60,false
448,2026-03-05 14:20:00,LONG,24855.75,24773.70025,3,0.725,162.41,true
410,2026-03-05 15:10:00,LONG,24919,24815.84475,4,0.564,162.41,true
411,2026-03-05 15:10:00,LONG,24919,24815.6935,6,0.564,162.41,true
437,2026-03-05 15:10:00,LONG,24919,24815.03325,5,0.564,162.41,true
371,2026-03-05 15:15:00,LONG,24931.75,24821.89675,1,0.532,162.41,true
427,2026-03-05 15:20:00,LONG,24966,24818.68825,0,0.445,162.41,true
434,2026-03-05 15:20:00,LONG,24966,24818.6335,1,0.445,162.41,true
428,2026-03-05 15:25:00,LONG,24955,24835.18825,0,0.473,162.41,true
438,2026-03-05 15:30:00,LONG,24984.5,24894.53325,0,0.398,162.41,true
449,2026-03-05 15:30:00,LONG,24984.5,24890.263,0,0.398,162.41,true
401,2026-03-05 15:40:00,LONG,24967.75,24914.77825,0,0.441,162.41,true
440,2026-03-05 15:55:00,LONG,25048.5,24933.01775,1,0.236,162.41,true
439,2026-03-05 16:00:00,LONG,25034,24936.03325,2,0.273,162.41,true
441,2026-03-05 16:00:00,LONG,25034,24936.01775,1,0.273,162.41,true
435,2026-03-05 16:05:00,LONG,25035.75,24981.6335,0,0.268,162.41,true
443,2026-03-05 16:05:00,LONG,25035.75,24981.59,1,0.268,162.41,true
435,2026-03-05 16:40:00,SHORT,25010.75,25044.6165,1,0.027,-69.73,false
435,2026-03-05 18:15:00,LONG,25038.75,24992.8835,1,0.260,162.82,true
444,2026-03-05 18:45:00,LONG,25051.25,24992.84,5,0.228,162.82,true
402,2026-03-05 19:00:00,LONG,25075.5,25030.27825,10,0.167,-92.44,false
442,2026-03-05 19:10:00,LONG,25092.25,25038.26775,4,0.007,-109.96,false
397,2026-03-05 21:20:00,LONG,25107.25,25065.4095,10,0.087,-85.68,false
403,2026-03-05 21:20:00,LONG,25107.25,25053.02825,9,0.087,-110.44,false
365,2026-03-05 21:25:00,LONG,25109.5,25070.73525,6,0.006,-79.53,false
365,2026-03-05 21:55:00,SHORT,25071.75,25116.76475,0,0.004,-92.03,false
365,2026-03-05 23:05:00,LONG,25111.5,25084.73525,3,0.076,-55.53,false
404,2026-03-05 23:45:00,LONG,25133,25088.52825,4,0.021,-90.94,false
365,2026-03-06 03:30:00,SHORT,25061.5,25133.26475,3,2.685,162.82,true
404,2026-03-06 03:30:00,SHORT,25061.5,25135.47175,5,2.685,162.82,true
397,2026-03-06 03:35:00,SHORT,25077.75,25118.5905,5,2.726,162.82,true
403,2026-03-06 04:10:00,SHORT,25027,25105.22175,6,2.598,162.82,true
442,2026-03-06 04:10:00,SHORT,25027,25106.23225,11,2.598,162.82,true
402,2026-03-06 04:15:00,SHORT,24999,25088.97175,5,2.527,162.82,true
444,2026-03-06 04:15:00,SHORT,24999,25090.16,3,2.527,162.82,true
435,2026-03-06 04:25:00,SHORT,24962.25,25073.8665,1,2.434,162.82,true
439,2026-03-06 04:30:00,SHORT,24940.75,25036.96675,3,2.379,162.82,true
443,2026-03-06 04:30:00,SHORT,24940.75,25043.91,1,2.379,162.82,true
441,2026-03-06 04:35:00,SHORT,24916,25036.98225,0,2.317,162.82,true
401,2026-03-06 04:40:00,SHORT,24927.5,24999.22175,1,2.346,162.82,true
440,2026-03-06 04:40:00,SHORT,24927.5,25000.23225,0,2.346,162.82,true
438,2026-03-06 04:45:00,SHORT,24904.75,24987.21675,1,2.288,162.82,true
449,2026-03-06 04:55:00,SHORT,24920.25,24959.737,0,0.005,-80.97,false
449,2026-03-06 05:15:00,LONG,24952,24909.763,0,0.073,-86.47,false
449,2026-03-06 06:45:00,SHORT,24883.5,24959.987,4,2.235,162.82,true
427,2026-03-06 06:50:00,SHORT,24865.5,24930.56175,3,2.189,162.82,true
428,2026-03-06 06:50:00,SHORT,24865.5,24959.56175,4,2.189,162.82,true
434,2026-03-06 06:55:00,SHORT,24856.25,24918.8665,2,0.626,162.82,true
371,2026-03-06 07:00:00,SHORT,24850,24915.60325,2,0.610,162.82,true
410,2026-03-06 07:05:00,SHORT,24855,24900.65525,1,0.304,162.82,true
411,2026-03-06 07:45:00,SHORT,24815,24876.0565,3,0.013,-124.11,false
437,2026-03-06 07:55:00,SHORT,24835.75,24876.71675,2,0.035,-83.93,false
423,2026-03-06 08:45:00,SHORT,24693,24916.6945,13,0.213,162.82,true
426,2026-03-06 08:45:00,SHORT,24693,24916.81175,5,0.213,162.82,true
432,2026-03-06 08:45:00,SHORT,24693,24916.75775,9,0.213,162.82,true
433,2026-03-06 08:45:00,SHORT,24693,24916.75775,11,0.213,162.82,true
448,2026-03-06 08:45:00,SHORT,24693,24917.04975,7,0.213,162.82,true
454,2026-03-06 08:45:00,SHORT,24693,24917.11775,2,0.213,162.82,true
436,2026-03-06 08:50:00,SHORT,24649,24916.71675,3,0.102,-537.43,false
400,2026-03-06 08:55:00,SHORT,24645.75,24780.47175,1,0.094,-271.44,false
409,2026-03-06 08:55:00,SHORT,24645.75,24780.65525,2,0.094,-271.81,false
422,2026-03-06 08:55:00,SHORT,24645.75,24781.4445,3,0.094,-273.39,false
425,2026-03-06 08:55:00,SHORT,24645.75,24781.56175,4,0.094,-273.62,false
431,2026-03-06 08:55:00,SHORT,24645.75,24781.50775,2,0.094,-273.52,false
408,2026-03-06 09:00:00,SHORT,24646.75,24742.15525,1,0.096,-192.81,false
424,2026-03-06 09:00:00,SHORT,24646.75,24743.06175,1,0.096,-194.62,false
430,2026-03-06 09:00:00,SHORT,24646.75,24743.00775,0,0.096,-194.52,false
447,2026-03-06 09:00:00,SHORT,24646.75,24743.29975,0,0.096,-195.10,false
407,2026-03-06 09:15:00,SHORT,24627.75,24713.65525,4,0.021,-173.81,false
407,2026-03-06 09:35:00,LONG,24679.75,24612.09475,0,0.623,162.82,true
447,2026-03-06 09:35:00,LONG,24679.75,24610.95025,1,0.623,162.82,true
430,2026-03-06 10:20:00,LONG,24811,24624.99225,0,0.292,162.82,true
400,2026-03-06 10:25:00,LONG,24822,24657.52825,4,0.264,162.82,true
408,2026-03-06 10:25:00,LONG,24822,24657.34475,3,0.264,162.82,true
409,2026-03-06 10:25:00,LONG,24822,24657.34475,2,0.264,162.82,true
422,2026-03-06 10:25:00,LONG,24822,24656.5555,4,0.264,162.82,true
424,2026-03-06 10:25:00,LONG,24822,24656.43825,2,0.264,162.82,true
425,2026-03-06 10:25:00,LONG,24822,24656.43825,4,0.264,162.82,true
431,2026-03-06 10:25:00,LONG,24822,24656.49225,2,0.264,162.82,true
436,2026-03-06 10:25:00,LONG,24822,24656.53325,1,0.264,162.82,true
454,2026-03-06 10:30:00,LONG,24851,24656.13225,1,0.190,-391.74,false
426,2026-03-06 10:35:00,LONG,24877.25,24765.43825,1,0.000,-225.62,false
432,2026-03-06 10:35:00,LONG,24877.25,24751.49225,0,0.124,-253.52,false
423,2026-03-06 10:40:00,LONG,24837,24765.5555,0,0.026,-144.89,false
433,2026-03-06 10:40:00,LONG,24837,24765.49225,0,0.026,-145.02,false
448,2026-03-06 11:50:00,LONG,24858.25,24789.95025,3,0.172,-138.60,false
437,2026-03-06 11:55:00,LONG,24880.75,24790.28325,7,0.115,-182.93,false
437,2026-03-06 12:30:00,SHORT,24822.25,24907.71675,0,2.080,162.82,true
448,2026-03-06 12:35:00,SHORT,24774.5,24879.29975,2,0.077,-211.60,false
423,2026-03-06 12:45:00,SHORT,24803,24850.9445,6,0.061,-97.89,false
433,2026-03-06 12:45:00,SHORT,24803,24851.00775,5,0.061,-98.02,false
432,2026-03-06 13:00:00,SHORT,24796.25,24833.75775,5,0.016,-77.02,false
423,2026-03-06 13:20:00,LONG,24862.75,24771.0555,1,0.009,-185.39,false
432,2026-03-06 13:20:00,LONG,24862.75,24781.99225,0,0.009,-163.52,false
433,2026-03-06 13:20:00,LONG,24862.75,24770.99225,1,0.009,-185.52,false
448,2026-03-06 13:20:00,LONG,24862.75,24781.70025,0,0.009,-164.10,false
423,2026-03-06 14:00:00,SHORT,24795,24855.9445,2,2.011,162.82,true
433,2026-03-06 14:00:00,SHORT,24795,24856.00775,2,2.011,162.82,true
448,2026-03-06 14:00:00,SHORT,24795,24874.79975,0,2.011,162.82,true
426,2026-03-06 15:20:00,SHORT,24689,24856.06175,10,1.743,162.82,true
432,2026-03-06 15:20:00,SHORT,24689,24856.00775,4,1.743,162.82,true
436,2026-03-06 15:25:00,SHORT,24654,24814.46675,3,1.654,162.82,true
454,2026-03-06 15:25:00,SHORT,24654,24814.86775,6,1.654,162.82,true
409,2026-03-06 15:30:00,SHORT,24638.5,24813.65525,2,1.615,162.82,true
422,2026-03-06 15:30:00,SHORT,24638.5,24814.4445,1,1.615,162.82,true
431,2026-03-06 15:30:00,SHORT,24638.5,24814.50775,2,1.615,162.82,true
400,2026-03-06 15:35:00,SHORT,24650.25,24756.47175,1,1.645,162.82,true
408,2026-03-06 15:35:00,SHORT,24650.25,24756.65525,0,1.645,162.82,true
424,2026-03-06 15:35:00,SHORT,24650.25,24757.56175,0,1.645,162.82,true
425,2026-03-06 15:35:00,SHORT,24650.25,24757.56175,1,1.645,162.82,true
430,2026-03-06 16:05:00,SHORT,24630.25,24712.75775,1,1.594,162.82,true
447,2026-03-06 16:25:00,SHORT,24632.5,24701.54975,5,1.600,162.82,true
446,2026-03-08 18:15:00,SHORT,24275.25,24481.29975,0,0.714,158.73,true
458,2026-03-08 18:15:00,SHORT,24275.25,24481.10225,0,0.714,158.73,true
460,2026-03-08 18:15:00,SHORT,24275.25,24480.71125,0,0.714,158.73,true
461,2026-03-08 18:15:00,SHORT,24275.25,24480.71125,0,0.714,158.73,true
462,2026-03-08 18:15:00,SHORT,24275.25,24480.71125,0,0.714,158.73,true
460,2026-03-09 05:20:00,LONG,24404,24276.78875,10,2.110,158.73,true
458,2026-03-09 05:25:00,LONG,24409.25,24282.89775,0,2.096,158.73,true
461,2026-03-09 05:45:00,LONG,24438.75,24372.53875,1,0.001,-134.42,false
461,2026-03-09 06:10:00,SHORT,24381,24446.96125,0,0.106,-133.92,false
461,2026-03-09 08:25:00,LONG,24451.75,24393.28875,4,0.014,-118.92,false
462,2026-03-09 08:25:00,LONG,24451.75,24393.28875,3,0.014,-118.92,false
461,2026-03-09 08:45:00,SHORT,24362,24464.96125,0,0.031,-207.92,false
462,2026-03-09 08:45:00,SHORT,24362,24464.96125,0,0.031,-207.92,false
446,2026-03-09 10:45:00,LONG,24570.75,24389.95025,6,1.677,158.73,true
461,2026-03-09 10:45:00,LONG,24570.75,24390.53875,5,1.677,158.73,true
462,2026-03-09 10:45:00,LONG,24570.75,24390.53875,4,1.677,158.73,true
459,2026-03-09 10:50:00,LONG,24577,24413.64775,3,1.661,158.73,true
463,2026-03-09 10:50:00,LONG,24577,24414.03875,2,1.661,158.73,true
464,2026-03-09 10:55:00,LONG,24549,24455.78875,1,1.734,158.73,true
405,2026-03-09 11:10:00,LONG,24600,24522.84475,2,1.602,158.73,true
406,2026-03-09 11:15:00,LONG,24604,24542.34475,1,1.591,158.73,true
421,2026-03-09 11:20:00,LONG,24619.75,24541.5555,1,1.550,158.73,true
429,2026-03-09 11:55:00,LONG,24642.5,24559.74225,5,1.491,158.73,true
457,2026-03-09 12:00:00,LONG,24650.75,24590.9125,12,0.255,158.73,true
407,2026-03-09 12:10:00,LONG,24663.25,24592.09475,6,0.223,158.73,true
430,2026-03-09 12:35:00,LONG,24709.75,24625.74225,3,0.102,-170.02,false
447,2026-03-09 12:35:00,LONG,24709.75,24625.45025,2,0.102,-170.60,false
424,2026-03-09 12:40:00,LONG,24737.75,24625.68825,4,0.030,-226.12,false
408,2026-03-09 12:45:00,LONG,24736,24646.59475,2,0.005,-180.81,false
408,2026-03-09 13:15:00,SHORT,24645,24719.40525,0,0.180,-150.81,false
424,2026-03-09 13:25:00,SHORT,24613.5,24720.31175,0,0.098,-215.62,false
430,2026-03-09 13:25:00,SHORT,24613.5,24707.75775,1,0.098,-190.52,false
407,2026-03-09 13:30:00,SHORT,24606.5,24695.40525,1,0.080,-179.81,false
447,2026-03-09 13:30:00,SHORT,24606.5,24696.54975,1,0.080,-182.10,false
457,2026-03-09 13:35:00,SHORT,24596.75,24657.5875,0,0.054,-123.68,false
457,2026-03-09 14:20:00,LONG,24660,24600.6625,1,1.446,158.73,true
407,2026-03-09 14:40:00,LONG,24686.5,24605.09475,0,1.377,158.73,true
430,2026-03-09 14:45:00,LONG,24695,24639.49225,1,1.355,158.73,true
447,2026-03-09 14:45:00,LONG,24695,24639.20025,1,1.355,158.73,true
430,2026-03-09 15:05:00,SHORT,24660.75,24712.00775,0,0.002,-104.52,false
424,2026-03-09 15:25:00,LONG,24952.5,24651.93825,2,0.687,158.73,true
430,2026-03-09 15:25:00,LONG,24952.5,24651.99225,0,0.687,158.73,true
400,2026-03-09 15:30:00,LONG,24989.5,24654.77825,3,0.591,158.73,true
408,2026-03-09 15:30:00,LONG,24989.5,24654.59475,2,0.591,158.73,true
409,2026-03-09 15:30:00,LONG,24989.5,24654.59475,1,0.591,158.73,true
422,2026-03-09 15:30:00,LONG,24989.5,24653.8055,2,0.591,158.73,true
425,2026-03-09 15:30:00,LONG,24989.5,24653.68825,3,0.591,158.73,true
426,2026-03-09 15:30:00,LONG,24989.5,24653.68825,0,0.591,158.73,true
431,2026-03-09 15:30:00,LONG,24989.5,24653.74225,1,0.591,158.73,true
432,2026-03-09 15:30:00,LONG,24989.5,24653.74225,0,0.591,158.73,true
436,2026-03-09 15:30:00,LONG,24989.5,24653.78325,0,0.591,158.73,true
454,2026-03-09 15:30:00,LONG,24989.5,24653.38225,0,0.591,158.73,true
371,2026-03-09 15:35:00,LONG,25044.25,24768.89675,7,0.449,158.73,true
410,2026-03-09 15:35:00,LONG,25044.25,24766.59475,11,0.449,158.73,true
411,2026-03-09 15:35:00,LONG,25044.25,24766.4435,15,0.449,158.73,true
423,2026-03-09 15:35:00,LONG,25044.25,24765.8055,4,0.449,158.73,true
433,2026-03-09 15:35:00,LONG,25044.25,24765.74225,4,0.449,158.73,true
434,2026-03-09 15:35:00,LONG,25044.25,24765.6335,7,0.449,158.73,true
437,2026-03-09 15:35:00,LONG,25044.25,24765.78325,6,0.449,158.73,true
448,2026-03-09 15:35:00,LONG,25044.25,24765.45025,5,0.449,158.73,true
401,2026-03-09 15:40:00,LONG,24969.5,24839.52825,7,0.146,-261.94,false
427,2026-03-09 15:40:00,LONG,24969.5,24838.43825,5,0.146,-264.12,false
428,2026-03-09 15:40:00,LONG,24969.5,24838.43825,2,0.146,-264.12,false
438,2026-03-09 15:40:00,LONG,24969.5,24838.53325,4,0.146,-263.93,false
449,2026-03-09 15:40:00,LONG,24969.5,24838.013,1,0.146,-264.97,false
401,2026-03-09 18:10:00,SHORT,24932.25,24988.47175,4,0.256,164.40,true
438,2026-03-09 18:20:00,SHORT,24885.25,24989.46675,6,0.138,-210.43,false
449,2026-03-09 19:00:00,SHORT,24907.25,24954.737,3,0.194,-96.97,false
428,2026-03-09 19:40:00,SHORT,24877.25,24944.31175,5,0.118,-136.12,false
427,2026-03-09 19:45:00,SHORT,24877.75,24926.81175,6,0.120,-100.12,false
371,2026-03-09 19:50:00,SHORT,24872.5,24910.60325,4,0.106,-78.21,false
434,2026-03-09 19:50:00,SHORT,24872.5,24913.8665,6,0.106,-84.73,false
371,2026-03-09 20:30:00,LONG,24903,24836.64675,1,0.788,164.40,true
434,2026-03-09 20:30:00,LONG,24903,24833.3835,1,0.788,164.40,true
427,2026-03-09 20:45:00,LONG,24950,24861.93825,0,0.123,-178.12,false
449,2026-03-09 20:45:00,LONG,24950,24885.013,1,0.123,-131.97,false
428,2026-03-09 20:50:00,LONG,24942,24887.68825,1,0.143,-110.62,false
401,2026-03-09 21:55:00,LONG,24988,24928.02825,2,0.028,-121.94,false
438,2026-03-09 21:55:00,LONG,24988,24917.28325,2,0.028,-143.43,false
440,2026-03-09 22:00:00,LONG,24983.75,24936.76775,17,0.009,-95.96,false
440,2026-03-09 22:40:00,SHORT,24945.25,24995.23225,0,0.227,164.40,true
401,2026-03-09 22:50:00,SHORT,24915.5,24982.22175,0,0.152,-135.44,false
438,2026-03-09 22:55:00,SHORT,24927,24969.21675,1,0.181,-86.43,false
428,2026-03-09 23:40:00,SHORT,24867,24950.56175,3,0.031,-169.12,false
449,2026-03-09 23:40:00,SHORT,24867,24950.987,3,0.031,-169.97,false
427,2026-03-09 23:45:00,SHORT,24869,24950.56175,1,0.014,-165.12,false
427,2026-03-10 01:10:00,LONG,24939.25,24877.43825,3,0.697,164.40,true
428,2026-03-10 01:10:00,LONG,24939.25,24877.43825,2,0.697,164.40,true
449,2026-03-10 01:40:00,LONG,24942.25,24895.263,0,0.522,164.40,true
438,2026-03-10 02:05:00,LONG,24959,24910.53325,3,0.480,164.40,true
401,2026-03-10 02:35:00,LONG,24964,24934.02825,6,0.467,164.40,true
440,2026-03-10 03:15:00,LONG,25005.25,24931.01775,3,0.364,164.40,true
439,2026-03-10 03:25:00,LONG,25060,24931.03325,6,0.227,164.40,true
441,2026-03-10 03:25:00,LONG,25060,24931.01775,11,0.227,164.40,true
443,2026-03-10 03:30:00,LONG,25041,24979.09,4,0.274,164.40,true
435,2026-03-10 03:35:00,LONG,25039.25,24992.8835,3,0.279,164.40,true
444,2026-03-10 03:50:00,LONG,25047,24992.84,1,0.259,164.40,true
402,2026-03-10 04:10:00,LONG,25114.5,25037.52825,3,0.079,-155.94,false
403,2026-03-10 04:10:00,LONG,25114.5,25037.52825,2,0.079,-155.94,false
442,2026-03-10 04:10:00,LONG,25114.5,25036.51775,2,0.079,-157.96,false
365,2026-03-10 04:15:00,LONG,25125,25058.73525,1,0.053,-134.53,false
397,2026-03-10 04:15:00,LONG,25125,25056.9095,2,0.053,-138.18,false
404,2026-03-10 04:20:00,LONG,25125,25075.02825,1,0.053,-101.94,false
404,2026-03-10 06:05:00,SHORT,25076,25124.47175,3,0.461,164.40,true
365,2026-03-10 06:10:00,SHORT,25064.5,25116.01475,4,0.432,164.40,true
397,2026-03-10 06:15:00,SHORT,25051.75,25117.8405,1,0.400,164.40,true
403,2026-03-10 06:20:00,SHORT,25062.75,25118.22175,1,0.428,164.40,true
402,2026-03-10 07:15:00,SHORT,24997.5,25115.97175,5,0.264,164.40,true
442,2026-03-10 07:20:00,SHORT,25022.75,25113.98225,3,0.328,164.40,true
444,2026-03-10 07:20:00,SHORT,25022.75,25117.16,1,0.328,164.40,true
435,2026-03-10 07:40:00,SHORT,24973.5,25114.1165,2,0.204,-283.23,false
443,2026-03-10 07:45:00,SHORT,24970.25,25036.91,1,0.196,-135.32,false
439,2026-03-10 07:50:00,SHORT,24979.25,25034.96675,1,0.219,164.40,true
441,2026-03-10 08:05:00,SHORT,24912.25,25014.73225,0,0.051,-206.96,false
401,2026-03-10 08:10:00,SHORT,24931.5,24991.72175,2,0.099,-122.44,false
440,2026-03-10 08:10:00,SHORT,24931.5,25014.73225,0,0.099,-168.46,false
438,2026-03-10 08:15:00,SHORT,24918.25,24983.46675,3,0.066,-132.43,false
401,2026-03-10 08:55:00,LONG,24968.5,24920.77825,1,0.284,164.40,true
438,2026-03-10 08:55:00,LONG,24968.5,24919.78325,1,0.284,164.40,true
440,2026-03-10 09:30:00,LONG,25025,24941.01775,0,0.079,-169.96,false
439,2026-03-10 09:40:00,LONG,25029.25,24966.28325,3,0.068,-127.93,false
441,2026-03-10 09:40:00,LONG,25029.25,24957.51775,2,0.068,-145.46,false
439,2026-03-10 10:05:00,SHORT,24902,25064.46675,0,0.024,-326.93,false
441,2026-03-10 10:05:00,SHORT,24902,25057.98225,0,0.024,-313.96,false
440,2026-03-10 10:15:00,SHORT,24952.25,25010.73225,1,0.020,-118.96,false
439,2026-03-10 10:35:00,LONG,25091.5,24936.28325,0,0.316,164.40,true
440,2026-03-10 10:35:00,LONG,25091.5,24936.26775,0,0.316,164.40,true
441,2026-03-10 10:35:00,LONG,25091.5,24936.26775,0,0.316,164.40,true
435,2026-03-10 10:40:00,LONG,25102.75,24971.3835,2,0.287,164.40,true
443,2026-03-10 10:40:00,LONG,25102.75,24971.34,4,0.287,164.40,true
402,2026-03-10 10:45:00,LONG,25115.75,24994.77825,2,0.255,164.40,true
442,2026-03-10 10:45:00,LONG,25115.75,24993.76775,1,0.255,164.40,true
444,2026-03-10 10:45:00,LONG,25115.75,24993.59,3,0.255,164.40,true
365,2026-03-10 10:50:00,LONG,25128,25033.23525,1,0.224,164.40,true
397,2026-03-10 10:50:00,LONG,25128,25031.4095,3,0.224,164.40,true
403,2026-03-10 10:50:00,LONG,25128,25031.02825,3,0.224,164.40,true
404,2026-03-10 10:55:00,LONG,25151.25,25066.02825,1,0.166,-172.44,false
372,2026-03-10 11:25:00,LONG,25143.25,25103.64675,14,0.073,-81.21,false
372,2026-03-10 12:10:00,SHORT,25114.75,25160.85325,2,0.019,-94.21,false
372,2026-03-10 12:40:00,LONG,25161.25,25102.39675,0,0.141,-119.71,false
445,2026-03-10 12:40:00,LONG,25161.25,25086.59,17,0.141,-151.32,false
412,2026-03-10 13:25:00,LONG,25212.75,25113.6935,14,0.000,-200.11,false
418,2026-03-10 13:25:00,LONG,25212.75,25138.20025,10,0.000,-151.10,false
450,2026-03-10 13:25:00,LONG,25212.75,25112.513,12,0.000,-202.47,false
418,2026-03-10 13:45:00,SHORT,25161.75,25219.54975,0,2.032,164.40,true
412,2026-03-10 14:20:00,SHORT,25030.75,25183.5565,2,1.746,164.40,true
445,2026-03-10 14:20:00,SHORT,25030.75,25184.41,2,1.746,164.40,true
450,2026-03-10 14:20:00,SHORT,25030.75,25184.737,2,1.746,164.40,true
365,2026-03-10 14:25:00,SHORT,25068,25174.01475,1,0.432,164.40,true
372,2026-03-10 14:25:00,SHORT,25068,25174.10325,2,0.432,164.40,true
397,2026-03-10 14:25:00,SHORT,25068,25175.8405,1,0.432,164.40,true
403,2026-03-10 14:25:00,SHORT,25068,25176.22175,1,0.432,164.40,true
404,2026-03-10 14:25:00,SHORT,25068,25176.22175,4,0.432,164.40,true
402,2026-03-10 14:45:00,SHORT,25047.25,25113.97175,1,0.268,164.40,true
442,2026-03-10 14:50:00,SHORT,25050.5,25105.48225,1,0.276,164.40,true
435,2026-03-10 15:35:00,SHORT,24994.75,25076.3665,5,0.137,-165.23,false
443,2026-03-10 15:35:00,SHORT,24994.75,25076.41,2,0.137,-165.32,false
444,2026-03-10 15:35:00,SHORT,24994.75,25080.66,3,0.137,-173.82,false
443,2026-03-10 16:20:00,LONG,25027.5,24976.84,1,0.004,-103.32,false
443,2026-03-10 18:25:00,SHORT,24971.25,25034.66,1,0.049,-128.82,false
439,2026-03-10 18:35:00,SHORT,24960.5,25026.46675,4,0.022,-133.93,false
441,2026-03-10 18:40:00,SHORT,24953,25005.23225,6,0.000,-106.46,false
440,2026-03-10 18:45:00,SHORT,24955.5,25005.23225,2,0.000,-101.46,false
440,2026-03-10 19:20:00,LONG,24989.5,24947.51775,0,0.336,165.99,true
441,2026-03-10 19:55:00,LONG,25016,24958.51775,0,0.270,165.99,true
439,2026-03-10 20:00:00,LONG,25016.5,24967.78325,3,0.269,165.99,true
435,2026-03-10 20:15:00,LONG,25067.75,24991.8835,5,0.142,-153.73,false
443,2026-03-10 20:15:00,LONG,25067.75,24991.84,0,0.142,-153.82,false
444,2026-03-10 20:15:00,LONG,25067.75,25001.59,4,0.142,-134.32,false
402,2026-03-10 20:25:00,LONG,25069.25,25002.77825,3,0.138,-134.94,false
442,2026-03-10 21:20:00,LONG,25078.5,25043.01775,4,0.115,-72.96,false
397,2026-03-10 21:50:00,LONG,25091.75,25054.6595,5,0.083,-76.18,false
403,2026-03-10 21:50:00,LONG,25091.75,25054.27825,5,0.083,-76.94,false
365,2026-03-10 23:40:00,LONG,25114.5,25081.48525,5,0.026,-68.03,false
404,2026-03-10 23:45:00,LONG,25115.5,25085.77825,4,0.024,-61.44,false
404,2026-03-11 01:00:00,SHORT,25087.75,25124.97175,4,0.476,165.99,true
365,2026-03-11 01:05:00,SHORT,25062.5,25110.01475,1,0.414,165.99,true
397,2026-03-11 01:15:00,SHORT,25065,25106.3405,5,0.420,165.99,true
403,2026-03-11 01:15:00,SHORT,25065,25106.72175,5,0.420,165.99,true
442,2026-03-11 01:40:00,SHORT,25040.5,25097.23225,2,0.359,165.99,true
402,2026-03-11 01:50:00,SHORT,25034.25,25071.97175,5,0.344,165.99,true
444,2026-03-11 02:25:00,SHORT,25020.5,25065.66,0,0.310,165.99,true
435,2026-03-11 03:30:00,SHORT,24990,25043.1165,5,0.234,165.99,true
443,2026-03-11 03:40:00,SHORT,24965,25043.16,3,0.172,-158.32,false
439,2026-03-11 03:45:00,SHORT,24979.25,25028.46675,0,0.014,-100.43,false
439,2026-03-11 04:05:00,LONG,25016.75,24965.53325,0,0.051,-104.43,false
443,2026-03-11 04:20:00,LONG,25022,24965.34,0,0.038,-115.32,false
443,2026-03-11 04:50:00,SHORT,24959,25037.41,1,0.157,-158.82,false
439,2026-03-11 04:55:00,SHORT,24967.5,25037.21675,1,0.178,-141.43,false
441,2026-03-11 04:55:00,SHORT,24967.5,25037.23225,1,0.178,-141.46,false
440,2026-03-11 05:10:00,SHORT,24935.5,25002.48225,4,0.099,-135.96,false
401,2026-03-11 05:35:00,SHORT,24936.25,24977.72175,11,0.101,-84.94,false
438,2026-03-11 05:40:00,SHORT,24922,24961.21675,8,0.065,-80.43,false
449,2026-03-11 05:55:00,SHORT,24903.25,24961.737,6,0.019,-118.97,false
438,2026-03-11 06:15:00,LONG,24972.5,24887.78325,1,0.515,165.99,true
449,2026-03-11 06:15:00,LONG,24972.5,24887.263,0,0.515,165.99,true
401,2026-03-11 06:20:00,LONG,24963.25,24922.52825,0,0.235,165.99,true
440,2026-03-11 06:40:00,LONG,25016.25,24950.01775,2,0.068,-134.46,false
441,2026-03-11 06:40:00,LONG,25016.25,24950.01775,1,0.068,-134.46,false
439,2026-03-11 06:45:00,LONG,25013.25,24963.28325,1,0.075,-101.93,false
443,2026-03-11 07:10:00,LONG,25031.5,24989.84,0,0.017,-85.32,false
443,2026-03-11 07:30:00,SHORT,24980.75,25046.66,0,0.130,-133.82,false
439,2026-03-11 07:35:00,SHORT,24982,25016.46675,0,0.133,-70.93,false
441,2026-03-11 07:50:00,SHORT,24964.25,25016.48225,0,0.080,-106.46,false
440,2026-03-11 08:05:00,SHORT,24941.75,25001.73225,1,0.024,-121.96,false
401,2026-03-11 08:50:00,SHORT,24939.75,25064.97175,4,0.011,-252.44,false
401,2026-03-11 09:10:00,LONG,24964,24928.27825,0,0.536,165.99,true
441,2026-03-11 09:25:00,LONG,25034.5,24952.51775,3,0.361,165.99,true
439,2026-03-11 09:30:00,LONG,25076.5,24953.53325,4,0.257,165.99,true
440,2026-03-11 09:30:00,LONG,25076.5,24953.51775,3,0.257,165.99,true
435,2026-03-11 09:35:00,LONG,25102.75,24981.3835,5,0.192,-244.73,false
443,2026-03-11 09:35:00,LONG,25102.75,24981.34,1,0.192,-244.82,false
444,2026-03-11 09:40:00,LONG,25068.75,25005.84,8,0.276,165.99,true
402,2026-03-11 10:05:00,LONG,25090,25008.27825,2,0.057,-165.44,false
442,2026-03-11 10:05:00,LONG,25090,25007.26775,1,0.057,-167.46,false
397,2026-03-11 10:10:00,LONG,25102.5,25024.6595,3,0.020,-157.68,false
403,2026-03-11 10:10:00,LONG,25102.5,25024.27825,3,0.020,-158.44,false
397,2026-03-11 10:30:00,SHORT,24970,25117.0905,0,1.579,165.99,true
403,2026-03-11 10:30:00,SHORT,24970,25117.47175,0,1.579,165.99,true
402,2026-03-11 10:35:00,SHORT,25009.75,25101.97175,1,1.678,165.99,true
442,2026-03-11 10:35:00,SHORT,25009.75,25102.98225,1,1.678,165.99,true
444,2026-03-11 11:20:00,SHORT,25002,25098.16,4,1.658,165.99,true
435,2026-03-11 11:25:00,SHORT,24935.25,25066.1165,4,1.493,165.99,true
443,2026-03-11 11:35:00,SHORT,24948.75,25066.16,4,1.526,165.99,true
439,2026-03-11 11:40:00,SHORT,24919.25,25026.46675,2,0.078,-216.43,false
440,2026-03-11 11:40:00,SHORT,24919.25,25026.48225,2,0.078,-216.46,false
441,2026-03-11 11:40:00,SHORT,24919.25,25026.48225,2,0.078,-216.46,false
401,2026-03-11 12:05:00,SHORT,24907,25025.47175,3,0.022,-238.94,false
438,2026-03-11 12:10:00,SHORT,24933.5,24967.96675,7,0.068,-70.93,false
401,2026-03-11 12:40:00,LONG,24980,24914.52825,0,0.115,-132.94,false
438,2026-03-11 12:40:00,LONG,24980,24913.53325,1,0.115,-134.93,false
440,2026-03-11 13:00:00,LONG,25007.75,24941.26775,0,0.045,-134.96,false
439,2026-03-11 13:05:00,LONG,25011.75,24964.03325,2,0.024,-97.43,false
441,2026-03-11 13:05:00,LONG,25011.75,24964.01775,2,0.024,-97.46,false
439,2026-03-11 13:45:00,SHORT,24946.25,25029.46675,1,1.520,165.99,true
441,2026-03-11 13:45:00,SHORT,24946.25,25024.73225,1,1.520,165.99,true
440,2026-03-11 13:50:00,SHORT,24952.75,25015.73225,1,1.536,165.99,true
401,2026-03-11 14:15:00,SHORT,24922.25,25014.72175,0,1.460,165.99,true
438,2026-03-11 14:15:00,SHORT,24922.25,24973.21675,1,0.035,-103.93,false
438,2026-03-11 15:40:00,LONG,24977,24920.03325,3,0.074,-115.93,false
401,2026-03-11 16:15:00,LONG,24968.25,24921.52825,4,0.002,-95.44,false
401,2026-03-11 18:05:00,SHORT,24898.5,24975.97175,2,1.419,163.89,true
438,2026-03-11 18:10:00,SHORT,24904.75,24970.21675,1,1.435,163.89,true
428,2026-03-11 18:15:00,SHORT,24902,24957.31175,22,1.428,163.89,true
449,2026-03-11 18:15:00,SHORT,24902,24957.737,13,1.428,163.89,true
427,2026-03-11 18:30:00,SHORT,24852,24957.31175,12,1.302,163.89,true
434,2026-03-11 18:30:00,SHORT,24852,24914.6165,15,0.393,163.89,true
371,2026-03-11 18:35:00,SHORT,24825.25,24908.85325,11,0.326,163.89,true
410,2026-03-11 18:35:00,SHORT,24825.25,24911.15525,7,0.326,163.89,true
466,2026-03-11 18:35:00,SHORT,24825.25,24912.05925,1,0.326,163.89,true
465,2026-03-11 18:40:00,SHORT,24830,24911.983,5,0.338,163.89,true
411,2026-03-11 18:45:00,SHORT,24842.5,24892.3065,4,0.369,163.89,true
437,2026-03-11 19:15:00,SHORT,24833.25,24892.96675,2,0.346,163.89,true
448,2026-03-11 19:30:00,SHORT,24759.25,24862.04975,3,0.160,-207.60,false
423,2026-03-11 19:35:00,SHORT,24765.5,24855.6945,4,0.176,-182.39,false
433,2026-03-11 19:35:00,SHORT,24765.5,24855.75775,3,0.176,-182.52,false
432,2026-03-11 19:40:00,SHORT,24739.25,24830.25775,1,0.015,-184.02,false
426,2026-03-11 19:45:00,SHORT,24764.25,24812.56175,1,0.061,-98.62,false
454,2026-03-11 19:45:00,SHORT,24764.25,24812.86775,0,0.061,-99.24,false
454,2026-03-11 20:45:00,LONG,24800.25,24731.63225,2,0.106,-139.24,false
426,2026-03-11 21:30:00,LONG,24827.5,24761.93825,3,0.037,-133.12,false
432,2026-03-11 21:35:00,LONG,24834,24773.99225,3,0.021,-122.02,false
433,2026-03-11 21:40:00,LONG,24837.5,24779.24225,0,0.000,-118.52,false
432,2026-03-11 22:00:00,SHORT,24788,24844.25775,0,0.232,163.89,true
433,2026-03-11 22:00:00,SHORT,24788,24844.25775,0,0.232,163.89,true
426,2026-03-11 22:20:00,SHORT,24757,24814.56175,0,0.155,-117.12,false
454,2026-03-11 22:30:00,SHORT,24741,24795.36775,5,0.114,-110.74,false
436,2026-03-11 22:40:00,SHORT,24731,24783.96675,3,0.089,-107.93,false
409,2026-03-11 22:45:00,SHORT,24719,24767.15525,5,0.059,-98.31,false
431,2026-03-11 22:45:00,SHORT,24719,24784.00775,3,0.059,-132.02,false
422,2026-03-11 23:35:00,SHORT,24700.25,24760.9445,4,0.004,-123.39,false
400,2026-03-11 23:40:00,SHORT,24709,24746.72175,3,0.010,-77.44,false
425,2026-03-11 23:40:00,SHORT,24709,24747.81175,3,0.010,-79.62,false
400,2026-03-12 00:05:00,LONG,24731.5,24698.02825,0,0.494,163.89,true
425,2026-03-12 00:20:00,LONG,24743.25,24704.18825,0,0.464,163.89,true
409,2026-03-12 01:15:00,LONG,24757.75,24710.59475,4,0.428,163.89,true
422,2026-03-12 01:15:00,LONG,24757.75,24709.8055,2,0.428,163.89,true
431,2026-03-12 01:40:00,LONG,24774,24709.74225,4,0.387,163.89,true
436,2026-03-12 02:30:00,LONG,24792.25,24744.28325,4,0.341,163.89,true
454,2026-03-12 02:35:00,LONG,24787.5,24743.88225,5,0.353,163.89,true
426,2026-03-12 02:55:00,LONG,24809.5,24749.68825,0,0.298,163.89,true
432,2026-03-12 03:20:00,LONG,24828.5,24780.49225,1,0.250,163.89,true
433,2026-03-12 03:20:00,LONG,24828.5,24790.24225,0,0.250,163.89,true
423,2026-03-12 04:00:00,LONG,24893.75,24801.0555,2,0.086,-187.39,false
448,2026-03-12 04:00:00,LONG,24893.75,24800.70025,3,0.086,-188.10,false
411,2026-03-12 04:05:00,LONG,24899.75,24805.6935,2,0.071,-190.11,false
437,2026-03-12 04:05:00,LONG,24899.75,24805.03325,2,0.071,-191.43,false
410,2026-03-12 04:10:00,LONG,24878.75,24844.09475,0,0.036,-71.31,false
465,2026-03-12 04:10:00,LONG,24878.75,24843.267,1,0.036,-72.97,false
410,2026-03-12 05:15:00,SHORT,24828.75,24890.90525,2,0.040,-126.31,false
465,2026-03-12 05:15:00,SHORT,24828.75,24891.733,2,0.040,-127.97,false
411,2026-03-12 05:20:00,SHORT,24833,24891.0565,3,0.004,-118.11,false
437,2026-03-12 05:20:00,SHORT,24833,24891.71675,1,0.004,-119.43,false
411,2026-03-12 05:40:00,LONG,24900.25,24823.9435,0,0.070,-154.61,false
437,2026-03-12 05:40:00,LONG,24900.25,24823.28325,0,0.070,-155.93,false
410,2026-03-12 05:45:00,LONG,24892,24843.84475,0,0.090,-98.31,false
465,2026-03-12 05:45:00,LONG,24892,24823.267,0,0.090,-139.47,false
466,2026-03-12 05:50:00,LONG,24914.25,24850.44075,3,0.032,-129.62,false
371,2026-03-12 06:00:00,LONG,24911,24873.39675,4,0.039,-77.21,false
434,2026-03-12 06:00:00,LONG,24911,24870.1335,3,0.039,-83.73,false
434,2026-03-12 07:00:00,SHORT,24867,24915.6165,2,0.049,-99.23,false
371,2026-03-12 07:10:00,SHORT,24861.5,24909.10325,2,0.035,-97.21,false
466,2026-03-12 07:10:00,SHORT,24861.5,24912.30925,2,0.035,-103.62,false
466,2026-03-12 07:40:00,LONG,24911,24839.44075,0,0.003,-145.12,false
410,2026-03-12 08:05:00,SHORT,24821.75,24901.40525,3,1.226,163.89,true
466,2026-03-12 08:05:00,SHORT,24821.75,24902.30925,0,1.226,163.89,true
411,2026-03-12 08:10:00,SHORT,24833.5,24901.5565,2,1.256,163.89,true
437,2026-03-12 08:10:00,SHORT,24833.5,24875.21675,1,1.256,163.89,true
465,2026-03-12 08:10:00,SHORT,24833.5,24902.233,2,1.256,163.89,true
448,2026-03-12 08:45:00,SHORT,24823.5,24851.54975,3,0.055,-58.10,false
423,2026-03-12 09:25:00,SHORT,24775.75,24855.4445,6,1.111,163.89,true
432,2026-03-12 09:25:00,SHORT,24775.75,24855.50775,6,1.111,163.89,true
433,2026-03-12 09:25:00,SHORT,24775.75,24855.50775,6,1.111,163.89,true
426,2026-03-12 09:55:00,SHORT,24657.75,24836.56175,1,0.814,163.89,true
436,2026-03-12 09:55:00,SHORT,24657.75,24836.46675,2,0.814,163.89,true
454,2026-03-12 09:55:00,SHORT,24657.75,24836.86775,3,0.814,163.89,true
409,2026-03-12 10:00:00,SHORT,24719,24774.40525,6,0.809,163.89,true
422,2026-03-12 10:00:00,SHORT,24719,24775.1945,4,0.809,163.89,true
425,2026-03-12 10:00:00,SHORT,24719,24775.31175,2,0.809,163.89,true
431,2026-03-12 10:00:00,SHORT,24719,24775.25775,6,0.809,163.89,true
400,2026-03-12 10:30:00,SHORT,24605.5,24754.47175,2,0.524,163.89,true
408,2026-03-12 10:30:00,SHORT,24605.5,24754.65525,3,0.524,163.89,true
424,2026-03-12 10:30:00,SHORT,24605.5,24755.56175,1,0.524,163.89,true
430,2026-03-12 10:35:00,SHORT,24605.25,24755.50775,1,0.523,163.89,true
447,2026-03-12 10:35:00,SHORT,24605.25,24711.04975,2,0.052,-213.60,false
407,2026-03-12 10:55:00,SHORT,24619.75,24727.15525,3,0.148,-216.81,false
457,2026-03-12 11:10:00,SHORT,24590,24728.3375,2,0.058,-278.68,false
407,2026-03-12 11:50:00,LONG,24675.75,24571.84475,1,0.150,-209.81,false
457,2026-03-12 11:50:00,LONG,24675.75,24570.6625,1,0.150,-212.18,false
407,2026-03-12 13:55:00,SHORT,24625.5,24699.65525,6,0.574,163.89,true
457,2026-03-12 15:05:00,SHORT,24600.75,24654.8375,7,0.275,163.89,true
429,2026-03-12 15:50:00,SHORT,24571.5,24651.00775,12,0.202,-161.02,false
406,2026-03-12 16:15:00,SHORT,24546.75,24592.15525,3,0.021,-92.81,false
421,2026-03-12 16:15:00,SHORT,24546.75,24618.9445,8,0.139,-146.39,false
406,2026-03-12 18:35:00,LONG,24597,24534.59475,3,0.045,-126.81,false
406,2026-03-12 19:55:00,SHORT,24528,24585.90525,2,0.097,-117.81,false
406,2026-03-12 20:25:00,LONG,24619,24533.09475,0,0.114,-173.81,false
421,2026-03-12 20:25:00,LONG,24619,24532.3055,4,0.114,-175.39,false
429,2026-03-12 20:35:00,LONG,24626.75,24570.74225,2,0.094,-114.02,false
457,2026-03-12 21:10:00,LONG,24645.75,24597.6625,4,0.026,-98.18,false
468,2026-03-12 21:15:00,LONG,24650.5,24598.4205,2,0.012,-106.16,false
468,2026-03-12 22:20:00,SHORT,24617.5,24659.0795,2,0.582,155.99,true
457,2026-03-12 22:50:00,SHORT,24600.75,24648.3375,2,0.538,155.99,true
429,2026-03-13 00:30:00,SHORT,24573.5,24636.25775,5,0.466,155.99,true
421,2026-03-13 01:15:00,SHORT,24570,24614.9445,2,0.456,155.99,true
406,2026-03-13 02:35:00,SHORT,24537.75,24586.90525,8,0.371,155.99,true
405,2026-03-13 02:40:00,SHORT,24517,24571.90525,7,0.317,155.99,true
464,2026-03-13 02:55:00,SHORT,24479.75,24552.21125,3,0.218,155.99,true
459,2026-03-13 03:00:00,SHORT,24457.5,24529.60225,1,0.160,-146.20,false
463,2026-03-13 03:00:00,SHORT,24457.5,24529.21125,1,0.160,-145.42,false
446,2026-03-13 03:15:00,SHORT,24434.5,24496.29975,0,0.099,-125.60,false
462,2026-03-13 04:15:00,SHORT,24421,24466.96125,2,0.040,-93.92,false
446,2026-03-13 04:45:00,LONG,24491,24405.95025,2,0.829,155.99,true
462,2026-03-13 04:45:00,LONG,24491,24406.53875,1,0.829,155.99,true
463,2026-03-13 05:00:00,LONG,24548.25,24448.78875,0,0.678,155.99,true
459,2026-03-13 05:05:00,LONG,24529,24480.89775,0,0.729,155.99,true
464,2026-03-13 06:10:00,LONG,24589.75,24505.28875,2,0.569,155.99,true
405,2026-03-13 06:15:00,LONG,24604.25,24518.09475,4,0.530,155.99,true
406,2026-03-13 06:20:00,LONG,24597.25,24518.09475,1,0.549,155.99,true
421,2026-03-13 06:55:00,LONG,24619,24551.5555,6,0.491,155.99,true
429,2026-03-13 07:10:00,LONG,24618.75,24588.24225,2,0.492,155.99,true
457,2026-03-13 07:45:00,LONG,24645,24587.9125,2,0.423,155.99,true
468,2026-03-13 07:50:00,LONG,24652.5,24597.9205,3,0.403,155.99,true
407,2026-03-13 08:00:00,LONG,24654.5,24617.59475,12,0.220,155.99,true
447,2026-03-13 09:45:00,LONG,24755.75,24602.70025,15,0.108,-308.10,false
430,2026-03-13 09:50:00,LONG,24789.25,24602.99225,16,0.008,-374.52,false
400,2026-03-13 09:55:00,LONG,24726,24659.27825,5,0.103,-135.44,false
408,2026-03-13 09:55:00,LONG,24726,24659.09475,12,0.103,-135.81,false
424,2026-03-13 09:55:00,LONG,24726,24658.18825,17,0.103,-137.62,false
469,2026-03-13 09:55:00,LONG,24726,24658.6705,2,0.103,-136.66,false
400,2026-03-13 10:15:00,SHORT,24655,24771.97175,0,0.848,155.99,true
408,2026-03-13 10:15:00,SHORT,24655,24772.15525,0,0.848,155.99,true
469,2026-03-13 10:15:00,SHORT,24655,24772.5795,0,0.848,155.99,true
424,2026-03-13 10:20:00,SHORT,24672,24747.31175,0,0.893,155.99,true
407,2026-03-13 10:50:00,SHORT,24547,24698.40525,8,0.563,155.99,true
430,2026-03-13 10:50:00,SHORT,24547,24699.25775,1,0.563,155.99,true
447,2026-03-13 10:50:00,SHORT,24547,24699.54975,1,0.563,155.99,true
468,2026-03-13 10:50:00,SHORT,24547,24698.8295,7,0.563,155.99,true
429,2026-03-13 10:55:00,SHORT,24489.75,24669.75775,2,0.412,155.99,true
457,2026-03-13 10:55:00,SHORT,24489.75,24670.0875,2,0.412,155.99,true
406,2026-03-13 11:00:00,SHORT,24486.75,24605.15525,1,0.404,155.99,true
421,2026-03-13 11:00:00,SHORT,24486.75,24605.9445,0,0.404,155.99,true
405,2026-03-13 11:05:00,SHORT,24527,24605.15525,0,0.510,155.99,true
464,2026-03-13 11:30:00,SHORT,24486,24571.96125,1,0.402,155.99,true
459,2026-03-13 11:35:00,SHORT,24462.25,24552.10225,2,0.339,155.99,true
463,2026-03-13 11:45:00,SHORT,24446,24551.71125,1,0.296,155.99,true
446,2026-03-13 12:00:00,SHORT,24438.25,24484.29975,1,0.080,-94.10,false
462,2026-03-13 13:50:00,SHORT,24377.25,24468.71125,7,0.039,-184.92,false
461,2026-03-13 13:55:00,SHORT,24374.25,24448.21125,12,0.018,-149.92,false
461,2026-03-13 14:45:00,LONG,24460.5,24390.78875,1,0.032,-141.42,false
462,2026-03-13 14:45:00,LONG,24460.5,24390.78875,0,0.032,-141.42,false
462,2026-03-13 15:10:00,SHORT,24416.5,24471.96125,0,0.218,155.99,true
461,2026-03-13 15:30:00,SHORT,24378.5,24457.21125,0,0.118,-159.42,false
467,2026-03-13 15:35:00,SHORT,24362,24427.5795,8,0.075,-133.16,false
459,2026-03-15 18:15:00,LONG,24516,24483.39775,0,1.823,156.78,true
463,2026-03-15 18:15:00,LONG,24516,24483.78875,1,1.823,156.78,true
464,2026-03-15 18:30:00,LONG,24540.25,24483.78875,0,1.760,156.78,true
405,2026-03-15 18:45:00,LONG,24630.75,24509.09475,4,1.522,156.78,true
406,2026-03-15 18:50:00,LONG,24666.75,24530.59475,3,1.428,156.78,true
421,2026-03-15 18:55:00,LONG,24677,24552.3055,1,1.401,156.78,true
429,2026-03-15 18:55:00,LONG,24677,24552.24225,1,1.401,156.78,true
407,2026-03-15 19:00:00,LONG,24670.75,24585.59475,0,1.417,156.78,true
457,2026-03-15 19:00:00,LONG,24670.75,24584.4125,0,1.417,156.78,true
468,2026-03-15 19:00:00,LONG,24670.75,24585.1705,0,1.417,156.78,true
408,2026-03-15 20:15:00,LONG,24720.5,24639.84475,3,1.287,156.78,true
424,2026-03-15 20:15:00,LONG,24720.5,24638.93825,3,1.287,156.78,true
430,2026-03-15 20:15:00,LONG,24720.5,24638.99225,2,1.287,156.78,true
447,2026-03-15 20:15:00,LONG,24720.5,24638.70025,3,1.287,156.78,true
469,2026-03-15 20:15:00,LONG,24720.5,24639.4205,2,1.287,156.78,true
469,2026-03-15 21:40:00,SHORT,24693,24729.5795,3,0.000,-75.16,false
469,2026-03-15 22:00:00,LONG,24720.75,24686.4205,0,0.016,-70.66,false
469,2026-03-15 22:40:00,SHORT,24689.75,24723.8295,1,0.012,-70.16,false
469,2026-03-15 23:25:00,LONG,24721.5,24682.9205,1,1.284,156.78,true
400,2026-03-15 23:40:00,LONG,24730,24698.52825,9,0.181,-64.94,false
425,2026-03-15 23:55:00,LONG,24744,24705.18825,15,0.144,-79.62,false
422,2026-03-16 00:20:00,LONG,24746.75,24719.3055,10,0.009,-56.89,false
409,2026-03-16 01:55:00,LONG,24772.5,24715.09475,8,0.070,-116.81,false
431,2026-03-16 01:55:00,LONG,24772.5,24714.24225,5,0.070,-118.52,false
436,2026-03-16 03:05:00,LONG,24772.25,24744.53325,5,0.011,-57.43,false
436,2026-03-16 03:35:00,SHORT,24717.25,24784.46675,0,0.072,-136.43,false
409,2026-03-16 03:40:00,SHORT,24727.25,24769.40525,2,0.026,-86.31,false
422,2026-03-16 03:40:00,SHORT,24727.25,24770.1945,1,0.026,-87.89,false
431,2026-03-16 03:40:00,SHORT,24727.25,24770.25775,3,0.026,-88.02,false
425,2026-03-16 04:45:00,SHORT,24708.25,24761.06175,5,0.049,-107.62,false
400,2026-03-16 05:40:00,SHORT,24697.75,24751.22175,10,0.021,-108.94,false
400,2026-03-16 06:10:00,LONG,24738.5,24691.27825,1,1.239,156.78,true
425,2026-03-16 06:15:00,LONG,24746.25,24692.93825,4,1.219,156.78,true
422,2026-03-16 06:25:00,LONG,24786,24700.5555,6,1.115,156.78,true
409,2026-03-16 06:30:00,LONG,24773.5,24701.34475,6,1.147,156.78,true
431,2026-03-16 06:30:00,LONG,24773.5,24728.24225,7,1.147,156.78,true
436,2026-03-16 06:35:00,LONG,24781,24738.28325,2,0.667,156.78,true
426,2026-03-16 06:55:00,LONG,24817.25,24760.18825,5,0.572,156.78,true
454,2026-03-16 06:55:00,LONG,24817.25,24737.88225,7,0.572,156.78,true
432,2026-03-16 07:45:00,LONG,24834.5,24781.74225,4,0.526,156.78,true
433,2026-03-16 07:45:00,LONG,24834.5,24781.49225,4,0.526,156.78,true
423,2026-03-16 08:05:00,LONG,24861.25,24803.3055,3,0.456,156.78,true
448,2026-03-16 08:10:00,LONG,24883.75,24802.95025,4,0.397,156.78,true
437,2026-03-16 08:15:00,LONG,24887.75,24821.28325,5,0.387,156.78,true
411,2026-03-16 08:20:00,LONG,24873.5,24829.6935,2,0.424,156.78,true
465,2026-03-16 08:20:00,LONG,24873.5,24836.017,0,0.280,156.78,true
410,2026-03-16 08:35:00,LONG,24886.25,24848.59475,0,0.094,-77.31,false
371,2026-03-16 09:55:00,LONG,24949.5,24831.64675,6,0.224,156.78,true
466,2026-03-16 09:55:00,LONG,24949.5,24828.44075,2,0.224,156.78,true
434,2026-03-16 10:00:00,LONG,24921.75,24875.1335,6,0.153,-95.23,false
427,2026-03-16 10:05:00,LONG,24953,24875.18825,9,0.071,-157.62,false
428,2026-03-16 10:15:00,LONG,24949.25,24875.18825,5,0.081,-150.12,false
449,2026-03-16 10:15:00,LONG,24949.25,24886.513,5,0.081,-127.47,false
449,2026-03-16 10:40:00,SHORT,24857.5,24978.487,0,0.066,-243.97,false
371,2026-03-16 10:45:00,SHORT,24856.5,24940.85325,0,0.061,-170.71,false
427,2026-03-16 10:45:00,SHORT,24856.5,24944.06175,0,0.061,-177.12,false
428,2026-03-16 10:45:00,SHORT,24856.5,24944.06175,0,0.061,-177.12,false
434,2026-03-16 10:45:00,SHORT,24856.5,24944.1165,0,0.061,-177.23,false
466,2026-03-16 10:45:00,SHORT,24856.5,24944.05925,0,0.061,-177.12,false
466,2026-03-16 11:15:00,LONG,24925,24825.19075,0,0.289,156.78,true
371,2026-03-16 11:20:00,LONG,24945,24856.89675,1,0.024,-178.21,false
427,2026-03-16 11:20:00,LONG,24945,24853.68825,1,0.024,-184.62,false
434,2026-03-16 11:20:00,LONG,24945,24853.6335,1,0.024,-184.73,false
428,2026-03-16 11:30:00,LONG,24945.5,24862.43825,1,0.020,-168.12,false
427,2026-03-16 12:05:00,SHORT,24895.5,24953.31175,0,0.166,-117.62,false
428,2026-03-16 12:05:00,SHORT,24895.5,24953.31175,0,0.166,-117.62,false
371,2026-03-16 12:30:00,SHORT,24846.5,24916.60325,1,0.001,-142.21,false
410,2026-03-16 12:30:00,SHORT,24846.5,24913.15525,6,0.001,-135.31,false
434,2026-03-16 12:30:00,SHORT,24846.5,24937.6165,0,0.001,-184.23,false
466,2026-03-16 12:30:00,SHORT,24846.5,24919.80925,1,0.001,-148.62,false
410,2026-03-16 12:50:00,LONG,24896.5,24839.09475,0,0.364,156.78,true
466,2026-03-16 12:50:00,LONG,24896.5,24838.19075,0,0.364,156.78,true
371,2026-03-16 13:10:00,LONG,24923.5,24860.64675,0,0.293,156.78,true
434,2026-03-16 13:10:00,LONG,24923.5,24857.3835,0,0.293,156.78,true
427,2026-03-16 13:20:00,LONG,24931,24882.43825,3,0.018,-99.12,false
427,2026-03-16 13:50:00,SHORT,24889.5,24946.06175,0,0.015,-115.12,false
427,2026-03-16 14:10:00,LONG,24921.25,24875.68825,0,0.299,156.78,true
428,2026-03-16 14:25:00,LONG,24934.75,24883.68825,4,0.263,156.78,true
449,2026-03-16 14:45:00,LONG,24941.5,24900.013,4,0.245,156.78,true
449,2026-03-16 15:25:00,SHORT,24898.75,25043.487,1,0.448,156.78,true
428,2026-03-16 15:30:00,SHORT,24892.5,25043.06175,2,0.431,156.78,true
427,2026-03-16 15:40:00,SHORT,24872.5,24955.06175,1,0.379,156.78,true
371,2026-03-16 15:50:00,SHORT,24867,24914.35325,3,0.364,156.78,true
434,2026-03-16 15:50:00,SHORT,24867,24926.3665,1,0.364,156.78,true
466,2026-03-16 16:30:00,SHORT,24866.25,24907.55925,5,0.362,156.78,true
410,2026-03-16 18:10:00,SHORT,24855,24891.90525,4,0.329,158.36,true
411,2026-03-16 18:40:00,SHORT,24844.75,24882.8065,10,0.303,158.36,true
465,2026-03-16 18:40:00,SHORT,24844.75,24888.233,13,0.303,158.36,true
437,2026-03-16 20:50:00,SHORT,24814.5,24870.21675,10,0.224,158.36,true
448,2026-03-16 20:55:00,SHORT,24813,24870.54975,10,0.220,158.36,true
423,2026-03-16 23:00:00,SHORT,24793.5,24847.4445,3,0.034,-109.89,false
433,2026-03-16 23:00:00,SHORT,24793.5,24837.75775,7,0.034,-90.52,false
432,2026-03-16 23:05:00,SHORT,24792.75,24832.00775,3,0.032,-80.52,false
432,2026-03-17 00:40:00,LONG,24830.75,24786.99225,2,0.057,-89.52,false
433,2026-03-17 00:45:00,LONG,24844.75,24793.99225,2,0.020,-103.52,false
423,2026-03-17 00:55:00,LONG,24835.5,24803.0555,0,0.044,-66.89,false
448,2026-03-17 01:20:00,LONG,24844,24807.70025,6,0.012,-74.60,false
448,2026-03-17 01:50:00,SHORT,24775.25,24857.04975,0,0.122,-165.60,false
423,2026-03-17 01:55:00,SHORT,24755.5,24847.4445,1,0.071,-185.89,false
433,2026-03-17 01:55:00,SHORT,24755.5,24841.00775,0,0.071,-173.02,false
426,2026-03-17 02:00:00,SHORT,24735.75,24826.81175,4,0.019,-184.12,false
432,2026-03-17 02:00:00,SHORT,24735.75,24826.75775,0,0.019,-184.02,false
436,2026-03-17 02:05:00,SHORT,24735.25,24801.46675,1,0.018,-134.43,false
454,2026-03-17 02:05:00,SHORT,24735.25,24827.11775,1,0.018,-185.74,false
436,2026-03-17 03:25:00,LONG,24795.25,24747.28325,2,0.054,-97.93,false
454,2026-03-17 03:30:00,LONG,24798,24749.88225,3,0.047,-98.24,false
426,2026-03-17 03:35:00,LONG,24805.5,24750.18825,0,0.027,-112.62,false
426,2026-03-17 04:30:00,SHORT,24758.25,24824.06175,0,0.048,-133.62,false
454,2026-03-17 04:35:00,SHORT,24762,24799.36775,2,0.034,-76.74,false
454,2026-03-17 05:15:00,LONG,24800.5,24745.38225,1,1.066,158.36,true
426,2026-03-17 05:25:00,LONG,24841,24760.18825,1,0.961,158.36,true
432,2026-03-17 05:35:00,LONG,24827.5,24770.49225,4,0.996,158.36,true
433,2026-03-17 05:35:00,LONG,24827.5,24784.74225,2,0.996,158.36,true
423,2026-03-17 05:50:00,LONG,24834,24797.0555,1,0.031,-75.89,false
423,2026-03-17 06:25:00,SHORT,24808.75,24842.1945,1,0.016,-68.89,false
423,2026-03-17 07:05:00,LONG,24844.5,24794.5555,0,0.951,158.36,true
411,2026-03-17 08:15:00,LONG,24893.5,24805.4435,12,0.824,158.36,true
437,2026-03-17 08:15:00,LONG,24893.5,24804.78325,11,0.824,158.36,true
448,2026-03-17 08:15:00,LONG,24893.5,24804.45025,6,0.824,158.36,true
410,2026-03-17 08:20:00,LONG,24903.5,24838.34475,6,0.798,158.36,true
465,2026-03-17 08:20:00,LONG,24903.5,24837.517,8,0.798,158.36,true
466,2026-03-17 08:20:00,LONG,24903.5,24837.44075,4,0.798,158.36,true
371,2026-03-17 08:25:00,LONG,24910.5,24865.14675,2,0.780,158.36,true
434,2026-03-17 08:30:00,LONG,24932.25,24861.8835,2,0.723,158.36,true
427,2026-03-17 08:40:00,LONG,24926.25,24883.18825,1,0.739,158.36,true
428,2026-03-17 08:40:00,LONG,24926.25,24883.18825,1,0.739,158.36,true
449,2026-03-17 09:10:00,LONG,24974.5,24900.263,0,0.614,158.36,true
401,2026-03-17 09:15:00,LONG,24997.25,24922.52825,8,0.554,158.36,true
438,2026-03-17 09:15:00,LONG,24997.25,24921.53325,14,0.554,158.36,true
472,2026-03-17 09:20:00,LONG,25015.75,24928.8065,0,0.506,158.36,true
440,2026-03-17 09:25:00,LONG,25000.5,24928.51775,12,0.546,158.36,true
441,2026-03-17 09:25:00,LONG,25000.5,24954.01775,7,0.303,158.36,true
439,2026-03-17 09:40:00,LONG,25061.75,24956.03325,4,0.144,-213.43,false
435,2026-03-17 09:45:00,LONG,25114,24955.8835,4,0.001,-318.23,false
443,2026-03-17 09:45:00,LONG,25114,24955.84,8,0.001,-318.32,false
444,2026-03-17 09:45:00,LONG,25114,24955.84,1,0.001,-318.32,false
402,2026-03-17 09:55:00,LONG,25093,24957.02825,2,0.013,-273.94,false
442,2026-03-17 09:55:00,LONG,25093,24956.01775,1,0.013,-275.96,false
402,2026-03-17 11:15:00,SHORT,25045,25096.47175,3,0.257,158.36,true
442,2026-03-17 11:15:00,SHORT,25045,25097.48225,2,0.257,158.36,true
444,2026-03-17 11:30:00,SHORT,24996,25070.41,4,0.129,-150.82,false
435,2026-03-17 11:35:00,SHORT,24975,25063.1165,2,0.075,-178.23,false
443,2026-03-17 11:40:00,SHORT,24994.75,25063.16,2,0.126,-138.82,false
439,2026-03-17 12:10:00,SHORT,24977,25040.21675,1,0.013,-128.43,false
439,2026-03-17 12:30:00,LONG,25009.25,24964.03325,0,0.523,158.36,true
443,2026-03-17 14:00:00,LONG,25040.75,24985.84,3,0.044,-111.82,false
435,2026-03-17 14:10:00,LONG,25036,24993.6335,6,0.016,-86.73,false
435,2026-03-17 14:30:00,SHORT,25003,25050.1165,0,0.055,-96.23,false
443,2026-03-17 15:40:00,SHORT,24999,25047.16,0,0.021,-98.32,false
443,2026-03-17 16:20:00,LONG,25026,24988.09,0,0.480,158.36,true
443,2026-03-17 18:45:00,SHORT,24994.25,25036.41,0,0.002,-86.32,false
443,2026-03-17 20:15:00,LONG,25039,24989.59,2,0.462,152.74,true
435,2026-03-17 20:20:00,LONG,25048.5,24989.8835,6,0.436,152.74,true
444,2026-03-17 20:50:00,LONG,25074.75,25010.59,5,0.366,152.74,true
402,2026-03-17 20:55:00,LONG,25078.5,25034.77825,4,0.356,152.74,true
442,2026-03-17 21:05:00,LONG,25093.5,25044.51775,0,0.315,152.74,true
397,2026-03-17 21:10:00,LONG,25089.75,25045.9095,7,0.325,152.74,true
403,2026-03-17 21:10:00,LONG,25089.75,25045.52825,8,0.325,152.74,true
365,2026-03-17 22:15:00,LONG,25117.75,25077.73525,9,0.250,152.74,true
404,2026-03-17 22:25:00,LONG,25123.5,25087.27825,4,0.234,152.74,true
473,2026-03-17 23:55:00,LONG,25137,25091.3065,2,0.198,-93.39,false
372,2026-03-18 00:05:00,LONG,25141.25,25117.39675,4,0.187,-49.71,false
445,2026-03-18 01:20:00,LONG,25154.75,25114.09,3,0.150,-83.32,false
412,2026-03-18 01:35:00,LONG,25162.75,25127.9435,5,0.129,-71.61,false
450,2026-03-18 01:55:00,LONG,25168.5,25135.763,1,0.113,-67.47,false
418,2026-03-18 02:25:00,LONG,25204.75,25151.20025,4,0.005,-109.10,false
375,2026-03-18 02:30:00,LONG,25194,25162.0375,11,0.015,-65.93,false
375,2026-03-18 03:55:00,SHORT,25161.75,25193.9625,1,0.022,-66.43,false
375,2026-03-18 06:25:00,LONG,25187.75,25160.0375,7,0.024,-57.43,false
375,2026-03-18 07:00:00,SHORT,25155.75,25197.2125,0,3.727,152.74,true
418,2026-03-18 07:05:00,SHORT,25157.5,25188.79975,8,3.731,152.74,true
450,2026-03-18 07:35:00,SHORT,25122,25185.737,9,3.636,152.74,true
412,2026-03-18 07:40:00,SHORT,25143,25173.0565,4,3.692,152.74,true
372,2026-03-18 08:00:00,SHORT,25077.5,25151.10325,3,3.516,152.74,true
445,2026-03-18 08:00:00,SHORT,25077.5,25173.91,0,3.516,152.74,true
404,2026-03-18 08:10:00,SHORT,25048,25141.22175,3,3.436,152.74,true
473,2026-03-18 08:10:00,SHORT,25048,25147.1935,1,3.436,152.74,true
365,2026-03-18 08:15:00,SHORT,25002.5,25123.76475,1,3.314,152.74,true
397,2026-03-18 08:15:00,SHORT,25002.5,25125.5905,3,3.314,152.74,true
403,2026-03-18 08:15:00,SHORT,25002.5,25125.97175,1,3.314,152.74,true
402,2026-03-18 08:20:00,SHORT,25016.25,25086.47175,0,3.351,152.74,true
442,2026-03-18 08:20:00,SHORT,25016.25,25126.98225,0,3.351,152.74,true
444,2026-03-18 08:25:00,SHORT,25024.5,25072.91,0,3.373,152.74,true
435,2026-03-18 08:40:00,SHORT,24923,25072.8665,0,3.100,152.74,true
439,2026-03-18 08:40:00,SHORT,24923,25040.21675,17,3.100,152.74,true
443,2026-03-18 08:45:00,SHORT,24896.5,25034.41,1,3.028,152.74,true
441,2026-03-18 08:50:00,SHORT,24888.5,25034.23225,8,3.007,152.74,true
401,2026-03-18 08:55:00,SHORT,24881.25,25002.72175,3,2.987,152.74,true
427,2026-03-18 08:55:00,SHORT,24881.25,25003.81175,0,2.987,152.74,true
428,2026-03-18 08:55:00,SHORT,24881.25,25003.81175,1,2.987,152.74,true
438,2026-03-18 08:55:00,SHORT,24881.25,25003.71675,3,2.987,152.74,true
440,2026-03-18 08:55:00,SHORT,24881.25,25003.73225,4,2.987,152.74,true
449,2026-03-18 08:55:00,SHORT,24881.25,25004.237,0,2.987,152.74,true
472,2026-03-18 08:55:00,SHORT,24881.25,25003.4435,4,2.987,152.74,true
427,2026-03-18 09:35:00,LONG,24962.75,24855.93825,0,0.096,-215.62,false
428,2026-03-18 09:35:00,LONG,24962.75,24869.18825,1,0.096,-189.12,false
449,2026-03-18 09:40:00,LONG,24952.75,24891.013,0,0.123,-125.47,false
438,2026-03-18 09:45:00,LONG,24966.5,24896.28325,0,0.049,-142.43,false
428,2026-03-18 10:25:00,SHORT,24821.75,24978.06175,1,2.827,152.74,true
438,2026-03-18 10:25:00,SHORT,24821.75,24977.96675,2,2.827,152.74,true
449,2026-03-18 10:25:00,SHORT,24821.75,24978.487,2,2.827,152.74,true
427,2026-03-18 10:30:00,SHORT,24837.75,24978.06175,1,2.870,152.74,true
371,2026-03-18 10:35:00,SHORT,24836.5,24930.35325,2,0.045,-189.71,false
434,2026-03-18 10:35:00,SHORT,24836.5,24918.1165,2,0.045,-165.23,false
410,2026-03-18 10:40:00,SHORT,24831.5,24902.40525,2,0.032,-143.81,false
411,2026-03-18 10:40:00,SHORT,24831.5,24902.5565,1,0.032,-144.11,false
465,2026-03-18 10:40:00,SHORT,24831.5,24903.233,1,0.032,-145.47,false
466,2026-03-18 10:40:00,SHORT,24831.5,24903.30925,3,0.032,-145.62,false
410,2026-03-18 11:10:00,LONG,24904.5,24834.34475,0,0.033,-142.31,false
411,2026-03-18 11:10:00,LONG,24904.5,24834.1935,1,0.033,-142.61,false
465,2026-03-18 11:10:00,LONG,24904.5,24833.517,1,0.033,-143.97,false
466,2026-03-18 11:10:00,LONG,24904.5,24833.44075,0,0.033,-144.12,false
371,2026-03-18 11:40:00,LONG,24894.75,24855.14675,1,0.059,-81.21,false
371,2026-03-18 12:40:00,SHORT,24851.75,24907.35325,3,0.152,-113.21,false
466,2026-03-18 12:40:00,SHORT,24851.75,24910.55925,5,0.152,-119.62,false
410,2026-03-18 12:45:00,SHORT,24853.75,24902.40525,4,0.157,-99.31,false
411,2026-03-18 13:10:00,SHORT,24804.5,24883.8065,3,0.018,-160.61,false
437,2026-03-18 13:10:00,SHORT,24804.5,24884.46675,3,0.018,-161.93,false
465,2026-03-18 13:10:00,SHORT,24804.5,24884.483,3,0.018,-161.97,false
448,2026-03-18 13:15:00,SHORT,24819.5,24856.29975,4,0.021,-75.60,false
448,2026-03-18 13:45:00,LONG,24859.75,24803.45025,0,0.153,-114.60,false
437,2026-03-18 13:55:00,LONG,24880,24803.78325,0,0.098,-154.43,false
411,2026-03-18 14:00:00,LONG,24906.25,24840.1935,1,0.000,-134.11,false
465,2026-03-18 14:00:00,LONG,24906.25,24839.517,1,0.000,-135.47,false
411,2026-03-18 14:40:00,SHORT,24813.75,24890.5565,0,2.805,152.74,true
465,2026-03-18 14:40:00,SHORT,24813.75,24891.233,0,2.805,152.74,true
423,2026-03-18 14:45:00,SHORT,24800.75,24871.9445,10,2.770,152.74,true
437,2026-03-18 14:45:00,SHORT,24800.75,24871.96675,1,2.770,152.74,true
448,2026-03-18 14:45:00,SHORT,24800.75,24872.29975,1,2.770,152.74,true
433,2026-03-18 14:55:00,SHORT,24743.75,24872.00775,10,2.617,152.74,true
432,2026-03-18 15:00:00,SHORT,24789.75,24872.00775,8,2.741,152.74,true
426,2026-03-18 15:20:00,SHORT,24716.25,24810.56175,3,2.543,152.74,true
454,2026-03-18 15:20:00,SHORT,24716.25,24809.86775,1,2.543,152.74,true
431,2026-03-18 15:25:00,SHORT,24722,24795.50775,9,2.558,152.74,true
436,2026-03-18 15:25:00,SHORT,24722,24809.46675,5,2.558,152.74,true
409,2026-03-18 15:30:00,SHORT,24734.75,24774.15525,7,2.592,152.74,true
422,2026-03-18 15:45:00,SHORT,24676,24774.9445,6,2.434,152.74,true
425,2026-03-18 15:45:00,SHORT,24676,24753.31175,2,2.434,152.74,true
400,2026-03-18 15:50:00,SHORT,24677.5,24743.97175,1,2.438,152.74,true
469,2026-03-18 15:50:00,SHORT,24677.5,24744.5795,6,2.438,152.74,true
408,2026-03-18 15:55:00,SHORT,24651.5,24723.65525,12,0.240,152.74,true
424,2026-03-18 15:55:00,SHORT,24651.5,24724.56175,5,0.240,152.74,true
430,2026-03-18 16:05:00,SHORT,24636.75,24724.50775,3,0.201,-177.52,false
447,2026-03-18 16:05:00,SHORT,24636.75,24701.29975,1,0.201,-131.10,false
471,2026-03-18 16:15:00,SHORT,24613,24697.6935,0,0.137,-171.39,false
407,2026-03-18 16:20:00,SHORT,24604,24662.65525,5,0.112,-119.31,false
468,2026-03-18 16:20:00,SHORT,24604,24663.0795,3,0.112,-120.16,false
457,2026-03-18 16:25:00,SHORT,24578.5,24663.8375,1,0.044,-172.68,false
429,2026-03-18 16:35:00,SHORT,24601.75,24651.25775,1,0.106,-101.02,false
429,2026-03-18 20:10:00,LONG,24628.75,24584.49225,3,0.261,152.33,true
457,2026-03-18 21:30:00,LONG,24641.25,24596.6625,8,0.227,152.33,true
407,2026-03-18 21:45:00,LONG,24655.25,24623.59475,2,0.040,-65.31,false
468,2026-03-18 21:45:00,LONG,24655.25,24607.6705,6,0.040,-97.16,false
447,2026-03-18 22:20:00,LONG,24704.5,24615.95025,2,0.056,-179.10,false
471,2026-03-18 22:20:00,LONG,24704.5,24616.5565,3,0.056,-177.89,false
430,2026-03-18 22:25:00,LONG,24694.75,24616.24225,1,0.082,-159.02,false
424,2026-03-18 22:30:00,LONG,24711.5,24660.18825,1,0.037,-104.62,false
408,2026-03-18 22:40:00,LONG,24716.5,24665.59475,1,0.003,-103.81,false
408,2026-03-18 23:40:00,SHORT,24678.5,24719.65525,1,2.447,152.33,true
424,2026-03-19 00:05:00,SHORT,24640.75,24709.06175,1,2.345,152.33,true
430,2026-03-19 00:05:00,SHORT,24640.75,24702.00775,0,2.345,152.33,true
447,2026-03-19 00:10:00,SHORT,24644.5,24691.29975,1,0.858,152.33,true
471,2026-03-19 00:25:00,SHORT,24638,24671.6935,0,0.841,152.33,true
407,2026-03-19 00:45:00,SHORT,24614.5,24665.40525,1,0.777,152.33,true
468,2026-03-19 00:50:00,SHORT,24620.75,24655.8295,2,0.794,152.33,true
457,2026-03-19 01:40:00,SHORT,24581.25,24645.8375,4,0.219,152.33,true
429,2026-03-19 01:45:00,SHORT,24586.25,24645.50775,5,0.233,152.33,true
421,2026-03-19 04:00:00,SHORT,24546.5,24619.1945,10,0.126,-147.39,false
405,2026-03-19 04:40:00,SHORT,24507.25,24593.15525,1,0.005,-173.81,false
406,2026-03-19 04:40:00,SHORT,24507.25,24593.15525,9,0.005,-173.81,false
405,2026-03-19 05:10:00,LONG,24570.25,24512.34475,0,0.071,-117.81,false
406,2026-03-19 05:55:00,LONG,24627.25,24531.59475,3,0.001,-193.31,false
421,2026-03-19 06:00:00,LONG,24605.25,24531.5555,5,0.058,-149.39,false
421,2026-03-19 07:25:00,SHORT,24546.25,24621.4445,1,0.593,152.33,true
406,2026-03-19 07:30:00,SHORT,24525.75,24593.90525,2,0.538,152.33,true
405,2026-03-19 07:40:00,SHORT,24513.5,24578.90525,1,0.504,152.33,true
464,2026-03-19 07:45:00,SHORT,24512.25,24564.96125,3,0.501,152.33,true
459,2026-03-19 08:35:00,SHORT,24474,24544.10225,5,0.398,152.33,true
463,2026-03-19 09:00:00,SHORT,24434.5,24509.96125,2,0.291,152.33,true
446,2026-03-19 09:10:00,SHORT,24415.5,24510.54975,8,0.240,152.33,true
446,2026-03-19 10:00:00,LONG,24491.25,24366.70025,2,0.541,152.33,true
463,2026-03-19 11:10:00,LONG,24554.25,24444.03875,4,0.026,-222.42,false
463,2026-03-19 11:30:00,SHORT,24416.75,24571.71125,0,0.105,-311.92,false
446,2026-03-19 11:45:00,SHORT,24430.75,24471.54975,4,0.037,-83.60,false
446,2026-03-19 12:05:00,LONG,24499.25,24408.70025,0,0.009,-183.10,false
446,2026-03-19 13:10:00,SHORT,24388,24475.29975,2,0.024,-176.60,false
446,2026-03-19 14:20:00,LONG,24492,24420.70025,3,0.023,-144.60,false
459,2026-03-19 15:10:00,LONG,24657.75,24430.14775,13,0.049,-457.20,false
463,2026-03-19 15:10:00,LONG,24657.75,24430.53875,4,0.049,-456.42,false
464,2026-03-19 15:10:00,LONG,24657.75,24430.53875,11,0.049,-456.42,false
405,2026-03-19 15:15:00,LONG,24662.5,24498.84475,5,0.007,-329.31,false
406,2026-03-19 15:15:00,LONG,24662.5,24498.84475,3,0.007,-329.31,false
421,2026-03-19 15:15:00,LONG,24662.5,24498.0555,1,0.007,-330.89,false
429,2026-03-19 18:25:00,LONG,24639,24574.74225,12,0.057,-130.52,false
457,2026-03-19 18:25:00,LONG,24639,24595.1625,10,0.052,-89.68,false
457,2026-03-19 19:40:00,SHORT,24608.25,24645.3375,1,0.070,-76.18,false
429,2026-03-19 20:35:00,SHORT,24598.75,24636.25775,2,0.030,-77.02,false
429,2026-03-19 21:40:00,LONG,24650.25,24594.99225,3,0.027,-112.52,false
457,2026-03-19 21:45:00,LONG,24649.25,24606.6625,4,0.001,-87.18,false
468,2026-03-19 21:45:00,LONG,24649.25,24607.4205,12,0.001,-85.66,false
468,2026-03-19 22:30:00,SHORT,24624.25,24657.3295,0,2.254,155.54,true
457,2026-03-19 23:10:00,SHORT,24613.5,24646.5875,3,2.225,155.54,true
429,2026-03-20 00:25:00,SHORT,24601,24635.25775,4,2.192,155.54,true
421,2026-03-20 01:10:00,SHORT,24573.25,24601.6945,10,0.000,-58.89,false
421,2026-03-20 01:50:00,LONG,24595,24565.5555,0,0.024,-60.89,false
421,2026-03-20 02:30:00,SHORT,24566.5,24602.4445,1,0.222,155.54,true
406,2026-03-20 02:45:00,SHORT,24540.25,24584.65525,4,0.152,-90.81,false
405,2026-03-20 03:00:00,SHORT,24492,24574.40525,2,0.021,-166.81,false
405,2026-03-20 03:35:00,LONG,24573,24512.34475,0,0.114,-123.31,false
406,2026-03-20 03:45:00,LONG,24600.75,24545.34475,1,0.041,-112.81,false
421,2026-03-20 03:55:00,LONG,24594,24565.0555,1,0.059,-59.89,false
421,2026-03-20 05:00:00,SHORT,24565.25,24611.4445,2,2.098,155.54,true
405,2026-03-20 05:25:00,SHORT,24500.25,24592.65525,1,1.926,155.54,true
406,2026-03-20 05:25:00,SHORT,24500.25,24592.65525,3,1.926,155.54,true
464,2026-03-20 05:30:00,SHORT,24510.25,24553.21125,1,1.952,155.54,true
459,2026-03-20 05:50:00,SHORT,24412.75,24529.60225,1,1.694,155.54,true
463,2026-03-20 05:55:00,SHORT,24432,24523.46125,3,0.299,155.54,true
479,2026-03-20 05:55:00,SHORT,24432,24523.30825,0,0.299,155.54,true
446,2026-03-20 06:00:00,SHORT,24371.75,24490.79975,1,0.140,-240.10,false
462,2026-03-20 06:10:00,SHORT,24352.25,24490.21125,15,0.051,-277.92,false
461,2026-03-20 06:15:00,SHORT,24350.25,24447.96125,16,0.046,-197.42,false
467,2026-03-20 06:15:00,SHORT,24350.25,24447.8295,7,0.046,-197.16,false
477,2026-03-20 06:15:00,SHORT,24350.25,24447.80825,0,0.046,-197.12,false
478,2026-03-20 06:15:00,SHORT,24350.25,24447.80825,0,0.046,-197.12,false
477,2026-03-20 06:40:00,LONG,24419,24325.44175,0,0.287,155.54,true
467,2026-03-20 06:45:00,LONG,24415,24353.6705,0,0.298,155.54,true
478,2026-03-20 06:45:00,LONG,24415,24353.69175,0,0.298,155.54,true
461,2026-03-20 07:15:00,LONG,24448.25,24389.78875,1,0.210,155.54,true
462,2026-03-20 07:15:00,LONG,24448.25,24389.78875,1,0.210,155.54,true
446,2026-03-20 08:20:00,LONG,24466,24423.95025,3,0.163,-86.10,false
479,2026-03-20 09:00:00,LONG,24493.25,24432.69175,4,0.091,-123.12,false
479,2026-03-20 09:45:00,SHORT,24414.75,24498.80825,1,1.699,155.54,true
446,2026-03-20 09:55:00,SHORT,24285.75,24499.54975,3,1.358,155.54,true
461,2026-03-20 10:00:00,SHORT,24296.25,24477.71125,4,1.386,155.54,true
462,2026-03-20 10:00:00,SHORT,24296.25,24477.71125,6,1.386,155.54,true
458,2026-03-20 10:05:00,SHORT,24293,24425.10225,16,1.377,155.54,true
467,2026-03-20 10:05:00,SHORT,24293,24424.5795,3,1.377,155.54,true
477,2026-03-20 10:05:00,SHORT,24293,24424.55825,0,1.377,155.54,true
478,2026-03-20 10:05:00,SHORT,24293,24424.55825,1,1.377,155.54,true
460,2026-03-20 10:10:00,SHORT,24255,24378.96125,3,1.277,155.54,true
476,2026-03-20 10:10:00,SHORT,24255,24378.654,3,1.277,155.54,true
460,2026-03-20 12:10:00,LONG,24337.25,24264.03875,4,0.052,-148.42,false
460,2026-03-20 12:40:00,SHORT,24264.75,24341.96125,1,1.303,155.54,true
475,2026-03-20 12:50:00,SHORT,24261.5,24313.654,7,1.294,155.54,true
474,2026-03-20 14:45:00,SHORT,24089,24161.404,1,0.312,155.54,true
470,2026-03-20 15:40:00,SHORT,24052,24105.6175,2,0.095,-109.24,false
470,2026-03-20 16:05:00,LONG,24122,24008.8825,0,0.259,155.54,true
474,2026-03-20 16:20:00,LONG,24129,24054.596,1,0.240,155.54,true
480,2026-03-23 00:00:00,SHORT,23952.5,24001.86725,9,0.007,-100.73,false
480,2026-03-23 00:25:00,LONG,23990.5,23942.38275,0,0.114,-98.23,false
480,2026-03-23 02:10:00,SHORT,23935.5,23997.86725,2,0.428,156.77,true
405,2026-03-23 07:20:00,LONG,24572,23883.09475,0,0.328,156.77,true
446,2026-03-23 07:20:00,LONG,24572,23881.95025,0,0.328,156.77,true
458,2026-03-23 07:20:00,LONG,24572,23882.14775,2,0.328,156.77,true
459,2026-03-23 07:20:00,LONG,24572,23882.14775,4,0.328,156.77,true
460,2026-03-23 07:20:00,LONG,24572,23882.53875,0,0.328,156.77,true
461,2026-03-23 07:20:00,LONG,24572,23882.53875,0,0.328,156.77,true
462,2026-03-23 07:20:00,LONG,24572,23882.53875,0,0.328,156.77,true
463,2026-03-23 07:20:00,LONG,24572,23882.53875,5,0.328,156.77,true
464,2026-03-23 07:20:00,LONG,24572,23882.53875,2,0.328,156.77,true
467,2026-03-23 07:20:00,LONG,24572,23882.6705,0,0.328,156.77,true
470,2026-03-23 07:20:00,LONG,24572,23882.6325,10,0.328,156.77,true
474,2026-03-23 07:20:00,LONG,24572,23882.846,0,0.328,156.77,true
475,2026-03-23 07:20:00,LONG,24572,23882.846,1,0.328,156.77,true
476,2026-03-23 07:20:00,LONG,24572,23882.846,3,0.328,156.77,true
477,2026-03-23 07:20:00,LONG,24572,23882.69175,2,0.328,156.77,true
478,2026-03-23 07:20:00,LONG,24572,23882.69175,0,0.328,156.77,true
479,2026-03-23 07:20:00,LONG,24572,23882.69175,0,0.328,156.77,true
480,2026-03-23 07:20:00,LONG,24572,23882.63275,1,0.328,156.77,true
405,2026-03-23 07:55:00,SHORT,24390,24621.15525,1,0.118,-464.31,false
464,2026-03-23 07:55:00,SHORT,24390,24621.71125,1,0.118,-465.42,false
459,2026-03-23 08:00:00,SHORT,24431,24552.60225,1,0.103,-245.20,false
463,2026-03-23 08:05:00,SHORT,24475.75,24552.21125,1,0.214,156.77,true
459,2026-03-23 08:50:00,LONG,24589.5,24445.14775,2,0.154,-290.70,false
463,2026-03-23 08:50:00,LONG,24589.5,24445.53875,1,0.154,-289.92,false
405,2026-03-23 08:55:00,LONG,24608.5,24446.34475,0,0.104,-326.31,false
406,2026-03-23 08:55:00,LONG,24608.5,24446.34475,2,0.104,-326.31,false
464,2026-03-23 08:55:00,LONG,24608.5,24445.78875,2,0.104,-327.42,false
406,2026-03-23 09:20:00,SHORT,24541,24594.90525,0,0.285,156.77,true
406,2026-03-23 09:55:00,LONG,24599.25,24464.84475,0,0.238,156.77,true
421,2026-03-23 10:20:00,LONG,24672,24519.5555,5,0.047,-306.89,false
429,2026-03-23 10:25:00,LONG,24637.25,24548.49225,7,0.139,-179.52,false
457,2026-03-23 10:25:00,LONG,24637.25,24548.1625,9,0.139,-180.18,false
457,2026-03-23 11:35:00,SHORT,24540,24667.5875,1,1.826,156.77,true
429,2026-03-23 11:40:00,SHORT,24538,24667.25775,2,1.821,156.77,true
405,2026-03-23 11:50:00,SHORT,24440.25,24611.90525,3,1.564,156.77,true
406,2026-03-23 11:50:00,SHORT,24440.25,24611.90525,1,1.564,156.77,true
421,2026-03-23 11:50:00,SHORT,24440.25,24612.6945,2,1.564,156.77,true
464,2026-03-23 11:55:00,SHORT,24381.5,24569.71125,3,1.410,156.77,true
459,2026-03-23 12:00:00,SHORT,24394.5,24546.60225,2,0.684,156.77,true
463,2026-03-23 12:00:00,SHORT,24394.5,24546.21125,2,0.684,156.77,true
446,2026-03-23 12:05:00,SHORT,24436.75,24522.54975,6,0.337,156.77,true
479,2026-03-23 12:05:00,SHORT,24436.75,24521.80825,7,0.337,156.77,true
461,2026-03-23 12:25:00,SHORT,24317.5,24473.21125,4,0.016,-313.42,false
462,2026-03-23 12:30:00,SHORT,24376.25,24463.21125,5,0.171,-175.92,false
467,2026-03-23 12:30:00,SHORT,24376.25,24463.0795,3,0.171,-175.66,false
478,2026-03-23 12:35:00,SHORT,24372.25,24426.55825,4,0.160,-110.62,false
477,2026-03-23 13:25:00,SHORT,24355.25,24397.30825,5,0.001,-86.12,false
467,2026-03-23 13:45:00,LONG,24411.5,24347.1705,3,0.329,156.77,true
477,2026-03-23 13:45:00,LONG,24411.5,24347.19175,0,0.329,156.77,true
478,2026-03-23 13:45:00,LONG,24411.5,24347.19175,2,0.329,156.77,true
461,2026-03-23 14:05:00,LONG,24448.75,24396.78875,2,0.231,156.77,true
462,2026-03-23 14:05:00,LONG,24448.75,24396.78875,2,0.231,156.77,true
446,2026-03-23 14:40:00,LONG,24505.5,24419.45025,2,0.058,-174.10,false
479,2026-03-23 14:40:00,LONG,24505.5,24432.94175,4,0.058,-147.12,false
463,2026-03-23 14:45:00,LONG,24522.25,24438.53875,1,0.008,-169.42,false
459,2026-03-23 14:55:00,LONG,24514,24438.14775,0,0.007,-153.70,false
459,2026-03-23 15:25:00,SHORT,24474.25,24522.85225,1,0.893,156.77,true
463,2026-03-23 15:30:00,SHORT,24474.25,24522.46125,1,0.893,156.77,true
446,2026-03-23 16:05:00,SHORT,24405.25,24504.04975,1,0.556,156.77,true
479,2026-03-23 16:05:00,SHORT,24405.25,24503.30825,3,0.556,156.77,true
461,2026-03-23 16:10:00,SHORT,24412.5,24462.21125,0,0.093,-101.42,false
462,2026-03-23 16:10:00,SHORT,24412.5,24462.21125,2,0.093,-101.42,false
461,2026-03-23 18:45:00,LONG,24449.5,24369.53875,2,0.106,-161.92,false
462,2026-03-23 18:50:00,LONG,24477.5,24406.03875,2,0.032,-144.92,false
446,2026-03-23 19:00:00,LONG,24468.75,24430.95025,1,0.025,-77.60,false
446,2026-03-23 20:10:00,SHORT,24368.25,24482.54975,2,0.458,156.97,true
461,2026-03-23 20:15:00,SHORT,24334,24465.46125,1,0.368,156.97,true
462,2026-03-23 20:15:00,SHORT,24334,24465.46125,1,0.368,156.97,true
467,2026-03-23 20:20:00,SHORT,24380.25,24465.3295,5,0.490,156.97,true
478,2026-03-23 20:45:00,SHORT,24321,24417.05825,2,0.334,156.97,true
458,2026-03-23 20:50:00,SHORT,24322.25,24391.10225,6,0.338,156.97,true
477,2026-03-23 20:50:00,SHORT,24322.25,24390.55825,3,0.338,156.97,true
460,2026-03-23 21:10:00,SHORT,24279.75,24346.21125,4,0.226,156.97,true
476,2026-03-23 21:10:00,SHORT,24279.75,24390.404,3,0.226,156.97,true
475,2026-03-23 21:45:00,SHORT,24243.5,24309.404,2,0.131,-133.81,false
475,2026-03-24 00:10:00,LONG,24295.75,24245.846,4,0.000,-101.81,false
475,2026-03-24 00:30:00,SHORT,24253.25,24301.904,0,0.130,-99.31,false
483,2026-03-24 01:10:00,SHORT,24233,24273.87675,9,0.007,-83.75,false
483,2026-03-24 02:10:00,LONG,24293.75,24227.12325,1,0.560,156.97,true
475,2026-03-24 02:15:00,LONG,24304.25,24252.346,3,0.532,156.97,true
460,2026-03-24 02:35:00,LONG,24350.5,24279.53875,1,0.411,156.97,true
476,2026-03-24 02:45:00,LONG,24360.5,24286.846,0,0.385,156.97,true
458,2026-03-24 02:55:00,LONG,24376.5,24325.64775,1,0.343,156.97,true
477,2026-03-24 03:00:00,LONG,24407,24334.19175,1,0.263,156.97,true
467,2026-03-24 03:15:00,LONG,24482.5,24363.6705,2,0.022,-239.66,false
478,2026-03-24 03:15:00,LONG,24482.5,24363.69175,1,0.022,-239.62,false
446,2026-03-24 03:20:00,LONG,24469.75,24396.70025,0,0.056,-148.10,false
461,2026-03-24 03:20:00,LONG,24469.75,24397.28875,0,0.056,-146.92,false
462,2026-03-24 03:20:00,LONG,24469.75,24397.28875,0,0.056,-146.92,false
446,2026-03-24 04:30:00,SHORT,24396,24498.79975,3,0.687,156.97,true
462,2026-03-24 04:30:00,SHORT,24396,24498.21125,1,0.687,156.97,true
461,2026-03-24 04:35:00,SHORT,24410,24498.21125,0,0.724,156.97,true
467,2026-03-24 05:15:00,SHORT,24342,24431.8295,1,0.073,-181.66,false
477,2026-03-24 05:15:00,SHORT,24342,24406.55825,1,0.073,-131.12,false
458,2026-03-24 05:20:00,SHORT,24336,24406.10225,0,0.014,-142.20,false
478,2026-03-24 05:20:00,SHORT,24336,24405.55825,3,0.014,-141.12,false
458,2026-03-24 05:45:00,LONG,24385,24322.64775,0,0.128,-126.70,false
477,2026-03-24 05:50:00,LONG,24398.5,24343.19175,1,0.093,-112.62,false
478,2026-03-24 06:00:00,LONG,24404.25,24356.44175,0,0.078,-97.62,false
467,2026-03-24 06:15:00,LONG,24420,24356.4205,1,0.026,-129.16,false
467,2026-03-24 07:35:00,SHORT,24388.75,24420.5795,3,0.668,156.97,true
478,2026-03-24 08:10:00,SHORT,24345.25,24409.30825,5,0.554,156.97,true
477,2026-03-24 08:15:00,SHORT,24337.25,24405.30825,5,0.533,156.97,true
458,2026-03-24 08:40:00,SHORT,24271.5,24405.85225,1,0.361,156.97,true
460,2026-03-24 08:45:00,SHORT,24271.75,24367.46125,4,0.361,156.97,true
476,2026-03-24 08:45:00,SHORT,24271.75,24367.154,5,0.361,156.97,true
475,2026-03-24 09:15:00,SHORT,24243,24306.154,1,0.050,-128.31,false
482,2026-03-24 09:45:00,SHORT,24154.75,24325.12675,8,0.054,-342.75,false
483,2026-03-24 09:50:00,SHORT,24165,24321.37675,1,0.013,-314.75,false
482,2026-03-24 11:00:00,LONG,24291.75,24184.12325,2,0.245,156.97,true
475,2026-03-24 11:15:00,LONG,24334,24233.096,3,0.134,-203.81,false
483,2026-03-24 11:15:00,LONG,24334,24232.87325,4,0.134,-204.25,false
460,2026-03-24 11:25:00,LONG,24341.5,24266.28875,4,0.096,-152.42,false
476,2026-03-24 11:45:00,LONG,24352.5,24299.096,1,0.068,-108.81,false
460,2026-03-24 12:10:00,SHORT,24289,24358.96125,1,0.338,156.97,true
476,2026-03-24 12:10:00,SHORT,24289,24358.654,0,0.338,156.97,true
475,2026-03-24 13:10:00,SHORT,24187,24303.654,3,0.070,-235.31,false
483,2026-03-24 13:10:00,SHORT,24187,24303.87675,1,0.070,-235.75,false
482,2026-03-24 13:15:00,SHORT,24172,24302.37675,0,0.031,-262.75,false
482,2026-03-24 14:20:00,LONG,24241.75,24165.62325,1,0.808,156.97,true
483,2026-03-24 14:40:00,LONG,24295.75,24230.12325,2,0.063,-133.25,false
475,2026-03-24 15:10:00,LONG,24315.5,24230.346,1,0.011,-172.31,false
475,2026-03-24 15:40:00,SHORT,24240.75,24311.654,0,0.137,-143.81,false
483,2026-03-24 15:45:00,SHORT,24229,24288.37675,1,0.106,-120.75,false
483,2026-03-24 16:30:00,LONG,24429,24217.87325,0,0.291,156.97,true
458,2026-03-24 16:35:00,LONG,24524.75,24248.14775,5,0.039,-555.20,false
460,2026-03-24 16:35:00,LONG,24524.75,24248.53875,6,0.039,-554.42,false
467,2026-03-24 16:35:00,LONG,24524.75,24248.6705,2,0.039,-554.16,false
475,2026-03-24 16:35:00,LONG,24524.75,24248.846,0,0.039,-553.81,false
476,2026-03-24 16:35:00,LONG,24524.75,24248.846,3,0.039,-553.81,false
477,2026-03-24 16:35:00,LONG,24524.75,24248.69175,4,0.039,-554.12,false
478,2026-03-24 16:35:00,LONG,24524.75,24248.69175,1,0.039,-554.12,false
461,2026-03-24 20:40:00,LONG,24471.75,24380.78875,18,0.013,-183.92,false
462,2026-03-24 20:40:00,LONG,24471.75,24380.78875,12,0.013,-183.92,false
462,2026-03-24 21:50:00,SHORT,24420.5,24463.96125,1,0.267,154.20,true
461,2026-03-24 22:05:00,SHORT,24362.25,24453.71125,2,0.111,-184.92,false
467,2026-03-24 22:15:00,SHORT,24366.75,24433.8295,7,0.123,-136.16,false
478,2026-03-24 22:15:00,SHORT,24366.75,24433.80825,5,0.123,-136.12,false
477,2026-03-24 22:55:00,SHORT,24335.25,24385.80825,1,0.039,-103.12,false
458,2026-03-24 23:15:00,SHORT,24334.75,24383.10225,3,0.013,-98.70,false
458,2026-03-24 23:55:00,LONG,24381.25,24330.39775,0,0.127,-103.70,false
477,2026-03-25 00:00:00,LONG,24383.5,24350.44175,1,0.121,-68.12,false
478,2026-03-25 00:20:00,LONG,24417.25,24358.19175,0,0.031,-120.12,false
467,2026-03-25 00:25:00,LONG,24412.75,24373.9205,0,0.043,-79.66,false
467,2026-03-25 02:05:00,SHORT,24358.25,24422.0795,4,0.092,-129.66,false
478,2026-03-25 02:10:00,SHORT,24363.5,24422.05825,1,0.106,-119.12,false
477,2026-03-25 02:30:00,SHORT,24333.5,24394.05825,0,0.026,-123.12,false
458,2026-03-25 02:35:00,SHORT,24334.75,24379.35225,1,0.003,-91.20,false
458,2026-03-25 02:55:00,LONG,24378,24325.39775,0,0.432,154.20,true
477,2026-03-25 03:50:00,LONG,24411.5,24345.69175,1,0.342,154.20,true
467,2026-03-25 03:55:00,LONG,24408.25,24366.6705,1,0.351,154.20,true
478,2026-03-25 03:55:00,LONG,24408.25,24366.69175,3,0.351,154.20,true
461,2026-03-25 04:10:00,LONG,24498,24393.03875,7,0.111,-211.92,false
446,2026-03-25 04:15:00,LONG,24524.5,24400.20025,10,0.041,-250.60,false
462,2026-03-25 04:15:00,LONG,24524.5,24400.78875,3,0.041,-249.42,false
479,2026-03-25 04:20:00,LONG,24513.5,24444.44175,10,0.030,-140.12,false
463,2026-03-25 04:25:00,LONG,24503.75,24444.28875,9,0.056,-120.92,false
463,2026-03-25 04:55:00,SHORT,24439,24530.71125,0,0.071,-185.42,false
479,2026-03-25 05:30:00,SHORT,24451.5,24499.05825,1,0.104,-97.12,false
446,2026-03-25 05:50:00,SHORT,24428,24484.29975,1,0.004,-114.60,false
446,2026-03-25 06:10:00,LONG,24461.75,24418.20025,0,0.208,-89.10,false
479,2026-03-25 07:30:00,LONG,24490,24438.44175,4,0.133,-105.12,false
463,2026-03-25 08:10:00,LONG,24525.5,24441.78875,3,0.004,-169.42,false
446,2026-03-25 08:30:00,SHORT,24406.5,24535.29975,2,3.506,154.20,true
463,2026-03-25 08:30:00,SHORT,24406.5,24534.71125,0,3.506,154.20,true
479,2026-03-25 08:30:00,SHORT,24406.5,24534.55825,2,3.506,154.20,true
461,2026-03-25 10:00:00,SHORT,24395,24474.71125,9,0.025,-161.42,false
462,2026-03-25 10:00:00,SHORT,24395,24474.71125,10,0.025,-161.42,false
461,2026-03-25 10:20:00,LONG,24452,24378.03875,0,0.180,-149.92,false
462,2026-03-25 10:20:00,LONG,24452,24378.03875,0,0.180,-149.92,false
446,2026-03-25 10:35:00,LONG,24478.5,24385.70025,3,0.109,-187.60,false
479,2026-03-25 10:40:00,LONG,24492,24437.69175,5,0.073,-110.62,false
446,2026-03-25 11:20:00,SHORT,24394.25,24496.79975,0,3.473,154.20,true
461,2026-03-25 11:20:00,SHORT,24394.25,24496.21125,0,3.473,154.20,true
462,2026-03-25 11:20:00,SHORT,24394.25,24496.21125,0,3.473,154.20,true
479,2026-03-25 11:20:00,SHORT,24394.25,24496.05825,1,3.473,154.20,true
467,2026-03-25 11:50:00,SHORT,24364.25,24439.0795,5,0.089,-151.66,false
478,2026-03-25 11:50:00,SHORT,24364.25,24439.05825,5,0.089,-151.62,false
467,2026-03-25 12:35:00,LONG,24442.25,24342.4205,1,0.137,-201.66,false
478,2026-03-25 12:35:00,LONG,24442.25,24342.44175,1,0.137,-201.62,false
461,2026-03-25 13:40:00,LONG,24468.75,24387.03875,4,0.003,-165.42,false
461,2026-03-25 14:45:00,SHORT,24393.5,24450.46125,1,3.654,154.20,true
467,2026-03-25 15:00:00,SHORT,24332.75,24419.5795,5,0.227,154.20,true
478,2026-03-25 15:05:00,SHORT,24333,24419.55825,2,0.228,154.20,true
477,2026-03-25 15:10:00,SHORT,24351.75,24395.55825,5,0.183,-89.62,false
458,2026-03-25 15:40:00,SHORT,24341.5,24389.85225,9,0.019,-98.70,false
458,2026-03-25 16:00:00,LONG,24381,24326.14775,0,0.007,-111.70,false
458,2026-03-25 18:15:00,SHORT,24332.5,24381.60225,1,0.131,-100.20,false
476,2026-03-25 19:15:00,SHORT,24299,24352.654,12,0.042,-109.31,false
476,2026-03-25 20:20:00,LONG,24403.5,24297.846,0,0.007,-213.31,false
458,2026-03-25 20:25:00,LONG,24391.5,24317.89775,1,0.039,-149.20,false
477,2026-03-25 20:30:00,LONG,24397.25,24333.69175,4,0.007,-129.12,false
477,2026-03-25 21:25:00,SHORT,24346.75,24393.55825,0,0.264,154.19,true
458,2026-03-25 22:30:00,SHORT,24273.25,24386.85225,3,0.068,-229.20,false
460,2026-03-25 22:40:00,SHORT,24282.25,24351.96125,8,0.016,-141.42,false
476,2026-03-25 22:40:00,SHORT,24282.25,24351.654,1,0.016,-140.81,false
460,2026-03-25 23:30:00,LONG,24392,24276.28875,0,0.078,-233.42,false
476,2026-03-25 23:30:00,LONG,24392,24300.846,0,0.078,-184.31,false
458,2026-03-25 23:40:00,LONG,24400,24325.89775,0,0.007,-150.20,false
477,2026-03-25 23:45:00,LONG,24387,24326.44175,4,0.002,-123.12,false
477,2026-03-26 00:40:00,SHORT,24353,24392.55825,0,3.714,154.19,true
458,2026-03-26 01:00:00,SHORT,24338.75,24375.35225,2,3.676,154.19,true
460,2026-03-26 01:20:00,SHORT,24290.75,24347.96125,1,3.548,154.19,true
476,2026-03-26 01:20:00,SHORT,24290.75,24347.654,1,3.548,154.19,true
486,2026-03-26 01:50:00,SHORT,24257.75,24314.24375,5,3.460,154.19,true
475,2026-03-26 02:00:00,SHORT,24263.5,24301.654,4,3.475,154.19,true
483,2026-03-26 02:20:00,SHORT,24248.75,24285.12675,2,0.024,-74.75,false
483,2026-03-26 02:40:00,LONG,24279.25,24232.12325,0,0.050,-96.25,false
483,2026-03-26 04:20:00,SHORT,24205.75,24295.62675,2,3.321,154.19,true
482,2026-03-26 04:25:00,SHORT,24193,24270.62675,5,3.287,154.19,true
485,2026-03-26 04:25:00,SHORT,24193,24270.49375,7,3.287,154.19,true
481,2026-03-26 04:50:00,SHORT,24182.5,24226.12675,14,0.316,154.19,true
488,2026-03-26 05:40:00,SHORT,24141,24180.9935,2,0.029,-81.99,false
488,2026-03-26 06:10:00,LONG,24186.5,24122.5065,0,0.042,-129.99,false
488,2026-03-26 07:35:00,SHORT,24141.5,24178.4935,3,0.207,-75.99,false
484,2026-03-26 08:05:00,SHORT,24124.75,24155.74375,3,0.149,-63.99,false
474,2026-03-26 08:45:00,SHORT,24101,24139.154,4,0.019,-78.31,false
474,2026-03-26 09:20:00,LONG,24137,24086.596,0,0.059,-102.81,false
484,2026-03-26 09:50:00,LONG,24231.75,24056.50625,3,0.029,-352.49,false
488,2026-03-26 09:55:00,LONG,24216,24058.7565,2,0.071,-316.49,false
488,2026-03-26 10:50:00,SHORT,24068,24233.2435,0,2.953,154.19,true
474,2026-03-26 10:55:00,SHORT,24103,24233.154,1,3.047,154.19,true
484,2026-03-26 10:55:00,SHORT,24103,24233.24375,1,3.047,154.19,true
470,2026-03-26 12:30:00,SHORT,24000.25,24089.6175,7,2.772,154.19,true
487,2026-03-26 12:40:00,SHORT,23997.75,24056.9935,1,2.766,154.19,true
480,2026-03-26 13:45:00,SHORT,23898.75,23997.36725,1,0.362,154.19,true
494,2026-03-27 01:05:00,LONG,23942.25,23877.51925,4,0.090,-131.46,false
494,2026-03-27 03:15:00,SHORT,23882.75,23917.73075,1,2.463,153.93,true
492,2026-03-27 07:10:00,SHORT,23633.5,23678.73075,0,0.004,-92.46,false
493,2026-03-27 07:10:00,SHORT,23633.5,23678.73075,1,0.004,-92.46,false
492,2026-03-27 07:55:00,LONG,23664,23636.26925,2,0.009,-57.46,false
492,2026-03-27 08:15:00,SHORT,23645,23674.98075,0,1.827,153.93,true
491,2026-03-27 09:05:00,SHORT,23592.25,23661.98075,4,0.095,-141.46,false
490,2026-03-27 10:05:00,SHORT,23484,23633.23075,1,1.397,153.93,true
489,2026-03-27 13:25:00,SHORT,23380.5,23496.48075,6,0.769,153.93,true
497,2026-03-29 23:15:00,LONG,23295.75,23242.629,1,0.730,156.85,true
498,2026-03-30 00:15:00,LONG,23306.25,23253.879,0,0.703,156.85,true
499,2026-03-30 02:50:00,LONG,23389.25,23354.879,2,0.485,156.85,true
500,2026-03-30 04:35:00,LONG,23434.5,23377.129,2,0.044,-116.74,false
500,2026-03-30 05:50:00,SHORT,23399,23448.371,1,0.068,-100.74,false
500,2026-03-30 07:15:00,LONG,23453.5,23389.129,3,0.316,156.85,true
501,2026-03-30 07:45:00,LONG,23470.25,23416.379,1,0.178,-109.74,false
489,2026-03-30 08:25:00,LONG,23501,23442.01925,1,0.098,-119.96,false
502,2026-03-30 08:40:00,LONG,23507,23467.379,1,0.082,-81.24,false
489,2026-03-30 09:45:00,SHORT,23359,23545.73075,0,1.043,156.85,true
501,2026-03-30 09:45:00,SHORT,23359,23545.871,2,1.043,156.85,true
502,2026-03-30 09:45:00,SHORT,23359,23545.871,2,1.043,156.85,true
500,2026-03-30 09:50:00,SHORT,23343.5,23474.871,0,1.002,156.85,true
499,2026-03-30 09:55:00,SHORT,23302,23431.871,5,0.104,-261.74,false
499,2026-03-30 11:50:00,LONG,23404.25,23305.879,2,0.000,-198.74,false
499,2026-03-30 12:10:00,SHORT,23334.75,23411.371,0,0.980,156.85,true
498,2026-03-30 13:10:00,SHORT,23248.25,23319.371,5,0.753,156.85,true
497,2026-03-30 13:25:00,SHORT,23197,23293.621,4,0.618,156.85,true
496,2026-03-30 20:25:00,SHORT,23011.75,23066.371,4,0.052,-111.24,false
496,2026-03-30 20:45:00,LONG,23246.5,22984.379,0,2.885,157.22,true
505,2026-03-30 21:00:00,LONG,23202.25,23144.36125,0,3.000,157.22,true
506,2026-03-30 21:30:00,LONG,23366.75,23178.36125,2,2.570,157.22,true
497,2026-03-30 21:35:00,LONG,23386.75,23215.629,1,2.517,157.22,true
498,2026-03-30 21:40:00,LONG,23364,23265.129,1,0.107,-199.74,false
498,2026-03-31 01:10:00,SHORT,23248.25,23321.371,2,0.035,-148.24,false
498,2026-03-31 01:40:00,LONG,23309,23254.629,0,0.077,-110.74,false
497,2026-03-31 03:20:00,SHORT,23261.25,23317.121,6,0.018,-113.74,false
498,2026-03-31 03:20:00,SHORT,23261.25,23317.121,2,0.018,-113.74,false
497,2026-03-31 03:40:00,LONG,23338.25,23246.629,0,0.136,-185.24,false
498,2026-03-31 03:45:00,LONG,23338.75,23267.129,0,0.135,-145.24,false
498,2026-03-31 06:45:00,SHORT,23253,23328.621,3,0.001,-153.24,false
498,2026-03-31 07:25:00,LONG,23348.5,23262.379,1,2.618,157.22,true
499,2026-03-31 08:40:00,LONG,23422.25,23340.379,10,2.424,157.22,true
489,2026-03-31 09:55:00,LONG,23565,23399.51925,1,0.060,-332.96,false
500,2026-03-31 09:55:00,LONG,23565,23371.129,7,2.051,157.22,true
501,2026-03-31 09:55:00,LONG,23565,23399.379,1,0.060,-333.24,false
502,2026-03-31 10:00:00,LONG,23558.75,23409.379,0,0.076,-300.74,false
503,2026-03-31 10:00:00,LONG,23558.75,23409.379,2,0.076,-300.74,false
507,2026-03-31 10:00:00,LONG,23558.75,23409.36125,2,0.076,-300.78,false
503,2026-03-31 10:45:00,SHORT,23449,23595.371,2,0.190,-294.74,false
502,2026-03-31 10:55:00,SHORT,23409.5,23575.371,2,0.005,-333.74,false
502,2026-03-31 11:20:00,LONG,23534.5,23449.629,0,0.020,-171.74,false
502,2026-03-31 11:50:00,SHORT,23486.75,23549.621,0,0.134,-127.74,false
502,2026-03-31 12:20:00,LONG,23562.75,23472.379,1,2.057,157.22,true
490,2026-03-31 12:45:00,LONG,23760.5,23523.76925,10,1.539,157.22,true
503,2026-03-31 12:45:00,LONG,23760.5,23508.379,2,1.539,157.22,true
491,2026-03-31 12:50:00,LONG,23769.5,23523.76925,3,1.515,157.22,true
492,2026-03-31 12:50:00,LONG,23769.5,23523.76925,2,1.515,157.22,true
493,2026-03-31 12:50:00,LONG,23769.5,23523.76925,4,1.515,157.22,true
494,2026-03-31 15:45:00,LONG,23939.5,23867.51925,3,1.070,157.22,true
480,2026-03-31 19:40:00,LONG,23987,23940.63275,6,0.934,159.32,true
487,2026-03-31 20:05:00,LONG,24032.75,23986.0065,3,0.025,-95.49,false
487,2026-03-31 21:15:00,SHORT,23996.5,24049.7435,1,0.104,-108.49,false
487,2026-04-01 01:15:00,LONG,24042.5,24000.0065,2,0.790,159.32,true
504,2026-04-01 02:15:00,LONG,24094.25,24022.629,2,0.225,159.32,true
470,2026-04-01 02:25:00,LONG,24119.25,24045.6325,3,0.160,-149.24,false
495,2026-04-01 02:30:00,LONG,24154.5,24068.26925,0,0.069,-174.46,false
474,2026-04-01 02:40:00,LONG,24166.25,24094.096,4,0.039,-146.31,false
484,2026-04-01 02:40:00,LONG,24166.25,24094.00625,2,0.039,-146.49,false
474,2026-04-01 04:00:00,SHORT,24083.75,24176.404,1,0.207,-187.31,false
484,2026-04-01 04:00:00,SHORT,24083.75,24176.49375,2,0.207,-187.49,false
495,2026-04-01 04:05:00,SHORT,24054,24137.23075,0,0.130,-168.46,false
470,2026-04-01 05:15:00,SHORT,24027,24110.1175,3,0.061,-168.24,false
504,2026-04-01 05:20:00,SHORT,24016.5,24077.871,2,0.003,-124.74,false
504,2026-04-01 05:55:00,LONG,24068,24021.379,0,0.724,159.32,true
470,2026-04-01 06:45:00,LONG,24131.5,24043.1325,1,0.296,159.32,true
495,2026-04-01 06:55:00,LONG,24127,24073.76925,7,0.308,159.32,true
474,2026-04-01 07:10:00,LONG,24155.75,24081.846,0,0.233,159.32,true
484,2026-04-01 07:10:00,LONG,24155.75,24081.75625,0,0.233,159.32,true
488,2026-04-01 07:45:00,LONG,24182.75,24130.7565,3,0.057,-105.99,false
488,2026-04-01 08:35:00,SHORT,24110,24178.4935,1,0.011,-138.99,false
474,2026-04-01 09:00:00,SHORT,24051.25,24242.154,2,0.039,-383.81,false
484,2026-04-01 09:00:00,SHORT,24051.25,24242.24375,2,0.039,-383.99,false
495,2026-04-01 09:00:00,SHORT,24051.25,24242.23075,0,0.039,-383.96,false
495,2026-04-01 10:05:00,LONG,24160,24057.51925,2,0.486,159.32,true
474,2026-04-01 10:10:00,LONG,24165.75,24076.096,2,0.472,159.32,true
484,2026-04-01 10:15:00,LONG,24178.75,24101.25625,2,0.438,159.32,true
488,2026-04-01 10:20:00,LONG,24176,24101.2565,2,0.445,159.32,true
481,2026-04-01 10:50:00,LONG,24247,24123.37325,15,0.262,159.32,true
482,2026-04-01 10:55:00,LONG,24260,24160.62325,7,0.228,159.32,true
511,2026-04-01 10:55:00,LONG,24260,24123.2605,3,0.228,159.32,true
485,2026-04-01 11:05:00,LONG,24282.25,24168.50625,3,0.171,-229.49,false
483,2026-04-01 11:45:00,LONG,24288.5,24222.12325,1,0.154,-134.75,false
475,2026-04-01 11:50:00,LONG,24301,24251.596,8,0.122,-100.81,false
486,2026-04-01 12:00:00,LONG,24314.25,24251.50625,7,0.088,-127.49,false
460,2026-04-01 12:50:00,LONG,24326,24280.53875,2,0.057,-92.92,false
476,2026-04-01 13:15:00,LONG,24339,24306.846,5,0.017,-66.31,false
476,2026-04-01 13:50:00,SHORT,24298.25,24353.154,0,1.634,159.32,true
460,2026-04-01 13:55:00,SHORT,24266.75,24348.71125,1,1.552,159.32,true
486,2026-04-01 14:05:00,SHORT,24233.5,24316.99375,2,1.467,159.32,true
475,2026-04-01 14:10:00,SHORT,24227,24310.154,0,1.450,159.32,true
483,2026-04-01 14:10:00,SHORT,24227,24310.37675,0,1.450,159.32,true
485,2026-04-01 14:15:00,SHORT,24187.5,24280.99375,1,1.348,159.32,true
482,2026-04-01 14:25:00,SHORT,24154,24254.87675,2,0.076,-203.75,false
481,2026-04-01 14:30:00,SHORT,24143.75,24234.62675,0,0.050,-183.75,false
511,2026-04-01 14:30:00,SHORT,24143.75,24234.7395,1,0.050,-183.98,false
481,2026-04-01 15:25:00,LONG,24233.75,24146.12325,1,0.057,-177.25,false
511,2026-04-01 15:35:00,LONG,24228.25,24174.2605,1,0.071,-109.98,false
511,2026-04-01 16:05:00,SHORT,24192,24248.4895,0,1.359,159.32,true
481,2026-04-01 18:20:00,SHORT,24186.25,24213.62675,1,0.083,-56.75,false
481,2026-04-01 20:55:00,LONG,24236.25,24166.62325,2,0.010,-141.25,false
481,2026-04-01 21:15:00,SHORT,23996.75,24247.62675,0,0.864,157.51,true
488,2026-04-01 21:15:00,SHORT,23996.75,24247.4935,11,0.864,157.51,true
512,2026-04-01 21:15:00,SHORT,23996.75,24247.65275,7,0.864,157.51,true
474,2026-04-01 21:25:00,SHORT,23973,24242.404,3,0.802,157.51,true
484,2026-04-01 21:25:00,SHORT,23973,24247.49375,3,0.802,157.51,true
470,2026-04-01 21:30:00,SHORT,23942.25,24156.3675,5,0.722,157.51,true
487,2026-04-01 21:30:00,SHORT,23942.25,24156.2435,2,0.722,157.51,true
495,2026-04-01 21:30:00,SHORT,23942.25,24156.23075,1,0.722,157.51,true
504,2026-04-01 21:30:00,SHORT,23942.25,24156.371,5,0.722,157.51,true
480,2026-04-01 21:50:00,SHORT,23944.5,24013.86725,13,0.728,157.51,true
494,2026-04-01 22:30:00,SHORT,23878.25,23931.23075,3,0.555,157.51,true
510,2026-04-02 01:45:00,SHORT,23760.75,23834.7395,4,0.022,-149.98,false
510,2026-04-02 03:05:00,LONG,23817.5,23780.2605,2,0.169,-76.48,false
510,2026-04-02 06:20:00,SHORT,23783,23848.4895,2,0.306,157.51,true
509,2026-04-02 07:25:00,SHORT,23726.25,23780.9895,3,0.157,-111.48,false
509,2026-04-02 10:00:00,LONG,23878.5,23687.5105,3,3.213,157.51,true
510,2026-04-02 10:05:00,LONG,23931.25,23753.2605,3,3.079,157.51,true
494,2026-04-02 10:20:00,LONG,23978.5,23851.51925,3,2.956,157.51,true
480,2026-04-02 10:45:00,LONG,24119.5,23924.13275,2,2.588,157.51,true
487,2026-04-02 10:45:00,LONG,24119.5,23924.2565,0,2.588,157.51,true
470,2026-04-02 10:50:00,LONG,24140.25,24006.8825,0,0.300,157.51,true
495,2026-04-02 10:50:00,LONG,24140.25,24007.01925,0,0.300,157.51,true
504,2026-04-02 10:50:00,LONG,24140.25,24006.879,0,0.300,157.51,true
474,2026-04-02 11:00:00,LONG,24165,24007.096,0,0.235,157.51,true
484,2026-04-02 11:05:00,LONG,24162.5,24077.25625,1,0.136,-172.49,false
488,2026-04-02 11:35:00,LONG,24185.75,24077.2565,1,0.027,-218.99,false
488,2026-04-02 11:55:00,SHORT,24136,24203.4935,0,0.205,-136.99,false
484,2026-04-02 12:10:00,SHORT,24111.5,24173.74375,3,0.141,-126.49,false
474,2026-04-02 12:15:00,SHORT,24075,24173.654,3,0.046,-199.31,false
474,2026-04-02 13:20:00,LONG,24172.5,24091.096,1,0.027,-164.81,false
484,2026-04-02 13:25:00,LONG,24164.75,24110.00625,3,0.012,-111.49,false
484,2026-04-02 13:55:00,SHORT,24090.75,24161.49375,1,0.000,-143.49,false
474,2026-04-02 14:30:00,SHORT,24116.5,24152.154,1,0.040,-73.31,false
474,2026-04-02 14:50:00,LONG,24153.75,24093.846,0,0.265,157.51,true
484,2026-04-02 15:10:00,LONG,24162.5,24099.00625,2,0.242,157.51,true
488,2026-04-02 16:00:00,LONG,24213.75,24130.5065,8,0.108,-168.49,false
512,2026-04-02 16:05:00,LONG,24201,24142.84725,12,0.141,-118.31,false
481,2026-04-02 16:20:00,LONG,24210.25,24142.87325,5,0.117,-136.75,false
511,2026-04-02 20:10:00,LONG,24240.25,24190.2605,13,0.000,-101.98,false
511,2026-04-02 22:05:00,SHORT,24195.5,24233.9895,3,0.208,-78.98,false
481,2026-04-02 22:35:00,SHORT,24163,24212.62675,7,0.125,-101.25,false
512,2026-04-03 02:40:00,SHORT,24152.75,24198.65275,6,0.099,-93.81,false
488,2026-04-03 03:10:00,SHORT,24127.5,24178.9935,6,0.034,-104.99,false
484,2026-04-03 09:00:00,SHORT,24122.75,24177.74375,12,0.362,160.67,true
474,2026-04-05 18:10:00,SHORT,24025,24144.904,9,0.037,-241.81,false
470,2026-04-05 18:15:00,SHORT,24023.25,24101.8675,4,0.013,-159.24,false
495,2026-04-05 18:15:00,SHORT,24023.25,24101.73075,6,0.013,-158.96,false
504,2026-04-05 18:15:00,SHORT,24023.25,24101.871,0,0.013,-159.24,false
516,2026-04-05 18:15:00,SHORT,24023.25,24102.05425,0,0.013,-159.61,false
504,2026-04-05 18:45:00,LONG,24063.5,24010.629,0,0.996,160.67,true
516,2026-04-05 18:55:00,LONG,24079.25,24026.19575,1,0.956,160.67,true
470,2026-04-05 20:00:00,LONG,24156,24036.3825,2,0.759,160.67,true
495,2026-04-05 20:10:00,LONG,24165.75,24062.76925,4,0.734,160.67,true
474,2026-04-05 20:15:00,LONG,24161.5,24080.346,0,0.745,160.67,true
484,2026-04-05 20:15:00,LONG,24161.5,24080.25625,1,0.745,160.67,true
517,2026-04-05 20:15:00,LONG,24161.5,24079.94575,0,0.745,160.67,true
488,2026-04-05 20:30:00,LONG,24182.75,24080.2565,8,0.691,160.67,true
512,2026-04-05 20:40:00,LONG,24199,24149.59725,5,0.327,160.67,true
481,2026-04-05 21:05:00,LONG,24219.25,24170.62325,6,0.275,160.67,true
482,2026-04-05 22:15:00,LONG,24293.75,24180.62325,19,0.085,-228.25,false
511,2026-04-05 22:15:00,LONG,24293.75,24180.5105,5,0.085,-228.48,false
485,2026-04-05 22:20:00,LONG,24323.25,24189.50625,10,0.000,-269.49,false
475,2026-04-05 22:25:00,LONG,24311.25,24219.346,0,0.013,-185.81,false
483,2026-04-05 22:25:00,LONG,24311.25,24219.12325,3,0.013,-186.25,false
486,2026-04-05 22:30:00,LONG,24303.5,24245.50625,0,0.012,-117.99,false
475,2026-04-05 22:50:00,SHORT,24242.25,24315.654,0,0.312,160.67,true
486,2026-04-05 22:50:00,SHORT,24242.25,24315.74375,0,0.312,160.67,true
483,2026-04-05 22:55:00,SHORT,24223,24290.87675,0,0.263,160.67,true
485,2026-04-05 23:05:00,SHORT,24205,24276.49375,0,0.217,160.67,true
482,2026-04-05 23:10:00,SHORT,24194.75,24250.12675,0,0.190,-112.75,false
511,2026-04-05 23:20:00,SHORT,24187.75,24237.7395,0,0.029,-101.98,false
481,2026-04-05 23:25:00,SHORT,24185,24228.87675,3,0.022,-89.75,false
481,2026-04-05 23:55:00,LONG,24213,24168.87325,0,0.613,160.67,true
511,2026-04-06 00:10:00,LONG,24226.25,24184.0105,0,0.579,160.67,true
482,2026-04-06 00:40:00,LONG,24252.5,24200.12325,0,0.512,160.67,true
485,2026-04-06 00:50:00,LONG,24256,24214.00625,1,0.031,-85.99,false
485,2026-04-06 01:50:00,SHORT,24231,24260.74375,1,0.031,-61.49,false
485,2026-04-06 03:40:00,LONG,24275.5,24227.25625,7,0.453,160.67,true
483,2026-04-06 03:50:00,LONG,24308,24227.12325,6,0.370,160.67,true
475,2026-04-06 03:55:00,LONG,24309.5,24246.096,2,0.227,160.67,true
486,2026-04-06 04:00:00,LONG,24334.75,24246.00625,1,0.163,-179.49,false
460,2026-04-06 04:30:00,LONG,24367,24301.03875,2,0.080,-133.92,false
476,2026-04-06 04:30:00,LONG,24367,24301.346,2,0.080,-133.31,false
458,2026-04-06 04:40:00,LONG,24389,24329.64775,3,0.024,-120.70,false
477,2026-04-06 04:45:00,LONG,24387.75,24330.19175,0,0.027,-117.12,false
477,2026-04-06 06:00:00,SHORT,24340.75,24388.30825,3,0.243,160.67,true
458,2026-04-06 06:55:00,SHORT,24315.5,24381.85225,0,0.179,-134.70,false
476,2026-04-06 07:00:00,SHORT,24305.25,24354.404,3,0.123,-100.31,false
460,2026-04-06 07:10:00,SHORT,24289.5,24354.71125,0,0.083,-132.42,false
458,2026-04-06 09:55:00,LONG,24411,24255.89775,1,0.106,-312.20,false
460,2026-04-06 09:55:00,LONG,24411,24256.28875,8,0.106,-311.42,false
476,2026-04-06 09:55:00,LONG,24411,24256.596,3,0.106,-310.81,false
458,2026-04-06 10:50:00,SHORT,24296.75,24391.10225,2,0.368,160.67,true
476,2026-04-06 10:50:00,SHORT,24296.75,24390.404,1,0.368,160.67,true
460,2026-04-06 10:55:00,SHORT,24306.25,24390.71125,1,0.393,160.67,true
460,2026-04-06 12:45:00,LONG,24338.25,24294.03875,5,0.012,-90.42,false
460,2026-04-06 13:05:00,SHORT,24278.75,24350.46125,0,0.195,-145.42,false
486,2026-04-06 13:15:00,SHORT,24250,24318.49375,21,0.050,-138.99,false
486,2026-04-06 13:35:00,LONG,24298.25,24223.00625,0,0.220,160.67,true
486,2026-04-06 14:00:00,SHORT,24248.25,24308.49375,0,0.000,-122.49,false
460,2026-04-06 14:25:00,LONG,24341.75,24265.78875,2,0.108,-153.92,false
486,2026-04-06 14:25:00,LONG,24341.75,24266.00625,0,0.108,-153.49,false
476,2026-04-06 14:30:00,LONG,24334.5,24266.096,6,0.127,-138.81,false
458,2026-04-06 18:10:00,LONG,24373.75,24329.14775,8,0.011,-91.20,false
458,2026-04-06 18:35:00,SHORT,24312,24378.35225,0,0.411,159.09,true
519,2026-04-06 18:35:00,SHORT,24312,24377.9785,1,0.411,159.09,true
476,2026-04-06 18:40:00,SHORT,24315,24377.654,6,0.419,159.09,true
460,2026-04-06 20:05:00,SHORT,24295.5,24340.71125,2,0.007,-92.42,false
518,2026-04-06 20:05:00,SHORT,24295.5,24332.9785,5,0.007,-76.96,false
460,2026-04-06 20:25:00,LONG,24330,24285.03875,0,0.014,-91.92,false
518,2026-04-06 20:25:00,LONG,24330,24285.0215,0,0.014,-91.96,false
460,2026-04-06 21:00:00,SHORT,24307.25,24343.21125,0,0.399,159.09,true
486,2026-04-06 21:15:00,SHORT,24277,24317.99375,2,0.321,159.09,true
518,2026-04-06 21:15:00,SHORT,24277,24330.2285,1,0.321,159.09,true
475,2026-04-06 21:45:00,SHORT,24222,24317.904,17,0.179,-193.81,false
483,2026-04-06 21:50:00,SHORT,24200,24284.12675,11,0.122,-170.25,false
485,2026-04-06 21:50:00,SHORT,24200,24283.99375,4,0.122,-169.99,false
482,2026-04-06 22:00:00,SHORT,24173.5,24284.12675,8,0.053,-223.25,false
481,2026-04-06 22:05:00,SHORT,24176.25,24233.12675,1,0.027,-115.75,false
511,2026-04-06 22:05:00,SHORT,24176.25,24233.2395,6,0.027,-115.98,false
481,2026-04-06 22:45:00,LONG,24215,24170.87325,0,0.536,159.09,true
511,2026-04-06 23:40:00,LONG,24227,24185.0105,2,0.505,159.09,true
482,2026-04-07 00:40:00,LONG,24239,24191.87325,5,0.474,159.09,true
485,2026-04-07 04:10:00,LONG,24315,24216.50625,9,0.277,159.09,true
475,2026-04-07 04:15:00,LONG,24332.25,24239.346,0,0.232,159.09,true
483,2026-04-07 04:15:00,LONG,24332.25,24239.12325,4,0.232,159.09,true
486,2026-04-07 04:20:00,LONG,24355.75,24239.25625,1,0.171,-234.99,false
460,2026-04-07 04:25:00,LONG,24338.5,24276.78875,2,0.216,159.09,true
518,2026-04-07 04:25:00,LONG,24338.5,24276.7715,1,0.216,159.09,true
476,2026-04-07 04:30:00,LONG,24376.5,24277.096,7,0.118,-200.81,false
519,2026-04-07 04:40:00,LONG,24363,24297.5215,4,0.153,-132.96,false
458,2026-04-07 05:05:00,LONG,24375.25,24324.89775,3,0.121,-102.70,false
477,2026-04-07 05:15:00,LONG,24388.75,24340.44175,11,0.086,-98.62,false
478,2026-04-07 05:30:00,LONG,24419.75,24360.44175,18,0.001,-120.62,false
478,2026-04-07 06:10:00,SHORT,24364.5,24413.55825,0,1.095,159.09,true
477,2026-04-07 06:35:00,SHORT,24293.5,24399.30825,2,0.911,159.09,true
458,2026-04-07 06:40:00,SHORT,24287.75,24388.10225,1,0.896,159.09,true
476,2026-04-07 06:40:00,SHORT,24287.75,24387.404,1,0.896,159.09,true
519,2026-04-07 06:40:00,SHORT,24287.75,24387.7285,2,0.896,159.09,true
460,2026-04-07 06:45:00,SHORT,24246.5,24387.71125,1,0.789,159.09,true
518,2026-04-07 06:50:00,SHORT,24221,24329.7285,2,0.723,159.09,true
475,2026-04-07 06:55:00,SHORT,24202.75,24320.404,0,0.676,159.09,true
486,2026-04-07 06:55:00,SHORT,24202.75,24329.49375,1,0.676,159.09,true
483,2026-04-07 07:00:00,SHORT,24212.5,24298.37675,0,0.206,-173.75,false
485,2026-04-07 07:00:00,SHORT,24212.5,24298.24375,0,0.206,-173.49,false
482,2026-04-07 07:55:00,SHORT,24210.75,24265.62675,8,0.201,-111.75,false
511,2026-04-07 08:10:00,SHORT,24167,24230.4895,9,0.069,-128.98,false
511,2026-04-07 09:10:00,LONG,24230.25,24171.7605,1,0.201,-118.98,false
511,2026-04-07 09:50:00,SHORT,24199.25,24315.7395,1,0.667,159.09,true
481,2026-04-07 10:05:00,SHORT,24019.25,24241.87675,15,0.201,-447.25,false
474,2026-04-07 10:10:00,SHORT,24034.75,24215.154,2,0.241,159.09,true
484,2026-04-07 10:10:00,SHORT,24034.75,24215.24375,3,0.241,159.09,true
488,2026-04-07 10:10:00,SHORT,24034.75,24215.2435,5,0.241,159.09,true
512,2026-04-07 10:10:00,SHORT,24034.75,24215.40275,8,0.241,159.09,true
517,2026-04-07 10:10:00,SHORT,24034.75,24215.55425,6,0.241,159.09,true
470,2026-04-07 10:15:00,SHORT,24055.5,24137.6175,0,0.005,-166.24,false
495,2026-04-07 10:15:00,SHORT,24055.5,24137.48075,0,0.005,-165.96,false
470,2026-04-07 10:35:00,LONG,24089,24045.8825,0,0.093,-88.24,false
470,2026-04-07 11:05:00,SHORT,23966.75,24092.8675,1,0.003,-254.24,false
504,2026-04-07 11:05:00,SHORT,23966.75,24092.871,4,0.003,-254.24,false
516,2026-04-07 11:05:00,SHORT,23966.75,24093.05425,4,0.003,-254.61,false
487,2026-04-07 11:10:00,SHORT,24006,24069.4935,2,0.023,-128.99,false
487,2026-04-07 11:35:00,LONG,24055.75,23989.7565,0,3.461,159.09,true
470,2026-04-07 11:55:00,LONG,24108.5,24034.3825,2,3.324,159.09,true
504,2026-04-07 11:55:00,LONG,24108.5,24018.129,1,3.324,159.09,true
516,2026-04-07 11:55:00,LONG,24108.5,24017.94575,1,3.324,159.09,true
495,2026-04-07 12:05:00,LONG,24144.75,24049.51925,4,3.230,159.09,true
474,2026-04-07 12:10:00,LONG,24157,24073.346,3,3.199,159.09,true
484,2026-04-07 12:20:00,LONG,24196.75,24073.25625,2,3.096,159.09,true
517,2026-04-07 12:25:00,LONG,24189.75,24097.69575,1,0.285,159.09,true
488,2026-04-07 12:30:00,LONG,24205.5,24134.7565,1,0.244,159.09,true
512,2026-04-07 12:35:00,LONG,24187,24143.84725,2,0.292,159.09,true
481,2026-04-07 13:40:00,LONG,24230.75,24163.12325,4,0.061,-137.25,false
511,2026-04-07 13:45:00,LONG,24235.5,24175.5105,7,0.049,-121.98,false
511,2026-04-07 14:35:00,SHORT,24186.5,24233.4895,2,0.284,159.09,true
481,2026-04-07 14:45:00,SHORT,24147.25,24233.62675,1,0.182,-174.75,false
488,2026-04-07 14:55:00,SHORT,24102,24196.9935,0,0.049,-191.99,false
512,2026-04-07 14:55:00,SHORT,24102,24207.90275,2,0.049,-213.81,false
484,2026-04-07 15:00:00,SHORT,24112.25,24176.24375,0,0.075,-129.99,false
517,2026-04-07 15:00:00,SHORT,24112.25,24197.30425,0,0.075,-172.11,false
474,2026-04-07 15:05:00,SHORT,24103.25,24157.154,0,0.006,-109.81,false
474,2026-04-07 15:25:00,LONG,24216.75,24093.596,0,3.044,159.09,true
484,2026-04-07 15:25:00,LONG,24216.75,24075.75625,0,3.044,159.09,true
481,2026-04-07 15:30:00,LONG,24211.25,24118.12325,0,3.058,159.09,true
488,2026-04-07 15:30:00,LONG,24211.25,24118.2565,0,3.058,159.09,true
512,2026-04-07 15:30:00,LONG,24211.25,24118.09725,0,3.058,159.09,true
517,2026-04-07 15:30:00,LONG,24211.25,24117.94575,0,3.058,159.09,true
482,2026-04-07 15:55:00,LONG,24369.25,24189.87325,15,2.649,159.09,true
483,2026-04-07 15:55:00,LONG,24369.25,24189.87325,5,2.649,159.09,true
485,2026-04-07 15:55:00,LONG,24369.25,24190.00625,14,2.649,159.09,true
511,2026-04-07 15:55:00,LONG,24369.25,24189.7605,1,2.649,159.09,true
475,2026-04-07 16:00:00,LONG,24381,24216.096,4,2.619,159.09,true
486,2026-04-07 16:00:00,LONG,24381,24216.00625,3,2.619,159.09,true
518,2026-04-07 16:00:00,LONG,24381,24215.7715,1,2.619,159.09,true
458,2026-04-07 16:05:00,LONG,24393.5,24278.89775,0,2.587,159.09,true
460,2026-04-07 16:05:00,LONG,24393.5,24215.78875,0,2.587,159.09,true
476,2026-04-07 16:05:00,LONG,24393.5,24216.096,0,2.587,159.09,true
477,2026-04-07 16:10:00,LONG,24390.5,24313.94175,0,2.594,159.09,true
519,2026-04-07 16:10:00,LONG,24390.5,24313.7715,1,2.594,159.09,true
478,2026-04-07 16:55:00,LONG,24399.25,24364.94175,3,0.887,159.09,true
467,2026-04-07 18:10:00,LONG,24612.75,24364.9205,15,0.348,152.72,true
405,2026-04-07 18:15:00,LONG,24600,24495.34475,3,0.383,152.72,true
459,2026-04-07 18:15:00,LONG,24600,24494.39775,15,0.383,152.72,true
464,2026-04-07 18:15:00,LONG,24600,24494.78875,12,0.383,152.72,true
468,2026-04-07 18:40:00,LONG,24774.5,24347.4205,11,1.666,152.72,true
473,2026-04-08 00:15:00,LONG,25136,25094.8065,6,0.326,152.72,true
375,2026-04-08 02:00:00,LONG,25188.75,25149.2875,2,0.036,-80.93,false
375,2026-04-08 03:10:00,SHORT,25158.25,25191.7125,2,0.065,-68.93,false
375,2026-04-08 05:00:00,LONG,25211.75,25153.7875,3,0.122,-117.93,false
520,2026-04-08 05:05:00,LONG,25218.25,25151.577,6,0.104,-135.35,false
375,2026-04-08 09:45:00,SHORT,25154.75,25254.9625,3,0.615,152.72,true
520,2026-04-08 09:45:00,SHORT,25154.75,25257.173,9,0.615,152.72,true
473,2026-04-08 10:05:00,SHORT,25078.25,25161.1935,3,0.409,152.72,true
473,2026-04-08 12:50:00,LONG,25147,25079.3065,1,0.028,-137.39,false
473,2026-04-08 13:30:00,SHORT,25089,25147.9435,0,0.393,152.72,true
526,2026-04-08 18:25:00,SHORT,25026.75,25070.171,1,0.199,-88.84,false
525,2026-04-08 21:00:00,SHORT,25012.25,25041.671,5,0.086,-60.84,false
524,2026-04-08 21:25:00,SHORT,24987,25028.421,5,0.009,-84.84,false
524,2026-04-08 22:00:00,LONG,25026.25,24976.329,0,0.088,-101.84,false
525,2026-04-08 22:15:00,LONG,25038.25,25003.829,2,0.034,-70.84,false
525,2026-04-09 03:35:00,SHORT,24998.75,25037.921,9,0.123,-80.34,false
523,2026-04-09 03:50:00,SHORT,24978.75,25025.171,7,0.069,-94.84,false
524,2026-04-09 03:50:00,SHORT,24978.75,25025.171,7,0.069,-94.84,false
523,2026-04-09 05:25:00,LONG,25012.75,24961.079,2,0.266,152.68,true
524,2026-04-09 06:05:00,LONG,25013.75,24977.579,1,0.036,-74.34,false
524,2026-04-09 07:05:00,SHORT,24989.75,25031.921,2,0.035,-86.34,false
524,2026-04-09 07:45:00,LONG,25027,24975.579,0,0.228,152.68,true
525,2026-04-09 08:00:00,LONG,25033,24982.829,4,0.212,152.68,true
525,2026-04-09 10:20:00,SHORT,24998.5,25063.421,7,0.102,-131.84,false
523,2026-04-09 10:35:00,SHORT,24984,25020.421,2,0.019,-74.84,false
524,2026-04-09 10:35:00,SHORT,24984,25055.671,1,0.019,-145.34,false
523,2026-04-09 10:55:00,LONG,25041.25,24969.579,0,0.948,152.68,true
524,2026-04-09 11:00:00,LONG,25030.75,24969.579,0,0.976,152.68,true
525,2026-04-09 11:00:00,LONG,25030.75,24976.829,0,0.976,152.68,true
526,2026-04-09 11:20:00,LONG,25089.75,25008.579,27,0.817,152.68,true
527,2026-04-09 11:45:00,LONG,25152,25041.079,3,0.650,152.68,true
473,2026-04-09 11:50:00,LONG,25177.25,25040.8065,3,0.581,152.68,true
528,2026-04-09 11:55:00,LONG,25189,25100.579,1,0.550,152.68,true
375,2026-04-09 12:05:00,LONG,25226.25,25102.7875,0,0.449,152.68,true
520,2026-04-09 12:10:00,LONG,25208.5,25167.327,0,0.092,-84.35,false
520,2026-04-09 14:20:00,SHORT,25157.25,25238.673,3,0.033,-164.85,false
375,2026-04-09 14:30:00,SHORT,25154,25197.2125,3,0.007,-88.43,false
375,2026-04-09 15:05:00,LONG,25220,25146.0375,0,0.466,152.68,true
520,2026-04-09 15:10:00,LONG,25221.25,25168.327,2,0.463,152.68,true
532,2026-04-09 19:25:00,SHORT,25209.75,25260.42375,1,0.010,-103.35,false
532,2026-04-09 20:35:00,LONG,25247.25,25198.57625,1,0.393,152.74,true
521,2026-04-09 21:05:00,LONG,25266,25231.077,12,0.102,-71.85,false
533,2026-04-09 21:35:00,LONG,25293.5,25248.32625,1,0.028,-92.35,false
533,2026-04-10 02:10:00,SHORT,25249.5,25288.42375,6,0.126,-79.85,false
521,2026-04-10 02:35:00,SHORT,25231.25,25264.423,3,0.077,-68.35,false
521,2026-04-10 06:25:00,LONG,25270.5,25227.577,5,0.330,152.74,true
533,2026-04-10 07:10:00,LONG,25282.25,25236.07625,3,0.298,152.74,true
534,2026-04-10 08:45:00,LONG,25319.5,25270.07625,4,0.134,-100.85,false
535,2026-04-10 10:25:00,LONG,25340.5,25260.57625,5,0.141,-161.85,false
536,2026-04-10 11:15:00,LONG,25370,25303.57625,6,0.062,-134.85,false
535,2026-04-10 11:45:00,SHORT,25297.25,25364.92375,1,1.058,152.74,true
536,2026-04-10 11:45:00,SHORT,25297.25,25364.92375,0,1.058,152.74,true
534,2026-04-10 12:00:00,SHORT,25256.75,25346.17375,7,0.949,152.74,true
533,2026-04-10 12:45:00,SHORT,25249.5,25291.42375,5,0.071,-85.85,false
521,2026-04-10 13:30:00,SHORT,25237.25,25274.423,4,0.024,-76.35,false
521,2026-04-10 14:25:00,LONG,25267.5,25220.827,0,0.190,-95.35,false
533,2026-04-10 15:20:00,LONG,25293.75,25243.57625,4,0.119,-102.35,false
534,2026-04-10 16:40:00,LONG,25319.5,25283.07625,2,0.050,-74.85,false
524,2026-04-12 18:25:00,SHORT,24954,25015.421,0,0.088,-124.84,false
523,2026-04-12 18:30:00,SHORT,24954.25,25008.921,1,0.088,-111.34,false
529,2026-04-12 18:50:00,SHORT,24951.25,24983.92375,2,0.080,-67.35,false
529,2026-04-12 20:15:00,LONG,24999.75,24919.57625,1,4.014,150.22,true
523,2026-04-12 20:20:00,LONG,25000,24950.329,1,4.013,150.22,true
524,2026-04-12 20:55:00,LONG,25055,24981.079,1,3.862,150.22,true
525,2026-04-12 21:00:00,LONG,25066.75,25001.079,3,3.830,150.22,true
526,2026-04-12 21:05:00,LONG,25059.25,25016.579,0,3.851,150.22,true
530,2026-04-12 21:35:00,LONG,25073.5,25044.57625,0,3.812,150.22,true
527,2026-04-13 02:20:00,LONG,25114.75,25060.579,12,3.761,150.22,true
473,2026-04-13 05:35:00,LONG,25125.25,25090.0565,7,0.190,-72.39,false
528,2026-04-13 07:10:00,LONG,25162.25,25118.579,3,0.003,-89.34,false
528,2026-04-13 07:40:00,SHORT,25122.75,25167.421,0,0.135,-91.34,false
473,2026-04-13 08:00:00,SHORT,25086.25,25136.9435,3,0.000,-103.39,false
473,2026-04-13 08:35:00,LONG,25140.5,25079.5565,0,3.841,150.22,true
528,2026-04-13 08:50:00,LONG,25174.75,25112.829,0,3.747,150.22,true
531,2026-04-13 09:20:00,LONG,25203.5,25140.32625,2,3.726,150.22,true
375,2026-04-13 09:25:00,LONG,25215.25,25153.5375,3,3.694,150.22,true
520,2026-04-13 09:30:00,LONG,25222,25159.327,2,3.675,150.22,true
532,2026-04-13 09:55:00,LONG,25308,25152.57625,12,3.440,150.22,true
521,2026-04-13 10:00:00,LONG,25316.5,25152.577,2,3.417,150.22,true
538,2026-04-13 10:00:00,LONG,25316.5,25152.69725,1,3.417,150.22,true
533,2026-04-13 10:05:00,LONG,25310,25152.57625,2,3.434,150.22,true
534,2026-04-13 11:00:00,LONG,25310.25,25279.82625,3,3.434,150.22,true
535,2026-04-13 12:25:00,LONG,25385,25275.07625,6,3.229,150.22,true
536,2026-04-13 12:30:00,LONG,25381,25297.57625,8,3.240,150.22,true
539,2026-04-13 12:35:00,LONG,25385.5,25321.19725,4,3.228,150.22,true
537,2026-04-13 12:40:00,LONG,25380.5,25344.32625,4,3.241,150.22,true
540,2026-04-13 12:55:00,LONG,25410.75,25344.44725,0,3.158,150.22,true
541,2026-04-13 13:05:00,LONG,25405.25,25365.94725,2,3.173,150.22,true
543,2026-04-14 03:35:00,LONG,25636,25574.26175,2,2.564,148.87,true
544,2026-04-14 05:10:00,LONG,25669.5,25636.76175,1,0.010,-67.48,false
544,2026-04-14 05:40:00,SHORT,25641.5,25673.23825,1,0.059,-65.48,false
544,2026-04-14 08:05:00,LONG,25686.75,25631.01175,2,3.230,148.87,true
545,2026-04-14 10:15:00,LONG,25767,25699.01175,2,3.088,148.87,true
546,2026-04-14 11:30:00,LONG,25844,25775.51175,3,2.876,148.87,true
548,2026-04-14 19:30:00,LONG,26030,25969.11725,0,0.076,-123.77,false
549,2026-04-14 21:15:00,LONG,26039.25,25995.36725,6,0.009,-89.77,false
549,2026-04-14 22:35:00,SHORT,25996.75,26039.63275,1,0.018,-87.77,false
548,2026-04-15 01:30:00,SHORT,25984,26028.13275,5,0.049,-90.27,false
548,2026-04-15 04:30:00,LONG,26025.75,25963.11725,4,0.034,-127.27,false
548,2026-04-15 05:45:00,SHORT,25980.75,26023.13275,0,0.127,-86.77,false
548,2026-04-15 10:00:00,LONG,26074.5,25982.61725,9,2.195,151.89,true
549,2026-04-15 10:00:00,LONG,26074.5,25982.61725,9,2.195,151.89,true
550,2026-04-15 10:20:00,LONG,26120.5,26018.11725,2,2.070,151.89,true
551,2026-04-15 11:50:00,LONG,26201.75,26161.11725,1,0.135,-83.27,false
551,2026-04-15 12:50:00,SHORT,26127.5,26227.38275,1,0.068,-201.77,false
551,2026-04-15 14:10:00,LONG,26242.25,26165.86725,2,1.741,151.89,true
556,2026-04-15 18:40:00,LONG,26381,26337.39275,0,0.281,156.57,true
557,2026-04-15 21:50:00,LONG,26450.5,26411.64275,0,0.099,-79.71,false
557,2026-04-16 01:10:00,SHORT,26420.25,26452.10725,5,0.008,-65.71,false
557,2026-04-16 01:40:00,LONG,26447.75,26409.64275,0,0.106,-78.21,false
558,2026-04-16 02:10:00,LONG,26482.25,26426.64275,8,0.015,-113.21,false
558,2026-04-16 04:10:00,SHORT,26428.25,26472.10725,1,0.402,156.57,true
557,2026-04-16 06:40:00,SHORT,26384.25,26454.60725,4,0.286,156.57,true
556,2026-04-16 10:00:00,SHORT,26331.25,26401.60725,2,0.053,-142.71,false
556,2026-04-16 10:50:00,LONG,26412,26319.89275,1,1.288,156.57,true
557,2026-04-16 11:15:00,LONG,26470.25,26396.14275,3,0.246,156.57,true
558,2026-04-16 11:20:00,LONG,26489.5,26422.39275,4,0.196,-136.21,false
558,2026-04-16 14:10:00,SHORT,26418.75,26491.85725,4,0.168,-148.21,false
557,2026-04-16 14:20:00,SHORT,26376.75,26462.10725,4,0.057,-172.71,false
557,2026-04-16 15:20:00,LONG,26449.5,26402.89275,0,1.189,156.57,true
558,2026-04-16 15:45:00,LONG,26484,26432.14275,3,1.098,156.57,true
561,2026-04-16 21:15:00,LONG,26493,26448.46075,2,0.012,-91.08,false
561,2026-04-16 22:30:00,SHORT,26471.75,26497.78925,2,0.084,-54.08,false
561,2026-04-17 04:30:00,LONG,26499.25,26461.21075,7,1.068,155.15,true
562,2026-04-17 05:50:00,LONG,26532.25,26487.21075,0,0.980,155.15,true
563,2026-04-17 08:10:00,LONG,26589.75,26542.46075,0,0.783,155.15,true
564,2026-04-17 09:00:00,LONG,26729.25,26594.71075,1,0.413,155.15,true
565,2026-04-19 21:30:00,LONG,26695.5,26645.57025,2,0.052,-101.86,false
565,2026-04-20 00:35:00,SHORT,26665.75,26695.67975,1,0.145,-61.86,false
565,2026-04-20 03:10:00,LONG,26704.25,26641.32025,2,0.046,-127.86,false
565,2026-04-20 03:45:00,SHORT,26661.5,26700.92975,0,0.114,-80.86,false
565,2026-04-20 05:00:00,LONG,26703.25,26644.82025,1,0.335,152.87,true
566,2026-04-20 06:15:00,LONG,26723.5,26684.07025,12,0.010,-80.86,false
567,2026-04-20 09:10:00,LONG,26773.5,26725.57025,0,0.146,-97.86,false
567,2026-04-20 10:40:00,SHORT,26695.75,26781.92975,3,0.342,152.87,true
565,2026-04-20 11:05:00,SHORT,26603.25,26728.42975,2,0.026,-252.36,false
566,2026-04-20 11:05:00,SHORT,26603.25,26728.42975,6,0.026,-252.36,false
565,2026-04-20 12:50:00,LONG,26686.5,26634.07025,3,0.579,152.87,true
566,2026-04-20 14:15:00,LONG,26730.25,26678.82025,3,0.462,152.87,true
567,2026-04-20 16:45:00,LONG,26775.75,26721.82025,4,0.339,152.87,true
568,2026-04-20 18:10:00,LONG,26804.75,26721.82025,6,0.271,147.43,true
576,2026-04-20 18:15:00,LONG,26801,26749.33125,0,0.281,147.43,true
569,2026-04-20 20:55:00,LONG,26824,26780.57025,5,0.217,147.43,true
570,2026-04-21 01:15:00,LONG,26837,26809.07025,9,0.056,-57.86,false
570,2026-04-21 03:35:00,SHORT,26815.25,26854.67975,2,0.050,-80.86,false
570,2026-04-21 04:50:00,LONG,26845.5,26805.82025,1,0.001,-81.36,false
570,2026-04-21 09:10:00,SHORT,26810.25,26877.92975,2,0.233,147.43,true
569,2026-04-21 09:40:00,SHORT,26768.5,26833.92975,10,0.072,-132.86,false
576,2026-04-21 09:45:00,SHORT,26771,26833.66875,3,0.041,-127.34,false
569,2026-04-21 10:05:00,LONG,26861.25,26748.82025,0,0.067,-226.86,false
576,2026-04-21 10:05:00,LONG,26861.25,26749.08125,0,0.067,-226.34,false
570,2026-04-21 10:15:00,LONG,26850.25,26786.32025,1,0.026,-129.86,false
570,2026-04-21 10:55:00,SHORT,26736.75,26866.92975,2,0.516,147.43,true
569,2026-04-21 11:00:00,SHORT,26691.5,26836.67975,0,0.390,147.43,true
568,2026-04-21 11:10:00,SHORT,26761.5,26801.42975,2,0.585,147.43,true
576,2026-04-21 11:10:00,SHORT,26761.5,26801.16875,1,0.585,147.43,true
567,2026-04-21 11:35:00,SHORT,26727.75,26793.67975,4,0.491,147.43,true
575,2026-04-21 11:35:00,SHORT,26727.75,26793.41875,3,0.491,147.43,true
574,2026-04-21 12:45:00,SHORT,26712.25,26755.66875,6,0.313,147.43,true
573,2026-04-21 13:00:00,SHORT,26691.75,26753.91875,6,0.256,147.43,true
566,2026-04-21 13:05:00,SHORT,26671.25,26721.92975,7,0.199,-103.36,false
565,2026-04-21 13:20:00,SHORT,26625.25,26698.67975,5,0.011,-148.86,false
565,2026-04-21 13:45:00,LONG,26712.25,26624.82025,0,0.207,-176.86,false
566,2026-04-21 14:10:00,LONG,26722.75,26644.82025,0,0.178,-157.86,false
566,2026-04-21 14:45:00,SHORT,26670.5,26737.92975,0,0.016,-136.86,false
566,2026-04-21 15:05:00,LONG,26742.5,26657.32025,0,0.123,-172.36,false
573,2026-04-21 15:10:00,LONG,26735.25,26657.58125,2,0.143,-157.34,false
574,2026-04-21 15:25:00,LONG,26777.25,26657.58125,4,0.026,-241.34,false
567,2026-04-21 15:30:00,LONG,26767.75,26711.57025,6,0.003,-114.36,false
566,2026-04-21 15:50:00,SHORT,26598,26776.17975,0,0.035,-358.36,false
567,2026-04-21 15:50:00,SHORT,26598,26776.17975,0,0.035,-358.36,false
573,2026-04-21 15:50:00,SHORT,26598,26775.91875,1,0.035,-357.84,false
574,2026-04-21 15:50:00,SHORT,26598,26775.91875,0,0.035,-357.84,false
565,2026-04-21 15:55:00,SHORT,26642.25,26732.92975,4,0.113,-183.36,false
565,2026-04-21 16:20:00,LONG,26766.75,26594.32025,0,1.941,147.43,true
566,2026-04-21 16:20:00,LONG,26766.75,26594.32025,0,1.941,147.43,true
573,2026-04-21 16:20:00,LONG,26766.75,26594.58125,0,1.941,147.43,true
574,2026-04-21 16:20:00,LONG,26766.75,26594.58125,0,1.941,147.43,true
567,2026-04-21 19:55:00,LONG,26773.5,26731.57025,4,1.074,146.42,true
575,2026-04-21 20:10:00,LONG,26803.75,26746.33125,7,0.989,146.42,true
568,2026-04-21 20:15:00,LONG,26810,26752.07025,6,0.971,146.42,true
576,2026-04-21 20:20:00,LONG,26810,26764.58125,4,0.971,146.42,true
569,2026-04-21 20:40:00,LONG,26809.5,26764.57025,0,0.973,146.42,true
578,2026-04-21 21:55:00,LONG,26821.75,26785.62925,2,0.045,-74.24,false
578,2026-04-22 00:30:00,SHORT,26793.5,26828.37075,5,0.079,-71.74,false
569,2026-04-22 01:00:00,SHORT,26780.25,26824.92975,6,0.006,-91.36,false
569,2026-04-22 01:25:00,LONG,26827.75,26781.07025,0,0.103,-95.36,false
578,2026-04-22 01:30:00,LONG,26833.5,26784.37925,0,0.087,-100.24,false
570,2026-04-22 02:40:00,LONG,26836,26806.57025,6,0.080,-60.86,false
570,2026-04-22 04:30:00,SHORT,26792.75,26844.17975,4,0.037,-104.86,false
578,2026-04-22 04:40:00,SHORT,26803,26833.62075,1,0.030,-63.24,false
578,2026-04-22 05:05:00,LONG,26843,26785.12925,0,0.878,146.42,true
570,2026-04-22 05:15:00,LONG,26844.5,26804.07025,0,0.874,146.42,true
570,2026-04-22 07:30:00,SHORT,26817,26857.17975,1,0.031,-82.36,false
570,2026-04-22 08:10:00,LONG,26897.25,26802.57025,1,0.726,146.42,true
571,2026-04-22 10:20:00,LONG,26967.25,26844.57025,9,0.529,146.42,true
579,2026-04-22 10:25:00,LONG,26990,26880.87925,3,0.410,146.42,true
586,2026-04-22 20:20:00,SHORT,27004.5,27091.151,0,0.390,147.06,true
585,2026-04-22 21:35:00,SHORT,27012.75,27058.401,2,0.413,147.06,true
584,2026-04-22 22:00:00,SHORT,26992,27045.401,3,0.355,147.06,true
583,2026-04-22 22:20:00,SHORT,26975.25,27007.901,3,0.308,147.06,true
582,2026-04-22 23:05:00,SHORT,26933.5,26994.651,2,0.192,-124.30,false
579,2026-04-22 23:40:00,SHORT,26879.75,26925.62075,1,0.006,-93.74,false
579,2026-04-23 00:15:00,LONG,26926.5,26870.62925,0,0.641,147.06,true
582,2026-04-23 02:05:00,LONG,26987.25,26938.849,2,0.073,-98.80,false
582,2026-04-23 04:45:00,SHORT,26925.25,26984.651,3,0.099,-120.80,false
582,2026-04-23 07:05:00,LONG,26987.75,26939.599,3,0.470,147.06,true
583,2026-04-23 07:55:00,LONG,27032.5,26953.849,9,0.345,147.06,true
584,2026-04-23 08:00:00,LONG,27039.75,26976.849,1,0.112,-127.80,false
585,2026-04-23 08:10:00,LONG,27062.75,26976.849,0,0.000,-173.80,false
585,2026-04-23 08:55:00,SHORT,27009.25,27069.401,0,0.124,-122.30,false
585,2026-04-23 09:50:00,LONG,27058.25,26990.599,2,0.002,-137.30,false
585,2026-04-23 10:20:00,SHORT,27021.5,27066.151,0,0.059,-91.30,false
585,2026-04-23 10:55:00,LONG,27094.25,26993.349,0,0.172,-203.80,false
586,2026-04-23 11:00:00,LONG,27105.25,27028.099,8,0.141,-156.30,false
587,2026-04-23 11:15:00,LONG,27137.75,27067.099,7,0.050,-143.30,false
587,2026-04-23 12:00:00,SHORT,27046.75,27129.151,0,1.021,147.06,true
584,2026-04-23 13:15:00,SHORT,26883.25,27106.151,6,0.564,147.06,true
585,2026-04-23 13:15:00,SHORT,26883.25,27106.151,0,0.564,147.06,true
586,2026-04-23 13:15:00,SHORT,26883.25,27106.151,2,0.564,147.06,true
582,2026-04-23 13:20:00,SHORT,26878,27022.401,5,0.549,147.06,true
583,2026-04-23 13:20:00,SHORT,26878,27022.401,7,0.549,147.06,true
571,2026-04-23 13:50:00,SHORT,26835.75,26958.17975,5,0.042,-246.86,false
579,2026-04-23 13:50:00,SHORT,26835.75,26957.87075,3,0.042,-246.24,false
571,2026-04-23 14:10:00,LONG,26917.75,26813.32025,0,1.747,147.06,true
579,2026-04-23 14:10:00,LONG,26917.75,26813.62925,0,1.747,147.06,true
579,2026-04-23 15:05:00,SHORT,26890.75,26932.87075,1,0.031,-86.24,false
579,2026-04-23 15:25:00,LONG,26915,26872.37925,0,0.059,-87.24,false
583,2026-04-23 18:15:00,LONG,27043,26984.849,1,1.353,151.94,true
584,2026-04-23 18:15:00,LONG,27043,26984.849,0,1.353,151.94,true
585,2026-04-23 18:55:00,LONG,27042.75,26984.849,0,1.353,151.94,true
586,2026-04-23 19:40:00,LONG,27066.5,27032.849,2,0.188,-69.30,false
587,2026-04-23 20:20:00,LONG,27110,27066.599,2,0.070,-88.80,false
587,2026-04-23 22:30:00,SHORT,27089.5,27128.151,2,0.198,-79.30,false
586,2026-04-23 23:35:00,SHORT,27037.5,27070.651,3,0.058,-68.30,false
586,2026-04-24 01:40:00,LONG,27073.5,27024.599,2,1.270,151.94,true
587,2026-04-24 04:25:00,LONG,27110.75,27075.099,4,0.004,-73.30,false
591,2026-04-24 06:35:00,LONG,27179,27127.3645,1,0.984,151.94,true
592,2026-04-24 07:15:00,LONG,27274.75,27163.1145,0,0.241,151.94,true
599,2026-04-26 18:15:00,SHORT,27371,27429.00025,0,0.025,-118.00,false
600,2026-04-26 18:15:00,SHORT,27371,27429.00025,0,0.025,-118.00,false
601,2026-04-26 18:15:00,SHORT,27371,27429.00025,0,0.025,-118.00,false
599,2026-04-26 20:10:00,LONG,27408.75,27360.49975,1,0.369,149.12,true
600,2026-04-26 20:25:00,LONG,27418.5,27386.99975,3,0.342,149.12,true
601,2026-04-26 20:45:00,LONG,27433.5,27386.99975,1,0.301,149.12,true
602,2026-04-26 21:05:00,LONG,27466,27417.49975,0,0.211,149.12,true
603,2026-04-26 21:20:00,LONG,27486.5,27430.74975,0,0.154,-113.50,false
603,2026-04-27 02:05:00,SHORT,27440.75,27486.75025,1,0.146,-94.00,false
602,2026-04-27 03:15:00,SHORT,27425.5,27452.25025,3,0.103,-55.50,false
601,2026-04-27 04:15:00,SHORT,27403,27442.00025,4,0.017,-80.00,false
601,2026-04-27 04:45:00,LONG,27439.75,27389.74975,0,0.167,-102.00,false
602,2026-04-27 05:20:00,LONG,27444.5,27409.49975,3,0.154,-72.00,false
603,2026-04-27 06:50:00,LONG,27477.5,27444.49975,4,0.063,-68.00,false
603,2026-04-27 08:25:00,SHORT,27419.25,27491.00025,0,0.333,149.12,true
602,2026-04-27 08:35:00,SHORT,27399.5,27458.75025,1,0.279,149.12,true
600,2026-04-27 09:40:00,SHORT,27387.75,27442.25025,10,0.246,149.12,true
601,2026-04-27 09:40:00,SHORT,27387.75,27442.25025,1,0.246,149.12,true
599,2026-04-27 10:25:00,SHORT,27359.5,27416.75025,6,0.143,-116.50,false
598,2026-04-27 11:10:00,SHORT,27339.5,27397.00025,10,0.088,-117.00,false
598,2026-04-27 12:15:00,LONG,27387.75,27327.99975,1,0.343,149.12,true
599,2026-04-27 12:40:00,LONG,27396.25,27364.49975,6,0.319,149.12,true
600,2026-04-27 13:35:00,LONG,27421.75,27374.74975,5,0.249,149.12,true
601,2026-04-27 13:40:00,LONG,27430,27374.74975,4,0.226,149.12,true
601,2026-04-27 15:00:00,SHORT,27399.75,27431.25025,2,0.026,-65.00,false
601,2026-04-27 15:25:00,LONG,27423.75,27385.24975,0,0.243,149.12,true
602,2026-04-27 18:15:00,LONG,27491.5,27412.99975,13,0.058,-159.00,false
603,2026-04-27 18:20:00,LONG,27487.25,27428.49975,0,0.071,-119.50,false
603,2026-04-27 22:00:00,SHORT,27415.5,27488.50025,3,1.158,144.15,true
602,2026-04-27 22:40:00,SHORT,27407.5,27465.50025,0,1.135,144.15,true
601,2026-04-27 23:05:00,SHORT,27399.5,27437.25025,5,0.000,-77.50,false
601,2026-04-27 23:40:00,LONG,27421.75,27393.24975,0,0.051,-59.00,false
601,2026-04-28 01:10:00,SHORT,27391.75,27435.25025,1,1.090,144.15,true
600,2026-04-28 01:20:00,SHORT,27393.5,27430.25025,4,1.095,144.15,true
599,2026-04-28 01:45:00,SHORT,27362.5,27399.75025,5,1.007,144.15,true
606,2026-04-28 02:40:00,SHORT,27335,27399.5115,2,0.928,144.15,true
598,2026-04-28 02:45:00,SHORT,27326.25,27385.50025,2,0.904,144.15,true
597,2026-04-28 04:10:00,SHORT,27316,27359.50025,12,0.001,-89.00,false
596,2026-04-28 05:50:00,SHORT,27287,27331.25025,2,0.792,144.15,true
595,2026-04-28 07:15:00,SHORT,27178.75,27277.00025,4,0.483,144.15,true
592,2026-04-28 07:20:00,SHORT,27158.25,27250.1355,6,0.347,144.15,true
605,2026-04-28 07:25:00,SHORT,27154,27215.5115,0,0.335,144.15,true
591,2026-04-28 07:40:00,SHORT,27143.5,27191.1355,2,0.305,144.15,true
594,2026-04-28 08:00:00,SHORT,27095.75,27157.25025,1,0.169,-125.00,false
587,2026-04-28 08:30:00,SHORT,27067,27131.151,3,0.009,-130.30,false
587,2026-04-28 08:55:00,LONG,27149,27056.599,0,0.294,144.15,true
594,2026-04-28 09:00:00,LONG,27141.5,27083.99975,1,0.109,-117.00,false
591,2026-04-28 09:50:00,LONG,27171.25,27128.6145,2,0.182,-87.27,false
591,2026-04-28 10:40:00,SHORT,27102.75,27208.8855,1,0.266,144.15,true
594,2026-04-28 10:45:00,SHORT,27047.5,27188.50025,3,0.108,-284.00,false
587,2026-04-28 11:10:00,SHORT,27087,27153.401,1,0.221,144.15,true
604,2026-04-28 11:30:00,SHORT,27013.25,27110.0115,6,0.011,-195.52,false
586,2026-04-28 11:35:00,SHORT,27042.75,27106.901,4,0.095,-130.30,false
586,2026-04-28 12:25:00,LONG,27070.5,27017.349,1,2.415,144.15,true
604,2026-04-28 13:35:00,LONG,27109.5,27044.4885,3,2.303,144.15,true
587,2026-04-28 13:45:00,LONG,27122.5,27075.099,3,2.266,144.15,true
594,2026-04-28 14:20:00,LONG,27178.25,27105.74975,1,0.672,144.15,true
591,2026-04-28 14:50:00,LONG,27192.5,27132.8645,0,0.356,144.15,true
605,2026-04-28 15:10:00,LONG,27207.25,27166.2385,3,0.001,-84.02,false
605,2026-04-28 15:50:00,SHORT,27166,27214.5115,0,0.053,-99.02,false
605,2026-04-28 18:05:00,LONG,27224,27150.2385,0,0.277,138.49,true
592,2026-04-28 18:10:00,LONG,27224,27177.8645,5,0.277,138.49,true
610,2026-04-28 20:05:00,LONG,27268.5,27216.75975,3,0.076,-105.48,false
595,2026-04-28 20:15:00,LONG,27267.5,27230.99975,3,0.079,-75.00,false
595,2026-04-28 21:15:00,SHORT,27227.25,27273.25025,1,0.010,-94.00,false
610,2026-04-28 21:15:00,SHORT,27227.25,27272.74025,0,0.010,-92.98,false
610,2026-04-28 21:45:00,LONG,27256,27217.00975,1,0.182,-79.98,false
595,2026-04-28 22:15:00,LONG,27274,27216.49975,0,0.128,-117.00,false
611,2026-04-28 23:25:00,LONG,27288,27259.25975,7,0.087,-59.48,false
611,2026-04-29 03:20:00,SHORT,27260.25,27291.74025,7,0.404,138.49,true
595,2026-04-29 03:50:00,SHORT,27225,27276.50025,3,0.080,-105.00,false
610,2026-04-29 04:10:00,SHORT,27209,27268.24025,1,0.033,-120.48,false
610,2026-04-29 05:15:00,LONG,27267.5,27198.75975,1,0.062,-139.48,false
595,2026-04-29 06:25:00,LONG,27281.5,27216.49975,6,0.021,-132.00,false
595,2026-04-29 08:10:00,SHORT,27237.75,27292.25025,6,0.337,138.49,true
610,2026-04-29 08:55:00,SHORT,27225.75,27258.24025,5,0.301,138.49,true
609,2026-04-29 09:35:00,SHORT,27183.5,27252.49025,14,0.083,-139.98,false
592,2026-04-29 09:40:00,SHORT,27180.5,27234.8855,12,0.074,-110.77,false
605,2026-04-29 09:45:00,SHORT,27180.25,27225.0115,3,0.010,-91.52,false
605,2026-04-29 10:20:00,LONG,27243.75,27169.9885,0,0.213,138.49,true
592,2026-04-29 10:25:00,LONG,27269,27171.3645,1,0.138,-197.27,false
609,2026-04-29 10:30:00,LONG,27285.75,27171.00975,1,0.088,-231.48,false
610,2026-04-29 10:30:00,LONG,27285.75,27196.75975,2,0.088,-179.98,false
595,2026-04-29 10:35:00,LONG,27303.5,27201.49975,5,0.025,-206.00,false
611,2026-04-29 10:40:00,LONG,27305.5,27231.75975,7,0.019,-149.48,false
611,2026-04-29 11:15:00,SHORT,27258.5,27316.24025,1,0.312,138.49,true
595,2026-04-29 12:25:00,SHORT,27202.25,27298.25025,2,0.145,-194.00,false
610,2026-04-29 12:30:00,SHORT,27164.75,27263.99025,2,0.028,-200.48,false
609,2026-04-29 12:35:00,SHORT,27188,27263.99025,2,0.089,-153.98,false
609,2026-04-29 13:55:00,LONG,27249.5,27187.50975,3,0.022,-125.98,false
610,2026-04-29 15:00:00,LONG,27284.75,27163.75975,5,0.384,138.49,true
595,2026-04-29 15:05:00,LONG,27282,27232.49975,3,0.392,138.49,true
596,2026-04-29 15:20:00,LONG,27319,27256.24975,16,0.282,138.49,true
611,2026-04-29 15:20:00,LONG,27319,27245.50975,2,0.282,138.49,true
596,2026-04-29 16:15:00,SHORT,27158,27421.25025,1,0.028,-528.50,false
611,2026-04-29 16:50:00,SHORT,27207.25,27305.74025,3,0.174,-198.98,false
595,2026-04-29 16:55:00,SHORT,27148.75,27303.00025,3,0.000,-310.50,false
595,2026-04-29 18:15:00,LONG,27494,27199.74975,0,0.405,130.52,true
596,2026-04-29 18:15:00,LONG,27494,27199.74975,2,0.405,130.52,true
611,2026-04-29 18:15:00,LONG,27494,27200.25975,0,0.405,130.52,true
597,2026-04-29 18:20:00,LONG,27476.5,27295.74975,4,0.460,130.52,true
598,2026-04-29 18:20:00,LONG,27476.5,27295.74975,3,0.460,130.52,true
599,2026-04-29 18:20:00,LONG,27476.5,27295.74975,2,0.460,130.52,true
606,2026-04-29 18:20:00,LONG,27476.5,27295.9885,1,0.460,130.52,true
600,2026-04-29 18:25:00,LONG,27467.75,27367.24975,2,0.488,130.52,true
601,2026-04-29 18:25:00,LONG,27467.75,27367.24975,1,0.488,130.52,true
602,2026-04-29 18:25:00,LONG,27467.75,27367.24975,5,0.488,130.52,true
603,2026-04-29 18:50:00,LONG,27481,27419.99975,0,0.446,130.52,true
613,2026-04-29 19:45:00,LONG,27520.5,27465.1425,4,0.322,130.52,true
603,2026-04-29 22:45:00,SHORT,27400.25,27523.75025,3,0.676,130.52,true
613,2026-04-29 22:45:00,SHORT,27400.25,27522.8575,0,0.676,130.52,true
602,2026-04-29 23:20:00,SHORT,27418,27460.75025,2,0.732,130.52,true
600,2026-04-30 00:10:00,SHORT,27338.75,27425.25025,3,0.483,130.52,true
601,2026-04-30 00:10:00,SHORT,27338.75,27439.50025,7,0.483,130.52,true
599,2026-04-30 00:15:00,SHORT,27308.25,27417.75025,1,0.387,130.52,true
606,2026-04-30 00:15:00,SHORT,27308.25,27417.5115,0,0.387,130.52,true
598,2026-04-30 00:20:00,SHORT,27298.25,27392.25025,0,0.355,130.52,true
597,2026-04-30 00:25:00,SHORT,27297.75,27392.25025,0,0.354,130.52,true
596,2026-04-30 00:40:00,SHORT,27267.75,27353.00025,0,0.260,130.52,true
611,2026-04-30 00:45:00,SHORT,27267,27306.24025,1,0.112,-80.48,false
611,2026-04-30 01:15:00,LONG,27286,27226.75975,1,0.034,-120.48,false
611,2026-04-30 01:55:00,SHORT,27223.75,27303.49025,1,0.121,-161.48,false
595,2026-04-30 02:05:00,SHORT,27207,27279.75025,4,0.068,-147.50,false
610,2026-04-30 02:10:00,SHORT,27211.5,27261.49025,6,0.033,-101.98,false
610,2026-04-30 02:40:00,LONG,27270.25,27205.25975,0,0.880,130.52,true
595,2026-04-30 03:00:00,LONG,27295,27226.74975,0,0.802,130.52,true
611,2026-04-30 03:10:00,LONG,27324.75,27245.25975,1,0.709,130.52,true
596,2026-04-30 03:15:00,LONG,27310,27262.49975,3,0.755,130.52,true
597,2026-04-30 03:40:00,LONG,27359.75,27316.74975,1,0.599,130.52,true
598,2026-04-30 04:40:00,LONG,27383.75,27335.74975,4,0.038,-98.00,false
606,2026-04-30 04:45:00,LONG,27388,27352.2385,3,0.024,-73.52,false
606,2026-04-30 05:20:00,SHORT,27337.75,27402.7615,0,0.006,-132.02,false
599,2026-04-30 06:25:00,LONG,27418,27348.74975,7,0.415,130.52,true
606,2026-04-30 06:25:00,LONG,27418,27361.2385,1,0.046,-115.52,false
600,2026-04-30 07:15:00,LONG,27440,27364.24975,6,0.346,130.52,true
601,2026-04-30 07:25:00,LONG,27487.75,27374.24975,3,0.196,-229.00,false
602,2026-04-30 07:30:00,LONG,27479.25,27404.74975,5,0.223,130.52,true
603,2026-04-30 07:35:00,LONG,27469.25,27427.74975,0,0.254,130.52,true
603,2026-04-30 08:00:00,SHORT,27451.75,27477.75025,0,0.043,-54.00,false
603,2026-04-30 08:20:00,LONG,27527.75,27430.74975,0,0.070,-196.00,false
613,2026-04-30 08:25:00,LONG,27539.75,27453.1425,2,0.032,-175.21,false
613,2026-04-30 09:40:00,SHORT,27345.25,27520.6075,1,0.573,130.52,true
598,2026-04-30 09:45:00,SHORT,27323.75,27498.75025,6,0.505,130.52,true
599,2026-04-30 09:45:00,SHORT,27323.75,27498.75025,2,0.505,130.52,true
600,2026-04-30 09:45:00,SHORT,27323.75,27498.75025,0,0.505,130.52,true
601,2026-04-30 09:45:00,SHORT,27323.75,27498.75025,0,0.505,130.52,true
602,2026-04-30 09:45:00,SHORT,27323.75,27498.75025,2,0.505,130.52,true
603,2026-04-30 09:45:00,SHORT,27323.75,27498.75025,1,0.505,130.52,true
606,2026-04-30 09:45:00,SHORT,27323.75,27498.5115,3,0.505,130.52,true
597,2026-04-30 09:55:00,SHORT,27245.75,27498.75025,4,0.260,130.52,true
596,2026-04-30 10:00:00,SHORT,27288.25,27372.50025,2,0.393,130.52,true
611,2026-04-30 10:20:00,SHORT,27241.25,27307.74025,2,0.220,130.52,true
595,2026-04-30 10:25:00,SHORT,27228.25,27308.25025,1,0.179,-162.00,false
595,2026-04-30 10:55:00,LONG,27359.5,27167.74975,1,2.543,130.52,true
596,2026-04-30 11:00:00,LONG,27379.25,27235.99975,1,2.495,130.52,true
611,2026-04-30 11:00:00,LONG,27379.25,27236.50975,1,2.495,130.52,true
597,2026-04-30 11:05:00,LONG,27403.75,27265.74975,0,2.440,130.52,true
598,2026-04-30 11:10:00,LONG,27401.75,27329.74975,0,2.468,130.52,true
599,2026-04-30 11:15:00,LONG,27397.75,27329.74975,0,2.481,130.52,true
606,2026-04-30 11:15:00,LONG,27397.75,27329.9885,0,2.481,130.52,true
600,2026-04-30 12:20:00,LONG,27406.5,27348.99975,2,0.056,-117.00,false
601,2026-04-30 13:15:00,LONG,27440,27362.24975,4,2.354,130.52,true
602,2026-04-30 13:30:00,LONG,27483.5,27396.99975,3,2.402,130.52,true
603,2026-04-30 13:40:00,LONG,27498,27434.24975,1,2.356,130.52,true
613,2026-04-30 13:45:00,LONG,27511.75,27455.1425,0,2.313,130.52,true
614,2026-04-30 20:35:00,LONG,27630.5,27593.6425,10,0.135,-75.71,false
618,2026-04-30 21:30:00,LONG,27652,27612.73875,4,0.069,-80.52,false
618,2026-05-01 01:55:00,SHORT,27616.75,27650.01125,3,0.247,133.72,true
614,2026-05-01 02:35:00,SHORT,27601.75,27636.8575,6,0.201,-72.21,false
614,2026-05-01 09:35:00,LONG,27770,27601.1425,3,2.655,133.72,true
618,2026-05-01 09:40:00,LONG,27788.25,27600.98875,1,2.599,133.72,true
619,2026-05-01 09:45:00,LONG,27782.75,27611.23875,0,2.615,133.72,true
620,2026-05-01 10:10:00,LONG,27889.5,27782.98875,0,0.049,-215.02,false
620,2026-05-01 11:00:00,SHORT,27795.25,27879.76125,0,0.044,-171.02,false
620,2026-05-01 11:25:00,LONG,27863,27782.23875,0,0.166,-163.52,false
620,2026-05-01 14:50:00,SHORT,27811.75,27852.51125,6,0.010,-83.52,false
620,2026-05-01 15:15:00,LONG,27870,27811.48875,0,0.094,-119.02,false
620,2026-05-01 16:20:00,SHORT,27795.25,27887.51125,0,0.121,-186.52,false
626,2026-05-03 19:20:00,SHORT,27823,27863.72175,3,0.073,-83.44,false
620,2026-05-03 19:25:00,SHORT,27821.75,27852.01125,2,0.069,-62.52,false
620,2026-05-03 20:40:00,LONG,27863.75,27814.48875,2,0.328,127.69,true
626,2026-05-03 20:40:00,LONG,27863.75,27814.77825,2,0.328,127.69,true
627,2026-05-03 20:55:00,LONG,27892.75,27840.02825,7,0.235,127.69,true
628,2026-05-03 21:20:00,LONG,27886,27852.27825,4,0.256,127.69,true
629,2026-05-03 21:45:00,LONG,27912,27866.27825,4,0.173,-93.44,false
621,2026-05-03 23:00:00,LONG,27938,27892.48875,7,0.089,-93.02,false
621,2026-05-04 02:40:00,SHORT,27884.75,27932.01125,3,0.032,-96.52,false
621,2026-05-04 03:20:00,LONG,27940,27886.98875,0,0.036,-108.02,false
621,2026-05-04 04:10:00,SHORT,27887.5,27944.26125,0,0.882,127.69,true
629,2026-05-04 06:10:00,SHORT,27700.25,27930.97175,9,0.122,-463.44,false
620,2026-05-04 06:15:00,SHORT,27687,27903.51125,0,0.080,-435.02,false
623,2026-05-04 06:15:00,SHORT,27687,27903.22175,0,0.080,-434.44,false
624,2026-05-04 06:15:00,SHORT,27687,27903.22175,0,0.080,-434.44,false
625,2026-05-04 06:15:00,SHORT,27687,27903.22175,5,0.080,-434.44,false
626,2026-05-04 06:15:00,SHORT,27687,27903.22175,0,0.080,-434.44,false
627,2026-05-04 06:15:00,SHORT,27687,27903.22175,2,0.080,-434.44,false
628,2026-05-04 06:15:00,SHORT,27687,27903.22175,5,0.080,-434.44,false
619,2026-05-04 06:20:00,SHORT,27715.25,27791.26125,1,0.005,-154.02,false
619,2026-05-04 06:40:00,LONG,27828,27707.23875,0,0.363,127.69,true
623,2026-05-04 06:40:00,LONG,27828,27707.52825,0,0.363,127.69,true
624,2026-05-04 06:45:00,LONG,27830.5,27736.52825,0,0.355,127.69,true
625,2026-05-04 06:45:00,LONG,27830.5,27736.52825,0,0.355,127.69,true
620,2026-05-04 08:10:00,LONG,27856,27791.48875,6,0.082,-131.02,false
626,2026-05-04 08:10:00,LONG,27856,27815.27825,6,0.082,-83.44,false
627,2026-05-04 10:00:00,LONG,27871,27818.27825,6,0.225,127.69,true
628,2026-05-04 10:40:00,LONG,27926.5,27844.77825,6,0.047,-165.44,false
629,2026-05-04 10:45:00,LONG,27930.25,27857.77825,3,0.034,-146.94,false
621,2026-05-04 10:50:00,LONG,27928.5,27874.98875,6,0.023,-109.02,false
621,2026-05-04 11:10:00,SHORT,27854.5,27942.26125,0,0.776,127.69,true
629,2026-05-04 11:15:00,SHORT,27782.75,27941.97175,0,0.546,127.69,true
628,2026-05-04 11:20:00,SHORT,27726,27907.97175,1,0.363,127.69,true
620,2026-05-04 11:25:00,SHORT,27776.25,27897.01125,4,0.525,127.69,true
626,2026-05-04 11:25:00,SHORT,27776.25,27896.72175,8,0.525,127.69,true
627,2026-05-04 11:25:00,SHORT,27776.25,27896.72175,3,0.525,127.69,true
624,2026-05-04 11:30:00,SHORT,27755.75,27873.97175,4,0.459,127.69,true
625,2026-05-04 11:30:00,SHORT,27755.75,27873.97175,4,0.459,127.69,true
623,2026-05-04 11:55:00,SHORT,27734.75,27789.97175,1,0.391,127.69,true
619,2026-05-04 12:10:00,SHORT,27656.5,27778.01125,3,0.087,-245.02,false
619,2026-05-04 13:25:00,LONG,27794,27697.48875,2,3.699,127.69,true
623,2026-05-04 13:30:00,LONG,27774.75,27733.77825,0,0.141,-83.94,false
623,2026-05-04 14:45:00,SHORT,27746,27795.72175,2,0.063,-101.44,false
623,2026-05-04 15:35:00,LONG,27775.5,27737.77825,1,0.059,-77.44,false
623,2026-05-04 16:15:00,SHORT,27743.25,27787.22175,2,0.014,-89.94,false
623,2026-05-04 18:15:00,LONG,27773.25,27745.27825,1,0.025,-57.94,false
623,2026-05-04 18:55:00,SHORT,27753.5,27782.47175,0,0.069,-59.94,false
623,2026-05-04 21:00:00,LONG,27779.75,27751.77825,5,3.698,129.32,true
624,2026-05-04 21:20:00,LONG,27809.25,27770.52825,10,3.605,129.32,true
633,2026-05-04 21:20:00,LONG,27809.25,27751.69975,4,3.605,129.32,true
625,2026-05-04 22:30:00,LONG,27836.75,27784.52825,2,3.517,129.32,true
620,2026-05-04 23:55:00,LONG,27841,27812.23875,2,3.504,129.32,true
626,2026-05-05 00:10:00,LONG,27847,27825.77825,1,0.011,-44.44,false
626,2026-05-05 01:05:00,SHORT,27831.5,27856.72175,1,0.021,-52.44,false
626,2026-05-05 01:55:00,LONG,27852.75,27818.77825,0,0.066,-69.94,false
626,2026-05-05 02:25:00,SHORT,27829.5,27858.97175,0,0.002,-60.94,false
626,2026-05-05 02:45:00,LONG,27862.75,27822.77825,0,3.435,129.32,true
627,2026-05-05 03:00:00,LONG,27894.75,27845.27825,2,3.333,129.32,true
628,2026-05-05 03:05:00,LONG,27890.25,27857.77825,2,3.347,129.32,true
629,2026-05-05 04:15:00,LONG,27922.25,27873.27825,2,3.246,129.32,true
621,2026-05-05 04:20:00,LONG,27923.25,27893.73875,1,3.243,129.32,true
634,2026-05-05 08:15:00,LONG,27986.25,27906.94975,10,3.813,129.32,true
630,2026-05-05 08:20:00,LONG,27987.5,27926.52825,3,3.809,129.32,true
635,2026-05-05 08:20:00,LONG,27987.5,27926.44975,0,3.809,129.32,true
636,2026-05-05 11:20:00,LONG,28123,28081.44975,5,3.792,129.32,true
643,2026-05-05 19:05:00,LONG,28359,28290.922,0,0.086,-138.16,false
643,2026-05-05 20:20:00,SHORT,28282.75,28361.078,0,0.114,-158.66,false
643,2026-05-06 01:50:00,LONG,28346.25,28319.672,2,0.075,-55.16,false
643,2026-05-06 02:50:00,SHORT,28325,28362.578,0,0.056,-77.16,false
643,2026-05-06 04:05:00,LONG,28351.5,28310.172,2,3.449,124.69,true
644,2026-05-06 05:05:00,LONG,28418.25,28358.672,3,0.711,124.69,true
645,2026-05-06 05:25:00,LONG,28466.25,28410.172,1,0.553,124.69,true
645,2026-05-06 09:15:00,SHORT,28400.25,28463.828,2,0.211,124.69,true
645,2026-05-06 09:55:00,LONG,28469,28416.922,1,0.044,-106.16,false
649,2026-05-07 01:45:00,LONG,28720,28689.8555,4,0.732,126.08,true
650,2026-05-07 03:00:00,LONG,28738.75,28703.8555,2,0.247,126.08,true
651,2026-05-07 03:20:00,LONG,28768.25,28728.6055,2,0.151,-81.29,false
651,2026-05-07 05:05:00,SHORT,28730,28766.3945,2,0.129,-74.79,false
650,2026-05-07 06:15:00,SHORT,28707.75,28742.1445,4,0.011,-70.79,false
650,2026-05-07 06:45:00,LONG,28738,28698.3555,0,0.673,126.08,true
651,2026-05-07 10:05:00,LONG,28832.5,28718.8555,8,0.365,126.08,true
652,2026-05-07 10:20:00,LONG,28863.75,28790.1055,1,0.264,126.08,true
652,2026-05-07 12:05:00,SHORT,28746.75,28857.1445,0,0.670,126.08,true
650,2026-05-07 12:20:00,SHORT,28711,28764.6445,10,0.002,-109.29,false
651,2026-05-07 12:20:00,SHORT,28711,28794.3945,0,0.553,126.08,true
649,2026-05-07 13:05:00,SHORT,28683.5,28741.3945,12,0.428,126.08,true
648,2026-05-07 18:10:00,SHORT,28627.25,28673.3945,12,0.080,-94.29,false
648,2026-05-07 19:50:00,LONG,28668.25,28621.8555,3,2.607,127.82,true
649,2026-05-07 20:40:00,LONG,28734.75,28687.3555,5,2.393,127.82,true
650,2026-05-07 21:05:00,LONG,28760.25,28702.3555,9,2.311,127.82,true
651,2026-05-07 21:15:00,LONG,28767.5,28720.1055,4,0.047,-96.79,false
654,2026-05-08 01:40:00,LONG,28811.25,28773.022,2,2.148,127.82,true
652,2026-05-08 03:55:00,LONG,28828,28777.3555,2,2.094,127.82,true
655,2026-05-08 05:10:00,LONG,28883,28844.522,3,0.045,-78.96,false
655,2026-05-08 05:55:00,SHORT,28852.25,28880.478,0,0.003,-58.46,false
655,2026-05-08 06:30:00,LONG,28874.5,28845.022,0,0.050,-60.96,false
653,2026-05-08 08:40:00,LONG,28961,28871.3555,6,0.003,-181.29,false
653,2026-05-08 09:15:00,SHORT,28879.75,28944.3945,0,0.065,-131.29,false
653,2026-05-08 09:45:00,LONG,29066.25,28853.3555,0,1.329,127.82,true
656,2026-05-08 09:55:00,LONG,29107.25,28935.272,2,1.197,127.82,true
659,2026-05-10 18:15:00,SHORT,29250.5,29326.53875,0,0.037,-154.08,false
658,2026-05-10 18:20:00,SHORT,29257.25,29326.53875,0,0.011,-140.58,false
658,2026-05-10 19:05:00,LONG,29334.25,29260.21125,1,0.200,-150.08,false
659,2026-05-10 19:10:00,LONG,29321.5,29267.71125,0,0.239,134.29,true
660,2026-05-10 20:15:00,LONG,29362,29296.96125,3,0.115,-132.08,false
661,2026-05-10 20:30:00,LONG,29398.5,29327.71125,0,0.004,-143.58,false
660,2026-05-10 21:05:00,SHORT,29284.75,29374.53875,0,0.066,-181.58,false
661,2026-05-10 21:05:00,SHORT,29284.75,29374.53875,0,0.066,-181.58,false
659,2026-05-11 04:35:00,SHORT,29275.75,29321.03875,9,0.008,-92.58,false
659,2026-05-11 05:10:00,LONG,29315.25,29266.71125,0,0.226,134.29,true
660,2026-05-11 07:25:00,LONG,29372.25,29294.21125,16,0.051,-158.08,false
660,2026-05-11 08:15:00,SHORT,29293,29359.78875,1,0.103,-135.58,false
660,2026-05-11 09:45:00,LONG,29365,29274.96125,0,0.161,-182.08,false
661,2026-05-11 09:45:00,LONG,29365,29274.96125,11,0.161,-182.08,false
662,2026-05-11 11:30:00,LONG,29420.5,29353.21125,7,0.182,-136.58,false
663,2026-05-11 11:35:00,LONG,29424,29353.21125,8,0.171,-143.58,false
664,2026-05-11 12:00:00,LONG,29473.5,29404.21125,2,0.020,-140.58,false
664,2026-05-11 12:50:00,SHORT,29408,29475.03875,0,0.094,-136.08,false
664,2026-05-11 13:40:00,LONG,29467.5,29409.96125,1,0.028,-117.08,false
664,2026-05-11 15:05:00,SHORT,29424.75,29460.53875,1,2.088,134.29,true
663,2026-05-11 15:30:00,SHORT,29386.75,29426.03875,4,0.047,-80.58,false
663,2026-05-11 18:10:00,LONG,29427.5,29369.71125,3,0.089,-117.58,false
664,2026-05-11 18:45:00,LONG,29450.25,29410.71125,3,0.012,-81.08,false
664,2026-05-11 20:10:00,SHORT,29393.25,29451.53875,2,2.041,131.02,true
663,2026-05-11 20:30:00,SHORT,29391.25,29434.78875,0,2.035,131.02,true
662,2026-05-11 21:20:00,SHORT,29339.25,29408.03875,9,1.872,131.02,true
667,2026-05-11 21:25:00,SHORT,29316.5,29391.13175,3,1.800,131.02,true
661,2026-05-11 21:30:00,SHORT,29302.5,29373.03875,7,1.757,131.02,true
660,2026-05-11 21:35:00,SHORT,29259.25,29373.03875,4,1.621,131.02,true
659,2026-05-12 01:40:00,SHORT,29274.5,29323.28875,13,1.669,131.02,true
658,2026-05-12 02:15:00,SHORT,29272.75,29304.78875,19,1.663,131.02,true
666,2026-05-12 07:15:00,SHORT,29142.5,29223.38175,8,0.092,-163.76,false
666,2026-05-12 08:45:00,LONG,29208.25,29106.61825,1,0.275,131.02,true
666,2026-05-12 10:05:00,SHORT,29136.75,29258.13175,3,1.237,131.02,true
665,2026-05-12 10:40:00,SHORT,29082,29198.88175,6,1.066,131.02,true
656,2026-05-12 11:20:00,SHORT,28884.5,29030.728,0,0.447,131.02,true
657,2026-05-12 11:20:00,SHORT,28884.5,29081.03875,1,0.447,131.02,true
653,2026-05-12 12:00:00,SHORT,28888.5,28946.3945,2,0.459,131.02,true
655,2026-05-12 12:35:00,SHORT,28812.5,28892.228,7,0.221,131.02,true
652,2026-05-12 12:50:00,SHORT,28753.5,28852.6445,1,0.035,-200.29,false
654,2026-05-12 12:55:00,SHORT,28749,28835.978,2,0.000,-175.96,false
654,2026-05-12 13:15:00,LONG,28873.25,28742.772,0,2.848,131.02,true
652,2026-05-12 13:20:00,LONG,28909.75,28786.3555,0,2.734,131.02,true
655,2026-05-12 13:30:00,LONG,28921.5,28832.022,0,2.697,131.02,true
653,2026-05-12 14:05:00,LONG,28917.25,28873.3555,3,2.710,131.02,true
656,2026-05-12 14:40:00,LONG,28979.25,28951.272,0,0.009,-57.96,false
657,2026-05-12 15:25:00,LONG,29047.5,28984.46125,0,2.302,131.02,true
665,2026-05-12 18:15:00,LONG,29181.25,29127.11825,2,0.017,-110.26,false
665,2026-05-12 19:10:00,SHORT,29136.75,29174.88175,0,0.247,135.33,true
665,2026-05-12 21:10:00,LONG,29183.25,29127.86825,4,0.801,135.33,true
671,2026-05-12 21:35:00,LONG,29189.25,29135.6615,2,0.782,135.33,true
666,2026-05-12 21:50:00,LONG,29227.5,29166.11825,7,0.666,135.33,true
672,2026-05-12 23:35:00,LONG,29258,29196.6615,4,0.574,135.33,true
658,2026-05-13 01:30:00,LONG,29295,29268.96125,2,0.461,135.33,true
659,2026-05-13 02:20:00,LONG,29315.5,29278.46125,6,0.399,135.33,true
660,2026-05-13 03:55:00,LONG,29370.25,29315.46125,8,0.233,135.33,true
661,2026-05-13 04:05:00,LONG,29401.25,29315.46125,2,0.139,-173.58,false
667,2026-05-13 04:10:00,LONG,29423.25,29343.11825,2,0.072,-162.26,false
662,2026-05-13 04:15:00,LONG,29429,29362.96125,0,0.055,-134.08,false
663,2026-05-13 04:20:00,LONG,29433.25,29374.46125,1,0.042,-119.58,false
663,2026-05-13 05:15:00,SHORT,29377.25,29424.03875,1,0.032,-95.58,false
663,2026-05-13 05:45:00,LONG,29408,29369.46125,0,0.056,-79.08,false
663,2026-05-13 06:30:00,SHORT,29374.5,29426.53875,1,0.909,135.33,true
662,2026-05-13 07:10:00,SHORT,29366.75,29407.28875,2,0.886,135.33,true
661,2026-05-13 08:40:00,SHORT,29248,29381.53875,5,0.525,135.33,true
667,2026-05-13 08:40:00,SHORT,29248,29384.38175,7,0.525,135.33,true
658,2026-05-13 08:45:00,SHORT,29242,29367.28875,4,0.507,135.33,true
659,2026-05-13 08:45:00,SHORT,29242,29367.28875,2,0.507,135.33,true
660,2026-05-13 08:45:00,SHORT,29242,29367.28875,2,0.507,135.33,true
672,2026-05-13 09:45:00,SHORT,29136.75,29295.0885,2,0.124,-318.68,false
666,2026-05-13 10:10:00,SHORT,29172.75,29232.13175,2,0.071,-120.76,false
666,2026-05-13 10:30:00,LONG,29274.5,29143.11825,0,1.541,135.33,true
672,2026-05-13 10:35:00,LONG,29239.5,29155.1615,1,1.647,135.33,true
658,2026-05-13 11:05:00,LONG,29331.75,29250.71125,3,1.367,135.33,true
659,2026-05-13 11:05:00,LONG,29331.75,29250.71125,2,1.367,135.33,true
660,2026-05-13 12:15:00,LONG,29382.25,29292.71125,4,1.213,135.33,true
661,2026-05-13 12:15:00,LONG,29382.25,29292.71125,2,1.213,135.33,true
667,2026-05-13 12:20:00,LONG,29430.75,29326.86825,1,1.066,135.33,true
662,2026-05-13 12:30:00,LONG,29440,29357.46125,4,1.038,135.33,true
663,2026-05-13 12:30:00,LONG,29440,29367.46125,3,1.038,135.33,true
664,2026-05-13 13:00:00,LONG,29470.25,29369.71125,1,0.946,135.33,true
668,2026-05-13 13:10:00,LONG,29488,29432.36825,6,0.892,135.33,true
675,2026-05-13 18:55:00,LONG,29590.25,29553.06625,3,0.307,137.32,true
676,2026-05-13 20:50:00,LONG,29679.75,29643.06625,0,0.040,-75.37,false
676,2026-05-13 21:45:00,SHORT,29626.75,29689.43375,1,0.534,137.32,true
675,2026-05-13 23:45:00,SHORT,29534.75,29593.18375,2,0.062,-118.87,false
675,2026-05-14 00:40:00,LONG,29582.25,29545.56625,0,0.049,-75.37,false
675,2026-05-14 01:20:00,SHORT,29558.5,29590.18375,1,0.037,-65.37,false
675,2026-05-14 02:00:00,LONG,29619.75,29553.31625,1,0.063,-134.87,false
675,2026-05-14 05:20:00,SHORT,29550.75,29596.18375,2,0.307,137.32,true
675,2026-05-14 09:50:00,LONG,29609.25,29533.56625,8,0.046,-153.37,false
676,2026-05-14 10:50:00,LONG,29699,29617.06625,2,0.248,137.32,true
676,2026-05-14 13:25:00,SHORT,29648,29713.18375,2,0.034,-132.37,false
676,2026-05-14 13:45:00,LONG,29726.5,29630.06625,0,0.078,-194.87,false
680,2026-05-14 19:35:00,LONG,29725,29699.03125,4,0.007,-53.94,false
680,2026-05-14 19:55:00,SHORT,29687.5,29733.96875,0,3.050,138.05,true
679,2026-05-14 21:10:00,SHORT,29657,29718.71875,4,2.959,138.05,true
676,2026-05-14 21:15:00,SHORT,29644.75,29698.18375,10,2.922,138.05,true
675,2026-05-14 22:00:00,SHORT,29537.5,29590.93375,3,0.130,-108.87,false
675,2026-05-14 23:00:00,LONG,29577.25,29540.81625,0,0.048,-74.87,false
675,2026-05-15 00:10:00,SHORT,29549.25,29593.68375,1,2.638,138.05,true
678,2026-05-15 00:55:00,SHORT,29462.5,29543.71875,4,2.380,138.05,true
674,2026-05-15 01:05:00,SHORT,29409.75,29523.43375,4,2.223,138.05,true
668,2026-05-15 01:15:00,SHORT,29421,29485.88175,5,0.986,138.05,true
664,2026-05-15 01:40:00,SHORT,29357,29466.03875,0,0.324,138.05,true
662,2026-05-15 01:45:00,SHORT,29322.25,29446.28875,0,0.221,138.05,true
663,2026-05-15 01:45:00,SHORT,29322.25,29446.28875,0,0.221,138.05,true
661,2026-05-15 01:55:00,SHORT,29282.5,29389.03875,0,0.103,-215.08,false
667,2026-05-15 01:55:00,SHORT,29282.5,29388.88175,0,0.103,-214.76,false
660,2026-05-15 02:00:00,SHORT,29315.75,29366.78875,0,0.155,-104.08,false
660,2026-05-15 02:45:00,LONG,29409.25,29291.71125,2,0.179,-237.08,false
661,2026-05-15 02:45:00,LONG,29409.25,29291.71125,2,0.179,-237.08,false
667,2026-05-15 02:50:00,LONG,29381.25,29291.86825,0,0.262,138.05,true
662,2026-05-15 03:05:00,LONG,29408.25,29361.21125,0,0.182,-96.08,false
663,2026-05-15 03:10:00,LONG,29461.5,29374.46125,1,0.023,-176.08,false
664,2026-05-15 03:20:00,LONG,29443.25,29395.71125,0,0.048,-97.08,false
664,2026-05-15 03:40:00,SHORT,29393.75,29465.78875,0,0.905,138.05,true
663,2026-05-15 04:10:00,SHORT,29341.75,29437.78875,0,0.750,138.05,true
662,2026-05-15 04:15:00,SHORT,29301.25,29419.53875,2,0.630,138.05,true
667,2026-05-15 04:15:00,SHORT,29301.25,29419.38175,0,0.630,138.05,true
661,2026-05-15 04:20:00,SHORT,29307,29419.53875,0,0.647,138.05,true
660,2026-05-15 04:25:00,SHORT,29228,29368.03875,1,0.152,-282.08,false
659,2026-05-15 04:55:00,SHORT,29264.25,29316.03875,7,0.260,138.05,true
658,2026-05-15 05:00:00,SHORT,29268,29307.53875,5,0.271,138.05,true
677,2026-05-15 05:50:00,SHORT,29220.75,29269.46875,2,0.062,-99.44,false
677,2026-05-15 06:20:00,LONG,29295.75,29193.28125,1,0.237,138.05,true
658,2026-05-15 06:55:00,LONG,29328.25,29238.46125,3,0.080,-181.58,false
659,2026-05-15 06:55:00,LONG,29328.25,29238.46125,3,0.080,-181.58,false
658,2026-05-15 08:05:00,SHORT,29225.5,29324.78875,1,0.404,138.05,true
659,2026-05-15 08:05:00,SHORT,29225.5,29324.78875,2,0.404,138.05,true
677,2026-05-15 08:15:00,SHORT,29207.75,29262.21875,0,0.194,-110.94,false
672,2026-05-15 08:20:00,SHORT,29212.75,29262.0885,6,0.209,138.05,true
666,2026-05-15 08:40:00,SHORT,29159.25,29220.63175,4,0.050,-124.76,false
671,2026-05-15 08:45:00,SHORT,29153,29205.8385,4,0.001,-107.68,false
673,2026-05-15 08:45:00,SHORT,29153,29205.93375,3,0.001,-107.87,false
671,2026-05-15 09:25:00,LONG,29278,29145.9115,0,0.039,-266.18,false
673,2026-05-15 09:25:00,LONG,29278,29154.56625,1,0.039,-248.87,false
666,2026-05-15 09:30:00,LONG,29254,29160.86825,2,0.007,-188.26,false
672,2026-05-15 10:20:00,LONG,29340.25,29139.9115,2,0.436,138.05,true
677,2026-05-15 10:20:00,LONG,29340.25,29139.78125,4,0.436,138.05,true
658,2026-05-15 10:40:00,LONG,29347,29186.71125,2,0.416,138.05,true
659,2026-05-15 10:40:00,LONG,29347,29186.71125,1,0.416,138.05,true
658,2026-05-15 11:55:00,SHORT,29281.25,29351.03875,4,0.089,-141.58,false
659,2026-05-15 11:55:00,SHORT,29281.25,29351.03875,4,0.089,-141.58,false
658,2026-05-15 12:35:00,LONG,29333.5,29261.46125,1,0.456,138.05,true
659,2026-05-15 12:35:00,LONG,29333.5,29261.46125,1,0.456,138.05,true
660,2026-05-15 13:15:00,LONG,29366.25,29305.46125,11,0.359,138.05,true
661,2026-05-15 13:20:00,LONG,29402,29313.21125,8,0.252,138.05,true
667,2026-05-15 13:30:00,LONG,29441.5,29334.86825,5,0.135,-215.26,false
662,2026-05-15 13:35:00,LONG,29439.25,29353.21125,2,0.141,-174.08,false
663,2026-05-15 13:35:00,LONG,29439.25,29353.21125,0,0.141,-174.08,false
664,2026-05-15 14:05:00,LONG,29469.75,29405.46125,1,0.047,-130.58,false
664,2026-05-15 14:30:00,SHORT,29340.5,29478.78875,0,2.017,138.05,true
663,2026-05-15 14:40:00,SHORT,29376,29438.53875,2,2.122,138.05,true
662,2026-05-15 15:10:00,SHORT,29322,29413.53875,2,1.179,138.05,true
661,2026-05-15 15:15:00,SHORT,29301.5,29404.78875,2,1.118,138.05,true
667,2026-05-15 15:15:00,SHORT,29301.5,29404.63175,3,1.118,138.05,true
660,2026-05-15 15:20:00,SHORT,29288.5,29370.03875,1,1.079,138.05,true
659,2026-05-15 16:00:00,SHORT,29173,29346.78875,2,0.735,138.05,true
658,2026-05-15 16:05:00,SHORT,29127.75,29306.78875,3,0.601,138.05,true
677,2026-05-15 16:05:00,SHORT,29127.75,29306.96875,2,0.601,138.05,true
672,2026-05-15 16:10:00,SHORT,29154.75,29306.8385,1,0.681,138.05,true
666,2026-05-15 16:15:00,SHORT,29171.25,29240.13175,3,0.182,-139.76,false
673,2026-05-15 16:15:00,SHORT,29171.25,29240.43375,2,0.182,-140.37,false
666,2026-05-17 18:10:00,LONG,29252,29103.61825,0,0.066,-298.76,false
672,2026-05-17 18:15:00,LONG,29247.25,29103.4115,0,0.079,-289.68,false
673,2026-05-17 18:15:00,LONG,29247.25,29103.31625,3,0.079,-289.87,false
677,2026-05-17 18:15:00,LONG,29247.25,29103.28125,0,0.079,-289.94,false
677,2026-05-17 19:10:00,SHORT,29190.75,29264.21875,1,0.772,141.00,true
672,2026-05-17 19:15:00,SHORT,29175,29255.0885,2,0.726,141.00,true
666,2026-05-17 19:25:00,SHORT,29140,29224.63175,1,0.624,141.00,true
671,2026-05-17 19:30:00,SHORT,29154,29201.8385,4,0.665,141.00,true
673,2026-05-17 19:30:00,SHORT,29154,29201.93375,1,0.665,141.00,true
665,2026-05-17 19:45:00,SHORT,29141.75,29193.13175,14,0.629,141.00,true
685,2026-05-17 20:05:00,SHORT,28974.75,29165.3605,3,0.142,-383.22,false
684,2026-05-17 20:10:00,SHORT,29012.75,29151.8605,1,0.253,141.00,true
670,2026-05-17 20:15:00,SHORT,28997.5,29151.5885,4,0.208,141.00,true
683,2026-05-17 20:15:00,SHORT,28997.5,29151.8605,1,0.208,141.00,true
657,2026-05-17 20:40:00,SHORT,28950.5,29072.28875,1,0.071,-245.58,false
656,2026-05-17 21:25:00,SHORT,28958.25,29029.478,8,0.094,-144.46,false
656,2026-05-17 21:55:00,LONG,29023.25,28943.772,1,1.156,141.00,true
657,2026-05-17 22:25:00,LONG,29090,28988.46125,3,0.961,141.00,true
683,2026-05-17 22:30:00,LONG,29064.25,28988.1395,2,1.036,141.00,true
683,2026-05-17 22:55:00,SHORT,29010.75,29072.1105,0,0.020,-124.72,false
683,2026-05-18 00:10:00,LONG,29100,29016.1395,1,0.048,-169.72,false
670,2026-05-18 00:15:00,LONG,29101.5,29047.4115,3,0.000,-110.18,false
670,2026-05-18 00:35:00,SHORT,29030.25,29106.8385,0,0.116,-155.18,false
683,2026-05-18 00:35:00,SHORT,29030.25,29107.1105,0,0.116,-155.72,false
683,2026-05-18 01:10:00,LONG,29065,29022.1395,0,0.000,-87.72,false
683,2026-05-18 02:10:00,SHORT,29040,29081.8605,3,0.144,-85.72,false
683,2026-05-18 02:55:00,LONG,29111.5,29020.1395,1,0.899,141.00,true
670,2026-05-18 03:00:00,LONG,29119,29058.6615,4,0.380,141.00,true
684,2026-05-18 03:05:00,LONG,29108,29058.3895,5,0.412,141.00,true
685,2026-05-18 04:10:00,LONG,29166.75,29097.3895,2,0.241,141.00,true
665,2026-05-18 04:15:00,LONG,29162.5,29115.36825,4,0.253,141.00,true
666,2026-05-18 04:35:00,LONG,29208.75,29154.11825,1,0.118,-111.26,false
671,2026-05-18 04:35:00,LONG,29208.75,29153.9115,2,0.118,-111.68,false
673,2026-05-18 04:35:00,LONG,29208.75,29153.81625,2,0.118,-111.87,false
666,2026-05-18 06:10:00,SHORT,29139.5,29219.63175,4,0.255,141.00,true
665,2026-05-18 06:15:00,SHORT,29140,29202.13175,0,0.257,141.00,true
671,2026-05-18 06:15:00,SHORT,29140,29202.3385,1,0.257,141.00,true
673,2026-05-18 06:15:00,SHORT,29140,29202.43375,2,0.257,141.00,true
685,2026-05-18 06:40:00,SHORT,29118.75,29157.3605,2,0.195,-79.22,false
665,2026-05-18 07:45:00,LONG,29197.25,29081.11825,2,0.649,141.00,true
685,2026-05-18 07:45:00,LONG,29197.25,29080.6395,3,0.649,141.00,true
671,2026-05-18 07:50:00,LONG,29180,29111.1615,0,0.699,141.00,true
673,2026-05-18 08:10:00,LONG,29219.5,29111.06625,0,0.584,141.00,true
666,2026-05-18 08:30:00,LONG,29244.25,29151.61825,1,0.512,141.00,true
672,2026-05-18 08:45:00,LONG,29388.75,29180.4115,7,0.090,-418.68,false
677,2026-05-18 08:45:00,LONG,29388.75,29180.28125,4,0.090,-418.94,false
658,2026-05-18 08:50:00,LONG,29393.25,29236.71125,0,0.077,-315.08,false
686,2026-05-18 08:50:00,LONG,29393.25,29236.3895,4,0.077,-315.72,false
659,2026-05-18 08:55:00,LONG,29408,29253.96125,0,0.032,-310.08,false
687,2026-05-18 08:55:00,LONG,29408,29253.6395,0,0.032,-310.72,false
660,2026-05-18 09:00:00,LONG,29378.5,29306.46125,1,0.061,-146.08,false
661,2026-05-18 09:00:00,LONG,29378.5,29306.46125,0,0.061,-146.08,false
667,2026-05-18 09:00:00,LONG,29378.5,29306.61825,0,0.061,-145.76,false
660,2026-05-18 09:40:00,SHORT,29166.5,29387.78875,0,1.468,141.00,true
661,2026-05-18 09:40:00,SHORT,29166.5,29387.78875,2,1.468,141.00,true
667,2026-05-18 09:40:00,SHORT,29166.5,29387.63175,2,1.468,141.00,true
658,2026-05-18 09:45:00,SHORT,29158.5,29362.78875,0,1.445,141.00,true
659,2026-05-18 09:45:00,SHORT,29158.5,29362.78875,0,1.445,141.00,true
687,2026-05-18 09:45:00,SHORT,29158.5,29363.1105,0,1.445,141.00,true
686,2026-05-18 10:05:00,SHORT,29250.5,29315.6105,0,1.713,141.00,true
672,2026-05-18 10:35:00,SHORT,29059.75,29272.3385,3,1.157,141.00,true
677,2026-05-18 10:35:00,SHORT,29059.75,29272.46875,3,1.157,141.00,true
665,2026-05-18 10:40:00,SHORT,29087.75,29238.13175,2,1.238,141.00,true
666,2026-05-18 10:40:00,SHORT,29087.75,29238.13175,2,1.238,141.00,true
671,2026-05-18 10:40:00,SHORT,29087.75,29238.3385,3,1.238,141.00,true
673,2026-05-18 10:40:00,SHORT,29087.75,29238.43375,3,1.238,141.00,true
685,2026-05-18 10:40:00,SHORT,29087.75,29238.6105,2,1.238,141.00,true
684,2026-05-18 10:55:00,SHORT,29082.5,29182.6105,7,0.781,141.00,true
670,2026-05-18 11:15:00,SHORT,29007.75,29132.8385,7,0.563,141.00,true
683,2026-05-18 11:30:00,SHORT,29011.75,29076.6105,5,0.574,141.00,true
657,2026-05-18 12:30:00,SHORT,28909,29080.53875,15,0.275,141.00,true
656,2026-05-18 12:35:00,SHORT,28938.75,29080.228,4,0.361,141.00,true
656,2026-05-18 13:05:00,LONG,29015.5,28920.272,0,0.066,-192.46,false
656,2026-05-18 14:15:00,SHORT,28867.5,29026.728,3,0.154,-320.46,false
653,2026-05-18 14:30:00,SHORT,28885.5,28924.6445,2,0.206,-80.29,false
682,2026-05-18 14:55:00,SHORT,28840,28921.8605,2,0.007,-165.72,false
653,2026-05-18 15:15:00,LONG,28934.25,28831.6055,1,0.741,141.00,true
682,2026-05-18 15:15:00,LONG,28934.25,28830.8895,0,0.741,141.00,true
656,2026-05-18 15:45:00,LONG,29081,28907.022,2,0.313,141.00,true
657,2026-05-18 15:50:00,LONG,29107.75,28943.21125,7,0.235,141.00,true
683,2026-05-18 15:55:00,LONG,29098.75,29005.3895,3,0.262,141.00,true
670,2026-05-18 16:00:00,LONG,29081.75,29035.1615,2,0.311,141.00,true
684,2026-05-18 18:10:00,LONG,29118,29068.1395,6,0.197,-101.72,false
685,2026-05-18 18:30:00,LONG,29158,29109.6395,2,0.076,-98.72,false
665,2026-05-18 18:35:00,LONG,29170.5,29123.86825,1,0.041,-95.26,false
665,2026-05-18 20:00:00,SHORT,29096.25,29166.63175,5,0.027,-142.76,false
685,2026-05-18 21:00:00,SHORT,29062,29174.6105,2,1.117,146.89,true
684,2026-05-18 21:20:00,SHORT,28998.75,29144.8605,2,0.940,146.89,true
670,2026-05-18 21:25:00,SHORT,29022.5,29104.0885,5,0.385,146.89,true
683,2026-05-18 21:25:00,SHORT,29022.5,29104.3605,1,0.385,146.89,true
657,2026-05-18 22:10:00,SHORT,28962.75,29053.03875,1,0.218,146.89,true
656,2026-05-18 22:15:00,SHORT,28959.25,29018.728,0,0.041,-120.96,false
691,2026-05-18 22:15:00,SHORT,28959.25,29019.643,2,0.041,-122.79,false
656,2026-05-18 22:50:00,LONG,28983,28953.022,0,0.011,-61.96,false
691,2026-05-18 23:35:00,LONG,29026.75,28972.607,2,0.013,-110.29,false
691,2026-05-19 00:05:00,SHORT,28951.75,29023.893,0,0.187,-146.29,false
656,2026-05-19 00:15:00,SHORT,28929,28997.228,1,0.123,-138.46,false
656,2026-05-19 02:45:00,LONG,29004,28913.272,5,0.339,146.89,true
691,2026-05-19 03:00:00,LONG,29012.5,28958.607,1,0.316,146.89,true
657,2026-05-19 03:15:00,LONG,29060,28995.21125,3,0.183,-131.58,false
683,2026-05-19 03:45:00,LONG,29103.75,29004.1395,1,0.037,-201.22,false
670,2026-05-19 03:50:00,LONG,29104,29035.4115,3,0.036,-139.18,false
684,2026-05-19 03:55:00,LONG,29102.75,29061.8895,1,0.040,-83.72,false
684,2026-05-19 04:15:00,SHORT,29039.75,29123.8605,0,1.055,146.89,true
670,2026-05-19 04:20:00,SHORT,29005.5,29093.5885,0,0.959,146.89,true
683,2026-05-19 04:20:00,SHORT,29005.5,29093.8605,0,0.959,146.89,true
657,2026-05-19 04:35:00,SHORT,29007.75,29053.78875,1,0.574,146.89,true
691,2026-05-19 05:20:00,SHORT,28943.75,29031.893,1,0.395,146.89,true
656,2026-05-19 05:25:00,SHORT,28901.5,29000.228,1,0.276,146.89,true
653,2026-05-19 05:40:00,SHORT,28841.5,28950.1445,4,0.006,-219.29,false
653,2026-05-19 07:05:00,LONG,28938.25,28870.1055,2,0.010,-138.29,false
653,2026-05-19 07:50:00,SHORT,28880.5,28938.6445,2,0.218,146.89,true
653,2026-05-19 08:50:00,LONG,28927,28885.6055,0,0.019,-84.79,false
653,2026-05-19 09:15:00,SHORT,28841.25,28939.8945,0,0.108,-199.29,false
653,2026-05-19 09:55:00,LONG,28938.75,28844.1055,0,0.015,-191.29,false
653,2026-05-19 10:15:00,SHORT,28709.75,28950.1445,0,0.131,-482.79,false
682,2026-05-19 10:15:00,SHORT,28709.75,28950.8605,9,0.131,-484.22,false
652,2026-05-19 10:20:00,SHORT,28728.5,28932.1445,2,0.150,-409.29,false
654,2026-05-19 10:20:00,SHORT,28728.5,28932.228,0,0.150,-409.46,false
655,2026-05-19 10:20:00,SHORT,28728.5,28932.228,13,0.150,-409.46,false
689,2026-05-19 10:20:00,SHORT,28728.5,28933.143,1,0.150,-411.29,false
690,2026-05-19 10:20:00,SHORT,28728.5,28933.143,9,0.150,-411.29,false
651,2026-05-19 10:25:00,SHORT,28711.75,28835.3945,7,0.103,-249.29,false
651,2026-05-19 11:05:00,LONG,28792.75,28688.8555,1,2.677,146.89,true
652,2026-05-19 11:45:00,LONG,28853.25,28751.6055,3,2.508,146.89,true
654,2026-05-19 11:45:00,LONG,28853.25,28751.522,3,2.508,146.89,true
689,2026-05-19 11:45:00,LONG,28853.25,28750.607,4,2.508,146.89,true
655,2026-05-19 12:30:00,LONG,28946.5,28808.022,4,0.504,146.89,true
682,2026-05-19 12:30:00,LONG,28946.5,28807.3895,2,0.504,146.89,true
690,2026-05-19 12:30:00,LONG,28946.5,28807.107,3,0.504,146.89,true
653,2026-05-19 12:40:00,LONG,28989,28869.6055,0,0.385,146.89,true
656,2026-05-19 12:50:00,LONG,29023.5,28918.022,2,0.288,146.89,true
691,2026-05-19 13:00:00,LONG,29054.75,28960.107,2,0.201,-191.29,false
657,2026-05-19 13:10:00,LONG,29073.75,28962.71125,4,0.148,-224.08,false
683,2026-05-19 13:15:00,LONG,29101.75,29004.1395,1,0.069,-197.22,false
670,2026-05-19 13:25:00,LONG,29082,29035.1615,1,0.104,-95.68,false
670,2026-05-19 14:25:00,SHORT,29023.5,29108.3385,2,0.633,146.89,true
683,2026-05-19 14:30:00,SHORT,29041,29088.6105,1,0.682,146.89,true
657,2026-05-19 15:00:00,SHORT,28977.5,29068.03875,2,0.505,146.89,true
691,2026-05-19 15:30:00,SHORT,28968.5,29066.893,2,0.479,146.89,true
656,2026-05-19 15:45:00,SHORT,28919.75,29018.228,1,0.158,-198.96,false
653,2026-05-19 18:45:00,SHORT,28898.5,28934.6445,4,0.031,-74.29,false
653,2026-05-19 19:05:00,LONG,28926.5,28881.1055,0,0.269,149.60,true
695,2026-05-19 19:20:00,LONG,28956.75,28896.727,2,0.186,-122.05,false
656,2026-05-19 19:40:00,LONG,28993.75,28947.522,1,0.005,-94.46,false
656,2026-05-19 20:05:00,SHORT,28880.75,29001.978,0,0.230,149.60,true
653,2026-05-19 20:15:00,SHORT,28825.25,28956.6445,0,0.050,-264.79,false
695,2026-05-19 20:15:00,SHORT,28825.25,28957.773,0,0.050,-267.05,false
655,2026-05-19 20:20:00,SHORT,28839,28931.228,1,0.010,-186.46,false
682,2026-05-19 20:20:00,SHORT,28839,28931.8605,3,0.010,-187.72,false
690,2026-05-19 20:20:00,SHORT,28839,28932.143,0,0.010,-188.29,false
694,2026-05-19 20:20:00,SHORT,28839,28932.273,3,0.010,-188.55,false
655,2026-05-19 20:40:00,LONG,28927.25,28829.022,0,2.917,149.60,true
682,2026-05-19 20:40:00,LONG,28927.25,28828.3895,0,2.917,149.60,true
690,2026-05-19 20:40:00,LONG,28927.25,28828.107,0,2.917,149.60,true
694,2026-05-19 20:40:00,LONG,28927.25,28827.977,0,2.917,149.60,true
653,2026-05-19 20:50:00,LONG,28959.5,28885.1055,0,0.069,-150.79,false
695,2026-05-19 20:55:00,LONG,28938.75,28890.727,1,0.126,-98.05,false
695,2026-05-19 21:40:00,SHORT,28904.5,28958.273,1,0.014,-109.55,false
695,2026-05-19 22:00:00,LONG,28973.75,28891.977,0,0.120,-165.55,false
656,2026-05-19 22:20:00,LONG,29001.25,28929.272,2,0.018,-145.96,false
656,2026-05-19 22:40:00,SHORT,28884.75,29013.978,0,0.126,-260.46,false
695,2026-05-19 22:45:00,SHORT,28880.5,28965.273,0,0.114,-171.55,false
653,2026-05-19 22:50:00,SHORT,28885.5,28964.1445,2,0.128,-159.29,false
694,2026-05-19 22:50:00,SHORT,28885.5,28965.273,3,0.128,-161.55,false
653,2026-05-20 00:10:00,LONG,28940.25,28875.8555,3,0.025,-130.79,false
694,2026-05-20 00:10:00,LONG,28940.25,28874.727,3,0.025,-133.05,false
653,2026-05-20 00:45:00,SHORT,28888.25,28937.8945,0,0.049,-101.29,false
653,2026-05-20 01:30:00,LONG,28953,28878.8555,0,2.865,149.60,true
695,2026-05-20 02:00:00,LONG,28968.25,28906.727,3,2.823,149.60,true
656,2026-05-20 02:25:00,LONG,29011.25,28950.272,2,2.705,149.60,true
691,2026-05-20 03:00:00,LONG,29030.25,28980.607,5,2.653,149.60,true
657,2026-05-20 03:05:00,LONG,29042.25,28991.46125,6,2.620,149.60,true
696,2026-05-20 03:05:00,LONG,29042.25,28990.727,4,2.620,149.60,true
683,2026-05-20 04:10:00,LONG,29080.25,29017.1395,6,0.315,149.60,true
670,2026-05-20 04:25:00,LONG,29092.75,29041.9115,2,0.210,149.60,true
684,2026-05-20 04:40:00,LONG,29117,29053.1395,4,0.144,-129.72,false
697,2026-05-20 06:10:00,LONG,29139.25,29093.477,2,0.051,-93.55,false
697,2026-05-20 07:05:00,SHORT,29107.5,29165.023,1,0.121,-117.05,false
697,2026-05-20 08:30:00,LONG,29166.75,29094.727,2,0.003,-146.05,false
685,2026-05-20 08:35:00,LONG,29140.25,29102.8895,10,0.020,-76.72,false
685,2026-05-20 09:05:00,SHORT,29109.75,29150.8605,1,0.146,-84.22,false
697,2026-05-20 09:05:00,SHORT,29109.75,29151.273,1,0.146,-85.05,false
685,2026-05-20 10:25:00,LONG,29209.75,29001.6395,2,2.159,149.60,true
697,2026-05-20 10:25:00,LONG,29209.75,29001.227,4,2.159,149.60,true
665,2026-05-20 10:35:00,LONG,29202.25,29068.11825,12,2.180,149.60,true
666,2026-05-20 10:40:00,LONG,29223.75,29111.11825,4,2.121,149.60,true
671,2026-05-20 10:40:00,LONG,29223.75,29110.9115,8,2.121,149.60,true
673,2026-05-20 10:40:00,LONG,29223.75,29110.81625,4,2.121,149.60,true
672,2026-05-20 11:05:00,LONG,29257.5,29181.9115,3,0.385,149.60,true
677,2026-05-20 11:15:00,LONG,29323.5,29168.53125,2,0.203,-311.94,false
692,2026-05-20 11:20:00,LONG,29314.5,29227.357,2,0.122,-176.29,false
686,2026-05-20 11:30:00,LONG,29326.75,29248.1395,5,0.088,-159.22,false
658,2026-05-20 11:40:00,LONG,29319.75,29248.46125,2,0.107,-144.58,false
659,2026-05-20 11:40:00,LONG,29319.75,29248.46125,2,0.107,-144.58,false
687,2026-05-20 11:55:00,LONG,29331.5,29282.1395,1,0.016,-100.72,false
687,2026-05-20 12:20:00,SHORT,29239,29344.3605,0,0.080,-212.72,false
658,2026-05-20 12:25:00,SHORT,29235.75,29325.53875,0,0.041,-181.58,false
659,2026-05-20 12:25:00,SHORT,29235.75,29335.53875,0,0.041,-201.58,false
686,2026-05-20 12:30:00,SHORT,29232.5,29307.3605,0,0.028,-151.72,false
692,2026-05-20 12:30:00,SHORT,29232.5,29307.643,0,0.028,-152.29,false
692,2026-05-20 13:20:00,LONG,29271.75,29215.107,0,0.346,149.60,true
686,2026-05-20 13:35:00,LONG,29307,29222.1395,2,0.249,149.60,true
658,2026-05-20 13:45:00,LONG,29300.25,29256.21125,2,0.267,149.60,true
659,2026-05-20 14:10:00,LONG,29307.25,29268.71125,4,0.248,149.60,true
687,2026-05-20 15:20:00,LONG,29343.75,29295.3895,7,0.148,-98.72,false
660,2026-05-20 15:45:00,LONG,29358.75,29306.71125,5,0.107,-106.08,false
660,2026-05-20 16:45:00,SHORT,29299.5,29385.53875,3,0.513,149.60,true
687,2026-05-20 16:45:00,SHORT,29299.5,29385.8605,1,0.513,149.60,true
658,2026-05-20 18:00:00,SHORT,29221,29327.03875,8,0.293,151.82,true
659,2026-05-20 18:00:00,SHORT,29221,29327.03875,6,0.293,151.82,true
672,2026-05-20 18:15:00,SHORT,29145.25,29285.0885,5,0.072,-281.68,false
677,2026-05-20 18:15:00,SHORT,29145.25,29285.21875,4,0.072,-281.94,false
686,2026-05-20 18:15:00,SHORT,29145.25,29285.3605,2,0.072,-282.22,false
692,2026-05-20 18:15:00,SHORT,29145.25,29285.643,2,0.072,-282.79,false
701,2026-05-20 18:15:00,SHORT,29145.25,29285.87975,0,0.072,-283.26,false
666,2026-05-20 18:20:00,SHORT,29146.5,29236.38175,1,0.004,-181.76,false
671,2026-05-20 18:20:00,SHORT,29146.5,29236.5885,1,0.004,-182.18,false
673,2026-05-20 18:20:00,SHORT,29146.5,29236.68375,1,0.004,-182.37,false
700,2026-05-20 18:20:00,SHORT,29146.5,29237.37975,0,0.004,-183.76,false
671,2026-05-20 18:40:00,LONG,29183.75,29138.4115,0,0.761,151.82,true
666,2026-05-20 19:10:00,LONG,29205.25,29163.86825,2,0.703,151.82,true
673,2026-05-20 19:10:00,LONG,29205.25,29163.56625,1,0.703,151.82,true
666,2026-05-20 19:30:00,SHORT,29180.5,29213.13175,0,0.026,-67.26,false
666,2026-05-20 20:10:00,LONG,29208.5,29172.36825,0,0.031,-74.26,false
700,2026-05-20 20:50:00,LONG,29230.25,29164.62025,4,0.635,151.82,true
672,2026-05-20 21:10:00,LONG,29281,29197.9115,2,0.497,151.82,true
701,2026-05-20 21:10:00,LONG,29281,29194.62025,2,0.497,151.82,true
677,2026-05-20 21:15:00,LONG,29265.5,29215.03125,1,0.472,151.82,true
692,2026-05-20 21:15:00,LONG,29265.5,29214.607,0,0.472,151.82,true
686,2026-05-20 21:40:00,LONG,29314.5,29233.6395,0,0.339,151.82,true
658,2026-05-20 22:05:00,LONG,29335.5,29256.21125,1,0.283,151.82,true
659,2026-05-20 22:10:00,LONG,29332,29280.96125,2,0.292,151.82,true
687,2026-05-20 22:10:00,LONG,29332,29274.1395,1,0.292,151.82,true
702,2026-05-20 22:10:00,LONG,29332,29280.12025,1,0.292,151.82,true
660,2026-05-20 23:25:00,LONG,29359.75,29318.71125,3,0.217,151.82,true
661,2026-05-21 00:10:00,LONG,29383.25,29329.21125,7,0.153,-110.08,false
667,2026-05-21 00:10:00,LONG,29383.25,29344.36825,10,0.153,-79.76,false
662,2026-05-21 00:45:00,LONG,29400,29367.71125,7,0.108,-66.58,false
663,2026-05-21 01:05:00,LONG,29412.25,29373.96125,8,0.042,-78.58,false
663,2026-05-21 01:50:00,SHORT,29371.25,29431.78875,0,0.464,151.82,true
662,2026-05-21 01:55:00,SHORT,29368,29402.78875,1,0.455,151.82,true
661,2026-05-21 02:50:00,SHORT,29293.75,29379.03875,4,0.254,151.82,true
667,2026-05-21 02:50:00,SHORT,29293.75,29378.88175,3,0.254,151.82,true
660,2026-05-21 02:55:00,SHORT,29300.25,29357.78875,2,0.272,151.82,true
687,2026-05-21 02:55:00,SHORT,29300.25,29358.1105,3,0.272,151.82,true
702,2026-05-21 02:55:00,SHORT,29300.25,29358.62975,1,0.272,151.82,true
659,2026-05-21 03:10:00,SHORT,29230.75,29328.28875,1,0.079,-197.08,false
658,2026-05-21 03:15:00,SHORT,29229.25,29311.53875,1,0.007,-166.58,false
686,2026-05-21 03:20:00,SHORT,29258.5,29311.8605,0,0.038,-108.72,false
686,2026-05-21 03:45:00,LONG,29298,29237.6395,0,0.451,151.82,true
658,2026-05-21 03:55:00,LONG,29321.25,29264.96125,0,0.388,151.82,true
659,2026-05-21 04:00:00,LONG,29348.25,29264.96125,0,0.315,151.82,true
702,2026-05-21 04:05:00,LONG,29370.5,29289.62025,1,0.255,151.82,true
687,2026-05-21 04:10:00,LONG,29432,29290.1395,0,0.088,-285.72,false
660,2026-05-21 04:15:00,LONG,29395.25,29304.71125,0,0.093,-183.08,false
661,2026-05-21 04:15:00,LONG,29395.25,29304.71125,0,0.093,-183.08,false
667,2026-05-21 04:20:00,LONG,29389.25,29337.86825,0,0.110,-104.76,false
662,2026-05-21 05:15:00,LONG,29399.75,29360.46125,6,0.081,-80.58,false
663,2026-05-21 05:30:00,LONG,29410,29366.21125,4,0.014,-89.58,false
663,2026-05-21 05:50:00,SHORT,29382.5,29421.78875,0,0.692,151.82,true
662,2026-05-21 06:30:00,SHORT,29288.5,29412.28875,0,0.438,151.82,true
661,2026-05-21 06:35:00,SHORT,29220,29390.78875,2,0.252,151.82,true
667,2026-05-21 06:35:00,SHORT,29220,29390.63175,4,0.252,151.82,true
659,2026-05-21 06:40:00,SHORT,29252,29376.03875,0,0.339,151.82,true
660,2026-05-21 06:40:00,SHORT,29252,29376.03875,0,0.339,151.82,true
687,2026-05-21 06:40:00,SHORT,29252,29376.3605,0,0.339,151.82,true
702,2026-05-21 06:40:00,SHORT,29252,29376.87975,0,0.339,151.82,true
658,2026-05-21 06:45:00,SHORT,29236.25,29376.03875,0,0.296,151.82,true
686,2026-05-21 06:50:00,SHORT,29249.5,29303.6105,1,0.205,-110.22,false
692,2026-05-21 08:50:00,SHORT,29224.75,29288.643,9,0.138,-129.79,false
672,2026-05-21 09:15:00,SHORT,29203.75,29274.5885,8,0.081,-143.68,false
677,2026-05-21 09:15:00,SHORT,29203.75,29274.71875,8,0.081,-143.94,false
672,2026-05-21 10:05:00,LONG,29321,29181.4115,2,0.007,-281.18,false
677,2026-05-21 10:05:00,LONG,29321,29181.28125,2,0.007,-281.44,false
686,2026-05-21 10:05:00,LONG,29321,29181.1395,7,0.007,-281.72,false
692,2026-05-21 10:05:00,LONG,29321,29180.857,3,0.007,-282.29,false
686,2026-05-21 10:25:00,SHORT,29190,29330.6105,0,0.138,-283.22,false
692,2026-05-21 10:25:00,SHORT,29190,29330.893,0,0.138,-283.79,false
672,2026-05-21 10:30:00,SHORT,29196.5,29283.3385,0,0.156,-175.68,false
677,2026-05-21 10:30:00,SHORT,29196.5,29283.46875,0,0.156,-175.94,false
701,2026-05-21 10:30:00,SHORT,29196.5,29284.12975,10,0.156,-177.26,false
672,2026-05-21 11:25:00,LONG,29234.75,29132.4115,2,2.396,151.82,true
701,2026-05-21 11:25:00,LONG,29234.75,29131.62025,2,2.396,151.82,true
677,2026-05-21 11:50:00,LONG,29286.25,29169.53125,3,2.256,151.82,true
692,2026-05-21 11:50:00,LONG,29286.25,29169.107,5,2.256,151.82,true
686,2026-05-21 12:10:00,LONG,29275.25,29236.6395,1,0.020,-79.22,false
686,2026-05-21 12:45:00,SHORT,29232.5,29289.3605,0,0.067,-115.72,false
686,2026-05-21 13:15:00,LONG,29412,29251.3895,0,2.025,151.82,true
658,2026-05-21 13:25:00,LONG,29412.75,29276.71125,7,2.023,151.82,true
659,2026-05-21 13:25:00,LONG,29412.75,29276.71125,7,2.023,151.82,true
660,2026-05-21 13:25:00,LONG,29412.75,29276.71125,1,2.023,151.82,true
661,2026-05-21 13:25:00,LONG,29412.75,29276.71125,0,2.023,151.82,true
662,2026-05-21 13:25:00,LONG,29412.75,29276.71125,0,2.023,151.82,true
667,2026-05-21 13:25:00,LONG,29412.75,29276.86825,0,2.023,151.82,true
687,2026-05-21 13:25:00,LONG,29412.75,29276.3895,3,2.023,151.82,true
702,2026-05-21 13:25:00,LONG,29412.75,29275.87025,3,2.023,151.82,true
663,2026-05-21 13:30:00,LONG,29436.25,29328.71125,2,0.319,151.82,true
664,2026-05-21 13:45:00,LONG,29500.5,29395.21125,6,0.145,-212.58,false
688,2026-05-21 13:45:00,LONG,29500.5,29400.3895,2,0.145,-202.22,false
668,2026-05-21 13:50:00,LONG,29541.25,29400.86825,5,0.035,-282.76,false
703,2026-05-21 13:50:00,LONG,29541.25,29426.62025,2,0.035,-231.26,false
674,2026-05-21 13:55:00,LONG,29497.25,29452.81625,3,0.066,-90.87,false
674,2026-05-21 14:35:00,SHORT,29442.75,29496.43375,1,0.405,151.82,true
703,2026-05-21 14:35:00,SHORT,29442.75,29497.12975,1,0.405,151.82,true
668,2026-05-21 14:55:00,SHORT,29337,29484.38175,2,0.005,-296.76,false
662,2026-05-21 15:00:00,SHORT,29375.25,29472.28875,0,0.083,-196.08,false
663,2026-05-21 15:00:00,SHORT,29375.25,29472.28875,0,0.083,-196.08,false
664,2026-05-21 15:00:00,SHORT,29375.25,29472.28875,2,0.083,-196.08,false
688,2026-05-21 15:00:00,SHORT,29375.25,29472.6105,3,0.083,-196.72,false
662,2026-05-21 15:20:00,LONG,29424.25,29337.96125,0,1.992,151.82,true
663,2026-05-21 15:20:00,LONG,29424.25,29337.96125,0,1.992,151.82,true
664,2026-05-21 16:10:00,LONG,29458,29392.46125,4,1.900,151.82,true
688,2026-05-21 16:10:00,LONG,29458,29392.1395,1,1.900,151.82,true
668,2026-05-21 18:10:00,LONG,29512.75,29434.86825,1,1.763,150.84,true
703,2026-05-21 18:10:00,LONG,29512.75,29436.62025,5,0.416,150.84,true
674,2026-05-21 18:15:00,LONG,29504.5,29437.31625,2,0.438,150.84,true
705,2026-05-21 18:15:00,LONG,29504.5,29436.66725,0,0.438,150.84,true
678,2026-05-21 18:55:00,LONG,29537.75,29483.78125,4,0.348,150.84,true
706,2026-05-21 20:25:00,LONG,29572,29538.91725,3,0.086,-68.17,false
675,2026-05-21 20:40:00,LONG,29574.75,29540.56625,2,0.044,-70.37,false
675,2026-05-21 21:30:00,SHORT,29523.25,29582.43375,1,0.088,-120.37,false
706,2026-05-21 21:35:00,SHORT,29516,29579.83275,1,0.068,-129.67,false
706,2026-05-21 23:50:00,LONG,29570.5,29524.16725,4,0.258,150.84,true
675,2026-05-22 00:10:00,LONG,29584.5,29551.56625,1,0.059,-67.87,false
675,2026-05-22 02:05:00,SHORT,29549,29598.68375,3,0.055,-101.37,false
675,2026-05-22 02:45:00,LONG,29585.5,29539.56625,1,0.000,-93.87,false
675,2026-05-22 03:10:00,SHORT,29538,29592.18375,0,0.016,-110.37,false
706,2026-05-22 03:10:00,SHORT,29538,29575.83275,3,0.000,-77.67,false
706,2026-05-22 03:50:00,LONG,29569.25,29524.91725,1,0.262,150.84,true
675,2026-05-22 04:05:00,LONG,29595.5,29531.06625,1,0.190,-130.87,false
707,2026-05-22 04:25:00,LONG,29634.5,29585.66725,6,0.003,-99.67,false
707,2026-05-22 05:05:00,SHORT,29527.75,29642.83275,0,0.250,150.84,true
675,2026-05-22 05:10:00,SHORT,29508,29612.43375,0,0.196,-210.87,false
706,2026-05-22 05:15:00,SHORT,29520.5,29573.33275,0,0.230,150.84,true
678,2026-05-22 06:20:00,SHORT,29491.75,29533.96875,4,0.152,-86.44,false
705,2026-05-22 06:35:00,SHORT,29445.5,29511.83275,5,0.012,-134.67,false
674,2026-05-22 06:40:00,SHORT,29452.25,29500.68375,2,0.005,-98.87,false
703,2026-05-22 06:40:00,SHORT,29452.25,29501.37975,1,0.005,-100.26,false
674,2026-05-22 07:45:00,LONG,29512,29446.06625,2,2.365,150.84,true
703,2026-05-22 07:45:00,LONG,29512,29445.37025,1,2.365,150.84,true
705,2026-05-22 07:50:00,LONG,29506,29464.41725,2,2.381,150.84,true
678,2026-05-22 08:20:00,LONG,29555,29465.03125,0,2.247,150.84,true
675,2026-05-22 08:55:00,LONG,29593.75,29538.31625,2,0.332,150.84,true
706,2026-05-22 08:55:00,LONG,29593.75,29488.41725,1,2.142,150.84,true
707,2026-05-22 09:45:00,LONG,29631,29543.91725,1,0.038,-176.17,false
708,2026-05-22 09:45:00,LONG,29631,29543.91725,3,0.038,-176.17,false
707,2026-05-22 10:15:00,SHORT,29549.75,29649.33275,1,0.162,-201.17,false
708,2026-05-22 10:15:00,SHORT,29549.75,29649.33275,1,0.162,-201.17,false
707,2026-05-22 10:50:00,LONG,29627,29545.66725,0,0.333,150.84,true
708,2026-05-22 11:05:00,LONG,29691.75,29577.41725,0,0.156,-230.67,false
676,2026-05-22 11:15:00,LONG,29700,29637.81625,3,0.038,-126.37,false
676,2026-05-22 12:40:00,SHORT,29640.75,29687.93375,3,0.004,-96.37,false
676,2026-05-22 13:10:00,LONG,29696.75,29636.81625,0,0.143,-121.87,false
679,2026-05-22 13:35:00,LONG,29716.75,29638.28125,5,0.003,-158.94,false
679,2026-05-22 14:00:00,SHORT,29666.5,29715.71875,0,0.448,150.84,true
676,2026-05-22 14:35:00,SHORT,29654.25,29694.18375,3,0.415,150.84,true
708,2026-05-22 15:15:00,SHORT,29594.5,29671.83275,1,0.252,150.84,true
707,2026-05-22 15:25:00,SHORT,29551,29671.83275,0,0.133,-243.67,false
675,2026-05-22 15:55:00,SHORT,29552.75,29588.18375,5,0.138,-72.87,false
706,2026-05-22 16:40:00,SHORT,29529.25,29569.08275,8,0.026,-81.67,false
676,2026-05-24 18:15:00,LONG,29779.5,29669.56625,3,1.652,149.31,true
679,2026-05-24 18:15:00,LONG,29779.5,29669.53125,1,1.652,149.31,true
680,2026-05-24 18:15:00,LONG,29779.5,29669.53125,6,1.652,149.31,true
709,2026-05-24 18:15:00,LONG,29779.5,29668.99075,0,1.652,149.31,true
710,2026-05-24 18:15:00,LONG,29779.5,29668.99075,0,1.652,149.31,true
681,2026-05-24 18:40:00,LONG,29804.25,29747.78125,1,0.526,149.31,true
711,2026-05-24 23:05:00,LONG,29976,29908.49075,3,0.052,-137.02,false
712,2026-05-24 23:10:00,LONG,29965.25,29930.24075,2,0.082,-72.02,false
713,2026-05-25 00:50:00,LONG,29978,29930.24075,0,0.047,-97.52,false
713,2026-05-25 03:20:00,SHORT,29929.25,29992.25925,3,0.017,-128.02,false
711,2026-05-25 03:25:00,SHORT,29930,29974.25925,0,0.008,-90.52,false
712,2026-05-25 03:25:00,SHORT,29930,29974.25925,3,0.008,-90.52,false
711,2026-05-25 03:45:00,LONG,29964,29919.74075,0,0.082,-90.52,false
712,2026-05-25 03:45:00,LONG,29964,29919.74075,0,0.082,-90.52,false
712,2026-05-25 04:20:00,SHORT,29939.75,29981.75925,0,0.035,-86.02,false
712,2026-05-25 04:55:00,LONG,29962.75,29919.74075,0,0.085,-88.02,false
713,2026-05-25 07:00:00,LONG,29971.25,29940.99075,3,0.052,-62.52,false
713,2026-05-25 08:45:00,SHORT,29951.5,29989.25925,3,0.038,-77.52,false
713,2026-05-25 09:45:00,LONG,29980.75,29932.49075,1,0.036,-98.52,false
713,2026-05-25 10:20:00,SHORT,29949.25,29997.25925,0,0.565,149.31,true
712,2026-05-25 10:35:00,SHORT,29928.25,29977.25925,5,0.050,-100.02,false
711,2026-05-25 10:40:00,SHORT,29912.75,29964.75925,6,0.008,-106.02,false
716,2026-05-25 18:45:00,SHORT,29903.75,29943.68675,2,0.445,147.80,true
715,2026-05-25 21:05:00,SHORT,29803.25,29858.68675,2,0.165,-112.87,false
681,2026-05-26 03:35:00,SHORT,29763.5,29813.46875,2,0.024,-101.94,false
681,2026-05-26 04:45:00,LONG,29791.75,29758.78125,3,1.634,147.80,true
715,2026-05-26 05:50:00,LONG,29846,29808.06325,15,1.483,147.80,true
711,2026-05-26 09:55:00,LONG,30006.75,29844.74075,9,1.036,147.80,true
716,2026-05-26 09:55:00,LONG,30006.75,29844.81325,5,1.036,147.80,true
712,2026-05-26 10:00:00,LONG,29992.25,29906.74075,5,0.352,147.80,true
713,2026-05-26 10:05:00,LONG,30004,29906.74075,3,0.319,147.80,true
717,2026-05-26 10:10:00,LONG,30028.25,29941.81325,2,0.252,147.80,true
714,2026-05-26 10:15:00,LONG,30047,29941.74075,12,0.200,-212.52,false
714,2026-05-26 11:50:00,SHORT,29909.75,30036.75925,1,0.066,-256.02,false
713,2026-05-26 11:55:00,SHORT,29927.25,30014.75925,0,0.015,-177.02,false
717,2026-05-26 11:55:00,SHORT,29927.25,30000.18675,1,0.015,-147.87,false
713,2026-05-26 12:35:00,LONG,29994.75,29929.74075,2,1.069,147.80,true
717,2026-05-26 13:55:00,LONG,29996.75,29951.31325,4,1.064,147.80,true
714,2026-05-26 14:10:00,LONG,30025,29961.74075,4,0.985,147.80,true
718,2026-05-26 15:50:00,LONG,30098.25,30044.31325,1,0.005,-109.87,false
718,2026-05-26 16:10:00,SHORT,30057.5,30107.18675,0,0.081,-101.37,false
718,2026-05-26 19:55:00,LONG,30099.5,30062.81325,2,0.165,-75.37,false
721,2026-05-26 21:10:00,LONG,30146.75,30100.51375,2,0.035,-94.47,false
721,2026-05-26 23:55:00,SHORT,30097.25,30143.73625,3,0.115,-94.97,false
718,2026-05-27 02:40:00,SHORT,30072.75,30110.93675,7,0.019,-78.37,false
718,2026-05-27 03:15:00,LONG,30117,30069.06325,1,0.724,148.83,true
721,2026-05-27 04:05:00,LONG,30154,30097.51375,3,0.622,148.83,true
722,2026-05-27 04:25:00,LONG,30208.5,30134.76375,7,0.471,148.83,true
723,2026-05-27 04:30:00,LONG,30203.5,30159.01375,0,0.485,148.83,true
724,2026-05-27 07:10:00,LONG,30268.5,30220.51375,1,0.305,148.83,true
724,2026-05-27 09:20:00,SHORT,30216.75,30265.73625,1,1.254,148.83,true
723,2026-05-27 09:40:00,SHORT,29981.75,30230.48625,3,0.605,148.83,true
721,2026-05-27 09:45:00,SHORT,29997.75,30199.23625,0,0.649,148.83,true
722,2026-05-27 09:45:00,SHORT,29997.75,30199.23625,0,0.649,148.83,true
718,2026-05-27 09:50:00,SHORT,30026,30160.68675,0,0.727,148.83,true
714,2026-05-27 10:30:00,SHORT,29948.75,30064.50925,3,0.183,-233.52,false
720,2026-05-27 10:30:00,SHORT,29948.75,30106.48625,4,0.183,-317.47,false
717,2026-05-27 11:10:00,SHORT,29950.5,30011.68675,5,0.188,-124.37,false
713,2026-05-27 11:20:00,SHORT,29923.5,30011.75925,7,0.113,-178.52,false
711,2026-05-27 11:50:00,SHORT,29924,29978.00925,8,0.055,-110.02,false
712,2026-05-27 11:50:00,SHORT,29924,29978.00925,8,0.055,-110.02,false
712,2026-05-27 12:15:00,LONG,29988.5,29909.99075,0,0.165,-159.02,false
711,2026-05-27 12:20:00,LONG,30012.75,29919.99075,1,0.098,-187.52,false
713,2026-05-27 12:20:00,LONG,30012.75,29909.99075,1,0.098,-207.52,false
717,2026-05-27 12:20:00,LONG,30012.75,29920.06325,1,0.098,-187.37,false
714,2026-05-27 12:45:00,LONG,30046.5,29965.99075,3,0.005,-163.02,false
714,2026-05-27 13:05:00,SHORT,29898.5,30055.50925,0,0.006,-316.02,false
713,2026-05-27 13:15:00,SHORT,29944.25,30004.50925,0,0.013,-122.52,false
717,2026-05-27 13:15:00,SHORT,29944.25,30016.43675,1,0.013,-146.37,false
713,2026-05-27 14:00:00,LONG,29982.75,29934.99075,2,0.424,148.83,true
717,2026-05-27 14:15:00,LONG,30010.5,29955.81325,2,0.348,148.83,true
714,2026-05-27 14:25:00,LONG,30053.5,29959.24075,2,0.229,148.83,true
720,2026-05-27 14:35:00,LONG,30043.25,29999.76375,2,0.257,148.83,true
718,2026-05-27 16:30:00,LONG,30099.75,30051.31325,1,0.101,-98.87,false
728,2026-05-27 18:15:00,SHORT,30084.75,30143.58475,0,0.877,150.89,true
718,2026-05-27 18:35:00,SHORT,30047.75,30135.43675,0,0.776,150.89,true
727,2026-05-27 19:35:00,SHORT,30015,30078.58475,2,0.141,-129.17,false
726,2026-05-27 19:40:00,SHORT,30005,30087.33475,3,0.114,-166.67,false
720,2026-05-27 19:45:00,SHORT,29992,30048.98625,7,0.078,-115.97,false
720,2026-05-27 21:05:00,LONG,30049.75,29993.26375,0,0.081,-114.97,false
726,2026-05-27 21:05:00,LONG,30049.75,30015.91525,0,0.081,-69.67,false
727,2026-05-27 21:20:00,LONG,30066.75,30020.91525,0,0.035,-93.67,false
727,2026-05-27 22:15:00,SHORT,30014.75,30086.83475,2,0.686,150.89,true
726,2026-05-27 22:20:00,SHORT,30021,30086.83475,4,0.704,150.89,true
720,2026-05-27 22:35:00,SHORT,29995.75,30052.48625,2,0.635,150.89,true
714,2026-05-27 23:05:00,SHORT,29946.25,30020.50925,5,0.500,150.89,true
717,2026-05-27 23:10:00,SHORT,29939.5,30007.68675,4,0.481,150.89,true
713,2026-05-27 23:15:00,SHORT,29937.5,30003.50925,4,0.476,150.89,true
712,2026-05-27 23:20:00,SHORT,29927.25,29988.75925,3,0.448,150.89,true
711,2026-05-27 23:30:00,SHORT,29869.75,29988.75925,2,0.291,150.89,true
716,2026-05-27 23:40:00,SHORT,29802.75,29950.43675,9,0.108,-297.37,false
719,2026-05-27 23:45:00,SHORT,29829,29918.73625,5,0.180,-181.47,false
725,2026-05-27 23:45:00,SHORT,29829,29918.83475,0,0.180,-181.67,false
715,2026-05-28 00:05:00,SHORT,29818,29879.43675,2,0.150,-124.87,false
715,2026-05-28 01:35:00,LONG,29878.5,29796.56325,2,2.221,150.89,true
725,2026-05-28 01:55:00,LONG,29905,29826.66525,0,2.149,150.89,true
719,2026-05-28 02:00:00,LONG,29914.5,29864.26375,1,0.228,150.89,true
716,2026-05-28 03:10:00,LONG,29947,29885.81325,3,0.139,-124.37,false
711,2026-05-28 03:15:00,LONG,29955.25,29901.24075,2,0.117,-110.02,false
712,2026-05-28 04:10:00,LONG,29966,29918.49075,1,0.087,-97.02,false
713,2026-05-28 05:00:00,LONG,29980.75,29940.24075,4,0.033,-83.02,false
713,2026-05-28 06:15:00,SHORT,29932.5,29982.75925,2,0.188,-102.52,false
712,2026-05-28 06:25:00,SHORT,29934.75,29972.50925,3,0.194,-77.52,false
711,2026-05-28 06:40:00,SHORT,29913.5,29962.75925,5,0.136,-100.52,false
716,2026-05-28 07:00:00,SHORT,29895.25,29947.43675,1,0.065,-106.37,false
716,2026-05-28 08:05:00,LONG,29947.25,29886.31325,1,2.033,150.89,true
711,2026-05-28 08:35:00,LONG,30010.25,29917.74075,2,1.862,150.89,true
712,2026-05-28 08:40:00,LONG,30027,29927.49075,1,0.232,150.89,true
713,2026-05-28 08:45:00,LONG,30047.75,29944.99075,2,0.175,-207.52,false
714,2026-05-28 08:45:00,LONG,30047.75,29944.99075,2,0.175,-207.52,false
717,2026-05-28 08:45:00,LONG,30047.75,29945.06325,7,0.175,-207.37,false
720,2026-05-28 08:55:00,LONG,30056,29976.51375,0,0.153,-160.97,false
726,2026-05-28 09:00:00,LONG,30068,30012.66525,0,0.120,-112.67,false
720,2026-05-28 09:45:00,SHORT,29932,30119.23625,1,0.032,-376.47,false
726,2026-05-28 09:45:00,SHORT,29932,30119.33475,2,0.032,-376.67,false
714,2026-05-28 09:50:00,SHORT,29953.25,30033.00925,0,0.011,-161.52,false
717,2026-05-28 09:50:00,SHORT,29953.25,30032.93675,0,0.011,-161.37,false
717,2026-05-28 10:10:00,LONG,30161.25,29942.06325,0,1.505,150.89,true
714,2026-05-28 10:15:00,LONG,30142.75,29941.99075,0,1.556,150.89,true
720,2026-05-28 10:20:00,LONG,30092,29969.01375,0,1.694,150.89,true
726,2026-05-28 10:20:00,LONG,30092,29968.91525,0,1.694,150.89,true
727,2026-05-28 10:20:00,LONG,30092,29968.91525,3,1.694,150.89,true
718,2026-05-28 10:25:00,LONG,30147.5,29999.06325,6,1.543,150.89,true
728,2026-05-28 10:45:00,LONG,30142.25,30079.16525,2,1.557,150.89,true
721,2026-05-28 10:50:00,LONG,30169.25,30100.26375,4,1.483,150.89,true
729,2026-05-28 11:00:00,LONG,30232.25,30100.16525,3,1.312,150.89,true
722,2026-05-28 11:05:00,LONG,30234,30133.76375,4,1.307,150.89,true
723,2026-05-28 11:10:00,LONG,30221,30154.01375,1,1.342,150.89,true
724,2026-05-28 11:35:00,LONG,30282.5,30202.01375,1,1.175,150.89,true
730,2026-05-28 20:10:00,SHORT,30282.75,30328.30025,3,0.182,-93.10,false
730,2026-05-29 02:15:00,LONG,30329.5,30292.44975,4,0.058,-76.10,false
730,2026-05-29 03:40:00,SHORT,30278.75,30334.05025,1,0.006,-112.60,false
730,2026-05-29 05:05:00,LONG,30340.25,30284.69975,2,0.536,150.17,true
731,2026-05-29 07:10:00,LONG,30361.25,30322.19975,7,0.030,-80.10,false
731,2026-05-29 08:10:00,SHORT,30320.75,30373.80025,0,0.065,-108.10,false
731,2026-05-29 09:35:00,LONG,30429.25,30319.19975,0,0.292,150.17,true
733,2026-05-29 09:45:00,LONG,30486,30357.44975,0,0.137,-259.10,false
732,2026-05-29 09:50:00,LONG,30496.75,30362.44975,1,0.108,-270.60,false
734,2026-05-29 09:50:00,LONG,30496.75,30357.44975,0,0.108,-280.60,false
732,2026-05-29 10:45:00,SHORT,30301.75,30444.80025,1,0.020,-288.10,false
733,2026-05-29 10:45:00,SHORT,30301.75,30444.80025,1,0.020,-288.10,false
734,2026-05-29 10:50:00,SHORT,30340.5,30444.80025,1,0.014,-210.60,false
732,2026-05-29 11:20:00,LONG,30397.75,30327.94975,1,0.137,-141.60,false
733,2026-05-29 12:15:00,LONG,30413.25,30350.44975,3,0.094,-127.60,false
733,2026-05-29 13:25:00,SHORT,30368,30423.05025,1,0.211,150.17,true
732,2026-05-29 13:35:00,SHORT,30364.75,30411.30025,5,0.202,-95.10,false
731,2026-05-29 14:00:00,SHORT,30330.5,30377.80025,4,0.005,-96.60,false
731,2026-05-29 14:25:00,LONG,30379.5,30321.19975,0,0.062,-118.60,false
732,2026-05-29 15:40:00,LONG,30429,30347.19975,1,0.455,150.17,true
733,2026-05-29 15:45:00,LONG,30436,30374.44975,1,0.025,-125.10,false
733,2026-05-29 16:45:00,SHORT,30387,30417.80025,1,0.071,-63.60,false
733,2026-05-31 18:20:00,LONG,30428.25,30358.69975,1,0.460,149.47,true
734,2026-05-31 18:40:00,LONG,30453.5,30388.94975,10,0.390,149.47,true
740,2026-05-31 18:55:00,LONG,30455.5,30426.483,2,0.385,149.47,true
741,2026-05-31 20:00:00,LONG,30508.5,30448.233,2,0.239,149.47,true
742,2026-05-31 20:30:00,LONG,30534.5,30462.983,0,0.167,-145.03,false
735,2026-05-31 20:50:00,LONG,30547,30493.69975,1,0.133,-108.60,false
735,2026-06-01 03:35:00,SHORT,30506.75,30560.80025,5,0.592,149.47,true
742,2026-06-01 04:15:00,SHORT,30471.25,30523.767,1,0.495,149.47,true
741,2026-06-01 08:10:00,SHORT,30422.75,30492.767,6,0.021,-142.03,false
740,2026-06-01 08:15:00,SHORT,30432.5,30471.517,1,0.006,-80.03,false
740,2026-06-01 08:45:00,LONG,30475.25,30423.233,0,0.003,-106.03,false
732,2026-06-01 09:25:00,SHORT,30343,30463.30025,3,0.092,-242.60,false
733,2026-06-01 09:25:00,SHORT,30343,30463.30025,0,0.092,-242.60,false
734,2026-06-01 09:25:00,SHORT,30343,30463.30025,1,0.092,-242.60,false
739,2026-06-01 09:25:00,SHORT,30343,30463.267,2,0.092,-242.53,false
740,2026-06-01 09:25:00,SHORT,30343,30463.267,1,0.092,-242.53,false
732,2026-06-01 09:45:00,LONG,30427,30302.19975,0,0.067,-251.60,false
733,2026-06-01 09:45:00,LONG,30427,30302.19975,0,0.067,-251.60,false
739,2026-06-01 09:45:00,LONG,30427,30302.233,0,0.067,-251.53,false
732,2026-06-01 10:05:00,SHORT,30374.5,30458.80025,0,0.099,-170.60,false
733,2026-06-01 10:05:00,SHORT,30374.5,30458.80025,0,0.099,-170.60,false
732,2026-06-01 10:40:00,LONG,30420,30351.69975,1,0.751,149.47,true
733,2026-06-01 10:50:00,LONG,30431.25,30361.44975,1,0.720,149.47,true
734,2026-06-01 11:00:00,LONG,30432.5,30390.19975,4,0.717,149.47,true
740,2026-06-01 11:25:00,LONG,30479.5,30405.233,4,0.588,149.47,true
741,2026-06-01 11:30:00,LONG,30534.25,30437.483,3,0.437,149.47,true
742,2026-06-01 11:45:00,LONG,30508.5,30470.483,6,0.083,-78.03,false
735,2026-06-01 13:30:00,LONG,30576,30514.94975,4,0.322,149.47,true
735,2026-06-01 18:00:00,SHORT,30486,30581.30025,2,0.458,150.99,true
742,2026-06-01 18:15:00,SHORT,30475,30554.517,2,0.428,150.99,true
743,2026-06-01 18:15:00,SHORT,30475,30554.59,0,0.428,150.99,true
741,2026-06-01 18:35:00,SHORT,30450,30496.267,2,0.360,150.99,true
734,2026-06-01 20:20:00,SHORT,30390.25,30472.05025,1,0.198,-165.60,false
740,2026-06-01 20:20:00,SHORT,30390.25,30472.017,4,0.198,-165.53,false
733,2026-06-01 20:55:00,SHORT,30372.75,30429.55025,1,0.150,-115.60,false
732,2026-06-01 21:05:00,SHORT,30366.5,30409.55025,1,0.133,-88.10,false
739,2026-06-01 21:55:00,SHORT,30333.5,30398.017,4,0.043,-131.03,false
731,2026-06-01 22:05:00,SHORT,30324.25,30376.55025,6,0.007,-106.60,false
731,2026-06-01 22:25:00,LONG,30356,30314.44975,0,1.231,150.99,true
731,2026-06-01 23:25:00,SHORT,30323.75,30379.30025,0,0.014,-113.10,false
731,2026-06-01 23:55:00,LONG,30363.5,30313.19975,0,1.210,150.99,true
739,2026-06-02 00:30:00,LONG,30402,30346.233,2,1.106,150.99,true
732,2026-06-02 00:35:00,LONG,30406.75,30363.19975,7,1.093,150.99,true
733,2026-06-02 00:45:00,LONG,30427.75,30365.69975,2,1.035,150.99,true
734,2026-06-02 01:00:00,LONG,30434,30394.69975,1,1.018,150.99,true
740,2026-06-02 01:20:00,LONG,30469.5,30423.233,1,0.922,150.99,true
741,2026-06-02 01:40:00,LONG,30482,30441.483,5,0.283,150.99,true
742,2026-06-02 02:55:00,LONG,30514.5,30474.233,3,0.195,-82.53,false
743,2026-06-02 03:15:00,LONG,30532.75,30496.66,1,0.145,-74.18,false
735,2026-06-02 04:10:00,LONG,30556,30504.44975,2,0.082,-105.10,false
744,2026-06-02 05:55:00,LONG,30565.5,30529.91,5,0.017,-73.18,false
744,2026-06-02 06:40:00,SHORT,30535.75,30573.09,1,0.091,-76.68,false
735,2026-06-02 09:10:00,SHORT,30493.75,30563.05025,11,0.073,-140.60,false
735,2026-06-02 10:00:00,LONG,30604,30489.69975,1,0.555,150.99,true
744,2026-06-02 10:05:00,LONG,30611.75,30489.66,7,0.534,150.99,true
745,2026-06-02 10:05:00,LONG,30611.75,30527.66,10,0.534,150.99,true
746,2026-06-02 11:20:00,LONG,30670,30604.41,2,0.118,-133.18,false
747,2026-06-02 13:05:00,LONG,30692,30634.66,5,0.018,-116.68,false
747,2026-06-02 13:25:00,SHORT,30643.75,30706.09,0,0.123,-126.68,false
746,2026-06-02 13:40:00,SHORT,30635.5,30703.84,3,0.101,-138.68,false
746,2026-06-02 15:10:00,LONG,30672.75,30611.66,4,0.247,150.99,true
747,2026-06-02 15:55:00,LONG,30707.25,30659.16,3,0.153,-98.18,false
749,2026-06-02 19:10:00,SHORT,30674.75,30736.42025,1,0.306,152.67,true
747,2026-06-02 19:25:00,SHORT,30610.75,30717.34,0,0.041,-215.18,false
746,2026-06-02 19:30:00,SHORT,30606.5,30685.59,0,0.005,-160.18,false
746,2026-06-02 19:50:00,LONG,30698.75,30597.41,0,0.294,152.67,true
747,2026-06-02 20:00:00,LONG,30710.75,30633.66,0,0.261,152.67,true
749,2026-06-03 00:10:00,LONG,30723.75,30683.32975,4,0.018,-82.84,false
749,2026-06-03 01:40:00,SHORT,30695.5,30730.67025,3,0.068,-72.34,false
749,2026-06-03 04:05:00,LONG,30727.25,30679.57975,3,0.217,152.67,true
750,2026-06-03 07:10:00,LONG,30774.75,30736.82975,7,0.065,-77.84,false
750,2026-06-03 08:40:00,SHORT,30726.5,30776.17025,3,0.071,-101.34,false
747,2026-06-03 09:50:00,SHORT,30573.5,30744.84,16,4.831,152.67,true
746,2026-06-03 09:55:00,SHORT,30558.75,30744.09,1,4.791,152.67,true
749,2026-06-03 09:55:00,SHORT,30558.75,30744.17025,9,4.791,152.67,true
746,2026-06-03 10:25:00,LONG,30723,30624.91,1,0.044,-198.18,false
747,2026-06-03 10:35:00,LONG,30711.75,30624.91,0,0.075,-175.68,false
747,2026-06-03 11:30:00,SHORT,30639.5,30705.59,2,5.009,152.67,true
746,2026-06-03 11:45:00,SHORT,30604.5,30699.59,2,4.914,152.67,true
748,2026-06-03 12:30:00,SHORT,30564.75,30618.92025,4,0.159,-110.34,false
748,2026-06-03 13:50:00,LONG,30637.25,30535.82975,2,0.155,-204.84,false
746,2026-06-03 15:45:00,LONG,30686.75,30619.66,5,0.010,-136.18,false
746,2026-06-03 16:05:00,SHORT,30609,30697.84,0,4.926,152.67,true
748,2026-06-03 16:35:00,SHORT,30533,30626.42025,0,4.722,152.67,true
744,2026-06-03 16:40:00,SHORT,30501.75,30594.34,10,0.945,152.67,true
745,2026-06-03 16:40:00,SHORT,30501.75,30594.34,8,0.945,152.67,true
735,2026-06-03 16:50:00,SHORT,30491.25,30573.80025,5,0.917,152.67,true
743,2026-06-03 16:50:00,SHORT,30491.25,30566.59,11,0.917,152.67,true
742,2026-06-03 18:10:00,SHORT,30457.25,30540.517,4,0.285,151.04,true
741,2026-06-03 18:25:00,SHORT,30438.25,30488.017,6,0.190,-101.53,false
740,2026-06-03 19:15:00,SHORT,30408.75,30470.267,4,0.104,-125.03,false
734,2026-06-03 19:25:00,SHORT,30405.5,30470.30025,3,0.095,-131.60,false
733,2026-06-03 19:40:00,SHORT,30387,30430.30025,3,0.044,-88.60,false
733,2026-06-03 20:10:00,LONG,30433.5,30363.44975,0,0.266,151.04,true
734,2026-06-03 20:15:00,LONG,30446.5,30370.19975,2,0.230,151.04,true
740,2026-06-03 20:35:00,LONG,30477.75,30404.733,1,0.145,-148.03,false
741,2026-06-03 20:45:00,LONG,30488.25,30446.733,3,0.116,-85.03,false
742,2026-06-03 21:10:00,LONG,30515,30465.483,2,0.027,-101.03,false
742,2026-06-03 21:50:00,SHORT,30442,30530.517,1,0.244,151.04,true
741,2026-06-03 22:00:00,SHORT,30427.25,30494.767,2,0.204,-137.03,false
740,2026-06-03 22:15:00,SHORT,30379.5,30464.017,1,0.009,-171.03,false
734,2026-06-03 22:20:00,SHORT,30396.75,30464.05025,1,0.025,-136.60,false
734,2026-06-03 23:15:00,LONG,30457.25,30401.94975,2,0.238,151.04,true
740,2026-06-03 23:25:00,LONG,30470,30401.983,1,0.203,-138.03,false
741,2026-06-04 00:20:00,LONG,30498,30438.983,1,0.127,-120.03,false
742,2026-06-04 02:50:00,LONG,30529.75,30463.233,5,0.040,-135.03,false
743,2026-06-04 03:00:00,LONG,30540,30493.91,2,0.012,-94.18,false
743,2026-06-04 04:00:00,SHORT,30471.5,30537.34,2,0.873,151.04,true
742,2026-06-04 04:10:00,SHORT,30405,30519.517,2,0.692,151.04,true
741,2026-06-04 04:15:00,SHORT,30400,30507.517,6,0.678,151.04,true
740,2026-06-04 04:20:00,SHORT,30384.75,30486.517,1,0.637,151.04,true
734,2026-06-04 04:25:00,SHORT,30371.5,30455.30025,0,0.601,151.04,true
733,2026-06-04 04:30:00,SHORT,30384,30455.30025,2,0.635,151.04,true
732,2026-06-04 04:50:00,SHORT,30331,30408.55025,6,0.490,151.04,true
739,2026-06-04 04:55:00,SHORT,30344.5,30403.017,4,0.527,151.04,true
731,2026-06-04 05:10:00,SHORT,30260.75,30383.80025,2,0.299,151.04,true
730,2026-06-04 05:20:00,SHORT,30290.75,30353.55025,13,0.345,151.04,true
730,2026-06-04 06:00:00,LONG,30323,30286.94975,1,0.003,-74.10,false
730,2026-06-04 06:35:00,SHORT,30263.75,30331.30025,0,0.271,151.04,true
738,2026-06-04 06:40:00,SHORT,30253.5,30313.267,7,0.243,151.04,true
737,2026-06-04 06:50:00,SHORT,30239.5,30313.267,1,0.205,-149.53,false
736,2026-06-04 07:45:00,SHORT,30233,30297.267,2,0.027,-130.53,false
736,2026-06-04 08:40:00,LONG,30309.5,30219.733,2,0.121,-181.53,false
737,2026-06-04 08:45:00,LONG,30324.25,30238.733,5,0.080,-173.03,false
738,2026-06-04 08:50:00,LONG,30315.5,30249.233,2,0.104,-134.53,false
737,2026-06-04 09:55:00,SHORT,30248,30348.767,1,0.264,151.04,true
738,2026-06-04 09:55:00,SHORT,30248,30348.767,3,0.264,151.04,true
730,2026-06-04 10:30:00,LONG,30326.75,30244.44975,4,0.753,151.04,true
737,2026-06-04 10:30:00,LONG,30326.75,30174.233,1,0.753,151.04,true
738,2026-06-04 10:30:00,LONG,30326.75,30244.483,0,0.753,151.04,true
731,2026-06-04 11:10:00,LONG,30450.5,30310.19975,5,0.416,151.04,true
732,2026-06-04 11:15:00,LONG,30462.75,30347.19975,0,0.383,151.04,true
739,2026-06-04 11:15:00,LONG,30462.75,30347.233,1,0.383,151.04,true
733,2026-06-04 11:20:00,LONG,30460.25,30361.19975,1,0.390,151.04,true
734,2026-06-04 11:20:00,LONG,30460.25,30361.19975,0,0.390,151.04,true
740,2026-06-04 11:20:00,LONG,30460.25,30361.233,0,0.390,151.04,true
740,2026-06-04 11:50:00,SHORT,30398.25,30469.017,0,0.037,-143.53,false
734,2026-06-04 11:55:00,SHORT,30413.75,30455.30025,1,0.057,-85.10,false
734,2026-06-04 12:15:00,LONG,30458,30385.69975,0,0.396,151.04,true
740,2026-06-04 12:25:00,LONG,30480,30405.233,0,0.336,151.04,true
741,2026-06-04 12:50:00,LONG,30484.75,30435.983,2,0.323,151.04,true
742,2026-06-04 13:35:00,LONG,30515,30456.983,2,0.240,151.04,true
743,2026-06-04 13:50:00,LONG,30548.25,30484.16,0,0.150,-130.18,false
735,2026-06-04 13:55:00,LONG,30559.5,30503.94975,6,0.119,-113.10,false
752,2026-06-04 14:05:00,LONG,30587.5,30503.90775,2,0.043,-169.18,false
744,2026-06-04 14:10:00,LONG,30592,30532.91,0,0.010,-120.18,false
745,2026-06-04 14:10:00,LONG,30592,30535.16,0,0.010,-115.68,false
745,2026-06-04 15:50:00,SHORT,30518.75,30604.59,3,6.241,151.04,true
744,2026-06-04 15:55:00,SHORT,30485.5,30596.34,4,6.150,151.04,true
752,2026-06-04 15:55:00,SHORT,30485.5,30596.34225,2,6.150,151.04,true
735,2026-06-04 16:00:00,SHORT,30465.25,30558.80025,1,6.095,151.04,true
743,2026-06-04 16:05:00,SHORT,30463.25,30554.34,0,6.089,151.04,true
742,2026-06-04 16:10:00,SHORT,30451.75,30525.517,0,6.058,151.04,true
741,2026-06-04 16:20:00,SHORT,30433.5,30502.267,2,6.008,151.04,true
740,2026-06-04 16:30:00,SHORT,30413.5,30470.517,2,5.954,151.04,true
734,2026-06-04 16:35:00,SHORT,30414,30447.80025,0,5.955,151.04,true
733,2026-06-04 18:10:00,SHORT,30371,30429.30025,5,5.791,152.28,true
732,2026-06-04 18:25:00,SHORT,30341.5,30402.30025,3,5.711,152.28,true
739,2026-06-04 18:30:00,SHORT,30334.75,30402.267,1,5.693,152.28,true
731,2026-06-04 19:20:00,SHORT,30299.25,30378.55025,1,5.597,152.28,true
730,2026-06-04 19:45:00,SHORT,30268,30338.05025,2,5.513,152.28,true
738,2026-06-04 19:50:00,SHORT,30279.5,30318.767,3,5.544,152.28,true
736,2026-06-04 20:10:00,SHORT,30199.75,30289.017,4,5.328,152.28,true
737,2026-06-04 20:10:00,SHORT,30199.75,30289.017,1,5.328,152.28,true
724,2026-06-04 20:15:00,SHORT,30197.75,30271.23625,19,5.323,152.28,true
757,2026-06-04 20:20:00,SHORT,30183.5,30258.65175,0,0.355,152.28,true
723,2026-06-04 20:50:00,SHORT,30153.25,30214.98625,5,0.273,152.28,true
722,2026-06-04 21:05:00,SHORT,30125.5,30191.98625,3,0.198,-134.97,false
756,2026-06-04 21:05:00,SHORT,30125.5,30192.15175,0,0.198,-135.30,false
729,2026-06-04 21:15:00,SHORT,30126.25,30161.08475,1,0.200,-71.67,false
729,2026-06-04 22:00:00,LONG,30200.75,30106.66525,1,0.130,-190.17,false
722,2026-06-04 22:05:00,LONG,30197,30122.26375,1,0.141,-151.47,false
756,2026-06-04 22:05:00,LONG,30197,30122.09825,1,0.141,-151.80,false
723,2026-06-04 22:10:00,LONG,30211,30162.01375,0,0.103,-99.97,false
757,2026-06-04 22:35:00,LONG,30233.25,30197.34825,2,0.016,-73.80,false
757,2026-06-04 23:10:00,SHORT,30211.5,30242.15175,0,0.177,-63.30,false
723,2026-06-04 23:55:00,SHORT,30163,30228.98625,1,0.019,-133.97,false
723,2026-06-05 00:45:00,LONG,30215.5,30156.26375,2,0.074,-120.47,false
723,2026-06-05 02:25:00,SHORT,30142.25,30209.23625,2,0.217,152.28,true
722,2026-06-05 02:30:00,SHORT,30143.5,30182.23625,4,0.220,152.28,true
756,2026-06-05 02:30:00,SHORT,30143.5,30182.40175,2,0.220,152.28,true
729,2026-06-05 03:05:00,SHORT,30092.5,30164.83475,1,0.082,-146.67,false
721,2026-06-05 03:10:00,SHORT,30081,30147.23625,2,0.051,-134.47,false
728,2026-06-05 03:15:00,SHORT,30083.75,30134.33475,3,0.059,-103.17,false
755,2026-06-05 03:15:00,SHORT,30083.75,30134.40175,1,0.059,-103.30,false
728,2026-06-05 03:40:00,LONG,30127.25,30054.66525,0,0.356,152.28,true
755,2026-06-05 03:40:00,LONG,30127.25,30054.59825,0,0.356,152.28,true
721,2026-06-05 03:55:00,LONG,30150.25,30095.01375,0,0.294,152.28,true
729,2026-06-05 04:25:00,LONG,30216.25,30112.91525,2,0.116,-208.67,false
722,2026-06-05 04:30:00,LONG,30203.25,30120.01375,4,0.151,-168.47,false
756,2026-06-05 04:30:00,LONG,30203.25,30119.84825,5,0.151,-168.80,false
723,2026-06-05 05:55:00,LONG,30198.25,30146.26375,2,0.102,-105.97,false
723,2026-06-05 07:45:00,SHORT,30167.75,30212.98625,1,5.242,152.28,true
722,2026-06-05 08:05:00,SHORT,30127,30187.73625,3,5.132,152.28,true
756,2026-06-05 08:10:00,SHORT,30111.25,30176.40175,3,5.089,152.28,true
729,2026-06-05 08:35:00,SHORT,30085.5,30164.08475,2,5.020,152.28,true
721,2026-06-05 09:00:00,SHORT,30061.75,30158.98625,3,4.956,152.28,true
718,2026-06-05 09:05:00,SHORT,30058.5,30133.93675,3,4.947,152.28,true
728,2026-06-05 09:05:00,SHORT,30058.5,30134.08475,2,4.947,152.28,true
755,2026-06-05 09:05:00,SHORT,30058.5,30134.15175,2,4.947,152.28,true
727,2026-06-05 09:20:00,SHORT,30032,30085.58475,2,0.090,-109.17,false
720,2026-06-05 09:45:00,SHORT,29857.75,30107.73625,2,4.404,152.28,true
726,2026-06-05 09:45:00,SHORT,29857.75,30107.83475,1,4.404,152.28,true
713,2026-06-05 09:50:00,SHORT,29893.5,30054.25925,2,4.501,152.28,true
714,2026-06-05 09:50:00,SHORT,29893.5,30107.75925,0,4.501,152.28,true
717,2026-06-05 09:50:00,SHORT,29893.5,30054.18675,0,4.501,152.28,true
711,2026-06-05 09:55:00,SHORT,29773.75,30016.75925,1,4.177,152.28,true
712,2026-06-05 09:55:00,SHORT,29773.75,30016.75925,1,4.177,152.28,true
716,2026-06-05 10:00:00,SHORT,29788.25,29961.18675,1,4.217,152.28,true
719,2026-06-05 10:05:00,SHORT,29851.75,29961.23625,6,4.388,152.28,true
725,2026-06-05 10:50:00,SHORT,29835.25,29936.58475,8,4.344,152.28,true
715,2026-06-05 11:10:00,SHORT,29727.75,29880.43675,4,4.053,152.28,true
681,2026-06-05 11:20:00,SHORT,29711,29829.71875,8,2.512,152.28,true
710,2026-06-05 11:35:00,SHORT,29646.25,29772.50925,3,2.337,152.28,true
680,2026-06-05 11:40:00,SHORT,29645.5,29771.96875,0,2.335,152.28,true
709,2026-06-05 11:45:00,SHORT,29649,29747.00925,1,2.345,152.28,true
679,2026-06-05 11:50:00,SHORT,29669.5,29713.21875,0,2.400,152.28,true
676,2026-06-05 12:05:00,SHORT,29577,29713.18375,0,2.150,152.28,true
707,2026-06-05 12:15:00,SHORT,29545.5,29667.58275,0,2.065,152.28,true
708,2026-06-05 12:15:00,SHORT,29545.5,29667.58275,1,2.065,152.28,true
675,2026-06-05 12:35:00,SHORT,29489.75,29600.18375,3,1.914,152.28,true
706,2026-06-05 12:40:00,SHORT,29433.5,29597.33275,1,1.762,152.28,true
678,2026-06-05 12:45:00,SHORT,29445.5,29555.71875,2,1.795,152.28,true
668,2026-06-05 13:10:00,SHORT,29410,29512.13175,6,1.699,152.28,true
674,2026-06-05 13:10:00,SHORT,29410,29512.43375,1,1.699,152.28,true
703,2026-06-05 13:10:00,SHORT,29410,29513.12975,1,1.699,152.28,true
705,2026-06-05 13:10:00,SHORT,29410,29513.08275,2,1.699,152.28,true
664,2026-06-05 13:15:00,SHORT,29398,29499.53875,4,0.098,-205.08,false
688,2026-06-05 13:15:00,SHORT,29398,29499.8605,6,0.098,-205.72,false
664,2026-06-05 13:35:00,LONG,29488,29355.21125,0,0.046,-267.58,false
664,2026-06-05 14:10:00,SHORT,29317.25,29483.53875,1,1.448,152.28,true
660,2026-06-05 14:25:00,SHORT,29243.5,29401.53875,2,1.249,152.28,true
677,2026-06-05 14:40:00,SHORT,29181.25,29279.21875,3,1.081,152.28,true
700,2026-06-05 14:50:00,SHORT,29152.5,29264.12975,14,1.003,152.28,true
685,2026-06-05 15:20:00,SHORT,29059.75,29210.1105,6,0.753,152.28,true
697,2026-06-05 15:20:00,SHORT,29059.75,29210.523,4,0.753,152.28,true
761,2026-06-07 19:50:00,LONG,29061.75,28933.9535,2,1.955,165.72,true
697,2026-06-07 20:15:00,LONG,29175.25,29052.227,3,0.279,165.72,true
685,2026-06-07 20:20:00,LONG,29189,29052.6395,4,0.245,165.72,true
700,2026-06-07 20:35:00,LONG,29279,29166.87025,1,0.021,-226.26,false
700,2026-06-07 21:25:00,SHORT,29074.75,29226.62975,2,0.123,-305.76,false
685,2026-06-07 21:30:00,SHORT,29112.5,29169.8605,0,0.103,-116.72,false
697,2026-06-07 21:35:00,SHORT,29097.25,29170.273,0,0.007,-148.05,false
697,2026-06-07 21:55:00,LONG,29158.75,29086.977,0,0.211,165.72,true
685,2026-06-07 22:35:00,LONG,29200.5,29098.1395,2,0.107,-206.72,false
700,2026-06-07 22:50:00,LONG,29213,29140.62025,0,0.068,-146.76,false
700,2026-06-08 00:10:00,SHORT,29176.5,29230.62975,5,0.506,165.72,true
685,2026-06-08 00:50:00,SHORT,29124,29185.6105,0,0.376,165.72,true
697,2026-06-08 01:20:00,SHORT,29082.5,29144.023,4,0.273,165.72,true
697,2026-06-08 03:20:00,LONG,29215,29075.477,1,1.574,165.72,true
685,2026-06-08 03:25:00,LONG,29228.5,29083.1395,2,1.540,165.72,true
700,2026-06-08 03:35:00,LONG,29220.5,29154.62025,1,0.150,-133.76,false
700,2026-06-08 04:55:00,SHORT,29176.25,29275.12975,4,0.078,-199.76,false
700,2026-06-08 05:50:00,LONG,29228.25,29155.37025,2,1.541,165.72,true
677,2026-06-08 07:15:00,LONG,29375.5,29182.03125,16,1.175,165.72,true
660,2026-06-08 07:25:00,LONG,29407.75,29258.71125,0,1.095,165.72,true
762,2026-06-08 07:25:00,LONG,29407.75,29257.2035,0,1.095,165.72,true
664,2026-06-08 08:35:00,LONG,29470.25,29405.96125,1,0.333,165.72,true
668,2026-06-08 08:40:00,LONG,29493.5,29431.11825,2,0.275,165.72,true
688,2026-06-08 08:40:00,LONG,29493.5,29430.6395,3,0.275,165.72,true
674,2026-06-08 08:50:00,LONG,29482.75,29449.31625,2,0.302,165.72,true
703,2026-06-08 08:50:00,LONG,29482.75,29448.62025,2,0.302,165.72,true
705,2026-06-08 09:10:00,LONG,29574.75,29454.91725,2,0.073,-241.67,false
678,2026-06-08 09:15:00,LONG,29564.5,29477.28125,3,0.099,-176.44,false
763,2026-06-08 09:15:00,LONG,29564.5,29475.9535,0,0.099,-179.09,false
706,2026-06-08 09:20:00,LONG,29575,29513.91725,0,0.026,-124.17,false
706,2026-06-08 09:40:00,SHORT,29515.5,29592.83275,0,0.457,165.72,true
763,2026-06-08 09:40:00,SHORT,29515.5,29593.5465,0,0.457,165.72,true
678,2026-06-08 10:05:00,SHORT,29455,29560.71875,1,0.199,-213.44,false
674,2026-06-08 10:10:00,SHORT,29441,29510.43375,3,0.165,-140.87,false
703,2026-06-08 10:10:00,SHORT,29441,29511.12975,3,0.165,-142.26,false
705,2026-06-08 10:10:00,SHORT,29441,29511.08275,2,0.165,-142.17,false
674,2026-06-08 10:35:00,LONG,29586.25,29379.31625,0,0.390,165.72,true
703,2026-06-08 10:35:00,LONG,29586.25,29378.62025,0,0.390,165.72,true
678,2026-06-08 10:40:00,LONG,29549.75,29448.78125,0,0.480,165.72,true
705,2026-06-08 10:40:00,LONG,29549.75,29448.16725,0,0.480,165.72,true
763,2026-06-08 10:40:00,LONG,29549.75,29447.4535,1,0.480,165.72,true
706,2026-06-08 10:55:00,LONG,29676.5,29497.16725,1,0.165,-360.67,false
675,2026-06-08 11:00:00,LONG,29695.5,29542.31625,3,0.118,-308.37,false
707,2026-06-08 11:00:00,LONG,29695.5,29541.66725,2,0.118,-309.67,false
708,2026-06-08 11:00:00,LONG,29695.5,29541.66725,0,0.118,-309.67,false
764,2026-06-08 11:00:00,LONG,29695.5,29540.9535,4,0.118,-311.09,false
676,2026-06-08 11:10:00,LONG,29715.25,29606.31625,0,0.069,-219.87,false
679,2026-06-08 11:10:00,LONG,29715.25,29606.28125,1,0.069,-219.94,false
709,2026-06-08 11:15:00,LONG,29731.75,29657.99075,0,0.028,-149.52,false
709,2026-06-08 11:35:00,SHORT,29654,29750.25925,0,0.871,165.72,true
679,2026-06-08 11:55:00,SHORT,29610,29731.46875,0,0.762,165.72,true
676,2026-06-08 12:00:00,SHORT,29632,29717.43375,1,0.817,165.72,true
708,2026-06-08 12:35:00,SHORT,29562,29699.58275,3,0.643,165.72,true
707,2026-06-08 12:40:00,SHORT,29586.5,29666.08275,3,0.703,165.72,true
764,2026-06-08 13:10:00,SHORT,29531.75,29627.7965,3,0.567,165.72,true
675,2026-06-08 13:15:00,SHORT,29504.5,29590.93375,2,0.031,-174.87,false
706,2026-06-08 13:15:00,SHORT,29504.5,29591.58275,2,0.031,-176.17,false
706,2026-06-08 14:10:00,LONG,29564,29503.91725,1,0.134,-122.17,false
675,2026-06-08 14:25:00,LONG,29590.5,29551.56625,2,0.068,-79.87,false
675,2026-06-08 14:50:00,SHORT,29558.5,29616.43375,0,0.634,165.72,true
706,2026-06-08 15:05:00,SHORT,29479.75,29617.08275,1,0.438,165.72,true
763,2026-06-08 15:10:00,SHORT,29429,29576.7965,4,0.312,165.72,true
678,2026-06-08 15:15:00,SHORT,29424.5,29554.71875,4,0.301,165.72,true
674,2026-06-08 15:20:00,SHORT,29389.5,29551.43375,0,0.214,165.72,true
705,2026-06-08 15:20:00,SHORT,29389.5,29552.08275,3,0.214,165.72,true
668,2026-06-08 15:25:00,SHORT,29438.25,29487.88175,5,0.019,-101.26,false
688,2026-06-08 15:25:00,SHORT,29438.25,29488.3605,4,0.019,-102.22,false
703,2026-06-08 15:25:00,SHORT,29438.25,29488.87975,0,0.019,-103.26,false
664,2026-06-08 18:10:00,SHORT,29358.25,29475.28875,7,0.090,-236.08,false
664,2026-06-08 21:35:00,LONG,29497.75,29374.21125,3,0.852,169.44,true
688,2026-06-08 21:35:00,LONG,29497.75,29373.8895,8,0.852,169.44,true
668,2026-06-08 21:40:00,LONG,29502,29374.36825,7,0.842,169.44,true
674,2026-06-08 21:45:00,LONG,29527.75,29441.31625,6,0.779,169.44,true
703,2026-06-08 21:45:00,LONG,29527.75,29440.62025,9,0.779,169.44,true
705,2026-06-08 21:50:00,LONG,29518.75,29449.41725,1,0.801,169.44,true
678,2026-06-08 23:15:00,LONG,29540.25,29480.03125,3,0.749,169.44,true
763,2026-06-08 23:40:00,LONG,29584.25,29515.9535,2,0.642,169.44,true
675,2026-06-08 23:45:00,LONG,29573.75,29528.06625,1,0.667,169.44,true
706,2026-06-08 23:45:00,LONG,29573.75,29527.41725,2,0.667,169.44,true
764,2026-06-09 00:20:00,LONG,29609.5,29560.9535,6,0.581,169.44,true
707,2026-06-09 00:25:00,LONG,29611.5,29561.66725,6,0.576,169.44,true
708,2026-06-09 01:55:00,LONG,29633.25,29581.41725,7,0.136,-105.67,false
708,2026-06-09 04:00:00,SHORT,29598.75,29645.83275,3,0.047,-96.17,false
708,2026-06-09 04:20:00,LONG,29656,29572.16725,0,0.467,169.44,true
676,2026-06-09 05:50:00,LONG,29688.25,29649.56625,8,0.022,-79.37,false
676,2026-06-09 06:40:00,SHORT,29657.25,29704.18375,0,0.012,-95.87,false
676,2026-06-09 07:05:00,LONG,29702,29651.56625,0,0.112,-102.87,false
679,2026-06-09 07:15:00,LONG,29693.75,29651.53125,7,0.132,-86.44,false
679,2026-06-09 08:20:00,SHORT,29660.75,29706.71875,3,0.021,-93.94,false
679,2026-06-09 09:05:00,LONG,29739,29660.78125,0,0.022,-158.44,false
680,2026-06-09 09:50:00,LONG,29732.25,29641.03125,6,0.034,-184.44,false
709,2026-06-09 09:50:00,LONG,29732.25,29640.49075,10,0.034,-185.52,false
676,2026-06-09 10:10:00,SHORT,29491.5,29752.93375,6,3.073,169.44,true
679,2026-06-09 10:10:00,SHORT,29491.5,29752.96875,1,3.073,169.44,true
680,2026-06-09 10:10:00,SHORT,29491.5,29752.96875,0,3.073,169.44,true
709,2026-06-09 10:10:00,SHORT,29491.5,29753.50925,0,3.073,169.44,true
675,2026-06-09 10:25:00,SHORT,29444,29639.18375,3,2.958,169.44,true
706,2026-06-09 10:25:00,SHORT,29444,29639.83275,0,2.958,169.44,true
707,2026-06-09 10:25:00,SHORT,29444,29639.83275,8,2.958,169.44,true
708,2026-06-09 10:25:00,SHORT,29444,29639.83275,2,2.958,169.44,true
763,2026-06-09 10:25:00,SHORT,29444,29640.5465,0,2.958,169.44,true
764,2026-06-09 10:25:00,SHORT,29444,29640.5465,4,2.958,169.44,true
678,2026-06-09 10:35:00,SHORT,29439,29639.21875,0,2.945,169.44,true
668,2026-06-09 10:40:00,SHORT,29286.25,29532.63175,2,2.574,169.44,true
674,2026-06-09 10:40:00,SHORT,29286.25,29532.93375,3,2.574,169.44,true
688,2026-06-09 10:40:00,SHORT,29286.25,29533.1105,1,2.574,169.44,true
703,2026-06-09 10:40:00,SHORT,29286.25,29533.62975,3,2.574,169.44,true
705,2026-06-09 10:40:00,SHORT,29286.25,29533.58275,5,2.574,169.44,true
664,2026-06-09 10:50:00,SHORT,29200.25,29532.78875,1,2.365,169.44,true
660,2026-06-09 10:55:00,SHORT,29239.75,29475.28875,7,2.461,169.44,true
762,2026-06-09 10:55:00,SHORT,29239.75,29476.7965,7,2.461,169.44,true
677,2026-06-09 11:25:00,SHORT,28859.25,29308.71875,1,1.536,169.44,true
700,2026-06-09 11:25:00,SHORT,28859.25,29309.37975,5,1.536,169.44,true
685,2026-06-09 11:35:00,SHORT,28873.5,29200.8605,2,1.570,169.44,true
697,2026-06-09 11:35:00,SHORT,28873.5,29201.273,1,1.570,169.44,true
761,2026-06-09 11:40:00,SHORT,28902.75,29042.0465,1,1.641,169.44,true
760,2026-06-09 12:50:00,SHORT,28286.75,28560.7965,0,0.019,-550.09,false
760,2026-06-09 13:10:00,LONG,28650,28270.9535,0,1.459,169.44,true
761,2026-06-09 15:00:00,LONG,29120.75,28907.9535,2,0.063,-427.59,false
761,2026-06-09 15:25:00,SHORT,28953.75,29059.7965,0,0.251,169.44,true
761,2026-06-09 16:05:00,LONG,29123.25,28871.9535,1,0.111,-504.59,false
697,2026-06-09 16:45:00,LONG,29154.25,29089.227,3,0.004,-132.05,false
761,2026-06-10 00:30:00,SHORT,28907.75,29009.2965,7,0.116,-205.09,false
761,2026-06-10 02:45:00,LONG,28982,28944.2035,1,0.013,-77.59,false
761,2026-06-10 03:45:00,SHORT,28950.25,29002.2965,1,0.732,191.67,true
769,2026-06-10 04:55:00,SHORT,28762,28866.29125,3,0.327,191.67,true
768,2026-06-10 05:05:00,SHORT,28757.25,28866.29125,0,0.317,191.67,true
768,2026-06-10 06:45:00,LONG,28810.25,28730.70875,3,0.075,-161.08,false
768,2026-06-10 07:15:00,SHORT,28704,28854.54125,1,0.202,-303.08,false
768,2026-06-10 08:45:00,LONG,28940.75,28729.45875,1,0.666,191.67,true
769,2026-06-10 08:45:00,LONG,28940.75,28729.45875,1,0.666,191.67,true
761,2026-06-10 09:50:00,LONG,29028.5,28764.4535,2,0.477,191.67,true
685,2026-06-10 10:30:00,LONG,29244.75,29039.3895,10,0.011,-412.72,false
697,2026-06-10 10:30:00,LONG,29244.75,29038.977,5,0.011,-413.55,false
685,2026-06-10 10:50:00,SHORT,29028.5,29256.8605,0,1.642,191.67,true
697,2026-06-10 10:50:00,SHORT,29028.5,29257.273,0,1.642,191.67,true
761,2026-06-10 11:10:00,SHORT,28748.75,29055.5465,1,1.040,191.67,true
769,2026-06-10 11:20:00,SHORT,28832.75,28919.79125,5,1.221,191.67,true
768,2026-06-10 12:20:00,SHORT,28710.5,28863.79125,4,0.957,191.67,true
760,2026-06-10 19:05:00,SHORT,28337.25,28437.2965,3,0.150,-202.09,false
760,2026-06-10 20:25:00,LONG,28480.5,28328.4535,4,5.094,197.22,true
773,2026-06-10 20:55:00,LONG,28549.5,28429.69225,2,4.950,197.22,true
774,2026-06-10 21:25:00,LONG,28751.25,28631.94225,0,0.013,-240.62,false
774,2026-06-10 22:20:00,SHORT,28578.5,28703.55775,1,0.099,-252.12,false
774,2026-06-10 23:50:00,LONG,28719,28608.69225,1,0.692,197.22,true
775,2026-06-11 00:45:00,LONG,28780,28695.19225,3,0.010,-171.62,false
776,2026-06-11 00:45:00,LONG,28780,28722.44225,4,0.010,-117.12,false
776,2026-06-11 01:15:00,SHORT,28728.25,28791.55775,1,0.089,-128.62,false
776,2026-06-11 02:55:00,LONG,28792,28718.69225,4,0.301,197.22,true
768,2026-06-11 03:05:00,LONG,28799,28745.95875,9,0.287,197.22,true
769,2026-06-11 04:10:00,LONG,28916.25,28806.45875,5,0.041,-221.58,false
777,2026-06-11 04:15:00,LONG,28915,28829.69225,3,0.044,-172.62,false
777,2026-06-11 07:10:00,SHORT,28840,28907.55775,7,0.039,-137.12,false
777,2026-06-11 07:50:00,LONG,28900.25,28811.69225,0,0.031,-179.12,false
777,2026-06-11 08:30:00,SHORT,28687.5,28909.55775,0,0.077,-446.12,false
768,2026-06-11 08:35:00,SHORT,28728.5,28886.29125,1,0.163,-317.58,false
769,2026-06-11 08:35:00,SHORT,28728.5,28886.29125,1,0.163,-317.58,false
768,2026-06-11 08:55:00,LONG,28812.5,28698.70875,0,0.006,-229.58,false
768,2026-06-11 09:40:00,SHORT,28737.75,28796.54125,1,0.065,-119.58,false
776,2026-06-11 09:40:00,SHORT,28737.75,28796.80775,3,0.065,-120.12,false
768,2026-06-11 10:00:00,LONG,29039.25,28697.20875,0,0.001,-686.08,false
769,2026-06-11 10:00:00,LONG,29039.25,28697.20875,0,0.001,-686.08,false
776,2026-06-11 10:00:00,LONG,29039.25,28696.94225,0,0.001,-686.62,false
777,2026-06-11 10:00:00,LONG,29039.25,28696.94225,0,0.001,-686.62,false
777,2026-06-11 10:50:00,SHORT,28760.5,28939.80775,1,0.383,197.22,true
769,2026-06-11 10:55:00,SHORT,28648.25,28924.04125,2,0.148,-553.58,false
768,2026-06-11 11:00:00,SHORT,28677.75,28853.79125,1,0.077,-354.08,false
776,2026-06-11 11:05:00,SHORT,28719.75,28827.55775,1,0.020,-217.62,false
776,2026-06-11 11:40:00,LONG,28817.25,28700.69225,0,0.331,197.22,true
768,2026-06-11 11:45:00,LONG,28827.5,28731.70875,1,0.309,197.22,true
769,2026-06-11 12:15:00,LONG,28942,28766.45875,4,0.056,-353.08,false
777,2026-06-11 12:20:00,LONG,28878.5,28825.44225,4,0.189,-108.12,false
769,2026-06-11 13:00:00,SHORT,28730.25,28912.29125,1,0.108,-366.08,false
777,2026-06-11 13:00:00,SHORT,28730.25,28915.30775,1,0.108,-372.12,false
768,2026-06-11 13:20:00,SHORT,28728.5,28824.04125,1,0.013,-193.08,false
761,2026-06-11 13:40:00,LONG,29281.5,28714.2035,4,3.545,197.22,true
768,2026-06-11 13:40:00,LONG,29281.5,28712.95875,0,3.545,197.22,true
769,2026-06-11 13:40:00,LONG,29281.5,28712.95875,0,3.545,197.22,true
777,2026-06-11 13:40:00,LONG,29281.5,28712.69225,0,3.545,197.22,true
778,2026-06-11 13:40:00,LONG,29281.5,28712.69225,8,3.545,197.22,true
779,2026-06-11 13:40:00,LONG,29281.5,28712.69225,2,3.545,197.22,true
685,2026-06-11 13:45:00,LONG,29196,29079.3895,0,0.122,-235.22,false
697,2026-06-11 13:45:00,LONG,29196,29078.977,0,0.122,-236.05,false
700,2026-06-11 14:50:00,LONG,29266.75,29165.12025,8,3.576,197.22,true
677,2026-06-11 15:00:00,LONG,29297,29210.28125,6,3.512,197.22,true
660,2026-06-11 15:25:00,LONG,29424,29293.21125,0,0.463,197.22,true
762,2026-06-11 15:25:00,LONG,29424,29291.7035,0,0.463,197.22,true
664,2026-06-11 15:40:00,LONG,29498.75,29370.96125,0,0.307,197.22,true
688,2026-06-11 15:40:00,LONG,29498.75,29370.6395,0,0.307,197.22,true
668,2026-06-11 16:15:00,LONG,29487.5,29397.61825,1,0.331,197.22,true
674,2026-06-11 16:15:00,LONG,29487.5,29409.31625,3,0.026,-158.37,false
703,2026-06-11 16:15:00,LONG,29487.5,29408.62025,2,0.026,-159.76,false
674,2026-06-11 16:40:00,SHORT,29415.5,29506.68375,0,0.016,-184.37,false
668,2026-06-11 16:45:00,SHORT,29425.75,29506.38175,0,0.007,-163.26,false
703,2026-06-11 16:45:00,SHORT,29425.75,29507.37975,0,0.007,-165.26,false
688,2026-06-11 16:50:00,SHORT,29431.25,29467.8605,2,0.001,-75.22,false
688,2026-06-11 18:10:00,LONG,29522.5,29423.8895,0,0.241,210.63,true
668,2026-06-11 18:15:00,LONG,29517,29436.61825,0,0.252,210.63,true
674,2026-06-11 18:15:00,LONG,29517,29436.31625,0,0.252,210.63,true
703,2026-06-11 18:15:00,LONG,29517,29435.62025,0,0.252,210.63,true
705,2026-06-11 18:20:00,LONG,29518,29435.66725,5,0.250,210.63,true
678,2026-06-11 18:35:00,LONG,29526.5,29462.53125,3,0.233,210.63,true
763,2026-06-11 18:55:00,LONG,29557.75,29515.7035,4,0.019,-86.09,false
706,2026-06-11 19:50:00,LONG,29575.5,29525.66725,4,0.137,-101.67,false
675,2026-06-11 19:55:00,LONG,29577.25,29535.81625,3,0.134,-84.87,false
707,2026-06-11 20:35:00,LONG,29623.75,29550.91725,2,0.014,-147.67,false
764,2026-06-11 20:35:00,LONG,29623.75,29550.2035,4,0.014,-149.09,false
707,2026-06-11 21:05:00,SHORT,29568,29638.08275,0,0.604,210.63,true
764,2026-06-11 21:10:00,SHORT,29562.5,29613.5465,1,0.593,210.63,true
675,2026-06-11 21:25:00,SHORT,29483.5,29612.18375,2,0.438,210.63,true
706,2026-06-11 21:25:00,SHORT,29483.5,29585.58275,4,0.037,-206.17,false
763,2026-06-11 21:25:00,SHORT,29483.5,29586.2965,4,0.037,-207.59,false
763,2026-06-11 22:05:00,LONG,29581.25,29511.9535,0,0.008,-140.59,false
706,2026-06-11 22:10:00,LONG,29568,29517.41725,0,0.004,-103.17,false
706,2026-06-11 22:30:00,SHORT,29513.5,29577.33275,0,0.497,210.63,true
763,2026-06-11 23:20:00,SHORT,29495.5,29570.0465,2,0.462,210.63,true
678,2026-06-12 01:45:00,SHORT,29427.5,29543.21875,9,0.328,210.63,true
705,2026-06-12 01:45:00,SHORT,29427.5,29540.08275,7,0.328,210.63,true
674,2026-06-12 01:55:00,SHORT,29401,29527.93375,3,0.276,210.63,true
668,2026-06-12 02:00:00,SHORT,29440,29491.38175,1,0.353,210.63,true
688,2026-06-12 02:00:00,SHORT,29440,29491.8605,0,0.353,210.63,true
703,2026-06-12 02:00:00,SHORT,29440,29492.37975,3,0.353,210.63,true
664,2026-06-12 02:35:00,SHORT,29394.25,29468.28875,5,0.263,210.63,true
762,2026-06-12 03:10:00,SHORT,29272,29378.0465,0,0.024,-214.09,false
660,2026-06-12 03:15:00,SHORT,29288.5,29376.53875,1,0.009,-178.08,false
660,2026-06-12 03:50:00,LONG,29381.75,29304.71125,0,0.575,210.63,true
762,2026-06-12 03:50:00,LONG,29381.75,29303.2035,0,0.575,210.63,true
664,2026-06-12 04:10:00,LONG,29465,29381.46125,0,0.412,210.63,true
688,2026-06-12 04:10:00,LONG,29465,29381.1395,1,0.412,210.63,true
668,2026-06-12 04:15:00,LONG,29536.5,29381.61825,1,0.272,210.63,true
674,2026-06-12 04:25:00,LONG,29530.25,29436.31625,2,0.284,210.63,true
703,2026-06-12 04:25:00,LONG,29530.25,29408.87025,1,0.284,210.63,true
705,2026-06-12 04:30:00,LONG,29502.25,29435.66725,1,0.339,210.63,true
678,2026-06-12 05:20:00,LONG,29571,29470.53125,2,0.204,-202.94,false
706,2026-06-12 05:25:00,LONG,29611.5,29498.16725,7,0.124,-228.67,false
763,2026-06-12 05:25:00,LONG,29611.5,29497.4535,8,0.124,-230.09,false
675,2026-06-12 05:35:00,LONG,29635,29530.56625,5,0.050,-210.87,false
707,2026-06-12 05:40:00,LONG,29639.75,29558.41725,0,0.040,-164.67,false
708,2026-06-12 05:40:00,LONG,29639.75,29558.41725,2,0.040,-164.67,false
764,2026-06-12 05:40:00,LONG,29639.75,29557.7035,4,0.040,-166.09,false
708,2026-06-12 06:25:00,SHORT,29530.25,29664.83275,2,0.589,210.63,true
707,2026-06-12 06:30:00,SHORT,29542.5,29664.33275,0,0.613,210.63,true
675,2026-06-12 06:35:00,SHORT,29544.5,29610.18375,0,0.026,-133.37,false
764,2026-06-12 06:35:00,SHORT,29544.5,29636.0465,0,0.026,-185.09,false
675,2026-06-12 07:25:00,LONG,29631.25,29553.31625,2,0.056,-157.87,false
764,2026-06-12 07:25:00,LONG,29631.25,29551.9535,1,0.056,-160.59,false
707,2026-06-12 07:50:00,LONG,29658.25,29552.66725,0,0.003,-213.17,false
707,2026-06-12 08:20:00,SHORT,29547.75,29653.33275,0,0.623,210.63,true
675,2026-06-12 08:30:00,SHORT,29532.5,29608.18375,0,0.593,210.63,true
764,2026-06-12 08:30:00,SHORT,29532.5,29620.7965,1,0.593,210.63,true
706,2026-06-12 08:35:00,SHORT,29480.5,29595.83275,3,0.491,210.63,true
763,2026-06-12 08:35:00,SHORT,29480.5,29596.5465,3,0.491,210.63,true
678,2026-06-12 08:45:00,SHORT,29479.25,29553.96875,1,0.489,210.63,true
705,2026-06-12 08:50:00,SHORT,29421.25,29552.08275,3,0.375,210.63,true
668,2026-06-12 09:00:00,SHORT,29419,29495.88175,1,0.019,-155.76,false
674,2026-06-12 09:00:00,SHORT,29419,29551.43375,2,0.371,210.63,true
688,2026-06-12 09:00:00,SHORT,29419,29496.3605,2,0.019,-156.72,false
703,2026-06-12 09:05:00,SHORT,29444.25,29493.12975,2,0.039,-99.76,false
664,2026-06-12 09:55:00,SHORT,29349.5,29480.28875,4,0.021,-263.58,false
664,2026-06-12 10:15:00,LONG,29586,29332.46125,0,2.724,210.63,true
668,2026-06-12 10:15:00,LONG,29586,29332.61825,3,2.724,210.63,true
674,2026-06-12 10:15:00,LONG,29586,29332.31625,3,2.724,210.63,true
678,2026-06-12 10:15:00,LONG,29586,29332.28125,0,2.724,210.63,true
688,2026-06-12 10:15:00,LONG,29586,29332.1395,2,2.724,210.63,true
703,2026-06-12 10:15:00,LONG,29586,29331.62025,3,2.724,210.63,true
705,2026-06-12 10:15:00,LONG,29586,29331.66725,1,2.724,210.63,true
675,2026-06-12 11:05:00,LONG,29656,29362.56625,3,2.587,210.63,true
706,2026-06-12 11:05:00,LONG,29656,29361.91725,4,2.587,210.63,true
707,2026-06-12 11:05:00,LONG,29656,29361.91725,3,2.587,210.63,true
763,2026-06-12 11:05:00,LONG,29656,29361.2035,3,2.587,210.63,true
764,2026-06-12 11:05:00,LONG,29656,29361.2035,3,2.587,210.63,true
708,2026-06-12 11:15:00,LONG,29729.75,29555.41725,3,0.059,-350.67,false
782,2026-06-12 11:15:00,LONG,29729.75,29552.549,6,0.059,-356.40,false
679,2026-06-12 11:20:00,LONG,29745,29606.28125,0,0.029,-279.44,false
676,2026-06-12 11:25:00,LONG,29745.25,29624.06625,2,0.007,-244.37,false
709,2026-06-12 11:25:00,LONG,29745.25,29623.49075,0,0.007,-245.52,false
679,2026-06-12 11:45:00,SHORT,29488.5,29755.71875,0,0.156,-536.44,false
709,2026-06-12 11:45:00,SHORT,29488.5,29756.25925,0,0.156,-537.52,false
676,2026-06-12 11:50:00,SHORT,29572.25,29750.68375,0,0.320,210.63,true
708,2026-06-12 11:50:00,SHORT,29572.25,29751.33275,0,0.320,210.63,true
782,2026-06-12 11:50:00,SHORT,29572.25,29754.201,0,0.320,210.63,true
707,2026-06-12 11:55:00,SHORT,29439.75,29673.58275,0,0.060,-469.67,false
764,2026-06-12 11:55:00,SHORT,29439.75,29674.2965,0,0.060,-471.09,false
675,2026-06-12 12:05:00,SHORT,29521.5,29672.93375,0,0.084,-304.87,false
675,2026-06-12 12:25:00,LONG,29593.5,29471.81625,0,2.710,210.63,true
764,2026-06-12 12:35:00,LONG,29604.75,29470.4535,0,2.687,210.63,true
708,2026-06-12 12:55:00,LONG,29673,29571.16725,3,2.554,210.63,true
782,2026-06-12 12:55:00,LONG,29673,29568.299,2,2.554,210.63,true
707,2026-06-12 13:00:00,LONG,29699.5,29580.91725,3,0.103,-239.17,false
676,2026-06-12 13:10:00,LONG,29702.75,29584.81625,1,0.083,-237.87,false
679,2026-06-12 13:10:00,LONG,29702.75,29584.78125,0,0.083,-237.94,false
709,2026-06-12 13:25:00,LONG,29721,29653.74075,0,0.018,-136.52,false
709,2026-06-12 14:05:00,SHORT,29653.5,29737.25925,0,0.143,-169.52,false
676,2026-06-12 14:10:00,SHORT,29649.75,29713.18375,0,0.081,-128.87,false
679,2026-06-12 14:10:00,SHORT,29649.75,29713.21875,3,0.081,-128.94,false
676,2026-06-12 14:40:00,LONG,29709.75,29608.81625,0,0.005,-203.87,false
679,2026-06-12 14:45:00,LONG,29704.75,29657.03125,0,0.007,-97.44,false
676,2026-06-12 15:35:00,SHORT,29613.75,29703.18375,2,0.025,-180.87,false
679,2026-06-12 15:35:00,SHORT,29613.75,29717.71875,1,0.025,-209.94,false
676,2026-06-12 16:10:00,LONG,29714.25,29639.31625,0,2.473,210.63,true
679,2026-06-12 16:15:00,LONG,29717.25,29639.28125,0,2.467,210.63,true
723,2026-06-14 18:15:00,LONG,30369.5,30183.76375,0,1.173,213.40,true
724,2026-06-14 18:15:00,LONG,30369.5,30183.76375,6,1.173,213.40,true
730,2026-06-14 18:15:00,LONG,30369.5,30183.69975,0,1.173,213.40,true
731,2026-06-14 18:15:00,LONG,30369.5,30183.69975,0,1.173,213.40,true
736,2026-06-14 18:15:00,LONG,30369.5,30183.733,2,1.173,213.40,true
737,2026-06-14 18:15:00,LONG,30369.5,30183.733,0,1.173,213.40,true
738,2026-06-14 18:15:00,LONG,30369.5,30183.733,0,1.173,213.40,true
757,2026-06-14 18:15:00,LONG,30369.5,30183.59825,9,1.173,213.40,true
731,2026-06-14 18:40:00,SHORT,30333,30390.05025,0,0.099,-116.10,false
731,2026-06-14 20:10:00,LONG,30448.5,30306.44975,3,1.020,213.40,true
732,2026-06-14 20:15:00,LONG,30452,30332.19975,2,1.013,213.40,true
739,2026-06-14 20:15:00,LONG,30452,30332.233,6,1.013,213.40,true
786,2026-06-14 20:15:00,LONG,30452,30329.166,2,1.013,213.40,true
733,2026-06-14 20:20:00,LONG,30458.75,30355.44975,0,1.000,213.40,true
734,2026-06-14 20:20:00,LONG,30458.75,30355.44975,3,1.000,213.40,true
758,2026-06-14 20:20:00,LONG,30458.75,30355.34825,1,1.000,213.40,true
740,2026-06-14 20:25:00,LONG,30456.25,30406.483,0,1.005,213.40,true
741,2026-06-14 22:15:00,LONG,30487.25,30433.733,3,0.945,213.40,true
742,2026-06-14 23:25:00,LONG,30505.25,30475.483,1,0.028,-61.53,false
742,2026-06-15 00:05:00,SHORT,30479.5,30519.017,1,0.018,-81.03,false
742,2026-06-15 00:30:00,LONG,30524,30473.483,0,0.874,213.40,true
743,2026-06-15 01:05:00,LONG,30540,30494.16,4,0.843,213.40,true
735,2026-06-15 03:35:00,LONG,30561,30514.44975,7,0.130,-95.10,false
752,2026-06-15 03:35:00,LONG,30561,30514.40775,5,0.130,-95.18,false
744,2026-06-15 04:15:00,LONG,30566.75,30532.16,7,0.119,-71.18,false
745,2026-06-15 04:35:00,LONG,30612.75,30532.16,5,0.030,-163.18,false
748,2026-06-15 04:35:00,LONG,30612.75,30556.07975,7,0.030,-115.34,false
759,2026-06-15 04:40:00,LONG,30611.5,30565.59825,0,0.032,-93.80,false
748,2026-06-15 05:20:00,SHORT,30557.5,30610.92025,1,0.093,-108.84,false
759,2026-06-15 05:20:00,SHORT,30557.5,30635.65175,0,0.093,-158.30,false
745,2026-06-15 05:25:00,SHORT,30539.75,30610.84,0,0.059,-144.18,false
744,2026-06-15 05:35:00,SHORT,30532,30584.09,1,0.044,-106.18,false
752,2026-06-15 05:35:00,SHORT,30532,30569.09225,2,0.044,-76.18,false
752,2026-06-15 06:55:00,LONG,30561.5,30522.65775,1,0.801,213.40,true
744,2026-06-15 07:10:00,LONG,30595,30539.91,2,0.054,-112.18,false
745,2026-06-15 07:10:00,LONG,30595,30545.41,3,0.054,-101.18,false
748,2026-06-15 07:20:00,LONG,30613.5,30546.82975,0,0.018,-135.34,false
748,2026-06-15 08:30:00,SHORT,30555.5,30612.67025,3,0.033,-116.34,false
748,2026-06-15 09:20:00,LONG,30608.75,30555.07975,2,0.710,213.40,true
759,2026-06-15 09:30:00,LONG,30659.25,30569.34825,2,0.612,213.40,true
746,2026-06-15 09:40:00,LONG,30704,30597.41,0,0.525,213.40,true
787,2026-06-15 09:40:00,LONG,30704,30594.416,1,0.525,213.40,true
747,2026-06-15 09:55:00,LONG,30703.75,30647.41,3,0.526,213.40,true
753,2026-06-15 09:55:00,LONG,30703.75,30647.40775,1,0.526,213.40,true
749,2026-06-15 10:10:00,LONG,30729,30647.32975,5,0.477,213.40,true
750,2026-06-15 11:05:00,LONG,30822.25,30710.57975,5,0.297,213.40,true
751,2026-06-15 11:15:00,LONG,30819,30738.07975,2,0.303,213.40,true
751,2026-06-15 18:25:00,SHORT,30786,30856.17025,1,0.060,-142.34,false
751,2026-06-15 19:35:00,LONG,30819.5,30789.32975,1,0.067,-62.34,false
751,2026-06-15 20:55:00,SHORT,30775.25,30843.17025,4,0.039,-137.84,false
751,2026-06-15 23:35:00,LONG,30848.75,30773.57975,5,0.251,208.58,true
750,2026-06-16 10:30:00,SHORT,30608.25,30832.92025,3,1.357,208.58,true
751,2026-06-16 10:30:00,SHORT,30608.25,30832.92025,14,1.357,208.58,true
749,2026-06-16 10:35:00,SHORT,30673.25,30778.42025,3,1.485,208.58,true
753,2026-06-16 10:35:00,SHORT,30673.25,30778.34225,4,1.485,208.58,true
746,2026-06-16 10:55:00,SHORT,30602.75,30722.09,1,1.346,208.58,true
747,2026-06-16 10:55:00,SHORT,30602.75,30778.34,2,1.346,208.58,true
788,2026-06-16 11:00:00,SHORT,30632,30691.35275,2,1.404,208.58,true
787,2026-06-16 11:20:00,SHORT,30562.75,30691.584,1,1.266,208.58,true
748,2026-06-16 11:30:00,SHORT,30554.5,30655.92025,2,1.250,208.58,true
759,2026-06-16 11:30:00,SHORT,30554.5,30655.90175,2,1.250,208.58,true
745,2026-06-16 11:35:00,SHORT,30503.5,30623.34,5,1.149,208.58,true
744,2026-06-16 11:45:00,SHORT,30432,30623.34,6,1.008,208.58,true
752,2026-06-16 11:45:00,SHORT,30432,30623.34225,3,1.008,208.58,true
735,2026-06-16 11:50:00,SHORT,30508,30585.05025,8,1.158,208.58,true
743,2026-06-16 11:50:00,SHORT,30508,30585.09,9,1.158,208.58,true
743,2026-06-16 12:10:00,LONG,30532,30456.41,0,0.085,-153.18,false
743,2026-06-16 12:40:00,SHORT,30500.5,30562.59,1,0.452,208.58,true
742,2026-06-16 13:10:00,SHORT,30478.5,30548.267,3,0.408,208.58,true
741,2026-06-16 13:35:00,SHORT,30415.75,30497.767,7,0.022,-166.03,false
741,2026-06-16 13:55:00,LONG,30477.25,30397.233,0,0.038,-162.03,false
741,2026-06-16 14:55:00,SHORT,30443,30501.017,1,0.338,208.58,true
740,2026-06-16 15:20:00,SHORT,30434,30486.267,11,0.320,208.58,true
734,2026-06-16 15:45:00,SHORT,30396.25,30469.30025,9,0.245,208.58,true
758,2026-06-16 15:55:00,SHORT,30310,30450.15175,4,0.075,-282.30,false
733,2026-06-16 16:00:00,SHORT,30313.25,30428.30025,4,0.081,-232.10,false
731,2026-06-16 16:05:00,SHORT,30308.5,30428.30025,1,0.072,-241.60,false
732,2026-06-16 16:05:00,SHORT,30308.5,30428.30025,2,0.072,-241.60,false
739,2026-06-16 16:05:00,SHORT,30308.5,30428.267,2,0.072,-241.53,false
786,2026-06-16 16:05:00,SHORT,30308.5,30431.334,3,0.072,-247.67,false
731,2026-06-16 18:15:00,LONG,30358.5,30299.19975,0,0.442,211.15,true
791,2026-06-16 18:15:00,LONG,30358.5,30296.274,0,0.442,211.15,true
731,2026-06-16 19:45:00,SHORT,30327.25,30369.30025,3,0.040,-86.10,false
731,2026-06-16 20:15:00,LONG,30373.75,30323.19975,1,0.412,211.15,true
739,2026-06-16 20:35:00,LONG,30393.25,30348.983,4,0.374,211.15,true
732,2026-06-16 21:10:00,LONG,30401.75,30349.44975,6,0.357,211.15,true
786,2026-06-16 21:25:00,LONG,30417,30357.916,3,0.328,211.15,true
733,2026-06-16 21:30:00,LONG,30420.25,30360.94975,2,0.321,211.15,true
758,2026-06-16 21:45:00,LONG,30430.25,30381.34825,1,0.302,211.15,true
734,2026-06-16 21:55:00,LONG,30446.25,30396.44975,1,0.270,211.15,true
740,2026-06-16 23:50:00,LONG,30467,30417.233,5,0.230,211.15,true
741,2026-06-17 00:25:00,LONG,30474.5,30435.733,3,0.215,211.15,true
792,2026-06-17 01:05:00,LONG,30487.25,30442.024,4,0.190,-92.45,false
742,2026-06-17 01:45:00,LONG,30523.5,30472.983,5,0.119,-103.03,false
743,2026-06-17 02:50:00,LONG,30533,30477.16,4,0.101,-113.68,false
735,2026-06-17 03:05:00,LONG,30563.5,30512.44975,3,0.041,-104.10,false
752,2026-06-17 03:10:00,LONG,30575.5,30524.40775,4,0.018,-104.18,false
752,2026-06-17 04:25:00,SHORT,30518.75,30587.84225,3,1.165,211.15,true
735,2026-06-17 04:35:00,SHORT,30481.75,30587.80025,1,1.093,211.15,true
743,2026-06-17 04:40:00,SHORT,30487.25,30549.84,0,1.104,211.15,true
742,2026-06-17 04:45:00,SHORT,30468.25,30532.267,3,0.157,-130.03,false
742,2026-06-17 05:05:00,LONG,30508,30457.233,0,0.036,-103.53,false
742,2026-06-17 05:55:00,SHORT,30463,30533.767,1,0.147,-143.53,false
792,2026-06-17 06:00:00,SHORT,30436.75,30515.476,5,0.096,-159.45,false
741,2026-06-17 06:10:00,SHORT,30451,30489.767,3,0.029,-79.53,false
741,2026-06-17 06:50:00,LONG,30474.25,30443.733,1,0.013,-63.03,false
741,2026-06-17 07:50:00,SHORT,30410,30489.017,2,0.044,-160.03,false
740,2026-06-17 07:55:00,SHORT,30416,30476.267,6,0.001,-122.53,false
740,2026-06-17 08:15:00,LONG,30455,30408.233,0,0.156,-95.53,false
741,2026-06-17 08:40:00,LONG,30506.5,30440.483,1,0.055,-134.03,false
792,2026-06-17 08:45:00,LONG,30501.75,30451.524,5,0.065,-102.45,false
734,2026-06-17 10:05:00,SHORT,30385.25,30491.80025,6,0.055,-215.10,false
740,2026-06-17 10:05:00,SHORT,30385.25,30491.767,2,0.055,-215.03,false
741,2026-06-17 10:05:00,SHORT,30385.25,30549.517,2,0.904,211.15,true
792,2026-06-17 10:05:00,SHORT,30385.25,30552.476,3,0.904,211.15,true
734,2026-06-17 10:25:00,LONG,30509.5,30349.69975,0,0.013,-321.60,false
740,2026-06-17 10:25:00,LONG,30509.5,30349.733,0,0.013,-321.53,false
740,2026-06-17 10:45:00,SHORT,30370.75,30523.267,0,0.876,211.15,true
734,2026-06-17 11:05:00,SHORT,30360,30470.55025,1,0.011,-223.10,false
734,2026-06-17 12:00:00,LONG,30447.75,30405.19975,2,0.047,-87.10,false
740,2026-06-17 12:25:00,LONG,30456.75,30416.233,4,0.028,-83.03,false
734,2026-06-17 12:55:00,SHORT,30410.25,30466.80025,1,0.164,-115.10,false
740,2026-06-17 12:55:00,SHORT,30410.25,30466.767,1,0.164,-115.03,false
758,2026-06-17 13:10:00,SHORT,30377,30466.90175,10,0.048,-181.80,false
733,2026-06-17 13:15:00,SHORT,30387,30417.55025,9,0.024,-63.10,false
731,2026-06-17 14:15:00,SHORT,30322.5,30479.05025,7,0.281,211.15,true
732,2026-06-17 14:15:00,SHORT,30322.5,30479.05025,8,0.281,211.15,true
739,2026-06-17 14:15:00,SHORT,30322.5,30479.017,9,0.281,211.15,true
786,2026-06-17 14:15:00,SHORT,30322.5,30482.084,13,0.281,211.15,true
791,2026-06-17 14:30:00,SHORT,30230,30481.976,8,0.000,-505.95,false
731,2026-06-17 14:45:00,LONG,30452.5,30202.19975,0,0.054,-502.60,false
732,2026-06-17 14:50:00,LONG,30417.25,30223.19975,0,0.007,-390.10,false
733,2026-06-17 14:50:00,LONG,30417.25,30223.19975,3,0.007,-390.10,false
739,2026-06-17 14:50:00,LONG,30417.25,30223.233,0,0.007,-390.03,false
786,2026-06-17 14:50:00,LONG,30417.25,30220.166,0,0.007,-396.17,false
791,2026-06-17 14:50:00,LONG,30417.25,30220.274,0,0.007,-395.95,false
732,2026-06-17 15:10:00,SHORT,30352.25,30428.30025,0,0.840,211.15,true
733,2026-06-17 15:10:00,SHORT,30352.25,30428.30025,0,0.840,211.15,true
739,2026-06-17 15:10:00,SHORT,30352.25,30428.267,0,0.840,211.15,true
786,2026-06-17 15:10:00,SHORT,30352.25,30431.334,0,0.840,211.15,true
724,2026-06-17 15:25:00,SHORT,30129,30377.23625,4,0.403,211.15,true
731,2026-06-17 15:25:00,SHORT,30129,30428.30025,0,0.403,211.15,true
736,2026-06-17 15:25:00,SHORT,30129,30377.267,3,0.403,211.15,true
730,2026-06-17 15:30:00,SHORT,30060.25,30369.05025,12,0.268,211.15,true
737,2026-06-17 15:30:00,SHORT,30060.25,30369.017,5,0.268,211.15,true
738,2026-06-17 15:30:00,SHORT,30060.25,30369.017,10,0.268,211.15,true
757,2026-06-17 15:30:00,SHORT,30060.25,30377.40175,5,0.268,211.15,true
791,2026-06-17 15:30:00,SHORT,30060.25,30371.976,1,0.268,211.15,true
722,2026-06-17 15:35:00,SHORT,29963.5,30228.98625,2,0.079,-532.97,false
723,2026-06-17 15:35:00,SHORT,29963.5,30228.98625,2,0.079,-532.97,false
756,2026-06-17 15:35:00,SHORT,29963.5,30229.15175,3,0.079,-533.30,false
721,2026-06-17 15:40:00,SHORT,29960.25,30228.98625,1,0.073,-539.47,false
729,2026-06-17 15:40:00,SHORT,29960.25,30229.08475,2,0.073,-539.67,false
718,2026-06-17 15:45:00,SHORT,30014.75,30170.18675,2,0.179,-312.87,false
727,2026-06-17 15:45:00,SHORT,30014.75,30170.33475,1,0.179,-313.17,false
728,2026-06-17 15:45:00,SHORT,30014.75,30170.33475,2,0.179,-313.17,false
755,2026-06-17 15:45:00,SHORT,30014.75,30170.40175,3,0.179,-313.30,false
720,2026-06-17 15:50:00,SHORT,29950,30129.23625,0,0.011,-360.47,false
726,2026-06-17 15:50:00,SHORT,29950,30129.33475,0,0.011,-360.67,false
720,2026-06-17 16:25:00,LONG,30123.5,29937.26375,0,1.652,211.15,true
718,2026-06-17 16:30:00,LONG,30128.25,30007.81325,1,1.642,211.15,true
726,2026-06-17 16:30:00,LONG,30128.25,30007.66525,1,1.642,211.15,true
727,2026-06-17 16:30:00,LONG,30128.25,30007.66525,1,1.642,211.15,true
728,2026-06-17 16:35:00,LONG,30153,30082.66525,0,1.594,211.15,true
755,2026-06-17 16:35:00,LONG,30153,30082.59825,0,1.594,211.15,true
722,2026-06-17 18:15:00,LONG,30187.25,30088.76375,1,1.493,216.04,true
756,2026-06-17 18:15:00,LONG,30187.25,30088.59825,1,1.493,216.04,true
721,2026-06-17 18:20:00,LONG,30242.75,30107.01375,1,1.387,216.04,true
729,2026-06-17 18:20:00,LONG,30242.75,30106.91525,3,1.387,216.04,true
723,2026-06-17 18:30:00,LONG,30225.25,30107.01375,0,1.420,216.04,true
757,2026-06-17 18:45:00,LONG,30250,30181.09825,0,1.373,216.04,true
724,2026-06-17 19:10:00,LONG,30262.5,30222.76375,2,1.349,216.04,true
736,2026-06-17 19:20:00,LONG,30291.25,30217.733,3,1.294,216.04,true
737,2026-06-17 19:30:00,LONG,30296.5,30233.983,0,1.284,216.04,true
738,2026-06-17 20:05:00,LONG,30401.5,30269.733,2,1.083,216.04,true
730,2026-06-17 20:10:00,LONG,30417.25,30277.19975,1,1.053,216.04,true
791,2026-06-17 20:10:00,LONG,30417.25,30274.274,0,1.053,216.04,true
731,2026-06-17 20:15:00,LONG,30397,30299.19975,0,0.079,-197.60,false
739,2026-06-17 20:15:00,LONG,30397,30299.233,1,0.079,-197.53,false
732,2026-06-17 20:40:00,LONG,30409.25,30348.69975,0,0.055,-123.10,false
786,2026-06-17 21:15:00,LONG,30405,30352.916,2,0.055,-106.17,false
786,2026-06-18 00:15:00,SHORT,30343.75,30430.084,7,0.114,-174.67,false
732,2026-06-18 00:20:00,SHORT,30333.5,30412.80025,7,0.095,-160.60,false
739,2026-06-18 00:20:00,SHORT,30333.5,30395.267,5,0.095,-125.53,false
731,2026-06-18 00:30:00,SHORT,30320,30378.05025,0,0.069,-118.10,false
731,2026-06-18 01:25:00,LONG,30362.25,30302.94975,0,1.158,216.04,true
739,2026-06-18 03:05:00,LONG,30424.75,30342.983,5,0.685,216.04,true
732,2026-06-18 03:10:00,LONG,30394.25,30365.94975,2,0.202,-58.60,false
733,2026-06-18 03:30:00,LONG,30420,30365.94975,7,0.153,-110.10,false
786,2026-06-18 03:30:00,LONG,30420,30362.916,1,0.153,-116.17,false
758,2026-06-18 04:05:00,LONG,30490.75,30391.59825,19,0.018,-200.30,false
734,2026-06-18 04:10:00,LONG,30482.5,30403.19975,13,0.006,-160.60,false
740,2026-06-18 04:10:00,LONG,30482.5,30403.233,5,0.006,-160.53,false
740,2026-06-18 05:05:00,SHORT,30420.5,30461.517,2,0.027,-84.03,false
740,2026-06-18 05:50:00,LONG,30483,30419.483,2,0.023,-129.03,false
741,2026-06-18 05:55:00,LONG,30488.5,30443.483,10,0.012,-92.03,false
741,2026-06-18 06:45:00,SHORT,30432.5,30493.267,2,0.148,-123.53,false
734,2026-06-18 07:15:00,SHORT,30384.5,30464.30025,7,0.056,-161.60,false
740,2026-06-18 07:15:00,SHORT,30384.5,30466.017,0,0.056,-165.03,false
758,2026-06-18 07:25:00,SHORT,30403.75,30458.90175,3,0.093,-112.30,false
734,2026-06-18 08:25:00,LONG,30470.25,30391.19975,2,0.286,216.04,true
758,2026-06-18 08:25:00,LONG,30470.25,30391.09825,2,0.286,216.04,true
740,2026-06-18 08:30:00,LONG,30461,30391.233,0,0.304,216.04,true
741,2026-06-18 08:50:00,LONG,30500.25,30430.983,0,0.228,216.04,true
792,2026-06-18 08:55:00,LONG,30514.75,30448.024,12,0.201,-135.45,false
742,2026-06-18 09:20:00,LONG,30540.75,30461.733,12,0.151,-160.03,false
743,2026-06-18 09:25:00,LONG,30594,30472.66,10,0.041,-244.68,false
743,2026-06-18 09:45:00,SHORT,30497,30622.84,0,0.180,-253.68,false
743,2026-06-18 10:40:00,LONG,30573.25,30442.16,1,0.402,216.04,true
735,2026-06-18 10:45:00,LONG,30645.75,30456.19975,10,0.263,216.04,true
752,2026-06-18 10:45:00,LONG,30645.75,30456.15775,6,0.263,216.04,true
744,2026-06-18 10:50:00,LONG,30616.25,30515.91,10,0.114,-202.68,false
745,2026-06-18 10:55:00,LONG,30623.5,30515.91,10,0.100,-217.18,false
748,2026-06-18 11:00:00,LONG,30622.5,30563.82975,6,0.102,-119.34,false
759,2026-06-18 11:00:00,LONG,30622.5,30563.84825,3,0.102,-119.30,false
759,2026-06-18 11:35:00,SHORT,30542.75,30653.90175,0,0.089,-224.30,false
744,2026-06-18 11:45:00,SHORT,30549.25,30623.84,0,0.000,-151.18,false
748,2026-06-18 11:45:00,SHORT,30549.25,30639.67025,0,0.000,-182.84,false
744,2026-06-18 12:05:00,LONG,30653.25,30541.91,0,0.249,216.04,true
748,2026-06-18 12:05:00,LONG,30653.25,30541.82975,0,0.249,216.04,true
759,2026-06-18 12:05:00,LONG,30653.25,30541.84825,0,0.249,216.04,true
794,2026-06-18 12:05:00,LONG,30653.25,30538.7895,5,0.249,216.04,true
787,2026-06-18 12:15:00,LONG,30652,30590.416,5,0.251,216.04,true
746,2026-06-18 12:30:00,LONG,30677.75,30621.41,8,0.202,-114.68,false
747,2026-06-18 12:45:00,LONG,30691.25,30641.91,2,0.176,-100.68,false
788,2026-06-18 12:45:00,LONG,30691.25,30639.14725,5,0.176,-106.21,false
753,2026-06-18 13:15:00,LONG,30725.5,30642.65775,3,0.110,-167.68,false
753,2026-06-18 14:40:00,SHORT,30676.75,30726.09225,2,0.060,-100.68,false
749,2026-06-18 15:50:00,LONG,30749,30673.57975,7,0.050,-152.84,false
753,2026-06-18 15:50:00,LONG,30749,30673.65775,2,0.050,-152.68,false
749,2026-06-18 18:30:00,SHORT,30676.75,30733.17025,4,0.651,215.31,true
753,2026-06-18 18:40:00,SHORT,30661.75,30733.09225,2,0.622,215.31,true
747,2026-06-18 20:15:00,SHORT,30648.75,30701.59,10,0.500,215.31,true
788,2026-06-18 20:20:00,SHORT,30650.25,30704.35275,11,0.503,215.31,true
746,2026-06-18 21:20:00,SHORT,30629,30664.34,6,0.462,215.31,true
787,2026-06-18 21:40:00,SHORT,30610,30667.334,6,0.426,215.31,true
794,2026-06-18 22:00:00,SHORT,30593.25,30639.4605,2,0.394,215.31,true
759,2026-06-18 22:10:00,SHORT,30588.25,30624.40175,0,0.384,215.31,true
748,2026-06-18 23:20:00,SHORT,30549.25,30613.92025,3,0.309,215.31,true
745,2026-06-18 23:25:00,SHORT,30539,30597.84,3,0.290,215.31,true
744,2026-06-18 23:30:00,SHORT,30523,30587.59,0,0.259,215.31,true
752,2026-06-18 23:50:00,SHORT,30525.5,30587.59225,1,0.264,215.31,true
735,2026-06-19 00:05:00,SHORT,30492.5,30552.80025,3,0.200,-122.60,false
743,2026-06-19 00:10:00,SHORT,30511.75,30552.84,3,0.237,215.31,true
742,2026-06-19 00:40:00,SHORT,30478.25,30526.517,6,0.173,-98.53,false
792,2026-06-19 00:55:00,SHORT,30433.75,30514.726,7,0.088,-163.95,false
741,2026-06-19 01:00:00,SHORT,30445.25,30493.267,6,0.110,-98.03,false
740,2026-06-19 01:25:00,SHORT,30432.5,30485.267,2,0.085,-107.53,false
740,2026-06-19 02:00:00,LONG,30503,30400.983,1,0.388,215.31,true
741,2026-06-19 02:05:00,LONG,30510.25,30426.483,0,0.374,215.31,true
792,2026-06-19 02:10:00,LONG,30511.25,30423.524,0,0.372,215.31,true
742,2026-06-19 02:15:00,LONG,30506.5,30472.233,0,0.381,215.31,true
735,2026-06-19 03:00:00,LONG,30567.75,30497.94975,2,0.263,215.31,true
743,2026-06-19 03:00:00,LONG,30567.75,30494.41,3,0.263,215.31,true
752,2026-06-19 03:05:00,LONG,30572.75,30516.90775,0,0.254,215.31,true
744,2026-06-19 03:10:00,LONG,30585.25,30537.66,0,0.155,-97.18,false
745,2026-06-19 03:20:00,LONG,30587.75,30537.66,0,0.150,-102.18,false
748,2026-06-19 03:35:00,LONG,30612.5,30557.57975,0,0.103,-111.84,false
759,2026-06-19 04:00:00,LONG,30626,30578.59825,3,0.077,-96.80,false
794,2026-06-19 04:20:00,LONG,30641.25,30583.5395,5,0.047,-117.42,false
787,2026-06-19 04:50:00,LONG,30647.25,30608.916,2,0.036,-78.67,false
787,2026-06-19 06:10:00,SHORT,30613.75,30676.334,0,0.170,-127.17,false
759,2026-06-19 06:30:00,SHORT,30566,30624.40175,1,0.078,-118.80,false
794,2026-06-19 06:30:00,SHORT,30566,30653.4605,4,0.078,-176.92,false
748,2026-06-19 06:40:00,SHORT,30564.5,30617.92025,0,0.075,-108.84,false
745,2026-06-19 08:35:00,SHORT,30550,30600.34,3,0.019,-102.68,false
745,2026-06-19 09:00:00,LONG,30635.75,30536.41,0,0.133,-200.68,false
748,2026-06-19 09:05:00,LONG,30658.5,30539.32975,7,0.089,-240.34,false
759,2026-06-19 09:05:00,LONG,30658.5,30539.34825,3,0.089,-240.30,false
794,2026-06-19 09:05:00,LONG,30658.5,30536.2895,0,0.089,-246.42,false
787,2026-06-19 09:35:00,LONG,30664,30536.416,0,0.079,-257.17,false
746,2026-06-19 09:55:00,LONG,30682.25,30621.91,9,0.044,-122.68,false
747,2026-06-19 11:00:00,LONG,30692,30651.66,5,0.025,-82.68,false
788,2026-06-19 11:00:00,LONG,30692,30632.14725,7,0.025,-121.71,false
747,2026-06-21 18:00:00,SHORT,30600,30708.59,4,0.513,211.45,true
788,2026-06-21 18:00:00,SHORT,30600,30711.35275,5,0.513,211.45,true
746,2026-06-21 18:10:00,SHORT,30503,30692.84,3,0.323,211.45,true
787,2026-06-21 18:10:00,SHORT,30503,30680.584,1,0.323,211.45,true
744,2026-06-21 18:15:00,SHORT,30516.5,30624.09,5,0.350,211.45,true
745,2026-06-21 18:15:00,SHORT,30516.5,30624.09,0,0.350,211.45,true
748,2026-06-21 18:15:00,SHORT,30516.5,30624.17025,0,0.350,211.45,true
752,2026-06-21 18:15:00,SHORT,30516.5,30624.09225,6,0.350,211.45,true
759,2026-06-21 18:15:00,SHORT,30516.5,30624.15175,0,0.350,211.45,true
794,2026-06-21 18:15:00,SHORT,30516.5,30627.2105,0,0.350,211.45,true
735,2026-06-21 19:10:00,SHORT,30454.75,30579.30025,5,0.229,211.45,true
742,2026-06-21 19:10:00,SHORT,30454.75,30579.267,3,0.229,211.45,true
743,2026-06-21 19:10:00,SHORT,30454.75,30579.34,3,0.229,211.45,true
792,2026-06-21 19:20:00,SHORT,30454,30533.476,1,0.228,211.45,true
741,2026-06-21 19:25:00,SHORT,30439.5,30495.517,2,0.199,-114.03,false
734,2026-06-21 19:40:00,SHORT,30381.75,30466.55025,7,0.086,-171.60,false
740,2026-06-21 19:40:00,SHORT,30381.75,30466.517,1,0.086,-171.53,false
733,2026-06-21 19:45:00,SHORT,30360.5,30455.80025,10,0.045,-192.60,false
758,2026-06-21 19:45:00,SHORT,30360.5,30455.90175,7,0.045,-192.80,false
786,2026-06-21 19:50:00,SHORT,30356.75,30422.834,8,0.038,-134.17,false
732,2026-06-21 19:55:00,SHORT,30355.75,30419.80025,8,0.016,-130.10,false
732,2026-06-21 20:15:00,LONG,30524,30340.44975,0,0.867,211.45,true
733,2026-06-21 20:15:00,LONG,30524,30340.44975,0,0.867,211.45,true
734,2026-06-21 20:15:00,LONG,30524,30340.44975,0,0.867,211.45,true
740,2026-06-21 20:15:00,LONG,30524,30340.483,0,0.867,211.45,true
741,2026-06-21 20:15:00,LONG,30524,30340.483,0,0.867,211.45,true
758,2026-06-21 20:15:00,LONG,30524,30340.34825,0,0.867,211.45,true
786,2026-06-21 20:15:00,LONG,30524,30337.416,0,0.867,211.45,true
792,2026-06-21 20:15:00,LONG,30524,30337.524,0,0.867,211.45,true
742,2026-06-21 20:25:00,LONG,30565,30340.483,0,0.787,211.45,true
735,2026-06-21 20:35:00,LONG,30557.75,30467.69975,1,0.801,211.45,true
743,2026-06-21 20:35:00,LONG,30557.75,30467.66,1,0.801,211.45,true
752,2026-06-21 20:40:00,LONG,30578.25,30510.40775,3,0.761,211.45,true
744,2026-06-21 20:50:00,LONG,30607.25,30510.41,2,0.705,211.45,true
745,2026-06-21 20:50:00,LONG,30607.25,30544.16,2,0.101,-128.18,false
748,2026-06-21 20:55:00,LONG,30616.75,30546.57975,0,0.083,-142.34,false
759,2026-06-21 21:05:00,LONG,30632,30569.84825,0,0.053,-126.30,false
794,2026-06-21 21:10:00,LONG,30629.75,30580.0395,0,0.057,-101.42,false
787,2026-06-21 21:30:00,LONG,30652,30602.666,0,0.014,-100.67,false
787,2026-06-21 22:00:00,SHORT,30605,30664.084,1,0.158,-120.17,false
794,2026-06-21 22:35:00,SHORT,30592.75,30664.2105,1,0.134,-144.92,false
759,2026-06-21 22:55:00,SHORT,30583.5,30628.40175,2,0.116,-91.80,false
748,2026-06-21 23:10:00,SHORT,30555.75,30608.42025,2,0.000,-107.34,false
748,2026-06-21 23:30:00,LONG,30613.25,30548.82975,0,0.003,-130.84,false
748,2026-06-22 00:20:00,SHORT,30562.75,30617.42025,0,0.076,-111.34,false
745,2026-06-22 00:25:00,SHORT,30547,30590.59,3,0.045,-89.18,false
745,2026-06-22 01:05:00,LONG,30637,30522.16,1,0.646,211.45,true
748,2026-06-22 01:15:00,LONG,30646.5,30556.82975,0,0.628,211.45,true
759,2026-06-22 01:20:00,LONG,30658.5,30575.34825,1,0.604,211.45,true
787,2026-06-22 01:20:00,LONG,30658.5,30572.416,1,0.604,211.45,true
794,2026-06-22 01:20:00,LONG,30658.5,30572.2895,3,0.604,211.45,true
746,2026-06-22 02:10:00,LONG,30681,30628.66,6,0.561,211.45,true
788,2026-06-22 02:15:00,LONG,30688,30627.89725,5,0.547,211.45,true
747,2026-06-22 02:25:00,LONG,30729.25,30653.91,0,0.466,211.45,true
753,2026-06-22 02:30:00,LONG,30713,30668.40775,8,0.498,211.45,true
795,2026-06-22 02:30:00,LONG,30713,30651.00975,0,0.498,211.45,true
749,2026-06-22 02:45:00,LONG,30722.75,30675.07975,3,0.479,211.45,true
796,2026-06-22 03:10:00,LONG,30763.25,30710.50975,2,0.036,-107.48,false
750,2026-06-22 03:35:00,LONG,30769.25,30726.07975,3,0.000,-88.34,false
750,2026-06-22 04:10:00,SHORT,30724.75,30776.92025,0,0.073,-106.34,false
796,2026-06-22 04:15:00,SHORT,30706,30775.74025,2,0.037,-141.48,false
796,2026-06-22 08:05:00,LONG,30773.25,30711.75975,5,0.380,211.45,true
750,2026-06-22 08:10:00,LONG,30780.5,30733.57975,7,0.366,211.45,true
793,2026-06-22 08:30:00,LONG,30843.5,30742.274,8,0.243,211.45,true
751,2026-06-22 08:35:00,LONG,30824.25,30770.82975,1,0.156,-108.84,false
797,2026-06-22 09:20:00,LONG,30869.25,30790.75975,3,0.068,-158.98,false
751,2026-06-22 10:35:00,SHORT,30695.25,30884.92025,4,2.794,211.45,true
793,2026-06-22 10:35:00,SHORT,30695.25,30887.726,2,2.794,211.45,true
797,2026-06-22 10:35:00,SHORT,30695.25,30887.74025,2,2.794,211.45,true
750,2026-06-22 10:40:00,SHORT,30626,30828.67025,2,2.659,211.45,true
796,2026-06-22 10:40:00,SHORT,30626,30831.49025,0,2.659,211.45,true
749,2026-06-22 10:45:00,SHORT,30630.25,30769.67025,8,2.667,211.45,true
753,2026-06-22 10:50:00,SHORT,30580.5,30769.59225,4,2.570,211.45,true
746,2026-06-22 10:55:00,SHORT,30640,30722.09,1,2.686,211.45,true
747,2026-06-22 10:55:00,SHORT,30640,30722.09,1,2.686,211.45,true
788,2026-06-22 10:55:00,SHORT,30640,30724.85275,1,2.686,211.45,true
795,2026-06-22 10:55:00,SHORT,30640,30724.99025,3,2.686,211.45,true
787,2026-06-22 11:35:00,SHORT,30607,30678.834,2,0.203,-145.67,false
745,2026-06-22 12:00:00,SHORT,30518.25,30681.09,2,0.023,-327.68,false
748,2026-06-22 12:00:00,SHORT,30518.25,30681.17025,4,0.023,-327.84,false
759,2026-06-22 12:00:00,SHORT,30518.25,30681.15175,4,0.023,-327.80,false
794,2026-06-22 12:00:00,SHORT,30518.25,30684.2105,5,0.023,-333.92,false
745,2026-06-22 13:00:00,LONG,30590.75,30514.66,1,0.216,211.45,true
748,2026-06-22 13:55:00,LONG,30615,30551.57975,3,0.098,-128.84,false
759,2026-06-22 13:55:00,LONG,30615,30566.34825,4,0.098,-99.30,false
759,2026-06-22 15:00:00,SHORT,30585.5,30624.40175,1,0.100,-79.80,false
759,2026-06-22 16:00:00,LONG,30661.5,30554.34825,1,0.078,-216.30,false
794,2026-06-22 16:05:00,LONG,30645,30568.5395,3,0.110,-154.92,false
787,2026-06-22 16:20:00,LONG,30658.25,30568.666,3,0.084,-181.17,false
746,2026-06-22 18:05:00,LONG,30668.5,30571.66,7,0.011,-195.68,false
746,2026-06-22 18:40:00,SHORT,30574.75,30677.34,1,2.467,219.39,true
787,2026-06-22 18:40:00,SHORT,30574.75,30680.334,1,2.467,219.39,true
794,2026-06-22 18:45:00,SHORT,30586.75,30654.7105,0,2.489,219.39,true
759,2026-06-22 18:50:00,SHORT,30591.5,30651.65175,0,2.498,219.39,true
745,2026-06-22 19:20:00,SHORT,30558.25,30595.84,8,0.034,-77.18,false
748,2026-06-22 19:20:00,SHORT,30558.25,30614.67025,2,0.183,-114.84,false
744,2026-06-22 20:20:00,SHORT,30467.25,30604.34,18,0.005,-276.18,false
735,2026-06-22 20:25:00,SHORT,30495.5,30570.05025,6,0.026,-151.10,false
743,2026-06-22 20:25:00,SHORT,30495.5,30570.09,3,0.026,-151.18,false
752,2026-06-22 20:25:00,SHORT,30495.5,30570.09225,17,0.026,-151.18,false
735,2026-06-22 20:45:00,LONG,30613.25,30474.44975,0,0.007,-279.60,false
743,2026-06-22 20:45:00,LONG,30613.25,30474.41,0,0.007,-279.68,false
744,2026-06-22 20:50:00,LONG,30599,30502.66,0,0.032,-194.68,false
752,2026-06-22 20:50:00,LONG,30599,30502.65775,0,0.032,-194.68,false
745,2026-06-22 20:55:00,LONG,30602,30540.41,3,0.027,-125.18,false
748,2026-06-22 20:55:00,LONG,30602,30540.32975,2,0.027,-125.34,false
748,2026-06-22 21:25:00,SHORT,30566.25,30623.17025,1,2.647,219.39,true
745,2026-06-22 21:40:00,SHORT,30472,30601.34,0,2.470,219.39,true
735,2026-06-22 21:45:00,SHORT,30442,30580.30025,0,2.413,219.39,true
743,2026-06-22 21:45:00,SHORT,30442,30580.34,0,2.413,219.39,true
744,2026-06-22 21:45:00,SHORT,30442,30580.34,1,2.413,219.39,true
752,2026-06-22 21:45:00,SHORT,30442,30580.34225,1,2.413,219.39,true
742,2026-06-22 21:50:00,SHORT,30456,30530.767,1,2.439,219.39,true
792,2026-06-22 21:55:00,SHORT,30459.75,30533.726,2,2.446,219.39,true
741,2026-06-22 22:15:00,SHORT,30451.75,30525.017,1,2.431,219.39,true
740,2026-06-22 22:45:00,SHORT,30412.25,30464.517,4,2.357,219.39,true
734,2026-06-22 23:00:00,SHORT,30397.25,30445.80025,3,2.329,219.39,true
758,2026-06-22 23:05:00,SHORT,30367.75,30450.40175,2,2.273,219.39,true
733,2026-06-22 23:15:00,SHORT,30361,30440.80025,3,2.261,219.39,true
786,2026-06-22 23:15:00,SHORT,30361,30443.834,2,2.261,219.39,true
732,2026-06-22 23:20:00,SHORT,30358.25,30403.05025,1,0.108,-91.60,false
739,2026-06-22 23:40:00,SHORT,30331,30403.017,4,0.034,-146.03,false
731,2026-06-22 23:45:00,SHORT,30337.75,30372.55025,7,0.002,-71.60,false
731,2026-06-23 00:05:00,LONG,30362.75,30329.44975,0,0.006,-68.60,false
731,2026-06-23 00:25:00,SHORT,30330,30373.05025,0,2.202,219.39,true
730,2026-06-23 00:50:00,SHORT,30255.25,30337.80025,4,2.061,219.39,true
791,2026-06-23 00:50:00,SHORT,30255.25,30364.976,7,2.061,219.39,true
738,2026-06-23 01:00:00,SHORT,30262,30318.267,1,2.074,219.39,true
737,2026-06-23 01:15:00,SHORT,30221.25,30297.267,2,1.997,219.39,true
724,2026-06-23 01:20:00,SHORT,30214,30275.98625,1,1.984,219.39,true
736,2026-06-23 01:20:00,SHORT,30214,30276.017,1,1.984,219.39,true
757,2026-06-23 01:35:00,SHORT,30137.75,30269.15175,1,1.840,219.39,true
723,2026-06-23 01:40:00,SHORT,30162.5,30224.23625,0,1.690,219.39,true
722,2026-06-23 02:00:00,SHORT,30123,30196.73625,0,1.616,219.39,true
756,2026-06-23 02:00:00,SHORT,30123,30176.90175,1,1.616,219.39,true
729,2026-06-23 02:05:00,SHORT,30086.25,30172.58475,1,1.547,219.39,true
721,2026-06-23 02:15:00,SHORT,30061.75,30142.48625,1,1.501,219.39,true
728,2026-06-23 02:20:00,SHORT,30041.5,30140.58475,3,1.463,219.39,true
755,2026-06-23 02:20:00,SHORT,30041.5,30140.65175,2,1.463,219.39,true
718,2026-06-23 02:25:00,SHORT,30020.5,30140.43675,0,1.423,219.39,true
727,2026-06-23 02:30:00,SHORT,30032.5,30116.08475,0,1.446,219.39,true
726,2026-06-23 02:45:00,SHORT,30006.75,30071.58475,0,1.397,219.39,true
720,2026-06-23 02:50:00,SHORT,29997,30071.48625,0,1.379,219.39,true
771,2026-06-23 03:40:00,SHORT,29949.75,30060.79125,3,1.290,219.39,true
714,2026-06-23 03:45:00,SHORT,29954.5,30016.50925,6,0.636,219.39,true
717,2026-06-23 03:50:00,SHORT,29935.25,30010.93675,5,0.600,219.39,true
790,2026-06-23 03:50:00,SHORT,29935.25,30019.476,5,0.600,219.39,true
713,2026-06-23 03:55:00,SHORT,29909,30011.00925,5,0.551,219.39,true
712,2026-06-23 04:00:00,SHORT,29848.25,30011.00925,4,0.436,219.39,true
711,2026-06-23 04:05:00,SHORT,29891.5,29960.00925,6,0.518,219.39,true
716,2026-06-23 04:05:00,SHORT,29891.5,29959.93675,3,0.518,219.39,true
770,2026-06-23 04:20:00,SHORT,29797,29945.54125,0,0.340,219.39,true
725,2026-06-23 04:25:00,SHORT,29799.25,29909.33475,2,0.036,-222.17,false
766,2026-06-23 04:25:00,SHORT,29799.25,29910.22475,2,0.036,-223.95,false
766,2026-06-23 05:20:00,LONG,29922.75,29815.77525,3,0.021,-215.95,false
725,2026-06-23 05:25:00,LONG,29917.25,29835.91525,2,0.001,-164.67,false
770,2026-06-23 05:25:00,LONG,29917.25,29833.95875,0,0.001,-168.58,false
770,2026-06-23 05:45:00,SHORT,29879,29927.04125,0,0.494,219.39,true
725,2026-06-23 06:20:00,SHORT,29848.75,29923.58475,1,0.437,219.39,true
766,2026-06-23 06:35:00,SHORT,29799.75,29889.22475,1,0.090,-180.95,false
715,2026-06-23 06:40:00,SHORT,29781.25,29856.93675,5,0.004,-153.37,false
715,2026-06-23 07:20:00,LONG,29842,29780.31325,1,0.111,-125.37,false
766,2026-06-23 07:50:00,LONG,29882,29793.27525,3,0.035,-179.45,false
766,2026-06-23 08:20:00,SHORT,29783,29888.97475,0,0.314,219.39,true
715,2026-06-23 08:25:00,SHORT,29775.5,29875.68675,1,0.299,219.39,true
789,2026-06-23 08:35:00,SHORT,29739,29836.726,7,0.231,219.39,true
681,2026-06-23 08:40:00,SHORT,29740,29812.46875,5,0.233,219.39,true
765,2026-06-23 08:40:00,SHORT,29740,29799.7965,6,0.233,219.39,true
710,2026-06-23 09:00:00,SHORT,29718.5,29799.00925,12,0.192,-163.02,false
710,2026-06-23 09:55:00,LONG,29926,29609.24075,2,0.228,219.39,true
765,2026-06-23 09:55:00,LONG,29926,29608.4535,3,0.228,219.39,true
681,2026-06-23 10:00:00,LONG,29986.5,29717.28125,1,0.114,-540.44,false
715,2026-06-23 10:00:00,LONG,29986.5,29716.81325,0,0.114,-541.37,false
766,2026-06-23 10:00:00,LONG,29986.5,29715.77525,0,0.114,-543.45,false
789,2026-06-23 10:00:00,LONG,29986.5,29713.774,1,0.114,-547.45,false
716,2026-06-23 10:05:00,LONG,29975.25,29809.81325,2,0.135,-332.87,false
725,2026-06-23 10:05:00,LONG,29975.25,29809.66525,2,0.135,-333.17,false
770,2026-06-23 10:05:00,LONG,29975.25,29807.70875,3,0.135,-337.08,false
711,2026-06-23 10:10:00,LONG,30001.5,29836.99075,1,0.086,-331.02,false
712,2026-06-23 10:15:00,LONG,30011.25,29913.74075,0,0.067,-197.02,false
713,2026-06-23 10:15:00,LONG,30011.25,29913.74075,0,0.067,-197.02,false
717,2026-06-23 10:20:00,LONG,29991.5,29913.81325,0,0.020,-157.37,false
712,2026-06-23 10:40:00,SHORT,29884,30009.50925,0,1.166,219.39,true
713,2026-06-23 10:40:00,SHORT,29884,30009.50925,0,1.166,219.39,true
717,2026-06-23 10:40:00,SHORT,29884,30009.43675,0,1.166,219.39,true
711,2026-06-23 10:45:00,SHORT,29868.5,30009.50925,0,1.137,219.39,true
716,2026-06-23 10:45:00,SHORT,29868.5,30005.43675,0,1.137,219.39,true
770,2026-06-23 10:50:00,SHORT,29851.25,30007.54125,0,1.104,219.39,true
725,2026-06-23 10:55:00,SHORT,29854.5,29952.08475,0,1.110,219.39,true
766,2026-06-23 11:10:00,SHORT,29792,29937.22475,0,0.993,219.39,true
715,2026-06-23 11:15:00,SHORT,29746.5,29893.43675,1,0.097,-295.87,false
789,2026-06-23 11:25:00,SHORT,29727.25,29850.476,0,0.060,-248.45,false
681,2026-06-23 11:30:00,SHORT,29757.25,29810.46875,1,0.117,-108.44,false
765,2026-06-23 11:45:00,SHORT,29724.75,29811.7965,0,0.010,-176.09,false
681,2026-06-23 12:05:00,LONG,29872.5,29712.78125,1,0.081,-321.44,false
765,2026-06-23 12:05:00,LONG,29872.5,29711.4535,0,0.081,-324.09,false
789,2026-06-23 12:10:00,LONG,29905,29709.274,1,0.020,-393.45,false
715,2026-06-23 12:15:00,LONG,29864.25,29783.06325,1,0.081,-164.37,false
766,2026-06-23 12:15:00,LONG,29864.25,29782.02525,0,0.081,-166.45,false
766,2026-06-23 13:50:00,SHORT,29756.5,29904.72475,4,0.436,219.39,true
715,2026-06-23 14:00:00,SHORT,29751.5,29864.68675,5,0.328,219.39,true
681,2026-06-23 14:05:00,SHORT,29731.5,29835.71875,0,0.290,219.39,true
789,2026-06-23 14:05:00,SHORT,29731.5,29839.226,1,0.290,219.39,true
765,2026-06-23 14:15:00,SHORT,29735,29837.0465,0,0.297,219.39,true
710,2026-06-23 14:35:00,SHORT,29698.75,29836.25925,2,0.229,219.39,true
680,2026-06-23 14:45:00,SHORT,29625,29748.71875,19,0.090,-249.44,false
709,2026-06-23 14:45:00,SHORT,29625,29749.25925,14,0.090,-250.52,false
785,2026-06-23 14:50:00,SHORT,29605.75,29733.834,6,0.041,-258.17,false
676,2026-06-23 14:55:00,SHORT,29630,29705.68375,4,0.033,-153.37,false
679,2026-06-23 14:55:00,SHORT,29630,29705.71875,4,0.033,-153.44,false
784,2026-06-23 14:55:00,SHORT,29630,29709.334,1,0.033,-160.67,false
676,2026-06-23 15:35:00,LONG,29715.75,29609.31625,2,0.165,-214.87,false
679,2026-06-23 15:35:00,LONG,29715.75,29609.28125,2,0.165,-214.94,false
784,2026-06-23 15:35:00,LONG,29715.75,29605.666,1,0.165,-222.17,false
785,2026-06-23 15:35:00,LONG,29715.75,29605.666,1,0.165,-222.17,false
709,2026-06-23 16:25:00,LONG,29735.75,29665.74075,3,0.128,-142.02,false
680,2026-06-23 16:30:00,LONG,29742.75,29691.53125,4,0.114,-104.44,false
710,2026-06-23 18:10:00,LONG,29781,29713.74075,3,0.042,-136.52,false
765,2026-06-23 18:15:00,LONG,29770.25,29712.9535,2,0.008,-116.59,false
680,2026-06-23 18:35:00,SHORT,29672,29781.21875,2,0.160,-220.44,false
710,2026-06-23 18:35:00,SHORT,29672,29781.75925,0,0.160,-221.52,false
765,2026-06-23 18:35:00,SHORT,29672,29782.5465,0,0.160,-223.09,false
800,2026-06-23 18:35:00,SHORT,29672,29785.29925,1,0.160,-228.60,false
709,2026-06-23 18:40:00,SHORT,29642,29781.75925,0,0.105,-281.52,false
785,2026-06-23 18:40:00,SHORT,29642,29739.334,2,0.105,-196.67,false
679,2026-06-23 18:45:00,SHORT,29666,29735.71875,2,0.149,-141.44,false
676,2026-06-23 19:40:00,SHORT,29657,29700.93375,4,0.006,-89.87,false
676,2026-06-23 20:00:00,LONG,29746.5,29647.06625,0,0.269,223.10,true
679,2026-06-23 20:00:00,LONG,29746.5,29647.03125,2,0.269,223.10,true
680,2026-06-23 20:00:00,LONG,29746.5,29647.03125,0,0.269,223.10,true
709,2026-06-23 20:00:00,LONG,29746.5,29646.49075,0,0.269,223.10,true
785,2026-06-23 20:00:00,LONG,29746.5,29643.416,3,0.269,223.10,true
800,2026-06-23 20:05:00,LONG,29821.25,29642.95075,0,0.131,-358.60,false
681,2026-06-23 20:15:00,LONG,29850.75,29730.03125,2,0.076,-243.44,false
710,2026-06-23 20:15:00,LONG,29850.75,29723.49075,1,0.076,-256.52,false
789,2026-06-23 20:15:00,LONG,29850.75,29726.524,1,0.076,-250.45,false
765,2026-06-23 20:20:00,LONG,29815.25,29728.7035,2,0.142,-175.09,false
715,2026-06-23 20:40:00,LONG,29879.25,29800.31325,1,0.017,-159.87,false
766,2026-06-23 20:40:00,LONG,29879.25,29799.27525,1,0.017,-161.95,false
801,2026-06-23 20:40:00,LONG,29879.25,29796.70075,2,0.017,-167.10,false
766,2026-06-23 21:10:00,SHORT,29819.5,29884.97475,0,0.545,223.10,true
801,2026-06-23 21:10:00,SHORT,29819.5,29887.54925,0,0.545,223.10,true
715,2026-06-23 21:15:00,SHORT,29772,29859.43675,1,0.288,223.10,true
789,2026-06-23 22:40:00,SHORT,29722.75,29828.726,2,0.197,-213.95,false
681,2026-06-23 22:45:00,SHORT,29690.25,29817.21875,3,0.137,-255.94,false
710,2026-06-23 22:50:00,SHORT,29674.25,29788.00925,0,0.107,-229.52,false
765,2026-06-23 22:50:00,SHORT,29674.25,29788.7965,2,0.107,-231.09,false
800,2026-06-23 22:50:00,SHORT,29674.25,29791.54925,0,0.107,-236.60,false
680,2026-06-23 22:55:00,SHORT,29637.75,29755.46875,0,0.039,-237.44,false
679,2026-06-23 23:00:00,SHORT,29636.5,29736.21875,0,0.037,-201.44,false
709,2026-06-23 23:00:00,SHORT,29636.5,29736.75925,0,0.037,-202.52,false
785,2026-06-23 23:00:00,SHORT,29636.5,29739.834,0,0.037,-208.67,false
679,2026-06-23 23:35:00,LONG,29750.5,29609.78125,0,0.248,223.10,true
709,2026-06-23 23:35:00,LONG,29750.5,29665.74075,1,0.020,-171.52,false
785,2026-06-23 23:35:00,LONG,29750.5,29662.666,1,0.020,-177.67,false
680,2026-06-23 23:40:00,LONG,29743.75,29675.28125,1,0.013,-138.94,false
680,2026-06-24 00:15:00,SHORT,29665,29757.21875,1,0.019,-186.44,false
709,2026-06-24 00:20:00,SHORT,29661,29757.75925,1,0.001,-195.52,false
679,2026-06-24 00:25:00,SHORT,29665.25,29716.96875,0,0.000,-105.44,false
785,2026-06-24 00:25:00,SHORT,29665.25,29760.834,0,0.000,-193.17,false
679,2026-06-24 00:45:00,LONG,29771.75,29661.28125,0,0.208,-222.94,false
680,2026-06-24 00:45:00,LONG,29771.75,29661.28125,0,0.208,-222.94,false
709,2026-06-24 00:45:00,LONG,29771.75,29660.74075,0,0.208,-224.02,false
785,2026-06-24 00:45:00,LONG,29771.75,29657.666,0,0.208,-230.17,false
710,2026-06-24 00:50:00,LONG,29777.5,29688.74075,2,0.198,-179.52,false
800,2026-06-24 00:50:00,LONG,29777.5,29685.20075,3,0.198,-186.60,false
765,2026-06-24 00:55:00,LONG,29784.5,29730.7035,2,0.185,-109.59,false
681,2026-06-24 01:10:00,LONG,29814.75,29759.03125,1,0.129,-113.44,false
789,2026-06-24 01:10:00,LONG,29814.75,29755.524,1,0.129,-120.45,false
715,2026-06-24 01:30:00,LONG,29844.25,29799.56325,3,0.074,-91.37,false
715,2026-06-24 03:10:00,SHORT,29813.25,29847.93675,3,0.093,-71.37,false
681,2026-06-24 07:20:00,SHORT,29765,29819.96875,6,0.029,-111.94,false
789,2026-06-24 07:20:00,SHORT,29765,29823.476,12,0.029,-118.95,false
681,2026-06-24 07:45:00,LONG,29849.25,29745.78125,0,0.044,-208.94,false
789,2026-06-24 07:45:00,LONG,29849.25,29742.274,0,0.044,-215.95,false
715,2026-06-24 08:00:00,LONG,29839.25,29794.81325,10,0.062,-90.87,false
801,2026-06-24 08:25:00,LONG,29852.75,29791.20075,21,0.024,-125.10,false
715,2026-06-24 08:45:00,SHORT,29775.75,29872.93675,2,0.464,223.10,true
801,2026-06-24 08:45:00,SHORT,29775.75,29876.54925,0,0.464,223.10,true
789,2026-06-24 08:55:00,SHORT,29762,29835.226,0,0.235,223.10,true
681,2026-06-24 09:00:00,SHORT,29749.25,29819.71875,0,0.212,223.10,true
710,2026-06-24 09:15:00,SHORT,29733.25,29798.00925,2,0.182,-131.52,false
765,2026-06-24 09:15:00,SHORT,29733.25,29798.7965,4,0.182,-133.09,false
680,2026-06-24 10:10:00,SHORT,29665.25,29776.71875,3,0.260,223.10,true
709,2026-06-24 10:10:00,SHORT,29665.25,29777.25925,3,0.260,223.10,true
785,2026-06-24 10:10:00,SHORT,29665.25,29780.334,4,0.260,223.10,true
800,2026-06-24 10:10:00,SHORT,29665.25,29780.79925,3,0.260,223.10,true
679,2026-06-24 10:20:00,SHORT,29665,29776.71875,2,0.024,-225.44,false
679,2026-06-24 10:40:00,LONG,29787.5,29645.28125,0,0.222,223.10,true
680,2026-06-24 10:40:00,LONG,29787.5,29645.28125,0,0.222,223.10,true
709,2026-06-24 10:40:00,LONG,29787.5,29644.74075,0,0.222,223.10,true
785,2026-06-24 10:40:00,LONG,29787.5,29641.666,1,0.222,223.10,true
800,2026-06-24 10:50:00,LONG,29812.5,29641.20075,0,0.176,-344.60,false
681,2026-06-24 10:55:00,LONG,29891,29703.53125,3,0.031,-376.94,false
710,2026-06-24 10:55:00,LONG,29891,29702.99075,5,0.031,-378.02,false
765,2026-06-24 10:55:00,LONG,29891,29702.2035,4,0.031,-379.59,false
789,2026-06-24 10:55:00,LONG,29891,29700.024,3,0.031,-383.95,false
681,2026-06-24 11:45:00,SHORT,29760.75,29835.96875,2,0.919,223.10,true
789,2026-06-24 11:45:00,SHORT,29760.75,29839.476,1,0.919,223.10,true
710,2026-06-24 12:40:00,SHORT,29640,29791.25925,5,0.695,223.10,true
765,2026-06-24 12:40:00,SHORT,29640,29792.0465,5,0.695,223.10,true
800,2026-06-24 12:40:00,SHORT,29640,29794.79925,4,0.695,223.10,true
680,2026-06-24 12:45:00,SHORT,29639,29760.71875,2,0.693,223.10,true
709,2026-06-24 12:45:00,SHORT,29639,29761.25925,2,0.693,223.10,true
676,2026-06-24 12:50:00,SHORT,29614,29741.93375,6,0.647,223.10,true
679,2026-06-24 12:50:00,SHORT,29614,29741.96875,0,0.647,223.10,true
784,2026-06-24 12:50:00,SHORT,29614,29745.584,14,0.647,223.10,true
785,2026-06-24 12:50:00,SHORT,29614,29745.584,2,0.647,223.10,true
764,2026-06-24 13:15:00,SHORT,29492.25,29669.5465,8,0.421,223.10,true
675,2026-06-24 13:20:00,SHORT,29455.75,29667.43375,2,0.354,223.10,true
707,2026-06-24 13:20:00,SHORT,29455.75,29668.08275,8,0.354,223.10,true
708,2026-06-24 13:20:00,SHORT,29455.75,29668.08275,16,0.354,223.10,true
782,2026-06-24 13:20:00,SHORT,29455.75,29670.951,17,0.354,223.10,true
706,2026-06-24 13:25:00,SHORT,29411,29668.08275,4,0.271,223.10,true
763,2026-06-24 13:25:00,SHORT,29411,29668.7965,4,0.271,223.10,true
674,2026-06-24 13:30:00,SHORT,29426.25,29578.43375,4,0.299,223.10,true
678,2026-06-24 13:30:00,SHORT,29426.25,29578.46875,5,0.299,223.10,true
705,2026-06-24 13:30:00,SHORT,29426.25,29579.08275,6,0.299,223.10,true
799,2026-06-24 13:30:00,SHORT,29426.25,29582.54925,1,0.299,223.10,true
668,2026-06-24 13:35:00,SHORT,29439.5,29501.88175,3,0.121,-126.76,false
688,2026-06-24 13:35:00,SHORT,29439.5,29502.3605,3,0.121,-127.72,false
703,2026-06-24 13:35:00,SHORT,29439.5,29502.87975,2,0.121,-128.76,false
668,2026-06-24 14:30:00,LONG,29509.5,29434.36825,3,0.014,-152.26,false
674,2026-06-24 14:30:00,LONG,29509.5,29434.06625,0,0.014,-152.87,false
688,2026-06-24 14:30:00,LONG,29509.5,29433.8895,3,0.014,-153.22,false
703,2026-06-24 14:30:00,LONG,29509.5,29433.37025,3,0.014,-154.26,false
705,2026-06-24 14:30:00,LONG,29509.5,29433.41725,0,0.014,-154.17,false
674,2026-06-24 14:50:00,SHORT,29365.75,29523.68375,0,0.187,-317.87,false
703,2026-06-24 14:50:00,SHORT,29365.75,29524.37975,0,0.187,-319.26,false
705,2026-06-24 14:50:00,SHORT,29365.75,29524.33275,0,0.187,-319.17,false
664,2026-06-24 14:55:00,SHORT,29345.25,29486.53875,5,0.149,-284.58,false
668,2026-06-24 14:55:00,SHORT,29345.25,29523.38175,0,0.149,-358.26,false
688,2026-06-24 14:55:00,SHORT,29345.25,29486.8605,0,0.149,-285.22,false
664,2026-06-24 16:05:00,LONG,29865.5,29393.46125,1,0.738,223.10,true
668,2026-06-24 16:05:00,LONG,29865.5,29393.61825,0,0.738,223.10,true
674,2026-06-24 16:05:00,LONG,29865.5,29393.31625,0,0.738,223.10,true
688,2026-06-24 16:05:00,LONG,29865.5,29393.1395,1,0.738,223.10,true
703,2026-06-24 16:05:00,LONG,29865.5,29392.62025,0,0.738,223.10,true
678,2026-06-24 16:10:00,LONG,29883.75,29428.28125,1,0.704,223.10,true
705,2026-06-24 16:10:00,LONG,29883.75,29427.66725,0,0.704,223.10,true
799,2026-06-24 16:10:00,LONG,29883.75,29424.20075,1,0.704,223.10,true
675,2026-06-24 16:15:00,LONG,29880,29480.06625,1,0.711,223.10,true
676,2026-06-24 16:15:00,LONG,29880,29480.06625,0,0.711,223.10,true
679,2026-06-24 16:15:00,LONG,29880,29480.03125,0,0.711,223.10,true
680,2026-06-24 16:15:00,LONG,29880,29480.03125,0,0.711,223.10,true
706,2026-06-24 16:15:00,LONG,29880,29479.41725,1,0.711,223.10,true
707,2026-06-24 16:15:00,LONG,29880,29479.41725,0,0.711,223.10,true
708,2026-06-24 16:15:00,LONG,29880,29479.41725,0,0.711,223.10,true
709,2026-06-24 16:15:00,LONG,29880,29479.49075,0,0.711,223.10,true
710,2026-06-24 16:15:00,LONG,29880,29479.49075,0,0.711,223.10,true
763,2026-06-24 16:15:00,LONG,29880,29478.7035,1,0.711,223.10,true
764,2026-06-24 16:15:00,LONG,29880,29478.7035,0,0.711,223.10,true
782,2026-06-24 16:15:00,LONG,29880,29476.549,0,0.711,223.10,true
784,2026-06-24 16:15:00,LONG,29880,29476.416,1,0.711,223.10,true
785,2026-06-24 16:15:00,LONG,29880,29476.416,0,0.711,223.10,true
800,2026-06-24 16:15:00,LONG,29880,29475.95075,0,0.711,223.10,true
681,2026-06-24 16:20:00,LONG,29990.75,29720.53125,3,0.506,223.10,true
715,2026-06-24 16:20:00,LONG,29990.75,29720.06325,5,0.506,223.10,true
765,2026-06-24 16:20:00,LONG,29990.75,29719.2035,0,0.506,223.10,true
766,2026-06-24 16:20:00,LONG,29990.75,29719.02525,20,0.506,223.10,true
789,2026-06-24 16:20:00,LONG,29990.75,29717.024,4,0.506,223.10,true
801,2026-06-24 16:20:00,LONG,29990.75,29716.45075,4,0.506,223.10,true
725,2026-06-24 16:30:00,LONG,29968,29719.91525,14,0.548,223.10,true
711,2026-06-24 16:35:00,LONG,30034.5,29870.99075,0,0.425,223.10,true
712,2026-06-24 16:35:00,LONG,30034.5,29870.99075,0,0.425,223.10,true
716,2026-06-24 16:35:00,LONG,30034.5,29871.06325,2,0.425,223.10,true
770,2026-06-24 16:35:00,LONG,30034.5,29868.95875,9,0.425,223.10,true
713,2026-06-24 16:45:00,LONG,30130.25,29870.99075,0,0.247,223.10,true
714,2026-06-24 16:50:00,LONG,30108,29958.74075,4,0.112,-300.52,false
717,2026-06-24 16:50:00,LONG,30108,29958.81325,1,0.112,-300.37,false
720,2026-06-24 16:50:00,LONG,30108,29958.76375,4,0.112,-300.47,false
726,2026-06-24 16:50:00,LONG,30108,29958.66525,3,0.112,-300.67,false
771,2026-06-24 16:50:00,LONG,30108,29956.70875,5,0.112,-304.58,false
790,2026-06-24 16:50:00,LONG,30108,29955.774,4,0.112,-306.45,false
718,2026-06-24 16:55:00,LONG,30095.25,30019.31325,0,0.136,-153.87,false
727,2026-06-24 16:55:00,LONG,30095.25,30019.16525,1,0.136,-154.17,false
802,2026-06-24 16:55:00,LONG,30095.25,30015.70075,0,0.136,-161.10,false
718,2026-06-24 18:15:00,SHORT,30061,30175.68675,0,0.245,229.94,true
718,2026-06-24 19:40:00,LONG,30115,30050.81325,4,0.036,-130.37,false
718,2026-06-24 20:30:00,SHORT,29993.25,30105.93675,2,0.124,-227.37,false
727,2026-06-24 20:35:00,SHORT,29978,30088.83475,7,0.096,-223.67,false
720,2026-06-24 20:40:00,SHORT,29963.25,30070.23625,0,0.070,-215.97,false
726,2026-06-24 20:40:00,SHORT,29963.25,30070.33475,0,0.070,-216.17,false
802,2026-06-24 20:40:00,SHORT,29963.25,30092.29925,6,0.070,-260.10,false
714,2026-06-24 20:45:00,SHORT,29942.5,30048.00925,0,0.032,-213.02,false
771,2026-06-24 20:45:00,SHORT,29942.5,30050.04125,0,0.032,-217.08,false
790,2026-06-24 21:05:00,SHORT,29965.25,30050.976,0,0.073,-173.45,false
717,2026-06-24 21:10:00,SHORT,29969.5,30003.43675,1,0.033,-69.87,false
717,2026-06-24 21:45:00,LONG,30012,29953.56325,1,0.034,-118.87,false
790,2026-06-24 21:55:00,LONG,29998.75,29950.524,2,0.039,-98.45,false
717,2026-06-24 22:20:00,SHORT,29967.75,30027.68675,0,0.009,-121.87,false
790,2026-06-24 22:20:00,SHORT,29967.75,30030.726,0,0.009,-127.95,false
717,2026-06-24 23:00:00,LONG,30011.75,29955.31325,0,0.453,229.94,true
790,2026-06-24 23:05:00,LONG,30005.75,29955.774,1,0.464,229.94,true
714,2026-06-24 23:10:00,LONG,30008,29964.24075,5,0.460,229.94,true
771,2026-06-24 23:25:00,LONG,30025.5,29972.45875,4,0.428,229.94,true
720,2026-06-25 00:50:00,LONG,30052.25,29991.26375,6,0.380,229.94,true
726,2026-06-25 01:10:00,LONG,30068.5,30006.16525,5,0.351,229.94,true
802,2026-06-25 01:10:00,LONG,30068.5,30002.70075,5,0.351,229.94,true
727,2026-06-25 01:15:00,LONG,30064,30032.66525,1,0.359,229.94,true
718,2026-06-25 01:35:00,LONG,30101.5,30054.81325,0,0.292,229.94,true
755,2026-06-25 02:20:00,LONG,30131,30070.09825,6,0.239,229.94,true
728,2026-06-25 03:10:00,LONG,30126.5,30086.91525,8,0.247,229.94,true
721,2026-06-25 03:25:00,LONG,30171.5,30098.51375,9,0.166,-147.97,false
722,2026-06-25 03:30:00,LONG,30169.5,30119.01375,2,0.089,-102.97,false
729,2026-06-25 03:30:00,LONG,30169.5,30118.91525,5,0.089,-103.17,false
756,2026-06-25 03:30:00,LONG,30169.5,30118.84825,2,0.089,-103.30,false
804,2026-06-25 04:05:00,LONG,30205.75,30115.1225,1,0.022,-183.25,false
722,2026-06-25 04:55:00,SHORT,30119.5,30187.48625,5,0.010,-137.97,false
804,2026-06-25 04:55:00,SHORT,30119.5,30191.3775,1,0.010,-145.75,false
756,2026-06-25 05:00:00,SHORT,30135.25,30187.65175,3,0.031,-106.80,false
756,2026-06-25 06:20:00,LONG,30159,30124.84825,3,0.061,-70.30,false
756,2026-06-25 07:30:00,SHORT,30113,30194.90175,3,0.007,-165.80,false
729,2026-06-25 07:35:00,SHORT,30123,30153.33475,4,0.006,-62.67,false
729,2026-06-25 08:40:00,LONG,30192.75,30106.66525,1,0.062,-174.17,false
756,2026-06-25 08:40:00,LONG,30192.75,30118.59825,3,0.062,-150.30,false
722,2026-06-25 08:45:00,LONG,30207.5,30118.76375,6,0.026,-179.47,false
804,2026-06-25 08:45:00,LONG,30207.5,30114.8725,6,0.026,-187.25,false
723,2026-06-25 08:55:00,LONG,30201.25,30118.76375,7,0.024,-166.97,false
723,2026-06-25 09:15:00,SHORT,30144,30221.98625,0,1.768,229.94,true
722,2026-06-25 09:25:00,SHORT,30151,30187.73625,0,0.200,-75.47,false
804,2026-06-25 09:25:00,SHORT,30151,30225.8775,0,1.780,229.94,true
756,2026-06-25 09:40:00,SHORT,29768.25,30200.40175,1,1.092,229.94,true
718,2026-06-25 09:45:00,SHORT,29637.5,30200.18675,2,0.857,229.94,true
721,2026-06-25 09:45:00,SHORT,29637.5,30200.23625,9,0.857,229.94,true
726,2026-06-25 09:45:00,SHORT,29637.5,30200.33475,0,0.857,229.94,true
727,2026-06-25 09:45:00,SHORT,29637.5,30200.33475,0,0.857,229.94,true
728,2026-06-25 09:45:00,SHORT,29637.5,30200.33475,4,0.857,229.94,true
729,2026-06-25 09:45:00,SHORT,29637.5,30200.33475,1,0.857,229.94,true
755,2026-06-25 09:45:00,SHORT,29637.5,30200.40175,3,0.857,229.94,true
802,2026-06-25 09:45:00,SHORT,29637.5,30203.79925,0,0.857,229.94,true
714,2026-06-25 09:50:00,SHORT,29421.5,30097.75925,4,0.469,229.94,true
720,2026-06-25 09:50:00,SHORT,29421.5,30097.73625,1,0.469,229.94,true
771,2026-06-25 09:50:00,SHORT,29421.5,30099.79125,4,0.469,229.94,true
790,2026-06-25 09:50:00,SHORT,29421.5,30100.726,1,0.469,229.94,true
681,2026-06-25 09:55:00,SHORT,29316,30017.21875,0,0.279,229.94,true
710,2026-06-25 09:55:00,SHORT,29316,30017.75925,0,0.279,229.94,true
711,2026-06-25 09:55:00,SHORT,29316,30017.75925,2,0.279,229.94,true
712,2026-06-25 09:55:00,SHORT,29316,30017.75925,4,0.279,229.94,true
713,2026-06-25 09:55:00,SHORT,29316,30017.75925,6,0.279,229.94,true
715,2026-06-25 09:55:00,SHORT,29316,30017.68675,0,0.279,229.94,true
716,2026-06-25 09:55:00,SHORT,29316,30017.68675,1,0.279,229.94,true
717,2026-06-25 09:55:00,SHORT,29316,30017.68675,1,0.279,229.94,true
725,2026-06-25 09:55:00,SHORT,29316,30017.83475,0,0.279,229.94,true
765,2026-06-25 09:55:00,SHORT,29316,30018.5465,0,0.279,229.94,true
766,2026-06-25 09:55:00,SHORT,29316,30018.72475,0,0.279,229.94,true
770,2026-06-25 09:55:00,SHORT,29316,30019.79125,0,0.279,229.94,true
789,2026-06-25 09:55:00,SHORT,29316,30020.726,0,0.279,229.94,true
801,2026-06-25 09:55:00,SHORT,29316,30021.29925,0,0.279,229.94,true
675,2026-06-25 10:00:00,SHORT,29487,29823.68375,0,0.044,-675.37,false
676,2026-06-25 10:00:00,SHORT,29487,29823.68375,0,0.044,-675.37,false
679,2026-06-25 10:00:00,SHORT,29487,29823.71875,0,0.044,-675.44,false
680,2026-06-25 10:00:00,SHORT,29487,29823.71875,0,0.044,-675.44,false
706,2026-06-25 10:00:00,SHORT,29487,29824.33275,0,0.044,-676.67,false
707,2026-06-25 10:00:00,SHORT,29487,29824.33275,0,0.044,-676.67,false
708,2026-06-25 10:00:00,SHORT,29487,29824.33275,0,0.044,-676.67,false
709,2026-06-25 10:00:00,SHORT,29487,29824.25925,0,0.044,-676.52,false
763,2026-06-25 10:00:00,SHORT,29487,29825.0465,0,0.044,-678.09,false
764,2026-06-25 10:00:00,SHORT,29487,29825.0465,0,0.044,-678.09,false
782,2026-06-25 10:00:00,SHORT,29487,29827.201,0,0.044,-682.40,false
784,2026-06-25 10:00:00,SHORT,29487,29827.334,0,0.044,-682.67,false
785,2026-06-25 10:00:00,SHORT,29487,29827.334,0,0.044,-682.67,false
799,2026-06-25 10:00:00,SHORT,29487,29827.79925,0,0.044,-683.60,false
800,2026-06-25 10:00:00,SHORT,29487,29827.79925,0,0.044,-683.60,false
799,2026-06-25 10:20:00,LONG,29569.75,29473.95075,0,0.372,229.94,true
706,2026-06-25 10:25:00,LONG,29586.25,29469.91725,0,0.342,229.94,true
763,2026-06-25 10:25:00,LONG,29586.25,29469.2035,0,0.342,229.94,true
675,2026-06-25 10:35:00,LONG,29698,29470.56625,1,0.142,-456.87,false
764,2026-06-25 10:40:00,LONG,29603.75,29542.9535,2,0.311,229.94,true
707,2026-06-25 10:55:00,LONG,29633.25,29543.66725,2,0.203,-181.17,false
708,2026-06-25 11:00:00,LONG,29726.5,29554.66725,3,0.035,-345.67,false
782,2026-06-25 11:50:00,LONG,29698.75,29595.299,5,0.311,229.94,true
784,2026-06-25 12:10:00,LONG,29825.5,29621.166,7,0.084,-410.67,false
676,2026-06-25 12:15:00,LONG,29819.75,29637.06625,8,0.031,-367.37,false
679,2026-06-25 12:15:00,LONG,29819.75,29637.03125,7,0.031,-367.44,false
785,2026-06-25 12:15:00,LONG,29819.75,29633.416,8,0.031,-374.67,false
680,2026-06-25 12:20:00,LONG,29760.75,29670.28125,6,0.019,-182.94,false
709,2026-06-25 12:20:00,LONG,29760.75,29669.74075,6,0.019,-184.02,false
710,2026-06-25 12:20:00,LONG,29760.75,29669.74075,3,0.019,-184.02,false
800,2026-06-25 12:20:00,LONG,29760.75,29666.20075,3,0.019,-191.10,false
710,2026-06-25 12:40:00,SHORT,29651,29778.75925,0,0.116,-257.52,false
800,2026-06-25 12:40:00,SHORT,29651,29782.29925,0,0.116,-264.60,false
680,2026-06-25 12:45:00,SHORT,29698.5,29775.21875,0,0.091,-155.44,false
709,2026-06-25 12:45:00,SHORT,29698.5,29775.75925,0,0.091,-156.52,false
709,2026-06-25 13:30:00,LONG,29732.75,29664.49075,1,0.285,229.94,true
680,2026-06-25 13:35:00,LONG,29768,29667.28125,3,0.222,229.94,true
710,2026-06-25 14:20:00,LONG,29824.75,29684.74075,4,0.120,-282.02,false
765,2026-06-25 14:20:00,LONG,29824.75,29683.9535,7,0.120,-283.59,false
800,2026-06-25 14:20:00,LONG,29824.75,29681.20075,3,0.120,-289.10,false
765,2026-06-25 15:10:00,SHORT,29672.25,29802.5465,2,0.101,-262.59,false
680,2026-06-25 15:15:00,SHORT,29651.75,29784.21875,3,0.064,-266.94,false
710,2026-06-25 15:15:00,SHORT,29651.75,29784.75925,2,0.064,-268.02,false
800,2026-06-25 15:15:00,SHORT,29651.75,29788.29925,2,0.064,-275.10,false
709,2026-06-25 15:20:00,SHORT,29672.5,29784.75925,3,0.101,-226.52,false
785,2026-06-25 15:25:00,SHORT,29682.75,29724.834,6,0.120,-86.17,false
679,2026-06-25 15:40:00,SHORT,29673,29721.21875,6,0.102,-98.44,false
679,2026-06-25 16:00:00,LONG,29838.25,29609.53125,0,0.054,-459.44,false
709,2026-06-25 16:05:00,LONG,29808.75,29608.99075,0,0.107,-401.52,false
785,2026-06-25 16:05:00,LONG,29808.75,29605.916,2,0.107,-407.67,false
680,2026-06-25 16:10:00,LONG,29806.75,29674.28125,0,0.111,-266.94,false
710,2026-06-25 16:10:00,LONG,29806.75,29673.74075,0,0.111,-268.02,false
765,2026-06-25 16:10:00,LONG,29806.75,29672.9535,0,0.111,-269.59,false
800,2026-06-25 16:10:00,LONG,29806.75,29670.20075,0,0.111,-275.10,false
681,2026-06-25 16:15:00,LONG,29834.5,29741.03125,11,0.061,-188.94,false
789,2026-06-25 16:15:00,LONG,29834.5,29737.524,9,0.061,-195.95,false
789,2026-06-25 16:45:00,SHORT,29767.25,29833.726,0,0.291,229.94,true
681,2026-06-25 16:55:00,SHORT,29759.25,29830.21875,0,0.276,229.94,true
710,2026-06-25 18:10:00,SHORT,29646,29774.50925,0,0.070,-259.02,false
765,2026-06-25 18:10:00,SHORT,29646,29788.5465,0,0.070,-287.09,false
680,2026-06-25 18:15:00,SHORT,29644.25,29767.96875,0,0.067,-249.44,false
709,2026-06-25 18:15:00,SHORT,29644.25,29768.50925,0,0.067,-250.52,false
785,2026-06-25 18:15:00,SHORT,29644.25,29771.584,0,0.067,-256.67,false
800,2026-06-25 18:15:00,SHORT,29644.25,29772.04925,0,0.067,-257.60,false
676,2026-06-25 18:20:00,SHORT,29658.75,29705.93375,7,0.092,-96.37,false
679,2026-06-25 18:20:00,SHORT,29658.75,29705.96875,0,0.092,-96.44,false
676,2026-06-25 19:00:00,LONG,29684.75,29634.06625,1,0.359,239.80,true
679,2026-06-25 19:25:00,LONG,29868.75,29668.03125,1,0.017,-403.44,false
680,2026-06-25 19:25:00,LONG,29868.75,29668.03125,0,0.017,-403.44,false
709,2026-06-25 19:25:00,LONG,29868.75,29667.49075,0,0.017,-404.52,false
710,2026-06-25 19:25:00,LONG,29868.75,29667.49075,0,0.017,-404.52,false
785,2026-06-25 19:25:00,LONG,29868.75,29664.416,1,0.017,-410.67,false
800,2026-06-25 19:25:00,LONG,29868.75,29663.95075,0,0.017,-411.60,false
681,2026-06-25 19:30:00,LONG,29846,29726.78125,0,0.005,-240.44,false
715,2026-06-25 19:30:00,LONG,29846,29726.31325,5,0.005,-241.37,false
765,2026-06-25 19:30:00,LONG,29846,29725.4535,0,0.005,-243.09,false
789,2026-06-25 19:30:00,LONG,29846,29723.274,0,0.005,-247.45,false
715,2026-06-25 19:50:00,SHORT,29697,29856.18675,0,0.925,239.80,true
681,2026-06-25 19:55:00,SHORT,29707,29819.96875,0,0.942,239.80,true
765,2026-06-25 19:55:00,SHORT,29707,29821.2965,0,0.942,239.80,true
789,2026-06-25 19:55:00,SHORT,29707,29823.476,0,0.942,239.80,true
710,2026-06-25 20:00:00,SHORT,29737,29770.75925,0,0.010,-69.52,false
800,2026-06-25 20:25:00,SHORT,29709.75,29778.79925,1,0.947,239.80,true
680,2026-06-25 20:30:00,SHORT,29660,29774.71875,1,0.861,239.80,true
679,2026-06-25 20:40:00,SHORT,29667.75,29721.46875,2,0.875,239.80,true
709,2026-06-25 20:40:00,SHORT,29667.75,29747.50925,1,0.875,239.80,true
785,2026-06-25 20:45:00,SHORT,29669.75,29725.084,3,0.878,239.80,true
676,2026-06-25 21:00:00,SHORT,29611.5,29721.43375,2,0.778,239.80,true
784,2026-06-25 21:05:00,SHORT,29611.5,29704.334,10,0.778,239.80,true
707,2026-06-25 21:40:00,SHORT,29509,29658.33275,6,0.601,239.80,true
708,2026-06-25 21:40:00,SHORT,29509,29658.33275,9,0.601,239.80,true
782,2026-06-25 21:40:00,SHORT,29509,29661.201,10,0.601,239.80,true
675,2026-06-25 21:45:00,SHORT,29531.75,29627.43375,4,0.640,239.80,true
764,2026-06-25 21:45:00,SHORT,29531.75,29628.7965,5,0.640,239.80,true
706,2026-06-25 21:50:00,SHORT,29495,29628.08275,2,0.577,239.80,true
763,2026-06-25 21:55:00,SHORT,29494.25,29562.5465,3,0.575,239.80,true
799,2026-06-25 22:00:00,SHORT,29472,29565.29925,1,0.537,239.80,true
678,2026-06-25 22:05:00,SHORT,29480.25,29544.21875,4,0.551,239.80,true
705,2026-06-25 22:10:00,SHORT,29452.25,29544.83275,4,0.503,239.80,true
674,2026-06-25 22:20:00,SHORT,29400,29512.68375,3,0.413,239.80,true
668,2026-06-25 22:25:00,SHORT,29417,29487.13175,1,0.442,239.80,true
688,2026-06-25 22:25:00,SHORT,29417,29487.6105,1,0.442,239.80,true
703,2026-06-25 22:25:00,SHORT,29417,29488.12975,3,0.442,239.80,true
664,2026-06-25 22:30:00,SHORT,29391.25,29473.28875,1,0.398,239.80,true
805,2026-06-25 22:50:00,SHORT,29261.75,29443.6005,0,0.175,-365.70,false
660,2026-06-25 22:55:00,SHORT,29265.25,29403.28875,8,0.181,-278.08,false
762,2026-06-25 22:55:00,SHORT,29265.25,29374.5465,6,0.181,-220.59,false
803,2026-06-25 23:00:00,SHORT,29240.75,29360.1275,1,0.138,-240.75,false
762,2026-06-26 00:05:00,LONG,29356,29235.9535,0,0.356,239.80,true
803,2026-06-26 00:05:00,LONG,29356,29232.8725,0,0.356,239.80,true
660,2026-06-26 00:10:00,LONG,29357.25,29307.46125,0,0.051,-101.58,false
660,2026-06-26 00:35:00,SHORT,29286.25,29372.78875,0,0.059,-175.08,false
762,2026-06-26 00:35:00,SHORT,29286.25,29374.2965,0,0.059,-178.09,false
803,2026-06-26 00:55:00,SHORT,29270,29357.6275,0,0.025,-177.25,false
803,2026-06-26 01:20:00,LONG,29328.75,29244.3725,0,0.403,239.80,true
762,2026-06-26 01:35:00,LONG,29362,29276.2035,0,0.346,239.80,true
660,2026-06-26 02:30:00,LONG,29408.5,29315.96125,4,0.266,239.80,true
805,2026-06-26 02:35:00,LONG,29418,29310.8995,5,0.250,239.80,true
664,2026-06-26 02:50:00,LONG,29518.5,29396.96125,0,0.076,-245.08,false
668,2026-06-26 02:55:00,LONG,29503.75,29397.11825,0,0.102,-215.26,false
688,2026-06-26 02:55:00,LONG,29503.75,29396.6395,0,0.102,-216.22,false
703,2026-06-26 02:55:00,LONG,29503.75,29396.12025,0,0.102,-217.26,false
674,2026-06-26 03:20:00,LONG,29524.25,29428.31625,1,0.066,-193.87,false
678,2026-06-26 03:30:00,LONG,29542.5,29471.28125,2,0.026,-144.44,false
705,2026-06-26 03:30:00,LONG,29542.5,29470.66725,1,0.026,-145.67,false
799,2026-06-26 03:35:00,LONG,29547.5,29467.20075,2,0.018,-162.60,false
799,2026-06-26 04:10:00,SHORT,29467,29568.54925,1,0.492,239.80,true
678,2026-06-26 04:15:00,SHORT,29468.25,29564.46875,1,0.494,239.80,true
705,2026-06-26 04:15:00,SHORT,29468.25,29565.08275,1,0.494,239.80,true
674,2026-06-26 04:45:00,SHORT,29412.5,29511.18375,1,0.398,239.80,true
703,2026-06-26 04:50:00,SHORT,29385,29511.87975,2,0.351,239.80,true
668,2026-06-26 04:55:00,SHORT,29399.5,29487.88175,4,0.376,239.80,true
688,2026-06-26 04:55:00,SHORT,29399.5,29488.3605,1,0.376,239.80,true
664,2026-06-26 05:00:00,SHORT,29381,29455.78875,1,0.344,239.80,true
805,2026-06-26 08:45:00,SHORT,29328,29418.1005,10,0.253,239.80,true
660,2026-06-26 09:05:00,SHORT,29262.5,29383.53875,7,0.140,-244.08,false
762,2026-06-26 09:05:00,SHORT,29262.5,29385.0465,5,0.140,-247.09,false
803,2026-06-26 09:15:00,SHORT,29256.25,29333.1275,4,0.013,-155.75,false
660,2026-06-26 10:05:00,LONG,29571.5,29253.21125,2,1.773,239.80,true
762,2026-06-26 10:05:00,LONG,29571.5,29251.7035,2,1.773,239.80,true
803,2026-06-26 10:05:00,LONG,29571.5,29248.6225,2,1.773,239.80,true
664,2026-06-26 10:10:00,LONG,29589.5,29293.46125,2,0.218,239.80,true
668,2026-06-26 10:10:00,LONG,29589.5,29293.61825,1,0.218,239.80,true
688,2026-06-26 10:10:00,LONG,29589.5,29293.1395,2,0.218,239.80,true
703,2026-06-26 10:10:00,LONG,29589.5,29292.62025,0,0.218,239.80,true
805,2026-06-26 10:10:00,LONG,29589.5,29288.3995,2,0.218,239.80,true
674,2026-06-26 10:15:00,LONG,29527.25,29407.31625,0,0.325,239.80,true
678,2026-06-26 10:15:00,LONG,29527.25,29407.28125,1,0.325,239.80,true
705,2026-06-26 10:15:00,LONG,29527.25,29406.66725,1,0.325,239.80,true
799,2026-06-26 10:30:00,LONG,29584.25,29403.20075,1,0.227,239.80,true
675,2026-06-26 11:35:00,LONG,29665,29475.06625,4,0.088,-381.87,false
706,2026-06-26 11:35:00,LONG,29665,29474.41725,8,0.088,-383.17,false
763,2026-06-26 11:35:00,LONG,29665,29473.7035,10,0.088,-384.59,false
707,2026-06-26 11:45:00,LONG,29623.75,29559.66725,3,0.071,-130.17,false
764,2026-06-26 11:45:00,LONG,29623.75,29530.9535,3,0.071,-187.59,false
707,2026-06-26 12:15:00,SHORT,29557.75,29633.83275,1,0.110,-154.17,false
764,2026-06-26 12:15:00,SHORT,29557.75,29634.5465,1,0.110,-155.59,false
675,2026-06-26 12:20:00,SHORT,29541.25,29622.18375,1,0.008,-163.87,false
675,2026-06-26 12:40:00,LONG,29598.75,29529.81625,0,0.175,-139.87,false
764,2026-06-26 12:40:00,LONG,29598.75,29528.4535,0,0.175,-142.59,false
707,2026-06-26 12:55:00,LONG,29612.25,29551.66725,0,0.151,-123.17,false
708,2026-06-26 13:10:00,LONG,29651.75,29587.66725,7,0.006,-130.17,false
708,2026-06-26 13:45:00,SHORT,29571.5,29683.83275,1,0.546,239.80,true
707,2026-06-26 13:55:00,SHORT,29544,29628.08275,2,0.498,239.80,true
764,2026-06-26 14:05:00,SHORT,29547,29620.5465,3,0.503,239.80,true
675,2026-06-26 14:15:00,SHORT,29501.25,29588.68375,1,0.425,239.80,true
706,2026-06-26 14:20:00,SHORT,29503.25,29589.33275,4,0.428,239.80,true
763,2026-06-26 14:25:00,SHORT,29461.5,29590.0465,4,0.356,239.80,true
799,2026-06-26 14:25:00,SHORT,29461.5,29566.04925,4,0.125,-211.10,false
678,2026-06-26 14:30:00,SHORT,29500,29557.46875,4,0.192,-116.94,false
705,2026-06-26 14:45:00,SHORT,29443.25,29558.08275,4,0.094,-231.67,false
674,2026-06-26 14:55:00,SHORT,29415.5,29509.93375,5,0.035,-190.87,false
668,2026-06-26 15:00:00,SHORT,29405.25,29481.88175,4,0.017,-155.26,false
688,2026-06-26 15:00:00,SHORT,29405.25,29482.3605,3,0.017,-156.22,false
703,2026-06-26 15:00:00,SHORT,29405.25,29482.87975,5,0.017,-157.26,false
668,2026-06-26 15:40:00,LONG,29537.75,29422.86825,1,0.055,-231.76,false
688,2026-06-26 15:40:00,LONG,29537.75,29388.3895,0,0.055,-300.72,false
664,2026-06-26 16:05:00,SHORT,29304.25,29540.78875,4,0.085,-475.08,false
668,2026-06-26 16:05:00,SHORT,29304.25,29540.63175,0,0.085,-474.76,false
688,2026-06-26 16:05:00,SHORT,29304.25,29541.1105,0,0.085,-475.72,false
805,2026-06-26 16:10:00,SHORT,29350.75,29480.3505,0,0.165,-261.20,false
660,2026-06-26 16:40:00,SHORT,29271.25,29390.28875,2,0.028,-240.08,false
762,2026-06-26 16:45:00,SHORT,29276.25,29356.2965,1,0.011,-162.09,false
660,2026-06-28 18:15:00,LONG,29523.5,29273.71125,0,1.814,245.40,true
664,2026-06-28 18:15:00,LONG,29523.5,29273.71125,0,1.814,245.40,true
668,2026-06-28 18:15:00,LONG,29523.5,29273.86825,0,0.533,245.40,true
674,2026-06-28 18:15:00,LONG,29523.5,29273.56625,4,1.814,245.40,true
688,2026-06-28 18:15:00,LONG,29523.5,29273.3895,0,1.814,245.40,true
703,2026-06-28 18:15:00,LONG,29523.5,29272.87025,3,1.814,245.40,true
762,2026-06-28 18:15:00,LONG,29523.5,29272.2035,0,1.814,245.40,true
805,2026-06-28 18:15:00,LONG,29523.5,29268.6495,1,1.814,245.40,true
807,2026-06-28 18:15:00,LONG,29523.5,29268.381,0,1.814,245.40,true
705,2026-06-28 18:20:00,LONG,29537,29272.91725,4,1.791,245.40,true
678,2026-06-28 18:25:00,LONG,29561,29478.28125,3,0.206,-167.44,false
799,2026-06-28 18:30:00,LONG,29568.75,29474.20075,3,0.193,-191.10,false
706,2026-06-28 18:35:00,LONG,29565.75,29490.66725,2,0.198,-152.17,false
763,2026-06-28 18:35:00,LONG,29565.75,29489.9535,3,0.198,-153.59,false
675,2026-06-28 19:10:00,LONG,29641,29491.31625,1,0.071,-301.37,false
764,2026-06-28 19:10:00,LONG,29641,29540.7035,3,0.071,-202.59,false
707,2026-06-28 19:15:00,LONG,29647,29541.41725,2,0.061,-213.17,false
708,2026-06-28 19:20:00,LONG,29649,29581.66725,0,0.058,-136.67,false
782,2026-06-28 19:25:00,LONG,29649.5,29578.799,8,0.057,-143.40,false
784,2026-06-28 19:40:00,LONG,29668.5,29615.666,7,0.025,-107.67,false
784,2026-06-28 20:00:00,SHORT,29530,29693.584,0,0.281,245.40,true
782,2026-06-28 20:05:00,SHORT,29524.5,29670.951,0,0.272,245.40,true
708,2026-06-28 20:10:00,SHORT,29514.75,29651.58275,0,0.255,245.40,true
675,2026-06-28 20:15:00,SHORT,29493,29628.68375,0,0.219,245.40,true
706,2026-06-28 20:15:00,SHORT,29493,29629.33275,1,0.219,245.40,true
707,2026-06-28 20:15:00,SHORT,29493,29629.33275,0,0.219,245.40,true
763,2026-06-28 20:15:00,SHORT,29493,29630.0465,1,0.219,245.40,true
764,2026-06-28 20:15:00,SHORT,29493,29630.0465,0,0.219,245.40,true
678,2026-06-28 20:25:00,SHORT,29379,29567.71875,1,0.027,-379.44,false
799,2026-06-28 20:25:00,SHORT,29379,29632.79925,0,0.027,-509.60,false
668,2026-06-28 20:30:00,SHORT,29394,29536.63175,0,0.035,-287.26,false
674,2026-06-28 20:30:00,SHORT,29394,29536.93375,0,0.035,-287.87,false
703,2026-06-28 20:30:00,SHORT,29394,29537.62975,0,0.035,-289.26,false
705,2026-06-28 20:30:00,SHORT,29394,29537.58275,1,0.035,-289.17,false
664,2026-06-28 20:35:00,SHORT,29387.5,29499.53875,0,0.016,-226.08,false
688,2026-06-28 20:35:00,SHORT,29387.5,29499.8605,0,0.016,-226.72,false
664,2026-06-28 21:05:00,LONG,29492,29407.71125,1,0.112,-170.58,false
668,2026-06-28 21:05:00,LONG,29492,29407.86825,1,0.112,-170.26,false
688,2026-06-28 21:05:00,LONG,29492,29407.3895,1,0.112,-171.22,false
674,2026-06-28 21:45:00,LONG,29528,29413.56625,2,0.023,-230.87,false
703,2026-06-28 21:45:00,LONG,29528,29412.87025,2,0.023,-232.26,false
678,2026-06-28 21:50:00,LONG,29522.75,29442.78125,3,0.032,-161.94,false
705,2026-06-28 21:50:00,LONG,29522.75,29442.16725,3,0.032,-163.17,false
678,2026-06-28 22:10:00,SHORT,29398,29548.46875,0,0.015,-302.94,false
674,2026-06-28 22:15:00,SHORT,29434,29532.43375,0,0.000,-198.87,false
705,2026-06-28 22:15:00,SHORT,29434,29533.08275,0,0.000,-200.17,false
674,2026-06-28 22:35:00,LONG,29517.75,29431.06625,0,0.543,245.40,true
705,2026-06-28 22:35:00,LONG,29517.75,29430.41725,0,0.543,245.40,true
678,2026-06-28 23:05:00,LONG,29568.5,29469.03125,0,0.457,245.40,true
799,2026-06-28 23:10:00,LONG,29544.75,29492.20075,4,0.040,-107.10,false
675,2026-06-29 00:00:00,LONG,29576.25,29485.31625,3,0.444,245.40,true
706,2026-06-29 00:00:00,LONG,29576.25,29484.66725,2,0.444,245.40,true
763,2026-06-29 00:00:00,LONG,29576.25,29483.9535,5,0.444,245.40,true
675,2026-06-29 00:25:00,SHORT,29539.5,29592.18375,0,0.081,-107.37,false
706,2026-06-29 00:35:00,SHORT,29528.75,29583.08275,1,0.063,-110.67,false
763,2026-06-29 00:40:00,SHORT,29521.25,29583.7965,1,0.050,-127.09,false
706,2026-06-29 01:40:00,LONG,29621.25,29513.16725,2,0.369,245.40,true
763,2026-06-29 01:45:00,LONG,29614.25,29517.4535,4,0.380,245.40,true
675,2026-06-29 01:50:00,LONG,29656.5,29518.81625,0,0.309,245.40,true
707,2026-06-29 01:50:00,LONG,29656.5,29547.91725,1,0.309,245.40,true
764,2026-06-29 01:55:00,LONG,29670.75,29564.7035,4,0.166,-214.09,false
708,2026-06-29 02:25:00,LONG,29647.75,29582.66725,1,0.062,-132.17,false
782,2026-06-29 02:30:00,LONG,29678,29604.549,2,0.011,-148.90,false
782,2026-06-29 03:10:00,SHORT,29616,29680.451,0,0.000,-130.90,false
782,2026-06-29 03:35:00,LONG,29671.5,29605.549,0,0.165,-133.90,false
784,2026-06-29 03:45:00,LONG,29672.25,29614.666,4,0.163,-117.17,false
676,2026-06-29 04:10:00,LONG,29686.25,29625.81625,11,0.078,-122.87,false
679,2026-06-29 04:25:00,LONG,29694.75,29650.28125,9,0.044,-90.94,false
679,2026-06-29 05:00:00,SHORT,29664.25,29727.46875,0,0.075,-128.44,false
676,2026-06-29 05:50:00,SHORT,29646,29693.18375,1,0.009,-96.37,false
676,2026-06-29 06:10:00,LONG,29688,29634.06625,0,0.121,-109.87,false
679,2026-06-29 06:35:00,LONG,29737.5,29659.53125,2,0.037,-157.94,false
785,2026-06-29 06:35:00,LONG,29737.5,29666.916,9,0.037,-143.17,false
709,2026-06-29 06:40:00,LONG,29728,29670.99075,7,0.054,-116.02,false
680,2026-06-29 06:45:00,LONG,29725,29671.53125,5,0.059,-108.94,false
709,2026-06-29 08:45:00,SHORT,29668.75,29738.00925,6,0.188,-140.52,false
785,2026-06-29 08:45:00,SHORT,29668.75,29741.084,5,0.188,-146.67,false
680,2026-06-29 08:50:00,SHORT,29682.75,29737.46875,3,0.212,245.40,true
785,2026-06-29 09:10:00,LONG,29727.25,29654.916,0,0.010,-146.67,false
680,2026-06-29 09:50:00,LONG,29763,29550.28125,1,0.022,-427.44,false
709,2026-06-29 09:50:00,LONG,29763,29549.74075,1,0.022,-428.52,false
676,2026-06-29 10:10:00,SHORT,29329.75,29782.68375,4,0.094,-907.87,false
679,2026-06-29 10:10:00,SHORT,29329.75,29782.71875,4,0.094,-907.94,false
680,2026-06-29 10:10:00,SHORT,29329.75,29782.71875,0,0.094,-907.94,false
707,2026-06-29 10:10:00,SHORT,29329.75,29783.33275,3,0.094,-909.17,false
708,2026-06-29 10:10:00,SHORT,29329.75,29783.33275,4,0.094,-909.17,false
709,2026-06-29 10:10:00,SHORT,29329.75,29783.25925,0,0.094,-909.02,false
764,2026-06-29 10:10:00,SHORT,29329.75,29784.0465,4,0.094,-910.59,false
782,2026-06-29 10:10:00,SHORT,29329.75,29786.201,4,0.094,-914.90,false
784,2026-06-29 10:10:00,SHORT,29329.75,29786.334,9,0.094,-915.17,false
785,2026-06-29 10:10:00,SHORT,29329.75,29786.334,2,0.094,-915.17,false
675,2026-06-29 10:15:00,SHORT,29381.5,29638.18375,1,0.073,-515.37,false
706,2026-06-29 10:15:00,SHORT,29381.5,29638.83275,1,0.073,-516.67,false
763,2026-06-29 10:15:00,SHORT,29381.5,29639.5465,0,0.073,-518.09,false
799,2026-06-29 10:15:00,SHORT,29381.5,29642.29925,6,0.073,-523.60,false
668,2026-06-29 10:20:00,SHORT,29401.75,29561.38175,3,0.016,-321.26,false
674,2026-06-29 10:20:00,SHORT,29401.75,29561.68375,0,0.016,-321.87,false
678,2026-06-29 10:20:00,SHORT,29401.75,29561.71875,5,0.016,-321.94,false
688,2026-06-29 10:20:00,SHORT,29401.75,29561.8605,4,0.016,-322.22,false
703,2026-06-29 10:20:00,SHORT,29401.75,29562.37975,1,0.016,-323.26,false
705,2026-06-29 10:20:00,SHORT,29401.75,29562.33275,4,0.016,-323.17,false
668,2026-06-29 10:40:00,LONG,29580.25,29386.11825,0,1.718,245.40,true
674,2026-06-29 10:40:00,LONG,29580.25,29385.81625,0,1.718,245.40,true
678,2026-06-29 10:40:00,LONG,29580.25,29385.78125,0,1.718,245.40,true
688,2026-06-29 10:40:00,LONG,29580.25,29385.6395,0,1.718,245.40,true
703,2026-06-29 10:40:00,LONG,29580.25,29385.12025,0,1.718,245.40,true
705,2026-06-29 10:40:00,LONG,29580.25,29385.16725,0,1.718,245.40,true
706,2026-06-29 10:40:00,LONG,29580.25,29385.16725,0,1.718,245.40,true
763,2026-06-29 10:40:00,LONG,29580.25,29384.4535,0,1.718,245.40,true
799,2026-06-29 10:40:00,LONG,29580.25,29381.70075,0,1.718,245.40,true
675,2026-06-29 11:00:00,LONG,29702.5,29519.06625,0,1.512,245.40,true
676,2026-06-29 11:05:00,LONG,29717.25,29560.31625,0,1.487,245.40,true
679,2026-06-29 11:05:00,LONG,29717.25,29560.28125,0,1.487,245.40,true
707,2026-06-29 11:05:00,LONG,29717.25,29559.66725,2,1.487,245.40,true
708,2026-06-29 11:05:00,LONG,29717.25,29559.66725,2,1.487,245.40,true
764,2026-06-29 11:05:00,LONG,29717.25,29558.9535,1,1.487,245.40,true
782,2026-06-29 11:05:00,LONG,29717.25,29556.799,2,1.487,245.40,true
784,2026-06-29 11:05:00,LONG,29717.25,29556.666,1,1.487,245.40,true
680,2026-06-29 11:35:00,LONG,29794.75,29652.53125,2,1.356,245.40,true
709,2026-06-29 11:35:00,LONG,29794.75,29651.99075,1,1.356,245.40,true
800,2026-06-29 11:35:00,LONG,29794.75,29648.45075,12,1.356,245.40,true
710,2026-06-29 11:40:00,LONG,29819.5,29668.74075,9,1.315,245.40,true
785,2026-06-29 11:40:00,LONG,29819.5,29665.666,1,1.315,245.40,true
765,2026-06-29 11:45:00,LONG,29793,29667.9535,7,1.359,245.40,true
808,2026-06-29 11:45:00,LONG,29793,29664.131,4,1.359,245.40,true
681,2026-06-29 11:50:00,LONG,29819.5,29728.03125,3,1.315,245.40,true
789,2026-06-29 12:00:00,LONG,29869.25,29724.524,2,1.231,245.40,true
715,2026-06-29 12:05:00,LONG,29860.5,29779.81325,2,1.246,245.40,true
801,2026-06-29 12:10:00,LONG,29848.5,29776.20075,8,1.266,245.40,true
766,2026-06-29 12:25:00,LONG,29871.25,29788.52525,7,1.228,245.40,true
725,2026-06-29 12:50:00,LONG,29928,29848.16525,8,1.132,245.40,true
770,2026-06-29 13:00:00,LONG,29944.75,29867.70875,4,1.104,245.40,true
716,2026-06-29 13:10:00,LONG,29988,29885.56325,1,1.031,245.40,true
711,2026-06-29 13:15:00,LONG,29990.75,29908.49075,1,1.026,245.40,true
712,2026-06-29 13:20:00,LONG,29958.5,29908.49075,0,1.081,245.40,true
713,2026-06-29 13:35:00,LONG,30007.5,29940.99075,0,0.132,-135.02,false
717,2026-06-29 13:40:00,LONG,30005.25,29945.06325,1,0.136,-122.37,false
714,2026-06-29 13:45:00,LONG,30021.25,29944.99075,1,0.109,-154.52,false
790,2026-06-29 13:45:00,LONG,30021.25,29942.024,1,0.109,-160.45,false
720,2026-06-29 14:45:00,LONG,30050.25,29981.51375,5,0.014,-139.47,false
771,2026-06-29 14:45:00,LONG,30050.25,29979.45875,3,0.014,-143.58,false
720,2026-06-29 16:40:00,SHORT,30004,30058.98625,2,0.057,-111.97,false
720,2026-06-29 19:40:00,LONG,30044,29998.76375,4,0.068,-92.47,false
726,2026-06-29 20:10:00,LONG,30066.5,30003.16525,12,0.032,-128.67,false
720,2026-06-29 20:35:00,SHORT,29964.75,30075.73625,3,0.049,-223.97,false
726,2026-06-29 20:35:00,SHORT,29964.75,30075.83475,0,0.049,-224.17,false
714,2026-06-29 20:40:00,SHORT,29942.25,30057.25925,11,0.012,-232.02,false
771,2026-06-29 20:40:00,SHORT,29942.25,30059.29125,12,0.012,-236.08,false
790,2026-06-29 20:40:00,SHORT,29942.25,30060.226,7,0.012,-237.95,false
714,2026-06-29 21:30:00,LONG,30054.5,29952.74075,1,0.889,253.63,true
790,2026-06-29 21:30:00,LONG,30054.5,29949.774,1,0.889,253.63,true
771,2026-06-29 21:35:00,LONG,30028.5,29970.20875,1,0.932,253.63,true
720,2026-06-29 23:25:00,LONG,30062,30003.76375,4,0.253,253.63,true
726,2026-06-29 23:25:00,LONG,30062,30013.66525,6,0.253,253.63,true
727,2026-06-29 23:35:00,LONG,30113.75,30025.91525,13,0.168,-177.67,false
802,2026-06-29 23:35:00,LONG,30113.75,30022.45075,18,0.168,-184.60,false
718,2026-06-29 23:45:00,LONG,30112.75,30049.81325,3,0.170,-127.87,false
809,2026-06-29 23:45:00,LONG,30112.75,30027.98625,2,0.170,-171.53,false
755,2026-06-30 00:10:00,LONG,30138.25,30064.34825,0,0.128,-149.80,false
721,2026-06-30 00:15:00,LONG,30135.25,30087.51375,1,0.133,-97.47,false
728,2026-06-30 00:15:00,LONG,30135.25,30087.41525,1,0.133,-97.67,false
729,2026-06-30 00:30:00,LONG,30177,30087.41525,2,0.065,-181.17,false
722,2026-06-30 00:35:00,LONG,30192.75,30127.76375,1,0.040,-131.97,false
756,2026-06-30 00:35:00,LONG,30192.75,30127.59825,1,0.040,-132.30,false
804,2026-06-30 00:45:00,LONG,30194,30123.8725,1,0.038,-142.25,false
722,2026-06-30 01:40:00,SHORT,30145.75,30199.48625,0,0.243,253.63,true
804,2026-06-30 01:40:00,SHORT,30145.75,30203.3775,1,0.243,253.63,true
756,2026-06-30 02:40:00,SHORT,30106.75,30174.65175,2,0.144,-137.80,false
729,2026-06-30 02:45:00,SHORT,30126.5,30155.83475,2,0.176,-60.67,false
721,2026-06-30 03:50:00,SHORT,30089.5,30141.98625,4,0.115,-106.97,false
728,2026-06-30 03:55:00,SHORT,30081.25,30138.33475,3,0.102,-116.17,false
718,2026-06-30 04:45:00,SHORT,30037.75,30142.18675,2,0.025,-210.87,false
755,2026-06-30 04:45:00,SHORT,30037.75,30142.40175,5,0.025,-211.30,false
809,2026-06-30 04:45:00,SHORT,30037.75,30147.26375,2,0.025,-221.03,false
809,2026-06-30 06:15:00,LONG,30109,30022.23625,1,0.108,-175.53,false
718,2026-06-30 06:20:00,LONG,30103,30059.81325,3,0.118,-88.37,false
728,2026-06-30 06:55:00,LONG,30139.75,30079.16525,3,0.058,-123.17,false
755,2026-06-30 06:55:00,LONG,30139.75,30060.84825,2,0.058,-159.80,false
721,2026-06-30 07:00:00,LONG,30151,30083.76375,5,0.040,-136.47,false
729,2026-06-30 07:10:00,LONG,30164.5,30104.66525,5,0.018,-121.67,false
729,2026-06-30 08:10:00,SHORT,30090,30166.33475,1,0.152,-154.67,false
721,2026-06-30 08:15:00,SHORT,30084,30149.98625,3,0.142,-133.97,false
728,2026-06-30 08:15:00,SHORT,30084,30150.08475,1,0.142,-134.17,false
755,2026-06-30 08:20:00,SHORT,30065.5,30150.15175,0,0.112,-171.30,false
718,2026-06-30 08:30:00,SHORT,30016.5,30131.68675,1,0.032,-232.37,false
727,2026-06-30 08:35:00,SHORT,30046.75,30092.58475,4,0.081,-93.67,false
809,2026-06-30 08:35:00,SHORT,30046.75,30136.76375,0,0.081,-182.03,false
802,2026-06-30 09:00:00,SHORT,30015,30096.04925,2,0.029,-164.10,false
726,2026-06-30 09:05:00,SHORT,30023,30066.83475,4,0.042,-89.67,false
726,2026-06-30 09:35:00,LONG,30187.5,29989.66525,1,0.672,253.63,true
727,2026-06-30 09:40:00,LONG,30215.75,29992.66525,1,0.626,253.63,true
802,2026-06-30 09:40:00,LONG,30215.75,29989.20075,1,0.626,253.63,true
718,2026-06-30 09:45:00,LONG,30212.75,30025.81325,0,0.631,253.63,true
721,2026-06-30 09:45:00,LONG,30212.75,30025.76375,0,0.631,253.63,true
722,2026-06-30 09:45:00,LONG,30212.75,30025.76375,6,0.631,253.63,true
728,2026-06-30 09:45:00,LONG,30212.75,30025.66525,0,0.631,253.63,true
729,2026-06-30 09:45:00,LONG,30212.75,30025.66525,0,0.631,253.63,true
755,2026-06-30 09:45:00,LONG,30212.75,30025.59825,0,0.631,253.63,true
756,2026-06-30 09:45:00,LONG,30212.75,30025.59825,3,0.631,253.63,true
804,2026-06-30 09:45:00,LONG,30212.75,30021.8725,4,0.631,253.63,true
809,2026-06-30 09:45:00,LONG,30212.75,30020.73625,0,0.631,253.63,true
723,2026-06-30 09:50:00,LONG,30293,30025.76375,3,0.500,253.63,true
724,2026-06-30 10:00:00,LONG,30391.75,30183.51375,2,0.339,253.63,true
736,2026-06-30 10:00:00,LONG,30391.75,30183.483,2,0.339,253.63,true
730,2026-06-30 10:05:00,LONG,30334.25,30192.19975,0,0.433,253.63,true
737,2026-06-30 10:05:00,LONG,30334.25,30192.233,2,0.433,253.63,true
738,2026-06-30 10:05:00,LONG,30334.25,30192.233,0,0.433,253.63,true
757,2026-06-30 10:05:00,LONG,30334.25,30192.09825,8,0.433,253.63,true
791,2026-06-30 10:05:00,LONG,30334.25,30189.274,0,0.433,253.63,true
731,2026-06-30 10:25:00,LONG,30410.25,30298.69975,1,0.053,-225.10,false
732,2026-06-30 10:30:00,LONG,30440,30325.44975,2,0.004,-231.10,false
739,2026-06-30 10:30:00,LONG,30440,30298.733,2,0.004,-284.53,false
786,2026-06-30 10:35:00,LONG,30406.75,30339.166,2,0.022,-137.17,false
739,2026-06-30 10:55:00,SHORT,30305.25,30427.767,0,0.009,-247.03,false
786,2026-06-30 10:55:00,SHORT,30305.25,30430.834,0,0.009,-253.17,false
732,2026-06-30 11:00:00,SHORT,30368,30420.05025,1,0.015,-106.10,false
739,2026-06-30 11:15:00,LONG,30381,30292.483,0,0.357,253.63,true
732,2026-06-30 11:35:00,LONG,30409,30351.44975,0,0.311,253.63,true
733,2026-06-30 11:35:00,LONG,30409,30366.44975,3,0.311,253.63,true
786,2026-06-30 11:35:00,LONG,30409,30363.416,1,0.311,253.63,true
734,2026-06-30 11:55:00,LONG,30459.75,30386.44975,5,0.228,253.63,true
758,2026-06-30 11:55:00,LONG,30459.75,30383.59825,3,0.228,253.63,true
740,2026-06-30 12:00:00,LONG,30483.5,30407.733,1,0.190,-153.53,false
741,2026-06-30 12:10:00,LONG,30487.75,30422.483,1,0.183,-132.53,false
792,2026-06-30 12:20:00,LONG,30497.5,30442.274,2,0.167,-112.45,false
742,2026-06-30 12:50:00,LONG,30543.5,30477.733,2,0.092,-133.53,false
743,2026-06-30 12:55:00,LONG,30528,30485.91,0,0.117,-86.18,false
735,2026-06-30 14:50:00,LONG,30547,30491.44975,2,0.086,-113.10,false
752,2026-06-30 15:05:00,LONG,30578.75,30519.65775,6,0.034,-120.18,false
744,2026-06-30 15:15:00,LONG,30580,30538.41,3,0.023,-85.18,false
752,2026-06-30 16:05:00,SHORT,30532.5,30601.34225,1,1.964,253.63,true
744,2026-06-30 16:10:00,SHORT,30505.75,30600.09,2,1.920,253.63,true
735,2026-06-30 16:20:00,SHORT,30505,30600.05025,0,1.919,253.63,true
743,2026-06-30 16:20:00,SHORT,30505,30550.34,8,0.033,-92.68,false
743,2026-06-30 18:25:00,LONG,30532.75,30484.91,0,0.034,-97.68,false
743,2026-06-30 18:55:00,SHORT,30510,30538.84,0,0.000,-59.68,false
743,2026-06-30 19:40:00,LONG,30528.5,30502.41,0,0.040,-54.18,false
743,2026-06-30 21:10:00,SHORT,30497.25,30544.34,3,1.865,259.24,true
742,2026-06-30 21:25:00,SHORT,30486,30525.767,5,1.847,259.24,true
792,2026-06-30 21:55:00,SHORT,30453.5,30516.976,2,1.795,259.24,true
741,2026-06-30 22:05:00,SHORT,30406.5,30491.517,2,1.720,259.24,true
740,2026-06-30 22:10:00,SHORT,30392.5,30486.517,0,1.698,259.24,true
734,2026-06-30 22:15:00,SHORT,30405,30463.55025,0,0.018,-119.10,false
734,2026-06-30 22:50:00,LONG,30437.5,30401.94975,1,0.064,-73.10,false
740,2026-06-30 23:55:00,LONG,30467,30422.233,2,0.012,-91.53,false
740,2026-07-01 01:55:00,SHORT,30429.5,30480.017,3,1.757,259.24,true
734,2026-07-01 02:20:00,SHORT,30382,30451.30025,5,1.681,259.24,true
758,2026-07-01 02:25:00,SHORT,30395,30451.40175,1,1.702,259.24,true
733,2026-07-01 03:05:00,SHORT,30353.75,30423.80025,4,0.087,-142.10,false
732,2026-07-01 03:10:00,SHORT,30334.25,30404.80025,6,0.056,-143.10,false
786,2026-07-01 03:10:00,SHORT,30334.25,30430.084,4,0.056,-193.67,false
739,2026-07-01 03:15:00,SHORT,30322,30402.017,2,0.031,-162.03,false
739,2026-07-01 06:00:00,LONG,30378.5,30344.983,9,0.091,-69.03,false
732,2026-07-01 06:55:00,LONG,30407.75,30352.69975,2,0.044,-112.10,false
786,2026-07-01 07:00:00,LONG,30425,30353.916,2,0.016,-144.17,false
733,2026-07-01 07:10:00,LONG,30413,30376.69975,2,0.011,-74.60,false
733,2026-07-01 07:55:00,SHORT,30362.75,30427.05025,0,1.650,259.24,true
786,2026-07-01 07:55:00,SHORT,30362.75,30425.084,0,1.650,259.24,true
732,2026-07-01 08:00:00,SHORT,30341.25,30404.05025,1,1.616,259.24,true
739,2026-07-01 08:10:00,SHORT,30358.25,30404.017,2,1.643,259.24,true
812,2026-07-01 08:40:00,SHORT,30271.5,30407.533,9,1.505,259.24,true
730,2026-07-01 08:45:00,SHORT,30249.25,30402.30025,3,1.469,259.24,true
731,2026-07-01 08:45:00,SHORT,30249.25,30402.30025,13,1.469,259.24,true
738,2026-07-01 08:45:00,SHORT,30249.25,30402.267,2,1.469,259.24,true
791,2026-07-01 08:45:00,SHORT,30249.25,30405.226,5,1.469,259.24,true
724,2026-07-01 09:40:00,SHORT,30141.25,30299.23625,3,0.047,-317.97,false
736,2026-07-01 09:40:00,SHORT,30141.25,30299.267,3,0.047,-318.03,false
737,2026-07-01 09:40:00,SHORT,30141.25,30299.267,2,0.047,-318.03,false
757,2026-07-01 09:40:00,SHORT,30141.25,30299.40175,0,0.047,-318.30,false
811,2026-07-01 09:40:00,SHORT,30141.25,30304.533,0,0.047,-328.57,false
757,2026-07-01 10:00:00,LONG,30263.25,30104.34825,0,0.149,-319.80,false
811,2026-07-01 10:00:00,LONG,30263.25,30099.217,0,0.149,-330.07,false
724,2026-07-01 10:05:00,LONG,30296.75,30181.26375,0,0.049,-232.97,false
736,2026-07-01 10:15:00,LONG,30302.5,30181.233,0,0.018,-244.53,false
737,2026-07-01 10:15:00,LONG,30302.5,30181.233,0,0.018,-244.53,false
737,2026-07-01 10:50:00,SHORT,30214.75,30319.267,0,0.112,-211.03,false
724,2026-07-01 10:55:00,SHORT,30192.25,30279.23625,1,0.010,-175.97,false
736,2026-07-01 10:55:00,SHORT,30192.25,30279.267,1,0.010,-176.03,false
724,2026-07-01 11:25:00,LONG,30343.25,30197.01375,1,0.021,-294.47,false
736,2026-07-01 11:25:00,LONG,30343.25,30196.983,1,0.021,-294.53,false
737,2026-07-01 11:25:00,LONG,30343.25,30196.983,1,0.021,-294.53,false
738,2026-07-01 11:30:00,LONG,30318.5,30254.983,5,0.015,-129.03,false
738,2026-07-01 11:55:00,SHORT,30254.75,30335.017,0,1.478,259.24,true
737,2026-07-01 12:00:00,SHORT,30243.25,30303.767,0,0.665,259.24,true
736,2026-07-01 12:10:00,SHORT,30242.25,30303.767,0,0.664,259.24,true
724,2026-07-01 12:45:00,SHORT,30217.5,30270.23625,2,0.624,259.24,true
757,2026-07-01 13:05:00,SHORT,30185.25,30264.15175,5,0.573,259.24,true
811,2026-07-01 13:05:00,SHORT,30185.25,30254.033,5,0.573,259.24,true
723,2026-07-01 14:20:00,SHORT,30174.75,30221.23625,6,0.121,-94.97,false
804,2026-07-01 14:45:00,SHORT,30122.25,30201.1275,7,0.037,-159.75,false
722,2026-07-01 14:50:00,SHORT,30102.75,30189.48625,6,0.006,-175.47,false
756,2026-07-01 14:55:00,SHORT,30132.75,30182.15175,7,0.009,-100.80,false
722,2026-07-01 15:15:00,LONG,30194.75,30120.01375,0,0.059,-151.47,false
756,2026-07-01 15:15:00,LONG,30194.75,30119.84825,0,0.059,-151.80,false
804,2026-07-01 15:15:00,LONG,30194.75,30116.1225,0,0.059,-159.25,false
722,2026-07-01 15:50:00,SHORT,30117.5,30220.48625,0,0.263,259.24,true
804,2026-07-01 15:50:00,SHORT,30117.5,30224.3775,1,0.263,259.24,true
756,2026-07-01 15:55:00,SHORT,30080.75,30177.15175,0,0.205,-194.80,false
729,2026-07-01 16:00:00,SHORT,30029.25,30177.08475,4,0.122,-297.67,false
721,2026-07-01 16:05:00,SHORT,30042.75,30168.98625,3,0.144,-254.47,false
728,2026-07-01 16:05:00,SHORT,30042.75,30169.08475,3,0.144,-254.67,false
755,2026-07-01 16:05:00,SHORT,30042.75,30169.15175,3,0.144,-254.80,false
718,2026-07-01 16:10:00,SHORT,30060.75,30126.43675,1,0.173,-133.37,false
809,2026-07-01 16:10:00,SHORT,30060.75,30131.51375,0,0.173,-143.53,false
809,2026-07-01 18:30:00,LONG,30109.25,30039.23625,3,0.014,-142.03,false
718,2026-07-01 18:35:00,LONG,30107.5,30061.31325,1,0.017,-94.37,false
718,2026-07-01 19:20:00,SHORT,30057.25,30118.18675,1,0.167,-123.87,false
809,2026-07-01 19:20:00,SHORT,30057.25,30106.01375,1,0.167,-99.53,false
727,2026-07-01 20:05:00,SHORT,29999.25,30081.08475,4,0.038,-165.67,false
720,2026-07-01 20:10:00,SHORT,29998.75,30059.73625,10,0.037,-123.97,false
726,2026-07-01 20:10:00,SHORT,29998.75,30059.83475,7,0.037,-124.17,false
802,2026-07-01 20:10:00,SHORT,29998.75,30084.54925,5,0.037,-173.60,false
720,2026-07-01 20:35:00,LONG,30060.5,29968.51375,0,0.286,259.04,true
726,2026-07-01 20:35:00,LONG,30060.5,29968.41525,0,0.286,259.04,true
727,2026-07-01 21:00:00,LONG,30146,29999.16525,2,0.149,-295.67,false
802,2026-07-01 21:00:00,LONG,30146,29995.70075,1,0.149,-302.60,false
718,2026-07-01 21:05:00,LONG,30183,30035.81325,1,0.090,-296.37,false
755,2026-07-01 21:05:00,LONG,30183,30035.59825,3,0.090,-296.80,false
809,2026-07-01 21:05:00,LONG,30183,30030.73625,4,0.090,-306.53,false
721,2026-07-01 21:10:00,LONG,30186.75,30086.01375,3,0.084,-203.47,false
728,2026-07-01 21:10:00,LONG,30186.75,30085.91525,3,0.084,-203.67,false
729,2026-07-01 21:15:00,LONG,30193,30090.66525,0,0.074,-206.67,false
756,2026-07-01 21:15:00,LONG,30193,30090.59825,0,0.074,-206.80,false
722,2026-07-01 21:20:00,LONG,30195.75,30136.76375,0,0.070,-119.97,false
804,2026-07-01 21:20:00,LONG,30195.75,30132.8725,0,0.070,-127.75,false
723,2026-07-01 21:45:00,LONG,30217.25,30136.76375,1,0.036,-162.97,false
723,2026-07-01 23:15:00,SHORT,30170,30219.98625,4,0.549,259.04,true
722,2026-07-02 00:15:00,SHORT,30116.25,30195.48625,3,0.463,259.04,true
804,2026-07-02 00:15:00,SHORT,30116.25,30208.1275,2,0.463,259.04,true
756,2026-07-02 00:20:00,SHORT,30120.25,30175.40175,3,0.470,259.04,true
729,2026-07-02 00:40:00,SHORT,30068.75,30161.83475,2,0.387,259.04,true
721,2026-07-02 00:45:00,SHORT,30074.75,30142.98625,1,0.002,-138.47,false
728,2026-07-02 00:45:00,SHORT,30074.75,30143.08475,1,0.002,-138.67,false
755,2026-07-02 00:45:00,SHORT,30074.75,30143.15175,1,0.002,-138.80,false
755,2026-07-02 01:05:00,LONG,30150.75,30066.09825,0,0.014,-171.30,false
721,2026-07-02 01:10:00,LONG,30145.5,30087.01375,0,0.023,-118.97,false
728,2026-07-02 01:10:00,LONG,30145.5,30066.16525,0,0.023,-160.67,false
729,2026-07-02 01:15:00,LONG,30147.5,30086.91525,0,0.016,-123.17,false
729,2026-07-02 01:35:00,SHORT,30053.75,30164.83475,0,0.363,259.04,true
721,2026-07-02 01:40:00,SHORT,30053.5,30151.73625,0,0.363,259.04,true
728,2026-07-02 01:40:00,SHORT,30053.5,30151.83475,0,0.363,259.04,true
718,2026-07-02 01:45:00,SHORT,30045,30123.93675,1,0.349,259.04,true
755,2026-07-02 01:45:00,SHORT,30045,30124.15175,0,0.349,259.04,true
809,2026-07-02 01:45:00,SHORT,30045,30129.01375,1,0.349,259.04,true
727,2026-07-02 02:10:00,SHORT,29954.5,30097.83475,1,0.205,-288.67,false
802,2026-07-02 02:10:00,SHORT,29954.5,30101.29925,1,0.205,-295.60,false
720,2026-07-02 02:15:00,SHORT,29981.5,30073.23625,2,0.248,259.04,true
726,2026-07-02 02:15:00,SHORT,29981.5,30073.33475,3,0.248,259.04,true
771,2026-07-02 02:15:00,SHORT,29981.5,30075.29125,10,0.248,259.04,true
714,2026-07-02 02:20:00,SHORT,29970.75,30036.25925,4,0.231,259.04,true
790,2026-07-02 02:50:00,SHORT,29916.75,30017.726,4,0.145,-203.95,false
713,2026-07-02 02:55:00,SHORT,29919.75,30001.00925,6,0.149,-164.52,false
717,2026-07-02 02:55:00,SHORT,29919.75,30014.68675,10,0.149,-191.87,false
711,2026-07-02 03:00:00,SHORT,29912.5,29985.25925,2,0.138,-147.52,false
712,2026-07-02 03:00:00,SHORT,29912.5,29985.25925,7,0.138,-147.52,false
716,2026-07-02 03:15:00,SHORT,29845.25,29985.18675,0,0.030,-281.87,false
770,2026-07-02 03:15:00,SHORT,29845.25,29946.79125,1,0.030,-205.08,false
725,2026-07-02 03:20:00,SHORT,29851.5,29922.58475,0,0.040,-144.17,false
725,2026-07-02 03:45:00,LONG,29934.5,29851.41525,0,0.012,-168.17,false
770,2026-07-02 04:35:00,LONG,29999.5,29871.95875,2,0.512,259.04,true
711,2026-07-02 04:40:00,LONG,29980.75,29900.74075,1,0.542,259.04,true
716,2026-07-02 04:40:00,LONG,29980.75,29874.06325,2,0.542,259.04,true
712,2026-07-02 04:45:00,LONG,30000.25,29908.99075,1,0.511,259.04,true
713,2026-07-02 04:45:00,LONG,30000.25,29908.99075,0,0.511,259.04,true
717,2026-07-02 04:55:00,LONG,30033,29909.06325,0,0.458,259.04,true
790,2026-07-02 04:55:00,LONG,30033,29906.024,0,0.458,259.04,true
717,2026-07-02 06:05:00,SHORT,29941.5,30005.43675,1,0.028,-129.87,false
790,2026-07-02 06:05:00,SHORT,29941.5,30020.976,1,0.028,-160.95,false
712,2026-07-02 06:10:00,SHORT,29934.5,29986.75925,1,0.016,-106.52,false
713,2026-07-02 06:10:00,SHORT,29934.5,29986.75925,3,0.016,-106.52,false
712,2026-07-02 06:40:00,LONG,29978.5,29927.74075,1,0.545,259.04,true
713,2026-07-02 06:40:00,LONG,29978.5,29927.74075,0,0.545,259.04,true
717,2026-07-02 07:30:00,LONG,29995.25,29940.81325,0,0.519,259.04,true
714,2026-07-02 07:45:00,LONG,30059,29965.74075,9,0.417,259.04,true
790,2026-07-02 07:45:00,LONG,30059,29937.774,0,0.417,259.04,true
720,2026-07-02 07:50:00,LONG,30041,29985.51375,1,0.446,259.04,true
771,2026-07-02 07:50:00,LONG,30041,29983.45875,9,0.446,259.04,true
726,2026-07-02 08:10:00,LONG,30131.25,29985.41525,1,0.301,259.04,true
727,2026-07-02 08:10:00,LONG,30131.25,30014.91525,1,0.301,259.04,true
718,2026-07-02 08:15:00,LONG,30139.75,30015.06325,1,0.288,259.04,true
802,2026-07-02 08:15:00,LONG,30139.75,30011.45075,2,0.288,259.04,true
809,2026-07-02 08:15:00,LONG,30139.75,30009.98625,4,0.288,259.04,true
721,2026-07-02 08:20:00,LONG,30157.5,30065.51375,0,0.260,259.04,true
728,2026-07-02 08:20:00,LONG,30157.5,30065.41525,0,0.260,259.04,true
755,2026-07-02 08:20:00,LONG,30157.5,30065.34825,0,0.260,259.04,true
729,2026-07-02 08:30:00,LONG,30274.5,30092.66525,0,0.073,-365.67,false
722,2026-07-02 08:35:00,LONG,30281.75,30120.01375,1,0.019,-325.47,false
756,2026-07-02 08:35:00,LONG,30281.75,30119.84825,1,0.019,-325.80,false
804,2026-07-02 08:35:00,LONG,30281.75,30116.1225,1,0.019,-333.25,false
723,2026-07-02 08:40:00,LONG,30241.5,30127.26375,2,0.038,-230.47,false
757,2026-07-02 08:45:00,LONG,30246.5,30167.59825,9,0.025,-159.80,false
811,2026-07-02 08:45:00,LONG,30246.5,30162.467,10,0.025,-170.07,false
757,2026-07-02 09:05:00,SHORT,30127.75,30269.40175,0,0.192,-285.30,false
811,2026-07-02 09:05:00,SHORT,30127.75,30274.533,0,0.192,-295.57,false
723,2026-07-02 09:10:00,SHORT,30142,30222.23625,0,0.214,259.04,true
722,2026-07-02 09:35:00,SHORT,30054.75,30191.23625,1,0.004,-274.97,false
804,2026-07-02 09:35:00,SHORT,30054.75,30195.1275,1,0.004,-282.75,false
756,2026-07-02 09:40:00,SHORT,30124.25,30182.40175,2,0.036,-118.30,false
722,2026-07-02 09:55:00,LONG,30257.75,30045.01375,0,0.057,-427.47,false
804,2026-07-02 09:55:00,LONG,30257.75,30041.1225,0,0.057,-435.25,false
756,2026-07-02 10:00:00,LONG,30259.75,30094.59825,0,0.002,-332.30,false
811,2026-07-02 10:00:00,LONG,30259.75,30089.467,0,0.002,-342.57,false
811,2026-07-02 10:25:00,SHORT,29935,30273.533,0,1.158,259.04,true
721,2026-07-02 10:30:00,SHORT,29903,30233.73625,3,1.107,259.04,true
722,2026-07-02 10:30:00,SHORT,29903,30233.73625,1,1.107,259.04,true
728,2026-07-02 10:30:00,SHORT,29903,30233.83475,3,1.107,259.04,true
756,2026-07-02 10:30:00,SHORT,29903,30261.15175,0,1.107,259.04,true
804,2026-07-02 10:30:00,SHORT,29903,30237.6275,1,1.107,259.04,true
718,2026-07-02 10:35:00,SHORT,29923.25,30176.68675,2,1.139,259.04,true
729,2026-07-02 10:35:00,SHORT,29923.25,30176.83475,3,1.139,259.04,true
755,2026-07-02 10:35:00,SHORT,29923.25,30176.90175,3,1.139,259.04,true
809,2026-07-02 10:35:00,SHORT,29923.25,30181.76375,2,1.139,259.04,true
711,2026-07-02 10:40:00,SHORT,29809.5,30102.00925,3,0.957,259.04,true
712,2026-07-02 10:40:00,SHORT,29809.5,30102.00925,0,0.957,259.04,true
713,2026-07-02 10:40:00,SHORT,29809.5,30102.00925,3,0.957,259.04,true
714,2026-07-02 10:40:00,SHORT,29809.5,30102.00925,0,0.957,259.04,true
717,2026-07-02 10:40:00,SHORT,29809.5,30101.93675,0,0.957,259.04,true
720,2026-07-02 10:40:00,SHORT,29809.5,30101.98625,2,0.957,259.04,true
726,2026-07-02 10:40:00,SHORT,29809.5,30102.08475,1,0.957,259.04,true
727,2026-07-02 10:40:00,SHORT,29809.5,30102.08475,1,0.957,259.04,true
771,2026-07-02 10:40:00,SHORT,29809.5,30104.04125,1,0.957,259.04,true
790,2026-07-02 10:40:00,SHORT,29809.5,30104.976,0,0.957,259.04,true
802,2026-07-02 10:40:00,SHORT,29809.5,30105.54925,1,0.957,259.04,true
716,2026-07-02 10:50:00,SHORT,29767,30101.93675,2,0.890,259.04,true
725,2026-07-02 10:50:00,SHORT,29767,29993.58475,2,0.700,259.04,true
770,2026-07-02 10:55:00,SHORT,29840.25,29942.29125,1,0.817,259.04,true
766,2026-07-02 11:10:00,SHORT,29716.5,29941.22475,3,0.620,259.04,true
801,2026-07-02 11:10:00,SHORT,29716.5,29943.79925,4,0.620,259.04,true
681,2026-07-02 11:15:00,SHORT,29639.5,29858.71875,2,0.497,259.04,true
710,2026-07-02 11:15:00,SHORT,29639.5,29859.25925,1,0.497,259.04,true
715,2026-07-02 11:15:00,SHORT,29639.5,29859.18675,4,0.497,259.04,true
765,2026-07-02 11:15:00,SHORT,29639.5,29860.0465,1,0.497,259.04,true
789,2026-07-02 11:15:00,SHORT,29639.5,29862.226,2,0.497,259.04,true
800,2026-07-02 11:15:00,SHORT,29639.5,29862.79925,1,0.497,259.04,true
808,2026-07-02 11:15:00,SHORT,29639.5,29863.869,2,0.497,259.04,true
810,2026-07-02 11:15:00,SHORT,29639.5,29864.533,4,0.497,259.04,true
680,2026-07-02 11:55:00,SHORT,29676,29822.21875,1,0.555,259.04,true
679,2026-07-02 12:00:00,SHORT,29634,29754.46875,5,0.488,259.04,true
709,2026-07-02 12:00:00,SHORT,29634,29822.75925,3,0.488,259.04,true
785,2026-07-02 12:00:00,SHORT,29634,29758.084,3,0.488,259.04,true
676,2026-07-02 12:15:00,SHORT,29594.75,29694.93375,6,0.425,259.04,true
784,2026-07-02 12:25:00,SHORT,29558.75,29698.584,5,0.368,259.04,true
707,2026-07-02 12:30:00,SHORT,29499.75,29660.58275,1,0.273,259.04,true
708,2026-07-02 12:30:00,SHORT,29499.75,29660.58275,2,0.273,259.04,true
764,2026-07-02 12:30:00,SHORT,29499.75,29661.2965,1,0.273,259.04,true
782,2026-07-02 12:30:00,SHORT,29499.75,29663.451,3,0.273,259.04,true
675,2026-07-02 12:35:00,SHORT,29486.25,29605.18375,0,0.252,259.04,true
706,2026-07-02 12:40:00,SHORT,29539,29605.83275,1,0.336,259.04,true
763,2026-07-02 12:55:00,SHORT,29462.25,29571.2965,2,0.214,259.04,true
678,2026-07-02 13:00:00,SHORT,29411,29549.21875,2,0.132,-278.44,false
799,2026-07-02 13:00:00,SHORT,29411,29553.29925,2,0.132,-286.60,false
674,2026-07-02 13:05:00,SHORT,29447.5,29541.18375,1,0.190,-189.37,false
705,2026-07-02 13:05:00,SHORT,29447.5,29549.83275,2,0.190,-206.67,false
703,2026-07-02 13:10:00,SHORT,29454,29509.12975,1,0.200,-112.26,false
668,2026-07-02 13:25:00,SHORT,29447.5,29508.13175,1,0.190,-123.26,false
688,2026-07-02 13:40:00,SHORT,29404.75,29508.6105,1,0.122,-209.72,false
664,2026-07-02 13:45:00,SHORT,29362,29479.78875,6,0.053,-237.58,false
807,2026-07-02 13:55:00,SHORT,29338.5,29449.869,5,0.013,-224.74,false
807,2026-07-02 14:20:00,LONG,29450.25,29366.381,0,0.124,-169.74,false
664,2026-07-02 14:35:00,LONG,29491.75,29415.71125,1,0.058,-154.08,false
668,2026-07-02 14:35:00,LONG,29491.75,29415.86825,2,0.058,-153.76,false
688,2026-07-02 14:35:00,LONG,29491.75,29415.3895,1,0.058,-154.72,false
703,2026-07-02 14:35:00,LONG,29491.75,29414.87025,3,0.058,-155.76,false
674,2026-07-02 14:55:00,LONG,29489,29431.06625,4,0.023,-117.87,false
668,2026-07-02 15:10:00,SHORT,29413,29509.63175,1,0.101,-195.26,false
703,2026-07-02 15:10:00,SHORT,29413,29510.62975,1,0.101,-197.26,false
664,2026-07-02 15:15:00,SHORT,29394.75,29509.78875,1,0.072,-232.08,false
674,2026-07-02 15:15:00,SHORT,29394.75,29509.93375,0,0.072,-232.37,false
688,2026-07-02 15:15:00,SHORT,29394.75,29510.1105,1,0.072,-232.72,false
664,2026-07-02 15:40:00,LONG,29454.25,29342.96125,0,1.022,259.04,true
688,2026-07-02 15:40:00,LONG,29454.25,29342.6395,0,1.022,259.04,true
668,2026-07-02 16:00:00,LONG,29533,29405.61825,0,0.896,259.04,true
703,2026-07-02 16:00:00,LONG,29533,29424.62025,1,0.896,259.04,true
674,2026-07-02 16:05:00,LONG,29541,29444.56625,1,0.883,259.04,true
678,2026-07-02 16:05:00,LONG,29541,29444.53125,2,0.883,259.04,true
705,2026-07-02 16:05:00,LONG,29541,29443.91725,4,0.883,259.04,true
799,2026-07-02 16:05:00,LONG,29541,29440.45075,2,0.883,259.04,true
763,2026-07-02 16:55:00,LONG,29551.75,29505.9535,1,0.866,259.04,true
706,2026-07-02 18:10:00,LONG,29580.25,29528.91725,3,0.090,-104.67,false
675,2026-07-02 18:15:00,LONG,29588,29552.56625,3,0.053,-72.87,false
764,2026-07-02 18:40:00,LONG,29620.5,29551.2035,1,0.028,-140.59,false
707,2026-07-02 18:45:00,LONG,29615.5,29560.66725,1,0.010,-111.67,false
707,2026-07-02 19:15:00,SHORT,29559.5,29624.58275,0,0.004,-132.17,false
764,2026-07-02 20:35:00,SHORT,29571.5,29629.2965,5,0.076,-117.59,false
707,2026-07-02 21:15:00,LONG,29660,29527.91725,5,0.666,269.73,true
708,2026-07-02 21:15:00,LONG,29660,29527.91725,4,0.666,269.73,true
764,2026-07-02 21:15:00,LONG,29660,29527.2035,1,0.666,269.73,true
782,2026-07-02 21:15:00,LONG,29660,29525.049,1,0.666,269.73,true
676,2026-07-02 21:50:00,LONG,29695.25,29636.56625,2,0.612,269.73,true
784,2026-07-02 21:50:00,LONG,29695.25,29606.666,0,0.612,269.73,true
679,2026-07-02 22:25:00,LONG,29729.75,29653.03125,1,0.559,269.73,true
709,2026-07-02 22:30:00,LONG,29721.75,29686.24075,1,0.444,269.73,true
785,2026-07-02 22:30:00,LONG,29721.75,29670.166,2,0.571,269.73,true
680,2026-07-02 22:55:00,LONG,29750.75,29686.78125,1,0.400,269.73,true
800,2026-07-02 23:20:00,LONG,29746,29713.95075,3,0.407,269.73,true
710,2026-07-03 00:05:00,LONG,29776,29710.49075,3,0.361,269.73,true
765,2026-07-03 00:10:00,LONG,29785.5,29736.2035,6,0.346,269.73,true
808,2026-07-03 00:20:00,LONG,29795,29732.381,3,0.332,269.73,true
681,2026-07-03 00:25:00,LONG,29802,29757.28125,2,0.321,269.73,true
789,2026-07-03 01:00:00,LONG,29822.5,29757.274,1,0.290,269.73,true
810,2026-07-03 02:05:00,LONG,29882.75,29776.717,3,0.197,-214.07,false
715,2026-07-03 02:10:00,LONG,29872,29800.31325,5,0.214,269.73,true
801,2026-07-03 02:10:00,LONG,29872,29796.70075,4,0.214,269.73,true
766,2026-07-03 02:15:00,LONG,29872.25,29812.77525,1,0.213,269.73,true
725,2026-07-03 08:00:00,LONG,29910.5,29859.41525,6,0.155,-104.17,false
770,2026-07-03 09:30:00,LONG,29930,29879.20875,10,0.076,-103.58,false
716,2026-07-05 18:30:00,LONG,29952.25,29882.81325,12,0.098,-140.87,false
711,2026-07-05 18:40:00,LONG,29971,29894.99075,4,0.067,-154.02,false
712,2026-07-05 18:45:00,LONG,29968.5,29926.74075,4,0.066,-85.52,false
713,2026-07-05 19:25:00,LONG,29985.25,29919.24075,3,0.043,-134.02,false
712,2026-07-05 20:35:00,SHORT,29917,29993.00925,3,0.391,247.73,true
713,2026-07-05 20:35:00,SHORT,29917,29993.00925,2,0.391,247.73,true
711,2026-07-05 21:05:00,SHORT,29904.25,29977.00925,3,0.369,247.73,true
716,2026-07-05 21:15:00,SHORT,29886,29939.18675,3,0.339,247.73,true
770,2026-07-05 21:20:00,SHORT,29828.25,29941.29125,11,0.242,247.73,true
814,2026-07-05 21:30:00,SHORT,29840,29919.981,4,0.262,247.73,true
725,2026-07-05 21:35:00,SHORT,29837.75,29900.83475,7,0.258,247.73,true
813,2026-07-05 21:35:00,SHORT,29837.75,29905.481,3,0.258,247.73,true
766,2026-07-05 21:50:00,SHORT,29759.75,29901.72475,8,0.128,-285.95,false
801,2026-07-05 21:50:00,SHORT,29759.75,29904.29925,10,0.128,-291.10,false
715,2026-07-05 21:55:00,SHORT,29792.75,29862.43675,4,0.183,-141.37,false
810,2026-07-05 21:55:00,SHORT,29792.75,29867.783,1,0.183,-152.07,false
681,2026-07-05 22:35:00,SHORT,29723.75,29802.71875,4,0.068,-159.94,false
789,2026-07-05 22:35:00,SHORT,29723.75,29828.976,3,0.068,-212.45,false
808,2026-07-05 22:35:00,SHORT,29723.75,29807.869,2,0.068,-170.24,false
765,2026-07-05 22:40:00,SHORT,29699.25,29789.2965,2,0.027,-182.09,false
710,2026-07-05 22:45:00,SHORT,29708.75,29788.50925,2,0.043,-161.52,false
800,2026-07-05 22:45:00,SHORT,29708.75,29792.04925,3,0.043,-168.60,false
800,2026-07-05 23:10:00,LONG,29771,29686.70075,0,0.539,247.73,true
710,2026-07-05 23:15:00,LONG,29762,29709.49075,0,0.074,-107.02,false
765,2026-07-05 23:30:00,LONG,29800.25,29708.7035,0,0.010,-185.09,false
681,2026-07-05 23:35:00,LONG,29787.5,29741.28125,1,0.005,-94.44,false
808,2026-07-05 23:35:00,LONG,29787.5,29704.881,0,0.005,-167.24,false
681,2026-07-05 23:55:00,SHORT,29730.25,29796.96875,0,0.045,-135.44,false
710,2026-07-05 23:55:00,SHORT,29730.25,29797.50925,1,0.045,-136.52,false
765,2026-07-05 23:55:00,SHORT,29730.25,29798.2965,0,0.045,-138.09,false
808,2026-07-05 23:55:00,SHORT,29730.25,29802.119,0,0.045,-145.74,false
681,2026-07-06 00:25:00,LONG,29794.75,29713.28125,0,0.500,247.73,true
710,2026-07-06 00:25:00,LONG,29794.75,29712.74075,1,0.500,247.73,true
765,2026-07-06 00:25:00,LONG,29794.75,29711.9535,0,0.500,247.73,true
808,2026-07-06 00:25:00,LONG,29794.75,29708.131,0,0.500,247.73,true
789,2026-07-06 00:45:00,LONG,29819.5,29758.774,2,0.035,-123.45,false
789,2026-07-06 01:35:00,SHORT,29774.25,29822.726,1,0.033,-98.95,false
789,2026-07-06 02:40:00,LONG,29854.5,29745.024,2,0.400,247.73,true
715,2026-07-06 02:45:00,LONG,29848,29777.31325,4,0.152,-143.37,false
810,2026-07-06 02:45:00,LONG,29848,29771.967,7,0.411,247.73,true
801,2026-07-06 03:10:00,LONG,29848,29806.20075,2,0.060,-85.60,false
766,2026-07-06 03:50:00,LONG,29858.25,29808.02525,3,0.043,-102.45,false
766,2026-07-06 04:25:00,SHORT,29833.25,29881.22475,1,0.043,-97.95,false
766,2026-07-06 05:00:00,LONG,29857.5,29817.27525,1,0.136,-82.45,false
813,2026-07-06 07:35:00,LONG,29881,29819.769,9,0.097,-124.46,false
725,2026-07-06 07:50:00,LONG,29896.75,29847.41525,10,0.069,-100.67,false
814,2026-07-06 08:10:00,LONG,29931.5,29853.519,6,0.011,-157.96,false
716,2026-07-06 08:15:00,LONG,29928,29858.31325,0,0.017,-141.37,false
770,2026-07-06 08:15:00,LONG,29928,29856.20875,5,0.017,-145.58,false
716,2026-07-06 09:10:00,SHORT,29858,29945.18675,1,0.136,-176.37,false
770,2026-07-06 09:15:00,SHORT,29841.5,29947.29125,2,0.109,-213.58,false
814,2026-07-06 09:20:00,SHORT,29838,29949.981,2,0.103,-225.96,false
725,2026-07-06 09:25:00,SHORT,29834.75,29900.58475,2,0.098,-133.67,false
813,2026-07-06 09:25:00,SHORT,29834.75,29905.231,2,0.098,-142.96,false
725,2026-07-06 09:45:00,LONG,29952,29768.91525,0,0.237,247.73,true
813,2026-07-06 09:45:00,LONG,29952,29764.269,0,0.237,247.73,true
770,2026-07-06 09:50:00,LONG,29970.5,29766.95875,0,0.206,-409.08,false
814,2026-07-06 09:50:00,LONG,29970.5,29764.269,0,0.206,-414.46,false
716,2026-07-06 09:55:00,LONG,29932.5,29838.56325,1,0.270,247.73,true
711,2026-07-06 10:15:00,LONG,30007.5,29888.74075,3,0.144,-239.52,false
712,2026-07-06 10:15:00,LONG,30007.5,29895.99075,3,0.144,-225.02,false
713,2026-07-06 10:15:00,LONG,30007.5,29895.99075,2,0.144,-225.02,false
717,2026-07-06 10:15:00,LONG,30007.5,29896.06325,5,0.144,-224.87,false
714,2026-07-06 10:20:00,LONG,30014,29906.74075,6,0.134,-216.52,false
790,2026-07-06 10:20:00,LONG,30014,29893.024,5,0.134,-243.95,false
771,2026-07-06 10:40:00,LONG,30037.75,29904.70875,5,0.094,-268.08,false
720,2026-07-06 11:40:00,LONG,30070,29994.26375,4,0.040,-153.47,false
726,2026-07-06 11:40:00,LONG,30070,29994.16525,4,0.040,-153.67,false
727,2026-07-06 12:15:00,LONG,30067.75,29994.16525,3,0.013,-149.17,false
802,2026-07-06 12:15:00,LONG,30067.75,29990.70075,4,0.013,-156.10,false
727,2026-07-06 12:35:00,SHORT,30019.25,30082.83475,0,1.852,247.73,true
802,2026-07-06 12:35:00,SHORT,30019.25,30086.29925,0,1.852,247.73,true
720,2026-07-06 13:00:00,SHORT,29994.75,30082.73625,0,1.811,247.73,true
726,2026-07-06 13:00:00,SHORT,29994.75,30082.83475,0,1.811,247.73,true
714,2026-07-06 13:30:00,SHORT,29933.25,30039.25925,6,0.085,-214.02,false
771,2026-07-06 13:30:00,SHORT,29933.25,30046.04125,4,0.085,-227.58,false
713,2026-07-06 13:35:00,SHORT,29922.25,30009.50925,2,0.067,-176.52,false
717,2026-07-06 13:35:00,SHORT,29922.25,30009.43675,5,0.067,-176.37,false
790,2026-07-06 13:35:00,SHORT,29922.25,30042.226,5,0.067,-241.95,false
712,2026-07-06 13:40:00,SHORT,29904.75,30004.00925,1,0.037,-200.52,false
711,2026-07-06 13:45:00,SHORT,29919.25,29967.75925,1,0.055,-99.02,false
711,2026-07-06 14:15:00,LONG,29983.5,29888.24075,1,0.114,-192.52,false
712,2026-07-06 14:25:00,LONG,29971.75,29916.49075,0,0.134,-112.52,false
713,2026-07-06 14:50:00,LONG,29989.5,29941.24075,2,0.104,-98.52,false
717,2026-07-06 15:00:00,LONG,29989,29950.56325,2,0.105,-78.87,false
790,2026-07-06 15:15:00,LONG,30033.5,29947.524,2,0.031,-173.95,false
714,2026-07-06 15:20:00,LONG,30047.75,29979.74075,4,0.007,-138.02,false
771,2026-07-06 15:25:00,LONG,30035.5,29977.70875,3,0.004,-117.58,false
714,2026-07-06 16:05:00,SHORT,29962.5,30035.25925,1,1.757,247.73,true
717,2026-07-06 16:05:00,SHORT,29962.5,30035.18675,1,1.757,247.73,true
771,2026-07-06 16:05:00,SHORT,29962.5,30037.29125,1,1.757,247.73,true
790,2026-07-06 16:05:00,SHORT,29962.5,30038.226,0,1.757,247.73,true
713,2026-07-06 16:45:00,SHORT,29940.5,30035.25925,0,1.721,247.73,true
712,2026-07-06 18:55:00,SHORT,29894.75,29977.25925,6,1.657,245.78,true
711,2026-07-06 19:00:00,SHORT,29920.25,29957.50925,4,1.700,245.78,true
716,2026-07-06 19:20:00,SHORT,29896,29957.43675,2,1.659,245.78,true
770,2026-07-06 19:40:00,SHORT,29874.75,29937.04125,4,1.624,245.78,true
814,2026-07-06 19:50:00,SHORT,29854,29918.481,3,1.589,245.78,true
725,2026-07-06 19:55:00,SHORT,29852.25,29913.33475,2,0.061,-124.17,false
813,2026-07-06 20:40:00,SHORT,29831.75,29926.231,1,1.551,245.78,true
715,2026-07-06 21:10:00,SHORT,29802.5,29863.93675,11,1.502,245.78,true
766,2026-07-06 21:10:00,SHORT,29802.5,29864.97475,11,1.502,245.78,true
801,2026-07-06 21:10:00,SHORT,29802.5,29867.54925,14,1.502,245.78,true
810,2026-07-06 21:25:00,SHORT,29740,29869.283,8,1.397,245.78,true
789,2026-07-06 21:30:00,SHORT,29753.25,29824.476,2,1.419,245.78,true
681,2026-07-06 21:35:00,SHORT,29766.75,29806.71875,6,0.029,-81.94,false
681,2026-07-06 22:10:00,LONG,29806.5,29742.53125,0,0.021,-129.94,false
789,2026-07-06 22:15:00,LONG,29805.25,29757.024,1,0.002,-98.45,false
789,2026-07-06 22:35:00,SHORT,29772.75,29816.476,0,1.452,245.78,true
681,2026-07-06 22:55:00,SHORT,29748,29812.96875,0,1.410,245.78,true
765,2026-07-06 23:25:00,SHORT,29684.25,29792.7965,8,1.303,245.78,true
808,2026-07-06 23:25:00,SHORT,29684.25,29818.119,7,1.303,245.78,true
710,2026-07-06 23:30:00,SHORT,29689,29768.25925,4,1.311,245.78,true
800,2026-07-06 23:30:00,SHORT,29689,29771.79925,4,1.311,245.78,true
680,2026-07-06 23:35:00,SHORT,29694.25,29748.96875,5,1.320,245.78,true
709,2026-07-06 23:35:00,SHORT,29694.25,29749.50925,4,1.320,245.78,true
679,2026-07-06 23:50:00,SHORT,29637,29733.21875,3,0.132,-194.44,false
785,2026-07-06 23:50:00,SHORT,29637,29736.834,4,0.132,-201.67,false
676,2026-07-07 00:20:00,SHORT,29623.5,29701.18375,1,0.109,-157.37,false
784,2026-07-07 00:20:00,SHORT,29623.5,29690.334,1,0.109,-135.67,false
708,2026-07-07 01:10:00,SHORT,29587.5,29646.83275,2,0.049,-120.67,false
782,2026-07-07 01:10:00,SHORT,29587.5,29659.201,3,0.049,-145.40,false
708,2026-07-07 01:45:00,LONG,29652.75,29584.41725,0,0.154,-138.67,false
782,2026-07-07 01:45:00,LONG,29652.75,29581.549,0,0.154,-144.40,false
784,2026-07-07 02:00:00,LONG,29685,29615.916,2,0.099,-140.17,false
676,2026-07-07 03:00:00,LONG,29709.25,29639.81625,3,0.058,-140.87,false
679,2026-07-07 03:10:00,LONG,29718,29656.53125,2,0.044,-124.94,false
785,2026-07-07 03:20:00,LONG,29725.25,29657.416,1,0.011,-137.67,false
709,2026-07-07 03:25:00,LONG,29717,29678.99075,2,0.010,-78.02,false
709,2026-07-07 03:45:00,SHORT,29687.5,29730.25925,0,1.309,245.78,true
679,2026-07-07 04:00:00,SHORT,29658.75,29713.96875,0,0.114,-112.44,false
785,2026-07-07 04:00:00,SHORT,29658.75,29733.334,0,1.260,245.78,true
676,2026-07-07 04:05:00,SHORT,29659,29697.68375,0,0.003,-79.37,false
676,2026-07-07 04:25:00,LONG,29691.75,29650.56625,0,0.022,-84.37,false
676,2026-07-07 05:35:00,SHORT,29648.5,29688.93375,3,0.044,-82.87,false
784,2026-07-07 07:10:00,SHORT,29614.25,29683.834,7,0.039,-141.17,false
676,2026-07-07 08:15:00,LONG,29676.75,29632.56625,4,0.053,-90.37,false
784,2026-07-07 08:15:00,LONG,29676.75,29606.166,1,0.053,-143.17,false
676,2026-07-07 09:00:00,SHORT,29622.25,29694.18375,2,1.199,245.78,true
784,2026-07-07 09:00:00,SHORT,29622.25,29697.834,2,1.199,245.78,true
782,2026-07-07 09:25:00,SHORT,29592.25,29697.701,9,1.148,245.78,true
708,2026-07-07 09:30:00,SHORT,29532.5,29660.08275,8,1.048,245.78,true
707,2026-07-07 09:55:00,SHORT,29469,29693.08275,6,0.941,245.78,true
675,2026-07-07 10:00:00,SHORT,29443.25,29603.43375,8,0.898,245.78,true
678,2026-07-07 10:00:00,SHORT,29443.25,29603.46875,1,0.898,245.78,true
705,2026-07-07 10:00:00,SHORT,29443.25,29604.08275,1,0.898,245.78,true
706,2026-07-07 10:00:00,SHORT,29443.25,29604.08275,8,0.898,245.78,true
763,2026-07-07 10:00:00,SHORT,29443.25,29604.7965,5,0.898,245.78,true
764,2026-07-07 10:00:00,SHORT,29443.25,29604.7965,4,0.898,245.78,true
799,2026-07-07 10:00:00,SHORT,29443.25,29617.79925,3,0.898,245.78,true
674,2026-07-07 10:10:00,SHORT,29343,29544.93375,0,0.224,245.78,true
703,2026-07-07 10:10:00,SHORT,29343,29545.62975,0,0.224,245.78,true
668,2026-07-07 10:15:00,SHORT,29364.25,29512.13175,1,0.260,245.78,true
664,2026-07-07 10:20:00,SHORT,29293,29480.53875,2,0.140,-377.08,false
688,2026-07-07 10:20:00,SHORT,29293,29512.6105,2,0.140,-441.22,false
807,2026-07-07 10:20:00,SHORT,29293,29485.869,2,0.140,-387.74,false
805,2026-07-07 10:30:00,SHORT,29282.75,29454.8505,10,0.122,-346.20,false
660,2026-07-07 10:35:00,SHORT,29256.75,29384.78875,5,0.079,-258.08,false
762,2026-07-07 10:35:00,SHORT,29256.75,29386.2965,3,0.079,-261.09,false
803,2026-07-07 10:45:00,SHORT,29266.25,29389.3775,3,0.030,-248.25,false
803,2026-07-07 11:10:00,LONG,29318.25,29243.1225,0,0.442,245.78,true
660,2026-07-07 12:00:00,LONG,29420.5,29318.71125,1,0.270,245.78,true
762,2026-07-07 12:00:00,LONG,29420.5,29240.2035,3,0.270,245.78,true
805,2026-07-07 12:05:00,LONG,29411.25,29313.6495,1,0.285,245.78,true
668,2026-07-07 12:20:00,LONG,29506,29391.61825,0,0.126,-230.76,false
688,2026-07-07 12:20:00,LONG,29506,29391.1395,0,0.126,-231.72,false
807,2026-07-07 12:20:00,LONG,29506,29365.131,0,0.126,-283.74,false
664,2026-07-07 12:25:00,LONG,29532,29404.96125,1,0.082,-256.08,false
674,2026-07-07 12:30:00,LONG,29530.5,29404.81625,0,0.085,-253.37,false
703,2026-07-07 12:30:00,LONG,29530.5,29404.12025,0,0.085,-254.76,false
705,2026-07-07 12:35:00,LONG,29514.5,29459.91725,0,0.111,-111.17,false
678,2026-07-07 12:50:00,LONG,29535,29460.53125,0,0.077,-150.94,false
799,2026-07-07 12:55:00,LONG,29540,29456.45075,0,0.069,-169.10,false
799,2026-07-07 14:40:00,SHORT,29472.75,29565.79925,5,0.947,245.78,true
678,2026-07-07 14:50:00,SHORT,29419,29561.71875,2,0.857,245.78,true
705,2026-07-07 14:50:00,SHORT,29419,29538.83275,2,0.257,245.78,true
674,2026-07-07 14:55:00,SHORT,29391,29512.68375,0,0.210,245.78,true
703,2026-07-07 14:55:00,SHORT,29391,29513.37975,0,0.210,245.78,true
664,2026-07-07 15:00:00,SHORT,29376,29491.53875,0,0.185,-233.08,false
668,2026-07-07 15:00:00,SHORT,29376,29512.38175,0,0.185,-274.76,false
688,2026-07-07 15:00:00,SHORT,29376,29512.8605,0,0.185,-275.72,false
807,2026-07-07 15:05:00,SHORT,29337.75,29468.619,0,0.121,-263.74,false
805,2026-07-07 15:15:00,SHORT,29307.25,29421.6005,0,0.045,-230.70,false
660,2026-07-07 15:25:00,SHORT,29321.25,29416.53875,0,0.029,-192.58,false
762,2026-07-07 15:25:00,SHORT,29321.25,29418.0465,0,0.029,-195.59,false
660,2026-07-07 16:00:00,LONG,29419.5,29299.96125,1,0.030,-241.08,false
762,2026-07-07 16:00:00,LONG,29419.5,29298.4535,1,0.030,-244.09,false
805,2026-07-07 16:05:00,LONG,29426.75,29306.8995,1,0.005,-241.70,false
807,2026-07-07 16:10:00,LONG,29417.25,29349.881,0,0.013,-136.74,false
805,2026-07-07 19:50:00,SHORT,29320.5,29394.8505,3,0.101,-150.70,false
805,2026-07-07 20:20:00,LONG,29464.5,29320.8995,0,0.175,-289.20,false
807,2026-07-07 20:20:00,LONG,29464.5,29320.631,8,0.175,-289.74,false
664,2026-07-07 20:50:00,LONG,29530,29400.71125,2,0.054,-260.58,false
668,2026-07-07 20:50:00,LONG,29530,29400.86825,1,0.054,-260.26,false
674,2026-07-07 20:50:00,LONG,29530,29400.56625,1,0.054,-260.87,false
688,2026-07-07 20:50:00,LONG,29530,29400.3895,1,0.054,-261.22,false
703,2026-07-07 20:50:00,LONG,29530,29399.87025,1,0.054,-262.26,false
678,2026-07-07 20:55:00,LONG,29543.5,29469.03125,0,0.028,-150.94,false
705,2026-07-07 20:55:00,LONG,29543.5,29468.41725,0,0.028,-152.17,false
678,2026-07-07 21:35:00,SHORT,29454.75,29539.71875,1,1.015,221.92,true
705,2026-07-07 21:35:00,SHORT,29454.75,29540.33275,1,1.015,221.92,true
674,2026-07-07 21:40:00,SHORT,29457.75,29519.68375,0,0.130,-125.87,false
703,2026-07-07 22:00:00,SHORT,29409.75,29502.62975,0,0.040,-187.76,false
668,2026-07-07 22:05:00,SHORT,29406.75,29482.88175,1,0.035,-154.26,false
688,2026-07-07 22:05:00,SHORT,29406.75,29483.3605,2,0.035,-155.22,false
664,2026-07-07 22:10:00,SHORT,29397.5,29483.03875,1,0.011,-173.08,false
664,2026-07-07 22:55:00,LONG,29461.25,29410.96125,1,0.132,-102.58,false
668,2026-07-07 22:55:00,LONG,29461.25,29411.11825,1,0.132,-102.26,false
688,2026-07-07 22:55:00,LONG,29461.25,29410.6395,1,0.132,-103.22,false
703,2026-07-07 23:10:00,LONG,29487.5,29437.87025,1,0.083,-101.26,false
674,2026-07-07 23:30:00,LONG,29510,29445.31625,2,0.014,-131.37,false
674,2026-07-08 00:05:00,SHORT,29464,29495.43375,1,1.032,221.92,true
703,2026-07-08 00:35:00,SHORT,29404.25,29496.12975,0,0.921,221.92,true
664,2026-07-08 00:40:00,SHORT,29413.75,29467.78875,1,0.938,221.92,true
668,2026-07-08 00:40:00,SHORT,29413.75,29467.63175,2,0.938,221.92,true
688,2026-07-08 00:40:00,SHORT,29413.75,29468.1105,2,0.938,221.92,true
807,2026-07-08 01:35:00,SHORT,29356,29436.619,8,0.831,221.92,true
805,2026-07-08 01:50:00,SHORT,29337.5,29397.3505,1,0.105,-121.70,false
660,2026-07-08 02:40:00,SHORT,29289.75,29365.28875,5,0.016,-153.08,false
762,2026-07-08 02:40:00,SHORT,29289.75,29366.7965,6,0.016,-156.09,false
660,2026-07-08 03:35:00,LONG,29361.75,29289.21125,2,0.099,-147.08,false
762,2026-07-08 03:35:00,LONG,29361.75,29287.7035,2,0.099,-150.09,false
805,2026-07-08 03:50:00,LONG,29388.5,29334.6495,3,0.049,-109.70,false
660,2026-07-08 04:30:00,SHORT,29084.75,29421.28875,1,0.326,221.92,true
762,2026-07-08 04:30:00,SHORT,29084.75,29422.7965,0,0.326,221.92,true
803,2026-07-08 04:30:00,SHORT,29084.75,29425.8775,8,0.326,221.92,true
805,2026-07-08 04:30:00,SHORT,29084.75,29426.3505,1,0.326,221.92,true
806,2026-07-08 04:30:00,SHORT,29084.75,29426.619,12,0.326,221.92,true
816,2026-07-08 04:30:00,SHORT,29084.75,29426.63725,4,0.326,221.92,true
677,2026-07-08 04:35:00,SHORT,28980.25,29296.71875,10,0.131,-634.94,false
781,2026-07-08 04:35:00,SHORT,28980.25,29300.201,2,0.131,-641.90,false
817,2026-07-08 04:35:00,SHORT,28980.25,29300.7425,0,0.131,-642.99,false
781,2026-07-08 09:35:00,LONG,29320,29137.799,3,0.147,-366.40,false
817,2026-07-08 09:40:00,LONG,29347.75,29143.2575,3,0.095,-410.99,false
677,2026-07-08 09:45:00,LONG,29304.25,29194.28125,1,0.168,-221.94,false
806,2026-07-08 09:45:00,LONG,29304.25,29189.131,0,0.168,-232.24,false
816,2026-07-08 09:45:00,LONG,29304.25,29189.11275,0,0.168,-232.27,false
803,2026-07-08 10:00:00,LONG,29316.25,29189.8725,0,0.106,-254.75,false
803,2026-07-08 10:50:00,SHORT,29246.5,29323.1275,2,0.396,221.92,true
806,2026-07-08 10:50:00,SHORT,29246.5,29323.869,3,0.396,221.92,true
816,2026-07-08 11:05:00,SHORT,29193.5,29347.13725,2,0.297,221.92,true
677,2026-07-08 11:10:00,SHORT,29136.75,29296.21875,3,0.191,-320.94,false
781,2026-07-08 11:20:00,SHORT,29062,29299.701,1,0.052,-477.40,false
817,2026-07-08 11:20:00,SHORT,29062,29300.2425,1,0.052,-478.49,false
781,2026-07-08 12:20:00,LONG,29257.75,29115.549,0,1.527,221.92,true
817,2026-07-08 12:25:00,LONG,29277,29158.0075,0,1.491,221.92,true
677,2026-07-08 12:30:00,LONG,29276,29187.78125,0,1.493,221.92,true
816,2026-07-08 12:35:00,LONG,29295.5,29228.11275,0,1.456,221.92,true
806,2026-07-08 12:45:00,LONG,29348.5,29228.131,1,1.358,221.92,true
803,2026-07-08 12:50:00,LONG,29356.75,29234.3725,2,1.342,221.92,true
660,2026-07-08 12:55:00,LONG,29373.25,29266.71125,5,1.312,221.92,true
762,2026-07-08 12:55:00,LONG,29373.25,29265.2035,7,1.312,221.92,true
805,2026-07-08 13:30:00,LONG,29437.25,29323.1495,5,1.192,221.92,true
807,2026-07-08 13:35:00,LONG,29423,29356.381,6,0.008,-135.24,false
807,2026-07-08 13:55:00,SHORT,29352.5,29439.119,0,0.042,-175.24,false
807,2026-07-08 16:00:00,LONG,29439.25,29343.381,2,1.189,221.92,true
807,2026-07-08 16:40:00,SHORT,29386.25,29449.619,0,0.023,-128.74,false
807,2026-07-08 18:10:00,LONG,29434.75,29362.131,0,1.230,215.85,true
664,2026-07-08 19:45:00,LONG,29485,29394.21125,11,1.134,215.85,true
668,2026-07-08 19:50:00,LONG,29482.5,29423.86825,6,0.192,-119.26,false
688,2026-07-08 19:50:00,LONG,29482.5,29393.8895,8,1.139,215.85,true
703,2026-07-08 19:50:00,LONG,29482.5,29422.87025,2,0.192,-121.26,false
674,2026-07-08 19:55:00,LONG,29491.25,29423.56625,1,0.176,-137.37,false
705,2026-07-08 20:10:00,LONG,29562.75,29475.16725,5,0.039,-177.17,false
678,2026-07-08 20:15:00,LONG,29524.25,29484.28125,2,0.112,-81.94,false
799,2026-07-08 20:30:00,LONG,29539.75,29480.20075,3,0.044,-121.10,false
678,2026-07-08 22:00:00,SHORT,29456.75,29544.21875,5,0.003,-176.94,false
799,2026-07-08 22:00:00,SHORT,29456.75,29566.04925,3,0.003,-220.60,false
678,2026-07-08 22:20:00,LONG,29530.25,29448.28125,0,0.034,-165.94,false
678,2026-07-08 22:45:00,SHORT,29452,29550.96875,0,0.106,-199.94,false
674,2026-07-08 22:50:00,SHORT,29439,29522.18375,2,0.081,-168.37,false
705,2026-07-08 22:50:00,SHORT,29439,29522.83275,5,0.081,-169.67,false
703,2026-07-08 22:55:00,SHORT,29429.5,29512.12975,2,0.063,-167.26,false
668,2026-07-08 23:00:00,SHORT,29420,29474.13175,1,0.045,-110.26,false
688,2026-07-08 23:00:00,SHORT,29420,29474.6105,1,0.045,-111.22,false
688,2026-07-08 23:35:00,LONG,29491,29400.1395,1,1.123,215.85,true
668,2026-07-08 23:40:00,LONG,29512.25,29434.86825,1,1.082,215.85,true
674,2026-07-08 23:40:00,LONG,29512.25,29434.56625,0,1.082,215.85,true
703,2026-07-08 23:40:00,LONG,29512.25,29433.87025,0,1.082,215.85,true
678,2026-07-09 00:45:00,LONG,29525.25,29468.28125,2,1.057,215.85,true
705,2026-07-09 00:45:00,LONG,29525.25,29467.66725,3,1.057,215.85,true
799,2026-07-09 01:00:00,LONG,29532.5,29464.20075,4,1.043,215.85,true
763,2026-07-09 01:55:00,LONG,29607.75,29503.7035,21,0.899,215.85,true
675,2026-07-09 02:00:00,LONG,29591.5,29525.81625,13,0.930,215.85,true
706,2026-07-09 02:00:00,LONG,29591.5,29525.16725,20,0.930,215.85,true
764,2026-07-09 02:15:00,LONG,29625.25,29551.4535,4,0.866,215.85,true
707,2026-07-09 02:20:00,LONG,29636.5,29564.91725,1,0.190,-145.17,false
708,2026-07-09 03:15:00,LONG,29656,29596.41725,3,0.153,-121.17,false
782,2026-07-09 03:20:00,LONG,29648.5,29593.549,4,0.167,-111.90,false
676,2026-07-09 03:50:00,LONG,29691,29633.81625,2,0.086,-116.37,false
784,2026-07-09 03:50:00,LONG,29691,29611.416,3,0.086,-161.17,false
679,2026-07-09 04:10:00,LONG,29705.5,29633.78125,11,0.058,-145.44,false
679,2026-07-09 04:45:00,SHORT,29647.75,29711.96875,0,0.159,-130.44,false
676,2026-07-09 05:05:00,SHORT,29641.25,29688.18375,2,0.147,-95.87,false
784,2026-07-09 05:45:00,SHORT,29627,29691.834,1,0.120,-131.67,false
782,2026-07-09 06:55:00,SHORT,29600.25,29670.951,9,0.041,-143.40,false
708,2026-07-09 07:15:00,SHORT,29600.5,29652.33275,1,0.002,-105.67,false
708,2026-07-09 07:35:00,LONG,29666,29592.16725,0,0.788,215.85,true
782,2026-07-09 07:40:00,LONG,29683.25,29589.299,1,0.755,215.85,true
784,2026-07-09 07:45:00,LONG,29701.25,29616.416,5,0.440,215.85,true
676,2026-07-09 07:50:00,LONG,29703.5,29620.06625,2,0.436,215.85,true
679,2026-07-09 07:55:00,LONG,29696,29647.28125,0,0.450,215.85,true
785,2026-07-09 08:15:00,LONG,29711.25,29643.666,10,0.421,215.85,true
709,2026-07-09 08:30:00,LONG,29765.75,29673.74075,8,0.040,-186.02,false
680,2026-07-09 08:35:00,LONG,29783.75,29697.78125,8,0.005,-173.94,false
800,2026-07-09 08:35:00,LONG,29783.75,29693.45075,5,0.005,-182.60,false
710,2026-07-09 09:40:00,LONG,29858.5,29664.74075,3,0.139,-389.52,false
765,2026-07-09 09:40:00,LONG,29858.5,29663.9535,3,0.139,-391.09,false
681,2026-07-09 09:45:00,LONG,29844.5,29665.28125,2,0.166,-360.44,false
808,2026-07-09 09:45:00,LONG,29844.5,29660.131,2,0.166,-370.74,false
715,2026-07-09 09:50:00,LONG,29901.5,29760.06325,2,0.057,-284.87,false
789,2026-07-09 09:50:00,LONG,29901.5,29757.024,3,0.057,-290.95,false
810,2026-07-09 09:50:00,LONG,29901.5,29754.717,2,0.057,-295.57,false
766,2026-07-09 10:00:00,LONG,29911.25,29759.02525,0,0.008,-306.45,false
801,2026-07-09 10:00:00,LONG,29911.25,29756.45075,0,0.008,-311.60,false
814,2026-07-09 10:00:00,LONG,29911.25,29796.519,2,0.008,-231.46,false
814,2026-07-09 10:20:00,SHORT,29710.25,29927.231,0,0.041,-435.96,false
681,2026-07-09 10:25:00,SHORT,29763.75,29861.21875,0,0.133,-196.94,false
715,2026-07-09 10:25:00,SHORT,29763.75,29861.68675,0,0.133,-197.87,false
766,2026-07-09 10:25:00,SHORT,29763.75,29862.72475,0,0.133,-199.95,false
789,2026-07-09 10:25:00,SHORT,29763.75,29864.726,0,0.133,-203.95,false
801,2026-07-09 10:25:00,SHORT,29763.75,29865.29925,0,0.133,-205.10,false
810,2026-07-09 10:25:00,SHORT,29763.75,29867.033,0,0.133,-208.57,false
681,2026-07-09 11:10:00,LONG,29854.75,29746.53125,2,0.266,215.85,true
789,2026-07-09 11:10:00,LONG,29854.75,29743.024,2,0.266,215.85,true
715,2026-07-09 11:15:00,LONG,29841.75,29746.06325,0,0.290,215.85,true
810,2026-07-09 11:15:00,LONG,29841.75,29740.717,1,0.290,215.85,true
766,2026-07-09 11:30:00,LONG,29864.25,29810.77525,0,0.247,215.85,true
801,2026-07-09 11:30:00,LONG,29864.25,29808.20075,0,0.247,215.85,true
813,2026-07-09 11:45:00,LONG,29899,29826.769,4,0.181,-146.46,false
725,2026-07-09 11:55:00,LONG,29886.25,29851.41525,5,0.205,-71.67,false
814,2026-07-09 12:10:00,LONG,29900.25,29859.269,2,0.178,-83.96,false
770,2026-07-09 13:10:00,LONG,29954.25,29875.95875,5,0.075,-158.58,false
716,2026-07-09 13:15:00,LONG,29981.25,29886.31325,8,0.023,-191.87,false
711,2026-07-09 13:20:00,LONG,29979.25,29904.24075,2,0.027,-152.02,false
712,2026-07-09 13:25:00,LONG,29988,29904.24075,0,0.011,-169.52,false
713,2026-07-09 13:25:00,LONG,29988,29934.24075,4,0.011,-109.52,false
713,2026-07-09 14:30:00,SHORT,29953.5,29990.50925,3,0.533,215.85,true
712,2026-07-09 15:05:00,SHORT,29922.75,29978.00925,1,0.474,215.85,true
711,2026-07-09 15:10:00,SHORT,29916,29955.75925,0,0.025,-81.52,false
711,2026-07-09 16:10:00,LONG,29966.5,29889.99075,2,0.007,-155.02,false
711,2026-07-09 18:25:00,SHORT,29907.75,29968.25925,2,0.386,203.60,true
711,2026-07-09 19:15:00,LONG,29946.5,29899.74075,1,0.036,-95.52,false
711,2026-07-09 20:10:00,SHORT,29894,29965.25925,1,0.358,203.60,true
716,2026-07-09 20:15:00,SHORT,29878.75,29959.18675,4,0.151,-162.87,false
770,2026-07-09 20:15:00,SHORT,29878.75,29961.29125,8,0.151,-167.08,false
725,2026-07-09 20:30:00,SHORT,29812.25,29910.83475,2,0.016,-199.17,false
813,2026-07-09 20:30:00,SHORT,29812.25,29915.481,2,0.016,-208.46,false
814,2026-07-09 20:30:00,SHORT,29812.25,29963.981,5,0.193,-305.46,false
766,2026-07-09 20:40:00,SHORT,29828,29898.72475,0,0.041,-143.45,false
766,2026-07-09 21:25:00,LONG,29866.25,29809.27525,1,0.197,-115.95,false
813,2026-07-09 21:40:00,LONG,29885.25,29805.519,1,0.159,-161.46,false
725,2026-07-09 21:55:00,LONG,29891.5,29847.41525,1,0.146,-90.17,false
814,2026-07-09 22:45:00,LONG,29929.75,29842.269,2,0.068,-176.96,false
770,2026-07-09 22:55:00,LONG,29952,29864.70875,3,0.023,-176.58,false
716,2026-07-09 23:00:00,LONG,29954.5,29894.81325,3,0.018,-121.37,false
711,2026-07-09 23:05:00,LONG,29952.25,29894.74075,0,0.006,-117.02,false
711,2026-07-10 00:40:00,SHORT,29915.25,29954.75925,2,0.401,203.60,true
716,2026-07-10 00:55:00,SHORT,29881.75,29936.43675,5,0.334,203.60,true
770,2026-07-10 01:00:00,SHORT,29873.75,29932.29125,3,0.317,203.60,true
814,2026-07-10 01:45:00,SHORT,29860,29915.981,0,0.289,203.60,true
725,2026-07-10 01:55:00,SHORT,29845.5,29894.33475,3,0.260,203.60,true
813,2026-07-10 02:15:00,SHORT,29816,29887.731,6,0.200,-145.46,false
766,2026-07-10 02:20:00,SHORT,29781.5,29863.22475,1,0.130,-165.45,false
715,2026-07-10 02:25:00,SHORT,29789.5,29862.18675,2,0.146,-147.37,false
801,2026-07-10 02:25:00,SHORT,29789.5,29865.79925,3,0.146,-154.60,false
810,2026-07-10 03:50:00,SHORT,29769,29846.783,3,0.105,-157.57,false
789,2026-07-10 04:00:00,SHORT,29756.25,29821.976,6,0.079,-133.45,false
681,2026-07-10 04:30:00,SHORT,29772.5,29810.46875,3,0.112,-77.94,false
681,2026-07-10 05:20:00,LONG,29806,29756.28125,1,0.329,203.60,true
789,2026-07-10 05:35:00,LONG,29826,29763.524,3,0.289,203.60,true
810,2026-07-10 06:10:00,LONG,29833,29784.217,1,0.111,-99.57,false
715,2026-07-10 06:35:00,LONG,29847.75,29793.56325,7,0.081,-110.37,false
801,2026-07-10 06:40:00,LONG,29862,29794.70075,6,0.052,-136.60,false
766,2026-07-10 07:05:00,LONG,29864.5,29797.27525,2,0.047,-136.45,false
813,2026-07-10 07:20:00,LONG,29885.75,29822.769,2,0.002,-127.96,false
813,2026-07-10 07:40:00,SHORT,29836.25,29898.731,0,0.132,-126.96,false
766,2026-07-10 07:55:00,SHORT,29816,29860.22475,0,0.091,-90.45,false
801,2026-07-10 08:00:00,SHORT,29784,29862.79925,1,0.026,-159.60,false
715,2026-07-10 08:05:00,SHORT,29792.5,29850.18675,1,0.024,-117.37,false
715,2026-07-10 08:25:00,LONG,29851.75,29773.31325,0,0.237,203.60,true
715,2026-07-10 09:05:00,SHORT,29802.75,29867.93675,0,0.023,-132.37,false
715,2026-07-10 09:35:00,LONG,29864.75,29794.31325,0,0.210,203.60,true
766,2026-07-10 09:40:00,LONG,29856,29801.52525,3,0.228,203.60,true
801,2026-07-10 09:40:00,LONG,29856,29798.95075,4,0.228,203.60,true
725,2026-07-10 09:55:00,LONG,29923,29790.66525,4,0.087,-266.67,false
813,2026-07-10 09:55:00,LONG,29923,29786.019,3,0.087,-275.96,false
770,2026-07-10 10:00:00,LONG,29941.25,29843.45875,2,0.050,-197.58,false
814,2026-07-10 10:00:00,LONG,29941.25,29840.769,4,0.050,-202.96,false
716,2026-07-10 10:10:00,LONG,29940.25,29845.56325,1,0.023,-191.37,false
716,2026-07-10 10:30:00,SHORT,29850,29958.68675,0,0.142,-219.37,false
770,2026-07-10 10:40:00,SHORT,29891.25,29966.54125,1,0.226,203.60,true
725,2026-07-10 11:00:00,SHORT,29804,29920.33475,2,0.049,-234.67,false
814,2026-07-10 11:05:00,SHORT,29861.5,29924.981,2,0.004,-128.96,false
725,2026-07-10 11:25:00,LONG,29979,29852.16525,0,0.025,-255.67,false
814,2026-07-10 11:25:00,LONG,29979,29847.519,0,0.025,-264.96,false
711,2026-07-10 11:30:00,LONG,29982.25,29865.49075,4,0.002,-235.52,false
716,2026-07-10 11:30:00,LONG,29982.25,29865.56325,1,0.002,-235.37,false
770,2026-07-10 11:30:00,LONG,29982.25,29863.45875,1,0.002,-239.58,false
712,2026-07-10 12:10:00,LONG,29981.25,29906.74075,18,0.196,-151.02,false
713,2026-07-10 12:20:00,LONG,30013.75,29936.49075,11,0.130,-156.52,false
717,2026-07-10 12:25:00,LONG,30013.5,29955.31325,7,0.130,-118.37,false
790,2026-07-10 12:25:00,LONG,30013.5,29952.274,6,0.130,-124.45,false
714,2026-07-10 12:30:00,LONG,30023.25,29974.24075,1,0.111,-100.02,false
771,2026-07-10 12:55:00,LONG,30026.75,29972.20875,0,0.103,-111.08,false
720,2026-07-10 13:35:00,LONG,30063.75,30001.26375,8,0.028,-126.97,false
726,2026-07-10 13:35:00,LONG,30063.75,30003.91525,8,0.028,-121.67,false
802,2026-07-10 13:45:00,LONG,30065.5,30000.45075,6,0.025,-132.10,false
711,2026-07-12 18:15:00,SHORT,29870,29986.75925,1,0.051,-235.52,false
712,2026-07-12 18:15:00,SHORT,29870,29986.75925,0,0.051,-235.52,false
713,2026-07-12 18:15:00,SHORT,29870,29986.75925,0,0.051,-235.52,false
716,2026-07-12 18:15:00,SHORT,29870,29986.68675,2,0.051,-235.37,false
717,2026-07-12 18:15:00,SHORT,29870,29986.68675,0,0.051,-235.37,false
790,2026-07-12 18:15:00,SHORT,29870,29989.726,1,0.051,-241.45,false
770,2026-07-12 18:20:00,SHORT,29882.25,29934.79125,2,0.077,-107.08,false
770,2026-07-12 20:10:00,LONG,30019,29854.70875,6,0.027,-330.58,false
711,2026-07-12 20:15:00,LONG,29972,29864.24075,0,0.087,-217.52,false
712,2026-07-12 20:15:00,LONG,29972,29864.24075,0,0.087,-217.52,false
716,2026-07-12 20:15:00,LONG,29972,29864.31325,1,0.087,-217.37,false
711,2026-07-12 20:45:00,SHORT,29862.5,29979.00925,0,1.148,200.95,true
712,2026-07-12 20:45:00,SHORT,29862.5,29979.00925,0,1.148,200.95,true
716,2026-07-12 20:45:00,SHORT,29862.5,29978.93675,0,1.148,200.95,true
770,2026-07-12 20:50:00,SHORT,29831.75,29981.04125,0,1.085,200.95,true
725,2026-07-12 20:55:00,SHORT,29832.5,29935.83475,10,1.087,200.95,true
814,2026-07-12 20:55:00,SHORT,29832.5,29940.481,3,1.087,200.95,true
813,2026-07-12 21:00:00,SHORT,29818.5,29917.231,11,1.058,200.95,true
766,2026-07-12 21:10:00,SHORT,29812.25,29877.22475,6,1.045,200.95,true
801,2026-07-12 21:10:00,SHORT,29812.25,29879.79925,6,1.045,200.95,true
715,2026-07-12 21:30:00,SHORT,29803,29858.43675,4,1.026,200.95,true
789,2026-07-12 21:55:00,SHORT,29761.25,29850.476,11,0.940,200.95,true
810,2026-07-12 21:55:00,SHORT,29761.25,29852.783,12,0.940,200.95,true
681,2026-07-12 22:00:00,SHORT,29748.25,29819.46875,4,0.914,200.95,true
808,2026-07-12 22:10:00,SHORT,29752.75,29824.619,13,0.923,200.95,true
765,2026-07-12 23:00:00,SHORT,29708,29808.0465,11,0.831,200.95,true
710,2026-07-12 23:05:00,SHORT,29696.25,29781.00925,11,0.315,200.95,true
800,2026-07-12 23:05:00,SHORT,29696.25,29784.54925,13,0.315,200.95,true
680,2026-07-12 23:10:00,SHORT,29694,29756.71875,8,0.311,200.95,true
709,2026-07-13 00:05:00,SHORT,29658.5,29732.50925,5,0.238,200.95,true
679,2026-07-13 00:10:00,SHORT,29666.75,29719.71875,9,0.255,200.95,true
785,2026-07-13 00:10:00,SHORT,29666.75,29735.584,8,0.255,200.95,true
818,2026-07-13 00:10:00,SHORT,29666.75,29722.7365,3,0.255,200.95,true
676,2026-07-13 00:30:00,SHORT,29641,29696.68375,3,0.202,-113.37,false
784,2026-07-13 00:40:00,SHORT,29626.5,29688.084,2,0.041,-125.17,false
782,2026-07-13 02:15:00,SHORT,29602.75,29676.201,4,0.009,-148.90,false
782,2026-07-13 03:15:00,LONG,29648,29596.799,2,0.312,200.95,true
784,2026-07-13 04:10:00,LONG,29703.75,29626.416,7,0.197,-156.67,false
676,2026-07-13 04:15:00,LONG,29717.75,29640.81625,8,0.168,-155.87,false
679,2026-07-13 04:20:00,LONG,29722.5,29640.78125,2,0.159,-165.44,false
818,2026-07-13 04:20:00,LONG,29722.5,29637.7635,5,0.159,-171.47,false
709,2026-07-13 04:25:00,LONG,29725.75,29667.49075,0,0.152,-118.52,false
785,2026-07-13 04:25:00,LONG,29725.75,29637.166,2,0.152,-179.17,false
680,2026-07-13 04:50:00,LONG,29743.75,29693.28125,4,0.115,-102.94,false
800,2026-07-13 05:25:00,LONG,29763.25,29701.95075,4,0.075,-124.60,false
710,2026-07-13 05:30:00,LONG,29760.25,29722.49075,2,0.081,-77.52,false
765,2026-07-13 07:10:00,LONG,29768.25,29727.7035,5,0.052,-83.09,false
765,2026-07-13 08:00:00,SHORT,29730,29796.7965,1,0.876,200.95,true
710,2026-07-13 08:10:00,SHORT,29728.75,29775.25925,5,0.874,200.95,true
800,2026-07-13 08:25:00,SHORT,29684,29776.79925,5,0.782,200.95,true
680,2026-07-13 08:30:00,SHORT,29672.75,29763.96875,3,0.758,200.95,true
709,2026-07-13 08:30:00,SHORT,29672.75,29743.00925,2,0.035,-142.52,false
785,2026-07-13 08:35:00,SHORT,29674.75,29726.834,2,0.017,-106.17,false
785,2026-07-13 08:55:00,LONG,29719,29655.916,0,0.060,-128.17,false
709,2026-07-13 09:05:00,LONG,29727.5,29679.99075,0,0.020,-97.02,false
709,2026-07-13 09:40:00,SHORT,29596,29744.50925,0,0.221,200.95,true
676,2026-07-13 09:45:00,SHORT,29582,29743.93375,1,0.192,-325.87,false
679,2026-07-13 09:45:00,SHORT,29582,29743.96875,3,0.192,-325.94,false
782,2026-07-13 09:45:00,SHORT,29582,29747.451,2,0.192,-332.90,false
784,2026-07-13 09:45:00,SHORT,29582,29747.584,1,0.192,-333.17,false
785,2026-07-13 09:45:00,SHORT,29582,29747.584,1,0.192,-333.17,false
818,2026-07-13 09:45:00,SHORT,29582,29746.9865,3,0.192,-331.97,false
708,2026-07-13 09:50:00,SHORT,29540.25,29680.83275,10,0.106,-283.17,false
676,2026-07-13 10:35:00,LONG,29685.25,29561.81625,1,0.138,-248.87,false
708,2026-07-13 10:35:00,LONG,29685.25,29561.16725,2,0.138,-250.17,false
782,2026-07-13 10:35:00,LONG,29685.25,29558.299,2,0.138,-255.90,false
784,2026-07-13 10:35:00,LONG,29685.25,29558.166,2,0.138,-256.17,false
679,2026-07-13 11:25:00,LONG,29707.25,29621.03125,2,0.035,-174.44,false
818,2026-07-13 11:25:00,LONG,29707.25,29618.0135,2,0.035,-180.47,false
676,2026-07-13 11:50:00,SHORT,29626.75,29708.68375,3,0.664,200.95,true
679,2026-07-13 11:50:00,SHORT,29626.75,29731.21875,0,0.664,200.95,true
818,2026-07-13 11:50:00,SHORT,29626.75,29734.2365,0,0.664,200.95,true
784,2026-07-13 11:55:00,SHORT,29612.25,29699.834,3,0.634,200.95,true
782,2026-07-13 12:05:00,SHORT,29619.5,29666.701,2,0.649,200.95,true
707,2026-07-13 12:25:00,SHORT,29558,29645.83275,15,0.523,200.95,true
708,2026-07-13 12:25:00,SHORT,29558,29645.83275,2,0.523,200.95,true
764,2026-07-13 12:30:00,SHORT,29512,29624.0465,8,0.428,200.95,true
675,2026-07-13 12:35:00,SHORT,29519,29622.68375,7,0.443,200.95,true
706,2026-07-13 12:40:00,SHORT,29537.25,29593.08275,4,0.480,200.95,true
763,2026-07-13 12:55:00,SHORT,29525.75,29576.2965,3,0.019,-103.09,false
678,2026-07-13 13:55:00,SHORT,29479.5,29532.96875,9,0.007,-108.94,false
799,2026-07-13 13:55:00,SHORT,29479.5,29562.29925,6,0.362,200.95,true
674,2026-07-13 15:20:00,SHORT,29434.75,29532.43375,7,0.224,200.95,true
705,2026-07-13 15:20:00,SHORT,29434.75,29533.08275,9,0.224,200.95,true
703,2026-07-13 15:25:00,SHORT,29418.5,29488.87975,7,0.052,-142.76,false
668,2026-07-13 15:30:00,SHORT,29437.25,29487.88175,1,0.090,-103.26,false
688,2026-07-13 15:35:00,SHORT,29406.5,29465.3605,1,0.019,-119.72,false
668,2026-07-13 15:55:00,LONG,29466.25,29390.86825,0,0.016,-152.76,false
688,2026-07-13 15:55:00,LONG,29466.25,29390.3895,0,0.016,-153.72,false
668,2026-07-13 16:25:00,SHORT,29437.75,29480.38175,0,0.230,200.95,true
688,2026-07-13 16:30:00,SHORT,29433,29461.6105,1,0.027,-59.22,false
664,2026-07-13 19:00:00,SHORT,29374,29465.28875,6,0.099,-184.58,false
807,2026-07-13 19:10:00,SHORT,29381,29424.119,11,0.110,-88.24,false
805,2026-07-13 19:40:00,SHORT,29333.75,29405.8505,9,0.013,-146.20,false
805,2026-07-13 20:20:00,LONG,29443,29314.1495,0,0.201,-259.70,false
807,2026-07-13 20:30:00,LONG,29458.75,29351.131,2,0.169,-217.24,false
664,2026-07-13 21:00:00,LONG,29533.25,29405.96125,4,0.014,-256.58,false
668,2026-07-13 21:00:00,LONG,29533.25,29406.11825,7,0.014,-256.26,false
688,2026-07-13 21:00:00,LONG,29533.25,29405.6395,7,0.014,-257.22,false
674,2026-07-13 21:05:00,LONG,29519.5,29448.56625,7,0.018,-143.87,false
678,2026-07-13 21:05:00,LONG,29519.5,29448.53125,4,0.018,-143.94,false
703,2026-07-13 21:05:00,LONG,29519.5,29447.87025,8,0.018,-145.26,false
705,2026-07-13 21:05:00,LONG,29519.5,29447.91725,1,0.018,-145.17,false
678,2026-07-13 21:30:00,SHORT,29484.25,29529.96875,0,0.369,201.97,true
705,2026-07-13 21:40:00,SHORT,29472.75,29535.83275,1,0.346,201.97,true
674,2026-07-13 22:05:00,SHORT,29465,29508.68375,2,0.330,201.97,true
703,2026-07-13 22:20:00,SHORT,29383.5,29509.37975,1,0.164,-253.76,false
664,2026-07-13 22:25:00,SHORT,29401,29475.53875,1,0.199,-151.08,false
668,2026-07-13 22:25:00,SHORT,29401,29475.38175,2,0.199,-150.76,false
688,2026-07-13 22:25:00,SHORT,29401,29475.8605,2,0.199,-151.72,false
807,2026-07-13 23:10:00,SHORT,29335,29457.869,2,0.064,-247.74,false
805,2026-07-13 23:20:00,SHORT,29332,29403.1005,2,0.005,-144.20,false
805,2026-07-13 23:55:00,LONG,29423,29318.1495,0,1.307,201.97,true
807,2026-07-14 00:00:00,LONG,29432,29341.381,1,1.289,201.97,true
664,2026-07-14 00:35:00,LONG,29484.5,29390.96125,2,1.181,201.97,true
668,2026-07-14 00:40:00,LONG,29474.25,29415.36825,1,1.202,201.97,true
688,2026-07-14 00:40:00,LONG,29474.25,29414.8895,2,1.202,201.97,true
703,2026-07-14 00:45:00,LONG,29495,29435.12025,0,1.160,201.97,true
674,2026-07-14 00:55:00,LONG,29508.5,29453.06625,1,1.132,201.97,true
705,2026-07-14 01:05:00,LONG,29523.5,29465.16725,1,1.102,201.97,true
678,2026-07-14 01:15:00,LONG,29545.75,29483.28125,0,1.056,201.97,true
799,2026-07-14 01:20:00,LONG,29587.25,29479.20075,8,0.971,201.97,true
706,2026-07-14 01:30:00,LONG,29602.5,29513.16725,4,0.940,201.97,true
763,2026-07-14 01:30:00,LONG,29602.5,29498.9535,3,0.940,201.97,true
675,2026-07-14 01:35:00,LONG,29594.25,29540.81625,1,0.957,201.97,true
764,2026-07-14 01:35:00,LONG,29594.25,29539.4535,1,0.957,201.97,true
707,2026-07-14 02:10:00,LONG,29629.75,29540.16725,0,0.884,201.97,true
707,2026-07-14 02:55:00,SHORT,29564.25,29619.08275,1,0.038,-111.67,false
707,2026-07-14 04:35:00,LONG,29622,29574.66725,3,0.008,-96.67,false
708,2026-07-14 07:30:00,LONG,29633.75,29598.16725,12,0.051,-73.17,false
708,2026-07-14 08:15:00,SHORT,29608.75,29645.08275,1,0.025,-74.67,false
708,2026-07-14 08:35:00,LONG,29831.5,29589.41725,0,0.037,-486.17,false
782,2026-07-14 08:35:00,LONG,29831.5,29586.549,11,0.037,-491.90,false
784,2026-07-14 08:35:00,LONG,29831.5,29586.416,4,0.037,-492.17,false
676,2026-07-14 08:40:00,LONG,29821.5,29643.31625,2,0.035,-358.37,false
679,2026-07-14 08:40:00,LONG,29821.5,29643.28125,0,0.035,-358.44,false
785,2026-07-14 08:40:00,LONG,29821.5,29639.666,5,0.035,-365.67,false
818,2026-07-14 08:40:00,LONG,29821.5,29640.2635,1,0.035,-364.47,false
680,2026-07-14 08:45:00,LONG,29804.5,29670.28125,7,0.056,-270.44,false
681,2026-07-14 08:45:00,LONG,29804.5,29670.28125,7,0.056,-270.44,false
709,2026-07-14 08:45:00,LONG,29804.5,29669.74075,5,0.056,-271.52,false
710,2026-07-14 08:45:00,LONG,29804.5,29669.74075,3,0.056,-271.52,false
765,2026-07-14 08:45:00,LONG,29804.5,29668.9535,2,0.056,-273.09,false
800,2026-07-14 08:45:00,LONG,29804.5,29666.20075,5,0.056,-278.60,false
808,2026-07-14 08:45:00,LONG,29804.5,29665.131,8,0.056,-280.74,false
681,2026-07-14 09:45:00,SHORT,29765,29822.46875,2,0.404,201.97,true
679,2026-07-14 10:15:00,SHORT,29630,29811.46875,1,0.007,-364.94,false
680,2026-07-14 10:15:00,SHORT,29630,29811.46875,3,0.007,-364.94,false
709,2026-07-14 10:15:00,SHORT,29630,29812.00925,3,0.007,-366.02,false
710,2026-07-14 10:15:00,SHORT,29630,29812.00925,4,0.007,-366.02,false
765,2026-07-14 10:15:00,SHORT,29630,29812.7965,5,0.007,-367.59,false
785,2026-07-14 10:15:00,SHORT,29630,29815.084,2,0.007,-372.17,false
800,2026-07-14 10:15:00,SHORT,29630,29815.54925,4,0.007,-373.10,false
808,2026-07-14 10:15:00,SHORT,29630,29816.619,3,0.007,-375.24,false
818,2026-07-14 10:15:00,SHORT,29630,29814.4865,1,0.007,-370.97,false
679,2026-07-14 10:40:00,LONG,29729,29619.78125,0,0.682,201.97,true
818,2026-07-14 10:40:00,LONG,29729,29616.7635,0,0.682,201.97,true
710,2026-07-14 11:00:00,LONG,29805.5,29652.24075,1,0.525,201.97,true
785,2026-07-14 11:00:00,LONG,29805.5,29647.916,1,0.525,201.97,true
680,2026-07-14 11:05:00,LONG,29855.5,29652.78125,2,0.423,201.97,true
709,2026-07-14 11:05:00,LONG,29855.5,29652.24075,2,0.423,201.97,true
765,2026-07-14 11:05:00,LONG,29855.5,29651.4535,1,0.423,201.97,true
800,2026-07-14 11:05:00,LONG,29855.5,29648.70075,1,0.423,201.97,true
681,2026-07-14 11:10:00,LONG,29848.75,29745.28125,2,0.096,-208.94,false
808,2026-07-14 11:10:00,LONG,29848.75,29647.631,1,0.437,201.97,true
715,2026-07-14 11:15:00,LONG,29848,29746.56325,4,0.098,-204.87,false
789,2026-07-14 11:15:00,LONG,29848,29743.524,13,0.098,-210.95,false
801,2026-07-14 11:15:00,LONG,29848,29742.95075,6,0.098,-212.10,false
810,2026-07-14 11:15:00,LONG,29848,29741.217,7,0.098,-215.57,false
715,2026-07-14 12:00:00,SHORT,29735,29859.18675,1,0.062,-250.37,false
801,2026-07-14 12:00:00,SHORT,29735,29870.04925,2,0.062,-272.10,false
789,2026-07-14 12:05:00,SHORT,29746.5,29845.976,1,0.086,-200.95,false
810,2026-07-14 12:05:00,SHORT,29746.5,29848.283,1,0.086,-205.57,false
681,2026-07-14 12:10:00,SHORT,29738,29842.46875,0,0.068,-210.94,false
765,2026-07-14 12:10:00,SHORT,29738,29806.2965,0,0.068,-138.59,false
808,2026-07-14 12:15:00,SHORT,29748.75,29803.119,1,0.049,-110.74,false
765,2026-07-14 12:35:00,LONG,29787.5,29696.4535,0,0.562,201.97,true
808,2026-07-14 12:40:00,LONG,29809.5,29713.131,0,0.517,201.97,true
681,2026-07-14 12:45:00,LONG,29809.75,29743.53125,0,0.517,201.97,true
789,2026-07-14 13:05:00,LONG,29844.5,29770.524,1,0.069,-149.95,false
715,2026-07-14 13:25:00,LONG,29850,29795.81325,1,0.058,-110.37,false
810,2026-07-14 13:25:00,LONG,29850,29768.217,0,0.058,-165.57,false
766,2026-07-14 13:55:00,LONG,29863.25,29810.52525,9,0.031,-107.45,false
801,2026-07-14 13:55:00,LONG,29863.25,29796.20075,3,0.031,-136.10,false
766,2026-07-14 15:05:00,SHORT,29788.75,29877.72475,2,0.088,-179.95,false
801,2026-07-14 15:05:00,SHORT,29788.75,29859.79925,2,0.088,-144.10,false
715,2026-07-14 15:10:00,SHORT,29816,29843.43675,3,0.144,-56.87,false
810,2026-07-14 16:05:00,SHORT,29789.75,29848.533,3,0.090,-119.57,false
789,2026-07-14 16:30:00,SHORT,29783.75,29846.226,3,0.078,-126.95,false
789,2026-07-14 19:35:00,LONG,29864.5,29767.524,4,0.416,196.58,true
810,2026-07-14 19:35:00,LONG,29864.5,29774.967,1,0.416,196.58,true
715,2026-07-14 19:40:00,LONG,29849.25,29793.56325,3,0.448,196.58,true
766,2026-07-14 19:40:00,LONG,29849.25,29792.52525,2,0.448,196.58,true
801,2026-07-14 19:40:00,LONG,29849.25,29789.95075,2,0.448,196.58,true
725,2026-07-14 20:20:00,LONG,29911.5,29830.16525,6,0.317,196.58,true
813,2026-07-14 20:20:00,LONG,29911.5,29825.519,10,0.317,196.58,true
814,2026-07-14 21:25:00,LONG,29922.75,29837.019,6,0.293,196.58,true
770,2026-07-14 21:30:00,LONG,29920,29875.70875,8,0.299,196.58,true
716,2026-07-14 22:00:00,LONG,29960,29884.56325,4,0.215,196.58,true
711,2026-07-14 22:05:00,LONG,29966,29904.49075,5,0.203,-125.02,false
712,2026-07-14 22:10:00,LONG,29963.5,29926.99075,1,0.208,-75.02,false
713,2026-07-14 22:40:00,LONG,29983,29926.99075,1,0.167,-114.02,false
717,2026-07-14 23:40:00,LONG,29987.25,29962.06325,6,0.158,-52.37,false
790,2026-07-14 23:55:00,LONG,30012.5,29959.024,7,0.105,-108.95,false
714,2026-07-15 00:00:00,LONG,30009.25,29978.74075,5,0.103,-63.02,false
771,2026-07-15 02:05:00,LONG,30038,29974.95875,8,0.051,-128.08,false
771,2026-07-15 03:30:00,SHORT,29960.25,30045.04125,4,3.258,196.58,true
714,2026-07-15 03:35:00,SHORT,29977.5,30026.50925,6,3.294,196.58,true
717,2026-07-15 04:10:00,SHORT,29918.25,30005.93675,4,3.170,196.58,true
790,2026-07-15 04:10:00,SHORT,29918.25,30029.476,7,3.170,196.58,true
712,2026-07-15 04:15:00,SHORT,29909.5,30006.00925,3,3.152,196.58,true
713,2026-07-15 04:15:00,SHORT,29909.5,30006.00925,5,3.152,196.58,true
711,2026-07-15 04:20:00,SHORT,29885.75,30006.00925,1,3.102,196.58,true
711,2026-07-15 05:10:00,LONG,29954,29906.49075,1,0.020,-97.02,false
711,2026-07-15 06:30:00,SHORT,29899.25,29954.50925,2,0.090,-112.52,false
716,2026-07-15 08:10:00,SHORT,29881,29935.18675,11,0.052,-110.37,false
770,2026-07-15 08:15:00,SHORT,29880,29935.29125,7,0.050,-112.58,false
716,2026-07-15 08:45:00,LONG,29974.75,29849.31325,0,0.052,-252.87,false
770,2026-07-15 08:45:00,LONG,29974.75,29847.20875,0,0.052,-257.08,false
711,2026-07-15 08:50:00,LONG,29986,29849.24075,3,0.029,-275.52,false
712,2026-07-15 08:55:00,LONG,29980,29917.24075,6,0.041,-127.52,false
713,2026-07-15 09:00:00,LONG,29987.25,29934.49075,3,0.026,-107.52,false
713,2026-07-15 09:20:00,SHORT,29949.25,30007.00925,0,3.235,196.58,true
712,2026-07-15 09:45:00,SHORT,29784.75,29984.75925,0,2.890,196.58,true
716,2026-07-15 09:45:00,SHORT,29784.75,29984.68675,0,2.890,196.58,true
711,2026-07-15 09:50:00,SHORT,29798.5,29973.75925,1,2.919,196.58,true
725,2026-07-15 09:50:00,SHORT,29798.5,29973.83475,5,2.919,196.58,true
770,2026-07-15 09:50:00,SHORT,29798.5,29975.79125,0,2.919,196.58,true
813,2026-07-15 09:50:00,SHORT,29798.5,29978.481,6,2.919,196.58,true
814,2026-07-15 09:50:00,SHORT,29798.5,29978.481,6,2.919,196.58,true
766,2026-07-15 09:55:00,SHORT,29823.5,29892.72475,3,2.971,196.58,true
801,2026-07-15 09:55:00,SHORT,29823.5,29895.29925,3,2.971,196.58,true
715,2026-07-15 10:20:00,SHORT,29672.75,29899.68675,1,2.655,196.58,true
810,2026-07-15 10:25:00,SHORT,29724,29886.283,1,2.762,196.58,true
789,2026-07-15 10:30:00,SHORT,29689.5,29883.976,1,2.690,196.58,true
681,2026-07-15 10:35:00,SHORT,29602.75,29809.96875,11,2.508,196.58,true
710,2026-07-15 10:35:00,SHORT,29602.75,29810.50925,2,2.508,196.58,true
765,2026-07-15 10:35:00,SHORT,29602.75,29811.2965,3,2.508,196.58,true
808,2026-07-15 10:35:00,SHORT,29602.75,29815.119,9,2.508,196.58,true
800,2026-07-15 10:40:00,SHORT,29600.5,29814.04925,3,2.503,196.58,true
676,2026-07-15 10:45:00,SHORT,29639.25,29743.43375,4,0.509,196.58,true
679,2026-07-15 10:45:00,SHORT,29639.25,29743.46875,2,0.509,196.58,true
680,2026-07-15 10:45:00,SHORT,29639.25,29743.46875,3,0.509,196.58,true
709,2026-07-15 10:45:00,SHORT,29639.25,29744.00925,3,0.509,196.58,true
784,2026-07-15 10:45:00,SHORT,29639.25,29747.084,5,0.509,196.58,true
785,2026-07-15 10:45:00,SHORT,29639.25,29747.084,2,0.509,196.58,true
818,2026-07-15 10:45:00,SHORT,29639.25,29746.4865,2,0.509,196.58,true
708,2026-07-15 11:55:00,SHORT,29582,29663.58275,6,0.388,196.58,true
782,2026-07-15 11:55:00,SHORT,29582,29666.451,6,0.388,196.58,true
707,2026-07-15 12:00:00,SHORT,29532.75,29625.33275,16,0.285,196.58,true
764,2026-07-15 12:10:00,SHORT,29476.25,29626.0465,23,0.166,-301.59,false
675,2026-07-15 12:15:00,SHORT,29474.75,29606.18375,13,0.163,-264.87,false
706,2026-07-15 12:15:00,SHORT,29474.75,29606.83275,7,0.163,-266.17,false
763,2026-07-15 12:15:00,SHORT,29474.75,29607.5465,3,0.163,-267.59,false
678,2026-07-15 12:20:00,SHORT,29441.75,29606.21875,0,0.094,-330.94,false
705,2026-07-15 12:20:00,SHORT,29441.75,29543.08275,0,0.094,-204.67,false
799,2026-07-15 12:20:00,SHORT,29441.75,29610.29925,1,0.094,-339.10,false
674,2026-07-15 12:30:00,SHORT,29434,29542.43375,0,0.078,-218.87,false
703,2026-07-15 12:40:00,SHORT,29445,29490.62975,1,0.024,-93.26,false
674,2026-07-15 13:00:00,LONG,29526,29427.06625,0,0.569,196.58,true
703,2026-07-15 13:00:00,LONG,29526,29426.37025,0,0.569,196.58,true
705,2026-07-15 13:05:00,LONG,29551.5,29426.41725,0,0.515,196.58,true
678,2026-07-15 13:10:00,LONG,29532.25,29454.03125,1,0.556,196.58,true
799,2026-07-15 13:15:00,LONG,29580.75,29449.95075,1,0.454,196.58,true
763,2026-07-15 13:25:00,LONG,29604,29496.7035,1,0.405,196.58,true
675,2026-07-15 13:30:00,LONG,29620,29520.06625,1,0.372,196.58,true
706,2026-07-15 13:30:00,LONG,29620,29519.41725,1,0.372,196.58,true
764,2026-07-15 13:35:00,LONG,29630.5,29518.7035,0,0.350,196.58,true
707,2026-07-15 13:40:00,LONG,29634,29559.91725,0,0.342,196.58,true
708,2026-07-15 13:45:00,LONG,29676.5,29597.16725,0,0.139,-160.67,false
782,2026-07-15 13:55:00,LONG,29686.5,29594.299,0,0.118,-186.40,false
676,2026-07-15 14:00:00,LONG,29701.5,29618.56625,1,0.087,-167.87,false
784,2026-07-15 14:00:00,LONG,29701.5,29614.916,2,0.087,-175.17,false
679,2026-07-15 14:10:00,LONG,29716.25,29661.78125,0,0.056,-110.94,false
818,2026-07-15 14:10:00,LONG,29716.25,29615.5135,0,0.056,-203.47,false
709,2026-07-15 14:30:00,LONG,29723.75,29674.49075,1,0.000,-100.52,false
785,2026-07-15 14:30:00,LONG,29723.75,29658.166,0,0.000,-133.17,false
679,2026-07-15 14:50:00,SHORT,29624.5,29729.96875,1,0.075,-212.94,false
709,2026-07-15 14:50:00,SHORT,29624.5,29730.50925,0,0.075,-214.02,false
785,2026-07-15 14:50:00,SHORT,29624.5,29733.584,0,0.075,-220.17,false
818,2026-07-15 14:50:00,SHORT,29624.5,29732.9865,1,0.075,-218.97,false
676,2026-07-15 14:55:00,SHORT,29613.25,29709.93375,0,0.051,-195.37,false
784,2026-07-15 14:55:00,SHORT,29613.25,29713.584,0,0.051,-202.67,false
784,2026-07-15 16:00:00,LONG,29724.75,29598.166,2,0.081,-255.17,false
676,2026-07-15 16:05:00,LONG,29689.75,29647.06625,3,0.154,-87.37,false
818,2026-07-15 16:05:00,LONG,29689.75,29644.0135,1,0.154,-93.47,false
679,2026-07-15 16:20:00,LONG,29718.75,29647.03125,1,0.093,-145.44,false
785,2026-07-15 16:25:00,LONG,29718.75,29643.416,1,0.093,-152.67,false
709,2026-07-15 18:10:00,LONG,29727.25,29678.99075,1,0.006,-98.52,false
709,2026-07-15 18:45:00,SHORT,29682.25,29731.25925,1,0.011,-100.02,false
709,2026-07-15 19:05:00,LONG,29721.25,29669.74075,0,0.089,-105.02,false
709,2026-07-15 20:30:00,SHORT,29694.75,29770.50925,3,0.214,195.70,true
679,2026-07-15 20:45:00,SHORT,29649.5,29769.96875,4,0.118,-242.94,false
785,2026-07-15 20:45:00,SHORT,29649.5,29773.584,6,0.118,-250.17,false
676,2026-07-15 20:50:00,SHORT,29654.25,29701.18375,1,0.128,-95.87,false
818,2026-07-15 20:50:00,SHORT,29654.25,29704.2365,5,0.128,-101.97,false
784,2026-07-15 21:20:00,SHORT,29613.25,29704.834,2,0.042,-185.17,false
820,2026-07-15 21:20:00,SHORT,29613.25,29677.48475,2,0.042,-130.47,false
782,2026-07-15 21:25:00,SHORT,29605.25,29669.451,5,0.025,-130.40,false
782,2026-07-15 22:25:00,LONG,29696.75,29610.049,2,0.211,195.70,true
820,2026-07-15 22:25:00,LONG,29696.75,29610.76525,2,0.211,195.70,true
676,2026-07-15 22:30:00,LONG,29698.25,29627.31625,3,0.208,-143.87,false
784,2026-07-15 22:30:00,LONG,29698.25,29623.666,1,0.208,-151.17,false
818,2026-07-15 22:35:00,LONG,29697.5,29649.2635,1,0.210,195.70,true
679,2026-07-15 23:00:00,LONG,29728.75,29669.78125,2,0.144,-119.94,false
709,2026-07-15 23:00:00,LONG,29728.75,29669.24075,2,0.144,-121.02,false
785,2026-07-15 23:00:00,LONG,29728.75,29666.166,1,0.144,-127.17,false
680,2026-07-15 23:05:00,LONG,29749.25,29669.78125,10,0.101,-160.94,false
680,2026-07-16 00:45:00,SHORT,29707.75,29736.46875,3,0.023,-59.44,false
680,2026-07-16 01:25:00,LONG,29765.75,29690.28125,2,0.066,-152.94,false
710,2026-07-16 01:25:00,LONG,29765.75,29689.74075,13,0.066,-154.02,false
800,2026-07-16 01:25:00,LONG,29765.75,29686.20075,14,0.066,-161.10,false
680,2026-07-16 01:45:00,SHORT,29691.75,29803.71875,0,2.706,195.70,true
710,2026-07-16 01:45:00,SHORT,29691.75,29804.25925,0,2.706,195.70,true
800,2026-07-16 01:45:00,SHORT,29691.75,29807.79925,0,2.706,195.70,true
709,2026-07-16 01:55:00,SHORT,29686.5,29804.25925,6,2.695,195.70,true
709,2026-07-16 02:15:00,LONG,29736.75,29639.24075,0,0.013,-197.02,false
709,2026-07-16 02:35:00,SHORT,29672,29750.25925,0,2.665,195.70,true
785,2026-07-16 02:35:00,SHORT,29672,29753.334,6,2.665,195.70,true
679,2026-07-16 02:40:00,SHORT,29673.5,29749.71875,5,2.668,195.70,true
818,2026-07-16 03:10:00,SHORT,29621.5,29752.7365,4,2.558,195.70,true
676,2026-07-16 03:15:00,SHORT,29624,29693.18375,6,2.564,195.70,true
784,2026-07-16 03:20:00,SHORT,29632.75,29696.834,3,2.582,195.70,true
820,2026-07-16 03:20:00,SHORT,29632.75,29695.98475,2,2.582,195.70,true
782,2026-07-16 03:35:00,SHORT,29584.75,29661.701,2,2.481,195.70,true
707,2026-07-16 03:45:00,SHORT,29579.75,29636.58275,7,0.213,195.70,true
708,2026-07-16 03:45:00,SHORT,29579.75,29643.33275,8,0.213,195.70,true
764,2026-07-16 04:00:00,SHORT,29535,29637.2965,1,0.119,-206.59,false
675,2026-07-16 04:10:00,SHORT,29490.5,29589.93375,1,0.025,-200.87,false
706,2026-07-16 04:10:00,SHORT,29490.5,29580.08275,1,0.025,-181.17,false
763,2026-07-16 04:20:00,SHORT,29524.75,29580.7965,0,0.009,-114.09,false
763,2026-07-16 04:40:00,LONG,29551,29512.2035,0,0.199,-79.59,false
706,2026-07-16 04:55:00,LONG,29591.5,29520.91725,1,0.113,-143.17,false
675,2026-07-16 05:00:00,LONG,29616.25,29543.81625,2,0.061,-146.87,false
764,2026-07-16 05:10:00,LONG,29625.25,29542.4535,1,0.042,-167.59,false
707,2026-07-16 05:20:00,LONG,29623.25,29572.91725,1,0.036,-102.67,false
707,2026-07-16 05:50:00,SHORT,29568.5,29625.33275,0,2.447,195.70,true
764,2026-07-16 05:55:00,SHORT,29531.25,29614.2965,0,2.368,195.70,true
675,2026-07-16 06:05:00,SHORT,29558,29592.43375,0,2.424,195.70,true
706,2026-07-16 06:25:00,SHORT,29537.5,29589.58275,0,2.381,195.70,true
763,2026-07-16 06:50:00,SHORT,29521.5,29563.0465,2,2.347,195.70,true
678,2026-07-16 07:10:00,SHORT,29488,29544.46875,5,2.277,195.70,true
799,2026-07-16 07:10:00,SHORT,29488,29565.79925,4,2.277,195.70,true
705,2026-07-16 07:15:00,SHORT,29455.25,29539.33275,2,2.208,195.70,true
674,2026-07-16 07:40:00,SHORT,29439.5,29508.68375,3,0.166,-140.37,false
703,2026-07-16 07:40:00,SHORT,29439.5,29509.37975,2,0.166,-141.76,false
668,2026-07-16 07:50:00,SHORT,29424,29479.13175,3,0.128,-112.26,false
688,2026-07-16 07:50:00,SHORT,29424,29479.6105,3,0.128,-113.22,false
664,2026-07-16 08:30:00,SHORT,29416.75,29463.78875,5,0.112,-96.08,false
664,2026-07-16 09:15:00,LONG,29457.75,29381.21125,0,0.157,-155.08,false
688,2026-07-16 09:25:00,LONG,29465.75,29413.8895,1,0.140,-105.72,false
664,2026-07-16 09:45:00,SHORT,29273,29538.53875,0,1.823,195.70,true
688,2026-07-16 09:45:00,SHORT,29273,29538.8605,0,1.823,195.70,true
805,2026-07-16 09:50:00,SHORT,29289.75,29482.6005,4,0.072,-387.70,false
807,2026-07-16 09:50:00,SHORT,29289.75,29482.869,6,0.072,-388.24,false
805,2026-07-16 10:10:00,LONG,29468.5,29243.8995,0,0.095,-451.20,false
807,2026-07-16 10:15:00,LONG,29482,29303.381,0,0.066,-359.24,false
664,2026-07-16 10:35:00,LONG,29457,29377.96125,0,0.046,-160.08,false
688,2026-07-16 10:40:00,LONG,29464.5,29399.1395,1,0.031,-132.72,false
688,2026-07-16 11:00:00,SHORT,29410.25,29485.8605,0,2.113,195.70,true
664,2026-07-16 11:10:00,SHORT,29358.5,29485.53875,0,2.004,195.70,true
805,2026-07-16 12:10:00,SHORT,29293.25,29431.3505,5,1.866,195.70,true
807,2026-07-16 12:10:00,SHORT,29293.25,29431.619,4,1.866,195.70,true
660,2026-07-16 12:20:00,SHORT,29279.75,29401.78875,11,1.838,195.70,true
762,2026-07-16 12:25:00,SHORT,29299.25,29347.7965,11,0.060,-99.09,false
803,2026-07-16 13:45:00,SHORT,29257.25,29356.1275,6,1.790,195.70,true
806,2026-07-16 13:50:00,SHORT,29250.75,29356.869,5,1.777,195.70,true
816,2026-07-16 14:05:00,SHORT,29236.5,29309.13725,3,1.746,195.70,true
677,2026-07-16 15:00:00,SHORT,29228.25,29275.96875,3,1.729,195.70,true
817,2026-07-16 15:20:00,SHORT,29148.75,29251.4925,2,1.561,195.70,true
781,2026-07-16 15:25:00,SHORT,29148.5,29250.951,0,1.561,195.70,true
821,2026-07-17 04:40:00,SHORT,28585.75,28688.046,0,0.009,-206.59,false
821,2026-07-17 05:00:00,LONG,28637.75,28571.704,0,0.393,196.98,true
821,2026-07-17 09:40:00,SHORT,28420,28695.546,0,0.017,-553.09,false
821,2026-07-17 10:05:00,LONG,28810,28476.704,0,1.162,196.98,true
827,2026-07-19 18:40:00,LONG,28838.25,28704.13525,1,0.700,208.83,true
828,2026-07-19 20:05:00,LONG,28925,28816.63525,3,0.076,-218.73,false
829,2026-07-19 20:20:00,LONG,28947.5,28857.38525,1,0.002,-182.23,false
829,2026-07-19 21:00:00,SHORT,28862.5,28945.61475,1,0.197,-168.23,false
828,2026-07-19 21:40:00,SHORT,28796.5,28895.11475,2,0.067,-199.23,false
828,2026-07-19 22:45:00,LONG,28931.5,28799.38525,1,0.033,-266.23,false
829,2026-07-19 23:50:00,LONG,28932.25,28840.88525,6,0.019,-184.73,false
829,2026-07-20 00:20:00,SHORT,28861.75,28907.86475,1,0.000,-94.23,false
829,2026-07-20 00:40:00,LONG,28933.5,28851.38525,0,0.017,-166.23,false
829,2026-07-20 01:15:00,SHORT,28852.75,28930.11475,0,0.172,-156.73,false
828,2026-07-20 01:40:00,SHORT,28813,28872.61475,2,0.093,-121.23,false
828,2026-07-20 03:35:00,LONG,28909.5,28789.88525,2,0.560,208.83,true
829,2026-07-20 03:40:00,LONG,28905.5,28829.88525,0,0.567,208.83,true
830,2026-07-20 06:35:00,LONG,28954.5,28910.38525,8,0.471,208.83,true
831,2026-07-20 07:10:00,LONG,29012.5,28939.13525,2,0.356,208.83,true
832,2026-07-20 07:45:00,LONG,29062.25,28985.38525,0,0.045,-155.73,false
832,2026-07-20 08:15:00,SHORT,29013.5,29085.61475,1,0.029,-146.23,false
832,2026-07-20 09:40:00,LONG,29178.25,29011.13525,3,0.028,-336.23,false
833,2026-07-20 09:45:00,LONG,29117.75,29015.63525,2,0.027,-206.23,false
832,2026-07-20 10:05:00,SHORT,29008.5,29141.36475,0,0.608,208.83,true
833,2026-07-20 10:05:00,SHORT,29008.5,29141.36475,0,0.608,208.83,true
830,2026-07-20 10:55:00,SHORT,28891.5,29026.11475,3,0.036,-271.23,false
831,2026-07-20 10:55:00,SHORT,28891.5,29026.11475,4,0.036,-271.23,false
830,2026-07-20 11:25:00,LONG,29015.5,28863.13525,0,0.205,-306.73,false
831,2026-07-20 11:30:00,LONG,29020.5,28918.63525,1,0.195,-205.73,false
832,2026-07-20 12:10:00,LONG,29107,28963.88525,1,0.011,-288.23,false
833,2026-07-20 12:15:00,LONG,29104.25,29018.63525,0,0.017,-173.23,false
833,2026-07-20 12:50:00,SHORT,28977,29115.61475,0,0.546,208.83,true
832,2026-07-20 13:00:00,SHORT,28961,29093.36475,1,0.514,208.83,true
831,2026-07-20 13:20:00,SHORT,28958.25,29061.11475,2,0.509,208.83,true
831,2026-07-20 14:15:00,LONG,28993.75,28946.38525,3,0.005,-96.73,false
831,2026-07-20 14:35:00,SHORT,28906.25,29006.36475,0,0.406,208.83,true
830,2026-07-20 14:40:00,SHORT,28859.25,29006.36475,4,0.313,208.83,true
829,2026-07-20 15:05:00,SHORT,28849,28923.86475,6,0.293,208.83,true
828,2026-07-20 15:20:00,SHORT,28825.5,28906.11475,0,0.246,208.83,true
828,2026-07-20 15:40:00,LONG,28866.5,28788.88525,0,0.027,-157.23,false
828,2026-07-20 16:00:00,SHORT,28794.25,28890.11475,0,0.184,-193.73,false
826,2026-07-20 18:15:00,SHORT,28721.25,28813.61475,2,0.040,-186.73,false
827,2026-07-20 18:15:00,SHORT,28721.25,28813.61475,6,0.040,-186.73,false
826,2026-07-20 19:20:00,LONG,28811.75,28723.88525,0,0.041,-177.73,false
827,2026-07-20 19:25:00,LONG,28819,28723.88525,0,0.027,-192.23,false
828,2026-07-20 20:40:00,LONG,28866.25,28771.63525,1,0.990,207.99,true
829,2026-07-20 21:15:00,LONG,28899.5,28827.38525,4,0.924,207.99,true
836,2026-07-20 21:15:00,LONG,28899.5,28827.4255,1,0.924,207.99,true
837,2026-07-20 22:45:00,LONG,28935,28884.1755,6,0.853,207.99,true
830,2026-07-20 23:05:00,LONG,28966.5,28911.38525,1,0.791,207.99,true
831,2026-07-20 23:25:00,LONG,28996.25,28956.88525,1,0.732,207.99,true
832,2026-07-21 00:00:00,LONG,29061.5,29023.63525,1,0.056,-77.73,false
833,2026-07-21 02:00:00,LONG,29118.75,29045.38525,7,0.488,207.99,true
834,2026-07-21 02:40:00,LONG,29153,29082.38525,5,0.185,-143.23,false
781,2026-07-21 10:40:00,LONG,29224.5,29130.799,21,0.278,207.99,true
817,2026-07-21 10:50:00,LONG,29230.25,29130.2575,11,0.267,207.99,true
816,2026-07-21 11:15:00,LONG,29284.25,29169.11275,5,0.160,-232.27,false
677,2026-07-21 11:20:00,LONG,29301,29174.28125,6,0.127,-255.44,false
822,2026-07-21 11:20:00,LONG,29301,29171.454,5,0.127,-261.09,false
806,2026-07-21 11:30:00,LONG,29296.5,29169.131,1,0.135,-256.74,false
803,2026-07-21 12:25:00,LONG,29312.5,29243.1225,4,0.104,-140.75,false
762,2026-07-21 13:40:00,LONG,29341.5,29303.2035,8,0.046,-78.59,false
762,2026-07-21 15:10:00,SHORT,29309.25,29363.7965,4,2.177,207.99,true
762,2026-07-21 15:50:00,LONG,29338.5,29296.4535,0,0.019,-86.09,false
762,2026-07-21 16:10:00,SHORT,29306.5,29356.0465,0,2.172,207.99,true
803,2026-07-21 18:30:00,SHORT,29278,29359.1275,4,2.381,184.59,true
803,2026-07-21 20:10:00,LONG,29327.75,29268.1225,2,0.006,-121.25,false
803,2026-07-21 20:50:00,SHORT,29266.25,29327.6275,1,0.702,184.59,true
806,2026-07-21 21:30:00,SHORT,29242.75,29305.619,12,0.007,-127.74,false
816,2026-07-21 23:05:00,SHORT,29217,29289.13725,10,0.592,184.59,true
677,2026-07-21 23:15:00,SHORT,29217.25,29260.96875,6,0.000,-89.44,false
822,2026-07-22 01:10:00,SHORT,29186.5,29248.046,4,0.524,184.59,true
817,2026-07-22 01:15:00,SHORT,29187.75,29235.9925,6,0.527,184.59,true
781,2026-07-22 01:45:00,SHORT,29155,29215.201,3,0.454,184.59,true
834,2026-07-22 02:30:00,SHORT,29094,29141.86475,8,0.152,-97.73,false
833,2026-07-22 03:45:00,SHORT,29046.5,29133.86475,7,0.017,-176.73,false
833,2026-07-22 04:30:00,LONG,29111.75,29051.38525,1,0.137,-122.73,false
834,2026-07-22 05:10:00,LONG,29132,29075.88525,6,0.092,-114.23,false
834,2026-07-22 07:45:00,SHORT,29072,29148.11475,2,0.268,184.59,true
833,2026-07-22 08:00:00,SHORT,29037.5,29124.61475,3,0.191,-176.23,false
832,2026-07-22 08:25:00,SHORT,29027,29083.61475,11,0.168,-115.23,false
832,2026-07-22 09:25:00,LONG,29089.75,29007.38525,2,0.564,184.59,true
833,2026-07-22 09:40:00,LONG,29178.75,29044.13525,0,0.365,184.59,true
834,2026-07-22 09:45:00,LONG,29172.25,29079.88525,0,0.380,184.59,true
817,2026-07-22 10:00:00,LONG,29258.75,29142.2575,0,0.187,-234.99,false
822,2026-07-22 10:00:00,LONG,29258.75,29143.454,0,0.187,-232.59,false
781,2026-07-22 10:05:00,LONG,29223.25,29142.799,1,0.266,184.59,true
677,2026-07-22 11:10:00,LONG,29306.5,29176.28125,7,0.080,-262.44,false
816,2026-07-22 11:10:00,LONG,29306.5,29171.11275,4,0.080,-272.77,false
806,2026-07-22 11:15:00,LONG,29309.75,29228.381,8,0.073,-164.74,false
803,2026-07-22 11:25:00,LONG,29324.5,29251.3725,2,0.025,-148.25,false
803,2026-07-22 13:55:00,SHORT,29244.25,29325.3775,6,2.916,184.59,true
806,2026-07-22 14:00:00,SHORT,29252,29310.119,4,2.934,184.59,true
677,2026-07-22 14:20:00,SHORT,29229.75,29277.96875,1,0.465,184.59,true
816,2026-07-22 14:20:00,SHORT,29229.75,29299.63725,0,2.884,184.59,true
822,2026-07-22 16:00:00,SHORT,29150.75,29263.796,9,0.288,184.59,true
781,2026-07-22 16:05:00,SHORT,29155.5,29256.201,4,0.032,-203.40,false
817,2026-07-22 16:05:00,SHORT,29155.5,29256.7425,6,0.032,-204.49,false
781,2026-07-22 16:25:00,LONG,29217.5,29131.049,0,0.018,-174.90,false
817,2026-07-22 16:25:00,LONG,29217.5,29130.5075,0,0.018,-175.99,false
817,2026-07-22 18:05:00,SHORT,29067.5,29236.4925,0,0.102,-339.99,false
781,2026-07-22 18:10:00,SHORT,29085.5,29212.451,1,0.142,-255.90,false
834,2026-07-22 18:15:00,SHORT,29083,29152.61475,1,0.137,-141.23,false
833,2026-07-22 18:45:00,SHORT,29061.75,29152.61475,0,0.089,-183.73,false
833,2026-07-22 19:50:00,LONG,29126.75,29048.63525,1,0.348,184.59,true
834,2026-07-22 20:00:00,LONG,29155.5,29079.63525,1,0.284,184.59,true
781,2026-07-22 20:30:00,LONG,29239.5,29147.049,0,0.096,-186.90,false
817,2026-07-22 20:30:00,LONG,29239.5,29146.5075,0,0.096,-187.99,false
822,2026-07-22 20:40:00,LONG,29234,29147.704,2,0.108,-174.59,false
677,2026-07-22 21:00:00,LONG,29262.5,29211.53125,9,0.025,-103.94,false
677,2026-07-22 21:50:00,SHORT,29210.25,29267.21875,1,2.855,184.59,true
822,2026-07-22 22:05:00,SHORT,29178.25,29270.046,0,2.783,184.59,true
781,2026-07-22 22:15:00,SHORT,29131,29228.201,1,2.678,184.59,true
817,2026-07-22 22:15:00,SHORT,29131,29271.2425,0,2.678,184.59,true
834,2026-07-22 22:45:00,SHORT,29068.25,29143.86475,0,0.087,-153.23,false
833,2026-07-22 23:15:00,SHORT,29054.75,29106.86475,1,0.021,-106.23,false
833,2026-07-22 23:45:00,LONG,29122.25,29035.13525,0,0.136,-176.23,false
834,2026-07-23 00:30:00,LONG,29164.75,29074.38525,2,0.041,-182.73,false
834,2026-07-23 02:00:00,SHORT,29099.5,29158.86475,2,2.815,184.59,true
833,2026-07-23 03:10:00,SHORT,28996.25,29118.61475,6,0.165,-246.73,false
832,2026-07-23 03:15:00,SHORT,29012,29096.86475,7,0.201,-171.73,false
831,2026-07-23 03:50:00,SHORT,28959.5,29029.86475,2,0.003,-142.73,false
831,2026-07-23 04:10:00,LONG,29034.75,28948.13525,0,0.230,184.59,true
832,2026-07-23 05:00:00,LONG,29125.75,29023.63525,2,0.004,-206.23,false
833,2026-07-23 05:05:00,LONG,29107.25,29035.38525,0,0.034,-145.73,false
833,2026-07-23 06:00:00,SHORT,29060.25,29109.61475,1,0.054,-100.73,false
833,2026-07-23 06:45:00,LONG,29107.75,29035.13525,0,0.001,-147.23,false
833,2026-07-23 07:15:00,SHORT,29050,29116.61475,0,3.232,184.59,true
832,2026-07-23 07:30:00,SHORT,28980,29116.61475,2,3.075,184.59,true
831,2026-07-23 07:45:00,SHORT,28939,29012.36475,0,2.984,184.59,true
830,2026-07-23 08:15:00,SHORT,28893.75,28977.86475,3,2.883,184.59,true
837,2026-07-23 08:25:00,SHORT,28864.5,28963.8245,2,2.817,184.59,true
829,2026-07-23 08:30:00,SHORT,28838.25,28948.61475,5,2.759,184.59,true
836,2026-07-23 08:40:00,SHORT,28789.25,28908.8245,3,2.649,184.59,true
828,2026-07-23 08:45:00,SHORT,28786.5,28885.11475,1,2.643,184.59,true
827,2026-07-23 09:15:00,SHORT,28716.5,28814.61475,4,0.133,-198.23,false
826,2026-07-23 09:20:00,SHORT,28703,28784.11475,2,0.103,-164.23,false
826,2026-07-23 09:45:00,LONG,28760,28646.88525,0,0.166,-228.23,false
826,2026-07-23 10:15:00,SHORT,28704,28844.61475,0,2.459,184.59,true
825,2026-07-23 10:55:00,SHORT,28596.75,28783.36475,2,2.219,184.59,true
835,2026-07-23 10:55:00,SHORT,28596.75,28783.3245,12,2.219,184.59,true
842,2026-07-23 11:00:00,SHORT,28567.75,28782.20175,0,2.154,184.59,true
821,2026-07-23 11:05:00,SHORT,28529,28655.796,0,0.216,184.59,true
821,2026-07-23 12:15:00,LONG,28629.5,28563.704,0,0.243,184.59,true
842,2026-07-23 12:30:00,LONG,28690.5,28564.29825,0,0.107,-254.40,false
825,2026-07-23 12:35:00,LONG,28731.75,28619.63525,1,0.006,-226.23,false
825,2026-07-23 13:40:00,SHORT,28594.5,28686.86475,1,0.242,184.59,true
842,2026-07-23 14:00:00,SHORT,28561,28665.95175,3,0.167,-211.90,false
821,2026-07-23 14:05:00,SHORT,28547,28638.046,4,0.136,-184.09,false
821,2026-07-23 16:10:00,LONG,28726.75,28526.954,1,0.123,-401.59,false
842,2026-07-23 16:10:00,LONG,28726.75,28527.54825,0,0.123,-400.40,false
825,2026-07-23 16:15:00,LONG,28754.25,28600.38525,0,0.062,-309.73,false
835,2026-07-23 16:20:00,LONG,28769.75,28600.4255,2,0.027,-340.65,false
826,2026-07-23 16:30:00,LONG,28766.75,28703.13525,3,0.016,-129.23,false
826,2026-07-23 18:10:00,SHORT,28642,28777.61475,0,2.320,184.59,true
835,2026-07-23 18:15:00,SHORT,28630,28719.3245,0,0.004,-180.65,false
825,2026-07-23 22:05:00,SHORT,28617.25,28683.36475,9,0.339,184.59,true
842,2026-07-23 22:05:00,SHORT,28617.25,28659.95175,5,0.339,184.59,true
821,2026-07-23 22:35:00,SHORT,28554.5,28660.546,2,0.199,-214.09,false
841,2026-07-24 00:00:00,SHORT,28476.25,28538.45175,8,0.000,-126.40,false
841,2026-07-24 00:30:00,LONG,28546.25,28474.04825,1,0.357,184.59,true
821,2026-07-24 03:25:00,LONG,28654,28587.704,2,0.009,-134.59,false
842,2026-07-24 03:25:00,LONG,28654,28588.29825,2,0.009,-133.40,false
842,2026-07-24 04:05:00,SHORT,28578.5,28656.95175,0,0.049,-158.90,false
821,2026-07-24 04:10:00,SHORT,28573.5,28642.546,1,0.005,-140.09,false
821,2026-07-24 04:40:00,LONG,28631,28572.704,1,0.168,-118.59,false
842,2026-07-24 05:15:00,LONG,28648.25,28573.29825,0,0.130,-151.90,false
825,2026-07-24 05:30:00,LONG,28682.5,28601.88525,3,0.053,-163.23,false
825,2026-07-24 07:40:00,SHORT,28616.25,28676.86475,2,0.033,-123.23,false
825,2026-07-24 08:15:00,LONG,28682.25,28591.38525,0,0.023,-183.73,false
825,2026-07-24 08:50:00,SHORT,28610,28702.86475,0,0.888,184.59,true
842,2026-07-24 09:00:00,SHORT,28597,28661.20175,4,0.859,184.59,true
821,2026-07-24 09:05:00,SHORT,28584,28645.296,4,0.830,184.59,true
841,2026-07-24 09:55:00,SHORT,28322.25,28541.20175,4,0.151,-439.90,false
824,2026-07-24 10:25:00,SHORT,28391,28461.36475,1,0.305,184.59,true
824,2026-07-24 11:25:00,LONG,28499.75,28344.88525,1,0.293,184.59,true
841,2026-07-24 12:00:00,LONG,28590.5,28475.54825,2,0.090,-231.90,false
841,2026-07-24 12:50:00,SHORT,28473.5,28564.70175,0,0.583,184.59,true
824,2026-07-24 14:30:00,SHORT,28298,28441.11475,0,0.191,-288.23,false
840,2026-07-24 14:45:00,SHORT,28304.25,28355.70175,3,0.205,-104.90,false
841,2026-07-26 18:15:00,LONG,28640.5,28491.04825,2,0.274,184.59,true
844,2026-07-26 18:15:00,LONG,28640.5,28491.04825,0,0.274,184.59,true
845,2026-07-26 18:20:00,LONG,28626.75,28491.04825,0,0.305,184.59,true
821,2026-07-26 18:40:00,LONG,28626,28575.954,4,0.241,184.59,true
842,2026-07-26 19:50:00,LONG,28700.25,28601.54825,7,0.075,-199.40,false
825,2026-07-26 19:55:00,LONG,28727.5,28617.13525,4,0.014,-222.73,false
825,2026-07-26 20:45:00,SHORT,28621.75,28672.61475,1,0.216,184.59,true
842,2026-07-26 21:05:00,SHORT,28607.5,28664.20175,2,0.184,-115.40,false
821,2026-07-26 21:20:00,SHORT,28554.5,28644.046,5,0.066,-181.09,false
845,2026-07-26 21:20:00,SHORT,28554.5,28636.45175,3,0.066,-165.90,false
845,2026-07-26 22:15:00,LONG,28621,28527.04825,0,0.318,184.59,true
821,2026-07-26 23:20:00,LONG,28627,28577.454,3,0.304,184.59,true
842,2026-07-27 00:40:00,LONG,28648.75,28588.79825,8,0.256,184.59,true
825,2026-07-27 01:15:00,LONG,28676,28599.13525,7,0.195,-155.73,false
835,2026-07-27 02:15:00,LONG,28721.25,28675.9255,10,0.024,-92.65,false
835,2026-07-27 04:00:00,SHORT,28681,28733.5745,2,0.018,-107.15,false
835,2026-07-27 04:45:00,LONG,28726.5,28666.9255,1,0.082,-121.15,false
835,2026-07-27 07:30:00,SHORT,28662,28753.5745,0,3.263,184.59,true
825,2026-07-27 09:30:00,SHORT,28536.5,28686.11475,5,2.983,184.59,true
842,2026-07-27 09:35:00,SHORT,28545.25,28653.95175,3,3.002,184.59,true
821,2026-07-27 09:40:00,SHORT,28455,28654.546,2,2.801,184.59,true
845,2026-07-27 09:40:00,SHORT,28455,28653.95175,1,2.801,184.59,true
844,2026-07-27 09:50:00,SHORT,28459.5,28624.70175,2,2.811,184.59,true
841,2026-07-27 09:55:00,SHORT,28347.75,28562.70175,1,2.561,184.59,true
824,2026-07-27 10:10:00,SHORT,28252,28474.36475,0,2.347,184.59,true
840,2026-07-27 10:20:00,SHORT,28182,28381.70175,4,2.191,184.59,true
839,2026-07-27 10:35:00,SHORT,28031,28269.95175,1,1.853,184.59,true
843,2026-07-27 10:35:00,SHORT,28031,28269.95175,0,1.853,184.59,true
838,2026-07-27 10:40:00,SHORT,27959,28193.95175,0,0.004,-471.90,false
838,2026-07-27 11:05:00,LONG,28150.5,28053.29825,0,0.068,-196.40,false
838,2026-07-27 11:25:00,SHORT,28072.25,28189.95175,0,0.206,-237.40,false
838,2026-07-27 12:40:00,LONG,28132.75,28083.54825,1,0.052,-100.40,false
838,2026-07-27 13:00:00,SHORT,28007,28164.95175,0,0.047,-317.90,false
838,2026-07-27 15:05:00,LONG,28214.25,28061.04825,2,0.093,-308.40,false
843,2026-07-27 15:15:00,LONG,28215,28142.54825,4,0.091,-146.90,false
839,2026-07-27 15:30:00,LONG,28233,28156.29825,1,0.021,-155.40,false
839,2026-07-27 15:50:00,SHORT,28178.75,28251.45175,0,2.183,184.59,true
843,2026-07-27 18:20:00,SHORT,28148.5,28202.95175,6,2.144,182.11,true
838,2026-07-27 20:55:00,SHORT,28072,28196.70175,4,1.971,182.11,true
849,2026-07-27 21:10:00,SHORT,27992.75,28128.33275,1,0.881,182.11,true
848,2026-07-28 02:10:00,SHORT,27844.25,27915.83275,2,0.000,-145.17,false
848,2026-07-28 02:35:00,LONG,27924.75,27840.91725,0,0.288,182.11,true
848,2026-07-28 09:45:00,SHORT,27755.5,28000.83275,3,0.344,182.11,true
848,2026-07-28 11:25:00,LONG,27965,27792.41725,1,0.260,182.11,true
848,2026-07-28 18:45:00,SHORT,27824,27952.08275,1,0.218,180.23,true
848,2026-07-28 19:35:00,LONG,27895.25,27800.41725,0,0.647,180.23,true
856,2026-07-28 19:55:00,LONG,28102.5,27881.2575,1,0.173,-444.49,false
849,2026-07-28 20:00:00,LONG,28143.75,27980.91725,5,0.057,-327.67,false
838,2026-07-28 20:15:00,LONG,28144,28068.29825,0,0.040,-153.40,false
838,2026-07-28 20:35:00,SHORT,28060.75,28170.45175,0,1.966,180.23,true
849,2026-07-28 20:55:00,SHORT,28013.25,28107.58275,0,1.857,180.23,true
856,2026-07-28 21:20:00,SHORT,27980.5,28033.9925,1,0.779,180.23,true
848,2026-07-28 21:55:00,SHORT,27785.25,27952.58275,0,0.332,180.23,true
855,2026-07-28 23:45:00,SHORT,27752,27812.9925,3,0.256,180.23,true
855,2026-07-29 01:30:00,LONG,27823.5,27727.0075,0,0.541,180.23,true
855,2026-07-29 02:10:00,SHORT,27764.5,27842.2425,0,0.021,-157.49,false
855,2026-07-29 02:35:00,LONG,27887,27746.5075,0,0.396,180.23,true
848,2026-07-29 02:45:00,LONG,27918,27802.66725,4,0.325,180.23,true
856,2026-07-29 05:55:00,LONG,28019.75,27954.7575,1,0.060,-131.99,false
856,2026-07-29 06:45:00,SHORT,27958.5,28031.7425,2,1.257,180.23,true
848,2026-07-29 10:00:00,SHORT,27786.75,27956.83275,8,0.864,180.23,true
855,2026-07-29 10:15:00,SHORT,27663.25,27864.4925,0,0.581,180.23,true
854,2026-07-29 10:30:00,SHORT,27622.25,27756.2425,3,0.487,180.23,true
853,2026-07-29 11:35:00,SHORT,27535.25,27666.2425,2,0.288,180.23,true
853,2026-07-29 13:10:00,LONG,27736.5,27547.2575,0,0.830,180.23,true
854,2026-07-29 13:20:00,LONG,27694.25,27586.5075,2,0.927,180.23,true
848,2026-07-29 14:50:00,LONG,28086,27717.16725,2,0.031,-739.67,false
855,2026-07-29 14:50:00,LONG,28086,27717.2575,2,0.031,-739.49,false
848,2026-07-29 15:30:00,SHORT,27610.25,27946.83275,1,0.935,180.23,true
855,2026-07-29 15:35:00,SHORT,27509.25,27836.9925,0,0.704,180.23,true
854,2026-07-29 15:40:00,SHORT,27473.5,27752.7425,3,0.622,180.23,true
853,2026-07-29 15:45:00,SHORT,27500.75,27752.7425,0,0.685,180.23,true
857,2026-07-29 20:20:00,LONG,27571,27488.278,3,0.273,190.22,true
857,2026-07-29 20:45:00,SHORT,27526.75,27620.222,0,0.049,-188.94,false
857,2026-07-29 21:10:00,LONG,27570.75,27495.028,0,0.273,190.22,true
853,2026-07-29 21:30:00,LONG,27670.5,27556.2575,3,0.057,-230.49,false
854,2026-07-29 21:40:00,LONG,27678,27604.7575,1,0.041,-148.49,false
854,2026-07-29 22:20:00,SHORT,27635.75,27696.7425,1,0.647,190.22,true
853,2026-07-29 23:00:00,SHORT,27559,27661.9925,0,0.480,190.22,true
857,2026-07-29 23:15:00,SHORT,27485.25,27613.972,1,0.320,190.22,true
857,2026-07-30 06:30:00,LONG,27611.75,27532.028,7,3.844,190.22,true
853,2026-07-30 06:45:00,LONG,27631.75,27532.5075,0,3.968,190.22,true
854,2026-07-30 07:15:00,LONG,27682.25,27604.2575,3,4.047,190.22,true
858,2026-07-30 08:50:00,LONG,27799,27725.028,2,4.116,190.22,true
855,2026-07-30 09:00:00,LONG,27848.75,27706.5075,0,4.015,190.22,true
848,2026-07-30 09:45:00,LONG,28064.5,27804.41725,1,3.640,190.22,true
849,2026-07-30 10:00:00,LONG,28160.25,27964.41725,2,3.519,190.22,true
856,2026-07-30 10:00:00,LONG,28160.25,27964.5075,5,3.519,190.22,true
838,2026-07-30 10:30:00,LONG,28234.5,28057.79825,1,0.022,-355.40,false
843,2026-07-30 10:35:00,LONG,28219.75,28094.04825,4,0.046,-253.40,false
843,2026-07-30 10:55:00,SHORT,28070.75,28249.95175,0,0.162,-360.40,false
838,2026-07-30 11:00:00,SHORT,28104.25,28204.95175,0,0.234,190.22,true
849,2026-07-30 11:20:00,SHORT,28050.5,28146.58275,3,0.118,-194.17,false
849,2026-07-30 11:50:00,LONG,28107.75,27987.41725,0,3.884,190.22,true
838,2026-07-30 12:10:00,LONG,28186,28050.04825,2,3.802,190.22,true
843,2026-07-30 15:10:00,LONG,28274.75,28145.79825,8,0.978,190.22,true
839,2026-07-30 15:15:00,LONG,28285.75,28170.79825,7,0.954,190.22,true
850,2026-07-30 15:20:00,LONG,28264,28185.91725,2,1.001,190.22,true
851,2026-07-30 15:20:00,LONG,28264,28185.91725,1,1.001,190.22,true
851,2026-07-30 15:40:00,SHORT,28232.25,28279.83275,0,0.065,-97.17,false
851,2026-07-30 16:10:00,LONG,28324.75,28193.66725,1,0.870,190.22,true
840,2026-07-30 16:25:00,LONG,28366.25,28275.04825,1,0.780,190.22,true
824,2026-07-30 20:00:00,LONG,28433,28381.38525,6,0.670,180.21,true
862,2026-07-30 21:05:00,LONG,28566.5,28464.2585,1,0.013,-206.48,false
841,2026-07-30 21:10:00,LONG,28561.25,28471.04825,1,0.025,-182.40,false
863,2026-07-30 21:15:00,LONG,28561.25,28514.0085,0,0.025,-96.48,false
863,2026-07-30 21:45:00,SHORT,28466.5,28566.9915,0,0.176,-202.98,false
841,2026-07-30 21:50:00,SHORT,28465.5,28546.70175,0,0.174,-164.40,false
862,2026-07-30 21:55:00,SHORT,28478,28546.4915,0,0.202,-138.98,false
862,2026-07-31 00:35:00,LONG,28542,28442.7585,1,0.226,180.21,true
841,2026-07-31 00:40:00,LONG,28551.5,28484.04825,0,0.138,-136.90,false
863,2026-07-31 00:50:00,LONG,28548,28499.0085,0,0.146,-99.98,false
844,2026-07-31 01:55:00,LONG,28585,28525.54825,1,0.061,-120.90,false
852,2026-07-31 02:00:00,LONG,28584.5,28539.91725,5,0.062,-91.17,false
844,2026-07-31 02:45:00,SHORT,28473.5,28601.95175,0,0.045,-258.90,false
852,2026-07-31 02:45:00,SHORT,28473.5,28601.83275,0,0.045,-258.67,false
863,2026-07-31 02:45:00,SHORT,28473.5,28601.7415,2,0.045,-258.48,false
841,2026-07-31 02:50:00,SHORT,28502.25,28601.95175,0,0.108,-201.40,false
841,2026-07-31 03:20:00,LONG,28536.5,28471.04825,1,0.239,180.21,true
863,2026-07-31 03:45:00,LONG,28554.5,28498.2585,0,0.197,-114.48,false
844,2026-07-31 04:20:00,LONG,28576.75,28515.79825,3,0.146,-123.90,false
852,2026-07-31 04:20:00,LONG,28576.75,28515.91725,3,0.146,-123.67,false
845,2026-07-31 05:05:00,LONG,28625.25,28552.54825,7,0.035,-147.40,false
845,2026-07-31 05:40:00,SHORT,28552.5,28624.70175,0,0.076,-146.40,false
852,2026-07-31 06:00:00,SHORT,28531,28600.33275,2,0.025,-140.67,false
844,2026-07-31 06:05:00,SHORT,28540,28578.70175,2,0.017,-79.40,false
844,2026-07-31 06:35:00,LONG,28576,28523.54825,0,0.114,-106.90,false
852,2026-07-31 07:10:00,LONG,28594.75,28544.41725,2,0.011,-102.67,false
852,2026-07-31 07:35:00,SHORT,28532,28608.33275,0,0.228,180.21,true
844,2026-07-31 07:40:00,SHORT,28538.25,28592.95175,3,0.243,180.21,true
841,2026-07-31 08:15:00,SHORT,28455.5,28564.20175,1,0.053,-219.40,false
863,2026-07-31 08:15:00,SHORT,28455.5,28563.9915,5,0.053,-218.98,false
862,2026-07-31 08:20:00,SHORT,28484,28563.9915,1,0.118,-161.98,false
862,2026-07-31 09:15:00,LONG,28539,28449.0085,2,0.427,180.21,true
841,2026-07-31 09:20:00,LONG,28549,28477.29825,1,0.404,180.21,true
863,2026-07-31 09:30:00,LONG,28682.25,28500.0085,0,0.100,-366.48,false
824,2026-07-31 09:55:00,SHORT,28360.5,28588.36475,4,0.642,180.21,true
841,2026-07-31 09:55:00,SHORT,28360.5,28587.20175,0,0.642,180.21,true
862,2026-07-31 09:55:00,SHORT,28360.5,28586.9915,0,0.642,180.21,true
863,2026-07-31 09:55:00,SHORT,28360.5,28586.9915,0,0.642,180.21,true
840,2026-07-31 10:10:00,SHORT,28137.5,28423.45175,6,0.132,-573.90,false
851,2026-07-31 10:15:00,SHORT,28177.5,28401.83275,0,0.142,-450.67,false
861,2026-07-31 10:15:00,SHORT,28177.5,28401.7415,2,0.142,-450.48,false
839,2026-07-31 10:20:00,SHORT,28196,28280.95175,3,0.077,-171.90,false
850,2026-07-31 10:20:00,SHORT,28196,28280.83275,2,0.077,-171.67,false
839,2026-07-31 10:40:00,LONG,28268.75,28153.54825,0,0.176,-232.40,false
850,2026-07-31 10:40:00,LONG,28268.75,28153.66725,0,0.176,-232.17,false
851,2026-07-31 10:50:00,LONG,28298.25,28202.91725,1,0.101,-192.67,false
851,2026-07-31 11:30:00,SHORT,28175,28348.08275,2,0.025,-348.17,false
851,2026-07-31 12:05:00,LONG,28274.75,28180.16725,1,4.117,180.21,true
861,2026-07-31 12:30:00,LONG,28376.75,28247.2585,4,3.883,180.21,true
840,2026-07-31 12:35:00,LONG,28362.75,28277.79825,3,0.369,180.21,true
824,2026-07-31 13:30:00,LONG,28482,28357.63525,1,0.096,-250.73,false
824,2026-07-31 16:10:00,SHORT,28393.75,28527.61475,8,0.310,180.21,true
844,2026-08-02 18:15:00,LONG,28595.75,28540.29825,2,0.090,-112.90,false
852,2026-08-02 18:15:00,LONG,28595.75,28540.41725,2,0.090,-112.67,false
845,2026-08-02 18:30:00,LONG,28613.5,28540.29825,6,0.052,-148.40,false
845,2026-08-02 19:05:00,SHORT,28553.5,28630.95175,0,0.018,-156.90,false
845,2026-08-02 20:55:00,LONG,28622,28533.54825,2,0.164,-178.90,false
821,2026-08-02 22:00:00,LONG,28654,28588.454,15,0.095,-133.09,false
842,2026-08-02 22:05:00,LONG,28639.25,28589.04825,14,0.127,-102.40,false
825,2026-08-02 22:20:00,LONG,28662,28609.13525,6,0.078,-107.73,false
825,2026-08-03 02:45:00,SHORT,28597.5,28676.36475,6,0.610,192.20,true
842,2026-08-03 02:50:00,SHORT,28596.5,28650.70175,8,0.608,192.20,true
821,2026-08-03 02:55:00,SHORT,28593.25,28651.296,3,0.601,192.20,true
845,2026-08-03 03:50:00,SHORT,28570.25,28624.45175,5,0.551,192.20,true
844,2026-08-03 04:25:00,SHORT,28488,28599.95175,6,0.035,-225.90,false
852,2026-08-03 04:25:00,SHORT,28488,28599.83275,10,0.035,-225.67,false
863,2026-08-03 04:25:00,SHORT,28488,28572.9915,2,0.035,-171.98,false
841,2026-08-03 04:30:00,SHORT,28483.25,28573.20175,2,0.000,-181.90,false
841,2026-08-03 04:50:00,LONG,28559.5,28474.79825,0,0.089,-171.40,false
863,2026-08-03 04:55:00,LONG,28594,28475.0085,0,0.015,-239.98,false
844,2026-08-03 05:05:00,LONG,28573.25,28518.04825,0,0.019,-112.40,false
844,2026-08-03 06:15:00,SHORT,28525.25,28585.45175,1,0.455,192.20,true
863,2026-08-03 07:15:00,SHORT,28503.5,28555.7415,3,0.408,192.20,true
841,2026-08-03 07:45:00,SHORT,28458.25,28555.95175,3,0.311,192.20,true
862,2026-08-03 07:45:00,SHORT,28458.25,28555.7415,6,0.311,192.20,true
867,2026-08-03 08:00:00,SHORT,28395.5,28486.31675,3,0.026,-183.63,false
867,2026-08-03 09:50:00,LONG,28523.5,28364.68325,3,3.328,192.20,true
841,2026-08-03 10:00:00,LONG,28552.75,28434.29825,1,3.266,192.20,true
862,2026-08-03 10:05:00,LONG,28572,28447.7585,3,3.224,192.20,true
863,2026-08-03 10:05:00,LONG,28572,28434.5085,1,3.224,192.20,true
844,2026-08-03 10:15:00,LONG,28613.5,28504.29825,1,3.135,192.20,true
852,2026-08-03 10:25:00,LONG,28678.5,28520.66725,7,2.996,192.20,true
821,2026-08-03 10:30:00,LONG,28684.75,28547.954,4,2.982,192.20,true
825,2026-08-03 10:30:00,LONG,28684.75,28548.63525,1,2.982,192.20,true
842,2026-08-03 10:30:00,LONG,28684.75,28549.79825,2,2.982,192.20,true
845,2026-08-03 10:30:00,LONG,28684.75,28549.79825,6,2.982,192.20,true
868,2026-08-03 10:45:00,LONG,28738.75,28629.43325,5,2.866,192.20,true
835,2026-08-03 10:55:00,LONG,28801.75,28672.9255,4,2.731,192.20,true
826,2026-08-03 11:00:00,LONG,28791.25,28689.63525,6,2.754,192.20,true
869,2026-08-03 11:00:00,LONG,28791.25,28690.43325,1,2.754,192.20,true
827,2026-08-03 11:50:00,LONG,28805,28721.63525,9,2.724,192.20,true
846,2026-08-03 12:10:00,LONG,28815.5,28755.79825,3,2.702,192.20,true
828,2026-08-03 13:20:00,LONG,28878.75,28813.63525,5,2.566,192.20,true
836,2026-08-03 13:30:00,LONG,28891.5,28826.1755,1,2.538,192.20,true
829,2026-08-03 14:00:00,LONG,28945.5,28850.13525,1,0.066,-192.73,false
837,2026-08-03 14:10:00,LONG,28940,28880.1755,0,0.040,-121.65,false
837,2026-08-03 14:35:00,SHORT,28889.75,28944.8245,0,0.053,-112.15,false
837,2026-08-03 16:45:00,LONG,28921,28873.4255,1,0.119,-97.15,false
830,2026-08-03 20:05:00,LONG,28961.25,28917.63525,6,0.001,-89.23,false
830,2026-08-03 20:25:00,SHORT,28905.75,28971.86475,0,0.153,-134.23,false
837,2026-08-03 20:40:00,SHORT,28891.25,28942.8245,2,0.123,-105.15,false
829,2026-08-03 21:10:00,SHORT,28858.5,28918.36475,5,0.015,-121.73,false
829,2026-08-03 21:35:00,LONG,28906.75,28841.38525,0,2.419,199.14,true
837,2026-08-03 21:50:00,LONG,29039,28863.4255,1,2.145,199.14,true
830,2026-08-03 21:55:00,LONG,29041.25,28894.38525,0,2.140,199.14,true
831,2026-08-03 22:00:00,LONG,29012.5,28931.63525,3,2.200,199.14,true
871,2026-08-03 22:00:00,LONG,29012.5,28932.10025,6,0.003,-162.80,false
831,2026-08-03 23:10:00,SHORT,28941.25,29002.11475,1,0.020,-123.73,false
831,2026-08-04 00:25:00,LONG,29007.5,28929.13525,0,2.210,199.14,true
864,2026-08-04 01:40:00,LONG,29058.5,28997.2585,2,2.105,199.14,true
832,2026-08-04 02:05:00,LONG,29082.25,29014.88525,1,0.102,-136.73,false
833,2026-08-04 04:10:00,LONG,29108,29055.13525,4,0.049,-107.73,false
833,2026-08-04 04:50:00,SHORT,29064.25,29121.61475,0,0.118,-116.73,false
832,2026-08-04 05:15:00,SHORT,29022.75,29079.11475,4,0.017,-114.73,false
832,2026-08-04 05:45:00,LONG,29081.5,29010.63525,0,2.057,199.14,true
833,2026-08-04 06:15:00,LONG,29097,29049.13525,2,2.025,199.14,true
834,2026-08-04 07:10:00,LONG,29144.5,29073.38525,15,1.926,199.14,true
781,2026-08-04 07:55:00,LONG,29237.5,29140.049,1,1.734,199.14,true
817,2026-08-04 07:55:00,LONG,29237.5,29139.5075,0,1.734,199.14,true
822,2026-08-04 09:30:00,LONG,29382.75,29178.454,2,1.433,199.14,true
677,2026-08-04 09:40:00,LONG,29411.5,29201.53125,3,1.373,199.14,true
660,2026-08-04 09:45:00,LONG,29460,29201.71125,13,1.273,199.14,true
762,2026-08-04 09:45:00,LONG,29460,29200.2035,7,1.273,199.14,true
803,2026-08-04 09:45:00,LONG,29460,29197.1225,0,1.273,199.14,true
805,2026-08-04 09:45:00,LONG,29460,29196.6495,3,1.273,199.14,true
806,2026-08-04 09:45:00,LONG,29460,29196.381,5,1.273,199.14,true
816,2026-08-04 09:45:00,LONG,29460,29196.36275,13,1.273,199.14,true
847,2026-08-04 09:45:00,LONG,29460,29199.29825,0,1.273,199.14,true
674,2026-08-04 10:15:00,LONG,29523.5,29425.31625,8,1.141,199.14,true
675,2026-08-04 11:15:00,LONG,29632.25,29537.31625,3,0.916,199.14,true
679,2026-08-04 12:30:00,LONG,29721.25,29667.03125,3,0.731,199.14,true
873,2026-08-05 02:00:00,LONG,29965,29917.07775,2,0.050,-97.84,false
873,2026-08-05 03:25:00,SHORT,29907.5,29993.42225,2,0.221,204.82,true
873,2026-08-05 09:40:00,LONG,30052,29898.82775,6,0.044,-308.34,false
873,2026-08-05 10:35:00,SHORT,29840.75,29999.17225,1,1.208,204.82,true
679,2026-08-05 16:10:00,SHORT,29604.75,29722.96875,1,0.733,204.82,true
872,2026-08-05 16:10:00,SHORT,29604.75,29726.17225,0,0.733,204.82,true
675,2026-08-05 21:00:00,SHORT,29511.5,29614.68375,8,0.115,-208.37,false
675,2026-08-05 22:45:00,LONG,29604.5,29522.56625,2,0.013,-165.87,false
675,2026-08-05 23:30:00,SHORT,29540,29592.43375,0,0.009,-106.87,false
675,2026-08-06 00:25:00,LONG,29585,29540.31625,3,0.030,-91.37,false
675,2026-08-06 02:15:00,SHORT,29494.75,29588.43375,5,0.510,205.14,true
674,2026-08-06 04:15:00,SHORT,29469,29532.43375,5,0.004,-128.87,false
674,2026-08-06 04:35:00,LONG,29512.25,29460.31625,0,0.025,-105.87,false
674,2026-08-06 05:15:00,SHORT,29473.75,29523.93375,0,0.004,-102.37,false
674,2026-08-06 05:50:00,LONG,29511.75,29465.31625,0,0.044,-94.87,false
674,2026-08-06 07:10:00,SHORT,29417.25,29498.43375,1,0.000,-164.37,false
674,2026-08-06 07:40:00,LONG,29495.5,29441.06625,0,0.033,-110.87,false
674,2026-08-06 08:00:00,SHORT,29438.75,29518.68375,0,0.397,205.14,true
875,2026-08-06 08:15:00,SHORT,29394.5,29486.4375,5,0.308,205.14,true
875,2026-08-06 09:50:00,LONG,29500.25,29313.3125,1,0.974,205.14,true
674,2026-08-06 09:55:00,LONG,29528.25,29369.31625,0,0.917,205.14,true
675,2026-08-06 10:15:00,LONG,29640.75,29481.31625,1,0.092,-320.87,false
675,2026-08-06 12:05:00,SHORT,29525.5,29631.18375,5,0.155,-213.37,false
877,2026-08-06 18:15:00,LONG,29567.25,29484.6035,0,0.104,-167.29,false
675,2026-08-06 19:25:00,LONG,29573,29542.31625,7,0.092,-63.37,false
675,2026-08-06 20:25:00,SHORT,29513.5,29593.43375,1,0.121,-161.87,false
877,2026-08-06 22:40:00,SHORT,29500.25,29551.8965,7,0.094,-105.29,false
877,2026-08-06 23:00:00,LONG,29538,29484.1035,0,0.019,-109.79,false
877,2026-08-06 23:35:00,SHORT,29504,29544.8965,0,0.102,-83.79,false
877,2026-08-07 01:10:00,LONG,29539.5,29479.3535,2,0.898,204.28,true
675,2026-08-07 03:20:00,LONG,29580.5,29529.56625,9,0.815,204.28,true
872,2026-08-07 08:40:00,LONG,29801.75,29608.57775,7,0.133,-388.34,false
679,2026-08-07 08:45:00,LONG,29846.5,29637.03125,0,0.043,-420.94,false
878,2026-08-07 08:45:00,LONG,29846.5,29633.8535,0,0.043,-427.29,false
878,2026-08-07 09:25:00,SHORT,29714,29793.1465,0,0.067,-160.29,false
679,2026-08-07 10:10:00,SHORT,29585,29768.46875,2,0.033,-368.94,false
872,2026-08-07 10:10:00,SHORT,29585,29771.67225,1,0.033,-375.34,false
679,2026-08-07 10:30:00,LONG,29731,29561.78125,0,0.511,204.28,true
872,2026-08-07 10:30:00,LONG,29731,29558.57775,0,0.511,204.28,true
878,2026-08-07 11:15:00,LONG,29758.25,29699.1035,4,0.196,-120.29,false
878,2026-08-07 14:20:00,SHORT,29718.25,29772.8965,5,0.084,-111.29,false
878,2026-08-07 15:15:00,LONG,29793.25,29713.1035,0,0.385,204.28,true
880,2026-08-09 18:20:00,SHORT,29834.5,29906.6465,0,0.093,-146.29,false
880,2026-08-09 19:15:00,LONG,29862,29823.6035,2,0.041,-78.79,false
880,2026-08-09 20:45:00,SHORT,29826.25,29897.8965,2,0.076,-145.29,false
880,2026-08-09 21:25:00,LONG,29865.25,29813.3535,0,0.240,204.28,true
873,2026-08-10 04:10:00,LONG,29963,29927.57775,2,0.042,-72.84,false
873,2026-08-10 06:15:00,SHORT,29927.5,29981.92225,3,0.796,204.28,true
880,2026-08-10 08:25:00,SHORT,29821,29893.6465,6,0.207,-147.29,false
880,2026-08-10 10:40:00,LONG,29866.75,29804.8535,2,0.039,-125.79,false
880,2026-08-10 11:05:00,SHORT,29782.75,29887.1465,0,0.504,204.28,true
884,2026-08-10 18:25:00,SHORT,29746.25,29798.2185,0,0.165,-105.94,false
878,2026-08-10 18:40:00,SHORT,29725.25,29773.8965,12,0.122,-99.29,false
883,2026-08-10 19:30:00,SHORT,29708.25,29755.9685,1,0.087,-97.44,false
882,2026-08-10 20:00:00,SHORT,29686.75,29741.7185,4,0.012,-111.94,false
882,2026-08-10 20:20:00,LONG,29742.5,29671.2815,0,0.297,200.57,true
883,2026-08-10 20:30:00,LONG,29758,29690.7815,1,0.265,200.57,true
878,2026-08-10 20:35:00,LONG,29760.25,29690.6035,2,0.260,200.57,true
884,2026-08-10 20:50:00,LONG,29791.5,29715.2815,1,0.196,-154.44,false
885,2026-08-10 21:20:00,LONG,29833.5,29754.7815,3,0.058,-159.44,false
886,2026-08-10 21:50:00,LONG,29836.5,29778.0315,0,0.052,-118.94,false
886,2026-08-11 01:55:00,SHORT,29793.25,29839.2185,6,0.155,-93.94,false
885,2026-08-11 02:30:00,SHORT,29745.5,29831.7185,1,0.057,-174.44,false
884,2026-08-11 03:25:00,SHORT,29743.25,29796.4685,2,0.000,-108.44,false
878,2026-08-11 04:20:00,SHORT,29734.25,29791.8965,4,0.034,-117.29,false
878,2026-08-11 05:35:00,LONG,29773,29708.8535,2,0.234,200.57,true
884,2026-08-11 06:25:00,LONG,29821.25,29721.5315,4,0.135,-201.44,false
885,2026-08-11 06:35:00,LONG,29804,29761.7815,4,0.170,-86.44,false
886,2026-08-11 07:10:00,LONG,29872,29761.7815,2,0.002,-222.44,false
886,2026-08-11 09:40:00,SHORT,29723.25,29855.4685,6,0.390,200.57,true
878,2026-08-11 09:45:00,SHORT,29660.75,29852.3965,1,0.262,200.57,true
884,2026-08-11 09:45:00,SHORT,29660.75,29852.2185,0,0.262,200.57,true
885,2026-08-11 09:45:00,SHORT,29660.75,29852.2185,0,0.262,200.57,true
878,2026-08-11 10:10:00,LONG,29763,29647.1035,0,0.086,-233.79,false
884,2026-08-11 10:55:00,LONG,29777,29718.5315,2,0.031,-118.94,false
878,2026-08-11 11:20:00,SHORT,29707.25,29787.1465,2,0.358,200.57,true
883,2026-08-11 11:20:00,SHORT,29707.25,29786.9685,10,0.358,200.57,true
884,2026-08-11 11:20:00,SHORT,29707.25,29786.9685,0,0.358,200.57,true
882,2026-08-11 11:35:00,SHORT,29670,29786.9685,5,0.281,200.57,true
679,2026-08-11 11:55:00,SHORT,29663.25,29726.21875,9,0.267,200.57,true
872,2026-08-11 12:20:00,SHORT,29643,29703.67225,9,0.225,200.57,true
881,2026-08-11 14:30:00,SHORT,29568.75,29645.4685,2,0.052,-155.44,false
881,2026-08-11 15:35:00,LONG,29659.5,29570.5315,1,1.283,200.57,true
872,2026-08-11 22:40:00,LONG,29688.25,29648.07775,13,1.226,200.17,true
679,2026-08-11 23:00:00,LONG,29703.25,29668.53125,0,0.025,-71.44,false
679,2026-08-12 01:20:00,SHORT,29681,29711.46875,6,0.001,-62.94,false
679,2026-08-12 01:40:00,LONG,29699.75,29674.03125,0,1.303,200.17,true
882,2026-08-12 03:05:00,LONG,29743.5,29688.5315,5,1.212,200.17,true
883,2026-08-12 04:05:00,LONG,29767.75,29708.5315,3,1.186,200.17,true
878,2026-08-12 04:10:00,LONG,29771,29720.6035,2,1.179,200.17,true
884,2026-08-12 04:20:00,LONG,29792.25,29723.7815,1,1.136,200.17,true
885,2026-08-12 05:10:00,LONG,29808.25,29760.2815,7,0.313,200.17,true
886,2026-08-12 05:30:00,LONG,29831.75,29783.7815,1,0.264,200.17,true
880,2026-08-12 08:35:00,LONG,29923.25,29810.8535,23,0.162,-226.79,false
887,2026-08-12 09:00:00,LONG,29925.5,29740.5315,0,0.861,200.17,true
891,2026-08-12 09:20:00,LONG,29970,29897.55075,3,0.065,-146.90,false
891,2026-08-12 10:55:00,SHORT,29868,29972.44925,1,0.180,-210.90,false
887,2026-08-12 11:00:00,SHORT,29851.5,29941.2185,4,0.146,-181.44,false
887,2026-08-12 13:45:00,LONG,29912.5,29869.2815,1,0.040,-88.44,false
887,2026-08-12 15:20:00,SHORT,29865.5,29932.9685,2,0.175,-136.94,false
880,2026-08-12 16:25:00,SHORT,29820,29915.8965,12,0.081,-193.79,false
886,2026-08-12 18:25:00,SHORT,29794,29841.4685,10,0.029,-96.94,false
886,2026-08-12 20:15:00,LONG,29861,29787.0315,3,1.036,191.89,true
880,2026-08-12 22:10:00,LONG,29862.25,29818.1035,5,0.133,-90.29,false
895,2026-08-12 23:20:00,LONG,29874,29824.698,3,0.108,-100.60,false
896,2026-08-13 01:15:00,LONG,29910,29864.698,3,0.030,-92.60,false
896,2026-08-13 02:45:00,SHORT,29861.75,29914.802,2,0.106,-108.10,false
895,2026-08-13 03:15:00,SHORT,29853.5,29902.552,5,0.089,-100.10,false
895,2026-08-13 06:45:00,LONG,29882.75,29841.448,4,0.026,-84.60,false
895,2026-08-13 08:10:00,SHORT,29842.25,29897.552,1,0.065,-112.60,false
895,2026-08-13 09:05:00,LONG,29917.5,29831.698,2,0.915,191.89,true
896,2026-08-13 09:10:00,LONG,29908.25,29859.948,8,0.935,191.89,true
887,2026-08-13 09:40:00,LONG,30012.25,29853.7815,7,0.711,191.89,true
891,2026-08-13 09:40:00,LONG,30012.25,29853.80075,9,0.711,191.89,true
873,2026-08-13 09:45:00,LONG,30135,29853.57775,7,0.447,191.89,true
888,2026-08-13 09:50:00,LONG,30146,29930.2815,3,0.424,191.89,true
892,2026-08-13 09:50:00,LONG,30146,29930.30075,1,0.424,191.89,true
893,2026-08-13 09:50:00,LONG,30146,29930.30075,1,0.424,191.89,true
897,2026-08-13 09:55:00,LONG,30176,29986.198,0,0.359,191.89,true
874,2026-08-13 10:00:00,LONG,30177,29995.32775,1,0.357,191.89,true
894,2026-08-13 10:00:00,LONG,30177,29995.55075,0,0.357,191.89,true
898,2026-08-13 21:15:00,SHORT,30134,30179.00775,0,0.011,-92.02,false
898,2026-08-13 22:35:00,LONG,30174.75,30119.49225,0,0.234,190.97,true
898,2026-08-14 01:00:00,SHORT,30136.5,30191.75775,2,0.019,-112.52,false
898,2026-08-14 01:50:00,LONG,30178,30128.99225,0,0.227,190.97,true
899,2026-08-14 07:00:00,LONG,30248,30211.24225,5,0.070,-75.52,false
899,2026-08-14 10:20:00,SHORT,30160,30281.50775,6,0.284,190.97,true
898,2026-08-14 11:00:00,SHORT,30123.25,30177.50775,2,0.205,-110.52,false
894,2026-08-14 11:15:00,SHORT,30104.25,30159.94925,6,0.164,-113.40,false
874,2026-08-14 11:40:00,SHORT,30049,30119.92225,0,0.044,-143.84,false
874,2026-08-14 12:25:00,LONG,30101,30047.32775,2,0.002,-109.34,false
874,2026-08-14 13:45:00,SHORT,30058,30092.42225,1,0.018,-70.84,false
874,2026-08-14 14:05:00,LONG,30088.5,30039.82775,0,0.550,190.97,true
894,2026-08-14 16:05:00,LONG,30133.25,30091.80075,1,0.453,190.97,true
898,2026-08-16 18:10:00,LONG,30196.5,30134.24225,1,0.330,182.84,true
904,2026-08-16 23:10:00,LONG,30226,30191.88225,6,0.264,182.84,true
899,2026-08-17 00:00:00,LONG,30246.75,30211.49225,5,0.217,182.84,true
900,2026-08-17 02:10:00,LONG,30287.5,30251.99225,6,0.125,-73.02,false
900,2026-08-17 08:35:00,SHORT,30195.75,30298.00775,6,2.156,182.84,true
899,2026-08-17 08:45:00,SHORT,30193.5,30287.00775,3,0.086,-189.02,false
904,2026-08-17 08:50:00,SHORT,30198,30241.11775,1,0.016,-88.24,false
899,2026-08-17 11:05:00,LONG,30259.25,30193.74225,5,0.042,-133.02,false
904,2026-08-17 11:05:00,LONG,30259.25,30183.63225,5,0.042,-153.24,false
899,2026-08-17 12:10:00,SHORT,30204,30282.75775,0,2.258,182.84,true
904,2026-08-17 12:40:00,SHORT,30183.5,30252.11775,1,2.212,182.84,true
898,2026-08-17 13:20:00,SHORT,30109,30183.50775,3,2.044,182.84,true
894,2026-08-17 13:30:00,SHORT,30094.25,30173.69925,2,2.011,182.84,true
874,2026-08-17 21:50:00,SHORT,29992,30099.67225,14,1.822,178.59,true
897,2026-08-17 21:55:00,SHORT,30011.5,30083.552,8,1.867,178.59,true
892,2026-08-17 22:20:00,SHORT,29937.5,30022.44925,1,1.696,178.59,true
893,2026-08-17 22:20:00,SHORT,29937.5,30031.69925,1,1.696,178.59,true
873,2026-08-17 22:30:00,SHORT,29929,29980.92225,0,1.676,178.59,true
888,2026-08-17 22:30:00,SHORT,29929,30017.2185,1,1.676,178.59,true
891,2026-08-17 22:55:00,SHORT,29908.25,29966.69925,2,1.629,178.59,true
887,2026-08-17 23:25:00,SHORT,29879.25,29930.4685,1,1.562,178.59,true
896,2026-08-17 23:30:00,SHORT,29863,29913.302,3,0.011,-102.60,false
896,2026-08-18 00:50:00,LONG,29922,29860.948,1,0.012,-124.10,false
896,2026-08-18 01:30:00,SHORT,29867,29927.802,0,1.533,178.59,true
895,2026-08-18 02:05:00,SHORT,29806,29890.052,5,0.001,-170.10,false
880,2026-08-18 02:10:00,SHORT,29836.25,29879.1465,14,0.036,-87.79,false
880,2026-08-18 02:35:00,LONG,29873.25,29810.6035,0,0.054,-127.29,false
895,2026-08-18 03:05:00,LONG,29878.5,29827.448,0,0.001,-104.10,false
895,2026-08-18 03:35:00,SHORT,29843.5,29888.302,0,1.479,178.59,true
880,2026-08-18 03:50:00,SHORT,29824.25,29874.1465,1,1.435,178.59,true
886,2026-08-18 04:10:00,SHORT,29766.75,29836.7185,10,1.302,178.59,true
885,2026-08-18 04:15:00,SHORT,29767.5,29823.9685,7,1.304,178.59,true
884,2026-08-18 05:25:00,SHORT,29735,29792.2185,4,1.229,178.59,true
878,2026-08-18 05:45:00,SHORT,29699,29780.6465,7,0.027,-165.29,false
883,2026-08-18 05:50:00,SHORT,29714,29780.4685,2,0.024,-134.94,false
878,2026-08-18 07:10:00,LONG,29768,29711.1035,3,0.042,-115.79,false
883,2026-08-18 07:10:00,LONG,29768,29694.0315,2,0.042,-149.94,false
878,2026-08-18 08:30:00,SHORT,29708.5,29795.8965,2,1.167,178.59,true
883,2026-08-18 08:35:00,SHORT,29696,29769.7185,1,0.149,-149.44,false
882,2026-08-18 09:10:00,SHORT,29696.25,29769.7185,6,0.150,-148.94,false
679,2026-08-18 09:30:00,SHORT,29685.25,29733.21875,5,0.028,-97.94,false
905,2026-08-18 09:55:00,SHORT,29646.25,29778.414,4,1.024,178.59,true
872,2026-08-18 10:15:00,SHORT,29619,29710.42225,3,0.435,178.59,true
890,2026-08-18 10:15:00,SHORT,29619,29715.44925,12,0.435,178.59,true
890,2026-08-18 10:35:00,LONG,29665.25,29583.55075,0,0.018,-165.40,false
890,2026-08-18 10:55:00,SHORT,29547.75,29682.69925,0,0.271,178.59,true
881,2026-08-18 11:00:00,SHORT,29561.25,29682.7185,6,0.302,178.59,true
889,2026-08-18 11:05:00,SHORT,29530.75,29629.69925,1,0.039,-199.90,false
675,2026-08-18 11:15:00,SHORT,29536,29626.68375,4,0.009,-183.37,false
675,2026-08-18 11:35:00,LONG,29572,29525.31625,0,0.228,178.59,true
889,2026-08-18 11:50:00,LONG,29634,29522.30075,0,0.085,-225.40,false
881,2026-08-18 11:55:00,LONG,29636.75,29556.7815,1,0.078,-161.94,false
890,2026-08-18 12:55:00,LONG,29649.75,29593.55075,1,0.025,-114.40,false
890,2026-08-18 13:25:00,SHORT,29616,29670.44925,0,0.428,178.59,true
881,2026-08-18 13:55:00,SHORT,29565.75,29645.4685,2,0.312,178.59,true
889,2026-08-18 16:55:00,SHORT,29559.5,29619.69925,5,0.298,178.59,true
675,2026-08-18 18:40:00,SHORT,29531.75,29584.43375,11,0.208,-107.37,false
903,2026-08-18 20:10:00,SHORT,29460.25,29565.86775,4,0.024,-213.24,false
877,2026-08-18 20:15:00,SHORT,29490.5,29539.1465,10,0.014,-99.29,false
877,2026-08-18 20:35:00,LONG,29568,29474.6035,0,0.096,-188.79,false
903,2026-08-18 20:40:00,LONG,29569.5,29490.13225,0,0.093,-160.74,false
675,2026-08-18 20:45:00,LONG,29567.5,29523.06625,1,0.097,-90.87,false
889,2026-08-18 21:15:00,LONG,29602.75,29520.55075,3,0.016,-166.40,false
889,2026-08-18 22:10:00,SHORT,29533.25,29600.94925,1,0.238,177.66,true
675,2026-08-18 22:15:00,SHORT,29526.75,29590.93375,3,0.223,177.66,true
903,2026-08-18 22:40:00,SHORT,29523,29572.11775,2,0.215,177.66,true
877,2026-08-19 00:45:00,SHORT,29476.5,29550.3965,8,0.107,-149.79,false
674,2026-08-19 01:55:00,SHORT,29457.5,29518.93375,15,0.063,-124.87,false
876,2026-08-19 02:10:00,SHORT,29436,29502.8965,6,0.002,-135.79,false
876,2026-08-19 02:30:00,LONG,29481.75,29425.1035,0,0.639,177.66,true
674,2026-08-19 02:50:00,LONG,29541.5,29428.31625,0,0.501,177.66,true
877,2026-08-19 03:00:00,LONG,29531.5,29481.3535,2,0.524,177.66,true
903,2026-08-19 03:15:00,LONG,29546,29482.38225,5,0.490,177.66,true
675,2026-08-19 03:35:00,LONG,29567.5,29539.31625,5,0.170,-58.37,false
889,2026-08-19 04:05:00,LONG,29629,29536.30075,1,0.027,-187.40,false
881,2026-08-19 04:10:00,LONG,29624.75,29565.2815,6,0.033,-120.94,false
881,2026-08-19 05:20:00,SHORT,29584.5,29639.7185,3,0.180,-112.44,false
889,2026-08-19 05:50:00,SHORT,29553,29607.94925,0,0.107,-111.90,false
675,2026-08-19 06:00:00,SHORT,29522.25,29581.18375,2,0.036,-119.87,false
903,2026-08-19 07:40:00,SHORT,29515,29569.11775,4,0.019,-110.24,false
903,2026-08-19 08:20:00,LONG,29565.5,29513.13225,1,0.445,177.66,true
675,2026-08-19 08:35:00,LONG,29661.25,29543.06625,5,0.223,177.66,true
889,2026-08-19 08:40:00,LONG,29683.25,29539.55075,2,0.172,-289.40,false
881,2026-08-19 08:45:00,LONG,29721,29539.5315,0,0.084,-364.94,false
890,2026-08-19 08:45:00,LONG,29721,29539.55075,4,0.084,-364.90,false
872,2026-08-19 08:50:00,LONG,29743.5,29568.07775,5,0.011,-352.84,false
907,2026-08-19 08:50:00,LONG,29743.5,29569.38075,0,0.011,-350.24,false
905,2026-08-19 08:55:00,LONG,29742.75,29646.086,3,0.013,-195.33,false
679,2026-08-19 09:20:00,LONG,29742.5,29675.53125,5,0.013,-135.94,false
679,2026-08-19 09:40:00,SHORT,29609.75,29754.96875,0,1.538,177.66,true
905,2026-08-19 09:40:00,SHORT,29609.75,29756.914,1,1.538,177.66,true
872,2026-08-19 09:45:00,SHORT,29470.5,29752.67225,0,1.215,177.66,true
907,2026-08-19 09:45:00,SHORT,29470.5,29751.36925,0,1.215,177.66,true
890,2026-08-19 09:50:00,SHORT,29471.25,29697.94925,0,1.217,177.66,true
675,2026-08-19 09:55:00,SHORT,29496.5,29642.18375,0,0.280,177.66,true
881,2026-08-19 09:55:00,SHORT,29496.5,29697.9685,0,1.276,177.66,true
889,2026-08-19 09:55:00,SHORT,29496.5,29645.19925,0,0.280,177.66,true
877,2026-08-19 10:00:00,SHORT,29472.25,29645.3965,6,0.224,177.66,true
903,2026-08-19 10:00:00,SHORT,29472.25,29644.36775,0,0.224,177.66,true
674,2026-08-19 10:15:00,SHORT,29418.5,29520.93375,1,0.077,-206.87,false
876,2026-08-19 10:15:00,SHORT,29418.5,29524.1465,2,0.077,-213.29,false
875,2026-08-19 10:20:00,SHORT,29415.5,29514.1875,4,0.048,-199.38,false
876,2026-08-19 10:35:00,LONG,29565.75,29375.3535,0,0.288,177.66,true
674,2026-08-19 10:40:00,LONG,29564,29388.31625,0,0.292,177.66,true
875,2026-08-19 10:40:00,LONG,29564,29385.0625,0,0.292,177.66,true
877,2026-08-19 10:45:00,LONG,29531.25,29458.3535,0,0.368,177.66,true
889,2026-08-19 11:00:00,LONG,29596.25,29517.30075,1,0.165,-159.90,false
903,2026-08-19 11:00:00,LONG,29596.25,29474.88225,0,0.217,177.66,true
675,2026-08-19 11:05:00,LONG,29586.5,29520.31625,1,0.187,-134.37,false
881,2026-08-19 12:10:00,LONG,29637,29561.5315,3,0.070,-152.94,false
881,2026-08-19 12:55:00,SHORT,29559.5,29648.9685,0,0.172,-180.94,false
889,2026-08-19 13:05:00,SHORT,29542,29598.19925,3,0.132,-114.40,false
675,2026-08-19 13:15:00,SHORT,29526.25,29595.18375,1,0.095,-139.87,false
903,2026-08-19 14:20:00,SHORT,29512.75,29580.61775,3,0.008,-137.74,false
903,2026-08-19 14:50:00,LONG,29548,29500.63225,0,0.097,-96.74,false
903,2026-08-19 15:55:00,SHORT,29521.5,29590.86775,2,0.017,-140.74,false
903,2026-08-19 18:00:00,LONG,29605.5,29511.13225,2,0.193,-190.74,false
675,2026-08-19 18:10:00,LONG,29627.25,29532.81625,6,0.143,-190.87,false
889,2026-08-19 18:15:00,LONG,29613.25,29546.80075,4,0.175,-134.90,false
881,2026-08-19 18:45:00,LONG,29632.25,29546.7815,0,0.132,-172.94,false
890,2026-08-19 19:05:00,LONG,29662.5,29596.80075,5,0.010,-133.40,false
907,2026-08-19 21:00:00,LONG,29672.25,29608.38075,4,0.025,-129.74,false
907,2026-08-19 22:55:00,SHORT,29630.25,29683.36925,4,0.097,-108.24,false
890,2026-08-20 01:35:00,SHORT,29613,29651.69925,10,0.030,-79.40,false
890,2026-08-20 02:15:00,LONG,29652.75,29592.55075,1,0.077,-122.40,false
907,2026-08-20 02:50:00,LONG,29675.5,29621.88075,5,0.008,-109.24,false
907,2026-08-20 03:25:00,SHORT,29615.75,29679.11925,1,1.532,180.05,true
890,2026-08-20 04:00:00,SHORT,29559.75,29657.69925,1,1.404,180.05,true
881,2026-08-20 04:05:00,SHORT,29560,29642.2185,15,1.404,180.05,true
889,2026-08-20 04:15:00,SHORT,29535,29615.19925,1,1.347,180.05,true
675,2026-08-20 04:20:00,SHORT,29507.75,29612.18375,0,1.285,180.05,true
903,2026-08-20 04:30:00,SHORT,29467,29567.61775,0,0.033,-203.24,false
877,2026-08-20 04:50:00,SHORT,29485.75,29551.8965,7,0.050,-134.29,false
877,2026-08-20 05:50:00,LONG,29530.5,29458.1035,0,0.119,-146.79,false
903,2026-08-20 06:15:00,LONG,29546.5,29501.63225,3,0.082,-91.74,false
877,2026-08-20 07:15:00,SHORT,29473.5,29592.1465,2,1.206,180.05,true
903,2026-08-20 07:15:00,SHORT,29473.5,29591.11775,2,1.206,180.05,true
674,2026-08-20 07:30:00,SHORT,29431.75,29504.93375,4,0.524,180.05,true
876,2026-08-20 07:30:00,SHORT,29431.75,29508.1465,3,0.524,180.05,true
875,2026-08-20 07:50:00,SHORT,29373.25,29482.6875,0,0.390,180.05,true
879,2026-08-20 08:00:00,SHORT,29316,29434.8965,2,0.174,-239.79,false
912,2026-08-20 08:00:00,SHORT,29316,29433.734,0,0.174,-237.47,false
805,2026-08-20 08:10:00,SHORT,29272,29436.6005,4,0.073,-331.20,false
911,2026-08-20 08:10:00,SHORT,29272,29387.234,0,0.073,-232.47,false
909,2026-08-20 08:15:00,SHORT,29271.5,29383.734,0,0.072,-226.47,false
910,2026-08-20 08:15:00,SHORT,29271.5,29383.734,0,0.072,-226.47,false
909,2026-08-20 09:00:00,LONG,29364.75,29275.016,1,0.242,180.05,true
910,2026-08-20 09:30:00,LONG,29403.25,29303.266,0,0.153,-201.97,false
805,2026-08-20 09:40:00,LONG,29442.5,29324.6495,1,0.040,-237.70,false
911,2026-08-20 09:40:00,LONG,29442.5,29315.266,1,0.040,-256.47,false
805,2026-08-20 11:25:00,SHORT,29345,29443.3505,4,0.326,180.05,true
910,2026-08-20 11:40:00,SHORT,29278.5,29378.234,5,0.021,-201.47,false
911,2026-08-20 11:40:00,SHORT,29278.5,29378.234,6,0.021,-201.47,false
909,2026-08-20 11:45:00,SHORT,29295.5,29359.234,4,0.010,-129.47,false
909,2026-08-20 12:25:00,LONG,29340.75,29282.266,0,0.110,-118.97,false
910,2026-08-20 12:45:00,LONG,29369,29301.266,2,0.038,-137.47,false
911,2026-08-20 12:50:00,LONG,29370,29301.266,2,0.036,-139.47,false
911,2026-08-20 13:20:00,SHORT,29310.25,29390.734,0,0.246,180.05,true
910,2026-08-20 13:25:00,SHORT,29294.5,29370.234,0,0.210,180.05,true
909,2026-08-20 13:35:00,SHORT,29289.75,29347.234,1,0.199,-116.97,false
915,2026-08-20 18:15:00,SHORT,29285.5,29354.301,0,0.016,-139.60,false
909,2026-08-20 19:00:00,LONG,29318.75,29277.266,4,0.515,176.24,true
915,2026-08-20 20:40:00,LONG,29354.5,29281.199,3,0.432,176.24,true
910,2026-08-20 20:45:00,LONG,29355,29303.016,6,0.012,-105.97,false
910,2026-08-20 21:05:00,SHORT,29305.5,29368.734,0,0.012,-128.47,false
910,2026-08-20 22:15:00,LONG,29370,29315.266,1,0.395,176.24,true
911,2026-08-20 22:15:00,LONG,29370,29324.766,7,0.068,-92.47,false
805,2026-08-20 22:35:00,LONG,29383.75,29331.6495,5,0.036,-106.20,false
805,2026-08-20 23:50:00,SHORT,29348.25,29399.8505,1,0.063,-105.20,false
911,2026-08-21 00:30:00,SHORT,29332.25,29380.484,4,0.026,-98.47,false
911,2026-08-21 02:15:00,LONG,29370.75,29324.516,0,0.394,176.24,true
805,2026-08-21 03:05:00,LONG,29412.25,29344.1495,7,0.296,176.24,true
912,2026-08-21 03:10:00,LONG,29429,29356.766,14,0.257,176.24,true
916,2026-08-21 03:15:00,LONG,29434.25,29368.949,4,0.245,176.24,true
879,2026-08-21 03:20:00,LONG,29454.5,29370.6035,9,0.198,-169.79,false
875,2026-08-21 05:45:00,LONG,29480.75,29401.5625,7,0.136,-160.38,false
876,2026-08-21 05:50:00,LONG,29487.5,29431.3535,8,0.120,-114.29,false
917,2026-08-21 05:50:00,LONG,29487.5,29432.699,7,0.120,-111.60,false
674,2026-08-21 05:55:00,LONG,29485,29434.56625,2,0.126,-102.87,false
674,2026-08-21 09:40:00,SHORT,29322.5,29495.68375,4,0.879,176.24,true
876,2026-08-21 09:40:00,SHORT,29322.5,29498.8965,4,0.879,176.24,true
805,2026-08-21 09:45:00,SHORT,29340,29487.6005,0,0.281,176.24,true
875,2026-08-21 09:45:00,SHORT,29340,29485.9375,1,0.281,176.24,true
879,2026-08-21 09:45:00,SHORT,29340,29485.8965,3,0.281,176.24,true
912,2026-08-21 09:45:00,SHORT,29340,29484.734,1,0.281,176.24,true
916,2026-08-21 09:45:00,SHORT,29340,29484.551,1,0.281,176.24,true
917,2026-08-21 09:45:00,SHORT,29340,29484.551,2,0.281,176.24,true
911,2026-08-21 09:50:00,SHORT,29292,29484.734,0,0.168,-387.47,false
910,2026-08-21 10:00:00,SHORT,29291,29382.234,4,0.166,-184.47,false
915,2026-08-21 10:05:00,SHORT,29311.25,29354.051,7,0.213,176.24,true
909,2026-08-21 10:20:00,SHORT,29255.25,29354.234,8,0.008,-199.97,false
909,2026-08-21 11:10:00,LONG,29353,29280.016,2,0.318,176.24,true
910,2026-08-21 11:10:00,LONG,29353,29280.016,1,0.318,176.24,true
915,2026-08-21 11:10:00,LONG,29353,29280.199,2,0.318,176.24,true
911,2026-08-21 11:35:00,LONG,29442.75,29322.766,1,0.108,-241.97,false
805,2026-08-21 11:40:00,LONG,29451.5,29322.8995,2,0.087,-259.20,false
879,2026-08-21 11:45:00,LONG,29431.25,29354.1035,0,0.134,-156.29,false
912,2026-08-21 11:45:00,LONG,29431.25,29355.266,0,0.134,-153.97,false
916,2026-08-21 11:45:00,LONG,29431.25,29355.449,0,0.134,-153.60,false
879,2026-08-21 13:30:00,SHORT,29386.25,29462.6465,0,0.201,-154.79,false
916,2026-08-21 14:15:00,SHORT,29380,29419.051,4,0.061,-80.10,false
912,2026-08-21 14:35:00,SHORT,29361.25,29409.484,7,0.001,-98.47,false
912,2026-08-21 15:40:00,LONG,29410.75,29354.766,0,0.050,-113.97,false
916,2026-08-21 15:45:00,LONG,29427.75,29371.699,1,0.010,-114.10,false
916,2026-08-21 16:10:00,SHORT,29381.75,29440.551,0,0.191,-119.60,false
912,2026-08-21 16:25:00,SHORT,29370,29406.734,1,0.163,-75.47,false
805,2026-08-23 18:10:00,SHORT,29331.75,29421.3505,9,0.045,-181.20,false
911,2026-08-23 18:15:00,SHORT,29324.5,29418.484,1,0.005,-189.97,false
805,2026-08-23 18:50:00,LONG,29385,29325.6495,0,0.227,173.12,true
911,2026-08-23 18:50:00,LONG,29385,29328.516,1,0.227,173.12,true
912,2026-08-23 19:25:00,LONG,29429,29342.266,3,0.123,-175.47,false
916,2026-08-23 19:30:00,LONG,29438.5,29377.949,5,0.100,-123.10,false
879,2026-08-23 19:35:00,LONG,29435,29376.6035,9,0.108,-118.79,false
923,2026-08-23 19:55:00,LONG,29467.75,29392.0985,0,0.011,-153.30,false
879,2026-08-23 20:30:00,SHORT,29352.75,29447.6465,0,0.030,-191.79,false
912,2026-08-23 20:30:00,SHORT,29352.75,29446.484,0,0.030,-189.47,false
916,2026-08-23 20:30:00,SHORT,29352.75,29446.301,0,0.030,-189.10,false
923,2026-08-23 20:30:00,SHORT,29352.75,29446.1515,1,0.030,-188.80,false
912,2026-08-23 21:05:00,LONG,29418,29342.766,0,0.074,-152.47,false
916,2026-08-23 21:10:00,LONG,29435,29373.199,0,0.033,-125.60,false
879,2026-08-23 21:15:00,LONG,29441.25,29371.8535,0,0.003,-140.79,false
879,2026-08-23 21:50:00,SHORT,29367.75,29452.3965,0,1.002,173.12,true
916,2026-08-23 21:55:00,SHORT,29323.25,29419.301,0,0.896,173.12,true
912,2026-08-23 22:00:00,SHORT,29332.75,29417.234,1,0.919,173.12,true
805,2026-08-23 22:05:00,SHORT,29323.5,29416.3505,2,0.897,173.12,true
910,2026-08-23 23:15:00,SHORT,29294.5,29381.234,7,0.828,173.12,true
911,2026-08-23 23:15:00,SHORT,29294.5,29381.234,6,0.828,173.12,true
915,2026-08-23 23:20:00,SHORT,29301.25,29353.051,3,0.844,173.12,true
909,2026-08-24 00:00:00,SHORT,29279.25,29334.234,4,0.792,173.12,true
914,2026-08-24 01:30:00,SHORT,29217.5,29301.801,14,0.645,173.12,true
913,2026-08-24 01:40:00,SHORT,29238.75,29301.801,6,0.695,173.12,true
908,2026-08-24 01:55:00,SHORT,29200.75,29275.234,4,0.200,-150.97,false
922,2026-08-24 02:05:00,SHORT,29158.75,29254.4015,1,0.100,-193.30,false
781,2026-08-24 02:10:00,SHORT,29152.5,29229.451,3,0.085,-155.90,false
781,2026-08-24 04:45:00,LONG,29216,29116.549,1,0.159,-200.90,false
922,2026-08-24 05:10:00,LONG,29234,29183.5985,1,0.037,-102.80,false
922,2026-08-24 06:50:00,SHORT,29186.5,29246.4015,5,0.097,-121.80,false
781,2026-08-24 07:10:00,SHORT,29167.75,29232.451,0,0.008,-131.40,false
781,2026-08-24 07:40:00,LONG,29260,29164.799,0,0.001,-192.40,false
922,2026-08-24 07:45:00,LONG,29239.75,29174.5985,0,0.039,-132.30,false
922,2026-08-24 09:15:00,SHORT,29201.75,29249.1515,1,0.607,173.12,true
781,2026-08-24 09:45:00,SHORT,28990.75,29253.201,4,0.105,-526.90,false
920,2026-08-24 09:45:00,SHORT,28990.75,29251.4015,0,0.105,-523.30,false
921,2026-08-24 09:45:00,SHORT,28990.75,29251.4015,2,0.105,-523.30,false
920,2026-08-24 11:40:00,LONG,29175.75,29070.5985,3,0.137,-212.30,false
921,2026-08-24 11:40:00,LONG,29175.75,29070.5985,2,0.137,-212.30,false
920,2026-08-24 16:30:00,SHORT,29089.75,29121.4015,2,0.005,-65.30,false
921,2026-08-24 16:30:00,SHORT,29089.75,29133.6515,3,0.005,-89.80,false
920,2026-08-24 18:05:00,LONG,29126.25,29079.0985,0,0.009,-96.30,false
921,2026-08-24 18:10:00,LONG,29123.75,29090.0985,1,0.016,-69.30,false
921,2026-08-24 19:40:00,SHORT,29084.25,29136.6515,3,0.168,-106.80,false
920,2026-08-24 19:50:00,SHORT,29083.75,29129.4015,0,0.166,-93.30,false
920,2026-08-24 20:55:00,LONG,29126.5,29073.8485,2,1.450,165.19,true
921,2026-08-24 21:00:00,LONG,29134.5,29073.8485,0,1.430,165.19,true
781,2026-08-25 00:30:00,LONG,29205.75,29149.049,10,0.549,165.19,true
925,2026-08-25 01:30:00,LONG,29227.75,29181.729,2,0.494,165.19,true
922,2026-08-25 02:05:00,LONG,29250,29192.5985,8,0.438,165.19,true
908,2026-08-25 02:25:00,LONG,29266.25,29216.016,14,0.061,-102.47,false
908,2026-08-25 04:00:00,SHORT,29219.75,29267.734,3,0.019,-97.97,false
908,2026-08-25 04:30:00,LONG,29285,29209.766,1,0.351,165.19,true
913,2026-08-25 04:30:00,LONG,29285,29209.949,8,0.351,165.19,true
926,2026-08-25 04:50:00,LONG,29291.25,29225.479,7,0.335,165.19,true
914,2026-08-25 04:55:00,LONG,29301.75,29253.449,5,0.309,165.19,true
909,2026-08-25 05:15:00,LONG,29330,29274.766,7,0.239,165.19,true
915,2026-08-25 05:45:00,LONG,29389,29306.449,2,0.092,-167.10,false
910,2026-08-25 05:50:00,LONG,29400,29306.266,2,0.064,-189.47,false
911,2026-08-25 05:50:00,LONG,29400,29306.266,0,0.064,-189.47,false
805,2026-08-25 05:55:00,LONG,29392.5,29330.1495,4,0.044,-126.70,false
805,2026-08-25 07:05:00,SHORT,29329.75,29421.8505,1,0.583,165.19,true
911,2026-08-25 07:10:00,SHORT,29340.25,29378.234,1,0.050,-77.97,false
911,2026-08-25 07:55:00,LONG,29373,29330.766,1,0.091,-86.47,false
910,2026-08-25 08:45:00,SHORT,29327.75,29381.984,3,0.121,-110.47,false
911,2026-08-25 08:45:00,SHORT,29327.75,29381.984,2,0.121,-110.47,false
909,2026-08-25 10:10:00,SHORT,29246,29354.234,6,0.374,165.19,true
915,2026-08-25 10:10:00,SHORT,29246,29354.051,5,0.374,165.19,true
914,2026-08-25 10:15:00,SHORT,29242.75,29323.551,2,0.366,165.19,true
913,2026-08-25 10:20:00,SHORT,29229.25,29323.551,1,0.332,165.19,true
926,2026-08-25 10:20:00,SHORT,29229.25,29323.021,0,0.332,165.19,true
908,2026-08-25 10:30:00,SHORT,29206.75,29293.984,1,0.039,-176.47,false
908,2026-08-25 11:35:00,LONG,29271.5,29210.266,3,0.070,-124.47,false
913,2026-08-25 11:35:00,LONG,29271.5,29217.199,3,0.070,-110.60,false
926,2026-08-25 12:20:00,LONG,29286.5,29214.729,3,0.033,-145.54,false
926,2026-08-25 13:15:00,SHORT,29256.75,29287.021,1,0.137,-62.54,false
913,2026-08-25 13:30:00,SHORT,29228.25,29287.551,4,0.065,-120.60,false
908,2026-08-25 13:35:00,SHORT,29229,29266.234,2,0.067,-76.47,false
922,2026-08-25 14:10:00,SHORT,29206,29240.6515,11,0.009,-71.30,false
922,2026-08-25 14:40:00,LONG,29257.75,29194.0985,0,0.139,-129.30,false
908,2026-08-25 14:50:00,LONG,29259.75,29210.266,0,0.134,-100.97,false
908,2026-08-25 15:25:00,SHORT,29226,29275.234,0,0.036,-100.47,false
908,2026-08-25 16:00:00,LONG,29274.5,29215.766,0,0.097,-119.47,false
913,2026-08-25 16:05:00,LONG,29288.75,29224.449,3,0.062,-130.60,false
926,2026-08-25 16:10:00,LONG,29288.75,29224.979,4,0.062,-129.54,false
914,2026-08-25 16:15:00,LONG,29294,29253.449,8,0.049,-83.10,false
914,2026-08-25 19:25:00,SHORT,29246,29301.551,3,0.384,161.03,true
913,2026-08-25 19:35:00,SHORT,29239.25,29282.801,0,0.366,161.03,true
926,2026-08-25 19:35:00,SHORT,29239.25,29294.771,1,0.366,161.03,true
908,2026-08-25 19:55:00,SHORT,29211.5,29270.984,0,0.295,161.03,true
922,2026-08-25 20:30:00,SHORT,29166.25,29251.1515,2,0.180,-171.80,false
925,2026-08-25 20:35:00,SHORT,29153.25,29232.771,15,0.146,-161.04,false
781,2026-08-25 20:40:00,SHORT,29151.25,29234.951,6,0.141,-169.40,false
928,2026-08-25 20:40:00,SHORT,29151.25,29213.57125,0,0.141,-126.64,false
927,2026-08-25 21:15:00,SHORT,29117,29159.82125,1,0.054,-87.64,false
927,2026-08-25 22:25:00,LONG,29172.25,29120.17875,3,1.635,161.03,true
928,2026-08-25 22:45:00,LONG,29220.5,29143.92875,0,0.160,-155.14,false
781,2026-08-25 22:50:00,LONG,29217,29160.799,0,0.169,-114.40,false
925,2026-08-25 22:50:00,LONG,29217,29169.729,0,0.169,-96.54,false
922,2026-08-25 23:45:00,LONG,29263.25,29187.0985,0,0.051,-154.30,false
908,2026-08-25 23:55:00,LONG,29264.25,29217.266,2,0.049,-95.97,false
913,2026-08-26 00:00:00,LONG,29270.25,29227.199,0,0.033,-88.10,false
908,2026-08-26 00:55:00,SHORT,29226.75,29269.234,0,0.059,-86.97,false
913,2026-08-26 00:55:00,SHORT,29226.75,29283.801,2,0.239,161.03,true
922,2026-08-26 03:35:00,SHORT,29200,29252.9015,7,0.038,-107.80,false
922,2026-08-26 04:45:00,LONG,29231.25,29187.0985,3,0.121,-90.30,false
922,2026-08-26 05:25:00,SHORT,29198,29244.1515,0,0.024,-94.30,false
922,2026-08-26 07:05:00,LONG,29239.5,29180.3485,3,0.100,-120.30,false
781,2026-08-26 08:45:00,SHORT,29175.25,29273.451,10,0.107,-198.40,false
922,2026-08-26 08:45:00,SHORT,29175.25,29271.6515,1,0.107,-194.80,false
925,2026-08-26 08:45:00,SHORT,29175.25,29271.271,19,0.107,-194.04,false
928,2026-08-26 09:00:00,SHORT,29153.25,29271.07125,0,0.051,-237.64,false
928,2026-08-26 09:40:00,LONG,29291,29147.67875,1,1.331,161.03,true
781,2026-08-26 09:45:00,LONG,29268.5,29164.049,1,0.164,-210.90,false
922,2026-08-26 09:45:00,LONG,29268.5,29165.8485,0,0.164,-207.30,false
925,2026-08-26 09:45:00,LONG,29268.5,29166.229,0,0.164,-206.54,false
908,2026-08-26 09:50:00,LONG,29307.5,29165.516,15,0.065,-285.97,false
913,2026-08-26 09:55:00,LONG,29331.25,29215.199,12,0.003,-234.10,false
926,2026-08-26 10:00:00,LONG,29305.25,29215.729,9,0.015,-181.04,false
926,2026-08-26 10:20:00,SHORT,29202.75,29319.021,0,0.118,-234.54,false
913,2026-08-26 10:25:00,SHORT,29178.25,29292.301,0,0.021,-230.10,false
908,2026-08-26 10:30:00,SHORT,29197.25,29292.484,0,0.070,-192.47,false
922,2026-08-26 10:30:00,SHORT,29197.25,29271.1515,0,0.036,-149.80,false
922,2026-08-26 10:55:00,LONG,29252.25,29174.8485,0,0.100,-156.80,false
908,2026-08-26 11:05:00,LONG,29269.75,29197.516,0,0.056,-146.47,false
908,2026-08-26 12:05:00,SHORT,29207,29300.234,2,0.095,-188.47,false
922,2026-08-26 12:10:00,SHORT,29200,29254.1515,2,0.077,-110.30,false
925,2026-08-26 12:45:00,SHORT,29183.25,29232.271,2,0.020,-100.04,false
925,2026-08-26 13:10:00,LONG,29238,29176.729,0,1.467,161.03,true
922,2026-08-26 13:15:00,LONG,29253,29176.3485,2,1.428,161.03,true
908,2026-08-26 13:25:00,LONG,29267.25,29209.016,0,1.392,161.03,true
913,2026-08-26 13:30:00,LONG,29278.25,29229.449,3,1.364,161.03,true
926,2026-08-26 13:40:00,LONG,29281.5,29229.979,4,1.355,161.03,true
914,2026-08-26 14:40:00,LONG,29295,29256.199,14,1.321,161.03,true
909,2026-08-26 15:05:00,LONG,29347.5,29286.016,6,0.025,-124.97,false
915,2026-08-26 15:10:00,LONG,29340.5,29286.199,1,0.043,-110.60,false
910,2026-08-26 16:15:00,LONG,29381.5,29274.516,9,1.100,161.03,true
805,2026-08-26 18:00:00,LONG,29572.75,29325.1495,6,0.659,149.13,true
911,2026-08-26 18:00:00,LONG,29572.75,29328.016,9,0.659,149.13,true
912,2026-08-26 18:05:00,LONG,29562,29328.016,9,0.688,149.13,true
916,2026-08-26 18:05:00,LONG,29562,29368.449,5,0.688,149.13,true
875,2026-08-26 18:10:00,LONG,29566,29376.3125,8,0.677,149.13,true
879,2026-08-26 18:10:00,LONG,29566,29376.3535,4,0.677,149.13,true
923,2026-08-26 18:10:00,LONG,29566,29377.8485,4,0.677,149.13,true
877,2026-08-26 18:15:00,LONG,29584,29489.3535,3,0.195,-191.29,false
903,2026-08-26 18:15:00,LONG,29584,29490.38225,2,0.195,-189.24,false
675,2026-08-26 18:20:00,LONG,29590,29492.56625,4,0.179,-196.87,false
889,2026-08-26 18:40:00,LONG,29617.25,29541.55075,2,0.103,-153.40,false
929,2026-08-26 18:45:00,LONG,29612.25,29573.17875,1,0.117,-80.14,false
881,2026-08-26 19:55:00,LONG,29646.5,29577.2815,2,0.023,-140.44,false
881,2026-08-26 20:20:00,SHORT,29580.75,29664.4685,0,0.494,149.13,true
929,2026-08-26 20:25:00,SHORT,29581,29619.07125,4,0.494,149.13,true
675,2026-08-26 20:40:00,SHORT,29478,29589.93375,1,0.210,149.13,true
889,2026-08-26 20:40:00,SHORT,29478,29620.94925,1,0.210,149.13,true
903,2026-08-26 20:45:00,SHORT,29461,29590.11775,0,0.163,-260.24,false
877,2026-08-26 20:50:00,SHORT,29444.25,29549.3965,0,0.032,-212.29,false
674,2026-08-26 20:55:00,SHORT,29445.75,29528.18375,4,0.037,-166.87,false
674,2026-08-26 21:30:00,LONG,29517,29441.06625,1,0.162,-153.87,false
877,2026-08-26 22:00:00,LONG,29540.75,29483.8535,1,0.097,-115.79,false
903,2026-08-26 23:00:00,LONG,29554.25,29484.88225,1,0.059,-140.74,false
903,2026-08-27 00:40:00,SHORT,29504.25,29560.61775,2,0.283,149.13,true
877,2026-08-27 00:45:00,SHORT,29502.5,29540.1465,3,0.278,149.13,true
674,2026-08-27 01:40:00,SHORT,29442.5,29488.93375,1,0.112,-94.87,false
876,2026-08-27 02:00:00,SHORT,29421.5,29500.8965,6,0.054,-160.79,false
917,2026-08-27 02:05:00,SHORT,29406,29473.551,12,0.012,-137.10,false
917,2026-08-27 02:40:00,LONG,29489.25,29423.449,0,0.889,149.13,true
674,2026-08-27 02:50:00,LONG,29480.75,29450.81625,0,0.500,149.13,true
876,2026-08-27 02:50:00,LONG,29480.75,29439.1035,0,0.500,149.13,true
877,2026-08-27 03:20:00,LONG,29528.75,29494.3535,1,0.368,149.13,true
903,2026-08-27 04:10:00,LONG,29622,29498.38225,1,0.110,-249.24,false
675,2026-08-27 04:15:00,LONG,29608.75,29530.31625,7,0.147,-158.87,false
889,2026-08-27 04:15:00,LONG,29608.75,29527.30075,2,0.147,-164.90,false
929,2026-08-27 04:20:00,LONG,29617.75,29562.67875,0,0.122,-112.14,false
881,2026-08-27 04:30:00,LONG,29627.5,29560.7815,0,0.095,-135.44,false
932,2026-08-27 04:50:00,LONG,29632.5,29592.49925,5,0.008,-82.00,false
932,2026-08-27 05:10:00,SHORT,29584,29642.50075,0,0.442,149.13,true
881,2026-08-27 06:25:00,SHORT,29579.75,29640.4685,3,0.430,149.13,true
929,2026-08-27 06:35:00,SHORT,29572,29626.82125,3,0.010,-111.64,false
929,2026-08-27 07:10:00,LONG,29616.25,29560.42875,1,0.014,-113.64,false
929,2026-08-27 07:35:00,SHORT,29553,29629.07125,0,0.357,149.13,true
889,2026-08-27 07:45:00,SHORT,29518.25,29606.19925,7,0.261,149.13,true
675,2026-08-27 08:50:00,SHORT,29531,29587.93375,2,0.216,149.13,true
903,2026-08-27 09:35:00,SHORT,29489.75,29579.11775,2,0.009,-180.74,false
903,2026-08-27 10:20:00,LONG,29593,29469.63225,2,0.603,149.13,true
675,2026-08-27 10:25:00,LONG,29606.75,29495.31625,5,0.565,149.13,true
889,2026-08-27 11:05:00,LONG,29623.25,29522.30075,6,0.032,-203.90,false
929,2026-08-27 11:10:00,LONG,29625.5,29544.42875,8,0.026,-164.14,false
881,2026-08-27 11:15:00,LONG,29624,29542.5315,7,0.010,-164.94,false
881,2026-08-27 11:35:00,SHORT,29557,29637.2185,0,0.126,-162.44,false
929,2026-08-27 11:35:00,SHORT,29557,29635.32125,0,0.126,-158.64,false
889,2026-08-27 11:45:00,SHORT,29524.25,29609.44925,0,0.002,-172.40,false
889,2026-08-27 12:05:00,LONG,29594,29513.80075,0,0.314,149.13,true
929,2026-08-27 12:40:00,LONG,29645.75,29564.42875,1,0.090,-164.64,false
881,2026-08-27 12:45:00,LONG,29646.75,29562.5315,2,0.088,-170.44,false
932,2026-08-27 12:45:00,LONG,29646.75,29591.74925,5,0.088,-112.00,false
890,2026-08-27 12:50:00,LONG,29654.25,29599.80075,12,0.067,-110.90,false
907,2026-08-27 13:10:00,LONG,29669.75,29600.88075,3,0.024,-139.74,false
907,2026-08-27 13:40:00,SHORT,29628.75,29681.61925,0,0.282,149.13,true
890,2026-08-27 14:05:00,SHORT,29581,29682.69925,0,0.150,-205.40,false
932,2026-08-27 14:05:00,SHORT,29581,29655.25075,0,0.150,-150.50,false
881,2026-08-27 14:10:00,SHORT,29577,29636.9685,1,0.139,-121.94,false
929,2026-08-27 14:15:00,SHORT,29578,29629.82125,0,0.142,-105.64,false
929,2026-08-27 15:25:00,LONG,29602.25,29559.17875,0,0.292,149.13,true
881,2026-08-27 15:40:00,LONG,29633.25,29583.0315,1,0.206,-102.44,false
932,2026-08-27 15:45:00,LONG,29647.5,29587.74925,0,0.167,-121.50,false
890,2026-08-27 15:55:00,LONG,29691.75,29585.30075,0,0.045,-214.90,false
907,2026-08-27 16:00:00,LONG,29674.75,29620.38075,0,0.046,-110.74,false
907,2026-08-27 16:30:00,SHORT,29641.25,29699.86925,0,0.136,-119.24,false
890,2026-08-27 19:20:00,SHORT,29611.75,29654.44925,1,0.056,-87.40,false
932,2026-08-27 19:25:00,SHORT,29608.25,29638.25075,4,0.046,-62.00,false
890,2026-08-27 20:20:00,LONG,29645.5,29584.55075,0,0.175,-123.90,false
932,2026-08-27 20:20:00,LONG,29645.5,29586.99925,0,0.175,-119.00,false
907,2026-08-27 21:10:00,LONG,29661,29613.38075,6,0.131,-97.24,false
872,2026-08-27 22:05:00,LONG,29694,29632.07775,27,0.037,-125.84,false
905,2026-08-27 23:25:00,LONG,29700.25,29651.836,7,0.011,-98.83,false
905,2026-08-27 23:45:00,SHORT,29664.25,29712.914,0,0.452,144.89,true
872,2026-08-28 00:40:00,SHORT,29644.25,29695.42225,1,0.231,144.89,true
907,2026-08-28 01:10:00,SHORT,29623.75,29669.36925,5,0.129,-93.24,false
890,2026-08-28 01:40:00,SHORT,29613.75,29655.69925,4,0.101,-85.90,false
932,2026-08-28 01:55:00,SHORT,29598.25,29644.25075,0,0.011,-94.00,false
881,2026-08-28 04:10:00,SHORT,29584.75,29635.4685,7,0.009,-103.44,false
881,2026-08-28 07:25:00,LONG,29633.5,29587.7815,2,0.137,-93.44,false
932,2026-08-28 08:15:00,LONG,29638,29590.24925,19,0.124,-97.50,false
890,2026-08-28 08:50:00,LONG,29659.25,29602.05075,10,0.064,-116.40,false
907,2026-08-28 08:55:00,LONG,29659,29621.88075,3,0.065,-76.24,false
907,2026-08-28 10:00:00,SHORT,29629,29711.86925,2,0.352,144.89,true
890,2026-08-28 10:15:00,SHORT,29605,29715.69925,1,0.004,-223.40,false
932,2026-08-28 10:15:00,SHORT,29605,29713.25075,3,0.004,-218.50,false
890,2026-08-28 10:35:00,LONG,29680,29593.80075,0,0.373,144.89,true
932,2026-08-28 10:35:00,LONG,29680,29596.24925,0,0.373,144.89,true
907,2026-08-28 10:40:00,LONG,29734.25,29594.88075,0,0.219,144.89,true
872,2026-08-28 10:45:00,LONG,29750,29622.07775,7,0.175,-257.84,false
882,2026-08-28 10:50:00,LONG,29769.5,29661.2815,5,0.119,-218.44,false
905,2026-08-28 10:50:00,LONG,29769.5,29623.336,3,0.119,-294.33,false
934,2026-08-28 10:50:00,LONG,29769.5,29663.953,5,0.119,-213.09,false
679,2026-08-28 10:55:00,LONG,29796.5,29667.78125,8,0.043,-259.44,false
883,2026-08-28 10:55:00,LONG,29796.5,29664.7815,6,0.043,-265.44,false
878,2026-08-28 11:00:00,LONG,29797,29664.6035,5,0.019,-266.79,false
884,2026-08-28 11:00:00,LONG,29797,29715.5315,10,0.019,-164.94,false
884,2026-08-28 11:45:00,SHORT,29634,29800.9685,1,2.006,144.89,true
878,2026-08-28 11:50:00,SHORT,29618.25,29778.8965,1,1.961,144.89,true
882,2026-08-28 11:50:00,SHORT,29618.25,29778.7185,0,1.961,144.89,true
883,2026-08-28 11:50:00,SHORT,29618.25,29778.7185,2,1.961,144.89,true
679,2026-08-28 11:55:00,SHORT,29552.5,29729.21875,0,1.775,144.89,true
872,2026-08-28 11:55:00,SHORT,29552.5,29732.42225,0,1.775,144.89,true
905,2026-08-28 11:55:00,SHORT,29552.5,29731.164,0,1.775,144.89,true
934,2026-08-28 11:55:00,SHORT,29552.5,29729.547,0,1.775,144.89,true
890,2026-08-28 12:00:00,SHORT,29531.75,29692.44925,0,1.716,144.89,true
907,2026-08-28 12:00:00,SHORT,29531.75,29691.36925,0,1.716,144.89,true
881,2026-08-28 12:05:00,SHORT,29587,29656.7185,6,1.872,144.89,true
932,2026-08-28 12:05:00,SHORT,29587,29690.00075,0,1.872,144.89,true
929,2026-08-28 12:20:00,SHORT,29486,29654.82125,21,1.586,144.89,true
675,2026-08-28 12:25:00,SHORT,29489,29598.18375,9,1.594,144.89,true
889,2026-08-28 12:25:00,SHORT,29489,29601.19925,9,1.594,144.89,true
877,2026-08-28 12:30:00,SHORT,29476.75,29580.6465,13,1.560,144.89,true
903,2026-08-28 12:30:00,SHORT,29476.75,29579.61775,8,1.560,144.89,true
933,2026-08-28 12:30:00,SHORT,29476.75,29577.797,2,1.560,144.89,true
674,2026-08-28 15:00:00,SHORT,29462.75,29500.18375,13,0.023,-76.87,false
674,2026-08-28 15:30:00,LONG,29498,29447.81625,0,0.137,-102.37,false
877,2026-08-30 18:15:00,SHORT,29484,29556.1465,7,0.621,139.24,true
935,2026-08-30 18:15:00,SHORT,29484,29553.02625,0,0.621,139.24,true
674,2026-08-30 18:40:00,SHORT,29436.75,29501.68375,3,0.482,139.24,true
876,2026-08-30 18:45:00,SHORT,29443,29493.3965,13,0.500,139.24,true
917,2026-08-30 19:05:00,SHORT,29435.25,29485.051,8,0.477,139.24,true
875,2026-08-30 19:20:00,SHORT,29380.25,29473.1875,12,0.315,139.24,true
923,2026-08-30 19:25:00,SHORT,29371.75,29444.4015,4,0.290,139.24,true
879,2026-08-30 19:30:00,SHORT,29360,29445.8965,1,0.255,139.24,true
912,2026-08-30 19:35:00,SHORT,29358.75,29422.484,0,0.252,139.24,true
916,2026-08-30 19:35:00,SHORT,29358.75,29422.301,2,0.252,139.24,true
805,2026-08-30 19:40:00,SHORT,29355.5,29425.3505,0,0.242,139.24,true
910,2026-08-30 19:55:00,SHORT,29289.75,29374.484,1,0.048,-171.47,false
911,2026-08-30 19:55:00,SHORT,29289.75,29384.234,0,0.048,-190.97,false
915,2026-08-30 20:05:00,SHORT,29302.25,29374.301,6,0.013,-146.10,false
910,2026-08-30 20:25:00,LONG,29372,29289.016,0,0.078,-167.97,false
915,2026-08-30 20:25:00,LONG,29372,29289.199,0,0.078,-167.60,false
911,2026-08-30 20:30:00,LONG,29390.5,29289.016,0,0.024,-204.97,false
805,2026-08-30 20:40:00,LONG,29388.75,29322.8995,0,0.013,-133.70,false
805,2026-08-30 21:05:00,SHORT,29316.25,29404.6005,0,0.086,-178.70,false
911,2026-08-30 21:15:00,SHORT,29329,29395.234,0,0.124,-134.47,false
910,2026-08-30 21:50:00,SHORT,29310,29366.984,0,0.068,-115.97,false
915,2026-08-30 21:50:00,SHORT,29310,29366.801,0,0.068,-115.60,false
915,2026-08-30 22:10:00,LONG,29355.75,29297.449,0,0.004,-118.60,false
909,2026-08-30 22:40:00,SHORT,29296.5,29345.484,12,0.026,-99.97,false
915,2026-08-30 22:40:00,SHORT,29296.5,29365.551,0,0.026,-140.10,false
909,2026-08-30 23:05:00,LONG,29361.5,29279.016,0,0.619,139.24,true
915,2026-08-30 23:05:00,LONG,29361.5,29279.199,0,0.619,139.24,true
910,2026-08-30 23:10:00,LONG,29355.5,29306.766,2,0.637,139.24,true
911,2026-08-31 00:50:00,LONG,29395.25,29329.016,3,0.519,139.24,true
805,2026-08-31 01:00:00,LONG,29427.75,29326.1495,2,0.424,139.24,true
912,2026-08-31 01:05:00,LONG,29419,29359.766,3,0.342,139.24,true
916,2026-08-31 01:05:00,LONG,29419,29359.949,2,0.342,139.24,true
879,2026-08-31 01:20:00,LONG,29466.75,29384.1035,0,0.201,-167.29,false
923,2026-08-31 01:20:00,LONG,29466.75,29385.5985,0,0.201,-164.30,false
875,2026-08-31 01:25:00,LONG,29470,29407.8125,1,0.192,-126.38,false
917,2026-08-31 01:25:00,LONG,29470,29409.199,0,0.192,-123.60,false
917,2026-08-31 01:45:00,SHORT,29439,29482.801,0,0.021,-89.60,false
917,2026-08-31 02:05:00,LONG,29486.25,29423.449,0,0.144,-127.60,false
674,2026-08-31 02:15:00,LONG,29511.75,29442.06625,2,0.069,-141.37,false
876,2026-08-31 02:15:00,LONG,29511.75,29434.6035,2,0.069,-156.29,false
935,2026-08-31 02:25:00,LONG,29512.5,29459.97375,1,0.066,-107.05,false
935,2026-08-31 05:00:00,SHORT,29472.25,29517.77625,6,0.346,139.24,true
674,2026-08-31 05:55:00,SHORT,29450.5,29490.68375,2,0.215,139.24,true
876,2026-08-31 05:55:00,SHORT,29450.5,29493.8965,1,0.215,139.24,true
917,2026-08-31 07:45:00,SHORT,29431,29475.301,3,0.096,-90.60,false
875,2026-08-31 08:35:00,SHORT,29406,29495.9375,10,0.084,-181.88,false
879,2026-08-31 08:45:00,SHORT,29397.5,29452.1465,3,0.059,-111.29,false
923,2026-08-31 08:45:00,SHORT,29397.5,29450.6515,3,0.059,-108.30,false
916,2026-08-31 09:00:00,SHORT,29386.25,29450.801,2,0.005,-131.10,false
916,2026-08-31 09:20:00,LONG,29416,29375.949,0,0.297,139.24,true
879,2026-08-31 09:55:00,LONG,29438.75,29377.8535,1,0.027,-123.79,false
923,2026-08-31 09:55:00,LONG,29438.75,29379.3485,1,0.027,-120.80,false
879,2026-08-31 10:30:00,SHORT,29376.25,29457.6465,0,0.041,-164.79,false
923,2026-08-31 10:30:00,SHORT,29376.25,29456.1515,0,0.041,-161.80,false
879,2026-08-31 13:00:00,LONG,29430.25,29384.3535,5,0.100,-93.79,false
923,2026-08-31 13:50:00,LONG,29453.75,29379.5985,6,0.347,139.24,true
879,2026-08-31 14:45:00,SHORT,29404.5,29453.1465,2,0.025,-99.29,false
923,2026-08-31 14:45:00,SHORT,29404.5,29451.6515,1,0.025,-96.30,false
879,2026-08-31 15:30:00,LONG,29444.5,29393.6035,1,0.374,139.24,true
923,2026-08-31 15:30:00,LONG,29444.5,29395.0985,1,0.374,139.24,true
875,2026-08-31 15:45:00,LONG,29474.5,29409.0625,14,0.286,139.24,true
876,2026-08-31 15:50:00,LONG,29524.5,29429.8535,13,0.138,-191.29,false
917,2026-08-31 15:50:00,LONG,29524.5,29419.199,8,0.138,-212.60,false
674,2026-08-31 16:00:00,LONG,29516.5,29440.56625,8,0.032,-153.87,false
935,2026-08-31 16:05:00,LONG,29519.5,29467.72375,2,0.014,-105.55,false
933,2026-08-31 16:35:00,LONG,29516,29467.453,18,0.019,-99.09,false
933,2026-08-31 18:55:00,SHORT,29493.5,29529.547,1,0.186,-74.09,false
935,2026-08-31 22:15:00,SHORT,29483.5,29517.77625,14,0.155,-70.55,false
674,2026-08-31 22:35:00,SHORT,29443,29493.18375,2,0.026,-102.37,false
876,2026-08-31 22:45:00,SHORT,29450.75,29496.3965,0,0.002,-93.29,false
674,2026-08-31 23:45:00,LONG,29485,29448.56625,0,0.057,-74.87,false
876,2026-08-31 23:45:00,LONG,29485,29440.1035,0,0.273,129.50,true
933,2026-09-01 01:45:00,LONG,29526.5,29475.203,10,0.142,-104.59,false
935,2026-09-01 01:45:00,LONG,29526.5,29475.47375,4,0.142,-104.05,false
877,2026-09-01 02:00:00,LONG,29541.5,29482.1035,27,0.052,-120.79,false
877,2026-09-01 03:45:00,SHORT,29475,29556.8965,5,1.736,129.50,true
933,2026-09-01 03:50:00,SHORT,29455.25,29522.297,1,1.674,129.50,true
935,2026-09-01 03:50:00,SHORT,29455.25,29522.02625,0,1.674,129.50,true
674,2026-09-01 04:00:00,SHORT,29430.5,29521.93375,2,1.595,129.50,true
876,2026-09-01 04:05:00,SHORT,29337,29484.8965,3,1.299,129.50,true
917,2026-09-01 04:05:00,SHORT,29337,29487.301,4,1.299,129.50,true
875,2026-09-01 04:15:00,SHORT,29330.75,29468.6875,2,1.279,129.50,true
879,2026-09-01 04:15:00,SHORT,29330.75,29458.8965,0,1.279,129.50,true
923,2026-09-01 04:15:00,SHORT,29330.75,29467.1515,0,1.279,129.50,true
805,2026-09-01 04:20:00,SHORT,29306,29460.6005,9,1.201,129.50,true
912,2026-09-01 04:20:00,SHORT,29306,29457.734,18,1.201,129.50,true
916,2026-09-01 04:20:00,SHORT,29306,29457.551,16,1.201,129.50,true
911,2026-09-01 04:25:00,SHORT,29285.5,29457.734,1,1.136,129.50,true
910,2026-09-01 04:30:00,SHORT,29308.5,29367.234,8,1.209,129.50,true
915,2026-09-01 04:30:00,SHORT,29308.5,29367.051,2,1.209,129.50,true
909,2026-09-01 04:45:00,SHORT,29257.5,29367.234,0,1.047,129.50,true
914,2026-09-01 04:50:00,SHORT,29267.5,29318.301,7,1.079,129.50,true
931,2026-09-01 04:50:00,SHORT,29267.5,29317.00075,10,0.720,129.50,true
926,2026-09-01 05:05:00,SHORT,29211.75,29317.771,6,0.902,129.50,true
908,2026-09-01 05:10:00,SHORT,29207.75,29288.484,1,0.531,129.50,true
913,2026-09-01 05:10:00,SHORT,29207.75,29288.301,1,0.531,129.50,true
922,2026-09-01 05:15:00,SHORT,29201,29288.1515,0,0.510,129.50,true
922,2026-09-01 06:30:00,LONG,29255.25,29196.5985,2,0.008,-119.30,false
922,2026-09-01 07:00:00,SHORT,29204.5,29258.6515,0,0.521,129.50,true
925,2026-09-01 08:00:00,SHORT,29174.25,29236.521,4,0.425,129.50,true
781,2026-09-01 08:10:00,SHORT,29165.5,29209.951,9,0.397,129.50,true
928,2026-09-01 08:15:00,SHORT,29148.25,29207.57125,4,0.342,129.50,true
930,2026-09-01 08:45:00,SHORT,29127,29177.75075,2,0.275,129.50,true
927,2026-09-01 09:05:00,SHORT,29098.5,29178.32125,3,0.185,-161.64,false
921,2026-09-01 09:15:00,SHORT,29097.25,29134.6515,10,0.117,-76.80,false
921,2026-09-01 10:20:00,LONG,29160.75,29095.8485,3,0.498,129.50,true
927,2026-09-01 10:30:00,LONG,29209.75,29077.42875,2,0.342,129.50,true
930,2026-09-01 10:35:00,LONG,29208.5,29124.74925,2,0.346,129.50,true
928,2026-09-01 10:40:00,LONG,29234,29146.67875,2,0.266,129.50,true
781,2026-09-01 10:45:00,LONG,29246,29152.049,1,0.227,129.50,true
925,2026-09-01 10:50:00,LONG,29222,29154.229,0,0.304,129.50,true
925,2026-09-01 11:15:00,SHORT,29199,29249.521,0,0.040,-103.04,false
922,2026-09-01 11:35:00,LONG,29267,29177.8485,5,0.161,-180.30,false
925,2026-09-01 11:35:00,LONG,29267,29178.229,0,0.161,-179.54,false
908,2026-09-01 11:45:00,LONG,29312,29215.516,5,0.015,-194.97,false
913,2026-09-01 11:50:00,LONG,29310,29220.449,2,0.004,-181.10,false
926,2026-09-01 11:50:00,LONG,29310,29220.979,1,0.004,-180.04,false
914,2026-09-01 11:55:00,LONG,29296.25,29257.699,1,0.014,-79.10,false
914,2026-09-01 12:15:00,SHORT,29204,29309.301,0,0.877,129.50,true
913,2026-09-01 12:20:00,SHORT,29195.5,29291.551,0,0.850,129.50,true
926,2026-09-01 12:20:00,SHORT,29195.5,29291.021,0,0.850,129.50,true
908,2026-09-01 12:25:00,SHORT,29176.75,29274.484,0,0.791,129.50,true
922,2026-09-01 12:30:00,SHORT,29134.75,29244.6515,0,0.658,129.50,true
925,2026-09-01 12:30:00,SHORT,29134.75,29244.271,0,0.658,129.50,true
781,2026-09-01 12:40:00,SHORT,29138,29219.951,2,0.668,129.50,true
928,2026-09-01 12:40:00,SHORT,29138,29217.57125,2,0.668,129.50,true
930,2026-09-01 13:25:00,SHORT,29141.75,29199.00075,1,0.680,129.50,true
927,2026-09-01 14:10:00,SHORT,29102.25,29161.07125,5,0.318,129.50,true
921,2026-09-01 14:35:00,SHORT,29060,29159.9015,2,0.184,-201.80,false
920,2026-09-01 14:40:00,SHORT,29014.5,29126.9015,12,0.040,-226.80,false
937,2026-09-01 14:50:00,SHORT,29047.75,29103.55875,2,0.010,-113.62,false
937,2026-09-01 15:10:00,LONG,29119.75,29038.19125,0,0.159,-165.12,false
920,2026-09-01 15:20:00,LONG,29117.25,29062.0985,0,0.167,-112.30,false
921,2026-09-01 16:10:00,LONG,29135,29087.8485,3,0.111,-96.30,false
920,2026-09-01 21:45:00,SHORT,29064.25,29131.1515,7,0.466,120.48,true
921,2026-09-01 21:45:00,SHORT,29064.25,29137.9015,6,0.466,120.48,true
938,2026-09-01 23:50:00,SHORT,29056.75,29089.87625,3,0.072,-68.25,false
937,2026-09-02 00:05:00,SHORT,29044.5,29077.55875,5,0.031,-68.12,false
937,2026-09-02 01:25:00,LONG,29091.25,29033.94125,3,0.044,-116.62,false
938,2026-09-02 01:25:00,LONG,29091.25,29034.37375,1,0.044,-115.75,false
938,2026-09-02 02:10:00,SHORT,29049.25,29102.37625,1,0.111,-108.25,false
937,2026-09-02 02:15:00,SHORT,29028.5,29086.80875,1,0.041,-118.62,false
937,2026-09-02 03:10:00,LONG,29103.25,29044.69125,1,0.047,-119.12,false
938,2026-09-02 03:10:00,LONG,29103.25,29045.12375,1,0.047,-118.25,false
938,2026-09-02 04:25:00,SHORT,29053.5,29103.12625,1,0.430,120.48,true
937,2026-09-02 04:30:00,SHORT,29049.5,29094.30875,3,0.416,120.48,true
936,2026-09-02 04:55:00,SHORT,28977.75,29063.55875,10,0.172,-173.62,false
924,2026-09-02 05:15:00,SHORT,28990.75,29045.271,4,0.216,120.48,true
919,2026-09-02 05:40:00,SHORT,28948.75,28998.1515,7,0.073,-100.80,false
919,2026-09-02 07:20:00,LONG,29016.25,28919.0985,2,2.342,120.48,true
924,2026-09-02 07:40:00,LONG,29029.75,28988.479,1,2.297,120.48,true
936,2026-09-02 08:05:00,LONG,29091.25,29016.19125,1,2.087,120.48,true
937,2026-09-02 08:10:00,LONG,29121.5,29030.94125,2,0.095,-183.12,false
938,2026-09-02 08:10:00,LONG,29121.5,29031.37375,1,0.095,-182.25,false
938,2026-09-02 08:55:00,SHORT,29040,29096.87625,0,0.008,-115.75,false
937,2026-09-02 09:00:00,SHORT,29054.5,29077.55875,1,0.016,-48.12,false
937,2026-09-02 09:25:00,LONG,29098.5,29043.44125,0,0.014,-112.12,false
938,2026-09-02 09:30:00,LONG,29083.75,29043.87375,0,0.023,-81.75,false
920,2026-09-02 10:20:00,LONG,29173.25,29071.3485,10,1.808,120.48,true
921,2026-09-02 10:20:00,LONG,29173.25,29071.3485,6,1.808,120.48,true
927,2026-09-02 10:30:00,LONG,29205,29111.42875,9,0.027,-189.14,false
930,2026-09-02 10:30:00,LONG,29205,29111.99925,11,0.027,-188.00,false
928,2026-09-02 10:35:00,LONG,29185.75,29141.42875,2,0.059,-90.64,false
928,2026-09-02 10:55:00,SHORT,29120.25,29210.82125,0,0.048,-183.14,false
930,2026-09-02 11:00:00,SHORT,29139.25,29209.75075,0,0.048,-143.00,false
930,2026-09-02 11:25:00,LONG,29205.25,29120.24925,0,0.169,-172.00,false
928,2026-09-02 12:10:00,LONG,29186.75,29133.17875,1,0.000,-109.14,false
928,2026-09-02 12:30:00,SHORT,29161.5,29194.57125,0,0.123,-68.14,false
930,2026-09-02 13:20:00,SHORT,29146,29185.25075,3,0.063,-80.50,false
930,2026-09-02 15:15:00,LONG,29170.25,29130.74925,4,0.288,120.48,true
928,2026-09-02 15:55:00,LONG,29190.5,29151.17875,10,0.073,-80.64,false
781,2026-09-02 16:10:00,LONG,29194.25,29148.799,11,0.000,-92.90,false
781,2026-09-02 16:30:00,SHORT,29160.5,29203.951,0,0.072,-88.90,false
928,2026-09-02 16:30:00,SHORT,29160.5,29201.57125,0,0.072,-84.14,false
928,2026-09-02 18:25:00,LONG,29196,29148.92875,1,0.061,-96.14,false
781,2026-09-02 19:55:00,LONG,29201.25,29162.799,2,0.002,-78.90,false
939,2026-09-02 19:55:00,LONG,29201.25,29177.37375,12,0.002,-49.75,false
781,2026-09-02 20:15:00,SHORT,29150.25,29211.951,0,0.063,-125.40,false
939,2026-09-02 20:15:00,SHORT,29150.25,29207.62625,0,0.063,-116.75,false
928,2026-09-02 20:25:00,SHORT,29156.25,29202.57125,2,0.084,-94.64,false
928,2026-09-02 22:35:00,LONG,29184.75,29156.17875,1,0.251,114.53,true
781,2026-09-02 23:20:00,LONG,29215.75,29157.299,3,0.140,-118.90,false
939,2026-09-02 23:20:00,LONG,29215.75,29173.62375,5,0.140,-86.25,false
941,2026-09-02 23:25:00,LONG,29219.75,29188.90925,8,0.126,-63.68,false
925,2026-09-02 23:35:00,LONG,29227.5,29186.479,7,0.098,-84.04,false
922,2026-09-03 00:15:00,LONG,29244.75,29193.8485,0,0.007,-103.80,false
922,2026-09-03 01:05:00,SHORT,29162.25,29243.4015,1,0.312,114.53,true
925,2026-09-03 01:10:00,SHORT,29149,29231.771,1,0.265,114.53,true
941,2026-09-03 01:10:00,SHORT,29149,29223.34075,0,0.265,114.53,true
781,2026-09-03 01:15:00,SHORT,29110,29218.701,0,0.125,-219.40,false
928,2026-09-03 01:15:00,SHORT,29110,29216.32125,2,0.125,-214.64,false
939,2026-09-03 01:15:00,SHORT,29110,29214.37625,0,0.125,-210.75,false
927,2026-09-03 01:25:00,SHORT,29104,29175.32125,21,0.021,-144.64,false
930,2026-09-03 01:25:00,SHORT,29104,29186.50075,8,0.021,-167.00,false
927,2026-09-03 01:55:00,LONG,29188.75,29090.42875,0,2.061,114.53,true
930,2026-09-03 01:55:00,LONG,29188.75,29114.74925,0,0.372,114.53,true
928,2026-09-03 03:10:00,LONG,29205.5,29151.67875,1,0.312,114.53,true
781,2026-09-03 03:20:00,LONG,29207.75,29149.799,4,0.304,114.53,true
939,2026-09-03 03:20:00,LONG,29207.75,29154.12375,1,0.304,114.53,true
941,2026-09-03 03:40:00,LONG,29241.25,29154.40925,1,0.184,-175.68,false
925,2026-09-03 04:05:00,LONG,29244.75,29174.729,3,0.079,-142.04,false
922,2026-09-03 04:10:00,LONG,29247.25,29174.3485,2,0.060,-147.80,false
922,2026-09-03 05:25:00,SHORT,29187.75,29240.9015,1,0.310,114.53,true
925,2026-09-03 05:30:00,SHORT,29187.5,29232.021,2,0.309,114.53,true
939,2026-09-03 05:35:00,SHORT,29177.5,29221.37625,2,0.274,114.53,true
941,2026-09-03 05:35:00,SHORT,29177.5,29229.59075,1,0.274,114.53,true
781,2026-09-03 05:50:00,SHORT,29145.5,29225.701,2,0.159,-162.40,false
928,2026-09-03 05:55:00,SHORT,29137.75,29205.82125,1,0.131,-138.14,false
930,2026-09-03 06:15:00,SHORT,29128,29183.50075,2,0.080,-113.00,false
927,2026-09-03 06:20:00,SHORT,29122.25,29166.32125,1,0.060,-90.14,false
927,2026-09-03 07:15:00,LONG,29167.75,29098.42875,1,2.136,114.53,true
930,2026-09-03 07:20:00,LONG,29174,29129.99925,0,0.015,-90.00,false
930,2026-09-03 07:50:00,SHORT,29107.25,29175.50075,1,0.022,-138.50,false
927,2026-09-03 07:55:00,SHORT,29105.5,29181.32125,0,0.005,-153.64,false
927,2026-09-03 08:40:00,LONG,29189.75,29097.92875,1,2.057,114.53,true
930,2026-09-03 08:40:00,LONG,29189.75,29120.24925,0,2.057,114.53,true
928,2026-09-03 08:45:00,LONG,29200.25,29136.17875,2,2.019,114.53,true
781,2026-09-03 08:55:00,LONG,29244.5,29133.799,2,1.861,114.53,true
939,2026-09-03 08:55:00,LONG,29244.5,29138.12375,0,1.861,114.53,true
941,2026-09-03 09:00:00,LONG,29214.25,29179.40925,1,1.969,114.53,true
925,2026-09-03 09:30:00,LONG,29254.25,29186.229,2,1.826,114.53,true
922,2026-09-03 09:35:00,LONG,29329.5,29192.0985,3,1.557,114.53,true
908,2026-09-03 09:40:00,LONG,29345,29204.266,9,1.502,114.53,true
913,2026-09-03 09:45:00,LONG,29359.75,29190.949,5,1.449,114.53,true
914,2026-09-03 09:45:00,LONG,29359.75,29190.949,1,1.449,114.53,true
926,2026-09-03 09:45:00,LONG,29359.75,29191.479,3,1.449,114.53,true
909,2026-09-03 09:50:00,LONG,29349.25,29190.766,1,1.486,114.53,true
915,2026-09-03 09:50:00,LONG,29349.25,29190.949,1,1.486,114.53,true
931,2026-09-03 09:50:00,LONG,29349.25,29192.24925,2,1.486,114.53,true
909,2026-09-03 10:10:00,SHORT,29300.75,29362.984,0,0.018,-126.47,false
915,2026-09-03 10:10:00,SHORT,29300.75,29362.801,0,0.018,-126.10,false
909,2026-09-03 11:05:00,LONG,29429.75,29237.766,2,1.198,114.53,true
805,2026-09-03 11:10:00,LONG,29465,29234.8995,2,1.072,114.53,true
910,2026-09-03 11:10:00,LONG,29465,29237.766,2,1.072,114.53,true
911,2026-09-03 11:10:00,LONG,29465,29237.766,3,1.072,114.53,true
915,2026-09-03 11:10:00,LONG,29465,29237.949,2,1.072,114.53,true
879,2026-09-03 11:15:00,LONG,29472.5,29352.3535,0,1.045,114.53,true
912,2026-09-03 11:15:00,LONG,29472.5,29353.516,0,1.045,114.53,true
916,2026-09-03 11:15:00,LONG,29472.5,29353.699,0,1.045,114.53,true
875,2026-09-03 11:20:00,LONG,29482.25,29352.3125,0,1.011,114.53,true
917,2026-09-03 11:20:00,LONG,29482.25,29413.699,0,1.011,114.53,true
923,2026-09-03 11:20:00,LONG,29482.25,29353.8485,0,1.011,114.53,true
674,2026-09-03 11:30:00,LONG,29527.75,29419.56625,0,0.848,114.53,true
876,2026-09-03 11:30:00,LONG,29527.75,29416.3535,0,0.848,114.53,true
935,2026-09-03 11:35:00,LONG,29513.5,29446.97375,0,0.899,114.53,true
933,2026-09-03 11:55:00,LONG,29538,29471.953,0,0.596,114.53,true
933,2026-09-03 13:15:00,SHORT,29486.25,29541.047,2,0.037,-111.59,false
933,2026-09-03 13:40:00,LONG,29528.5,29474.703,0,0.630,114.53,true
877,2026-09-03 13:50:00,LONG,29546,29492.3535,3,0.137,-109.29,false
903,2026-09-03 14:10:00,LONG,29573.5,29512.88225,18,0.038,-123.24,false
675,2026-09-03 14:15:00,LONG,29571.5,29536.31625,5,0.034,-72.37,false
675,2026-09-03 15:15:00,SHORT,29543,29577.18375,4,0.218,114.53,true
903,2026-09-03 15:40:00,SHORT,29524,29569.86775,0,0.150,-93.74,false
877,2026-09-03 18:00:00,SHORT,29494.25,29546.1465,3,0.044,-105.79,false
933,2026-09-03 18:10:00,SHORT,29485.25,29523.797,3,0.002,-79.09,false
933,2026-09-03 20:25:00,LONG,29527.5,29486.453,0,0.640,113.28,true
877,2026-09-03 20:45:00,LONG,29539.75,29485.1035,4,0.596,113.28,true
942,2026-09-03 21:30:00,LONG,29542,29510.7195,1,0.588,113.28,true
903,2026-09-03 22:25:00,LONG,29555,29514.38225,5,0.541,113.28,true
675,2026-09-03 23:25:00,LONG,29569,29538.56625,2,0.490,113.28,true
889,2026-09-04 01:05:00,LONG,29611.75,29557.80075,9,0.335,113.28,true
881,2026-09-04 01:15:00,LONG,29641.25,29576.5315,2,0.009,-131.44,false
929,2026-09-04 01:15:00,LONG,29641.25,29575.42875,1,0.009,-133.64,false
932,2026-09-04 02:15:00,LONG,29630.75,29589.99925,1,0.042,-83.50,false
932,2026-09-04 02:45:00,SHORT,29591.25,29640.25075,0,0.062,-100.00,false
932,2026-09-04 03:35:00,LONG,29639.25,29596.49925,0,0.236,113.28,true
890,2026-09-04 03:50:00,LONG,29647,29599.55075,3,0.208,-96.90,false
907,2026-09-04 06:00:00,LONG,29662.5,29621.38075,6,0.152,-84.24,false
872,2026-09-04 06:45:00,LONG,29684.5,29633.82775,6,0.020,-103.34,false
872,2026-09-04 08:40:00,SHORT,29557.75,29703.92225,2,0.325,113.28,true
881,2026-09-04 08:45:00,SHORT,29518.25,29703.4685,3,0.182,-372.44,false
889,2026-09-04 08:45:00,SHORT,29518.25,29703.44925,3,0.182,-372.40,false
890,2026-09-04 08:45:00,SHORT,29518.25,29703.44925,5,0.182,-372.40,false
907,2026-09-04 08:45:00,SHORT,29518.25,29702.36925,5,0.182,-370.24,false
929,2026-09-04 08:45:00,SHORT,29518.25,29701.57125,3,0.182,-368.64,false
932,2026-09-04 08:45:00,SHORT,29518.25,29701.00075,3,0.182,-367.50,false
675,2026-09-04 08:55:00,SHORT,29546.5,29700.43375,3,0.284,113.28,true
675,2026-09-04 09:30:00,LONG,29634,29540.06625,1,0.209,113.28,true
881,2026-09-04 09:40:00,LONG,29616.5,29544.7815,0,0.272,113.28,true
889,2026-09-04 09:40:00,LONG,29616.5,29544.80075,0,0.272,113.28,true
929,2026-09-04 09:40:00,LONG,29616.5,29546.67875,0,0.272,113.28,true
932,2026-09-04 09:55:00,LONG,29691,29547.24925,0,0.000,-289.50,false
890,2026-09-04 10:00:00,LONG,29668,29567.80075,1,0.027,-202.40,false
907,2026-09-04 10:00:00,LONG,29668,29568.88075,1,0.027,-200.24,false
907,2026-09-04 10:25:00,SHORT,29595.5,29684.11925,0,0.461,113.28,true
932,2026-09-04 10:25:00,SHORT,29595.5,29662.00075,0,0.461,113.28,true
890,2026-09-04 10:30:00,SHORT,29559,29659.44925,1,0.329,113.28,true
881,2026-09-04 10:40:00,SHORT,29533.5,29664.4685,1,0.237,113.28,true
889,2026-09-04 10:50:00,SHORT,29516.25,29607.94925,2,0.174,-185.40,false
929,2026-09-04 10:50:00,SHORT,29516.25,29619.07125,2,0.174,-207.64,false
675,2026-09-04 10:55:00,SHORT,29521,29593.68375,1,0.156,-147.37,false
903,2026-09-04 10:55:00,SHORT,29521,29595.86775,4,0.192,-151.74,false
942,2026-09-04 10:55:00,SHORT,29521,29592.5305,4,0.156,-145.06,false
877,2026-09-04 11:30:00,SHORT,29491.25,29552.8965,6,0.015,-125.29,false
877,2026-09-04 12:15:00,LONG,29543.75,29484.8535,1,0.188,-119.79,false
942,2026-09-04 12:20:00,LONG,29554,29501.7195,2,0.151,-106.56,false
903,2026-09-04 12:30:00,LONG,29570.75,29498.38225,1,0.090,-146.74,false
675,2026-09-04 12:50:00,LONG,29585.5,29537.31625,1,0.009,-98.37,false
675,2026-09-04 13:15:00,SHORT,29531.25,29587.18375,0,0.229,113.28,true
903,2026-09-04 13:25:00,SHORT,29508,29589.36775,0,0.145,-164.74,false
942,2026-09-04 13:30:00,SHORT,29493.5,29552.0305,0,0.092,-119.06,false
877,2026-09-04 13:35:00,SHORT,29495.25,29553.3965,0,0.099,-118.29,false
933,2026-09-04 13:40:00,SHORT,29478.25,29534.547,7,0.037,-114.59,false
935,2026-09-04 13:50:00,SHORT,29485.75,29515.27625,15,0.052,-61.05,false
935,2026-09-04 14:25:00,LONG,29511,29464.47375,1,0.918,113.28,true
933,2026-09-04 14:50:00,LONG,29528.75,29477.453,0,0.853,113.28,true
877,2026-09-04 15:40:00,LONG,29541,29490.8535,0,0.809,113.28,true
942,2026-09-04 15:50:00,LONG,29576.5,29508.4695,1,0.681,113.28,true
903,2026-09-04 15:55:00,LONG,29568.25,29510.38225,1,0.711,113.28,true
903,2026-09-04 16:30:00,SHORT,29518.75,29577.86775,0,0.007,-120.24,false
675,2026-09-06 18:15:00,LONG,29578,29528.06625,1,0.387,111.78,true
903,2026-09-06 18:15:00,LONG,29578,29525.88225,0,0.387,111.78,true
889,2026-09-06 22:40:00,LONG,29606.5,29546.30075,10,0.282,111.78,true
929,2026-09-06 22:40:00,LONG,29606.5,29567.42875,6,0.282,111.78,true
929,2026-09-06 23:05:00,SHORT,29580.75,29613.82125,0,0.032,-68.14,false
929,2026-09-06 23:35:00,LONG,29607.5,29572.17875,0,0.012,-72.64,false
929,2026-09-07 00:25:00,SHORT,29584,29610.32125,1,0.052,-54.64,false
929,2026-09-07 01:30:00,LONG,29613.75,29570.17875,1,0.256,111.78,true
881,2026-09-07 01:35:00,LONG,29611,29568.2815,11,0.266,111.78,true
932,2026-09-07 02:20:00,LONG,29654.5,29601.74925,4,0.106,-107.50,false
890,2026-09-07 02:25:00,LONG,29651.75,29610.05075,3,0.116,-85.40,false
907,2026-09-07 02:40:00,LONG,29664,29611.13075,1,0.071,-107.74,false
907,2026-09-07 05:25:00,SHORT,29617,29666.61925,7,0.337,111.78,true
890,2026-09-07 05:30:00,SHORT,29608.5,29657.69925,5,0.306,111.78,true
932,2026-09-07 06:35:00,SHORT,29609.5,29646.50075,1,0.310,111.78,true
881,2026-09-07 07:00:00,SHORT,29568.75,29621.7185,5,0.124,-107.94,false
929,2026-09-07 07:00:00,SHORT,29568.75,29619.82125,0,0.124,-104.14,false
889,2026-09-07 07:10:00,SHORT,29569.25,29621.69925,5,0.125,-106.90,false
675,2026-09-07 07:30:00,SHORT,29548.5,29577.18375,7,0.048,-59.37,false
675,2026-09-07 08:55:00,LONG,29588.5,29537.81625,2,0.208,-103.37,false
889,2026-09-07 09:15:00,LONG,29603.25,29549.80075,1,0.154,-108.90,false
929,2026-09-07 09:20:00,LONG,29620.5,29559.67875,0,0.091,-123.64,false
881,2026-09-07 09:30:00,LONG,29626.75,29574.7815,1,0.030,-105.94,false
881,2026-09-07 11:30:00,SHORT,29584,29633.2185,4,0.216,111.78,true
929,2026-09-07 11:30:00,SHORT,29584,29631.32125,1,0.216,111.78,true
929,2026-09-07 12:40:00,LONG,29608.5,29569.17875,0,0.049,-80.64,false
929,2026-09-07 18:20:00,SHORT,29571.75,29629.82125,0,0.174,-118.14,false
889,2026-09-07 18:35:00,SHORT,29548.25,29598.69925,4,0.087,-102.90,false
675,2026-09-07 19:10:00,SHORT,29546.75,29577.43375,1,0.081,-63.37,false
675,2026-09-07 19:50:00,LONG,29591.75,29536.06625,0,0.646,109.70,true
889,2026-09-07 20:10:00,LONG,29592.5,29533.05075,0,0.643,109.70,true
881,2026-09-07 20:35:00,LONG,29635.5,29565.2815,3,0.482,109.70,true
929,2026-09-07 20:35:00,LONG,29635.5,29567.17875,1,0.482,109.70,true
932,2026-09-07 20:40:00,LONG,29632,29584.49925,9,0.495,109.70,true
890,2026-09-07 21:15:00,LONG,29655.25,29582.05075,6,0.409,109.70,true
907,2026-09-07 21:15:00,LONG,29655.25,29603.13075,3,0.409,109.70,true
872,2026-09-07 21:55:00,LONG,29706,29635.32775,10,0.219,109.70,true
679,2026-09-07 22:20:00,LONG,29715.75,29664.78125,7,0.018,-103.94,false
905,2026-09-07 22:20:00,LONG,29715.75,29662.836,8,0.018,-107.83,false
679,2026-09-07 23:00:00,SHORT,29665.5,29711.21875,0,0.008,-93.44,false
905,2026-09-07 23:00:00,SHORT,29665.5,29713.164,0,0.008,-97.33,false
679,2026-09-07 23:35:00,LONG,29735.75,29656.53125,0,0.108,-160.44,false
905,2026-09-07 23:35:00,LONG,29735.75,29654.586,0,0.108,-164.33,false
934,2026-09-07 23:40:00,LONG,29731,29686.453,4,0.126,-91.09,false
882,2026-09-07 23:45:00,LONG,29736,29683.7815,4,0.107,-106.44,false
883,2026-09-08 00:25:00,LONG,29745.5,29683.7815,1,0.072,-125.44,false
883,2026-09-08 01:15:00,SHORT,29715.5,29763.7185,1,1.428,109.70,true
882,2026-09-08 01:35:00,SHORT,29684.75,29749.4685,1,1.313,109.70,true
934,2026-09-08 01:35:00,SHORT,29684.75,29740.297,1,1.313,109.70,true
679,2026-09-08 01:50:00,SHORT,29615.25,29725.71875,1,1.053,109.70,true
905,2026-09-08 01:50:00,SHORT,29615.25,29727.664,1,1.053,109.70,true
872,2026-09-08 01:55:00,SHORT,29612.25,29694.92225,3,1.042,109.70,true
907,2026-09-08 02:00:00,SHORT,29611.5,29693.61925,3,1.039,109.70,true
890,2026-09-08 02:05:00,SHORT,29605,29652.94925,1,0.475,109.70,true
932,2026-09-08 02:05:00,SHORT,29605,29650.50075,1,0.475,109.70,true
881,2026-09-08 02:20:00,SHORT,29573,29620.4685,1,0.055,-96.94,false
929,2026-09-08 02:25:00,SHORT,29576.25,29613.07125,1,0.067,-75.64,false
929,2026-09-08 03:10:00,LONG,29609.5,29550.42875,0,0.072,-120.14,false
881,2026-09-08 03:25:00,LONG,29623.75,29576.7815,1,0.003,-95.94,false
881,2026-09-08 03:45:00,SHORT,29563.5,29634.2185,0,0.320,109.70,true
889,2026-09-08 03:45:00,SHORT,29563.5,29634.19925,3,0.320,109.70,true
929,2026-09-08 03:45:00,SHORT,29563.5,29632.32125,1,0.320,109.70,true
675,2026-09-08 04:00:00,SHORT,29486.75,29601.93375,2,0.034,-232.37,false
903,2026-09-08 04:10:00,SHORT,29512.5,29571.36775,17,0.104,-119.74,false
942,2026-09-08 04:15:00,SHORT,29514.75,29546.7805,7,0.113,-66.06,false
942,2026-09-08 05:30:00,LONG,29561.75,29502.7195,2,0.466,109.70,true
903,2026-09-08 05:40:00,LONG,29568,29516.13225,1,0.442,109.70,true
675,2026-09-08 05:45:00,LONG,29584.5,29536.06625,0,0.241,109.70,true
889,2026-09-08 06:00:00,LONG,29586.75,29548.05075,0,0.232,109.70,true
889,2026-09-08 07:45:00,SHORT,29546.75,29602.19925,2,0.004,-112.90,false
889,2026-09-08 08:35:00,LONG,29616.5,29538.30075,1,0.261,109.70,true
881,2026-09-08 08:40:00,LONG,29615,29569.5315,4,0.267,109.70,true
929,2026-09-08 08:40:00,LONG,29615,29560.17875,5,0.267,109.70,true
932,2026-09-08 09:00:00,LONG,29647.75,29583.74925,5,0.145,-130.00,false
890,2026-09-08 09:05:00,LONG,29645.25,29594.55075,5,0.154,-103.40,false
907,2026-09-08 09:20:00,LONG,29655,29612.88075,2,0.118,-86.24,false
890,2026-09-08 09:40:00,SHORT,29474,29696.19925,0,0.526,109.70,true
907,2026-09-08 09:40:00,SHORT,29474,29695.11925,0,0.526,109.70,true
881,2026-09-08 09:45:00,SHORT,29526.75,29696.2185,1,0.723,109.70,true
929,2026-09-08 09:45:00,SHORT,29526.75,29694.32125,0,0.723,109.70,true
932,2026-09-08 09:45:00,SHORT,29526.75,29693.75075,0,0.723,109.70,true
675,2026-09-08 09:50:00,SHORT,29501,29619.93375,5,0.285,109.70,true
889,2026-09-08 09:50:00,SHORT,29501,29696.19925,0,0.627,109.70,true
903,2026-09-08 09:55:00,SHORT,29502.75,29582.36775,4,0.291,109.70,true
942,2026-09-08 10:00:00,SHORT,29483.25,29579.0305,1,0.218,109.70,true
877,2026-09-08 10:05:00,SHORT,29453.25,29548.3965,6,0.106,-192.29,false
933,2026-09-08 10:10:00,SHORT,29462.5,29545.547,5,0.015,-168.09,false
935,2026-09-08 10:15:00,SHORT,29479.25,29519.27625,7,0.012,-82.05,false
935,2026-09-08 10:35:00,LONG,29506.25,29469.22375,0,0.519,109.70,true
877,2026-09-08 10:50:00,LONG,29549.25,29466.1035,0,0.358,109.70,true
933,2026-09-08 10:50:00,LONG,29549.25,29468.953,0,0.358,109.70,true
942,2026-09-08 11:00:00,LONG,29558.25,29498.2195,2,0.325,109.70,true
903,2026-09-08 11:05:00,LONG,29557.25,29514.13225,1,0.328,109.70,true
675,2026-09-08 11:20:00,LONG,29617.75,29533.31625,0,0.103,-170.87,false
889,2026-09-08 11:25:00,LONG,29609,29545.80075,1,0.135,-128.40,false
929,2026-09-08 11:25:00,LONG,29609,29547.67875,0,0.135,-124.64,false
881,2026-09-08 11:45:00,LONG,29612.75,29545.7815,0,0.107,-135.94,false
881,2026-09-08 12:20:00,SHORT,29591.75,29631.7185,1,0.158,-81.94,false
929,2026-09-08 12:35:00,SHORT,29575,29629.82125,2,0.095,-111.64,false
881,2026-09-08 13:15:00,LONG,29625.5,29562.2815,2,0.026,-128.44,false
929,2026-09-08 13:15:00,LONG,29625.5,29564.17875,1,0.026,-124.64,false
881,2026-09-08 14:55:00,SHORT,29576.25,29630.4685,1,0.323,109.70,true
929,2026-09-08 15:00:00,SHORT,29569.5,29618.82125,4,0.298,109.70,true
889,2026-09-08 15:25:00,SHORT,29564,29620.69925,4,0.277,109.70,true
675,2026-09-08 15:50:00,SHORT,29507.75,29585.93375,5,0.067,-158.37,false
903,2026-09-08 16:10:00,SHORT,29524.25,29568.86775,4,0.129,-91.24,false
942,2026-09-08 16:25:00,SHORT,29507.75,29556.2805,2,0.067,-99.06,false
942,2026-09-08 20:50:00,LONG,29559.25,29505.9695,6,0.281,108.72,true
903,2026-09-08 21:00:00,LONG,29563.25,29506.63225,4,0.265,108.72,true
675,2026-09-08 21:15:00,LONG,29578.25,29532.56625,1,0.209,108.72,true
889,2026-09-08 21:30:00,LONG,29594.75,29546.05075,1,0.147,-99.40,false
929,2026-09-08 22:30:00,LONG,29602.75,29567.17875,0,0.086,-73.14,false
881,2026-09-08 22:50:00,LONG,29616,29565.2815,0,0.000,-103.44,false
881,2026-09-08 23:55:00,SHORT,29562,29624.7185,0,0.049,-127.44,false
929,2026-09-08 23:55:00,SHORT,29562,29621.57125,1,0.049,-121.14,false
929,2026-09-09 00:45:00,LONG,29607,29565.17875,2,0.050,-85.64,false
929,2026-09-09 01:30:00,SHORT,29579,29612.57125,1,0.022,-69.14,false
929,2026-09-09 02:00:00,LONG,29624.25,29565.92875,1,0.036,-118.64,false
881,2026-09-09 02:20:00,LONG,29622,29575.7815,4,0.008,-94.44,false
881,2026-09-09 03:55:00,SHORT,29588,29623.7185,2,0.960,108.72,true
929,2026-09-09 04:40:00,SHORT,29541.75,29621.82125,2,0.786,108.72,true
889,2026-09-09 04:45:00,SHORT,29548.75,29602.44925,10,0.812,108.72,true
675,2026-09-09 05:25:00,SHORT,29528.5,29573.93375,7,0.736,108.72,true
903,2026-09-09 05:30:00,SHORT,29501.25,29565.86775,3,0.634,108.72,true
942,2026-09-09 05:40:00,SHORT,29479,29549.7805,1,0.550,108.72,true
877,2026-09-09 05:45:00,SHORT,29460.25,29549.1465,13,0.479,108.72,true
933,2026-09-09 05:45:00,SHORT,29460.25,29546.297,7,0.479,108.72,true
935,2026-09-09 05:50:00,SHORT,29417.25,29546.02625,3,0.317,108.72,true
674,2026-09-09 05:55:00,SHORT,29400.5,29502.18375,7,0.254,108.72,true
876,2026-09-09 06:00:00,SHORT,29412.25,29505.3965,5,0.298,108.72,true
917,2026-09-09 06:00:00,SHORT,29412.25,29494.051,3,0.298,108.72,true
875,2026-09-09 06:05:00,SHORT,29390.25,29476.9375,2,0.216,108.72,true
923,2026-09-09 06:05:00,SHORT,29390.25,29475.4015,1,0.216,108.72,true
879,2026-09-09 06:50:00,SHORT,29391,29476.8965,1,0.218,108.72,true
916,2026-09-09 06:55:00,SHORT,29391.5,29429.801,4,0.051,-78.60,false
912,2026-09-09 08:10:00,SHORT,29337,29425.234,5,0.015,-178.47,false
805,2026-09-09 08:20:00,SHORT,29357.75,29412.1005,6,0.054,-110.70,false
805,2026-09-09 08:55:00,LONG,29390.5,29331.8995,0,0.765,108.72,true
912,2026-09-09 09:20:00,LONG,29418,29372.516,1,0.662,108.72,true
916,2026-09-09 09:25:00,LONG,29455,29373.949,4,0.522,108.72,true
879,2026-09-09 09:35:00,LONG,29483.25,29388.8535,3,0.416,108.72,true
923,2026-09-09 09:35:00,LONG,29483.25,29390.3485,5,0.416,108.72,true
875,2026-09-09 09:40:00,LONG,29478.75,29408.3125,5,0.433,108.72,true
876,2026-09-09 09:40:00,LONG,29478.75,29408.3535,1,0.433,108.72,true
917,2026-09-09 09:40:00,LONG,29478.75,29409.699,1,0.433,108.72,true
674,2026-09-09 09:45:00,LONG,29499.5,29411.56625,0,0.355,108.72,true
933,2026-09-09 10:00:00,LONG,29578,29449.453,1,0.059,-259.09,false
935,2026-09-09 10:00:00,LONG,29578,29449.72375,1,0.059,-258.55,false
877,2026-09-09 10:05:00,LONG,29572.25,29473.3535,1,0.038,-199.79,false
903,2026-09-09 10:10:00,LONG,29562.25,29504.13225,0,0.000,-118.24,false
942,2026-09-09 10:10:00,LONG,29562.25,29507.4695,0,0.000,-111.56,false
903,2026-09-09 11:00:00,SHORT,29492,29570.61775,0,0.505,108.72,true
942,2026-09-09 11:10:00,SHORT,29399,29567.7805,2,0.154,39.00,true
877,2026-09-09 11:15:00,SHORT,29444.25,29572.1465,4,0.325,108.72,true
933,2026-09-09 11:15:00,SHORT,29444.25,29569.297,4,0.325,108.72,true
935,2026-09-09 11:15:00,SHORT,29444.25,29569.02625,3,0.325,108.72,true
674,2026-09-09 11:20:00,SHORT,29363.75,29512.68375,1,0.016,-31.50,false
876,2026-09-09 11:20:00,SHORT,29363.75,29515.8965,2,0.016,-31.50,false
917,2026-09-09 11:30:00,SHORT,29434.25,29514.551,1,0.265,108.72,true
875,2026-09-09 12:20:00,SHORT,29413.5,29471.9375,3,0.101,-118.88,false
923,2026-09-09 12:25:00,SHORT,29399.5,29470.4015,5,0.007,-143.80,false
923,2026-09-09 12:45:00,LONG,29454.75,29389.3485,0,0.109,-132.80,false
875,2026-09-09 12:50:00,LONG,29462.5,29387.8125,0,0.080,-151.38,false
917,2026-09-09 13:20:00,LONG,29470.5,29414.199,2,0.049,-114.60,false