construction,trade_date,leg_anchor_time,leg_direction,entry_time,direction,entry_price,stop_price,exit_time,exit_reason,bars_to_resolution,mfe,pnl,delta_intensity,sign_aligned
FIXED_R65,2023-11-16,2023-11-16 03:17,UP,2023-11-16 04:56,SHORT,15887.25,15854.25,2023-11-16 04:57,STOP_HIT,2,2.75,-5.00,0.033,false
FIXED_R65,2023-11-16,2023-11-16 05:06,DOWN,2023-11-16 05:53,LONG,15831.50,15858.00,2023-11-16 05:54,STOP_HIT,2,3.75,-5.75,0.109,false
FIXED_R65,2023-11-16,2023-11-16 06:38,UP,2023-11-16 07:28,SHORT,15874.00,15850.75,2023-11-16 07:29,STOP_HIT,2,1.75,-1.00,0.218,false
FIXED_R65,2023-11-16,2023-11-16 07:41,DOWN,2023-11-16 09:33,LONG,15860.00,15855.25,2023-11-16 11:59,TIME_EXPIRED,147,46.75,38.75,0.092,true
FIXED_R65,2023-11-17,2023-11-17 03:22,DOWN,2023-11-17 06:04,LONG,15839.25,15867.75,2023-11-17 06:05,STOP_HIT,2,5.25,-12.75,0.255,false
FIXED_R65,2023-11-17,2023-11-17 06:06,UP,2023-11-17 07:08,SHORT,15888.50,15865.00,2023-11-17 07:09,STOP_HIT,2,0.00,-3.75,0.068,false
FIXED_R65,2023-11-20,2023-11-19 13:00,DOWN,2023-11-19 19:54,LONG,15839.50,15860.25,2023-11-19 19:55,STOP_HIT,2,1.00,0.00,0.217,false
FIXED_R65,2023-11-20,2023-11-19 19:55,UP,2023-11-20 04:42,SHORT,15965.50,15907.00,2023-11-20 04:43,STOP_HIT,2,3.50,0.75,0.020,true
FIXED_R65,2023-11-21,2023-11-20 17:38,DOWN,2023-11-21 02:02,LONG,16065.75,16090.50,2023-11-21 02:03,STOP_HIT,2,2.50,2.50,0.274,true
FIXED_R65,2023-11-22,2023-11-22 04:37,DOWN,2023-11-22 05:28,LONG,16046.75,16052.75,2023-11-22 05:53,STOP_HIT,26,52.75,-16.00,0.223,false
FIXED_R65,2023-11-22,2023-11-22 05:18,UP,2023-11-22 05:31,SHORT,16077.50,16053.00,2023-11-22 05:32,STOP_HIT,2,10.00,3.25,0.137,false
FIXED_R65,2023-11-22,2023-11-22 05:36,DOWN,2023-11-22 06:21,LONG,16051.00,16057.00,2023-11-22 06:28,STOP_HIT,8,14.25,5.50,0.047,false
FIXED_R65,2023-11-22,2023-11-22 05:54,UP,2023-11-22 07:07,SHORT,16091.50,16059.25,2023-11-22 07:08,STOP_HIT,2,3.50,-2.75,0.105,false
FIXED_R65,2023-11-22,2023-11-22 08:31,DOWN,2023-11-22 09:58,LONG,16050.50,16063.75,2023-11-22 09:59,STOP_HIT,2,7.50,5.00,0.282,false
FIXED_R65,2023-11-24,2023-11-23 13:00,DOWN,2023-11-24 04:31,LONG,16009.50,16044.75,2023-11-24 04:32,STOP_HIT,2,29.00,27.75,0.167,false
FIXED_R65,2023-11-27,2023-11-26 13:00,DOWN,2023-11-26 17:09,LONG,15945.75,15974.00,2023-11-26 17:10,STOP_HIT,2,1.50,0.25,0.126,false
FIXED_R65,2023-11-27,2023-11-26 17:26,UP,2023-11-27 00:44,SHORT,16002.25,15978.25,2023-11-27 00:45,STOP_HIT,2,4.25,3.50,0.055,true
FIXED_R65,2023-11-27,2023-11-27 04:30,DOWN,2023-11-27 04:47,LONG,15997.75,15993.50,2023-11-27 11:59,TIME_EXPIRED,433,91.50,7.00,0.074,false
FIXED_R65,2023-11-27,2023-11-27 04:36,UP,2023-11-27 05:10,SHORT,16044.00,15997.25,2023-11-27 05:11,STOP_HIT,2,16.75,15.00,0.168,false
FIXED_R65,2023-11-28,2023-11-27 16:23,DOWN,2023-11-28 03:11,LONG,15948.75,15989.75,2023-11-28 03:12,STOP_HIT,2,5.75,-0.50,0.234,false
FIXED_R65,2023-11-28,2023-11-28 03:13,UP,2023-11-28 05:40,SHORT,16010.25,15984.25,2023-11-28 05:41,STOP_HIT,2,0.50,-22.25,0.136,false
FIXED_R65,2023-11-28,2023-11-28 08:15,UP,2023-11-28 10:51,SHORT,16038.50,16002.50,2023-11-28 10:52,STOP_HIT,2,4.75,-2.25,0.157,false
FIXED_R65,2023-11-29,2023-11-28 13:05,UP,2023-11-28 23:26,SHORT,16103.25,16071.25,2023-11-28 23:27,STOP_HIT,2,0.50,-8.75,0.048,false
FIXED_R65,2023-11-29,2023-11-29 04:38,DOWN,2023-11-29 05:30,LONG,16108.75,16132.50,2023-11-29 05:31,STOP_HIT,2,5.25,4.50,0.040,false
FIXED_R65,2023-11-30,2023-11-29 22:51,UP,2023-11-30 03:31,SHORT,16078.50,16056.75,2023-11-30 03:32,STOP_HIT,2,10.00,8.25,0.033,false
FIXED_R65,2023-11-30,2023-11-30 03:30,DOWN,2023-11-30 04:29,LONG,16035.25,16056.25,2023-11-30 04:30,STOP_HIT,2,0.00,-7.00,0.085,false
FIXED_R65,2023-12-01,2023-11-30 23:34,DOWN,2023-12-01 02:32,LONG,15943.50,15962.50,2023-12-01 02:33,STOP_HIT,2,3.75,1.00,0.149,false
FIXED_R65,2023-12-01,2023-12-01 05:02,DOWN,2023-12-01 05:16,LONG,15903.00,15933.75,2023-12-01 05:17,STOP_HIT,2,8.00,-6.25,0.072,false
FIXED_R65,2023-12-01,2023-12-01 05:31,UP,2023-12-01 06:28,SHORT,15950.25,15930.00,2023-12-01 06:29,STOP_HIT,2,0.00,-11.25,0.118,true
FIXED_R65,2023-12-04,2023-12-03 13:00,DOWN,2023-12-03 21:42,LONG,15959.25,15978.75,2023-12-03 21:43,STOP_HIT,2,0.25,-2.00,0.356,false
FIXED_R65,2023-12-04,2023-12-04 07:57,DOWN,2023-12-04 09:44,LONG,15829.50,15835.75,2023-12-04 09:45,STOP_HIT,2,5.25,-0.75,0.039,true
FIXED_R65,2023-12-04,2023-12-04 09:06,UP,2023-12-04 10:45,SHORT,15861.00,15834.00,2023-12-04 10:46,STOP_HIT,2,5.75,1.00,0.102,false
FIXED_R65,2023-12-05,2023-12-04 13:00,DOWN,2023-12-04 20:55,LONG,15798.75,15835.00,2023-12-04 20:56,STOP_HIT,2,0.50,-3.00,0.225,false
FIXED_R65,2023-12-05,2023-12-04 21:26,UP,2023-12-05 04:37,SHORT,15826.50,15797.25,2023-12-05 04:38,STOP_HIT,2,13.50,12.00,0.146,false
FIXED_R65,2023-12-05,2023-12-05 06:54,UP,2023-12-05 07:11,SHORT,15891.50,15869.00,2023-12-05 07:12,STOP_HIT,2,4.00,1.00,0.066,false
FIXED_R65,2023-12-05,2023-12-05 07:10,DOWN,2023-12-05 07:47,LONG,15831.75,15871.75,2023-12-05 07:48,STOP_HIT,2,20.25,18.00,0.062,false
FIXED_R65,2023-12-05,2023-12-05 07:46,UP,2023-12-05 09:17,SHORT,15891.00,15871.25,2023-12-05 09:18,STOP_HIT,2,0.50,-8.00,0.178,false
FIXED_R65,2023-12-06,2023-12-05 13:02,UP,2023-12-05 14:16,SHORT,15955.50,15921.75,2023-12-05 14:17,STOP_HIT,2,0.25,-1.75,0.227,false
FIXED_R65,2023-12-06,2023-12-05 17:49,DOWN,2023-12-06 02:17,LONG,15926.75,15964.75,2023-12-06 02:18,STOP_HIT,2,4.50,3.75,0.105,true
FIXED_R65,2023-12-06,2023-12-06 02:28,UP,2023-12-06 03:44,SHORT,15991.00,15963.50,2023-12-06 03:45,STOP_HIT,2,2.75,2.50,0.306,false
FIXED_R65,2023-12-06,2023-12-06 04:30,DOWN,2023-12-06 04:40,LONG,15942.50,15970.25,2023-12-06 04:41,STOP_HIT,2,12.25,10.75,0.024,false
FIXED_R65,2023-12-07,2023-12-07 04:50,UP,2023-12-07 05:13,SHORT,15952.75,15912.25,2023-12-07 05:14,STOP_HIT,2,2.00,-7.75,0.083,false
FIXED_R65,2023-12-08,2023-12-08 03:32,UP,2023-12-08 05:29,SHORT,16104.00,15997.75,2023-12-08 05:30,STOP_HIT,2,16.50,12.25,0.129,false
FIXED_R65,2023-12-11,2023-12-10 13:12,DOWN,2023-12-10 19:27,LONG,16049.75,16072.00,2023-12-10 19:28,STOP_HIT,2,1.75,1.50,0.636,false
FIXED_R65,2023-12-11,2023-12-11 01:25,UP,2023-12-11 04:34,SHORT,16118.25,16074.00,2023-12-11 04:35,STOP_HIT,2,33.75,26.25,0.217,false
FIXED_R65,2023-12-12,2023-12-11 13:07,UP,2023-12-12 03:27,SHORT,16294.75,16260.25,2023-12-12 03:28,STOP_HIT,2,4.75,-0.25,0.250,false
FIXED_R65,2023-12-12,2023-12-12 03:31,DOWN,2023-12-12 03:57,LONG,16243.50,16262.50,2023-12-12 03:58,STOP_HIT,2,9.25,-1.25,0.292,true
FIXED_R65,2023-12-12,2023-12-12 04:43,UP,2023-12-12 05:24,SHORT,16257.75,16254.50,2023-12-12 05:25,STOP_HIT,2,0.25,-7.50,0.304,true
FIXED_R65,2023-12-13,2023-12-12 13:00,UP,2023-12-13 04:38,SHORT,16442.50,16400.00,2023-12-13 04:39,STOP_HIT,2,15.00,13.75,0.218,false
FIXED_R65,2023-12-13,2023-12-13 04:38,DOWN,2023-12-13 07:05,LONG,16386.50,16407.75,2023-12-13 07:06,STOP_HIT,2,1.50,-1.00,0.079,false
FIXED_R65,2023-12-14,2023-12-13 13:00,UP,2023-12-13 14:18,SHORT,16628.25,16591.50,2023-12-13 14:19,STOP_HIT,2,2.00,-3.75,0.061,true
FIXED_R65,2023-12-14,2023-12-13 16:26,DOWN,2023-12-13 23:38,LONG,16612.50,16643.75,2023-12-13 23:39,STOP_HIT,2,7.00,6.25,0.357,false
FIXED_R65,2023-12-14,2023-12-14 03:32,UP,2023-12-14 04:58,SHORT,16655.00,16635.50,2023-12-14 11:59,TIME_EXPIRED,421,236.25,118.75,0.062,true
FIXED_R65,2024-02-15,2024-02-14 15:18,UP,2024-02-14 21:12,SHORT,17914.25,17873.00,2024-02-14 21:13,STOP_HIT,2,5.75,5.50,0.374,false
FIXED_R65,2024-02-15,2024-02-15 03:33,DOWN,2024-02-15 04:36,LONG,17870.75,17894.25,2024-02-15 04:37,STOP_HIT,2,1.50,-14.75,0.119,false
FIXED_R65,2024-02-15,2024-02-15 06:09,UP,2024-02-15 08:22,SHORT,17916.25,17852.50,2024-02-15 08:23,STOP_HIT,2,12.75,1.75,0.033,false
FIXED_R65,2024-02-16,2024-02-15 15:41,UP,2024-02-15 22:06,SHORT,17976.75,17942.50,2024-02-15 22:07,STOP_HIT,2,0.00,-5.50,0.221,false
FIXED_R65,2024-02-16,2024-02-16 06:58,DOWN,2024-02-16 08:05,LONG,17825.50,17864.00,2024-02-16 08:06,STOP_HIT,2,0.25,-6.75,0.085,false
FIXED_R65,2024-02-16,2024-02-16 08:11,UP,2024-02-16 09:33,SHORT,17887.50,17862.75,2024-02-16 09:34,STOP_HIT,2,14.50,5.00,0.073,true
FIXED_R65,2024-02-16,2024-02-16 09:10,DOWN,2024-02-16 09:51,LONG,17784.00,17862.25,2024-02-16 09:52,STOP_HIT,2,9.50,-6.00,0.084,false
FIXED_R65,2024-02-19,2024-02-18 13:00,UP,2024-02-18 13:13,SHORT,17786.50,17773.75,2024-02-18 13:14,STOP_HIT,2,5.75,1.75,0.202,true
FIXED_R65,2024-02-20,2024-02-19 13:00,DOWN,2024-02-19 14:24,LONG,17725.25,17751.25,2024-02-19 14:25,STOP_HIT,2,2.50,-2.75,0.333,false
FIXED_R65,2024-02-20,2024-02-20 01:03,UP,2024-02-20 04:33,SHORT,17712.75,17677.50,2024-02-20 04:34,STOP_HIT,2,40.50,28.75,0.030,true
FIXED_R65,2024-02-21,2024-02-20 13:12,DOWN,2024-02-20 22:26,LONG,17531.75,17562.00,2024-02-20 22:27,STOP_HIT,2,4.50,2.50,0.112,false
FIXED_R65,2024-02-21,2024-02-21 05:04,DOWN,2024-02-21 05:31,LONG,17459.50,17501.50,2024-02-21 05:32,STOP_HIT,2,14.00,6.00,0.147,false
FIXED_R65,2024-02-21,2024-02-21 09:43,UP,2024-02-21 11:13,SHORT,17526.00,17477.75,2024-02-21 11:14,STOP_HIT,2,1.00,-5.50,0.181,true
FIXED_R65,2024-02-22,2024-02-21 13:08,UP,2024-02-21 14:18,SHORT,17740.25,17700.75,2024-02-21 14:19,STOP_HIT,2,0.75,-3.50,0.319,false
FIXED_R65,2024-02-23,2024-02-22 23:28,UP,2024-02-23 03:26,SHORT,18064.00,18033.25,2024-02-23 03:27,STOP_HIT,2,5.25,4.25,0.301,false
FIXED_R65,2024-02-23,2024-02-23 04:37,DOWN,2024-02-23 05:42,LONG,18060.00,18071.25,2024-02-23 05:43,STOP_HIT,2,4.75,-23.50,0.053,false
FIXED_R65,2024-02-23,2024-02-23 07:32,UP,2024-02-23 08:28,SHORT,18052.25,18043.25,2024-02-23 08:29,STOP_HIT,2,2.25,-0.75,0.062,true
FIXED_R65,2024-02-26,2024-02-25 13:37,DOWN,2024-02-25 14:57,LONG,17929.50,17961.25,2024-02-25 14:58,STOP_HIT,2,4.25,2.50,0.096,true
FIXED_R65,2024-02-26,2024-02-25 14:56,UP,2024-02-25 23:51,SHORT,17986.50,17952.25,2024-02-25 23:52,STOP_HIT,2,2.50,0.00,0.287,false
FIXED_R65,2024-02-26,2024-02-26 04:47,UP,2024-02-26 05:23,SHORT,18028.75,17993.75,2024-02-26 05:24,STOP_HIT,2,7.75,7.00,0.127,false
FIXED_R65,2024-02-26,2024-02-26 07:32,DOWN,2024-02-26 08:47,LONG,18009.00,18013.75,2024-02-26 08:48,STOP_HIT,2,0.25,-5.75,0.215,true
FIXED_R65,2024-02-27,2024-02-26 19:43,UP,2024-02-27 04:31,SHORT,18020.25,18002.75,2024-02-27 04:32,STOP_HIT,2,22.25,2.25,0.018,true
FIXED_R65,2024-02-27,2024-02-27 04:43,UP,2024-02-27 05:21,SHORT,18028.00,17997.25,2024-02-27 05:22,STOP_HIT,2,11.50,8.50,0.021,false
FIXED_R65,2024-02-27,2024-02-27 05:20,DOWN,2024-02-27 06:44,LONG,17971.00,17998.50,2024-02-27 06:45,STOP_HIT,2,9.75,6.75,0.082,false
FIXED_R65,2024-02-27,2024-02-27 08:00,UP,2024-02-27 10:36,SHORT,18004.50,17994.50,2024-02-27 10:37,STOP_HIT,2,0.25,-5.50,0.053,true
FIXED_R65,2024-02-28,2024-02-27 13:04,DOWN,2024-02-27 22:25,LONG,17956.25,18002.25,2024-02-27 22:26,STOP_HIT,2,4.75,2.25,0.217,false
FIXED_R65,2024-02-28,2024-02-27 23:49,UP,2024-02-28 04:37,SHORT,17940.50,17938.75,2024-02-28 06:01,STOP_HIT,85,64.50,-11.25,0.023,false
FIXED_R65,2024-02-28,2024-02-28 03:32,DOWN,2024-02-28 05:56,LONG,17916.50,17922.00,2024-02-28 07:33,STOP_HIT,98,58.50,-6.25,0.018,true
FIXED_R65,2024-02-28,2024-02-28 06:46,DOWN,2024-02-28 08:01,LONG,17911.25,17927.75,2024-02-28 08:02,STOP_HIT,2,11.00,4.25,0.205,false
FIXED_R65,2024-02-29,2024-02-28 13:00,UP,2024-02-28 19:04,SHORT,17929.25,17899.00,2024-02-28 19:05,STOP_HIT,2,2.00,0.25,0.082,false
FIXED_R65,2024-02-29,2024-02-28 19:03,DOWN,2024-02-28 22:10,LONG,17865.50,17901.25,2024-02-28 22:11,STOP_HIT,2,0.25,-26.75,0.338,false
FIXED_R65,2024-02-29,2024-02-29 04:35,DOWN,2024-02-29 06:44,LONG,17922.75,18003.50,2024-02-29 06:45,STOP_HIT,2,15.25,5.25,0.176,false
FIXED_R65,2024-02-29,2024-02-29 06:41,UP,2024-02-29 09:16,SHORT,18045.00,18002.75,2024-02-29 09:17,STOP_HIT,2,2.25,-6.75,0.063,false
FIXED_R65,2024-03-01,2024-02-29 13:36,UP,2024-02-29 15:56,SHORT,18113.00,18072.75,2024-02-29 15:57,STOP_HIT,2,1.00,-2.50,0.496,false
FIXED_R65,2024-03-01,2024-02-29 21:34,DOWN,2024-03-01 00:23,LONG,18054.25,18123.25,2024-03-01 00:24,STOP_HIT,2,2.00,-15.50,0.109,true
FIXED_R65,2024-03-01,2024-03-01 00:25,UP,2024-03-01 04:56,SHORT,18122.00,18114.50,2024-03-01 04:57,STOP_HIT,2,6.00,-4.50,0.079,false
FIXED_R65,2024-03-04,2024-03-03 23:06,DOWN,2024-03-04 03:43,LONG,18344.50,18343.50,2024-03-04 03:45,STOP_HIT,3,1.75,-1.75,0.341,true
FIXED_R65,2024-03-04,2024-03-04 08:25,UP,2024-03-04 09:52,SHORT,18337.00,18310.75,2024-03-04 09:53,STOP_HIT,2,5.50,1.25,0.009,false
FIXED_R65,2024-03-04,2024-03-04 09:39,DOWN,2024-03-04 11:01,LONG,18254.50,18310.25,2024-03-04 11:02,STOP_HIT,2,0.50,-4.25,0.039,false
FIXED_R65,2024-03-05,2024-03-04 13:00,DOWN,2024-03-04 16:53,LONG,18190.75,18219.50,2024-03-04 16:54,STOP_HIT,2,1.00,-1.25,0.382,false
FIXED_R65,2024-03-06,2024-03-05 14:51,UP,2024-03-05 22:01,SHORT,18008.00,17972.25,2024-03-05 22:02,STOP_HIT,2,4.00,-1.00,0.380,false
FIXED_R65,2024-03-06,2024-03-06 05:07,UP,2024-03-06 06:56,SHORT,18121.50,18065.00,2024-03-06 06:57,STOP_HIT,2,0.50,-5.25,0.118,false
FIXED_R65,2024-03-07,2024-03-06 13:10,DOWN,2024-03-06 14:47,LONG,17981.00,18021.25,2024-03-06 14:48,STOP_HIT,2,1.25,0.25,0.502,false
FIXED_R65,2024-03-07,2024-03-06 22:12,UP,2024-03-06 22:37,SHORT,17981.00,17967.00,2024-03-06 22:38,STOP_HIT,2,5.00,0.25,0.294,false
FIXED_R65,2024-03-08,2024-03-07 14:11,UP,2024-03-07 22:11,SHORT,18318.75,18279.50,2024-03-07 22:12,STOP_HIT,2,3.75,-2.00,0.368,false
FIXED_R65,2024-03-08,2024-03-08 04:02,DOWN,2024-03-08 04:32,LONG,18317.25,18318.75,2024-03-08 04:38,STOP_HIT,7,35.75,-8.75,0.005,false
FIXED_R65,2024-03-08,2024-03-08 04:38,UP,2024-03-08 04:48,SHORT,18349.25,18320.00,2024-03-08 04:49,STOP_HIT,2,4.50,-7.00,0.116,false
FIXED_R65,2024-03-08,2024-03-08 05:30,DOWN,2024-03-08 06:22,LONG,18268.75,18328.75,2024-03-08 06:23,STOP_HIT,2,7.50,-28.50,0.044,true
FIXED_R65,2024-03-11,2024-03-10 14:00,DOWN,2024-03-10 14:10,LONG,18007.00,18021.25,2024-03-10 14:11,STOP_HIT,2,5.00,4.25,0.125,true
FIXED_R65,2024-03-11,2024-03-10 14:43,UP,2024-03-10 15:51,SHORT,18031.75,18008.50,2024-03-10 15:52,STOP_HIT,2,1.75,-1.25,0.061,true
FIXED_R65,2024-03-11,2024-03-10 17:42,DOWN,2024-03-10 20:01,LONG,17981.75,18018.25,2024-03-10 20:02,STOP_HIT,2,2.50,1.00,0.434,false
FIXED_R65,2024-03-11,2024-03-10 20:00,UP,2024-03-10 23:22,SHORT,18019.75,18017.50,2024-03-10 23:28,STOP_HIT,7,8.25,-4.25,0.323,true
FIXED_R65,2024-03-11,2024-03-10 23:09,DOWN,2024-03-11 00:10,LONG,17988.50,18017.50,2024-03-11 00:11,STOP_HIT,2,0.25,-9.25,0.293,false
FIXED_R65,2024-03-11,2024-03-11 00:17,UP,2024-03-11 01:42,SHORT,18024.25,18015.00,2024-03-11 01:43,STOP_HIT,2,7.50,7.50,0.507,false
FIXED_R65,2024-03-11,2024-03-11 01:22,DOWN,2024-03-11 03:50,LONG,17984.75,18015.25,2024-03-11 03:51,STOP_HIT,2,0.00,-2.25,0.093,false
FIXED_R65,2024-03-11,2024-03-11 06:55,DOWN,2024-03-11 07:27,LONG,17948.50,17972.00,2024-03-11 07:28,STOP_HIT,2,6.25,-8.00,0.182,false
FIXED_R65,2024-03-11,2024-03-11 07:32,UP,2024-03-11 08:01,SHORT,17988.50,17971.50,2024-03-11 08:02,STOP_HIT,2,14.00,1.25,0.163,true
FIXED_R65,2024-03-11,2024-03-11 09:32,DOWN,2024-03-11 09:48,LONG,17943.50,17973.00,2024-03-11 09:49,STOP_HIT,2,11.50,8.50,0.143,false
FIXED_R65,2024-03-11,2024-03-11 10:50,DOWN,2024-03-11 11:35,LONG,17975.00,17974.75,2024-03-11 11:36,STOP_HIT,2,5.25,-8.50,0.175,true
FIXED_R65,2024-03-11,2024-03-11 11:52,UP,2024-03-11 12:31,SHORT,18001.75,17974.00,2024-03-11 12:32,STOP_HIT,2,5.25,3.25,0.685,false
FIXED_R65,2024-03-12,2024-03-11 14:00,UP,2024-03-11 16:37,SHORT,18065.50,18038.50,2024-03-11 16:38,STOP_HIT,2,15.00,14.50,0.476,false
FIXED_R65,2024-03-12,2024-03-12 00:05,DOWN,2024-03-12 00:31,LONG,18034.25,18060.00,2024-03-12 00:32,STOP_HIT,2,16.50,13.25,0.208,false
FIXED_R65,2024-03-12,2024-03-12 04:45,DOWN,2024-03-12 05:29,LONG,18062.25,18057.25,2024-03-12 05:34,STOP_HIT,6,31.25,-43.75,0.173,false
FIXED_R65,2024-03-12,2024-03-12 05:12,UP,2024-03-12 05:31,SHORT,18083.75,18059.25,2024-03-12 05:32,STOP_HIT,2,27.50,16.25,0.068,false
FIXED_R65,2024-03-12,2024-03-12 05:46,UP,2024-03-12 06:25,SHORT,18110.00,18052.50,2024-03-12 06:26,STOP_HIT,2,5.75,-4.00,0.251,false
FIXED_R65,2024-03-13,2024-03-13 00:00,DOWN,2024-03-13 00:51,LONG,18191.75,18224.50,2024-03-13 00:52,STOP_HIT,2,5.75,1.25,0.406,false
FIXED_R65,2024-03-13,2024-03-13 07:43,UP,2024-03-13 10:12,SHORT,18123.75,18110.50,2024-03-13 10:13,STOP_HIT,2,1.00,-9.00,0.021,false
FIXED_R65,2024-03-13,2024-03-13 10:52,DOWN,2024-03-13 11:31,LONG,18085.25,18113.25,2024-03-13 11:32,STOP_HIT,2,3.25,-22.25,0.184,true
FIXED_R65,2024-03-14,2024-03-13 14:00,UP,2024-03-14 00:05,SHORT,18150.75,18122.00,2024-03-14 00:06,STOP_HIT,2,5.25,3.75,0.143,false
FIXED_R65,2024-03-14,2024-03-14 00:21,DOWN,2024-03-14 05:23,LONG,18099.25,18129.75,2024-03-14 05:24,STOP_HIT,2,7.50,7.25,0.217,false
FIXED_R65,2024-03-14,2024-03-14 10:12,DOWN,2024-03-14 10:53,LONG,18019.00,18053.00,2024-03-14 10:54,STOP_HIT,2,6.50,-4.75,0.268,false
FIXED_R65,2024-05-23,2024-05-22 14:22,UP,2024-05-22 17:49,SHORT,18907.75,18867.25,2024-05-22 17:50,STOP_HIT,2,5.00,2.00,0.432,false
FIXED_R65,2024-05-23,2024-05-23 04:47,DOWN,2024-05-23 05:37,LONG,18943.00,18950.25,2024-05-23 05:40,STOP_HIT,4,11.75,-9.75,0.035,false
FIXED_R65,2024-05-23,2024-05-23 06:58,UP,2024-05-23 08:29,SHORT,18922.75,18904.00,2024-05-23 08:30,STOP_HIT,2,1.50,0.50,0.123,false
FIXED_R65,2024-05-23,2024-05-23 08:01,DOWN,2024-05-23 08:48,LONG,18874.50,18904.50,2024-05-23 08:49,STOP_HIT,2,1.75,-0.75,0.086,false
FIXED_R65,2024-05-24,2024-05-23 14:00,UP,2024-05-24 00:51,SHORT,18742.75,18709.25,2024-05-24 00:52,STOP_HIT,2,4.25,3.50,0.007,true
FIXED_R65,2024-05-27,2024-05-26 16:00,UP,2024-05-27 05:34,SHORT,18899.50,18873.50,2024-05-27 05:35,STOP_HIT,2,1.25,-1.25,0.093,false
FIXED_R65,2024-05-28,2024-05-27 14:00,DOWN,2024-05-27 16:12,LONG,18892.50,18915.00,2024-05-27 16:13,STOP_HIT,2,0.25,-4.25,0.036,false
FIXED_R65,2024-05-28,2024-05-27 16:12,UP,2024-05-28 00:14,SHORT,18953.25,18918.75,2024-05-28 00:15,STOP_HIT,2,0.50,-14.25,0.424,false
FIXED_R65,2024-05-28,2024-05-28 01:00,DOWN,2024-05-28 03:22,LONG,18914.50,18926.25,2024-05-28 03:23,STOP_HIT,2,5.00,1.75,0.452,false
FIXED_R65,2024-05-28,2024-05-28 05:47,UP,2024-05-28 08:43,SHORT,18932.75,18914.50,2024-05-28 08:44,STOP_HIT,2,1.25,-3.00,0.025,true
FIXED_R65,2024-05-29,2024-05-28 14:00,DOWN,2024-05-28 19:18,LONG,18883.75,18912.25,2024-05-28 19:19,STOP_HIT,2,0.50,-5.75,0.400,false
FIXED_R65,2024-05-29,2024-05-29 05:28,UP,2024-05-29 06:26,SHORT,18860.25,18821.50,2024-05-29 06:27,STOP_HIT,2,13.25,8.75,0.107,false
FIXED_R65,2024-05-29,2024-05-29 06:52,DOWN,2024-05-29 11:05,LONG,18830.50,18838.00,2024-05-29 11:06,STOP_HIT,2,5.00,0.25,0.046,false
FIXED_R65,2024-05-30,2024-05-29 14:00,DOWN,2024-05-29 18:25,LONG,18699.50,18721.25,2024-05-29 18:26,STOP_HIT,2,4.00,2.50,0.375,false
FIXED_R65,2024-05-30,2024-05-29 22:59,UP,2024-05-30 00:38,SHORT,18723.00,18699.25,2024-05-30 00:39,STOP_HIT,2,3.00,1.50,0.541,false
FIXED_R65,2024-05-30,2024-05-30 04:45,DOWN,2024-05-30 06:05,LONG,18738.25,18734.25,2024-05-30 06:11,STOP_HIT,7,14.50,-33.00,0.092,true
FIXED_R65,2024-05-31,2024-05-30 14:00,DOWN,2024-05-30 16:14,LONG,18523.50,18565.00,2024-05-30 16:15,STOP_HIT,2,5.50,-1.50,0.335,false
FIXED_R65,2024-05-31,2024-05-30 16:39,UP,2024-05-30 19:32,SHORT,18564.50,18547.50,2024-05-30 19:33,STOP_HIT,2,3.50,2.00,0.456,false
FIXED_R65,2024-05-31,2024-05-31 02:53,UP,2024-05-31 04:10,SHORT,18568.50,18543.00,2024-05-31 04:11,STOP_HIT,2,3.00,-0.50,0.184,false
FIXED_R65,2024-05-31,2024-05-31 04:50,DOWN,2024-05-31 06:27,LONG,18435.50,18553.00,2024-05-31 06:28,STOP_HIT,2,7.00,-9.50,0.024,false
FIXED_R65,2024-06-03,2024-06-02 14:05,UP,2024-06-02 16:05,SHORT,18608.00,18576.25,2024-06-02 16:06,STOP_HIT,2,2.25,-5.25,0.183,false
FIXED_R65,2024-06-03,2024-06-03 05:46,DOWN,2024-06-03 06:00,LONG,18681.00,18682.75,2024-06-03 06:04,STOP_HIT,5,47.75,-7.25,0.037,false
FIXED_R65,2024-06-03,2024-06-03 06:00,DOWN,2024-06-03 06:10,LONG,18654.00,18681.00,2024-06-03 06:11,STOP_HIT,2,17.25,13.50,0.194,false
FIXED_R65,2024-06-04,2024-06-03 16:38,DOWN,2024-06-03 22:35,LONG,18608.00,18656.50,2024-06-03 22:36,STOP_HIT,2,2.75,-4.75,0.096,false
FIXED_R65,2024-06-04,2024-06-04 06:01,DOWN,2024-06-04 06:12,LONG,18599.25,18610.00,2024-06-04 06:13,STOP_HIT,2,8.50,-10.25,0.072,false
FIXED_R65,2024-06-04,2024-06-04 06:14,UP,2024-06-04 06:35,SHORT,18621.75,18607.50,2024-06-04 06:36,STOP_HIT,2,9.75,8.25,0.030,true
FIXED_R65,2024-06-04,2024-06-04 06:41,DOWN,2024-06-04 07:33,LONG,18593.75,18609.75,2024-06-04 07:34,STOP_HIT,2,5.25,-9.00,0.124,false
FIXED_R65,2024-06-04,2024-06-04 08:14,UP,2024-06-04 08:44,SHORT,18632.75,18605.50,2024-06-04 08:45,STOP_HIT,2,0.50,-3.50,0.103,false
FIXED_R65,2024-06-05,2024-06-04 14:08,UP,2024-06-04 18:12,SHORT,18761.50,18733.50,2024-06-04 18:13,STOP_HIT,2,3.25,3.25,0.231,false
FIXED_R65,2024-06-06,2024-06-06 04:15,DOWN,2024-06-06 04:41,LONG,19066.00,19092.75,2024-06-06 04:42,STOP_HIT,2,11.25,8.25,0.043,false
FIXED_R65,2024-06-06,2024-06-06 06:37,DOWN,2024-06-06 11:13,LONG,19058.25,19073.00,2024-06-06 11:14,STOP_HIT,2,2.00,-8.25,0.229,false
FIXED_R65,2024-06-07,2024-06-07 04:43,UP,2024-06-07 06:50,SHORT,19107.00,19037.50,2024-06-07 06:51,STOP_HIT,2,10.75,9.50,0.005,true
FIXED_R65,2024-06-07,2024-06-07 07:11,UP,2024-06-07 07:31,SHORT,19081.25,19040.00,2024-06-07 07:32,STOP_HIT,2,4.25,-3.00,0.127,false
FIXED_R65,2024-06-07,2024-06-07 09:24,DOWN,2024-06-07 10:24,LONG,19032.50,19061.25,2024-06-07 10:25,STOP_HIT,2,8.50,0.75,0.010,false
FIXED_R65,2024-06-10,2024-06-09 14:11,DOWN,2024-06-09 23:03,LONG,19004.25,19033.25,2024-06-09 23:04,STOP_HIT,2,18.00,16.00,0.081,false
FIXED_R65,2024-06-10,2024-06-10 01:25,UP,2024-06-10 03:35,SHORT,19039.25,19020.00,2024-06-10 03:36,STOP_HIT,2,9.75,5.50,0.267,false
FIXED_R65,2024-06-11,2024-06-10 22:01,DOWN,2024-06-11 02:00,LONG,19049.00,19086.75,2024-06-11 02:01,STOP_HIT,2,0.00,-5.75,0.538,false
FIXED_R65,2024-06-11,2024-06-11 05:54,UP,2024-06-11 06:22,SHORT,19069.25,19059.25,2024-06-11 06:23,STOP_HIT,2,6.00,2.25,0.132,false
FIXED_R65,2024-06-12,2024-06-11 14:08,UP,2024-06-12 04:30,SHORT,19298.00,19262.25,2024-06-12 04:31,STOP_HIT,2,19.00,-131.25,0.386,false
FIXED_R65,2024-06-12,2024-06-12 10:02,DOWN,2024-06-12 10:12,LONG,19491.75,19494.00,2024-06-12 10:13,STOP_HIT,2,5.25,-13.50,0.148,false
FIXED_R65,2024-06-12,2024-06-12 10:07,UP,2024-06-12 10:29,SHORT,19529.75,19495.00,2024-06-12 10:30,STOP_HIT,2,8.75,0.25,0.244,false
FIXED_R65,2024-06-12,2024-06-12 10:39,DOWN,2024-06-12 10:52,LONG,19494.75,19497.00,2024-06-12 10:53,STOP_HIT,2,4.00,-22.75,0.001,false
FIXED_R65,2024-06-12,2024-06-12 11:42,UP,2024-06-12 11:58,SHORT,19520.50,19496.75,2024-06-12 12:16,STOP_HIT,19,56.75,-30.00,0.102,false
FIXED_R65,2024-06-12,2024-06-12 11:58,DOWN,2024-06-12 12:08,LONG,19481.50,19496.00,2024-06-12 12:09,STOP_HIT,2,2.75,0.75,0.062,false
FIXED_R65,2024-06-12,2024-06-12 12:04,UP,2024-06-12 12:23,SHORT,19561.75,19496.25,2024-06-12 12:24,STOP_HIT,2,3.75,-7.25,0.320,true
FIXED_R65,2024-06-13,2024-06-12 15:05,UP,2024-06-12 22:45,SHORT,19646.50,19620.25,2024-06-12 22:46,STOP_HIT,2,3.50,2.75,0.144,false
FIXED_R65,2024-06-13,2024-06-12 23:23,DOWN,2024-06-13 03:03,LONG,19622.00,19624.25,2024-06-13 03:04,STOP_HIT,2,0.00,-4.75,0.310,true
FIXED_R65,2024-06-13,2024-06-13 01:51,UP,2024-06-13 04:36,SHORT,19679.75,19626.25,2024-06-13 04:37,STOP_HIT,2,35.75,29.25,0.022,false
FIXED_R65,2024-06-13,2024-06-13 04:30,DOWN,2024-06-13 05:21,LONG,19633.00,19629.75,2024-06-13 06:11,STOP_HIT,51,30.50,-26.50,0.072,false
FIXED_R65,2024-06-13,2024-06-13 08:30,UP,2024-06-13 12:07,SHORT,19622.50,19595.50,2024-06-13 12:08,STOP_HIT,2,9.50,0.75,0.055,false
FIXED_R65,2024-06-14,2024-06-13 14:00,UP,2024-06-13 23:35,SHORT,19653.75,19630.25,2024-06-13 23:36,STOP_HIT,2,2.75,1.25,0.352,false
FIXED_R65,2024-06-14,2024-06-13 23:34,DOWN,2024-06-14 01:32,LONG,19590.50,19630.00,2024-06-14 01:33,STOP_HIT,2,5.75,2.75,0.335,false
FIXED_R65,2024-06-14,2024-06-14 03:08,UP,2024-06-14 06:14,SHORT,19598.25,19595.00,2024-06-14 06:15,STOP_HIT,2,9.25,-2.25,0.050,false
FIXED_R65,2024-06-14,2024-06-14 06:24,DOWN,2024-06-14 06:43,LONG,19593.25,19600.50,2024-06-14 07:43,STOP_HIT,61,40.25,-1.00,0.095,true
FIXED_R65,2024-06-14,2024-06-14 07:50,UP,2024-06-14 08:11,SHORT,19629.75,19607.50,2024-06-14 08:12,STOP_HIT,2,0.00,-8.25,0.185,false
FIXED_R65,2024-06-17,2024-06-16 14:01,UP,2024-06-17 00:09,SHORT,19735.00,19705.00,2024-06-17 00:10,STOP_HIT,2,3.25,0.50,0.385,false
FIXED_R65,2024-06-17,2024-06-17 00:17,DOWN,2024-06-17 04:54,LONG,19682.75,19708.00,2024-06-17 04:55,STOP_HIT,2,10.00,5.75,0.185,false
FIXED_R65,2024-06-17,2024-06-17 05:49,UP,2024-06-17 06:38,SHORT,19711.25,19697.00,2024-06-17 06:39,STOP_HIT,2,4.00,1.75,0.229,false
FIXED_R65,2024-06-18,2024-06-17 17:59,UP,2024-06-18 00:10,SHORT,19952.25,19921.00,2024-06-18 00:11,STOP_HIT,2,2.25,2.25,0.378,false
FIXED_R65,2024-06-18,2024-06-18 04:30,DOWN,2024-06-18 04:44,LONG,19923.00,19934.50,2024-06-18 04:45,STOP_HIT,2,12.50,10.00,0.138,false
FIXED_R65,2024-06-18,2024-06-18 09:50,DOWN,2024-06-18 10:05,LONG,19905.00,19917.75,2024-06-18 10:06,STOP_HIT,2,8.75,7.75,0.258,true
FIXED_R65,2024-06-20,2024-06-19 14:29,UP,2024-06-19 19:58,SHORT,20013.00,19981.75,2024-06-19 19:59,STOP_HIT,2,0.00,-2.00,0.110,false
FIXED_R65,2024-06-20,2024-06-19 23:31,DOWN,2024-06-20 04:13,LONG,20013.50,20039.00,2024-06-20 04:14,STOP_HIT,2,2.25,-3.25,0.043,true
FIXED_R65,2024-08-22,2024-08-21 16:11,DOWN,2024-08-21 18:39,LONG,19885.25,19929.25,2024-08-21 18:40,STOP_HIT,2,6.25,0.75,0.000,false
FIXED_R65,2024-08-22,2024-08-21 19:14,UP,2024-08-22 01:19,SHORT,19933.75,19913.00,2024-08-22 01:20,STOP_HIT,2,1.25,-1.00,0.461,false
FIXED_R65,2024-08-22,2024-08-22 05:31,DOWN,2024-08-22 06:14,LONG,19911.75,19969.00,2024-08-22 06:15,STOP_HIT,2,5.00,-20.25,0.043,true
FIXED_R65,2024-08-23,2024-08-22 14:00,UP,2024-08-22 19:43,SHORT,19674.50,19644.50,2024-08-22 19:44,STOP_HIT,2,4.00,4.00,0.409,false
FIXED_R65,2024-08-23,2024-08-23 05:19,DOWN,2024-08-23 05:45,LONG,19719.25,19722.50,2024-08-23 06:49,STOP_HIT,65,185.00,-42.00,0.037,false
FIXED_R65,2024-08-23,2024-08-23 05:34,UP,2024-08-23 06:01,SHORT,19818.75,19728.25,2024-08-23 06:02,STOP_HIT,2,5.25,-46.00,0.165,false
FIXED_R65,2024-08-23,2024-08-23 07:41,DOWN,2024-08-23 07:51,LONG,19733.75,19752.75,2024-08-23 07:52,STOP_HIT,2,0.75,-6.00,0.113,false
FIXED_R65,2024-08-23,2024-08-23 08:46,UP,2024-08-23 10:35,SHORT,19738.50,19735.00,2024-08-23 10:36,STOP_HIT,2,7.00,0.25,0.044,true
FIXED_R65,2024-08-26,2024-08-25 14:07,DOWN,2024-08-25 14:37,LONG,19767.25,19804.25,2024-08-25 14:38,STOP_HIT,2,0.00,-7.50,0.351,true
FIXED_R65,2024-08-26,2024-08-25 15:00,UP,2024-08-25 16:55,SHORT,19805.50,19770.00,2024-08-25 16:56,STOP_HIT,2,1.75,-1.75,0.097,true
FIXED_R65,2024-08-26,2024-08-25 17:19,DOWN,2024-08-25 22:16,LONG,19797.50,19784.50,2024-08-26 03:41,STOP_HIT,326,48.75,-17.00,0.538,true
FIXED_R65,2024-08-26,2024-08-25 19:47,UP,2024-08-25 23:27,SHORT,19823.00,19789.25,2024-08-25 23:28,STOP_HIT,2,3.50,-1.25,0.469,false
FIXED_R65,2024-08-26,2024-08-26 00:08,DOWN,2024-08-26 04:45,LONG,19750.75,19795.75,2024-08-26 04:46,STOP_HIT,2,7.75,7.25,0.223,false
FIXED_R65,2024-08-27,2024-08-26 14:48,UP,2024-08-26 16:22,SHORT,19586.00,19561.50,2024-08-26 16:23,STOP_HIT,2,2.50,-3.00,0.367,false
FIXED_R65,2024-08-27,2024-08-27 01:24,DOWN,2024-08-27 02:42,LONG,19589.75,19597.25,2024-08-27 02:43,STOP_HIT,2,0.75,-7.25,0.108,true
FIXED_R65,2024-08-27,2024-08-27 05:45,UP,2024-08-27 06:03,SHORT,19553.00,19539.75,2024-08-27 06:05,STOP_HIT,3,22.50,0.00,0.045,false
FIXED_R65,2024-08-28,2024-08-27 14:02,DOWN,2024-08-27 14:22,LONG,19578.00,19606.50,2024-08-27 14:23,STOP_HIT,2,9.00,7.25,0.228,false
FIXED_R65,2024-08-28,2024-08-27 15:26,UP,2024-08-27 18:16,SHORT,19621.50,19595.75,2024-08-27 18:17,STOP_HIT,2,0.50,-5.00,0.338,false
FIXED_R65,2024-08-28,2024-08-28 00:56,DOWN,2024-08-28 05:38,LONG,19610.50,19630.50,2024-08-28 05:39,STOP_HIT,2,8.75,-24.25,0.028,true
FIXED_R65,2024-08-29,2024-08-28 14:00,UP,2024-08-28 14:10,SHORT,19225.75,19234.00,2024-08-28 14:15,STOP_HIT,6,18.00,-17.00,0.022,true
FIXED_R65,2024-08-29,2024-08-28 14:07,DOWN,2024-08-28 14:41,LONG,19187.50,19227.00,2024-08-28 14:42,STOP_HIT,2,10.75,-10.50,0.402,false
FIXED_R65,2024-08-29,2024-08-28 14:46,UP,2024-08-28 17:29,SHORT,19224.50,19221.00,2024-08-28 17:36,STOP_HIT,8,9.00,-3.00,0.084,true
FIXED_R65,2024-08-29,2024-08-29 08:48,DOWN,2024-08-29 10:45,LONG,19385.00,19579.75,2024-08-29 10:46,STOP_HIT,2,9.50,-7.00,0.000,false
FIXED_R65,2024-08-30,2024-08-29 14:03,DOWN,2024-08-29 16:08,LONG,19400.00,19432.00,2024-08-29 16:09,STOP_HIT,2,6.25,0.00,0.287,false
FIXED_R65,2024-08-30,2024-08-29 16:07,UP,2024-08-29 18:23,SHORT,19458.00,19436.50,2024-08-29 18:24,STOP_HIT,2,0.50,-2.50,0.610,false
FIXED_R65,2024-08-30,2024-08-30 06:26,UP,2024-08-30 06:37,SHORT,19583.00,19546.50,2024-08-30 06:38,STOP_HIT,2,14.75,4.75,0.038,false
FIXED_R65,2024-08-30,2024-08-30 06:41,DOWN,2024-08-30 06:59,LONG,19478.25,19548.00,2024-08-30 07:00,STOP_HIT,2,1.75,-4.75,0.017,true
FIXED_R65,2024-08-30,2024-08-30 10:00,UP,2024-08-30 10:54,SHORT,19533.25,19490.00,2024-08-30 10:55,STOP_HIT,2,15.00,14.00,0.111,true
FIXED_R65,2024-09-02,2024-09-01 14:02,DOWN,2024-09-01 22:48,LONG,19560.25,19592.50,2024-09-01 22:49,STOP_HIT,2,3.50,3.25,0.314,false
FIXED_R65,2024-09-02,2024-09-01 23:30,UP,2024-09-02 04:16,SHORT,19620.00,19585.50,2024-09-02 04:17,STOP_HIT,2,1.00,-1.00,0.019,true
FIXED_R65,2024-09-03,2024-09-02 14:14,DOWN,2024-09-02 15:19,LONG,19619.25,19641.00,2024-09-02 15:20,STOP_HIT,2,6.00,-0.75,0.538,true
FIXED_R65,2024-09-03,2024-09-02 23:44,DOWN,2024-09-03 00:56,LONG,19529.50,19582.00,2024-09-03 00:57,STOP_HIT,2,6.00,-1.25,0.251,false
FIXED_R65,2024-09-04,2024-09-03 14:02,DOWN,2024-09-03 15:51,LONG,18945.00,18968.75,2024-09-03 15:52,STOP_HIT,2,22.25,17.75,0.229,false
FIXED_R65,2024-09-04,2024-09-03 22:30,DOWN,2024-09-03 22:59,LONG,18843.00,18894.50,2024-09-03 23:00,STOP_HIT,2,7.00,1.00,0.249,false
FIXED_R65,2024-09-04,2024-09-03 23:01,UP,2024-09-04 00:31,SHORT,18916.00,18891.00,2024-09-04 00:32,STOP_HIT,2,1.75,0.00,0.146,false
FIXED_R65,2024-09-04,2024-09-04 01:46,DOWN,2024-09-04 02:48,LONG,18885.50,18894.50,2024-09-04 02:49,STOP_HIT,2,5.50,-0.50,0.364,true
FIXED_R65,2024-09-04,2024-09-04 03:05,UP,2024-09-04 05:35,SHORT,18922.25,18889.25,2024-09-04 05:36,STOP_HIT,2,33.75,25.50,0.065,false
FIXED_R65,2024-09-04,2024-09-04 11:10,UP,2024-09-04 11:52,SHORT,19007.00,18967.50,2024-09-04 11:53,STOP_HIT,2,29.75,22.00,0.104,false
FIXED_R65,2024-09-04,2024-09-04 11:51,DOWN,2024-09-04 12:05,LONG,18963.00,18967.75,2024-09-04 12:06,STOP_HIT,2,0.50,-0.50,0.000,false
FIXED_R65,2024-09-05,2024-09-04 14:37,DOWN,2024-09-04 15:42,LONG,18903.25,18951.50,2024-09-04 15:43,STOP_HIT,2,4.50,-7.50,0.031,false
FIXED_R65,2024-09-05,2024-09-04 15:43,UP,2024-09-04 16:26,SHORT,18983.75,18948.25,2024-09-04 16:27,STOP_HIT,2,4.00,2.50,0.320,false
FIXED_R65,2024-09-05,2024-09-04 17:36,DOWN,2024-09-04 19:09,LONG,18935.75,18969.50,2024-09-04 19:10,STOP_HIT,2,0.50,-11.00,0.357,false
FIXED_R65,2024-09-05,2024-09-04 23:00,UP,2024-09-04 23:16,SHORT,18966.50,18941.00,2024-09-04 23:17,STOP_HIT,2,12.50,3.25,0.185,false
FIXED_R65,2024-09-05,2024-09-04 23:40,DOWN,2024-09-05 02:09,LONG,18940.00,18948.25,2024-09-05 02:10,STOP_HIT,2,1.00,-2.00,0.278,false
FIXED_R65,2024-09-05,2024-09-05 09:30,UP,2024-09-05 09:46,SHORT,18985.50,18948.25,2024-09-05 09:47,STOP_HIT,2,3.50,-16.50,0.040,true
FIXED_R65,2024-09-05,2024-09-05 11:15,UP,2024-09-05 11:39,SHORT,18970.50,18959.50,2024-09-05 12:00,STOP_HIT,22,71.25,-12.00,0.158,true
FIXED_R65,2024-09-05,2024-09-05 11:34,DOWN,2024-09-05 11:44,LONG,18923.00,18959.00,2024-09-05 11:45,STOP_HIT,2,11.00,4.25,0.086,false
FIXED_R65,2024-09-06,2024-09-05 14:01,DOWN,2024-09-05 16:23,LONG,18867.50,18907.00,2024-09-05 16:24,STOP_HIT,2,4.25,0.75,0.283,false
FIXED_R65,2024-09-06,2024-09-05 17:03,UP,2024-09-05 19:08,SHORT,18894.25,18872.25,2024-09-05 19:09,STOP_HIT,2,0.00,-7.50,0.113,false
FIXED_R65,2024-09-06,2024-09-05 19:15,DOWN,2024-09-05 21:45,LONG,18833.25,18874.25,2024-09-05 21:46,STOP_HIT,2,15.25,14.00,0.430,false
FIXED_R65,2024-09-09,2024-09-08 15:15,UP,2024-09-08 15:25,SHORT,18449.00,18419.75,2024-09-08 15:26,STOP_HIT,2,7.00,0.25,0.273,false
FIXED_R65,2024-09-09,2024-09-09 06:11,DOWN,2024-09-09 06:48,LONG,18544.25,18611.75,2024-09-09 06:49,STOP_HIT,2,17.75,16.75,0.133,false
FIXED_R65,2024-09-09,2024-09-09 07:13,UP,2024-09-09 08:09,SHORT,18644.00,18597.75,2024-09-09 08:10,STOP_HIT,2,1.25,-14.00,0.014,false
FIXED_R65,2024-09-09,2024-09-09 09:12,DOWN,2024-09-09 11:11,LONG,18607.00,18613.25,2024-09-09 11:12,STOP_HIT,2,4.75,-2.50,0.177,false
FIXED_R65,2024-09-09,2024-09-09 10:39,UP,2024-09-09 11:41,SHORT,18661.75,18613.75,2024-09-09 11:42,STOP_HIT,2,2.25,-1.25,0.044,false
FIXED_R65,2024-09-10,2024-09-09 14:03,DOWN,2024-09-09 16:12,LONG,18665.25,18714.00,2024-09-09 16:13,STOP_HIT,2,2.00,-6.75,0.294,false
FIXED_R65,2024-09-10,2024-09-09 22:07,UP,2024-09-10 00:13,SHORT,18671.00,18663.00,2024-09-10 00:14,STOP_HIT,2,4.25,2.75,0.257,true
FIXED_R65,2024-09-10,2024-09-10 00:00,DOWN,2024-09-10 01:01,LONG,18626.25,18662.25,2024-09-10 01:02,STOP_HIT,2,2.25,-5.75,0.197,false
FIXED_R65,2024-09-10,2024-09-10 01:10,UP,2024-09-10 03:50,SHORT,18695.75,18657.75,2024-09-10 03:51,STOP_HIT,2,0.25,-1.50,0.411,false
FIXED_R65,2024-09-10,2024-09-10 06:16,UP,2024-09-10 06:31,SHORT,18762.50,18738.00,2024-09-10 06:32,STOP_HIT,2,32.25,13.00,0.028,false
FIXED_R65,2024-09-10,2024-09-10 06:29,DOWN,2024-09-10 06:52,LONG,18700.00,18737.75,2024-09-10 06:53,STOP_HIT,2,20.00,11.50,0.029,false
FIXED_R65,2024-09-10,2024-09-10 06:51,UP,2024-09-10 07:30,SHORT,18774.75,18737.00,2024-09-10 07:31,STOP_HIT,2,0.25,-1.25,0.081,true
FIXED_R65,2024-09-10,2024-09-10 07:30,DOWN,2024-09-10 07:51,LONG,18672.75,18738.00,2024-09-10 07:52,STOP_HIT,2,11.25,3.75,0.127,false
FIXED_R65,2024-09-10,2024-09-10 08:03,UP,2024-09-10 10:23,SHORT,18809.00,18734.25,2024-09-10 10:24,STOP_HIT,2,0.25,-12.50,0.264,true
FIXED_R65,2024-09-11,2024-09-10 15:40,DOWN,2024-09-10 17:34,LONG,18788.25,18821.50,2024-09-10 17:35,STOP_HIT,2,0.00,-19.25,0.259,false
FIXED_R65,2024-09-11,2024-09-10 21:29,UP,2024-09-10 23:10,SHORT,18801.50,18785.75,2024-09-10 23:11,STOP_HIT,2,5.75,-1.50,0.141,true
FIXED_R65,2024-09-11,2024-09-11 04:31,UP,2024-09-11 04:57,SHORT,18862.50,18798.00,2024-09-11 04:58,STOP_HIT,2,4.75,-3.75,0.126,false
FIXED_R65,2024-09-11,2024-09-11 07:47,DOWN,2024-09-11 07:58,LONG,18745.25,18778.25,2024-09-11 12:59,TIME_EXPIRED,302,548.25,502.75,0.098,true
FIXED_R65,2024-09-12,2024-09-11 14:00,UP,2024-09-11 18:29,SHORT,19291.50,19259.50,2024-09-11 18:30,STOP_HIT,2,0.75,-11.00,0.153,false
FIXED_R65,2024-09-12,2024-09-12 00:04,UP,2024-09-12 01:18,SHORT,19322.25,19294.00,2024-09-12 01:19,STOP_HIT,2,2.25,0.25,0.229,false
FIXED_R65,2024-09-12,2024-09-12 01:23,DOWN,2024-09-12 04:34,LONG,19267.75,19294.75,2024-09-12 04:35,STOP_HIT,2,10.00,4.75,0.193,false
FIXED_R65,2024-09-12,2024-09-12 05:50,UP,2024-09-12 06:34,SHORT,19352.25,19272.50,2024-09-12 06:35,STOP_HIT,2,93.00,60.75,0.196,false
FIXED_R65,2024-09-12,2024-09-12 07:46,UP,2024-09-12 08:22,SHORT,19310.50,19284.25,2024-09-12 08:23,STOP_HIT,2,17.75,15.25,0.220,false
FIXED_R65,2024-09-13,2024-09-12 14:00,UP,2024-09-12 21:43,SHORT,19478.75,19448.75,2024-09-12 21:44,STOP_HIT,2,3.25,0.75,0.212,false
FIXED_R65,2024-09-13,2024-09-12 21:42,DOWN,2024-09-13 04:41,LONG,19426.25,19452.50,2024-09-13 04:42,STOP_HIT,2,2.00,-9.50,0.240,false
FIXED_R65,2024-09-13,2024-09-13 05:30,UP,2024-09-13 05:40,SHORT,19470.50,19448.25,2024-09-13 05:41,STOP_HIT,2,15.75,-5.00,0.084,false
FIXED_R65,2024-09-13,2024-09-13 06:25,DOWN,2024-09-13 06:35,LONG,19455.00,19461.25,2024-09-13 12:59,TIME_EXPIRED,385,122.25,48.50,0.104,true
FIXED_R65,2024-09-13,2024-09-13 06:31,UP,2024-09-13 06:41,SHORT,19493.25,19462.00,2024-09-13 06:42,STOP_HIT,2,0.75,-6.25,0.146,false
FIXED_R65,2024-09-16,2024-09-15 14:25,UP,2024-09-15 15:49,SHORT,19541.00,19512.25,2024-09-15 15:50,STOP_HIT,2,2.50,-1.75,0.415,false
FIXED_R65,2024-09-16,2024-09-15 15:48,DOWN,2024-09-15 22:36,LONG,19485.50,19518.25,2024-09-15 22:37,STOP_HIT,2,5.00,3.00,0.373,false
FIXED_R65,2024-09-16,2024-09-16 05:56,DOWN,2024-09-16 06:25,LONG,19407.75,19439.75,2024-09-16 06:26,STOP_HIT,2,4.00,-24.50,0.226,false
FIXED_R65,2024-09-16,2024-09-16 08:21,UP,2024-09-16 10:31,SHORT,19429.00,19390.50,2024-09-16 10:32,STOP_HIT,2,8.00,1.25,0.174,true
FIXED_R65,2024-09-17,2024-09-16 17:28,UP,2024-09-16 23:15,SHORT,19470.75,19441.00,2024-09-16 23:16,STOP_HIT,2,2.50,-16.50,0.564,false
FIXED_R65,2024-09-17,2024-09-17 05:54,UP,2024-09-17 06:06,SHORT,19555.75,19524.75,2024-09-17 06:07,STOP_HIT,2,12.00,-0.25,0.030,false
FIXED_R65,2024-09-17,2024-09-17 06:47,DOWN,2024-09-17 07:08,LONG,19544.50,19541.75,2024-09-17 07:29,STOP_HIT,22,35.75,-14.25,0.025,false
FIXED_R65,2024-09-17,2024-09-17 06:59,UP,2024-09-17 07:17,SHORT,19576.25,19542.75,2024-09-17 07:18,STOP_HIT,2,14.75,7.00,0.082,false
FIXED_R65,2024-09-17,2024-09-17 07:16,DOWN,2024-09-17 07:34,LONG,19515.75,19542.50,2024-09-17 07:35,STOP_HIT,2,15.25,12.25,0.115,false
FIXED_R65,2024-09-18,2024-09-17 23:12,DOWN,2024-09-18 00:15,LONG,19428.25,19462.50,2024-09-18 00:16,STOP_HIT,2,6.00,5.50,0.172,true
FIXED_R65,2024-09-18,2024-09-18 00:30,UP,2024-09-18 03:13,SHORT,19487.25,19462.75,2024-09-18 03:14,STOP_HIT,2,3.25,3.25,0.778,false
FIXED_R65,2024-09-18,2024-09-18 05:27,DOWN,2024-09-18 05:41,LONG,19455.25,19466.25,2024-09-18 05:44,STOP_HIT,4,18.50,5.00,0.047,true
FIXED_R65,2024-09-18,2024-09-18 06:43,DOWN,2024-09-18 07:21,LONG,19417.50,19461.75,2024-09-18 07:22,STOP_HIT,2,3.75,-3.00,0.200,false
FIXED_R65,2024-09-18,2024-09-18 08:04,UP,2024-09-18 09:55,SHORT,19451.75,19455.75,2024-09-18 10:00,STOP_HIT,6,50.75,-163.25,0.435,false
FIXED_R65,2024-09-19,2024-09-18 14:00,UP,2024-09-18 15:55,SHORT,19472.00,19435.00,2024-09-18 15:56,STOP_HIT,2,0.00,-13.75,0.237,false
FIXED_R65,2024-09-19,2024-09-18 17:13,UP,2024-09-18 18:01,SHORT,19511.25,19472.25,2024-09-18 18:02,STOP_HIT,2,1.75,0.25,0.053,false
FIXED_R65,2024-11-21,2024-11-20 13:15,UP,2024-11-20 13:33,SHORT,20754.75,20723.50,2024-11-20 13:34,STOP_HIT,2,5.75,3.50,0.038,false
FIXED_R65,2024-11-21,2024-11-20 13:42,DOWN,2024-11-20 14:26,LONG,20699.50,20727.00,2024-11-20 14:27,STOP_HIT,2,5.25,3.25,0.562,false
FIXED_R65,2024-11-21,2024-11-20 15:58,UP,2024-11-20 20:01,SHORT,20674.50,20675.25,2024-11-20 20:02,STOP_HIT,2,2.50,-1.25,0.486,true
FIXED_R65,2024-11-21,2024-11-20 22:03,DOWN,2024-11-20 22:41,LONG,20641.75,20673.00,2024-11-20 22:42,STOP_HIT,2,12.25,4.25,0.233,false
FIXED_R65,2024-11-21,2024-11-20 23:28,UP,2024-11-21 01:18,SHORT,20732.00,20666.00,2024-11-21 01:19,STOP_HIT,2,2.00,1.00,0.098,false
FIXED_R65,2024-11-21,2024-11-21 04:51,DOWN,2024-11-21 05:01,LONG,20643.75,20707.75,2024-11-21 05:02,STOP_HIT,2,14.50,-30.50,0.124,false
FIXED_R65,2024-11-21,2024-11-21 05:30,UP,2024-11-21 06:33,SHORT,20784.25,20687.50,2024-11-21 06:34,STOP_HIT,2,10.00,8.25,0.022,true
FIXED_R65,2024-11-22,2024-11-21 13:52,UP,2024-11-21 16:41,SHORT,20819.50,20787.50,2024-11-21 16:42,STOP_HIT,2,6.50,6.50,0.068,false
FIXED_R65,2024-11-22,2024-11-21 17:17,DOWN,2024-11-21 17:49,LONG,20783.50,20792.50,2024-11-21 17:50,STOP_HIT,2,3.25,1.50,0.080,false
FIXED_R65,2024-11-22,2024-11-21 17:42,UP,2024-11-21 21:34,SHORT,20822.00,20796.50,2024-11-21 21:35,STOP_HIT,2,2.75,-4.00,0.347,false
FIXED_R65,2024-11-22,2024-11-21 22:00,DOWN,2024-11-21 23:12,LONG,20774.25,20799.50,2024-11-21 23:13,STOP_HIT,2,4.75,-1.75,0.216,true
FIXED_R65,2024-11-22,2024-11-22 00:10,UP,2024-11-22 03:51,SHORT,20787.75,20785.50,2024-11-22 03:52,STOP_HIT,2,3.75,-6.00,0.070,true
FIXED_R65,2024-11-22,2024-11-22 04:48,DOWN,2024-11-22 05:26,LONG,20791.50,20794.00,2024-11-22 05:27,STOP_HIT,2,0.25,-24.50,0.094,true
FIXED_R65,2024-11-22,2024-11-22 05:28,UP,2024-11-22 05:48,SHORT,20836.75,20793.75,2024-11-22 05:49,STOP_HIT,2,22.50,19.00,0.101,false
FIXED_R65,2024-11-22,2024-11-22 05:45,DOWN,2024-11-22 06:39,LONG,20799.00,20793.50,2024-11-22 06:41,STOP_HIT,3,8.00,-21.00,0.088,true
FIXED_R65,2024-11-22,2024-11-22 06:21,UP,2024-11-22 07:16,SHORT,20830.50,20795.25,2024-11-22 07:17,STOP_HIT,2,8.00,3.25,0.169,true
FIXED_R65,2024-11-25,2024-11-24 13:36,UP,2024-11-25 03:46,SHORT,20990.75,20959.25,2024-11-25 03:47,STOP_HIT,2,0.75,-11.00,0.070,false
FIXED_R65,2024-11-25,2024-11-25 04:42,DOWN,2024-11-25 04:57,LONG,20948.00,20976.25,2024-11-25 04:58,STOP_HIT,2,10.50,5.75,0.040,true
FIXED_R65,2024-11-26,2024-11-25 13:17,DOWN,2024-11-25 13:44,LONG,20868.75,20916.25,2024-11-25 13:45,STOP_HIT,2,7.25,-10.75,0.083,false
FIXED_R65,2024-11-26,2024-11-25 15:04,UP,2024-11-25 15:52,SHORT,20841.50,20815.25,2024-11-25 15:53,STOP_HIT,2,3.25,1.75,0.250,false
FIXED_R65,2024-11-26,2024-11-26 05:45,DOWN,2024-11-26 07:36,LONG,20955.00,20949.25,2024-11-26 09:17,STOP_HIT,102,29.25,-17.75,0.036,false
FIXED_R65,2024-11-26,2024-11-26 09:25,UP,2024-11-26 10:55,SHORT,20989.00,20951.25,2024-11-26 10:56,STOP_HIT,2,2.75,-15.50,0.014,false
FIXED_R65,2024-11-27,2024-11-26 16:28,DOWN,2024-11-26 19:20,LONG,20956.00,20987.25,2024-11-26 19:21,STOP_HIT,2,3.00,2.00,0.215,false
FIXED_R65,2024-11-27,2024-11-27 03:22,DOWN,2024-11-27 04:31,LONG,20893.00,20948.75,2024-11-27 04:32,STOP_HIT,2,2.25,-8.00,0.083,false
FIXED_R65,2024-11-27,2024-11-27 07:09,UP,2024-11-27 10:55,SHORT,20798.25,20800.50,2024-11-27 10:56,STOP_HIT,2,2.00,-10.25,0.149,true
FIXED_R65,2024-11-28,2024-11-27 13:00,UP,2024-11-28 02:58,SHORT,20873.25,20854.50,2024-11-28 02:59,STOP_HIT,2,0.75,0.50,0.546,false
FIXED_R65,2024-11-29,2024-11-28 13:57,DOWN,2024-11-28 15:32,LONG,20866.75,20857.50,2024-11-29 02:45,STOP_HIT,674,71.00,-18.50,0.258,true
FIXED_R65,2024-11-29,2024-11-28 15:03,UP,2024-11-28 16:06,SHORT,20887.00,20862.75,2024-11-28 16:07,STOP_HIT,2,0.50,0.25,0.238,false
FIXED_R65,2024-11-29,2024-11-28 18:17,DOWN,2024-11-28 22:51,LONG,20901.50,20892.00,2024-11-29 00:38,STOP_HIT,108,8.50,-13.75,0.105,true
FIXED_R65,2024-11-29,2024-11-29 04:32,UP,2024-11-29 04:59,SHORT,20908.00,20868.50,2024-11-29 05:00,STOP_HIT,2,0.25,-15.75,0.230,false
FIXED_R65,2024-12-02,2024-12-01 20:35,UP,2024-12-02 02:31,SHORT,21005.75,20959.50,2024-12-02 02:32,STOP_HIT,2,3.25,2.75,0.031,false
FIXED_R65,2024-12-03,2024-12-02 22:09,DOWN,2024-12-03 04:06,LONG,21177.50,21214.25,2024-12-03 04:07,STOP_HIT,2,1.50,-20.00,0.264,false
FIXED_R65,2024-12-03,2024-12-03 04:31,UP,2024-12-03 05:17,SHORT,21216.75,21201.50,2024-12-03 05:18,STOP_HIT,2,7.75,1.25,0.114,true
FIXED_R65,2024-12-03,2024-12-03 05:06,DOWN,2024-12-03 05:53,LONG,21166.75,21197.00,2024-12-03 05:54,STOP_HIT,2,11.75,11.25,0.272,false
FIXED_R65,2024-12-03,2024-12-03 06:30,DOWN,2024-12-03 07:35,LONG,21204.50,21205.75,2024-12-03 07:36,STOP_HIT,2,0.00,-7.50,0.023,false
FIXED_R65,2024-12-04,2024-12-03 13:07,UP,2024-12-03 22:36,SHORT,21367.75,21340.00,2024-12-03 22:37,STOP_HIT,2,2.75,-1.25,0.331,false
FIXED_R65,2024-12-04,2024-12-04 04:13,DOWN,2024-12-04 05:01,LONG,21397.75,21411.75,2024-12-04 05:02,STOP_HIT,2,16.75,13.50,0.089,false
FIXED_R65,2024-12-05,2024-12-05 05:50,UP,2024-12-05 07:13,SHORT,21555.25,21519.75,2024-12-05 07:14,STOP_HIT,2,2.75,-4.25,0.240,false
FIXED_R65,2024-12-05,2024-12-05 07:52,DOWN,2024-12-05 08:27,LONG,21500.00,21521.75,2024-12-05 08:28,STOP_HIT,2,3.50,-5.50,0.029,true
FIXED_R65,2024-12-06,2024-12-05 13:09,UP,2024-12-05 22:40,SHORT,21484.75,21466.75,2024-12-05 22:41,STOP_HIT,2,1.25,-4.25,0.164,false
FIXED_R65,2024-12-09,2024-12-08 13:01,UP,2024-12-08 21:38,SHORT,21690.50,21650.00,2024-12-08 21:39,STOP_HIT,2,1.00,-3.25,0.220,false
FIXED_R65,2024-12-09,2024-12-08 22:00,DOWN,2024-12-09 01:02,LONG,21622.75,21651.75,2024-12-09 01:03,STOP_HIT,2,2.50,0.00,0.218,true
FIXED_R65,2024-12-09,2024-12-09 04:30,UP,2024-12-09 04:53,SHORT,21634.50,21628.00,2024-12-09 04:54,STOP_HIT,2,9.25,-8.75,0.048,false
FIXED_R65,2024-12-09,2024-12-09 04:50,DOWN,2024-12-09 05:27,LONG,21574.00,21624.50,2024-12-09 05:28,STOP_HIT,2,6.00,-26.50,0.149,false
FIXED_R65,2024-12-10,2024-12-09 22:21,UP,2024-12-10 01:37,SHORT,21515.00,21467.75,2024-12-10 01:38,STOP_HIT,2,1.00,-0.75,0.468,false
FIXED_R65,2024-12-10,2024-12-10 05:16,DOWN,2024-12-10 06:27,LONG,21487.25,21527.25,2024-12-10 06:28,STOP_HIT,2,2.25,-10.25,0.408,false
FIXED_R65,2024-12-11,2024-12-10 21:37,UP,2024-12-11 06:11,SHORT,21731.50,21672.00,2024-12-11 06:12,STOP_HIT,2,8.00,-0.50,0.296,false
FIXED_R65,2024-12-12,2024-12-11 20:02,DOWN,2024-12-12 04:39,LONG,21688.00,21694.50,2024-12-12 04:40,STOP_HIT,2,3.00,-12.50,0.184,true
FIXED_R65,2024-12-12,2024-12-12 05:13,UP,2024-12-12 05:27,SHORT,21714.25,21681.75,2024-12-12 05:28,STOP_HIT,2,25.25,22.00,0.068,false
FIXED_R65,2024-12-12,2024-12-12 08:27,DOWN,2024-12-12 09:22,LONG,21675.00,21700.75,2024-12-12 09:23,STOP_HIT,2,1.50,-6.50,0.159,false
FIXED_R65,2024-12-13,2024-12-12 14:31,DOWN,2024-12-12 17:27,LONG,21703.00,21735.50,2024-12-12 17:28,STOP_HIT,2,3.25,1.50,0.459,false
FIXED_R65,2024-12-13,2024-12-12 18:01,UP,2024-12-12 22:27,SHORT,21761.75,21734.00,2024-12-12 22:28,STOP_HIT,2,0.25,-4.00,0.313,false
FIXED_R65,2024-12-13,2024-12-13 05:13,DOWN,2024-12-13 05:39,LONG,21792.75,21819.50,2024-12-13 05:40,STOP_HIT,2,7.75,-33.00,0.087,true
FIXED_R65,2024-12-13,2024-12-13 06:56,UP,2024-12-13 11:09,SHORT,21783.50,21779.50,2024-12-13 11:10,STOP_HIT,2,6.50,3.75,0.150,false
FIXED_R65,2024-12-16,2024-12-15 13:03,UP,2024-12-15 23:12,SHORT,21824.75,21801.75,2024-12-15 23:13,STOP_HIT,2,0.00,-1.00,0.145,false
FIXED_R65,2024-12-17,2024-12-16 17:44,DOWN,2024-12-16 21:46,LONG,22056.75,22099.75,2024-12-16 21:47,STOP_HIT,2,0.50,-6.00,0.330,false
FIXED_R65,2024-12-17,2024-12-17 06:44,DOWN,2024-12-17 07:03,LONG,22005.25,22031.75,2024-12-17 07:04,STOP_HIT,2,8.00,-2.75,0.051,false
FIXED_R65,2024-12-18,2024-12-17 13:00,DOWN,2024-12-17 13:10,LONG,21945.75,21933.00,2024-12-18 09:06,STOP_HIT,1193,138.00,-85.25,0.362,true
FIXED_R65,2024-12-18,2024-12-17 13:05,UP,2024-12-17 13:37,SHORT,21965.25,21943.00,2024-12-17 13:38,STOP_HIT,2,0.50,-3.75,0.545,false
FIXED_R65,2024-12-18,2024-12-18 02:24,DOWN,2024-12-18 04:07,LONG,21986.00,22024.00,2024-12-18 04:08,STOP_HIT,2,2.25,-6.75,0.028,true
FIXED_R65,2024-12-18,2024-12-18 04:35,UP,2024-12-18 06:03,SHORT,22029.50,22002.25,2024-12-18 06:04,STOP_HIT,2,0.75,-6.50,0.011,false
FIXED_R65,2024-12-18,2024-12-18 06:22,UP,2024-12-18 06:37,SHORT,22017.00,22002.00,2024-12-18 06:38,STOP_HIT,2,7.75,-1.75,0.127,false
FIXED_R65,2024-12-18,2024-12-18 06:53,DOWN,2024-12-18 09:01,LONG,21933.75,22003.50,2024-12-18 09:02,STOP_HIT,2,37.75,30.75,0.422,false
FIXED_R65,2024-12-19,2024-12-18 13:01,UP,2024-12-18 13:11,SHORT,21250.00,21236.75,2024-12-18 13:12,STOP_HIT,2,6.50,1.50,0.070,false
FIXED_R65,2024-12-19,2024-12-18 13:30,DOWN,2024-12-18 13:42,LONG,21208.50,21245.75,2024-12-18 13:43,STOP_HIT,2,2.00,-22.75,0.027,false
FIXED_R65,2024-12-19,2024-12-18 15:11,DOWN,2024-12-18 15:30,LONG,21215.00,21242.25,2024-12-18 15:31,STOP_HIT,2,9.25,1.25,0.250,false
FIXED_R65,2024-12-19,2024-12-18 19:59,UP,2024-12-18 21:12,SHORT,21222.00,21214.75,2024-12-18 21:13,STOP_HIT,2,5.25,0.00,0.548,true
FIXED_R65,2024-12-19,2024-12-19 04:46,DOWN,2024-12-19 05:11,LONG,21299.25,21302.50,2024-12-19 05:23,STOP_HIT,13,63.75,-23.75,0.485,true
FIXED_R65,2024-12-19,2024-12-19 05:13,DOWN,2024-12-19 05:29,LONG,21244.50,21303.50,2024-12-19 05:30,STOP_HIT,2,4.50,-6.50,0.049,true
FIXED_R65,2024-12-19,2024-12-19 06:09,UP,2024-12-19 06:31,SHORT,21334.50,21288.50,2024-12-19 06:32,STOP_HIT,2,9.00,-13.50,0.235,false
FIXED_R65,2024-12-19,2024-12-19 06:39,DOWN,2024-12-19 07:24,LONG,21221.25,21290.50,2024-12-19 07:25,STOP_HIT,2,1.25,-10.50,0.605,true
FIXED_R65,2024-12-19,2024-12-19 08:59,DOWN,2024-12-19 09:32,LONG,21218.00,21278.25,2024-12-19 09:33,STOP_HIT,2,11.50,2.50,0.282,false
FIXED_R65,2025-02-20,2025-02-19 13:19,DOWN,2025-02-19 15:52,LONG,22168.50,22213.00,2025-02-19 15:53,STOP_HIT,2,4.75,3.00,0.342,false
FIXED_R65,2025-02-20,2025-02-19 21:07,UP,2025-02-20 00:04,SHORT,22214.00,22180.00,2025-02-20 00:05,STOP_HIT,2,3.75,3.50,0.103,false
FIXED_R65,2025-02-20,2025-02-20 04:31,DOWN,2025-02-20 04:46,LONG,22166.25,22193.50,2025-02-20 04:47,STOP_HIT,2,3.25,-13.00,0.010,true
FIXED_R65,2025-02-20,2025-02-20 08:02,UP,2025-02-20 09:49,SHORT,22110.50,22072.00,2025-02-20 09:50,STOP_HIT,2,0.50,-9.75,0.019,false
FIXED_R65,2025-02-21,2025-02-20 13:43,DOWN,2025-02-20 22:16,LONG,22115.00,22147.00,2025-02-20 22:17,STOP_HIT,2,12.75,11.75,0.203,false
FIXED_R65,2025-02-21,2025-02-20 22:15,UP,2025-02-20 23:45,SHORT,22166.75,22146.75,2025-02-20 23:46,STOP_HIT,2,1.25,-0.25,0.482,false
FIXED_R65,2025-02-21,2025-02-21 03:45,DOWN,2025-02-21 04:40,LONG,22120.50,22160.00,2025-02-21 04:41,STOP_HIT,2,4.75,-1.00,0.001,false
FIXED_R65,2025-02-24,2025-02-23 13:02,UP,2025-02-23 13:25,SHORT,21743.00,21729.50,2025-02-23 13:26,STOP_HIT,2,4.25,3.00,0.090,false
FIXED_R65,2025-02-24,2025-02-23 19:44,DOWN,2025-02-23 22:01,LONG,21756.50,21766.75,2025-02-23 22:02,STOP_HIT,2,5.00,-4.50,0.094,false
FIXED_R65,2025-02-24,2025-02-23 22:16,UP,2025-02-23 23:08,SHORT,21800.50,21763.75,2025-02-23 23:09,STOP_HIT,2,8.50,3.25,0.096,false
FIXED_R65,2025-02-24,2025-02-23 23:24,DOWN,2025-02-24 01:02,LONG,21758.25,21767.50,2025-02-24 01:03,STOP_HIT,2,1.25,-7.50,0.149,false
FIXED_R65,2025-02-24,2025-02-24 02:48,UP,2025-02-24 04:22,SHORT,21763.25,21769.75,2025-02-24 11:59,TIME_EXPIRED,458,355.75,336.00,0.046,false
FIXED_R65,2025-02-24,2025-02-24 04:00,DOWN,2025-02-24 04:28,LONG,21743.25,21769.00,2025-02-24 04:29,STOP_HIT,2,19.00,9.25,0.122,false
FIXED_R65,2025-02-24,2025-02-24 08:18,DOWN,2025-02-24 09:40,LONG,21579.00,21609.25,2025-02-24 09:41,STOP_HIT,2,5.25,-15.75,0.023,false
FIXED_R65,2025-02-25,2025-02-24 13:00,DOWN,2025-02-24 13:50,LONG,21388.75,21427.25,2025-02-24 13:51,STOP_HIT,2,1.50,-2.25,0.155,false
FIXED_R65,2025-02-25,2025-02-24 13:55,UP,2025-02-24 14:27,SHORT,21431.75,21413.75,2025-02-24 14:28,STOP_HIT,2,0.25,-12.25,0.244,false
FIXED_R65,2025-02-25,2025-02-24 15:32,DOWN,2025-02-24 21:07,LONG,21388.25,21430.25,2025-02-24 21:08,STOP_HIT,2,11.50,11.50,0.340,false
FIXED_R65,2025-02-25,2025-02-25 00:59,UP,2025-02-25 03:52,SHORT,21400.50,21400.00,2025-02-25 03:53,STOP_HIT,2,1.00,-8.75,0.107,true
FIXED_R65,2025-02-25,2025-02-25 03:30,DOWN,2025-02-25 04:26,LONG,21370.00,21400.25,2025-02-25 04:27,STOP_HIT,2,6.25,-11.00,0.094,false
FIXED_R65,2025-02-25,2025-02-25 07:22,UP,2025-02-25 07:46,SHORT,21196.50,21191.75,2025-02-25 07:47,STOP_HIT,2,8.50,4.25,0.009,true
FIXED_R65,2025-02-25,2025-02-25 08:30,UP,2025-02-25 08:43,SHORT,21229.75,21199.50,2025-02-25 08:44,STOP_HIT,2,0.50,-9.00,0.045,true
FIXED_R65,2025-02-25,2025-02-25 08:44,DOWN,2025-02-25 09:08,LONG,21192.00,21201.50,2025-02-25 09:09,STOP_HIT,2,7.50,6.00,0.059,true
FIXED_R65,2025-02-25,2025-02-25 09:16,UP,2025-02-25 10:15,SHORT,21204.25,21197.00,2025-02-25 10:16,STOP_HIT,2,7.00,4.50,0.095,true
FIXED_R65,2025-02-25,2025-02-25 10:24,DOWN,2025-02-25 10:46,LONG,21161.75,21198.25,2025-02-25 10:47,STOP_HIT,2,12.25,2.75,0.070,false
FIXED_R65,2025-02-26,2025-02-26 03:33,DOWN,2025-02-26 04:00,LONG,21272.75,21284.75,2025-02-26 04:01,STOP_HIT,2,11.50,7.00,0.132,true
FIXED_R65,2025-02-26,2025-02-26 04:42,UP,2025-02-26 04:54,SHORT,21285.75,21258.50,2025-02-26 04:55,STOP_HIT,2,0.00,-8.00,0.064,true
FIXED_R65,2025-02-26,2025-02-26 07:17,DOWN,2025-02-26 08:11,LONG,21247.25,21307.50,2025-02-26 08:12,STOP_HIT,2,1.25,-21.50,0.106,true
FIXED_R65,2025-02-27,2025-02-26 13:00,DOWN,2025-02-26 13:24,LONG,21173.00,21231.50,2025-02-26 13:25,STOP_HIT,2,25.00,22.25,0.314,false
FIXED_R65,2025-02-27,2025-02-26 15:07,UP,2025-02-26 15:48,SHORT,21182.00,21178.75,2025-02-26 16:19,STOP_HIT,32,26.50,-2.75,0.226,true
FIXED_R65,2025-02-27,2025-02-26 16:27,DOWN,2025-02-26 18:40,LONG,21166.25,21180.50,2025-02-26 18:41,STOP_HIT,2,2.25,1.00,0.059,false
FIXED_R65,2025-02-27,2025-02-26 18:20,UP,2025-02-26 19:25,SHORT,21226.75,21181.25,2025-02-26 19:26,STOP_HIT,2,0.00,-3.50,0.194,false
FIXED_R65,2025-02-28,2025-02-27 21:34,UP,2025-02-27 22:20,SHORT,20638.50,20627.25,2025-02-27 22:21,STOP_HIT,2,2.25,-14.25,0.310,false
FIXED_R65,2025-02-28,2025-02-27 23:16,DOWN,2025-02-28 02:53,LONG,20606.00,20633.25,2025-02-28 02:54,STOP_HIT,2,12.50,12.50,0.209,false
FIXED_R65,2025-02-28,2025-02-28 03:27,UP,2025-02-28 03:37,SHORT,20654.25,20631.00,2025-02-28 03:38,STOP_HIT,2,22.25,19.50,0.154,false
FIXED_R65,2025-02-28,2025-02-28 03:36,DOWN,2025-02-28 03:56,LONG,20604.50,20630.25,2025-02-28 03:57,STOP_HIT,2,9.00,1.25,0.088,false
FIXED_R65,2025-02-28,2025-02-28 08:40,DOWN,2025-02-28 08:56,LONG,20598.25,20631.50,2025-02-28 08:57,STOP_HIT,2,10.25,-31.50,0.129,false
FIXED_R65,2025-02-28,2025-02-28 09:00,UP,2025-02-28 10:02,SHORT,20713.25,20630.50,2025-02-28 10:03,STOP_HIT,2,4.00,-20.25,0.024,true
FIXED_R65,2025-03-03,2025-03-02 13:00,UP,2025-03-02 13:10,SHORT,21033.75,20991.75,2025-03-02 13:11,STOP_HIT,2,18.50,10.25,0.256,false
FIXED_R65,2025-03-03,2025-03-02 13:09,DOWN,2025-03-02 13:50,LONG,20971.50,20995.75,2025-03-02 13:51,STOP_HIT,2,0.75,-7.75,0.456,false
FIXED_R65,2025-03-03,2025-03-02 16:08,DOWN,2025-03-02 17:22,LONG,20902.25,20932.50,2025-03-02 17:23,STOP_HIT,2,0.00,-15.00,0.253,false
FIXED_R65,2025-03-03,2025-03-02 17:23,UP,2025-03-02 19:08,SHORT,20951.00,20930.75,2025-03-02 19:09,STOP_HIT,2,4.00,0.00,0.105,true
FIXED_R65,2025-03-03,2025-03-02 22:08,DOWN,2025-03-02 22:26,LONG,20909.50,20948.00,2025-03-02 22:27,STOP_HIT,2,7.50,-4.50,0.239,false
FIXED_R65,2025-03-03,2025-03-02 22:26,UP,2025-03-02 23:18,SHORT,20958.25,20945.75,2025-03-02 23:19,STOP_HIT,2,0.00,-11.00,0.261,true
FIXED_R65,2025-03-03,2025-03-03 04:33,DOWN,2025-03-03 04:46,LONG,20972.75,20991.00,2025-03-03 04:49,STOP_HIT,4,35.25,-31.25,0.007,true
FIXED_R65,2025-03-04,2025-03-03 13:03,UP,2025-03-03 13:31,SHORT,20550.75,20520.25,2025-03-03 13:32,STOP_HIT,2,0.25,-0.75,0.128,false
FIXED_R65,2025-03-04,2025-03-03 13:31,DOWN,2025-03-03 14:11,LONG,20494.75,20516.50,2025-03-03 14:12,STOP_HIT,2,8.25,4.00,0.088,false
FIXED_R65,2025-03-04,2025-03-03 14:48,UP,2025-03-03 14:58,SHORT,20549.75,20517.00,2025-03-03 14:59,STOP_HIT,2,2.75,-1.00,0.190,false
FIXED_R65,2025-03-04,2025-03-03 15:00,DOWN,2025-03-03 15:30,LONG,20507.00,20518.00,2025-03-03 15:31,STOP_HIT,2,2.50,-4.50,0.323,false
FIXED_R65,2025-03-04,2025-03-03 15:34,UP,2025-03-03 17:12,SHORT,20521.00,20515.75,2025-03-03 17:13,STOP_HIT,2,5.75,4.25,0.082,true
FIXED_R65,2025-03-04,2025-03-03 19:06,DOWN,2025-03-03 22:17,LONG,20503.25,20521.75,2025-03-03 22:18,STOP_HIT,2,7.50,-3.25,0.081,true
FIXED_R65,2025-03-04,2025-03-03 22:08,UP,2025-03-03 22:38,SHORT,20555.00,20522.00,2025-03-03 22:39,STOP_HIT,2,10.00,-3.00,0.007,true
FIXED_R65,2025-03-04,2025-03-03 23:12,DOWN,2025-03-03 23:41,LONG,20498.00,20523.75,2025-03-03 23:42,STOP_HIT,2,3.00,1.25,0.258,false
FIXED_R65,2025-03-04,2025-03-04 06:58,DOWN,2025-03-04 07:08,LONG,20274.25,20297.50,2025-03-04 07:09,STOP_HIT,2,18.25,5.25,0.084,false
FIXED_R65,2025-03-05,2025-03-04 13:30,DOWN,2025-03-04 14:23,LONG,20539.50,20568.00,2025-03-04 14:24,STOP_HIT,2,2.50,1.25,0.015,true
FIXED_R65,2025-03-05,2025-03-04 16:35,UP,2025-03-04 18:03,SHORT,20542.25,20523.50,2025-03-04 18:04,STOP_HIT,2,4.00,-3.00,0.128,false
FIXED_R65,2025-03-05,2025-03-04 23:49,DOWN,2025-03-05 02:02,LONG,20501.50,20543.25,2025-03-05 02:03,STOP_HIT,2,17.00,-0.50,0.116,true
FIXED_R65,2025-03-05,2025-03-05 05:07,DOWN,2025-03-05 05:17,LONG,20406.75,20454.75,2025-03-05 05:18,STOP_HIT,2,8.25,-23.50,0.132,false
FIXED_R65,2025-03-05,2025-03-05 07:04,UP,2025-03-05 07:33,SHORT,20474.75,20406.75,2025-03-05 07:34,STOP_HIT,2,7.50,-2.00,0.075,true
FIXED_R65,2025-03-06,2025-03-05 14:59,UP,2025-03-05 18:52,SHORT,20640.75,20612.00,2025-03-05 18:53,STOP_HIT,2,0.50,-1.75,0.039,true
FIXED_R65,2025-03-06,2025-03-05 19:15,DOWN,2025-03-05 21:44,LONG,20586.00,20615.25,2025-03-05 21:45,STOP_HIT,2,3.25,-6.50,0.055,false
FIXED_R65,2025-03-06,2025-03-06 05:00,UP,2025-03-06 05:10,SHORT,20402.50,20363.25,2025-03-06 05:11,STOP_HIT,2,19.00,-8.75,0.019,true
FIXED_R65,2025-03-06,2025-03-06 06:30,DOWN,2025-03-06 06:40,LONG,20354.50,20405.00,2025-03-06 06:41,STOP_HIT,2,4.75,-4.25,0.157,false
FIXED_R65,2025-03-07,2025-03-06 13:02,DOWN,2025-03-06 14:27,LONG,20154.00,20190.25,2025-03-06 14:28,STOP_HIT,2,3.25,-4.50,0.214,false
FIXED_R65,2025-03-07,2025-03-06 14:27,UP,2025-03-06 15:19,SHORT,20209.50,20187.75,2025-03-06 15:20,STOP_HIT,2,11.25,10.50,0.210,false
FIXED_R65,2025-03-07,2025-03-06 15:14,DOWN,2025-03-06 19:54,LONG,20153.75,20185.50,2025-03-06 19:55,STOP_HIT,2,0.25,-3.00,0.393,false
FIXED_R65,2025-03-07,2025-03-06 20:50,UP,2025-03-06 23:45,SHORT,20191.25,20177.00,2025-03-06 23:46,STOP_HIT,2,0.75,-4.75,0.342,false
FIXED_R65,2025-03-07,2025-03-06 23:14,DOWN,2025-03-07 02:08,LONG,20168.50,20178.25,2025-03-07 02:09,STOP_HIT,2,1.50,-8.25,0.174,false
FIXED_R65,2025-03-07,2025-03-07 03:31,DOWN,2025-03-07 03:48,LONG,20148.50,20173.25,2025-03-07 03:49,STOP_HIT,2,12.50,-9.75,0.191,true
FIXED_R65,2025-03-07,2025-03-07 04:40,UP,2025-03-07 04:50,SHORT,20194.50,20152.50,2025-03-07 04:51,STOP_HIT,2,25.50,-10.25,0.045,true
FIXED_R65,2025-03-07,2025-03-07 05:00,UP,2025-03-07 05:11,SHORT,20167.75,20157.25,2025-03-07 08:54,STOP_HIT,224,402.25,-1.25,0.043,false
FIXED_R65,2025-03-07,2025-03-07 07:59,UP,2025-03-07 08:09,SHORT,20112.25,20050.50,2025-03-07 08:10,STOP_HIT,2,58.50,31.75,0.099,false
FIXED_R65,2025-03-10,2025-03-09 14:00,DOWN,2025-03-09 14:10,LONG,20049.00,20084.00,2025-03-09 14:11,STOP_HIT,2,8.25,-15.50,0.006,true
FIXED_R65,2025-03-10,2025-03-09 14:17,UP,2025-03-09 14:36,SHORT,20054.25,20050.00,2025-03-09 14:37,STOP_HIT,2,6.25,-4.75,0.456,false
FIXED_R65,2025-03-10,2025-03-09 14:45,DOWN,2025-03-09 15:00,LONG,20014.00,20053.50,2025-03-09 15:01,STOP_HIT,2,19.50,7.75,0.490,false
FIXED_R65,2025-03-10,2025-03-09 15:04,UP,2025-03-09 17:32,SHORT,20092.00,20043.25,2025-03-09 17:33,STOP_HIT,2,4.75,-9.00,0.216,false
FIXED_R65,2025-03-11,2025-03-10 14:04,DOWN,2025-03-10 14:35,LONG,19414.50,19418.25,2025-03-10 14:54,STOP_HIT,20,30.00,-14.00,0.365,false
FIXED_R65,2025-03-11,2025-03-10 14:11,UP,2025-03-10 14:41,SHORT,19441.50,19419.75,2025-03-10 14:42,STOP_HIT,2,14.75,13.00,0.388,false
FIXED_R65,2025-03-11,2025-03-10 14:41,DOWN,2025-03-10 15:00,LONG,19377.50,19418.25,2025-03-10 15:01,STOP_HIT,2,19.75,19.75,0.459,false
FIXED_R65,2025-03-11,2025-03-11 04:00,DOWN,2025-03-11 05:31,LONG,19434.25,19457.25,2025-03-11 05:32,STOP_HIT,2,26.25,-27.25,0.068,true
FIXED_R65,2025-03-11,2025-03-11 06:09,DOWN,2025-03-11 06:19,LONG,19422.50,19473.25,2025-03-11 06:20,STOP_HIT,2,55.50,46.50,0.041,true
FIXED_R65,2025-03-11,2025-03-11 10:01,UP,2025-03-11 10:11,SHORT,19473.00,19423.75,2025-03-11 10:12,STOP_HIT,2,13.50,-1.00,0.122,false
FIXED_R65,2025-03-12,2025-03-11 14:04,UP,2025-03-11 14:42,SHORT,19463.75,19433.75,2025-03-11 14:43,STOP_HIT,2,7.00,4.50,0.179,false
FIXED_R65,2025-03-12,2025-03-11 16:25,DOWN,2025-03-11 22:50,LONG,19426.75,19459.25,2025-03-11 22:51,STOP_HIT,2,1.75,0.25,0.247,false
FIXED_R65,2025-03-12,2025-03-11 23:22,UP,2025-03-12 00:02,SHORT,19490.25,19456.50,2025-03-12 00:03,STOP_HIT,2,6.25,1.25,0.061,false
FIXED_R65,2025-03-12,2025-03-12 10:49,DOWN,2025-03-12 11:50,LONG,19613.25,19626.25,2025-03-12 11:51,STOP_HIT,2,1.50,-33.00,0.003,true
FIXED_R65,2025-03-13,2025-03-12 14:01,UP,2025-03-12 14:21,SHORT,19634.75,19593.75,2025-03-12 14:22,STOP_HIT,2,15.00,14.25,0.247,false
FIXED_R65,2025-03-13,2025-03-12 16:00,DOWN,2025-03-12 17:42,LONG,19610.00,19645.00,2025-03-12 17:43,STOP_HIT,2,9.50,6.75,0.225,false
FIXED_R65,2025-03-13,2025-03-13 00:18,UP,2025-03-13 01:49,SHORT,19592.50,19494.75,2025-03-13 01:50,STOP_HIT,2,8.50,1.50,0.258,true
FIXED_R65,2025-03-13,2025-03-13 04:48,UP,2025-03-13 05:01,SHORT,19573.00,19534.50,2025-03-13 05:02,STOP_HIT,2,7.00,-0.75,0.279,false
FIXED_R65,2025-03-13,2025-03-13 06:25,DOWN,2025-03-13 06:35,LONG,19488.25,19505.25,2025-03-13 06:36,STOP_HIT,2,13.25,-48.50,0.013,true
FIXED_R65,2025-03-14,2025-03-13 14:00,UP,2025-03-13 14:40,SHORT,19366.50,19333.75,2025-03-13 14:41,STOP_HIT,2,8.50,7.00,0.261,false
FIXED_R65,2025-03-14,2025-03-13 19:15,DOWN,2025-03-14 00:13,LONG,19399.00,19402.50,2025-03-14 12:59,TIME_EXPIRED,767,343.50,268.50,0.105,false
FIXED_R65,2025-03-14,2025-03-13 23:34,UP,2025-03-14 00:25,SHORT,19430.75,19403.25,2025-03-14 00:26,STOP_HIT,2,4.25,-10.00,0.075,false
FIXED_R65,2025-03-14,2025-03-14 06:21,UP,2025-03-14 06:31,SHORT,19490.75,19483.75,2025-03-14 06:32,STOP_HIT,2,1.25,-2.00,0.011,false
FIXED_R65,2025-03-17,2025-03-16 14:00,DOWN,2025-03-16 14:10,LONG,19619.00,19653.00,2025-03-16 14:11,STOP_HIT,2,12.50,3.50,0.114,false
FIXED_R65,2025-03-17,2025-03-16 15:06,UP,2025-03-16 17:45,SHORT,19619.50,19603.00,2025-03-16 17:46,STOP_HIT,2,4.50,-2.00,0.355,false
FIXED_R65,2025-03-17,2025-03-16 17:20,DOWN,2025-03-16 22:23,LONG,19571.25,19601.00,2025-03-16 22:24,STOP_HIT,2,2.25,-1.50,0.162,false
FIXED_R65,2025-03-17,2025-03-16 23:18,UP,2025-03-17 01:02,SHORT,19623.25,19598.75,2025-03-17 01:03,STOP_HIT,2,8.50,6.50,0.346,false
FIXED_R65,2025-03-17,2025-03-17 06:36,UP,2025-03-17 06:46,SHORT,19737.25,19724.00,2025-03-17 06:47,STOP_HIT,2,13.75,-8.00,0.036,true
FIXED_R65,2025-03-17,2025-03-17 06:44,DOWN,2025-03-17 06:59,LONG,19680.25,19723.50,2025-03-17 07:00,STOP_HIT,2,30.75,28.00,0.059,true
FIXED_R65,2025-03-17,2025-03-17 08:14,DOWN,2025-03-17 08:24,LONG,19681.00,19709.50,2025-03-17 08:25,STOP_HIT,2,12.50,8.00,0.107,false
FIXED_R65,2025-03-17,2025-03-17 08:46,UP,2025-03-17 09:11,SHORT,19707.75,19704.00,2025-03-17 09:12,STOP_HIT,2,8.00,-8.75,0.045,true
FIXED_R65,2025-03-18,2025-03-18 01:18,DOWN,2025-03-18 02:04,LONG,19760.75,19798.50,2025-03-18 02:05,STOP_HIT,2,7.50,-12.00,0.275,false
FIXED_R65,2025-03-18,2025-03-18 08:59,DOWN,2025-03-18 09:15,LONG,19538.25,19527.00,2025-03-18 09:17,STOP_HIT,3,4.75,-16.75,0.012,true
FIXED_R65,2025-03-18,2025-03-18 09:33,UP,2025-03-18 09:51,SHORT,19533.50,19521.50,2025-03-18 09:52,STOP_HIT,2,8.75,4.25,0.236,false
FIXED_R65,2025-03-18,2025-03-18 10:15,UP,2025-03-18 10:51,SHORT,19549.25,19518.75,2025-03-18 10:52,STOP_HIT,2,2.75,-23.00,0.069,true
FIXED_R65,2025-03-18,2025-03-18 10:52,DOWN,2025-03-18 11:36,LONG,19503.25,19520.00,2025-03-18 11:37,STOP_HIT,2,4.75,-6.00,0.000,false
FIXED_R65,2025-03-19,2025-03-18 14:30,UP,2025-03-18 16:21,SHORT,19530.00,19503.50,2025-03-18 16:22,STOP_HIT,2,0.00,-15.50,0.239,true
FIXED_R65,2025-03-19,2025-03-18 23:44,UP,2025-03-19 03:47,SHORT,19574.50,19542.25,2025-03-19 03:48,STOP_HIT,2,5.50,-7.00,0.453,false
FIXED_R65,2025-03-20,2025-03-19 14:00,UP,2025-03-19 14:37,SHORT,19794.75,19783.75,2025-03-19 14:38,STOP_HIT,2,3.50,1.00,0.300,false
FIXED_R65,2025-03-20,2025-03-19 19:18,DOWN,2025-03-20 02:21,LONG,19542.00,19818.50,2025-03-20 02:22,STOP_HIT,2,30.25,27.00,0.140,true
FIXED_R65,2025-03-20,2025-03-20 05:30,UP,2025-03-20 06:42,SHORT,19871.75,19790.00,2025-03-20 06:43,STOP_HIT,2,4.50,-14.00,0.106,false
FIXED_R65,2025-03-20,2025-03-20 07:37,UP,2025-03-20 07:47,SHORT,19835.25,19808.50,2025-03-20 07:48,STOP_HIT,2,0.00,-10.75,0.532,false
FIXED_R65,2025-03-20,2025-03-20 07:48,DOWN,2025-03-20 08:02,LONG,19785.00,19809.50,2025-03-20 08:03,STOP_HIT,2,20.25,13.50,0.013,true
FIXED_R65,2025-05-22,2025-05-21 14:13,UP,2025-05-21 16:11,SHORT,21180.25,21148.00,2025-05-21 16:12,STOP_HIT,2,14.00,10.75,0.387,false
FIXED_R65,2025-05-22,2025-05-22 03:09,DOWN,2025-05-22 03:47,LONG,21163.00,21183.50,2025-05-22 03:48,STOP_HIT,2,2.50,-14.25,0.053,false
FIXED_R65,2025-05-22,2025-05-22 04:17,UP,2025-05-22 05:22,SHORT,21174.75,21174.75,2025-05-22 05:23,STOP_HIT,2,2.00,-12.25,0.075,true
FIXED_R65,2025-05-22,2025-05-22 05:06,DOWN,2025-05-22 05:34,LONG,21140.25,21176.75,2025-05-22 05:35,STOP_HIT,2,37.25,34.75,0.154,false
FIXED_R65,2025-05-22,2025-05-22 05:35,UP,2025-05-22 05:51,SHORT,21200.00,21173.75,2025-05-22 05:52,STOP_HIT,2,11.00,-38.50,0.031,false
FIXED_R65,2025-05-22,2025-05-22 11:05,DOWN,2025-05-22 12:51,LONG,21202.50,21230.75,2025-05-22 12:52,STOP_HIT,2,5.50,3.00,0.000,false
FIXED_R65,2025-05-23,2025-05-22 14:00,DOWN,2025-05-22 14:51,LONG,21165.75,21200.50,2025-05-22 14:52,STOP_HIT,2,2.50,-17.75,0.419,false
FIXED_R65,2025-05-23,2025-05-22 15:01,UP,2025-05-22 16:36,SHORT,21185.00,21182.50,2025-05-22 16:37,STOP_HIT,2,0.75,-12.75,0.182,false
FIXED_R65,2025-05-23,2025-05-22 19:24,DOWN,2025-05-22 20:57,LONG,21145.50,21180.00,2025-05-22 20:58,STOP_HIT,2,6.00,5.50,0.413,false
FIXED_R65,2025-05-23,2025-05-22 22:16,UP,2025-05-22 23:53,SHORT,21207.00,21173.25,2025-05-22 23:54,STOP_HIT,2,2.50,1.75,0.106,false
FIXED_R65,2025-05-23,2025-05-23 00:07,DOWN,2025-05-23 01:42,LONG,21160.00,21176.50,2025-05-23 01:43,STOP_HIT,2,4.25,-1.25,0.302,false
FIXED_R65,2025-05-23,2025-05-23 02:03,DOWN,2025-05-23 03:20,LONG,21112.50,21173.00,2025-05-23 03:21,STOP_HIT,2,0.00,-39.25,0.310,false
FIXED_R65,2025-05-23,2025-05-23 05:37,DOWN,2025-05-23 05:47,LONG,20863.50,20911.50,2025-05-23 05:48,STOP_HIT,2,14.00,-1.75,0.014,true
FIXED_R65,2025-05-23,2025-05-23 05:48,UP,2025-05-23 06:15,SHORT,20969.75,20906.75,2025-05-23 06:16,STOP_HIT,2,13.75,13.00,0.014,true
FIXED_R65,2025-05-26,2025-05-25 14:39,UP,2025-05-25 17:32,SHORT,21174.25,21178.50,2025-05-25 17:36,STOP_HIT,5,4.25,-5.75,0.651,true
FIXED_R65,2025-05-27,2025-05-26 14:00,DOWN,2025-05-26 15:00,LONG,21229.25,21258.75,2025-05-26 15:01,STOP_HIT,2,8.75,2.00,0.200,false
FIXED_R65,2025-05-27,2025-05-26 19:46,UP,2025-05-26 23:00,SHORT,21243.00,21208.00,2025-05-26 23:01,STOP_HIT,2,7.50,5.50,0.360,true
FIXED_R65,2025-05-27,2025-05-27 05:37,UP,2025-05-27 06:01,SHORT,21325.25,21264.50,2025-05-27 06:02,STOP_HIT,2,6.25,-6.25,0.111,false
FIXED_R65,2025-05-28,2025-05-27 15:18,DOWN,2025-05-28 00:13,LONG,21421.00,21457.50,2025-05-28 00:14,STOP_HIT,2,5.75,5.25,0.249,false
FIXED_R65,2025-05-28,2025-05-28 01:44,UP,2025-05-28 02:33,SHORT,21476.25,21451.25,2025-05-28 02:34,STOP_HIT,2,0.25,-9.50,0.345,false
FIXED_R65,2025-05-28,2025-05-28 05:40,DOWN,2025-05-28 06:00,LONG,21467.50,21493.25,2025-05-28 06:01,STOP_HIT,2,19.25,13.50,0.074,true
FIXED_R65,2025-05-28,2025-05-28 06:58,UP,2025-05-28 10:05,SHORT,21488.50,21468.50,2025-05-28 10:06,STOP_HIT,2,12.50,9.50,0.153,false
FIXED_R65,2025-05-28,2025-05-28 10:52,UP,2025-05-28 11:13,SHORT,21497.75,21469.75,2025-05-28 11:14,STOP_HIT,2,36.50,12.50,0.067,true
FIXED_R65,2025-05-28,2025-05-28 11:08,DOWN,2025-05-28 11:33,LONG,21458.75,21469.50,2025-05-28 11:34,STOP_HIT,2,1.75,-3.25,0.071,true
FIXED_R65,2025-05-29,2025-05-28 14:00,UP,2025-05-28 14:49,SHORT,21552.25,21516.50,2025-05-28 14:50,STOP_HIT,2,0.50,-22.50,0.023,false
FIXED_R65,2025-05-29,2025-05-28 23:00,UP,2025-05-28 23:41,SHORT,21802.75,21771.00,2025-05-28 23:42,STOP_HIT,2,0.75,-4.25,0.064,true
FIXED_R65,2025-05-29,2025-05-29 00:00,DOWN,2025-05-29 03:26,LONG,21695.75,21775.50,2025-05-29 03:27,STOP_HIT,2,4.00,-6.25,0.080,false
FIXED_R65,2025-05-30,2025-05-29 14:10,DOWN,2025-05-29 15:41,LONG,21343.50,21358.00,2025-05-29 15:42,STOP_HIT,2,2.50,-1.00,0.174,false
FIXED_R65,2025-05-30,2025-05-29 17:05,UP,2025-05-29 19:31,SHORT,21337.00,21341.75,2025-05-29 19:32,STOP_HIT,2,0.75,-7.50,0.006,true
FIXED_R65,2025-05-30,2025-05-30 04:30,UP,2025-05-30 04:41,SHORT,21349.75,21352.25,2025-05-30 04:43,STOP_HIT,3,8.75,-15.00,0.055,false
FIXED_R65,2025-05-30,2025-05-30 05:50,UP,2025-05-30 06:36,SHORT,21367.50,21345.75,2025-05-30 06:37,STOP_HIT,2,8.25,-28.00,0.023,false
FIXED_R65,2025-06-02,2025-06-01 14:10,DOWN,2025-06-01 15:31,LONG,21281.75,21311.50,2025-06-01 15:32,STOP_HIT,2,5.25,5.25,0.091,false
FIXED_R65,2025-06-03,2025-06-02 14:00,DOWN,2025-06-02 15:26,LONG,21479.75,21523.25,2025-06-02 15:31,STOP_HIT,6,64.50,41.25,0.126,false
FIXED_R65,2025-06-03,2025-06-02 15:29,DOWN,2025-06-02 19:11,LONG,21465.75,21493.00,2025-06-02 19:12,STOP_HIT,2,0.25,-3.50,0.160,false
FIXED_R65,2025-06-03,2025-06-03 00:15,UP,2025-06-03 03:40,SHORT,21526.00,21463.25,2025-06-03 03:41,STOP_HIT,2,6.50,0.00,0.105,false
FIXED_R65,2025-06-04,2025-06-03 18:15,UP,2025-06-04 00:06,SHORT,21730.75,21696.00,2025-06-04 00:07,STOP_HIT,2,5.75,0.25,0.095,true
FIXED_R65,2025-06-04,2025-06-04 04:05,DOWN,2025-06-04 04:21,LONG,21700.25,21711.00,2025-06-04 04:22,STOP_HIT,2,0.00,-29.00,0.154,false
FIXED_R65,2025-06-04,2025-06-04 04:25,UP,2025-06-04 05:21,SHORT,21726.75,21706.50,2025-06-04 05:22,STOP_HIT,2,6.50,-10.00,0.168,false
FIXED_R65,2025-06-04,2025-06-04 06:05,UP,2025-06-04 06:38,SHORT,21745.50,21720.50,2025-06-04 06:39,STOP_HIT,2,25.25,13.50,0.203,true
FIXED_R65,2025-06-04,2025-06-04 08:10,UP,2025-06-04 09:06,SHORT,21769.00,21733.00,2025-06-04 09:07,STOP_HIT,2,2.00,-2.00,0.026,false
FIXED_R65,2025-06-05,2025-06-04 22:14,UP,2025-06-04 23:24,SHORT,21780.50,21748.00,2025-06-04 23:25,STOP_HIT,2,1.25,-31.25,0.250,false
FIXED_R65,2025-06-05,2025-06-05 04:30,UP,2025-06-05 04:40,SHORT,21771.75,21763.00,2025-06-05 04:41,STOP_HIT,2,9.25,-2.75,0.214,false
FIXED_R65,2025-06-05,2025-06-05 05:35,DOWN,2025-06-05 05:45,LONG,21778.25,21779.00,2025-06-05 05:46,STOP_HIT,2,2.75,-58.00,0.077,false
FIXED_R65,2025-06-06,2025-06-05 14:00,UP,2025-06-05 14:28,SHORT,21527.25,21504.50,2025-06-05 14:29,STOP_HIT,2,0.25,-3.75,0.104,false
FIXED_R65,2025-06-06,2025-06-06 07:16,DOWN,2025-06-06 07:29,LONG,21788.25,21785.25,2025-06-06 07:34,STOP_HIT,6,15.75,-8.25,0.127,true
FIXED_R65,2025-06-06,2025-06-06 07:20,UP,2025-06-06 07:31,SHORT,21789.75,21785.50,2025-06-06 07:32,STOP_HIT,2,1.00,-4.00,0.008,true
FIXED_R65,2025-06-06,2025-06-06 08:10,DOWN,2025-06-06 08:40,LONG,21778.50,21790.75,2025-06-06 08:42,STOP_HIT,3,15.75,-8.50,0.164,false
FIXED_R65,2025-06-06,2025-06-06 08:55,UP,2025-06-06 09:51,SHORT,21819.00,21789.00,2025-06-06 09:52,STOP_HIT,2,5.50,3.25,0.016,false
FIXED_R65,2025-06-09,2025-06-08 14:00,DOWN,2025-06-08 14:15,LONG,21761.25,21797.75,2025-06-08 14:16,STOP_HIT,2,7.25,-2.75,0.231,false
FIXED_R65,2025-06-09,2025-06-08 18:30,UP,2025-06-08 23:41,SHORT,21775.50,21747.75,2025-06-08 23:42,STOP_HIT,2,3.25,2.75,0.052,false
FIXED_R65,2025-06-09,2025-06-09 05:35,UP,2025-06-09 05:51,SHORT,21803.00,21781.50,2025-06-09 05:52,STOP_HIT,2,0.50,-7.50,0.017,false
FIXED_R65,2025-06-10,2025-06-09 23:44,UP,2025-06-10 04:17,SHORT,21863.25,21833.50,2025-06-10 04:18,STOP_HIT,2,4.25,3.50,0.032,false
FIXED_R65,2025-06-10,2025-06-10 07:33,UP,2025-06-10 08:09,SHORT,21901.00,21855.75,2025-06-10 08:10,STOP_HIT,2,16.25,0.75,0.155,true
FIXED_R65,2025-06-10,2025-06-10 10:00,UP,2025-06-10 10:36,SHORT,21884.75,21862.50,2025-06-10 10:37,STOP_HIT,2,0.00,-4.50,0.051,false
FIXED_R65,2025-06-11,2025-06-10 14:54,DOWN,2025-06-10 15:06,LONG,21948.25,21955.00,2025-06-10 15:07,STOP_HIT,2,0.00,-8.75,0.269,false
FIXED_R65,2025-06-11,2025-06-10 15:05,UP,2025-06-10 15:18,SHORT,21993.00,21956.25,2025-06-10 15:19,STOP_HIT,2,19.75,10.50,0.087,false
FIXED_R65,2025-06-11,2025-06-10 15:15,DOWN,2025-06-10 16:06,LONG,21950.25,21957.75,2025-06-10 16:07,STOP_HIT,2,1.50,-8.50,0.075,false
FIXED_R65,2025-06-11,2025-06-10 20:58,UP,2025-06-11 01:31,SHORT,21939.75,21914.00,2025-06-11 01:32,STOP_HIT,2,0.75,-2.50,0.088,true
FIXED_R65,2025-06-11,2025-06-11 03:17,UP,2025-06-11 04:01,SHORT,21935.00,21919.50,2025-06-11 04:02,STOP_HIT,2,5.00,-19.00,0.127,false
FIXED_R65,2025-06-11,2025-06-11 05:45,UP,2025-06-11 05:55,SHORT,21982.25,21961.50,2025-06-11 05:56,STOP_HIT,2,14.25,4.50,0.178,true
FIXED_R65,2025-06-11,2025-06-11 09:09,DOWN,2025-06-11 09:50,LONG,21948.25,21989.00,2025-06-11 09:51,STOP_HIT,2,7.75,-1.50,0.230,false
FIXED_R65,2025-06-12,2025-06-11 14:30,DOWN,2025-06-11 14:56,LONG,21835.00,21868.25,2025-06-11 14:57,STOP_HIT,2,2.25,-6.50,0.104,false
FIXED_R65,2025-06-12,2025-06-11 17:34,UP,2025-06-11 22:56,SHORT,21842.00,21818.25,2025-06-11 22:57,STOP_HIT,2,7.25,3.25,0.097,true
FIXED_R65,2025-06-12,2025-06-11 23:00,DOWN,2025-06-11 23:54,LONG,21783.25,21819.50,2025-06-11 23:55,STOP_HIT,2,3.00,-10.00,0.171,true
FIXED_R65,2025-06-12,2025-06-12 01:35,DOWN,2025-06-12 02:20,LONG,21807.25,21809.00,2025-06-12 02:21,STOP_HIT,2,0.75,-10.75,0.245,false
FIXED_R65,2025-06-12,2025-06-12 04:30,UP,2025-06-12 04:40,SHORT,21828.00,21800.00,2025-06-12 04:41,STOP_HIT,2,0.25,-14.00,0.067,false
FIXED_R65,2025-06-13,2025-06-12 14:00,DOWN,2025-06-12 15:50,LONG,21871.25,21878.00,2025-06-12 15:51,STOP_HIT,2,2.25,0.00,0.367,false
FIXED_R65,2025-06-13,2025-06-12 20:15,UP,2025-06-12 23:01,SHORT,21603.25,21578.75,2025-06-12 23:02,STOP_HIT,2,0.75,-10.50,0.055,false
FIXED_R65,2025-06-13,2025-06-13 06:25,UP,2025-06-13 06:36,SHORT,21676.00,21657.25,2025-06-13 06:37,STOP_HIT,2,12.50,-30.00,0.122,false
FIXED_R65,2025-06-13,2025-06-13 10:00,DOWN,2025-06-13 10:31,LONG,21671.25,21725.25,2025-06-13 10:32,STOP_HIT,2,3.50,-31.25,0.021,false
FIXED_R65,2025-06-16,2025-06-15 14:03,DOWN,2025-06-15 14:13,LONG,21805.25,21804.25,2025-06-16 12:59,TIME_EXPIRED,1365,416.75,357.50,0.046,true
FIXED_R65,2025-06-16,2025-06-15 14:10,UP,2025-06-15 14:20,SHORT,21826.50,21811.25,2025-06-15 14:21,STOP_HIT,2,13.75,-28.75,0.095,true
FIXED_R65,2025-06-16,2025-06-16 09:30,DOWN,2025-06-16 11:15,LONG,22151.75,22160.25,2025-06-16 11:18,STOP_HIT,4,14.00,-5.75,0.080,false
FIXED_R65,2025-06-17,2025-06-16 14:00,DOWN,2025-06-16 14:39,LONG,22115.25,22141.75,2025-06-16 14:40,STOP_HIT,2,2.00,-10.75,0.020,false
FIXED_R65,2025-06-17,2025-06-16 16:59,DOWN,2025-06-16 18:10,LONG,22046.50,22067.00,2025-06-16 18:11,STOP_HIT,2,4.50,-2.00,0.006,true
FIXED_R65,2025-06-17,2025-06-16 18:30,UP,2025-06-16 18:56,SHORT,22095.00,22065.00,2025-06-16 18:57,STOP_HIT,2,0.25,-4.50,0.021,false
FIXED_R65,2025-06-17,2025-06-16 22:15,DOWN,2025-06-16 23:23,LONG,22026.50,22071.25,2025-06-16 23:24,STOP_HIT,2,10.25,0.00,0.234,false
FIXED_R65,2025-06-17,2025-06-17 02:45,UP,2025-06-17 04:13,SHORT,22080.00,22063.25,2025-06-17 04:14,STOP_HIT,2,1.75,-3.25,0.123,false
FIXED_R65,2025-06-17,2025-06-17 04:30,DOWN,2025-06-17 05:12,LONG,22045.50,22063.50,2025-06-17 05:13,STOP_HIT,2,4.25,0.25,0.133,false
FIXED_R65,2025-06-17,2025-06-17 05:11,UP,2025-06-17 05:31,SHORT,22096.75,22063.00,2025-06-17 05:32,STOP_HIT,2,25.25,16.00,0.018,false
FIXED_R65,2025-06-17,2025-06-17 05:30,DOWN,2025-06-17 05:50,LONG,22057.75,22064.50,2025-06-17 08:52,STOP_HIT,183,77.25,-2.00,0.043,false
FIXED_R65,2025-06-17,2025-06-17 05:44,UP,2025-06-17 05:54,SHORT,22073.75,22065.25,2025-06-17 05:55,STOP_HIT,2,11.75,8.00,0.064,true
FIXED_R65,2025-06-18,2025-06-17 14:00,DOWN,2025-06-17 14:41,LONG,21889.75,21906.75,2025-06-17 14:42,STOP_HIT,2,5.25,-4.25,0.072,false
FIXED_R65,2025-06-18,2025-06-17 14:57,UP,2025-06-17 16:01,SHORT,21914.25,21900.00,2025-06-17 16:02,STOP_HIT,2,1.75,-8.75,0.009,false
FIXED_R65,2025-06-18,2025-06-18 03:07,UP,2025-06-18 03:48,SHORT,22024.25,21988.25,2025-06-18 03:49,STOP_HIT,2,2.00,0.75,0.009,false
FIXED_R65,2025-06-18,2025-06-18 03:45,DOWN,2025-06-18 05:31,LONG,21981.75,21993.75,2025-06-18 05:32,STOP_HIT,2,11.25,-40.75,0.028,false
FIXED_R65,2025-06-18,2025-06-18 05:34,UP,2025-06-18 06:03,SHORT,22006.00,21990.50,2025-06-18 06:04,STOP_HIT,2,1.50,-9.25,0.110,false
FIXED_R65,2025-06-18,2025-06-18 10:05,UP,2025-06-18 10:44,SHORT,22055.75,22019.00,2025-06-18 10:47,STOP_HIT,4,46.50,36.50,0.134,true
FIXED_R65,2025-06-18,2025-06-18 10:40,DOWN,2025-06-18 10:53,LONG,21994.25,22019.00,2025-06-18 10:54,STOP_HIT,2,1.25,-22.25,0.109,false
FIXED_R65,2025-06-19,2025-06-18 14:00,DOWN,2025-06-18 16:06,LONG,21925.00,21932.75,2025-06-18 16:07,STOP_HIT,2,8.00,3.00,0.215,false
FIXED_R65,2025-06-19,2025-06-18 20:41,DOWN,2025-06-18 22:31,LONG,21844.50,21867.75,2025-06-18 22:32,STOP_HIT,2,1.00,-7.50,0.070,false
FIXED_R65,2025-06-20,2025-06-19 14:00,UP,2025-06-19 14:10,SHORT,21823.75,21826.25,2025-06-19 14:11,STOP_HIT,2,2.75,-9.00,0.278,false
FIXED_R65,2025-06-20,2025-06-19 14:45,DOWN,2025-06-19 17:37,LONG,21850.50,21883.75,2025-06-19 17:38,STOP_HIT,2,22.50,12.00,0.185,false
FIXED_R65,2025-06-20,2025-06-19 17:10,UP,2025-06-19 19:26,SHORT,21906.25,21884.50,2025-06-19 19:27,STOP_HIT,2,2.25,0.75,0.086,false
FIXED_R65,2025-06-20,2025-06-20 00:10,DOWN,2025-06-20 00:56,LONG,21871.75,21898.75,2025-06-20 00:57,STOP_HIT,2,1.00,-6.75,0.085,false
FIXED_R65,2025-06-20,2025-06-20 00:55,UP,2025-06-20 03:35,SHORT,21915.75,21899.00,2025-06-20 03:36,STOP_HIT,2,0.50,-6.50,0.204,false
FIXED_R65,2025-06-23,2025-06-22 14:00,UP,2025-06-22 14:10,SHORT,21728.00,21697.00,2025-06-22 14:11,STOP_HIT,2,14.50,9.50,0.120,false
FIXED_R65,2025-06-23,2025-06-22 16:20,UP,2025-06-22 19:38,SHORT,21764.00,21736.75,2025-06-22 19:39,STOP_HIT,2,0.00,-2.00,0.007,false
FIXED_R65,2025-06-23,2025-06-23 03:45,UP,2025-06-23 04:01,SHORT,21833.75,21806.50,2025-06-23 04:02,STOP_HIT,2,1.25,-4.50,0.046,false
FIXED_R65,2025-06-24,2025-06-23 14:00,UP,2025-06-23 14:10,SHORT,22161.25,22133.25,2025-06-23 14:11,STOP_HIT,2,17.50,11.00,0.138,false
FIXED_R65,2025-06-24,2025-06-24 01:35,DOWN,2025-06-24 04:49,LONG,22293.25,22286.75,2025-06-24 04:50,STOP_HIT,2,0.25,-14.00,0.302,false
FIXED_R65,2025-06-24,2025-06-24 03:20,UP,2025-06-24 05:36,SHORT,22301.50,22287.75,2025-06-24 05:37,STOP_HIT,2,6.75,-14.75,0.008,false
FIXED_R65,2025-06-25,2025-06-24 14:00,UP,2025-06-25 01:21,SHORT,22441.00,22419.00,2025-06-25 01:22,STOP_HIT,2,0.50,-6.75,0.162,false
FIXED_R65,2025-06-25,2025-06-25 05:40,DOWN,2025-06-25 06:56,LONG,22493.50,22494.25,2025-06-25 07:00,STOP_HIT,5,8.25,-5.75,0.018,true
FIXED_R65,2025-06-26,2025-06-25 15:05,UP,2025-06-25 19:36,SHORT,22499.25,22469.50,2025-06-25 19:37,STOP_HIT,2,4.25,0.25,0.226,false
FIXED_R65,2025-06-26,2025-06-26 04:05,DOWN,2025-06-26 05:35,LONG,22534.75,22541.00,2025-06-26 05:36,STOP_HIT,2,11.00,-17.00,0.064,false
FIXED_R65,2025-06-26,2025-06-26 05:50,UP,2025-06-26 06:06,SHORT,22553.25,22532.25,2025-06-26 06:07,STOP_HIT,2,16.00,4.25,0.107,true
FIXED_R65,2025-06-27,2025-06-26 17:28,UP,2025-06-26 22:15,SHORT,22722.25,22690.00,2025-06-26 22:16,STOP_HIT,2,1.25,-2.25,0.155,false
FIXED_R65,2025-06-27,2025-06-27 04:00,DOWN,2025-06-27 05:29,LONG,22708.75,22730.25,2025-06-27 05:30,STOP_HIT,2,19.75,8.50,0.013,true
FIXED_R65,2025-06-27,2025-06-27 05:30,UP,2025-06-27 05:56,SHORT,22755.75,22729.50,2025-06-27 05:57,STOP_HIT,2,0.75,-6.50,0.067,false
FIXED_R65,2025-06-27,2025-06-27 07:45,DOWN,2025-06-27 10:31,LONG,22655.50,22761.00,2025-06-27 10:32,STOP_HIT,2,19.75,18.75,0.006,true
FIXED_R65,2025-06-30,2025-06-29 14:00,UP,2025-06-29 14:50,SHORT,22813.25,22789.00,2025-06-29 14:51,STOP_HIT,2,1.25,-4.75,0.182,false
FIXED_R65,2025-06-30,2025-06-30 01:35,DOWN,2025-06-30 05:35,LONG,22825.25,22869.25,2025-06-30 05:36,STOP_HIT,2,21.75,5.25,0.029,false
FIXED_R65,2025-06-30,2025-06-30 05:50,UP,2025-06-30 08:34,SHORT,22843.25,22836.25,2025-06-30 08:35,STOP_HIT,2,2.00,-10.50,0.061,false
FIXED_R65,2025-06-30,2025-06-30 08:09,DOWN,2025-06-30 09:56,LONG,22830.00,22836.00,2025-06-30 09:57,STOP_HIT,2,4.00,-17.00,0.040,true
FIXED_R65,2025-06-30,2025-06-30 10:40,UP,2025-06-30 11:08,SHORT,22858.75,22834.00,2025-06-30 11:09,STOP_HIT,2,3.25,2.75,0.023,true
FIXED_R65,2025-07-01,2025-06-30 15:28,UP,2025-06-30 17:49,SHORT,22902.75,22888.75,2025-06-30 17:50,STOP_HIT,2,0.00,-9.00,0.192,false
FIXED_R65,2025-07-01,2025-06-30 17:53,DOWN,2025-06-30 21:06,LONG,22860.75,22882.50,2025-06-30 21:07,STOP_HIT,2,0.25,-3.75,0.220,false
FIXED_R65,2025-07-01,2025-07-01 06:15,DOWN,2025-07-01 06:25,LONG,22788.25,22818.75,2025-07-01 06:26,STOP_HIT,2,8.25,-22.25,0.007,false
FIXED_R65,2025-07-01,2025-07-01 09:50,DOWN,2025-07-01 11:00,LONG,22702.25,22732.50,2025-07-01 11:01,STOP_HIT,2,1.25,-41.50,0.031,false
FIXED_R65,2025-07-02,2025-07-01 18:08,UP,2025-07-01 18:59,SHORT,22737.75,22711.25,2025-07-01 19:00,STOP_HIT,2,3.25,0.00,0.080,false
FIXED_R65,2025-07-02,2025-07-01 20:51,DOWN,2025-07-02 03:09,LONG,22694.25,22717.25,2025-07-02 03:10,STOP_HIT,2,2.00,-7.50,0.082,true
FIXED_R65,2025-07-02,2025-07-02 04:40,UP,2025-07-02 06:25,SHORT,22768.50,22704.25,2025-07-02 06:26,STOP_HIT,2,5.25,-16.25,0.048,false
FIXED_R65,2025-07-03,2025-07-02 23:39,DOWN,2025-07-03 02:06,LONG,22843.00,22862.50,2025-07-03 02:07,STOP_HIT,2,0.00,-1.25,0.195,false
FIXED_R65,2025-07-03,2025-07-03 02:16,UP,2025-07-03 04:29,SHORT,22858.00,22860.50,2025-07-03 04:30,STOP_HIT,2,1.50,-39.50,0.235,false
FIXED_R65,2025-07-04,2025-07-03 14:28,DOWN,2025-07-03 18:14,LONG,23011.25,23035.25,2025-07-03 18:15,STOP_HIT,2,2.75,-15.00,0.142,false
FIXED_R65,2025-07-07,2025-07-06 14:00,UP,2025-07-06 14:10,SHORT,22998.25,22998.75,2025-07-06 14:17,STOP_HIT,8,10.00,-3.75,0.220,true
FIXED_R65,2025-07-07,2025-07-06 14:01,DOWN,2025-07-06 15:02,LONG,22968.75,22991.75,2025-07-06 15:03,STOP_HIT,2,3.50,1.25,0.202,false
FIXED_R65,2025-07-07,2025-07-07 00:10,UP,2025-07-07 03:11,SHORT,22959.00,22953.25,2025-07-07 03:12,STOP_HIT,2,3.00,-0.50,0.008,true
FIXED_R65,2025-07-07,2025-07-07 04:15,DOWN,2025-07-07 05:16,LONG,22940.50,22958.25,2025-07-07 05:17,STOP_HIT,2,5.50,-0.50,0.100,false
FIXED_R65,2025-07-07,2025-07-07 05:34,UP,2025-07-07 05:56,SHORT,22957.00,22951.00,2025-07-07 05:57,STOP_HIT,2,9.50,-0.75,0.061,true
FIXED_R65,2025-07-07,2025-07-07 05:50,DOWN,2025-07-07 06:01,LONG,22936.50,22950.75,2025-07-07 06:02,STOP_HIT,2,4.75,-11.75,0.018,false
FIXED_R65,2025-07-08,2025-07-07 14:20,UP,2025-07-07 15:24,SHORT,22866.00,22843.00,2025-07-07 15:25,STOP_HIT,2,6.50,3.00,0.053,false
FIXED_R65,2025-07-08,2025-07-07 23:55,DOWN,2025-07-08 05:46,LONG,22913.50,22921.75,2025-07-08 05:47,STOP_HIT,2,3.50,-2.25,0.012,true
FIXED_R65,2025-07-08,2025-07-08 06:25,UP,2025-07-08 06:41,SHORT,22939.25,22912.25,2025-07-08 06:42,STOP_HIT,2,21.75,19.50,0.021,true
FIXED_R65,2025-07-08,2025-07-08 06:40,DOWN,2025-07-08 06:51,LONG,22901.75,22911.75,2025-07-08 06:52,STOP_HIT,2,10.00,-54.00,0.083,false
FIXED_R65,2025-07-08,2025-07-08 06:55,UP,2025-07-08 08:34,SHORT,22928.25,22907.00,2025-07-08 08:37,STOP_HIT,4,40.25,10.50,0.026,false
FIXED_R65,2025-07-08,2025-07-08 08:25,DOWN,2025-07-08 09:49,LONG,22907.50,22908.00,2025-07-08 10:42,STOP_HIT,54,35.25,-3.25,0.189,true
FIXED_R65,2025-07-08,2025-07-08 09:15,UP,2025-07-08 10:06,SHORT,22940.00,22908.75,2025-07-08 10:07,STOP_HIT,2,7.50,6.25,0.049,false
FIXED_R65,2025-07-08,2025-07-08 10:05,DOWN,2025-07-08 11:10,LONG,22881.50,22908.75,2025-07-08 11:11,STOP_HIT,2,5.00,0.75,0.217,false
FIXED_R65,2025-07-09,2025-07-08 15:01,DOWN,2025-07-08 17:31,LONG,22868.00,22890.25,2025-07-08 17:32,STOP_HIT,2,0.25,-7.25,0.231,false
FIXED_R65,2025-07-09,2025-07-08 22:05,UP,2025-07-09 01:11,SHORT,22892.50,22885.00,2025-07-09 01:12,STOP_HIT,2,0.00,-5.00,0.171,false
FIXED_R65,2025-07-09,2025-07-09 06:00,DOWN,2025-07-09 07:08,LONG,22935.75,22993.50,2025-07-09 07:09,STOP_HIT,2,18.50,15.75,0.030,false
FIXED_R65,2025-07-09,2025-07-09 07:15,UP,2025-07-09 09:08,SHORT,22987.75,22978.25,2025-07-09 09:09,STOP_HIT,2,3.00,-3.75,0.004,false
FIXED_R65,2025-07-10,2025-07-09 14:17,DOWN,2025-07-09 17:21,LONG,23002.25,23028.50,2025-07-09 17:22,STOP_HIT,2,4.25,3.25,0.098,true
FIXED_R65,2025-07-10,2025-07-09 21:30,UP,2025-07-10 00:31,SHORT,23036.50,23007.75,2025-07-10 00:32,STOP_HIT,2,3.75,1.50,0.049,false
FIXED_R65,2025-07-10,2025-07-10 05:30,DOWN,2025-07-10 05:40,LONG,23035.75,23037.25,2025-07-10 05:41,STOP_HIT,2,3.50,-2.50,0.019,true
FIXED_R65,2025-07-10,2025-07-10 06:05,UP,2025-07-10 11:51,SHORT,23020.00,23004.25,2025-07-10 11:55,STOP_HIT,5,29.25,6.25,0.011,true
FIXED_R65,2025-07-11,2025-07-10 21:18,DOWN,2025-07-11 00:08,LONG,22886.75,22929.25,2025-07-11 00:09,STOP_HIT,2,7.00,1.75,0.044,true
FIXED_R65,2025-07-11,2025-07-11 02:00,UP,2025-07-11 05:31,SHORT,22941.50,22908.75,2025-07-11 05:32,STOP_HIT,2,18.50,15.75,0.046,true
FIXED_R65,2025-07-11,2025-07-11 05:30,DOWN,2025-07-11 05:42,LONG,22890.00,22908.50,2025-07-11 05:43,STOP_HIT,2,8.00,-11.75,0.028,true
FIXED_R65,2025-07-11,2025-07-11 11:05,UP,2025-07-11 11:20,SHORT,22983.00,22964.50,2025-07-11 11:21,STOP_HIT,2,0.25,-5.50,0.056,true
FIXED_R65,2025-07-11,2025-07-11 11:25,DOWN,2025-07-11 12:19,LONG,22939.25,22965.25,2025-07-11 12:20,STOP_HIT,2,0.00,-4.25,0.076,false
FIXED_R65,2025-07-14,2025-07-13 14:00,UP,2025-07-13 14:33,SHORT,22856.00,22840.25,2025-07-13 14:34,STOP_HIT,2,0.00,-7.00,0.351,false
FIXED_R65,2025-07-14,2025-07-13 14:55,DOWN,2025-07-13 22:01,LONG,22835.75,22859.75,2025-07-13 22:02,STOP_HIT,2,0.00,-13.75,0.175,false
FIXED_R65,2025-07-14,2025-07-13 23:20,UP,2025-07-14 00:00,SHORT,22881.75,22855.50,2025-07-14 00:01,STOP_HIT,2,10.25,6.00,0.149,true
FIXED_R65,2025-07-15,2025-07-14 18:50,UP,2025-07-14 20:31,SHORT,23102.00,23075.50,2025-07-14 20:32,STOP_HIT,2,1.25,0.00,0.158,false
FIXED_R65,2025-07-15,2025-07-15 05:30,DOWN,2025-07-15 05:54,LONG,23150.00,23159.75,2025-07-15 05:55,STOP_HIT,2,11.25,7.25,0.131,false
FIXED_R65,2025-07-15,2025-07-15 06:00,UP,2025-07-15 06:12,SHORT,23187.25,23158.25,2025-07-15 06:13,STOP_HIT,2,9.50,3.25,0.215,false
FIXED_R65,2025-07-15,2025-07-15 06:15,DOWN,2025-07-15 06:51,LONG,23148.00,23160.50,2025-07-15 06:52,STOP_HIT,2,1.00,-26.50,0.046,false
FIXED_R65,2025-07-15,2025-07-15 10:20,DOWN,2025-07-15 10:56,LONG,23124.75,23151.50,2025-07-15 10:57,STOP_HIT,2,0.00,-21.50,0.087,false
FIXED_R65,2025-07-16,2025-07-15 14:30,UP,2025-07-15 21:01,SHORT,23027.50,23010.25,2025-07-15 21:02,STOP_HIT,2,9.50,8.00,0.044,false
FIXED_R65,2025-07-16,2025-07-15 21:00,DOWN,2025-07-15 22:31,LONG,22990.75,23010.00,2025-07-15 22:32,STOP_HIT,2,2.50,-3.25,0.133,false
FIXED_R65,2025-07-16,2025-07-15 23:10,UP,2025-07-16 04:00,SHORT,23020.50,23001.75,2025-07-16 04:01,STOP_HIT,2,10.50,8.50,0.021,true
FIXED_R65,2025-07-16,2025-07-16 05:30,DOWN,2025-07-16 06:01,LONG,22977.25,23013.75,2025-07-16 06:02,STOP_HIT,2,8.00,-5.50,0.064,true
FIXED_R65,2025-07-16,2025-07-16 06:55,UP,2025-07-16 07:07,SHORT,23010.75,23005.75,2025-07-16 07:08,STOP_HIT,2,3.00,-10.00,0.099,true
FIXED_R65,2025-07-16,2025-07-16 07:55,UP,2025-07-16 08:05,SHORT,22980.75,22993.50,2025-07-16 08:07,STOP_HIT,3,8.50,-20.00,0.033,true
FIXED_R65,2025-07-16,2025-07-16 07:56,DOWN,2025-07-16 08:26,LONG,22967.00,22992.25,2025-07-16 08:27,STOP_HIT,2,18.00,17.00,0.063,false
FIXED_R65,2025-07-16,2025-07-16 08:25,UP,2025-07-16 08:51,SHORT,23012.50,22992.25,2025-07-16 08:52,STOP_HIT,2,0.00,-16.00,0.069,false
FIXED_R65,2025-07-17,2025-07-16 19:07,UP,2025-07-16 21:46,SHORT,23077.75,23040.00,2025-07-16 21:47,STOP_HIT,2,2.00,-1.00,0.222,false
FIXED_R65,2025-07-17,2025-07-17 03:00,UP,2025-07-17 04:51,SHORT,23127.75,23095.50,2025-07-17 04:52,STOP_HIT,2,0.25,-13.25,0.106,false
FIXED_R65,2025-07-17,2025-07-17 05:00,DOWN,2025-07-17 05:38,LONG,23090.25,23098.00,2025-07-17 05:39,STOP_HIT,2,3.25,-13.25,0.106,true
FIXED_R65,2025-07-17,2025-07-17 05:30,UP,2025-07-17 05:46,SHORT,23123.75,23101.25,2025-07-17 05:47,STOP_HIT,2,5.00,-2.50,0.030,false
FIXED_R65,2025-07-18,2025-07-17 14:00,UP,2025-07-18 05:26,SHORT,23279.50,23273.00,2025-07-18 05:27,STOP_HIT,2,7.50,-28.50,0.039,false
FIXED_R65,2025-07-18,2025-07-18 05:25,DOWN,2025-07-18 05:56,LONG,23262.00,23277.25,2025-07-18 05:57,STOP_HIT,2,1.75,-4.75,0.047,false
FIXED_R65,2025-07-21,2025-07-20 14:13,UP,2025-07-20 17:06,SHORT,23258.75,23244.75,2025-07-20 17:07,STOP_HIT,2,0.00,-14.00,0.360,false
FIXED_R65,2025-07-21,2025-07-21 00:08,DOWN,2025-07-21 05:30,LONG,23256.25,23266.25,2025-07-21 12:59,TIME_EXPIRED,450,168.50,90.75,0.183,true
FIXED_R65,2025-07-21,2025-07-21 05:10,UP,2025-07-21 05:35,SHORT,23300.50,23270.50,2025-07-21 05:36,STOP_HIT,2,3.00,-17.25,0.141,false
FIXED_R65,2025-07-22,2025-07-21 17:45,DOWN,2025-07-22 03:13,LONG,23308.50,23313.25,2025-07-22 03:14,STOP_HIT,2,3.25,0.25,0.132,false
FIXED_R65,2025-07-22,2025-07-22 01:40,UP,2025-07-22 04:51,SHORT,23334.00,23317.75,2025-07-22 04:52,STOP_HIT,2,2.25,-2.00,0.090,false
FIXED_R65,2025-07-22,2025-07-22 07:30,DOWN,2025-07-22 08:26,LONG,23186.50,23217.50,2025-07-22 08:27,STOP_HIT,2,5.00,-12.75,0.070,false
FIXED_R65,2025-07-22,2025-07-22 08:40,UP,2025-07-22 09:47,SHORT,23220.25,23215.50,2025-07-22 09:48,STOP_HIT,2,4.75,2.75,0.049,false
FIXED_R65,2025-07-22,2025-07-22 09:25,DOWN,2025-07-22 10:16,LONG,23215.75,23215.75,2025-07-22 10:17,STOP_HIT,2,0.00,-33.50,0.028,false
FIXED_R65,2025-07-22,2025-07-22 10:15,UP,2025-07-22 10:35,SHORT,23232.25,23215.50,2025-07-22 10:36,STOP_HIT,2,0.00,-7.00,0.097,false
FIXED_R65,2025-07-23,2025-07-22 14:39,UP,2025-07-22 15:11,SHORT,23193.50,23186.25,2025-07-22 15:12,STOP_HIT,2,2.25,0.75,0.274,false
FIXED_R65,2025-07-23,2025-07-22 15:55,DOWN,2025-07-22 16:48,LONG,23214.00,23228.00,2025-07-22 16:49,STOP_HIT,2,1.00,-0.25,0.134,false
FIXED_R65,2025-07-23,2025-07-22 16:55,UP,2025-07-22 22:37,SHORT,23254.75,23236.50,2025-07-22 22:38,STOP_HIT,2,0.50,0.00,0.301,false
FIXED_R65,2025-07-23,2025-07-23 00:56,DOWN,2025-07-23 05:31,LONG,23223.50,23246.75,2025-07-23 05:32,STOP_HIT,2,0.00,-16.75,0.004,false
FIXED_R65,2025-07-24,2025-07-23 17:22,DOWN,2025-07-24 00:47,LONG,23384.00,23385.25,2025-07-24 02:14,STOP_HIT,88,13.00,0.00,0.039,true
FIXED_R65,2025-07-24,2025-07-24 05:40,UP,2025-07-24 05:52,SHORT,23378.50,23372.25,2025-07-24 06:57,STOP_HIT,66,80.25,-1.25,0.007,false
FIXED_R65,2025-07-24,2025-07-24 05:45,DOWN,2025-07-24 06:01,LONG,23349.00,23370.00,2025-07-24 06:02,STOP_HIT,2,8.50,-0.75,0.057,false
FIXED_R65,2025-07-24,2025-07-24 06:10,UP,2025-07-24 07:40,SHORT,23376.50,23364.50,2025-07-24 07:41,STOP_HIT,2,4.50,-1.00,0.074,false
FIXED_R65,2025-07-25,2025-07-24 19:13,DOWN,2025-07-24 23:10,LONG,23386.75,23409.75,2025-07-24 23:11,STOP_HIT,2,2.50,-2.25,0.094,false
FIXED_R65,2025-07-25,2025-07-25 05:35,UP,2025-07-25 05:54,SHORT,23395.25,23372.50,2025-07-25 05:55,STOP_HIT,2,12.50,-8.25,0.092,true
FIXED_R65,2025-07-28,2025-07-27 14:29,UP,2025-07-27 21:26,SHORT,23564.00,23539.00,2025-07-27 21:27,STOP_HIT,2,0.75,-4.50,0.269,false
FIXED_R65,2025-07-28,2025-07-27 22:08,DOWN,2025-07-28 02:06,LONG,23523.00,23541.75,2025-07-28 02:07,STOP_HIT,2,1.25,-2.00,0.233,false
FIXED_R65,2025-07-29,2025-07-28 14:00,UP,2025-07-28 23:36,SHORT,23564.75,23536.50,2025-07-28 23:37,STOP_HIT,2,0.25,-2.50,0.066,false
FIXED_R65,2025-07-29,2025-07-29 05:35,DOWN,2025-07-29 06:03,LONG,23575.00,23592.00,2025-07-29 06:04,STOP_HIT,2,0.75,-9.50,0.110,false
FIXED_R65,2025-07-30,2025-07-29 14:00,UP,2025-07-30 03:26,SHORT,23505.25,23489.50,2025-07-30 03:27,STOP_HIT,2,0.50,-7.00,0.223,false
FIXED_R65,2025-07-30,2025-07-30 03:45,DOWN,2025-07-30 05:31,LONG,23469.00,23488.25,2025-07-30 05:32,STOP_HIT,2,10.50,-7.50,0.061,false
FIXED_R65,2025-07-30,2025-07-30 05:30,UP,2025-07-30 05:46,SHORT,23519.75,23489.00,2025-07-30 05:47,STOP_HIT,2,35.50,26.00,0.032,false
FIXED_R65,2025-07-30,2025-07-30 06:55,DOWN,2025-07-30 07:33,LONG,23482.25,23492.25,2025-07-30 07:34,STOP_HIT,2,3.50,1.00,0.065,false
FIXED_R65,2025-07-31,2025-07-30 14:00,UP,2025-07-30 16:41,SHORT,23744.75,23724.50,2025-07-30 16:42,STOP_HIT,2,1.25,-4.00,0.400,false
FIXED_R65,2025-07-31,2025-07-30 23:45,DOWN,2025-07-31 04:06,LONG,23764.75,23785.50,2025-07-31 04:07,STOP_HIT,2,2.50,0.50,0.102,true
FIXED_R65,2025-08-01,2025-07-31 14:05,DOWN,2025-07-31 14:36,LONG,23296.25,23314.00,2025-07-31 14:37,STOP_HIT,2,2.50,-22.00,0.169,false
FIXED_R65,2025-08-01,2025-07-31 14:40,UP,2025-07-31 16:20,SHORT,23281.75,23291.25,2025-07-31 17:13,STOP_HIT,54,50.25,-12.00,0.286,false
FIXED_R65,2025-08-01,2025-07-31 15:10,DOWN,2025-07-31 16:26,LONG,23261.25,23288.75,2025-07-31 16:27,STOP_HIT,2,0.00,-27.00,0.086,false
FIXED_R65,2025-08-01,2025-07-31 16:25,UP,2025-07-31 17:36,SHORT,23319.75,23287.75,2025-07-31 17:37,STOP_HIT,2,0.00,-6.00,0.046,false
FIXED_R65,2025-08-01,2025-07-31 19:30,DOWN,2025-07-31 22:49,LONG,23275.75,23297.75,2025-07-31 22:50,STOP_HIT,2,4.00,-9.50,0.017,true
FIXED_R65,2025-08-01,2025-08-01 04:40,DOWN,2025-08-01 04:51,LONG,23103.25,23139.75,2025-08-01 04:52,STOP_HIT,2,1.00,-6.50,0.064,false
FIXED_R65,2025-08-01,2025-08-01 07:29,UP,2025-08-01 08:28,SHORT,23021.75,23007.50,2025-08-01 08:33,STOP_HIT,6,29.50,6.25,0.103,true
FIXED_R65,2025-08-01,2025-08-01 08:25,DOWN,2025-08-01 08:40,LONG,22989.75,23007.00,2025-08-01 08:41,STOP_HIT,2,0.00,-29.50,0.151,false
FIXED_R65,2025-08-04,2025-08-03 14:00,DOWN,2025-08-03 14:10,LONG,22839.00,22857.75,2025-08-03 14:11,STOP_HIT,2,10.00,-8.50,0.031,false
FIXED_R65,2025-08-04,2025-08-03 14:05,UP,2025-08-03 14:36,SHORT,22877.25,22855.75,2025-08-03 14:37,STOP_HIT,2,0.75,-12.75,0.183,false
FIXED_R65,2025-08-05,2025-08-04 16:15,UP,2025-08-04 22:36,SHORT,23376.75,23342.00,2025-08-04 22:37,STOP_HIT,2,1.00,-6.00,0.248,false
FIXED_R65,2025-08-05,2025-08-04 23:02,DOWN,2025-08-04 23:53,LONG,23335.50,23345.00,2025-08-04 23:54,STOP_HIT,2,0.00,-4.25,0.034,true
FIXED_R65,2025-08-05,2025-08-05 00:10,UP,2025-08-05 02:24,SHORT,23368.25,23340.75,2025-08-05 02:25,STOP_HIT,2,2.50,-7.00,0.260,false
FIXED_R65,2025-08-05,2025-08-05 04:10,DOWN,2025-08-05 05:31,LONG,23305.75,23352.00,2025-08-05 05:32,STOP_HIT,2,20.25,14.50,0.013,false
FIXED_R65,2025-08-05,2025-08-05 05:30,UP,2025-08-05 05:47,SHORT,23383.75,23350.00,2025-08-05 05:48,STOP_HIT,2,4.25,-6.75,0.008,true
FIXED_R65,2025-08-05,2025-08-05 05:45,DOWN,2025-08-05 06:11,LONG,23346.25,23350.25,2025-08-05 06:12,STOP_HIT,2,1.75,-29.50,0.028,false
FIXED_R65,2025-08-06,2025-08-05 14:00,DOWN,2025-08-05 14:16,LONG,23064.50,23070.00,2025-08-05 14:17,STOP_HIT,2,2.75,-6.50,0.029,false
FIXED_R65,2025-08-06,2025-08-05 14:19,UP,2025-08-05 17:36,SHORT,23091.50,23076.00,2025-08-05 17:37,STOP_HIT,2,3.00,-4.25,0.381,false
FIXED_R65,2025-08-06,2025-08-06 00:04,DOWN,2025-08-06 02:39,LONG,23142.00,23151.00,2025-08-06 02:40,STOP_HIT,2,1.75,-17.00,0.145,true
FIXED_R65,2025-08-06,2025-08-06 02:48,UP,2025-08-06 03:04,SHORT,23163.75,23149.25,2025-08-06 03:05,STOP_HIT,2,11.50,-6.50,0.026,true
FIXED_R65,2025-08-06,2025-08-06 06:20,DOWN,2025-08-06 06:30,LONG,23200.00,23184.25,2025-08-06 12:59,TIME_EXPIRED,390,245.25,213.25,0.105,true
FIXED_R65,2025-08-06,2025-08-06 06:23,UP,2025-08-06 06:36,SHORT,23218.25,23186.75,2025-08-06 06:37,STOP_HIT,2,2.50,-11.75,0.068,false
FIXED_R65,2025-08-07,2025-08-06 14:00,UP,2025-08-06 14:26,SHORT,23442.75,23419.00,2025-08-06 14:27,STOP_HIT,2,0.50,-25.50,0.248,false
FIXED_R65,2025-08-07,2025-08-07 06:00,DOWN,2025-08-07 06:33,LONG,23567.75,23596.50,2025-08-07 06:34,STOP_HIT,2,4.25,3.50,0.065,true
FIXED_R65,2025-08-08,2025-08-07 14:00,UP,2025-08-07 16:36,SHORT,23574.75,23550.00,2025-08-07 16:37,STOP_HIT,2,0.75,-6.25,0.055,true
FIXED_R65,2025-08-08,2025-08-07 16:35,DOWN,2025-08-07 21:56,LONG,23526.25,23553.25,2025-08-07 21:57,STOP_HIT,2,0.75,-10.75,0.200,false
FIXED_R65,2025-08-08,2025-08-07 21:55,UP,2025-08-08 01:26,SHORT,23569.00,23549.75,2025-08-08 01:27,STOP_HIT,2,5.75,-2.25,0.093,true
FIXED_R65,2025-08-11,2025-08-10 14:00,DOWN,2025-08-10 15:34,LONG,23710.75,23732.50,2025-08-10 15:35,STOP_HIT,2,5.00,-4.50,0.102,false
FIXED_R65,2025-08-11,2025-08-10 15:38,UP,2025-08-10 18:10,SHORT,23763.00,23733.25,2025-08-10 18:11,STOP_HIT,2,0.50,-3.00,0.228,false
FIXED_R65,2025-08-11,2025-08-10 19:15,DOWN,2025-08-10 23:45,LONG,23722.50,23741.00,2025-08-10 23:46,STOP_HIT,2,0.25,-12.75,0.121,false
FIXED_R65,2025-08-11,2025-08-11 04:19,DOWN,2025-08-11 05:53,LONG,23728.50,23723.50,2025-08-11 05:54,STOP_HIT,2,3.75,-7.25,0.064,false
FIXED_R65,2025-08-11,2025-08-11 05:30,UP,2025-08-11 06:01,SHORT,23738.50,23724.25,2025-08-11 06:02,STOP_HIT,2,2.50,-6.75,0.061,true
FIXED_R65,2025-08-11,2025-08-11 08:10,DOWN,2025-08-11 10:01,LONG,23688.50,23735.50,2025-08-11 10:02,STOP_HIT,2,9.25,0.50,0.084,false
FIXED_R65,2025-08-12,2025-08-11 21:01,DOWN,2025-08-11 21:23,LONG,23638.50,23643.50,2025-08-11 21:24,STOP_HIT,2,2.25,-0.25,0.140,false
FIXED_R65,2025-08-12,2025-08-11 21:40,UP,2025-08-11 22:41,SHORT,23655.00,23641.75,2025-08-11 22:42,STOP_HIT,2,7.25,4.25,0.083,false
FIXED_R65,2025-08-12,2025-08-11 23:05,DOWN,2025-08-12 03:11,LONG,23616.25,23643.00,2025-08-12 03:12,STOP_HIT,2,0.00,-5.75,0.056,false
FIXED_R65,2025-08-12,2025-08-12 03:10,UP,2025-08-12 04:26,SHORT,23661.75,23642.50,2025-08-12 04:27,STOP_HIT,2,1.50,-5.75,0.057,false
FIXED_R65,2025-08-12,2025-08-12 06:00,UP,2025-08-12 06:36,SHORT,23762.75,23719.00,2025-08-12 06:37,STOP_HIT,2,11.50,3.00,0.045,false
FIXED_R65,2025-08-13,2025-08-12 18:05,UP,2025-08-12 23:23,SHORT,23981.50,23947.00,2025-08-12 23:24,STOP_HIT,2,0.50,-3.25,0.041,false
FIXED_R65,2025-08-13,2025-08-13 05:35,DOWN,2025-08-13 06:31,LONG,23963.75,24001.75,2025-08-13 06:32,STOP_HIT,2,4.75,-5.50,0.028,true
FIXED_R65,2025-08-14,2025-08-13 15:39,DOWN,2025-08-13 21:50,LONG,23904.75,23932.50,2025-08-13 21:51,STOP_HIT,2,5.50,-0.50,0.431,false
FIXED_R65,2025-08-14,2025-08-13 21:49,UP,2025-08-14 04:01,SHORT,23958.00,23931.00,2025-08-14 04:02,STOP_HIT,2,2.75,-2.50,0.168,false
FIXED_R65,2025-08-14,2025-08-14 04:35,UP,2025-08-14 06:32,SHORT,23975.00,23918.25,2025-08-14 06:33,STOP_HIT,2,6.00,2.00,0.201,false
FIXED_R65,2025-08-14,2025-08-14 06:45,DOWN,2025-08-14 07:50,LONG,23922.50,23921.50,2025-08-14 08:02,STOP_HIT,13,20.25,-9.00,0.048,true
FIXED_R65,2025-08-14,2025-08-14 07:55,DOWN,2025-08-14 08:11,LONG,23892.75,23921.50,2025-08-14 08:12,STOP_HIT,2,3.25,-18.50,0.050,false
FIXED_R65,2025-08-14,2025-08-14 08:10,UP,2025-08-14 09:35,SHORT,23966.00,23920.75,2025-08-14 09:36,STOP_HIT,2,9.25,4.75,0.120,true
FIXED_R65,2025-08-14,2025-08-14 09:25,DOWN,2025-08-14 11:02,LONG,23927.75,23922.00,2025-08-14 11:05,STOP_HIT,4,6.50,-7.50,0.261,true
FIXED_R65,2025-08-14,2025-08-14 10:30,UP,2025-08-14 11:51,SHORT,23945.25,23924.00,2025-08-14 11:52,STOP_HIT,2,4.00,-8.25,0.001,true
FIXED_R65,2025-08-14,2025-08-14 11:50,DOWN,2025-08-14 12:03,LONG,23890.00,23924.00,2025-08-14 12:04,STOP_HIT,2,1.75,-3.25,0.297,false
FIXED_R65,2025-08-15,2025-08-14 14:00,UP,2025-08-14 20:01,SHORT,23932.00,23901.25,2025-08-14 20:02,STOP_HIT,2,1.00,-3.00,0.389,false
FIXED_R65,2025-08-15,2025-08-14 22:59,DOWN,2025-08-15 01:31,LONG,23889.25,23913.75,2025-08-15 01:32,STOP_HIT,2,0.25,-6.00,0.152,false
FIXED_R65,2025-08-15,2025-08-15 10:00,DOWN,2025-08-15 11:01,LONG,23801.50,23819.00,2025-08-15 11:02,STOP_HIT,2,4.50,-11.00,0.089,false
FIXED_R65,2025-08-18,2025-08-17 14:00,UP,2025-08-17 15:40,SHORT,23850.75,23844.00,2025-08-17 15:41,STOP_HIT,2,0.00,-2.00,0.279,false
FIXED_R65,2025-08-18,2025-08-17 17:55,DOWN,2025-08-17 22:16,LONG,23828.25,23853.25,2025-08-17 22:17,STOP_HIT,2,1.00,-3.50,0.076,false
FIXED_R65,2025-08-18,2025-08-18 05:34,DOWN,2025-08-18 05:51,LONG,23772.50,23791.50,2025-08-18 05:52,STOP_HIT,2,0.25,-25.50,0.063,false
FIXED_R65,2025-08-18,2025-08-18 06:25,DOWN,2025-08-18 06:35,LONG,23779.25,23783.50,2025-08-18 06:36,STOP_HIT,2,8.75,-5.00,0.243,false
FIXED_R65,2025-08-19,2025-08-18 14:05,DOWN,2025-08-18 16:31,LONG,23782.00,23810.75,2025-08-18 16:32,STOP_HIT,2,2.75,-5.50,0.193,false
FIXED_R65,2025-08-19,2025-08-18 21:20,UP,2025-08-19 02:31,SHORT,23774.00,23775.00,2025-08-19 02:32,STOP_HIT,2,0.50,-2.50,0.051,true
FIXED_R65,2025-08-19,2025-08-19 01:20,DOWN,2025-08-19 04:51,LONG,23742.75,23770.50,2025-08-19 04:52,STOP_HIT,2,6.75,6.50,0.051,false
FIXED_R65,2025-08-20,2025-08-19 14:05,DOWN,2025-08-19 15:21,LONG,23446.50,23462.75,2025-08-19 15:22,STOP_HIT,2,0.25,-6.25,0.227,false
FIXED_R65,2025-08-20,2025-08-19 21:05,UP,2025-08-19 23:30,SHORT,23417.00,23388.25,2025-08-19 23:31,STOP_HIT,2,21.75,12.00,0.034,true
FIXED_R65,2025-08-20,2025-08-20 07:55,UP,2025-08-20 08:20,SHORT,23262.75,23210.25,2025-08-20 08:21,STOP_HIT,2,3.25,-4.00,0.017,true
FIXED_R65,2025-08-20,2025-08-20 10:20,UP,2025-08-20 10:51,SHORT,23268.75,23234.75,2025-08-20 10:52,STOP_HIT,2,1.75,-6.25,0.025,true
FIXED_R65,2025-08-21,2025-08-20 14:05,DOWN,2025-08-20 16:24,LONG,23281.00,23318.50,2025-08-20 16:25,STOP_HIT,2,0.75,-12.00,0.144,false
FIXED_R65,2025-08-21,2025-08-20 17:07,UP,2025-08-20 17:59,SHORT,23350.25,23308.50,2025-08-20 18:00,STOP_HIT,2,0.25,-6.25,0.166,false
FIXED_R65,2025-08-21,2025-08-20 18:20,DOWN,2025-08-21 03:39,LONG,23288.75,23322.25,2025-08-21 03:40,STOP_HIT,2,7.25,5.50,0.003,false
FIXED_R65,2025-08-21,2025-08-21 06:00,UP,2025-08-21 06:10,SHORT,23282.50,23261.75,2025-08-21 06:11,STOP_HIT,2,12.75,1.50,0.063,false
FIXED_R65,2025-08-21,2025-08-21 06:29,DOWN,2025-08-21 07:15,LONG,23212.25,23270.50,2025-08-21 07:16,STOP_HIT,2,20.75,19.75,0.051,false
FIXED_R65,2025-08-21,2025-08-21 07:15,UP,2025-08-21 07:41,SHORT,23277.50,23269.50,2025-08-21 07:42,STOP_HIT,2,0.75,-14.75,0.038,true
FIXED_R65,2025-08-22,2025-08-21 15:46,DOWN,2025-08-21 19:40,LONG,23208.25,23216.50,2025-08-21 19:41,STOP_HIT,2,0.00,-2.25,0.017,true
FIXED_R65,2025-08-22,2025-08-21 22:43,UP,2025-08-22 02:07,SHORT,23262.00,23206.00,2025-08-22 02:08,STOP_HIT,2,0.00,-3.25,0.087,false
FIXED_R65,2025-08-25,2025-08-24 14:00,DOWN,2025-08-24 17:15,LONG,23543.75,23568.00,2025-08-24 17:16,STOP_HIT,2,3.00,3.00,0.074,false
FIXED_R65,2025-08-25,2025-08-25 05:33,UP,2025-08-25 06:12,SHORT,23538.25,23499.75,2025-08-25 06:13,STOP_HIT,2,6.25,-10.00,0.009,true
FIXED_R65,2025-08-26,2025-08-25 14:23,DOWN,2025-08-25 16:04,LONG,23461.00,23506.75,2025-08-25 16:05,STOP_HIT,2,28.50,28.00,0.230,false
FIXED_R65,2025-08-26,2025-08-25 16:47,UP,2025-08-25 21:07,SHORT,23466.50,23452.50,2025-08-25 21:08,STOP_HIT,2,0.00,-5.75,0.119,false
FIXED_R65,2025-08-26,2025-08-25 21:45,DOWN,2025-08-25 23:13,LONG,23419.50,23453.50,2025-08-25 23:14,STOP_HIT,2,16.00,12.00,0.075,false
FIXED_R65,2025-08-26,2025-08-25 23:13,UP,2025-08-26 01:33,SHORT,23476.75,23453.50,2025-08-26 01:34,STOP_HIT,2,0.00,-1.50,0.154,false
FIXED_R65,2025-08-26,2025-08-26 02:39,DOWN,2025-08-26 04:19,LONG,23461.00,23456.75,2025-08-26 05:48,STOP_HIT,90,57.50,-24.50,0.204,true
FIXED_R65,2025-08-26,2025-08-26 04:15,UP,2025-08-26 05:33,SHORT,23500.25,23465.00,2025-08-26 05:34,STOP_HIT,2,6.50,-1.75,0.062,false
FIXED_R65,2025-08-26,2025-08-26 05:42,DOWN,2025-08-26 05:52,LONG,23474.50,23468.75,2025-08-26 12:59,TIME_EXPIRED,428,136.50,133.00,0.071,true
FIXED_R65,2025-08-27,2025-08-26 17:54,DOWN,2025-08-27 04:43,LONG,23566.00,23602.50,2025-08-27 04:44,STOP_HIT,2,4.75,0.25,0.074,false
FIXED_R65,2025-08-27,2025-08-27 05:49,UP,2025-08-27 06:40,SHORT,23612.00,23563.50,2025-08-27 06:41,STOP_HIT,2,8.25,7.25,0.166,false
FIXED_R65,2025-08-27,2025-08-27 07:56,DOWN,2025-08-27 08:30,LONG,23566.75,23585.00,2025-08-27 08:31,STOP_HIT,2,6.25,-1.25,0.116,true
FIXED_R65,2025-08-27,2025-08-27 08:37,UP,2025-08-27 08:56,SHORT,23603.75,23583.25,2025-08-27 08:57,STOP_HIT,2,0.25,-3.50,0.214,true
FIXED_R65,2025-08-27,2025-08-27 11:13,UP,2025-08-27 11:39,SHORT,23619.50,23594.75,2025-08-27 11:40,STOP_HIT,2,3.00,1.50,0.261,false
FIXED_R65,2025-08-28,2025-08-28 05:57,UP,2025-08-28 06:09,SHORT,23675.00,23627.50,2025-08-28 06:10,STOP_HIT,2,28.25,13.75,0.144,false
FIXED_R65,2025-08-29,2025-08-28 14:00,DOWN,2025-08-28 23:51,LONG,23697.50,23730.75,2025-08-28 23:52,STOP_HIT,2,0.50,-6.25,0.162,false
FIXED_R65,2025-08-29,2025-08-29 04:30,DOWN,2025-08-29 05:38,LONG,23626.25,23656.50,2025-08-29 05:39,STOP_HIT,2,6.00,-30.00,0.050,false
FIXED_R65,2025-09-01,2025-08-31 14:01,UP,2025-08-31 14:52,SHORT,23530.75,23505.75,2025-08-31 14:53,STOP_HIT,2,2.25,2.00,0.433,false
FIXED_R65,2025-09-01,2025-08-31 16:18,DOWN,2025-08-31 18:15,LONG,23487.75,23530.75,2025-08-31 18:16,STOP_HIT,2,1.75,-1.50,0.150,false
FIXED_R65,2025-09-01,2025-08-31 22:29,UP,2025-09-01 00:58,SHORT,23481.00,23469.25,2025-09-01 00:59,STOP_HIT,2,0.00,-9.75,0.209,true
FIXED_R65,2025-09-02,2025-09-01 14:00,DOWN,2025-09-01 15:21,LONG,23434.25,23476.50,2025-09-01 15:22,STOP_HIT,2,4.25,0.25,0.512,false
FIXED_R65,2025-09-02,2025-09-02 06:00,DOWN,2025-09-02 06:22,LONG,23245.75,23218.00,2025-09-02 06:25,STOP_HIT,4,10.25,-41.75,0.037,true
FIXED_R65,2025-09-02,2025-09-02 06:16,UP,2025-09-02 06:27,SHORT,23209.75,23217.75,2025-09-02 06:29,STOP_HIT,3,5.50,-52.50,0.018,true
FIXED_R65,2025-09-02,2025-09-02 06:29,DOWN,2025-09-02 06:48,LONG,23160.75,23219.25,2025-09-02 06:49,STOP_HIT,2,4.50,-14.75,0.126,false
FIXED_R65,2025-09-03,2025-09-02 14:00,DOWN,2025-09-02 16:52,LONG,23327.00,23338.75,2025-09-02 16:53,STOP_HIT,2,1.50,-5.25,0.305,false
FIXED_R65,2025-09-03,2025-09-02 19:40,UP,2025-09-02 22:31,SHORT,23360.50,23330.50,2025-09-02 22:32,STOP_HIT,2,4.75,0.75,0.324,false
FIXED_R65,2025-09-03,2025-09-03 08:54,UP,2025-09-03 09:13,SHORT,23457.25,23423.00,2025-09-03 09:14,STOP_HIT,2,12.75,12.00,0.037,false
FIXED_R65,2025-09-03,2025-09-03 09:17,DOWN,2025-09-03 09:42,LONG,23394.25,23423.50,2025-09-03 09:43,STOP_HIT,2,7.25,-13.25,0.107,false
FIXED_R65,2025-09-04,2025-09-03 16:00,UP,2025-09-03 18:09,SHORT,23528.00,23492.50,2025-09-03 18:10,STOP_HIT,2,7.00,7.00,0.356,false
FIXED_R65,2025-09-04,2025-09-03 18:08,DOWN,2025-09-03 19:33,LONG,23466.50,23492.75,2025-09-03 19:34,STOP_HIT,2,1.75,-5.75,0.054,true
FIXED_R65,2025-09-04,2025-09-03 23:00,UP,2025-09-04 02:00,SHORT,23516.25,23488.25,2025-09-04 02:01,STOP_HIT,2,1.50,-3.25,0.330,false
FIXED_R65,2025-09-04,2025-09-04 02:14,DOWN,2025-09-04 05:03,LONG,23475.00,23491.00,2025-09-04 05:04,STOP_HIT,2,5.00,0.00,0.167,false
FIXED_R65,2025-09-04,2025-09-04 05:35,DOWN,2025-09-04 05:45,LONG,23487.25,23490.25,2025-09-04 05:49,STOP_HIT,5,25.25,-2.50,0.174,true
FIXED_R65,2025-09-04,2025-09-04 06:17,UP,2025-09-04 06:36,SHORT,23510.00,23482.25,2025-09-04 06:37,STOP_HIT,2,6.75,-10.75,0.125,false
FIXED_R65,2025-09-05,2025-09-04 14:35,UP,2025-09-04 21:33,SHORT,23756.00,23723.75,2025-09-04 21:34,STOP_HIT,2,1.00,-1.75,0.431,false
FIXED_R65,2025-09-05,2025-09-05 05:52,DOWN,2025-09-05 06:02,LONG,23816.00,23840.00,2025-09-05 06:03,STOP_HIT,2,18.50,0.75,0.020,false
FIXED_R65,2025-09-05,2025-09-05 09:43,UP,2025-09-05 11:34,SHORT,23655.50,23655.25,2025-09-05 11:35,STOP_HIT,2,0.00,-18.25,0.078,true
FIXED_R65,2025-09-08,2025-09-07 14:05,UP,2025-09-07 14:42,SHORT,23721.75,23689.25,2025-09-07 14:43,STOP_HIT,2,1.50,-1.75,0.469,false
FIXED_R65,2025-09-08,2025-09-07 16:08,DOWN,2025-09-07 20:56,LONG,23730.25,23756.25,2025-09-07 20:57,STOP_HIT,2,4.50,4.50,0.444,false
FIXED_R65,2025-09-08,2025-09-07 20:56,UP,2025-09-08 02:36,SHORT,23787.50,23758.75,2025-09-08 02:37,STOP_HIT,2,4.00,3.25,0.353,false
FIXED_R65,2025-09-08,2025-09-08 06:46,DOWN,2025-09-08 10:25,LONG,23809.25,23820.50,2025-09-08 10:26,STOP_HIT,2,0.50,-4.50,0.039,true
FIXED_R65,2025-09-09,2025-09-08 17:25,UP,2025-09-08 22:57,SHORT,23850.25,23828.25,2025-09-08 22:58,STOP_HIT,2,3.00,1.00,0.407,true
FIXED_R65,2025-09-09,2025-09-08 23:38,DOWN,2025-09-09 04:36,LONG,23849.75,23839.75,2025-09-09 04:51,STOP_HIT,16,2.00,-13.75,0.265,true
FIXED_R65,2025-09-09,2025-09-09 06:43,UP,2025-09-09 11:23,SHORT,23854.75,23821.25,2025-09-09 11:24,STOP_HIT,2,2.25,0.25,0.101,false
FIXED_R65,2025-09-10,2025-09-09 15:27,UP,2025-09-09 23:49,SHORT,23943.25,23910.00,2025-09-09 23:50,STOP_HIT,2,5.75,3.00,0.118,false
FIXED_R65,2025-09-10,2025-09-09 23:14,DOWN,2025-09-10 01:03,LONG,23890.50,23906.75,2025-09-10 01:04,STOP_HIT,2,1.25,-1.00,0.119,false
FIXED_R65,2025-09-10,2025-09-10 04:35,DOWN,2025-09-10 05:54,LONG,23938.00,23939.50,2025-09-10 05:55,STOP_HIT,2,4.75,-22.50,0.128,true
FIXED_R65,2025-09-10,2025-09-10 05:51,UP,2025-09-10 06:07,SHORT,23969.75,23940.00,2025-09-10 06:08,STOP_HIT,2,14.50,10.50,0.117,false
FIXED_R65,2025-09-10,2025-09-10 06:47,DOWN,2025-09-10 07:45,LONG,23955.00,23949.00,2025-09-10 08:01,STOP_HIT,17,14.50,-16.50,0.043,true
FIXED_R65,2025-09-11,2025-09-10 14:00,UP,2025-09-10 19:50,SHORT,23915.75,23901.50,2025-09-10 19:51,STOP_HIT,2,0.00,-1.00,0.350,false
FIXED_R65,2025-09-11,2025-09-11 04:31,DOWN,2025-09-11 04:41,LONG,23913.75,23912.25,2025-09-11 12:59,TIME_EXPIRED,499,132.25,93.00,0.142,true
FIXED_R65,2025-09-11,2025-09-11 04:34,UP,2025-09-11 04:48,SHORT,23943.50,23913.25,2025-09-11 04:49,STOP_HIT,2,28.50,11.00,0.017,false
FIXED_R65,2025-09-12,2025-09-11 21:47,DOWN,2025-09-12 00:18,LONG,23972.75,24013.50,2025-09-12 00:19,STOP_HIT,2,5.00,5.00,0.254,false
FIXED_R65,2025-09-12,2025-09-12 00:18,UP,2025-09-12 03:49,SHORT,24034.75,24013.00,2025-09-12 03:50,STOP_HIT,2,5.25,3.25,0.113,false
FIXED_R65,2025-09-15,2025-09-14 23:36,DOWN,2025-09-15 00:05,LONG,24084.25,24120.25,2025-09-15 00:06,STOP_HIT,2,25.25,19.75,0.287,false
FIXED_R65,2025-09-15,2025-09-15 00:04,UP,2025-09-15 04:26,SHORT,24164.75,24118.75,2025-09-15 04:27,STOP_HIT,2,5.50,5.25,0.022,true
FIXED_R65,2025-09-16,2025-09-15 14:33,UP,2025-09-15 21:14,SHORT,24350.00,24310.00,2025-09-15 21:15,STOP_HIT,2,2.25,1.00,0.448,false
FIXED_R65,2025-09-16,2025-09-16 00:50,DOWN,2025-09-16 05:31,LONG,24342.00,24353.00,2025-09-16 05:32,STOP_HIT,2,11.75,0.25,0.079,false
FIXED_R65,2025-09-16,2025-09-16 08:04,UP,2025-09-16 11:58,SHORT,24303.25,24301.50,2025-09-16 12:39,STOP_HIT,42,24.00,0.50,0.153,true
FIXED_R65,2025-09-17,2025-09-17 00:43,UP,2025-09-17 05:31,SHORT,24291.75,24279.00,2025-09-17 11:27,STOP_HIT,357,288.00,-7.50,0.075,false
FIXED_R65,2025-09-18,2025-09-17 14:00,UP,2025-09-17 14:49,SHORT,24314.25,24286.50,2025-09-17 14:50,STOP_HIT,2,2.25,-3.75,0.149,false
FIXED_R65,2025-09-18,2025-09-18 05:46,UP,2025-09-18 05:56,SHORT,24411.25,24416.00,2025-09-18 05:58,STOP_HIT,3,12.50,-25.25,0.015,true
FIXED_R65,2025-09-18,2025-09-18 09:07,DOWN,2025-09-18 12:34,LONG,24469.00,24479.00,2025-09-18 12:35,STOP_HIT,2,1.25,0.75,0.125,true
FIXED_R65,2025-10-13,2025-10-12 14:06,UP,2025-10-12 14:32,SHORT,24946.50,24930.50,2025-10-12 15:18,STOP_HIT,11,46.75,6.50,1.000,false
FIXED_R65,2025-10-13,2025-10-12 14:22,DOWN,2025-10-12 15:06,LONG,24918.00,24927.50,2025-10-13 12:08,TIME_EXPIRED,288,284.25,238.00,1.000,false
FIXED_R65,2025-10-13,2025-10-12 23:35,DOWN,2025-10-13 03:30,LONG,25004.50,25028.00,2025-10-13 03:31,STOP_HIT,2,0.50,0.50,1.000,false
FIXED_R65,2025-10-13,2025-10-13 03:11,UP,2025-10-13 05:23,SHORT,25081.00,25029.25,2025-10-13 05:26,STOP_HIT,2,0.00,-9.00,1.000,true
FIXED_R65,2025-10-13,2025-10-13 05:04,DOWN,2025-10-13 05:41,LONG,25015.25,25028.75,2025-10-13 05:42,STOP_HIT,2,0.00,-11.50,0.000,false
FIXED_R65,2025-10-13,2025-10-13 05:36,UP,2025-10-13 05:51,SHORT,25095.00,25029.50,2025-10-13 05:56,STOP_HIT,2,0.00,-10.00,0.333,false
FIXED_R65,2025-10-14,2025-10-13 14:34,UP,2025-10-13 16:29,SHORT,25240.00,25190.25,2025-10-13 16:33,STOP_HIT,2,0.00,-40.00,1.000,false
FIXED_R65,2025-10-14,2025-10-13 16:33,DOWN,2025-10-13 19:58,LONG,25152.00,25211.00,2025-10-13 20:03,STOP_HIT,2,0.00,-31.75,1.000,true
FIXED_R65,2025-10-14,2025-10-14 05:45,UP,2025-10-14 07:45,SHORT,25021.75,24877.75,2025-10-14 07:47,STOP_HIT,2,0.00,-18.25,1.000,false
FIXED_R65,2025-10-16,2025-10-15 14:16,DOWN,2025-10-15 17:04,LONG,25169.00,25170.25,2025-10-15 18:31,STOP_HIT,9,14.00,-19.00,0.000,false
FIXED_R65,2025-10-16,2025-10-15 16:32,UP,2025-10-15 21:37,SHORT,25194.00,25170.50,2025-10-15 21:39,STOP_HIT,2,0.00,-6.00,1.000,false
FIXED_R65,2025-10-16,2025-10-16 06:45,DOWN,2025-10-16 07:59,LONG,25206.50,25305.00,2025-10-16 08:00,STOP_HIT,2,2.75,-21.00,1.000,false
FIXED_R65,2025-10-17,2025-10-16 15:45,UP,2025-10-16 17:21,SHORT,25050.00,25042.75,2025-10-17 05:53,STOP_HIT,161,404.00,-38.75,1.000,false
FIXED_R65,2025-10-17,2025-10-17 00:20,UP,2025-10-17 03:08,SHORT,24808.00,24741.00,2025-10-17 03:09,STOP_HIT,2,0.00,-57.00,1.000,false
FIXED_R65,2025-10-30,2025-10-29 15:41,UP,2025-10-29 18:26,SHORT,26624.25,26561.00,2025-10-29 19:12,STOP_HIT,2,0.00,-30.25,1.000,false
FIXED_R65,2025-11-04,2025-11-03 13:00,DOWN,2025-11-03 16:01,LONG,26256.50,26279.75,2025-11-03 16:15,STOP_HIT,2,0.00,-6.50,1.000,false
FIXED_R65,2025-11-04,2025-11-04 00:05,UP,2025-11-04 01:49,SHORT,26038.25,26036.25,2025-11-04 01:51,STOP_HIT,2,0.00,0.00,1.000,true
FIXED_R65,2025-11-04,2025-11-04 04:34,UP,2025-11-04 04:57,SHORT,26123.00,26029.25,2025-11-04 04:58,STOP_HIT,2,7.75,-3.75,0.000,false
FIXED_R65,2025-11-04,2025-11-04 05:26,DOWN,2025-11-04 06:20,LONG,26020.00,26037.25,2025-11-04 06:26,STOP_HIT,2,0.00,-20.00,0.600,true
FIXED_R65,2025-11-05,2025-11-04 13:04,DOWN,2025-11-04 14:22,LONG,25747.50,25784.00,2025-11-04 14:28,STOP_HIT,2,0.00,-36.00,0.000,false
FIXED_R65,2025-11-05,2025-11-04 15:40,UP,2025-11-04 17:37,SHORT,25727.75,25664.00,2025-11-04 17:38,STOP_HIT,2,7.75,7.75,1.000,false
FIXED_R65,2025-11-05,2025-11-04 23:12,DOWN,2025-11-05 01:28,LONG,25712.00,25712.75,2025-11-05 11:27,TIME_EXPIRED,187,421.50,279.75,1.000,false
FIXED_R65,2025-11-06,2025-11-05 13:50,DOWN,2025-11-05 15:11,LONG,25919.00,25951.00,2025-11-05 15:12,STOP_HIT,2,0.50,0.50,1.000,false
FIXED_R65,2025-11-06,2025-11-05 16:15,UP,2025-11-05 18:04,SHORT,25974.00,25944.50,2025-11-05 18:20,STOP_HIT,2,0.00,-24.50,1.000,true
FIXED_R65,2025-11-06,2025-11-05 18:32,DOWN,2025-11-05 21:36,LONG,25922.50,25951.00,2025-11-05 21:37,STOP_HIT,2,9.50,1.75,1.000,false
FIXED_R65,2025-11-06,2025-11-06 03:24,DOWN,2025-11-06 04:34,LONG,25895.25,25965.75,2025-11-06 04:35,STOP_HIT,2,0.00,-10.50,1.000,false
FIXED_R65,2025-11-07,2025-11-06 17:02,DOWN,2025-11-06 18:03,LONG,25425.75,25452.50,2025-11-06 18:09,STOP_HIT,2,16.25,16.25,0.938,true
FIXED_R65,2025-11-07,2025-11-06 22:12,DOWN,2025-11-07 00:25,LONG,25457.00,25458.00,2025-11-07 01:08,STOP_HIT,4,28.25,-15.75,1.000,true
FIXED_R65,2025-11-07,2025-11-07 08:53,UP,2025-11-07 09:53,SHORT,25323.50,25252.50,2025-11-07 09:54,STOP_HIT,2,0.00,-19.75,1.000,true
FIXED_R65,2025-11-10,2025-11-09 13:01,DOWN,2025-11-09 13:30,LONG,25561.50,25595.75,2025-11-09 13:31,STOP_HIT,2,0.00,-1.50,1.000,false
FIXED_R65,2025-11-10,2025-11-09 14:06,UP,2025-11-09 15:19,SHORT,25635.00,25582.75,2025-11-09 15:22,STOP_HIT,2,0.00,-5.00,1.000,false
FIXED_R65,2025-11-10,2025-11-10 05:25,DOWN,2025-11-10 06:36,LONG,25748.00,25794.00,2025-11-10 06:38,STOP_HIT,2,0.00,0.00,0.000,false
FIXED_R65,2025-11-10,2025-11-10 06:43,UP,2025-11-10 07:12,SHORT,25800.75,25791.25,2025-11-10 07:29,STOP_HIT,4,18.50,-19.25,1.000,false
FIXED_R65,2025-11-13,2025-11-12 13:04,DOWN,2025-11-12 14:09,LONG,25850.00,25800.00,2025-11-13 03:34,STOP_HIT,88,137.25,-60.00,1.000,true
FIXED_R65,2025-11-13,2025-11-12 13:52,UP,2025-11-12 15:08,SHORT,25951.50,25818.75,2025-11-12 15:09,STOP_HIT,2,1.50,-8.25,1.000,false
FIXED_R65,2025-11-13,2025-11-12 15:11,DOWN,2025-11-12 17:28,LONG,25940.00,25949.50,2025-11-12 17:52,STOP_HIT,4,10.00,-8.00,1.000,true
FIXED_R65,2025-11-13,2025-11-12 17:10,UP,2025-11-12 19:25,SHORT,25977.25,25949.00,2025-11-12 20:33,STOP_HIT,2,1.50,1.50,1.000,false
FIXED_R65,2025-11-17,2025-11-16 13:00,DOWN,2025-11-16 13:13,LONG,25353.75,25321.75,2025-11-17 03:38,STOP_HIT,113,266.00,-39.75,1.000,true
FIXED_R65,2025-11-17,2025-11-16 13:04,UP,2025-11-16 13:32,SHORT,25415.00,25323.75,2025-11-16 13:48,STOP_HIT,2,0.00,-15.00,0.000,false
FIXED_R65,2025-11-17,2025-11-16 22:56,DOWN,2025-11-17 00:23,LONG,25497.75,25502.00,2025-11-17 00:33,STOP_HIT,5,7.25,-25.75,1.000,true
FIXED_R65,2025-11-17,2025-11-17 04:31,UP,2025-11-17 04:43,SHORT,25450.00,25432.75,2025-11-17 04:46,STOP_HIT,2,0.00,-6.75,1.000,true
FIXED_R65,2025-11-17,2025-11-17 06:59,DOWN,2025-11-17 07:40,LONG,25360.75,25423.75,2025-11-17 07:41,STOP_HIT,2,0.00,-24.75,1.000,false
FIXED_R65,2025-11-18,2025-11-17 13:06,DOWN,2025-11-17 14:21,LONG,25132.00,25155.75,2025-11-17 14:25,STOP_HIT,2,4.00,4.00,0.333,false
FIXED_R65,2025-11-18,2025-11-17 19:10,DOWN,2025-11-17 20:36,LONG,24927.50,24958.50,2025-11-17 20:39,STOP_HIT,2,0.00,-26.50,1.000,false
FIXED_R65,2025-11-18,2025-11-17 21:05,UP,2025-11-17 22:15,SHORT,25001.25,24947.50,2025-11-17 22:17,STOP_HIT,2,7.75,7.75,1.000,false
FIXED_R65,2025-11-20,2025-11-19 13:00,UP,2025-11-19 13:10,SHORT,25059.75,25016.25,2025-11-19 13:11,STOP_HIT,2,12.50,4.00,0.322,false
FIXED_R65,2025-11-20,2025-11-19 21:33,DOWN,2025-11-19 22:03,LONG,25143.25,25146.00,2025-11-19 22:04,STOP_HIT,2,7.50,-12.75,0.028,false
FIXED_R65,2025-11-20,2025-11-20 02:05,UP,2025-11-20 03:10,SHORT,25165.00,25132.00,2025-11-20 03:11,STOP_HIT,2,9.50,-2.50,0.018,true
FIXED_R65,2025-11-20,2025-11-20 05:38,DOWN,2025-11-20 06:05,LONG,25098.50,25193.00,2025-11-20 06:06,STOP_HIT,2,14.00,4.50,0.128,false
FIXED_R65,2025-11-21,2025-11-20 13:00,DOWN,2025-11-20 13:10,LONG,24034.50,24075.75,2025-11-20 13:11,STOP_HIT,2,16.00,11.50,0.071,false
FIXED_R65,2025-11-21,2025-11-20 13:10,UP,2025-11-20 13:20,SHORT,24111.75,24073.75,2025-11-20 13:21,STOP_HIT,2,1.75,-5.00,0.321,false
FIXED_R65,2025-11-21,2025-11-20 17:36,DOWN,2025-11-20 18:40,LONG,24120.25,24174.50,2025-11-20 18:41,STOP_HIT,2,5.25,0.25,0.048,true
FIXED_R65,2025-11-21,2025-11-20 18:41,UP,2025-11-20 19:25,SHORT,24187.00,24173.25,2025-11-20 19:26,STOP_HIT,2,5.00,-2.25,0.115,true
FIXED_R65,2025-11-21,2025-11-20 19:14,DOWN,2025-11-20 19:45,LONG,24149.25,24172.50,2025-11-20 19:46,STOP_HIT,2,3.75,-1.50,0.135,true
FIXED_R65,2025-11-21,2025-11-20 19:49,UP,2025-11-20 21:18,SHORT,24177.00,24170.25,2025-11-20 21:19,STOP_HIT,2,4.25,3.25,0.041,true
FIXED_R65,2025-11-21,2025-11-20 20:52,DOWN,2025-11-20 21:40,LONG,24147.50,24170.50,2025-11-20 21:41,STOP_HIT,2,22.50,15.75,0.283,false
FIXED_R65,2025-11-21,2025-11-20 22:08,DOWN,2025-11-20 22:22,LONG,24118.00,24164.00,2025-11-20 22:23,STOP_HIT,2,31.50,28.50,0.085,false
FIXED_R65,2025-11-21,2025-11-20 22:21,UP,2025-11-20 23:04,SHORT,24202.50,24164.00,2025-11-20 23:05,STOP_HIT,2,17.75,13.50,0.135,true
FIXED_R65,2025-11-21,2025-11-20 23:00,DOWN,2025-11-20 23:32,LONG,24125.25,24163.50,2025-11-20 23:33,STOP_HIT,2,4.25,-0.75,0.091,true
FIXED_R65,2025-11-21,2025-11-21 06:19,UP,2025-11-21 06:35,SHORT,24165.50,24139.50,2025-11-21 06:36,STOP_HIT,2,3.75,-43.25,0.063,false
FIXED_R65,2025-11-24,2025-11-23 13:00,UP,2025-11-23 13:10,SHORT,24495.00,24497.75,2025-11-23 13:11,STOP_HIT,2,0.25,-19.00,0.217,false
FIXED_R65,2025-11-24,2025-11-23 13:01,DOWN,2025-11-23 13:33,LONG,24476.50,24492.50,2025-11-23 13:34,STOP_HIT,2,4.25,3.75,0.383,false
FIXED_R65,2025-11-24,2025-11-23 14:21,UP,2025-11-23 16:30,SHORT,24484.75,24459.75,2025-11-23 16:31,STOP_HIT,2,8.75,7.50,0.207,true
FIXED_R65,2025-11-24,2025-11-23 17:22,DOWN,2025-11-23 18:39,LONG,24463.50,24467.50,2025-11-23 18:40,STOP_HIT,2,6.50,1.25,0.455,true
FIXED_R65,2025-11-24,2025-11-23 18:26,UP,2025-11-23 19:14,SHORT,24501.50,24467.25,2025-11-23 19:15,STOP_HIT,2,4.50,-0.50,0.316,false
FIXED_R65,2025-11-24,2025-11-23 21:49,DOWN,2025-11-23 22:10,LONG,24466.50,24474.50,2025-11-23 23:23,STOP_HIT,74,96.75,-15.00,0.045,false
FIXED_R65,2025-11-24,2025-11-23 22:06,UP,2025-11-23 22:17,SHORT,24519.00,24475.00,2025-11-23 22:18,STOP_HIT,2,0.75,-16.00,0.014,false
FIXED_R65,2025-11-24,2025-11-23 22:58,DOWN,2025-11-23 23:27,LONG,24383.25,24479.00,2025-11-23 23:28,STOP_HIT,2,15.25,-2.50,0.037,true
FIXED_R65,2025-11-24,2025-11-24 00:35,UP,2025-11-24 03:33,SHORT,24552.25,24469.50,2025-11-24 03:34,STOP_HIT,2,12.00,9.50,0.127,false
FIXED_R65,2025-11-25,2025-11-24 13:47,DOWN,2025-11-24 15:33,LONG,24938.75,24948.75,2025-11-24 15:34,STOP_HIT,2,7.50,-0.75,0.049,true
FIXED_R65,2025-11-25,2025-11-25 02:44,DOWN,2025-11-25 02:56,LONG,24915.00,24916.25,2025-11-25 02:57,STOP_HIT,2,0.25,-6.50,0.004,false
FIXED_R65,2025-11-25,2025-11-25 05:32,DOWN,2025-11-25 05:42,LONG,24796.50,24809.25,2025-11-25 05:50,STOP_HIT,9,76.50,-8.00,0.015,false
FIXED_R65,2025-11-25,2025-11-25 05:36,UP,2025-11-25 05:46,SHORT,24868.25,24811.00,2025-11-25 05:47,STOP_HIT,2,18.75,7.75,0.059,false
FIXED_R65,2025-11-25,2025-11-25 05:46,DOWN,2025-11-25 05:56,LONG,24790.50,24809.50,2025-11-25 06:02,STOP_HIT,7,49.00,5.75,0.046,true
FIXED_R65,2025-11-25,2025-11-25 05:58,DOWN,2025-11-25 06:11,LONG,24787.00,24808.50,2025-11-25 06:12,STOP_HIT,2,21.25,11.75,0.070,false
FIXED_R65,2025-11-26,2025-11-25 13:55,UP,2025-11-25 18:26,SHORT,25174.00,25152.25,2025-11-25 18:27,STOP_HIT,2,3.75,1.75,0.565,true
FIXED_R65,2025-11-26,2025-11-25 23:27,UP,2025-11-26 00:55,SHORT,25202.75,25171.50,2025-11-26 00:56,STOP_HIT,2,5.25,1.75,0.286,false
FIXED_R65,2025-11-26,2025-11-26 01:25,DOWN,2025-11-26 02:04,LONG,25156.50,25175.00,2025-11-26 02:05,STOP_HIT,2,1.75,-12.00,0.120,false
FIXED_R65,2025-11-26,2025-11-26 02:16,UP,2025-11-26 03:11,SHORT,25184.00,25171.00,2025-11-26 03:12,STOP_HIT,2,4.00,-4.75,0.367,false
FIXED_R65,2025-11-26,2025-11-26 04:51,DOWN,2025-11-26 05:03,LONG,25180.25,25196.50,2025-11-26 05:04,STOP_HIT,2,20.75,-1.75,0.250,true
FIXED_R65,2025-11-26,2025-11-26 05:25,UP,2025-11-26 05:35,SHORT,25221.25,25193.00,2025-11-26 05:36,STOP_HIT,2,0.50,-11.00,0.093,false
FIXED_R65,2025-11-28,2025-11-27 13:00,UP,2025-11-27 15:25,SHORT,25363.00,25335.50,2025-11-27 15:26,STOP_HIT,2,1.50,0.00,0.074,false
FIXED_R65,2025-11-28,2025-11-28 04:37,DOWN,2025-11-28 04:47,LONG,25367.75,25363.75,2025-11-28 08:14,TIME_EXPIRED,208,132.00,116.75,0.085,true
FIXED_R65,2025-11-28,2025-11-28 04:41,UP,2025-11-28 04:51,SHORT,25393.75,25367.00,2025-11-28 04:52,STOP_HIT,2,31.00,24.00,0.101,true
FIXED_R65,2025-12-01,2025-11-30 13:00,DOWN,2025-11-30 13:10,LONG,25498.50,25492.25,2025-11-30 13:31,STOP_HIT,22,25.75,-23.25,0.070,true
FIXED_R65,2025-12-01,2025-11-30 13:00,UP,2025-11-30 13:26,SHORT,25516.50,25496.75,2025-11-30 13:27,STOP_HIT,2,12.25,12.25,0.073,false
FIXED_R65,2025-12-01,2025-11-30 22:23,DOWN,2025-11-30 23:59,LONG,25284.50,25308.75,2025-12-01 00:00,STOP_HIT,2,7.50,6.25,0.224,true
FIXED_R65,2025-12-02,2025-12-01 13:10,UP,2025-12-01 15:07,SHORT,25442.00,25407.75,2025-12-01 15:08,STOP_HIT,2,18.25,14.25,0.474,false
FIXED_R65,2025-12-02,2025-12-01 15:17,DOWN,2025-12-01 17:26,LONG,25374.00,25409.50,2025-12-01 17:27,STOP_HIT,2,1.75,-5.50,0.062,false
FIXED_R65,2025-12-02,2025-12-01 22:10,UP,2025-12-01 23:02,SHORT,25423.50,25393.00,2025-12-01 23:03,STOP_HIT,2,4.75,-2.25,0.059,false
FIXED_R65,2025-12-02,2025-12-02 05:34,UP,2025-12-02 05:44,SHORT,25626.00,25559.25,2025-12-02 05:45,STOP_HIT,2,12.00,3.50,0.136,false
FIXED_R65,2025-12-02,2025-12-02 05:51,DOWN,2025-12-02 06:28,LONG,25465.00,25566.25,2025-12-02 06:29,STOP_HIT,2,0.00,-5.25,0.100,true
FIXED_R65,2025-12-02,2025-12-02 08:00,UP,2025-12-02 08:12,SHORT,25545.75,25548.75,2025-12-02 08:17,STOP_HIT,6,6.25,-18.00,0.012,false
FIXED_R65,2025-12-03,2025-12-02 14:28,UP,2025-12-02 15:03,SHORT,25636.00,25620.25,2025-12-02 15:04,STOP_HIT,2,7.50,3.50,0.220,false
FIXED_R65,2025-12-03,2025-12-02 19:15,DOWN,2025-12-02 23:51,LONG,25629.25,25642.50,2025-12-02 23:52,STOP_HIT,2,4.50,0.75,0.130,false
FIXED_R65,2025-12-03,2025-12-03 00:50,UP,2025-12-03 03:15,SHORT,25676.25,25641.50,2025-12-03 03:16,STOP_HIT,2,11.00,10.25,0.224,false
FIXED_R65,2025-12-03,2025-12-03 03:15,DOWN,2025-12-03 04:04,LONG,25557.50,25641.25,2025-12-03 04:05,STOP_HIT,2,0.50,-37.25,0.060,true
FIXED_R65,2025-12-03,2025-12-03 04:53,UP,2025-12-03 05:07,SHORT,25531.00,25521.25,2025-12-03 05:08,STOP_HIT,2,9.00,-1.00,0.145,true
FIXED_R65,2025-12-03,2025-12-03 05:05,DOWN,2025-12-03 05:15,LONG,25516.00,25521.00,2025-12-03 05:31,STOP_HIT,17,47.50,-0.50,0.014,true
FIXED_R65,2025-12-03,2025-12-03 05:12,UP,2025-12-03 05:22,SHORT,25521.00,25523.50,2025-12-03 05:23,STOP_HIT,2,21.00,-23.50,0.084,true
FIXED_R65,2025-12-04,2025-12-03 21:07,DOWN,2025-12-03 22:28,LONG,25606.50,25643.75,2025-12-03 22:29,STOP_HIT,2,16.00,13.00,0.422,false
FIXED_R65,2025-12-04,2025-12-03 22:27,UP,2025-12-03 23:33,SHORT,25667.75,25642.00,2025-12-03 23:34,STOP_HIT,2,9.25,5.00,0.044,true
FIXED_R65,2025-12-04,2025-12-03 23:41,DOWN,2025-12-04 03:52,LONG,25627.00,25647.50,2025-12-04 03:53,STOP_HIT,2,6.25,5.50,0.494,false
FIXED_R65,2025-12-04,2025-12-04 07:01,DOWN,2025-12-04 08:42,LONG,25598.75,25605.75,2025-12-04 08:43,STOP_HIT,2,9.25,2.25,0.081,false
FIXED_R65,2025-12-05,2025-12-04 13:46,UP,2025-12-04 15:32,SHORT,25673.25,25640.75,2025-12-04 15:33,STOP_HIT,2,5.25,5.25,0.258,false
FIXED_R65,2025-12-05,2025-12-04 22:21,DOWN,2025-12-05 03:30,LONG,25686.00,25710.25,2025-12-05 03:31,STOP_HIT,2,3.00,-9.25,0.186,true
FIXED_R65,2025-12-05,2025-12-05 04:41,UP,2025-12-05 04:51,SHORT,25749.75,25710.00,2025-12-05 04:52,STOP_HIT,2,8.75,-22.50,0.055,true
FIXED_R65,2025-12-05,2025-12-05 07:37,UP,2025-12-05 08:10,SHORT,25738.25,25726.50,2025-12-05 08:13,STOP_HIT,4,12.25,10.50,0.163,false
FIXED_R65,2025-12-05,2025-12-05 08:34,DOWN,2025-12-05 10:48,LONG,25694.25,25725.75,2025-12-05 10:49,STOP_HIT,2,1.75,-1.25,0.116,false
FIXED_R65,2025-12-05,2025-12-05 10:51,UP,2025-12-05 11:09,SHORT,25737.50,25725.25,2025-12-05 11:10,STOP_HIT,2,4.00,1.75,0.075,false
FIXED_R65,2025-12-08,2025-12-07 13:00,DOWN,2025-12-07 14:11,LONG,25707.75,25740.00,2025-12-07 14:12,STOP_HIT,2,1.50,-0.75,0.210,false
FIXED_R65,2025-12-08,2025-12-07 14:11,UP,2025-12-07 15:37,SHORT,25765.00,25742.50,2025-12-07 15:38,STOP_HIT,2,4.25,-1.25,0.523,false
FIXED_R65,2025-12-08,2025-12-08 04:33,DOWN,2025-12-08 04:52,LONG,25758.00,25794.00,2025-12-08 04:53,STOP_HIT,2,13.75,5.50,0.022,false
FIXED_R65,2025-12-09,2025-12-08 15:22,DOWN,2025-12-08 22:06,LONG,25701.00,25696.25,2025-12-08 22:30,STOP_HIT,25,11.50,-5.50,0.143,true
FIXED_R65,2025-12-09,2025-12-09 04:33,UP,2025-12-09 05:42,SHORT,25661.25,25638.50,2025-12-09 05:43,STOP_HIT,2,5.50,-15.25,0.100,false
FIXED_R65,2025-12-10,2025-12-09 15:10,UP,2025-12-09 18:38,SHORT,25707.50,25671.75,2025-12-09 18:39,STOP_HIT,2,3.75,3.25,0.542,false
FIXED_R65,2025-12-10,2025-12-10 02:40,UP,2025-12-10 03:28,SHORT,25707.00,25674.25,2025-12-10 03:29,STOP_HIT,2,19.75,-1.75,0.137,false
FIXED_R65,2025-12-10,2025-12-10 03:30,DOWN,2025-12-10 04:02,LONG,25664.50,25676.00,2025-12-10 04:03,STOP_HIT,2,1.00,-2.75,0.178,false
FIXED_R65,2025-12-10,2025-12-10 06:03,UP,2025-12-10 06:53,SHORT,25647.75,25632.75,2025-12-10 06:54,STOP_HIT,2,4.25,-5.25,0.043,false
FIXED_R65,2025-12-10,2025-12-10 07:56,DOWN,2025-12-10 08:37,LONG,25629.25,25634.00,2025-12-10 08:38,STOP_HIT,2,2.50,-8.25,0.143,true
FIXED_R65,2025-12-11,2025-12-10 13:01,DOWN,2025-12-10 13:17,LONG,25728.75,25764.75,2025-12-10 13:18,STOP_HIT,2,4.00,-10.50,0.294,false
FIXED_R65,2025-12-11,2025-12-10 22:35,UP,2025-12-10 23:00,SHORT,25536.25,25512.75,2025-12-10 23:01,STOP_HIT,2,7.00,-5.25,0.219,true
FIXED_R65,2025-12-11,2025-12-11 05:28,DOWN,2025-12-11 05:50,LONG,25494.00,25562.50,2025-12-11 05:51,STOP_HIT,2,8.00,-18.50,0.031,true
FIXED_R65,2025-12-11,2025-12-11 06:29,UP,2025-12-11 06:50,SHORT,25549.25,25543.00,2025-12-11 07:13,STOP_HIT,24,83.00,-24.25,0.039,false
FIXED_R65,2025-12-11,2025-12-11 06:57,UP,2025-12-11 07:24,SHORT,25616.75,25540.50,2025-12-11 07:25,STOP_HIT,2,2.50,-7.25,0.182,false
FIXED_R65,2025-12-12,2025-12-11 13:01,DOWN,2025-12-11 13:15,LONG,25661.50,25700.00,2025-12-11 13:16,STOP_HIT,2,1.75,-1.50,0.387,false
FIXED_R65,2025-12-15,2025-12-14 13:00,DOWN,2025-12-14 13:10,LONG,25398.50,25428.50,2025-12-14 13:11,STOP_HIT,2,6.50,5.00,0.118,true
FIXED_R65,2025-12-15,2025-12-14 13:08,UP,2025-12-14 13:52,SHORT,25454.25,25424.00,2025-12-14 13:53,STOP_HIT,2,3.25,0.75,0.667,false
FIXED_R65,2025-12-15,2025-12-15 04:30,DOWN,2025-12-15 04:47,LONG,25532.75,25579.50,2025-12-15 04:48,STOP_HIT,2,14.00,0.50,0.051,true
FIXED_R65,2025-12-16,2025-12-15 13:05,DOWN,2025-12-15 13:46,LONG,25315.75,25341.75,2025-12-15 13:47,STOP_HIT,2,2.00,-6.75,0.413,false
FIXED_R65,2025-12-16,2025-12-15 21:44,UP,2025-12-15 22:26,SHORT,25173.75,25154.75,2025-12-15 22:27,STOP_HIT,2,6.00,-7.25,0.204,false
FIXED_R65,2025-12-16,2025-12-16 05:08,DOWN,2025-12-16 05:27,LONG,25187.25,25277.25,2025-12-16 05:28,STOP_HIT,2,33.25,27.25,0.042,false
FIXED_R65,2025-12-16,2025-12-16 06:00,DOWN,2025-12-16 06:21,LONG,25235.50,25274.75,2025-12-16 06:22,STOP_HIT,2,21.25,7.75,0.090,false
FIXED_R65,2025-12-16,2025-12-16 06:28,UP,2025-12-16 07:03,SHORT,25350.75,25273.00,2025-12-16 07:04,STOP_HIT,2,12.50,8.25,0.108,false
FIXED_R65,2025-12-16,2025-12-16 07:15,DOWN,2025-12-16 07:46,LONG,25248.75,25276.00,2025-12-16 07:47,STOP_HIT,2,17.75,17.25,0.012,true
FIXED_R65,2025-12-16,2025-12-16 08:51,DOWN,2025-12-16 09:16,LONG,25243.75,25270.75,2025-12-16 09:17,STOP_HIT,2,7.50,-10.50,0.002,false
FIXED_R65,2025-12-16,2025-12-16 09:20,UP,2025-12-16 09:34,SHORT,25294.25,25270.00,2025-12-16 09:35,STOP_HIT,2,1.00,-23.25,0.042,true
FIXED_R65,2025-12-17,2025-12-16 13:07,UP,2025-12-16 13:45,SHORT,25361.50,25329.50,2025-12-16 13:46,STOP_HIT,2,11.50,8.25,0.510,false
FIXED_R65,2025-12-17,2025-12-16 13:44,DOWN,2025-12-16 14:02,LONG,25296.00,25324.50,2025-12-16 14:03,STOP_HIT,2,2.25,-7.00,0.036,false
FIXED_R65,2025-12-17,2025-12-16 14:08,UP,2025-12-16 15:17,SHORT,25328.00,25314.00,2025-12-16 15:18,STOP_HIT,2,12.00,5.75,0.000,false
FIXED_R65,2025-12-17,2025-12-16 17:16,DOWN,2025-12-16 19:11,LONG,25326.50,25332.50,2025-12-16 19:12,STOP_HIT,2,3.50,0.50,0.278,true
FIXED_R65,2025-12-17,2025-12-16 19:02,UP,2025-12-16 20:03,SHORT,25359.50,25332.25,2025-12-16 20:04,STOP_HIT,2,4.00,-7.50,0.266,false
FIXED_R65,2025-12-17,2025-12-17 03:58,DOWN,2025-12-17 04:37,LONG,25346.75,25415.75,2025-12-17 04:38,STOP_HIT,2,21.75,10.50,0.029,false
FIXED_R65,2025-12-18,2025-12-17 13:00,DOWN,2025-12-17 13:26,LONG,24934.25,24968.50,2025-12-17 13:27,STOP_HIT,2,17.25,17.25,0.441,false
FIXED_R65,2025-12-18,2025-12-17 14:06,UP,2025-12-17 14:21,SHORT,24958.25,24956.75,2025-12-17 14:22,STOP_HIT,2,5.50,-6.75,0.116,true
FIXED_R65,2025-12-18,2025-12-17 16:18,DOWN,2025-12-17 17:10,LONG,24944.75,24969.25,2025-12-17 17:11,STOP_HIT,2,4.00,-0.50,0.276,false
FIXED_R65,2025-12-18,2025-12-17 17:18,UP,2025-12-17 19:46,SHORT,24978.25,24966.75,2025-12-17 19:47,STOP_HIT,2,2.50,1.25,0.190,true
FIXED_R65,2025-12-18,2025-12-18 05:14,UP,2025-12-18 05:26,SHORT,25289.75,25206.00,2025-12-18 05:27,STOP_HIT,2,7.00,-36.75,0.074,true
FIXED_R65,2025-12-18,2025-12-18 06:54,DOWN,2025-12-18 07:19,LONG,25217.25,25252.75,2025-12-18 07:20,STOP_HIT,2,12.50,10.25,0.144,true
FIXED_R65,2025-12-18,2025-12-18 07:17,UP,2025-12-18 07:57,SHORT,25331.25,25253.75,2025-12-18 07:58,STOP_HIT,2,1.75,-23.75,0.004,true
FIXED_R65,2025-12-18,2025-12-18 09:10,DOWN,2025-12-18 09:36,LONG,25253.00,25270.25,2025-12-18 09:37,STOP_HIT,2,5.75,-11.00,0.157,true
FIXED_R65,2025-12-18,2025-12-18 10:00,UP,2025-12-18 10:18,SHORT,25283.00,25266.50,2025-12-18 10:19,STOP_HIT,2,6.25,-11.25,0.011,true
FIXED_R65,2025-12-18,2025-12-18 10:50,DOWN,2025-12-18 11:00,LONG,25252.00,25270.50,2025-12-18 11:01,STOP_HIT,2,5.25,-18.00,0.033,false
FIXED_R65,2025-12-19,2025-12-18 13:09,UP,2025-12-18 15:58,SHORT,25275.00,25234.75,2025-12-18 15:59,STOP_HIT,2,8.50,8.25,0.249,false
FIXED_R65,2025-12-19,2025-12-19 03:03,UP,2025-12-19 03:40,SHORT,25329.50,25307.00,2025-12-19 03:41,STOP_HIT,2,23.50,16.75,0.061,true
FIXED_R65,2025-12-22,2025-12-21 13:15,UP,2025-12-21 16:32,SHORT,25697.25,25661.50,2025-12-21 16:33,STOP_HIT,2,3.50,1.75,0.316,false
FIXED_R65,2025-12-22,2025-12-22 04:31,DOWN,2025-12-22 04:41,LONG,25700.25,25707.50,2025-12-22 04:42,STOP_HIT,2,6.00,-19.00,0.094,false
FIXED_R65,2025-12-22,2025-12-22 04:42,UP,2025-12-22 04:52,SHORT,25735.00,25707.25,2025-12-22 04:53,STOP_HIT,2,11.00,3.25,0.170,false
FIXED_R65,2025-12-22,2025-12-22 04:55,DOWN,2025-12-22 05:16,LONG,25687.25,25710.00,2025-12-22 05:17,STOP_HIT,2,16.75,8.75,0.051,true
FIXED_R65,2025-12-22,2025-12-22 05:36,UP,2025-12-22 07:10,SHORT,25697.50,25701.00,2025-12-22 07:17,STOP_HIT,8,2.00,-9.25,0.102,true
FIXED_R65,2025-12-23,2025-12-22 16:17,DOWN,2025-12-22 20:11,LONG,25674.25,25713.50,2025-12-22 20:12,STOP_HIT,2,3.75,3.25,0.553,false
FIXED_R65,2025-12-23,2025-12-22 23:42,DOWN,2025-12-23 02:31,LONG,25669.00,25704.00,2025-12-23 02:32,STOP_HIT,2,4.50,4.50,0.158,true
FIXED_R65,2025-12-23,2025-12-23 03:39,UP,2025-12-23 04:38,SHORT,25721.00,25697.25,2025-12-23 04:39,STOP_HIT,2,20.50,5.75,0.035,true
FIXED_R65,2025-12-23,2025-12-23 04:49,DOWN,2025-12-23 05:01,LONG,25683.00,25704.50,2025-12-23 05:02,STOP_HIT,2,0.50,-33.50,0.055,false
FIXED_R65,2025-12-23,2025-12-23 05:03,UP,2025-12-23 06:31,SHORT,25739.75,25702.25,2025-12-23 06:32,STOP_HIT,2,2.25,-0.75,0.035,true
FIXED_R65,2025-12-24,2025-12-23 19:00,UP,2025-12-24 06:10,SHORT,25839.25,25810.75,2025-12-24 06:11,STOP_HIT,2,0.75,-4.75,0.197,false
FIXED_R65,2025-12-26,2025-12-25 15:01,DOWN,2025-12-25 21:20,LONG,25854.00,25888.00,2025-12-25 21:21,STOP_HIT,2,4.00,2.50,0.099,false
FIXED_R65,2025-12-26,2025-12-25 22:35,UP,2025-12-26 03:38,SHORT,25910.00,25884.25,2025-12-26 03:39,STOP_HIT,2,0.00,-3.75,0.398,false
FIXED_R65,2025-12-26,2025-12-26 04:45,DOWN,2025-12-26 05:01,LONG,25873.00,25895.25,2025-12-26 05:02,STOP_HIT,2,0.00,-30.50,0.134,false
FIXED_R65,2025-12-26,2025-12-26 05:16,UP,2025-12-26 05:56,SHORT,25896.25,25885.25,2025-12-26 05:57,STOP_HIT,2,3.25,-0.25,0.102,false
FIXED_R65,2025-12-29,2025-12-28 14:59,DOWN,2025-12-29 04:18,LONG,25666.50,25766.75,2025-12-29 04:19,STOP_HIT,2,15.50,14.00,0.013,true
FIXED_R65,2025-12-29,2025-12-29 04:37,DOWN,2025-12-29 04:59,LONG,25716.25,25753.75,2025-12-29 05:00,STOP_HIT,2,20.50,18.50,0.211,false
FIXED_R65,2025-12-29,2025-12-29 05:14,UP,2025-12-29 05:39,SHORT,25748.50,25743.75,2025-12-29 05:40,STOP_HIT,2,8.50,2.75,0.146,true
FIXED_R65,2025-12-29,2025-12-29 05:36,DOWN,2025-12-29 05:51,LONG,25692.75,25743.25,2025-12-29 05:52,STOP_HIT,2,0.50,-2.75,0.078,false
FIXED_R65,2025-12-29,2025-12-29 07:28,UP,2025-12-29 11:00,SHORT,25741.25,25723.25,2025-12-29 11:01,STOP_HIT,2,13.50,6.25,0.040,true
FIXED_R65,2025-12-30,2025-12-29 19:00,DOWN,2025-12-29 21:52,LONG,25697.50,25720.00,2025-12-29 21:53,STOP_HIT,2,3.75,3.50,0.231,true
FIXED_R65,2025-12-30,2025-12-29 21:23,UP,2025-12-29 23:29,SHORT,25748.00,25722.25,2025-12-29 23:30,STOP_HIT,2,0.25,-0.25,0.409,false
FIXED_R65,2025-12-30,2025-12-29 23:36,DOWN,2025-12-30 04:40,LONG,25692.75,25717.50,2025-12-30 04:41,STOP_HIT,2,13.25,1.00,0.145,false
FIXED_R65,2025-12-30,2025-12-30 04:57,DOWN,2025-12-30 05:23,LONG,25697.50,25718.00,2025-12-30 05:24,STOP_HIT,2,25.25,4.25,0.018,true
FIXED_R65,2025-12-30,2025-12-30 06:22,DOWN,2025-12-30 07:28,LONG,25719.00,25722.25,2025-12-30 07:29,STOP_HIT,2,4.75,2.50,0.166,true
FIXED_R65,2025-12-31,2025-12-30 13:00,DOWN,2025-12-30 14:49,LONG,25625.25,25652.25,2025-12-30 14:50,STOP_HIT,2,3.00,-3.50,0.150,false
FIXED_R65,2025-12-31,2025-12-30 22:40,UP,2025-12-31 03:51,SHORT,25699.25,25615.25,2025-12-31 03:52,STOP_HIT,2,4.50,-9.75,0.355,false
FIXED_R65,2025-12-31,2025-12-31 04:01,DOWN,2025-12-31 04:56,LONG,25624.75,25622.75,2025-12-31 04:57,STOP_HIT,2,6.75,-21.25,0.106,false
FIXED_R65,2025-12-31,2025-12-31 09:03,DOWN,2025-12-31 09:33,LONG,25564.50,25600.00,2025-12-31 09:34,STOP_HIT,2,1.50,-27.50,0.050,false
FIXED_R65,2026-01-02,2026-01-01 13:03,UP,2026-01-01 15:00,SHORT,25511.00,25490.00,2026-01-01 15:01,STOP_HIT,2,0.75,-8.25,0.107,false
FIXED_R65,2026-01-02,2026-01-02 04:31,DOWN,2026-01-02 04:41,LONG,25645.25,25681.25,2026-01-02 04:42,STOP_HIT,2,23.50,19.75,0.118,false
FIXED_R65,2026-01-02,2026-01-02 04:50,DOWN,2026-01-02 05:23,LONG,25485.50,25684.75,2026-01-02 05:24,STOP_HIT,2,23.25,-0.25,0.080,false
FIXED_R65,2026-01-05,2026-01-04 13:07,UP,2026-01-04 14:02,SHORT,25474.00,25443.50,2026-01-04 14:03,STOP_HIT,2,8.00,5.00,0.304,false
FIXED_R65,2026-01-06,2026-01-05 20:34,DOWN,2026-01-05 22:32,LONG,25529.25,25597.00,2026-01-05 22:33,STOP_HIT,2,13.25,8.50,0.038,false
FIXED_R65,2026-01-06,2026-01-05 22:31,UP,2026-01-06 03:01,SHORT,25638.75,25593.75,2026-01-06 03:02,STOP_HIT,2,0.00,-1.00,0.103,true
FIXED_R65,2026-01-06,2026-01-06 06:07,UP,2026-01-06 06:25,SHORT,25696.50,25673.00,2026-01-06 06:26,STOP_HIT,2,24.25,22.50,0.002,true
FIXED_R65,2026-01-07,2026-01-06 13:01,DOWN,2026-01-06 19:01,LONG,25780.50,25819.75,2026-01-06 19:02,STOP_HIT,2,4.25,2.00,0.350,false
FIXED_R65,2026-01-07,2026-01-06 23:21,UP,2026-01-07 04:31,SHORT,25777.25,25778.00,2026-01-07 04:32,STOP_HIT,2,6.25,-17.75,0.036,false
FIXED_R65,2026-01-08,2026-01-07 13:00,DOWN,2026-01-07 16:49,LONG,25782.75,25827.75,2026-01-07 16:50,STOP_HIT,2,9.25,4.75,0.214,false
FIXED_R65,2026-01-08,2026-01-07 21:24,DOWN,2026-01-08 01:32,LONG,25773.50,25774.25,2026-01-08 01:39,STOP_HIT,8,12.50,-2.50,0.155,false
FIXED_R65,2026-01-08,2026-01-08 01:31,UP,2026-01-08 03:21,SHORT,25808.75,25773.50,2026-01-08 03:22,STOP_HIT,2,10.00,2.75,0.132,false
FIXED_R65,2026-01-08,2026-01-08 03:30,DOWN,2026-01-08 04:33,LONG,25747.00,25774.75,2026-01-08 04:34,STOP_HIT,2,13.25,-41.00,0.044,false
FIXED_R65,2026-01-08,2026-01-08 07:52,DOWN,2026-01-08 08:12,LONG,25639.75,25671.50,2026-01-08 08:13,STOP_HIT,2,1.50,-16.50,0.160,false
FIXED_R65,2026-01-08,2026-01-08 09:16,UP,2026-01-08 11:04,SHORT,25686.75,25665.75,2026-01-08 11:05,STOP_HIT,2,0.50,-1.25,0.315,true
FIXED_R65,2026-01-09,2026-01-08 13:01,DOWN,2026-01-08 15:18,LONG,25661.75,25685.75,2026-01-08 15:19,STOP_HIT,2,0.75,-13.00,0.059,false
FIXED_R65,2026-01-09,2026-01-08 15:37,UP,2026-01-08 17:26,SHORT,25678.50,25678.00,2026-01-08 17:37,STOP_HIT,12,12.50,-2.50,0.114,false
FIXED_R65,2026-01-09,2026-01-09 04:03,DOWN,2026-01-09 04:32,LONG,25668.75,25715.75,2026-01-09 04:33,STOP_HIT,2,26.00,16.00,0.044,false
FIXED_R65,2026-01-09,2026-01-09 04:32,UP,2026-01-09 04:42,SHORT,25751.50,25716.50,2026-01-09 04:43,STOP_HIT,2,6.00,-1.25,0.065,true
FIXED_R65,2026-01-09,2026-01-09 05:08,UP,2026-01-09 05:19,SHORT,25755.75,25719.25,2026-01-09 05:20,STOP_HIT,2,0.75,-10.75,0.066,false
FIXED_R65,2026-01-12,2026-01-11 13:00,DOWN,2026-01-11 13:10,LONG,25914.25,25900.00,2026-01-11 13:18,STOP_HIT,9,5.25,-21.25,0.173,true
FIXED_R65,2026-01-12,2026-01-11 22:43,UP,2026-01-12 04:31,SHORT,25792.25,25740.00,2026-01-12 04:32,STOP_HIT,2,8.75,-38.50,0.112,false
FIXED_R65,2026-01-13,2026-01-12 13:00,DOWN,2026-01-12 14:01,LONG,25890.25,25921.50,2026-01-12 14:02,STOP_HIT,2,8.00,6.25,0.489,false
FIXED_R65,2026-01-13,2026-01-12 15:45,UP,2026-01-12 20:03,SHORT,25912.00,25884.50,2026-01-12 20:04,STOP_HIT,2,5.25,2.25,0.771,false
FIXED_R65,2026-01-13,2026-01-12 23:18,DOWN,2026-01-13 00:33,LONG,25892.00,25893.75,2026-01-13 00:34,STOP_HIT,2,0.25,-5.50,0.675,true
FIXED_R65,2026-01-13,2026-01-13 06:27,UP,2026-01-13 06:37,SHORT,25949.00,25912.50,2026-01-13 06:38,STOP_HIT,2,7.25,-1.75,0.065,true
FIXED_R65,2026-01-13,2026-01-13 06:56,DOWN,2026-01-13 08:45,LONG,25866.50,25918.00,2026-01-13 08:46,STOP_HIT,2,12.75,5.25,0.117,false
FIXED_R65,2026-01-14,2026-01-14 10:08,DOWN,2026-01-14 10:18,LONG,25532.00,25565.25,2026-01-14 10:19,STOP_HIT,2,15.75,8.25,0.011,false
FIXED_R65,2026-01-14,2026-01-14 10:17,UP,2026-01-14 10:35,SHORT,25608.00,25565.00,2026-01-14 10:36,STOP_HIT,2,1.25,-19.25,0.213,true
FIXED_R65,2026-01-15,2026-01-14 13:23,UP,2026-01-14 15:03,SHORT,25628.75,25598.25,2026-01-14 15:04,STOP_HIT,2,1.25,-11.75,0.411,false
FIXED_R65,2026-01-15,2026-01-14 15:33,UP,2026-01-14 15:57,SHORT,25627.50,25600.50,2026-01-14 15:58,STOP_HIT,2,3.25,1.00,0.029,false
FIXED_R65,2026-01-15,2026-01-15 05:37,DOWN,2026-01-15 05:47,LONG,25826.75,25871.75,2026-01-15 05:48,STOP_HIT,2,23.25,0.25,0.192,false
FIXED_R65,2026-01-15,2026-01-15 05:52,UP,2026-01-15 06:06,SHORT,25914.25,25869.50,2026-01-15 06:07,STOP_HIT,2,11.00,6.25,0.052,false
FIXED_R65,2026-01-15,2026-01-15 07:09,DOWN,2026-01-15 07:52,LONG,25875.25,25879.50,2026-01-15 07:53,STOP_HIT,2,2.75,-1.50,0.202,true
FIXED_R65,2026-01-16,2026-01-15 13:06,UP,2026-01-15 15:08,SHORT,25769.00,25740.50,2026-01-15 15:09,STOP_HIT,2,0.50,-1.25,0.322,false
FIXED_R65,2026-01-16,2026-01-16 04:31,DOWN,2026-01-16 05:00,LONG,25729.00,25830.75,2026-01-16 05:01,STOP_HIT,2,7.25,-13.00,0.146,false
FIXED_R65,2026-01-16,2026-01-16 06:45,DOWN,2026-01-16 06:57,LONG,25693.25,25743.25,2026-01-16 06:58,STOP_HIT,2,29.50,25.25,0.080,false
FIXED_R65,2026-01-19,2026-01-18 13:00,UP,2026-01-18 13:10,SHORT,25444.75,25441.50,2026-01-18 13:11,STOP_HIT,2,21.25,-4.25,0.039,false
FIXED_R65,2026-01-19,2026-01-18 14:00,DOWN,2026-01-18 14:16,LONG,25427.00,25439.00,2026-01-18 14:17,STOP_HIT,2,1.00,-24.50,0.113,false
FIXED_R65,2026-01-19,2026-01-18 14:30,UP,2026-01-18 14:55,SHORT,25443.50,25433.50,2026-01-18 15:12,STOP_HIT,18,36.50,9.75,0.234,false
FIXED_R65,2026-01-20,2026-01-19 13:01,DOWN,2026-01-19 14:17,LONG,25342.75,25379.75,2026-01-19 14:18,STOP_HIT,2,4.00,-0.50,0.248,false
FIXED_R65,2026-01-20,2026-01-19 14:28,UP,2026-01-19 14:47,SHORT,25402.75,25375.50,2026-01-19 14:48,STOP_HIT,2,7.25,4.25,0.054,true
FIXED_R65,2026-01-20,2026-01-19 16:48,DOWN,2026-01-19 20:10,LONG,25357.00,25393.75,2026-01-19 20:11,STOP_HIT,2,0.00,-6.25,0.004,true
FIXED_R65,2026-01-20,2026-01-20 02:49,DOWN,2026-01-20 03:34,LONG,25199.75,25252.50,2026-01-20 03:35,STOP_HIT,2,26.00,3.75,0.114,false
FIXED_R65,2026-01-20,2026-01-20 06:58,DOWN,2026-01-20 08:12,LONG,25295.25,25314.75,2026-01-20 08:13,STOP_HIT,2,1.25,-14.75,0.060,true
FIXED_R65,2026-01-21,2026-01-20 13:02,DOWN,2026-01-20 13:53,LONG,25110.75,25154.00,2026-01-20 13:54,STOP_HIT,2,6.25,-2.25,0.266,false
FIXED_R65,2026-01-21,2026-01-20 13:55,UP,2026-01-20 14:43,SHORT,25174.50,25152.00,2026-01-20 14:44,STOP_HIT,2,3.75,0.50,0.146,true
FIXED_R65,2026-01-21,2026-01-20 21:23,DOWN,2026-01-20 23:44,LONG,25174.75,25203.75,2026-01-20 23:45,STOP_HIT,2,2.00,-4.00,0.089,false
FIXED_R65,2026-01-21,2026-01-21 07:46,UP,2026-01-21 07:59,SHORT,25256.25,25221.50,2026-01-21 08:12,STOP_HIT,14,105.50,9.25,0.105,false
FIXED_R65,2026-01-21,2026-01-21 08:13,DOWN,2026-01-21 08:25,LONG,25192.00,25220.00,2026-01-21 08:26,STOP_HIT,2,20.00,9.00,0.086,false
FIXED_R65,2026-01-21,2026-01-21 08:24,UP,2026-01-21 08:34,SHORT,25249.25,25220.50,2026-01-21 08:35,STOP_HIT,2,12.00,8.25,0.111,true
FIXED_R65,2026-01-22,2026-01-21 13:35,UP,2026-01-21 15:28,SHORT,25586.00,25558.00,2026-01-21 15:29,STOP_HIT,2,1.75,-4.50,0.252,false
FIXED_R65,2026-01-22,2026-01-21 16:11,DOWN,2026-01-21 19:44,LONG,25542.00,25568.75,2026-01-21 19:45,STOP_HIT,2,9.00,5.25,0.118,false
FIXED_R65,2026-01-22,2026-01-21 20:25,UP,2026-01-21 22:19,SHORT,25637.50,25564.50,2026-01-21 22:20,STOP_HIT,2,14.75,14.00,0.235,false
FIXED_R65,2026-01-22,2026-01-22 03:59,DOWN,2026-01-22 04:43,LONG,25651.00,25673.75,2026-01-22 04:44,STOP_HIT,2,11.25,-4.75,0.140,false
FIXED_R65,2026-01-22,2026-01-22 05:25,UP,2026-01-22 05:44,SHORT,25642.75,25612.25,2026-01-22 05:45,STOP_HIT,2,2.00,-9.00,0.144,false
FIXED_R65,2026-01-22,2026-01-22 10:37,UP,2026-01-22 11:00,SHORT,25661.75,25650.00,2026-01-22 11:01,STOP_HIT,2,34.25,10.50,0.043,false
FIXED_R65,2026-01-22,2026-01-22 11:00,DOWN,2026-01-22 11:59,LONG,25622.25,25650.50,2026-01-22 11:59,TIME_EXPIRED,1,7.75,7.75,0.143,false
FIXED_R65,2026-01-23,2026-01-22 13:00,UP,2026-01-22 14:38,SHORT,25641.00,25612.50,2026-01-22 14:39,STOP_HIT,2,3.00,2.25,0.304,false
FIXED_R65,2026-01-23,2026-01-22 20:05,DOWN,2026-01-22 22:53,LONG,25596.50,25672.50,2026-01-22 22:54,STOP_HIT,2,4.00,1.00,0.398,false
FIXED_R65,2026-01-23,2026-01-23 04:37,UP,2026-01-23 04:57,SHORT,25640.00,25613.50,2026-01-23 04:58,STOP_HIT,2,21.25,-12.25,0.175,false
FIXED_R65,2026-01-26,2026-01-25 13:00,UP,2026-01-25 13:10,SHORT,25465.50,25464.50,2026-01-25 13:11,STOP_HIT,2,2.25,-23.00,0.527,true
FIXED_R65,2026-01-26,2026-01-25 23:54,UP,2026-01-26 00:31,SHORT,25653.50,25634.00,2026-01-26 00:32,STOP_HIT,2,5.75,2.00,0.289,false
FIXED_R65,2026-01-27,2026-01-26 13:04,UP,2026-01-26 15:05,SHORT,25905.50,25884.00,2026-01-26 15:06,STOP_HIT,2,3.25,3.00,0.714,false
FIXED_R65,2026-01-27,2026-01-27 01:52,DOWN,2026-01-27 04:33,LONG,25994.00,25991.50,2026-01-27 04:34,STOP_HIT,2,4.00,-32.25,0.045,true
FIXED_R65,2026-01-27,2026-01-27 04:38,UP,2026-01-27 04:59,SHORT,26050.00,25986.25,2026-01-27 05:00,STOP_HIT,2,11.00,2.00,0.007,false
FIXED_R65,2026-01-28,2026-01-27 13:00,UP,2026-01-27 14:32,SHORT,26175.50,26140.75,2026-01-27 14:33,STOP_HIT,2,0.50,-5.75,0.264,false
FIXED_R65,2026-01-28,2026-01-28 01:53,DOWN,2026-01-28 03:41,LONG,26260.00,26282.50,2026-01-28 03:42,STOP_HIT,2,12.50,7.75,0.245,false
FIXED_R65,2026-01-28,2026-01-28 04:36,UP,2026-01-28 04:46,SHORT,26291.25,26267.00,2026-01-28 04:51,STOP_HIT,6,60.75,15.75,0.020,false
FIXED_R65,2026-01-28,2026-01-28 04:45,DOWN,2026-01-28 04:55,LONG,26289.00,26267.00,2026-01-28 05:00,STOP_HIT,6,1.25,-34.00,0.058,true
FIXED_R65,2026-01-28,2026-01-28 11:04,UP,2026-01-28 11:40,SHORT,26259.00,26189.25,2026-01-28 11:41,STOP_HIT,2,4.00,-4.50,0.101,true
FIXED_R65,2026-01-29,2026-01-28 13:22,DOWN,2026-01-28 13:41,LONG,26178.00,26216.00,2026-01-28 13:42,STOP_HIT,2,30.00,18.00,0.436,false
FIXED_R65,2026-01-29,2026-01-28 15:27,UP,2026-01-28 17:48,SHORT,26194.50,26158.75,2026-01-28 17:49,STOP_HIT,2,8.75,3.25,0.143,false
FIXED_R65,2026-01-29,2026-01-28 22:19,DOWN,2026-01-29 03:17,LONG,26161.75,26197.75,2026-01-29 03:18,STOP_HIT,2,1.50,-5.75,0.195,false
FIXED_R65,2026-01-29,2026-01-29 07:38,DOWN,2026-01-29 07:56,LONG,25764.00,25804.50,2026-01-29 07:57,STOP_HIT,2,14.00,0.25,0.115,true
FIXED_R65,2026-01-29,2026-01-29 07:59,UP,2026-01-29 08:09,SHORT,25816.00,25803.75,2026-01-29 08:10,STOP_HIT,2,13.00,-20.00,0.033,true
FIXED_R65,2026-01-30,2026-01-29 13:00,DOWN,2026-01-29 13:11,LONG,25950.00,25968.75,2026-01-29 13:12,STOP_HIT,2,0.75,-21.50,0.305,false
FIXED_R65,2026-01-30,2026-01-29 13:29,UP,2026-01-29 14:04,SHORT,25982.50,25969.75,2026-01-29 14:05,STOP_HIT,2,3.50,3.50,0.408,false
FIXED_R65,2026-01-30,2026-01-29 13:38,DOWN,2026-01-29 14:25,LONG,25935.00,25962.25,2026-01-29 14:26,STOP_HIT,2,8.00,-14.00,0.333,true
FIXED_R65,2026-01-30,2026-01-30 03:30,UP,2026-01-30 04:02,SHORT,25841.75,25827.25,2026-01-30 04:05,STOP_HIT,4,33.25,-2.75,0.062,false
FIXED_R65,2026-01-30,2026-01-30 04:59,UP,2026-01-30 05:12,SHORT,25913.50,25852.75,2026-01-30 05:13,STOP_HIT,2,20.50,11.75,0.108,false
FIXED_R65,2026-01-30,2026-01-30 05:12,DOWN,2026-01-30 05:34,LONG,25787.25,25853.50,2026-01-30 05:56,STOP_HIT,23,146.75,54.25,0.016,false
FIXED_R65,2026-01-30,2026-01-30 05:30,UP,2026-01-30 05:46,SHORT,25899.75,25855.75,2026-01-30 05:47,STOP_HIT,2,4.00,-18.00,0.062,false
FIXED_R65,2026-01-30,2026-01-30 05:47,DOWN,2026-01-30 06:03,LONG,25847.00,25856.50,2026-01-30 06:04,STOP_HIT,2,2.50,-10.25,0.070,true
FIXED_R65,2026-02-02,2026-02-01 22:53,DOWN,2026-02-01 23:10,LONG,25380.50,25379.50,2026-02-02 11:59,TIME_EXPIRED,770,569.00,492.75,0.429,true
FIXED_R65,2026-02-03,2026-02-02 13:02,UP,2026-02-02 13:14,SHORT,25918.50,25908.25,2026-02-02 13:15,STOP_HIT,2,2.00,-8.00,0.231,false
FIXED_R65,2026-02-03,2026-02-02 15:23,DOWN,2026-02-02 16:11,LONG,25926.00,25954.25,2026-02-02 16:12,STOP_HIT,2,3.00,1.75,0.384,false
FIXED_R65,2026-02-03,2026-02-02 16:46,UP,2026-02-02 18:52,SHORT,25977.75,25950.50,2026-02-02 18:53,STOP_HIT,2,1.25,-5.75,0.047,true
FIXED_R65,2026-02-03,2026-02-02 21:58,DOWN,2026-02-03 02:17,LONG,25961.00,25964.50,2026-02-03 02:18,STOP_HIT,2,5.25,2.25,0.537,false
FIXED_R65,2026-02-03,2026-02-03 02:02,UP,2026-02-03 02:29,SHORT,25985.00,25965.00,2026-02-03 02:30,STOP_HIT,2,2.50,2.50,0.392,false
FIXED_R65,2026-02-03,2026-02-03 03:13,DOWN,2026-02-03 04:17,LONG,25946.75,25969.50,2026-02-03 04:18,STOP_HIT,2,1.75,-0.50,0.028,false
FIXED_R65,2026-02-04,2026-02-03 13:06,UP,2026-02-03 13:16,SHORT,25428.75,25392.00,2026-02-03 13:17,STOP_HIT,2,2.75,-2.25,0.521,false
FIXED_R65,2026-02-04,2026-02-03 13:16,DOWN,2026-02-03 15:00,LONG,25377.50,25406.50,2026-02-03 15:01,STOP_HIT,2,29.50,20.25,0.269,false
FIXED_R65,2026-02-04,2026-02-03 16:09,DOWN,2026-02-03 17:11,LONG,25418.50,25419.00,2026-02-03 17:20,STOP_HIT,10,14.50,-9.25,0.556,true
FIXED_R65,2026-02-04,2026-02-03 16:53,UP,2026-02-03 20:13,SHORT,25463.25,25423.75,2026-02-03 20:14,STOP_HIT,2,7.25,2.75,0.147,false
FIXED_R65,2026-02-04,2026-02-03 21:50,DOWN,2026-02-03 23:20,LONG,25384.50,25431.25,2026-02-03 23:21,STOP_HIT,2,0.75,-15.75,0.273,false
FIXED_R65,2026-02-04,2026-02-03 23:44,UP,2026-02-04 00:26,SHORT,25438.75,25428.25,2026-02-04 00:27,STOP_HIT,2,6.75,0.75,0.196,true
FIXED_R65,2026-02-04,2026-02-04 02:01,DOWN,2026-02-04 02:46,LONG,25403.75,25433.25,2026-02-04 02:47,STOP_HIT,2,23.50,16.75,0.429,false
FIXED_R65,2026-02-04,2026-02-04 11:16,UP,2026-02-04 11:40,SHORT,25158.75,25089.50,2026-02-04 11:41,STOP_HIT,2,8.25,-0.50,0.133,true
FIXED_R65,2026-02-05,2026-02-04 13:00,UP,2026-02-04 13:32,SHORT,25124.25,25082.00,2026-02-04 13:33,STOP_HIT,2,26.25,26.25,0.323,false
FIXED_R65,2026-02-05,2026-02-04 13:32,DOWN,2026-02-04 13:57,LONG,25044.00,25082.25,2026-02-04 13:58,STOP_HIT,2,19.25,16.50,0.463,false
FIXED_R65,2026-02-05,2026-02-04 14:02,UP,2026-02-04 14:28,SHORT,25112.50,25080.25,2026-02-04 14:29,STOP_HIT,2,9.00,-0.75,0.094,false
FIXED_R65,2026-02-05,2026-02-04 15:17,DOWN,2026-02-04 16:18,LONG,24997.00,25095.50,2026-02-04 16:19,STOP_HIT,2,36.75,24.00,0.220,true
FIXED_R65,2026-02-05,2026-02-04 18:27,UP,2026-02-04 22:20,SHORT,25116.50,25052.25,2026-02-04 22:21,STOP_HIT,2,6.75,-1.25,0.051,true
FIXED_R65,2026-02-05,2026-02-04 22:19,DOWN,2026-02-04 23:05,LONG,25005.50,25052.00,2026-02-04 23:06,STOP_HIT,2,0.00,-17.75,0.232,true
FIXED_R65,2026-02-05,2026-02-04 23:12,UP,2026-02-04 23:38,SHORT,25056.25,25049.25,2026-02-04 23:56,STOP_HIT,19,45.25,6.25,0.352,true
FIXED_R65,2026-02-05,2026-02-04 23:32,DOWN,2026-02-04 23:49,LONG,25018.75,25048.50,2026-02-04 23:50,STOP_HIT,2,21.00,16.25,0.357,false
FIXED_R65,2026-02-05,2026-02-04 23:49,UP,2026-02-05 00:15,SHORT,25079.50,25047.25,2026-02-05 00:16,STOP_HIT,2,7.25,5.75,0.211,false
FIXED_R65,2026-02-05,2026-02-05 00:27,DOWN,2026-02-05 00:41,LONG,25041.25,25049.25,2026-02-05 00:45,STOP_HIT,5,18.00,-3.00,0.189,true
FIXED_R65,2026-02-05,2026-02-05 06:55,DOWN,2026-02-05 07:14,LONG,24758.00,24780.75,2026-02-05 07:15,STOP_HIT,2,25.75,6.75,0.060,true
FIXED_R65,2026-02-05,2026-02-05 08:02,DOWN,2026-02-05 08:12,LONG,24774.50,24786.25,2026-02-05 08:14,STOP_HIT,3,20.75,-1.25,0.001,false
FIXED_R65,2026-02-06,2026-02-05 13:01,UP,2026-02-05 13:11,SHORT,24438.00,24444.25,2026-02-05 15:42,STOP_HIT,152,198.25,-22.00,0.146,true
FIXED_R65,2026-02-06,2026-02-05 13:06,DOWN,2026-02-05 13:20,LONG,24408.00,24438.75,2026-02-05 13:21,STOP_HIT,2,2.25,-31.50,0.069,false
FIXED_R65,2026-02-06,2026-02-05 14:16,UP,2026-02-05 14:36,SHORT,24390.00,24351.50,2026-02-05 14:37,STOP_HIT,2,5.75,-3.00,0.062,false
FIXED_R65,2026-02-06,2026-02-05 15:20,UP,2026-02-05 15:35,SHORT,24402.25,24368.00,2026-02-05 15:36,STOP_HIT,2,1.00,-23.25,0.322,false
FIXED_R65,2026-02-09,2026-02-08 13:00,UP,2026-02-08 13:10,SHORT,25242.75,25226.25,2026-02-08 13:11,STOP_HIT,2,10.50,0.25,0.333,true
FIXED_R65,2026-02-09,2026-02-08 14:21,DOWN,2026-02-08 15:10,LONG,25259.25,25276.50,2026-02-08 15:11,STOP_HIT,2,6.25,-1.00,0.130,true
FIXED_R65,2026-02-09,2026-02-09 04:49,DOWN,2026-02-09 04:59,LONG,25115.25,25123.50,2026-02-09 05:00,STOP_HIT,2,24.50,-3.75,0.008,true
FIXED_R65,2026-02-09,2026-02-09 04:54,UP,2026-02-09 05:05,SHORT,25163.50,25124.00,2026-02-09 05:06,STOP_HIT,2,3.75,-35.00,0.089,false
FIXED_R65,2026-02-10,2026-02-09 13:05,DOWN,2026-02-09 13:54,LONG,25338.25,25352.50,2026-02-09 13:55,STOP_HIT,2,9.25,4.25,0.112,false
FIXED_R65,2026-02-10,2026-02-09 17:18,UP,2026-02-09 19:41,SHORT,25348.50,25327.25,2026-02-09 19:42,STOP_HIT,2,12.75,11.00,0.250,false
FIXED_R65,2026-02-10,2026-02-09 19:55,DOWN,2026-02-09 20:48,LONG,25293.75,25327.50,2026-02-09 20:49,STOP_HIT,2,12.00,10.50,0.420,true
FIXED_R65,2026-02-10,2026-02-09 20:48,UP,2026-02-09 22:02,SHORT,25337.75,25328.25,2026-02-09 22:03,STOP_HIT,2,15.00,8.75,0.229,true
FIXED_R65,2026-02-10,2026-02-10 02:31,DOWN,2026-02-10 03:16,LONG,25321.75,25340.25,2026-02-10 03:17,STOP_HIT,2,8.50,7.50,0.014,false
FIXED_R65,2026-02-10,2026-02-10 03:12,UP,2026-02-10 03:47,SHORT,25355.00,25339.25,2026-02-10 03:48,STOP_HIT,2,1.25,0.50,0.050,false
FIXED_R65,2026-02-10,2026-02-10 04:31,DOWN,2026-02-10 04:41,LONG,25309.25,25347.50,2026-02-10 04:42,STOP_HIT,2,0.00,-39.00,0.103,false
FIXED_R65,2026-02-10,2026-02-10 04:49,UP,2026-02-10 04:59,SHORT,25404.00,25342.00,2026-02-10 05:00,STOP_HIT,2,23.75,19.50,0.016,false
FIXED_R65,2026-02-10,2026-02-10 05:31,DOWN,2026-02-10 07:00,LONG,25327.25,25360.50,2026-02-10 07:01,STOP_HIT,2,6.00,-13.25,0.100,false
FIXED_R65,2026-02-10,2026-02-10 07:04,UP,2026-02-10 07:21,SHORT,25371.00,25359.50,2026-02-10 07:22,STOP_HIT,2,8.75,7.25,0.209,true
FIXED_R65,2026-02-10,2026-02-10 07:52,DOWN,2026-02-10 08:17,LONG,25326.50,25361.50,2026-02-10 08:18,STOP_HIT,2,8.50,1.25,0.091,false
FIXED_R65,2026-02-11,2026-02-10 13:00,UP,2026-02-10 15:45,SHORT,25314.00,25282.00,2026-02-10 15:46,STOP_HIT,2,0.50,-5.50,0.127,true
FIXED_R65,2026-02-11,2026-02-10 17:56,DOWN,2026-02-10 19:49,LONG,25283.00,25307.50,2026-02-10 19:50,STOP_HIT,2,5.00,4.75,0.233,false
FIXED_R65,2026-02-11,2026-02-11 04:46,DOWN,2026-02-11 05:07,LONG,25279.75,25342.75,2026-02-11 05:08,STOP_HIT,2,1.25,-23.25,0.051,false
FIXED_R65,2026-02-11,2026-02-11 07:02,UP,2026-02-11 07:44,SHORT,25305.75,25250.25,2026-02-11 07:45,STOP_HIT,2,22.50,16.00,0.237,false
FIXED_R65,2026-02-11,2026-02-11 07:51,DOWN,2026-02-11 08:15,LONG,25210.50,25252.50,2026-02-11 08:16,STOP_HIT,2,31.00,28.75,0.070,false
FIXED_R65,2026-02-11,2026-02-11 08:15,UP,2026-02-11 08:32,SHORT,25268.75,25251.75,2026-02-11 08:33,STOP_HIT,2,11.50,3.00,0.094,true
FIXED_R65,2026-02-12,2026-02-11 13:02,DOWN,2026-02-11 13:31,LONG,25231.00,25260.75,2026-02-11 13:32,STOP_HIT,2,0.50,-3.00,0.263,false
FIXED_R65,2026-02-12,2026-02-11 13:36,UP,2026-02-11 14:45,SHORT,25270.75,25238.00,2026-02-11 14:46,STOP_HIT,2,7.00,4.00,0.504,false
FIXED_R65,2026-02-12,2026-02-12 04:38,DOWN,2026-02-12 04:48,LONG,25278.00,25345.25,2026-02-12 04:49,STOP_HIT,2,8.75,-26.50,0.016,false
FIXED_R65,2026-02-13,2026-02-12 13:19,DOWN,2026-02-12 13:34,LONG,24779.50,24833.25,2026-02-12 13:35,STOP_HIT,2,34.75,32.25,0.358,false
FIXED_R65,2026-02-13,2026-02-12 13:40,UP,2026-02-12 14:05,SHORT,24853.25,24822.75,2026-02-12 14:06,STOP_HIT,2,8.25,6.75,0.143,true
FIXED_R65,2026-02-13,2026-02-12 14:05,DOWN,2026-02-12 14:26,LONG,24774.00,24822.75,2026-02-12 14:27,STOP_HIT,2,12.75,2.25,0.253,false
FIXED_R65,2026-02-13,2026-02-12 14:53,UP,2026-02-12 15:42,SHORT,24797.50,24798.50,2026-02-12 15:47,STOP_HIT,6,7.75,-10.75,0.503,true
FIXED_R65,2026-02-13,2026-02-12 16:33,DOWN,2026-02-12 17:55,LONG,24753.75,24801.25,2026-02-12 17:56,STOP_HIT,2,6.25,3.00,0.372,false
FIXED_R65,2026-02-13,2026-02-12 22:19,UP,2026-02-12 23:43,SHORT,24797.25,24769.75,2026-02-12 23:44,STOP_HIT,2,11.50,8.00,0.194,true
FIXED_R65,2026-02-13,2026-02-12 23:48,DOWN,2026-02-13 00:52,LONG,24736.75,24771.50,2026-02-13 00:53,STOP_HIT,2,17.00,12.00,0.164,false
FIXED_R65,2026-02-13,2026-02-13 10:37,UP,2026-02-13 11:14,SHORT,24796.25,24789.50,2026-02-13 11:15,STOP_HIT,2,6.00,6.00,0.069,false
FIXED_R65,2026-02-16,2026-02-15 13:00,DOWN,2026-02-15 13:10,LONG,24770.75,24787.00,2026-02-15 13:11,STOP_HIT,2,15.75,9.50,0.230,false
FIXED_R65,2026-02-16,2026-02-15 13:05,UP,2026-02-15 13:20,SHORT,24822.25,24788.50,2026-02-15 13:21,STOP_HIT,2,18.25,13.25,0.065,true
FIXED_R65,2026-02-16,2026-02-15 16:05,DOWN,2026-02-15 19:43,LONG,24803.25,24828.00,2026-02-15 19:44,STOP_HIT,2,4.75,-5.00,0.540,false
FIXED_R65,2026-02-16,2026-02-15 20:21,UP,2026-02-15 21:15,SHORT,24859.00,24826.00,2026-02-15 21:16,STOP_HIT,2,2.25,-1.75,0.279,false
FIXED_R65,2026-02-16,2026-02-15 23:28,DOWN,2026-02-16 04:36,LONG,24760.25,24834.50,2026-02-16 04:37,STOP_HIT,2,0.00,-11.50,0.065,false
FIXED_R65,2026-02-17,2026-02-16 13:02,UP,2026-02-16 13:35,SHORT,24803.00,24771.50,2026-02-16 13:36,STOP_HIT,2,0.00,-9.75,0.281,true
FIXED_R65,2026-02-17,2026-02-16 13:51,DOWN,2026-02-16 15:08,LONG,24809.50,24807.25,2026-02-16 15:26,STOP_HIT,19,14.75,-12.75,0.380,true
FIXED_R65,2026-02-17,2026-02-16 22:13,DOWN,2026-02-16 23:15,LONG,24641.75,24660.50,2026-02-16 23:16,STOP_HIT,2,10.25,-4.00,0.000,false
FIXED_R65,2026-02-17,2026-02-16 22:56,UP,2026-02-16 23:36,SHORT,24687.75,24660.50,2026-02-16 23:37,STOP_HIT,2,4.50,2.00,0.212,false
FIXED_R65,2026-02-17,2026-02-17 00:04,DOWN,2026-02-17 00:34,LONG,24644.25,24661.50,2026-02-17 00:35,STOP_HIT,2,0.75,-4.50,0.253,true
FIXED_R65,2026-02-18,2026-02-17 13:00,DOWN,2026-02-17 13:36,LONG,24718.50,24747.00,2026-02-17 13:37,STOP_HIT,2,9.75,5.50,0.459,false
FIXED_R65,2026-02-18,2026-02-17 13:47,UP,2026-02-17 16:37,SHORT,24765.50,24730.50,2026-02-17 16:38,STOP_HIT,2,4.00,-0.50,0.387,false
FIXED_R65,2026-02-18,2026-02-18 03:30,DOWN,2026-02-18 03:48,LONG,24828.50,24871.25,2026-02-18 03:49,STOP_HIT,2,8.00,-1.75,0.325,false
FIXED_R65,2026-02-18,2026-02-18 04:35,UP,2026-02-18 04:47,SHORT,24854.50,24829.75,2026-02-18 04:53,STOP_HIT,7,62.50,5.75,0.104,true
FIXED_R65,2026-02-18,2026-02-18 10:16,UP,2026-02-18 11:00,SHORT,24957.25,24955.50,2026-02-18 11:59,TIME_EXPIRED,60,30.75,20.75,0.069,true
FIXED_R65,2026-02-18,2026-02-18 10:54,DOWN,2026-02-18 11:15,LONG,24943.75,24953.50,2026-02-18 11:16,STOP_HIT,2,0.50,-5.75,0.071,true
FIXED_R65,2026-02-19,2026-02-18 13:13,DOWN,2026-02-18 14:24,LONG,24929.50,24971.25,2026-02-18 14:25,STOP_HIT,2,6.00,-7.75,0.363,false
FIXED_R65,2026-02-19,2026-02-18 14:25,UP,2026-02-18 15:38,SHORT,24956.50,24968.00,2026-02-18 15:59,STOP_HIT,22,18.75,-16.00,0.153,true
FIXED_R65,2026-02-19,2026-02-18 22:21,DOWN,2026-02-18 23:11,LONG,24964.00,24979.00,2026-02-18 23:12,STOP_HIT,2,3.25,-2.00,0.161,false
FIXED_R65,2026-02-19,2026-02-19 06:23,DOWN,2026-02-19 06:46,LONG,24852.50,24887.00,2026-02-19 06:47,STOP_HIT,2,0.25,-10.00,0.172,true
FIXED_R65,2026-02-20,2026-02-19 13:01,UP,2026-02-19 14:12,SHORT,24887.50,24867.50,2026-02-19 14:13,STOP_HIT,2,0.25,-3.00,0.387,false
FIXED_R65,2026-02-20,2026-02-19 23:23,DOWN,2026-02-20 01:42,LONG,24859.25,24909.00,2026-02-20 01:43,STOP_HIT,2,9.75,5.25,0.150,false
FIXED_R65,2026-02-20,2026-02-20 07:25,UP,2026-02-20 07:44,SHORT,24958.25,24940.00,2026-02-20 07:45,STOP_HIT,2,10.00,-36.50,0.018,true
FIXED_R65,2026-02-23,2026-02-22 13:00,DOWN,2026-02-22 13:26,LONG,25006.25,25036.50,2026-02-22 13:27,STOP_HIT,2,0.00,-34.00,0.022,false
FIXED_R65,2026-02-23,2026-02-22 19:20,UP,2026-02-22 21:21,SHORT,24904.00,24863.75,2026-02-22 21:22,STOP_HIT,2,3.25,0.75,0.270,false
FIXED_R65,2026-02-23,2026-02-23 04:51,DOWN,2026-02-23 05:01,LONG,24906.75,24923.50,2026-02-23 05:03,STOP_HIT,3,45.50,2.50,0.029,true
FIXED_R65,2026-02-24,2026-02-23 13:05,UP,2026-02-23 15:43,SHORT,24834.50,24804.75,2026-02-23 15:44,STOP_HIT,2,9.25,6.75,0.498,false
FIXED_R65,2026-02-24,2026-02-23 19:05,DOWN,2026-02-23 23:04,LONG,24806.75,24817.00,2026-02-23 23:05,STOP_HIT,2,2.50,-7.50,0.125,false
FIXED_R65,2026-02-24,2026-02-23 22:52,UP,2026-02-23 23:25,SHORT,24826.00,24817.75,2026-02-23 23:26,STOP_HIT,2,2.50,1.25,0.042,false
FIXED_R65,2026-02-24,2026-02-24 02:06,DOWN,2026-02-24 03:04,LONG,24828.25,24826.25,2026-02-24 04:28,STOP_HIT,85,63.75,-8.75,0.048,false
FIXED_R65,2026-02-24,2026-02-24 02:48,UP,2026-02-24 03:31,SHORT,24868.00,24828.00,2026-02-24 03:32,STOP_HIT,2,14.00,11.50,0.044,false
FIXED_R65,2026-02-24,2026-02-24 03:55,DOWN,2026-02-24 04:31,LONG,24812.75,24829.25,2026-02-24 04:32,STOP_HIT,2,8.50,-44.00,0.013,false
FIXED_R65,2026-02-25,2026-02-24 13:08,UP,2026-02-24 14:45,SHORT,25061.25,25030.50,2026-02-24 14:46,STOP_HIT,2,13.75,4.75,0.372,false
FIXED_R65,2026-02-25,2026-02-24 16:38,DOWN,2026-02-24 17:35,LONG,25042.75,25072.00,2026-02-24 17:36,STOP_HIT,2,4.25,-1.25,0.029,false
FIXED_R65,2026-02-25,2026-02-24 17:34,UP,2026-02-25 01:51,SHORT,25114.25,25067.75,2026-02-25 01:52,STOP_HIT,2,2.00,-1.75,0.095,true
FIXED_R65,2026-02-26,2026-02-25 13:01,DOWN,2026-02-25 13:35,LONG,25352.00,25382.00,2026-02-25 13:36,STOP_HIT,2,3.00,0.75,0.224,false
FIXED_R65,2026-02-26,2026-02-25 15:30,UP,2026-02-25 22:22,SHORT,25391.00,25317.75,2026-02-25 22:23,STOP_HIT,2,18.50,17.00,0.378,false
FIXED_R65,2026-02-26,2026-02-26 03:48,DOWN,2026-02-26 04:32,LONG,25324.75,25345.00,2026-02-26 04:33,STOP_HIT,2,3.25,-46.25,0.031,true
FIXED_R65,2026-02-26,2026-02-26 09:55,DOWN,2026-02-26 10:26,LONG,25038.25,25050.50,2026-02-26 10:27,STOP_HIT,2,7.50,2.25,0.107,true
FIXED_R65,2026-02-27,2026-02-26 13:01,DOWN,2026-02-26 13:11,LONG,24983.00,24986.50,2026-02-26 13:48,STOP_HIT,38,55.00,0.75,0.366,true
FIXED_R65,2026-02-27,2026-02-26 13:05,UP,2026-02-26 13:20,SHORT,25029.50,24994.75,2026-02-26 13:21,STOP_HIT,2,3.00,-0.50,0.041,false
FIXED_R65,2026-02-27,2026-02-26 13:20,DOWN,2026-02-26 14:39,LONG,24977.50,24999.25,2026-02-26 14:40,STOP_HIT,2,0.00,-1.75,0.165,false
FIXED_R65,2026-02-27,2026-02-26 14:46,UP,2026-02-26 16:55,SHORT,25022.00,24996.25,2026-02-26 16:56,STOP_HIT,2,4.25,1.00,0.250,false
FIXED_R65,2026-02-27,2026-02-27 00:12,UP,2026-02-27 00:34,SHORT,25043.00,25017.00,2026-02-27 00:35,STOP_HIT,2,15.50,15.50,0.051,false
FIXED_R65,2026-02-27,2026-02-27 04:56,UP,2026-02-27 05:07,SHORT,24941.50,24914.75,2026-02-27 05:08,STOP_HIT,2,1.25,-33.50,0.048,false
FIXED_R65,2026-02-27,2026-02-27 06:45,UP,2026-02-27 06:56,SHORT,24994.50,24956.25,2026-02-27 06:57,STOP_HIT,2,6.50,0.25,0.121,false
FIXED_R65,2026-02-27,2026-02-27 07:08,DOWN,2026-02-27 07:21,LONG,24933.75,24959.25,2026-02-27 07:22,STOP_HIT,2,4.50,-30.50,0.171,false
FIXED_R65,2026-02-27,2026-02-27 07:22,UP,2026-02-27 07:38,SHORT,24980.25,24958.25,2026-02-27 07:39,STOP_HIT,2,21.50,20.75,0.094,true
FIXED_R65,2026-02-27,2026-02-27 07:36,DOWN,2026-02-27 07:46,LONG,24926.75,24957.75,2026-02-27 07:47,STOP_HIT,2,4.25,-1.00,0.135,false
FIXED_R65,2026-02-27,2026-02-27 09:44,UP,2026-02-27 10:27,SHORT,24996.00,24944.75,2026-02-27 10:28,STOP_HIT,2,15.00,6.50,0.120,false
FIXED_R65,2026-02-27,2026-02-27 10:38,UP,2026-02-27 10:56,SHORT,24976.25,24947.00,2026-02-27 10:57,STOP_HIT,2,9.75,-23.50,0.012,false
FIXED_R65,2026-03-02,2026-03-01 13:12,DOWN,2026-03-01 14:01,LONG,24728.00,24752.75,2026-03-01 14:04,STOP_HIT,4,34.75,8.25,0.020,true
FIXED_R65,2026-03-02,2026-03-01 14:19,UP,2026-03-01 14:56,SHORT,24780.25,24748.75,2026-03-01 14:57,STOP_HIT,2,4.25,1.25,0.069,false
FIXED_R65,2026-03-02,2026-03-01 18:23,UP,2026-03-01 18:33,SHORT,24804.50,24784.75,2026-03-01 18:34,STOP_HIT,2,8.25,4.25,0.020,true
FIXED_R65,2026-03-02,2026-03-02 01:49,DOWN,2026-03-02 02:08,LONG,24663.00,24687.00,2026-03-02 02:09,STOP_HIT,2,5.75,-5.25,0.197,false
FIXED_R65,2026-03-02,2026-03-02 02:56,UP,2026-03-02 03:28,SHORT,24700.00,24674.75,2026-03-02 03:29,STOP_HIT,2,5.25,-0.75,0.242,true
FIXED_R65,2026-03-02,2026-03-02 03:25,DOWN,2026-03-02 03:58,LONG,24617.25,24674.50,2026-03-02 03:59,STOP_HIT,2,10.25,3.50,0.063,false
FIXED_R65,2026-03-03,2026-03-02 13:00,DOWN,2026-03-02 13:36,LONG,24953.25,24972.50,2026-03-02 13:37,STOP_HIT,2,2.75,-3.00,0.282,false
FIXED_R65,2026-03-03,2026-03-03 05:54,UP,2026-03-03 06:17,SHORT,24597.50,24528.50,2026-03-03 06:18,STOP_HIT,2,6.50,-2.50,0.117,false
FIXED_R65,2026-03-04,2026-03-03 13:06,UP,2026-03-03 13:57,SHORT,24719.75,24717.75,2026-03-03 14:13,STOP_HIT,17,43.75,-5.50,0.250,true
FIXED_R65,2026-03-04,2026-03-03 14:22,DOWN,2026-03-03 14:47,LONG,24722.25,24722.25,2026-03-03 15:08,STOP_HIT,22,50.00,-5.00,0.032,false
FIXED_R65,2026-03-04,2026-03-03 14:43,UP,2026-03-03 14:53,SHORT,24757.50,24723.50,2026-03-03 14:54,STOP_HIT,2,9.50,3.00,0.088,false
FIXED_R65,2026-03-04,2026-03-03 22:19,DOWN,2026-03-03 22:29,LONG,24638.00,24639.25,2026-03-03 22:39,STOP_HIT,11,19.25,-12.50,0.020,false
FIXED_R65,2026-03-04,2026-03-03 22:27,UP,2026-03-03 22:51,SHORT,24664.25,24640.25,2026-03-03 22:52,STOP_HIT,2,19.50,13.25,0.105,false
FIXED_R65,2026-03-05,2026-03-04 13:02,UP,2026-03-04 14:16,SHORT,25231.75,25171.25,2026-03-04 14:17,STOP_HIT,2,12.75,-3.25,0.430,false
FIXED_R65,2026-03-05,2026-03-04 14:17,DOWN,2026-03-04 15:44,LONG,25100.00,25173.00,2026-03-04 15:45,STOP_HIT,2,5.25,-10.25,0.027,true
FIXED_R65,2026-03-05,2026-03-05 02:03,UP,2026-03-05 02:22,SHORT,25143.25,25096.00,2026-03-05 02:23,STOP_HIT,2,19.00,4.75,0.049,false
FIXED_R65,2026-03-05,2026-03-05 02:21,DOWN,2026-03-05 02:50,LONG,25075.25,25096.25,2026-03-05 02:51,STOP_HIT,2,2.50,-18.25,0.142,true
FIXED_R65,2026-03-06,2026-03-05 13:02,UP,2026-03-05 13:43,SHORT,25063.25,25038.75,2026-03-05 13:44,STOP_HIT,2,6.25,2.25,0.079,true
FIXED_R65,2026-03-06,2026-03-05 22:46,DOWN,2026-03-05 23:05,LONG,25043.25,25088.00,2026-03-05 23:06,STOP_HIT,2,22.50,12.00,0.209,false
FIXED_R65,2026-03-06,2026-03-06 05:10,UP,2026-03-06 05:20,SHORT,24783.00,24768.00,2026-03-06 05:21,STOP_HIT,2,9.50,-9.75,0.037,true
FIXED_R65,2026-03-06,2026-03-06 07:04,DOWN,2026-03-06 07:37,LONG,24778.25,24827.00,2026-03-06 07:38,STOP_HIT,2,4.00,-0.75,0.196,false
FIXED_R65,2026-03-06,2026-03-06 07:43,UP,2026-03-06 08:26,SHORT,24852.50,24825.00,2026-03-06 08:27,STOP_HIT,2,28.50,25.25,0.080,true
FIXED_R65,2026-03-06,2026-03-06 08:15,DOWN,2026-03-06 09:24,LONG,24814.25,24825.25,2026-03-06 09:25,STOP_HIT,2,0.25,-21.75,0.109,true
FIXED_R65,2026-03-09,2026-03-08 14:09,UP,2026-03-08 14:26,SHORT,24272.75,24274.50,2026-03-08 14:29,STOP_HIT,4,17.75,-20.75,0.099,true
FIXED_R65,2026-03-09,2026-03-08 15:00,DOWN,2026-03-08 15:28,LONG,24264.75,24286.50,2026-03-08 15:29,STOP_HIT,2,13.25,11.75,0.097,false
FIXED_R65,2026-03-10,2026-03-09 14:08,DOWN,2026-03-09 14:18,LONG,24922.75,24928.25,2026-03-09 14:19,STOP_HIT,2,10.25,-25.00,0.455,true
FIXED_R65,2026-03-10,2026-03-09 14:25,UP,2026-03-09 15:08,SHORT,24927.25,24915.00,2026-03-09 15:09,STOP_HIT,2,7.25,5.25,0.205,false
FIXED_R65,2026-03-10,2026-03-09 14:29,DOWN,2026-03-09 15:45,LONG,24877.50,24913.50,2026-03-09 15:46,STOP_HIT,2,7.75,4.75,0.053,false
FIXED_R65,2026-03-10,2026-03-09 16:14,UP,2026-03-09 16:40,SHORT,24941.75,24904.25,2026-03-09 16:41,STOP_HIT,2,11.75,-7.75,0.034,true
FIXED_R65,2026-03-10,2026-03-09 18:01,DOWN,2026-03-09 19:53,LONG,24888.50,24921.75,2026-03-09 19:54,STOP_HIT,2,5.00,4.50,0.187,true
FIXED_R65,2026-03-10,2026-03-09 19:47,UP,2026-03-09 22:28,SHORT,24953.25,24922.25,2026-03-09 22:29,STOP_HIT,2,6.00,-12.00,0.600,false
FIXED_R65,2026-03-10,2026-03-10 03:04,DOWN,2026-03-10 04:35,LONG,24928.75,24964.00,2026-03-10 04:36,STOP_HIT,2,17.50,11.50,0.097,false
FIXED_R65,2026-03-10,2026-03-10 04:31,UP,2026-03-10 04:56,SHORT,24995.75,24965.00,2026-03-10 04:57,STOP_HIT,2,26.75,26.25,0.226,false
FIXED_R65,2026-03-10,2026-03-10 05:47,DOWN,2026-03-10 06:01,LONG,24929.25,24990.75,2026-03-10 06:02,STOP_HIT,2,47.50,25.25,0.115,false
FIXED_R65,2026-03-10,2026-03-10 06:16,UP,2026-03-10 06:29,SHORT,25009.00,24980.00,2026-03-10 06:30,STOP_HIT,2,20.00,-26.25,0.141,false
FIXED_R65,2026-03-10,2026-03-10 10:21,UP,2026-03-10 10:32,SHORT,25085.75,25057.75,2026-03-10 10:33,STOP_HIT,2,18.00,11.75,0.166,true
FIXED_R65,2026-03-10,2026-03-10 10:37,DOWN,2026-03-10 10:52,LONG,25061.25,25057.50,2026-03-10 10:53,STOP_HIT,2,8.00,-23.75,0.013,false
FIXED_R65,2026-03-11,2026-03-10 14:15,DOWN,2026-03-10 15:40,LONG,24983.00,24984.25,2026-03-10 15:42,STOP_HIT,3,2.75,-6.50,0.212,true
FIXED_R65,2026-03-11,2026-03-10 14:44,UP,2026-03-10 15:51,SHORT,25020.00,24985.50,2026-03-10 15:52,STOP_HIT,2,8.75,4.50,0.486,false
FIXED_R65,2026-03-11,2026-03-10 19:58,DOWN,2026-03-10 22:01,LONG,25021.25,25063.25,2026-03-10 22:02,STOP_HIT,2,5.75,-2.50,0.405,false
FIXED_R65,2026-03-11,2026-03-11 03:03,DOWN,2026-03-11 03:28,LONG,24977.00,25014.00,2026-03-11 03:29,STOP_HIT,2,4.50,0.50,0.344,false
FIXED_R65,2026-03-11,2026-03-11 04:47,UP,2026-03-11 05:31,SHORT,25084.00,24996.50,2026-03-11 05:32,STOP_HIT,2,31.00,-4.00,0.022,false
FIXED_R65,2026-03-11,2026-03-11 06:34,UP,2026-03-11 07:00,SHORT,25065.75,25037.00,2026-03-11 07:01,STOP_HIT,2,7.50,1.00,0.043,true
FIXED_R65,2026-03-11,2026-03-11 09:00,DOWN,2026-03-11 09:37,LONG,24954.00,25006.75,2026-03-11 09:38,STOP_HIT,2,7.25,-69.50,0.261,false
FIXED_R65,2026-03-12,2026-03-11 14:00,DOWN,2026-03-11 14:25,LONG,24873.25,24902.00,2026-03-11 14:26,STOP_HIT,2,11.75,3.25,0.387,false
FIXED_R65,2026-03-12,2026-03-11 17:43,DOWN,2026-03-11 17:55,LONG,24777.50,24801.25,2026-03-11 17:56,STOP_HIT,2,9.75,3.75,0.028,false
FIXED_R65,2026-03-12,2026-03-11 19:38,UP,2026-03-12 00:17,SHORT,24877.75,24783.50,2026-03-12 00:18,STOP_HIT,2,5.00,-7.25,0.091,false
FIXED_R65,2026-03-12,2026-03-12 03:43,DOWN,2026-03-12 05:00,LONG,24834.50,24822.75,2026-03-12 05:14,STOP_HIT,15,18.25,-31.50,0.061,true
FIXED_R65,2026-03-12,2026-03-12 05:32,UP,2026-03-12 05:42,SHORT,24791.25,24809.75,2026-03-12 12:59,TIME_EXPIRED,438,273.50,222.75,0.099,true
FIXED_R65,2026-03-13,2026-03-12 14:01,UP,2026-03-12 15:06,SHORT,24609.50,24576.00,2026-03-12 15:07,STOP_HIT,2,8.50,8.50,0.318,false
FIXED_R65,2026-03-13,2026-03-12 15:05,DOWN,2026-03-12 15:46,LONG,24549.75,24575.00,2026-03-12 15:47,STOP_HIT,2,4.25,-1.75,0.386,false
FIXED_R65,2026-03-13,2026-03-12 16:02,UP,2026-03-12 16:19,SHORT,24615.25,24569.25,2026-03-12 16:20,STOP_HIT,2,10.25,6.00,0.136,false
FIXED_R65,2026-03-13,2026-03-12 17:10,DOWN,2026-03-12 22:54,LONG,24492.75,24587.75,2026-03-12 22:55,STOP_HIT,2,1.00,-8.75,0.285,false
FIXED_R65,2026-03-13,2026-03-13 01:39,UP,2026-03-13 02:18,SHORT,24593.50,24554.00,2026-03-13 02:19,STOP_HIT,2,2.75,-10.75,0.114,true
FIXED_R65,2026-03-13,2026-03-13 06:32,DOWN,2026-03-13 06:44,LONG,24608.50,24650.75,2026-03-13 06:45,STOP_HIT,2,5.75,-23.75,0.093,false
FIXED_R65,2026-03-16,2026-03-15 14:02,DOWN,2026-03-15 14:17,LONG,24509.75,24544.25,2026-03-15 14:18,STOP_HIT,2,11.50,4.75,0.299,false
FIXED_R65,2026-03-16,2026-03-15 14:16,UP,2026-03-15 14:43,SHORT,24577.75,24544.25,2026-03-15 14:44,STOP_HIT,2,0.75,-27.50,0.250,false
FIXED_R65,2026-03-16,2026-03-16 01:46,UP,2026-03-16 02:21,SHORT,24756.50,24718.00,2026-03-16 02:22,STOP_HIT,2,0.25,-13.75,0.230,false
FIXED_R65,2026-03-16,2026-03-16 06:50,UP,2026-03-16 07:00,SHORT,24910.25,24873.00,2026-03-16 07:01,STOP_HIT,2,17.00,11.00,0.137,false
FIXED_R65,2026-03-16,2026-03-16 08:31,UP,2026-03-16 08:49,SHORT,24883.75,24882.00,2026-03-16 08:50,STOP_HIT,2,1.00,-15.75,0.103,false
FIXED_R65,2026-03-16,2026-03-16 11:10,DOWN,2026-03-16 11:54,LONG,24879.25,24894.00,2026-03-16 11:55,STOP_HIT,2,2.25,1.50,0.023,false
FIXED_R65,2026-03-17,2026-03-16 21:16,DOWN,2026-03-16 21:48,LONG,24784.50,24832.00,2026-03-16 21:49,STOP_HIT,2,11.25,8.50,0.382,false
FIXED_R65,2026-03-17,2026-03-17 00:36,UP,2026-03-17 02:17,SHORT,24809.50,24814.00,2026-03-17 02:34,STOP_HIT,18,16.00,-14.50,0.528,true
FIXED_R65,2026-03-17,2026-03-17 06:44,DOWN,2026-03-17 08:09,LONG,24968.75,25005.00,2026-03-17 08:10,STOP_HIT,2,18.25,15.00,0.083,true
FIXED_R65,2026-03-17,2026-03-17 08:07,UP,2026-03-17 08:34,SHORT,25007.25,25005.00,2026-03-17 08:35,STOP_HIT,2,11.25,-4.25,0.079,true
FIXED_R65,2026-03-17,2026-03-17 10:10,DOWN,2026-03-17 10:34,LONG,25000.00,25010.25,2026-03-17 10:35,STOP_HIT,2,5.75,3.75,0.173,false
FIXED_R65,2026-03-18,2026-03-17 14:48,UP,2026-03-17 17:59,SHORT,25095.50,25041.00,2026-03-17 18:00,STOP_HIT,2,1.50,-10.75,0.161,false
FIXED_R65,2026-03-19,2026-03-18 14:00,DOWN,2026-03-18 14:38,LONG,24566.25,24596.00,2026-03-18 14:39,STOP_HIT,2,9.50,6.75,0.273,false
FIXED_R65,2026-03-19,2026-03-18 14:37,UP,2026-03-18 15:42,SHORT,24639.00,24600.75,2026-03-18 15:43,STOP_HIT,2,9.00,6.25,0.410,false
FIXED_R65,2026-03-19,2026-03-18 18:36,DOWN,2026-03-18 23:06,LONG,24586.00,24620.50,2026-03-18 23:07,STOP_HIT,2,8.25,2.25,0.056,true
FIXED_R65,2026-03-19,2026-03-19 01:26,UP,2026-03-19 02:36,SHORT,24605.75,24602.50,2026-03-19 11:06,STOP_HIT,511,279.00,-70.25,0.045,false
FIXED_R65,2026-03-19,2026-03-19 01:51,DOWN,2026-03-19 03:03,LONG,24598.50,24601.00,2026-03-19 03:04,STOP_HIT,2,0.75,-21.00,0.041,true
FIXED_R65,2026-03-19,2026-03-19 07:07,DOWN,2026-03-19 07:29,LONG,24451.75,24512.75,2026-03-19 07:30,STOP_HIT,2,22.25,2.00,0.032,true
FIXED_R65,2026-03-19,2026-03-19 10:13,DOWN,2026-03-19 10:34,LONG,24457.50,24488.50,2026-03-19 10:35,STOP_HIT,2,12.25,2.75,0.047,true
FIXED_R65,2026-03-19,2026-03-19 10:50,UP,2026-03-19 11:01,SHORT,24535.50,24487.00,2026-03-19 11:02,STOP_HIT,2,3.75,-53.00,0.227,false
FIXED_R65,2026-03-20,2026-03-19 15:08,DOWN,2026-03-19 17:12,LONG,24617.50,24620.00,2026-03-19 17:18,STOP_HIT,7,15.25,-12.75,0.408,true
FIXED_R65,2026-03-20,2026-03-19 16:24,UP,2026-03-19 18:28,SHORT,24623.00,24622.25,2026-03-19 18:29,STOP_HIT,2,0.75,-0.75,0.450,true
FIXED_R65,2026-03-20,2026-03-19 17:46,DOWN,2026-03-19 20:20,LONG,24596.50,24620.00,2026-03-19 20:21,STOP_HIT,2,4.00,1.25,0.495,false
FIXED_R65,2026-03-23,2026-03-22 14:00,UP,2026-03-22 14:10,SHORT,24005.00,23960.25,2026-03-22 14:11,STOP_HIT,2,43.00,36.50,0.007,true
FIXED_R65,2026-03-23,2026-03-22 16:05,UP,2026-03-22 16:15,SHORT,24056.25,24020.75,2026-03-22 16:16,STOP_HIT,2,24.25,4.75,0.151,true
FIXED_R65,2026-03-23,2026-03-22 16:23,DOWN,2026-03-22 16:38,LONG,23974.00,24026.25,2026-03-22 16:39,STOP_HIT,2,7.25,-8.50,0.214,true
FIXED_R65,2026-03-23,2026-03-22 17:01,UP,2026-03-22 17:38,SHORT,24054.75,24010.75,2026-03-22 17:39,STOP_HIT,2,0.00,-9.50,0.277,false
FIXED_R65,2026-03-23,2026-03-22 17:38,DOWN,2026-03-22 20:17,LONG,23980.00,24012.50,2026-03-22 20:18,STOP_HIT,2,4.50,-5.25,0.529,true
FIXED_R65,2026-03-23,2026-03-22 21:07,DOWN,2026-03-22 21:31,LONG,23963.25,24008.75,2026-03-22 21:32,STOP_HIT,2,5.75,-12.00,0.209,false
FIXED_R65,2026-03-23,2026-03-23 09:47,UP,2026-03-23 10:06,SHORT,24480.25,24458.75,2026-03-23 10:11,STOP_HIT,6,63.50,7.00,0.085,true
FIXED_R65,2026-03-23,2026-03-23 10:04,DOWN,2026-03-23 10:14,LONG,24465.25,24458.50,2026-03-23 10:17,STOP_HIT,4,5.50,-21.75,0.099,true
FIXED_R65,2026-03-23,2026-03-23 10:07,UP,2026-03-23 10:34,SHORT,24494.00,24458.25,2026-03-23 10:35,STOP_HIT,2,7.00,-20.50,0.176,false
FIXED_R65,2026-03-24,2026-03-23 14:06,UP,2026-03-23 14:37,SHORT,24435.25,24419.00,2026-03-23 14:38,STOP_HIT,2,0.75,-4.50,0.011,false
FIXED_R65,2026-03-24,2026-03-23 14:58,DOWN,2026-03-23 16:19,LONG,24323.00,24429.75,2026-03-23 16:20,STOP_HIT,2,14.25,-2.50,0.026,true
FIXED_R65,2026-03-24,2026-03-23 21:28,UP,2026-03-23 22:50,SHORT,24362.25,24302.00,2026-03-23 22:51,STOP_HIT,2,7.75,3.25,0.194,false
FIXED_R65,2026-03-24,2026-03-24 01:14,UP,2026-03-24 01:50,SHORT,24382.25,24360.25,2026-03-24 01:51,STOP_HIT,2,18.25,15.00,0.231,true
FIXED_R65,2026-03-24,2026-03-24 08:06,UP,2026-03-24 08:18,SHORT,24334.50,24287.50,2026-03-24 08:19,STOP_HIT,2,15.75,2.75,0.003,true
FIXED_R65,2026-03-24,2026-03-24 08:22,DOWN,2026-03-24 08:44,LONG,24281.50,24287.50,2026-03-24 08:55,STOP_HIT,12,34.00,-15.25,0.030,true
FIXED_R65,2026-03-24,2026-03-24 08:40,UP,2026-03-24 08:50,SHORT,24290.25,24288.25,2026-03-24 08:51,STOP_HIT,2,4.50,-11.75,0.144,false
FIXED_R65,2026-03-24,2026-03-24 08:46,DOWN,2026-03-24 09:04,LONG,24239.50,24288.00,2026-03-24 09:05,STOP_HIT,2,5.00,-48.25,0.235,false
FIXED_R65,2026-03-24,2026-03-24 10:18,UP,2026-03-24 10:40,SHORT,24344.25,24276.50,2026-03-24 10:41,STOP_HIT,2,54.00,45.50,0.018,false
FIXED_R65,2026-03-24,2026-03-24 10:39,DOWN,2026-03-24 11:55,LONG,24204.25,24277.25,2026-03-24 11:56,STOP_HIT,2,9.75,-0.75,0.011,false
FIXED_R65,2026-03-25,2026-03-24 14:07,DOWN,2026-03-24 14:43,LONG,24410.00,24417.75,2026-03-24 14:49,STOP_HIT,7,21.25,5.75,0.038,true
FIXED_R65,2026-03-25,2026-03-24 14:25,UP,2026-03-24 16:12,SHORT,24438.25,24416.75,2026-03-24 16:13,STOP_HIT,2,11.50,-2.50,0.256,false
FIXED_R65,2026-03-25,2026-03-24 16:39,DOWN,2026-03-24 18:41,LONG,24364.25,24423.00,2026-03-24 18:42,STOP_HIT,2,8.00,6.00,0.333,false
FIXED_R65,2026-03-25,2026-03-24 21:08,DOWN,2026-03-24 22:05,LONG,24366.25,24414.75,2026-03-24 22:06,STOP_HIT,2,2.00,-1.25,0.015,false
FIXED_R65,2026-03-25,2026-03-24 22:35,UP,2026-03-25 00:21,SHORT,24526.25,24412.50,2026-03-25 00:22,STOP_HIT,2,14.50,12.25,0.184,false
FIXED_R65,2026-03-25,2026-03-25 04:32,UP,2026-03-25 04:55,SHORT,24451.50,24437.25,2026-03-25 04:56,STOP_HIT,2,2.25,-13.50,0.280,false
FIXED_R65,2026-03-25,2026-03-25 05:38,DOWN,2026-03-25 05:53,LONG,24385.25,24444.75,2026-03-25 05:54,STOP_HIT,2,20.50,-16.25,0.020,true
FIXED_R65,2026-03-25,2026-03-25 06:00,UP,2026-03-25 06:28,SHORT,24495.00,24441.25,2026-03-25 06:29,STOP_HIT,2,26.75,14.50,0.148,false
FIXED_R65,2026-03-25,2026-03-25 06:52,DOWN,2026-03-25 07:15,LONG,24386.50,24446.00,2026-03-25 07:16,STOP_HIT,2,11.00,-77.00,0.011,true
FIXED_R65,2026-03-25,2026-03-25 08:34,DOWN,2026-03-25 09:06,LONG,24388.25,24429.00,2026-03-25 09:07,STOP_HIT,2,20.75,6.00,0.179,false
FIXED_R65,2026-03-25,2026-03-25 09:10,UP,2026-03-25 09:42,SHORT,24455.25,24428.00,2026-03-25 09:43,STOP_HIT,2,7.50,-19.00,0.065,true
FIXED_R65,2026-03-25,2026-03-25 09:43,DOWN,2026-03-25 10:00,LONG,24426.00,24429.00,2026-03-25 10:01,STOP_HIT,2,5.00,-4.25,0.086,false
FIXED_R65,2026-03-26,2026-03-25 14:00,DOWN,2026-03-25 15:00,LONG,24314.75,24332.50,2026-03-25 15:01,STOP_HIT,2,15.25,6.75,0.333,false
FIXED_R65,2026-03-26,2026-03-25 15:45,UP,2026-03-25 16:16,SHORT,24358.75,24323.25,2026-03-25 16:17,STOP_HIT,2,2.50,-13.00,0.353,false
FIXED_R65,2026-03-26,2026-03-25 18:37,UP,2026-03-25 19:52,SHORT,24378.00,24338.50,2026-03-25 19:53,STOP_HIT,2,2.25,1.00,0.329,true
FIXED_R65,2026-03-26,2026-03-25 19:40,DOWN,2026-03-25 21:36,LONG,24291.25,24336.25,2026-03-25 21:37,STOP_HIT,2,1.50,-13.00,0.205,true
FIXED_R65,2026-03-26,2026-03-26 05:39,UP,2026-03-26 05:57,SHORT,24213.25,24177.50,2026-03-26 06:00,STOP_HIT,4,74.25,0.00,0.054,false
FIXED_R65,2026-03-26,2026-03-26 06:07,DOWN,2026-03-26 06:38,LONG,24165.75,24188.75,2026-03-26 06:39,STOP_HIT,2,19.00,9.00,0.143,false
FIXED_R65,2026-03-27,2026-03-26 14:00,UP,2026-03-26 14:42,SHORT,23883.50,23857.25,2026-03-26 14:43,STOP_HIT,2,25.50,18.75,0.063,true
FIXED_R65,2026-03-27,2026-03-26 16:10,DOWN,2026-03-26 16:23,LONG,23831.00,23868.25,2026-03-26 16:24,STOP_HIT,2,18.00,15.50,0.440,false
FIXED_R65,2026-03-27,2026-03-26 17:01,UP,2026-03-26 17:59,SHORT,23864.50,23859.50,2026-03-26 18:00,STOP_HIT,2,0.00,-18.50,0.351,true
FIXED_R65,2026-03-27,2026-03-26 21:15,DOWN,2026-03-27 00:47,LONG,23789.25,23868.00,2026-03-27 00:48,STOP_HIT,2,5.75,3.75,0.391,false
FIXED_R65,2026-03-30,2026-03-29 14:00,DOWN,2026-03-29 14:10,LONG,23164.25,23176.50,2026-03-29 14:11,STOP_HIT,2,3.75,-6.25,0.124,true
FIXED_R65,2026-03-30,2026-03-29 14:06,UP,2026-03-29 14:22,SHORT,23225.00,23187.75,2026-03-29 14:23,STOP_HIT,2,8.50,4.25,0.138,false
FIXED_R65,2026-03-30,2026-03-29 14:45,UP,2026-03-29 15:04,SHORT,23216.25,23195.50,2026-03-29 15:05,STOP_HIT,2,15.75,12.00,0.004,false
FIXED_R65,2026-03-30,2026-03-29 16:27,DOWN,2026-03-29 16:53,LONG,23142.50,23178.00,2026-03-29 16:54,STOP_HIT,2,4.25,-4.00,0.049,false
FIXED_R65,2026-03-30,2026-03-29 16:55,UP,2026-03-29 18:08,SHORT,23226.75,23176.50,2026-03-29 18:09,STOP_HIT,2,17.00,15.00,0.155,false
FIXED_R65,2026-03-30,2026-03-30 05:32,DOWN,2026-03-30 06:01,LONG,23322.25,23377.25,2026-03-30 06:02,STOP_HIT,2,13.25,6.00,0.085,true
FIXED_R65,2026-03-30,2026-03-30 07:05,DOWN,2026-03-30 07:15,LONG,23317.75,23352.25,2026-03-30 07:16,STOP_HIT,2,3.75,-28.75,0.094,false
FIXED_R65,2026-03-30,2026-03-30 07:16,UP,2026-03-30 07:40,SHORT,23373.00,23350.75,2026-03-30 07:41,STOP_HIT,2,7.50,-16.75,0.117,true
FIXED_R65,2026-03-30,2026-03-30 07:52,DOWN,2026-03-30 08:13,LONG,23345.50,23353.50,2026-03-30 08:14,STOP_HIT,2,1.50,-10.75,0.090,true
FIXED_R65,2026-03-31,2026-03-30 14:05,DOWN,2026-03-30 15:01,LONG,23077.75,23118.00,2026-03-30 15:02,STOP_HIT,2,6.75,-7.25,0.315,false
FIXED_R65,2026-03-31,2026-03-30 23:19,UP,2026-03-30 23:37,SHORT,23301.25,23264.50,2026-03-30 23:38,STOP_HIT,2,2.75,-10.25,0.207,true
FIXED_R65,2026-03-31,2026-03-31 02:43,UP,2026-03-31 03:12,SHORT,23306.50,23289.25,2026-03-31 03:13,STOP_HIT,2,6.75,-19.00,0.129,false
FIXED_R65,2026-04-01,2026-03-31 14:00,UP,2026-03-31 14:10,SHORT,23915.50,23918.75,2026-03-31 14:12,STOP_HIT,3,7.75,-22.50,0.126,true
FIXED_R65,2026-04-01,2026-03-31 18:36,UP,2026-03-31 20:54,SHORT,24021.00,23988.00,2026-03-31 20:55,STOP_HIT,2,15.00,13.75,0.175,false
FIXED_R65,2026-04-01,2026-04-01 01:23,UP,2026-04-01 01:49,SHORT,24069.00,24038.00,2026-04-01 01:50,STOP_HIT,2,1.75,-13.50,0.024,true
FIXED_R65,2026-04-01,2026-04-01 04:46,DOWN,2026-04-01 05:00,LONG,24061.00,24073.75,2026-04-01 05:01,STOP_HIT,2,2.25,2.00,0.164,true
FIXED_R65,2026-04-01,2026-04-01 05:07,UP,2026-04-01 05:28,SHORT,24099.25,24072.25,2026-04-01 05:29,STOP_HIT,2,15.25,11.00,0.111,false
FIXED_R65,2026-04-01,2026-04-01 10:36,UP,2026-04-01 10:47,SHORT,24160.25,24162.00,2026-04-01 10:48,STOP_HIT,2,0.00,-8.25,0.119,true
FIXED_R65,2026-04-02,2026-04-01 16:31,UP,2026-04-01 16:44,SHORT,24218.50,24182.50,2026-04-01 16:45,STOP_HIT,2,5.00,0.50,0.010,true
FIXED_R65,2026-04-06,2026-04-05 14:00,DOWN,2026-04-05 14:10,LONG,24003.25,24033.25,2026-04-05 14:11,STOP_HIT,2,6.50,-20.00,0.146,true
FIXED_R65,2026-04-06,2026-04-05 14:11,UP,2026-04-05 14:24,SHORT,24047.50,24026.50,2026-04-05 14:25,STOP_HIT,2,6.00,-1.50,0.145,false
FIXED_R65,2026-04-06,2026-04-06 06:49,UP,2026-04-06 07:02,SHORT,24329.25,24303.50,2026-04-06 07:05,STOP_HIT,4,36.75,12.75,0.001,false
FIXED_R65,2026-04-06,2026-04-06 07:02,DOWN,2026-04-06 07:26,LONG,24278.25,24304.75,2026-04-06 07:27,STOP_HIT,2,18.25,14.00,0.066,false
FIXED_R65,2026-04-06,2026-04-06 07:33,UP,2026-04-06 08:03,SHORT,24307.75,24303.50,2026-04-06 08:21,STOP_HIT,19,24.50,-0.50,0.209,true
FIXED_R65,2026-04-06,2026-04-06 08:38,DOWN,2026-04-06 09:11,LONG,24265.00,24304.25,2026-04-06 09:12,STOP_HIT,2,3.75,-41.00,0.136,false
FIXED_R65,2026-04-06,2026-04-06 10:04,UP,2026-04-06 10:17,SHORT,24315.25,24301.50,2026-04-06 10:18,STOP_HIT,2,4.75,-12.25,0.184,false
FIXED_R65,2026-04-07,2026-04-06 14:06,DOWN,2026-04-06 14:24,LONG,24316.00,24362.75,2026-04-06 14:25,STOP_HIT,2,8.75,7.25,0.223,false
FIXED_R65,2026-04-07,2026-04-06 16:06,UP,2026-04-06 16:18,SHORT,24348.75,24317.00,2026-04-06 16:19,STOP_HIT,2,5.00,1.75,0.189,false
FIXED_R65,2026-04-07,2026-04-06 16:17,DOWN,2026-04-06 16:46,LONG,24308.50,24317.00,2026-04-06 16:47,STOP_HIT,2,5.00,4.00,0.230,true
FIXED_R65,2026-04-07,2026-04-07 02:16,DOWN,2026-04-07 02:59,LONG,24202.50,24295.50,2026-04-07 03:00,STOP_HIT,2,16.25,9.50,0.092,false
FIXED_R65,2026-04-07,2026-04-07 05:14,UP,2026-04-07 05:31,SHORT,24251.25,24240.75,2026-04-07 05:37,STOP_HIT,7,53.25,6.00,0.006,true
FIXED_R65,2026-04-07,2026-04-07 08:03,DOWN,2026-04-07 08:14,LONG,24160.00,24172.50,2026-04-07 08:18,STOP_HIT,5,20.50,5.00,0.139,false
FIXED_R65,2026-04-07,2026-04-07 08:10,UP,2026-04-07 08:24,SHORT,24185.00,24172.00,2026-04-07 08:25,STOP_HIT,2,11.25,-4.25,0.076,false
FIXED_R65,2026-04-07,2026-04-07 09:36,DOWN,2026-04-07 11:09,LONG,24106.25,24189.00,2026-04-07 11:10,STOP_HIT,2,19.50,10.00,0.138,true
FIXED_R65,2026-04-08,2026-04-07 14:00,UP,2026-04-07 14:10,SHORT,24615.75,24604.00,2026-04-07 14:11,STOP_HIT,2,10.00,4.25,0.235,true
FIXED_R65,2026-04-08,2026-04-08 07:10,UP,2026-04-08 09:09,SHORT,25126.50,25086.50,2026-04-08 09:10,STOP_HIT,2,5.00,-1.50,0.002,false
FIXED_R65,2026-04-08,2026-04-08 09:37,UP,2026-04-08 10:09,SHORT,25126.50,25089.25,2026-04-08 10:10,STOP_HIT,2,3.00,-2.75,0.124,false
FIXED_R65,2026-04-09,2026-04-08 14:09,DOWN,2026-04-08 16:05,LONG,25002.75,25033.50,2026-04-08 16:06,STOP_HIT,2,13.50,7.75,0.430,false
FIXED_R65,2026-04-09,2026-04-08 17:23,UP,2026-04-08 18:51,SHORT,25043.25,25026.00,2026-04-08 18:52,STOP_HIT,2,1.50,-1.00,0.416,false
FIXED_R65,2026-04-09,2026-04-08 22:03,DOWN,2026-04-08 23:35,LONG,24994.50,25025.50,2026-04-08 23:36,STOP_HIT,2,4.25,4.25,0.290,false
FIXED_R65,2026-04-09,2026-04-09 00:15,UP,2026-04-09 04:53,SHORT,25031.00,25019.00,2026-04-09 04:54,STOP_HIT,2,8.50,4.75,0.186,true
FIXED_R65,2026-04-09,2026-04-09 05:45,DOWN,2026-04-09 06:01,LONG,25019.50,25029.75,2026-04-09 06:02,STOP_HIT,2,8.00,2.25,0.016,false
FIXED_R65,2026-04-09,2026-04-09 06:36,UP,2026-04-09 07:03,SHORT,25035.50,25025.25,2026-04-09 07:04,STOP_HIT,2,19.50,4.75,0.025,true
FIXED_R65,2026-04-10,2026-04-09 15:03,UP,2026-04-09 16:59,SHORT,25258.50,25226.00,2026-04-09 17:00,STOP_HIT,2,2.75,-9.00,0.510,false
FIXED_R65,2026-04-10,2026-04-09 19:39,DOWN,2026-04-09 23:17,LONG,25231.75,25248.75,2026-04-09 23:18,STOP_HIT,2,3.50,0.75,0.190,true
FIXED_R65,2026-04-10,2026-04-10 00:18,UP,2026-04-10 02:29,SHORT,25272.50,25242.25,2026-04-10 02:30,STOP_HIT,2,17.00,12.25,0.349,false
FIXED_R65,2026-04-10,2026-04-10 07:24,DOWN,2026-04-10 07:53,LONG,25294.00,25313.50,2026-04-10 07:54,STOP_HIT,2,0.00,-14.75,0.108,false
FIXED_R65,2026-04-13,2026-04-12 14:00,UP,2026-04-12 14:10,SHORT,24992.00,24971.75,2026-04-12 14:11,STOP_HIT,2,5.00,-1.50,0.227,false
FIXED_R65,2026-04-13,2026-04-12 14:12,DOWN,2026-04-12 14:29,LONG,24961.75,24976.00,2026-04-12 14:30,STOP_HIT,2,0.75,-18.25,0.182,true
FIXED_R65,2026-04-13,2026-04-12 15:49,UP,2026-04-12 16:04,SHORT,24957.50,24960.75,2026-04-12 16:06,STOP_HIT,3,4.00,-13.50,0.061,false
FIXED_R65,2026-04-14,2026-04-13 16:06,UP,2026-04-13 23:07,SHORT,25611.00,25586.25,2026-04-13 23:08,STOP_HIT,2,1.50,-21.50,0.167,false
FIXED_R65,2026-04-15,2026-04-14 14:00,UP,2026-04-14 17:49,SHORT,26041.75,26013.50,2026-04-14 17:50,STOP_HIT,2,6.25,4.75,0.474,false
FIXED_R65,2026-04-15,2026-04-14 21:00,DOWN,2026-04-14 21:23,LONG,25995.00,26013.50,2026-04-14 21:24,STOP_HIT,2,0.75,-12.00,0.159,false
FIXED_R65,2026-04-15,2026-04-15 03:46,DOWN,2026-04-15 03:56,LONG,25997.75,25999.25,2026-04-15 04:04,STOP_HIT,9,10.75,-11.50,0.050,false
FIXED_R65,2026-04-15,2026-04-15 04:16,UP,2026-04-15 05:29,SHORT,26022.50,25997.75,2026-04-15 05:30,STOP_HIT,2,21.00,2.25,0.108,false
FIXED_R65,2026-04-16,2026-04-15 14:00,UP,2026-04-15 15:49,SHORT,26407.75,26387.25,2026-04-15 15:50,STOP_HIT,2,1.25,-3.75,0.282,false
FIXED_R65,2026-04-16,2026-04-15 23:40,DOWN,2026-04-16 00:29,LONG,26427.00,26441.75,2026-04-16 00:30,STOP_HIT,2,3.00,-1.75,0.163,false
FIXED_R65,2026-04-16,2026-04-16 06:23,UP,2026-04-16 07:04,SHORT,26438.00,26391.75,2026-04-16 07:05,STOP_HIT,2,8.00,-8.00,0.156,false
FIXED_R65,2026-04-16,2026-04-16 10:28,UP,2026-04-16 10:53,SHORT,26436.00,26428.00,2026-04-16 10:54,STOP_HIT,2,8.00,6.00,0.186,false
FIXED_R65,2026-04-17,2026-04-16 21:03,UP,2026-04-17 00:42,SHORT,26507.25,26476.25,2026-04-17 00:43,STOP_HIT,2,0.75,-3.75,0.319,false
FIXED_R65,2026-04-20,2026-04-19 21:44,UP,2026-04-19 22:57,SHORT,26690.75,26653.00,2026-04-19 22:58,STOP_HIT,2,13.50,10.50,0.258,false
FIXED_R65,2026-04-20,2026-04-19 23:22,DOWN,2026-04-20 00:15,LONG,26647.50,26656.25,2026-04-20 00:16,STOP_HIT,2,4.50,-0.25,0.017,true
FIXED_R65,2026-04-20,2026-04-20 00:07,UP,2026-04-20 00:51,SHORT,26684.75,26656.75,2026-04-20 00:52,STOP_HIT,2,8.75,8.00,0.390,false
FIXED_R65,2026-04-20,2026-04-20 07:51,UP,2026-04-20 10:07,SHORT,26722.75,26691.50,2026-04-20 10:08,STOP_HIT,2,6.50,0.00,0.004,false
FIXED_R65,2026-04-21,2026-04-20 14:00,UP,2026-04-20 16:48,SHORT,26823.25,26802.00,2026-04-20 16:49,STOP_HIT,2,5.50,3.75,0.246,false
FIXED_R65,2026-04-21,2026-04-21 03:40,DOWN,2026-04-21 05:31,LONG,26772.00,26824.50,2026-04-21 05:32,STOP_HIT,2,5.25,-19.25,0.174,false
FIXED_R65,2026-04-21,2026-04-21 05:35,UP,2026-04-21 06:23,SHORT,26845.50,26820.50,2026-04-21 06:24,STOP_HIT,2,30.50,18.25,0.087,false
FIXED_R65,2026-04-21,2026-04-21 06:17,DOWN,2026-04-21 07:01,LONG,26719.00,26819.75,2026-04-21 07:02,STOP_HIT,2,7.00,-24.50,0.151,false
FIXED_R65,2026-04-21,2026-04-21 10:50,UP,2026-04-21 11:36,SHORT,26745.00,26747.00,2026-04-21 12:13,STOP_HIT,38,193.25,-11.50,0.258,true
FIXED_R65,2026-04-21,2026-04-21 11:31,DOWN,2026-04-21 11:41,LONG,26713.75,26746.25,2026-04-21 11:42,STOP_HIT,2,7.50,-99.50,0.125,false
FIXED_R65,2026-04-21,2026-04-21 12:12,DOWN,2026-04-21 12:50,LONG,26723.75,26739.75,2026-04-21 12:51,STOP_HIT,2,14.00,11.25,0.149,false
FIXED_R65,2026-04-22,2026-04-21 14:00,UP,2026-04-21 16:10,SHORT,26791.50,26751.00,2026-04-21 16:11,STOP_HIT,2,1.75,-15.00,0.373,false
FIXED_R65,2026-04-22,2026-04-21 23:44,DOWN,2026-04-22 00:46,LONG,26801.25,26813.00,2026-04-22 00:47,STOP_HIT,2,5.25,-3.00,0.368,false
FIXED_R65,2026-04-22,2026-04-22 00:40,UP,2026-04-22 01:01,SHORT,26827.25,26813.50,2026-04-22 01:02,STOP_HIT,2,5.50,-2.75,0.203,false
FIXED_R65,2026-04-22,2026-04-22 05:33,UP,2026-04-22 05:49,SHORT,26838.75,26833.25,2026-04-22 05:53,STOP_HIT,5,27.25,-6.00,0.254,true
FIXED_R65,2026-04-23,2026-04-22 15:24,DOWN,2026-04-22 16:11,LONG,27020.00,27084.75,2026-04-22 16:12,STOP_HIT,2,8.00,-35.50,0.175,false
FIXED_R65,2026-04-23,2026-04-22 16:19,UP,2026-04-22 16:29,SHORT,27041.50,27008.25,2026-04-22 16:30,STOP_HIT,2,3.75,-21.25,0.336,false
FIXED_R65,2026-04-23,2026-04-22 16:30,DOWN,2026-04-22 18:38,LONG,26959.50,27014.00,2026-04-22 18:39,STOP_HIT,2,3.50,2.75,0.304,false
FIXED_R65,2026-04-23,2026-04-23 01:08,UP,2026-04-23 04:07,SHORT,27054.75,26976.00,2026-04-23 04:08,STOP_HIT,2,3.50,-9.75,0.101,false
FIXED_R65,2026-04-23,2026-04-23 06:02,UP,2026-04-23 06:32,SHORT,27037.75,27005.50,2026-04-23 06:33,STOP_HIT,2,2.75,-6.25,0.116,false
FIXED_R65,2026-04-23,2026-04-23 08:36,DOWN,2026-04-23 09:11,LONG,26959.75,27030.50,2026-04-23 09:12,STOP_HIT,2,7.25,-22.75,0.011,false
FIXED_R65,2026-04-24,2026-04-23 14:00,UP,2026-04-23 15:31,SHORT,27056.75,27036.25,2026-04-23 15:32,STOP_HIT,2,0.00,-4.00,0.337,false
FIXED_R65,2026-04-24,2026-04-23 20:25,UP,2026-04-23 22:45,SHORT,27080.75,27072.75,2026-04-23 22:48,STOP_HIT,4,11.25,6.50,0.056,false
FIXED_R65,2026-04-24,2026-04-24 05:42,DOWN,2026-04-24 05:57,LONG,27155.00,27207.00,2026-04-24 05:58,STOP_HIT,2,37.50,25.75,0.005,false
FIXED_R65,2026-04-24,2026-04-24 06:32,UP,2026-04-24 06:42,SHORT,27236.75,27207.00,2026-04-24 06:43,STOP_HIT,2,9.50,-8.75,0.103,true
FIXED_R65,2026-04-27,2026-04-26 14:00,DOWN,2026-04-26 14:10,LONG,27357.25,27375.25,2026-04-26 14:11,STOP_HIT,2,1.50,-7.00,0.211,false
FIXED_R65,2026-04-27,2026-04-26 14:06,UP,2026-04-26 16:15,SHORT,27408.50,27381.50,2026-04-26 16:16,STOP_HIT,2,11.25,1.50,0.321,false
FIXED_R65,2026-04-27,2026-04-27 00:15,UP,2026-04-27 01:18,SHORT,27454.00,27439.25,2026-04-27 01:19,STOP_HIT,2,6.00,5.75,0.167,false
FIXED_R65,2026-04-27,2026-04-27 03:32,DOWN,2026-04-27 04:38,LONG,27398.00,27448.25,2026-04-27 04:39,STOP_HIT,2,5.00,1.50,0.252,false
FIXED_R65,2026-04-27,2026-04-27 07:22,UP,2026-04-27 09:24,SHORT,27403.50,27383.50,2026-04-27 09:25,STOP_HIT,2,5.25,-6.00,0.078,false
FIXED_R65,2026-04-28,2026-04-27 14:00,UP,2026-04-27 14:10,SHORT,27473.25,27446.75,2026-04-27 14:11,STOP_HIT,2,1.25,-7.25,0.035,true
FIXED_R65,2026-04-28,2026-04-27 16:11,DOWN,2026-04-28 02:10,LONG,27268.75,27352.25,2026-04-28 02:11,STOP_HIT,2,6.00,2.75,0.286,false
FIXED_R65,2026-04-28,2026-04-28 05:31,UP,2026-04-28 05:42,SHORT,27205.25,27162.25,2026-04-28 05:43,STOP_HIT,2,1.50,-12.25,0.128,false
FIXED_R65,2026-04-28,2026-04-28 06:07,DOWN,2026-04-28 06:31,LONG,27174.00,27184.50,2026-04-28 06:32,STOP_HIT,2,7.25,-6.75,0.094,false
FIXED_R65,2026-04-29,2026-04-28 14:00,UP,2026-04-28 16:01,SHORT,27251.50,27224.00,2026-04-28 16:02,STOP_HIT,2,0.75,-4.00,0.189,false
FIXED_R65,2026-04-29,2026-04-28 16:25,DOWN,2026-04-28 17:18,LONG,27219.50,27235.75,2026-04-28 17:19,STOP_HIT,2,12.00,7.75,0.133,true
FIXED_R65,2026-04-29,2026-04-28 17:08,UP,2026-04-28 18:06,SHORT,27247.75,27241.75,2026-04-28 18:07,STOP_HIT,2,0.00,-18.25,0.194,false
FIXED_R65,2026-04-29,2026-04-28 22:01,DOWN,2026-04-28 23:46,LONG,27228.00,27263.50,2026-04-28 23:47,STOP_HIT,2,6.25,-6.75,0.119,false
FIXED_R65,2026-04-29,2026-04-29 00:16,UP,2026-04-29 03:36,SHORT,27274.75,27257.00,2026-04-29 03:39,STOP_HIT,4,22.75,15.50,0.371,false
FIXED_R65,2026-04-29,2026-04-29 02:30,DOWN,2026-04-29 04:21,LONG,27241.75,27255.25,2026-04-29 04:22,STOP_HIT,2,7.75,-0.75,0.069,false
FIXED_R65,2026-04-29,2026-04-29 07:47,DOWN,2026-04-29 07:57,LONG,27219.75,27247.00,2026-04-29 07:58,STOP_HIT,2,18.25,16.75,0.045,false
FIXED_R65,2026-04-29,2026-04-29 08:11,DOWN,2026-04-29 08:21,LONG,27218.25,27246.75,2026-04-29 08:22,STOP_HIT,2,7.00,-7.25,0.155,true
FIXED_R65,2026-04-29,2026-04-29 10:45,UP,2026-04-29 10:55,SHORT,27254.00,27234.25,2026-04-29 10:56,STOP_HIT,2,1.75,-21.00,0.184,true
FIXED_R65,2026-04-29,2026-04-29 12:18,UP,2026-04-29 12:42,SHORT,27274.50,27243.75,2026-04-29 12:43,STOP_HIT,2,22.25,17.50,0.133,true
FIXED_R65,2026-04-30,2026-04-29 14:00,UP,2026-04-29 14:10,SHORT,27382.00,27293.00,2026-04-29 14:11,STOP_HIT,2,7.50,-2.00,0.181,false
FIXED_R65,2026-04-30,2026-04-30 01:20,UP,2026-04-30 01:32,SHORT,27417.25,27398.50,2026-04-30 01:33,STOP_HIT,2,21.00,13.50,0.045,true
FIXED_R65,2026-04-30,2026-04-30 01:31,DOWN,2026-04-30 01:46,LONG,27380.50,27399.25,2026-04-30 01:47,STOP_HIT,2,6.00,-1.75,0.022,false
FIXED_R65,2026-04-30,2026-04-30 01:57,UP,2026-04-30 02:28,SHORT,27418.50,27394.00,2026-04-30 02:29,STOP_HIT,2,8.00,0.50,0.174,false
FIXED_R65,2026-04-30,2026-04-30 02:30,DOWN,2026-04-30 02:51,LONG,27370.50,27395.00,2026-04-30 02:52,STOP_HIT,2,6.75,-11.75,0.069,false
FIXED_R65,2026-04-30,2026-04-30 02:52,UP,2026-04-30 03:16,SHORT,27421.50,27394.50,2026-04-30 03:17,STOP_HIT,2,4.00,-6.50,0.186,false
FIXED_R65,2026-04-30,2026-04-30 05:04,DOWN,2026-04-30 05:36,LONG,27333.50,27420.00,2026-04-30 05:37,STOP_HIT,2,39.50,-14.50,0.002,true
FIXED_R65,2026-04-30,2026-04-30 06:39,UP,2026-04-30 07:10,SHORT,27403.50,27343.50,2026-04-30 07:11,STOP_HIT,2,10.50,-4.25,0.038,false
FIXED_R65,2026-05-01,2026-04-30 14:08,DOWN,2026-04-30 14:54,LONG,27576.00,27618.25,2026-04-30 14:55,STOP_HIT,2,5.00,2.00,0.324,false
FIXED_R65,2026-05-01,2026-04-30 14:57,UP,2026-04-30 16:43,SHORT,27625.50,27613.50,2026-04-30 16:44,STOP_HIT,2,3.75,-5.75,0.536,true
FIXED_R65,2026-05-01,2026-04-30 19:31,DOWN,2026-04-30 22:27,LONG,27611.75,27627.00,2026-04-30 22:28,STOP_HIT,2,3.25,2.25,0.554,false
FIXED_R65,2026-05-01,2026-05-01 02:40,UP,2026-05-01 05:32,SHORT,27693.75,27611.25,2026-05-01 05:33,STOP_HIT,2,7.75,-25.50,0.127,false
FIXED_R65,2026-05-01,2026-05-01 10:46,UP,2026-05-01 11:12,SHORT,27860.00,27826.25,2026-05-01 11:13,STOP_HIT,2,3.00,-6.75,0.078,false
FIXED_R65,2026-05-04,2026-05-03 14:00,DOWN,2026-05-03 14:10,LONG,27869.00,27882.25,2026-05-03 14:11,STOP_HIT,2,6.00,1.00,0.176,false
FIXED_R65,2026-05-04,2026-05-03 16:01,UP,2026-05-03 16:15,SHORT,27854.75,27851.50,2026-05-03 16:33,STOP_HIT,19,47.00,2.00,0.254,false
FIXED_R65,2026-05-04,2026-05-03 23:46,DOWN,2026-05-04 00:16,LONG,27887.25,27891.25,2026-05-04 00:17,STOP_HIT,2,0.25,-12.00,0.027,true
FIXED_R65,2026-05-04,2026-05-04 03:39,UP,2026-05-04 04:55,SHORT,27858.00,27858.50,2026-05-04 04:58,STOP_HIT,4,8.00,-4.25,0.033,false
FIXED_R65,2026-05-04,2026-05-04 04:18,DOWN,2026-05-04 05:01,LONG,27818.50,27857.00,2026-05-04 05:02,STOP_HIT,2,17.75,5.00,0.055,false
FIXED_R65,2026-05-04,2026-05-04 05:10,DOWN,2026-05-04 05:32,LONG,27832.50,27853.00,2026-05-04 05:33,STOP_HIT,2,15.25,2.00,0.019,false
FIXED_R65,2026-05-04,2026-05-04 05:35,UP,2026-05-04 05:46,SHORT,27878.00,27851.00,2026-05-04 05:47,STOP_HIT,2,10.25,-3.25,0.152,false
FIXED_R65,2026-05-04,2026-05-04 07:02,DOWN,2026-05-04 07:17,LONG,27859.25,27870.50,2026-05-04 07:18,STOP_HIT,2,0.50,-32.50,0.033,false
FIXED_R65,2026-05-05,2026-05-04 15:51,UP,2026-05-04 17:13,SHORT,27797.75,27764.00,2026-05-04 17:14,STOP_HIT,2,0.50,-2.75,0.168,false
FIXED_R65,2026-05-06,2026-05-05 14:55,DOWN,2026-05-05 18:01,LONG,28290.75,28297.75,2026-05-05 18:02,STOP_HIT,2,5.00,1.75,0.149,true
FIXED_R65,2026-05-06,2026-05-06 05:30,UP,2026-05-06 05:40,SHORT,28429.50,28410.00,2026-05-06 05:41,STOP_HIT,2,6.50,-20.50,0.034,false
FIXED_R65,2026-05-06,2026-05-06 06:12,DOWN,2026-05-06 06:23,LONG,28419.75,28435.50,2026-05-06 06:30,STOP_HIT,8,49.50,15.25,0.041,false
FIXED_R65,2026-05-06,2026-05-06 06:19,UP,2026-05-06 06:34,SHORT,28467.50,28436.50,2026-05-06 06:35,STOP_HIT,2,1.50,-24.00,0.095,false
FIXED_R65,2026-05-07,2026-05-06 14:02,DOWN,2026-05-06 16:44,LONG,28644.75,28672.50,2026-05-06 16:45,STOP_HIT,2,10.25,9.75,0.114,false
FIXED_R65,2026-05-07,2026-05-06 16:43,UP,2026-05-06 17:50,SHORT,28706.50,28670.00,2026-05-06 17:51,STOP_HIT,2,0.50,-3.00,0.385,false
FIXED_R65,2026-05-07,2026-05-07 05:40,DOWN,2026-05-07 05:50,LONG,28732.50,28734.00,2026-05-07 08:07,STOP_HIT,138,212.25,-8.50,0.188,true
FIXED_R65,2026-05-07,2026-05-07 05:46,UP,2026-05-07 05:56,SHORT,28789.50,28736.25,2026-05-07 05:57,STOP_HIT,2,1.00,-3.00,0.065,false
FIXED_R65,2026-05-07,2026-05-07 07:37,DOWN,2026-05-07 08:13,LONG,28692.25,28779.00,2026-05-07 08:14,STOP_HIT,2,21.25,7.75,0.140,false
FIXED_R65,2026-05-07,2026-05-07 12:02,UP,2026-05-07 12:12,SHORT,28706.75,28721.50,2026-05-07 12:59,TIME_EXPIRED,48,73.75,62.75,0.239,true
FIXED_R65,2026-05-07,2026-05-07 12:04,DOWN,2026-05-07 12:14,LONG,28702.75,28721.50,2026-05-07 12:15,STOP_HIT,2,20.75,16.50,0.308,false
FIXED_R65,2026-05-08,2026-05-07 14:00,UP,2026-05-07 14:10,SHORT,28609.25,28596.75,2026-05-07 14:11,STOP_HIT,2,7.00,-9.50,0.022,false
FIXED_R65,2026-05-11,2026-05-10 14:00,DOWN,2026-05-10 14:10,LONG,29281.75,29275.50,2026-05-10 14:14,STOP_HIT,5,5.50,-10.50,0.053,true
FIXED_R65,2026-05-11,2026-05-10 14:17,UP,2026-05-10 14:59,SHORT,29293.25,29270.25,2026-05-10 15:00,STOP_HIT,2,2.75,-6.25,0.382,false
FIXED_R65,2026-05-11,2026-05-10 17:05,UP,2026-05-10 17:24,SHORT,29330.25,29303.75,2026-05-10 17:25,STOP_HIT,2,4.00,3.50,0.589,false
FIXED_R65,2026-05-11,2026-05-10 18:30,DOWN,2026-05-10 20:26,LONG,29333.75,29324.00,2026-05-10 21:45,STOP_HIT,80,22.50,-12.00,0.390,true
FIXED_R65,2026-05-11,2026-05-11 00:35,UP,2026-05-11 01:34,SHORT,29333.00,29320.75,2026-05-11 01:35,STOP_HIT,2,5.00,1.25,0.289,true
FIXED_R65,2026-05-11,2026-05-11 01:48,DOWN,2026-05-11 02:21,LONG,29302.25,29322.25,2026-05-11 02:22,STOP_HIT,2,9.50,3.00,0.026,false
FIXED_R65,2026-05-11,2026-05-11 02:47,UP,2026-05-11 03:21,SHORT,29356.00,29321.75,2026-05-11 03:22,STOP_HIT,2,4.00,-9.00,0.180,false
FIXED_R65,2026-05-11,2026-05-11 03:31,DOWN,2026-05-11 04:22,LONG,29285.50,29323.00,2026-05-11 04:23,STOP_HIT,2,11.00,9.50,0.146,false
FIXED_R65,2026-05-11,2026-05-11 06:17,DOWN,2026-05-11 06:32,LONG,29260.00,29334.00,2026-05-11 06:33,STOP_HIT,2,49.50,40.75,0.158,false
FIXED_R65,2026-05-11,2026-05-11 06:31,UP,2026-05-11 06:48,SHORT,29376.00,29334.25,2026-05-11 06:49,STOP_HIT,2,18.75,-4.75,0.073,false
FIXED_R65,2026-05-11,2026-05-11 12:12,UP,2026-05-11 12:22,SHORT,29382.25,29383.50,2026-05-11 12:28,STOP_HIT,7,6.00,-11.75,0.011,true
FIXED_R65,2026-05-12,2026-05-11 14:46,DOWN,2026-05-11 16:05,LONG,29390.75,29435.00,2026-05-11 16:06,STOP_HIT,2,11.75,11.50,0.374,false
FIXED_R65,2026-05-12,2026-05-11 18:53,DOWN,2026-05-11 20:53,LONG,29295.25,29334.25,2026-05-11 20:54,STOP_HIT,2,4.50,-1.50,0.339,false
FIXED_R65,2026-05-12,2026-05-12 05:35,UP,2026-05-12 05:45,SHORT,29285.25,29220.75,2026-05-12 05:46,STOP_HIT,2,46.75,20.75,0.031,true
FIXED_R65,2026-05-13,2026-05-12 14:20,DOWN,2026-05-12 15:31,LONG,29123.75,29153.25,2026-05-12 15:32,STOP_HIT,2,4.25,-6.25,0.182,false
FIXED_R65,2026-05-13,2026-05-12 16:02,UP,2026-05-12 17:11,SHORT,29176.00,29133.75,2026-05-12 17:12,STOP_HIT,2,1.75,-7.25,0.138,true
FIXED_R65,2026-05-13,2026-05-13 06:09,UP,2026-05-13 06:39,SHORT,29243.75,29230.00,2026-05-13 06:40,STOP_HIT,2,25.00,4.50,0.073,true
FIXED_R65,2026-05-14,2026-05-13 14:00,UP,2026-05-13 14:48,SHORT,29587.50,29558.50,2026-05-13 14:49,STOP_HIT,2,0.00,-6.25,0.244,false
FIXED_R65,2026-05-14,2026-05-13 16:59,DOWN,2026-05-13 18:49,LONG,29591.50,29626.75,2026-05-13 18:50,STOP_HIT,2,0.50,-14.75,0.185,true
FIXED_R65,2026-05-14,2026-05-13 22:23,DOWN,2026-05-14 00:00,LONG,29574.75,29611.25,2026-05-14 00:01,STOP_HIT,2,10.25,2.50,0.119,false
FIXED_R65,2026-05-14,2026-05-14 05:12,UP,2026-05-14 05:50,SHORT,29666.00,29577.25,2026-05-14 05:51,STOP_HIT,2,38.00,18.00,0.148,false
FIXED_R65,2026-05-14,2026-05-14 06:02,DOWN,2026-05-14 06:14,LONG,29589.50,29584.50,2026-05-14 12:59,TIME_EXPIRED,406,192.50,99.00,0.032,true
FIXED_R65,2026-05-15,2026-05-14 16:01,UP,2026-05-14 16:36,SHORT,29703.50,29705.00,2026-05-15 12:59,TIME_EXPIRED,1224,613.75,530.50,0.342,true
FIXED_R65,2026-05-15,2026-05-15 06:04,UP,2026-05-15 06:20,SHORT,29349.50,29262.25,2026-05-15 06:21,STOP_HIT,2,16.00,-9.50,0.044,true
FIXED_R65,2026-05-15,2026-05-15 06:57,DOWN,2026-05-15 07:07,LONG,29254.50,29280.50,2026-05-15 07:08,STOP_HIT,2,24.00,15.25,0.042,false
FIXED_R65,2026-05-15,2026-05-15 07:36,DOWN,2026-05-15 07:54,LONG,29237.00,29287.25,2026-05-15 07:55,STOP_HIT,2,14.75,8.50,0.151,false
FIXED_R65,2026-05-15,2026-05-15 07:55,UP,2026-05-15 08:29,SHORT,29318.50,29285.75,2026-05-15 08:30,STOP_HIT,2,7.25,-13.00,0.025,true
FIXED_R65,2026-05-15,2026-05-15 10:55,DOWN,2026-05-15 11:49,LONG,29298.75,29308.25,2026-05-15 11:50,STOP_HIT,2,6.00,-36.00,0.131,true
FIXED_R65,2026-05-18,2026-05-17 14:00,UP,2026-05-17 14:10,SHORT,29270.25,29231.25,2026-05-17 14:11,STOP_HIT,2,12.50,3.25,0.057,true
FIXED_R65,2026-05-18,2026-05-17 14:07,DOWN,2026-05-17 14:38,LONG,29207.50,29231.75,2026-05-17 14:56,STOP_HIT,19,67.00,21.00,0.191,true
FIXED_R65,2026-05-18,2026-05-17 14:24,UP,2026-05-17 14:52,SHORT,29234.50,29239.00,2026-05-17 14:53,STOP_HIT,2,0.50,-18.25,0.091,true
FIXED_R65,2026-05-18,2026-05-17 14:43,DOWN,2026-05-17 14:58,LONG,29225.00,29237.50,2026-05-17 14:59,STOP_HIT,2,8.50,7.75,0.106,false
FIXED_R65,2026-05-18,2026-05-17 18:29,DOWN,2026-05-17 18:57,LONG,29008.00,29041.50,2026-05-17 18:58,STOP_HIT,2,20.00,9.75,0.200,false
FIXED_R65,2026-05-18,2026-05-17 18:52,UP,2026-05-17 19:53,SHORT,29043.25,29039.25,2026-05-17 19:54,STOP_HIT,2,1.75,-4.50,0.396,true
FIXED_R65,2026-05-18,2026-05-17 20:16,DOWN,2026-05-17 20:37,LONG,29042.50,29043.00,2026-05-17 20:38,STOP_HIT,2,4.00,-3.75,0.302,true
FIXED_R65,2026-05-18,2026-05-17 20:30,UP,2026-05-17 20:47,SHORT,29081.00,29044.00,2026-05-17 20:48,STOP_HIT,2,18.50,18.00,0.348,false
FIXED_R65,2026-05-18,2026-05-17 21:10,DOWN,2026-05-17 21:20,LONG,29027.50,29045.50,2026-05-17 21:21,STOP_HIT,2,13.75,-0.75,0.010,true
FIXED_R65,2026-05-18,2026-05-17 21:39,DOWN,2026-05-17 22:10,LONG,29040.50,29047.50,2026-05-17 22:11,STOP_HIT,2,2.50,-5.75,0.140,false
FIXED_R65,2026-05-18,2026-05-17 22:31,UP,2026-05-17 22:51,SHORT,29074.75,29045.00,2026-05-17 22:52,STOP_HIT,2,0.25,-8.25,0.038,true
FIXED_R65,2026-05-18,2026-05-18 05:56,DOWN,2026-05-18 06:06,LONG,29138.25,29184.75,2026-05-18 06:28,STOP_HIT,23,160.75,39.00,0.052,false
FIXED_R65,2026-05-18,2026-05-18 11:25,UP,2026-05-18 12:00,SHORT,29098.75,29056.25,2026-05-18 12:01,STOP_HIT,2,13.75,10.50,0.025,true
FIXED_R65,2026-05-19,2026-05-18 14:00,UP,2026-05-18 14:10,SHORT,29128.75,29124.75,2026-05-18 14:12,STOP_HIT,3,11.75,2.75,0.462,true
FIXED_R65,2026-05-19,2026-05-18 15:03,DOWN,2026-05-18 15:55,LONG,29119.00,29152.00,2026-05-18 15:56,STOP_HIT,2,10.25,1.25,0.313,false
FIXED_R65,2026-05-19,2026-05-18 16:21,DOWN,2026-05-18 16:45,LONG,29129.00,29145.00,2026-05-18 16:46,STOP_HIT,2,7.50,-5.00,0.068,false
FIXED_R65,2026-05-19,2026-05-18 22:01,UP,2026-05-19 00:02,SHORT,29101.75,29029.00,2026-05-19 00:03,STOP_HIT,2,14.75,10.00,0.100,true
FIXED_R65,2026-05-19,2026-05-18 23:48,DOWN,2026-05-19 01:01,LONG,28998.25,29024.00,2026-05-19 01:02,STOP_HIT,2,1.50,-14.00,0.026,false
FIXED_R65,2026-05-19,2026-05-19 05:27,UP,2026-05-19 05:38,SHORT,29047.00,28955.25,2026-05-19 05:39,STOP_HIT,2,29.50,9.00,0.065,true
FIXED_R65,2026-05-19,2026-05-19 05:37,DOWN,2026-05-19 05:47,LONG,28873.75,28952.25,2026-05-19 05:50,STOP_HIT,4,135.50,60.00,0.051,false
FIXED_R65,2026-05-19,2026-05-19 08:12,UP,2026-05-19 08:33,SHORT,28944.75,28874.50,2026-05-19 08:34,STOP_HIT,2,13.25,-1.75,0.018,true
FIXED_R65,2026-05-19,2026-05-19 11:33,DOWN,2026-05-19 11:52,LONG,28903.25,28931.25,2026-05-19 11:53,STOP_HIT,2,16.75,0.75,0.006,false
FIXED_R65,2026-05-20,2026-05-19 14:10,DOWN,2026-05-19 14:38,LONG,28896.75,28906.75,2026-05-19 14:39,STOP_HIT,2,2.00,-9.00,0.238,false
FIXED_R65,2026-05-20,2026-05-19 14:28,UP,2026-05-19 15:15,SHORT,28946.50,28906.75,2026-05-19 15:16,STOP_HIT,2,6.75,-3.75,0.321,false
FIXED_R65,2026-05-20,2026-05-19 15:34,DOWN,2026-05-19 16:14,LONG,28831.25,28915.50,2026-05-19 16:15,STOP_HIT,2,11.25,-14.00,0.276,false
FIXED_R65,2026-05-20,2026-05-19 16:17,UP,2026-05-19 16:49,SHORT,28939.75,28911.00,2026-05-19 16:50,STOP_HIT,2,7.50,1.50,0.051,false
FIXED_R65,2026-05-20,2026-05-19 17:20,DOWN,2026-05-19 17:33,LONG,28903.00,28918.75,2026-05-19 17:34,STOP_HIT,2,21.00,-21.75,0.169,true
FIXED_R65,2026-05-20,2026-05-19 17:36,UP,2026-05-19 17:53,SHORT,28969.75,28917.25,2026-05-19 17:54,STOP_HIT,2,2.75,-12.00,0.054,true
FIXED_R65,2026-05-20,2026-05-19 18:24,DOWN,2026-05-19 18:37,LONG,28902.25,28922.75,2026-05-19 18:38,STOP_HIT,2,8.00,-0.50,0.091,true
FIXED_R65,2026-05-20,2026-05-19 20:16,DOWN,2026-05-19 20:43,LONG,28891.25,28913.00,2026-05-19 20:44,STOP_HIT,2,8.25,-7.75,0.348,true
FIXED_R65,2026-05-20,2026-05-19 20:55,UP,2026-05-19 21:05,SHORT,28926.00,28912.00,2026-05-19 21:06,STOP_HIT,2,0.00,-3.25,0.222,true
FIXED_R65,2026-05-20,2026-05-20 05:55,UP,2026-05-20 06:06,SHORT,29069.00,29077.25,2026-05-20 06:07,STOP_HIT,2,12.25,-20.00,0.019,false
FIXED_R65,2026-05-20,2026-05-20 06:01,DOWN,2026-05-20 06:12,LONG,29047.00,29077.25,2026-05-20 06:13,STOP_HIT,2,9.00,-18.50,0.104,false
FIXED_R65,2026-05-21,2026-05-20 14:00,DOWN,2026-05-20 14:10,LONG,29144.00,29220.00,2026-05-20 14:11,STOP_HIT,2,18.50,12.75,0.321,false
FIXED_R65,2026-05-21,2026-05-20 14:10,UP,2026-05-20 15:21,SHORT,29195.75,29179.00,2026-05-20 15:22,STOP_HIT,2,7.75,7.75,0.550,true
FIXED_R65,2026-05-21,2026-05-20 22:06,DOWN,2026-05-20 23:17,LONG,29217.25,29292.00,2026-05-20 23:18,STOP_HIT,2,16.50,4.00,0.175,false
FIXED_R65,2026-05-21,2026-05-20 23:13,UP,2026-05-21 00:12,SHORT,29406.75,29293.50,2026-05-21 00:13,STOP_HIT,2,16.00,12.00,0.167,false
FIXED_R65,2026-05-21,2026-05-21 05:44,UP,2026-05-21 05:57,SHORT,29277.50,29246.25,2026-05-21 05:58,STOP_HIT,2,34.25,6.00,0.054,true
FIXED_R65,2026-05-21,2026-05-21 07:10,UP,2026-05-21 07:22,SHORT,29235.50,29234.75,2026-05-21 07:23,STOP_HIT,2,9.75,-12.00,0.120,true
FIXED_R65,2026-05-21,2026-05-21 07:23,DOWN,2026-05-21 07:33,LONG,29211.50,29235.00,2026-05-21 07:34,STOP_HIT,2,7.00,-26.00,0.122,true
FIXED_R65,2026-05-21,2026-05-21 07:34,UP,2026-05-21 07:44,SHORT,29265.25,29235.00,2026-05-21 07:45,STOP_HIT,2,21.75,-5.75,0.098,false
FIXED_R65,2026-05-21,2026-05-21 08:50,UP,2026-05-21 09:01,SHORT,29273.75,29239.75,2026-05-21 09:02,STOP_HIT,2,3.75,-5.50,0.108,false
FIXED_R65,2026-05-22,2026-05-21 14:00,UP,2026-05-21 14:10,SHORT,29505.00,29491.50,2026-05-21 14:11,STOP_HIT,2,8.75,0.50,0.246,false
FIXED_R65,2026-05-22,2026-05-21 16:32,DOWN,2026-05-21 18:04,LONG,29535.00,29545.25,2026-05-21 18:05,STOP_HIT,2,8.00,-2.00,0.354,true
FIXED_R65,2026-05-22,2026-05-21 17:41,UP,2026-05-21 20:17,SHORT,29580.50,29543.50,2026-05-21 20:18,STOP_HIT,2,0.50,-4.75,0.213,true
FIXED_R65,2026-05-22,2026-05-21 23:02,UP,2026-05-22 00:01,SHORT,29600.00,29552.25,2026-05-22 00:02,STOP_HIT,2,8.00,-6.25,0.412,false
FIXED_R65,2026-05-22,2026-05-22 00:21,DOWN,2026-05-22 01:35,LONG,29507.75,29555.50,2026-05-22 01:36,STOP_HIT,2,7.25,7.25,0.401,true
FIXED_R65,2026-05-22,2026-05-22 06:24,UP,2026-05-22 06:38,SHORT,29609.25,29571.00,2026-05-22 06:39,STOP_HIT,2,17.25,3.50,0.045,true
FIXED_R65,2026-05-22,2026-05-22 09:30,DOWN,2026-05-22 12:07,LONG,29557.25,29609.50,2026-05-22 12:08,STOP_HIT,2,4.25,-3.00,0.155,false
FIXED_R65,2026-05-25,2026-05-24 14:00,UP,2026-05-24 14:10,SHORT,29768.25,29755.00,2026-05-24 14:11,STOP_HIT,2,7.25,5.00,0.312,false
FIXED_R65,2026-05-25,2026-05-25 05:55,DOWN,2026-05-25 06:55,LONG,29927.00,29942.50,2026-05-25 06:56,STOP_HIT,2,3.00,0.50,0.487,false
FIXED_R65,2026-05-25,2026-05-25 06:43,UP,2026-05-25 07:17,SHORT,29962.75,29944.00,2026-05-25 07:18,STOP_HIT,2,5.75,-3.75,0.343,true
FIXED_R65,2026-05-25,2026-05-25 07:11,DOWN,2026-05-25 08:04,LONG,29920.00,29942.00,2026-05-25 08:05,STOP_HIT,2,3.75,1.50,0.053,true
FIXED_R65,2026-05-26,2026-05-25 14:00,DOWN,2026-05-25 14:10,LONG,29916.00,29928.00,2026-05-25 14:11,STOP_HIT,2,14.00,11.00,0.244,false
FIXED_R65,2026-05-26,2026-05-25 23:33,UP,2026-05-26 02:32,SHORT,29908.00,29822.00,2026-05-26 02:33,STOP_HIT,2,10.50,9.25,0.190,true
FIXED_R65,2026-05-26,2026-05-26 05:35,UP,2026-05-26 05:45,SHORT,29933.50,29860.25,2026-05-26 05:46,STOP_HIT,2,4.25,-45.50,0.031,false
FIXED_R65,2026-05-26,2026-05-26 07:56,UP,2026-05-26 08:10,SHORT,29944.00,29945.25,2026-05-26 08:13,STOP_HIT,4,18.00,-9.75,0.069,false
FIXED_R65,2026-05-27,2026-05-26 14:48,UP,2026-05-26 19:48,SHORT,30119.00,30115.50,2026-05-26 20:08,STOP_HIT,21,25.25,1.00,0.321,false
FIXED_R65,2026-05-27,2026-05-26 17:17,DOWN,2026-05-26 23:05,LONG,30101.00,30102.25,2026-05-27 05:38,STOP_HIT,394,278.00,-29.25,0.123,true
FIXED_R65,2026-05-27,2026-05-26 22:39,UP,2026-05-26 23:24,SHORT,30124.75,30103.00,2026-05-26 23:25,STOP_HIT,2,3.00,0.75,0.186,false
FIXED_R65,2026-05-27,2026-05-27 04:23,DOWN,2026-05-27 05:43,LONG,30050.50,30145.25,2026-05-27 05:44,STOP_HIT,2,2.75,-68.75,0.134,true
FIXED_R65,2026-05-27,2026-05-27 09:09,UP,2026-05-27 11:39,SHORT,30063.25,30027.25,2026-05-27 11:40,STOP_HIT,2,8.75,2.25,0.227,false
FIXED_R65,2026-05-28,2026-05-27 14:02,DOWN,2026-05-27 14:21,LONG,30085.00,30092.50,2026-05-27 14:22,STOP_HIT,2,6.25,0.75,0.170,true
FIXED_R65,2026-05-28,2026-05-27 16:58,DOWN,2026-05-27 18:57,LONG,29983.00,30037.75,2026-05-27 18:58,STOP_HIT,2,1.00,-8.75,0.521,false
FIXED_R65,2026-05-28,2026-05-28 01:03,DOWN,2026-05-28 02:33,LONG,29930.75,29954.75,2026-05-28 02:34,STOP_HIT,2,5.75,-5.00,0.160,true
FIXED_R65,2026-05-28,2026-05-28 02:51,UP,2026-05-28 04:54,SHORT,30062.75,29949.75,2026-05-28 04:55,STOP_HIT,2,12.50,8.25,0.246,false
FIXED_R65,2026-05-28,2026-05-28 05:50,UP,2026-05-28 06:00,SHORT,29992.25,29974.25,2026-05-28 06:01,STOP_HIT,2,19.75,11.25,0.099,false
FIXED_R65,2026-05-29,2026-05-28 14:05,DOWN,2026-05-28 14:38,LONG,30299.00,30313.25,2026-05-28 14:39,STOP_HIT,2,5.50,2.75,0.042,false
FIXED_R65,2026-05-29,2026-05-28 17:03,UP,2026-05-28 23:22,SHORT,30308.25,30294.75,2026-05-28 23:23,STOP_HIT,2,6.25,-3.75,0.412,true
FIXED_R65,2026-05-29,2026-05-28 23:36,UP,2026-05-29 01:04,SHORT,30336.00,30297.50,2026-05-29 01:05,STOP_HIT,2,9.25,8.50,0.368,false
FIXED_R65,2026-05-29,2026-05-29 06:54,UP,2026-05-29 07:09,SHORT,30390.25,30372.00,2026-05-29 07:10,STOP_HIT,2,6.00,-12.50,0.103,false
FIXED_R65,2026-05-29,2026-05-29 08:10,DOWN,2026-05-29 10:05,LONG,30331.25,30382.50,2026-05-29 10:06,STOP_HIT,2,14.50,13.75,0.182,true
FIXED_R65,2026-05-29,2026-05-29 10:34,DOWN,2026-05-29 10:46,LONG,30342.75,30380.50,2026-05-29 10:47,STOP_HIT,2,13.00,5.00,0.213,false
FIXED_R65,2026-05-29,2026-05-29 11:01,UP,2026-05-29 11:46,SHORT,30434.25,30378.50,2026-05-29 11:47,STOP_HIT,2,22.00,10.50,0.107,false
FIXED_R65,2026-06-01,2026-05-31 14:00,DOWN,2026-05-31 14:10,LONG,30379.25,30386.00,2026-06-01 05:12,STOP_HIT,903,216.00,-37.75,0.266,true
FIXED_R65,2026-06-01,2026-05-31 14:03,UP,2026-05-31 14:24,SHORT,30427.25,30399.75,2026-05-31 14:25,STOP_HIT,2,6.25,-5.75,0.343,false
FIXED_R65,2026-06-02,2026-06-01 14:00,DOWN,2026-06-01 14:10,LONG,30481.50,30484.00,2026-06-01 14:11,STOP_HIT,2,3.00,-3.75,0.349,true
FIXED_R65,2026-06-02,2026-06-01 19:20,UP,2026-06-01 21:33,SHORT,30477.50,30395.50,2026-06-01 21:34,STOP_HIT,2,2.50,-8.50,0.098,true
FIXED_R65,2026-06-02,2026-06-02 05:30,DOWN,2026-06-02 05:40,LONG,30464.50,30485.25,2026-06-02 05:41,STOP_HIT,2,3.50,-0.25,0.021,false
FIXED_R65,2026-06-03,2026-06-02 15:25,UP,2026-06-02 16:25,SHORT,30681.50,30681.50,2026-06-02 16:27,STOP_HIT,3,4.50,-4.50,0.122,true
FIXED_R65,2026-06-03,2026-06-02 16:51,DOWN,2026-06-02 17:43,LONG,30662.25,30686.50,2026-06-02 17:44,STOP_HIT,2,5.75,4.50,0.005,false
FIXED_R65,2026-06-03,2026-06-02 17:46,UP,2026-06-02 20:05,SHORT,30717.25,30685.00,2026-06-02 20:06,STOP_HIT,2,0.75,-2.50,0.453,false
FIXED_R65,2026-06-03,2026-06-03 06:43,DOWN,2026-06-03 06:53,LONG,30681.00,30695.25,2026-06-03 06:54,STOP_HIT,2,18.00,3.75,0.135,false
FIXED_R65,2026-06-03,2026-06-03 06:59,UP,2026-06-03 07:12,SHORT,30695.50,30693.25,2026-06-03 12:59,TIME_EXPIRED,348,217.25,200.50,0.014,true
FIXED_R65,2026-06-03,2026-06-03 11:27,UP,2026-06-03 11:43,SHORT,30687.50,30657.75,2026-06-03 11:44,STOP_HIT,2,5.00,3.75,0.048,false
FIXED_R65,2026-06-04,2026-06-03 14:00,UP,2026-06-03 14:10,SHORT,30478.50,30471.00,2026-06-03 16:32,STOP_HIT,143,110.00,-10.00,0.200,false
FIXED_R65,2026-06-04,2026-06-03 14:02,DOWN,2026-06-03 14:17,LONG,30433.25,30463.75,2026-06-03 14:18,STOP_HIT,2,1.75,-0.75,0.279,false
FIXED_R65,2026-06-04,2026-06-03 14:51,UP,2026-06-03 15:02,SHORT,30446.00,30444.25,2026-06-03 16:06,STOP_HIT,65,75.25,1.50,0.058,true
FIXED_R65,2026-06-04,2026-06-03 14:57,DOWN,2026-06-03 15:12,LONG,30419.75,30442.00,2026-06-03 15:13,STOP_HIT,2,8.50,6.25,0.158,false
FIXED_R65,2026-06-04,2026-06-03 15:47,UP,2026-06-03 16:11,SHORT,30436.25,30431.00,2026-06-03 16:12,STOP_HIT,2,7.25,-9.50,0.172,true
FIXED_R65,2026-06-04,2026-06-03 17:12,DOWN,2026-06-03 18:23,LONG,30399.00,30442.50,2026-06-03 18:24,STOP_HIT,2,7.25,-2.25,0.025,true
FIXED_R65,2026-06-04,2026-06-03 18:16,UP,2026-06-03 20:26,SHORT,30493.50,30443.00,2026-06-03 20:27,STOP_HIT,2,2.25,-1.75,0.333,true
FIXED_R65,2026-06-04,2026-06-03 23:05,DOWN,2026-06-04 00:29,LONG,30356.00,30451.75,2026-06-04 00:30,STOP_HIT,2,46.00,42.75,0.050,true
FIXED_R65,2026-06-04,2026-06-04 06:07,UP,2026-06-04 06:44,SHORT,30317.75,30298.75,2026-06-04 06:45,STOP_HIT,2,20.25,11.75,0.062,false
FIXED_R65,2026-06-05,2026-06-04 14:00,DOWN,2026-06-04 14:24,LONG,30356.00,30384.25,2026-06-04 14:25,STOP_HIT,2,1.50,-23.25,0.382,false
FIXED_R65,2026-06-05,2026-06-04 17:26,UP,2026-06-04 19:24,SHORT,30206.75,30202.00,2026-06-04 19:25,STOP_HIT,2,2.75,-7.50,0.262,false
FIXED_R65,2026-06-05,2026-06-04 18:36,DOWN,2026-06-04 20:00,LONG,30163.25,30198.00,2026-06-04 20:01,STOP_HIT,2,8.75,5.50,0.304,false
FIXED_R65,2026-06-05,2026-06-04 19:54,UP,2026-06-04 21:13,SHORT,30196.50,30197.50,2026-06-04 21:14,STOP_HIT,2,1.50,-1.75,0.357,true
FIXED_R65,2026-06-05,2026-06-04 20:56,DOWN,2026-06-04 22:03,LONG,30185.00,30197.50,2026-06-04 22:04,STOP_HIT,2,8.75,7.00,0.073,true
FIXED_R65,2026-06-05,2026-06-05 00:30,DOWN,2026-06-05 00:54,LONG,30160.75,30184.25,2026-06-05 00:55,STOP_HIT,2,9.25,2.75,0.151,true
FIXED_R65,2026-06-05,2026-06-05 00:58,UP,2026-06-05 01:18,SHORT,30210.75,30184.00,2026-06-05 01:19,STOP_HIT,2,3.50,2.50,0.126,true
FIXED_R65,2026-06-05,2026-06-05 01:14,DOWN,2026-06-05 03:53,LONG,30160.25,30185.25,2026-06-05 03:54,STOP_HIT,2,7.75,3.75,0.072,false
FIXED_R65,2026-06-08,2026-06-07 14:02,DOWN,2026-06-07 14:12,LONG,28907.00,28898.75,2026-06-08 12:59,TIME_EXPIRED,1368,836.00,528.25,0.118,true
FIXED_R65,2026-06-08,2026-06-07 14:56,UP,2026-06-07 15:21,SHORT,28969.25,28964.50,2026-06-07 15:29,STOP_HIT,9,30.75,-9.75,0.164,true
FIXED_R65,2026-06-08,2026-06-07 22:30,DOWN,2026-06-07 22:40,LONG,29077.75,29112.00,2026-06-07 22:41,STOP_HIT,2,3.25,-2.75,0.044,false
FIXED_R65,2026-06-08,2026-06-07 22:50,UP,2026-06-07 23:16,SHORT,29135.75,29109.00,2026-06-07 23:17,STOP_HIT,2,2.75,-27.25,0.109,true
FIXED_R65,2026-06-09,2026-06-08 14:00,DOWN,2026-06-08 14:10,LONG,29386.50,29408.75,2026-06-08 14:11,STOP_HIT,2,5.00,-26.50,0.264,true
FIXED_R65,2026-06-09,2026-06-08 14:15,UP,2026-06-08 15:30,SHORT,29431.00,29383.75,2026-06-08 15:31,STOP_HIT,2,15.00,-6.00,0.101,false
FIXED_R65,2026-06-09,2026-06-08 15:40,DOWN,2026-06-08 16:08,LONG,29371.75,29408.00,2026-06-08 16:09,STOP_HIT,2,25.25,-25.00,0.154,true
FIXED_R65,2026-06-09,2026-06-08 16:56,UP,2026-06-08 17:25,SHORT,29454.00,29375.25,2026-06-08 17:26,STOP_HIT,2,11.25,5.75,0.092,true
FIXED_R65,2026-06-09,2026-06-09 11:48,UP,2026-06-09 11:58,SHORT,29096.25,29013.75,2026-06-09 11:59,STOP_HIT,2,9.25,-19.75,0.030,false
FIXED_R65,2026-06-10,2026-06-09 14:01,DOWN,2026-06-09 14:11,LONG,29071.50,29066.00,2026-06-09 14:31,STOP_HIT,21,46.50,-17.00,0.026,false
FIXED_R65,2026-06-10,2026-06-09 14:02,UP,2026-06-09 14:16,SHORT,29104.50,29070.50,2026-06-09 14:17,STOP_HIT,2,31.50,27.75,0.455,false
FIXED_R65,2026-06-10,2026-06-09 14:15,DOWN,2026-06-09 14:35,LONG,29049.75,29071.25,2026-06-09 14:36,STOP_HIT,2,3.25,-9.25,0.156,false
FIXED_R65,2026-06-10,2026-06-09 15:08,DOWN,2026-06-09 15:18,LONG,29029.00,29049.25,2026-06-09 15:19,STOP_HIT,2,3.00,-13.75,0.088,true
FIXED_R65,2026-06-10,2026-06-09 15:37,UP,2026-06-09 15:57,SHORT,29052.00,29039.50,2026-06-09 15:58,STOP_HIT,2,11.25,2.50,0.043,false
FIXED_R65,2026-06-10,2026-06-09 16:44,UP,2026-06-09 17:03,SHORT,29075.00,29055.25,2026-06-09 17:04,STOP_HIT,2,13.50,-17.50,0.277,false
FIXED_R65,2026-06-10,2026-06-09 17:30,UP,2026-06-09 17:40,SHORT,29069.50,29062.25,2026-06-10 05:45,STOP_HIT,726,459.50,-9.50,0.194,false
FIXED_R65,2026-06-10,2026-06-09 17:35,DOWN,2026-06-09 17:45,LONG,29027.50,29062.00,2026-06-09 17:46,STOP_HIT,2,20.75,10.50,0.263,false
FIXED_R65,2026-06-10,2026-06-10 04:40,UP,2026-06-10 04:50,SHORT,28942.25,28913.50,2026-06-10 05:37,STOP_HIT,48,169.75,-20.75,0.222,false
FIXED_R65,2026-06-10,2026-06-10 04:41,DOWN,2026-06-10 04:53,LONG,28875.00,28913.25,2026-06-10 04:54,STOP_HIT,2,33.00,20.75,0.086,false
FIXED_R65,2026-06-11,2026-06-10 14:00,DOWN,2026-06-10 14:10,LONG,28368.50,28393.75,2026-06-10 14:11,STOP_HIT,2,25.50,-0.25,0.622,false
FIXED_R65,2026-06-11,2026-06-10 14:12,UP,2026-06-10 14:31,SHORT,28435.75,28394.75,2026-06-10 14:32,STOP_HIT,2,5.50,-8.50,0.394,false
FIXED_R65,2026-06-11,2026-06-10 15:21,UP,2026-06-10 15:41,SHORT,28400.75,28381.00,2026-06-10 15:42,STOP_HIT,2,0.50,-33.75,0.029,false
FIXED_R65,2026-06-11,2026-06-10 15:42,DOWN,2026-06-10 16:10,LONG,28347.00,28382.25,2026-06-10 16:11,STOP_HIT,2,19.00,10.00,0.011,false
FIXED_R65,2026-06-12,2026-06-11 14:00,UP,2026-06-11 14:10,SHORT,29496.75,29491.25,2026-06-11 14:11,STOP_HIT,2,5.75,-6.25,0.125,false
FIXED_R65,2026-06-12,2026-06-11 15:27,UP,2026-06-11 15:37,SHORT,29544.00,29526.50,2026-06-11 15:38,STOP_HIT,2,3.25,1.00,0.143,true
FIXED_R65,2026-06-12,2026-06-11 16:36,DOWN,2026-06-11 17:30,LONG,29483.25,29550.00,2026-06-11 17:31,STOP_HIT,2,23.00,9.50,0.143,true
FIXED_R65,2026-06-12,2026-06-11 17:38,UP,2026-06-11 18:19,SHORT,29547.25,29548.25,2026-06-11 18:20,STOP_HIT,2,3.50,-17.25,0.370,true
FIXED_R65,2026-06-12,2026-06-11 18:00,DOWN,2026-06-11 18:42,LONG,29537.50,29546.50,2026-06-11 18:43,STOP_HIT,2,5.50,5.50,0.676,false
FIXED_R65,2026-06-12,2026-06-11 18:35,UP,2026-06-11 18:50,SHORT,29560.75,29546.75,2026-06-11 18:51,STOP_HIT,2,15.00,2.25,0.333,false
FIXED_R65,2026-06-12,2026-06-11 18:54,DOWN,2026-06-11 19:13,LONG,29518.50,29546.75,2026-06-11 19:14,STOP_HIT,2,7.75,5.50,0.549,false
FIXED_R65,2026-06-12,2026-06-12 00:22,DOWN,2026-06-12 00:43,LONG,29459.00,29516.50,2026-06-12 00:44,STOP_HIT,2,13.00,8.00,0.186,true
FIXED_R65,2026-06-12,2026-06-12 00:40,UP,2026-06-12 01:25,SHORT,29576.75,29516.25,2026-06-12 01:26,STOP_HIT,2,11.00,-17.75,0.074,false
FIXED_R65,2026-06-12,2026-06-12 03:55,DOWN,2026-06-12 04:47,LONG,29479.00,29532.25,2026-06-12 04:48,STOP_HIT,2,5.75,-14.50,0.214,true
FIXED_R65,2026-06-16,2026-06-15 14:01,DOWN,2026-06-15 14:13,LONG,30795.50,30840.00,2026-06-15 14:14,STOP_HIT,2,6.00,2.25,0.209,false
FIXED_R65,2026-06-16,2026-06-15 14:28,UP,2026-06-15 15:26,SHORT,30816.00,30799.25,2026-06-15 15:27,STOP_HIT,2,4.75,-7.50,0.036,false
FIXED_R65,2026-06-16,2026-06-15 16:31,DOWN,2026-06-15 16:50,LONG,30788.25,30812.50,2026-06-15 16:51,STOP_HIT,2,2.25,-10.25,0.339,false
FIXED_R65,2026-06-16,2026-06-16 03:20,DOWN,2026-06-16 05:32,LONG,30784.00,30830.50,2026-06-16 05:33,STOP_HIT,2,22.25,-18.50,0.118,false
FIXED_R65,2026-06-16,2026-06-16 05:34,UP,2026-06-16 05:44,SHORT,30846.25,30828.50,2026-06-16 05:47,STOP_HIT,4,39.50,-24.75,0.088,true
FIXED_R65,2026-06-16,2026-06-16 05:55,DOWN,2026-06-16 06:05,LONG,30831.00,30830.50,2026-06-16 06:06,STOP_HIT,2,6.25,-15.75,0.189,true
FIXED_R65,2026-06-16,2026-06-16 06:03,UP,2026-06-16 06:13,SHORT,30834.50,30831.25,2026-06-16 12:59,TIME_EXPIRED,407,562.25,534.00,0.091,false
FIXED_R65,2026-06-16,2026-06-16 06:08,DOWN,2026-06-16 06:18,LONG,30779.50,30830.25,2026-06-16 06:19,STOP_HIT,2,16.75,-39.25,0.031,true
FIXED_R65,2026-06-17,2026-06-16 14:00,UP,2026-06-16 14:11,SHORT,30367.50,30351.50,2026-06-16 14:12,STOP_HIT,2,3.75,1.25,0.407,false
FIXED_R65,2026-06-17,2026-06-16 15:50,UP,2026-06-16 16:12,SHORT,30371.00,30357.25,2026-06-16 16:13,STOP_HIT,2,7.25,-1.25,0.261,false
FIXED_R65,2026-06-17,2026-06-17 02:07,UP,2026-06-17 02:45,SHORT,30485.00,30457.00,2026-06-17 02:46,STOP_HIT,2,3.75,3.25,0.519,false
FIXED_R65,2026-06-17,2026-06-17 02:51,DOWN,2026-06-17 03:49,LONG,30423.25,30460.25,2026-06-17 03:50,STOP_HIT,2,6.25,0.75,0.291,false
FIXED_R65,2026-06-17,2026-06-17 03:57,UP,2026-06-17 04:30,SHORT,30464.00,30455.75,2026-06-17 04:31,STOP_HIT,2,2.25,-28.75,0.410,true
FIXED_R65,2026-06-17,2026-06-17 05:29,DOWN,2026-06-17 05:39,LONG,30408.25,30464.75,2026-06-17 05:40,STOP_HIT,2,36.75,33.00,0.155,false
FIXED_R65,2026-06-17,2026-06-17 05:45,DOWN,2026-06-17 05:57,LONG,30413.00,30466.00,2026-06-17 05:58,STOP_HIT,2,2.75,-45.00,0.159,false
FIXED_R65,2026-06-17,2026-06-17 06:10,UP,2026-06-17 06:22,SHORT,30479.50,30454.00,2026-06-17 06:23,STOP_HIT,2,2.50,-42.25,0.014,true
FIXED_R65,2026-06-17,2026-06-17 06:24,DOWN,2026-06-17 06:43,LONG,30426.00,30456.50,2026-06-17 06:44,STOP_HIT,2,22.25,7.50,0.107,true
FIXED_R65,2026-06-17,2026-06-17 07:25,UP,2026-06-17 08:27,SHORT,30461.75,30442.75,2026-06-17 08:28,STOP_HIT,2,7.00,1.75,0.257,false
FIXED_R65,2026-06-17,2026-06-17 08:02,DOWN,2026-06-17 08:46,LONG,30414.75,30442.75,2026-06-17 08:47,STOP_HIT,2,7.50,-0.50,0.167,false
FIXED_R65,2026-06-17,2026-06-17 10:47,DOWN,2026-06-17 10:58,LONG,30298.50,30423.50,2026-06-17 10:59,STOP_HIT,2,18.50,-23.75,0.084,false
FIXED_R65,2026-06-19,2026-06-18 14:00,DOWN,2026-06-18 14:20,LONG,30694.50,30731.25,2026-06-18 14:21,STOP_HIT,2,3.25,-6.25,0.240,false
FIXED_R65,2026-06-19,2026-06-19 01:00,DOWN,2026-06-19 03:16,LONG,30570.00,30598.25,2026-06-19 03:17,STOP_HIT,2,1.75,-1.00,0.568,true
FIXED_R65,2026-06-19,2026-06-19 04:37,UP,2026-06-19 04:55,SHORT,30636.50,30591.50,2026-06-19 04:56,STOP_HIT,2,9.00,-27.75,0.054,false
FIXED_R65,2026-06-22,2026-06-21 15:59,UP,2026-06-21 16:14,SHORT,30482.25,30481.50,2026-06-21 16:17,STOP_HIT,4,7.25,-12.25,0.013,true
FIXED_R65,2026-06-22,2026-06-21 19:31,DOWN,2026-06-21 20:47,LONG,30562.75,30554.75,2026-06-22 08:02,STOP_HIT,676,405.25,-34.00,0.286,true
FIXED_R65,2026-06-22,2026-06-22 11:08,UP,2026-06-22 12:22,SHORT,30662.25,30640.25,2026-06-22 12:23,STOP_HIT,2,3.75,1.75,0.262,true
FIXED_R65,2026-06-23,2026-06-22 14:02,DOWN,2026-06-22 14:30,LONG,30640.00,30665.25,2026-06-22 14:31,STOP_HIT,2,4.25,-19.00,0.051,false
FIXED_R65,2026-06-23,2026-06-22 16:24,UP,2026-06-22 17:04,SHORT,30608.25,30575.75,2026-06-22 17:05,STOP_HIT,2,9.50,-0.25,0.327,false
FIXED_R65,2026-06-23,2026-06-22 16:45,DOWN,2026-06-22 17:46,LONG,30460.50,30570.75,2026-06-22 17:47,STOP_HIT,2,3.25,-3.50,0.244,false
FIXED_R65,2026-06-23,2026-06-23 08:20,UP,2026-06-23 08:30,SHORT,29877.25,29876.50,2026-06-23 08:41,STOP_HIT,12,39.50,-19.75,0.053,true
FIXED_R65,2026-06-23,2026-06-23 08:24,DOWN,2026-06-23 08:35,LONG,29848.50,29875.75,2026-06-23 08:36,STOP_HIT,2,20.75,12.50,0.268,false
FIXED_R65,2026-06-23,2026-06-23 08:34,UP,2026-06-23 08:46,SHORT,29887.75,29875.75,2026-06-23 09:28,STOP_HIT,43,96.00,6.75,0.027,true
FIXED_R65,2026-06-24,2026-06-23 17:54,DOWN,2026-06-23 18:51,LONG,29673.75,29785.00,2026-06-23 18:52,STOP_HIT,2,10.75,1.50,0.206,false
FIXED_R65,2026-06-24,2026-06-23 20:22,UP,2026-06-23 21:00,SHORT,29784.50,29757.75,2026-06-23 21:01,STOP_HIT,2,4.50,-5.75,0.077,true
FIXED_R65,2026-06-24,2026-06-23 23:47,DOWN,2026-06-24 00:01,LONG,29768.75,29783.25,2026-06-24 01:41,STOP_HIT,101,97.50,7.75,0.100,true
FIXED_R65,2026-06-24,2026-06-24 01:45,UP,2026-06-24 02:18,SHORT,29818.25,29791.50,2026-06-24 02:19,STOP_HIT,2,13.75,10.75,0.351,false
FIXED_R65,2026-06-24,2026-06-24 02:44,DOWN,2026-06-24 03:12,LONG,29781.50,29794.25,2026-06-24 03:13,STOP_HIT,2,0.25,-6.00,0.033,true
FIXED_R65,2026-06-24,2026-06-24 03:20,UP,2026-06-24 03:48,SHORT,29803.00,29793.00,2026-06-24 03:49,STOP_HIT,2,0.25,-46.25,0.219,false
FIXED_R65,2026-06-24,2026-06-24 04:20,DOWN,2026-06-24 05:01,LONG,29756.25,29797.25,2026-06-24 05:02,STOP_HIT,2,22.75,21.00,0.045,true
FIXED_R65,2026-06-24,2026-06-24 07:30,DOWN,2026-06-24 07:48,LONG,29717.50,29758.25,2026-06-24 07:59,STOP_HIT,12,92.50,38.50,0.083,false
FIXED_R65,2026-06-24,2026-06-24 07:53,DOWN,2026-06-24 08:08,LONG,29762.25,29759.75,2026-06-24 08:26,STOP_HIT,19,44.00,-10.00,0.135,true
FIXED_R65,2026-06-24,2026-06-24 08:11,DOWN,2026-06-24 08:35,LONG,29713.25,29760.25,2026-06-24 08:36,STOP_HIT,2,22.00,-29.00,0.006,false
FIXED_R65,2026-06-25,2026-06-24 14:01,DOWN,2026-06-24 14:12,LONG,30094.75,30100.25,2026-06-24 14:14,STOP_HIT,3,12.25,-21.25,0.175,true
FIXED_R65,2026-06-25,2026-06-24 14:57,UP,2026-06-24 15:39,SHORT,30109.75,30072.75,2026-06-24 15:40,STOP_HIT,2,11.00,3.25,0.069,false
FIXED_R65,2026-06-25,2026-06-24 15:46,DOWN,2026-06-24 16:24,LONG,30079.25,30075.75,2026-06-24 16:25,STOP_HIT,2,0.75,-43.25,0.378,true
FIXED_R65,2026-06-25,2026-06-24 18:16,UP,2026-06-24 22:58,SHORT,30104.25,30056.50,2026-06-24 22:59,STOP_HIT,2,2.50,-1.00,0.115,false
FIXED_R65,2026-06-25,2026-06-25 07:46,DOWN,2026-06-25 07:59,LONG,29671.25,29688.25,2026-06-25 08:00,STOP_HIT,2,4.25,0.00,0.150,false
FIXED_R65,2026-06-25,2026-06-25 08:56,UP,2026-06-25 09:11,SHORT,29744.00,29696.75,2026-06-25 09:12,STOP_HIT,2,14.50,-4.00,0.232,false
FIXED_R65,2026-06-25,2026-06-25 09:41,DOWN,2026-06-25 09:51,LONG,29700.25,29705.50,2026-06-25 10:03,STOP_HIT,13,103.75,-17.00,0.198,true
FIXED_R65,2026-06-25,2026-06-25 10:52,DOWN,2026-06-25 11:10,LONG,29706.75,29732.00,2026-06-25 11:11,STOP_HIT,2,7.75,-10.75,0.048,false
FIXED_R65,2026-06-26,2026-06-25 14:00,DOWN,2026-06-25 14:10,LONG,29667.25,29705.25,2026-06-25 14:11,STOP_HIT,2,0.25,-29.00,0.063,false
FIXED_R65,2026-06-26,2026-06-25 14:30,UP,2026-06-25 14:53,SHORT,29669.00,29654.25,2026-06-25 14:54,STOP_HIT,2,2.75,-15.00,0.500,false
FIXED_R65,2026-06-26,2026-06-25 15:56,UP,2026-06-25 16:06,SHORT,29752.00,29710.25,2026-06-25 16:07,STOP_HIT,2,9.00,-7.75,0.126,false
FIXED_R65,2026-06-26,2026-06-25 16:09,DOWN,2026-06-25 16:32,LONG,29687.25,29718.25,2026-06-25 16:33,STOP_HIT,2,16.50,-22.75,0.066,false
FIXED_R65,2026-06-26,2026-06-25 23:32,DOWN,2026-06-26 01:16,LONG,29400.00,29471.00,2026-06-26 01:17,STOP_HIT,2,3.50,-1.75,0.296,true
FIXED_R65,2026-06-26,2026-06-26 09:30,DOWN,2026-06-26 11:00,LONG,29417.00,29509.50,2026-06-26 11:01,STOP_HIT,2,24.50,13.25,0.056,true
FIXED_R65,2026-06-29,2026-06-28 14:01,UP,2026-06-28 14:16,SHORT,29534.75,29486.75,2026-06-28 14:17,STOP_HIT,2,8.00,-20.00,0.093,false
FIXED_R65,2026-06-29,2026-06-28 17:30,UP,2026-06-28 17:44,SHORT,29543.75,29505.25,2026-06-28 17:45,STOP_HIT,2,29.25,20.25,0.039,true
FIXED_R65,2026-06-29,2026-06-28 17:42,DOWN,2026-06-28 18:16,LONG,29414.00,29504.75,2026-06-28 18:17,STOP_HIT,2,14.25,10.25,0.173,true
FIXED_R65,2026-06-29,2026-06-28 18:15,UP,2026-06-28 18:53,SHORT,29521.25,29505.25,2026-06-28 18:54,STOP_HIT,2,8.75,4.25,0.733,true
FIXED_R65,2026-06-29,2026-06-28 19:38,UP,2026-06-28 19:50,SHORT,29555.50,29510.50,2026-06-28 19:51,STOP_HIT,2,2.50,-30.25,0.074,false
FIXED_R65,2026-06-29,2026-06-28 21:05,UP,2026-06-28 21:27,SHORT,29534.75,29518.50,2026-06-28 21:28,STOP_HIT,2,12.25,7.25,0.292,true
FIXED_R65,2026-06-29,2026-06-29 06:38,DOWN,2026-06-29 06:48,LONG,29511.25,29589.00,2026-06-29 06:49,STOP_HIT,2,73.00,58.25,0.012,false
FIXED_R65,2026-06-30,2026-06-29 14:02,UP,2026-06-29 14:21,SHORT,30028.50,30005.50,2026-06-29 14:22,STOP_HIT,2,2.25,-4.00,0.029,false
FIXED_R65,2026-06-30,2026-06-29 16:17,DOWN,2026-06-29 16:31,LONG,29971.00,30026.25,2026-06-29 16:32,STOP_HIT,2,5.50,-8.75,0.136,false
FIXED_R65,2026-06-30,2026-06-29 17:13,UP,2026-06-29 17:32,SHORT,30066.75,30009.50,2026-06-29 17:33,STOP_HIT,2,7.25,4.25,0.256,true
FIXED_R65,2026-06-30,2026-06-30 00:30,DOWN,2026-06-30 00:41,LONG,30036.00,30065.50,2026-06-30 00:42,STOP_HIT,2,16.50,8.25,0.055,false
FIXED_R65,2026-06-30,2026-06-30 00:40,UP,2026-06-30 01:18,SHORT,30081.50,30065.00,2026-06-30 01:19,STOP_HIT,2,5.75,0.00,0.053,false
FIXED_R65,2026-06-30,2026-06-30 03:51,DOWN,2026-06-30 04:34,LONG,30018.75,30084.50,2026-06-30 04:35,STOP_HIT,2,9.75,5.75,0.313,true
FIXED_R65,2026-07-01,2026-06-30 16:00,DOWN,2026-06-30 17:11,LONG,30492.00,30525.50,2026-06-30 17:12,STOP_HIT,2,3.75,-12.50,0.125,false
FIXED_R65,2026-07-01,2026-07-01 06:12,DOWN,2026-07-01 06:22,LONG,30296.25,30288.50,2026-07-01 06:29,STOP_HIT,8,17.25,-11.50,0.082,true
FIXED_R65,2026-07-01,2026-07-01 07:09,UP,2026-07-01 07:20,SHORT,30298.50,30265.00,2026-07-01 07:21,STOP_HIT,2,0.00,-13.50,0.043,true
FIXED_R65,2026-07-01,2026-07-01 07:31,DOWN,2026-07-01 08:04,LONG,30256.50,30271.75,2026-07-01 08:05,STOP_HIT,2,5.75,-15.75,0.053,false
FIXED_R65,2026-07-02,2026-07-01 14:17,UP,2026-07-01 14:59,SHORT,30109.50,30092.75,2026-07-01 15:00,STOP_HIT,2,13.25,13.25,0.076,true
FIXED_R65,2026-07-02,2026-07-01 16:36,DOWN,2026-07-01 16:46,LONG,30012.75,30056.25,2026-07-01 16:47,STOP_HIT,2,20.25,8.00,0.061,false
FIXED_R65,2026-07-02,2026-07-01 16:45,UP,2026-07-01 16:55,SHORT,30095.50,30055.75,2026-07-01 16:56,STOP_HIT,2,2.25,-14.00,0.038,true
FIXED_R65,2026-07-02,2026-07-01 20:49,UP,2026-07-01 21:01,SHORT,30097.75,30105.00,2026-07-01 21:02,STOP_HIT,2,3.50,-10.00,0.059,true
FIXED_R65,2026-07-02,2026-07-01 21:15,DOWN,2026-07-01 21:41,LONG,30058.00,30107.50,2026-07-01 21:42,STOP_HIT,2,16.25,-7.50,0.083,false
FIXED_R65,2026-07-03,2026-07-02 14:56,DOWN,2026-07-02 15:14,LONG,29557.75,29588.75,2026-07-02 15:15,STOP_HIT,2,9.00,7.25,0.375,false
FIXED_R65,2026-07-03,2026-07-02 15:19,UP,2026-07-02 15:35,SHORT,29613.75,29588.50,2026-07-02 15:36,STOP_HIT,2,9.75,8.75,0.023,true
FIXED_R65,2026-07-03,2026-07-02 16:00,DOWN,2026-07-02 16:10,LONG,29552.25,29589.25,2026-07-02 16:11,STOP_HIT,2,13.75,8.75,0.355,false
FIXED_R65,2026-07-03,2026-07-02 16:10,UP,2026-07-02 16:20,SHORT,29591.75,29589.00,2026-07-02 16:21,STOP_HIT,2,10.75,1.75,0.390,false
FIXED_R65,2026-07-03,2026-07-02 16:15,DOWN,2026-07-02 16:31,LONG,29539.75,29588.00,2026-07-02 16:32,STOP_HIT,2,23.50,7.75,0.249,false
FIXED_R65,2026-07-06,2026-07-05 14:00,DOWN,2026-07-05 14:10,LONG,29881.75,29905.50,2026-07-05 14:11,STOP_HIT,2,8.75,6.75,0.192,true
FIXED_R65,2026-07-06,2026-07-05 14:05,UP,2026-07-05 14:37,SHORT,29959.75,29917.50,2026-07-05 14:38,STOP_HIT,2,1.00,-5.50,0.143,false
FIXED_R65,2026-07-06,2026-07-05 16:02,UP,2026-07-05 16:15,SHORT,29982.50,29951.75,2026-07-05 16:16,STOP_HIT,2,4.25,-15.00,0.235,false
FIXED_R65,2026-07-06,2026-07-05 21:34,UP,2026-07-05 23:25,SHORT,29836.50,29830.50,2026-07-05 23:32,STOP_HIT,8,20.25,-6.50,0.108,false
FIXED_R65,2026-07-06,2026-07-06 00:16,UP,2026-07-06 01:02,SHORT,29868.75,29833.50,2026-07-06 01:03,STOP_HIT,2,11.75,6.75,0.288,false
FIXED_R65,2026-07-06,2026-07-06 05:00,DOWN,2026-07-06 05:23,LONG,29845.50,29860.50,2026-07-06 05:24,STOP_HIT,2,4.50,-7.50,0.097,true
FIXED_R65,2026-07-06,2026-07-06 09:42,UP,2026-07-06 10:42,SHORT,29975.25,29954.75,2026-07-06 10:43,STOP_HIT,2,2.50,-6.50,0.028,false
FIXED_R65,2026-07-06,2026-07-06 11:24,DOWN,2026-07-06 12:03,LONG,29960.00,29964.25,2026-07-06 12:04,STOP_HIT,2,4.75,-11.25,0.117,true
FIXED_R65,2026-07-07,2026-07-06 14:21,DOWN,2026-07-06 14:54,LONG,29907.00,29953.75,2026-07-06 14:55,STOP_HIT,2,3.75,-12.25,0.453,false
FIXED_R65,2026-07-07,2026-07-07 04:10,DOWN,2026-07-07 04:49,LONG,29638.25,29688.50,2026-07-07 04:50,STOP_HIT,2,9.50,4.50,0.273,false
FIXED_R65,2026-07-07,2026-07-07 09:08,DOWN,2026-07-07 11:13,LONG,29326.00,29519.00,2026-07-07 11:14,STOP_HIT,2,23.00,7.75,0.103,true
FIXED_R65,2026-07-08,2026-07-07 14:00,UP,2026-07-07 14:18,SHORT,29380.75,29363.75,2026-07-07 14:19,STOP_HIT,2,6.25,2.50,0.127,false
FIXED_R65,2026-07-08,2026-07-07 16:00,UP,2026-07-07 16:16,SHORT,29421.75,29370.75,2026-07-07 16:17,STOP_HIT,2,26.75,23.50,0.050,false
FIXED_R65,2026-07-08,2026-07-07 18:12,UP,2026-07-07 18:27,SHORT,29453.75,29418.50,2026-07-07 18:28,STOP_HIT,2,22.00,21.25,0.046,false
FIXED_R65,2026-07-08,2026-07-07 19:31,DOWN,2026-07-07 21:03,LONG,29408.75,29434.75,2026-07-07 21:04,STOP_HIT,2,15.50,5.75,0.204,false
FIXED_R65,2026-07-09,2026-07-08 15:20,UP,2026-07-08 15:36,SHORT,29482.75,29426.00,2026-07-08 15:37,STOP_HIT,2,31.00,27.75,0.401,false
FIXED_R65,2026-07-09,2026-07-08 17:20,DOWN,2026-07-08 17:57,LONG,29453.50,29511.00,2026-07-08 17:58,STOP_HIT,2,9.75,-5.25,0.293,false
FIXED_R65,2026-07-09,2026-07-08 18:02,UP,2026-07-08 18:17,SHORT,29529.75,29504.00,2026-07-08 18:18,STOP_HIT,2,12.50,-14.50,0.349,true
FIXED_R65,2026-07-09,2026-07-08 18:21,DOWN,2026-07-08 18:49,LONG,29451.00,29508.00,2026-07-08 18:50,STOP_HIT,2,6.50,-7.50,0.145,false
FIXED_R65,2026-07-09,2026-07-08 19:19,UP,2026-07-08 20:02,SHORT,29515.00,29495.25,2026-07-08 20:03,STOP_HIT,2,15.00,7.25,0.087,false
FIXED_R65,2026-07-10,2026-07-09 15:26,DOWN,2026-07-09 16:03,LONG,29905.00,29935.25,2026-07-09 16:04,STOP_HIT,2,7.75,2.25,0.070,false
FIXED_R65,2026-07-10,2026-07-09 17:51,DOWN,2026-07-09 18:23,LONG,29857.75,29880.50,2026-07-09 18:24,STOP_HIT,2,11.50,11.50,0.197,false
FIXED_R65,2026-07-10,2026-07-09 19:07,DOWN,2026-07-09 22:03,LONG,29850.25,29889.00,2026-07-09 22:04,STOP_HIT,2,3.50,3.50,0.171,false
FIXED_R65,2026-07-10,2026-07-10 03:16,DOWN,2026-07-10 03:35,LONG,29836.75,29855.50,2026-07-10 03:36,STOP_HIT,2,3.50,-10.00,0.047,false
FIXED_R65,2026-07-10,2026-07-10 05:04,UP,2026-07-10 05:33,SHORT,29912.75,29843.75,2026-07-10 05:34,STOP_HIT,2,19.25,10.00,0.129,false
FIXED_R65,2026-07-10,2026-07-10 07:05,UP,2026-07-10 07:17,SHORT,29939.75,29872.00,2026-07-10 07:18,STOP_HIT,2,19.50,9.75,0.033,false
FIXED_R65,2026-07-10,2026-07-10 07:42,UP,2026-07-10 07:52,SHORT,29907.00,29876.75,2026-07-10 07:53,STOP_HIT,2,1.25,-19.75,0.042,false
FIXED_R65,2026-07-13,2026-07-12 14:01,DOWN,2026-07-12 14:15,LONG,29866.25,29910.25,2026-07-12 14:16,STOP_HIT,2,21.50,11.75,0.183,false
FIXED_R65,2026-07-13,2026-07-12 15:47,UP,2026-07-12 16:04,SHORT,29957.75,29891.00,2026-07-12 16:05,STOP_HIT,2,1.25,-7.75,0.085,false
FIXED_R65,2026-07-13,2026-07-12 16:10,DOWN,2026-07-12 17:04,LONG,29840.00,29894.00,2026-07-12 17:05,STOP_HIT,2,0.00,-20.00,0.122,true
FIXED_R65,2026-07-13,2026-07-13 03:06,DOWN,2026-07-13 04:05,LONG,29728.75,29756.50,2026-07-13 04:06,STOP_HIT,2,6.75,-0.75,0.096,true
FIXED_R65,2026-07-13,2026-07-13 06:30,DOWN,2026-07-13 06:47,LONG,29643.00,29670.75,2026-07-13 06:48,STOP_HIT,2,33.00,26.00,0.107,true
FIXED_R65,2026-07-13,2026-07-13 07:24,DOWN,2026-07-13 07:49,LONG,29623.25,29677.50,2026-07-13 07:50,STOP_HIT,2,18.50,-1.50,0.223,false
FIXED_R65,2026-07-14,2026-07-13 14:00,DOWN,2026-07-13 14:55,LONG,29412.25,29449.25,2026-07-13 14:56,STOP_HIT,2,0.00,-16.25,0.185,false
FIXED_R65,2026-07-14,2026-07-13 15:45,UP,2026-07-13 16:03,SHORT,29405.00,29395.50,2026-07-13 16:11,STOP_HIT,9,79.25,-21.00,0.092,true
FIXED_R65,2026-07-14,2026-07-13 18:35,UP,2026-07-13 18:49,SHORT,29432.50,29436.00,2026-07-13 20:28,STOP_HIT,100,129.00,-17.00,0.481,true
FIXED_R65,2026-07-14,2026-07-13 18:44,DOWN,2026-07-13 18:54,LONG,29394.00,29435.00,2026-07-13 18:55,STOP_HIT,2,4.75,2.75,0.098,false
FIXED_R65,2026-07-14,2026-07-13 20:12,UP,2026-07-13 20:28,SHORT,29447.50,29419.00,2026-07-13 20:29,STOP_HIT,2,4.00,-2.50,0.398,false
FIXED_R65,2026-07-15,2026-07-14 14:11,UP,2026-07-14 15:26,SHORT,29852.25,29782.00,2026-07-14 15:27,STOP_HIT,2,17.25,5.75,0.315,false
FIXED_R65,2026-07-15,2026-07-14 23:27,UP,2026-07-14 23:49,SHORT,29997.25,29961.50,2026-07-14 23:50,STOP_HIT,2,7.00,-5.25,0.248,false
FIXED_R65,2026-07-15,2026-07-14 23:53,DOWN,2026-07-15 00:05,LONG,29933.00,29962.75,2026-07-15 00:06,STOP_HIT,2,2.50,-3.50,0.184,false
FIXED_R65,2026-07-15,2026-07-15 04:25,UP,2026-07-15 04:35,SHORT,29941.75,29933.25,2026-07-15 04:36,STOP_HIT,2,3.25,-4.00,0.009,true
FIXED_R65,2026-07-15,2026-07-15 05:07,DOWN,2026-07-15 05:32,LONG,29941.75,29945.25,2026-07-15 05:33,STOP_HIT,2,9.00,-10.50,0.063,false
FIXED_R65,2026-07-15,2026-07-15 10:23,DOWN,2026-07-15 10:47,LONG,29641.50,29702.25,2026-07-15 10:48,STOP_HIT,2,17.50,11.50,0.248,false
FIXED_R65,2026-07-16,2026-07-15 14:06,DOWN,2026-07-15 14:50,LONG,29682.00,29716.00,2026-07-15 14:51,STOP_HIT,2,12.25,4.50,0.410,false
FIXED_R65,2026-07-16,2026-07-15 14:55,UP,2026-07-15 16:03,SHORT,29737.50,29712.00,2026-07-15 16:04,STOP_HIT,2,15.50,-4.00,0.294,false
FIXED_R65,2026-07-16,2026-07-15 18:03,UP,2026-07-15 18:43,SHORT,29685.00,29685.50,2026-07-15 18:46,STOP_HIT,4,15.00,-5.75,0.000,false
FIXED_R65,2026-07-16,2026-07-15 21:30,DOWN,2026-07-15 21:52,LONG,29686.75,29700.50,2026-07-15 21:53,STOP_HIT,2,3.25,1.00,0.375,true
FIXED_R65,2026-07-16,2026-07-15 22:17,DOWN,2026-07-15 22:31,LONG,29689.75,29702.25,2026-07-15 22:32,STOP_HIT,2,2.50,-3.50,0.171,false
FIXED_R65,2026-07-16,2026-07-16 06:22,UP,2026-07-16 06:38,SHORT,29490.50,29465.75,2026-07-16 12:59,TIME_EXPIRED,382,412.00,311.50,0.242,false
FIXED_R65,2026-07-16,2026-07-16 06:37,DOWN,2026-07-16 06:47,LONG,29458.25,29464.75,2026-07-16 06:48,STOP_HIT,2,20.75,-3.25,0.117,false
FIXED_R65,2026-07-17,2026-07-16 14:04,DOWN,2026-07-16 14:33,LONG,29156.75,29171.75,2026-07-16 14:34,STOP_HIT,2,2.50,-14.50,0.395,true
FIXED_R65,2026-07-17,2026-07-17 02:41,DOWN,2026-07-17 03:05,LONG,28761.50,28804.75,2026-07-17 03:06,STOP_HIT,2,20.25,9.25,0.140,false
FIXED_R65,2026-07-17,2026-07-17 06:47,DOWN,2026-07-17 07:03,LONG,28716.50,28760.00,2026-07-17 07:04,STOP_HIT,2,5.50,-26.50,0.034,true
FIXED_R65,2026-07-17,2026-07-17 07:24,UP,2026-07-17 07:35,SHORT,28753.75,28748.75,2026-07-17 07:36,STOP_HIT,2,28.75,-23.50,0.069,true
FIXED_R65,2026-07-17,2026-07-17 10:55,DOWN,2026-07-17 11:20,LONG,28767.25,28808.25,2026-07-17 11:21,STOP_HIT,2,0.50,-13.50,0.017,true
FIXED_R65,2026-07-17,2026-07-17 11:30,DOWN,2026-07-17 11:40,LONG,28767.75,28806.75,2026-07-17 11:41,STOP_HIT,2,28.00,23.75,0.101,false
FIXED_R65,2026-07-17,2026-07-17 11:40,UP,2026-07-17 11:51,SHORT,28820.00,28806.25,2026-07-17 11:52,STOP_HIT,2,3.25,-8.00,0.014,true
FIXED_R65,2026-07-17,2026-07-17 11:51,DOWN,2026-07-17 12:03,LONG,28740.50,28806.75,2026-07-17 12:04,STOP_HIT,2,1.00,-12.00,0.057,false
FIXED_R65,2026-07-20,2026-07-19 14:01,DOWN,2026-07-19 14:11,LONG,28720.00,28746.50,2026-07-19 14:12,STOP_HIT,2,12.00,0.25,0.252,false
FIXED_R65,2026-07-20,2026-07-19 14:14,UP,2026-07-19 14:32,SHORT,28766.25,28764.00,2026-07-19 14:33,STOP_HIT,2,8.50,-54.00,0.143,true
FIXED_R65,2026-07-20,2026-07-19 17:10,DOWN,2026-07-19 17:42,LONG,28816.75,28837.00,2026-07-19 17:43,STOP_HIT,2,1.00,-31.75,0.080,true
FIXED_R65,2026-07-20,2026-07-19 17:56,UP,2026-07-19 18:06,SHORT,28875.00,28832.00,2026-07-19 18:07,STOP_HIT,2,9.00,0.75,0.008,false
FIXED_R65,2026-07-20,2026-07-19 18:06,DOWN,2026-07-19 18:24,LONG,28798.00,28832.50,2026-07-19 18:25,STOP_HIT,2,15.75,4.25,0.019,true
FIXED_R65,2026-07-20,2026-07-19 20:51,DOWN,2026-07-19 21:14,LONG,28856.00,28859.25,2026-07-19 21:16,STOP_HIT,3,13.00,-5.50,0.355,true
FIXED_R65,2026-07-20,2026-07-19 22:35,UP,2026-07-20 00:00,SHORT,28908.25,28850.50,2026-07-20 00:01,STOP_HIT,2,2.75,-9.25,0.051,false
FIXED_R65,2026-07-20,2026-07-20 06:04,DOWN,2026-07-20 06:14,LONG,28967.50,28992.25,2026-07-20 06:17,STOP_HIT,4,38.00,-15.25,0.032,true
FIXED_R65,2026-07-20,2026-07-20 06:30,DOWN,2026-07-20 06:46,LONG,28974.25,28987.50,2026-07-20 06:48,STOP_HIT,3,30.00,-32.25,0.002,true
FIXED_R65,2026-07-20,2026-07-20 07:05,UP,2026-07-20 07:30,SHORT,29015.75,28975.00,2026-07-20 07:31,STOP_HIT,2,1.25,-12.50,0.156,false
FIXED_R65,2026-07-20,2026-07-20 08:41,DOWN,2026-07-20 09:04,LONG,28969.00,28994.25,2026-07-20 09:05,STOP_HIT,2,3.00,-15.00,0.024,false
FIXED_R65,2026-07-21,2026-07-20 14:00,DOWN,2026-07-20 14:10,LONG,28728.75,28733.50,2026-07-20 14:11,STOP_HIT,2,8.00,-2.00,0.234,true
FIXED_R65,2026-07-21,2026-07-20 14:34,UP,2026-07-20 15:09,SHORT,28765.75,28724.00,2026-07-20 15:10,STOP_HIT,2,2.75,-10.75,0.099,false
FIXED_R65,2026-07-21,2026-07-20 15:45,DOWN,2026-07-20 16:16,LONG,28721.50,28748.75,2026-07-21 12:59,TIME_EXPIRED,1244,643.25,568.25,0.072,false
FIXED_R65,2026-07-21,2026-07-20 16:07,UP,2026-07-20 16:27,SHORT,28804.00,28758.25,2026-07-20 16:28,STOP_HIT,2,0.00,-15.75,0.318,false
FIXED_R65,2026-07-22,2026-07-21 14:48,UP,2026-07-21 16:03,SHORT,29317.75,29286.75,2026-07-21 16:04,STOP_HIT,2,5.25,-4.50,0.066,false
FIXED_R65,2026-07-22,2026-07-21 16:11,DOWN,2026-07-21 16:47,LONG,29267.50,29291.50,2026-07-21 16:48,STOP_HIT,2,6.25,3.00,0.186,false
FIXED_R65,2026-07-22,2026-07-21 17:31,UP,2026-07-21 17:59,SHORT,29281.50,29283.25,2026-07-22 07:06,STOP_HIT,788,329.50,-10.25,0.206,true
FIXED_R65,2026-07-22,2026-07-22 04:56,UP,2026-07-22 05:42,SHORT,29158.00,29129.25,2026-07-22 05:43,STOP_HIT,2,4.00,-20.00,0.052,false
FIXED_R65,2026-07-23,2026-07-22 14:00,DOWN,2026-07-22 14:10,LONG,29066.50,29089.00,2026-07-22 14:11,STOP_HIT,2,16.25,6.25,0.027,true
FIXED_R65,2026-07-23,2026-07-22 15:04,UP,2026-07-22 15:59,SHORT,29136.50,29079.00,2026-07-22 16:00,STOP_HIT,2,4.00,-16.00,0.126,true
FIXED_R65,2026-07-23,2026-07-22 20:35,DOWN,2026-07-22 21:13,LONG,29110.00,29122.00,2026-07-22 21:14,STOP_HIT,2,8.75,8.75,0.115,false
FIXED_R65,2026-07-23,2026-07-22 21:32,DOWN,2026-07-22 21:58,LONG,29100.00,29122.50,2026-07-22 21:59,STOP_HIT,2,0.00,-12.00,0.670,false
FIXED_R65,2026-07-23,2026-07-23 01:03,DOWN,2026-07-23 01:35,LONG,29074.75,29096.25,2026-07-23 01:36,STOP_HIT,2,2.50,-2.25,0.451,false
FIXED_R65,2026-07-23,2026-07-23 02:16,UP,2026-07-23 02:50,SHORT,29106.75,29093.25,2026-07-23 02:51,STOP_HIT,2,9.50,5.50,0.238,false
FIXED_R65,2026-07-23,2026-07-23 02:41,DOWN,2026-07-23 03:03,LONG,29062.00,29093.50,2026-07-23 03:04,STOP_HIT,2,8.75,-5.50,0.037,false
FIXED_R65,2026-07-23,2026-07-23 12:00,UP,2026-07-23 12:10,SHORT,28714.75,28691.50,2026-07-23 12:11,STOP_HIT,2,1.50,-15.75,0.183,false
FIXED_R65,2026-07-24,2026-07-23 14:00,DOWN,2026-07-23 14:11,LONG,28642.75,28664.75,2026-07-23 14:12,STOP_HIT,2,6.50,-3.00,0.366,false
FIXED_R65,2026-07-24,2026-07-23 14:19,UP,2026-07-23 14:32,SHORT,28687.75,28661.00,2026-07-23 14:33,STOP_HIT,2,12.25,9.00,0.310,false
FIXED_R65,2026-07-24,2026-07-23 15:54,UP,2026-07-23 16:04,SHORT,28680.75,28687.25,2026-07-23 17:05,STOP_HIT,62,65.00,-13.25,0.141,true
FIXED_R65,2026-07-24,2026-07-23 16:35,UP,2026-07-23 17:21,SHORT,28664.50,28670.25,2026-07-23 17:26,STOP_HIT,6,23.25,-20.00,0.041,false
FIXED_R65,2026-07-24,2026-07-23 17:08,DOWN,2026-07-23 17:51,LONG,28635.25,28669.25,2026-07-23 17:52,STOP_HIT,2,9.75,-1.50,0.185,false
FIXED_R65,2026-07-24,2026-07-23 22:49,UP,2026-07-23 23:23,SHORT,28641.50,28612.50,2026-07-23 23:24,STOP_HIT,2,8.50,3.25,0.136,false
FIXED_R65,2026-07-24,2026-07-23 23:26,DOWN,2026-07-24 00:04,LONG,28602.50,28617.25,2026-07-24 00:05,STOP_HIT,2,3.00,-20.75,0.010,false
FIXED_R65,2026-07-24,2026-07-24 00:12,UP,2026-07-24 00:47,SHORT,28624.25,28614.75,2026-07-24 00:50,STOP_HIT,4,15.25,5.50,0.209,true
FIXED_R65,2026-07-24,2026-07-24 04:18,DOWN,2026-07-24 05:01,LONG,28586.50,28633.50,2026-07-24 05:02,STOP_HIT,2,11.25,10.25,0.120,false
FIXED_R65,2026-07-24,2026-07-24 08:10,DOWN,2026-07-24 09:15,LONG,28458.00,28509.00,2026-07-24 09:16,STOP_HIT,2,7.00,-13.25,0.060,false
FIXED_R65,2026-07-27,2026-07-26 14:01,DOWN,2026-07-26 14:11,LONG,28593.75,28616.00,2026-07-26 14:12,STOP_HIT,2,4.00,1.25,0.098,false
FIXED_R65,2026-07-27,2026-07-26 14:09,UP,2026-07-26 14:24,SHORT,28630.00,28619.25,2026-07-26 14:25,STOP_HIT,2,11.00,7.75,0.195,false
FIXED_R65,2026-07-27,2026-07-26 16:00,DOWN,2026-07-26 16:27,LONG,28627.25,28630.25,2026-07-26 16:28,STOP_HIT,2,16.75,-8.00,0.063,true
FIXED_R65,2026-07-27,2026-07-26 18:46,DOWN,2026-07-26 19:57,LONG,28610.25,28620.00,2026-07-26 19:58,STOP_HIT,2,14.25,3.25,0.150,true
FIXED_R65,2026-07-27,2026-07-27 05:00,DOWN,2026-07-27 05:26,LONG,28625.00,28655.75,2026-07-27 05:27,STOP_HIT,2,3.50,-11.75,0.128,false
FIXED_R65,2026-07-27,2026-07-27 10:40,UP,2026-07-27 11:12,SHORT,28224.00,28166.50,2026-07-27 11:13,STOP_HIT,2,30.75,26.25,0.194,true
FIXED_R65,2026-07-28,2026-07-27 14:00,DOWN,2026-07-27 14:14,LONG,28159.50,28190.00,2026-07-27 14:15,STOP_HIT,2,8.25,-1.75,0.418,false
FIXED_R65,2026-07-28,2026-07-27 15:04,UP,2026-07-27 15:52,SHORT,28165.25,28141.50,2026-07-27 15:53,STOP_HIT,2,2.00,-4.50,0.300,false
FIXED_R65,2026-07-28,2026-07-28 00:11,UP,2026-07-28 00:42,SHORT,28039.50,27990.50,2026-07-28 00:43,STOP_HIT,2,8.50,-1.50,0.110,false
FIXED_R65,2026-07-28,2026-07-28 00:47,DOWN,2026-07-28 01:45,LONG,27973.75,27993.75,2026-07-28 01:46,STOP_HIT,2,7.50,0.00,0.186,false
FIXED_R65,2026-07-28,2026-07-28 03:41,UP,2026-07-28 04:39,SHORT,27972.25,27975.00,2026-07-28 04:43,STOP_HIT,5,16.00,-27.00,0.020,true
FIXED_R65,2026-07-28,2026-07-28 04:30,DOWN,2026-07-28 04:42,LONG,27967.50,27974.50,2026-07-28 05:28,STOP_HIT,47,65.25,-19.50,0.111,true
FIXED_R65,2026-07-28,2026-07-28 04:46,DOWN,2026-07-28 05:32,LONG,27910.50,27976.25,2026-07-28 05:33,STOP_HIT,2,7.75,-6.75,0.043,false
FIXED_R65,2026-07-28,2026-07-28 10:00,DOWN,2026-07-28 10:23,LONG,27944.25,27934.25,2026-07-28 10:24,STOP_HIT,2,3.50,-18.50,0.005,true
FIXED_R65,2026-07-28,2026-07-28 10:17,UP,2026-07-28 10:52,SHORT,27964.00,27935.00,2026-07-28 10:53,STOP_HIT,2,19.75,17.75,0.066,false
FIXED_R65,2026-07-28,2026-07-28 11:30,DOWN,2026-07-28 12:00,LONG,27919.50,27943.50,2026-07-28 12:02,STOP_HIT,3,35.50,-4.25,0.041,false
FIXED_R65,2026-07-28,2026-07-28 12:06,UP,2026-07-28 12:42,SHORT,27940.25,27943.00,2026-07-28 12:43,STOP_HIT,2,0.25,-5.25,0.399,false
FIXED_R65,2026-07-29,2026-07-28 14:10,DOWN,2026-07-28 14:46,LONG,27844.00,27926.50,2026-07-28 14:47,STOP_HIT,2,4.25,-24.75,0.214,false
FIXED_R65,2026-07-29,2026-07-28 15:10,UP,2026-07-28 15:24,SHORT,27875.75,27835.00,2026-07-28 15:25,STOP_HIT,2,9.00,8.50,0.107,false
FIXED_R65,2026-07-29,2026-07-28 16:45,DOWN,2026-07-28 17:22,LONG,27951.75,27969.00,2026-07-28 17:31,STOP_HIT,10,55.25,12.50,0.019,true
FIXED_R65,2026-07-29,2026-07-28 17:27,DOWN,2026-07-28 17:37,LONG,27939.25,27971.25,2026-07-28 17:38,STOP_HIT,2,18.75,12.25,0.000,false
FIXED_R65,2026-07-29,2026-07-28 22:10,UP,2026-07-28 22:55,SHORT,27928.50,27850.00,2026-07-28 22:56,STOP_HIT,2,0.75,-7.25,0.325,true
FIXED_R65,2026-07-29,2026-07-29 04:30,UP,2026-07-29 04:55,SHORT,27926.50,27902.50,2026-07-29 04:56,STOP_HIT,2,7.00,2.50,0.082,false
FIXED_R65,2026-07-29,2026-07-29 05:20,UP,2026-07-29 05:30,SHORT,27914.50,27901.25,2026-07-29 05:33,STOP_HIT,4,78.00,-45.75,0.025,false
FIXED_R65,2026-07-30,2026-07-29 14:00,UP,2026-07-29 14:10,SHORT,27440.50,27350.75,2026-07-29 14:11,STOP_HIT,2,10.75,-38.75,0.267,false
FIXED_R65,2026-07-30,2026-07-29 14:28,UP,2026-07-29 14:38,SHORT,27458.50,27434.50,2026-07-29 14:39,STOP_HIT,2,12.75,12.00,0.298,false
FIXED_R65,2026-07-30,2026-07-29 18:48,DOWN,2026-07-29 19:20,LONG,27485.50,27537.75,2026-07-29 19:21,STOP_HIT,2,8.25,2.75,0.267,false
FIXED_R65,2026-07-30,2026-07-29 19:40,UP,2026-07-29 19:50,SHORT,27549.75,27533.50,2026-07-29 19:51,STOP_HIT,2,18.25,-10.75,0.019,false
FIXED_R65,2026-07-30,2026-07-29 19:49,DOWN,2026-07-29 20:10,LONG,27488.25,27533.50,2026-07-29 20:11,STOP_HIT,2,6.75,1.25,0.305,false
FIXED_R65,2026-07-30,2026-07-30 00:57,UP,2026-07-30 01:15,SHORT,27536.75,27503.50,2026-07-30 01:16,STOP_HIT,2,11.50,-10.25,0.060,true
FIXED_R65,2026-07-31,2026-07-30 14:00,UP,2026-07-30 14:10,SHORT,28400.00,28384.25,2026-07-30 14:11,STOP_HIT,2,6.50,-2.00,0.361,false
FIXED_R65,2026-07-31,2026-07-30 14:03,DOWN,2026-07-30 14:32,LONG,28338.00,28380.00,2026-07-30 14:33,STOP_HIT,2,17.25,11.00,0.292,false
FIXED_R65,2026-07-31,2026-07-30 14:32,UP,2026-07-30 14:43,SHORT,28392.00,28377.50,2026-07-30 14:44,STOP_HIT,2,7.25,-11.00,0.425,false
FIXED_R65,2026-07-31,2026-07-30 18:37,UP,2026-07-30 19:57,SHORT,28466.25,28439.00,2026-07-30 19:58,STOP_HIT,2,5.25,4.50,0.173,false
FIXED_R65,2026-07-31,2026-07-31 03:08,DOWN,2026-07-31 04:33,LONG,28476.75,28505.75,2026-07-31 04:34,STOP_HIT,2,5.00,-14.50,0.089,false
FIXED_R65,2026-07-31,2026-07-31 04:42,UP,2026-07-31 05:25,SHORT,28549.75,28501.75,2026-07-31 05:26,STOP_HIT,2,0.00,-5.50,0.006,true
FIXED_R65,2026-07-31,2026-07-31 08:35,DOWN,2026-07-31 08:49,LONG,28342.50,28338.75,2026-07-31 12:56,STOP_HIT,248,181.50,-28.25,0.036,false
FIXED_R65,2026-07-31,2026-07-31 11:59,DOWN,2026-07-31 12:09,LONG,28392.50,28397.50,2026-07-31 12:10,STOP_HIT,2,10.25,3.00,0.174,true
FIXED_R65,2026-08-03,2026-08-02 14:00,UP,2026-08-02 14:10,SHORT,28601.00,28603.50,2026-08-02 14:11,STOP_HIT,2,1.75,-18.25,0.261,false
FIXED_R65,2026-08-03,2026-08-02 14:13,DOWN,2026-08-02 14:59,LONG,28564.25,28610.25,2026-08-02 15:00,STOP_HIT,2,15.25,7.25,0.419,false
FIXED_R65,2026-08-03,2026-08-02 15:52,DOWN,2026-08-02 16:02,LONG,28586.25,28598.25,2026-08-02 16:03,STOP_HIT,2,11.00,-16.50,0.094,true
FIXED_R65,2026-08-03,2026-08-02 16:06,UP,2026-08-02 16:16,SHORT,28619.75,28596.75,2026-08-02 16:17,STOP_HIT,2,18.00,11.50,0.112,false
FIXED_R65,2026-08-03,2026-08-02 16:15,DOWN,2026-08-02 16:26,LONG,28568.00,28596.75,2026-08-02 16:27,STOP_HIT,2,18.50,0.75,0.012,true
FIXED_R65,2026-08-03,2026-08-02 16:29,UP,2026-08-02 16:58,SHORT,28613.25,28594.25,2026-08-02 16:59,STOP_HIT,2,2.25,-8.75,0.038,false
FIXED_R65,2026-08-03,2026-08-02 17:05,DOWN,2026-08-02 17:24,LONG,28587.25,28596.00,2026-08-02 17:36,STOP_HIT,13,29.50,-7.25,0.180,true
FIXED_R65,2026-08-03,2026-08-02 17:19,UP,2026-08-02 17:45,SHORT,28630.00,28596.75,2026-08-02 17:46,STOP_HIT,2,11.50,0.25,0.403,false
FIXED_R65,2026-08-03,2026-08-02 23:02,UP,2026-08-02 23:12,SHORT,28618.50,28613.25,2026-08-02 23:13,STOP_HIT,2,5.00,1.25,0.011,false
FIXED_R65,2026-08-03,2026-08-02 23:11,DOWN,2026-08-02 23:21,LONG,28585.75,28613.25,2026-08-02 23:22,STOP_HIT,2,18.00,11.00,0.086,true
FIXED_R65,2026-08-04,2026-08-03 16:04,DOWN,2026-08-03 16:16,LONG,28913.25,28947.25,2026-08-03 16:17,STOP_HIT,2,7.75,0.75,0.253,false
FIXED_R65,2026-08-04,2026-08-03 17:04,UP,2026-08-03 18:01,SHORT,29033.50,28929.75,2026-08-03 18:02,STOP_HIT,2,11.25,10.25,0.225,true
FIXED_R65,2026-08-05,2026-08-04 14:02,UP,2026-08-04 14:24,SHORT,29825.75,29823.50,2026-08-04 14:27,STOP_HIT,4,15.50,-8.75,0.250,true
FIXED_R65,2026-08-05,2026-08-04 16:30,DOWN,2026-08-04 17:18,LONG,29816.50,29836.25,2026-08-04 17:19,STOP_HIT,2,12.00,1.50,0.261,false
FIXED_R65,2026-08-05,2026-08-04 17:26,UP,2026-08-04 17:49,SHORT,29869.00,29835.25,2026-08-04 17:50,STOP_HIT,2,4.00,-2.25,0.160,false
FIXED_R65,2026-08-05,2026-08-05 00:45,UP,2026-08-05 03:06,SHORT,29901.75,29862.00,2026-08-05 03:07,STOP_HIT,2,16.00,11.75,0.175,false
FIXED_R65,2026-08-06,2026-08-05 14:00,UP,2026-08-05 14:24,SHORT,29631.00,29585.25,2026-08-05 14:25,STOP_HIT,2,5.00,4.75,0.034,false
FIXED_R65,2026-08-06,2026-08-05 14:47,DOWN,2026-08-05 15:10,LONG,29619.50,29628.25,2026-08-05 15:11,STOP_HIT,2,7.75,3.75,0.000,false
FIXED_R65,2026-08-06,2026-08-05 18:45,DOWN,2026-08-05 19:50,LONG,29569.25,29569.25,2026-08-05 19:51,STOP_HIT,2,6.75,-9.75,0.077,false
FIXED_R65,2026-08-06,2026-08-05 19:33,UP,2026-08-05 20:38,SHORT,29561.75,29568.75,2026-08-05 20:57,STOP_HIT,20,20.00,-7.25,0.140,true
FIXED_R65,2026-08-06,2026-08-05 20:30,DOWN,2026-08-05 22:08,LONG,29539.00,29567.75,2026-08-05 22:09,STOP_HIT,2,3.00,-7.25,0.100,false
FIXED_R65,2026-08-06,2026-08-06 05:40,UP,2026-08-06 05:54,SHORT,29512.25,29481.50,2026-08-06 05:55,STOP_HIT,2,25.75,-0.25,0.023,true
FIXED_R65,2026-08-06,2026-08-06 07:50,DOWN,2026-08-06 08:00,LONG,29515.75,29544.75,2026-08-06 08:01,STOP_HIT,2,7.75,-15.75,0.078,false
FIXED_R65,2026-08-06,2026-08-06 09:01,DOWN,2026-08-06 09:44,LONG,29499.00,29530.25,2026-08-06 09:45,STOP_HIT,2,21.75,16.25,0.025,false
FIXED_R65,2026-08-06,2026-08-06 09:41,UP,2026-08-06 10:18,SHORT,29552.50,29529.00,2026-08-06 10:19,STOP_HIT,2,3.50,-0.25,0.004,false
FIXED_R65,2026-08-06,2026-08-06 10:22,DOWN,2026-08-06 10:49,LONG,29518.50,29530.25,2026-08-06 10:50,STOP_HIT,2,3.00,0.50,0.015,false
FIXED_R65,2026-08-06,2026-08-06 10:42,UP,2026-08-06 11:09,SHORT,29559.75,29530.25,2026-08-06 11:10,STOP_HIT,2,2.50,-4.00,0.083,false
FIXED_R65,2026-08-06,2026-08-06 11:12,DOWN,2026-08-06 11:26,LONG,29520.00,29530.75,2026-08-06 11:27,STOP_HIT,2,6.00,-6.25,0.063,false
FIXED_R65,2026-08-06,2026-08-06 12:06,DOWN,2026-08-06 12:28,LONG,29485.50,29527.00,2026-08-06 12:29,STOP_HIT,2,7.00,7.00,0.268,false
FIXED_R65,2026-08-10,2026-08-09 14:00,DOWN,2026-08-09 14:13,LONG,29842.00,29859.50,2026-08-09 14:14,STOP_HIT,2,7.00,-15.75,0.050,false
FIXED_R65,2026-08-10,2026-08-09 14:17,UP,2026-08-09 15:08,SHORT,29868.75,29844.50,2026-08-09 15:09,STOP_HIT,2,12.00,5.50,0.389,false
FIXED_R65,2026-08-10,2026-08-09 15:24,DOWN,2026-08-09 16:01,LONG,29829.00,29847.75,2026-08-09 16:02,STOP_HIT,2,8.25,-2.00,0.029,false
FIXED_R65,2026-08-10,2026-08-09 16:10,DOWN,2026-08-09 16:51,LONG,29828.25,29848.25,2026-08-09 16:52,STOP_HIT,2,1.75,-8.75,0.133,true
FIXED_R65,2026-08-10,2026-08-09 16:56,UP,2026-08-09 17:35,SHORT,29852.00,29846.75,2026-08-09 17:36,STOP_HIT,2,6.00,-16.00,0.102,true
FIXED_R65,2026-08-10,2026-08-10 03:12,UP,2026-08-10 03:31,SHORT,29911.75,29884.25,2026-08-10 03:32,STOP_HIT,2,7.00,-0.50,0.327,false
FIXED_R65,2026-08-10,2026-08-10 03:30,DOWN,2026-08-10 03:51,LONG,29858.75,29884.25,2026-08-10 03:52,STOP_HIT,2,7.75,3.75,0.427,true
FIXED_R65,2026-08-10,2026-08-10 05:53,UP,2026-08-10 06:16,SHORT,29880.50,29826.75,2026-08-10 06:17,STOP_HIT,2,13.50,7.75,0.037,false
FIXED_R65,2026-08-10,2026-08-10 06:37,DOWN,2026-08-10 07:01,LONG,29776.25,29838.25,2026-08-10 07:02,STOP_HIT,2,35.25,24.00,0.011,true
FIXED_R65,2026-08-10,2026-08-10 07:35,UP,2026-08-10 08:13,SHORT,29816.75,29824.50,2026-08-10 08:17,STOP_HIT,5,12.00,-9.50,0.044,true
FIXED_R65,2026-08-10,2026-08-10 08:00,DOWN,2026-08-10 08:32,LONG,29768.75,29824.25,2026-08-10 08:33,STOP_HIT,2,19.25,12.00,0.601,false
FIXED_R65,2026-08-11,2026-08-10 14:00,DOWN,2026-08-10 14:37,LONG,29726.25,29753.75,2026-08-10 14:38,STOP_HIT,2,6.00,4.25,0.061,false
FIXED_R65,2026-08-11,2026-08-10 16:02,UP,2026-08-10 16:18,SHORT,29730.50,29723.00,2026-08-10 16:19,STOP_HIT,2,1.25,-6.25,0.371,true
FIXED_R65,2026-08-11,2026-08-10 20:31,DOWN,2026-08-10 23:17,LONG,29763.00,29780.25,2026-08-10 23:18,STOP_HIT,2,0.00,-23.75,0.137,false
FIXED_R65,2026-08-11,2026-08-10 23:23,UP,2026-08-11 00:06,SHORT,29773.75,29776.25,2026-08-11 01:41,STOP_HIT,96,56.00,-6.25,0.210,true
FIXED_R65,2026-08-11,2026-08-11 00:03,DOWN,2026-08-11 00:13,LONG,29731.50,29775.50,2026-08-11 00:14,STOP_HIT,2,6.50,-0.25,0.434,false
FIXED_R65,2026-08-11,2026-08-11 00:35,UP,2026-08-11 02:57,SHORT,29815.00,29771.00,2026-08-11 02:58,STOP_HIT,2,2.00,0.50,0.500,true
FIXED_R65,2026-08-11,2026-08-11 05:47,UP,2026-08-11 06:40,SHORT,29744.75,29758.00,2026-08-11 06:47,STOP_HIT,8,16.50,-25.75,0.047,true
FIXED_R65,2026-08-11,2026-08-11 06:52,DOWN,2026-08-11 07:16,LONG,29711.50,29758.00,2026-08-11 07:17,STOP_HIT,2,7.25,-4.25,0.036,false
FIXED_R65,2026-08-12,2026-08-11 16:08,UP,2026-08-11 18:35,SHORT,29689.25,29657.00,2026-08-11 18:36,STOP_HIT,2,0.00,-1.25,0.570,false
FIXED_R65,2026-08-12,2026-08-12 06:31,UP,2026-08-12 06:41,SHORT,29921.25,29894.25,2026-08-12 06:42,STOP_HIT,2,27.00,16.50,0.138,false
FIXED_R65,2026-08-12,2026-08-12 07:41,UP,2026-08-12 09:31,SHORT,29905.75,29885.50,2026-08-12 09:32,STOP_HIT,2,0.50,-6.50,0.054,true
FIXED_R65,2026-08-12,2026-08-12 10:41,DOWN,2026-08-12 11:22,LONG,29869.75,29890.75,2026-08-12 11:23,STOP_HIT,2,4.25,0.50,0.095,false
FIXED_R65,2026-08-13,2026-08-12 14:31,UP,2026-08-12 16:04,SHORT,29847.75,29805.00,2026-08-12 16:05,STOP_HIT,2,9.00,-4.50,0.080,false
FIXED_R65,2026-08-13,2026-08-13 04:30,DOWN,2026-08-13 04:52,LONG,29869.50,29856.00,2026-08-13 12:59,TIME_EXPIRED,488,403.25,344.75,0.280,true
FIXED_R65,2026-08-13,2026-08-13 04:31,UP,2026-08-13 05:01,SHORT,29889.25,29856.75,2026-08-13 05:02,STOP_HIT,2,6.25,-7.75,0.161,false
FIXED_R65,2026-08-19,2026-08-18 14:21,DOWN,2026-08-18 15:42,LONG,29533.25,29543.50,2026-08-18 15:43,STOP_HIT,2,2.75,0.75,0.128,false
FIXED_R65,2026-08-19,2026-08-18 16:15,UP,2026-08-18 16:46,SHORT,29572.00,29530.75,2026-08-18 16:47,STOP_HIT,2,4.00,-3.50,0.037,false
FIXED_R65,2026-08-19,2026-08-18 17:22,DOWN,2026-08-18 19:18,LONG,29545.25,29543.25,2026-08-18 19:20,STOP_HIT,3,2.50,-5.25,0.103,false
FIXED_R65,2026-08-19,2026-08-18 22:12,UP,2026-08-18 23:21,SHORT,29559.50,29532.25,2026-08-18 23:22,STOP_HIT,2,1.00,-3.00,0.092,true
FIXED_R65,2026-08-19,2026-08-19 03:00,UP,2026-08-19 03:20,SHORT,29547.75,29542.25,2026-08-19 03:23,STOP_HIT,4,16.50,-2.25,0.159,false
FIXED_R65,2026-08-19,2026-08-19 03:08,DOWN,2026-08-19 03:35,LONG,29518.00,29542.25,2026-08-19 03:36,STOP_HIT,2,9.25,8.25,0.340,false
FIXED_R65,2026-08-19,2026-08-19 03:48,UP,2026-08-19 04:20,SHORT,29569.50,29542.00,2026-08-19 04:21,STOP_HIT,2,8.25,5.75,0.343,false
FIXED_R65,2026-08-19,2026-08-19 06:22,UP,2026-08-19 07:02,SHORT,29612.25,29547.00,2026-08-19 07:03,STOP_HIT,2,19.25,14.75,0.132,true
FIXED_R65,2026-08-19,2026-08-19 08:19,DOWN,2026-08-19 09:29,LONG,29542.75,29564.25,2026-08-19 09:30,STOP_HIT,2,0.75,-2.50,0.155,true
FIXED_R65,2026-08-19,2026-08-19 10:17,UP,2026-08-19 11:35,SHORT,29582.00,29556.75,2026-08-19 12:59,TIME_EXPIRED,85,96.75,21.00,0.022,false
FIXED_R65,2026-08-20,2026-08-19 14:00,UP,2026-08-19 14:15,SHORT,29627.25,29599.25,2026-08-19 14:16,STOP_HIT,2,8.75,8.00,0.239,false
FIXED_R65,2026-08-20,2026-08-19 16:08,UP,2026-08-19 16:19,SHORT,29651.00,29632.00,2026-08-19 16:20,STOP_HIT,2,0.50,-7.00,0.121,true
FIXED_R65,2026-08-20,2026-08-19 17:02,DOWN,2026-08-19 18:34,LONG,29645.25,29641.75,2026-08-19 18:50,STOP_HIT,17,17.00,-22.75,0.398,true
FIXED_R65,2026-08-20,2026-08-19 21:14,UP,2026-08-19 22:37,SHORT,29665.50,29636.50,2026-08-19 22:38,STOP_HIT,2,4.50,4.50,0.250,true
FIXED_R65,2026-08-20,2026-08-19 22:52,DOWN,2026-08-19 23:28,LONG,29611.00,29638.75,2026-08-19 23:29,STOP_HIT,2,15.50,4.75,0.200,false
FIXED_R65,2026-08-20,2026-08-20 06:35,UP,2026-08-20 06:45,SHORT,29421.50,29395.00,2026-08-20 06:46,STOP_HIT,2,18.00,-10.75,0.066,false
FIXED_R65,2026-08-21,2026-08-20 14:00,DOWN,2026-08-20 14:10,LONG,29287.50,29291.50,2026-08-20 14:11,STOP_HIT,2,2.50,-3.50,0.000,false
FIXED_R65,2026-08-21,2026-08-20 14:05,UP,2026-08-20 16:07,SHORT,29341.00,29307.00,2026-08-20 16:08,STOP_HIT,2,16.00,10.00,0.289,false
FIXED_R65,2026-08-21,2026-08-21 06:21,UP,2026-08-21 07:55,SHORT,29472.75,29347.25,2026-08-21 07:56,STOP_HIT,2,19.75,16.50,0.166,true
FIXED_R65,2026-08-24,2026-08-23 14:00,DOWN,2026-08-23 14:10,LONG,29321.00,29328.50,2026-08-23 14:11,STOP_HIT,2,3.00,1.00,0.347,false
FIXED_R65,2026-08-24,2026-08-23 14:01,UP,2026-08-23 14:43,SHORT,29372.75,29335.00,2026-08-23 14:44,STOP_HIT,2,4.50,-9.50,0.293,false
FIXED_R65,2026-08-24,2026-08-23 15:51,DOWN,2026-08-23 16:39,LONG,29366.25,29386.00,2026-08-23 16:40,STOP_HIT,2,9.75,4.75,0.188,true
FIXED_R65,2026-08-24,2026-08-23 16:26,UP,2026-08-23 17:23,SHORT,29423.75,29391.50,2026-08-23 17:24,STOP_HIT,2,9.75,2.50,0.099,true
FIXED_R65,2026-08-24,2026-08-23 17:19,DOWN,2026-08-23 17:49,LONG,29379.25,29394.25,2026-08-23 17:50,STOP_HIT,2,17.50,11.50,0.311,false
FIXED_R65,2026-08-24,2026-08-24 07:21,UP,2026-08-24 07:31,SHORT,29130.25,29103.75,2026-08-24 07:32,STOP_HIT,2,18.25,10.75,0.122,false
FIXED_R65,2026-08-24,2026-08-24 09:55,UP,2026-08-24 10:10,SHORT,29179.25,29143.00,2026-08-24 10:11,STOP_HIT,2,10.25,4.50,0.088,false
FIXED_R65,2026-08-24,2026-08-24 10:30,DOWN,2026-08-24 11:49,LONG,29128.25,29152.75,2026-08-24 11:50,STOP_HIT,2,13.75,-9.25,0.116,true
FIXED_R65,2026-08-25,2026-08-24 14:00,DOWN,2026-08-24 15:43,LONG,29086.00,29119.50,2026-08-24 15:44,STOP_HIT,2,1.00,-1.75,0.295,false
FIXED_R65,2026-08-25,2026-08-24 16:19,UP,2026-08-24 16:53,SHORT,29125.75,29091.50,2026-08-24 16:54,STOP_HIT,2,0.50,-10.25,0.120,true
FIXED_R65,2026-08-25,2026-08-25 05:49,DOWN,2026-08-25 06:03,LONG,29274.25,29318.50,2026-08-25 06:04,STOP_HIT,2,15.00,-13.00,0.118,false
FIXED_R65,2026-08-25,2026-08-25 07:33,DOWN,2026-08-25 07:49,LONG,29226.75,29263.25,2026-08-25 07:50,STOP_HIT,2,11.50,8.75,0.169,false
FIXED_R65,2026-08-25,2026-08-25 07:49,UP,2026-08-25 08:04,SHORT,29288.25,29262.75,2026-08-25 08:05,STOP_HIT,2,16.50,14.25,0.026,false
FIXED_R65,2026-08-25,2026-08-25 08:30,DOWN,2026-08-25 09:09,LONG,29229.50,29266.25,2026-08-25 09:10,STOP_HIT,2,6.25,-3.75,0.151,false
FIXED_R65,2026-08-25,2026-08-25 10:08,UP,2026-08-25 12:30,SHORT,29302.00,29259.75,2026-08-25 12:31,STOP_HIT,2,0.00,-4.50,0.198,true
FIXED_R65,2026-08-26,2026-08-25 14:00,DOWN,2026-08-25 15:31,LONG,29239.50,29284.50,2026-08-25 15:32,STOP_HIT,2,6.50,4.50,0.165,false
FIXED_R65,2026-08-26,2026-08-25 17:35,UP,2026-08-25 19:31,SHORT,29216.75,29182.25,2026-08-25 19:32,STOP_HIT,2,7.50,-2.50,0.066,false
FIXED_R65,2026-08-26,2026-08-25 22:48,DOWN,2026-08-25 23:48,LONG,29208.00,29217.75,2026-08-25 23:49,STOP_HIT,2,11.25,-11.00,0.261,true
FIXED_R65,2026-08-26,2026-08-26 00:22,UP,2026-08-26 00:43,SHORT,29248.75,29217.25,2026-08-26 00:44,STOP_HIT,2,7.50,6.25,0.681,false
FIXED_R65,2026-08-26,2026-08-26 03:18,DOWN,2026-08-26 03:51,LONG,29206.00,29218.25,2026-08-26 03:56,STOP_HIT,6,21.50,10.25,0.359,true
FIXED_R65,2026-08-26,2026-08-26 03:48,UP,2026-08-26 04:30,SHORT,29256.75,29218.25,2026-08-26 05:31,STOP_HIT,62,123.50,-18.50,0.077,false
FIXED_R65,2026-08-26,2026-08-26 05:59,DOWN,2026-08-26 06:37,LONG,29214.75,29229.75,2026-08-26 06:39,STOP_HIT,3,17.00,-0.75,0.260,true
FIXED_R65,2026-08-26,2026-08-26 06:28,UP,2026-08-26 07:04,SHORT,29259.50,29231.50,2026-08-26 07:05,STOP_HIT,2,5.25,-8.25,0.163,true
FIXED_R65,2026-08-26,2026-08-26 07:50,DOWN,2026-08-26 08:00,LONG,29217.75,29237.50,2026-08-26 08:01,STOP_HIT,2,1.50,-23.75,0.159,false
FIXED_R65,2026-08-26,2026-08-26 08:44,UP,2026-08-26 09:29,SHORT,29267.50,29233.25,2026-08-26 09:30,STOP_HIT,2,3.75,-3.75,0.013,false
FIXED_R65,2026-08-27,2026-08-26 14:00,UP,2026-08-26 14:10,SHORT,29560.75,29556.25,2026-08-26 14:11,STOP_HIT,2,9.50,3.25,0.048,false
FIXED_R65,2026-08-27,2026-08-26 16:00,DOWN,2026-08-26 16:24,LONG,29571.75,29593.50,2026-08-26 16:25,STOP_HIT,2,13.25,3.50,0.143,false
FIXED_R65,2026-08-27,2026-08-26 19:25,DOWN,2026-08-26 20:39,LONG,29510.75,29546.50,2026-08-26 20:40,STOP_HIT,2,1.25,-10.50,0.067,true
FIXED_R65,2026-08-27,2026-08-26 22:12,UP,2026-08-27 00:30,SHORT,29656.75,29535.25,2026-08-27 00:31,STOP_HIT,2,16.50,10.50,0.280,true
FIXED_R65,2026-08-27,2026-08-27 03:50,UP,2026-08-27 04:12,SHORT,29583.50,29553.75,2026-08-27 04:13,STOP_HIT,2,1.50,-3.00,0.180,false
FIXED_R65,2026-08-27,2026-08-27 04:26,DOWN,2026-08-27 04:51,LONG,29530.00,29555.50,2026-08-27 04:52,STOP_HIT,2,2.50,-9.75,0.251,true
FIXED_R65,2026-08-27,2026-08-27 05:57,UP,2026-08-27 06:23,SHORT,29581.50,29537.00,2026-08-27 06:24,STOP_HIT,2,9.25,-11.50,0.134,true
FIXED_R65,2026-08-27,2026-08-27 10:28,UP,2026-08-27 11:06,SHORT,29581.75,29568.25,2026-08-27 11:07,STOP_HIT,2,9.00,-5.25,0.024,true
FIXED_R65,2026-08-28,2026-08-27 19:29,DOWN,2026-08-27 21:21,LONG,29623.50,29649.75,2026-08-27 21:22,STOP_HIT,2,0.25,-7.50,0.000,false
FIXED_R65,2026-08-28,2026-08-28 00:07,UP,2026-08-28 05:14,SHORT,29655.25,29629.50,2026-08-28 05:15,STOP_HIT,2,0.50,-2.25,0.106,true
FIXED_R65,2026-08-28,2026-08-28 05:02,DOWN,2026-08-28 05:31,LONG,29610.75,29629.50,2026-08-28 05:32,STOP_HIT,2,2.25,-28.00,0.028,false
FIXED_R65,2026-08-28,2026-08-28 05:33,UP,2026-08-28 05:43,SHORT,29695.00,29626.75,2026-08-28 05:44,STOP_HIT,2,17.50,7.25,0.037,true
PCT_R0.22pct,2023-11-16,2023-11-15 13:00,UP,2023-11-15 14:21,SHORT,15879.75,15860.00,2023-11-15 14:22,STOP_HIT,2,5.25,4.75,0.441,false
PCT_R0.22pct,2023-11-16,2023-11-15 14:21,DOWN,2023-11-15 15:51,LONG,15846.00,15863.00,2023-11-15 15:52,STOP_HIT,2,2.25,2.00,0.264,false
PCT_R0.22pct,2023-11-16,2023-11-15 16:04,UP,2023-11-15 22:01,SHORT,15856.00,15856.75,2023-11-15 22:02,STOP_HIT,2,1.00,-3.75,0.098,true
PCT_R0.22pct,2023-11-16,2023-11-15 21:13,DOWN,2023-11-16 02:09,LONG,15838.50,15858.00,2023-11-16 02:10,STOP_HIT,2,0.50,-1.50,0.036,false
PCT_R0.22pct,2023-11-16,2023-11-16 03:17,UP,2023-11-16 03:36,SHORT,15853.25,15854.00,2023-11-16 03:37,STOP_HIT,2,5.00,-10.00,0.005,true
PCT_R0.22pct,2023-11-16,2023-11-16 03:56,DOWN,2023-11-16 04:26,LONG,15840.25,15857.25,2023-11-16 04:27,STOP_HIT,2,5.25,1.00,0.124,false
PCT_R0.22pct,2023-11-16,2023-11-16 04:30,UP,2023-11-16 04:47,SHORT,15860.00,15852.25,2023-11-16 04:48,STOP_HIT,2,3.00,-14.75,0.001,true
PCT_R0.22pct,2023-11-16,2023-11-16 06:38,UP,2023-11-16 07:28,SHORT,15874.00,15850.75,2023-11-16 07:29,STOP_HIT,2,1.75,-1.00,0.218,false
PCT_R0.22pct,2023-11-16,2023-11-16 08:48,UP,2023-11-16 09:14,SHORT,15860.50,15854.75,2023-11-16 09:15,STOP_HIT,2,6.00,-2.00,0.015,false
PCT_R0.22pct,2023-11-17,2023-11-16 21:10,UP,2023-11-16 22:35,SHORT,15911.50,15890.00,2023-11-16 22:36,STOP_HIT,2,4.00,3.75,0.398,false
PCT_R0.22pct,2023-11-17,2023-11-16 23:14,DOWN,2023-11-17 01:42,LONG,15883.75,15895.75,2023-11-17 01:43,STOP_HIT,2,3.25,-0.25,0.129,false
PCT_R0.22pct,2023-11-17,2023-11-17 01:42,UP,2023-11-17 03:07,SHORT,15915.75,15897.50,2023-11-17 03:08,STOP_HIT,2,3.00,2.00,0.428,false
PCT_R0.22pct,2023-11-17,2023-11-17 03:22,DOWN,2023-11-17 03:45,LONG,15892.00,15898.50,2023-11-17 03:46,STOP_HIT,2,2.00,-1.25,0.103,true
PCT_R0.22pct,2023-11-17,2023-11-17 06:06,UP,2023-11-17 07:07,SHORT,15888.75,15865.00,2023-11-17 07:08,STOP_HIT,2,0.75,-6.75,0.070,false
PCT_R0.22pct,2023-11-20,2023-11-19 13:00,DOWN,2023-11-19 13:12,LONG,15867.25,15878.75,2023-11-19 13:13,STOP_HIT,2,0.00,-3.50,0.269,false
PCT_R0.22pct,2023-11-20,2023-11-19 19:55,UP,2023-11-19 22:14,SHORT,15876.25,15859.25,2023-11-19 22:15,STOP_HIT,2,0.50,-1.00,0.033,false
PCT_R0.22pct,2023-11-21,2023-11-20 13:00,UP,2023-11-20 17:16,SHORT,16120.25,16104.25,2023-11-20 17:17,STOP_HIT,2,5.50,3.00,0.289,false
PCT_R0.22pct,2023-11-21,2023-11-20 17:38,DOWN,2023-11-20 21:35,LONG,16088.00,16104.75,2023-11-20 21:36,STOP_HIT,2,1.50,0.25,0.479,false
PCT_R0.22pct,2023-11-21,2023-11-21 08:26,UP,2023-11-21 09:48,SHORT,15979.50,15979.75,2023-11-21 09:58,STOP_HIT,11,13.25,-5.50,0.099,true
PCT_R0.22pct,2023-11-21,2023-11-21 11:28,DOWN,2023-11-21 11:50,LONG,15967.25,15982.25,2023-11-21 11:51,STOP_HIT,2,7.25,7.00,0.157,false
PCT_R0.22pct,2023-11-22,2023-11-21 13:20,UP,2023-11-21 16:36,SHORT,15978.25,15961.50,2023-11-21 16:37,STOP_HIT,2,0.25,-3.25,0.197,false
PCT_R0.22pct,2023-11-22,2023-11-21 16:37,DOWN,2023-11-21 20:08,LONG,15949.25,15964.75,2023-11-21 20:09,STOP_HIT,2,2.50,1.25,0.322,false
PCT_R0.22pct,2023-11-22,2023-11-21 21:45,UP,2023-11-21 22:24,SHORT,15976.25,15963.00,2023-11-21 22:25,STOP_HIT,2,3.75,2.25,0.111,true
PCT_R0.22pct,2023-11-22,2023-11-22 05:18,UP,2023-11-22 05:28,SHORT,16046.75,16052.75,2023-11-22 05:30,STOP_HIT,3,7.00,-31.00,0.223,true
PCT_R0.22pct,2023-11-22,2023-11-22 05:54,UP,2023-11-22 06:11,SHORT,16057.00,16056.75,2023-11-22 06:13,STOP_HIT,3,4.75,-13.25,0.131,true
PCT_R0.22pct,2023-11-23,2023-11-22 13:01,UP,2023-11-22 20:04,SHORT,16068.25,16050.50,2023-11-22 20:05,STOP_HIT,2,0.00,-1.00,0.000,false
PCT_R0.22pct,2023-11-24,2023-11-23 13:00,DOWN,2023-11-23 21:04,LONG,16041.25,16062.25,2023-11-23 21:05,STOP_HIT,2,0.25,-2.75,0.169,false
PCT_R0.22pct,2023-11-24,2023-11-23 23:44,DOWN,2023-11-24 00:37,LONG,16035.50,16057.50,2023-11-24 00:38,STOP_HIT,2,0.75,-3.50,0.361,false
PCT_R0.22pct,2023-11-24,2023-11-24 04:33,DOWN,2023-11-24 04:43,LONG,16026.25,16042.00,2023-11-24 04:44,STOP_HIT,2,0.75,-8.25,0.072,true
PCT_R0.22pct,2023-11-27,2023-11-26 13:00,DOWN,2023-11-26 14:09,LONG,15974.25,15988.75,2023-11-26 14:10,STOP_HIT,2,6.75,5.00,0.160,false
PCT_R0.22pct,2023-11-27,2023-11-26 17:26,UP,2023-11-26 22:42,SHORT,15997.25,15972.50,2023-11-26 22:43,STOP_HIT,2,3.00,1.25,0.035,false
PCT_R0.22pct,2023-11-27,2023-11-27 04:36,UP,2023-11-27 04:47,SHORT,15997.75,15993.50,2023-11-27 04:49,STOP_HIT,3,7.25,0.75,0.074,true
PCT_R0.22pct,2023-11-27,2023-11-27 09:43,UP,2023-11-27 10:21,SHORT,16033.00,16021.50,2023-11-27 10:22,STOP_HIT,2,1.75,-2.50,0.207,false
PCT_R0.22pct,2023-11-27,2023-11-27 10:38,DOWN,2023-11-27 10:56,LONG,16008.00,16022.75,2023-11-27 10:57,STOP_HIT,2,0.75,-5.00,0.086,true
PCT_R0.22pct,2023-11-28,2023-11-27 16:23,DOWN,2023-11-27 21:17,LONG,15978.00,16002.50,2023-11-27 21:18,STOP_HIT,2,3.75,2.00,0.256,false
PCT_R0.22pct,2023-11-28,2023-11-27 22:43,UP,2023-11-28 00:43,SHORT,15997.75,15988.75,2023-11-28 00:44,STOP_HIT,2,0.00,-2.00,0.213,true
PCT_R0.22pct,2023-11-28,2023-11-28 01:05,DOWN,2023-11-28 02:54,LONG,15973.25,15992.00,2023-11-28 02:55,STOP_HIT,2,1.75,-2.25,0.258,false
PCT_R0.22pct,2023-11-28,2023-11-28 03:13,UP,2023-11-28 04:09,SHORT,15980.25,15983.25,2023-11-28 04:33,STOP_HIT,25,13.50,-19.50,0.008,false
PCT_R0.22pct,2023-11-28,2023-11-28 04:34,DOWN,2023-11-28 04:45,LONG,15968.50,15984.75,2023-11-28 04:46,STOP_HIT,2,14.00,8.75,0.082,false
PCT_R0.22pct,2023-11-28,2023-11-28 04:54,UP,2023-11-28 05:05,SHORT,15991.50,15981.50,2023-11-28 05:06,STOP_HIT,2,7.50,4.25,0.023,false
PCT_R0.22pct,2023-11-28,2023-11-28 08:02,DOWN,2023-11-28 08:12,LONG,15992.00,15998.50,2023-11-28 08:13,STOP_HIT,2,2.50,-7.75,0.157,false
PCT_R0.22pct,2023-11-28,2023-11-28 08:15,UP,2023-11-28 08:37,SHORT,16004.75,15997.25,2023-11-28 08:38,STOP_HIT,2,7.50,7.25,0.098,false
PCT_R0.22pct,2023-11-29,2023-11-28 13:05,UP,2023-11-28 15:02,SHORT,16079.75,16053.75,2023-11-28 15:03,STOP_HIT,2,2.50,-2.00,0.395,false
PCT_R0.22pct,2023-11-29,2023-11-29 04:38,DOWN,2023-11-29 05:30,LONG,16108.75,16132.50,2023-11-29 05:31,STOP_HIT,2,5.25,4.50,0.040,false
PCT_R0.22pct,2023-11-29,2023-11-29 05:57,DOWN,2023-11-29 06:08,LONG,16100.00,16121.50,2023-11-29 06:09,STOP_HIT,2,0.00,-8.00,0.018,true
PCT_R0.22pct,2023-11-30,2023-11-29 15:54,UP,2023-11-29 22:07,SHORT,16070.00,16052.00,2023-11-29 22:08,STOP_HIT,2,4.25,2.00,0.469,false
PCT_R0.22pct,2023-11-30,2023-11-29 22:07,DOWN,2023-11-29 22:47,LONG,16036.25,16052.75,2023-11-29 22:48,STOP_HIT,2,2.75,0.75,0.372,false
PCT_R0.22pct,2023-11-30,2023-11-29 22:51,UP,2023-11-30 00:50,SHORT,16066.25,16052.50,2023-11-30 00:51,STOP_HIT,2,1.50,1.00,0.157,false
PCT_R0.22pct,2023-11-30,2023-11-30 03:30,DOWN,2023-11-30 04:20,LONG,16041.75,16056.75,2023-11-30 04:21,STOP_HIT,2,7.00,6.25,0.166,false
PCT_R0.22pct,2023-12-01,2023-11-30 21:54,UP,2023-11-30 22:38,SHORT,15980.75,15958.25,2023-11-30 22:39,STOP_HIT,2,2.25,1.75,0.087,false
PCT_R0.22pct,2023-12-01,2023-11-30 23:34,DOWN,2023-12-01 02:32,LONG,15943.50,15962.50,2023-12-01 02:33,STOP_HIT,2,3.75,1.00,0.149,false
PCT_R0.22pct,2023-12-01,2023-12-01 05:02,DOWN,2023-12-01 05:12,LONG,15933.25,15934.25,2023-12-01 05:14,STOP_HIT,3,8.75,-18.25,0.024,true
PCT_R0.22pct,2023-12-04,2023-12-03 13:00,DOWN,2023-12-03 13:10,LONG,15994.00,16009.50,2023-12-03 13:11,STOP_HIT,2,3.00,0.75,0.145,true
PCT_R0.22pct,2023-12-04,2023-12-03 22:10,UP,2023-12-03 22:38,SHORT,15980.25,15977.25,2023-12-03 22:39,STOP_HIT,2,0.25,-5.50,0.237,true
PCT_R0.22pct,2023-12-04,2023-12-03 22:50,DOWN,2023-12-03 23:19,LONG,15972.50,15978.50,2023-12-03 23:20,STOP_HIT,2,1.00,0.00,0.234,true
PCT_R0.22pct,2023-12-04,2023-12-04 07:57,DOWN,2023-12-04 08:32,LONG,15824.75,15841.50,2023-12-04 08:33,STOP_HIT,2,1.75,0.25,0.095,true
PCT_R0.22pct,2023-12-04,2023-12-04 09:06,UP,2023-12-04 09:53,SHORT,15831.50,15835.25,2023-12-04 10:32,STOP_HIT,40,23.75,-10.75,0.028,false
PCT_R0.22pct,2023-12-05,2023-12-04 13:00,DOWN,2023-12-04 17:44,LONG,15829.00,15841.25,2023-12-04 17:45,STOP_HIT,2,1.25,1.00,0.378,false
PCT_R0.22pct,2023-12-05,2023-12-04 23:25,DOWN,2023-12-05 00:07,LONG,15784.25,15806.75,2023-12-05 00:08,STOP_HIT,2,4.75,2.75,0.202,false
PCT_R0.22pct,2023-12-05,2023-12-05 01:45,UP,2023-12-05 03:54,SHORT,15806.75,15796.75,2023-12-05 03:55,STOP_HIT,2,1.00,-2.75,0.134,true
PCT_R0.22pct,2023-12-05,2023-12-05 03:32,DOWN,2023-12-05 04:20,LONG,15781.00,15797.25,2023-12-05 04:21,STOP_HIT,2,0.25,-4.75,0.144,false
PCT_R0.22pct,2023-12-05,2023-12-05 04:25,UP,2023-12-05 04:35,SHORT,15790.00,15796.75,2023-12-05 04:36,STOP_HIT,2,3.00,-36.25,0.080,true
PCT_R0.22pct,2023-12-05,2023-12-05 06:54,UP,2023-12-05 07:10,SHORT,15892.50,15868.75,2023-12-05 07:11,STOP_HIT,2,6.00,3.75,0.136,false
PCT_R0.22pct,2023-12-05,2023-12-05 07:10,DOWN,2023-12-05 07:44,LONG,15842.50,15872.75,2023-12-05 07:45,STOP_HIT,2,4.25,-1.00,0.087,false
PCT_R0.22pct,2023-12-05,2023-12-05 07:46,UP,2023-12-05 08:16,SHORT,15871.75,15869.25,2023-12-05 08:17,STOP_HIT,2,6.00,1.75,0.036,true
PCT_R0.22pct,2023-12-05,2023-12-05 09:19,DOWN,2023-12-05 09:47,LONG,15868.50,15871.50,2023-12-05 11:59,TIME_EXPIRED,133,58.00,31.25,0.004,true
PCT_R0.22pct,2023-12-05,2023-12-05 09:38,UP,2023-12-05 09:58,SHORT,15900.00,15872.00,2023-12-05 09:59,STOP_HIT,2,3.00,1.25,0.077,false
PCT_R0.22pct,2023-12-06,2023-12-05 13:02,UP,2023-12-05 14:00,SHORT,15927.75,15909.50,2023-12-05 14:01,STOP_HIT,2,0.50,-5.00,0.162,false
PCT_R0.22pct,2023-12-06,2023-12-05 17:49,DOWN,2023-12-05 21:16,LONG,15955.00,15971.25,2023-12-05 21:17,STOP_HIT,2,4.25,3.00,0.225,false
PCT_R0.22pct,2023-12-06,2023-12-06 02:28,UP,2023-12-06 03:44,SHORT,15991.00,15963.50,2023-12-06 03:45,STOP_HIT,2,2.75,2.50,0.306,false
PCT_R0.22pct,2023-12-06,2023-12-06 04:30,DOWN,2023-12-06 04:40,LONG,15942.50,15970.25,2023-12-06 04:41,STOP_HIT,2,12.25,10.75,0.024,false
PCT_R0.22pct,2023-12-07,2023-12-06 21:01,UP,2023-12-06 22:02,SHORT,15825.50,15811.25,2023-12-06 22:03,STOP_HIT,2,6.00,1.50,0.204,false
PCT_R0.22pct,2023-12-07,2023-12-07 04:50,UP,2023-12-07 05:00,SHORT,15907.25,15907.00,2023-12-07 05:01,STOP_HIT,2,3.25,-3.75,0.221,true
PCT_R0.22pct,2023-12-08,2023-12-07 14:37,DOWN,2023-12-07 21:35,LONG,15996.75,16019.75,2023-12-07 21:36,STOP_HIT,2,1.50,-0.50,0.417,false
PCT_R0.22pct,2023-12-08,2023-12-07 22:04,UP,2023-12-08 00:09,SHORT,16019.75,16018.00,2023-12-08 00:10,STOP_HIT,2,0.75,-3.75,0.276,true
PCT_R0.22pct,2023-12-08,2023-12-08 00:48,DOWN,2023-12-08 01:50,LONG,16000.75,16019.25,2023-12-08 01:51,STOP_HIT,2,5.00,4.00,0.359,false
PCT_R0.22pct,2023-12-08,2023-12-08 04:32,UP,2023-12-08 04:42,SHORT,15998.75,15979.25,2023-12-08 04:43,STOP_HIT,2,11.25,-15.25,0.027,false
PCT_R0.22pct,2023-12-08,2023-12-08 06:32,DOWN,2023-12-08 06:44,LONG,16014.25,16023.00,2023-12-08 06:46,STOP_HIT,3,18.00,6.00,0.029,false
PCT_R0.22pct,2023-12-08,2023-12-08 07:15,UP,2023-12-08 07:25,SHORT,16045.75,16023.75,2023-12-08 07:26,STOP_HIT,2,1.75,-0.50,0.002,true
PCT_R0.22pct,2023-12-11,2023-12-10 13:12,DOWN,2023-12-10 14:42,LONG,16078.75,16099.00,2023-12-10 14:43,STOP_HIT,2,1.75,-4.00,0.117,true
PCT_R0.22pct,2023-12-11,2023-12-10 19:26,UP,2023-12-10 23:19,SHORT,16082.75,16068.50,2023-12-10 23:20,STOP_HIT,2,1.25,-2.75,0.216,false
PCT_R0.22pct,2023-12-11,2023-12-10 23:25,DOWN,2023-12-11 01:17,LONG,16054.00,16069.75,2023-12-11 01:18,STOP_HIT,2,3.00,-0.50,0.691,false
PCT_R0.22pct,2023-12-11,2023-12-11 01:25,UP,2023-12-11 02:18,SHORT,16082.25,16069.50,2023-12-11 02:19,STOP_HIT,2,1.00,-2.25,0.410,false
PCT_R0.22pct,2023-12-12,2023-12-11 13:07,UP,2023-12-11 14:22,SHORT,16263.25,16240.00,2023-12-11 14:23,STOP_HIT,2,1.00,-5.00,0.302,false
PCT_R0.22pct,2023-12-12,2023-12-12 03:39,DOWN,2023-12-12 03:49,LONG,16259.50,16263.25,2023-12-12 03:50,STOP_HIT,2,5.50,0.25,0.013,true
PCT_R0.22pct,2023-12-12,2023-12-12 04:43,UP,2023-12-12 05:24,SHORT,16257.75,16254.50,2023-12-12 05:25,STOP_HIT,2,0.25,-7.50,0.304,true
PCT_R0.22pct,2023-12-13,2023-12-12 13:00,UP,2023-12-13 03:31,SHORT,16408.25,16393.75,2023-12-13 03:32,STOP_HIT,2,4.50,-1.75,0.447,false
PCT_R0.22pct,2023-12-13,2023-12-13 04:38,DOWN,2023-12-13 04:59,LONG,16398.00,16403.50,2023-12-13 05:00,STOP_HIT,2,2.25,1.50,0.134,true
PCT_R0.22pct,2023-12-13,2023-12-13 04:57,UP,2023-12-13 05:19,SHORT,16423.50,16405.00,2023-12-13 05:20,STOP_HIT,2,3.25,-0.75,0.010,true
PCT_R0.22pct,2023-12-13,2023-12-13 05:46,DOWN,2023-12-13 06:21,LONG,16402.50,16410.25,2023-12-13 06:22,STOP_HIT,2,7.25,-3.75,0.010,true
PCT_R0.22pct,2023-12-14,2023-12-13 13:00,UP,2023-12-13 13:45,SHORT,16600.00,16583.00,2023-12-13 13:46,STOP_HIT,2,2.75,0.00,0.719,false
PCT_R0.22pct,2023-12-14,2023-12-13 16:26,DOWN,2023-12-13 23:03,LONG,16624.25,16645.75,2023-12-13 23:04,STOP_HIT,2,1.50,-3.25,0.600,false
PCT_R0.22pct,2023-12-14,2023-12-14 03:32,UP,2023-12-14 04:09,SHORT,16648.00,16636.25,2023-12-14 04:42,STOP_HIT,34,48.50,5.25,0.200,false
PCT_R0.22pct,2023-12-14,2023-12-14 04:30,UP,2023-12-14 04:42,SHORT,16642.75,16633.50,2023-12-14 04:43,STOP_HIT,2,7.50,-1.75,0.106,false
PCT_R0.22pct,2024-02-15,2024-02-14 15:18,UP,2024-02-14 19:31,SHORT,17882.25,17870.50,2024-02-14 19:32,STOP_HIT,2,1.00,0.75,0.189,false
PCT_R0.22pct,2024-02-15,2024-02-14 22:28,DOWN,2024-02-15 03:07,LONG,17900.25,17896.00,2024-02-15 03:23,STOP_HIT,17,5.75,-9.75,0.033,true
PCT_R0.22pct,2024-02-15,2024-02-14 23:52,UP,2024-02-15 03:31,SHORT,17911.75,17896.50,2024-02-15 03:32,STOP_HIT,2,14.50,-8.50,0.103,false
PCT_R0.22pct,2024-02-15,2024-02-15 03:33,DOWN,2024-02-15 04:08,LONG,17886.25,17898.25,2024-02-15 04:09,STOP_HIT,2,10.50,6.50,0.072,true
PCT_R0.22pct,2024-02-15,2024-02-15 06:09,UP,2024-02-15 08:22,SHORT,17916.25,17852.50,2024-02-15 08:23,STOP_HIT,2,12.75,1.75,0.033,false
PCT_R0.22pct,2024-02-16,2024-02-15 13:00,DOWN,2024-02-15 15:40,LONG,17919.25,17938.75,2024-02-15 15:41,STOP_HIT,2,0.75,-2.75,0.480,false
PCT_R0.22pct,2024-02-16,2024-02-15 15:41,UP,2024-02-15 20:58,SHORT,17951.00,17938.50,2024-02-15 20:59,STOP_HIT,2,0.50,-3.25,0.371,false
PCT_R0.22pct,2024-02-16,2024-02-16 06:58,DOWN,2024-02-16 07:21,LONG,17856.50,17865.00,2024-02-16 07:22,STOP_HIT,2,6.75,4.25,0.044,false
PCT_R0.22pct,2024-02-16,2024-02-16 08:11,UP,2024-02-16 09:33,SHORT,17887.50,17862.75,2024-02-16 09:34,STOP_HIT,2,14.50,5.00,0.073,true
PCT_R0.22pct,2024-02-19,2024-02-18 13:00,UP,2024-02-18 13:10,SHORT,17780.75,17754.50,2024-02-18 13:11,STOP_HIT,2,0.00,-8.50,0.217,false
PCT_R0.22pct,2024-02-19,2024-02-18 15:03,DOWN,2024-02-18 15:33,LONG,17765.00,17780.00,2024-02-18 15:34,STOP_HIT,2,2.75,1.50,0.472,false
PCT_R0.22pct,2024-02-19,2024-02-18 15:41,UP,2024-02-18 19:41,SHORT,17786.00,17774.00,2024-02-18 19:42,STOP_HIT,2,2.25,-1.25,0.053,false
PCT_R0.22pct,2024-02-19,2024-02-18 22:24,UP,2024-02-18 22:51,SHORT,17776.75,17772.25,2024-02-18 22:52,STOP_HIT,2,1.00,-2.25,0.293,false
PCT_R0.22pct,2024-02-20,2024-02-19 13:00,DOWN,2024-02-19 13:14,LONG,17763.75,17767.50,2024-02-19 13:15,STOP_HIT,2,3.25,-0.50,0.111,true
PCT_R0.22pct,2024-02-20,2024-02-19 21:20,DOWN,2024-02-19 22:19,LONG,17684.25,17706.50,2024-02-19 22:20,STOP_HIT,2,0.50,-12.50,0.477,false
PCT_R0.22pct,2024-02-20,2024-02-20 03:42,DOWN,2024-02-20 04:26,LONG,17657.50,17677.25,2024-02-20 04:27,STOP_HIT,2,4.00,-3.50,0.184,false
PCT_R0.22pct,2024-02-20,2024-02-20 10:28,DOWN,2024-02-20 10:39,LONG,17553.75,17557.50,2024-02-20 10:40,STOP_HIT,2,4.50,3.00,0.060,false
PCT_R0.22pct,2024-02-20,2024-02-20 10:35,UP,2024-02-20 10:45,SHORT,17571.00,17557.50,2024-02-20 10:46,STOP_HIT,2,1.00,-14.00,0.057,true
PCT_R0.22pct,2024-02-21,2024-02-20 13:12,DOWN,2024-02-20 15:01,LONG,17551.25,17572.50,2024-02-20 15:02,STOP_HIT,2,2.50,0.75,0.356,false
PCT_R0.22pct,2024-02-21,2024-02-20 15:34,UP,2024-02-20 21:26,SHORT,17579.75,17561.75,2024-02-20 21:27,STOP_HIT,2,3.00,1.75,0.452,false
PCT_R0.22pct,2024-02-21,2024-02-20 21:32,DOWN,2024-02-20 22:17,LONG,17546.00,17563.25,2024-02-20 22:18,STOP_HIT,2,3.00,-1.25,0.391,false
PCT_R0.22pct,2024-02-21,2024-02-21 05:04,DOWN,2024-02-21 05:27,LONG,17476.75,17502.25,2024-02-21 05:28,STOP_HIT,2,12.50,4.75,0.228,false
PCT_R0.22pct,2024-02-21,2024-02-21 06:15,DOWN,2024-02-21 06:33,LONG,17485.50,17497.50,2024-02-21 06:34,STOP_HIT,2,8.00,2.50,0.152,false
PCT_R0.22pct,2024-02-21,2024-02-21 06:48,UP,2024-02-21 06:58,SHORT,17511.00,17496.75,2024-02-21 06:59,STOP_HIT,2,5.00,5.00,0.198,true
PCT_R0.22pct,2024-02-21,2024-02-21 06:56,DOWN,2024-02-21 07:06,LONG,17462.75,17496.50,2024-02-21 07:07,STOP_HIT,2,6.50,-3.25,0.151,false
PCT_R0.22pct,2024-02-21,2024-02-21 09:43,UP,2024-02-21 11:13,SHORT,17526.00,17477.75,2024-02-21 11:14,STOP_HIT,2,1.00,-5.50,0.181,true
PCT_R0.22pct,2024-02-22,2024-02-21 13:08,UP,2024-02-21 14:04,SHORT,17718.00,17696.25,2024-02-21 14:05,STOP_HIT,2,4.75,-1.25,0.056,false
PCT_R0.22pct,2024-02-22,2024-02-22 04:30,DOWN,2024-02-22 04:40,LONG,17893.00,17878.25,2024-02-22 11:59,TIME_EXPIRED,440,194.00,130.50,0.101,true
PCT_R0.22pct,2024-02-22,2024-02-22 04:34,UP,2024-02-22 04:44,SHORT,17902.25,17880.00,2024-02-22 04:45,STOP_HIT,2,5.50,-28.50,0.071,false
PCT_R0.22pct,2024-02-23,2024-02-22 19:24,DOWN,2024-02-22 22:08,LONG,18019.25,18039.75,2024-02-22 22:09,STOP_HIT,2,7.50,5.25,0.221,false
PCT_R0.22pct,2024-02-23,2024-02-22 23:28,UP,2024-02-23 02:29,SHORT,18036.25,18030.50,2024-02-23 02:30,STOP_HIT,2,1.25,-1.75,0.234,true
PCT_R0.22pct,2024-02-23,2024-02-23 04:37,DOWN,2024-02-23 05:42,LONG,18060.00,18071.25,2024-02-23 05:43,STOP_HIT,2,4.75,-23.50,0.053,false
PCT_R0.22pct,2024-02-23,2024-02-23 07:32,UP,2024-02-23 08:28,SHORT,18052.25,18043.25,2024-02-23 08:29,STOP_HIT,2,2.25,-0.75,0.062,true
PCT_R0.22pct,2024-02-23,2024-02-23 08:20,DOWN,2024-02-23 09:03,LONG,18013.25,18043.00,2024-02-23 09:04,STOP_HIT,2,7.25,4.00,0.168,false
PCT_R0.22pct,2024-02-26,2024-02-25 13:00,UP,2024-02-25 13:13,SHORT,17978.75,17966.00,2024-02-25 13:14,STOP_HIT,2,5.75,3.50,0.025,true
PCT_R0.22pct,2024-02-26,2024-02-25 13:37,DOWN,2024-02-25 14:43,LONG,17951.00,17966.50,2024-02-25 14:44,STOP_HIT,2,6.75,2.50,0.337,false
PCT_R0.22pct,2024-02-26,2024-02-25 14:56,UP,2024-02-25 16:59,SHORT,17952.75,17952.75,2024-02-25 17:53,STOP_HIT,55,9.00,-1.75,0.214,false
PCT_R0.22pct,2024-02-26,2024-02-26 04:47,UP,2024-02-26 05:06,SHORT,17997.75,17989.00,2024-02-26 05:07,STOP_HIT,2,4.00,-8.75,0.123,false
PCT_R0.22pct,2024-02-26,2024-02-26 06:07,UP,2024-02-26 06:33,SHORT,18022.75,18006.25,2024-02-26 06:34,STOP_HIT,2,2.75,2.00,0.074,false
PCT_R0.22pct,2024-02-26,2024-02-26 07:32,DOWN,2024-02-26 08:47,LONG,18009.00,18013.75,2024-02-26 08:48,STOP_HIT,2,0.25,-5.75,0.215,true
PCT_R0.22pct,2024-02-26,2024-02-26 08:35,UP,2024-02-26 09:15,SHORT,18008.50,18013.75,2024-02-26 09:20,STOP_HIT,6,0.50,-6.00,0.023,true
PCT_R0.22pct,2024-02-26,2024-02-26 09:31,DOWN,2024-02-26 10:34,LONG,17999.50,18015.50,2024-02-26 10:35,STOP_HIT,2,2.25,2.00,0.177,false
PCT_R0.22pct,2024-02-27,2024-02-26 13:43,DOWN,2024-02-26 19:44,LONG,17928.75,17954.50,2024-02-26 19:45,STOP_HIT,2,6.50,6.50,0.207,false
PCT_R0.22pct,2024-02-27,2024-02-26 19:43,UP,2024-02-26 21:41,SHORT,17981.50,17954.50,2024-02-26 21:42,STOP_HIT,2,2.50,-2.25,0.141,false
PCT_R0.22pct,2024-02-27,2024-02-27 03:58,DOWN,2024-02-27 04:43,LONG,17948.75,18002.25,2024-02-27 04:44,STOP_HIT,2,10.00,6.75,0.053,true
PCT_R0.22pct,2024-02-27,2024-02-27 05:00,DOWN,2024-02-27 05:12,LONG,18000.50,17993.25,2024-02-27 06:10,STOP_HIT,59,32.00,-10.00,0.014,false
PCT_R0.22pct,2024-02-27,2024-02-27 05:06,UP,2024-02-27 05:19,SHORT,18017.25,17996.00,2024-02-27 05:20,STOP_HIT,2,1.25,-10.50,0.189,false
PCT_R0.22pct,2024-02-27,2024-02-27 05:45,UP,2024-02-27 06:08,SHORT,17999.50,18002.00,2024-02-27 07:02,STOP_HIT,55,34.50,-2.75,0.079,true
PCT_R0.22pct,2024-02-27,2024-02-27 05:49,DOWN,2024-02-27 06:13,LONG,17997.50,18001.50,2024-02-27 06:16,STOP_HIT,4,4.75,-10.75,0.096,true
PCT_R0.22pct,2024-02-27,2024-02-27 06:43,UP,2024-02-27 06:58,SHORT,18002.00,17997.75,2024-02-27 06:59,STOP_HIT,2,5.25,1.25,0.011,false
PCT_R0.22pct,2024-02-27,2024-02-27 07:07,DOWN,2024-02-27 07:23,LONG,17969.75,17998.00,2024-02-27 07:24,STOP_HIT,2,6.75,-2.75,0.289,false
PCT_R0.22pct,2024-02-27,2024-02-27 08:00,UP,2024-02-27 10:36,SHORT,18004.50,17994.50,2024-02-27 10:37,STOP_HIT,2,0.25,-5.50,0.053,true
PCT_R0.22pct,2024-02-28,2024-02-27 13:04,DOWN,2024-02-27 21:29,LONG,17978.75,18005.50,2024-02-27 21:30,STOP_HIT,2,3.50,3.00,0.396,false
PCT_R0.22pct,2024-02-28,2024-02-28 03:32,DOWN,2024-02-28 03:43,LONG,17919.25,17947.25,2024-02-28 03:44,STOP_HIT,2,14.50,11.00,0.247,false
PCT_R0.22pct,2024-02-28,2024-02-28 04:34,UP,2024-02-28 04:44,SHORT,17918.25,17937.75,2024-02-28 06:01,STOP_HIT,78,42.25,-33.50,0.144,true
PCT_R0.22pct,2024-02-28,2024-02-28 06:46,DOWN,2024-02-28 08:01,LONG,17911.25,17927.75,2024-02-28 08:02,STOP_HIT,2,11.00,4.25,0.205,false
PCT_R0.22pct,2024-02-28,2024-02-28 08:08,UP,2024-02-28 08:27,SHORT,17939.00,17926.75,2024-02-28 08:28,STOP_HIT,2,1.50,0.00,0.246,false
PCT_R0.22pct,2024-02-28,2024-02-28 08:40,DOWN,2024-02-28 09:22,LONG,17916.00,17928.25,2024-02-28 09:23,STOP_HIT,2,8.50,8.50,0.048,false
PCT_R0.22pct,2024-02-29,2024-02-28 13:00,UP,2024-02-28 14:48,SHORT,17903.25,17877.25,2024-02-28 14:49,STOP_HIT,2,0.75,-1.00,0.420,false
PCT_R0.22pct,2024-02-29,2024-02-28 19:03,DOWN,2024-02-28 22:09,LONG,17877.00,17901.50,2024-02-28 22:10,STOP_HIT,2,0.75,-35.50,0.359,false
PCT_R0.22pct,2024-02-29,2024-02-29 05:10,DOWN,2024-02-29 05:20,LONG,18007.75,18009.00,2024-02-29 05:21,STOP_HIT,2,3.50,-2.00,0.214,false
PCT_R0.22pct,2024-02-29,2024-02-29 05:13,UP,2024-02-29 05:23,SHORT,18019.25,18008.50,2024-02-29 05:24,STOP_HIT,2,5.25,-2.75,0.202,false
PCT_R0.22pct,2024-02-29,2024-02-29 05:39,DOWN,2024-02-29 05:49,LONG,18026.25,18012.00,2024-02-29 05:54,STOP_HIT,6,11.75,-27.75,0.250,true
PCT_R0.22pct,2024-02-29,2024-02-29 05:49,DOWN,2024-02-29 05:59,LONG,18005.50,18011.75,2024-02-29 06:00,STOP_HIT,2,3.00,-2.25,0.076,false
PCT_R0.22pct,2024-02-29,2024-02-29 06:41,UP,2024-02-29 09:16,SHORT,18045.00,18002.75,2024-02-29 09:17,STOP_HIT,2,2.25,-6.75,0.063,false
PCT_R0.22pct,2024-03-01,2024-02-29 13:36,UP,2024-02-29 15:03,SHORT,18084.50,18067.50,2024-02-29 15:04,STOP_HIT,2,4.25,4.00,0.368,false
PCT_R0.22pct,2024-03-01,2024-02-29 21:34,DOWN,2024-03-01 00:23,LONG,18054.25,18123.25,2024-03-01 00:24,STOP_HIT,2,2.00,-15.50,0.109,true
PCT_R0.22pct,2024-03-01,2024-03-01 03:18,DOWN,2024-03-01 03:43,LONG,18073.75,18097.25,2024-03-01 03:44,STOP_HIT,2,10.00,9.75,0.027,true
PCT_R0.22pct,2024-03-01,2024-03-01 03:42,UP,2024-03-01 04:31,SHORT,18112.00,18094.75,2024-03-01 04:32,STOP_HIT,2,7.75,-21.50,0.093,false
PCT_R0.22pct,2024-03-01,2024-03-01 04:48,UP,2024-03-01 05:01,SHORT,18147.50,18116.25,2024-03-01 05:02,STOP_HIT,2,16.50,4.50,0.069,false
PCT_R0.22pct,2024-03-04,2024-03-03 14:07,UP,2024-03-03 22:10,SHORT,18368.00,18349.75,2024-03-03 22:11,STOP_HIT,2,3.50,2.00,0.258,false
PCT_R0.22pct,2024-03-04,2024-03-03 23:06,DOWN,2024-03-03 23:38,LONG,18341.50,18351.50,2024-03-03 23:39,STOP_HIT,2,0.00,-2.25,0.014,false
PCT_R0.22pct,2024-03-04,2024-03-04 01:08,UP,2024-03-04 03:37,SHORT,18339.75,18343.75,2024-03-04 03:43,STOP_HIT,7,3.75,-4.25,0.086,true
PCT_R0.22pct,2024-03-04,2024-03-04 05:47,DOWN,2024-03-04 06:33,LONG,18289.75,18316.75,2024-03-04 06:34,STOP_HIT,2,5.25,-5.00,0.286,false
PCT_R0.22pct,2024-03-04,2024-03-04 06:35,UP,2024-03-04 07:24,SHORT,18320.75,18313.75,2024-03-04 07:25,STOP_HIT,2,6.00,-0.25,0.081,true
PCT_R0.22pct,2024-03-04,2024-03-04 08:25,UP,2024-03-04 09:52,SHORT,18337.00,18310.75,2024-03-04 09:53,STOP_HIT,2,5.50,1.25,0.009,false
PCT_R0.22pct,2024-03-04,2024-03-04 09:39,DOWN,2024-03-04 11:01,LONG,18254.50,18310.25,2024-03-04 11:02,STOP_HIT,2,0.50,-4.25,0.039,false
PCT_R0.22pct,2024-03-05,2024-03-04 13:00,DOWN,2024-03-04 15:22,LONG,18209.00,18226.25,2024-03-04 15:23,STOP_HIT,2,5.75,5.50,0.223,false
PCT_R0.22pct,2024-03-05,2024-03-05 02:16,DOWN,2024-03-05 03:26,LONG,18165.25,18169.25,2024-03-05 03:27,STOP_HIT,2,1.50,-11.75,0.164,true
PCT_R0.22pct,2024-03-06,2024-03-05 13:00,DOWN,2024-03-05 14:50,LONG,17948.50,17961.25,2024-03-05 14:51,STOP_HIT,2,0.50,-3.25,0.020,false
PCT_R0.22pct,2024-03-06,2024-03-05 14:51,UP,2024-03-05 17:52,SHORT,17983.00,17962.25,2024-03-05 17:53,STOP_HIT,2,1.50,1.50,0.523,false
PCT_R0.22pct,2024-03-06,2024-03-06 04:45,DOWN,2024-03-06 04:55,LONG,18062.50,18072.75,2024-03-06 04:56,STOP_HIT,2,7.25,-2.75,0.048,true
PCT_R0.22pct,2024-03-06,2024-03-06 05:27,UP,2024-03-06 06:11,SHORT,18100.75,18054.75,2024-03-06 06:12,STOP_HIT,2,7.25,-2.00,0.190,false
PCT_R0.22pct,2024-03-07,2024-03-06 13:10,DOWN,2024-03-06 14:21,LONG,18007.25,18031.00,2024-03-06 14:22,STOP_HIT,2,2.75,-5.25,0.277,false
PCT_R0.22pct,2024-03-07,2024-03-06 16:25,UP,2024-03-06 20:42,SHORT,17986.00,17974.50,2024-03-06 20:43,STOP_HIT,2,5.25,4.00,0.059,true
PCT_R0.22pct,2024-03-07,2024-03-06 20:31,DOWN,2024-03-06 21:02,LONG,17952.50,17973.75,2024-03-06 21:03,STOP_HIT,2,5.75,-3.00,0.380,false
PCT_R0.22pct,2024-03-07,2024-03-06 22:12,UP,2024-03-06 22:36,SHORT,17970.75,17966.75,2024-03-06 22:37,STOP_HIT,2,1.50,-10.25,0.009,false
PCT_R0.22pct,2024-03-08,2024-03-07 13:00,DOWN,2024-03-07 14:12,LONG,18252.00,18266.00,2024-03-07 14:13,STOP_HIT,2,3.75,1.75,0.138,false
PCT_R0.22pct,2024-03-08,2024-03-07 14:11,UP,2024-03-07 17:36,SHORT,18288.50,18267.75,2024-03-07 17:37,STOP_HIT,2,3.00,0.00,0.341,false
PCT_R0.22pct,2024-03-08,2024-03-08 04:02,DOWN,2024-03-08 04:32,LONG,18317.25,18318.75,2024-03-08 04:38,STOP_HIT,7,35.75,-8.75,0.005,false
PCT_R0.22pct,2024-03-08,2024-03-08 04:38,UP,2024-03-08 04:48,SHORT,18349.25,18320.00,2024-03-08 04:49,STOP_HIT,2,4.50,-7.00,0.116,false
PCT_R0.22pct,2024-03-11,2024-03-10 14:00,DOWN,2024-03-10 14:10,LONG,18007.00,18021.25,2024-03-10 14:11,STOP_HIT,2,5.00,4.25,0.125,true
PCT_R0.22pct,2024-03-11,2024-03-10 14:43,UP,2024-03-10 15:44,SHORT,18023.00,18007.50,2024-03-10 15:45,STOP_HIT,2,2.00,-4.00,0.143,false
PCT_R0.22pct,2024-03-11,2024-03-10 17:42,DOWN,2024-03-10 18:34,LONG,18014.75,18021.25,2024-03-10 18:35,STOP_HIT,2,1.25,-1.00,0.246,false
PCT_R0.22pct,2024-03-11,2024-03-10 20:00,UP,2024-03-10 23:22,SHORT,18019.75,18017.50,2024-03-10 23:28,STOP_HIT,7,8.25,-4.25,0.323,true
PCT_R0.22pct,2024-03-11,2024-03-10 23:09,DOWN,2024-03-11 00:05,LONG,17998.50,18018.50,2024-03-11 00:06,STOP_HIT,2,13.75,13.75,0.382,false
PCT_R0.22pct,2024-03-11,2024-03-11 00:36,DOWN,2024-03-11 00:49,LONG,17982.50,18013.75,2024-03-11 00:50,STOP_HIT,2,4.75,-17.75,0.367,false
PCT_R0.22pct,2024-03-11,2024-03-11 00:51,UP,2024-03-11 01:11,SHORT,18020.50,18013.25,2024-03-11 01:12,STOP_HIT,2,0.50,-10.75,0.109,true
PCT_R0.22pct,2024-03-11,2024-03-11 02:25,UP,2024-03-11 02:41,SHORT,18040.00,18015.50,2024-03-11 02:42,STOP_HIT,2,1.75,-1.00,0.500,false
PCT_R0.22pct,2024-03-11,2024-03-11 02:49,DOWN,2024-03-11 03:20,LONG,18012.75,18016.25,2024-03-11 03:21,STOP_HIT,2,6.25,-0.75,0.500,false
PCT_R0.22pct,2024-03-11,2024-03-11 06:39,UP,2024-03-11 06:56,SHORT,18014.75,17972.50,2024-03-11 06:57,STOP_HIT,2,12.00,8.50,0.047,false
PCT_R0.22pct,2024-03-11,2024-03-11 06:55,DOWN,2024-03-11 07:27,LONG,17948.50,17972.00,2024-03-11 07:28,STOP_HIT,2,6.25,-8.00,0.182,false
PCT_R0.22pct,2024-03-11,2024-03-11 07:32,UP,2024-03-11 08:01,SHORT,17988.50,17971.50,2024-03-11 08:02,STOP_HIT,2,14.00,1.25,0.163,true
PCT_R0.22pct,2024-03-11,2024-03-11 07:59,DOWN,2024-03-11 08:09,LONG,17969.75,17971.50,2024-03-11 08:10,STOP_HIT,2,4.25,-9.25,0.054,false
PCT_R0.22pct,2024-03-11,2024-03-11 08:11,UP,2024-03-11 08:21,SHORT,17985.75,17971.00,2024-03-11 08:22,STOP_HIT,2,8.50,-2.25,0.277,true
PCT_R0.22pct,2024-03-11,2024-03-11 09:01,DOWN,2024-03-11 09:11,LONG,17964.00,17973.25,2024-03-11 09:12,STOP_HIT,2,7.75,-14.00,0.282,false
PCT_R0.22pct,2024-03-11,2024-03-11 09:13,UP,2024-03-11 09:30,SHORT,17992.00,17973.00,2024-03-11 09:31,STOP_HIT,2,1.75,-8.00,0.320,true
PCT_R0.22pct,2024-03-11,2024-03-11 09:32,DOWN,2024-03-11 09:43,LONG,17954.00,17973.50,2024-03-11 09:44,STOP_HIT,2,3.75,-3.75,0.078,false
PCT_R0.22pct,2024-03-11,2024-03-11 09:47,UP,2024-03-11 10:08,SHORT,17983.50,17972.75,2024-03-11 10:09,STOP_HIT,2,1.75,-1.25,0.127,false
PCT_R0.22pct,2024-03-11,2024-03-11 10:50,DOWN,2024-03-11 11:35,LONG,17975.00,17974.75,2024-03-11 11:36,STOP_HIT,2,5.25,-8.50,0.175,true
PCT_R0.22pct,2024-03-11,2024-03-11 11:52,UP,2024-03-11 12:11,SHORT,17987.50,17973.75,2024-03-11 12:12,STOP_HIT,2,2.00,1.25,0.030,false
PCT_R0.22pct,2024-03-12,2024-03-11 14:00,UP,2024-03-11 14:16,SHORT,18044.00,18021.50,2024-03-11 14:17,STOP_HIT,2,4.25,1.00,0.511,false
PCT_R0.22pct,2024-03-12,2024-03-12 00:05,DOWN,2024-03-12 00:29,LONG,18057.75,18062.75,2024-03-12 00:30,STOP_HIT,2,0.00,-23.00,0.200,false
PCT_R0.22pct,2024-03-12,2024-03-12 04:45,DOWN,2024-03-12 05:29,LONG,18062.25,18057.25,2024-03-12 05:34,STOP_HIT,6,31.25,-43.75,0.173,false
PCT_R0.22pct,2024-03-12,2024-03-12 05:12,UP,2024-03-12 05:31,SHORT,18083.75,18059.25,2024-03-12 05:32,STOP_HIT,2,27.50,16.25,0.068,false
PCT_R0.22pct,2024-03-12,2024-03-12 05:46,UP,2024-03-12 06:25,SHORT,18110.00,18052.50,2024-03-12 06:26,STOP_HIT,2,5.75,-4.00,0.251,false
PCT_R0.22pct,2024-03-13,2024-03-12 15:23,DOWN,2024-03-12 19:16,LONG,18197.25,18215.00,2024-03-12 19:17,STOP_HIT,2,4.00,4.00,0.684,false
PCT_R0.22pct,2024-03-13,2024-03-12 19:15,UP,2024-03-12 21:58,SHORT,18236.25,18215.50,2024-03-12 21:59,STOP_HIT,2,2.00,0.75,0.022,false
PCT_R0.22pct,2024-03-13,2024-03-13 00:00,DOWN,2024-03-13 00:31,LONG,18197.75,18226.00,2024-03-13 00:32,STOP_HIT,2,9.25,8.50,0.182,false
PCT_R0.22pct,2024-03-13,2024-03-13 00:51,UP,2024-03-13 03:01,SHORT,18225.00,18214.25,2024-03-13 03:02,STOP_HIT,2,0.00,-5.75,0.297,true
PCT_R0.22pct,2024-03-13,2024-03-13 03:12,DOWN,2024-03-13 04:16,LONG,18205.00,18216.25,2024-03-13 04:17,STOP_HIT,2,0.00,-6.25,0.412,false
PCT_R0.22pct,2024-03-13,2024-03-13 07:43,UP,2024-03-13 10:12,SHORT,18123.75,18110.50,2024-03-13 10:13,STOP_HIT,2,1.00,-9.00,0.021,false
PCT_R0.22pct,2024-03-14,2024-03-13 14:00,UP,2024-03-13 17:46,SHORT,18128.25,18114.00,2024-03-13 17:47,STOP_HIT,2,3.00,-0.75,0.138,false
PCT_R0.22pct,2024-03-14,2024-03-14 04:43,DOWN,2024-03-14 05:09,LONG,18106.75,18132.75,2024-03-14 05:10,STOP_HIT,2,5.00,2.75,0.163,true
PCT_R0.22pct,2024-03-14,2024-03-14 05:32,UP,2024-03-14 05:42,SHORT,18126.00,18127.00,2024-03-14 12:59,TIME_EXPIRED,432,210.50,109.00,0.154,true
PCT_R0.22pct,2024-03-14,2024-03-14 05:38,DOWN,2024-03-14 05:48,LONG,18068.00,18124.00,2024-03-14 05:49,STOP_HIT,2,5.00,-40.25,0.025,true
PCT_R0.22pct,2024-03-14,2024-03-14 10:12,DOWN,2024-03-14 10:32,LONG,18041.00,18055.75,2024-03-14 10:33,STOP_HIT,2,3.75,0.75,0.407,false
PCT_R0.22pct,2024-05-23,2024-05-22 14:22,UP,2024-05-22 17:30,SHORT,18884.50,18865.75,2024-05-22 17:31,STOP_HIT,2,1.50,-1.00,0.368,false
PCT_R0.22pct,2024-05-23,2024-05-22 20:20,DOWN,2024-05-23 01:59,LONG,18947.25,18938.00,2024-05-23 05:41,STOP_HIT,223,76.00,-28.25,0.079,true
PCT_R0.22pct,2024-05-23,2024-05-22 23:59,UP,2024-05-23 02:59,SHORT,18969.25,18940.25,2024-05-23 03:00,STOP_HIT,2,4.50,2.25,0.287,false
PCT_R0.22pct,2024-05-23,2024-05-23 04:47,DOWN,2024-05-23 05:37,LONG,18943.00,18950.25,2024-05-23 05:40,STOP_HIT,4,11.75,-9.75,0.035,false
PCT_R0.22pct,2024-05-23,2024-05-23 08:01,DOWN,2024-05-23 08:13,LONG,18897.50,18903.75,2024-05-23 08:14,STOP_HIT,2,4.50,-0.25,0.050,false
PCT_R0.22pct,2024-05-23,2024-05-23 08:12,UP,2024-05-23 08:32,SHORT,18924.75,18904.25,2024-05-23 08:33,STOP_HIT,2,3.75,2.25,0.018,false
PCT_R0.22pct,2024-05-23,2024-05-23 08:31,DOWN,2024-05-23 08:48,LONG,18874.50,18904.50,2024-05-23 08:49,STOP_HIT,2,1.75,-0.75,0.086,false
PCT_R0.22pct,2024-05-24,2024-05-23 14:00,UP,2024-05-23 16:46,SHORT,18720.75,18700.00,2024-05-23 16:47,STOP_HIT,2,3.25,1.50,0.267,false
PCT_R0.22pct,2024-05-24,2024-05-23 17:55,DOWN,2024-05-23 22:59,LONG,18691.75,18711.00,2024-05-23 23:00,STOP_HIT,2,4.00,3.00,0.483,false
PCT_R0.22pct,2024-05-24,2024-05-23 23:16,UP,2024-05-24 00:25,SHORT,18724.25,18707.00,2024-05-24 00:26,STOP_HIT,2,4.00,4.00,0.400,false
PCT_R0.22pct,2024-05-24,2024-05-24 05:46,DOWN,2024-05-24 05:57,LONG,18747.50,18745.75,2024-05-24 12:59,TIME_EXPIRED,423,178.50,123.25,0.054,true
PCT_R0.22pct,2024-05-27,2024-05-26 14:15,DOWN,2024-05-26 15:39,LONG,18843.00,18867.50,2024-05-26 15:40,STOP_HIT,2,1.25,-0.75,0.300,true
PCT_R0.22pct,2024-05-27,2024-05-26 16:00,UP,2024-05-26 22:28,SHORT,18874.50,18853.50,2024-05-26 22:29,STOP_HIT,2,0.25,-1.75,0.040,true
PCT_R0.22pct,2024-05-28,2024-05-27 14:00,DOWN,2024-05-27 14:26,LONG,18914.50,18928.00,2024-05-27 14:27,STOP_HIT,2,1.75,0.75,0.296,false
PCT_R0.22pct,2024-05-28,2024-05-27 16:12,UP,2024-05-27 19:34,SHORT,18925.75,18911.50,2024-05-27 19:35,STOP_HIT,2,1.25,1.25,0.405,false
PCT_R0.22pct,2024-05-28,2024-05-28 01:00,DOWN,2024-05-28 03:22,LONG,18914.50,18926.25,2024-05-28 03:23,STOP_HIT,2,5.00,1.75,0.452,false
PCT_R0.22pct,2024-05-28,2024-05-28 05:47,UP,2024-05-28 08:43,SHORT,18932.75,18914.50,2024-05-28 08:44,STOP_HIT,2,1.25,-3.00,0.025,true
PCT_R0.22pct,2024-05-28,2024-05-28 08:48,DOWN,2024-05-28 09:08,LONG,18914.00,18915.50,2024-05-28 09:51,STOP_HIT,44,30.50,-10.00,0.195,true
PCT_R0.22pct,2024-05-28,2024-05-28 09:40,DOWN,2024-05-28 09:52,LONG,18903.75,18916.50,2024-05-28 09:53,STOP_HIT,2,8.50,3.00,0.036,false
PCT_R0.22pct,2024-05-29,2024-05-28 14:00,DOWN,2024-05-28 16:42,LONG,18907.50,18934.75,2024-05-28 16:43,STOP_HIT,2,2.00,-1.50,0.235,false
PCT_R0.22pct,2024-05-29,2024-05-29 05:28,UP,2024-05-29 06:26,SHORT,18860.25,18821.50,2024-05-29 06:27,STOP_HIT,2,13.25,8.75,0.107,false
PCT_R0.22pct,2024-05-29,2024-05-29 08:56,DOWN,2024-05-29 09:43,LONG,18820.75,18838.00,2024-05-29 09:44,STOP_HIT,2,8.75,6.50,0.150,false
PCT_R0.22pct,2024-05-29,2024-05-29 09:37,UP,2024-05-29 09:54,SHORT,18857.25,18838.00,2024-05-29 09:55,STOP_HIT,2,0.00,-0.75,0.004,true
PCT_R0.22pct,2024-05-29,2024-05-29 10:09,DOWN,2024-05-29 10:41,LONG,18830.25,18839.25,2024-05-29 10:45,STOP_HIT,5,16.25,-8.50,0.012,false
PCT_R0.22pct,2024-05-29,2024-05-29 10:45,UP,2024-05-29 11:31,SHORT,18846.00,18838.00,2024-05-29 11:32,STOP_HIT,2,11.00,6.50,0.057,true
PCT_R0.22pct,2024-05-29,2024-05-29 11:29,DOWN,2024-05-29 11:52,LONG,18801.25,18838.00,2024-05-29 11:53,STOP_HIT,2,3.00,-5.00,0.016,false
PCT_R0.22pct,2024-05-30,2024-05-29 14:00,DOWN,2024-05-29 14:48,LONG,18723.50,18744.75,2024-05-29 14:49,STOP_HIT,2,1.75,0.00,0.367,false
PCT_R0.22pct,2024-05-30,2024-05-29 22:59,UP,2024-05-30 00:03,SHORT,18708.50,18696.00,2024-05-30 00:04,STOP_HIT,2,3.75,2.50,0.461,false
PCT_R0.22pct,2024-05-30,2024-05-30 05:37,UP,2024-05-30 05:47,SHORT,18739.00,18732.25,2024-05-30 05:48,STOP_HIT,2,0.75,-13.25,0.022,false
PCT_R0.22pct,2024-05-30,2024-05-30 05:48,DOWN,2024-05-30 06:12,LONG,18705.75,18734.50,2024-05-30 06:13,STOP_HIT,2,0.50,-9.25,0.170,false
PCT_R0.22pct,2024-05-30,2024-05-30 09:42,DOWN,2024-05-30 10:05,LONG,18688.75,18706.25,2024-05-30 10:06,STOP_HIT,2,7.25,3.25,0.141,false
PCT_R0.22pct,2024-05-31,2024-05-30 14:00,DOWN,2024-05-30 16:12,LONG,18550.50,18566.50,2024-05-30 16:13,STOP_HIT,2,4.50,-28.00,0.465,false
PCT_R0.22pct,2024-05-31,2024-05-30 16:39,UP,2024-05-30 17:51,SHORT,18541.75,18544.50,2024-05-30 17:53,STOP_HIT,3,0.00,-14.50,0.464,false
PCT_R0.22pct,2024-05-31,2024-05-30 19:31,DOWN,2024-05-30 23:36,LONG,18526.25,18549.25,2024-05-30 23:37,STOP_HIT,2,3.00,0.00,0.261,false
PCT_R0.22pct,2024-05-31,2024-05-30 23:40,UP,2024-05-31 00:33,SHORT,18570.50,18548.75,2024-05-31 00:34,STOP_HIT,2,9.25,9.25,0.041,false
PCT_R0.22pct,2024-05-31,2024-05-31 00:33,DOWN,2024-05-31 01:06,LONG,18529.25,18549.00,2024-05-31 01:07,STOP_HIT,2,3.00,1.75,0.353,false
PCT_R0.22pct,2024-05-31,2024-05-31 02:53,UP,2024-05-31 04:10,SHORT,18568.50,18543.00,2024-05-31 04:11,STOP_HIT,2,3.00,-0.50,0.184,false
PCT_R0.22pct,2024-05-31,2024-05-31 05:44,DOWN,2024-05-31 05:55,LONG,18544.25,18571.75,2024-05-31 05:56,STOP_HIT,2,5.00,0.75,0.012,true
PCT_R0.22pct,2024-05-31,2024-05-31 10:33,UP,2024-05-31 11:45,SHORT,18480.25,18396.25,2024-05-31 11:46,STOP_HIT,2,4.25,1.75,0.036,false
PCT_R0.22pct,2024-06-03,2024-06-02 14:00,DOWN,2024-06-02 14:10,LONG,18547.25,18564.50,2024-06-02 14:11,STOP_HIT,2,4.75,0.00,0.200,true
PCT_R0.22pct,2024-06-03,2024-06-02 14:05,UP,2024-06-02 14:31,SHORT,18573.50,18570.75,2024-06-02 14:51,STOP_HIT,21,13.50,1.50,0.286,false
PCT_R0.22pct,2024-06-03,2024-06-02 22:39,DOWN,2024-06-02 23:59,LONG,18633.50,18637.25,2024-06-03 00:02,STOP_HIT,4,8.25,-3.25,0.286,false
PCT_R0.22pct,2024-06-03,2024-06-02 23:35,UP,2024-06-03 00:22,SHORT,18659.25,18638.25,2024-06-03 00:23,STOP_HIT,2,1.25,-0.25,0.057,false
PCT_R0.22pct,2024-06-03,2024-06-03 05:46,DOWN,2024-06-03 06:00,LONG,18681.00,18682.75,2024-06-03 06:04,STOP_HIT,5,47.75,-7.25,0.037,false
PCT_R0.22pct,2024-06-03,2024-06-03 06:00,DOWN,2024-06-03 06:10,LONG,18654.00,18681.00,2024-06-03 06:11,STOP_HIT,2,17.25,13.50,0.194,false
PCT_R0.22pct,2024-06-03,2024-06-03 06:10,UP,2024-06-03 06:20,SHORT,18696.75,18681.50,2024-06-03 06:23,STOP_HIT,4,22.25,-5.00,0.060,false
PCT_R0.22pct,2024-06-03,2024-06-03 06:28,DOWN,2024-06-03 06:38,LONG,18661.75,18682.00,2024-06-03 06:39,STOP_HIT,2,3.25,-3.50,0.086,true
PCT_R0.22pct,2024-06-04,2024-06-03 16:38,DOWN,2024-06-03 22:18,LONG,18635.75,18658.00,2024-06-03 22:19,STOP_HIT,2,0.00,-3.25,0.431,false
PCT_R0.22pct,2024-06-04,2024-06-04 05:45,DOWN,2024-06-04 05:59,LONG,18601.50,18608.25,2024-06-04 06:06,STOP_HIT,8,62.50,-4.50,0.138,true
PCT_R0.22pct,2024-06-04,2024-06-04 06:01,DOWN,2024-06-04 06:12,LONG,18599.25,18610.00,2024-06-04 06:13,STOP_HIT,2,8.50,-10.25,0.072,false
PCT_R0.22pct,2024-06-04,2024-06-04 06:23,UP,2024-06-04 06:33,SHORT,18641.75,18606.75,2024-06-04 06:34,STOP_HIT,2,30.00,20.25,0.081,false
PCT_R0.22pct,2024-06-04,2024-06-04 06:41,DOWN,2024-06-04 07:09,LONG,18608.75,18609.75,2024-06-04 07:12,STOP_HIT,4,17.75,-10.75,0.138,true
PCT_R0.22pct,2024-06-04,2024-06-04 07:22,DOWN,2024-06-04 07:32,LONG,18596.50,18610.00,2024-06-04 07:33,STOP_HIT,2,2.50,-12.75,0.028,true
PCT_R0.22pct,2024-06-04,2024-06-04 08:14,UP,2024-06-04 08:42,SHORT,18618.00,18605.25,2024-06-04 08:43,STOP_HIT,2,0.00,-14.75,0.016,false
PCT_R0.22pct,2024-06-05,2024-06-04 14:08,UP,2024-06-04 15:09,SHORT,18734.00,18709.50,2024-06-04 15:10,STOP_HIT,2,0.75,-3.00,0.296,false
PCT_R0.22pct,2024-06-05,2024-06-04 18:32,DOWN,2024-06-04 23:14,LONG,18713.25,18737.75,2024-06-04 23:15,STOP_HIT,2,0.75,-2.75,0.168,false
PCT_R0.22pct,2024-06-05,2024-06-04 23:11,UP,2024-06-05 00:23,SHORT,18736.50,18736.50,2024-06-05 00:30,STOP_HIT,8,3.00,-1.75,0.158,false
PCT_R0.22pct,2024-06-06,2024-06-05 16:39,UP,2024-06-05 19:30,SHORT,19108.25,19091.25,2024-06-05 19:31,STOP_HIT,2,0.75,-2.00,0.284,false
PCT_R0.22pct,2024-06-06,2024-06-06 04:15,DOWN,2024-06-06 04:36,LONG,19081.00,19093.25,2024-06-06 04:37,STOP_HIT,2,0.25,-3.75,0.174,false
PCT_R0.22pct,2024-06-06,2024-06-06 04:40,UP,2024-06-06 05:08,SHORT,19093.50,19092.25,2024-06-06 05:09,STOP_HIT,2,2.75,1.00,0.060,false
PCT_R0.22pct,2024-06-06,2024-06-06 06:37,DOWN,2024-06-06 07:27,LONG,19071.00,19085.75,2024-06-06 07:28,STOP_HIT,2,7.75,3.00,0.062,true
PCT_R0.22pct,2024-06-06,2024-06-06 09:39,DOWN,2024-06-06 10:06,LONG,19044.25,19077.50,2024-06-06 10:07,STOP_HIT,2,10.25,-4.50,0.083,false
PCT_R0.22pct,2024-06-07,2024-06-06 14:00,UP,2024-06-06 22:55,SHORT,19099.25,19083.50,2024-06-06 22:56,STOP_HIT,2,2.75,2.00,0.238,false
PCT_R0.22pct,2024-06-07,2024-06-06 23:02,DOWN,2024-06-07 03:06,LONG,19060.25,19081.25,2024-06-07 03:07,STOP_HIT,2,4.25,3.75,0.383,false
PCT_R0.22pct,2024-06-07,2024-06-07 03:27,UP,2024-06-07 03:45,SHORT,19094.50,19080.75,2024-06-07 03:46,STOP_HIT,2,6.50,2.50,0.210,false
PCT_R0.22pct,2024-06-07,2024-06-07 05:34,UP,2024-06-07 05:51,SHORT,19039.50,19024.00,2024-06-07 05:52,STOP_HIT,2,0.25,-8.00,0.115,false
PCT_R0.22pct,2024-06-07,2024-06-07 05:54,DOWN,2024-06-07 06:13,LONG,19033.75,19030.50,2024-06-07 07:11,STOP_HIT,59,83.75,-7.75,0.086,true
PCT_R0.22pct,2024-06-07,2024-06-07 05:58,UP,2024-06-07 06:38,SHORT,19065.50,19034.50,2024-06-07 06:39,STOP_HIT,2,8.50,-8.00,0.110,false
PCT_R0.22pct,2024-06-07,2024-06-07 07:11,UP,2024-06-07 07:25,SHORT,19061.50,19039.25,2024-06-07 07:26,STOP_HIT,2,3.75,-2.25,0.219,false
PCT_R0.22pct,2024-06-07,2024-06-07 10:47,DOWN,2024-06-07 11:01,LONG,19039.00,19059.25,2024-06-07 11:05,STOP_HIT,5,28.75,9.00,0.045,false
PCT_R0.22pct,2024-06-10,2024-06-09 14:00,UP,2024-06-09 14:10,SHORT,19054.25,19038.25,2024-06-09 14:11,STOP_HIT,2,0.50,-1.50,0.115,false
PCT_R0.22pct,2024-06-10,2024-06-09 14:11,DOWN,2024-06-09 16:17,LONG,19017.75,19036.25,2024-06-09 16:18,STOP_HIT,2,2.00,2.00,0.485,false
PCT_R0.22pct,2024-06-10,2024-06-10 01:25,UP,2024-06-10 03:08,SHORT,19026.50,19019.25,2024-06-10 03:09,STOP_HIT,2,4.25,4.00,0.177,false
PCT_R0.22pct,2024-06-10,2024-06-10 03:34,DOWN,2024-06-10 04:56,LONG,18997.75,19021.25,2024-06-10 04:57,STOP_HIT,2,0.75,-4.00,0.090,false
PCT_R0.22pct,2024-06-10,2024-06-10 05:31,UP,2024-06-10 05:41,SHORT,19014.25,19012.00,2024-06-10 05:42,STOP_HIT,2,2.25,-7.25,0.008,true
PCT_R0.22pct,2024-06-11,2024-06-10 22:01,DOWN,2024-06-11 00:49,LONG,19067.25,19090.50,2024-06-11 00:50,STOP_HIT,2,7.50,4.25,0.443,false
PCT_R0.22pct,2024-06-11,2024-06-11 03:09,UP,2024-06-11 05:34,SHORT,19074.75,19061.75,2024-06-11 05:35,STOP_HIT,2,7.50,0.75,0.146,false
PCT_R0.22pct,2024-06-11,2024-06-11 05:35,DOWN,2024-06-11 05:47,LONG,19048.00,19064.25,2024-06-11 05:48,STOP_HIT,2,0.75,-22.00,0.161,false
PCT_R0.22pct,2024-06-11,2024-06-11 05:54,UP,2024-06-11 06:22,SHORT,19069.25,19059.25,2024-06-11 06:23,STOP_HIT,2,6.00,2.25,0.132,false
PCT_R0.22pct,2024-06-12,2024-06-11 14:08,UP,2024-06-11 22:29,SHORT,19275.25,19257.50,2024-06-11 22:30,STOP_HIT,2,6.00,4.50,0.317,false
PCT_R0.22pct,2024-06-12,2024-06-12 10:02,DOWN,2024-06-12 10:12,LONG,19491.75,19494.00,2024-06-12 10:13,STOP_HIT,2,5.25,-13.50,0.148,false
PCT_R0.22pct,2024-06-12,2024-06-12 10:07,UP,2024-06-12 10:19,SHORT,19516.25,19494.25,2024-06-12 10:20,STOP_HIT,2,10.25,9.75,0.108,false
PCT_R0.22pct,2024-06-12,2024-06-12 10:39,DOWN,2024-06-12 10:52,LONG,19494.75,19497.00,2024-06-12 10:53,STOP_HIT,2,4.00,-22.75,0.001,false
PCT_R0.22pct,2024-06-12,2024-06-12 11:42,UP,2024-06-12 11:58,SHORT,19520.50,19496.75,2024-06-12 12:16,STOP_HIT,19,56.75,-30.00,0.102,false
PCT_R0.22pct,2024-06-12,2024-06-12 11:58,DOWN,2024-06-12 12:08,LONG,19481.50,19496.00,2024-06-12 12:09,STOP_HIT,2,2.75,0.75,0.062,false
PCT_R0.22pct,2024-06-12,2024-06-12 12:04,UP,2024-06-12 12:23,SHORT,19561.75,19496.25,2024-06-12 12:24,STOP_HIT,2,3.75,-7.25,0.320,true
PCT_R0.22pct,2024-06-13,2024-06-12 15:05,UP,2024-06-12 19:13,SHORT,19625.25,19613.50,2024-06-12 19:14,STOP_HIT,2,0.25,-0.25,0.521,false
PCT_R0.22pct,2024-06-13,2024-06-12 23:23,DOWN,2024-06-13 03:03,LONG,19622.00,19624.25,2024-06-13 03:04,STOP_HIT,2,0.00,-4.75,0.310,true
PCT_R0.22pct,2024-06-13,2024-06-13 04:32,DOWN,2024-06-13 05:14,LONG,19626.50,19629.25,2024-06-13 06:11,STOP_HIT,58,37.00,-20.00,0.028,true
PCT_R0.22pct,2024-06-13,2024-06-13 04:50,UP,2024-06-13 05:39,SHORT,19657.75,19633.00,2024-06-13 05:40,STOP_HIT,2,6.25,4.00,0.041,false
PCT_R0.22pct,2024-06-13,2024-06-13 05:40,DOWN,2024-06-13 05:59,LONG,19630.00,19635.75,2024-06-13 06:05,STOP_HIT,7,20.50,4.25,0.053,true
PCT_R0.22pct,2024-06-13,2024-06-13 12:00,UP,2024-06-13 12:10,SHORT,19610.00,19595.75,2024-06-13 12:11,STOP_HIT,2,1.50,-4.25,0.026,true
PCT_R0.22pct,2024-06-14,2024-06-13 14:00,UP,2024-06-13 18:48,SHORT,19637.25,19616.75,2024-06-13 18:49,STOP_HIT,2,4.50,3.00,0.559,false
PCT_R0.22pct,2024-06-14,2024-06-13 22:24,DOWN,2024-06-13 23:16,LONG,19616.25,19630.25,2024-06-13 23:17,STOP_HIT,2,3.75,0.50,0.019,false
PCT_R0.22pct,2024-06-14,2024-06-13 23:19,UP,2024-06-13 23:31,SHORT,19649.25,19629.50,2024-06-13 23:32,STOP_HIT,2,3.75,1.00,0.272,false
PCT_R0.22pct,2024-06-14,2024-06-13 23:34,DOWN,2024-06-14 00:58,LONG,19615.25,19632.25,2024-06-14 00:59,STOP_HIT,2,4.25,-0.25,0.277,false
PCT_R0.22pct,2024-06-14,2024-06-14 06:24,DOWN,2024-06-14 06:43,LONG,19593.25,19600.50,2024-06-14 07:43,STOP_HIT,61,40.25,-1.00,0.095,true
PCT_R0.22pct,2024-06-14,2024-06-14 06:38,UP,2024-06-14 06:50,SHORT,19619.25,19601.25,2024-06-14 06:51,STOP_HIT,2,4.00,1.25,0.011,false
PCT_R0.22pct,2024-06-14,2024-06-14 07:50,UP,2024-06-14 08:03,SHORT,19617.25,19606.75,2024-06-14 08:04,STOP_HIT,2,3.25,-3.25,0.129,false
PCT_R0.22pct,2024-06-17,2024-06-16 14:00,DOWN,2024-06-16 14:10,LONG,19691.75,19685.50,2024-06-16 22:07,STOP_HIT,477,33.75,-12.75,0.229,false
PCT_R0.22pct,2024-06-17,2024-06-16 14:01,UP,2024-06-16 14:20,SHORT,19712.00,19693.25,2024-06-16 14:21,STOP_HIT,2,0.00,-0.50,0.158,true
PCT_R0.22pct,2024-06-17,2024-06-16 15:21,DOWN,2024-06-16 22:02,LONG,19683.25,19702.25,2024-06-16 22:03,STOP_HIT,2,9.50,5.25,0.281,false
PCT_R0.22pct,2024-06-17,2024-06-16 22:09,UP,2024-06-16 23:15,SHORT,19718.50,19702.00,2024-06-16 23:16,STOP_HIT,2,3.00,-1.00,0.077,false
PCT_R0.22pct,2024-06-17,2024-06-17 00:17,DOWN,2024-06-17 00:47,LONG,19700.25,19707.50,2024-06-17 00:48,STOP_HIT,2,1.00,1.00,0.085,false
PCT_R0.22pct,2024-06-17,2024-06-17 06:17,DOWN,2024-06-17 06:28,LONG,19676.50,19697.25,2024-06-17 06:29,STOP_HIT,2,10.50,7.25,0.132,false
PCT_R0.22pct,2024-06-17,2024-06-17 06:29,UP,2024-06-17 06:39,SHORT,19713.25,19697.00,2024-06-17 06:40,STOP_HIT,2,15.25,12.50,0.077,true
PCT_R0.22pct,2024-06-18,2024-06-17 14:25,DOWN,2024-06-17 16:34,LONG,19907.25,19931.50,2024-06-17 16:35,STOP_HIT,2,4.75,-2.25,0.442,false
PCT_R0.22pct,2024-06-18,2024-06-17 17:59,UP,2024-06-17 22:25,SHORT,19929.50,19915.00,2024-06-17 22:26,STOP_HIT,2,2.50,0.50,0.509,false
PCT_R0.22pct,2024-06-18,2024-06-18 04:30,DOWN,2024-06-18 04:44,LONG,19923.00,19934.50,2024-06-18 04:45,STOP_HIT,2,12.50,10.00,0.138,false
PCT_R0.22pct,2024-06-18,2024-06-18 06:11,DOWN,2024-06-18 06:21,LONG,19897.00,19926.75,2024-06-18 06:22,STOP_HIT,2,14.75,9.75,0.086,false
PCT_R0.22pct,2024-06-18,2024-06-18 09:50,DOWN,2024-06-18 10:05,LONG,19905.00,19917.75,2024-06-18 10:06,STOP_HIT,2,8.75,7.75,0.258,true
PCT_R0.22pct,2024-06-18,2024-06-18 10:03,UP,2024-06-18 11:55,SHORT,19923.75,19916.25,2024-06-18 11:56,STOP_HIT,2,9.25,-8.00,0.120,true
PCT_R0.22pct,2024-06-19,2024-06-18 14:01,UP,2024-06-19 04:57,SHORT,19969.75,19950.00,2024-06-19 04:58,STOP_HIT,2,4.25,3.00,0.048,false
PCT_R0.22pct,2024-06-20,2024-06-19 14:29,UP,2024-06-19 19:46,SHORT,19998.00,19977.50,2024-06-19 19:47,STOP_HIT,2,2.25,1.75,0.434,false
PCT_R0.22pct,2024-06-20,2024-06-19 23:31,DOWN,2024-06-20 04:13,LONG,20013.50,20039.00,2024-06-20 04:14,STOP_HIT,2,2.25,-3.25,0.043,true
PCT_R0.22pct,2024-08-22,2024-08-21 16:11,DOWN,2024-08-21 18:18,LONG,19898.75,19931.50,2024-08-21 18:19,STOP_HIT,2,2.25,-9.25,0.569,false
PCT_R0.22pct,2024-08-22,2024-08-21 19:14,UP,2024-08-22 00:08,SHORT,19907.25,19910.25,2024-08-22 00:17,STOP_HIT,10,10.75,-8.25,0.352,true
PCT_R0.22pct,2024-08-23,2024-08-22 14:00,UP,2024-08-22 16:26,SHORT,19653.75,19629.25,2024-08-22 16:27,STOP_HIT,2,0.00,-1.00,0.333,false
PCT_R0.22pct,2024-08-23,2024-08-23 05:19,DOWN,2024-08-23 05:45,LONG,19719.25,19722.50,2024-08-23 06:49,STOP_HIT,65,185.00,-42.00,0.037,false
PCT_R0.22pct,2024-08-23,2024-08-23 05:34,UP,2024-08-23 05:49,SHORT,19753.00,19724.25,2024-08-23 05:50,STOP_HIT,2,8.75,4.00,0.130,false
PCT_R0.22pct,2024-08-23,2024-08-23 09:45,DOWN,2024-08-23 10:00,LONG,19732.75,19733.00,2024-08-23 11:01,STOP_HIT,62,33.75,-10.75,0.048,true
PCT_R0.22pct,2024-08-23,2024-08-23 10:50,DOWN,2024-08-23 11:02,LONG,19722.75,19736.25,2024-08-23 11:03,STOP_HIT,2,2.00,1.00,0.109,false
PCT_R0.22pct,2024-08-23,2024-08-23 11:02,UP,2024-08-23 11:12,SHORT,19758.50,19736.00,2024-08-23 11:13,STOP_HIT,2,5.25,-17.00,0.173,false
PCT_R0.22pct,2024-08-26,2024-08-25 14:00,UP,2024-08-25 14:10,SHORT,19815.75,19806.25,2024-08-25 14:11,STOP_HIT,2,0.00,-2.50,0.278,true
PCT_R0.22pct,2024-08-26,2024-08-25 14:07,DOWN,2024-08-25 14:33,LONG,19787.50,19811.25,2024-08-25 14:34,STOP_HIT,2,0.50,-24.25,0.298,false
PCT_R0.22pct,2024-08-26,2024-08-25 15:00,UP,2024-08-25 16:55,SHORT,19805.50,19770.00,2024-08-25 16:56,STOP_HIT,2,1.75,-1.75,0.097,true
PCT_R0.22pct,2024-08-26,2024-08-25 19:47,UP,2024-08-25 22:34,SHORT,19802.00,19785.50,2024-08-25 22:35,STOP_HIT,2,10.50,9.25,0.345,true
PCT_R0.22pct,2024-08-26,2024-08-26 05:31,UP,2024-08-26 05:41,SHORT,19783.75,19785.00,2024-08-26 12:59,TIME_EXPIRED,439,278.25,234.75,0.087,true
PCT_R0.22pct,2024-08-26,2024-08-26 05:34,DOWN,2024-08-26 05:44,LONG,19750.25,19783.00,2024-08-26 05:45,STOP_HIT,2,12.25,-10.25,0.086,false
PCT_R0.22pct,2024-08-27,2024-08-26 14:03,DOWN,2024-08-26 14:32,LONG,19538.50,19545.75,2024-08-26 14:33,STOP_HIT,2,0.50,-11.50,0.137,false
PCT_R0.22pct,2024-08-27,2024-08-26 14:48,UP,2024-08-26 15:22,SHORT,19563.50,19542.75,2024-08-26 15:23,STOP_HIT,2,1.50,-6.00,0.392,false
PCT_R0.22pct,2024-08-27,2024-08-26 16:33,DOWN,2024-08-26 16:54,LONG,19558.50,19565.75,2024-08-26 16:55,STOP_HIT,2,5.50,2.00,0.035,true
PCT_R0.22pct,2024-08-27,2024-08-26 17:40,UP,2024-08-26 18:32,SHORT,19586.75,19565.25,2024-08-26 18:33,STOP_HIT,2,1.25,-7.50,0.258,false
PCT_R0.22pct,2024-08-27,2024-08-27 01:24,DOWN,2024-08-27 02:42,LONG,19589.75,19597.25,2024-08-27 02:43,STOP_HIT,2,0.75,-7.25,0.108,true
PCT_R0.22pct,2024-08-27,2024-08-27 03:03,UP,2024-08-27 03:32,SHORT,19610.00,19593.00,2024-08-27 03:33,STOP_HIT,2,6.00,0.25,0.226,false
PCT_R0.22pct,2024-08-27,2024-08-27 03:45,DOWN,2024-08-27 04:12,LONG,19571.00,19594.00,2024-08-27 04:13,STOP_HIT,2,5.00,-2.00,0.187,false
PCT_R0.22pct,2024-08-27,2024-08-27 05:55,DOWN,2024-08-27 06:07,LONG,19547.00,19542.25,2024-08-27 12:59,TIME_EXPIRED,413,147.25,89.00,0.175,false
PCT_R0.22pct,2024-08-27,2024-08-27 05:58,UP,2024-08-27 06:11,SHORT,19579.00,19544.25,2024-08-27 06:12,STOP_HIT,2,8.25,-9.25,0.227,false
PCT_R0.22pct,2024-08-28,2024-08-27 14:02,DOWN,2024-08-27 14:12,LONG,19605.75,19635.50,2024-08-27 14:13,STOP_HIT,2,5.50,0.50,0.057,true
PCT_R0.22pct,2024-08-28,2024-08-27 15:26,UP,2024-08-27 16:50,SHORT,19603.00,19592.25,2024-08-27 16:51,STOP_HIT,2,2.50,0.25,0.157,true
PCT_R0.22pct,2024-08-28,2024-08-28 04:10,UP,2024-08-28 05:03,SHORT,19645.50,19633.25,2024-08-28 05:04,STOP_HIT,2,2.25,0.75,0.259,false
PCT_R0.22pct,2024-08-28,2024-08-28 05:02,DOWN,2024-08-28 05:18,LONG,19603.25,19631.25,2024-08-28 05:19,STOP_HIT,2,9.00,4.50,0.379,false
PCT_R0.22pct,2024-08-28,2024-08-28 05:18,UP,2024-08-28 05:33,SHORT,19640.75,19631.25,2024-08-28 12:59,TIME_EXPIRED,447,413.50,330.50,0.058,true
PCT_R0.22pct,2024-08-28,2024-08-28 05:30,DOWN,2024-08-28 05:40,LONG,19586.25,19629.00,2024-08-28 05:41,STOP_HIT,2,31.50,25.75,0.205,false
PCT_R0.22pct,2024-08-28,2024-08-28 11:02,DOWN,2024-08-28 11:12,LONG,19427.75,19444.75,2024-08-28 11:13,STOP_HIT,2,2.50,-14.00,0.095,true
PCT_R0.22pct,2024-08-28,2024-08-28 11:13,UP,2024-08-28 11:30,SHORT,19455.50,19442.25,2024-08-28 11:31,STOP_HIT,2,7.00,-5.50,0.163,false
PCT_R0.22pct,2024-08-29,2024-08-28 14:07,DOWN,2024-08-28 14:17,LONG,19243.25,19231.25,2024-08-28 14:20,STOP_HIT,4,4.25,-20.75,0.021,false
PCT_R0.22pct,2024-08-29,2024-08-28 14:46,UP,2024-08-28 17:29,SHORT,19224.50,19221.00,2024-08-28 17:36,STOP_HIT,8,9.00,-3.00,0.084,true
PCT_R0.22pct,2024-08-29,2024-08-29 09:48,UP,2024-08-29 09:58,SHORT,19626.25,19593.00,2024-08-29 09:59,STOP_HIT,2,2.75,-7.50,0.050,true
PCT_R0.22pct,2024-08-29,2024-08-29 09:59,DOWN,2024-08-29 10:09,LONG,19584.50,19593.50,2024-08-29 10:10,STOP_HIT,2,7.00,-13.50,0.029,false
PCT_R0.22pct,2024-08-30,2024-08-29 14:03,DOWN,2024-08-29 14:17,LONG,19430.75,19434.75,2024-08-29 14:23,STOP_HIT,7,14.00,-5.75,0.222,false
PCT_R0.22pct,2024-08-30,2024-08-29 16:07,UP,2024-08-29 16:51,SHORT,19444.25,19432.00,2024-08-29 16:52,STOP_HIT,2,3.00,2.25,0.412,false
PCT_R0.22pct,2024-08-30,2024-08-30 06:26,UP,2024-08-30 06:36,SHORT,19576.00,19546.25,2024-08-30 06:37,STOP_HIT,2,7.75,3.25,0.189,false
PCT_R0.22pct,2024-08-30,2024-08-30 10:00,UP,2024-08-30 10:54,SHORT,19533.25,19490.00,2024-08-30 10:55,STOP_HIT,2,15.00,14.00,0.111,true
PCT_R0.22pct,2024-09-02,2024-09-01 14:02,DOWN,2024-09-01 14:36,LONG,19587.00,19603.50,2024-09-01 14:37,STOP_HIT,2,4.50,3.75,0.355,false
PCT_R0.22pct,2024-09-02,2024-09-01 14:49,UP,2024-09-01 16:52,SHORT,19612.50,19595.75,2024-09-01 16:53,STOP_HIT,2,0.50,-3.25,0.308,false
PCT_R0.22pct,2024-09-02,2024-09-01 17:31,DOWN,2024-09-01 19:38,LONG,19577.00,19598.00,2024-09-01 19:39,STOP_HIT,2,7.75,5.25,0.848,false
PCT_R0.22pct,2024-09-02,2024-09-01 23:30,UP,2024-09-02 04:16,SHORT,19620.00,19585.50,2024-09-02 04:17,STOP_HIT,2,1.00,-1.00,0.019,true
PCT_R0.22pct,2024-09-03,2024-09-02 14:14,DOWN,2024-09-02 14:38,LONG,19635.50,19663.50,2024-09-02 14:39,STOP_HIT,2,3.50,0.00,0.164,false
PCT_R0.22pct,2024-09-03,2024-09-02 15:41,UP,2024-09-02 18:11,SHORT,19588.00,19594.25,2024-09-02 18:18,STOP_HIT,8,1.25,-8.25,0.321,false
PCT_R0.22pct,2024-09-03,2024-09-02 17:16,DOWN,2024-09-02 18:58,LONG,19565.00,19592.50,2024-09-02 18:59,STOP_HIT,2,1.00,-12.75,0.508,false
PCT_R0.22pct,2024-09-03,2024-09-02 22:26,UP,2024-09-02 23:04,SHORT,19602.00,19573.00,2024-09-02 23:05,STOP_HIT,2,7.75,7.50,0.270,false
PCT_R0.22pct,2024-09-03,2024-09-02 23:44,DOWN,2024-09-03 00:56,LONG,19529.50,19582.00,2024-09-03 00:57,STOP_HIT,2,6.00,-1.25,0.251,false
PCT_R0.22pct,2024-09-04,2024-09-03 14:02,DOWN,2024-09-03 14:12,LONG,18973.25,18977.75,2024-09-03 14:13,STOP_HIT,2,5.75,1.00,0.344,true
PCT_R0.22pct,2024-09-04,2024-09-03 14:08,UP,2024-09-03 14:18,SHORT,18976.50,18977.50,2024-09-03 14:19,STOP_HIT,2,1.00,-5.50,0.263,false
PCT_R0.22pct,2024-09-04,2024-09-03 14:25,DOWN,2024-09-03 15:06,LONG,18959.25,18980.25,2024-09-03 15:07,STOP_HIT,2,1.00,-10.00,0.179,false
PCT_R0.22pct,2024-09-04,2024-09-03 15:50,UP,2024-09-03 16:06,SHORT,18975.00,18967.25,2024-09-03 16:07,STOP_HIT,2,1.50,-0.75,0.020,false
PCT_R0.22pct,2024-09-04,2024-09-03 16:08,DOWN,2024-09-03 16:38,LONG,18940.00,18967.25,2024-09-03 16:39,STOP_HIT,2,2.00,-40.75,0.419,false
PCT_R0.22pct,2024-09-04,2024-09-03 17:47,DOWN,2024-09-03 18:00,LONG,18888.25,18918.25,2024-09-03 18:01,STOP_HIT,2,10.50,-4.50,0.424,false
PCT_R0.22pct,2024-09-04,2024-09-03 18:35,DOWN,2024-09-03 18:46,LONG,18894.25,18914.25,2024-09-03 18:47,STOP_HIT,2,19.25,19.25,0.041,false
PCT_R0.22pct,2024-09-04,2024-09-03 22:30,DOWN,2024-09-03 22:53,LONG,18870.00,18895.25,2024-09-03 22:54,STOP_HIT,2,9.75,-7.00,0.131,false
PCT_R0.22pct,2024-09-04,2024-09-03 23:49,DOWN,2024-09-04 00:13,LONG,18891.00,18891.25,2024-09-04 00:14,STOP_HIT,2,0.00,-12.25,0.244,true
PCT_R0.22pct,2024-09-04,2024-09-04 00:16,UP,2024-09-04 00:31,SHORT,18916.00,18891.00,2024-09-04 00:32,STOP_HIT,2,1.75,0.00,0.146,false
PCT_R0.22pct,2024-09-04,2024-09-04 01:46,DOWN,2024-09-04 02:48,LONG,18885.50,18894.50,2024-09-04 02:49,STOP_HIT,2,5.50,-0.50,0.364,true
PCT_R0.22pct,2024-09-04,2024-09-04 04:48,DOWN,2024-09-04 05:26,LONG,18872.25,18890.50,2024-09-04 05:27,STOP_HIT,2,4.00,1.50,0.121,false
PCT_R0.22pct,2024-09-04,2024-09-04 10:32,DOWN,2024-09-04 10:42,LONG,18970.75,18972.50,2024-09-04 10:44,STOP_HIT,3,9.25,-8.50,0.015,true
PCT_R0.22pct,2024-09-04,2024-09-04 11:10,UP,2024-09-04 11:52,SHORT,19007.00,18967.50,2024-09-04 11:53,STOP_HIT,2,29.75,22.00,0.104,false
PCT_R0.22pct,2024-09-05,2024-09-04 14:37,DOWN,2024-09-04 15:17,LONG,18945.75,18969.75,2024-09-04 15:18,STOP_HIT,2,4.25,-2.75,0.141,false
PCT_R0.22pct,2024-09-05,2024-09-04 15:43,UP,2024-09-04 16:26,SHORT,18983.75,18948.25,2024-09-04 16:27,STOP_HIT,2,4.00,2.50,0.320,false
PCT_R0.22pct,2024-09-05,2024-09-04 17:36,DOWN,2024-09-04 18:22,LONG,18967.25,18970.50,2024-09-04 18:23,STOP_HIT,2,1.75,0.50,0.350,true
PCT_R0.22pct,2024-09-05,2024-09-04 23:00,UP,2024-09-04 23:16,SHORT,18966.50,18941.00,2024-09-04 23:17,STOP_HIT,2,12.50,3.25,0.185,false
PCT_R0.22pct,2024-09-05,2024-09-05 03:31,DOWN,2024-09-05 03:49,LONG,18922.00,18946.50,2024-09-05 03:50,STOP_HIT,2,5.50,-7.25,0.010,true
PCT_R0.22pct,2024-09-05,2024-09-05 09:30,UP,2024-09-05 09:46,SHORT,18985.50,18948.25,2024-09-05 09:47,STOP_HIT,2,3.50,-16.50,0.040,true
PCT_R0.22pct,2024-09-05,2024-09-05 11:16,UP,2024-09-05 11:39,SHORT,18970.50,18959.50,2024-09-05 12:00,STOP_HIT,22,71.25,-12.00,0.158,true
PCT_R0.22pct,2024-09-05,2024-09-05 11:34,DOWN,2024-09-05 11:44,LONG,18923.00,18959.00,2024-09-05 11:45,STOP_HIT,2,11.00,4.25,0.086,false
PCT_R0.22pct,2024-09-06,2024-09-05 14:01,DOWN,2024-09-05 15:20,LONG,18892.50,18915.50,2024-09-05 15:21,STOP_HIT,2,4.50,1.75,0.532,false
PCT_R0.22pct,2024-09-06,2024-09-05 17:03,UP,2024-09-05 19:08,SHORT,18894.25,18872.25,2024-09-05 19:09,STOP_HIT,2,0.00,-7.50,0.113,false
PCT_R0.22pct,2024-09-06,2024-09-05 19:15,DOWN,2024-09-05 21:45,LONG,18833.25,18874.25,2024-09-05 21:46,STOP_HIT,2,15.25,14.00,0.430,false
PCT_R0.22pct,2024-09-06,2024-09-05 21:44,UP,2024-09-05 22:01,SHORT,18876.00,18874.00,2024-09-05 22:02,STOP_HIT,2,2.00,-4.00,0.041,false
PCT_R0.22pct,2024-09-09,2024-09-08 14:05,DOWN,2024-09-08 14:15,LONG,18408.75,18411.25,2024-09-08 15:01,STOP_HIT,47,35.50,-7.50,0.114,true
PCT_R0.22pct,2024-09-09,2024-09-08 14:07,UP,2024-09-08 14:18,SHORT,18436.25,18413.00,2024-09-08 14:19,STOP_HIT,2,6.50,2.75,0.155,false
PCT_R0.22pct,2024-09-09,2024-09-08 14:18,DOWN,2024-09-08 15:01,LONG,18403.00,18423.25,2024-09-08 15:02,STOP_HIT,2,4.75,-9.25,0.066,false
PCT_R0.22pct,2024-09-09,2024-09-08 15:15,UP,2024-09-08 15:25,SHORT,18449.00,18419.75,2024-09-08 15:26,STOP_HIT,2,7.00,0.25,0.273,false
PCT_R0.22pct,2024-09-09,2024-09-09 07:13,UP,2024-09-09 08:09,SHORT,18644.00,18597.75,2024-09-09 08:10,STOP_HIT,2,1.25,-14.00,0.014,false
PCT_R0.22pct,2024-09-09,2024-09-09 09:53,DOWN,2024-09-09 10:15,LONG,18605.25,18621.00,2024-09-09 10:16,STOP_HIT,2,7.25,5.00,0.039,false
PCT_R0.22pct,2024-09-09,2024-09-09 10:39,UP,2024-09-09 11:41,SHORT,18661.75,18613.75,2024-09-09 11:42,STOP_HIT,2,2.25,-1.25,0.044,false
PCT_R0.22pct,2024-09-10,2024-09-09 14:03,DOWN,2024-09-09 14:46,LONG,18704.00,18719.75,2024-09-09 14:47,STOP_HIT,2,3.25,0.50,0.182,false
PCT_R0.22pct,2024-09-10,2024-09-09 22:07,UP,2024-09-10 00:13,SHORT,18671.00,18663.00,2024-09-10 00:14,STOP_HIT,2,4.25,2.75,0.257,true
PCT_R0.22pct,2024-09-10,2024-09-10 00:00,DOWN,2024-09-10 00:57,LONG,18641.00,18662.75,2024-09-10 00:58,STOP_HIT,2,5.25,3.25,0.228,true
PCT_R0.22pct,2024-09-10,2024-09-10 01:10,UP,2024-09-10 03:50,SHORT,18695.75,18657.75,2024-09-10 03:51,STOP_HIT,2,0.25,-1.50,0.411,false
PCT_R0.22pct,2024-09-10,2024-09-10 06:29,DOWN,2024-09-10 06:52,LONG,18700.00,18737.75,2024-09-10 06:53,STOP_HIT,2,20.00,11.50,0.029,false
PCT_R0.22pct,2024-09-10,2024-09-10 06:51,UP,2024-09-10 07:30,SHORT,18774.75,18737.00,2024-09-10 07:31,STOP_HIT,2,0.25,-1.25,0.081,true
PCT_R0.22pct,2024-09-11,2024-09-10 15:40,DOWN,2024-09-10 16:20,LONG,18816.25,18835.50,2024-09-10 16:21,STOP_HIT,2,4.75,3.75,0.426,false
PCT_R0.22pct,2024-09-11,2024-09-10 21:29,UP,2024-09-10 23:10,SHORT,18801.50,18785.75,2024-09-10 23:11,STOP_HIT,2,5.75,-1.50,0.141,true
PCT_R0.22pct,2024-09-11,2024-09-11 00:46,UP,2024-09-11 01:54,SHORT,18800.75,18792.25,2024-09-11 01:55,STOP_HIT,2,0.00,-4.00,0.077,true
PCT_R0.22pct,2024-09-12,2024-09-11 14:00,UP,2024-09-11 16:29,SHORT,19268.00,19244.50,2024-09-11 16:30,STOP_HIT,2,0.25,-4.75,0.109,false
PCT_R0.22pct,2024-09-12,2024-09-11 16:33,DOWN,2024-09-11 17:15,LONG,19243.75,19248.00,2024-09-12 05:31,STOP_HIT,737,99.00,-30.25,0.273,false
PCT_R0.22pct,2024-09-12,2024-09-11 23:29,DOWN,2024-09-12 00:01,LONG,19263.50,19294.00,2024-09-12 00:02,STOP_HIT,2,17.50,5.50,0.161,false
PCT_R0.22pct,2024-09-12,2024-09-12 00:04,UP,2024-09-12 00:46,SHORT,19307.50,19291.50,2024-09-12 00:47,STOP_HIT,2,5.25,1.75,0.246,true
PCT_R0.22pct,2024-09-12,2024-09-12 01:23,DOWN,2024-09-12 02:07,LONG,19291.50,19295.75,2024-09-12 02:08,STOP_HIT,2,5.25,0.50,0.070,true
PCT_R0.22pct,2024-09-12,2024-09-12 03:05,UP,2024-09-12 04:21,SHORT,19314.25,19295.25,2024-09-12 04:22,STOP_HIT,2,2.50,0.25,0.123,true
PCT_R0.22pct,2024-09-12,2024-09-12 07:58,UP,2024-09-12 08:08,SHORT,19280.00,19282.75,2024-09-12 08:09,STOP_HIT,2,8.25,-13.00,0.148,true
PCT_R0.22pct,2024-09-13,2024-09-12 14:00,UP,2024-09-12 15:06,SHORT,19454.25,19435.75,2024-09-12 15:07,STOP_HIT,2,0.00,-4.50,0.346,false
PCT_R0.22pct,2024-09-13,2024-09-12 16:37,DOWN,2024-09-12 18:38,LONG,19430.75,19449.50,2024-09-12 18:39,STOP_HIT,2,4.00,1.25,0.211,false
PCT_R0.22pct,2024-09-13,2024-09-12 18:42,UP,2024-09-12 21:10,SHORT,19463.25,19447.25,2024-09-12 21:11,STOP_HIT,2,4.25,0.75,0.000,false
PCT_R0.22pct,2024-09-13,2024-09-12 21:42,DOWN,2024-09-12 22:21,LONG,19437.00,19448.75,2024-09-12 22:22,STOP_HIT,2,3.75,-1.25,0.622,false
PCT_R0.22pct,2024-09-13,2024-09-12 22:11,UP,2024-09-12 23:29,SHORT,19472.00,19450.00,2024-09-12 23:30,STOP_HIT,2,2.25,0.25,0.017,false
PCT_R0.22pct,2024-09-13,2024-09-12 23:29,DOWN,2024-09-13 00:02,LONG,19427.25,19450.00,2024-09-13 00:03,STOP_HIT,2,6.25,-0.25,0.212,false
PCT_R0.22pct,2024-09-13,2024-09-13 00:01,UP,2024-09-13 01:08,SHORT,19462.75,19449.75,2024-09-13 01:09,STOP_HIT,2,1.25,0.75,0.252,true
PCT_R0.22pct,2024-09-13,2024-09-13 01:49,DOWN,2024-09-13 04:40,LONG,19431.75,19452.75,2024-09-13 04:41,STOP_HIT,2,1.25,-10.00,0.311,false
PCT_R0.22pct,2024-09-13,2024-09-13 04:42,UP,2024-09-13 05:02,SHORT,19446.00,19451.75,2024-09-13 05:37,STOP_HIT,36,47.75,-30.50,0.150,true
PCT_R0.22pct,2024-09-13,2024-09-13 05:30,UP,2024-09-13 05:40,SHORT,19470.50,19448.25,2024-09-13 05:41,STOP_HIT,2,15.75,-5.00,0.084,false
PCT_R0.22pct,2024-09-13,2024-09-13 06:31,UP,2024-09-13 06:41,SHORT,19493.25,19462.00,2024-09-13 06:42,STOP_HIT,2,0.75,-6.25,0.146,false
PCT_R0.22pct,2024-09-16,2024-09-15 14:00,DOWN,2024-09-15 14:25,LONG,19483.00,19509.25,2024-09-15 14:26,STOP_HIT,2,4.25,4.25,0.408,false
PCT_R0.22pct,2024-09-16,2024-09-15 14:25,UP,2024-09-15 15:13,SHORT,19523.00,19502.75,2024-09-15 15:14,STOP_HIT,2,3.00,-2.00,0.357,false
PCT_R0.22pct,2024-09-16,2024-09-15 15:48,DOWN,2024-09-15 17:17,LONG,19499.25,19520.00,2024-09-15 17:18,STOP_HIT,2,7.00,6.75,0.433,false
PCT_R0.22pct,2024-09-16,2024-09-15 22:35,UP,2024-09-16 00:51,SHORT,19524.50,19518.00,2024-09-16 00:52,STOP_HIT,2,1.75,-0.50,0.154,false
PCT_R0.22pct,2024-09-16,2024-09-16 00:27,DOWN,2024-09-16 02:08,LONG,19499.50,19518.50,2024-09-16 02:09,STOP_HIT,2,1.75,-6.25,0.098,false
PCT_R0.22pct,2024-09-16,2024-09-16 06:03,UP,2024-09-16 06:13,SHORT,19440.50,19440.50,2024-09-16 06:14,STOP_HIT,2,0.00,-16.50,0.067,false
PCT_R0.22pct,2024-09-16,2024-09-16 08:21,UP,2024-09-16 10:31,SHORT,19429.00,19390.50,2024-09-16 10:32,STOP_HIT,2,8.00,1.25,0.174,true
PCT_R0.22pct,2024-09-17,2024-09-16 14:00,UP,2024-09-16 14:25,SHORT,19459.50,19441.50,2024-09-16 14:26,STOP_HIT,2,1.25,0.75,0.352,false
PCT_R0.22pct,2024-09-17,2024-09-16 14:39,DOWN,2024-09-16 16:42,LONG,19426.00,19445.25,2024-09-16 16:43,STOP_HIT,2,1.75,-2.25,0.037,false
PCT_R0.22pct,2024-09-17,2024-09-16 17:28,UP,2024-09-16 23:15,SHORT,19470.75,19441.00,2024-09-16 23:16,STOP_HIT,2,2.50,-16.50,0.564,false
PCT_R0.22pct,2024-09-17,2024-09-17 05:54,UP,2024-09-17 06:06,SHORT,19555.75,19524.75,2024-09-17 06:07,STOP_HIT,2,12.00,-0.25,0.030,false
PCT_R0.22pct,2024-09-17,2024-09-17 06:59,UP,2024-09-17 07:09,SHORT,19547.75,19541.75,2024-09-17 07:10,STOP_HIT,2,2.25,-6.75,0.077,false
PCT_R0.22pct,2024-09-17,2024-09-17 07:16,DOWN,2024-09-17 07:31,LONG,19525.50,19543.25,2024-09-17 07:32,STOP_HIT,2,9.50,-5.50,0.021,false
PCT_R0.22pct,2024-09-18,2024-09-17 18:05,DOWN,2024-09-17 20:58,LONG,19436.00,19463.50,2024-09-17 20:59,STOP_HIT,2,6.00,5.75,0.294,false
PCT_R0.22pct,2024-09-18,2024-09-17 21:34,UP,2024-09-17 22:18,SHORT,19474.25,19459.50,2024-09-17 22:19,STOP_HIT,2,3.50,1.75,0.310,false
PCT_R0.22pct,2024-09-18,2024-09-17 23:12,DOWN,2024-09-17 23:43,LONG,19449.00,19464.50,2024-09-17 23:44,STOP_HIT,2,6.25,6.25,0.358,false
PCT_R0.22pct,2024-09-18,2024-09-18 00:30,UP,2024-09-18 02:19,SHORT,19466.00,19459.75,2024-09-18 02:20,STOP_HIT,2,0.00,-4.25,0.091,true
PCT_R0.22pct,2024-09-18,2024-09-18 03:21,DOWN,2024-09-18 04:13,LONG,19447.00,19463.75,2024-09-18 04:14,STOP_HIT,2,0.00,-7.25,0.610,false
PCT_R0.22pct,2024-09-18,2024-09-18 04:16,UP,2024-09-18 04:37,SHORT,19479.75,19463.25,2024-09-18 04:38,STOP_HIT,2,0.00,-7.25,0.250,false
PCT_R0.22pct,2024-09-18,2024-09-18 05:27,DOWN,2024-09-18 05:41,LONG,19455.25,19466.25,2024-09-18 05:44,STOP_HIT,4,18.50,5.00,0.047,true
PCT_R0.22pct,2024-09-18,2024-09-18 05:50,UP,2024-09-18 06:00,SHORT,19472.75,19464.75,2024-09-18 06:01,STOP_HIT,2,10.50,2.75,0.224,false
PCT_R0.22pct,2024-09-18,2024-09-18 06:25,UP,2024-09-18 06:49,SHORT,19481.25,19462.50,2024-09-18 06:50,STOP_HIT,2,16.50,13.75,0.333,false
PCT_R0.22pct,2024-09-18,2024-09-18 06:43,DOWN,2024-09-18 07:09,LONG,19452.25,19462.50,2024-09-18 07:10,STOP_HIT,2,0.00,-14.75,0.236,true
PCT_R0.22pct,2024-09-18,2024-09-18 09:32,DOWN,2024-09-18 09:51,LONG,19455.25,19456.00,2024-09-18 09:53,STOP_HIT,3,4.50,-8.00,0.200,false
PCT_R0.22pct,2024-09-19,2024-09-18 14:00,UP,2024-09-18 14:29,SHORT,19452.00,19440.25,2024-09-18 14:30,STOP_HIT,2,5.75,3.75,0.324,false
PCT_R0.22pct,2024-09-19,2024-09-18 14:33,DOWN,2024-09-18 15:24,LONG,19418.75,19439.50,2024-09-18 15:25,STOP_HIT,2,11.00,3.25,0.067,false
PCT_R0.22pct,2024-09-19,2024-09-18 15:31,UP,2024-09-18 15:54,SHORT,19459.25,19434.25,2024-09-18 15:55,STOP_HIT,2,0.50,-24.00,0.010,false
PCT_R0.22pct,2024-09-19,2024-09-18 17:13,UP,2024-09-18 17:24,SHORT,19487.50,19469.25,2024-09-18 17:25,STOP_HIT,2,0.50,-6.00,0.273,false
PCT_R0.22pct,2024-09-19,2024-09-18 17:26,DOWN,2024-09-18 17:37,LONG,19471.75,19467.75,2024-09-19 12:59,TIME_EXPIRED,1158,494.50,356.50,0.130,true
PCT_R0.22pct,2024-09-19,2024-09-18 17:31,UP,2024-09-18 17:43,SHORT,19486.25,19469.75,2024-09-18 17:44,STOP_HIT,2,1.00,-3.00,0.111,true
PCT_R0.22pct,2024-11-21,2024-11-20 13:00,DOWN,2024-11-20 13:16,LONG,20697.75,20720.25,2024-11-20 13:17,STOP_HIT,2,9.75,4.25,0.200,false
PCT_R0.22pct,2024-11-21,2024-11-20 13:15,UP,2024-11-20 13:31,SHORT,20740.50,20720.75,2024-11-20 13:32,STOP_HIT,2,1.25,-13.75,0.319,false
PCT_R0.22pct,2024-11-21,2024-11-20 13:42,DOWN,2024-11-20 14:19,LONG,20708.25,20728.00,2024-11-20 14:20,STOP_HIT,2,7.25,5.25,0.260,false
PCT_R0.22pct,2024-11-21,2024-11-20 17:36,DOWN,2024-11-20 18:02,LONG,20643.75,20670.75,2024-11-20 18:03,STOP_HIT,2,9.00,9.00,0.210,false
PCT_R0.22pct,2024-11-21,2024-11-20 18:02,UP,2024-11-20 19:06,SHORT,20684.25,20672.50,2024-11-20 19:07,STOP_HIT,2,1.00,-0.50,0.711,false
PCT_R0.22pct,2024-11-21,2024-11-20 21:35,UP,2024-11-20 22:07,SHORT,20675.00,20674.50,2024-11-20 22:08,STOP_HIT,2,0.50,-1.00,0.210,true
PCT_R0.22pct,2024-11-21,2024-11-20 22:03,DOWN,2024-11-20 22:18,LONG,20655.75,20674.50,2024-11-20 22:19,STOP_HIT,2,14.00,11.50,0.091,false
PCT_R0.22pct,2024-11-21,2024-11-20 22:45,UP,2024-11-20 22:58,SHORT,20680.50,20672.00,2024-11-20 22:59,STOP_HIT,2,9.50,4.50,0.030,true
PCT_R0.22pct,2024-11-21,2024-11-20 23:28,UP,2024-11-21 01:18,SHORT,20732.00,20666.00,2024-11-21 01:19,STOP_HIT,2,2.00,1.00,0.098,false
PCT_R0.22pct,2024-11-21,2024-11-21 04:51,DOWN,2024-11-21 05:01,LONG,20643.75,20707.75,2024-11-21 05:02,STOP_HIT,2,14.50,-30.50,0.124,false
PCT_R0.22pct,2024-11-22,2024-11-21 13:37,DOWN,2024-11-21 13:52,LONG,20764.00,20785.50,2024-11-21 13:53,STOP_HIT,2,8.25,7.00,0.040,false
PCT_R0.22pct,2024-11-22,2024-11-21 13:52,UP,2024-11-21 15:21,SHORT,20802.50,20782.50,2024-11-21 15:22,STOP_HIT,2,0.50,-5.50,0.058,false
PCT_R0.22pct,2024-11-22,2024-11-21 17:17,DOWN,2024-11-21 17:49,LONG,20783.50,20792.50,2024-11-21 17:50,STOP_HIT,2,3.25,1.50,0.080,false
PCT_R0.22pct,2024-11-22,2024-11-21 17:42,UP,2024-11-21 18:34,SHORT,20804.00,20793.00,2024-11-21 18:35,STOP_HIT,2,1.00,-3.00,0.161,false
PCT_R0.22pct,2024-11-22,2024-11-21 18:38,DOWN,2024-11-21 19:36,LONG,20788.00,20795.00,2024-11-21 19:37,STOP_HIT,2,2.50,0.50,0.265,true
PCT_R0.22pct,2024-11-22,2024-11-21 19:59,UP,2024-11-21 20:17,SHORT,20811.25,20792.50,2024-11-21 20:18,STOP_HIT,2,6.00,6.00,0.206,false
PCT_R0.22pct,2024-11-22,2024-11-21 22:00,DOWN,2024-11-21 23:12,LONG,20774.25,20799.50,2024-11-21 23:13,STOP_HIT,2,4.75,-1.75,0.216,true
PCT_R0.22pct,2024-11-22,2024-11-22 00:10,UP,2024-11-22 03:51,SHORT,20787.75,20785.50,2024-11-22 03:52,STOP_HIT,2,3.75,-6.00,0.070,true
PCT_R0.22pct,2024-11-22,2024-11-22 04:59,DOWN,2024-11-22 05:14,LONG,20788.75,20797.25,2024-11-22 05:15,STOP_HIT,2,0.50,-18.75,0.131,true
PCT_R0.22pct,2024-11-22,2024-11-22 05:28,UP,2024-11-22 05:48,SHORT,20836.75,20793.75,2024-11-22 05:49,STOP_HIT,2,22.50,19.00,0.101,false
PCT_R0.22pct,2024-11-25,2024-11-24 13:36,UP,2024-11-25 00:38,SHORT,20974.25,20958.00,2024-11-25 00:39,STOP_HIT,2,5.25,0.75,0.200,false
PCT_R0.22pct,2024-11-26,2024-11-25 13:17,DOWN,2024-11-25 13:42,LONG,20886.75,20923.25,2024-11-25 13:43,STOP_HIT,2,6.50,-18.25,0.399,false
PCT_R0.22pct,2024-11-26,2024-11-25 15:04,UP,2024-11-25 15:52,SHORT,20841.50,20815.25,2024-11-25 15:53,STOP_HIT,2,3.25,1.75,0.250,false
PCT_R0.22pct,2024-11-26,2024-11-26 05:19,UP,2024-11-26 05:32,SHORT,20965.50,20939.25,2024-11-26 05:33,STOP_HIT,2,5.25,4.50,0.063,true
PCT_R0.22pct,2024-11-26,2024-11-26 05:45,DOWN,2024-11-26 07:36,LONG,20955.00,20949.25,2024-11-26 09:17,STOP_HIT,102,29.25,-17.75,0.036,false
PCT_R0.22pct,2024-11-26,2024-11-26 06:49,UP,2024-11-26 07:44,SHORT,20968.75,20949.75,2024-11-26 07:45,STOP_HIT,2,5.75,3.50,0.159,false
PCT_R0.22pct,2024-11-26,2024-11-26 07:59,DOWN,2024-11-26 09:31,LONG,20913.75,20952.00,2024-11-26 09:32,STOP_HIT,2,11.00,10.75,0.065,false
PCT_R0.22pct,2024-11-26,2024-11-26 09:25,UP,2024-11-26 10:55,SHORT,20989.00,20951.25,2024-11-26 10:56,STOP_HIT,2,2.75,-15.50,0.014,false
PCT_R0.22pct,2024-11-27,2024-11-26 13:01,UP,2024-11-26 16:26,SHORT,21013.75,20988.00,2024-11-26 16:27,STOP_HIT,2,1.25,-0.25,0.399,false
PCT_R0.22pct,2024-11-27,2024-11-26 16:28,DOWN,2024-11-26 18:38,LONG,20972.50,20989.25,2024-11-26 18:39,STOP_HIT,2,0.75,0.75,0.500,false
PCT_R0.22pct,2024-11-27,2024-11-27 03:22,DOWN,2024-11-27 04:31,LONG,20893.00,20948.75,2024-11-27 04:32,STOP_HIT,2,2.25,-8.00,0.083,false
PCT_R0.22pct,2024-11-27,2024-11-27 10:05,DOWN,2024-11-27 10:32,LONG,20788.50,20801.75,2024-11-27 10:33,STOP_HIT,2,6.50,5.25,0.011,true
PCT_R0.22pct,2024-11-27,2024-11-27 10:43,UP,2024-11-27 10:59,SHORT,20814.25,20801.25,2024-11-27 11:00,STOP_HIT,2,5.50,-8.50,0.171,false
PCT_R0.22pct,2024-11-28,2024-11-27 13:00,UP,2024-11-27 15:48,SHORT,20852.25,20842.00,2024-11-27 15:49,STOP_HIT,2,3.50,-1.50,0.280,false
PCT_R0.22pct,2024-11-29,2024-11-28 13:57,DOWN,2024-11-28 14:49,LONG,20846.75,20873.25,2024-11-28 14:50,STOP_HIT,2,1.25,-2.00,0.540,false
PCT_R0.22pct,2024-11-29,2024-11-28 15:03,UP,2024-11-28 15:56,SHORT,20867.75,20860.75,2024-11-28 15:57,STOP_HIT,2,0.00,-5.75,0.342,true
PCT_R0.22pct,2024-11-29,2024-11-28 18:17,DOWN,2024-11-28 22:51,LONG,20901.50,20892.00,2024-11-29 00:38,STOP_HIT,108,8.50,-13.75,0.105,true
PCT_R0.22pct,2024-11-29,2024-11-29 04:32,UP,2024-11-29 04:59,SHORT,20908.00,20868.50,2024-11-29 05:00,STOP_HIT,2,0.25,-15.75,0.230,false
PCT_R0.22pct,2024-12-02,2024-12-01 13:00,DOWN,2024-12-01 13:37,LONG,20957.75,20974.25,2024-12-01 13:38,STOP_HIT,2,3.50,-2.00,0.464,false
PCT_R0.22pct,2024-12-02,2024-12-01 20:35,UP,2024-12-02 02:09,SHORT,20985.75,20958.50,2024-12-02 02:10,STOP_HIT,2,1.75,-9.75,0.221,false
PCT_R0.22pct,2024-12-03,2024-12-02 22:09,DOWN,2024-12-03 01:04,LONG,21194.25,21218.50,2024-12-03 01:05,STOP_HIT,2,1.00,-0.25,0.377,false
PCT_R0.22pct,2024-12-03,2024-12-03 04:31,UP,2024-12-03 05:17,SHORT,21216.75,21201.50,2024-12-03 05:18,STOP_HIT,2,7.75,1.25,0.114,true
PCT_R0.22pct,2024-12-03,2024-12-03 05:06,DOWN,2024-12-03 05:28,LONG,21186.25,21200.00,2024-12-03 05:29,STOP_HIT,2,4.50,-8.75,0.005,false
PCT_R0.22pct,2024-12-03,2024-12-03 05:27,UP,2024-12-03 05:40,SHORT,21204.50,21199.50,2024-12-03 06:00,STOP_HIT,21,40.00,-7.75,0.021,false
PCT_R0.22pct,2024-12-03,2024-12-03 06:30,DOWN,2024-12-03 07:35,LONG,21204.50,21205.75,2024-12-03 07:36,STOP_HIT,2,0.00,-7.50,0.023,false
PCT_R0.22pct,2024-12-04,2024-12-03 13:07,UP,2024-12-03 18:48,SHORT,21350.50,21328.50,2024-12-03 18:49,STOP_HIT,2,1.25,0.50,0.636,false
PCT_R0.22pct,2024-12-04,2024-12-04 04:39,UP,2024-12-04 04:56,SHORT,21434.50,21410.50,2024-12-04 04:57,STOP_HIT,2,12.00,8.25,0.137,false
PCT_R0.22pct,2024-12-05,2024-12-04 22:00,UP,2024-12-05 02:58,SHORT,21536.50,21509.25,2024-12-05 02:59,STOP_HIT,2,2.00,-0.50,0.008,true
PCT_R0.22pct,2024-12-05,2024-12-05 04:35,DOWN,2024-12-05 05:00,LONG,21511.00,21519.75,2024-12-05 05:06,STOP_HIT,7,18.75,-5.50,0.127,true
PCT_R0.22pct,2024-12-05,2024-12-05 05:50,UP,2024-12-05 06:45,SHORT,21520.25,21518.75,2024-12-05 06:46,STOP_HIT,2,1.75,-1.25,0.061,false
PCT_R0.22pct,2024-12-05,2024-12-05 07:52,DOWN,2024-12-05 08:27,LONG,21500.00,21521.75,2024-12-05 08:28,STOP_HIT,2,3.50,-5.50,0.029,true
PCT_R0.22pct,2024-12-06,2024-12-05 13:09,UP,2024-12-05 16:29,SHORT,21473.25,21454.00,2024-12-05 16:30,STOP_HIT,2,2.25,0.75,0.370,false
PCT_R0.22pct,2024-12-06,2024-12-05 22:53,DOWN,2024-12-06 01:23,LONG,21447.00,21469.00,2024-12-06 01:24,STOP_HIT,2,6.50,5.75,0.183,false
PCT_R0.22pct,2024-12-09,2024-12-08 13:01,UP,2024-12-08 21:36,SHORT,21676.50,21649.50,2024-12-08 21:37,STOP_HIT,2,0.25,-14.75,0.377,false
PCT_R0.22pct,2024-12-09,2024-12-08 22:00,DOWN,2024-12-09 01:02,LONG,21622.75,21651.75,2024-12-09 01:03,STOP_HIT,2,2.50,0.00,0.218,true
PCT_R0.22pct,2024-12-09,2024-12-09 04:34,UP,2024-12-09 04:52,SHORT,21628.00,21627.75,2024-12-09 04:53,STOP_HIT,2,5.50,-5.75,0.046,true
PCT_R0.22pct,2024-12-09,2024-12-09 04:50,DOWN,2024-12-09 05:18,LONG,21602.00,21626.25,2024-12-09 05:19,STOP_HIT,2,19.25,3.75,0.026,true
PCT_R0.22pct,2024-12-10,2024-12-09 22:21,UP,2024-12-10 00:30,SHORT,21495.00,21466.50,2024-12-10 00:31,STOP_HIT,2,2.25,0.25,0.424,false
PCT_R0.22pct,2024-12-10,2024-12-10 05:16,DOWN,2024-12-10 06:27,LONG,21487.25,21527.25,2024-12-10 06:28,STOP_HIT,2,2.25,-10.25,0.408,false
PCT_R0.22pct,2024-12-12,2024-12-11 20:02,DOWN,2024-12-12 01:14,LONG,21724.00,21754.25,2024-12-12 01:15,STOP_HIT,2,0.00,-0.50,0.396,false
PCT_R0.22pct,2024-12-12,2024-12-12 05:13,UP,2024-12-12 05:27,SHORT,21714.25,21681.75,2024-12-12 05:28,STOP_HIT,2,25.25,22.00,0.068,false
PCT_R0.22pct,2024-12-12,2024-12-12 08:27,DOWN,2024-12-12 09:18,LONG,21691.25,21701.00,2024-12-12 09:19,STOP_HIT,2,5.25,-1.50,0.158,true
PCT_R0.22pct,2024-12-13,2024-12-12 13:06,UP,2024-12-12 14:27,SHORT,21765.75,21737.00,2024-12-12 14:28,STOP_HIT,2,0.25,0.00,0.227,false
PCT_R0.22pct,2024-12-13,2024-12-12 14:31,DOWN,2024-12-12 16:11,LONG,21709.75,21742.00,2024-12-12 16:12,STOP_HIT,2,7.75,3.00,0.375,false
PCT_R0.22pct,2024-12-13,2024-12-12 18:01,UP,2024-12-12 21:16,SHORT,21726.25,21731.75,2024-12-12 21:23,STOP_HIT,8,1.25,-12.00,0.458,true
PCT_R0.22pct,2024-12-13,2024-12-13 05:13,DOWN,2024-12-13 05:39,LONG,21792.75,21819.50,2024-12-13 05:40,STOP_HIT,2,7.75,-33.00,0.087,true
PCT_R0.22pct,2024-12-13,2024-12-13 07:32,UP,2024-12-13 10:17,SHORT,21795.00,21764.00,2024-12-13 10:18,STOP_HIT,2,16.00,14.75,0.198,true
PCT_R0.22pct,2024-12-16,2024-12-15 13:03,UP,2024-12-15 15:05,SHORT,21809.00,21790.00,2024-12-15 15:06,STOP_HIT,2,2.25,-0.25,0.447,false
PCT_R0.22pct,2024-12-17,2024-12-16 17:44,DOWN,2024-12-16 21:45,LONG,22061.25,22100.25,2024-12-16 21:46,STOP_HIT,2,2.00,-14.50,0.592,false
PCT_R0.22pct,2024-12-17,2024-12-17 01:22,DOWN,2024-12-17 01:55,LONG,22072.50,22091.50,2024-12-17 01:56,STOP_HIT,2,11.00,11.00,0.361,false
PCT_R0.22pct,2024-12-17,2024-12-17 06:44,DOWN,2024-12-17 07:03,LONG,22005.25,22031.75,2024-12-17 07:04,STOP_HIT,2,8.00,-2.75,0.051,false
PCT_R0.22pct,2024-12-17,2024-12-17 07:03,UP,2024-12-17 07:43,SHORT,22043.25,22030.25,2024-12-17 07:44,STOP_HIT,2,1.25,-3.75,0.091,true
PCT_R0.22pct,2024-12-17,2024-12-17 07:45,DOWN,2024-12-17 08:48,LONG,22007.75,22030.00,2024-12-17 08:49,STOP_HIT,2,1.75,-6.75,0.475,false
PCT_R0.22pct,2024-12-18,2024-12-17 13:00,DOWN,2024-12-17 13:10,LONG,21945.75,21933.00,2024-12-18 09:06,STOP_HIT,1193,138.00,-85.25,0.362,true
PCT_R0.22pct,2024-12-18,2024-12-17 13:05,UP,2024-12-17 13:15,SHORT,21943.75,21934.50,2024-12-17 13:16,STOP_HIT,2,1.75,-1.25,0.263,true
PCT_R0.22pct,2024-12-18,2024-12-18 02:24,DOWN,2024-12-18 04:07,LONG,21986.00,22024.00,2024-12-18 04:08,STOP_HIT,2,2.25,-6.75,0.028,true
PCT_R0.22pct,2024-12-18,2024-12-18 04:35,UP,2024-12-18 06:03,SHORT,22029.50,22002.25,2024-12-18 06:04,STOP_HIT,2,0.75,-6.50,0.011,false
PCT_R0.22pct,2024-12-18,2024-12-18 06:22,UP,2024-12-18 06:37,SHORT,22017.00,22002.00,2024-12-18 06:38,STOP_HIT,2,7.75,-1.75,0.127,false
PCT_R0.22pct,2024-12-18,2024-12-18 06:53,DOWN,2024-12-18 08:43,LONG,21983.25,22004.00,2024-12-18 08:44,STOP_HIT,2,1.00,-1.00,0.037,true
PCT_R0.22pct,2024-12-19,2024-12-18 13:01,UP,2024-12-18 13:11,SHORT,21250.00,21236.75,2024-12-18 13:12,STOP_HIT,2,6.50,1.50,0.070,false
PCT_R0.22pct,2024-12-19,2024-12-18 13:30,DOWN,2024-12-18 13:40,LONG,21227.50,21247.00,2024-12-18 13:41,STOP_HIT,2,5.50,-20.25,0.292,false
PCT_R0.22pct,2024-12-19,2024-12-18 15:11,DOWN,2024-12-18 15:29,LONG,21219.75,21242.25,2024-12-18 15:30,STOP_HIT,2,2.25,1.00,0.444,false
PCT_R0.22pct,2024-12-19,2024-12-18 19:59,UP,2024-12-18 21:12,SHORT,21222.00,21214.75,2024-12-18 21:13,STOP_HIT,2,5.25,0.00,0.548,true
PCT_R0.22pct,2024-12-19,2024-12-19 05:13,DOWN,2024-12-19 05:29,LONG,21244.50,21303.50,2024-12-19 05:30,STOP_HIT,2,4.50,-6.50,0.049,true
PCT_R0.22pct,2024-12-19,2024-12-19 06:09,UP,2024-12-19 06:31,SHORT,21334.50,21288.50,2024-12-19 06:32,STOP_HIT,2,9.00,-13.50,0.235,false
PCT_R0.22pct,2024-12-19,2024-12-19 06:39,DOWN,2024-12-19 07:24,LONG,21221.25,21290.50,2024-12-19 07:25,STOP_HIT,2,1.25,-10.50,0.605,true
PCT_R0.22pct,2024-12-19,2024-12-19 08:59,DOWN,2024-12-19 09:32,LONG,21218.00,21278.25,2024-12-19 09:33,STOP_HIT,2,11.50,2.50,0.282,false
PCT_R0.22pct,2025-02-20,2025-02-19 13:19,DOWN,2025-02-19 15:25,LONG,22181.75,22216.25,2025-02-19 15:26,STOP_HIT,2,9.25,8.50,0.537,false
PCT_R0.22pct,2025-02-20,2025-02-19 21:07,UP,2025-02-20 00:04,SHORT,22214.00,22180.00,2025-02-20 00:05,STOP_HIT,2,3.75,3.50,0.103,false
PCT_R0.22pct,2025-02-20,2025-02-20 04:31,DOWN,2025-02-20 04:41,LONG,22206.25,22193.75,2025-02-20 04:45,STOP_HIT,5,7.00,-39.50,0.091,true
PCT_R0.22pct,2025-02-20,2025-02-20 06:38,UP,2025-02-20 07:49,SHORT,22075.25,22075.00,2025-02-20 09:06,STOP_HIT,78,47.75,-1.75,0.207,true
PCT_R0.22pct,2025-02-20,2025-02-20 07:43,DOWN,2025-02-20 07:57,LONG,22048.00,22074.00,2025-02-20 07:58,STOP_HIT,2,4.00,-4.25,0.121,false
PCT_R0.22pct,2025-02-21,2025-02-20 13:00,UP,2025-02-20 13:42,SHORT,22170.25,22151.75,2025-02-20 13:43,STOP_HIT,2,0.25,-2.50,0.339,false
PCT_R0.22pct,2025-02-21,2025-02-20 13:43,DOWN,2025-02-20 18:48,LONG,22123.50,22148.00,2025-02-20 18:49,STOP_HIT,2,1.00,-0.25,0.714,false
PCT_R0.22pct,2025-02-21,2025-02-20 22:15,UP,2025-02-20 23:20,SHORT,22159.00,22146.00,2025-02-20 23:21,STOP_HIT,2,4.00,4.00,0.505,false
PCT_R0.22pct,2025-02-21,2025-02-21 03:45,DOWN,2025-02-21 04:40,LONG,22120.50,22160.00,2025-02-21 04:41,STOP_HIT,2,4.75,-1.00,0.001,false
PCT_R0.22pct,2025-02-24,2025-02-23 13:02,UP,2025-02-23 13:25,SHORT,21743.00,21729.50,2025-02-23 13:26,STOP_HIT,2,4.25,3.00,0.090,false
PCT_R0.22pct,2025-02-24,2025-02-23 14:26,DOWN,2025-02-23 15:48,LONG,21758.75,21757.50,2025-02-23 15:53,STOP_HIT,6,3.00,-3.75,0.149,true
PCT_R0.22pct,2025-02-24,2025-02-23 19:44,DOWN,2025-02-23 22:01,LONG,21756.50,21766.75,2025-02-23 22:02,STOP_HIT,2,5.00,-4.50,0.094,false
PCT_R0.22pct,2025-02-24,2025-02-23 22:16,UP,2025-02-23 23:08,SHORT,21800.50,21763.75,2025-02-23 23:09,STOP_HIT,2,8.50,3.25,0.096,false
PCT_R0.22pct,2025-02-24,2025-02-23 23:24,DOWN,2025-02-24 01:02,LONG,21758.25,21767.50,2025-02-24 01:03,STOP_HIT,2,1.25,-7.50,0.149,false
PCT_R0.22pct,2025-02-24,2025-02-24 02:48,UP,2025-02-24 03:45,SHORT,21790.75,21768.00,2025-02-24 03:46,STOP_HIT,2,4.50,2.75,0.233,false
PCT_R0.22pct,2025-02-24,2025-02-24 04:00,DOWN,2025-02-24 04:26,LONG,21767.50,21769.25,2025-02-24 04:27,STOP_HIT,2,0.00,-24.50,0.158,false
PCT_R0.22pct,2025-02-24,2025-02-24 06:32,DOWN,2025-02-24 06:42,LONG,21589.75,21591.50,2025-02-24 06:56,STOP_HIT,15,35.25,-9.25,0.203,true
PCT_R0.22pct,2025-02-24,2025-02-24 06:38,UP,2025-02-24 06:52,SHORT,21598.75,21595.75,2025-02-24 06:53,STOP_HIT,2,6.75,-2.00,0.151,false
PCT_R0.22pct,2025-02-24,2025-02-24 06:46,DOWN,2025-02-24 06:57,LONG,21580.50,21595.50,2025-02-24 06:58,STOP_HIT,2,7.00,-8.75,0.071,false
PCT_R0.22pct,2025-02-24,2025-02-24 07:02,UP,2025-02-24 07:13,SHORT,21598.25,21596.50,2025-02-24 07:16,STOP_HIT,4,14.50,-15.25,0.145,true
PCT_R0.22pct,2025-02-24,2025-02-24 08:18,DOWN,2025-02-24 09:40,LONG,21579.00,21609.25,2025-02-24 09:41,STOP_HIT,2,5.25,-15.75,0.023,false
PCT_R0.22pct,2025-02-25,2025-02-24 13:00,DOWN,2025-02-24 13:35,LONG,21404.25,21431.25,2025-02-24 13:36,STOP_HIT,2,9.50,6.25,0.313,false
PCT_R0.22pct,2025-02-25,2025-02-24 13:55,UP,2025-02-24 14:20,SHORT,21412.50,21412.00,2025-02-24 14:21,STOP_HIT,2,1.50,-5.50,0.016,false
PCT_R0.22pct,2025-02-25,2025-02-24 15:32,DOWN,2025-02-24 16:58,LONG,21435.50,21430.50,2025-02-24 17:36,STOP_HIT,39,9.50,-8.50,0.214,true
PCT_R0.22pct,2025-02-25,2025-02-24 16:23,UP,2025-02-24 17:05,SHORT,21442.75,21430.50,2025-02-24 17:06,STOP_HIT,2,4.50,3.75,0.209,false
PCT_R0.22pct,2025-02-25,2025-02-24 17:04,DOWN,2025-02-24 21:07,LONG,21388.25,21430.25,2025-02-24 21:08,STOP_HIT,2,11.50,11.50,0.340,false
PCT_R0.22pct,2025-02-25,2025-02-25 03:30,DOWN,2025-02-25 04:26,LONG,21370.00,21400.25,2025-02-25 04:27,STOP_HIT,2,6.25,-11.00,0.094,false
PCT_R0.22pct,2025-02-25,2025-02-25 07:22,UP,2025-02-25 07:46,SHORT,21196.50,21191.75,2025-02-25 07:47,STOP_HIT,2,8.50,4.25,0.009,true
PCT_R0.22pct,2025-02-25,2025-02-25 08:30,UP,2025-02-25 08:43,SHORT,21229.75,21199.50,2025-02-25 08:44,STOP_HIT,2,0.50,-9.00,0.045,true
PCT_R0.22pct,2025-02-25,2025-02-25 08:44,DOWN,2025-02-25 09:08,LONG,21192.00,21201.50,2025-02-25 09:09,STOP_HIT,2,7.50,6.00,0.059,true
PCT_R0.22pct,2025-02-25,2025-02-25 09:43,DOWN,2025-02-25 09:53,LONG,21204.00,21195.25,2025-02-25 10:11,STOP_HIT,19,24.00,-11.75,0.015,true
PCT_R0.22pct,2025-02-25,2025-02-25 09:46,UP,2025-02-25 09:56,SHORT,21210.50,21195.75,2025-02-25 09:57,STOP_HIT,2,14.25,11.25,0.094,false
PCT_R0.22pct,2025-02-25,2025-02-25 10:24,DOWN,2025-02-25 10:46,LONG,21161.75,21198.25,2025-02-25 10:47,STOP_HIT,2,12.25,2.75,0.070,false
PCT_R0.22pct,2025-02-26,2025-02-25 15:00,DOWN,2025-02-25 16:10,LONG,21203.00,21225.50,2025-02-25 16:11,STOP_HIT,2,10.25,10.00,0.374,false
PCT_R0.22pct,2025-02-26,2025-02-25 16:09,UP,2025-02-25 17:07,SHORT,21247.50,21227.00,2025-02-25 17:08,STOP_HIT,2,4.00,3.50,0.088,false
PCT_R0.22pct,2025-02-26,2025-02-26 02:52,UP,2025-02-26 03:22,SHORT,21306.50,21281.75,2025-02-26 03:23,STOP_HIT,2,0.75,-6.00,0.170,false
PCT_R0.22pct,2025-02-26,2025-02-26 03:33,DOWN,2025-02-26 04:00,LONG,21272.75,21284.75,2025-02-26 04:01,STOP_HIT,2,11.50,7.00,0.132,true
PCT_R0.22pct,2025-02-26,2025-02-26 04:42,UP,2025-02-26 04:54,SHORT,21285.75,21258.50,2025-02-26 04:55,STOP_HIT,2,0.00,-8.00,0.064,true
PCT_R0.22pct,2025-02-26,2025-02-26 07:17,DOWN,2025-02-26 08:11,LONG,21247.25,21307.50,2025-02-26 08:12,STOP_HIT,2,1.25,-21.50,0.106,true
PCT_R0.22pct,2025-02-27,2025-02-26 13:00,DOWN,2025-02-26 13:15,LONG,21215.25,21241.50,2025-02-26 13:16,STOP_HIT,2,12.75,12.75,0.060,false
PCT_R0.22pct,2025-02-27,2025-02-26 15:07,UP,2025-02-26 15:48,SHORT,21182.00,21178.75,2025-02-26 16:19,STOP_HIT,32,26.50,-2.75,0.226,true
PCT_R0.22pct,2025-02-27,2025-02-26 16:27,DOWN,2025-02-26 18:40,LONG,21166.25,21180.50,2025-02-26 18:41,STOP_HIT,2,2.25,1.00,0.059,false
PCT_R0.22pct,2025-02-27,2025-02-26 18:20,UP,2025-02-26 19:25,SHORT,21226.75,21181.25,2025-02-26 19:26,STOP_HIT,2,0.00,-3.50,0.194,false
PCT_R0.22pct,2025-02-27,2025-02-27 08:06,UP,2025-02-27 08:37,SHORT,21099.00,21099.50,2025-02-27 08:40,STOP_HIT,4,12.50,-3.50,0.047,true
PCT_R0.22pct,2025-02-27,2025-02-27 08:26,DOWN,2025-02-27 08:46,LONG,21073.00,21098.75,2025-02-27 08:47,STOP_HIT,2,8.50,7.75,0.023,true
PCT_R0.22pct,2025-02-28,2025-02-27 13:00,UP,2025-02-27 14:12,SHORT,20684.00,20666.00,2025-02-27 14:13,STOP_HIT,2,8.50,4.00,0.286,false
PCT_R0.22pct,2025-02-28,2025-02-27 14:11,DOWN,2025-02-27 14:43,LONG,20638.75,20664.75,2025-02-27 14:44,STOP_HIT,2,5.00,0.50,0.204,false
PCT_R0.22pct,2025-02-28,2025-02-27 21:34,UP,2025-02-27 22:20,SHORT,20638.50,20627.25,2025-02-27 22:21,STOP_HIT,2,2.25,-14.25,0.310,false
PCT_R0.22pct,2025-02-28,2025-02-28 03:27,UP,2025-02-28 03:37,SHORT,20654.25,20631.00,2025-02-28 03:38,STOP_HIT,2,22.25,19.50,0.154,false
PCT_R0.22pct,2025-02-28,2025-02-28 03:36,DOWN,2025-02-28 03:47,LONG,20614.00,20631.25,2025-02-28 03:50,STOP_HIT,4,24.25,-4.00,0.143,false
PCT_R0.22pct,2025-02-28,2025-02-28 07:28,DOWN,2025-02-28 07:49,LONG,20589.75,20645.00,2025-02-28 07:50,STOP_HIT,2,3.50,-25.00,0.106,false
PCT_R0.22pct,2025-02-28,2025-02-28 08:40,DOWN,2025-02-28 08:50,LONG,20628.25,20631.25,2025-02-28 08:55,STOP_HIT,6,28.00,-29.75,0.061,true
PCT_R0.22pct,2025-02-28,2025-02-28 08:44,UP,2025-02-28 08:54,SHORT,20634.50,20631.50,2025-02-28 09:32,STOP_HIT,39,96.75,-4.25,0.161,true
PCT_R0.22pct,2025-02-28,2025-02-28 09:22,UP,2025-02-28 09:39,SHORT,20673.50,20627.50,2025-02-28 09:40,STOP_HIT,2,8.50,4.25,0.002,true
PCT_R0.22pct,2025-03-03,2025-03-02 13:00,UP,2025-03-02 13:10,SHORT,21033.75,20991.75,2025-03-02 13:11,STOP_HIT,2,18.50,10.25,0.256,false
PCT_R0.22pct,2025-03-03,2025-03-02 13:09,DOWN,2025-03-02 13:47,LONG,20990.75,20997.50,2025-03-02 13:48,STOP_HIT,2,0.50,-7.25,0.244,false
PCT_R0.22pct,2025-03-03,2025-03-02 16:08,DOWN,2025-03-02 17:05,LONG,20924.50,20934.75,2025-03-02 17:06,STOP_HIT,2,0.50,-4.00,0.202,false
PCT_R0.22pct,2025-03-03,2025-03-02 17:23,UP,2025-03-02 19:08,SHORT,20951.00,20930.75,2025-03-02 19:09,STOP_HIT,2,4.00,0.00,0.105,true
PCT_R0.22pct,2025-03-03,2025-03-02 21:29,UP,2025-03-02 21:40,SHORT,20972.75,20944.50,2025-03-02 21:41,STOP_HIT,2,4.25,-2.75,0.362,false
PCT_R0.22pct,2025-03-03,2025-03-02 22:08,DOWN,2025-03-02 22:23,LONG,20947.75,20948.50,2025-03-02 22:24,STOP_HIT,2,1.50,-20.75,0.083,false
PCT_R0.22pct,2025-03-03,2025-03-02 22:26,UP,2025-03-02 23:18,SHORT,20958.25,20945.75,2025-03-02 23:19,STOP_HIT,2,0.00,-11.00,0.261,true
PCT_R0.22pct,2025-03-03,2025-03-03 07:18,DOWN,2025-03-03 07:39,LONG,20920.50,20931.50,2025-03-03 07:46,STOP_HIT,8,44.00,-14.75,0.006,false
PCT_R0.22pct,2025-03-04,2025-03-03 13:03,UP,2025-03-03 13:24,SHORT,20534.50,20514.50,2025-03-03 13:25,STOP_HIT,2,2.50,1.00,0.472,false
PCT_R0.22pct,2025-03-04,2025-03-03 13:31,DOWN,2025-03-03 13:47,LONG,20509.75,20524.25,2025-03-03 13:48,STOP_HIT,2,5.50,2.75,0.009,true
PCT_R0.22pct,2025-03-04,2025-03-03 14:10,UP,2025-03-03 14:22,SHORT,20537.25,20516.50,2025-03-03 14:23,STOP_HIT,2,11.25,8.75,0.000,false
PCT_R0.22pct,2025-03-04,2025-03-03 14:21,DOWN,2025-03-03 14:49,LONG,20497.50,20516.50,2025-03-03 14:50,STOP_HIT,2,19.75,16.50,0.051,false
PCT_R0.22pct,2025-03-04,2025-03-03 14:48,UP,2025-03-03 14:58,SHORT,20549.75,20517.00,2025-03-03 14:59,STOP_HIT,2,2.75,-1.00,0.190,false
PCT_R0.22pct,2025-03-04,2025-03-03 15:00,DOWN,2025-03-03 15:30,LONG,20507.00,20518.00,2025-03-03 15:31,STOP_HIT,2,2.50,-4.50,0.323,false
PCT_R0.22pct,2025-03-04,2025-03-03 15:59,UP,2025-03-03 16:42,SHORT,20535.25,20514.50,2025-03-03 16:43,STOP_HIT,2,7.75,6.75,0.260,false
PCT_R0.22pct,2025-03-04,2025-03-03 20:51,DOWN,2025-03-03 21:14,LONG,20494.75,20526.50,2025-03-03 21:15,STOP_HIT,2,15.25,13.00,0.061,true
PCT_R0.22pct,2025-03-04,2025-03-03 22:08,UP,2025-03-03 22:38,SHORT,20555.00,20522.00,2025-03-03 22:39,STOP_HIT,2,10.00,-3.00,0.007,true
PCT_R0.22pct,2025-03-04,2025-03-03 22:43,DOWN,2025-03-03 22:54,LONG,20506.75,20522.75,2025-03-03 22:55,STOP_HIT,2,13.25,11.50,0.221,false
PCT_R0.22pct,2025-03-04,2025-03-03 22:50,UP,2025-03-03 23:05,SHORT,20544.00,20523.00,2025-03-03 23:06,STOP_HIT,2,7.00,1.75,0.103,false
PCT_R0.22pct,2025-03-04,2025-03-03 23:12,DOWN,2025-03-03 23:22,LONG,20528.25,20523.75,2025-03-03 23:35,STOP_HIT,14,9.00,-10.50,0.146,true
PCT_R0.22pct,2025-03-04,2025-03-03 23:42,UP,2025-03-03 23:52,SHORT,20508.25,20523.50,2025-03-04 09:03,STOP_HIT,552,433.00,-46.00,0.104,false
PCT_R0.22pct,2025-03-04,2025-03-04 06:58,DOWN,2025-03-04 07:08,LONG,20274.25,20297.50,2025-03-04 07:09,STOP_HIT,2,18.25,5.25,0.084,false
PCT_R0.22pct,2025-03-05,2025-03-04 13:02,UP,2025-03-04 13:29,SHORT,20581.75,20562.75,2025-03-04 13:30,STOP_HIT,2,0.00,-8.25,0.296,false
PCT_R0.22pct,2025-03-05,2025-03-04 13:30,DOWN,2025-03-04 14:22,LONG,20535.25,20568.25,2025-03-04 14:23,STOP_HIT,2,6.75,5.25,0.348,false
PCT_R0.22pct,2025-03-05,2025-03-04 15:44,DOWN,2025-03-04 16:01,LONG,20494.75,20530.50,2025-03-04 16:02,STOP_HIT,2,4.25,-7.00,0.236,false
PCT_R0.22pct,2025-03-05,2025-03-04 17:00,UP,2025-03-04 17:15,SHORT,20551.75,20520.50,2025-03-04 17:16,STOP_HIT,2,15.00,13.50,0.036,true
PCT_R0.22pct,2025-03-05,2025-03-04 17:42,UP,2025-03-04 17:52,SHORT,20531.75,20522.25,2025-03-04 17:53,STOP_HIT,2,0.50,-4.75,0.063,true
PCT_R0.22pct,2025-03-05,2025-03-04 19:29,UP,2025-03-04 19:46,SHORT,20548.00,20526.25,2025-03-04 19:47,STOP_HIT,2,2.75,2.25,0.129,false
PCT_R0.22pct,2025-03-05,2025-03-04 20:13,DOWN,2025-03-04 20:37,LONG,20531.00,20527.75,2025-03-04 22:09,STOP_HIT,93,46.50,-13.00,0.063,true
PCT_R0.22pct,2025-03-05,2025-03-05 00:46,DOWN,2025-03-05 01:05,LONG,20548.25,20545.50,2025-03-05 01:07,STOP_HIT,3,2.75,-11.25,0.067,true
PCT_R0.22pct,2025-03-05,2025-03-05 07:04,UP,2025-03-05 07:33,SHORT,20474.75,20406.75,2025-03-05 07:34,STOP_HIT,2,7.50,-2.00,0.075,true
PCT_R0.22pct,2025-03-06,2025-03-05 13:12,DOWN,2025-03-05 13:32,LONG,20599.25,20622.25,2025-03-05 13:33,STOP_HIT,2,2.75,-4.75,0.354,false
PCT_R0.22pct,2025-03-06,2025-03-05 13:37,UP,2025-03-05 14:16,SHORT,20636.00,20615.00,2025-03-05 14:17,STOP_HIT,2,5.75,5.25,0.138,false
PCT_R0.22pct,2025-03-06,2025-03-05 14:15,DOWN,2025-03-05 15:06,LONG,20591.25,20615.00,2025-03-05 15:07,STOP_HIT,2,5.50,5.50,0.125,false
PCT_R0.22pct,2025-03-06,2025-03-05 14:59,UP,2025-03-05 16:16,SHORT,20615.00,20612.25,2025-03-05 16:34,STOP_HIT,19,25.00,-6.50,0.000,false
PCT_R0.22pct,2025-03-06,2025-03-05 19:15,DOWN,2025-03-05 20:01,LONG,20609.00,20613.75,2025-03-05 20:02,STOP_HIT,2,1.75,-7.25,0.116,false
PCT_R0.22pct,2025-03-06,2025-03-05 21:10,DOWN,2025-03-05 21:43,LONG,20590.00,20615.75,2025-03-05 21:44,STOP_HIT,2,3.00,-10.00,0.259,false
PCT_R0.22pct,2025-03-07,2025-03-06 13:02,DOWN,2025-03-06 13:28,LONG,20181.75,20208.00,2025-03-06 13:29,STOP_HIT,2,1.50,-2.50,0.434,false
PCT_R0.22pct,2025-03-07,2025-03-06 14:27,UP,2025-03-06 15:19,SHORT,20209.50,20187.75,2025-03-06 15:20,STOP_HIT,2,11.25,10.50,0.210,false
PCT_R0.22pct,2025-03-07,2025-03-06 15:14,DOWN,2025-03-06 16:33,LONG,20179.75,20190.00,2025-03-06 16:34,STOP_HIT,2,10.25,8.50,0.238,false
PCT_R0.22pct,2025-03-07,2025-03-06 21:43,UP,2025-03-06 22:26,SHORT,20169.75,20175.00,2025-03-06 22:31,STOP_HIT,6,10.25,-15.50,0.279,true
PCT_R0.22pct,2025-03-07,2025-03-06 22:31,DOWN,2025-03-06 23:02,LONG,20177.25,20174.00,2025-03-07 00:07,STOP_HIT,66,50.75,-8.00,0.250,true
PCT_R0.22pct,2025-03-07,2025-03-06 22:40,UP,2025-03-06 23:04,SHORT,20192.50,20174.25,2025-03-06 23:05,STOP_HIT,2,2.00,-12.25,0.150,false
PCT_R0.22pct,2025-03-07,2025-03-07 01:01,UP,2025-03-07 01:35,SHORT,20192.00,20178.50,2025-03-07 01:36,STOP_HIT,2,1.00,-4.00,0.194,true
PCT_R0.22pct,2025-03-07,2025-03-07 01:39,DOWN,2025-03-07 02:09,LONG,20159.50,20178.25,2025-03-07 02:10,STOP_HIT,2,4.00,-4.75,0.263,false
PCT_R0.22pct,2025-03-07,2025-03-07 08:21,DOWN,2025-03-07 08:31,LONG,20060.25,20059.00,2025-03-07 11:59,TIME_EXPIRED,209,226.00,147.00,0.044,true
PCT_R0.22pct,2025-03-07,2025-03-07 08:26,UP,2025-03-07 08:36,SHORT,20072.50,20059.25,2025-03-07 08:37,STOP_HIT,2,6.25,-58.00,0.099,false
PCT_R0.22pct,2025-03-10,2025-03-09 14:01,DOWN,2025-03-09 14:11,LONG,20035.00,20083.75,2025-03-09 14:12,STOP_HIT,2,10.50,0.00,0.175,false
PCT_R0.22pct,2025-03-10,2025-03-09 14:17,UP,2025-03-09 14:36,SHORT,20054.25,20050.00,2025-03-09 14:37,STOP_HIT,2,6.25,-4.75,0.456,false
PCT_R0.22pct,2025-03-10,2025-03-09 14:45,DOWN,2025-03-09 14:59,LONG,20037.75,20054.00,2025-03-09 15:00,STOP_HIT,2,0.50,-8.75,0.094,true
PCT_R0.22pct,2025-03-10,2025-03-09 15:21,DOWN,2025-03-09 15:46,LONG,20017.25,20042.50,2025-03-09 15:47,STOP_HIT,2,4.75,2.50,0.077,false
PCT_R0.22pct,2025-03-10,2025-03-09 16:22,UP,2025-03-09 16:56,SHORT,20055.50,20037.25,2025-03-09 16:57,STOP_HIT,2,0.50,-8.00,0.169,false
PCT_R0.22pct,2025-03-10,2025-03-09 23:06,DOWN,2025-03-10 00:19,LONG,20024.00,20086.50,2025-03-10 00:20,STOP_HIT,2,19.75,18.00,0.169,true
PCT_R0.22pct,2025-03-11,2025-03-10 14:11,UP,2025-03-10 14:37,SHORT,19425.75,19417.50,2025-03-10 14:38,STOP_HIT,2,2.25,0.75,0.347,false
PCT_R0.22pct,2025-03-11,2025-03-10 14:41,DOWN,2025-03-10 14:55,LONG,19401.75,19420.50,2025-03-10 14:56,STOP_HIT,2,2.75,-10.50,0.011,false
PCT_R0.22pct,2025-03-11,2025-03-10 17:55,UP,2025-03-10 18:13,SHORT,19352.00,19290.75,2025-03-10 18:14,STOP_HIT,2,18.25,9.50,0.163,false
PCT_R0.22pct,2025-03-11,2025-03-11 04:26,DOWN,2025-03-11 05:05,LONG,19468.25,19462.50,2025-03-11 05:08,STOP_HIT,4,16.25,-12.00,0.227,true
PCT_R0.22pct,2025-03-11,2025-03-11 05:01,UP,2025-03-11 05:11,SHORT,19451.50,19462.75,2025-03-11 05:37,STOP_HIT,27,65.75,-75.75,0.000,false
PCT_R0.22pct,2025-03-11,2025-03-11 05:06,DOWN,2025-03-11 05:18,LONG,19458.00,19461.25,2025-03-11 05:20,STOP_HIT,3,9.75,-2.50,0.084,true
PCT_R0.22pct,2025-03-12,2025-03-11 14:04,UP,2025-03-11 14:14,SHORT,19443.00,19425.75,2025-03-11 14:15,STOP_HIT,2,0.50,-8.00,0.233,false
PCT_R0.22pct,2025-03-12,2025-03-11 14:58,DOWN,2025-03-11 15:46,LONG,19455.50,19444.50,2025-03-11 19:24,STOP_HIT,219,44.25,-14.50,0.344,true
PCT_R0.22pct,2025-03-12,2025-03-11 15:32,UP,2025-03-11 15:55,SHORT,19474.00,19445.50,2025-03-11 15:56,STOP_HIT,2,4.25,1.75,0.008,false
PCT_R0.22pct,2025-03-12,2025-03-11 16:25,DOWN,2025-03-11 16:53,LONG,19454.75,19455.00,2025-03-11 17:28,STOP_HIT,36,24.00,-3.75,0.197,true
PCT_R0.22pct,2025-03-12,2025-03-11 16:42,UP,2025-03-11 17:52,SHORT,19481.50,19458.50,2025-03-11 17:53,STOP_HIT,2,5.25,2.75,0.486,false
PCT_R0.22pct,2025-03-12,2025-03-11 18:18,DOWN,2025-03-11 18:56,LONG,19451.50,19461.50,2025-03-11 18:57,STOP_HIT,2,3.50,1.75,0.421,false
PCT_R0.22pct,2025-03-12,2025-03-11 19:24,UP,2025-03-11 21:54,SHORT,19476.25,19459.50,2025-03-11 21:55,STOP_HIT,2,2.25,-1.75,0.222,false
PCT_R0.22pct,2025-03-12,2025-03-11 21:58,DOWN,2025-03-11 22:49,LONG,19439.25,19459.50,2025-03-11 22:50,STOP_HIT,2,1.75,-13.25,0.241,false
PCT_R0.22pct,2025-03-12,2025-03-11 23:22,UP,2025-03-12 00:02,SHORT,19490.25,19456.50,2025-03-12 00:03,STOP_HIT,2,6.25,1.25,0.061,false
PCT_R0.22pct,2025-03-12,2025-03-12 10:23,UP,2025-03-12 10:33,SHORT,19630.50,19621.75,2025-03-12 10:34,STOP_HIT,2,1.25,-19.25,0.093,false
PCT_R0.22pct,2025-03-13,2025-03-12 14:01,UP,2025-03-12 14:16,SHORT,19610.00,19587.50,2025-03-12 14:17,STOP_HIT,2,0.00,-5.25,0.066,true
PCT_R0.22pct,2025-03-13,2025-03-12 16:00,DOWN,2025-03-12 17:42,LONG,19610.00,19645.00,2025-03-12 17:43,STOP_HIT,2,9.50,6.75,0.225,false
PCT_R0.22pct,2025-03-13,2025-03-13 00:18,UP,2025-03-13 01:49,SHORT,19592.50,19494.75,2025-03-13 01:50,STOP_HIT,2,8.50,1.50,0.258,true
PCT_R0.22pct,2025-03-13,2025-03-13 03:18,DOWN,2025-03-13 03:45,LONG,19513.50,19538.50,2025-03-13 03:46,STOP_HIT,2,4.50,-15.25,0.095,false
PCT_R0.22pct,2025-03-13,2025-03-13 04:48,UP,2025-03-13 05:00,SHORT,19556.00,19534.00,2025-03-13 05:01,STOP_HIT,2,1.75,-18.25,0.070,false
PCT_R0.22pct,2025-03-13,2025-03-13 06:14,UP,2025-03-13 06:24,SHORT,19509.25,19504.75,2025-03-13 06:25,STOP_HIT,2,6.50,-34.25,0.092,true
PCT_R0.22pct,2025-03-14,2025-03-13 14:00,UP,2025-03-13 14:10,SHORT,19338.75,19315.00,2025-03-13 14:11,STOP_HIT,2,6.00,-0.50,0.254,true
PCT_R0.22pct,2025-03-14,2025-03-13 15:13,DOWN,2025-03-13 16:01,LONG,19342.50,19359.00,2025-03-13 16:02,STOP_HIT,2,5.00,4.00,0.028,true
PCT_R0.22pct,2025-03-14,2025-03-13 16:01,UP,2025-03-13 16:17,SHORT,19376.50,19359.25,2025-03-13 16:18,STOP_HIT,2,3.75,1.00,0.227,false
PCT_R0.22pct,2025-03-14,2025-03-13 23:34,UP,2025-03-13 23:48,SHORT,19416.50,19403.50,2025-03-13 23:49,STOP_HIT,2,10.50,7.50,0.055,true
PCT_R0.22pct,2025-03-14,2025-03-13 23:47,DOWN,2025-03-14 00:01,LONG,19388.75,19403.25,2025-03-14 00:02,STOP_HIT,2,5.75,3.25,0.040,false
PCT_R0.22pct,2025-03-14,2025-03-14 00:02,UP,2025-03-14 00:16,SHORT,19418.50,19402.75,2025-03-14 00:17,STOP_HIT,2,1.00,-6.00,0.083,false
PCT_R0.22pct,2025-03-14,2025-03-14 02:36,UP,2025-03-14 02:47,SHORT,19443.50,19414.00,2025-03-14 02:48,STOP_HIT,2,6.25,2.50,0.202,false
PCT_R0.22pct,2025-03-17,2025-03-16 14:00,DOWN,2025-03-16 14:10,LONG,19619.00,19653.00,2025-03-16 14:11,STOP_HIT,2,12.50,3.50,0.114,false
PCT_R0.22pct,2025-03-17,2025-03-16 16:18,UP,2025-03-16 16:43,SHORT,19601.75,19599.25,2025-03-16 16:44,STOP_HIT,2,1.00,-5.75,0.368,false
PCT_R0.22pct,2025-03-17,2025-03-16 17:20,DOWN,2025-03-16 19:59,LONG,19585.75,19602.75,2025-03-16 20:00,STOP_HIT,2,2.00,1.00,0.600,false
PCT_R0.22pct,2025-03-17,2025-03-16 23:18,UP,2025-03-17 01:02,SHORT,19623.25,19598.75,2025-03-17 01:03,STOP_HIT,2,8.50,6.50,0.346,false
PCT_R0.22pct,2025-03-17,2025-03-17 06:44,DOWN,2025-03-17 06:59,LONG,19680.25,19723.50,2025-03-17 07:00,STOP_HIT,2,30.75,28.00,0.059,true
PCT_R0.22pct,2025-03-17,2025-03-17 08:14,DOWN,2025-03-17 08:24,LONG,19681.00,19709.50,2025-03-17 08:25,STOP_HIT,2,12.50,8.00,0.107,false
PCT_R0.22pct,2025-03-17,2025-03-17 08:46,UP,2025-03-17 08:58,SHORT,19702.25,19704.75,2025-03-17 09:07,STOP_HIT,10,29.00,-13.00,0.097,true
PCT_R0.22pct,2025-03-18,2025-03-17 14:00,UP,2025-03-17 14:31,SHORT,19852.75,19847.25,2025-03-17 14:32,STOP_HIT,2,4.25,2.00,0.086,false
PCT_R0.22pct,2025-03-18,2025-03-18 01:18,DOWN,2025-03-18 01:44,LONG,19796.00,19801.25,2025-03-18 01:45,STOP_HIT,2,2.25,-4.75,0.265,true
PCT_R0.22pct,2025-03-18,2025-03-18 09:07,UP,2025-03-18 09:18,SHORT,19521.75,19527.25,2025-03-18 09:53,STOP_HIT,36,74.25,-12.50,0.171,true
PCT_R0.22pct,2025-03-18,2025-03-18 09:33,UP,2025-03-18 09:51,SHORT,19533.50,19521.50,2025-03-18 09:52,STOP_HIT,2,8.75,4.25,0.236,false
PCT_R0.22pct,2025-03-18,2025-03-18 10:27,DOWN,2025-03-18 10:37,LONG,19520.50,19517.50,2025-03-18 10:43,STOP_HIT,7,10.50,-16.75,0.269,false
PCT_R0.22pct,2025-03-18,2025-03-18 10:34,UP,2025-03-18 10:44,SHORT,19501.00,19517.50,2025-03-18 10:47,STOP_HIT,4,5.50,-20.75,0.261,true
PCT_R0.22pct,2025-03-18,2025-03-18 11:12,UP,2025-03-18 11:22,SHORT,19527.75,19520.75,2025-03-18 11:23,STOP_HIT,2,12.50,6.00,0.237,true
PCT_R0.22pct,2025-03-19,2025-03-18 14:30,UP,2025-03-18 14:47,SHORT,19500.00,19483.75,2025-03-18 14:48,STOP_HIT,2,0.00,-4.50,0.075,false
PCT_R0.22pct,2025-03-19,2025-03-18 23:44,UP,2025-03-19 03:47,SHORT,19574.50,19542.25,2025-03-19 03:48,STOP_HIT,2,5.50,-7.00,0.453,false
PCT_R0.22pct,2025-03-20,2025-03-19 14:00,UP,2025-03-19 14:13,SHORT,19782.00,19758.75,2025-03-19 14:14,STOP_HIT,2,4.25,-5.75,0.360,false
PCT_R0.22pct,2025-03-20,2025-03-19 19:18,DOWN,2025-03-20 02:21,LONG,19542.00,19818.50,2025-03-20 02:22,STOP_HIT,2,30.25,27.00,0.140,true
PCT_R0.22pct,2025-03-20,2025-03-20 07:37,UP,2025-03-20 07:47,SHORT,19835.25,19808.50,2025-03-20 07:48,STOP_HIT,2,0.00,-10.75,0.532,false
PCT_R0.22pct,2025-03-20,2025-03-20 07:48,DOWN,2025-03-20 08:02,LONG,19785.00,19809.50,2025-03-20 08:03,STOP_HIT,2,20.25,13.50,0.013,true
PCT_R0.22pct,2025-05-22,2025-05-21 14:01,DOWN,2025-05-21 14:11,LONG,21124.00,21149.75,2025-05-21 14:12,STOP_HIT,2,9.50,-4.25,0.258,false
PCT_R0.22pct,2025-05-22,2025-05-21 14:13,UP,2025-05-21 15:20,SHORT,21160.50,21142.75,2025-05-21 15:21,STOP_HIT,2,1.75,-3.75,0.018,true
PCT_R0.22pct,2025-05-22,2025-05-21 17:04,DOWN,2025-05-21 19:03,LONG,21161.25,21159.75,2025-05-22 03:49,STOP_HIT,527,82.25,-14.75,0.238,false
PCT_R0.22pct,2025-05-22,2025-05-21 18:36,UP,2025-05-21 21:29,SHORT,21195.00,21163.25,2025-05-21 21:30,STOP_HIT,2,2.75,-2.00,0.022,true
PCT_R0.22pct,2025-05-22,2025-05-22 03:09,DOWN,2025-05-22 03:47,LONG,21163.00,21183.50,2025-05-22 03:48,STOP_HIT,2,2.50,-14.25,0.053,false
PCT_R0.22pct,2025-05-22,2025-05-22 05:06,DOWN,2025-05-22 05:31,LONG,21179.00,21175.50,2025-05-22 05:34,STOP_HIT,4,40.50,-54.75,0.048,false
PCT_R0.22pct,2025-05-23,2025-05-22 14:00,DOWN,2025-05-22 14:31,LONG,21193.25,21205.50,2025-05-22 14:32,STOP_HIT,2,0.00,-5.00,0.268,false
PCT_R0.22pct,2025-05-23,2025-05-22 15:01,UP,2025-05-22 16:01,SHORT,21185.75,21171.50,2025-05-22 16:02,STOP_HIT,2,0.00,-5.25,0.121,false
PCT_R0.22pct,2025-05-23,2025-05-22 16:37,DOWN,2025-05-22 17:47,LONG,21160.75,21178.50,2025-05-22 17:48,STOP_HIT,2,1.50,1.50,0.054,true
PCT_R0.22pct,2025-05-23,2025-05-22 17:57,UP,2025-05-22 18:27,SHORT,21198.50,21178.25,2025-05-22 18:28,STOP_HIT,2,0.50,-2.00,0.114,false
PCT_R0.22pct,2025-05-23,2025-05-22 19:24,DOWN,2025-05-22 20:39,LONG,21162.25,21181.75,2025-05-22 20:40,STOP_HIT,2,1.25,-0.75,0.304,false
PCT_R0.22pct,2025-05-23,2025-05-22 22:16,UP,2025-05-22 23:53,SHORT,21207.00,21173.25,2025-05-22 23:54,STOP_HIT,2,2.50,1.75,0.106,false
PCT_R0.22pct,2025-05-23,2025-05-23 02:03,DOWN,2025-05-23 03:20,LONG,21112.50,21173.00,2025-05-23 03:21,STOP_HIT,2,0.00,-39.25,0.310,false
PCT_R0.22pct,2025-05-23,2025-05-23 05:37,DOWN,2025-05-23 05:47,LONG,20863.50,20911.50,2025-05-23 05:48,STOP_HIT,2,14.00,-1.75,0.014,true
PCT_R0.22pct,2025-05-23,2025-05-23 05:54,UP,2025-05-23 06:08,SHORT,20933.75,20903.00,2025-05-23 06:09,STOP_HIT,2,14.50,6.25,0.100,true
PCT_R0.22pct,2025-05-23,2025-05-23 06:47,DOWN,2025-05-23 07:01,LONG,20928.75,20927.50,2025-05-23 07:06,STOP_HIT,6,22.50,-28.75,0.111,true
PCT_R0.22pct,2025-05-23,2025-05-23 08:05,UP,2025-05-23 08:15,SHORT,20943.00,20934.00,2025-05-23 08:16,STOP_HIT,2,4.25,-7.00,0.127,false
PCT_R0.22pct,2025-05-26,2025-05-25 14:39,UP,2025-05-25 17:32,SHORT,21174.25,21178.50,2025-05-25 17:36,STOP_HIT,5,4.25,-5.75,0.651,true
PCT_R0.22pct,2025-05-27,2025-05-26 14:00,DOWN,2025-05-26 14:32,LONG,21247.00,21266.00,2025-05-26 14:33,STOP_HIT,2,1.50,-7.75,0.081,true
PCT_R0.22pct,2025-05-27,2025-05-26 19:46,UP,2025-05-26 23:00,SHORT,21243.00,21208.00,2025-05-26 23:01,STOP_HIT,2,7.50,5.50,0.360,true
PCT_R0.22pct,2025-05-27,2025-05-27 05:21,DOWN,2025-05-27 05:31,LONG,21278.00,21276.50,2025-05-27 05:32,STOP_HIT,2,5.25,-29.50,0.027,false
PCT_R0.22pct,2025-05-27,2025-05-27 05:37,UP,2025-05-27 06:01,SHORT,21325.25,21264.50,2025-05-27 06:02,STOP_HIT,2,6.25,-6.25,0.111,false
PCT_R0.22pct,2025-05-28,2025-05-27 15:18,DOWN,2025-05-27 20:41,LONG,21438.50,21466.00,2025-05-27 20:42,STOP_HIT,2,3.00,1.75,0.371,false
PCT_R0.22pct,2025-05-28,2025-05-28 01:44,UP,2025-05-28 02:33,SHORT,21476.25,21451.25,2025-05-28 02:34,STOP_HIT,2,0.25,-9.50,0.345,false
PCT_R0.22pct,2025-05-28,2025-05-28 05:40,DOWN,2025-05-28 06:00,LONG,21467.50,21493.25,2025-05-28 06:01,STOP_HIT,2,19.25,13.50,0.074,true
PCT_R0.22pct,2025-05-28,2025-05-28 06:58,UP,2025-05-28 09:11,SHORT,21478.50,21467.25,2025-05-28 09:12,STOP_HIT,2,0.75,-4.75,0.089,false
PCT_R0.22pct,2025-05-28,2025-05-28 10:52,UP,2025-05-28 11:13,SHORT,21497.75,21469.75,2025-05-28 11:14,STOP_HIT,2,36.50,12.50,0.067,true
PCT_R0.22pct,2025-05-28,2025-05-28 11:08,DOWN,2025-05-28 11:26,LONG,21460.50,21470.00,2025-05-28 11:27,STOP_HIT,2,2.75,-1.00,0.142,false
PCT_R0.22pct,2025-05-29,2025-05-28 14:00,UP,2025-05-28 14:37,SHORT,21535.25,21513.25,2025-05-28 14:38,STOP_HIT,2,6.25,-2.00,0.724,false
PCT_R0.22pct,2025-05-29,2025-05-28 23:00,UP,2025-05-28 23:31,SHORT,21794.25,21770.00,2025-05-28 23:32,STOP_HIT,2,15.00,6.25,0.024,true
PCT_R0.22pct,2025-05-29,2025-05-29 00:00,DOWN,2025-05-29 03:26,LONG,21695.75,21775.50,2025-05-29 03:27,STOP_HIT,2,4.00,-6.25,0.080,false
PCT_R0.22pct,2025-05-30,2025-05-29 14:00,UP,2025-05-29 14:11,SHORT,21385.25,21367.75,2025-05-29 14:12,STOP_HIT,2,0.25,-4.00,0.005,false
PCT_R0.22pct,2025-05-30,2025-05-29 14:10,DOWN,2025-05-29 14:33,LONG,21365.50,21365.50,2025-05-29 14:35,STOP_HIT,3,2.50,-16.50,0.290,true
PCT_R0.22pct,2025-05-30,2025-05-29 17:20,UP,2025-05-29 18:25,SHORT,21344.75,21340.50,2025-05-29 18:27,STOP_HIT,3,6.75,1.25,0.600,true
PCT_R0.22pct,2025-05-30,2025-05-29 23:05,UP,2025-05-29 23:23,SHORT,21364.25,21346.50,2025-05-29 23:24,STOP_HIT,2,10.25,6.25,0.019,false
PCT_R0.22pct,2025-05-30,2025-05-30 04:25,UP,2025-05-30 04:55,SHORT,21353.25,21352.50,2025-05-30 05:16,STOP_HIT,22,39.25,-7.25,0.024,true
PCT_R0.22pct,2025-05-30,2025-05-30 04:40,DOWN,2025-05-30 05:06,LONG,21345.75,21351.25,2025-05-30 05:07,STOP_HIT,2,1.50,-14.75,0.101,false
PCT_R0.22pct,2025-05-30,2025-05-30 05:05,UP,2025-05-30 05:21,SHORT,21369.50,21351.50,2025-05-30 05:22,STOP_HIT,2,0.50,-5.00,0.084,true
PCT_R0.22pct,2025-05-30,2025-05-30 07:15,UP,2025-05-30 07:27,SHORT,21360.00,21350.00,2025-05-30 07:28,STOP_HIT,2,1.50,-9.75,0.178,false
PCT_R0.22pct,2025-06-02,2025-06-01 14:00,UP,2025-06-01 14:11,SHORT,21325.75,21319.00,2025-06-01 14:12,STOP_HIT,2,0.00,-16.75,0.185,false
PCT_R0.22pct,2025-06-02,2025-06-01 14:10,DOWN,2025-06-01 15:03,LONG,21303.75,21317.50,2025-06-01 15:04,STOP_HIT,2,5.75,5.00,0.066,false
PCT_R0.22pct,2025-06-02,2025-06-01 15:30,UP,2025-06-01 16:11,SHORT,21307.75,21309.75,2025-06-01 16:12,STOP_HIT,2,2.75,-5.75,0.169,false
PCT_R0.22pct,2025-06-02,2025-06-02 01:45,UP,2025-06-02 03:15,SHORT,21279.50,21244.00,2025-06-02 03:16,STOP_HIT,2,11.50,6.50,0.094,false
PCT_R0.22pct,2025-06-02,2025-06-02 04:21,UP,2025-06-02 04:41,SHORT,21274.50,21249.00,2025-06-02 04:42,STOP_HIT,2,0.00,-11.75,0.114,false
PCT_R0.22pct,2025-06-03,2025-06-02 14:00,DOWN,2025-06-02 15:26,LONG,21479.75,21523.25,2025-06-02 15:31,STOP_HIT,6,64.50,41.25,0.126,false
PCT_R0.22pct,2025-06-03,2025-06-02 15:29,DOWN,2025-06-02 15:51,LONG,21510.00,21521.00,2025-06-02 15:52,STOP_HIT,2,0.75,-7.75,0.259,false
PCT_R0.22pct,2025-06-03,2025-06-03 00:15,UP,2025-06-03 03:40,SHORT,21526.00,21463.25,2025-06-03 03:41,STOP_HIT,2,6.50,0.00,0.105,false
PCT_R0.22pct,2025-06-04,2025-06-03 16:00,DOWN,2025-06-03 17:51,LONG,21693.00,21705.75,2025-06-03 17:52,STOP_HIT,2,0.00,-18.75,0.324,false
PCT_R0.22pct,2025-06-04,2025-06-03 18:15,UP,2025-06-04 00:06,SHORT,21730.75,21696.00,2025-06-04 00:07,STOP_HIT,2,5.75,0.25,0.095,true
PCT_R0.22pct,2025-06-04,2025-06-04 04:05,DOWN,2025-06-04 04:21,LONG,21700.25,21711.00,2025-06-04 04:22,STOP_HIT,2,0.00,-29.00,0.154,false
PCT_R0.22pct,2025-06-04,2025-06-04 04:25,UP,2025-06-04 05:21,SHORT,21726.75,21706.50,2025-06-04 05:22,STOP_HIT,2,6.50,-10.00,0.168,false
PCT_R0.22pct,2025-06-04,2025-06-04 06:08,UP,2025-06-04 06:26,SHORT,21716.50,21718.25,2025-06-04 06:27,STOP_HIT,2,2.00,-29.50,0.052,false
PCT_R0.22pct,2025-06-04,2025-06-04 06:35,DOWN,2025-06-04 06:52,LONG,21726.75,21721.25,2025-06-04 08:12,STOP_HIT,81,57.75,-18.25,0.006,true
PCT_R0.22pct,2025-06-04,2025-06-04 06:45,UP,2025-06-04 06:56,SHORT,21737.75,21722.00,2025-06-04 06:57,STOP_HIT,2,2.75,-11.75,0.114,false
PCT_R0.22pct,2025-06-04,2025-06-04 08:10,UP,2025-06-04 08:56,SHORT,21752.00,21732.25,2025-06-04 08:57,STOP_HIT,2,7.25,6.25,0.020,false
PCT_R0.22pct,2025-06-05,2025-06-04 14:40,DOWN,2025-06-04 22:15,LONG,21728.00,21747.50,2025-06-04 22:16,STOP_HIT,2,1.75,1.25,0.022,false
PCT_R0.22pct,2025-06-05,2025-06-04 22:14,UP,2025-06-04 23:16,SHORT,21770.25,21747.25,2025-06-04 23:17,STOP_HIT,2,13.25,4.75,0.002,true
PCT_R0.22pct,2025-06-05,2025-06-05 04:30,UP,2025-06-05 04:40,SHORT,21771.75,21763.00,2025-06-05 04:41,STOP_HIT,2,9.25,-2.75,0.214,false
PCT_R0.22pct,2025-06-06,2025-06-05 14:00,UP,2025-06-05 14:16,SHORT,21511.50,21496.50,2025-06-05 14:17,STOP_HIT,2,0.00,-8.25,0.141,false
PCT_R0.22pct,2025-06-06,2025-06-06 07:20,UP,2025-06-06 07:31,SHORT,21789.75,21785.50,2025-06-06 07:32,STOP_HIT,2,1.00,-4.00,0.008,true
PCT_R0.22pct,2025-06-06,2025-06-06 08:10,DOWN,2025-06-06 08:36,LONG,21790.00,21791.00,2025-06-06 08:37,STOP_HIT,2,2.00,-4.25,0.039,false
PCT_R0.22pct,2025-06-06,2025-06-06 08:55,UP,2025-06-06 09:51,SHORT,21819.00,21789.00,2025-06-06 09:52,STOP_HIT,2,5.50,3.25,0.016,false
PCT_R0.22pct,2025-06-09,2025-06-08 14:00,DOWN,2025-06-08 14:11,LONG,21787.50,21799.50,2025-06-08 14:12,STOP_HIT,2,2.50,-11.50,0.158,false
PCT_R0.22pct,2025-06-09,2025-06-08 15:10,UP,2025-06-08 16:01,SHORT,21756.75,21754.75,2025-06-08 16:02,STOP_HIT,2,0.00,-14.00,0.133,false
PCT_R0.22pct,2025-06-09,2025-06-08 16:04,DOWN,2025-06-08 17:36,LONG,21739.00,21754.50,2025-06-08 17:37,STOP_HIT,2,4.00,-2.25,0.275,false
PCT_R0.22pct,2025-06-09,2025-06-08 18:30,UP,2025-06-08 22:51,SHORT,21751.25,21745.25,2025-06-08 22:52,STOP_HIT,2,0.00,-13.75,0.226,false
PCT_R0.22pct,2025-06-09,2025-06-09 05:35,UP,2025-06-09 05:45,SHORT,21795.50,21779.75,2025-06-09 05:46,STOP_HIT,2,19.00,8.50,0.124,false
PCT_R0.22pct,2025-06-10,2025-06-10 00:10,UP,2025-06-10 02:30,SHORT,21842.00,21831.50,2025-06-10 02:31,STOP_HIT,2,6.50,-0.50,0.094,false
PCT_R0.22pct,2025-06-10,2025-06-10 02:15,DOWN,2025-06-10 03:09,LONG,21805.25,21832.00,2025-06-10 03:10,STOP_HIT,2,16.50,3.00,0.296,false
PCT_R0.22pct,2025-06-10,2025-06-10 03:05,UP,2025-06-10 03:51,SHORT,21844.00,21832.25,2025-06-10 03:52,STOP_HIT,2,2.25,-4.25,0.020,true
PCT_R0.22pct,2025-06-10,2025-06-10 07:33,UP,2025-06-10 08:09,SHORT,21901.00,21855.75,2025-06-10 08:10,STOP_HIT,2,16.25,0.75,0.155,true
PCT_R0.22pct,2025-06-10,2025-06-10 10:05,UP,2025-06-10 10:23,SHORT,21873.00,21861.75,2025-06-10 10:24,STOP_HIT,2,2.50,-0.50,0.037,true
PCT_R0.22pct,2025-06-11,2025-06-10 14:54,DOWN,2025-06-10 15:06,LONG,21948.25,21955.00,2025-06-10 15:07,STOP_HIT,2,0.00,-8.75,0.269,false
PCT_R0.22pct,2025-06-11,2025-06-10 15:05,UP,2025-06-10 15:18,SHORT,21993.00,21956.25,2025-06-10 15:19,STOP_HIT,2,19.75,10.50,0.087,false
PCT_R0.22pct,2025-06-11,2025-06-10 15:15,DOWN,2025-06-10 16:06,LONG,21950.25,21957.75,2025-06-10 16:07,STOP_HIT,2,1.50,-8.50,0.075,false
PCT_R0.22pct,2025-06-11,2025-06-10 20:58,UP,2025-06-11 01:31,SHORT,21939.75,21914.00,2025-06-11 01:32,STOP_HIT,2,0.75,-2.50,0.088,true
PCT_R0.22pct,2025-06-11,2025-06-11 03:17,UP,2025-06-11 03:52,SHORT,21925.00,21919.00,2025-06-11 03:53,STOP_HIT,2,6.00,-1.75,0.203,false
PCT_R0.22pct,2025-06-11,2025-06-11 07:15,DOWN,2025-06-11 08:21,LONG,21929.00,21992.50,2025-06-11 08:22,STOP_HIT,2,15.00,14.50,0.016,true
PCT_R0.22pct,2025-06-11,2025-06-11 09:09,DOWN,2025-06-11 09:50,LONG,21948.25,21989.00,2025-06-11 09:51,STOP_HIT,2,7.75,-1.50,0.230,false
PCT_R0.22pct,2025-06-12,2025-06-11 14:00,UP,2025-06-11 14:31,SHORT,21889.25,21869.50,2025-06-11 14:32,STOP_HIT,2,0.00,-2.25,0.029,true
PCT_R0.22pct,2025-06-12,2025-06-11 14:30,DOWN,2025-06-11 14:51,LONG,21874.00,21871.75,2025-06-11 14:52,STOP_HIT,2,0.00,-37.25,0.225,false
PCT_R0.22pct,2025-06-12,2025-06-11 15:36,DOWN,2025-06-11 16:20,LONG,21833.25,21844.50,2025-06-11 16:21,STOP_HIT,2,8.75,5.75,0.180,false
PCT_R0.22pct,2025-06-12,2025-06-11 17:34,UP,2025-06-11 22:56,SHORT,21842.00,21818.25,2025-06-11 22:57,STOP_HIT,2,7.25,3.25,0.097,true
PCT_R0.22pct,2025-06-12,2025-06-11 23:00,DOWN,2025-06-11 23:54,LONG,21783.25,21819.50,2025-06-11 23:55,STOP_HIT,2,3.00,-10.00,0.171,true
PCT_R0.22pct,2025-06-12,2025-06-12 01:35,DOWN,2025-06-12 02:09,LONG,21800.50,21809.75,2025-06-12 02:10,STOP_HIT,2,2.75,-2.00,0.347,false
PCT_R0.22pct,2025-06-12,2025-06-12 04:30,UP,2025-06-12 04:40,SHORT,21828.00,21800.00,2025-06-12 04:41,STOP_HIT,2,0.25,-14.00,0.067,false
PCT_R0.22pct,2025-06-12,2025-06-12 11:20,DOWN,2025-06-12 11:52,LONG,21902.50,21914.00,2025-06-12 11:53,STOP_HIT,2,11.50,-4.50,0.008,false
PCT_R0.22pct,2025-06-12,2025-06-12 11:50,UP,2025-06-12 12:01,SHORT,21931.50,21915.00,2025-06-12 12:02,STOP_HIT,2,1.25,-5.00,0.019,false
PCT_R0.22pct,2025-06-13,2025-06-12 14:00,DOWN,2025-06-12 14:27,LONG,21882.50,21891.25,2025-06-12 14:28,STOP_HIT,2,0.00,-4.25,0.227,false
PCT_R0.22pct,2025-06-13,2025-06-12 17:55,DOWN,2025-06-12 18:05,LONG,21575.25,21602.25,2025-06-12 18:06,STOP_HIT,2,13.50,0.25,0.104,false
PCT_R0.22pct,2025-06-13,2025-06-12 20:56,UP,2025-06-12 22:26,SHORT,21580.50,21576.25,2025-06-12 22:31,STOP_HIT,6,12.50,-7.25,0.011,false
PCT_R0.22pct,2025-06-16,2025-06-15 20:18,UP,2025-06-15 21:21,SHORT,21925.00,21896.50,2025-06-15 21:22,STOP_HIT,2,0.75,-1.00,0.217,false
PCT_R0.22pct,2025-06-16,2025-06-16 09:30,DOWN,2025-06-16 11:15,LONG,22151.75,22160.25,2025-06-16 11:18,STOP_HIT,4,14.00,-5.75,0.080,false
PCT_R0.22pct,2025-06-16,2025-06-16 10:50,UP,2025-06-16 12:01,SHORT,22172.50,22161.00,2025-06-16 12:02,STOP_HIT,2,3.00,-9.50,0.031,false
PCT_R0.22pct,2025-06-17,2025-06-16 14:00,DOWN,2025-06-16 14:31,LONG,22146.50,22154.00,2025-06-16 14:32,STOP_HIT,2,0.00,-21.00,0.259,false
PCT_R0.22pct,2025-06-17,2025-06-16 14:49,UP,2025-06-16 15:26,SHORT,22091.00,22099.50,2025-06-16 18:53,STOP_HIT,208,83.50,-9.75,0.160,false
PCT_R0.22pct,2025-06-17,2025-06-16 15:15,DOWN,2025-06-16 15:30,LONG,22079.00,22099.00,2025-06-16 15:31,STOP_HIT,2,1.25,-23.25,0.214,true
PCT_R0.22pct,2025-06-17,2025-06-16 16:59,DOWN,2025-06-16 17:16,LONG,22053.75,22067.25,2025-06-16 17:17,STOP_HIT,2,8.50,4.50,0.204,false
PCT_R0.22pct,2025-06-17,2025-06-16 17:25,UP,2025-06-16 17:51,SHORT,22084.25,22067.00,2025-06-16 17:52,STOP_HIT,2,0.25,-5.75,0.095,false
PCT_R0.22pct,2025-06-17,2025-06-16 17:50,DOWN,2025-06-16 18:06,LONG,22063.75,22067.00,2025-06-16 18:07,STOP_HIT,2,0.00,-11.25,0.161,false
PCT_R0.22pct,2025-06-17,2025-06-16 20:32,UP,2025-06-16 22:06,SHORT,22092.75,22070.25,2025-06-16 22:07,STOP_HIT,2,1.00,-4.00,0.217,false
PCT_R0.22pct,2025-06-17,2025-06-16 22:15,DOWN,2025-06-16 23:23,LONG,22026.50,22071.25,2025-06-16 23:24,STOP_HIT,2,10.25,0.00,0.234,false
PCT_R0.22pct,2025-06-17,2025-06-17 02:45,UP,2025-06-17 04:13,SHORT,22080.00,22063.25,2025-06-17 04:14,STOP_HIT,2,1.75,-3.25,0.123,false
PCT_R0.22pct,2025-06-17,2025-06-17 04:30,DOWN,2025-06-17 04:53,LONG,22054.50,22064.50,2025-06-17 04:54,STOP_HIT,2,2.75,-0.75,0.159,false
PCT_R0.22pct,2025-06-17,2025-06-17 05:11,UP,2025-06-17 05:31,SHORT,22096.75,22063.00,2025-06-17 05:32,STOP_HIT,2,25.25,16.00,0.018,false
PCT_R0.22pct,2025-06-17,2025-06-17 08:19,DOWN,2025-06-17 08:56,LONG,22045.75,22086.00,2025-06-17 08:57,STOP_HIT,2,8.50,-3.50,0.106,false
PCT_R0.22pct,2025-06-18,2025-06-17 14:00,DOWN,2025-06-17 14:26,LONG,21910.00,21911.00,2025-06-17 14:27,STOP_HIT,2,4.25,-1.25,0.125,false
PCT_R0.22pct,2025-06-18,2025-06-17 14:57,UP,2025-06-17 15:45,SHORT,21911.00,21895.50,2025-06-17 15:46,STOP_HIT,2,11.50,-0.50,0.209,false
PCT_R0.22pct,2025-06-18,2025-06-18 03:07,UP,2025-06-18 03:48,SHORT,22024.25,21988.25,2025-06-18 03:49,STOP_HIT,2,2.00,0.75,0.009,false
PCT_R0.22pct,2025-06-19,2025-06-18 14:00,DOWN,2025-06-18 14:18,LONG,21924.50,21937.00,2025-06-18 14:19,STOP_HIT,2,12.00,5.75,0.064,true
PCT_R0.22pct,2025-06-19,2025-06-18 18:00,UP,2025-06-18 20:07,SHORT,21887.00,21867.25,2025-06-18 20:08,STOP_HIT,2,3.25,2.00,0.429,false
PCT_R0.22pct,2025-06-19,2025-06-18 20:41,DOWN,2025-06-18 22:01,LONG,21854.25,21870.75,2025-06-18 22:02,STOP_HIT,2,20.50,12.00,0.033,true
PCT_R0.22pct,2025-06-20,2025-06-19 14:00,UP,2025-06-19 14:10,SHORT,21823.75,21826.25,2025-06-19 14:11,STOP_HIT,2,2.75,-9.00,0.278,false
PCT_R0.22pct,2025-06-20,2025-06-19 15:25,UP,2025-06-19 16:11,SHORT,21906.50,21882.50,2025-06-19 16:12,STOP_HIT,2,5.00,-10.75,0.112,false
PCT_R0.22pct,2025-06-20,2025-06-19 16:10,DOWN,2025-06-19 17:31,LONG,21870.50,21884.50,2025-06-19 17:32,STOP_HIT,2,3.25,-1.25,0.079,false
PCT_R0.22pct,2025-06-20,2025-06-19 17:10,UP,2025-06-19 19:24,SHORT,21903.75,21884.00,2025-06-19 19:25,STOP_HIT,2,6.00,-1.50,0.315,false
PCT_R0.22pct,2025-06-20,2025-06-20 00:10,DOWN,2025-06-20 00:56,LONG,21871.75,21898.75,2025-06-20 00:57,STOP_HIT,2,1.00,-6.75,0.085,false
PCT_R0.22pct,2025-06-20,2025-06-20 00:55,UP,2025-06-20 02:41,SHORT,21900.75,21897.25,2025-06-20 02:42,STOP_HIT,2,2.00,1.25,0.078,true
PCT_R0.22pct,2025-06-20,2025-06-20 06:05,DOWN,2025-06-20 06:15,LONG,21996.00,21995.75,2025-06-20 06:16,STOP_HIT,2,7.75,-15.50,0.039,false
PCT_R0.22pct,2025-06-23,2025-06-22 16:20,UP,2025-06-22 18:08,SHORT,21747.00,21731.50,2025-06-22 18:09,STOP_HIT,2,2.50,-0.50,0.137,false
PCT_R0.22pct,2025-06-23,2025-06-23 03:45,UP,2025-06-23 03:55,SHORT,21814.00,21805.50,2025-06-23 03:56,STOP_HIT,2,0.25,-8.25,0.006,false
PCT_R0.22pct,2025-06-24,2025-06-23 14:03,UP,2025-06-23 14:13,SHORT,22160.25,22137.50,2025-06-23 14:14,STOP_HIT,2,5.00,-14.25,0.337,false
PCT_R0.22pct,2025-06-24,2025-06-24 03:20,UP,2025-06-24 03:31,SHORT,22294.00,22279.75,2025-06-24 03:32,STOP_HIT,2,5.25,5.25,0.071,false
PCT_R0.22pct,2025-06-24,2025-06-24 04:04,DOWN,2025-06-24 04:29,LONG,22284.25,22285.75,2025-06-24 04:32,STOP_HIT,4,10.50,-2.00,0.133,false
PCT_R0.22pct,2025-06-24,2025-06-24 04:30,UP,2025-06-24 05:16,SHORT,22285.50,22286.50,2025-06-24 05:17,STOP_HIT,2,2.00,-9.00,0.135,false
PCT_R0.22pct,2025-06-24,2025-06-24 06:05,UP,2025-06-24 06:16,SHORT,22305.25,22293.00,2025-06-24 06:17,STOP_HIT,2,8.50,-14.75,0.075,false
PCT_R0.22pct,2025-06-25,2025-06-24 14:00,UP,2025-06-24 16:14,SHORT,22428.50,22401.50,2025-06-24 16:15,STOP_HIT,2,6.00,2.50,0.301,false
PCT_R0.22pct,2025-06-25,2025-06-25 06:20,UP,2025-06-25 06:41,SHORT,22507.00,22493.25,2025-06-25 06:42,STOP_HIT,2,9.50,8.00,0.044,false
PCT_R0.22pct,2025-06-25,2025-06-25 06:45,DOWN,2025-06-25 07:01,LONG,22491.00,22494.00,2025-06-25 07:02,STOP_HIT,2,0.25,-16.25,0.110,false
PCT_R0.22pct,2025-06-26,2025-06-25 14:10,DOWN,2025-06-25 15:06,LONG,22447.00,22462.25,2025-06-25 15:07,STOP_HIT,2,7.00,7.00,0.116,true
PCT_R0.22pct,2025-06-26,2025-06-25 15:05,UP,2025-06-25 19:10,SHORT,22479.75,22467.75,2025-06-25 19:11,STOP_HIT,2,1.25,-1.50,0.211,false
PCT_R0.22pct,2025-06-26,2025-06-26 05:30,DOWN,2025-06-26 05:40,LONG,22515.50,22537.75,2025-06-26 05:41,STOP_HIT,2,16.50,-8.00,0.058,true
PCT_R0.22pct,2025-06-26,2025-06-26 05:50,UP,2025-06-26 06:06,SHORT,22553.25,22532.25,2025-06-26 06:07,STOP_HIT,2,16.00,4.25,0.107,true
PCT_R0.22pct,2025-06-27,2025-06-26 14:25,DOWN,2025-06-26 17:29,LONG,22672.75,22683.75,2025-06-26 17:30,STOP_HIT,2,1.25,-4.00,0.227,false
PCT_R0.22pct,2025-06-27,2025-06-26 17:28,UP,2025-06-26 21:36,SHORT,22701.25,22688.25,2025-06-26 21:37,STOP_HIT,2,0.25,-0.25,0.328,false
PCT_R0.22pct,2025-06-27,2025-06-27 04:00,DOWN,2025-06-27 05:29,LONG,22708.75,22730.25,2025-06-27 05:30,STOP_HIT,2,19.75,8.50,0.013,true
PCT_R0.22pct,2025-06-27,2025-06-27 05:30,UP,2025-06-27 05:40,SHORT,22737.75,22725.50,2025-06-27 05:41,STOP_HIT,2,20.75,9.25,0.038,true
PCT_R0.22pct,2025-06-30,2025-06-29 14:00,UP,2025-06-29 14:26,SHORT,22790.50,22780.50,2025-06-29 14:27,STOP_HIT,2,0.00,-10.75,0.171,false
PCT_R0.22pct,2025-06-30,2025-06-30 07:15,UP,2025-06-30 07:51,SHORT,22858.00,22834.00,2025-06-30 07:52,STOP_HIT,2,7.75,0.75,0.006,true
PCT_R0.22pct,2025-06-30,2025-06-30 08:09,DOWN,2025-06-30 09:36,LONG,22819.50,22836.75,2025-06-30 09:37,STOP_HIT,2,8.25,5.00,0.007,true
PCT_R0.22pct,2025-06-30,2025-06-30 10:40,UP,2025-06-30 11:08,SHORT,22858.75,22834.00,2025-06-30 11:09,STOP_HIT,2,3.25,2.75,0.023,true
PCT_R0.22pct,2025-07-01,2025-06-30 15:28,UP,2025-06-30 16:05,SHORT,22890.75,22874.00,2025-06-30 16:06,STOP_HIT,2,7.50,-4.25,0.051,false
PCT_R0.22pct,2025-07-01,2025-06-30 17:53,DOWN,2025-06-30 20:30,LONG,22868.75,22885.00,2025-06-30 20:31,STOP_HIT,2,4.75,3.75,0.188,false
PCT_R0.22pct,2025-07-01,2025-07-01 06:15,DOWN,2025-07-01 06:25,LONG,22788.25,22818.75,2025-07-01 06:26,STOP_HIT,2,8.25,-22.25,0.007,false
PCT_R0.22pct,2025-07-01,2025-07-01 09:50,DOWN,2025-07-01 10:56,LONG,22722.75,22733.25,2025-07-01 10:57,STOP_HIT,2,2.25,-8.25,0.082,false
PCT_R0.22pct,2025-07-02,2025-07-01 15:05,DOWN,2025-07-01 18:09,LONG,22683.25,22710.50,2025-07-01 18:10,STOP_HIT,2,2.00,-0.75,0.129,false
PCT_R0.22pct,2025-07-02,2025-07-01 18:08,UP,2025-07-01 18:44,SHORT,22728.25,22710.00,2025-07-01 18:45,STOP_HIT,2,7.25,1.00,0.214,false
PCT_R0.22pct,2025-07-02,2025-07-01 20:51,DOWN,2025-07-02 03:09,LONG,22694.25,22717.25,2025-07-02 03:10,STOP_HIT,2,2.00,-7.50,0.082,true
PCT_R0.22pct,2025-07-02,2025-07-02 05:01,UP,2025-07-02 05:59,SHORT,22715.25,22693.25,2025-07-02 06:00,STOP_HIT,2,12.50,-4.50,0.151,true
PCT_R0.22pct,2025-07-03,2025-07-02 18:28,UP,2025-07-02 19:31,SHORT,22871.25,22847.75,2025-07-02 19:32,STOP_HIT,2,1.50,-1.75,0.178,false
PCT_R0.22pct,2025-07-03,2025-07-02 23:39,DOWN,2025-07-03 01:48,LONG,22867.50,22863.25,2025-07-03 01:51,STOP_HIT,4,0.75,-5.25,0.021,true
PCT_R0.22pct,2025-07-03,2025-07-03 02:16,UP,2025-07-03 04:29,SHORT,22858.00,22860.50,2025-07-03 04:30,STOP_HIT,2,1.50,-39.50,0.235,false
PCT_R0.22pct,2025-07-04,2025-07-03 14:28,DOWN,2025-07-03 18:11,LONG,23014.00,23035.50,2025-07-03 18:12,STOP_HIT,2,1.50,-8.50,0.170,false
PCT_R0.22pct,2025-07-07,2025-07-06 14:01,DOWN,2025-07-06 14:11,LONG,22999.00,22998.75,2025-07-06 14:12,STOP_HIT,2,4.25,-8.00,0.062,false
PCT_R0.22pct,2025-07-07,2025-07-07 00:10,UP,2025-07-07 03:11,SHORT,22959.00,22953.25,2025-07-07 03:12,STOP_HIT,2,3.00,-0.50,0.008,true
PCT_R0.22pct,2025-07-07,2025-07-07 04:15,DOWN,2025-07-07 05:12,LONG,22942.75,22959.00,2025-07-07 05:13,STOP_HIT,2,3.25,-5.50,0.030,false
PCT_R0.22pct,2025-07-07,2025-07-07 05:34,UP,2025-07-07 05:56,SHORT,22957.00,22951.00,2025-07-07 05:57,STOP_HIT,2,9.50,-0.75,0.061,true
PCT_R0.22pct,2025-07-07,2025-07-07 05:50,DOWN,2025-07-07 06:01,LONG,22936.50,22950.75,2025-07-07 06:02,STOP_HIT,2,4.75,-11.75,0.018,false
PCT_R0.22pct,2025-07-08,2025-07-07 14:20,UP,2025-07-07 15:02,SHORT,22849.00,22837.50,2025-07-07 15:03,STOP_HIT,2,4.75,0.75,0.351,false
PCT_R0.22pct,2025-07-08,2025-07-08 03:45,DOWN,2025-07-08 05:36,LONG,22910.75,22926.25,2025-07-08 05:37,STOP_HIT,2,1.25,-4.50,0.030,false
PCT_R0.22pct,2025-07-08,2025-07-08 06:25,UP,2025-07-08 06:41,SHORT,22939.25,22912.25,2025-07-08 06:42,STOP_HIT,2,21.75,19.50,0.021,true
PCT_R0.22pct,2025-07-08,2025-07-08 07:25,UP,2025-07-08 08:26,SHORT,22947.50,22905.50,2025-07-08 08:27,STOP_HIT,2,0.00,-6.00,0.023,true
PCT_R0.22pct,2025-07-08,2025-07-08 08:25,DOWN,2025-07-08 09:49,LONG,22907.50,22908.00,2025-07-08 10:42,STOP_HIT,54,35.25,-3.25,0.189,true
PCT_R0.22pct,2025-07-08,2025-07-08 09:15,UP,2025-07-08 09:55,SHORT,22930.00,22908.25,2025-07-08 09:56,STOP_HIT,2,6.25,-6.00,0.134,true
PCT_R0.22pct,2025-07-08,2025-07-08 10:05,DOWN,2025-07-08 10:46,LONG,22900.50,22909.75,2025-07-08 10:47,STOP_HIT,2,6.75,4.50,0.073,true
PCT_R0.22pct,2025-07-09,2025-07-08 15:01,DOWN,2025-07-08 16:11,LONG,22888.25,22905.75,2025-07-08 16:12,STOP_HIT,2,1.75,-2.50,0.345,false
PCT_R0.22pct,2025-07-09,2025-07-08 22:05,UP,2025-07-08 23:24,SHORT,22885.00,22882.25,2025-07-08 23:25,STOP_HIT,2,4.00,1.00,0.083,true
PCT_R0.22pct,2025-07-09,2025-07-09 07:25,DOWN,2025-07-09 08:32,LONG,22981.50,22975.75,2025-07-09 09:46,STOP_HIT,75,27.00,-7.25,0.008,true
PCT_R0.22pct,2025-07-09,2025-07-09 08:10,UP,2025-07-09 08:42,SHORT,22987.50,22976.75,2025-07-09 08:43,STOP_HIT,2,2.75,-1.25,0.122,false
PCT_R0.22pct,2025-07-10,2025-07-09 14:17,DOWN,2025-07-09 16:09,LONG,23021.25,23046.00,2025-07-09 16:10,STOP_HIT,2,2.50,-2.75,0.078,true
PCT_R0.22pct,2025-07-10,2025-07-09 21:30,UP,2025-07-10 00:31,SHORT,23036.50,23007.75,2025-07-10 00:32,STOP_HIT,2,3.75,1.50,0.049,false
PCT_R0.22pct,2025-07-10,2025-07-10 05:31,DOWN,2025-07-10 05:41,LONG,23030.50,23037.00,2025-07-10 05:42,STOP_HIT,2,6.00,2.50,0.006,true
PCT_R0.22pct,2025-07-10,2025-07-10 07:55,DOWN,2025-07-10 08:19,LONG,22981.25,22989.50,2025-07-10 08:20,STOP_HIT,2,19.25,2.75,0.127,true
PCT_R0.22pct,2025-07-10,2025-07-10 08:10,UP,2025-07-10 09:26,SHORT,23009.25,22995.00,2025-07-10 09:27,STOP_HIT,2,1.00,0.25,0.011,true
PCT_R0.22pct,2025-07-11,2025-07-10 16:57,DOWN,2025-07-10 17:16,LONG,22911.75,22899.00,2025-07-11 00:01,STOP_HIT,406,65.00,-15.75,0.031,false
PCT_R0.22pct,2025-07-11,2025-07-10 17:00,UP,2025-07-10 17:21,SHORT,22916.25,22900.75,2025-07-10 17:22,STOP_HIT,2,0.75,-6.50,0.245,false
PCT_R0.22pct,2025-07-11,2025-07-10 21:18,DOWN,2025-07-11 00:08,LONG,22886.75,22929.25,2025-07-11 00:09,STOP_HIT,2,7.00,1.75,0.044,true
PCT_R0.22pct,2025-07-11,2025-07-11 02:00,UP,2025-07-11 05:31,SHORT,22941.50,22908.75,2025-07-11 05:32,STOP_HIT,2,18.50,15.75,0.046,true
PCT_R0.22pct,2025-07-11,2025-07-11 05:30,DOWN,2025-07-11 05:42,LONG,22890.00,22908.50,2025-07-11 05:43,STOP_HIT,2,8.00,-11.75,0.028,true
PCT_R0.22pct,2025-07-11,2025-07-11 07:15,UP,2025-07-11 07:25,SHORT,22943.75,22937.25,2025-07-11 07:28,STOP_HIT,4,13.00,-1.00,0.066,true
PCT_R0.22pct,2025-07-11,2025-07-11 11:05,UP,2025-07-11 11:15,SHORT,22975.00,22964.25,2025-07-11 11:16,STOP_HIT,2,2.50,1.25,0.151,false
PCT_R0.22pct,2025-07-11,2025-07-11 11:25,DOWN,2025-07-11 12:01,LONG,22951.75,22965.75,2025-07-11 12:02,STOP_HIT,2,3.00,2.75,0.043,false
PCT_R0.22pct,2025-07-14,2025-07-13 14:00,UP,2025-07-13 14:10,SHORT,22845.75,22840.75,2025-07-13 14:21,STOP_HIT,12,29.50,1.25,0.586,false
PCT_R0.22pct,2025-07-14,2025-07-13 14:55,DOWN,2025-07-13 15:24,LONG,22859.25,22856.25,2025-07-13 15:25,STOP_HIT,2,0.50,-9.25,0.492,true
PCT_R0.22pct,2025-07-14,2025-07-13 23:20,UP,2025-07-14 00:00,SHORT,22881.75,22855.50,2025-07-14 00:01,STOP_HIT,2,10.25,6.00,0.149,true
PCT_R0.22pct,2025-07-15,2025-07-14 18:50,UP,2025-07-14 19:51,SHORT,23097.50,23073.25,2025-07-14 19:52,STOP_HIT,2,8.75,3.50,0.006,false
PCT_R0.22pct,2025-07-15,2025-07-15 04:20,UP,2025-07-15 04:30,SHORT,23151.00,23142.25,2025-07-15 04:31,STOP_HIT,2,0.00,-34.25,0.495,false
PCT_R0.22pct,2025-07-15,2025-07-15 05:40,UP,2025-07-15 05:50,SHORT,23148.50,23159.75,2025-07-15 05:51,STOP_HIT,2,6.75,-14.50,0.092,true
PCT_R0.22pct,2025-07-15,2025-07-15 05:45,DOWN,2025-07-15 05:56,LONG,23156.50,23159.50,2025-07-15 05:57,STOP_HIT,2,4.75,-8.00,0.061,false
PCT_R0.22pct,2025-07-15,2025-07-15 06:00,UP,2025-07-15 06:12,SHORT,23187.25,23158.25,2025-07-15 06:13,STOP_HIT,2,9.50,3.25,0.215,false
PCT_R0.22pct,2025-07-15,2025-07-15 07:45,DOWN,2025-07-15 08:36,LONG,23142.75,23155.50,2025-07-15 08:37,STOP_HIT,2,0.75,-10.50,0.024,false
PCT_R0.22pct,2025-07-15,2025-07-15 10:20,DOWN,2025-07-15 10:51,LONG,23150.00,23152.00,2025-07-15 10:52,STOP_HIT,2,2.00,-18.00,0.088,false
PCT_R0.22pct,2025-07-16,2025-07-15 14:00,DOWN,2025-07-15 14:31,LONG,23008.50,23011.00,2025-07-15 14:32,STOP_HIT,2,1.00,-13.75,0.124,false
PCT_R0.22pct,2025-07-16,2025-07-15 14:30,UP,2025-07-15 17:10,SHORT,23011.75,23001.25,2025-07-15 17:11,STOP_HIT,2,0.50,-2.25,0.208,false
PCT_R0.22pct,2025-07-16,2025-07-15 21:00,DOWN,2025-07-15 21:54,LONG,23005.25,23011.00,2025-07-15 21:55,STOP_HIT,2,2.75,1.75,0.188,false
PCT_R0.22pct,2025-07-16,2025-07-15 23:10,UP,2025-07-16 04:00,SHORT,23020.50,23001.75,2025-07-16 04:01,STOP_HIT,2,10.50,8.50,0.021,true
PCT_R0.22pct,2025-07-16,2025-07-16 05:30,DOWN,2025-07-16 06:01,LONG,22977.25,23013.75,2025-07-16 06:02,STOP_HIT,2,8.00,-5.50,0.064,true
PCT_R0.22pct,2025-07-16,2025-07-16 06:58,UP,2025-07-16 07:08,SHORT,23015.50,23005.75,2025-07-16 07:09,STOP_HIT,2,1.00,0.75,0.013,true
PCT_R0.22pct,2025-07-16,2025-07-16 07:56,DOWN,2025-07-16 08:06,LONG,22992.00,22993.50,2025-07-16 08:09,STOP_HIT,4,16.75,-6.00,0.010,false
PCT_R0.22pct,2025-07-16,2025-07-16 08:25,UP,2025-07-16 08:43,SHORT,23004.00,22992.25,2025-07-16 08:44,STOP_HIT,2,11.00,9.25,0.182,true
PCT_R0.22pct,2025-07-17,2025-07-16 14:00,DOWN,2025-07-16 18:52,LONG,23027.50,23039.25,2025-07-16 18:53,STOP_HIT,2,1.25,0.00,0.071,false
PCT_R0.22pct,2025-07-17,2025-07-16 19:07,UP,2025-07-16 21:31,SHORT,23061.50,23038.75,2025-07-16 21:32,STOP_HIT,2,0.75,-3.75,0.013,false
PCT_R0.22pct,2025-07-17,2025-07-17 03:00,UP,2025-07-17 04:41,SHORT,23117.00,23093.75,2025-07-17 04:42,STOP_HIT,2,4.00,1.00,0.110,false
PCT_R0.22pct,2025-07-17,2025-07-17 05:34,UP,2025-07-17 05:46,SHORT,23123.75,23101.25,2025-07-17 05:47,STOP_HIT,2,5.00,-2.50,0.030,false
PCT_R0.22pct,2025-07-18,2025-07-17 14:00,UP,2025-07-17 21:21,SHORT,23294.25,23273.25,2025-07-17 21:22,STOP_HIT,2,1.25,1.25,0.088,false
PCT_R0.22pct,2025-07-18,2025-07-17 22:09,DOWN,2025-07-18 02:21,LONG,23262.50,23277.50,2025-07-18 02:22,STOP_HIT,2,1.75,-6.00,0.185,false
PCT_R0.22pct,2025-07-18,2025-07-18 03:15,UP,2025-07-18 05:26,SHORT,23279.50,23273.00,2025-07-18 05:27,STOP_HIT,2,7.50,-28.50,0.039,false
PCT_R0.22pct,2025-07-18,2025-07-18 05:25,DOWN,2025-07-18 05:56,LONG,23262.00,23277.25,2025-07-18 05:57,STOP_HIT,2,1.75,-4.75,0.047,false
PCT_R0.22pct,2025-07-21,2025-07-20 14:13,UP,2025-07-20 15:48,SHORT,23248.50,23238.25,2025-07-20 15:49,STOP_HIT,2,1.75,-0.25,0.302,false
PCT_R0.22pct,2025-07-21,2025-07-21 00:08,DOWN,2025-07-21 05:30,LONG,23256.25,23266.25,2025-07-21 12:59,TIME_EXPIRED,450,168.50,90.75,0.183,true
PCT_R0.22pct,2025-07-21,2025-07-21 05:10,UP,2025-07-21 05:35,SHORT,23300.50,23270.50,2025-07-21 05:36,STOP_HIT,2,3.00,-17.25,0.141,false
PCT_R0.22pct,2025-07-21,2025-07-21 09:30,DOWN,2025-07-21 11:43,LONG,23361.75,23381.75,2025-07-21 11:44,STOP_HIT,2,3.50,-6.75,0.156,false
PCT_R0.22pct,2025-07-22,2025-07-21 17:45,DOWN,2025-07-21 20:07,LONG,23324.25,23346.75,2025-07-21 20:08,STOP_HIT,2,0.25,-0.25,0.272,false
PCT_R0.22pct,2025-07-22,2025-07-22 01:40,UP,2025-07-22 04:51,SHORT,23334.00,23317.75,2025-07-22 04:52,STOP_HIT,2,2.25,-2.00,0.090,false
PCT_R0.22pct,2025-07-22,2025-07-22 07:30,DOWN,2025-07-22 08:26,LONG,23186.50,23217.50,2025-07-22 08:27,STOP_HIT,2,5.00,-12.75,0.070,false
PCT_R0.22pct,2025-07-22,2025-07-22 08:40,UP,2025-07-22 09:47,SHORT,23220.25,23215.50,2025-07-22 09:48,STOP_HIT,2,4.75,2.75,0.049,false
PCT_R0.22pct,2025-07-22,2025-07-22 09:25,DOWN,2025-07-22 10:16,LONG,23215.75,23215.75,2025-07-22 10:17,STOP_HIT,2,0.00,-33.50,0.028,false
PCT_R0.22pct,2025-07-22,2025-07-22 10:15,UP,2025-07-22 10:31,SHORT,23217.00,23215.50,2025-07-22 10:32,STOP_HIT,2,1.75,-11.00,0.067,false
PCT_R0.22pct,2025-07-23,2025-07-22 14:39,UP,2025-07-22 15:11,SHORT,23193.50,23186.25,2025-07-22 15:12,STOP_HIT,2,2.25,0.75,0.274,false
PCT_R0.22pct,2025-07-23,2025-07-22 15:55,DOWN,2025-07-22 16:22,LONG,23221.50,23231.50,2025-07-22 16:23,STOP_HIT,2,4.00,-0.75,0.134,false
PCT_R0.22pct,2025-07-23,2025-07-22 16:55,UP,2025-07-22 17:51,SHORT,23234.50,23229.25,2025-07-22 17:52,STOP_HIT,2,2.25,-15.50,0.051,false
PCT_R0.22pct,2025-07-23,2025-07-23 00:56,DOWN,2025-07-23 05:09,LONG,23240.50,23246.50,2025-07-23 05:10,STOP_HIT,2,5.00,-4.75,0.025,false
PCT_R0.22pct,2025-07-23,2025-07-23 08:20,UP,2025-07-23 09:31,SHORT,23236.25,23216.50,2025-07-23 09:32,STOP_HIT,2,2.75,-5.00,0.067,false
PCT_R0.22pct,2025-07-24,2025-07-23 17:22,DOWN,2025-07-24 00:47,LONG,23384.00,23385.25,2025-07-24 02:14,STOP_HIT,88,13.00,0.00,0.039,true
PCT_R0.22pct,2025-07-24,2025-07-24 00:00,UP,2025-07-24 03:36,SHORT,23393.75,23385.25,2025-07-24 03:37,STOP_HIT,2,1.50,1.00,0.079,false
PCT_R0.22pct,2025-07-24,2025-07-24 03:40,DOWN,2025-07-24 04:41,LONG,23357.25,23384.50,2025-07-24 04:42,STOP_HIT,2,4.50,-7.00,0.004,false
PCT_R0.22pct,2025-07-24,2025-07-24 05:45,DOWN,2025-07-24 05:55,LONG,23348.50,23372.00,2025-07-24 05:56,STOP_HIT,2,24.00,16.50,0.045,false
PCT_R0.22pct,2025-07-24,2025-07-24 06:10,UP,2025-07-24 07:40,SHORT,23376.50,23364.50,2025-07-24 07:41,STOP_HIT,2,4.50,-1.00,0.074,false
PCT_R0.22pct,2025-07-24,2025-07-24 07:50,DOWN,2025-07-24 08:26,LONG,23357.00,23366.00,2025-07-24 08:27,STOP_HIT,2,0.00,-7.25,0.097,false
PCT_R0.22pct,2025-07-24,2025-07-24 08:25,UP,2025-07-24 09:06,SHORT,23380.25,23365.00,2025-07-24 09:07,STOP_HIT,2,0.00,-2.50,0.133,false
PCT_R0.22pct,2025-07-25,2025-07-24 14:00,UP,2025-07-24 18:26,SHORT,23432.50,23411.25,2025-07-24 18:27,STOP_HIT,2,5.00,3.25,0.303,false
PCT_R0.22pct,2025-07-25,2025-07-24 19:13,DOWN,2025-07-24 22:50,LONG,23396.75,23411.25,2025-07-24 22:51,STOP_HIT,2,0.25,-3.50,0.268,false
PCT_R0.22pct,2025-07-25,2025-07-25 05:35,UP,2025-07-25 05:54,SHORT,23395.25,23372.50,2025-07-25 05:55,STOP_HIT,2,12.50,-8.25,0.092,true
PCT_R0.22pct,2025-07-28,2025-07-27 14:00,DOWN,2025-07-27 14:26,LONG,23523.00,23525.75,2025-07-27 14:27,STOP_HIT,2,0.50,-12.25,0.206,false
PCT_R0.22pct,2025-07-28,2025-07-27 14:29,UP,2025-07-27 15:41,SHORT,23546.00,23524.50,2025-07-27 15:42,STOP_HIT,2,5.25,-0.25,0.051,false
PCT_R0.22pct,2025-07-28,2025-07-27 22:08,DOWN,2025-07-28 01:13,LONG,23539.00,23543.00,2025-07-28 01:14,STOP_HIT,2,0.50,-1.00,0.119,false
PCT_R0.22pct,2025-07-28,2025-07-28 06:05,DOWN,2025-07-28 06:21,LONG,23507.75,23509.75,2025-07-28 06:22,STOP_HIT,2,1.50,-7.75,0.040,false
PCT_R0.22pct,2025-07-29,2025-07-28 14:00,UP,2025-07-28 22:02,SHORT,23552.25,23532.00,2025-07-28 22:03,STOP_HIT,2,3.25,1.00,0.085,false
PCT_R0.22pct,2025-07-29,2025-07-29 05:35,DOWN,2025-07-29 06:03,LONG,23575.00,23592.00,2025-07-29 06:04,STOP_HIT,2,0.75,-9.50,0.110,false
PCT_R0.22pct,2025-07-30,2025-07-29 14:00,UP,2025-07-29 18:53,SHORT,23494.25,23479.00,2025-07-29 18:54,STOP_HIT,2,0.00,-0.75,0.354,false
PCT_R0.22pct,2025-07-30,2025-07-30 03:45,DOWN,2025-07-30 05:31,LONG,23469.00,23488.25,2025-07-30 05:32,STOP_HIT,2,10.50,-7.50,0.061,false
PCT_R0.22pct,2025-07-30,2025-07-30 05:30,UP,2025-07-30 05:40,SHORT,23493.00,23487.75,2025-07-30 05:41,STOP_HIT,2,10.25,-3.75,0.023,false
PCT_R0.22pct,2025-07-30,2025-07-30 05:45,DOWN,2025-07-30 05:55,LONG,23480.75,23489.00,2025-07-30 05:56,STOP_HIT,2,10.50,-5.75,0.069,false
PCT_R0.22pct,2025-07-30,2025-07-30 06:00,UP,2025-07-30 06:21,SHORT,23492.25,23487.75,2025-07-30 06:22,STOP_HIT,2,1.00,-18.75,0.112,false
PCT_R0.22pct,2025-07-30,2025-07-30 06:55,DOWN,2025-07-30 07:33,LONG,23482.25,23492.25,2025-07-30 07:34,STOP_HIT,2,3.50,1.00,0.065,false
PCT_R0.22pct,2025-07-30,2025-07-30 07:15,UP,2025-07-30 07:56,SHORT,23518.25,23493.00,2025-07-30 07:57,STOP_HIT,2,1.25,-8.75,0.057,false
PCT_R0.22pct,2025-07-31,2025-07-30 14:00,DOWN,2025-07-30 14:10,LONG,23696.75,23705.50,2025-07-30 14:11,STOP_HIT,2,3.25,-0.25,0.044,false
PCT_R0.22pct,2025-07-31,2025-07-30 14:00,UP,2025-07-30 15:11,SHORT,23729.25,23712.50,2025-07-30 15:12,STOP_HIT,2,0.00,-9.00,0.165,false
PCT_R0.22pct,2025-07-31,2025-07-30 23:45,DOWN,2025-07-31 04:06,LONG,23764.75,23785.50,2025-07-31 04:07,STOP_HIT,2,2.50,0.50,0.102,true
PCT_R0.22pct,2025-07-31,2025-07-31 03:55,UP,2025-07-31 04:31,SHORT,23802.00,23786.00,2025-07-31 04:34,STOP_HIT,4,29.75,4.75,0.011,false
PCT_R0.22pct,2025-07-31,2025-07-31 04:30,DOWN,2025-07-31 05:26,LONG,23772.50,23787.50,2025-07-31 05:27,STOP_HIT,2,2.00,-19.25,0.065,false
PCT_R0.22pct,2025-08-01,2025-07-31 14:05,DOWN,2025-07-31 14:33,LONG,23309.50,23316.00,2025-07-31 14:34,STOP_HIT,2,6.50,1.75,0.066,false
PCT_R0.22pct,2025-08-01,2025-07-31 14:40,UP,2025-07-31 16:20,SHORT,23281.75,23291.25,2025-07-31 17:13,STOP_HIT,54,50.25,-12.00,0.286,false
PCT_R0.22pct,2025-08-01,2025-07-31 15:10,DOWN,2025-07-31 16:23,LONG,23268.75,23290.00,2025-07-31 16:24,STOP_HIT,2,5.25,2.25,0.140,false
PCT_R0.22pct,2025-08-01,2025-07-31 16:25,UP,2025-07-31 17:36,SHORT,23319.75,23287.75,2025-07-31 17:37,STOP_HIT,2,0.00,-6.00,0.046,false
PCT_R0.22pct,2025-08-01,2025-07-31 19:30,DOWN,2025-07-31 22:49,LONG,23275.75,23297.75,2025-07-31 22:50,STOP_HIT,2,4.00,-9.50,0.017,true
PCT_R0.22pct,2025-08-01,2025-08-01 07:29,UP,2025-08-01 08:28,SHORT,23021.75,23007.50,2025-08-01 08:33,STOP_HIT,6,29.50,6.25,0.103,true
PCT_R0.22pct,2025-08-01,2025-08-01 08:25,DOWN,2025-08-01 08:36,LONG,23013.00,23007.50,2025-08-01 08:38,STOP_HIT,3,6.25,-24.50,0.081,false
PCT_R0.22pct,2025-08-04,2025-08-03 14:05,DOWN,2025-08-03 14:21,LONG,22859.00,22850.75,2025-08-04 12:59,TIME_EXPIRED,1359,493.50,491.75,0.022,true
PCT_R0.22pct,2025-08-04,2025-08-03 14:09,UP,2025-08-03 14:28,SHORT,22854.00,22851.75,2025-08-03 14:29,STOP_HIT,2,0.50,-8.25,0.126,false
PCT_R0.22pct,2025-08-05,2025-08-04 16:15,UP,2025-08-04 16:46,SHORT,23344.50,23329.50,2025-08-04 16:47,STOP_HIT,2,0.00,-27.25,0.151,false
PCT_R0.22pct,2025-08-05,2025-08-04 23:02,DOWN,2025-08-04 23:53,LONG,23335.50,23345.00,2025-08-04 23:54,STOP_HIT,2,0.00,-4.25,0.034,true
PCT_R0.22pct,2025-08-05,2025-08-05 00:10,UP,2025-08-05 02:06,SHORT,23358.25,23340.25,2025-08-05 02:07,STOP_HIT,2,0.50,-5.25,0.165,false
PCT_R0.22pct,2025-08-05,2025-08-05 04:16,DOWN,2025-08-05 05:19,LONG,23364.75,23355.75,2025-08-05 05:21,STOP_HIT,3,1.75,-10.25,0.048,true
PCT_R0.22pct,2025-08-05,2025-08-05 05:36,UP,2025-08-05 05:46,SHORT,23379.50,23350.00,2025-08-05 05:47,STOP_HIT,2,8.50,-12.75,0.073,false
PCT_R0.22pct,2025-08-05,2025-08-05 05:45,DOWN,2025-08-05 06:11,LONG,23346.25,23350.25,2025-08-05 06:12,STOP_HIT,2,1.75,-29.50,0.028,false
PCT_R0.22pct,2025-08-06,2025-08-05 14:00,DOWN,2025-08-05 14:10,LONG,23058.25,23076.25,2025-08-05 14:11,STOP_HIT,2,15.00,13.00,0.238,false
PCT_R0.22pct,2025-08-06,2025-08-05 14:19,UP,2025-08-05 15:08,SHORT,23083.00,23072.25,2025-08-05 15:09,STOP_HIT,2,1.25,-2.50,0.215,false
PCT_R0.22pct,2025-08-06,2025-08-06 00:04,DOWN,2025-08-06 02:39,LONG,23142.00,23151.00,2025-08-06 02:40,STOP_HIT,2,1.75,-17.00,0.145,true
PCT_R0.22pct,2025-08-06,2025-08-06 02:48,UP,2025-08-06 03:04,SHORT,23163.75,23149.25,2025-08-06 03:05,STOP_HIT,2,11.50,-6.50,0.026,true
PCT_R0.22pct,2025-08-06,2025-08-06 06:20,DOWN,2025-08-06 06:30,LONG,23200.00,23184.25,2025-08-06 12:59,TIME_EXPIRED,390,245.25,213.25,0.105,true
PCT_R0.22pct,2025-08-06,2025-08-06 06:23,UP,2025-08-06 06:36,SHORT,23218.25,23186.75,2025-08-06 06:37,STOP_HIT,2,2.50,-11.75,0.068,false
PCT_R0.22pct,2025-08-07,2025-08-06 14:00,DOWN,2025-08-06 14:10,LONG,23409.25,23395.25,2025-08-07 10:07,STOP_HIT,1198,261.75,-24.75,0.039,true
PCT_R0.22pct,2025-08-07,2025-08-06 14:00,UP,2025-08-06 14:16,SHORT,23423.25,23408.50,2025-08-06 14:17,STOP_HIT,2,2.50,-10.75,0.197,false
PCT_R0.22pct,2025-08-07,2025-08-06 21:10,UP,2025-08-06 23:13,SHORT,23497.25,23476.50,2025-08-06 23:14,STOP_HIT,2,1.00,-2.25,0.272,false
PCT_R0.22pct,2025-08-07,2025-08-07 11:55,UP,2025-08-07 12:06,SHORT,23500.25,23506.50,2025-08-07 12:07,STOP_HIT,2,1.00,-15.75,0.092,true
PCT_R0.22pct,2025-08-08,2025-08-07 14:00,UP,2025-08-07 14:21,SHORT,23549.75,23545.00,2025-08-07 14:22,STOP_HIT,2,3.50,-1.25,0.287,false
PCT_R0.22pct,2025-08-08,2025-08-07 16:35,DOWN,2025-08-07 21:56,LONG,23526.25,23553.25,2025-08-07 21:57,STOP_HIT,2,0.75,-10.75,0.200,false
PCT_R0.22pct,2025-08-08,2025-08-07 21:55,UP,2025-08-08 01:26,SHORT,23569.00,23549.75,2025-08-08 01:27,STOP_HIT,2,5.75,-2.25,0.093,true
PCT_R0.22pct,2025-08-08,2025-08-08 03:39,DOWN,2025-08-08 04:20,LONG,23531.25,23554.50,2025-08-08 04:21,STOP_HIT,2,2.75,-2.00,0.178,false
PCT_R0.22pct,2025-08-08,2025-08-08 04:39,UP,2025-08-08 05:36,SHORT,23559.50,23549.25,2025-08-08 05:37,STOP_HIT,2,5.75,-17.50,0.065,false
PCT_R0.22pct,2025-08-08,2025-08-08 07:40,UP,2025-08-08 07:51,SHORT,23655.75,23631.75,2025-08-08 07:52,STOP_HIT,2,8.00,-4.00,0.039,false
PCT_R0.22pct,2025-08-11,2025-08-10 14:00,DOWN,2025-08-10 15:21,LONG,23720.50,23733.50,2025-08-10 15:22,STOP_HIT,2,0.25,-3.50,0.171,false
PCT_R0.22pct,2025-08-11,2025-08-10 15:38,UP,2025-08-10 17:36,SHORT,23745.50,23731.75,2025-08-10 17:37,STOP_HIT,2,0.75,-1.25,0.452,false
PCT_R0.22pct,2025-08-11,2025-08-10 19:15,DOWN,2025-08-10 23:40,LONG,23723.00,23741.25,2025-08-10 23:41,STOP_HIT,2,4.00,1.75,0.005,true
PCT_R0.22pct,2025-08-11,2025-08-11 05:30,UP,2025-08-11 05:59,SHORT,23741.00,23723.75,2025-08-11 06:00,STOP_HIT,2,18.00,1.25,0.098,true
PCT_R0.22pct,2025-08-11,2025-08-11 06:20,DOWN,2025-08-11 07:47,LONG,23726.50,23731.75,2025-08-11 09:26,STOP_HIT,100,78.00,-0.50,0.038,true
PCT_R0.22pct,2025-08-11,2025-08-11 07:05,UP,2025-08-11 08:01,SHORT,23761.75,23733.00,2025-08-11 08:02,STOP_HIT,2,1.75,-0.50,0.021,false
PCT_R0.22pct,2025-08-11,2025-08-11 08:10,DOWN,2025-08-11 10:01,LONG,23688.50,23735.50,2025-08-11 10:02,STOP_HIT,2,9.25,0.50,0.084,false
PCT_R0.22pct,2025-08-12,2025-08-11 14:26,UP,2025-08-11 16:29,SHORT,23659.25,23637.00,2025-08-11 16:30,STOP_HIT,2,2.50,-0.75,0.131,false
PCT_R0.22pct,2025-08-12,2025-08-11 21:01,DOWN,2025-08-11 21:23,LONG,23638.50,23643.50,2025-08-11 21:24,STOP_HIT,2,2.25,-0.25,0.140,false
PCT_R0.22pct,2025-08-12,2025-08-11 21:40,UP,2025-08-11 22:41,SHORT,23655.00,23641.75,2025-08-11 22:42,STOP_HIT,2,7.25,4.25,0.083,false
PCT_R0.22pct,2025-08-12,2025-08-11 23:05,DOWN,2025-08-12 03:05,LONG,23630.25,23643.50,2025-08-12 03:06,STOP_HIT,2,1.00,0.50,0.259,false
PCT_R0.22pct,2025-08-12,2025-08-12 03:10,UP,2025-08-12 04:24,SHORT,23654.00,23642.50,2025-08-12 04:25,STOP_HIT,2,1.00,-23.75,0.178,false
PCT_R0.22pct,2025-08-13,2025-08-12 18:05,UP,2025-08-12 23:01,SHORT,23963.00,23946.00,2025-08-12 23:02,STOP_HIT,2,3.50,-4.75,0.325,false
PCT_R0.22pct,2025-08-13,2025-08-13 05:35,DOWN,2025-08-13 06:31,LONG,23963.75,24001.75,2025-08-13 06:32,STOP_HIT,2,4.75,-5.50,0.028,true
PCT_R0.22pct,2025-08-14,2025-08-13 15:39,DOWN,2025-08-13 21:45,LONG,23915.75,23933.00,2025-08-13 21:46,STOP_HIT,2,3.00,-2.25,0.394,false
PCT_R0.22pct,2025-08-14,2025-08-13 21:49,UP,2025-08-14 03:45,SHORT,23943.00,23930.50,2025-08-14 03:46,STOP_HIT,2,1.75,0.00,0.123,false
PCT_R0.22pct,2025-08-14,2025-08-14 05:31,UP,2025-08-14 05:41,SHORT,23900.75,23897.75,2025-08-14 05:42,STOP_HIT,2,4.50,-17.00,0.032,true
PCT_R0.22pct,2025-08-14,2025-08-14 07:55,DOWN,2025-08-14 08:11,LONG,23892.75,23921.50,2025-08-14 08:12,STOP_HIT,2,3.25,-18.50,0.050,false
PCT_R0.22pct,2025-08-14,2025-08-14 08:10,UP,2025-08-14 09:35,SHORT,23966.00,23920.75,2025-08-14 09:36,STOP_HIT,2,9.25,4.75,0.120,true
PCT_R0.22pct,2025-08-14,2025-08-14 09:25,DOWN,2025-08-14 11:02,LONG,23927.75,23922.00,2025-08-14 11:05,STOP_HIT,4,6.50,-7.50,0.261,true
PCT_R0.22pct,2025-08-14,2025-08-14 10:30,UP,2025-08-14 11:41,SHORT,23931.75,23923.50,2025-08-14 11:42,STOP_HIT,2,2.50,-5.25,0.047,false
PCT_R0.22pct,2025-08-14,2025-08-14 11:50,DOWN,2025-08-14 12:03,LONG,23890.00,23924.00,2025-08-14 12:04,STOP_HIT,2,1.75,-3.25,0.297,false
PCT_R0.22pct,2025-08-15,2025-08-14 14:00,UP,2025-08-14 18:13,SHORT,23922.25,23896.00,2025-08-14 18:14,STOP_HIT,2,6.25,4.50,0.039,false
PCT_R0.22pct,2025-08-15,2025-08-14 22:59,DOWN,2025-08-15 01:31,LONG,23889.25,23913.75,2025-08-15 01:32,STOP_HIT,2,0.25,-6.00,0.152,false
PCT_R0.22pct,2025-08-15,2025-08-15 02:05,UP,2025-08-15 03:26,SHORT,23921.50,23908.25,2025-08-15 03:27,STOP_HIT,2,4.50,-1.00,0.106,false
PCT_R0.22pct,2025-08-15,2025-08-15 03:45,DOWN,2025-08-15 05:31,LONG,23862.00,23906.75,2025-08-15 05:32,STOP_HIT,2,25.25,3.00,0.067,false
PCT_R0.22pct,2025-08-15,2025-08-15 10:00,DOWN,2025-08-15 10:56,LONG,23819.75,23819.75,2025-08-15 10:57,STOP_HIT,2,1.25,-10.25,0.015,false
PCT_R0.22pct,2025-08-18,2025-08-17 14:00,UP,2025-08-17 14:15,SHORT,23842.50,23836.00,2025-08-17 14:16,STOP_HIT,2,9.25,-1.50,0.032,false
PCT_R0.22pct,2025-08-18,2025-08-17 17:55,DOWN,2025-08-17 22:11,LONG,23838.25,23853.75,2025-08-17 22:12,STOP_HIT,2,1.00,-10.00,0.164,false
PCT_R0.22pct,2025-08-18,2025-08-18 05:34,DOWN,2025-08-18 05:51,LONG,23772.50,23791.50,2025-08-18 05:52,STOP_HIT,2,0.25,-25.50,0.063,false
PCT_R0.22pct,2025-08-18,2025-08-18 06:25,DOWN,2025-08-18 06:35,LONG,23779.25,23783.50,2025-08-18 06:36,STOP_HIT,2,8.75,-5.00,0.243,false
PCT_R0.22pct,2025-08-18,2025-08-18 08:45,UP,2025-08-18 11:04,SHORT,23802.25,23769.75,2025-08-18 11:05,STOP_HIT,2,4.75,1.00,0.148,false
PCT_R0.22pct,2025-08-19,2025-08-18 14:05,DOWN,2025-08-18 16:26,LONG,23788.50,23812.00,2025-08-18 16:27,STOP_HIT,2,1.75,-4.25,0.136,false
PCT_R0.22pct,2025-08-19,2025-08-18 21:20,UP,2025-08-19 02:31,SHORT,23774.00,23775.00,2025-08-19 02:32,STOP_HIT,2,0.50,-2.50,0.051,true
PCT_R0.22pct,2025-08-19,2025-08-19 01:20,DOWN,2025-08-19 02:51,LONG,23760.75,23774.25,2025-08-19 02:52,STOP_HIT,2,5.50,4.25,0.243,false
PCT_R0.22pct,2025-08-20,2025-08-19 14:05,DOWN,2025-08-19 15:20,LONG,23445.50,23463.75,2025-08-19 15:21,STOP_HIT,2,1.25,-2.00,0.437,false
PCT_R0.22pct,2025-08-20,2025-08-19 21:05,UP,2025-08-19 23:30,SHORT,23417.00,23388.25,2025-08-19 23:31,STOP_HIT,2,21.75,12.00,0.034,true
PCT_R0.22pct,2025-08-20,2025-08-20 07:55,UP,2025-08-20 08:20,SHORT,23262.75,23210.25,2025-08-20 08:21,STOP_HIT,2,3.25,-4.00,0.017,true
PCT_R0.22pct,2025-08-20,2025-08-20 10:20,UP,2025-08-20 10:51,SHORT,23268.75,23234.75,2025-08-20 10:52,STOP_HIT,2,1.75,-6.25,0.025,true
PCT_R0.22pct,2025-08-21,2025-08-20 14:05,DOWN,2025-08-20 16:21,LONG,23289.75,23318.75,2025-08-20 16:22,STOP_HIT,2,2.25,-8.00,0.302,false
PCT_R0.22pct,2025-08-21,2025-08-20 17:07,UP,2025-08-20 17:59,SHORT,23350.25,23308.50,2025-08-20 18:00,STOP_HIT,2,0.25,-6.25,0.166,false
PCT_R0.22pct,2025-08-21,2025-08-20 22:17,DOWN,2025-08-21 01:12,LONG,23305.25,23333.25,2025-08-21 01:13,STOP_HIT,2,8.00,5.50,0.178,false
PCT_R0.22pct,2025-08-21,2025-08-21 06:00,UP,2025-08-21 06:10,SHORT,23282.50,23261.75,2025-08-21 06:11,STOP_HIT,2,12.75,1.50,0.063,false
PCT_R0.22pct,2025-08-21,2025-08-21 06:41,UP,2025-08-21 06:58,SHORT,23301.25,23271.75,2025-08-21 06:59,STOP_HIT,2,9.75,-0.75,0.010,false
PCT_R0.22pct,2025-08-21,2025-08-21 07:01,DOWN,2025-08-21 07:11,LONG,23254.25,23272.25,2025-08-21 07:12,STOP_HIT,2,1.75,-23.25,0.094,false
PCT_R0.22pct,2025-08-21,2025-08-21 07:15,UP,2025-08-21 07:41,SHORT,23277.50,23269.50,2025-08-21 07:42,STOP_HIT,2,0.75,-14.75,0.038,true
PCT_R0.22pct,2025-08-22,2025-08-21 15:46,DOWN,2025-08-21 16:14,LONG,23210.00,23237.50,2025-08-21 16:15,STOP_HIT,2,0.00,-24.00,0.367,false
PCT_R0.22pct,2025-08-22,2025-08-21 22:43,UP,2025-08-22 02:07,SHORT,23262.00,23206.00,2025-08-22 02:08,STOP_HIT,2,0.00,-3.25,0.087,false
PCT_R0.22pct,2025-08-22,2025-08-22 11:41,UP,2025-08-22 12:22,SHORT,23581.25,23559.50,2025-08-22 12:23,STOP_HIT,2,0.25,-3.00,0.047,true
PCT_R0.22pct,2025-08-25,2025-08-24 14:00,DOWN,2025-08-24 14:10,LONG,23556.75,23573.00,2025-08-24 14:11,STOP_HIT,2,11.00,9.50,0.075,true
PCT_R0.22pct,2025-08-25,2025-08-24 14:24,UP,2025-08-24 16:06,SHORT,23588.00,23569.75,2025-08-24 16:07,STOP_HIT,2,4.00,-5.00,0.024,false
PCT_R0.22pct,2025-08-25,2025-08-24 16:05,DOWN,2025-08-24 17:06,LONG,23548.50,23568.75,2025-08-24 17:07,STOP_HIT,2,4.50,1.50,0.141,false
PCT_R0.22pct,2025-08-25,2025-08-25 05:45,UP,2025-08-25 06:03,SHORT,23526.50,23496.50,2025-08-25 06:04,STOP_HIT,2,8.75,-14.00,0.022,true
PCT_R0.22pct,2025-08-26,2025-08-25 14:23,DOWN,2025-08-25 16:04,LONG,23461.00,23506.75,2025-08-25 16:05,STOP_HIT,2,28.50,28.00,0.230,false
PCT_R0.22pct,2025-08-26,2025-08-25 16:47,UP,2025-08-25 21:07,SHORT,23466.50,23452.50,2025-08-25 21:08,STOP_HIT,2,0.00,-5.75,0.119,false
PCT_R0.22pct,2025-08-26,2025-08-25 21:45,DOWN,2025-08-25 23:07,LONG,23432.25,23454.00,2025-08-25 23:08,STOP_HIT,2,8.50,4.00,0.173,false
PCT_R0.22pct,2025-08-26,2025-08-25 23:13,UP,2025-08-26 00:20,SHORT,23460.00,23452.50,2025-08-26 00:21,STOP_HIT,2,8.75,5.50,0.219,true
PCT_R0.22pct,2025-08-26,2025-08-26 02:39,DOWN,2025-08-26 04:19,LONG,23461.00,23456.75,2025-08-26 05:48,STOP_HIT,90,57.50,-24.50,0.204,true
PCT_R0.22pct,2025-08-26,2025-08-26 04:15,UP,2025-08-26 05:32,SHORT,23496.25,23463.75,2025-08-26 05:33,STOP_HIT,2,4.00,-10.50,0.076,false
PCT_R0.22pct,2025-08-26,2025-08-26 09:55,UP,2025-08-26 10:12,SHORT,23524.00,23502.50,2025-08-26 10:13,STOP_HIT,2,9.75,2.25,0.075,true
PCT_R0.22pct,2025-08-27,2025-08-26 17:54,DOWN,2025-08-26 23:27,LONG,23578.75,23611.75,2025-08-26 23:28,STOP_HIT,2,1.00,-1.25,0.467,false
PCT_R0.22pct,2025-08-27,2025-08-27 00:49,UP,2025-08-27 04:18,SHORT,23620.25,23604.75,2025-08-27 04:19,STOP_HIT,2,5.50,4.25,0.341,false
PCT_R0.22pct,2025-08-27,2025-08-27 05:49,UP,2025-08-27 06:40,SHORT,23612.00,23563.50,2025-08-27 06:41,STOP_HIT,2,8.25,7.25,0.166,false
PCT_R0.22pct,2025-08-27,2025-08-27 07:56,DOWN,2025-08-27 08:30,LONG,23566.75,23585.00,2025-08-27 08:31,STOP_HIT,2,6.25,-1.25,0.116,true
PCT_R0.22pct,2025-08-27,2025-08-27 08:37,UP,2025-08-27 08:56,SHORT,23603.75,23583.25,2025-08-27 08:57,STOP_HIT,2,0.25,-3.50,0.214,true
PCT_R0.22pct,2025-08-27,2025-08-27 11:13,UP,2025-08-27 11:35,SHORT,23605.00,23594.50,2025-08-27 11:36,STOP_HIT,2,0.25,-5.25,0.015,true
PCT_R0.22pct,2025-08-28,2025-08-27 14:00,DOWN,2025-08-27 14:10,LONG,23505.00,23516.75,2025-08-27 14:13,STOP_HIT,4,22.25,6.25,0.333,true
PCT_R0.22pct,2025-08-28,2025-08-27 16:26,UP,2025-08-27 17:43,SHORT,23538.75,23514.25,2025-08-27 17:44,STOP_HIT,2,1.50,0.25,0.444,false
PCT_R0.22pct,2025-08-28,2025-08-28 05:57,UP,2025-08-28 06:09,SHORT,23675.00,23627.50,2025-08-28 06:10,STOP_HIT,2,28.25,13.75,0.144,false
PCT_R0.22pct,2025-08-29,2025-08-28 14:00,DOWN,2025-08-28 23:37,LONG,23707.00,23731.75,2025-08-28 23:38,STOP_HIT,2,7.00,5.75,0.402,false
PCT_R0.22pct,2025-08-29,2025-08-29 04:30,DOWN,2025-08-29 05:36,LONG,23636.00,23658.00,2025-08-29 05:37,STOP_HIT,2,8.00,-9.50,0.071,false
PCT_R0.22pct,2025-09-01,2025-08-31 14:01,UP,2025-08-31 14:42,SHORT,23516.75,23502.75,2025-08-31 14:43,STOP_HIT,2,1.00,1.00,0.346,false
PCT_R0.22pct,2025-09-01,2025-08-31 16:18,DOWN,2025-08-31 18:11,LONG,23495.00,23531.25,2025-08-31 18:12,STOP_HIT,2,6.25,-1.50,0.338,false
PCT_R0.22pct,2025-09-01,2025-08-31 22:29,UP,2025-09-01 00:58,SHORT,23481.00,23469.25,2025-09-01 00:59,STOP_HIT,2,0.00,-9.75,0.209,true
PCT_R0.22pct,2025-09-01,2025-09-01 00:36,DOWN,2025-09-01 05:37,LONG,23470.50,23471.25,2025-09-01 08:59,TIME_EXPIRED,203,36.25,31.75,0.171,true
PCT_R0.22pct,2025-09-01,2025-09-01 05:31,UP,2025-09-01 05:54,SHORT,23492.25,23472.75,2025-09-01 05:55,STOP_HIT,2,4.50,1.50,0.090,false
PCT_R0.22pct,2025-09-02,2025-09-01 14:00,DOWN,2025-09-01 15:02,LONG,23458.50,23485.50,2025-09-01 15:03,STOP_HIT,2,0.75,-1.50,0.095,false
PCT_R0.22pct,2025-09-02,2025-09-01 15:26,UP,2025-09-01 17:50,SHORT,23474.00,23457.50,2025-09-01 17:51,STOP_HIT,2,5.75,5.50,0.504,false
PCT_R0.22pct,2025-09-02,2025-09-01 17:09,DOWN,2025-09-01 18:09,LONG,23441.50,23454.50,2025-09-01 18:10,STOP_HIT,2,3.00,2.00,0.167,false
PCT_R0.22pct,2025-09-02,2025-09-02 06:29,DOWN,2025-09-02 06:48,LONG,23160.75,23219.25,2025-09-02 06:49,STOP_HIT,2,4.50,-14.75,0.126,false
PCT_R0.22pct,2025-09-03,2025-09-02 14:00,DOWN,2025-09-02 14:59,LONG,23339.00,23360.00,2025-09-02 15:00,STOP_HIT,2,5.00,4.25,0.149,false
PCT_R0.22pct,2025-09-03,2025-09-02 19:40,UP,2025-09-02 22:29,SHORT,23355.25,23330.50,2025-09-02 22:30,STOP_HIT,2,4.25,-6.75,0.437,false
PCT_R0.22pct,2025-09-03,2025-09-03 05:21,DOWN,2025-09-03 05:38,LONG,23380.75,23399.50,2025-09-03 05:39,STOP_HIT,2,18.25,12.75,0.067,false
PCT_R0.22pct,2025-09-03,2025-09-03 05:51,DOWN,2025-09-03 06:01,LONG,23414.75,23396.50,2025-09-03 08:51,STOP_HIT,171,110.50,-18.50,0.180,true
PCT_R0.22pct,2025-09-03,2025-09-03 07:57,UP,2025-09-03 08:21,SHORT,23453.00,23422.75,2025-09-03 08:22,STOP_HIT,2,1.50,-8.25,0.155,false
PCT_R0.22pct,2025-09-03,2025-09-03 08:21,DOWN,2025-09-03 08:44,LONG,23417.50,23423.50,2025-09-03 08:45,STOP_HIT,2,3.25,-6.25,0.084,false
PCT_R0.22pct,2025-09-03,2025-09-03 08:54,UP,2025-09-03 09:12,SHORT,23452.00,23422.75,2025-09-03 09:13,STOP_HIT,2,1.50,-2.50,0.053,false
PCT_R0.22pct,2025-09-03,2025-09-03 09:17,DOWN,2025-09-03 09:35,LONG,23410.25,23423.75,2025-09-03 09:36,STOP_HIT,2,6.25,3.00,0.151,false
PCT_R0.22pct,2025-09-04,2025-09-03 16:00,UP,2025-09-03 18:09,SHORT,23528.00,23492.50,2025-09-03 18:10,STOP_HIT,2,7.00,7.00,0.356,false
PCT_R0.22pct,2025-09-04,2025-09-03 18:08,DOWN,2025-09-03 19:10,LONG,23474.25,23494.75,2025-09-03 19:11,STOP_HIT,2,3.75,0.75,0.050,false
PCT_R0.22pct,2025-09-04,2025-09-03 23:00,UP,2025-09-03 23:37,SHORT,23505.00,23480.25,2025-09-03 23:38,STOP_HIT,2,13.50,13.50,0.673,false
PCT_R0.22pct,2025-09-04,2025-09-04 02:14,DOWN,2025-09-04 05:03,LONG,23475.00,23491.00,2025-09-04 05:04,STOP_HIT,2,5.00,0.00,0.167,false
PCT_R0.22pct,2025-09-04,2025-09-04 05:35,DOWN,2025-09-04 05:45,LONG,23487.25,23490.25,2025-09-04 05:49,STOP_HIT,5,25.25,-2.50,0.174,true
PCT_R0.22pct,2025-09-04,2025-09-04 06:17,UP,2025-09-04 06:36,SHORT,23510.00,23482.25,2025-09-04 06:37,STOP_HIT,2,6.75,-10.75,0.125,false
PCT_R0.22pct,2025-09-05,2025-09-04 14:35,UP,2025-09-04 20:09,SHORT,23743.25,23721.00,2025-09-04 20:10,STOP_HIT,2,0.50,-1.50,0.055,false
PCT_R0.22pct,2025-09-05,2025-09-05 05:52,DOWN,2025-09-05 06:02,LONG,23816.00,23840.00,2025-09-05 06:03,STOP_HIT,2,18.50,0.75,0.020,false
PCT_R0.22pct,2025-09-05,2025-09-05 09:43,UP,2025-09-05 11:34,SHORT,23655.50,23655.25,2025-09-05 11:35,STOP_HIT,2,0.00,-18.25,0.078,true
PCT_R0.22pct,2025-09-08,2025-09-07 14:05,UP,2025-09-07 14:31,SHORT,23703.75,23675.00,2025-09-07 14:32,STOP_HIT,2,1.00,-6.75,0.143,false
PCT_R0.22pct,2025-09-08,2025-09-07 16:08,DOWN,2025-09-07 18:20,LONG,23739.50,23764.00,2025-09-07 18:21,STOP_HIT,2,3.50,0.25,0.242,false
PCT_R0.22pct,2025-09-08,2025-09-07 20:56,UP,2025-09-07 23:12,SHORT,23777.00,23753.25,2025-09-07 23:13,STOP_HIT,2,3.25,2.75,0.250,false
PCT_R0.22pct,2025-09-09,2025-09-08 17:25,UP,2025-09-08 22:57,SHORT,23850.25,23828.25,2025-09-08 22:58,STOP_HIT,2,3.00,1.00,0.407,true
PCT_R0.22pct,2025-09-09,2025-09-08 23:38,DOWN,2025-09-09 04:36,LONG,23849.75,23839.75,2025-09-09 04:51,STOP_HIT,16,2.00,-13.75,0.265,true
PCT_R0.22pct,2025-09-09,2025-09-09 05:06,UP,2025-09-09 05:35,SHORT,23842.50,23837.25,2025-09-09 05:45,STOP_HIT,11,26.75,2.25,0.020,false
PCT_R0.22pct,2025-09-09,2025-09-09 05:30,DOWN,2025-09-09 05:55,LONG,23807.50,23835.00,2025-09-09 05:56,STOP_HIT,2,19.00,15.50,0.056,false
PCT_R0.22pct,2025-09-09,2025-09-09 06:43,UP,2025-09-09 11:23,SHORT,23854.75,23821.25,2025-09-09 11:24,STOP_HIT,2,2.25,0.25,0.101,false
PCT_R0.22pct,2025-09-10,2025-09-09 15:27,UP,2025-09-09 21:31,SHORT,23921.25,23898.50,2025-09-09 21:32,STOP_HIT,2,8.00,6.25,0.264,false
PCT_R0.22pct,2025-09-10,2025-09-09 23:14,DOWN,2025-09-10 01:03,LONG,23890.50,23906.75,2025-09-10 01:04,STOP_HIT,2,1.25,-1.00,0.119,false
PCT_R0.22pct,2025-09-10,2025-09-10 04:35,DOWN,2025-09-10 05:54,LONG,23938.00,23939.50,2025-09-10 05:55,STOP_HIT,2,4.75,-22.50,0.128,true
PCT_R0.22pct,2025-09-10,2025-09-10 05:51,UP,2025-09-10 06:07,SHORT,23969.75,23940.00,2025-09-10 06:08,STOP_HIT,2,14.50,10.50,0.117,false
PCT_R0.22pct,2025-09-10,2025-09-10 06:47,DOWN,2025-09-10 07:45,LONG,23955.00,23949.00,2025-09-10 08:01,STOP_HIT,17,14.50,-16.50,0.043,true
PCT_R0.22pct,2025-09-11,2025-09-10 14:00,UP,2025-09-10 14:57,SHORT,23905.25,23879.00,2025-09-10 14:58,STOP_HIT,2,7.50,5.75,0.239,false
PCT_R0.22pct,2025-09-11,2025-09-11 04:31,DOWN,2025-09-11 04:41,LONG,23913.75,23912.25,2025-09-11 12:59,TIME_EXPIRED,499,132.25,93.00,0.142,true
PCT_R0.22pct,2025-09-11,2025-09-11 04:34,UP,2025-09-11 04:47,SHORT,23936.25,23912.75,2025-09-11 04:48,STOP_HIT,2,17.50,16.75,0.117,false
PCT_R0.22pct,2025-09-12,2025-09-11 21:47,DOWN,2025-09-12 00:15,LONG,23985.00,24013.75,2025-09-12 00:16,STOP_HIT,2,0.25,-7.25,0.284,false
PCT_R0.22pct,2025-09-12,2025-09-12 00:18,UP,2025-09-12 03:24,SHORT,24018.75,24012.25,2025-09-12 03:25,STOP_HIT,2,0.00,-2.25,0.262,false
PCT_R0.22pct,2025-09-12,2025-09-12 05:30,DOWN,2025-09-12 05:44,LONG,24020.00,24021.00,2025-09-12 12:59,TIME_EXPIRED,436,139.00,95.25,0.051,false
PCT_R0.22pct,2025-09-12,2025-09-12 05:38,UP,2025-09-12 06:04,SHORT,24048.50,24024.75,2025-09-12 06:05,STOP_HIT,2,0.75,-4.00,0.178,false
PCT_R0.22pct,2025-09-15,2025-09-14 16:28,UP,2025-09-14 22:12,SHORT,24144.75,24117.25,2025-09-14 22:13,STOP_HIT,2,6.00,6.00,0.206,false
PCT_R0.22pct,2025-09-15,2025-09-14 23:36,DOWN,2025-09-15 00:05,LONG,24084.25,24120.25,2025-09-15 00:06,STOP_HIT,2,25.25,19.75,0.287,false
PCT_R0.22pct,2025-09-15,2025-09-15 00:04,UP,2025-09-15 04:26,SHORT,24164.75,24118.75,2025-09-15 04:27,STOP_HIT,2,5.50,5.25,0.022,true
PCT_R0.22pct,2025-09-16,2025-09-15 14:33,UP,2025-09-15 18:32,SHORT,24333.75,24301.50,2025-09-15 18:33,STOP_HIT,2,1.75,-3.50,0.195,false
PCT_R0.22pct,2025-09-16,2025-09-16 00:50,DOWN,2025-09-16 05:23,LONG,24355.75,24353.50,2025-09-16 05:29,STOP_HIT,7,9.75,-11.00,0.120,false
PCT_R0.22pct,2025-09-16,2025-09-16 08:04,UP,2025-09-16 11:58,SHORT,24303.25,24301.50,2025-09-16 12:39,STOP_HIT,42,24.00,0.50,0.153,true
PCT_R0.22pct,2025-09-17,2025-09-17 00:43,UP,2025-09-17 05:31,SHORT,24291.75,24279.00,2025-09-17 11:27,STOP_HIT,357,288.00,-7.50,0.075,false
PCT_R0.22pct,2025-09-18,2025-09-17 14:00,UP,2025-09-17 14:43,SHORT,24301.75,24277.75,2025-09-17 14:44,STOP_HIT,2,0.75,-0.50,0.200,false
PCT_R0.22pct,2025-09-18,2025-09-18 05:46,UP,2025-09-18 05:56,SHORT,24411.25,24416.00,2025-09-18 05:58,STOP_HIT,3,12.50,-25.25,0.015,true
PCT_R0.22pct,2025-09-18,2025-09-18 09:07,DOWN,2025-09-18 12:34,LONG,24469.00,24479.00,2025-09-18 12:35,STOP_HIT,2,1.25,0.75,0.125,true
PCT_R0.22pct,2025-10-13,2025-10-12 14:06,UP,2025-10-12 14:32,SHORT,24946.50,24930.50,2025-10-12 15:18,STOP_HIT,11,46.75,6.50,1.000,false
PCT_R0.22pct,2025-10-13,2025-10-12 14:22,DOWN,2025-10-12 15:06,LONG,24918.00,24927.50,2025-10-13 12:08,TIME_EXPIRED,288,284.25,238.00,1.000,false
PCT_R0.22pct,2025-10-13,2025-10-13 03:11,UP,2025-10-13 05:23,SHORT,25081.00,25029.25,2025-10-13 05:26,STOP_HIT,2,0.00,-9.00,1.000,true
PCT_R0.22pct,2025-10-13,2025-10-13 05:04,DOWN,2025-10-13 05:41,LONG,25015.25,25028.75,2025-10-13 05:42,STOP_HIT,2,0.00,-11.50,0.000,false
PCT_R0.22pct,2025-10-13,2025-10-13 05:36,UP,2025-10-13 05:51,SHORT,25095.00,25029.50,2025-10-13 05:56,STOP_HIT,2,0.00,-10.00,0.333,false
PCT_R0.22pct,2025-10-14,2025-10-13 14:34,UP,2025-10-13 16:29,SHORT,25240.00,25190.25,2025-10-13 16:33,STOP_HIT,2,0.00,-40.00,1.000,false
PCT_R0.22pct,2025-10-14,2025-10-13 16:33,DOWN,2025-10-13 19:58,LONG,25152.00,25211.00,2025-10-13 20:03,STOP_HIT,2,0.00,-31.75,1.000,true
PCT_R0.22pct,2025-10-16,2025-10-15 14:16,DOWN,2025-10-15 17:04,LONG,25169.00,25170.25,2025-10-15 18:31,STOP_HIT,9,14.00,-19.00,0.000,false
PCT_R0.22pct,2025-10-16,2025-10-15 16:32,UP,2025-10-15 21:37,SHORT,25194.00,25170.50,2025-10-15 21:39,STOP_HIT,2,0.00,-6.00,1.000,false
PCT_R0.22pct,2025-10-17,2025-10-16 15:45,UP,2025-10-16 17:21,SHORT,25050.00,25042.75,2025-10-17 05:53,STOP_HIT,161,404.00,-38.75,1.000,false
PCT_R0.22pct,2025-10-17,2025-10-17 00:20,UP,2025-10-17 03:08,SHORT,24808.00,24741.00,2025-10-17 03:09,STOP_HIT,2,0.00,-57.00,1.000,false
PCT_R0.22pct,2025-10-30,2025-10-29 15:41,UP,2025-10-29 18:26,SHORT,26624.25,26561.00,2025-10-29 19:12,STOP_HIT,2,0.00,-30.25,1.000,false
PCT_R0.22pct,2025-11-04,2025-11-03 13:00,DOWN,2025-11-03 16:01,LONG,26256.50,26279.75,2025-11-03 16:15,STOP_HIT,2,0.00,-6.50,1.000,false
PCT_R0.22pct,2025-11-04,2025-11-04 00:05,UP,2025-11-04 01:49,SHORT,26038.25,26036.25,2025-11-04 01:51,STOP_HIT,2,0.00,0.00,1.000,true
PCT_R0.22pct,2025-11-04,2025-11-04 01:31,DOWN,2025-11-04 03:20,LONG,25994.75,26035.00,2025-11-04 03:21,STOP_HIT,2,1.00,0.25,1.000,true
PCT_R0.22pct,2025-11-04,2025-11-04 04:34,UP,2025-11-04 04:57,SHORT,26123.00,26029.25,2025-11-04 04:58,STOP_HIT,2,7.75,-3.75,0.000,false
PCT_R0.22pct,2025-11-04,2025-11-04 05:26,DOWN,2025-11-04 06:20,LONG,26020.00,26037.25,2025-11-04 06:26,STOP_HIT,2,0.00,-20.00,0.600,true
PCT_R0.22pct,2025-11-05,2025-11-04 13:04,DOWN,2025-11-04 14:09,LONG,25727.50,25785.00,2025-11-04 14:22,STOP_HIT,2,20.00,20.00,1.000,false
PCT_R0.22pct,2025-11-05,2025-11-04 16:29,UP,2025-11-04 17:03,SHORT,25700.00,25630.00,2025-11-04 17:04,STOP_HIT,2,0.00,-13.50,1.000,true
PCT_R0.22pct,2025-11-05,2025-11-04 23:12,DOWN,2025-11-05 01:28,LONG,25712.00,25712.75,2025-11-05 11:27,TIME_EXPIRED,187,421.50,279.75,1.000,false
PCT_R0.22pct,2025-11-06,2025-11-05 13:50,DOWN,2025-11-05 15:11,LONG,25919.00,25951.00,2025-11-05 15:12,STOP_HIT,2,0.50,0.50,1.000,false
PCT_R0.22pct,2025-11-06,2025-11-05 16:15,UP,2025-11-05 18:04,SHORT,25974.00,25944.50,2025-11-05 18:20,STOP_HIT,2,0.00,-24.50,1.000,true
PCT_R0.22pct,2025-11-06,2025-11-05 18:32,DOWN,2025-11-05 21:26,LONG,25976.00,25951.50,2025-11-05 21:36,STOP_HIT,4,0.00,-53.75,1.000,false
PCT_R0.22pct,2025-11-06,2025-11-06 03:24,DOWN,2025-11-06 04:34,LONG,25895.25,25965.75,2025-11-06 04:35,STOP_HIT,2,0.00,-10.50,1.000,false
PCT_R0.22pct,2025-11-07,2025-11-06 17:02,DOWN,2025-11-06 18:03,LONG,25425.75,25452.50,2025-11-06 18:09,STOP_HIT,2,16.25,16.25,0.938,true
PCT_R0.22pct,2025-11-07,2025-11-06 22:12,DOWN,2025-11-07 00:25,LONG,25457.00,25458.00,2025-11-07 01:08,STOP_HIT,4,28.25,-15.75,1.000,true
PCT_R0.22pct,2025-11-07,2025-11-07 08:53,UP,2025-11-07 09:53,SHORT,25323.50,25252.50,2025-11-07 09:54,STOP_HIT,2,0.00,-19.75,1.000,true
PCT_R0.22pct,2025-11-10,2025-11-09 13:00,UP,2025-11-09 13:16,SHORT,25593.00,25606.75,2025-11-09 15:02,STOP_HIT,38,67.75,-30.00,1.000,true
PCT_R0.22pct,2025-11-10,2025-11-09 13:01,DOWN,2025-11-09 13:29,LONG,25561.50,25599.00,2025-11-09 13:30,STOP_HIT,2,0.00,-4.50,1.000,false
PCT_R0.22pct,2025-11-10,2025-11-09 14:06,UP,2025-11-09 15:19,SHORT,25635.00,25582.75,2025-11-09 15:22,STOP_HIT,2,0.00,-5.00,1.000,false
PCT_R0.22pct,2025-11-10,2025-11-10 06:43,UP,2025-11-10 07:12,SHORT,25800.75,25791.25,2025-11-10 07:29,STOP_HIT,4,18.50,-19.25,1.000,false
PCT_R0.22pct,2025-11-13,2025-11-12 13:04,DOWN,2025-11-12 14:09,LONG,25850.00,25800.00,2025-11-13 03:34,STOP_HIT,88,137.25,-60.00,1.000,true
PCT_R0.22pct,2025-11-13,2025-11-12 13:52,UP,2025-11-12 15:08,SHORT,25951.50,25818.75,2025-11-12 15:09,STOP_HIT,2,1.50,-8.25,1.000,false
PCT_R0.22pct,2025-11-13,2025-11-12 15:11,DOWN,2025-11-12 17:10,LONG,25907.75,25950.00,2025-11-12 17:28,STOP_HIT,2,32.25,32.25,1.000,false
PCT_R0.22pct,2025-11-13,2025-11-12 17:10,UP,2025-11-12 19:25,SHORT,25977.25,25949.00,2025-11-12 20:33,STOP_HIT,2,1.50,1.50,1.000,false
PCT_R0.22pct,2025-11-14,2025-11-13 16:40,DOWN,2025-11-13 18:06,LONG,25340.00,25385.00,2025-11-13 18:14,STOP_HIT,2,5.00,5.00,1.000,false
PCT_R0.22pct,2025-11-14,2025-11-14 04:36,UP,2025-11-14 05:00,SHORT,25188.00,25100.00,2025-11-14 05:03,STOP_HIT,2,14.50,-12.00,1.000,true
PCT_R0.22pct,2025-11-17,2025-11-16 13:04,UP,2025-11-16 13:32,SHORT,25415.00,25323.75,2025-11-16 13:48,STOP_HIT,2,0.00,-15.00,0.000,false
PCT_R0.22pct,2025-11-17,2025-11-16 22:56,DOWN,2025-11-17 00:23,LONG,25497.75,25502.00,2025-11-17 00:33,STOP_HIT,5,7.25,-25.75,1.000,true
PCT_R0.22pct,2025-11-17,2025-11-17 04:31,UP,2025-11-17 04:43,SHORT,25450.00,25432.75,2025-11-17 04:46,STOP_HIT,2,0.00,-6.75,1.000,true
PCT_R0.22pct,2025-11-17,2025-11-17 06:59,DOWN,2025-11-17 07:40,LONG,25360.75,25423.75,2025-11-17 07:41,STOP_HIT,2,0.00,-24.75,1.000,false
PCT_R0.22pct,2025-11-18,2025-11-17 13:06,DOWN,2025-11-17 14:18,LONG,25140.50,25155.75,2025-11-17 14:21,STOP_HIT,2,0.00,-8.50,1.000,false
PCT_R0.22pct,2025-11-18,2025-11-17 19:10,DOWN,2025-11-17 20:34,LONG,24947.50,24961.50,2025-11-17 20:35,STOP_HIT,2,0.00,-11.00,1.000,false
PCT_R0.22pct,2025-11-18,2025-11-17 21:05,UP,2025-11-17 22:15,SHORT,25001.25,24947.50,2025-11-17 22:17,STOP_HIT,2,7.75,7.75,1.000,false
PCT_R0.22pct,2025-11-18,2025-11-18 02:19,DOWN,2025-11-18 02:59,LONG,24944.50,24965.00,2025-11-18 04:26,STOP_HIT,25,73.25,16.00,1.000,false
PCT_R0.22pct,2025-11-18,2025-11-18 10:30,DOWN,2025-11-18 10:58,LONG,24856.00,24928.50,2025-11-18 10:59,STOP_HIT,2,1.00,-19.50,1.000,true
PCT_R0.22pct,2025-11-20,2025-11-19 13:00,UP,2025-11-19 13:10,SHORT,25059.75,25016.25,2025-11-19 13:11,STOP_HIT,2,12.50,4.00,0.322,false
PCT_R0.22pct,2025-11-20,2025-11-19 13:16,DOWN,2025-11-19 13:31,LONG,25044.75,25046.00,2025-11-20 00:06,STOP_HIT,636,164.25,-11.75,0.167,false
PCT_R0.22pct,2025-11-20,2025-11-19 21:33,DOWN,2025-11-19 22:03,LONG,25143.25,25146.00,2025-11-19 22:04,STOP_HIT,2,7.50,-12.75,0.028,false
PCT_R0.22pct,2025-11-20,2025-11-19 22:00,UP,2025-11-19 22:46,SHORT,25172.75,25148.00,2025-11-19 22:47,STOP_HIT,2,1.75,-4.75,0.356,false
PCT_R0.22pct,2025-11-20,2025-11-19 22:47,DOWN,2025-11-19 23:01,LONG,25131.50,25148.25,2025-11-19 23:02,STOP_HIT,2,8.00,-4.50,0.013,true
PCT_R0.22pct,2025-11-20,2025-11-20 02:05,UP,2025-11-20 03:10,SHORT,25165.00,25132.00,2025-11-20 03:11,STOP_HIT,2,9.50,-2.50,0.018,true
PCT_R0.22pct,2025-11-20,2025-11-20 05:38,DOWN,2025-11-20 06:05,LONG,25098.50,25193.00,2025-11-20 06:06,STOP_HIT,2,14.00,4.50,0.128,false
PCT_R0.22pct,2025-11-21,2025-11-20 13:01,DOWN,2025-11-20 13:11,LONG,24028.25,24069.00,2025-11-20 13:12,STOP_HIT,2,33.75,29.75,0.069,false
PCT_R0.22pct,2025-11-21,2025-11-20 13:10,UP,2025-11-20 13:20,SHORT,24111.75,24073.75,2025-11-20 13:21,STOP_HIT,2,1.75,-5.00,0.321,false
PCT_R0.22pct,2025-11-21,2025-11-20 17:36,DOWN,2025-11-20 18:40,LONG,24120.25,24174.50,2025-11-20 18:41,STOP_HIT,2,5.25,0.25,0.048,true
PCT_R0.22pct,2025-11-21,2025-11-20 18:41,UP,2025-11-20 19:25,SHORT,24187.00,24173.25,2025-11-20 19:26,STOP_HIT,2,5.00,-2.25,0.115,true
PCT_R0.22pct,2025-11-21,2025-11-20 19:14,DOWN,2025-11-20 19:45,LONG,24149.25,24172.50,2025-11-20 19:46,STOP_HIT,2,3.75,-1.50,0.135,true
PCT_R0.22pct,2025-11-21,2025-11-20 20:16,DOWN,2025-11-20 20:31,LONG,24134.50,24170.25,2025-11-20 20:32,STOP_HIT,2,19.00,7.25,0.123,false
PCT_R0.22pct,2025-11-21,2025-11-20 20:30,UP,2025-11-20 20:51,SHORT,24178.00,24170.00,2025-11-20 20:52,STOP_HIT,2,0.00,-9.75,0.294,false
PCT_R0.22pct,2025-11-21,2025-11-20 20:52,DOWN,2025-11-20 21:35,LONG,24145.00,24171.00,2025-11-20 21:36,STOP_HIT,2,12.25,4.50,0.069,false
PCT_R0.22pct,2025-11-21,2025-11-20 22:08,DOWN,2025-11-20 22:22,LONG,24118.00,24164.00,2025-11-20 22:23,STOP_HIT,2,31.50,28.50,0.085,false
PCT_R0.22pct,2025-11-21,2025-11-20 22:37,UP,2025-11-20 22:49,SHORT,24170.25,24162.50,2025-11-20 22:51,STOP_HIT,3,17.75,-15.50,0.352,true
PCT_R0.22pct,2025-11-21,2025-11-20 23:00,DOWN,2025-11-20 23:32,LONG,24125.25,24163.50,2025-11-20 23:33,STOP_HIT,2,4.25,-0.75,0.091,true
PCT_R0.22pct,2025-11-24,2025-11-23 13:01,DOWN,2025-11-23 13:11,LONG,24515.00,24498.50,2025-11-23 13:15,STOP_HIT,5,6.75,-18.50,0.152,true
PCT_R0.22pct,2025-11-24,2025-11-23 15:02,UP,2025-11-23 15:31,SHORT,24471.25,24462.75,2025-11-23 16:06,STOP_HIT,36,44.25,6.00,0.203,true
PCT_R0.22pct,2025-11-24,2025-11-23 15:28,DOWN,2025-11-23 15:44,LONG,24431.25,24461.00,2025-11-23 15:45,STOP_HIT,2,10.25,9.75,0.333,false
PCT_R0.22pct,2025-11-24,2025-11-23 15:43,UP,2025-11-23 16:22,SHORT,24480.25,24459.00,2025-11-23 16:23,STOP_HIT,2,2.75,-2.25,0.139,false
PCT_R0.22pct,2025-11-24,2025-11-23 17:22,DOWN,2025-11-23 18:39,LONG,24463.50,24467.50,2025-11-23 18:40,STOP_HIT,2,6.50,1.25,0.455,true
PCT_R0.22pct,2025-11-24,2025-11-23 18:26,UP,2025-11-23 19:14,SHORT,24501.50,24467.25,2025-11-23 19:15,STOP_HIT,2,4.50,-0.50,0.316,false
PCT_R0.22pct,2025-11-24,2025-11-23 21:03,UP,2025-11-23 21:45,SHORT,24509.00,24473.75,2025-11-23 21:46,STOP_HIT,2,2.50,-4.75,0.122,false
PCT_R0.22pct,2025-11-24,2025-11-23 21:49,DOWN,2025-11-23 22:10,LONG,24466.50,24474.50,2025-11-23 23:23,STOP_HIT,74,96.75,-15.00,0.045,false
PCT_R0.22pct,2025-11-24,2025-11-23 22:06,UP,2025-11-23 22:16,SHORT,24513.50,24475.00,2025-11-23 22:17,STOP_HIT,2,0.00,-16.00,0.164,false
PCT_R0.22pct,2025-11-24,2025-11-23 22:58,DOWN,2025-11-23 23:27,LONG,24383.25,24479.00,2025-11-23 23:28,STOP_HIT,2,15.25,-2.50,0.037,true
PCT_R0.22pct,2025-11-24,2025-11-24 00:35,UP,2025-11-24 03:33,SHORT,24552.25,24469.50,2025-11-24 03:34,STOP_HIT,2,12.00,9.50,0.127,false
PCT_R0.22pct,2025-11-25,2025-11-24 13:47,DOWN,2025-11-24 15:33,LONG,24938.75,24948.75,2025-11-24 15:34,STOP_HIT,2,7.50,-0.75,0.049,true
PCT_R0.22pct,2025-11-25,2025-11-25 02:44,DOWN,2025-11-25 02:56,LONG,24915.00,24916.25,2025-11-25 02:57,STOP_HIT,2,0.25,-6.50,0.004,false
PCT_R0.22pct,2025-11-25,2025-11-25 02:50,UP,2025-11-25 03:25,SHORT,24943.50,24916.75,2025-11-25 03:26,STOP_HIT,2,14.25,11.25,0.144,false
PCT_R0.22pct,2025-11-25,2025-11-25 05:32,DOWN,2025-11-25 05:42,LONG,24796.50,24809.25,2025-11-25 05:50,STOP_HIT,9,76.50,-8.00,0.015,false
PCT_R0.22pct,2025-11-25,2025-11-25 05:36,UP,2025-11-25 05:46,SHORT,24868.25,24811.00,2025-11-25 05:47,STOP_HIT,2,18.75,7.75,0.059,false
PCT_R0.22pct,2025-11-25,2025-11-25 05:46,DOWN,2025-11-25 05:56,LONG,24790.50,24809.50,2025-11-25 06:02,STOP_HIT,7,49.00,5.75,0.046,true
PCT_R0.22pct,2025-11-25,2025-11-25 05:58,DOWN,2025-11-25 06:08,LONG,24814.25,24809.00,2025-11-25 06:09,STOP_HIT,2,6.00,-31.75,0.091,true
PCT_R0.22pct,2025-11-26,2025-11-25 13:55,UP,2025-11-25 18:26,SHORT,25174.00,25152.25,2025-11-25 18:27,STOP_HIT,2,3.75,1.75,0.565,true
PCT_R0.22pct,2025-11-26,2025-11-25 23:27,UP,2025-11-26 00:42,SHORT,25193.50,25170.75,2025-11-26 00:43,STOP_HIT,2,9.50,7.00,0.215,false
PCT_R0.22pct,2025-11-26,2025-11-26 01:25,DOWN,2025-11-26 02:04,LONG,25156.50,25175.00,2025-11-26 02:05,STOP_HIT,2,1.75,-12.00,0.120,false
PCT_R0.22pct,2025-11-26,2025-11-26 02:16,UP,2025-11-26 03:11,SHORT,25184.00,25171.00,2025-11-26 03:12,STOP_HIT,2,4.00,-4.75,0.367,false
PCT_R0.22pct,2025-11-26,2025-11-26 05:09,DOWN,2025-11-26 05:19,LONG,25190.75,25193.75,2025-11-26 05:20,STOP_HIT,2,7.50,-7.25,0.010,true
PCT_R0.22pct,2025-11-26,2025-11-26 05:25,UP,2025-11-26 05:35,SHORT,25221.25,25193.00,2025-11-26 05:36,STOP_HIT,2,0.50,-11.00,0.093,false
PCT_R0.22pct,2025-11-28,2025-11-27 13:00,UP,2025-11-27 15:11,SHORT,25358.00,25332.25,2025-11-27 15:12,STOP_HIT,2,12.50,6.50,0.697,false
PCT_R0.22pct,2025-11-28,2025-11-28 04:37,DOWN,2025-11-28 04:47,LONG,25367.75,25363.75,2025-11-28 08:14,TIME_EXPIRED,208,132.00,116.75,0.085,true
PCT_R0.22pct,2025-11-28,2025-11-28 04:41,UP,2025-11-28 04:51,SHORT,25393.75,25367.00,2025-11-28 04:52,STOP_HIT,2,31.00,24.00,0.101,true
PCT_R0.22pct,2025-12-01,2025-11-30 13:00,UP,2025-11-30 13:10,SHORT,25498.50,25492.25,2025-11-30 13:13,STOP_HIT,4,12.00,1.75,0.070,false
PCT_R0.22pct,2025-12-01,2025-11-30 22:23,DOWN,2025-11-30 23:59,LONG,25284.50,25308.75,2025-12-01 00:00,STOP_HIT,2,7.50,6.25,0.224,true
PCT_R0.22pct,2025-12-01,2025-11-30 23:57,UP,2025-12-01 00:45,SHORT,25328.75,25309.50,2025-12-01 00:46,STOP_HIT,2,12.25,5.50,0.333,false
PCT_R0.22pct,2025-12-02,2025-12-01 13:10,UP,2025-12-01 15:07,SHORT,25442.00,25407.75,2025-12-01 15:08,STOP_HIT,2,18.25,14.25,0.474,false
PCT_R0.22pct,2025-12-02,2025-12-01 15:17,DOWN,2025-12-01 16:17,LONG,25404.25,25410.50,2025-12-01 16:18,STOP_HIT,2,3.00,-2.50,0.213,true
PCT_R0.22pct,2025-12-02,2025-12-01 22:10,UP,2025-12-01 23:02,SHORT,25423.50,25393.00,2025-12-01 23:03,STOP_HIT,2,4.75,-2.25,0.059,false
PCT_R0.22pct,2025-12-02,2025-12-02 05:34,UP,2025-12-02 05:44,SHORT,25626.00,25559.25,2025-12-02 05:45,STOP_HIT,2,12.00,3.50,0.136,false
PCT_R0.22pct,2025-12-02,2025-12-02 05:51,DOWN,2025-12-02 06:28,LONG,25465.00,25566.25,2025-12-02 06:29,STOP_HIT,2,0.00,-5.25,0.100,true
PCT_R0.22pct,2025-12-02,2025-12-02 08:00,UP,2025-12-02 08:12,SHORT,25545.75,25548.75,2025-12-02 08:17,STOP_HIT,6,6.25,-18.00,0.012,false
PCT_R0.22pct,2025-12-03,2025-12-02 14:28,UP,2025-12-02 15:03,SHORT,25636.00,25620.25,2025-12-02 15:04,STOP_HIT,2,7.50,3.50,0.220,false
PCT_R0.22pct,2025-12-03,2025-12-02 19:15,DOWN,2025-12-02 23:51,LONG,25629.25,25642.50,2025-12-02 23:52,STOP_HIT,2,4.50,0.75,0.130,false
PCT_R0.22pct,2025-12-03,2025-12-03 00:50,UP,2025-12-03 02:39,SHORT,25660.75,25640.25,2025-12-03 02:40,STOP_HIT,2,3.25,2.75,0.462,false
PCT_R0.22pct,2025-12-03,2025-12-03 03:15,DOWN,2025-12-03 04:04,LONG,25557.50,25641.25,2025-12-03 04:05,STOP_HIT,2,0.50,-37.25,0.060,true
PCT_R0.22pct,2025-12-03,2025-12-03 04:53,UP,2025-12-03 05:07,SHORT,25531.00,25521.25,2025-12-03 05:08,STOP_HIT,2,9.00,-1.00,0.145,true
PCT_R0.22pct,2025-12-03,2025-12-03 05:05,DOWN,2025-12-03 05:15,LONG,25516.00,25521.00,2025-12-03 05:31,STOP_HIT,17,47.50,-0.50,0.014,true
PCT_R0.22pct,2025-12-03,2025-12-03 05:12,UP,2025-12-03 05:22,SHORT,25521.00,25523.50,2025-12-03 05:23,STOP_HIT,2,21.00,-23.50,0.084,true
PCT_R0.22pct,2025-12-04,2025-12-03 17:35,UP,2025-12-03 21:08,SHORT,25663.75,25643.25,2025-12-03 21:09,STOP_HIT,2,5.25,2.50,0.321,false
PCT_R0.22pct,2025-12-04,2025-12-03 21:07,DOWN,2025-12-03 22:28,LONG,25606.50,25643.75,2025-12-03 22:29,STOP_HIT,2,16.00,13.00,0.422,false
PCT_R0.22pct,2025-12-04,2025-12-03 22:27,UP,2025-12-03 23:32,SHORT,25665.75,25642.00,2025-12-03 23:33,STOP_HIT,2,7.25,1.75,0.437,false
PCT_R0.22pct,2025-12-04,2025-12-03 23:41,DOWN,2025-12-04 03:52,LONG,25627.00,25647.50,2025-12-04 03:53,STOP_HIT,2,6.25,5.50,0.494,false
PCT_R0.22pct,2025-12-04,2025-12-04 03:52,UP,2025-12-04 04:05,SHORT,25668.25,25647.50,2025-12-04 04:06,STOP_HIT,2,2.00,-9.25,0.005,false
PCT_R0.22pct,2025-12-04,2025-12-04 08:07,UP,2025-12-04 08:33,SHORT,25630.25,25604.75,2025-12-04 08:34,STOP_HIT,2,12.00,9.00,0.061,false
PCT_R0.22pct,2025-12-04,2025-12-04 08:32,DOWN,2025-12-04 09:17,LONG,25578.50,25604.00,2025-12-04 09:18,STOP_HIT,2,9.75,-5.00,0.143,false
PCT_R0.22pct,2025-12-04,2025-12-04 10:07,UP,2025-12-04 11:17,SHORT,25632.75,25598.00,2025-12-04 11:18,STOP_HIT,2,1.00,-1.25,0.149,false
PCT_R0.22pct,2025-12-05,2025-12-04 13:46,UP,2025-12-04 15:04,SHORT,25668.00,25636.75,2025-12-04 15:05,STOP_HIT,2,10.25,9.25,0.275,false
PCT_R0.22pct,2025-12-05,2025-12-04 22:21,DOWN,2025-12-05 03:30,LONG,25686.00,25710.25,2025-12-05 03:31,STOP_HIT,2,3.00,-9.25,0.186,true
PCT_R0.22pct,2025-12-05,2025-12-05 04:41,UP,2025-12-05 04:51,SHORT,25749.75,25710.00,2025-12-05 04:52,STOP_HIT,2,8.75,-22.50,0.055,true
PCT_R0.22pct,2025-12-05,2025-12-05 06:58,DOWN,2025-12-05 07:08,LONG,25714.25,25731.00,2025-12-05 07:09,STOP_HIT,2,8.00,7.50,0.048,false
PCT_R0.22pct,2025-12-05,2025-12-05 07:37,UP,2025-12-05 08:10,SHORT,25738.25,25726.50,2025-12-05 08:13,STOP_HIT,4,12.25,10.50,0.163,false
PCT_R0.22pct,2025-12-05,2025-12-05 08:34,DOWN,2025-12-05 10:48,LONG,25694.25,25725.75,2025-12-05 10:49,STOP_HIT,2,1.75,-1.25,0.116,false
PCT_R0.22pct,2025-12-05,2025-12-05 10:51,UP,2025-12-05 11:01,SHORT,25735.75,25725.00,2025-12-05 11:02,STOP_HIT,2,4.50,1.00,0.097,true
PCT_R0.22pct,2025-12-08,2025-12-07 13:00,DOWN,2025-12-07 14:02,LONG,25723.00,25742.50,2025-12-07 14:03,STOP_HIT,2,0.25,-6.25,0.169,false
PCT_R0.22pct,2025-12-08,2025-12-07 14:11,UP,2025-12-07 15:05,SHORT,25751.75,25738.00,2025-12-07 15:06,STOP_HIT,2,0.50,-8.50,0.051,false
PCT_R0.22pct,2025-12-08,2025-12-07 21:40,DOWN,2025-12-08 00:29,LONG,25781.75,25778.50,2025-12-08 01:27,STOP_HIT,59,17.25,-5.75,0.200,true
PCT_R0.22pct,2025-12-08,2025-12-08 00:05,UP,2025-12-08 03:21,SHORT,25829.75,25783.00,2025-12-08 03:22,STOP_HIT,2,18.50,18.00,0.378,false
PCT_R0.22pct,2025-12-09,2025-12-09 04:48,UP,2025-12-09 05:13,SHORT,25640.25,25634.00,2025-12-09 05:14,STOP_HIT,2,6.00,4.75,0.079,false
PCT_R0.22pct,2025-12-10,2025-12-09 15:10,UP,2025-12-09 18:33,SHORT,25692.00,25671.50,2025-12-09 18:34,STOP_HIT,2,0.00,-7.00,0.481,false
PCT_R0.22pct,2025-12-10,2025-12-10 02:40,UP,2025-12-10 03:28,SHORT,25707.00,25674.25,2025-12-10 03:29,STOP_HIT,2,19.75,-1.75,0.137,false
PCT_R0.22pct,2025-12-10,2025-12-10 03:30,DOWN,2025-12-10 04:02,LONG,25664.50,25676.00,2025-12-10 04:03,STOP_HIT,2,1.00,-2.75,0.178,false
PCT_R0.22pct,2025-12-10,2025-12-10 06:03,UP,2025-12-10 06:53,SHORT,25647.75,25632.75,2025-12-10 06:54,STOP_HIT,2,4.25,-5.25,0.043,false
PCT_R0.22pct,2025-12-10,2025-12-10 07:56,DOWN,2025-12-10 08:37,LONG,25629.25,25634.00,2025-12-10 08:38,STOP_HIT,2,2.50,-8.25,0.143,true
PCT_R0.22pct,2025-12-11,2025-12-10 13:01,DOWN,2025-12-10 13:15,LONG,25746.00,25766.75,2025-12-10 13:16,STOP_HIT,2,1.50,-17.75,0.256,false
PCT_R0.22pct,2025-12-11,2025-12-10 22:35,UP,2025-12-10 22:58,SHORT,25521.75,25512.25,2025-12-10 22:59,STOP_HIT,2,0.00,-14.75,0.426,false
PCT_R0.22pct,2025-12-11,2025-12-11 05:28,DOWN,2025-12-11 05:50,LONG,25494.00,25562.50,2025-12-11 05:51,STOP_HIT,2,8.00,-18.50,0.031,true
PCT_R0.22pct,2025-12-11,2025-12-11 06:29,UP,2025-12-11 06:50,SHORT,25549.25,25543.00,2025-12-11 07:13,STOP_HIT,24,83.00,-24.25,0.039,false
PCT_R0.22pct,2025-12-11,2025-12-11 06:57,UP,2025-12-11 07:24,SHORT,25616.75,25540.50,2025-12-11 07:25,STOP_HIT,2,2.50,-7.25,0.182,false
PCT_R0.22pct,2025-12-12,2025-12-11 13:01,DOWN,2025-12-11 13:11,LONG,25684.75,25710.25,2025-12-11 13:12,STOP_HIT,2,10.50,-5.00,0.310,true
PCT_R0.22pct,2025-12-12,2025-12-11 14:11,UP,2025-12-11 16:09,SHORT,25694.75,25672.75,2025-12-11 16:10,STOP_HIT,2,4.00,3.25,0.647,false
PCT_R0.22pct,2025-12-12,2025-12-11 20:29,DOWN,2025-12-11 23:09,LONG,25628.00,25673.00,2025-12-11 23:10,STOP_HIT,2,2.00,-7.75,0.438,false
PCT_R0.22pct,2025-12-15,2025-12-14 13:00,DOWN,2025-12-14 13:10,LONG,25398.50,25428.50,2025-12-14 13:11,STOP_HIT,2,6.50,5.00,0.118,true
PCT_R0.22pct,2025-12-15,2025-12-14 13:08,UP,2025-12-14 13:43,SHORT,25436.50,25422.25,2025-12-14 13:44,STOP_HIT,2,2.25,0.75,0.217,true
PCT_R0.22pct,2025-12-15,2025-12-15 04:30,DOWN,2025-12-15 04:47,LONG,25532.75,25579.50,2025-12-15 04:48,STOP_HIT,2,14.00,0.50,0.051,true
PCT_R0.22pct,2025-12-16,2025-12-15 13:05,DOWN,2025-12-15 13:35,LONG,25317.75,25356.50,2025-12-15 13:36,STOP_HIT,2,1.50,0.25,0.438,false
PCT_R0.22pct,2025-12-16,2025-12-15 21:44,UP,2025-12-15 22:26,SHORT,25173.75,25154.75,2025-12-15 22:27,STOP_HIT,2,6.00,-7.25,0.204,false
PCT_R0.22pct,2025-12-16,2025-12-16 05:08,DOWN,2025-12-16 05:27,LONG,25187.25,25277.25,2025-12-16 05:28,STOP_HIT,2,33.25,27.25,0.042,false
PCT_R0.22pct,2025-12-16,2025-12-16 06:00,DOWN,2025-12-16 06:21,LONG,25235.50,25274.75,2025-12-16 06:22,STOP_HIT,2,21.25,7.75,0.090,false
PCT_R0.22pct,2025-12-16,2025-12-16 06:38,UP,2025-12-16 06:54,SHORT,25295.75,25270.50,2025-12-16 06:55,STOP_HIT,2,21.50,-1.25,0.182,true
PCT_R0.22pct,2025-12-16,2025-12-16 08:51,DOWN,2025-12-16 09:16,LONG,25243.75,25270.75,2025-12-16 09:17,STOP_HIT,2,7.50,-10.50,0.002,false
PCT_R0.22pct,2025-12-16,2025-12-16 09:20,UP,2025-12-16 09:34,SHORT,25294.25,25270.00,2025-12-16 09:35,STOP_HIT,2,1.00,-23.25,0.042,true
PCT_R0.22pct,2025-12-17,2025-12-16 13:00,DOWN,2025-12-16 13:10,LONG,25318.25,25320.50,2025-12-16 13:11,STOP_HIT,2,5.75,-8.00,0.188,true
PCT_R0.22pct,2025-12-17,2025-12-16 13:07,UP,2025-12-16 13:34,SHORT,25348.75,25321.00,2025-12-16 13:35,STOP_HIT,2,1.00,-6.50,0.283,false
PCT_R0.22pct,2025-12-17,2025-12-16 13:44,DOWN,2025-12-16 14:01,LONG,25302.00,25326.50,2025-12-16 14:02,STOP_HIT,2,0.50,-10.75,0.632,false
PCT_R0.22pct,2025-12-17,2025-12-16 14:08,UP,2025-12-16 15:17,SHORT,25328.00,25314.00,2025-12-16 15:18,STOP_HIT,2,12.00,5.75,0.000,false
PCT_R0.22pct,2025-12-17,2025-12-16 17:16,DOWN,2025-12-16 19:11,LONG,25326.50,25332.50,2025-12-16 19:12,STOP_HIT,2,3.50,0.50,0.278,true
PCT_R0.22pct,2025-12-17,2025-12-16 19:02,UP,2025-12-16 20:03,SHORT,25359.50,25332.25,2025-12-16 20:04,STOP_HIT,2,4.00,-7.50,0.266,false
PCT_R0.22pct,2025-12-17,2025-12-17 03:58,DOWN,2025-12-17 04:37,LONG,25346.75,25415.75,2025-12-17 04:38,STOP_HIT,2,21.75,10.50,0.029,false
PCT_R0.22pct,2025-12-18,2025-12-17 13:00,DOWN,2025-12-17 13:26,LONG,24934.25,24968.50,2025-12-17 13:27,STOP_HIT,2,17.25,17.25,0.441,false
PCT_R0.22pct,2025-12-18,2025-12-17 14:06,UP,2025-12-17 14:21,SHORT,24958.25,24956.75,2025-12-17 14:22,STOP_HIT,2,5.50,-6.75,0.116,true
PCT_R0.22pct,2025-12-18,2025-12-17 16:18,DOWN,2025-12-17 17:10,LONG,24944.75,24969.25,2025-12-17 17:11,STOP_HIT,2,4.00,-0.50,0.276,false
PCT_R0.22pct,2025-12-18,2025-12-17 17:18,UP,2025-12-17 19:46,SHORT,24978.25,24966.75,2025-12-17 19:47,STOP_HIT,2,2.50,1.25,0.190,true
PCT_R0.22pct,2025-12-18,2025-12-18 05:14,UP,2025-12-18 05:26,SHORT,25289.75,25206.00,2025-12-18 05:27,STOP_HIT,2,7.00,-36.75,0.074,true
PCT_R0.22pct,2025-12-18,2025-12-18 06:54,DOWN,2025-12-18 07:19,LONG,25217.25,25252.75,2025-12-18 07:20,STOP_HIT,2,12.50,10.25,0.144,true
PCT_R0.22pct,2025-12-18,2025-12-18 07:26,UP,2025-12-18 07:42,SHORT,25330.00,25248.50,2025-12-18 07:43,STOP_HIT,2,11.75,0.00,0.071,true
PCT_R0.22pct,2025-12-18,2025-12-18 09:10,DOWN,2025-12-18 09:36,LONG,25253.00,25270.25,2025-12-18 09:37,STOP_HIT,2,5.75,-11.00,0.157,true
PCT_R0.22pct,2025-12-18,2025-12-18 10:00,UP,2025-12-18 10:18,SHORT,25283.00,25266.50,2025-12-18 10:19,STOP_HIT,2,6.25,-11.25,0.011,true
PCT_R0.22pct,2025-12-18,2025-12-18 10:50,DOWN,2025-12-18 11:00,LONG,25252.00,25270.50,2025-12-18 11:01,STOP_HIT,2,5.25,-18.00,0.033,false
PCT_R0.22pct,2025-12-19,2025-12-18 13:09,UP,2025-12-18 14:04,SHORT,25261.00,25237.25,2025-12-18 14:05,STOP_HIT,2,16.00,16.00,0.040,false
PCT_R0.22pct,2025-12-19,2025-12-19 03:03,UP,2025-12-19 03:38,SHORT,25330.75,25306.75,2025-12-19 03:39,STOP_HIT,2,3.50,1.25,0.378,false
PCT_R0.22pct,2025-12-22,2025-12-21 13:15,UP,2025-12-21 15:06,SHORT,25686.00,25656.00,2025-12-21 15:07,STOP_HIT,2,8.75,4.00,0.303,false
PCT_R0.22pct,2025-12-22,2025-12-22 04:31,DOWN,2025-12-22 04:41,LONG,25700.25,25707.50,2025-12-22 04:42,STOP_HIT,2,6.00,-19.00,0.094,false
PCT_R0.22pct,2025-12-22,2025-12-22 04:42,UP,2025-12-22 04:52,SHORT,25735.00,25707.25,2025-12-22 04:53,STOP_HIT,2,11.00,3.25,0.170,false
PCT_R0.22pct,2025-12-22,2025-12-22 04:55,DOWN,2025-12-22 05:16,LONG,25687.25,25710.00,2025-12-22 05:17,STOP_HIT,2,16.75,8.75,0.051,true
PCT_R0.22pct,2025-12-22,2025-12-22 05:36,UP,2025-12-22 07:10,SHORT,25697.50,25701.00,2025-12-22 07:17,STOP_HIT,8,2.00,-9.25,0.102,true
PCT_R0.22pct,2025-12-23,2025-12-22 16:17,DOWN,2025-12-22 19:08,LONG,25681.75,25715.25,2025-12-22 19:09,STOP_HIT,2,8.25,8.25,0.455,false
PCT_R0.22pct,2025-12-23,2025-12-22 23:42,DOWN,2025-12-23 02:22,LONG,25671.50,25704.75,2025-12-23 02:23,STOP_HIT,2,1.50,0.75,0.148,false
PCT_R0.22pct,2025-12-23,2025-12-23 03:39,UP,2025-12-23 04:38,SHORT,25721.00,25697.25,2025-12-23 04:39,STOP_HIT,2,20.50,5.75,0.035,true
PCT_R0.22pct,2025-12-23,2025-12-23 04:49,DOWN,2025-12-23 05:01,LONG,25683.00,25704.50,2025-12-23 05:02,STOP_HIT,2,0.50,-33.50,0.055,false
PCT_R0.22pct,2025-12-23,2025-12-23 05:03,UP,2025-12-23 06:31,SHORT,25739.75,25702.25,2025-12-23 06:32,STOP_HIT,2,2.25,-0.75,0.035,true
PCT_R0.22pct,2025-12-24,2025-12-23 19:00,UP,2025-12-24 05:16,SHORT,25834.50,25805.75,2025-12-24 05:17,STOP_HIT,2,1.50,-5.25,0.080,false
PCT_R0.22pct,2025-12-26,2025-12-25 15:01,DOWN,2025-12-25 21:19,LONG,25856.25,25888.25,2025-12-25 21:20,STOP_HIT,2,0.50,-2.25,0.449,false
PCT_R0.22pct,2025-12-26,2025-12-25 22:35,UP,2025-12-26 03:21,SHORT,25900.00,25883.50,2025-12-26 03:22,STOP_HIT,2,5.00,5.00,0.393,false
PCT_R0.22pct,2025-12-26,2025-12-26 04:45,DOWN,2025-12-26 04:55,LONG,25886.00,25896.75,2025-12-26 04:56,STOP_HIT,2,5.75,-5.75,0.145,false
PCT_R0.22pct,2025-12-26,2025-12-26 05:16,UP,2025-12-26 05:40,SHORT,25884.50,25884.25,2025-12-26 05:41,STOP_HIT,2,5.25,-2.75,0.056,true
PCT_R0.22pct,2025-12-26,2025-12-26 06:02,DOWN,2025-12-26 07:17,LONG,25859.75,25883.25,2025-12-26 07:18,STOP_HIT,2,0.00,-3.25,0.228,false
PCT_R0.22pct,2025-12-29,2025-12-28 14:59,DOWN,2025-12-28 15:42,LONG,25842.50,25868.00,2025-12-28 15:43,STOP_HIT,2,2.50,0.50,0.042,true
PCT_R0.22pct,2025-12-29,2025-12-29 04:37,DOWN,2025-12-29 04:59,LONG,25716.25,25753.75,2025-12-29 05:00,STOP_HIT,2,20.50,18.50,0.211,false
PCT_R0.22pct,2025-12-29,2025-12-29 05:14,UP,2025-12-29 05:39,SHORT,25748.50,25743.75,2025-12-29 05:40,STOP_HIT,2,8.50,2.75,0.146,true
PCT_R0.22pct,2025-12-29,2025-12-29 05:36,DOWN,2025-12-29 05:50,LONG,25711.50,25743.75,2025-12-29 05:51,STOP_HIT,2,2.50,-35.25,0.257,false
PCT_R0.22pct,2025-12-29,2025-12-29 07:28,UP,2025-12-29 11:00,SHORT,25741.25,25723.25,2025-12-29 11:01,STOP_HIT,2,13.50,6.25,0.040,true
PCT_R0.22pct,2025-12-30,2025-12-29 15:00,UP,2025-12-29 19:01,SHORT,25753.75,25718.75,2025-12-29 19:02,STOP_HIT,2,6.25,5.50,0.236,true
PCT_R0.22pct,2025-12-30,2025-12-29 19:00,DOWN,2025-12-29 21:52,LONG,25697.50,25720.00,2025-12-29 21:53,STOP_HIT,2,3.75,3.50,0.231,true
PCT_R0.22pct,2025-12-30,2025-12-29 21:23,UP,2025-12-29 23:05,SHORT,25746.50,25721.25,2025-12-29 23:06,STOP_HIT,2,6.00,0.75,0.517,false
PCT_R0.22pct,2025-12-30,2025-12-29 23:36,DOWN,2025-12-30 03:41,LONG,25709.50,25725.00,2025-12-30 03:42,STOP_HIT,2,1.25,-6.25,0.326,true
PCT_R0.22pct,2025-12-30,2025-12-30 04:57,DOWN,2025-12-30 05:23,LONG,25697.50,25718.00,2025-12-30 05:24,STOP_HIT,2,25.25,4.25,0.018,true
PCT_R0.22pct,2025-12-30,2025-12-30 05:43,UP,2025-12-30 05:54,SHORT,25738.25,25715.00,2025-12-30 05:55,STOP_HIT,2,10.75,1.25,0.065,false
PCT_R0.22pct,2025-12-30,2025-12-30 06:22,DOWN,2025-12-30 07:28,LONG,25719.00,25722.25,2025-12-30 07:29,STOP_HIT,2,4.75,2.50,0.166,true
PCT_R0.22pct,2025-12-31,2025-12-30 13:00,DOWN,2025-12-30 14:46,LONG,25634.00,25653.75,2025-12-30 14:47,STOP_HIT,2,0.25,-5.00,0.197,true
PCT_R0.22pct,2025-12-31,2025-12-30 22:40,UP,2025-12-31 03:51,SHORT,25699.25,25615.25,2025-12-31 03:52,STOP_HIT,2,4.50,-9.75,0.355,false
PCT_R0.22pct,2025-12-31,2025-12-31 04:01,DOWN,2025-12-31 04:56,LONG,25624.75,25622.75,2025-12-31 04:57,STOP_HIT,2,6.75,-21.25,0.106,false
PCT_R0.22pct,2025-12-31,2025-12-31 09:03,DOWN,2025-12-31 09:31,LONG,25578.75,25600.25,2025-12-31 09:32,STOP_HIT,2,4.25,-14.00,0.046,false
PCT_R0.22pct,2026-01-02,2026-01-01 13:03,UP,2026-01-01 14:21,SHORT,25503.75,25486.25,2026-01-01 14:22,STOP_HIT,2,3.25,-3.00,0.529,false
PCT_R0.22pct,2026-01-02,2026-01-02 04:31,DOWN,2026-01-02 04:41,LONG,25645.25,25681.25,2026-01-02 04:42,STOP_HIT,2,23.50,19.75,0.118,false
PCT_R0.22pct,2026-01-02,2026-01-02 04:50,DOWN,2026-01-02 05:23,LONG,25485.50,25684.75,2026-01-02 05:24,STOP_HIT,2,23.25,-0.25,0.080,false
PCT_R0.22pct,2026-01-05,2026-01-04 13:07,UP,2026-01-04 13:27,SHORT,25458.50,25437.00,2026-01-04 13:28,STOP_HIT,2,0.75,-0.75,0.254,false
PCT_R0.22pct,2026-01-06,2026-01-05 20:34,DOWN,2026-01-05 22:32,LONG,25529.25,25597.00,2026-01-05 22:33,STOP_HIT,2,13.25,8.50,0.038,false
PCT_R0.22pct,2026-01-06,2026-01-05 22:31,UP,2026-01-06 03:01,SHORT,25638.75,25593.75,2026-01-06 03:02,STOP_HIT,2,0.00,-1.00,0.103,true
PCT_R0.22pct,2026-01-06,2026-01-06 06:07,UP,2026-01-06 06:23,SHORT,25691.50,25672.25,2026-01-06 06:24,STOP_HIT,2,1.75,-5.25,0.439,false
PCT_R0.22pct,2026-01-07,2026-01-06 13:01,DOWN,2026-01-06 18:09,LONG,25787.75,25821.75,2026-01-06 18:10,STOP_HIT,2,4.00,4.00,0.448,false
PCT_R0.22pct,2026-01-07,2026-01-06 23:21,UP,2026-01-07 04:31,SHORT,25777.25,25778.00,2026-01-07 04:32,STOP_HIT,2,6.25,-17.75,0.036,false
PCT_R0.22pct,2026-01-08,2026-01-07 13:00,DOWN,2026-01-07 16:48,LONG,25788.00,25828.25,2026-01-07 16:49,STOP_HIT,2,1.00,1.00,0.518,false
PCT_R0.22pct,2026-01-08,2026-01-07 21:31,UP,2026-01-07 22:41,SHORT,25795.00,25777.75,2026-01-07 22:42,STOP_HIT,2,1.75,-6.25,0.075,false
PCT_R0.22pct,2026-01-08,2026-01-07 22:43,DOWN,2026-01-08 01:20,LONG,25772.25,25774.50,2026-01-08 01:21,STOP_HIT,2,1.25,-1.25,0.020,false
PCT_R0.22pct,2026-01-08,2026-01-08 01:31,UP,2026-01-08 03:19,SHORT,25800.00,25773.25,2026-01-08 03:20,STOP_HIT,2,5.00,-8.75,0.460,false
PCT_R0.22pct,2026-01-08,2026-01-08 03:30,DOWN,2026-01-08 04:33,LONG,25747.00,25774.75,2026-01-08 04:34,STOP_HIT,2,13.25,-41.00,0.044,false
PCT_R0.22pct,2026-01-08,2026-01-08 07:52,DOWN,2026-01-08 08:10,LONG,25652.75,25671.50,2026-01-08 08:11,STOP_HIT,2,3.75,-12.50,0.093,true
PCT_R0.22pct,2026-01-08,2026-01-08 09:16,UP,2026-01-08 11:04,SHORT,25686.75,25665.75,2026-01-08 11:05,STOP_HIT,2,0.50,-1.25,0.315,true
PCT_R0.22pct,2026-01-09,2026-01-08 13:01,DOWN,2026-01-08 14:56,LONG,25670.25,25688.50,2026-01-08 14:57,STOP_HIT,2,3.75,0.50,0.350,false
PCT_R0.22pct,2026-01-09,2026-01-08 15:37,UP,2026-01-08 17:26,SHORT,25678.50,25678.00,2026-01-08 17:37,STOP_HIT,12,12.50,-2.50,0.114,false
PCT_R0.22pct,2026-01-09,2026-01-09 04:03,DOWN,2026-01-09 04:32,LONG,25668.75,25715.75,2026-01-09 04:33,STOP_HIT,2,26.00,16.00,0.044,false
PCT_R0.22pct,2026-01-09,2026-01-09 04:32,UP,2026-01-09 04:42,SHORT,25751.50,25716.50,2026-01-09 04:43,STOP_HIT,2,6.00,-1.25,0.065,true
PCT_R0.22pct,2026-01-09,2026-01-09 05:08,UP,2026-01-09 05:19,SHORT,25755.75,25719.25,2026-01-09 05:20,STOP_HIT,2,0.75,-10.75,0.066,false
PCT_R0.22pct,2026-01-12,2026-01-11 13:00,DOWN,2026-01-11 13:10,LONG,25914.25,25900.00,2026-01-11 13:18,STOP_HIT,9,5.25,-21.25,0.173,true
PCT_R0.22pct,2026-01-12,2026-01-11 22:43,UP,2026-01-12 04:31,SHORT,25792.25,25740.00,2026-01-12 04:32,STOP_HIT,2,8.75,-38.50,0.112,false
PCT_R0.22pct,2026-01-13,2026-01-12 13:00,DOWN,2026-01-12 13:56,LONG,25898.00,25922.75,2026-01-12 13:57,STOP_HIT,2,3.50,-1.75,0.031,false
PCT_R0.22pct,2026-01-13,2026-01-12 15:45,UP,2026-01-12 19:28,SHORT,25902.25,25883.50,2026-01-12 19:29,STOP_HIT,2,2.75,-3.00,0.511,false
PCT_R0.22pct,2026-01-13,2026-01-12 23:18,DOWN,2026-01-13 00:33,LONG,25892.00,25893.75,2026-01-13 00:34,STOP_HIT,2,0.25,-5.50,0.675,true
PCT_R0.22pct,2026-01-13,2026-01-13 06:27,UP,2026-01-13 06:37,SHORT,25949.00,25912.50,2026-01-13 06:38,STOP_HIT,2,7.25,-1.75,0.065,true
PCT_R0.22pct,2026-01-13,2026-01-13 07:31,DOWN,2026-01-13 07:56,LONG,25886.75,25930.25,2026-01-13 07:57,STOP_HIT,2,9.00,-9.25,0.163,false
PCT_R0.22pct,2026-01-14,2026-01-13 17:41,DOWN,2026-01-13 19:23,LONG,25869.00,25901.50,2026-01-13 19:24,STOP_HIT,2,1.00,-1.00,0.042,false
PCT_R0.22pct,2026-01-14,2026-01-14 10:08,DOWN,2026-01-14 10:18,LONG,25532.00,25565.25,2026-01-14 10:19,STOP_HIT,2,15.75,8.25,0.011,false
PCT_R0.22pct,2026-01-14,2026-01-14 10:17,UP,2026-01-14 10:35,SHORT,25608.00,25565.00,2026-01-14 10:36,STOP_HIT,2,1.25,-19.25,0.213,true
PCT_R0.22pct,2026-01-15,2026-01-14 13:23,UP,2026-01-14 15:03,SHORT,25628.75,25598.25,2026-01-14 15:04,STOP_HIT,2,1.25,-11.75,0.411,false
PCT_R0.22pct,2026-01-15,2026-01-14 15:33,UP,2026-01-14 15:47,SHORT,25617.50,25600.00,2026-01-14 15:48,STOP_HIT,2,2.25,-0.25,0.473,false
PCT_R0.22pct,2026-01-15,2026-01-14 16:15,DOWN,2026-01-14 18:03,LONG,25582.50,25603.50,2026-01-14 18:04,STOP_HIT,2,6.50,0.50,0.108,true
PCT_R0.22pct,2026-01-15,2026-01-15 05:37,DOWN,2026-01-15 05:47,LONG,25826.75,25871.75,2026-01-15 05:48,STOP_HIT,2,23.25,0.25,0.192,false
PCT_R0.22pct,2026-01-15,2026-01-15 05:52,UP,2026-01-15 06:06,SHORT,25914.25,25869.50,2026-01-15 06:07,STOP_HIT,2,11.00,6.25,0.052,false
PCT_R0.22pct,2026-01-15,2026-01-15 07:09,DOWN,2026-01-15 07:52,LONG,25875.25,25879.50,2026-01-15 07:53,STOP_HIT,2,2.75,-1.50,0.202,true
PCT_R0.22pct,2026-01-15,2026-01-15 08:00,UP,2026-01-15 08:32,SHORT,25898.75,25879.25,2026-01-15 08:33,STOP_HIT,2,4.75,-5.50,0.088,false
PCT_R0.22pct,2026-01-15,2026-01-15 08:35,DOWN,2026-01-15 09:07,LONG,25845.25,25880.00,2026-01-15 09:08,STOP_HIT,2,6.00,0.50,0.077,true
PCT_R0.22pct,2026-01-16,2026-01-15 13:06,UP,2026-01-15 14:56,SHORT,25759.25,25737.50,2026-01-15 14:57,STOP_HIT,2,0.50,-2.25,0.053,false
PCT_R0.22pct,2026-01-16,2026-01-16 04:31,DOWN,2026-01-16 05:00,LONG,25729.00,25830.75,2026-01-16 05:01,STOP_HIT,2,7.25,-13.00,0.146,false
PCT_R0.22pct,2026-01-16,2026-01-16 06:45,DOWN,2026-01-16 06:57,LONG,25693.25,25743.25,2026-01-16 06:58,STOP_HIT,2,29.50,25.25,0.080,false
PCT_R0.22pct,2026-01-19,2026-01-18 13:00,UP,2026-01-18 13:10,SHORT,25444.75,25441.50,2026-01-18 13:11,STOP_HIT,2,21.25,-4.25,0.039,false
PCT_R0.22pct,2026-01-19,2026-01-18 13:05,DOWN,2026-01-18 13:17,LONG,25420.25,25440.25,2026-01-18 13:18,STOP_HIT,2,0.75,-0.75,0.042,false
PCT_R0.22pct,2026-01-19,2026-01-18 13:18,UP,2026-01-18 13:59,SHORT,25460.00,25438.50,2026-01-18 14:00,STOP_HIT,2,1.75,-3.00,0.156,false
PCT_R0.22pct,2026-01-19,2026-01-18 14:00,DOWN,2026-01-18 14:16,LONG,25427.00,25439.00,2026-01-18 14:17,STOP_HIT,2,1.00,-24.50,0.113,false
PCT_R0.22pct,2026-01-19,2026-01-18 14:30,UP,2026-01-18 14:55,SHORT,25443.50,25433.50,2026-01-18 15:12,STOP_HIT,18,36.50,9.75,0.234,false
PCT_R0.22pct,2026-01-20,2026-01-19 13:01,DOWN,2026-01-19 14:10,LONG,25349.00,25381.50,2026-01-19 14:11,STOP_HIT,2,10.25,9.50,0.490,false
PCT_R0.22pct,2026-01-20,2026-01-19 14:28,UP,2026-01-19 14:47,SHORT,25402.75,25375.50,2026-01-19 14:48,STOP_HIT,2,7.25,4.25,0.054,true
PCT_R0.22pct,2026-01-20,2026-01-19 16:48,DOWN,2026-01-19 20:10,LONG,25357.00,25393.75,2026-01-19 20:11,STOP_HIT,2,0.00,-6.25,0.004,true
PCT_R0.22pct,2026-01-20,2026-01-20 02:49,DOWN,2026-01-20 03:14,LONG,25228.25,25255.75,2026-01-20 03:15,STOP_HIT,2,3.25,3.25,0.298,false
PCT_R0.22pct,2026-01-20,2026-01-20 06:58,DOWN,2026-01-20 08:12,LONG,25295.25,25314.75,2026-01-20 08:13,STOP_HIT,2,1.25,-14.75,0.060,true
PCT_R0.22pct,2026-01-21,2026-01-20 13:02,DOWN,2026-01-20 13:50,LONG,25123.25,25155.50,2026-01-20 13:51,STOP_HIT,2,6.25,-0.75,0.056,true
PCT_R0.22pct,2026-01-21,2026-01-20 13:55,UP,2026-01-20 14:43,SHORT,25174.50,25152.00,2026-01-20 14:44,STOP_HIT,2,3.75,0.50,0.146,true
PCT_R0.22pct,2026-01-21,2026-01-20 21:23,DOWN,2026-01-20 23:44,LONG,25174.75,25203.75,2026-01-20 23:45,STOP_HIT,2,2.00,-4.00,0.089,false
PCT_R0.22pct,2026-01-21,2026-01-21 07:46,UP,2026-01-21 07:59,SHORT,25256.25,25221.50,2026-01-21 08:12,STOP_HIT,14,105.50,9.25,0.105,false
PCT_R0.22pct,2026-01-21,2026-01-21 08:13,DOWN,2026-01-21 08:23,LONG,25203.25,25220.25,2026-01-21 08:24,STOP_HIT,2,6.00,-11.50,0.017,false
PCT_R0.22pct,2026-01-21,2026-01-21 08:24,UP,2026-01-21 08:34,SHORT,25249.25,25220.50,2026-01-21 08:35,STOP_HIT,2,12.00,8.25,0.111,true
PCT_R0.22pct,2026-01-22,2026-01-21 13:35,UP,2026-01-21 14:20,SHORT,25570.50,25551.00,2026-01-21 14:21,STOP_HIT,2,3.50,-2.75,0.323,false
PCT_R0.22pct,2026-01-22,2026-01-21 16:11,DOWN,2026-01-21 19:42,LONG,25545.00,25569.00,2026-01-21 19:43,STOP_HIT,2,3.00,-4.00,0.349,false
PCT_R0.22pct,2026-01-22,2026-01-21 20:25,UP,2026-01-21 22:19,SHORT,25637.50,25564.50,2026-01-21 22:20,STOP_HIT,2,14.75,14.00,0.235,false
PCT_R0.22pct,2026-01-22,2026-01-22 05:25,UP,2026-01-22 05:44,SHORT,25642.75,25612.25,2026-01-22 05:45,STOP_HIT,2,2.00,-9.00,0.144,false
PCT_R0.22pct,2026-01-22,2026-01-22 05:47,DOWN,2026-01-22 05:59,LONG,25615.50,25617.00,2026-01-22 10:30,STOP_HIT,272,108.00,-4.50,0.026,true
PCT_R0.22pct,2026-01-22,2026-01-22 10:37,UP,2026-01-22 11:00,SHORT,25661.75,25650.00,2026-01-22 11:01,STOP_HIT,2,34.25,10.50,0.043,false
PCT_R0.22pct,2026-01-22,2026-01-22 11:00,DOWN,2026-01-22 11:59,LONG,25622.25,25650.50,2026-01-22 11:59,TIME_EXPIRED,1,7.75,7.75,0.143,false
PCT_R0.22pct,2026-01-23,2026-01-22 13:00,UP,2026-01-22 14:19,SHORT,25627.50,25608.75,2026-01-22 14:20,STOP_HIT,2,1.00,-7.75,0.000,false
PCT_R0.22pct,2026-01-23,2026-01-22 20:05,DOWN,2026-01-22 22:53,LONG,25596.50,25672.50,2026-01-22 22:54,STOP_HIT,2,4.00,1.00,0.398,false
PCT_R0.22pct,2026-01-23,2026-01-23 01:34,DOWN,2026-01-23 01:59,LONG,25598.50,25628.75,2026-01-23 02:00,STOP_HIT,2,13.50,9.00,0.283,false
PCT_R0.22pct,2026-01-23,2026-01-23 04:45,DOWN,2026-01-23 04:56,LONG,25631.75,25612.75,2026-01-23 11:59,TIME_EXPIRED,424,214.00,48.75,0.083,true
PCT_R0.22pct,2026-01-23,2026-01-23 04:47,UP,2026-01-23 04:57,SHORT,25640.00,25613.50,2026-01-23 04:58,STOP_HIT,2,21.25,-12.25,0.175,false
PCT_R0.22pct,2026-01-23,2026-01-23 07:59,UP,2026-01-23 08:09,SHORT,25744.75,25701.75,2026-01-23 08:10,STOP_HIT,2,4.75,-1.50,0.181,false
PCT_R0.22pct,2026-01-23,2026-01-23 10:11,UP,2026-01-23 10:59,SHORT,25752.00,25722.75,2026-01-23 11:00,STOP_HIT,2,24.25,18.25,0.145,false
PCT_R0.22pct,2026-01-23,2026-01-23 10:59,DOWN,2026-01-23 11:51,LONG,25684.50,25723.25,2026-01-23 11:52,STOP_HIT,2,8.00,7.25,0.381,false
PCT_R0.22pct,2026-01-26,2026-01-25 13:00,UP,2026-01-25 13:10,SHORT,25465.50,25464.50,2026-01-25 13:11,STOP_HIT,2,2.25,-23.00,0.527,true
PCT_R0.22pct,2026-01-26,2026-01-25 23:54,UP,2026-01-26 00:31,SHORT,25653.50,25634.00,2026-01-26 00:32,STOP_HIT,2,5.75,2.00,0.289,false
PCT_R0.22pct,2026-01-27,2026-01-26 13:04,UP,2026-01-26 13:32,SHORT,25876.50,25871.75,2026-01-26 13:33,STOP_HIT,2,4.75,4.00,0.075,true
PCT_R0.22pct,2026-01-27,2026-01-26 22:39,UP,2026-01-27 01:35,SHORT,26024.25,25982.75,2026-01-27 01:36,STOP_HIT,2,1.00,-4.50,0.485,false
PCT_R0.22pct,2026-01-27,2026-01-27 04:38,UP,2026-01-27 04:59,SHORT,26050.00,25986.25,2026-01-27 05:00,STOP_HIT,2,11.00,2.00,0.007,false
PCT_R0.22pct,2026-01-28,2026-01-27 13:00,UP,2026-01-27 14:26,SHORT,26166.75,26139.25,2026-01-27 14:27,STOP_HIT,2,4.75,1.00,0.226,false
PCT_R0.22pct,2026-01-28,2026-01-28 01:53,DOWN,2026-01-28 02:41,LONG,26293.75,26281.50,2026-01-28 03:14,STOP_HIT,34,12.25,-23.50,0.045,true
PCT_R0.22pct,2026-01-28,2026-01-28 04:36,UP,2026-01-28 04:46,SHORT,26291.25,26267.00,2026-01-28 04:51,STOP_HIT,6,60.75,15.75,0.020,false
PCT_R0.22pct,2026-01-28,2026-01-28 04:48,UP,2026-01-28 04:58,SHORT,26280.25,26268.00,2026-01-28 11:47,STOP_HIT,410,287.00,-3.25,0.040,true
PCT_R0.22pct,2026-01-28,2026-01-28 11:04,UP,2026-01-28 11:40,SHORT,26259.00,26189.25,2026-01-28 11:41,STOP_HIT,2,4.00,-4.50,0.101,true
PCT_R0.22pct,2026-01-29,2026-01-28 13:22,DOWN,2026-01-28 13:37,LONG,26209.75,26220.25,2026-01-28 13:38,STOP_HIT,2,3.25,-0.75,0.442,true
PCT_R0.22pct,2026-01-29,2026-01-28 15:27,UP,2026-01-28 17:48,SHORT,26194.50,26158.75,2026-01-28 17:49,STOP_HIT,2,8.75,3.25,0.143,false
PCT_R0.22pct,2026-01-29,2026-01-28 22:19,DOWN,2026-01-29 03:17,LONG,26161.75,26197.75,2026-01-29 03:18,STOP_HIT,2,1.50,-5.75,0.195,false
PCT_R0.22pct,2026-01-29,2026-01-29 07:38,DOWN,2026-01-29 07:56,LONG,25764.00,25804.50,2026-01-29 07:57,STOP_HIT,2,14.00,0.25,0.115,true
PCT_R0.22pct,2026-01-29,2026-01-29 07:59,UP,2026-01-29 08:09,SHORT,25816.00,25803.75,2026-01-29 08:10,STOP_HIT,2,13.00,-20.00,0.033,true
PCT_R0.22pct,2026-01-30,2026-01-29 13:00,DOWN,2026-01-29 13:10,LONG,25959.00,25971.00,2026-01-29 13:11,STOP_HIT,2,1.50,-34.50,0.010,false
PCT_R0.22pct,2026-01-30,2026-01-29 13:38,DOWN,2026-01-29 14:25,LONG,25935.00,25962.25,2026-01-29 14:26,STOP_HIT,2,8.00,-14.00,0.333,true
PCT_R0.22pct,2026-01-30,2026-01-29 18:20,DOWN,2026-01-29 19:58,LONG,25841.00,25873.25,2026-01-29 19:59,STOP_HIT,2,2.25,-8.00,0.124,false
PCT_R0.22pct,2026-01-30,2026-01-30 03:30,UP,2026-01-30 04:02,SHORT,25841.75,25827.25,2026-01-30 04:05,STOP_HIT,4,33.25,-2.75,0.062,false
PCT_R0.22pct,2026-01-30,2026-01-30 05:12,DOWN,2026-01-30 05:34,LONG,25787.25,25853.50,2026-01-30 05:56,STOP_HIT,23,146.75,54.25,0.016,false
PCT_R0.22pct,2026-01-30,2026-01-30 05:47,DOWN,2026-01-30 06:03,LONG,25847.00,25856.50,2026-01-30 06:04,STOP_HIT,2,2.50,-10.25,0.070,true
PCT_R0.22pct,2026-02-02,2026-02-01 22:53,DOWN,2026-02-01 23:10,LONG,25380.50,25379.50,2026-02-02 11:59,TIME_EXPIRED,770,569.00,492.75,0.429,true
PCT_R0.22pct,2026-02-02,2026-02-01 23:08,UP,2026-02-01 23:20,SHORT,25410.50,25380.50,2026-02-01 23:21,STOP_HIT,2,9.00,-33.00,0.231,false
PCT_R0.22pct,2026-02-03,2026-02-02 13:02,UP,2026-02-02 13:14,SHORT,25918.50,25908.25,2026-02-02 13:15,STOP_HIT,2,2.00,-8.00,0.231,false
PCT_R0.22pct,2026-02-03,2026-02-02 15:23,DOWN,2026-02-02 16:11,LONG,25926.00,25954.25,2026-02-02 16:12,STOP_HIT,2,3.00,1.75,0.384,false
PCT_R0.22pct,2026-02-03,2026-02-02 16:46,UP,2026-02-02 18:52,SHORT,25977.75,25950.50,2026-02-02 18:53,STOP_HIT,2,1.25,-5.75,0.047,true
PCT_R0.22pct,2026-02-03,2026-02-02 21:58,DOWN,2026-02-03 02:17,LONG,25961.00,25964.50,2026-02-03 02:18,STOP_HIT,2,5.25,2.25,0.537,false
PCT_R0.22pct,2026-02-03,2026-02-03 02:02,UP,2026-02-03 02:28,SHORT,25981.50,25965.00,2026-02-03 02:29,STOP_HIT,2,2.25,-4.75,0.239,false
PCT_R0.22pct,2026-02-03,2026-02-03 03:13,DOWN,2026-02-03 04:16,LONG,25946.50,25969.75,2026-02-03 04:17,STOP_HIT,2,2.00,1.25,0.264,false
PCT_R0.22pct,2026-02-04,2026-02-03 13:06,UP,2026-02-03 13:16,SHORT,25428.75,25392.00,2026-02-03 13:17,STOP_HIT,2,2.75,-2.25,0.521,false
PCT_R0.22pct,2026-02-04,2026-02-03 13:16,DOWN,2026-02-03 14:10,LONG,25416.75,25405.00,2026-02-03 14:14,STOP_HIT,5,0.00,-13.00,0.156,false
PCT_R0.22pct,2026-02-04,2026-02-03 14:59,UP,2026-02-03 15:09,SHORT,25417.00,25407.50,2026-02-03 15:10,STOP_HIT,2,7.50,-6.00,0.344,false
PCT_R0.22pct,2026-02-04,2026-02-03 16:09,DOWN,2026-02-03 17:11,LONG,25418.50,25419.00,2026-02-03 17:20,STOP_HIT,10,14.50,-9.25,0.556,true
PCT_R0.22pct,2026-02-04,2026-02-03 16:53,UP,2026-02-03 20:06,SHORT,25456.00,25423.50,2026-02-03 20:07,STOP_HIT,2,9.25,8.25,0.345,false
PCT_R0.22pct,2026-02-04,2026-02-03 21:50,DOWN,2026-02-03 23:20,LONG,25384.50,25431.25,2026-02-03 23:21,STOP_HIT,2,0.75,-15.75,0.273,false
PCT_R0.22pct,2026-02-04,2026-02-03 23:44,UP,2026-02-04 00:26,SHORT,25438.75,25428.25,2026-02-04 00:27,STOP_HIT,2,6.75,0.75,0.196,true
PCT_R0.22pct,2026-02-04,2026-02-04 02:01,DOWN,2026-02-04 02:46,LONG,25403.75,25433.25,2026-02-04 02:47,STOP_HIT,2,23.50,16.75,0.429,false
PCT_R0.22pct,2026-02-04,2026-02-04 11:16,UP,2026-02-04 11:40,SHORT,25158.75,25089.50,2026-02-04 11:41,STOP_HIT,2,8.25,-0.50,0.133,true
PCT_R0.22pct,2026-02-05,2026-02-04 13:05,DOWN,2026-02-04 13:15,LONG,25072.50,25079.75,2026-02-04 13:24,STOP_HIT,10,17.50,-3.50,0.500,false
PCT_R0.22pct,2026-02-05,2026-02-04 13:09,UP,2026-02-04 13:32,SHORT,25124.25,25082.00,2026-02-04 13:33,STOP_HIT,2,26.25,26.25,0.323,false
PCT_R0.22pct,2026-02-05,2026-02-04 13:32,DOWN,2026-02-04 13:42,LONG,25066.75,25082.75,2026-02-04 13:45,STOP_HIT,4,21.00,12.25,0.027,true
PCT_R0.22pct,2026-02-05,2026-02-04 14:02,UP,2026-02-04 14:28,SHORT,25112.50,25080.25,2026-02-04 14:29,STOP_HIT,2,9.00,-0.75,0.094,false
PCT_R0.22pct,2026-02-05,2026-02-04 15:17,DOWN,2026-02-04 16:18,LONG,24997.00,25095.50,2026-02-04 16:19,STOP_HIT,2,36.75,24.00,0.220,true
PCT_R0.22pct,2026-02-05,2026-02-04 19:56,UP,2026-02-04 20:41,SHORT,25052.50,25032.75,2026-02-04 20:42,STOP_HIT,2,8.25,4.75,0.269,false
PCT_R0.22pct,2026-02-05,2026-02-04 22:19,DOWN,2026-02-04 23:05,LONG,25005.50,25052.00,2026-02-04 23:06,STOP_HIT,2,0.00,-17.75,0.232,true
PCT_R0.22pct,2026-02-05,2026-02-04 23:12,UP,2026-02-04 23:38,SHORT,25056.25,25049.25,2026-02-04 23:56,STOP_HIT,19,45.25,6.25,0.352,true
PCT_R0.22pct,2026-02-05,2026-02-04 23:32,DOWN,2026-02-04 23:49,LONG,25018.75,25048.50,2026-02-04 23:50,STOP_HIT,2,21.00,16.25,0.357,false
PCT_R0.22pct,2026-02-05,2026-02-04 23:49,UP,2026-02-05 00:15,SHORT,25079.50,25047.25,2026-02-05 00:16,STOP_HIT,2,7.25,5.75,0.211,false
PCT_R0.22pct,2026-02-05,2026-02-05 00:27,DOWN,2026-02-05 00:41,LONG,25041.25,25049.25,2026-02-05 00:45,STOP_HIT,5,18.00,-3.00,0.189,true
PCT_R0.22pct,2026-02-05,2026-02-05 06:24,UP,2026-02-05 06:34,SHORT,24810.75,24775.25,2026-02-05 06:35,STOP_HIT,2,22.00,10.25,0.115,false
PCT_R0.22pct,2026-02-05,2026-02-05 06:55,DOWN,2026-02-05 07:14,LONG,24758.00,24780.75,2026-02-05 07:15,STOP_HIT,2,25.75,6.75,0.060,true
PCT_R0.22pct,2026-02-05,2026-02-05 08:02,DOWN,2026-02-05 08:12,LONG,24774.50,24786.25,2026-02-05 08:14,STOP_HIT,3,20.75,-1.25,0.001,false
PCT_R0.22pct,2026-02-06,2026-02-05 13:01,UP,2026-02-05 13:11,SHORT,24438.00,24444.25,2026-02-05 15:42,STOP_HIT,152,198.25,-22.00,0.146,true
PCT_R0.22pct,2026-02-06,2026-02-05 13:06,DOWN,2026-02-05 13:16,LONG,24437.75,24441.75,2026-02-05 13:17,STOP_HIT,2,5.50,-18.75,0.088,true
PCT_R0.22pct,2026-02-06,2026-02-05 14:16,UP,2026-02-05 14:36,SHORT,24390.00,24351.50,2026-02-05 14:37,STOP_HIT,2,5.75,-3.00,0.062,false
PCT_R0.22pct,2026-02-06,2026-02-05 15:20,UP,2026-02-05 15:35,SHORT,24402.25,24368.00,2026-02-05 15:36,STOP_HIT,2,1.00,-23.25,0.322,false
PCT_R0.22pct,2026-02-09,2026-02-08 13:00,UP,2026-02-08 13:10,SHORT,25242.75,25226.25,2026-02-08 13:11,STOP_HIT,2,10.50,0.25,0.333,true
PCT_R0.22pct,2026-02-09,2026-02-08 14:21,DOWN,2026-02-08 15:10,LONG,25259.25,25276.50,2026-02-08 15:11,STOP_HIT,2,6.25,-1.00,0.130,true
PCT_R0.22pct,2026-02-09,2026-02-09 04:54,UP,2026-02-09 05:04,SHORT,25142.00,25123.25,2026-02-09 05:05,STOP_HIT,2,8.75,-36.25,0.094,false
PCT_R0.22pct,2026-02-10,2026-02-09 13:05,DOWN,2026-02-09 13:31,LONG,25337.75,25356.50,2026-02-09 13:32,STOP_HIT,2,8.50,1.50,0.373,false
PCT_R0.22pct,2026-02-10,2026-02-09 17:18,UP,2026-02-09 19:41,SHORT,25348.50,25327.25,2026-02-09 19:42,STOP_HIT,2,12.75,11.00,0.250,false
PCT_R0.22pct,2026-02-10,2026-02-09 19:55,DOWN,2026-02-09 20:38,LONG,25301.00,25327.75,2026-02-09 20:39,STOP_HIT,2,2.25,-3.75,0.560,false
PCT_R0.22pct,2026-02-10,2026-02-09 20:48,UP,2026-02-09 22:00,SHORT,25349.75,25328.00,2026-02-09 22:01,STOP_HIT,2,10.75,10.25,0.323,false
PCT_R0.22pct,2026-02-10,2026-02-10 02:31,DOWN,2026-02-10 03:16,LONG,25321.75,25340.25,2026-02-10 03:17,STOP_HIT,2,8.50,7.50,0.014,false
PCT_R0.22pct,2026-02-10,2026-02-10 03:12,UP,2026-02-10 03:45,SHORT,25350.50,25339.00,2026-02-10 03:46,STOP_HIT,2,2.25,-4.50,0.041,false
PCT_R0.22pct,2026-02-10,2026-02-10 04:31,DOWN,2026-02-10 04:41,LONG,25309.25,25347.50,2026-02-10 04:42,STOP_HIT,2,0.00,-39.00,0.103,false
PCT_R0.22pct,2026-02-10,2026-02-10 04:49,UP,2026-02-10 04:59,SHORT,25404.00,25342.00,2026-02-10 05:00,STOP_HIT,2,23.75,19.50,0.016,false
PCT_R0.22pct,2026-02-10,2026-02-10 05:31,DOWN,2026-02-10 07:00,LONG,25327.25,25360.50,2026-02-10 07:01,STOP_HIT,2,6.00,-13.25,0.100,false
PCT_R0.22pct,2026-02-10,2026-02-10 07:04,UP,2026-02-10 07:21,SHORT,25371.00,25359.50,2026-02-10 07:22,STOP_HIT,2,8.75,7.25,0.209,true
PCT_R0.22pct,2026-02-10,2026-02-10 07:52,DOWN,2026-02-10 08:15,LONG,25345.50,25361.75,2026-02-10 08:16,STOP_HIT,2,3.75,-18.00,0.131,false
PCT_R0.22pct,2026-02-11,2026-02-10 13:00,UP,2026-02-10 15:03,SHORT,25306.50,25278.50,2026-02-10 15:04,STOP_HIT,2,5.25,2.75,0.545,false
PCT_R0.22pct,2026-02-11,2026-02-10 17:56,DOWN,2026-02-10 19:43,LONG,25289.00,25308.00,2026-02-10 19:44,STOP_HIT,2,1.25,-2.50,0.368,false
PCT_R0.22pct,2026-02-11,2026-02-11 04:46,DOWN,2026-02-11 05:07,LONG,25279.75,25342.75,2026-02-11 05:08,STOP_HIT,2,1.25,-23.25,0.051,false
PCT_R0.22pct,2026-02-11,2026-02-11 07:02,UP,2026-02-11 07:44,SHORT,25305.75,25250.25,2026-02-11 07:45,STOP_HIT,2,22.50,16.00,0.237,false
PCT_R0.22pct,2026-02-11,2026-02-11 07:51,DOWN,2026-02-11 08:15,LONG,25210.50,25252.50,2026-02-11 08:16,STOP_HIT,2,31.00,28.75,0.070,false
PCT_R0.22pct,2026-02-11,2026-02-11 08:15,UP,2026-02-11 08:32,SHORT,25268.75,25251.75,2026-02-11 08:33,STOP_HIT,2,11.50,3.00,0.094,true
PCT_R0.22pct,2026-02-12,2026-02-11 13:02,DOWN,2026-02-11 13:28,LONG,25242.50,25264.75,2026-02-11 13:29,STOP_HIT,2,0.75,-3.25,0.037,false
PCT_R0.22pct,2026-02-12,2026-02-11 13:36,UP,2026-02-11 14:39,SHORT,25261.00,25236.75,2026-02-11 14:40,STOP_HIT,2,8.75,6.25,0.212,true
PCT_R0.22pct,2026-02-12,2026-02-12 04:38,DOWN,2026-02-12 04:48,LONG,25278.00,25345.25,2026-02-12 04:49,STOP_HIT,2,8.75,-26.50,0.016,false
PCT_R0.22pct,2026-02-13,2026-02-12 13:05,UP,2026-02-12 13:20,SHORT,24834.25,24834.50,2026-02-12 13:26,STOP_HIT,7,12.00,-4.00,0.199,false
PCT_R0.22pct,2026-02-13,2026-02-12 13:19,DOWN,2026-02-12 13:34,LONG,24779.50,24833.25,2026-02-12 13:35,STOP_HIT,2,34.75,32.25,0.358,false
PCT_R0.22pct,2026-02-13,2026-02-12 13:40,UP,2026-02-12 14:05,SHORT,24853.25,24822.75,2026-02-12 14:06,STOP_HIT,2,8.25,6.75,0.143,true
PCT_R0.22pct,2026-02-13,2026-02-12 14:05,DOWN,2026-02-12 14:26,LONG,24774.00,24822.75,2026-02-12 14:27,STOP_HIT,2,12.75,2.25,0.253,false
PCT_R0.22pct,2026-02-13,2026-02-12 14:53,UP,2026-02-12 15:42,SHORT,24797.50,24798.50,2026-02-12 15:47,STOP_HIT,6,7.75,-10.75,0.503,true
PCT_R0.22pct,2026-02-13,2026-02-12 15:56,UP,2026-02-12 16:06,SHORT,24808.00,24799.25,2026-02-12 16:07,STOP_HIT,2,3.50,-7.50,0.439,true
PCT_R0.22pct,2026-02-13,2026-02-12 16:33,DOWN,2026-02-12 17:22,LONG,24781.25,24803.00,2026-02-12 17:23,STOP_HIT,2,3.25,-4.00,0.092,false
PCT_R0.22pct,2026-02-13,2026-02-12 22:19,UP,2026-02-12 23:43,SHORT,24797.25,24769.75,2026-02-12 23:44,STOP_HIT,2,11.50,8.00,0.194,true
PCT_R0.22pct,2026-02-13,2026-02-12 23:48,DOWN,2026-02-13 00:51,LONG,24750.50,24771.50,2026-02-13 00:52,STOP_HIT,2,4.00,-9.25,0.563,false
PCT_R0.22pct,2026-02-13,2026-02-13 10:37,UP,2026-02-13 11:14,SHORT,24796.25,24789.50,2026-02-13 11:15,STOP_HIT,2,6.00,6.00,0.069,false
PCT_R0.22pct,2026-02-13,2026-02-13 11:00,DOWN,2026-02-13 11:53,LONG,24773.75,24789.50,2026-02-13 11:54,STOP_HIT,2,7.75,6.75,0.194,true
PCT_R0.22pct,2026-02-16,2026-02-15 13:00,DOWN,2026-02-15 13:10,LONG,24770.75,24787.00,2026-02-15 13:11,STOP_HIT,2,15.75,9.50,0.230,false
PCT_R0.22pct,2026-02-16,2026-02-15 13:05,UP,2026-02-15 13:20,SHORT,24822.25,24788.50,2026-02-15 13:21,STOP_HIT,2,18.25,13.25,0.065,true
PCT_R0.22pct,2026-02-16,2026-02-15 16:05,DOWN,2026-02-15 17:33,LONG,24810.75,24829.50,2026-02-15 17:34,STOP_HIT,2,6.00,4.25,0.505,false
PCT_R0.22pct,2026-02-16,2026-02-15 20:21,UP,2026-02-15 21:08,SHORT,24848.25,24825.50,2026-02-15 21:09,STOP_HIT,2,0.50,-2.00,0.423,false
PCT_R0.22pct,2026-02-16,2026-02-15 23:28,DOWN,2026-02-16 04:36,LONG,24760.25,24834.50,2026-02-16 04:37,STOP_HIT,2,0.00,-11.50,0.065,false
PCT_R0.22pct,2026-02-17,2026-02-16 13:02,UP,2026-02-16 13:33,SHORT,24786.75,24770.50,2026-02-16 13:34,STOP_HIT,2,0.25,-14.75,0.193,false
PCT_R0.22pct,2026-02-17,2026-02-16 13:51,DOWN,2026-02-16 15:08,LONG,24809.50,24807.25,2026-02-16 15:26,STOP_HIT,19,14.75,-12.75,0.380,true
PCT_R0.22pct,2026-02-17,2026-02-16 21:31,UP,2026-02-16 22:06,SHORT,24698.00,24657.00,2026-02-16 22:07,STOP_HIT,2,8.25,-0.50,0.145,true
PCT_R0.22pct,2026-02-17,2026-02-16 22:56,UP,2026-02-16 23:06,SHORT,24670.00,24660.50,2026-02-16 23:07,STOP_HIT,2,15.50,-0.25,0.393,true
PCT_R0.22pct,2026-02-17,2026-02-17 00:04,DOWN,2026-02-17 00:32,LONG,24641.75,24661.75,2026-02-17 00:33,STOP_HIT,2,4.25,-0.25,0.088,true
PCT_R0.22pct,2026-02-17,2026-02-17 03:59,UP,2026-02-17 04:09,SHORT,24650.75,24637.75,2026-02-17 04:10,STOP_HIT,2,8.75,4.00,0.149,false
PCT_R0.22pct,2026-02-17,2026-02-17 05:51,UP,2026-02-17 06:09,SHORT,24720.75,24607.50,2026-02-17 06:10,STOP_HIT,2,14.50,-16.25,0.035,false
PCT_R0.22pct,2026-02-18,2026-02-17 13:00,DOWN,2026-02-17 13:13,LONG,24731.50,24753.50,2026-02-17 13:14,STOP_HIT,2,5.50,5.50,0.034,false
PCT_R0.22pct,2026-02-18,2026-02-17 13:47,UP,2026-02-17 16:08,SHORT,24755.75,24728.50,2026-02-17 16:09,STOP_HIT,2,6.25,-2.00,0.600,false
PCT_R0.22pct,2026-02-18,2026-02-18 03:30,DOWN,2026-02-18 03:48,LONG,24828.50,24871.25,2026-02-18 03:49,STOP_HIT,2,8.00,-1.75,0.325,false
PCT_R0.22pct,2026-02-18,2026-02-18 08:53,UP,2026-02-18 09:27,SHORT,25011.00,25009.00,2026-02-18 11:59,TIME_EXPIRED,153,155.00,74.50,0.034,true
PCT_R0.22pct,2026-02-18,2026-02-18 09:01,DOWN,2026-02-18 09:31,LONG,24979.50,25007.25,2026-02-18 09:32,STOP_HIT,2,1.25,-17.75,0.156,false
PCT_R0.22pct,2026-02-18,2026-02-18 10:16,UP,2026-02-18 11:00,SHORT,24957.25,24955.50,2026-02-18 11:59,TIME_EXPIRED,60,30.75,20.75,0.069,true
PCT_R0.22pct,2026-02-18,2026-02-18 10:54,DOWN,2026-02-18 11:15,LONG,24943.75,24953.50,2026-02-18 11:16,STOP_HIT,2,0.50,-5.75,0.071,true
PCT_R0.22pct,2026-02-19,2026-02-18 13:13,DOWN,2026-02-18 14:22,LONG,24940.50,24972.00,2026-02-18 14:23,STOP_HIT,2,2.75,-10.75,0.577,false
PCT_R0.22pct,2026-02-19,2026-02-18 14:25,UP,2026-02-18 15:38,SHORT,24956.50,24968.00,2026-02-18 15:59,STOP_HIT,22,18.75,-16.00,0.153,true
PCT_R0.22pct,2026-02-19,2026-02-18 15:14,DOWN,2026-02-18 15:39,LONG,24940.75,24967.50,2026-02-18 15:40,STOP_HIT,2,13.25,13.25,0.455,false
PCT_R0.22pct,2026-02-19,2026-02-18 15:38,UP,2026-02-18 17:26,SHORT,24990.25,24969.75,2026-02-18 17:27,STOP_HIT,2,1.75,-1.75,0.479,false
PCT_R0.22pct,2026-02-19,2026-02-18 17:31,DOWN,2026-02-18 19:07,LONG,24943.50,24971.50,2026-02-18 19:08,STOP_HIT,2,5.25,3.00,0.480,false
PCT_R0.22pct,2026-02-19,2026-02-18 19:06,UP,2026-02-18 19:47,SHORT,24993.50,24971.50,2026-02-18 19:48,STOP_HIT,2,2.50,-8.00,0.083,false
PCT_R0.22pct,2026-02-19,2026-02-18 22:21,DOWN,2026-02-18 23:11,LONG,24964.00,24979.00,2026-02-18 23:12,STOP_HIT,2,3.25,-2.00,0.161,false
PCT_R0.22pct,2026-02-19,2026-02-19 06:23,DOWN,2026-02-19 06:46,LONG,24852.50,24887.00,2026-02-19 06:47,STOP_HIT,2,0.25,-10.00,0.172,true
PCT_R0.22pct,2026-02-20,2026-02-19 13:01,UP,2026-02-19 13:37,SHORT,24885.25,24850.25,2026-02-19 13:38,STOP_HIT,2,6.75,5.00,0.274,false
PCT_R0.22pct,2026-02-20,2026-02-19 15:14,DOWN,2026-02-19 18:02,LONG,24886.25,24896.50,2026-02-19 18:03,STOP_HIT,2,6.50,5.75,0.577,false
PCT_R0.22pct,2026-02-20,2026-02-19 16:48,UP,2026-02-19 19:32,SHORT,24933.00,24898.50,2026-02-19 19:33,STOP_HIT,2,0.75,-5.50,0.258,false
PCT_R0.22pct,2026-02-20,2026-02-19 23:23,DOWN,2026-02-20 01:42,LONG,24859.25,24909.00,2026-02-20 01:43,STOP_HIT,2,9.75,5.25,0.150,false
PCT_R0.22pct,2026-02-23,2026-02-22 13:00,DOWN,2026-02-22 13:25,LONG,25008.75,25037.75,2026-02-22 13:26,STOP_HIT,2,1.00,-24.75,0.283,false
PCT_R0.22pct,2026-02-23,2026-02-22 19:20,UP,2026-02-22 21:21,SHORT,24904.00,24863.75,2026-02-22 21:22,STOP_HIT,2,3.25,0.75,0.270,false
PCT_R0.22pct,2026-02-23,2026-02-23 04:51,DOWN,2026-02-23 05:01,LONG,24906.75,24923.50,2026-02-23 05:03,STOP_HIT,3,45.50,2.50,0.029,true
PCT_R0.22pct,2026-02-24,2026-02-23 13:05,UP,2026-02-23 13:32,SHORT,24819.75,24797.75,2026-02-23 13:33,STOP_HIT,2,4.00,0.50,0.537,false
PCT_R0.22pct,2026-02-24,2026-02-23 22:52,UP,2026-02-23 23:25,SHORT,24826.00,24817.75,2026-02-23 23:26,STOP_HIT,2,2.50,1.25,0.042,false
PCT_R0.22pct,2026-02-24,2026-02-24 01:35,UP,2026-02-24 02:03,SHORT,24870.00,24824.00,2026-02-24 02:04,STOP_HIT,2,10.25,-0.25,0.184,false
PCT_R0.22pct,2026-02-24,2026-02-24 02:06,DOWN,2026-02-24 03:04,LONG,24828.25,24826.25,2026-02-24 04:28,STOP_HIT,85,63.75,-8.75,0.048,false
PCT_R0.22pct,2026-02-24,2026-02-24 02:48,UP,2026-02-24 03:26,SHORT,24853.00,24827.50,2026-02-24 03:27,STOP_HIT,2,8.00,0.50,0.046,false
PCT_R0.22pct,2026-02-24,2026-02-24 03:55,DOWN,2026-02-24 04:31,LONG,24812.75,24829.25,2026-02-24 04:32,STOP_HIT,2,8.50,-44.00,0.013,false
PCT_R0.22pct,2026-02-25,2026-02-24 13:08,UP,2026-02-24 13:58,SHORT,25049.50,25020.00,2026-02-24 13:59,STOP_HIT,2,7.00,6.00,0.003,false
PCT_R0.22pct,2026-02-25,2026-02-24 16:38,DOWN,2026-02-24 17:35,LONG,25042.75,25072.00,2026-02-24 17:36,STOP_HIT,2,4.25,-1.25,0.029,false
PCT_R0.22pct,2026-02-25,2026-02-24 21:36,UP,2026-02-24 22:09,SHORT,25058.75,25056.00,2026-02-24 22:14,STOP_HIT,6,9.25,2.00,0.380,true
PCT_R0.22pct,2026-02-26,2026-02-25 13:01,DOWN,2026-02-25 13:27,LONG,25370.00,25384.50,2026-02-25 13:28,STOP_HIT,2,10.00,8.25,0.188,false
PCT_R0.22pct,2026-02-26,2026-02-25 15:30,UP,2026-02-25 22:22,SHORT,25391.00,25317.75,2026-02-25 22:23,STOP_HIT,2,18.50,17.00,0.378,false
PCT_R0.22pct,2026-02-26,2026-02-26 09:55,DOWN,2026-02-26 10:26,LONG,25038.25,25050.50,2026-02-26 10:27,STOP_HIT,2,7.50,2.25,0.107,true
PCT_R0.22pct,2026-02-27,2026-02-26 13:01,DOWN,2026-02-26 13:11,LONG,24983.00,24986.50,2026-02-26 13:48,STOP_HIT,38,55.00,0.75,0.366,true
PCT_R0.22pct,2026-02-27,2026-02-26 13:05,UP,2026-02-26 13:20,SHORT,25029.50,24994.75,2026-02-26 13:21,STOP_HIT,2,3.00,-0.50,0.041,false
PCT_R0.22pct,2026-02-27,2026-02-26 13:20,DOWN,2026-02-26 13:46,LONG,24989.25,25005.25,2026-02-26 13:47,STOP_HIT,2,11.25,-10.00,0.340,false
PCT_R0.22pct,2026-02-27,2026-02-26 14:46,UP,2026-02-26 15:23,SHORT,24999.25,24995.50,2026-02-26 15:27,STOP_HIT,5,12.50,-3.50,0.185,true
PCT_R0.22pct,2026-02-27,2026-02-27 00:12,UP,2026-02-27 00:34,SHORT,25043.00,25017.00,2026-02-27 00:35,STOP_HIT,2,15.50,15.50,0.051,false
PCT_R0.22pct,2026-02-27,2026-02-27 00:34,DOWN,2026-02-27 00:57,LONG,24988.75,25017.00,2026-02-27 00:58,STOP_HIT,2,14.00,10.25,0.056,true
PCT_R0.22pct,2026-02-27,2026-02-27 06:34,DOWN,2026-02-27 06:48,LONG,24942.00,24955.25,2026-02-27 06:49,STOP_HIT,2,4.50,-5.50,0.053,false
PCT_R0.22pct,2026-02-27,2026-02-27 06:45,UP,2026-02-27 06:55,SHORT,24986.50,24955.75,2026-02-27 06:56,STOP_HIT,2,0.75,-8.00,0.058,false
PCT_R0.22pct,2026-02-27,2026-02-27 07:08,DOWN,2026-02-27 07:21,LONG,24933.75,24959.25,2026-02-27 07:22,STOP_HIT,2,4.50,-30.50,0.171,false
PCT_R0.22pct,2026-02-27,2026-02-27 07:22,UP,2026-02-27 07:38,SHORT,24980.25,24958.25,2026-02-27 07:39,STOP_HIT,2,21.50,20.75,0.094,true
PCT_R0.22pct,2026-02-27,2026-02-27 07:36,DOWN,2026-02-27 07:46,LONG,24926.75,24957.75,2026-02-27 07:47,STOP_HIT,2,4.25,-1.00,0.135,false
PCT_R0.22pct,2026-02-27,2026-02-27 09:44,UP,2026-02-27 10:27,SHORT,24996.00,24944.75,2026-02-27 10:28,STOP_HIT,2,15.00,6.50,0.120,false
PCT_R0.22pct,2026-02-27,2026-02-27 10:38,UP,2026-02-27 10:51,SHORT,24958.50,24945.75,2026-02-27 10:52,STOP_HIT,2,12.50,0.75,0.062,false
PCT_R0.22pct,2026-03-02,2026-03-01 13:37,UP,2026-03-01 13:47,SHORT,24761.50,24757.25,2026-03-01 14:11,STOP_HIT,25,38.50,1.75,0.169,true
PCT_R0.22pct,2026-03-02,2026-03-01 14:00,UP,2026-03-01 14:11,SHORT,24767.00,24751.00,2026-03-01 14:12,STOP_HIT,2,17.00,11.00,0.192,false
PCT_R0.22pct,2026-03-02,2026-03-01 14:19,UP,2026-03-01 14:56,SHORT,24780.25,24748.75,2026-03-01 14:57,STOP_HIT,2,4.25,1.25,0.069,false
PCT_R0.22pct,2026-03-02,2026-03-01 18:23,UP,2026-03-01 18:33,SHORT,24804.50,24784.75,2026-03-01 18:34,STOP_HIT,2,8.25,4.25,0.020,true
PCT_R0.22pct,2026-03-02,2026-03-01 18:40,DOWN,2026-03-01 18:58,LONG,24762.25,24785.00,2026-03-01 18:59,STOP_HIT,2,2.25,-2.25,0.474,false
PCT_R0.22pct,2026-03-02,2026-03-02 01:49,DOWN,2026-03-02 02:04,LONG,24689.00,24687.75,2026-03-02 02:05,STOP_HIT,2,2.50,-5.00,0.113,true
PCT_R0.22pct,2026-03-02,2026-03-02 02:56,UP,2026-03-02 03:28,SHORT,24700.00,24674.75,2026-03-02 03:29,STOP_HIT,2,5.25,-0.75,0.242,true
PCT_R0.22pct,2026-03-02,2026-03-02 03:25,DOWN,2026-03-02 03:58,LONG,24617.25,24674.50,2026-03-02 03:59,STOP_HIT,2,10.25,3.50,0.063,false
PCT_R0.22pct,2026-03-03,2026-03-02 13:00,DOWN,2026-03-02 13:21,LONG,24958.25,24981.00,2026-03-02 13:22,STOP_HIT,2,3.00,-1.50,0.425,false
PCT_R0.22pct,2026-03-04,2026-03-03 14:22,DOWN,2026-03-03 14:47,LONG,24722.25,24722.25,2026-03-03 15:08,STOP_HIT,22,50.00,-5.00,0.032,false
PCT_R0.22pct,2026-03-04,2026-03-03 14:43,UP,2026-03-03 14:53,SHORT,24757.50,24723.50,2026-03-03 14:54,STOP_HIT,2,9.50,3.00,0.088,false
PCT_R0.22pct,2026-03-04,2026-03-03 21:15,UP,2026-03-03 21:55,SHORT,24664.75,24631.75,2026-03-03 21:56,STOP_HIT,2,13.75,5.75,0.162,true
PCT_R0.22pct,2026-03-04,2026-03-03 22:19,DOWN,2026-03-03 22:29,LONG,24638.00,24639.25,2026-03-03 22:39,STOP_HIT,11,19.25,-12.50,0.020,false
PCT_R0.22pct,2026-03-04,2026-03-03 22:27,UP,2026-03-03 22:45,SHORT,24667.00,24639.50,2026-03-03 22:46,STOP_HIT,2,21.25,16.75,0.241,false
PCT_R0.22pct,2026-03-05,2026-03-04 13:02,UP,2026-03-04 14:14,SHORT,25195.25,25169.00,2026-03-04 14:15,STOP_HIT,2,1.50,-36.75,0.133,false
PCT_R0.22pct,2026-03-05,2026-03-05 02:03,UP,2026-03-05 02:21,SHORT,25139.00,25095.50,2026-03-05 02:22,STOP_HIT,2,12.00,8.50,0.027,false
PCT_R0.22pct,2026-03-05,2026-03-05 02:21,DOWN,2026-03-05 02:50,LONG,25075.25,25096.25,2026-03-05 02:51,STOP_HIT,2,2.50,-18.25,0.142,true
PCT_R0.22pct,2026-03-05,2026-03-05 05:14,DOWN,2026-03-05 05:27,LONG,25011.75,25090.25,2026-03-05 05:28,STOP_HIT,2,17.50,-20.00,0.041,true
PCT_R0.22pct,2026-03-05,2026-03-05 10:47,UP,2026-03-05 10:58,SHORT,25048.50,25022.25,2026-03-05 10:59,STOP_HIT,2,9.00,0.00,0.042,false
PCT_R0.22pct,2026-03-06,2026-03-05 13:02,UP,2026-03-05 13:42,SHORT,25062.00,25038.25,2026-03-05 13:43,STOP_HIT,2,4.75,3.25,0.402,false
PCT_R0.22pct,2026-03-06,2026-03-05 14:14,DOWN,2026-03-05 15:28,LONG,25046.25,25071.00,2026-03-05 15:29,STOP_HIT,2,5.75,5.75,0.058,false
PCT_R0.22pct,2026-03-06,2026-03-05 15:29,UP,2026-03-05 16:13,SHORT,25092.75,25070.00,2026-03-05 16:14,STOP_HIT,2,1.00,-10.75,0.315,false
PCT_R0.22pct,2026-03-06,2026-03-05 22:46,DOWN,2026-03-05 23:05,LONG,25043.25,25088.00,2026-03-05 23:06,STOP_HIT,2,22.50,12.00,0.209,false
PCT_R0.22pct,2026-03-06,2026-03-06 05:10,UP,2026-03-06 05:20,SHORT,24783.00,24768.00,2026-03-06 05:21,STOP_HIT,2,9.50,-9.75,0.037,true
PCT_R0.22pct,2026-03-06,2026-03-06 06:23,UP,2026-03-06 06:35,SHORT,24803.25,24816.75,2026-03-06 06:37,STOP_HIT,3,5.00,-56.75,0.037,true
PCT_R0.22pct,2026-03-06,2026-03-06 07:43,UP,2026-03-06 08:26,SHORT,24852.50,24825.00,2026-03-06 08:27,STOP_HIT,2,28.50,25.25,0.080,true
PCT_R0.22pct,2026-03-06,2026-03-06 09:05,UP,2026-03-06 09:15,SHORT,24841.50,24825.25,2026-03-06 09:16,STOP_HIT,2,10.25,4.25,0.058,false
PCT_R0.22pct,2026-03-06,2026-03-06 09:14,DOWN,2026-03-06 09:24,LONG,24814.25,24825.25,2026-03-06 09:25,STOP_HIT,2,0.25,-21.75,0.109,true
PCT_R0.22pct,2026-03-06,2026-03-06 09:25,UP,2026-03-06 09:36,SHORT,24828.00,24824.75,2026-03-06 09:42,STOP_HIT,7,43.25,-4.50,0.130,true
PCT_R0.22pct,2026-03-09,2026-03-08 14:14,UP,2026-03-08 14:24,SHORT,24283.00,24274.50,2026-03-08 14:29,STOP_HIT,6,29.75,-10.50,0.266,true
PCT_R0.22pct,2026-03-09,2026-03-08 15:00,DOWN,2026-03-08 15:12,LONG,24279.50,24287.75,2026-03-08 15:13,STOP_HIT,2,3.25,-2.25,0.391,true
PCT_R0.22pct,2026-03-10,2026-03-09 14:08,DOWN,2026-03-09 14:18,LONG,24922.75,24928.25,2026-03-09 14:19,STOP_HIT,2,10.25,-25.00,0.455,true
PCT_R0.22pct,2026-03-10,2026-03-09 14:29,DOWN,2026-03-09 14:46,LONG,24934.25,24916.00,2026-03-09 14:56,STOP_HIT,11,0.50,-29.75,0.232,true
PCT_R0.22pct,2026-03-10,2026-03-09 16:14,UP,2026-03-09 16:40,SHORT,24941.75,24904.25,2026-03-09 16:41,STOP_HIT,2,11.75,-7.75,0.034,true
PCT_R0.22pct,2026-03-10,2026-03-09 18:57,UP,2026-03-09 19:31,SHORT,24914.00,24925.25,2026-03-09 21:02,STOP_HIT,92,59.25,-22.50,0.315,true
PCT_R0.22pct,2026-03-10,2026-03-09 19:21,DOWN,2026-03-09 19:33,LONG,24912.75,24925.00,2026-03-09 19:34,STOP_HIT,2,5.00,-4.75,0.150,false
PCT_R0.22pct,2026-03-10,2026-03-09 19:47,UP,2026-03-09 22:28,SHORT,24953.25,24922.25,2026-03-09 22:29,STOP_HIT,2,6.00,-12.00,0.600,false
PCT_R0.22pct,2026-03-10,2026-03-10 03:04,DOWN,2026-03-10 04:35,LONG,24928.75,24964.00,2026-03-10 04:36,STOP_HIT,2,17.50,11.50,0.097,false
PCT_R0.22pct,2026-03-10,2026-03-10 04:31,UP,2026-03-10 04:56,SHORT,24995.75,24965.00,2026-03-10 04:57,STOP_HIT,2,26.75,26.25,0.226,false
PCT_R0.22pct,2026-03-10,2026-03-10 05:50,DOWN,2026-03-10 06:00,LONG,24964.75,24991.25,2026-03-10 06:01,STOP_HIT,2,3.25,-10.75,0.062,true
PCT_R0.22pct,2026-03-10,2026-03-10 06:16,UP,2026-03-10 06:29,SHORT,25009.00,24980.00,2026-03-10 06:30,STOP_HIT,2,20.00,-26.25,0.141,false
PCT_R0.22pct,2026-03-11,2026-03-10 14:15,DOWN,2026-03-10 14:40,LONG,24959.50,24992.25,2026-03-10 14:41,STOP_HIT,2,4.00,1.00,0.234,true
PCT_R0.22pct,2026-03-11,2026-03-10 14:44,UP,2026-03-10 15:51,SHORT,25020.00,24985.50,2026-03-10 15:52,STOP_HIT,2,8.75,4.50,0.486,false
PCT_R0.22pct,2026-03-11,2026-03-10 19:58,DOWN,2026-03-10 22:01,LONG,25021.25,25063.25,2026-03-10 22:02,STOP_HIT,2,5.75,-2.50,0.405,false
PCT_R0.22pct,2026-03-11,2026-03-11 03:03,DOWN,2026-03-11 03:26,LONG,24991.50,25014.25,2026-03-11 03:27,STOP_HIT,2,5.25,-14.00,0.294,true
PCT_R0.22pct,2026-03-11,2026-03-11 06:34,UP,2026-03-11 07:00,SHORT,25065.75,25037.00,2026-03-11 07:01,STOP_HIT,2,7.50,1.00,0.043,true
PCT_R0.22pct,2026-03-11,2026-03-11 09:00,DOWN,2026-03-11 09:20,LONG,24979.75,25008.25,2026-03-11 09:21,STOP_HIT,2,21.00,17.50,0.045,true
PCT_R0.22pct,2026-03-11,2026-03-11 11:55,DOWN,2026-03-11 12:05,LONG,24953.00,24986.75,2026-03-11 12:06,STOP_HIT,2,14.50,13.75,0.094,false
PCT_R0.22pct,2026-03-12,2026-03-11 14:00,DOWN,2026-03-11 14:10,LONG,24898.50,24913.25,2026-03-11 14:11,STOP_HIT,2,1.50,-5.25,0.102,false
PCT_R0.22pct,2026-03-12,2026-03-11 17:43,DOWN,2026-03-11 17:55,LONG,24777.50,24801.25,2026-03-11 17:56,STOP_HIT,2,9.75,3.75,0.028,false
PCT_R0.22pct,2026-03-12,2026-03-11 19:38,UP,2026-03-12 00:17,SHORT,24877.75,24783.50,2026-03-12 00:18,STOP_HIT,2,5.00,-7.25,0.091,false
PCT_R0.22pct,2026-03-12,2026-03-12 03:43,DOWN,2026-03-12 05:00,LONG,24834.50,24822.75,2026-03-12 05:14,STOP_HIT,15,18.25,-31.50,0.061,true
PCT_R0.22pct,2026-03-12,2026-03-12 05:32,UP,2026-03-12 05:42,SHORT,24791.25,24809.75,2026-03-12 12:59,TIME_EXPIRED,438,273.50,222.75,0.099,true
PCT_R0.22pct,2026-03-13,2026-03-12 14:01,UP,2026-03-12 14:34,SHORT,24594.75,24560.50,2026-03-12 14:35,STOP_HIT,2,7.25,-1.00,0.098,false
PCT_R0.22pct,2026-03-13,2026-03-12 15:05,DOWN,2026-03-12 15:44,LONG,24560.25,24575.75,2026-03-12 15:45,STOP_HIT,2,10.75,-9.75,0.259,false
PCT_R0.22pct,2026-03-13,2026-03-12 16:02,UP,2026-03-12 16:19,SHORT,24615.25,24569.25,2026-03-12 16:20,STOP_HIT,2,10.25,6.00,0.136,false
PCT_R0.22pct,2026-03-13,2026-03-12 17:10,DOWN,2026-03-12 22:54,LONG,24492.75,24587.75,2026-03-12 22:55,STOP_HIT,2,1.00,-8.75,0.285,false
PCT_R0.22pct,2026-03-13,2026-03-13 01:39,UP,2026-03-13 02:18,SHORT,24593.50,24554.00,2026-03-13 02:19,STOP_HIT,2,2.75,-10.75,0.114,true
PCT_R0.22pct,2026-03-13,2026-03-13 06:32,DOWN,2026-03-13 06:44,LONG,24608.50,24650.75,2026-03-13 06:45,STOP_HIT,2,5.75,-23.75,0.093,false
PCT_R0.22pct,2026-03-16,2026-03-15 14:02,DOWN,2026-03-15 14:17,LONG,24509.75,24544.25,2026-03-15 14:18,STOP_HIT,2,11.50,4.75,0.299,false
PCT_R0.22pct,2026-03-16,2026-03-15 14:16,UP,2026-03-15 14:38,SHORT,24555.75,24543.00,2026-03-15 14:39,STOP_HIT,2,3.00,-7.25,0.433,false
PCT_R0.22pct,2026-03-16,2026-03-16 01:46,UP,2026-03-16 02:12,SHORT,24740.25,24717.25,2026-03-16 02:13,STOP_HIT,2,8.00,-0.25,0.240,false
PCT_R0.22pct,2026-03-16,2026-03-16 06:50,UP,2026-03-16 07:00,SHORT,24910.25,24873.00,2026-03-16 07:01,STOP_HIT,2,17.00,11.00,0.137,false
PCT_R0.22pct,2026-03-16,2026-03-16 08:31,UP,2026-03-16 08:49,SHORT,24883.75,24882.00,2026-03-16 08:50,STOP_HIT,2,1.00,-15.75,0.103,false
PCT_R0.22pct,2026-03-16,2026-03-16 11:10,DOWN,2026-03-16 11:54,LONG,24879.25,24894.00,2026-03-16 11:55,STOP_HIT,2,2.25,1.50,0.023,false
PCT_R0.22pct,2026-03-17,2026-03-16 15:59,DOWN,2026-03-16 16:25,LONG,24827.00,24853.00,2026-03-16 16:26,STOP_HIT,2,10.50,9.50,0.257,false
PCT_R0.22pct,2026-03-17,2026-03-16 21:16,DOWN,2026-03-16 21:47,LONG,24796.50,24832.25,2026-03-16 21:48,STOP_HIT,2,0.75,-4.25,0.267,false
PCT_R0.22pct,2026-03-17,2026-03-17 00:36,UP,2026-03-17 02:17,SHORT,24809.50,24814.00,2026-03-17 02:34,STOP_HIT,18,16.00,-14.50,0.528,true
PCT_R0.22pct,2026-03-17,2026-03-17 08:07,UP,2026-03-17 08:34,SHORT,25007.25,25005.00,2026-03-17 08:35,STOP_HIT,2,11.25,-4.25,0.079,true
PCT_R0.22pct,2026-03-17,2026-03-17 10:10,DOWN,2026-03-17 10:34,LONG,25000.00,25010.25,2026-03-17 10:35,STOP_HIT,2,5.75,3.75,0.173,false
PCT_R0.22pct,2026-03-18,2026-03-17 14:48,UP,2026-03-17 16:11,SHORT,25045.50,25007.75,2026-03-17 16:12,STOP_HIT,2,8.00,-2.75,0.373,false
PCT_R0.22pct,2026-03-19,2026-03-18 14:00,DOWN,2026-03-18 14:32,LONG,24576.50,24600.00,2026-03-18 14:33,STOP_HIT,2,2.25,2.25,0.212,false
PCT_R0.22pct,2026-03-19,2026-03-18 14:37,UP,2026-03-18 15:11,SHORT,24615.75,24594.50,2026-03-18 15:12,STOP_HIT,2,5.00,3.25,0.302,false
PCT_R0.22pct,2026-03-19,2026-03-18 15:45,UP,2026-03-18 16:28,SHORT,24612.50,24608.50,2026-03-18 16:29,STOP_HIT,2,0.00,-12.50,0.153,true
PCT_R0.22pct,2026-03-19,2026-03-18 16:05,DOWN,2026-03-18 16:45,LONG,24590.25,24608.50,2026-03-18 16:46,STOP_HIT,2,8.75,8.75,0.168,false
PCT_R0.22pct,2026-03-19,2026-03-19 01:51,DOWN,2026-03-19 03:03,LONG,24598.50,24601.00,2026-03-19 03:04,STOP_HIT,2,0.75,-21.00,0.041,true
PCT_R0.22pct,2026-03-19,2026-03-19 10:03,UP,2026-03-19 10:19,SHORT,24488.25,24488.50,2026-03-19 10:20,STOP_HIT,2,0.00,-12.50,0.088,false
PCT_R0.22pct,2026-03-19,2026-03-19 10:13,DOWN,2026-03-19 10:34,LONG,24457.50,24488.50,2026-03-19 10:35,STOP_HIT,2,12.25,2.75,0.047,true
PCT_R0.22pct,2026-03-19,2026-03-19 10:50,UP,2026-03-19 11:01,SHORT,24535.50,24487.00,2026-03-19 11:02,STOP_HIT,2,3.75,-53.00,0.227,false
PCT_R0.22pct,2026-03-20,2026-03-19 14:00,DOWN,2026-03-19 14:10,LONG,24619.75,24630.50,2026-03-19 14:11,STOP_HIT,2,5.75,-2.25,0.339,true
PCT_R0.22pct,2026-03-20,2026-03-19 14:05,UP,2026-03-19 15:09,SHORT,24657.00,24635.25,2026-03-19 15:10,STOP_HIT,2,17.75,15.75,0.427,false
PCT_R0.22pct,2026-03-20,2026-03-19 16:04,UP,2026-03-19 16:19,SHORT,24626.25,24628.25,2026-03-19 17:34,STOP_HIT,76,44.50,-11.75,0.167,true
PCT_R0.22pct,2026-03-20,2026-03-19 16:24,UP,2026-03-19 18:28,SHORT,24623.00,24622.25,2026-03-19 18:29,STOP_HIT,2,0.75,-0.75,0.450,true
PCT_R0.22pct,2026-03-20,2026-03-19 17:46,DOWN,2026-03-19 19:27,LONG,24603.75,24622.00,2026-03-19 19:28,STOP_HIT,2,3.50,3.50,0.382,false
PCT_R0.22pct,2026-03-23,2026-03-22 14:00,UP,2026-03-22 14:10,SHORT,24005.00,23960.25,2026-03-22 14:11,STOP_HIT,2,43.00,36.50,0.007,true
PCT_R0.22pct,2026-03-23,2026-03-22 15:12,DOWN,2026-03-22 15:46,LONG,24013.00,24034.00,2026-03-22 15:47,STOP_HIT,2,23.00,10.50,0.199,false
PCT_R0.22pct,2026-03-23,2026-03-22 16:05,UP,2026-03-22 16:15,SHORT,24056.25,24020.75,2026-03-22 16:16,STOP_HIT,2,24.25,4.75,0.151,true
PCT_R0.22pct,2026-03-23,2026-03-22 16:23,DOWN,2026-03-22 16:38,LONG,23974.00,24026.25,2026-03-22 16:39,STOP_HIT,2,7.25,-8.50,0.214,true
PCT_R0.22pct,2026-03-23,2026-03-22 17:01,UP,2026-03-22 17:38,SHORT,24054.75,24010.75,2026-03-22 17:39,STOP_HIT,2,0.00,-9.50,0.277,false
PCT_R0.22pct,2026-03-23,2026-03-22 17:38,DOWN,2026-03-22 20:17,LONG,23980.00,24012.50,2026-03-22 20:18,STOP_HIT,2,4.50,-5.25,0.529,true
PCT_R0.22pct,2026-03-23,2026-03-22 21:07,DOWN,2026-03-22 21:26,LONG,23981.00,24009.25,2026-03-22 21:27,STOP_HIT,2,9.00,3.50,0.263,false
PCT_R0.22pct,2026-03-23,2026-03-23 09:47,UP,2026-03-23 10:06,SHORT,24480.25,24458.75,2026-03-23 10:11,STOP_HIT,6,63.50,7.00,0.085,true
PCT_R0.22pct,2026-03-23,2026-03-23 10:07,UP,2026-03-23 10:17,SHORT,24438.50,24458.50,2026-03-23 10:31,STOP_HIT,15,5.50,-29.75,0.127,true
PCT_R0.22pct,2026-03-24,2026-03-23 14:06,UP,2026-03-23 14:33,SHORT,24415.75,24417.50,2026-03-23 14:35,STOP_HIT,3,2.00,-17.00,0.672,true
PCT_R0.22pct,2026-03-24,2026-03-23 14:58,DOWN,2026-03-23 16:19,LONG,24323.00,24429.75,2026-03-23 16:20,STOP_HIT,2,14.25,-2.50,0.026,true
PCT_R0.22pct,2026-03-24,2026-03-23 21:28,UP,2026-03-23 22:50,SHORT,24362.25,24302.00,2026-03-23 22:51,STOP_HIT,2,7.75,3.25,0.194,false
PCT_R0.22pct,2026-03-24,2026-03-24 01:14,UP,2026-03-24 01:50,SHORT,24382.25,24360.25,2026-03-24 01:51,STOP_HIT,2,18.25,15.00,0.231,true
PCT_R0.22pct,2026-03-24,2026-03-24 08:06,UP,2026-03-24 08:17,SHORT,24326.75,24287.25,2026-03-24 08:18,STOP_HIT,2,8.00,1.50,0.180,false
PCT_R0.22pct,2026-03-24,2026-03-24 08:22,DOWN,2026-03-24 08:44,LONG,24281.50,24287.50,2026-03-24 08:55,STOP_HIT,12,34.00,-15.25,0.030,true
PCT_R0.22pct,2026-03-24,2026-03-24 08:40,UP,2026-03-24 08:50,SHORT,24290.25,24288.25,2026-03-24 08:51,STOP_HIT,2,4.50,-11.75,0.144,false
PCT_R0.22pct,2026-03-24,2026-03-24 08:46,DOWN,2026-03-24 08:57,LONG,24289.75,24288.25,2026-03-24 08:58,STOP_HIT,2,6.50,-10.25,0.134,true
PCT_R0.22pct,2026-03-24,2026-03-24 10:18,UP,2026-03-24 10:40,SHORT,24344.25,24276.50,2026-03-24 10:41,STOP_HIT,2,54.00,45.50,0.018,false
PCT_R0.22pct,2026-03-24,2026-03-24 11:15,DOWN,2026-03-24 11:36,LONG,24230.75,24279.25,2026-03-24 11:37,STOP_HIT,2,23.00,20.25,0.185,false
PCT_R0.22pct,2026-03-25,2026-03-24 14:07,DOWN,2026-03-24 14:18,LONG,24408.50,24434.25,2026-03-24 14:19,STOP_HIT,2,14.00,11.75,0.143,false
PCT_R0.22pct,2026-03-25,2026-03-24 14:25,UP,2026-03-24 15:22,SHORT,24435.00,24417.50,2026-03-24 15:23,STOP_HIT,2,6.50,-3.25,0.394,false
PCT_R0.22pct,2026-03-25,2026-03-24 15:27,DOWN,2026-03-24 16:02,LONG,24392.25,24417.50,2026-03-24 16:03,STOP_HIT,2,8.00,-3.25,0.340,false
PCT_R0.22pct,2026-03-25,2026-03-24 16:04,UP,2026-03-24 16:14,SHORT,24441.25,24417.00,2026-03-24 16:15,STOP_HIT,2,0.75,-10.00,0.120,false
PCT_R0.22pct,2026-03-25,2026-03-24 16:39,DOWN,2026-03-24 18:41,LONG,24364.25,24423.00,2026-03-24 18:42,STOP_HIT,2,8.00,6.00,0.333,false
PCT_R0.22pct,2026-03-25,2026-03-24 21:08,DOWN,2026-03-24 21:56,LONG,24381.75,24415.00,2026-03-24 21:57,STOP_HIT,2,3.25,1.00,0.107,false
PCT_R0.22pct,2026-03-25,2026-03-24 22:35,UP,2026-03-25 00:21,SHORT,24526.25,24412.50,2026-03-25 00:22,STOP_HIT,2,14.50,12.25,0.184,false
PCT_R0.22pct,2026-03-25,2026-03-25 04:32,UP,2026-03-25 04:55,SHORT,24451.50,24437.25,2026-03-25 04:56,STOP_HIT,2,2.25,-13.50,0.280,false
PCT_R0.22pct,2026-03-25,2026-03-25 05:07,DOWN,2026-03-25 05:26,LONG,24433.25,24440.00,2026-03-25 05:29,STOP_HIT,4,16.25,-3.25,0.230,true
PCT_R0.22pct,2026-03-25,2026-03-25 05:38,DOWN,2026-03-25 05:53,LONG,24385.25,24444.75,2026-03-25 05:54,STOP_HIT,2,20.50,-16.25,0.020,true
PCT_R0.22pct,2026-03-25,2026-03-25 06:52,DOWN,2026-03-25 07:15,LONG,24386.50,24446.00,2026-03-25 07:16,STOP_HIT,2,11.00,-77.00,0.011,true
PCT_R0.22pct,2026-03-25,2026-03-25 08:34,DOWN,2026-03-25 08:53,LONG,24418.75,24429.75,2026-03-25 08:57,STOP_HIT,5,23.00,2.25,0.067,true
PCT_R0.22pct,2026-03-25,2026-03-25 09:10,UP,2026-03-25 09:42,SHORT,24455.25,24428.00,2026-03-25 09:43,STOP_HIT,2,7.50,-19.00,0.065,true
PCT_R0.22pct,2026-03-25,2026-03-25 09:55,UP,2026-03-25 10:05,SHORT,24422.50,24428.75,2026-03-25 10:06,STOP_HIT,2,1.50,-9.50,0.154,false
PCT_R0.22pct,2026-03-25,2026-03-25 09:58,DOWN,2026-03-25 10:09,LONG,24412.25,24428.75,2026-03-25 10:10,STOP_HIT,2,15.00,10.00,0.125,false
PCT_R0.22pct,2026-03-26,2026-03-25 14:00,DOWN,2026-03-25 14:54,LONG,24316.25,24333.75,2026-03-25 14:55,STOP_HIT,2,4.25,3.00,0.156,false
PCT_R0.22pct,2026-03-26,2026-03-25 15:45,UP,2026-03-25 16:08,SHORT,24332.25,24321.25,2026-03-25 16:09,STOP_HIT,2,3.75,2.75,0.141,false
PCT_R0.22pct,2026-03-26,2026-03-25 18:37,UP,2026-03-25 19:52,SHORT,24378.00,24338.50,2026-03-25 19:53,STOP_HIT,2,2.25,1.00,0.329,true
PCT_R0.22pct,2026-03-26,2026-03-25 19:40,DOWN,2026-03-25 21:36,LONG,24291.25,24336.25,2026-03-25 21:37,STOP_HIT,2,1.50,-13.00,0.205,true
PCT_R0.22pct,2026-03-26,2026-03-26 05:39,UP,2026-03-26 05:57,SHORT,24213.25,24177.50,2026-03-26 06:00,STOP_HIT,4,74.25,0.00,0.054,false
PCT_R0.22pct,2026-03-26,2026-03-26 06:15,DOWN,2026-03-26 06:38,LONG,24165.75,24188.75,2026-03-26 06:39,STOP_HIT,2,19.00,9.00,0.143,false
PCT_R0.22pct,2026-03-27,2026-03-26 14:00,UP,2026-03-26 14:16,SHORT,23878.00,23847.75,2026-03-26 14:17,STOP_HIT,2,6.75,0.00,0.215,false
PCT_R0.22pct,2026-03-27,2026-03-26 16:10,DOWN,2026-03-26 16:22,LONG,23867.50,23868.75,2026-03-26 16:23,STOP_HIT,2,0.25,-38.00,0.175,true
PCT_R0.22pct,2026-03-27,2026-03-26 17:01,UP,2026-03-26 17:59,SHORT,23864.50,23859.50,2026-03-26 18:00,STOP_HIT,2,0.00,-18.50,0.351,true
PCT_R0.22pct,2026-03-27,2026-03-26 21:15,DOWN,2026-03-27 00:47,LONG,23789.25,23868.00,2026-03-27 00:48,STOP_HIT,2,5.75,3.75,0.391,false
PCT_R0.22pct,2026-03-30,2026-03-29 14:02,DOWN,2026-03-29 14:12,LONG,23158.75,23176.25,2026-03-29 14:13,STOP_HIT,2,15.25,15.25,0.172,false
PCT_R0.22pct,2026-03-30,2026-03-29 14:06,UP,2026-03-29 14:22,SHORT,23225.00,23187.75,2026-03-29 14:23,STOP_HIT,2,8.50,4.25,0.138,false
PCT_R0.22pct,2026-03-30,2026-03-29 14:45,UP,2026-03-29 15:02,SHORT,23210.75,23194.75,2026-03-29 15:03,STOP_HIT,2,4.00,-4.50,0.054,false
PCT_R0.22pct,2026-03-30,2026-03-29 15:03,DOWN,2026-03-29 15:13,LONG,23188.00,23194.00,2026-03-29 15:14,STOP_HIT,2,0.25,-8.50,0.313,true
PCT_R0.22pct,2026-03-30,2026-03-29 16:27,DOWN,2026-03-29 16:53,LONG,23142.50,23178.00,2026-03-29 16:54,STOP_HIT,2,4.25,-4.00,0.049,false
PCT_R0.22pct,2026-03-30,2026-03-29 17:25,UP,2026-03-29 17:37,SHORT,23180.00,23172.75,2026-03-29 17:38,STOP_HIT,2,5.50,3.50,0.314,true
PCT_R0.22pct,2026-03-30,2026-03-30 05:32,DOWN,2026-03-30 06:01,LONG,23322.25,23377.25,2026-03-30 06:02,STOP_HIT,2,13.25,6.00,0.085,true
PCT_R0.22pct,2026-03-30,2026-03-30 07:05,DOWN,2026-03-30 07:15,LONG,23317.75,23352.25,2026-03-30 07:16,STOP_HIT,2,3.75,-28.75,0.094,false
PCT_R0.22pct,2026-03-30,2026-03-30 07:16,UP,2026-03-30 07:40,SHORT,23373.00,23350.75,2026-03-30 07:41,STOP_HIT,2,7.50,-16.75,0.117,true
PCT_R0.22pct,2026-03-30,2026-03-30 07:52,DOWN,2026-03-30 08:13,LONG,23345.50,23353.50,2026-03-30 08:14,STOP_HIT,2,1.50,-10.75,0.090,true
PCT_R0.22pct,2026-03-31,2026-03-30 14:05,DOWN,2026-03-30 15:01,LONG,23077.75,23118.00,2026-03-30 15:02,STOP_HIT,2,6.75,-7.25,0.315,false
PCT_R0.22pct,2026-03-31,2026-03-30 16:02,DOWN,2026-03-30 16:12,LONG,23026.75,23060.25,2026-03-30 16:13,STOP_HIT,2,7.00,-6.25,0.442,false
PCT_R0.22pct,2026-03-31,2026-03-30 23:19,UP,2026-03-30 23:31,SHORT,23285.50,23263.50,2026-03-30 23:32,STOP_HIT,2,8.75,-5.50,0.140,false
PCT_R0.22pct,2026-04-01,2026-03-31 14:00,UP,2026-03-31 14:10,SHORT,23915.50,23918.75,2026-03-31 14:12,STOP_HIT,3,7.75,-22.50,0.126,true
PCT_R0.22pct,2026-04-01,2026-03-31 18:36,UP,2026-03-31 20:25,SHORT,24004.00,23986.75,2026-03-31 20:26,STOP_HIT,2,6.75,6.50,0.328,false
PCT_R0.22pct,2026-04-01,2026-04-01 00:56,DOWN,2026-04-01 01:26,LONG,24031.50,24036.75,2026-04-01 01:27,STOP_HIT,2,0.00,-1.50,0.269,true
PCT_R0.22pct,2026-04-01,2026-04-01 01:23,UP,2026-04-01 01:46,SHORT,24053.25,24037.75,2026-04-01 01:47,STOP_HIT,2,4.25,-11.00,0.091,false
PCT_R0.22pct,2026-04-01,2026-04-01 04:46,DOWN,2026-04-01 05:00,LONG,24061.00,24073.75,2026-04-01 05:01,STOP_HIT,2,2.25,2.00,0.164,true
PCT_R0.22pct,2026-04-01,2026-04-01 05:07,UP,2026-04-01 05:18,SHORT,24080.75,24071.00,2026-04-01 05:19,STOP_HIT,2,4.50,-6.50,0.032,true
PCT_R0.22pct,2026-04-01,2026-04-01 10:36,UP,2026-04-01 10:47,SHORT,24160.25,24162.00,2026-04-01 10:48,STOP_HIT,2,0.00,-8.25,0.119,true
PCT_R0.22pct,2026-04-01,2026-04-01 10:41,DOWN,2026-04-01 10:59,LONG,24160.25,24162.00,2026-04-01 12:59,TIME_EXPIRED,121,95.50,27.00,0.096,false
PCT_R0.22pct,2026-04-02,2026-04-01 16:31,UP,2026-04-01 16:42,SHORT,24202.25,24181.75,2026-04-01 16:43,STOP_HIT,2,5.25,-16.00,0.245,false
PCT_R0.22pct,2026-04-02,2026-04-02 05:45,UP,2026-04-02 06:01,SHORT,23896.25,23814.25,2026-04-02 06:02,STOP_HIT,2,24.50,21.50,0.072,false
PCT_R0.22pct,2026-04-06,2026-04-05 14:00,DOWN,2026-04-05 14:10,LONG,24003.25,24033.25,2026-04-05 14:11,STOP_HIT,2,6.50,-20.00,0.146,true
PCT_R0.22pct,2026-04-06,2026-04-05 14:11,UP,2026-04-05 14:21,SHORT,24029.25,24023.75,2026-04-05 14:22,STOP_HIT,2,4.25,-13.00,0.216,false
PCT_R0.22pct,2026-04-06,2026-04-06 06:41,DOWN,2026-04-06 06:51,LONG,24275.75,24303.75,2026-04-06 06:52,STOP_HIT,2,22.50,20.75,0.148,true
PCT_R0.22pct,2026-04-06,2026-04-06 06:49,UP,2026-04-06 07:02,SHORT,24329.25,24303.50,2026-04-06 07:05,STOP_HIT,4,36.75,12.75,0.001,false
PCT_R0.22pct,2026-04-06,2026-04-06 07:02,DOWN,2026-04-06 07:25,LONG,24286.50,24305.00,2026-04-06 07:26,STOP_HIT,2,2.00,-4.75,0.096,false
PCT_R0.22pct,2026-04-06,2026-04-06 07:33,UP,2026-04-06 08:03,SHORT,24307.75,24303.50,2026-04-06 08:21,STOP_HIT,19,24.50,-0.50,0.209,true
PCT_R0.22pct,2026-04-06,2026-04-06 08:38,DOWN,2026-04-06 09:11,LONG,24265.00,24304.25,2026-04-06 09:12,STOP_HIT,2,3.75,-41.00,0.136,false
PCT_R0.22pct,2026-04-06,2026-04-06 09:34,DOWN,2026-04-06 09:44,LONG,24289.50,24302.75,2026-04-06 09:45,STOP_HIT,2,7.25,-4.25,0.045,false
PCT_R0.22pct,2026-04-06,2026-04-06 10:04,UP,2026-04-06 10:17,SHORT,24315.25,24301.50,2026-04-06 10:18,STOP_HIT,2,4.75,-12.25,0.184,false
PCT_R0.22pct,2026-04-07,2026-04-06 14:06,DOWN,2026-04-06 14:24,LONG,24316.00,24362.75,2026-04-06 14:25,STOP_HIT,2,8.75,7.25,0.223,false
PCT_R0.22pct,2026-04-07,2026-04-06 16:06,UP,2026-04-06 16:18,SHORT,24348.75,24317.00,2026-04-06 16:19,STOP_HIT,2,5.00,1.75,0.189,false
PCT_R0.22pct,2026-04-07,2026-04-06 16:17,DOWN,2026-04-06 16:46,LONG,24308.50,24317.00,2026-04-06 16:47,STOP_HIT,2,5.00,4.00,0.230,true
PCT_R0.22pct,2026-04-07,2026-04-07 02:28,DOWN,2026-04-07 02:47,LONG,24261.50,24301.00,2026-04-07 02:48,STOP_HIT,2,2.50,-11.50,0.025,false
PCT_R0.22pct,2026-04-07,2026-04-07 05:14,UP,2026-04-07 05:31,SHORT,24251.25,24240.75,2026-04-07 05:37,STOP_HIT,7,53.25,6.00,0.006,true
PCT_R0.22pct,2026-04-07,2026-04-07 08:03,DOWN,2026-04-07 08:14,LONG,24160.00,24172.50,2026-04-07 08:18,STOP_HIT,5,20.50,5.00,0.139,false
PCT_R0.22pct,2026-04-07,2026-04-07 08:10,UP,2026-04-07 08:24,SHORT,24185.00,24172.00,2026-04-07 08:25,STOP_HIT,2,11.25,-4.25,0.076,false
PCT_R0.22pct,2026-04-07,2026-04-07 09:21,UP,2026-04-07 09:35,SHORT,24229.75,24186.50,2026-04-07 09:36,STOP_HIT,2,0.25,-49.75,0.037,true
PCT_R0.22pct,2026-04-08,2026-04-07 14:00,UP,2026-04-07 14:10,SHORT,24615.75,24604.00,2026-04-07 14:11,STOP_HIT,2,10.00,4.25,0.235,true
PCT_R0.22pct,2026-04-08,2026-04-07 14:06,DOWN,2026-04-07 14:27,LONG,24606.00,24606.25,2026-04-07 14:32,STOP_HIT,6,136.00,-161.00,0.055,true
PCT_R0.22pct,2026-04-08,2026-04-08 05:31,DOWN,2026-04-08 05:41,LONG,25120.25,25144.75,2026-04-08 05:42,STOP_HIT,2,10.50,-25.75,0.068,false
PCT_R0.22pct,2026-04-08,2026-04-08 07:10,UP,2026-04-08 09:09,SHORT,25126.50,25086.50,2026-04-08 09:10,STOP_HIT,2,5.00,-1.50,0.002,false
PCT_R0.22pct,2026-04-08,2026-04-08 09:37,UP,2026-04-08 10:06,SHORT,25122.50,25089.00,2026-04-08 10:07,STOP_HIT,2,6.75,-3.75,0.117,false
PCT_R0.22pct,2026-04-08,2026-04-08 11:59,DOWN,2026-04-08 12:38,LONG,25040.25,25078.75,2026-04-08 12:39,STOP_HIT,2,2.75,2.50,0.171,false
PCT_R0.22pct,2026-04-09,2026-04-08 14:09,DOWN,2026-04-08 16:03,LONG,25010.25,25034.00,2026-04-08 16:04,STOP_HIT,2,6.25,-7.75,0.006,false
PCT_R0.22pct,2026-04-09,2026-04-08 17:23,UP,2026-04-08 18:32,SHORT,25033.00,25025.50,2026-04-08 18:33,STOP_HIT,2,0.75,-0.75,0.462,false
PCT_R0.22pct,2026-04-09,2026-04-08 18:51,DOWN,2026-04-08 21:11,LONG,24995.25,25023.00,2026-04-08 21:12,STOP_HIT,2,13.75,10.75,0.405,false
PCT_R0.22pct,2026-04-09,2026-04-08 21:10,UP,2026-04-08 22:03,SHORT,25046.25,25024.25,2026-04-08 22:04,STOP_HIT,2,0.00,-5.25,0.291,false
PCT_R0.22pct,2026-04-09,2026-04-08 22:03,DOWN,2026-04-08 23:23,LONG,25005.00,25026.00,2026-04-08 23:24,STOP_HIT,2,10.00,10.00,0.088,true
PCT_R0.22pct,2026-04-09,2026-04-09 00:15,UP,2026-04-09 04:53,SHORT,25031.00,25019.00,2026-04-09 04:54,STOP_HIT,2,8.50,4.75,0.186,true
PCT_R0.22pct,2026-04-09,2026-04-09 05:45,DOWN,2026-04-09 06:01,LONG,25019.50,25029.75,2026-04-09 06:02,STOP_HIT,2,8.00,2.25,0.016,false
PCT_R0.22pct,2026-04-09,2026-04-09 06:36,UP,2026-04-09 07:03,SHORT,25035.50,25025.25,2026-04-09 07:04,STOP_HIT,2,19.50,4.75,0.025,true
PCT_R0.22pct,2026-04-10,2026-04-09 14:06,DOWN,2026-04-09 15:03,LONG,25196.25,25226.75,2026-04-09 15:04,STOP_HIT,2,5.25,4.00,0.090,false
PCT_R0.22pct,2026-04-10,2026-04-09 15:03,UP,2026-04-09 16:38,SHORT,25251.00,25223.00,2026-04-09 16:39,STOP_HIT,2,5.75,3.75,0.358,false
PCT_R0.22pct,2026-04-10,2026-04-09 19:39,DOWN,2026-04-09 23:17,LONG,25231.75,25248.75,2026-04-09 23:18,STOP_HIT,2,3.50,0.75,0.190,true
PCT_R0.22pct,2026-04-10,2026-04-10 00:18,UP,2026-04-10 02:29,SHORT,25272.50,25242.25,2026-04-10 02:30,STOP_HIT,2,17.00,12.25,0.349,false
PCT_R0.22pct,2026-04-10,2026-04-10 07:24,DOWN,2026-04-10 07:53,LONG,25294.00,25313.50,2026-04-10 07:54,STOP_HIT,2,0.00,-14.75,0.108,false
PCT_R0.22pct,2026-04-13,2026-04-12 14:04,UP,2026-04-12 14:14,SHORT,24998.00,24976.25,2026-04-12 14:15,STOP_HIT,2,9.25,5.00,0.336,true
PCT_R0.22pct,2026-04-13,2026-04-12 14:12,DOWN,2026-04-12 14:28,LONG,24954.25,24976.50,2026-04-12 14:29,STOP_HIT,2,11.75,-0.25,0.127,false
PCT_R0.22pct,2026-04-13,2026-04-12 15:49,UP,2026-04-12 16:04,SHORT,24957.50,24960.75,2026-04-12 16:06,STOP_HIT,3,4.00,-13.50,0.061,false
PCT_R0.22pct,2026-04-14,2026-04-13 15:10,DOWN,2026-04-13 16:07,LONG,25563.00,25591.50,2026-04-13 16:08,STOP_HIT,2,6.75,1.00,0.050,false
PCT_R0.22pct,2026-04-14,2026-04-13 16:06,UP,2026-04-13 23:06,SHORT,25620.75,25586.25,2026-04-13 23:07,STOP_HIT,2,11.25,-0.25,0.353,false
PCT_R0.22pct,2026-04-15,2026-04-14 14:00,UP,2026-04-14 15:49,SHORT,26033.50,26006.75,2026-04-14 15:50,STOP_HIT,2,2.50,-1.25,0.126,true
PCT_R0.22pct,2026-04-15,2026-04-14 21:00,DOWN,2026-04-14 21:10,LONG,26010.50,26013.75,2026-04-14 21:13,STOP_HIT,4,10.25,-0.75,0.143,true
PCT_R0.22pct,2026-04-15,2026-04-15 03:46,DOWN,2026-04-15 03:56,LONG,25997.75,25999.25,2026-04-15 04:04,STOP_HIT,9,10.75,-11.50,0.050,false
PCT_R0.22pct,2026-04-15,2026-04-15 04:16,UP,2026-04-15 05:26,SHORT,26020.25,25997.50,2026-04-15 05:27,STOP_HIT,2,6.75,2.50,0.283,false
PCT_R0.22pct,2026-04-16,2026-04-15 14:00,UP,2026-04-15 15:47,SHORT,26403.00,26385.00,2026-04-15 15:48,STOP_HIT,2,0.75,-5.00,0.450,false
PCT_R0.22pct,2026-04-16,2026-04-15 23:40,DOWN,2026-04-16 00:20,LONG,26428.75,26442.50,2026-04-16 00:21,STOP_HIT,2,8.25,6.50,0.000,false
PCT_R0.22pct,2026-04-16,2026-04-16 06:23,UP,2026-04-16 07:04,SHORT,26438.00,26391.75,2026-04-16 07:05,STOP_HIT,2,8.00,-8.00,0.156,false
PCT_R0.22pct,2026-04-16,2026-04-16 10:28,UP,2026-04-16 10:53,SHORT,26436.00,26428.00,2026-04-16 10:54,STOP_HIT,2,8.00,6.00,0.186,false
PCT_R0.22pct,2026-04-17,2026-04-16 21:03,UP,2026-04-17 00:30,SHORT,26497.75,26476.00,2026-04-17 00:31,STOP_HIT,2,0.75,-1.00,0.340,false
PCT_R0.22pct,2026-04-20,2026-04-19 16:08,UP,2026-04-19 17:02,SHORT,26673.00,26639.50,2026-04-19 17:03,STOP_HIT,2,5.50,-2.25,0.314,false
PCT_R0.22pct,2026-04-20,2026-04-19 21:44,UP,2026-04-19 22:31,SHORT,26665.00,26652.00,2026-04-19 22:32,STOP_HIT,2,7.75,-3.75,0.106,false
PCT_R0.22pct,2026-04-20,2026-04-19 23:22,DOWN,2026-04-20 00:15,LONG,26647.50,26656.25,2026-04-20 00:16,STOP_HIT,2,4.50,-0.25,0.017,true
PCT_R0.22pct,2026-04-20,2026-04-20 00:07,UP,2026-04-20 00:46,SHORT,26674.00,26656.50,2026-04-20 00:47,STOP_HIT,2,2.00,-0.25,0.156,false
PCT_R0.22pct,2026-04-20,2026-04-20 07:51,UP,2026-04-20 10:07,SHORT,26722.75,26691.50,2026-04-20 10:08,STOP_HIT,2,6.50,0.00,0.004,false
PCT_R0.22pct,2026-04-21,2026-04-20 14:00,UP,2026-04-20 14:10,SHORT,26809.25,26795.25,2026-04-20 14:11,STOP_HIT,2,3.50,1.25,0.013,true
PCT_R0.22pct,2026-04-21,2026-04-20 22:10,DOWN,2026-04-21 00:15,LONG,26801.25,26817.00,2026-04-21 00:16,STOP_HIT,2,6.75,4.75,0.286,false
PCT_R0.22pct,2026-04-21,2026-04-21 03:40,DOWN,2026-04-21 05:31,LONG,26772.00,26824.50,2026-04-21 05:32,STOP_HIT,2,5.25,-19.25,0.174,false
PCT_R0.22pct,2026-04-21,2026-04-21 06:17,DOWN,2026-04-21 07:01,LONG,26719.00,26819.75,2026-04-21 07:02,STOP_HIT,2,7.00,-24.50,0.151,false
PCT_R0.22pct,2026-04-21,2026-04-21 10:50,UP,2026-04-21 11:36,SHORT,26745.00,26747.00,2026-04-21 12:13,STOP_HIT,38,193.25,-11.50,0.258,true
PCT_R0.22pct,2026-04-21,2026-04-21 11:31,DOWN,2026-04-21 11:41,LONG,26713.75,26746.25,2026-04-21 11:42,STOP_HIT,2,7.50,-99.50,0.125,false
PCT_R0.22pct,2026-04-21,2026-04-21 12:12,DOWN,2026-04-21 12:50,LONG,26723.75,26739.75,2026-04-21 12:51,STOP_HIT,2,14.00,11.25,0.149,false
PCT_R0.22pct,2026-04-22,2026-04-21 14:00,UP,2026-04-21 16:10,SHORT,26791.50,26751.00,2026-04-21 16:11,STOP_HIT,2,1.75,-15.00,0.373,false
PCT_R0.22pct,2026-04-22,2026-04-21 23:44,DOWN,2026-04-22 00:46,LONG,26801.25,26813.00,2026-04-22 00:47,STOP_HIT,2,5.25,-3.00,0.368,false
PCT_R0.22pct,2026-04-22,2026-04-22 00:40,UP,2026-04-22 01:01,SHORT,26827.25,26813.50,2026-04-22 01:02,STOP_HIT,2,5.50,-2.75,0.203,false
PCT_R0.22pct,2026-04-22,2026-04-22 05:33,UP,2026-04-22 05:49,SHORT,26838.75,26833.25,2026-04-22 05:53,STOP_HIT,5,27.25,-6.00,0.254,true
PCT_R0.22pct,2026-04-23,2026-04-22 15:24,DOWN,2026-04-22 16:11,LONG,27020.00,27084.75,2026-04-22 16:12,STOP_HIT,2,8.00,-35.50,0.175,false
PCT_R0.22pct,2026-04-23,2026-04-22 16:18,UP,2026-04-22 16:28,SHORT,27023.75,27007.25,2026-04-22 16:29,STOP_HIT,2,1.25,-28.50,0.270,true
PCT_R0.22pct,2026-04-23,2026-04-22 16:30,DOWN,2026-04-22 18:38,LONG,26959.50,27014.00,2026-04-22 18:39,STOP_HIT,2,3.50,2.75,0.304,false
PCT_R0.22pct,2026-04-23,2026-04-23 01:08,UP,2026-04-23 04:07,SHORT,27054.75,26976.00,2026-04-23 04:08,STOP_HIT,2,3.50,-9.75,0.101,false
PCT_R0.22pct,2026-04-23,2026-04-23 06:02,UP,2026-04-23 06:28,SHORT,27017.25,27004.50,2026-04-23 06:29,STOP_HIT,2,16.75,1.25,0.009,false
PCT_R0.22pct,2026-04-23,2026-04-23 08:36,DOWN,2026-04-23 09:11,LONG,26959.75,27030.50,2026-04-23 09:12,STOP_HIT,2,7.25,-22.75,0.011,false
PCT_R0.22pct,2026-04-24,2026-04-23 14:00,UP,2026-04-23 14:49,SHORT,27047.25,27032.75,2026-04-23 14:50,STOP_HIT,2,3.25,-3.00,0.525,false
PCT_R0.22pct,2026-04-24,2026-04-23 20:25,UP,2026-04-23 22:45,SHORT,27080.75,27072.75,2026-04-23 22:48,STOP_HIT,4,11.25,6.50,0.056,false
PCT_R0.22pct,2026-04-24,2026-04-24 05:42,DOWN,2026-04-24 05:57,LONG,27155.00,27207.00,2026-04-24 05:58,STOP_HIT,2,37.50,25.75,0.005,false
PCT_R0.22pct,2026-04-24,2026-04-24 06:32,UP,2026-04-24 06:42,SHORT,27236.75,27207.00,2026-04-24 06:43,STOP_HIT,2,9.50,-8.75,0.103,true
PCT_R0.22pct,2026-04-27,2026-04-26 14:00,DOWN,2026-04-26 14:10,LONG,27357.25,27375.25,2026-04-26 14:11,STOP_HIT,2,1.50,-7.00,0.211,false
PCT_R0.22pct,2026-04-27,2026-04-26 14:06,UP,2026-04-26 16:03,SHORT,27403.75,27379.25,2026-04-26 16:04,STOP_HIT,2,9.00,4.50,0.235,false
PCT_R0.22pct,2026-04-27,2026-04-27 00:15,UP,2026-04-27 01:15,SHORT,27447.25,27438.75,2026-04-27 01:16,STOP_HIT,2,1.00,-2.50,0.288,false
PCT_R0.22pct,2026-04-27,2026-04-27 03:32,DOWN,2026-04-27 04:38,LONG,27398.00,27448.25,2026-04-27 04:39,STOP_HIT,2,5.00,1.50,0.252,false
PCT_R0.22pct,2026-04-27,2026-04-27 07:22,UP,2026-04-27 09:24,SHORT,27403.50,27383.50,2026-04-27 09:25,STOP_HIT,2,5.25,-6.00,0.078,false
PCT_R0.22pct,2026-04-28,2026-04-27 14:00,UP,2026-04-27 14:10,SHORT,27473.25,27446.75,2026-04-27 14:11,STOP_HIT,2,1.25,-7.25,0.035,true
PCT_R0.22pct,2026-04-28,2026-04-27 16:11,DOWN,2026-04-27 16:28,LONG,27459.00,27487.25,2026-04-27 16:29,STOP_HIT,2,6.50,5.00,0.334,false
PCT_R0.22pct,2026-04-28,2026-04-28 05:31,UP,2026-04-28 05:42,SHORT,27205.25,27162.25,2026-04-28 05:43,STOP_HIT,2,1.50,-12.25,0.128,false
PCT_R0.22pct,2026-04-28,2026-04-28 06:07,DOWN,2026-04-28 06:31,LONG,27174.00,27184.50,2026-04-28 06:32,STOP_HIT,2,7.25,-6.75,0.094,false
PCT_R0.22pct,2026-04-28,2026-04-28 08:43,UP,2026-04-28 10:44,SHORT,27168.75,27125.00,2026-04-28 10:45,STOP_HIT,2,0.50,-6.50,0.066,true
PCT_R0.22pct,2026-04-29,2026-04-28 14:00,UP,2026-04-28 16:01,SHORT,27251.50,27224.00,2026-04-28 16:02,STOP_HIT,2,0.75,-4.00,0.189,false
PCT_R0.22pct,2026-04-29,2026-04-28 16:25,DOWN,2026-04-28 17:18,LONG,27219.50,27235.75,2026-04-28 17:19,STOP_HIT,2,12.00,7.75,0.133,true
PCT_R0.22pct,2026-04-29,2026-04-28 17:08,UP,2026-04-28 18:06,SHORT,27247.75,27241.75,2026-04-28 18:07,STOP_HIT,2,0.00,-18.25,0.194,false
PCT_R0.22pct,2026-04-29,2026-04-28 22:01,DOWN,2026-04-28 23:46,LONG,27228.00,27263.50,2026-04-28 23:47,STOP_HIT,2,6.25,-6.75,0.119,false
PCT_R0.22pct,2026-04-29,2026-04-29 00:16,UP,2026-04-29 03:36,SHORT,27274.75,27257.00,2026-04-29 03:39,STOP_HIT,4,22.75,15.50,0.371,false
PCT_R0.22pct,2026-04-29,2026-04-29 02:30,DOWN,2026-04-29 04:21,LONG,27241.75,27255.25,2026-04-29 04:22,STOP_HIT,2,7.75,-0.75,0.069,false
PCT_R0.22pct,2026-04-29,2026-04-29 07:47,DOWN,2026-04-29 07:57,LONG,27219.75,27247.00,2026-04-29 07:58,STOP_HIT,2,18.25,16.75,0.045,false
PCT_R0.22pct,2026-04-29,2026-04-29 08:11,DOWN,2026-04-29 08:21,LONG,27218.25,27246.75,2026-04-29 08:22,STOP_HIT,2,7.00,-7.25,0.155,true
PCT_R0.22pct,2026-04-29,2026-04-29 10:45,UP,2026-04-29 10:55,SHORT,27254.00,27234.25,2026-04-29 10:56,STOP_HIT,2,1.75,-21.00,0.184,true
PCT_R0.22pct,2026-04-29,2026-04-29 12:18,UP,2026-04-29 12:42,SHORT,27274.50,27243.75,2026-04-29 12:43,STOP_HIT,2,22.25,17.50,0.133,true
PCT_R0.22pct,2026-04-30,2026-04-29 14:00,UP,2026-04-29 14:10,SHORT,27382.00,27293.00,2026-04-29 14:11,STOP_HIT,2,7.50,-2.00,0.181,false
PCT_R0.22pct,2026-04-30,2026-04-30 01:20,UP,2026-04-30 01:32,SHORT,27417.25,27398.50,2026-04-30 01:33,STOP_HIT,2,21.00,13.50,0.045,true
PCT_R0.22pct,2026-04-30,2026-04-30 01:31,DOWN,2026-04-30 01:46,LONG,27380.50,27399.25,2026-04-30 01:47,STOP_HIT,2,6.00,-1.75,0.022,false
PCT_R0.22pct,2026-04-30,2026-04-30 01:57,UP,2026-04-30 02:28,SHORT,27418.50,27394.00,2026-04-30 02:29,STOP_HIT,2,8.00,0.50,0.174,false
PCT_R0.22pct,2026-04-30,2026-04-30 02:30,DOWN,2026-04-30 02:51,LONG,27370.50,27395.00,2026-04-30 02:52,STOP_HIT,2,6.75,-11.75,0.069,false
PCT_R0.22pct,2026-04-30,2026-04-30 02:52,UP,2026-04-30 03:16,SHORT,27421.50,27394.50,2026-04-30 03:17,STOP_HIT,2,4.00,-6.50,0.186,false
PCT_R0.22pct,2026-04-30,2026-04-30 06:39,UP,2026-04-30 07:10,SHORT,27403.50,27343.50,2026-04-30 07:11,STOP_HIT,2,10.50,-4.25,0.038,false
PCT_R0.22pct,2026-05-01,2026-04-30 14:08,DOWN,2026-04-30 14:54,LONG,27576.00,27618.25,2026-04-30 14:55,STOP_HIT,2,5.00,2.00,0.324,false
PCT_R0.22pct,2026-05-01,2026-04-30 14:57,UP,2026-04-30 16:43,SHORT,27625.50,27613.50,2026-04-30 16:44,STOP_HIT,2,3.75,-5.75,0.536,true
PCT_R0.22pct,2026-05-01,2026-04-30 19:31,DOWN,2026-04-30 22:00,LONG,27617.75,27627.75,2026-04-30 22:01,STOP_HIT,2,3.00,-0.50,0.196,false
PCT_R0.22pct,2026-05-01,2026-05-01 02:40,UP,2026-05-01 05:32,SHORT,27693.75,27611.25,2026-05-01 05:33,STOP_HIT,2,7.75,-25.50,0.127,false
PCT_R0.22pct,2026-05-01,2026-05-01 10:46,UP,2026-05-01 11:12,SHORT,27860.00,27826.25,2026-05-01 11:13,STOP_HIT,2,3.00,-6.75,0.078,false
PCT_R0.22pct,2026-05-04,2026-05-03 14:00,DOWN,2026-05-03 14:10,LONG,27869.00,27882.25,2026-05-03 14:11,STOP_HIT,2,6.00,1.00,0.176,false
PCT_R0.22pct,2026-05-04,2026-05-03 16:01,UP,2026-05-03 16:15,SHORT,27854.75,27851.50,2026-05-03 16:33,STOP_HIT,19,47.00,2.00,0.254,false
PCT_R0.22pct,2026-05-04,2026-05-03 23:46,DOWN,2026-05-04 00:16,LONG,27887.25,27891.25,2026-05-04 00:17,STOP_HIT,2,0.25,-12.00,0.027,true
PCT_R0.22pct,2026-05-04,2026-05-04 03:39,UP,2026-05-04 04:55,SHORT,27858.00,27858.50,2026-05-04 04:58,STOP_HIT,4,8.00,-4.25,0.033,false
PCT_R0.22pct,2026-05-04,2026-05-04 04:18,DOWN,2026-05-04 05:01,LONG,27818.50,27857.00,2026-05-04 05:02,STOP_HIT,2,17.75,5.00,0.055,false
PCT_R0.22pct,2026-05-04,2026-05-04 05:10,DOWN,2026-05-04 05:32,LONG,27832.50,27853.00,2026-05-04 05:33,STOP_HIT,2,15.25,2.00,0.019,false
PCT_R0.22pct,2026-05-04,2026-05-04 05:35,UP,2026-05-04 05:46,SHORT,27878.00,27851.00,2026-05-04 05:47,STOP_HIT,2,10.25,-3.25,0.152,false
PCT_R0.22pct,2026-05-04,2026-05-04 07:02,DOWN,2026-05-04 07:17,LONG,27859.25,27870.50,2026-05-04 07:18,STOP_HIT,2,0.50,-32.50,0.033,false
PCT_R0.22pct,2026-05-05,2026-05-04 15:51,UP,2026-05-04 16:54,SHORT,27789.25,27761.75,2026-05-04 16:55,STOP_HIT,2,4.00,2.00,0.151,false
PCT_R0.22pct,2026-05-06,2026-05-05 14:55,DOWN,2026-05-05 18:01,LONG,28290.75,28297.75,2026-05-05 18:02,STOP_HIT,2,5.00,1.75,0.149,true
PCT_R0.22pct,2026-05-06,2026-05-06 05:30,UP,2026-05-06 05:40,SHORT,28429.50,28410.00,2026-05-06 05:41,STOP_HIT,2,6.50,-20.50,0.034,false
PCT_R0.22pct,2026-05-06,2026-05-06 06:12,DOWN,2026-05-06 06:23,LONG,28419.75,28435.50,2026-05-06 06:30,STOP_HIT,8,49.50,15.25,0.041,false
PCT_R0.22pct,2026-05-06,2026-05-06 06:19,UP,2026-05-06 06:29,SHORT,28466.25,28436.25,2026-05-06 06:33,STOP_HIT,5,52.25,-1.50,0.093,false
PCT_R0.22pct,2026-05-07,2026-05-06 14:02,DOWN,2026-05-06 16:44,LONG,28644.75,28672.50,2026-05-06 16:45,STOP_HIT,2,10.25,9.75,0.114,false
PCT_R0.22pct,2026-05-07,2026-05-06 16:43,UP,2026-05-06 17:50,SHORT,28706.50,28670.00,2026-05-06 17:51,STOP_HIT,2,0.50,-3.00,0.385,false
PCT_R0.22pct,2026-05-07,2026-05-06 17:51,DOWN,2026-05-06 18:45,LONG,28675.25,28671.50,2026-05-07 08:16,STOP_HIT,812,269.50,-9.00,0.189,true
PCT_R0.22pct,2026-05-07,2026-05-07 05:40,DOWN,2026-05-07 05:50,LONG,28732.50,28734.00,2026-05-07 08:07,STOP_HIT,138,212.25,-8.50,0.188,true
PCT_R0.22pct,2026-05-07,2026-05-07 05:46,UP,2026-05-07 05:56,SHORT,28789.50,28736.25,2026-05-07 05:57,STOP_HIT,2,1.00,-3.00,0.065,false
PCT_R0.22pct,2026-05-07,2026-05-07 07:37,DOWN,2026-05-07 08:13,LONG,28692.25,28779.00,2026-05-07 08:14,STOP_HIT,2,21.25,7.75,0.140,false
PCT_R0.22pct,2026-05-07,2026-05-07 12:02,UP,2026-05-07 12:12,SHORT,28706.75,28721.50,2026-05-07 12:59,TIME_EXPIRED,48,73.75,62.75,0.239,true
PCT_R0.22pct,2026-05-07,2026-05-07 12:04,DOWN,2026-05-07 12:14,LONG,28702.75,28721.50,2026-05-07 12:15,STOP_HIT,2,20.75,16.50,0.308,false
PCT_R0.22pct,2026-05-08,2026-05-07 14:00,UP,2026-05-07 14:10,SHORT,28609.25,28596.75,2026-05-07 14:11,STOP_HIT,2,7.00,-9.50,0.022,false
PCT_R0.22pct,2026-05-11,2026-05-10 14:00,DOWN,2026-05-10 14:10,LONG,29281.75,29275.50,2026-05-10 14:14,STOP_HIT,5,5.50,-10.50,0.053,true
PCT_R0.22pct,2026-05-11,2026-05-10 14:17,UP,2026-05-10 14:59,SHORT,29293.25,29270.25,2026-05-10 15:00,STOP_HIT,2,2.75,-6.25,0.382,false
PCT_R0.22pct,2026-05-11,2026-05-10 17:05,UP,2026-05-10 17:24,SHORT,29330.25,29303.75,2026-05-10 17:25,STOP_HIT,2,4.00,3.50,0.589,false
PCT_R0.22pct,2026-05-11,2026-05-10 18:30,DOWN,2026-05-10 20:26,LONG,29333.75,29324.00,2026-05-10 21:45,STOP_HIT,80,22.50,-12.00,0.390,true
PCT_R0.22pct,2026-05-11,2026-05-11 00:35,UP,2026-05-11 01:34,SHORT,29333.00,29320.75,2026-05-11 01:35,STOP_HIT,2,5.00,1.25,0.289,true
PCT_R0.22pct,2026-05-11,2026-05-11 01:48,DOWN,2026-05-11 02:21,LONG,29302.25,29322.25,2026-05-11 02:22,STOP_HIT,2,9.50,3.00,0.026,false
PCT_R0.22pct,2026-05-11,2026-05-11 02:47,UP,2026-05-11 03:21,SHORT,29356.00,29321.75,2026-05-11 03:22,STOP_HIT,2,4.00,-9.00,0.180,false
PCT_R0.22pct,2026-05-11,2026-05-11 03:31,DOWN,2026-05-11 04:22,LONG,29285.50,29323.00,2026-05-11 04:23,STOP_HIT,2,11.00,9.50,0.146,false
PCT_R0.22pct,2026-05-11,2026-05-11 06:17,DOWN,2026-05-11 06:32,LONG,29260.00,29334.00,2026-05-11 06:33,STOP_HIT,2,49.50,40.75,0.158,false
PCT_R0.22pct,2026-05-11,2026-05-11 06:31,UP,2026-05-11 06:48,SHORT,29376.00,29334.25,2026-05-11 06:49,STOP_HIT,2,18.75,-4.75,0.073,false
PCT_R0.22pct,2026-05-11,2026-05-11 12:12,UP,2026-05-11 12:22,SHORT,29382.25,29383.50,2026-05-11 12:28,STOP_HIT,7,6.00,-11.75,0.011,true
PCT_R0.22pct,2026-05-12,2026-05-11 14:46,DOWN,2026-05-11 16:05,LONG,29390.75,29435.00,2026-05-11 16:06,STOP_HIT,2,11.75,11.50,0.374,false
PCT_R0.22pct,2026-05-12,2026-05-11 18:53,DOWN,2026-05-11 20:53,LONG,29295.25,29334.25,2026-05-11 20:54,STOP_HIT,2,4.50,-1.50,0.339,false
PCT_R0.22pct,2026-05-12,2026-05-12 05:35,UP,2026-05-12 05:45,SHORT,29285.25,29220.75,2026-05-12 05:46,STOP_HIT,2,46.75,20.75,0.031,true
PCT_R0.22pct,2026-05-13,2026-05-12 14:20,DOWN,2026-05-12 15:31,LONG,29123.75,29153.25,2026-05-12 15:32,STOP_HIT,2,4.25,-6.25,0.182,false
PCT_R0.22pct,2026-05-13,2026-05-12 16:02,UP,2026-05-12 17:11,SHORT,29176.00,29133.75,2026-05-12 17:12,STOP_HIT,2,1.75,-7.25,0.138,true
PCT_R0.22pct,2026-05-13,2026-05-13 06:09,UP,2026-05-13 06:39,SHORT,29243.75,29230.00,2026-05-13 06:40,STOP_HIT,2,25.00,4.50,0.073,true
PCT_R0.22pct,2026-05-14,2026-05-13 14:00,UP,2026-05-13 14:48,SHORT,29587.50,29558.50,2026-05-13 14:49,STOP_HIT,2,0.00,-6.25,0.244,false
PCT_R0.22pct,2026-05-14,2026-05-13 16:59,DOWN,2026-05-13 18:49,LONG,29591.50,29626.75,2026-05-13 18:50,STOP_HIT,2,0.50,-14.75,0.185,true
PCT_R0.22pct,2026-05-14,2026-05-13 22:23,DOWN,2026-05-14 00:00,LONG,29574.75,29611.25,2026-05-14 00:01,STOP_HIT,2,10.25,2.50,0.119,false
PCT_R0.22pct,2026-05-14,2026-05-14 05:12,UP,2026-05-14 05:50,SHORT,29666.00,29577.25,2026-05-14 05:51,STOP_HIT,2,38.00,18.00,0.148,false
PCT_R0.22pct,2026-05-14,2026-05-14 06:02,DOWN,2026-05-14 06:14,LONG,29589.50,29584.50,2026-05-14 12:59,TIME_EXPIRED,406,192.50,99.00,0.032,true
PCT_R0.22pct,2026-05-15,2026-05-14 16:01,UP,2026-05-14 16:36,SHORT,29703.50,29705.00,2026-05-15 12:59,TIME_EXPIRED,1224,613.75,530.50,0.342,true
PCT_R0.22pct,2026-05-15,2026-05-15 06:04,UP,2026-05-15 06:20,SHORT,29349.50,29262.25,2026-05-15 06:21,STOP_HIT,2,16.00,-9.50,0.044,true
PCT_R0.22pct,2026-05-15,2026-05-15 06:57,DOWN,2026-05-15 07:07,LONG,29254.50,29280.50,2026-05-15 07:08,STOP_HIT,2,24.00,15.25,0.042,false
PCT_R0.22pct,2026-05-15,2026-05-15 07:36,DOWN,2026-05-15 07:54,LONG,29237.00,29287.25,2026-05-15 07:55,STOP_HIT,2,14.75,8.50,0.151,false
PCT_R0.22pct,2026-05-15,2026-05-15 07:55,UP,2026-05-15 08:29,SHORT,29318.50,29285.75,2026-05-15 08:30,STOP_HIT,2,7.25,-13.00,0.025,true
PCT_R0.22pct,2026-05-15,2026-05-15 10:55,DOWN,2026-05-15 11:49,LONG,29298.75,29308.25,2026-05-15 11:50,STOP_HIT,2,6.00,-36.00,0.131,true
PCT_R0.22pct,2026-05-18,2026-05-17 14:00,UP,2026-05-17 14:10,SHORT,29270.25,29231.25,2026-05-17 14:11,STOP_HIT,2,12.50,3.25,0.057,true
PCT_R0.22pct,2026-05-18,2026-05-17 14:07,DOWN,2026-05-17 14:38,LONG,29207.50,29231.75,2026-05-17 14:56,STOP_HIT,19,67.00,21.00,0.191,true
PCT_R0.22pct,2026-05-18,2026-05-17 14:24,UP,2026-05-17 14:52,SHORT,29234.50,29239.00,2026-05-17 14:53,STOP_HIT,2,0.50,-18.25,0.091,true
PCT_R0.22pct,2026-05-18,2026-05-17 14:43,DOWN,2026-05-17 14:58,LONG,29225.00,29237.50,2026-05-17 14:59,STOP_HIT,2,8.50,7.75,0.106,false
PCT_R0.22pct,2026-05-18,2026-05-17 18:29,DOWN,2026-05-17 18:57,LONG,29008.00,29041.50,2026-05-17 18:58,STOP_HIT,2,20.00,9.75,0.200,false
PCT_R0.22pct,2026-05-18,2026-05-17 18:52,UP,2026-05-17 19:53,SHORT,29043.25,29039.25,2026-05-17 19:54,STOP_HIT,2,1.75,-4.50,0.396,true
PCT_R0.22pct,2026-05-18,2026-05-17 20:16,DOWN,2026-05-17 20:37,LONG,29042.50,29043.00,2026-05-17 20:38,STOP_HIT,2,4.00,-3.75,0.302,true
PCT_R0.22pct,2026-05-18,2026-05-17 20:30,UP,2026-05-17 20:47,SHORT,29081.00,29044.00,2026-05-17 20:48,STOP_HIT,2,18.50,18.00,0.348,false
PCT_R0.22pct,2026-05-18,2026-05-17 21:10,DOWN,2026-05-17 21:20,LONG,29027.50,29045.50,2026-05-17 21:21,STOP_HIT,2,13.75,-0.75,0.010,true
PCT_R0.22pct,2026-05-18,2026-05-17 21:39,DOWN,2026-05-17 22:10,LONG,29040.50,29047.50,2026-05-17 22:11,STOP_HIT,2,2.50,-5.75,0.140,false
PCT_R0.22pct,2026-05-18,2026-05-17 22:31,UP,2026-05-17 22:51,SHORT,29074.75,29045.00,2026-05-17 22:52,STOP_HIT,2,0.25,-8.25,0.038,true
PCT_R0.22pct,2026-05-18,2026-05-18 05:56,DOWN,2026-05-18 06:06,LONG,29138.25,29184.75,2026-05-18 06:28,STOP_HIT,23,160.75,39.00,0.052,false
PCT_R0.22pct,2026-05-18,2026-05-18 11:25,UP,2026-05-18 12:00,SHORT,29098.75,29056.25,2026-05-18 12:01,STOP_HIT,2,13.75,10.50,0.025,true
PCT_R0.22pct,2026-05-19,2026-05-18 14:00,UP,2026-05-18 14:10,SHORT,29128.75,29124.75,2026-05-18 14:12,STOP_HIT,3,11.75,2.75,0.462,true
PCT_R0.22pct,2026-05-19,2026-05-18 15:03,DOWN,2026-05-18 15:55,LONG,29119.00,29152.00,2026-05-18 15:56,STOP_HIT,2,10.25,1.25,0.313,false
PCT_R0.22pct,2026-05-19,2026-05-18 16:21,DOWN,2026-05-18 16:45,LONG,29129.00,29145.00,2026-05-18 16:46,STOP_HIT,2,7.50,-5.00,0.068,false
PCT_R0.22pct,2026-05-19,2026-05-18 22:01,UP,2026-05-19 00:02,SHORT,29101.75,29029.00,2026-05-19 00:03,STOP_HIT,2,14.75,10.00,0.100,true
PCT_R0.22pct,2026-05-19,2026-05-18 23:48,DOWN,2026-05-19 01:01,LONG,28998.25,29024.00,2026-05-19 01:02,STOP_HIT,2,1.50,-14.00,0.026,false
PCT_R0.22pct,2026-05-19,2026-05-19 05:27,UP,2026-05-19 05:38,SHORT,29047.00,28955.25,2026-05-19 05:39,STOP_HIT,2,29.50,9.00,0.065,true
PCT_R0.22pct,2026-05-19,2026-05-19 05:37,DOWN,2026-05-19 05:47,LONG,28873.75,28952.25,2026-05-19 05:50,STOP_HIT,4,135.50,60.00,0.051,false
PCT_R0.22pct,2026-05-19,2026-05-19 08:12,UP,2026-05-19 08:33,SHORT,28944.75,28874.50,2026-05-19 08:34,STOP_HIT,2,13.25,-1.75,0.018,true
PCT_R0.22pct,2026-05-19,2026-05-19 11:33,DOWN,2026-05-19 11:52,LONG,28903.25,28931.25,2026-05-19 11:53,STOP_HIT,2,16.75,0.75,0.006,false
PCT_R0.22pct,2026-05-20,2026-05-19 14:10,DOWN,2026-05-19 14:38,LONG,28896.75,28906.75,2026-05-19 14:39,STOP_HIT,2,2.00,-9.00,0.238,false
PCT_R0.22pct,2026-05-20,2026-05-19 14:28,UP,2026-05-19 15:15,SHORT,28946.50,28906.75,2026-05-19 15:16,STOP_HIT,2,6.75,-3.75,0.321,false
PCT_R0.22pct,2026-05-20,2026-05-19 15:34,DOWN,2026-05-19 16:14,LONG,28831.25,28915.50,2026-05-19 16:15,STOP_HIT,2,11.25,-14.00,0.276,false
PCT_R0.22pct,2026-05-20,2026-05-19 16:17,UP,2026-05-19 16:49,SHORT,28939.75,28911.00,2026-05-19 16:50,STOP_HIT,2,7.50,1.50,0.051,false
PCT_R0.22pct,2026-05-20,2026-05-19 17:20,DOWN,2026-05-19 17:33,LONG,28903.00,28918.75,2026-05-19 17:34,STOP_HIT,2,21.00,-21.75,0.169,true
PCT_R0.22pct,2026-05-20,2026-05-19 17:36,UP,2026-05-19 17:53,SHORT,28969.75,28917.25,2026-05-19 17:54,STOP_HIT,2,2.75,-12.00,0.054,true
PCT_R0.22pct,2026-05-20,2026-05-19 18:24,DOWN,2026-05-19 18:37,LONG,28902.25,28922.75,2026-05-19 18:38,STOP_HIT,2,8.00,-0.50,0.091,true
PCT_R0.22pct,2026-05-20,2026-05-19 20:16,DOWN,2026-05-19 20:42,LONG,28886.50,28913.00,2026-05-19 20:43,STOP_HIT,2,13.00,4.75,0.448,false
PCT_R0.22pct,2026-05-20,2026-05-19 20:55,UP,2026-05-19 21:05,SHORT,28926.00,28912.00,2026-05-19 21:06,STOP_HIT,2,0.00,-3.25,0.222,true
PCT_R0.22pct,2026-05-20,2026-05-20 05:55,UP,2026-05-20 06:06,SHORT,29069.00,29077.25,2026-05-20 06:07,STOP_HIT,2,12.25,-20.00,0.019,false
PCT_R0.22pct,2026-05-20,2026-05-20 06:01,DOWN,2026-05-20 06:12,LONG,29047.00,29077.25,2026-05-20 06:13,STOP_HIT,2,9.00,-18.50,0.104,false
PCT_R0.22pct,2026-05-21,2026-05-20 14:00,DOWN,2026-05-20 14:10,LONG,29144.00,29220.00,2026-05-20 14:11,STOP_HIT,2,18.50,12.75,0.321,false
PCT_R0.22pct,2026-05-21,2026-05-20 14:10,UP,2026-05-20 15:21,SHORT,29195.75,29179.00,2026-05-20 15:22,STOP_HIT,2,7.75,7.75,0.550,true
PCT_R0.22pct,2026-05-21,2026-05-20 22:06,DOWN,2026-05-20 23:17,LONG,29217.25,29292.00,2026-05-20 23:18,STOP_HIT,2,16.50,4.00,0.175,false
PCT_R0.22pct,2026-05-21,2026-05-20 23:13,UP,2026-05-21 00:12,SHORT,29406.75,29293.50,2026-05-21 00:13,STOP_HIT,2,16.00,12.00,0.167,false
PCT_R0.22pct,2026-05-21,2026-05-21 05:44,UP,2026-05-21 05:57,SHORT,29277.50,29246.25,2026-05-21 05:58,STOP_HIT,2,34.25,6.00,0.054,true
PCT_R0.22pct,2026-05-21,2026-05-21 07:10,UP,2026-05-21 07:22,SHORT,29235.50,29234.75,2026-05-21 07:23,STOP_HIT,2,9.75,-12.00,0.120,true
PCT_R0.22pct,2026-05-21,2026-05-21 07:23,DOWN,2026-05-21 07:33,LONG,29211.50,29235.00,2026-05-21 07:34,STOP_HIT,2,7.00,-26.00,0.122,true
PCT_R0.22pct,2026-05-21,2026-05-21 07:34,UP,2026-05-21 07:44,SHORT,29265.25,29235.00,2026-05-21 07:45,STOP_HIT,2,21.75,-5.75,0.098,false
PCT_R0.22pct,2026-05-21,2026-05-21 08:50,UP,2026-05-21 09:01,SHORT,29273.75,29239.75,2026-05-21 09:02,STOP_HIT,2,3.75,-5.50,0.108,false
PCT_R0.22pct,2026-05-22,2026-05-21 14:00,UP,2026-05-21 14:10,SHORT,29505.00,29491.50,2026-05-21 14:11,STOP_HIT,2,8.75,0.50,0.246,false
PCT_R0.22pct,2026-05-22,2026-05-21 16:32,DOWN,2026-05-21 18:04,LONG,29535.00,29545.25,2026-05-21 18:05,STOP_HIT,2,8.00,-2.00,0.354,true
PCT_R0.22pct,2026-05-22,2026-05-21 17:41,UP,2026-05-21 20:17,SHORT,29580.50,29543.50,2026-05-21 20:18,STOP_HIT,2,0.50,-4.75,0.213,true
PCT_R0.22pct,2026-05-22,2026-05-21 23:02,UP,2026-05-22 00:01,SHORT,29600.00,29552.25,2026-05-22 00:02,STOP_HIT,2,8.00,-6.25,0.412,false
PCT_R0.22pct,2026-05-22,2026-05-22 00:21,DOWN,2026-05-22 01:35,LONG,29507.75,29555.50,2026-05-22 01:36,STOP_HIT,2,7.25,7.25,0.401,true
PCT_R0.22pct,2026-05-22,2026-05-22 06:24,UP,2026-05-22 06:38,SHORT,29609.25,29571.00,2026-05-22 06:39,STOP_HIT,2,17.25,3.50,0.045,true
PCT_R0.22pct,2026-05-22,2026-05-22 09:30,DOWN,2026-05-22 12:07,LONG,29557.25,29609.50,2026-05-22 12:08,STOP_HIT,2,4.25,-3.00,0.155,false
PCT_R0.22pct,2026-05-25,2026-05-24 14:00,UP,2026-05-24 14:10,SHORT,29768.25,29755.00,2026-05-24 14:11,STOP_HIT,2,7.25,5.00,0.312,false
PCT_R0.22pct,2026-05-25,2026-05-25 05:55,DOWN,2026-05-25 06:55,LONG,29927.00,29942.50,2026-05-25 06:56,STOP_HIT,2,3.00,0.50,0.487,false
PCT_R0.22pct,2026-05-25,2026-05-25 06:43,UP,2026-05-25 07:17,SHORT,29962.75,29944.00,2026-05-25 07:18,STOP_HIT,2,5.75,-3.75,0.343,true
PCT_R0.22pct,2026-05-25,2026-05-25 07:11,DOWN,2026-05-25 08:04,LONG,29920.00,29942.00,2026-05-25 08:05,STOP_HIT,2,3.75,1.50,0.053,true
PCT_R0.22pct,2026-05-26,2026-05-25 14:00,DOWN,2026-05-25 14:10,LONG,29916.00,29928.00,2026-05-25 14:11,STOP_HIT,2,14.00,11.00,0.244,false
PCT_R0.22pct,2026-05-26,2026-05-25 23:33,UP,2026-05-26 02:32,SHORT,29908.00,29822.00,2026-05-26 02:33,STOP_HIT,2,10.50,9.25,0.190,true
PCT_R0.22pct,2026-05-26,2026-05-26 05:35,UP,2026-05-26 05:45,SHORT,29933.50,29860.25,2026-05-26 05:46,STOP_HIT,2,4.25,-45.50,0.031,false
PCT_R0.22pct,2026-05-26,2026-05-26 07:56,UP,2026-05-26 08:10,SHORT,29944.00,29945.25,2026-05-26 08:13,STOP_HIT,4,18.00,-9.75,0.069,false
PCT_R0.22pct,2026-05-27,2026-05-26 14:48,UP,2026-05-26 19:48,SHORT,30119.00,30115.50,2026-05-26 20:08,STOP_HIT,21,25.25,1.00,0.321,false
PCT_R0.22pct,2026-05-27,2026-05-26 17:17,DOWN,2026-05-26 23:05,LONG,30101.00,30102.25,2026-05-27 05:38,STOP_HIT,394,278.00,-29.25,0.123,true
PCT_R0.22pct,2026-05-27,2026-05-26 22:39,UP,2026-05-26 23:24,SHORT,30124.75,30103.00,2026-05-26 23:25,STOP_HIT,2,3.00,0.75,0.186,false
PCT_R0.22pct,2026-05-27,2026-05-27 04:23,DOWN,2026-05-27 05:43,LONG,30050.50,30145.25,2026-05-27 05:44,STOP_HIT,2,2.75,-68.75,0.134,true
PCT_R0.22pct,2026-05-27,2026-05-27 09:09,UP,2026-05-27 11:39,SHORT,30063.25,30027.25,2026-05-27 11:40,STOP_HIT,2,8.75,2.25,0.227,false
PCT_R0.22pct,2026-05-28,2026-05-27 14:02,DOWN,2026-05-27 14:21,LONG,30085.00,30092.50,2026-05-27 14:22,STOP_HIT,2,6.25,0.75,0.170,true
PCT_R0.22pct,2026-05-28,2026-05-27 16:58,DOWN,2026-05-27 18:57,LONG,29983.00,30037.75,2026-05-27 18:58,STOP_HIT,2,1.00,-8.75,0.521,false
PCT_R0.22pct,2026-05-28,2026-05-28 01:03,DOWN,2026-05-28 02:33,LONG,29930.75,29954.75,2026-05-28 02:34,STOP_HIT,2,5.75,-5.00,0.160,true
PCT_R0.22pct,2026-05-28,2026-05-28 02:51,UP,2026-05-28 04:54,SHORT,30062.75,29949.75,2026-05-28 04:55,STOP_HIT,2,12.50,8.25,0.246,false
PCT_R0.22pct,2026-05-28,2026-05-28 05:50,UP,2026-05-28 06:00,SHORT,29992.25,29974.25,2026-05-28 06:01,STOP_HIT,2,19.75,11.25,0.099,false
PCT_R0.22pct,2026-05-29,2026-05-28 14:05,DOWN,2026-05-28 14:38,LONG,30299.00,30313.25,2026-05-28 14:39,STOP_HIT,2,5.50,2.75,0.042,false
PCT_R0.22pct,2026-05-29,2026-05-28 17:03,UP,2026-05-28 23:22,SHORT,30308.25,30294.75,2026-05-28 23:23,STOP_HIT,2,6.25,-3.75,0.412,true
PCT_R0.22pct,2026-05-29,2026-05-28 23:36,UP,2026-05-29 01:04,SHORT,30336.00,30297.50,2026-05-29 01:05,STOP_HIT,2,9.25,8.50,0.368,false
PCT_R0.22pct,2026-05-29,2026-05-29 06:53,DOWN,2026-05-29 07:09,LONG,30390.25,30372.00,2026-05-29 07:47,STOP_HIT,39,49.50,-21.25,0.103,true
PCT_R0.22pct,2026-05-29,2026-05-29 06:54,UP,2026-05-29 07:10,SHORT,30389.75,30372.25,2026-05-29 07:11,STOP_HIT,2,2.00,-18.50,0.015,false
PCT_R0.22pct,2026-05-29,2026-05-29 08:10,DOWN,2026-05-29 10:05,LONG,30331.25,30382.50,2026-05-29 10:06,STOP_HIT,2,14.50,13.75,0.182,true
PCT_R0.22pct,2026-05-29,2026-05-29 10:34,DOWN,2026-05-29 10:46,LONG,30342.75,30380.50,2026-05-29 10:47,STOP_HIT,2,13.00,5.00,0.213,false
PCT_R0.22pct,2026-05-29,2026-05-29 11:01,UP,2026-05-29 11:46,SHORT,30434.25,30378.50,2026-05-29 11:47,STOP_HIT,2,22.00,10.50,0.107,false
PCT_R0.22pct,2026-06-01,2026-05-31 14:00,DOWN,2026-05-31 14:10,LONG,30379.25,30386.00,2026-06-01 05:12,STOP_HIT,903,216.00,-37.75,0.266,true
PCT_R0.22pct,2026-06-01,2026-05-31 14:03,UP,2026-05-31 14:25,SHORT,30427.50,30400.25,2026-05-31 14:26,STOP_HIT,2,6.50,-4.75,0.078,true
PCT_R0.22pct,2026-06-02,2026-06-01 14:00,DOWN,2026-06-01 14:10,LONG,30481.50,30484.00,2026-06-01 14:11,STOP_HIT,2,3.00,-3.75,0.349,true
PCT_R0.22pct,2026-06-02,2026-06-01 19:20,UP,2026-06-01 21:33,SHORT,30477.50,30395.50,2026-06-01 21:34,STOP_HIT,2,2.50,-8.50,0.098,true
PCT_R0.22pct,2026-06-02,2026-06-02 05:30,DOWN,2026-06-02 05:40,LONG,30464.50,30485.25,2026-06-02 05:41,STOP_HIT,2,3.50,-0.25,0.021,false
PCT_R0.22pct,2026-06-03,2026-06-02 15:25,UP,2026-06-02 16:25,SHORT,30681.50,30681.50,2026-06-02 16:27,STOP_HIT,3,4.50,-4.50,0.122,true
PCT_R0.22pct,2026-06-03,2026-06-02 16:51,DOWN,2026-06-02 17:45,LONG,30666.75,30686.25,2026-06-02 17:46,STOP_HIT,2,2.00,-11.00,0.185,true
PCT_R0.22pct,2026-06-03,2026-06-02 17:46,UP,2026-06-02 20:06,SHORT,30721.75,30685.25,2026-06-02 20:07,STOP_HIT,2,4.25,3.00,0.120,false
PCT_R0.22pct,2026-06-03,2026-06-03 06:43,DOWN,2026-06-03 06:53,LONG,30681.00,30695.25,2026-06-03 06:54,STOP_HIT,2,18.00,3.75,0.135,false
PCT_R0.22pct,2026-06-03,2026-06-03 06:59,UP,2026-06-03 07:12,SHORT,30695.50,30693.25,2026-06-03 12:59,TIME_EXPIRED,348,217.25,200.50,0.014,true
PCT_R0.22pct,2026-06-03,2026-06-03 11:27,UP,2026-06-03 11:43,SHORT,30687.50,30657.75,2026-06-03 11:44,STOP_HIT,2,5.00,3.75,0.048,false
PCT_R0.22pct,2026-06-04,2026-06-03 14:00,UP,2026-06-03 14:10,SHORT,30478.50,30471.00,2026-06-03 16:32,STOP_HIT,143,110.00,-10.00,0.200,false
PCT_R0.22pct,2026-06-04,2026-06-03 14:02,DOWN,2026-06-03 14:17,LONG,30433.25,30463.75,2026-06-03 14:18,STOP_HIT,2,1.75,-0.75,0.279,false
PCT_R0.22pct,2026-06-04,2026-06-03 14:51,UP,2026-06-03 15:02,SHORT,30446.00,30444.25,2026-06-03 16:06,STOP_HIT,65,75.25,1.50,0.058,true
PCT_R0.22pct,2026-06-04,2026-06-03 15:47,UP,2026-06-03 16:11,SHORT,30436.25,30431.00,2026-06-03 16:12,STOP_HIT,2,7.25,-9.50,0.172,true
PCT_R0.22pct,2026-06-04,2026-06-03 17:12,DOWN,2026-06-03 18:23,LONG,30399.00,30442.50,2026-06-03 18:24,STOP_HIT,2,7.25,-2.25,0.025,true
PCT_R0.22pct,2026-06-04,2026-06-03 18:16,UP,2026-06-03 20:26,SHORT,30493.50,30443.00,2026-06-03 20:27,STOP_HIT,2,2.25,-1.75,0.333,true
PCT_R0.22pct,2026-06-04,2026-06-03 23:05,DOWN,2026-06-04 00:29,LONG,30356.00,30451.75,2026-06-04 00:30,STOP_HIT,2,46.00,42.75,0.050,true
PCT_R0.22pct,2026-06-04,2026-06-04 06:07,UP,2026-06-04 06:44,SHORT,30317.75,30298.75,2026-06-04 06:45,STOP_HIT,2,20.25,11.75,0.062,false
PCT_R0.22pct,2026-06-05,2026-06-04 14:00,DOWN,2026-06-04 14:24,LONG,30356.00,30384.25,2026-06-04 14:25,STOP_HIT,2,1.50,-23.25,0.382,false
PCT_R0.22pct,2026-06-05,2026-06-04 17:26,UP,2026-06-04 19:24,SHORT,30206.75,30202.00,2026-06-04 19:25,STOP_HIT,2,2.75,-7.50,0.262,false
PCT_R0.22pct,2026-06-05,2026-06-04 18:36,DOWN,2026-06-04 20:00,LONG,30163.25,30198.00,2026-06-04 20:01,STOP_HIT,2,8.75,5.50,0.304,false
PCT_R0.22pct,2026-06-05,2026-06-04 19:54,UP,2026-06-04 21:13,SHORT,30196.50,30197.50,2026-06-04 21:14,STOP_HIT,2,1.50,-1.75,0.357,true
PCT_R0.22pct,2026-06-05,2026-06-04 20:56,DOWN,2026-06-04 22:03,LONG,30185.00,30197.50,2026-06-04 22:04,STOP_HIT,2,8.75,7.00,0.073,true
PCT_R0.22pct,2026-06-05,2026-06-05 00:30,DOWN,2026-06-05 00:54,LONG,30160.75,30184.25,2026-06-05 00:55,STOP_HIT,2,9.25,2.75,0.151,true
PCT_R0.22pct,2026-06-05,2026-06-05 00:58,UP,2026-06-05 01:18,SHORT,30210.75,30184.00,2026-06-05 01:19,STOP_HIT,2,3.50,2.50,0.126,true
PCT_R0.22pct,2026-06-05,2026-06-05 01:14,DOWN,2026-06-05 03:53,LONG,30160.25,30185.25,2026-06-05 03:54,STOP_HIT,2,7.75,3.75,0.072,false
PCT_R0.22pct,2026-06-08,2026-06-07 14:02,DOWN,2026-06-07 14:12,LONG,28907.00,28898.75,2026-06-08 12:59,TIME_EXPIRED,1368,836.00,528.25,0.118,true
PCT_R0.22pct,2026-06-08,2026-06-07 14:56,UP,2026-06-07 15:21,SHORT,28969.25,28964.50,2026-06-07 15:29,STOP_HIT,9,30.75,-9.75,0.164,true
PCT_R0.22pct,2026-06-08,2026-06-07 15:22,UP,2026-06-07 15:34,SHORT,28996.25,28964.50,2026-06-07 15:35,STOP_HIT,2,20.25,12.75,0.209,false
PCT_R0.22pct,2026-06-08,2026-06-07 22:30,DOWN,2026-06-07 22:40,LONG,29077.75,29112.00,2026-06-07 22:41,STOP_HIT,2,3.25,-2.75,0.044,false
PCT_R0.22pct,2026-06-08,2026-06-07 22:50,UP,2026-06-07 23:16,SHORT,29135.75,29109.00,2026-06-07 23:17,STOP_HIT,2,2.75,-27.25,0.109,true
PCT_R0.22pct,2026-06-09,2026-06-08 14:00,DOWN,2026-06-08 14:10,LONG,29386.50,29408.75,2026-06-08 14:11,STOP_HIT,2,5.00,-26.50,0.264,true
PCT_R0.22pct,2026-06-09,2026-06-08 14:15,UP,2026-06-08 15:30,SHORT,29431.00,29383.75,2026-06-08 15:31,STOP_HIT,2,15.00,-6.00,0.101,false
PCT_R0.22pct,2026-06-09,2026-06-08 15:40,DOWN,2026-06-08 16:08,LONG,29371.75,29408.00,2026-06-08 16:09,STOP_HIT,2,25.25,-25.00,0.154,true
PCT_R0.22pct,2026-06-09,2026-06-08 16:56,UP,2026-06-08 17:25,SHORT,29454.00,29375.25,2026-06-08 17:26,STOP_HIT,2,11.25,5.75,0.092,true
PCT_R0.22pct,2026-06-09,2026-06-09 11:48,UP,2026-06-09 11:58,SHORT,29096.25,29013.75,2026-06-09 11:59,STOP_HIT,2,9.25,-19.75,0.030,false
PCT_R0.22pct,2026-06-10,2026-06-09 14:01,DOWN,2026-06-09 14:11,LONG,29071.50,29066.00,2026-06-09 14:31,STOP_HIT,21,46.50,-17.00,0.026,false
PCT_R0.22pct,2026-06-10,2026-06-09 14:02,UP,2026-06-09 14:16,SHORT,29104.50,29070.50,2026-06-09 14:17,STOP_HIT,2,31.50,27.75,0.455,false
PCT_R0.22pct,2026-06-10,2026-06-09 14:15,DOWN,2026-06-09 14:35,LONG,29049.75,29071.25,2026-06-09 14:36,STOP_HIT,2,3.25,-9.25,0.156,false
PCT_R0.22pct,2026-06-10,2026-06-09 15:08,DOWN,2026-06-09 15:18,LONG,29029.00,29049.25,2026-06-09 15:19,STOP_HIT,2,3.00,-13.75,0.088,true
PCT_R0.22pct,2026-06-10,2026-06-09 15:37,UP,2026-06-09 15:57,SHORT,29052.00,29039.50,2026-06-09 15:58,STOP_HIT,2,11.25,2.50,0.043,false
PCT_R0.22pct,2026-06-10,2026-06-09 16:44,UP,2026-06-09 17:03,SHORT,29075.00,29055.25,2026-06-09 17:04,STOP_HIT,2,13.50,-17.50,0.277,false
PCT_R0.22pct,2026-06-10,2026-06-09 17:30,UP,2026-06-09 17:40,SHORT,29069.50,29062.25,2026-06-10 05:45,STOP_HIT,726,459.50,-9.50,0.194,false
PCT_R0.22pct,2026-06-10,2026-06-09 17:35,DOWN,2026-06-09 17:45,LONG,29027.50,29062.00,2026-06-09 17:46,STOP_HIT,2,20.75,10.50,0.263,false
PCT_R0.22pct,2026-06-10,2026-06-10 04:40,UP,2026-06-10 04:50,SHORT,28942.25,28913.50,2026-06-10 05:37,STOP_HIT,48,169.75,-20.75,0.222,false
PCT_R0.22pct,2026-06-10,2026-06-10 04:41,DOWN,2026-06-10 04:53,LONG,28875.00,28913.25,2026-06-10 04:54,STOP_HIT,2,33.00,20.75,0.086,false
PCT_R0.22pct,2026-06-11,2026-06-10 14:00,DOWN,2026-06-10 14:10,LONG,28368.50,28393.75,2026-06-10 14:11,STOP_HIT,2,25.50,-0.25,0.622,false
PCT_R0.22pct,2026-06-11,2026-06-10 14:12,UP,2026-06-10 14:31,SHORT,28435.75,28394.75,2026-06-10 14:32,STOP_HIT,2,5.50,-8.50,0.394,false
PCT_R0.22pct,2026-06-11,2026-06-10 15:21,UP,2026-06-10 15:41,SHORT,28400.75,28381.00,2026-06-10 15:42,STOP_HIT,2,0.50,-33.75,0.029,false
PCT_R0.22pct,2026-06-12,2026-06-11 14:00,UP,2026-06-11 14:10,SHORT,29496.75,29491.25,2026-06-11 14:11,STOP_HIT,2,5.75,-6.25,0.125,false
PCT_R0.22pct,2026-06-12,2026-06-11 15:27,UP,2026-06-11 15:37,SHORT,29544.00,29526.50,2026-06-11 15:38,STOP_HIT,2,3.25,1.00,0.143,true
PCT_R0.22pct,2026-06-12,2026-06-11 16:36,DOWN,2026-06-11 17:30,LONG,29483.25,29550.00,2026-06-11 17:31,STOP_HIT,2,23.00,9.50,0.143,true
PCT_R0.22pct,2026-06-12,2026-06-11 17:38,UP,2026-06-11 18:19,SHORT,29547.25,29548.25,2026-06-11 18:20,STOP_HIT,2,3.50,-17.25,0.370,true
PCT_R0.22pct,2026-06-12,2026-06-11 18:00,DOWN,2026-06-11 18:42,LONG,29537.50,29546.50,2026-06-11 18:43,STOP_HIT,2,5.50,5.50,0.676,false
PCT_R0.22pct,2026-06-12,2026-06-11 18:35,UP,2026-06-11 18:50,SHORT,29560.75,29546.75,2026-06-11 18:51,STOP_HIT,2,15.00,2.25,0.333,false
PCT_R0.22pct,2026-06-12,2026-06-11 18:54,DOWN,2026-06-11 19:13,LONG,29518.50,29546.75,2026-06-11 19:14,STOP_HIT,2,7.75,5.50,0.549,false
PCT_R0.22pct,2026-06-12,2026-06-12 00:22,DOWN,2026-06-12 00:43,LONG,29459.00,29516.50,2026-06-12 00:44,STOP_HIT,2,13.00,8.00,0.186,true
PCT_R0.22pct,2026-06-12,2026-06-12 00:40,UP,2026-06-12 01:25,SHORT,29576.75,29516.25,2026-06-12 01:26,STOP_HIT,2,11.00,-17.75,0.074,false
PCT_R0.22pct,2026-06-12,2026-06-12 03:55,DOWN,2026-06-12 04:47,LONG,29479.00,29532.25,2026-06-12 04:48,STOP_HIT,2,5.75,-14.50,0.214,true
PCT_R0.22pct,2026-06-16,2026-06-15 14:01,DOWN,2026-06-15 14:13,LONG,30795.50,30840.00,2026-06-15 14:14,STOP_HIT,2,6.00,2.25,0.209,false
PCT_R0.22pct,2026-06-16,2026-06-15 14:28,UP,2026-06-15 15:26,SHORT,30816.00,30799.25,2026-06-15 15:27,STOP_HIT,2,4.75,-7.50,0.036,false
PCT_R0.22pct,2026-06-16,2026-06-15 16:31,DOWN,2026-06-15 16:50,LONG,30788.25,30812.50,2026-06-15 16:51,STOP_HIT,2,2.25,-10.25,0.339,false
PCT_R0.22pct,2026-06-16,2026-06-15 17:09,UP,2026-06-15 21:31,SHORT,30834.75,30806.75,2026-06-15 21:32,STOP_HIT,2,9.75,6.50,0.164,false
PCT_R0.22pct,2026-06-16,2026-06-16 03:20,DOWN,2026-06-16 05:32,LONG,30784.00,30830.50,2026-06-16 05:33,STOP_HIT,2,22.25,-18.50,0.118,false
PCT_R0.22pct,2026-06-16,2026-06-16 05:34,UP,2026-06-16 05:44,SHORT,30846.25,30828.50,2026-06-16 05:47,STOP_HIT,4,39.50,-24.75,0.088,true
PCT_R0.22pct,2026-06-16,2026-06-16 05:55,DOWN,2026-06-16 06:05,LONG,30831.00,30830.50,2026-06-16 06:06,STOP_HIT,2,6.25,-15.75,0.189,true
PCT_R0.22pct,2026-06-17,2026-06-16 14:00,UP,2026-06-16 14:11,SHORT,30367.50,30351.50,2026-06-16 14:12,STOP_HIT,2,3.75,1.25,0.407,false
PCT_R0.22pct,2026-06-17,2026-06-16 15:50,UP,2026-06-16 16:12,SHORT,30371.00,30357.25,2026-06-16 16:13,STOP_HIT,2,7.25,-1.25,0.261,false
PCT_R0.22pct,2026-06-17,2026-06-17 02:07,UP,2026-06-17 02:45,SHORT,30485.00,30457.00,2026-06-17 02:46,STOP_HIT,2,3.75,3.25,0.519,false
PCT_R0.22pct,2026-06-17,2026-06-17 02:51,DOWN,2026-06-17 03:49,LONG,30423.25,30460.25,2026-06-17 03:50,STOP_HIT,2,6.25,0.75,0.291,false
PCT_R0.22pct,2026-06-17,2026-06-17 03:57,UP,2026-06-17 04:30,SHORT,30464.00,30455.75,2026-06-17 04:31,STOP_HIT,2,2.25,-28.75,0.410,true
PCT_R0.22pct,2026-06-17,2026-06-17 05:29,DOWN,2026-06-17 05:39,LONG,30408.25,30464.75,2026-06-17 05:40,STOP_HIT,2,36.75,33.00,0.155,false
PCT_R0.22pct,2026-06-17,2026-06-17 05:45,DOWN,2026-06-17 05:57,LONG,30413.00,30466.00,2026-06-17 05:58,STOP_HIT,2,2.75,-45.00,0.159,false
PCT_R0.22pct,2026-06-17,2026-06-17 06:10,UP,2026-06-17 06:22,SHORT,30479.50,30454.00,2026-06-17 06:23,STOP_HIT,2,2.50,-42.25,0.014,true
PCT_R0.22pct,2026-06-17,2026-06-17 06:24,DOWN,2026-06-17 06:43,LONG,30426.00,30456.50,2026-06-17 06:44,STOP_HIT,2,22.25,7.50,0.107,true
PCT_R0.22pct,2026-06-17,2026-06-17 08:02,DOWN,2026-06-17 08:47,LONG,30408.75,30442.50,2026-06-17 08:48,STOP_HIT,2,13.50,-9.50,0.059,true
PCT_R0.22pct,2026-06-17,2026-06-17 10:47,DOWN,2026-06-17 10:58,LONG,30298.50,30423.50,2026-06-17 10:59,STOP_HIT,2,18.50,-23.75,0.084,false
PCT_R0.22pct,2026-06-19,2026-06-18 14:00,DOWN,2026-06-18 14:20,LONG,30694.50,30731.25,2026-06-18 14:21,STOP_HIT,2,3.25,-6.25,0.240,false
PCT_R0.22pct,2026-06-19,2026-06-19 01:00,DOWN,2026-06-19 03:16,LONG,30570.00,30598.25,2026-06-19 03:17,STOP_HIT,2,1.75,-1.00,0.568,true
PCT_R0.22pct,2026-06-19,2026-06-19 04:37,UP,2026-06-19 04:55,SHORT,30636.50,30591.50,2026-06-19 04:56,STOP_HIT,2,9.00,-27.75,0.054,false
PCT_R0.22pct,2026-06-22,2026-06-21 15:59,UP,2026-06-21 16:14,SHORT,30482.25,30481.50,2026-06-21 16:17,STOP_HIT,4,7.25,-12.25,0.013,true
PCT_R0.22pct,2026-06-22,2026-06-21 19:31,DOWN,2026-06-21 20:47,LONG,30562.75,30554.75,2026-06-22 08:02,STOP_HIT,676,405.25,-34.00,0.286,true
PCT_R0.22pct,2026-06-22,2026-06-22 11:08,UP,2026-06-22 12:22,SHORT,30662.25,30640.25,2026-06-22 12:23,STOP_HIT,2,3.75,1.75,0.262,true
PCT_R0.22pct,2026-06-23,2026-06-22 14:02,DOWN,2026-06-22 14:31,LONG,30632.25,30664.00,2026-06-22 14:32,STOP_HIT,2,2.50,-13.00,0.034,false
PCT_R0.22pct,2026-06-23,2026-06-22 16:24,UP,2026-06-22 17:04,SHORT,30608.25,30575.75,2026-06-22 17:05,STOP_HIT,2,9.50,-0.25,0.327,false
PCT_R0.22pct,2026-06-23,2026-06-22 16:45,DOWN,2026-06-22 17:46,LONG,30460.50,30570.75,2026-06-22 17:47,STOP_HIT,2,3.25,-3.50,0.244,false
PCT_R0.22pct,2026-06-23,2026-06-23 08:20,UP,2026-06-23 08:30,SHORT,29877.25,29876.50,2026-06-23 08:41,STOP_HIT,12,39.50,-19.75,0.053,true
PCT_R0.22pct,2026-06-23,2026-06-23 08:24,DOWN,2026-06-23 08:35,LONG,29848.50,29875.75,2026-06-23 08:36,STOP_HIT,2,20.75,12.50,0.268,false
PCT_R0.22pct,2026-06-23,2026-06-23 08:34,UP,2026-06-23 08:46,SHORT,29887.75,29875.75,2026-06-23 09:28,STOP_HIT,43,96.00,6.75,0.027,true
PCT_R0.22pct,2026-06-24,2026-06-23 17:54,DOWN,2026-06-23 18:51,LONG,29673.75,29785.00,2026-06-23 18:52,STOP_HIT,2,10.75,1.50,0.206,false
PCT_R0.22pct,2026-06-24,2026-06-23 20:22,UP,2026-06-23 21:00,SHORT,29784.50,29757.75,2026-06-23 21:01,STOP_HIT,2,4.50,-5.75,0.077,true
PCT_R0.22pct,2026-06-24,2026-06-23 23:47,DOWN,2026-06-24 00:01,LONG,29768.75,29783.25,2026-06-24 01:41,STOP_HIT,101,97.50,7.75,0.100,true
PCT_R0.22pct,2026-06-24,2026-06-24 01:45,UP,2026-06-24 02:18,SHORT,29818.25,29791.50,2026-06-24 02:19,STOP_HIT,2,13.75,10.75,0.351,false
PCT_R0.22pct,2026-06-24,2026-06-24 02:44,DOWN,2026-06-24 03:12,LONG,29781.50,29794.25,2026-06-24 03:13,STOP_HIT,2,0.25,-6.00,0.033,true
PCT_R0.22pct,2026-06-24,2026-06-24 03:20,UP,2026-06-24 03:48,SHORT,29803.00,29793.00,2026-06-24 03:49,STOP_HIT,2,0.25,-46.25,0.219,false
PCT_R0.22pct,2026-06-24,2026-06-24 04:20,DOWN,2026-06-24 05:01,LONG,29756.25,29797.25,2026-06-24 05:02,STOP_HIT,2,22.75,21.00,0.045,true
PCT_R0.22pct,2026-06-24,2026-06-24 07:30,DOWN,2026-06-24 07:48,LONG,29717.50,29758.25,2026-06-24 07:59,STOP_HIT,12,92.50,38.50,0.083,false
PCT_R0.22pct,2026-06-24,2026-06-24 07:53,DOWN,2026-06-24 08:08,LONG,29762.25,29759.75,2026-06-24 08:26,STOP_HIT,19,44.00,-10.00,0.135,true
PCT_R0.22pct,2026-06-24,2026-06-24 08:11,DOWN,2026-06-24 08:35,LONG,29713.25,29760.25,2026-06-24 08:36,STOP_HIT,2,22.00,-29.00,0.006,false
PCT_R0.22pct,2026-06-25,2026-06-24 14:01,DOWN,2026-06-24 14:12,LONG,30094.75,30100.25,2026-06-24 14:14,STOP_HIT,3,12.25,-21.25,0.175,true
PCT_R0.22pct,2026-06-25,2026-06-24 14:57,UP,2026-06-24 15:39,SHORT,30109.75,30072.75,2026-06-24 15:40,STOP_HIT,2,11.00,3.25,0.069,false
PCT_R0.22pct,2026-06-25,2026-06-24 15:46,DOWN,2026-06-24 16:24,LONG,30079.25,30075.75,2026-06-24 16:25,STOP_HIT,2,0.75,-43.25,0.378,true
PCT_R0.22pct,2026-06-25,2026-06-24 18:16,UP,2026-06-24 22:58,SHORT,30104.25,30056.50,2026-06-24 22:59,STOP_HIT,2,2.50,-1.00,0.115,false
PCT_R0.22pct,2026-06-25,2026-06-25 07:46,DOWN,2026-06-25 07:59,LONG,29671.25,29688.25,2026-06-25 08:00,STOP_HIT,2,4.25,0.00,0.150,false
PCT_R0.22pct,2026-06-25,2026-06-25 08:56,UP,2026-06-25 09:11,SHORT,29744.00,29696.75,2026-06-25 09:12,STOP_HIT,2,14.50,-4.00,0.232,false
PCT_R0.22pct,2026-06-25,2026-06-25 09:41,DOWN,2026-06-25 09:51,LONG,29700.25,29705.50,2026-06-25 10:03,STOP_HIT,13,103.75,-17.00,0.198,true
PCT_R0.22pct,2026-06-25,2026-06-25 10:52,DOWN,2026-06-25 11:10,LONG,29706.75,29732.00,2026-06-25 11:11,STOP_HIT,2,7.75,-10.75,0.048,false
PCT_R0.22pct,2026-06-26,2026-06-25 14:00,DOWN,2026-06-25 14:10,LONG,29667.25,29705.25,2026-06-25 14:11,STOP_HIT,2,0.25,-29.00,0.063,false
PCT_R0.22pct,2026-06-26,2026-06-25 14:30,UP,2026-06-25 14:53,SHORT,29669.00,29654.25,2026-06-25 14:54,STOP_HIT,2,2.75,-15.00,0.500,false
PCT_R0.22pct,2026-06-26,2026-06-25 15:56,UP,2026-06-25 16:06,SHORT,29752.00,29710.25,2026-06-25 16:07,STOP_HIT,2,9.00,-7.75,0.126,false
PCT_R0.22pct,2026-06-26,2026-06-25 16:09,DOWN,2026-06-25 16:32,LONG,29687.25,29718.25,2026-06-25 16:33,STOP_HIT,2,16.50,-22.75,0.066,false
PCT_R0.22pct,2026-06-26,2026-06-25 23:32,DOWN,2026-06-26 01:16,LONG,29400.00,29471.00,2026-06-26 01:17,STOP_HIT,2,3.50,-1.75,0.296,true
PCT_R0.22pct,2026-06-26,2026-06-26 09:30,DOWN,2026-06-26 11:00,LONG,29417.00,29509.50,2026-06-26 11:01,STOP_HIT,2,24.50,13.25,0.056,true
PCT_R0.22pct,2026-06-29,2026-06-28 14:01,UP,2026-06-28 14:16,SHORT,29534.75,29486.75,2026-06-28 14:17,STOP_HIT,2,8.00,-20.00,0.093,false
PCT_R0.22pct,2026-06-29,2026-06-28 17:30,UP,2026-06-28 17:44,SHORT,29543.75,29505.25,2026-06-28 17:45,STOP_HIT,2,29.25,20.25,0.039,true
PCT_R0.22pct,2026-06-29,2026-06-28 17:42,DOWN,2026-06-28 18:16,LONG,29414.00,29504.75,2026-06-28 18:17,STOP_HIT,2,14.25,10.25,0.173,true
PCT_R0.22pct,2026-06-29,2026-06-28 18:15,UP,2026-06-28 18:53,SHORT,29521.25,29505.25,2026-06-28 18:54,STOP_HIT,2,8.75,4.25,0.733,true
PCT_R0.22pct,2026-06-29,2026-06-28 19:38,UP,2026-06-28 19:50,SHORT,29555.50,29510.50,2026-06-28 19:51,STOP_HIT,2,2.50,-30.25,0.074,false
PCT_R0.22pct,2026-06-29,2026-06-28 21:05,UP,2026-06-28 21:27,SHORT,29534.75,29518.50,2026-06-28 21:28,STOP_HIT,2,12.25,7.25,0.292,true
PCT_R0.22pct,2026-06-29,2026-06-29 06:38,DOWN,2026-06-29 06:48,LONG,29511.25,29589.00,2026-06-29 06:49,STOP_HIT,2,73.00,58.25,0.012,false
PCT_R0.22pct,2026-06-30,2026-06-29 14:02,UP,2026-06-29 15:10,SHORT,30037.50,30010.75,2026-06-29 15:11,STOP_HIT,2,4.25,-2.25,0.317,false
PCT_R0.22pct,2026-06-30,2026-06-29 16:17,DOWN,2026-06-29 16:31,LONG,29971.00,30026.25,2026-06-29 16:32,STOP_HIT,2,5.50,-8.75,0.136,false
PCT_R0.22pct,2026-06-30,2026-06-29 17:13,UP,2026-06-29 17:32,SHORT,30066.75,30009.50,2026-06-29 17:33,STOP_HIT,2,7.25,4.25,0.256,true
PCT_R0.22pct,2026-06-30,2026-06-30 00:30,DOWN,2026-06-30 00:41,LONG,30036.00,30065.50,2026-06-30 00:42,STOP_HIT,2,16.50,8.25,0.055,false
PCT_R0.22pct,2026-06-30,2026-06-30 00:40,UP,2026-06-30 01:18,SHORT,30081.50,30065.00,2026-06-30 01:19,STOP_HIT,2,5.75,0.00,0.053,false
PCT_R0.22pct,2026-06-30,2026-06-30 03:51,DOWN,2026-06-30 04:34,LONG,30018.75,30084.50,2026-06-30 04:35,STOP_HIT,2,9.75,5.75,0.313,true
PCT_R0.22pct,2026-07-01,2026-06-30 16:00,DOWN,2026-06-30 17:11,LONG,30492.00,30525.50,2026-06-30 17:12,STOP_HIT,2,3.75,-12.50,0.125,false
PCT_R0.22pct,2026-07-01,2026-07-01 06:12,DOWN,2026-07-01 06:22,LONG,30296.25,30288.50,2026-07-01 06:29,STOP_HIT,8,17.25,-11.50,0.082,true
PCT_R0.22pct,2026-07-01,2026-07-01 07:09,UP,2026-07-01 07:20,SHORT,30298.50,30265.00,2026-07-01 07:21,STOP_HIT,2,0.00,-13.50,0.043,true
PCT_R0.22pct,2026-07-01,2026-07-01 07:31,DOWN,2026-07-01 08:04,LONG,30256.50,30271.75,2026-07-01 08:05,STOP_HIT,2,5.75,-15.75,0.053,false
PCT_R0.22pct,2026-07-02,2026-07-01 14:17,UP,2026-07-01 14:59,SHORT,30109.50,30092.75,2026-07-01 15:00,STOP_HIT,2,13.25,13.25,0.076,true
PCT_R0.22pct,2026-07-02,2026-07-01 16:36,DOWN,2026-07-01 16:46,LONG,30012.75,30056.25,2026-07-01 16:47,STOP_HIT,2,20.25,8.00,0.061,false
PCT_R0.22pct,2026-07-02,2026-07-01 16:45,UP,2026-07-01 16:55,SHORT,30095.50,30055.75,2026-07-01 16:56,STOP_HIT,2,2.25,-14.00,0.038,true
PCT_R0.22pct,2026-07-02,2026-07-01 20:49,UP,2026-07-01 21:01,SHORT,30097.75,30105.00,2026-07-01 21:02,STOP_HIT,2,3.50,-10.00,0.059,true
PCT_R0.22pct,2026-07-02,2026-07-01 21:15,DOWN,2026-07-01 21:41,LONG,30058.00,30107.50,2026-07-01 21:42,STOP_HIT,2,16.25,-7.50,0.083,false
PCT_R0.22pct,2026-07-02,2026-07-02 06:16,DOWN,2026-07-02 06:26,LONG,30069.00,30122.00,2026-07-02 06:27,STOP_HIT,2,14.50,-117.25,0.057,false
PCT_R0.22pct,2026-07-03,2026-07-02 14:56,DOWN,2026-07-02 15:14,LONG,29557.75,29588.75,2026-07-02 15:15,STOP_HIT,2,9.00,7.25,0.375,false
PCT_R0.22pct,2026-07-03,2026-07-02 15:19,UP,2026-07-02 15:35,SHORT,29613.75,29588.50,2026-07-02 15:36,STOP_HIT,2,9.75,8.75,0.023,true
PCT_R0.22pct,2026-07-03,2026-07-02 16:00,DOWN,2026-07-02 16:10,LONG,29552.25,29589.25,2026-07-02 16:11,STOP_HIT,2,13.75,8.75,0.355,false
PCT_R0.22pct,2026-07-03,2026-07-02 16:10,UP,2026-07-02 16:20,SHORT,29591.75,29589.00,2026-07-02 16:21,STOP_HIT,2,10.75,1.75,0.390,false
PCT_R0.22pct,2026-07-03,2026-07-02 16:15,DOWN,2026-07-02 16:31,LONG,29539.75,29588.00,2026-07-02 16:32,STOP_HIT,2,23.50,7.75,0.249,false
PCT_R0.22pct,2026-07-06,2026-07-05 14:00,DOWN,2026-07-05 14:10,LONG,29881.75,29905.50,2026-07-05 14:11,STOP_HIT,2,8.75,6.75,0.192,true
PCT_R0.22pct,2026-07-06,2026-07-05 14:05,UP,2026-07-05 14:37,SHORT,29959.75,29917.50,2026-07-05 14:38,STOP_HIT,2,1.00,-5.50,0.143,false
PCT_R0.22pct,2026-07-06,2026-07-05 16:02,UP,2026-07-05 16:15,SHORT,29982.50,29951.75,2026-07-05 16:16,STOP_HIT,2,4.25,-15.00,0.235,false
PCT_R0.22pct,2026-07-06,2026-07-05 21:34,UP,2026-07-05 23:25,SHORT,29836.50,29830.50,2026-07-05 23:32,STOP_HIT,8,20.25,-6.50,0.108,false
PCT_R0.22pct,2026-07-06,2026-07-06 00:16,UP,2026-07-06 01:02,SHORT,29868.75,29833.50,2026-07-06 01:03,STOP_HIT,2,11.75,6.75,0.288,false
PCT_R0.22pct,2026-07-06,2026-07-06 05:00,DOWN,2026-07-06 05:23,LONG,29845.50,29860.50,2026-07-06 05:24,STOP_HIT,2,4.50,-7.50,0.097,true
PCT_R0.22pct,2026-07-06,2026-07-06 09:42,UP,2026-07-06 10:42,SHORT,29975.25,29954.75,2026-07-06 10:43,STOP_HIT,2,2.50,-6.50,0.028,false
PCT_R0.22pct,2026-07-06,2026-07-06 11:24,DOWN,2026-07-06 12:03,LONG,29960.00,29964.25,2026-07-06 12:04,STOP_HIT,2,4.75,-11.25,0.117,true
PCT_R0.22pct,2026-07-07,2026-07-06 14:21,DOWN,2026-07-06 14:54,LONG,29907.00,29953.75,2026-07-06 14:55,STOP_HIT,2,3.75,-12.25,0.453,false
PCT_R0.22pct,2026-07-07,2026-07-07 04:10,DOWN,2026-07-07 04:49,LONG,29638.25,29688.50,2026-07-07 04:50,STOP_HIT,2,9.50,4.50,0.273,false
PCT_R0.22pct,2026-07-07,2026-07-07 09:08,DOWN,2026-07-07 11:13,LONG,29326.00,29519.00,2026-07-07 11:14,STOP_HIT,2,23.00,7.75,0.103,true
PCT_R0.22pct,2026-07-08,2026-07-07 14:00,UP,2026-07-07 14:17,SHORT,29383.00,29363.50,2026-07-07 14:18,STOP_HIT,2,7.25,3.25,0.028,false
PCT_R0.22pct,2026-07-08,2026-07-07 16:00,UP,2026-07-07 16:16,SHORT,29421.75,29370.75,2026-07-07 16:17,STOP_HIT,2,26.75,23.50,0.050,false
PCT_R0.22pct,2026-07-08,2026-07-07 18:12,UP,2026-07-07 18:27,SHORT,29453.75,29418.50,2026-07-07 18:28,STOP_HIT,2,22.00,21.25,0.046,false
PCT_R0.22pct,2026-07-08,2026-07-07 19:31,DOWN,2026-07-07 21:03,LONG,29408.75,29434.75,2026-07-07 21:04,STOP_HIT,2,15.50,5.75,0.204,false
PCT_R0.22pct,2026-07-09,2026-07-08 15:20,UP,2026-07-08 15:36,SHORT,29482.75,29426.00,2026-07-08 15:37,STOP_HIT,2,31.00,27.75,0.401,false
PCT_R0.22pct,2026-07-09,2026-07-08 17:20,DOWN,2026-07-08 17:57,LONG,29453.50,29511.00,2026-07-08 17:58,STOP_HIT,2,9.75,-5.25,0.293,false
PCT_R0.22pct,2026-07-09,2026-07-08 18:02,UP,2026-07-08 18:17,SHORT,29529.75,29504.00,2026-07-08 18:18,STOP_HIT,2,12.50,-14.50,0.349,true
PCT_R0.22pct,2026-07-09,2026-07-08 18:21,DOWN,2026-07-08 18:49,LONG,29451.00,29508.00,2026-07-08 18:50,STOP_HIT,2,6.50,-7.50,0.145,false
PCT_R0.22pct,2026-07-09,2026-07-08 19:19,UP,2026-07-08 20:02,SHORT,29515.00,29495.25,2026-07-08 20:03,STOP_HIT,2,15.00,7.25,0.087,false
PCT_R0.22pct,2026-07-10,2026-07-09 15:26,DOWN,2026-07-09 16:03,LONG,29905.00,29935.25,2026-07-09 16:04,STOP_HIT,2,7.75,2.25,0.070,false
PCT_R0.22pct,2026-07-10,2026-07-09 17:51,DOWN,2026-07-09 18:23,LONG,29857.75,29880.50,2026-07-09 18:24,STOP_HIT,2,11.50,11.50,0.197,false
PCT_R0.22pct,2026-07-10,2026-07-09 19:07,DOWN,2026-07-09 22:03,LONG,29850.25,29889.00,2026-07-09 22:04,STOP_HIT,2,3.50,3.50,0.171,false
PCT_R0.22pct,2026-07-10,2026-07-10 03:16,DOWN,2026-07-10 03:35,LONG,29836.75,29855.50,2026-07-10 03:36,STOP_HIT,2,3.50,-10.00,0.047,false
PCT_R0.22pct,2026-07-10,2026-07-10 05:04,UP,2026-07-10 05:33,SHORT,29912.75,29843.75,2026-07-10 05:34,STOP_HIT,2,19.25,10.00,0.129,false
PCT_R0.22pct,2026-07-10,2026-07-10 07:05,UP,2026-07-10 07:17,SHORT,29939.75,29872.00,2026-07-10 07:18,STOP_HIT,2,19.50,9.75,0.033,false
PCT_R0.22pct,2026-07-10,2026-07-10 07:42,UP,2026-07-10 07:52,SHORT,29907.00,29876.75,2026-07-10 07:53,STOP_HIT,2,1.25,-19.75,0.042,false
PCT_R0.22pct,2026-07-13,2026-07-12 14:01,DOWN,2026-07-12 14:15,LONG,29866.25,29910.25,2026-07-12 14:16,STOP_HIT,2,21.50,11.75,0.183,false
PCT_R0.22pct,2026-07-13,2026-07-12 15:47,UP,2026-07-12 16:04,SHORT,29957.75,29891.00,2026-07-12 16:05,STOP_HIT,2,1.25,-7.75,0.085,false
PCT_R0.22pct,2026-07-13,2026-07-12 16:10,DOWN,2026-07-12 17:04,LONG,29840.00,29894.00,2026-07-12 17:05,STOP_HIT,2,0.00,-20.00,0.122,true
PCT_R0.22pct,2026-07-13,2026-07-13 03:06,DOWN,2026-07-13 04:05,LONG,29728.75,29756.50,2026-07-13 04:06,STOP_HIT,2,6.75,-0.75,0.096,true
PCT_R0.22pct,2026-07-13,2026-07-13 06:30,DOWN,2026-07-13 06:47,LONG,29643.00,29670.75,2026-07-13 06:48,STOP_HIT,2,33.00,26.00,0.107,true
PCT_R0.22pct,2026-07-13,2026-07-13 07:24,DOWN,2026-07-13 07:49,LONG,29623.25,29677.50,2026-07-13 07:50,STOP_HIT,2,18.50,-1.50,0.223,false
PCT_R0.22pct,2026-07-14,2026-07-13 14:00,DOWN,2026-07-13 14:55,LONG,29412.25,29449.25,2026-07-13 14:56,STOP_HIT,2,0.00,-16.25,0.185,false
PCT_R0.22pct,2026-07-14,2026-07-13 15:45,UP,2026-07-13 16:03,SHORT,29405.00,29395.50,2026-07-13 16:11,STOP_HIT,9,79.25,-21.00,0.092,true
PCT_R0.22pct,2026-07-14,2026-07-13 18:35,UP,2026-07-13 18:49,SHORT,29432.50,29436.00,2026-07-13 20:28,STOP_HIT,100,129.00,-17.00,0.481,true
PCT_R0.22pct,2026-07-14,2026-07-13 18:44,DOWN,2026-07-13 18:54,LONG,29394.00,29435.00,2026-07-13 18:55,STOP_HIT,2,4.75,2.75,0.098,false
PCT_R0.22pct,2026-07-14,2026-07-13 20:12,UP,2026-07-13 20:28,SHORT,29447.50,29419.00,2026-07-13 20:29,STOP_HIT,2,4.00,-2.50,0.398,false
PCT_R0.22pct,2026-07-15,2026-07-14 14:11,UP,2026-07-14 15:26,SHORT,29852.25,29782.00,2026-07-14 15:27,STOP_HIT,2,17.25,5.75,0.315,false
PCT_R0.22pct,2026-07-15,2026-07-14 23:27,UP,2026-07-14 23:49,SHORT,29997.25,29961.50,2026-07-14 23:50,STOP_HIT,2,7.00,-5.25,0.248,false
PCT_R0.22pct,2026-07-15,2026-07-14 23:53,DOWN,2026-07-15 00:05,LONG,29933.00,29962.75,2026-07-15 00:06,STOP_HIT,2,2.50,-3.50,0.184,false
PCT_R0.22pct,2026-07-15,2026-07-15 04:25,UP,2026-07-15 04:35,SHORT,29941.75,29933.25,2026-07-15 04:36,STOP_HIT,2,3.25,-4.00,0.009,true
PCT_R0.22pct,2026-07-15,2026-07-15 05:07,DOWN,2026-07-15 05:32,LONG,29941.75,29945.25,2026-07-15 05:33,STOP_HIT,2,9.00,-10.50,0.063,false
PCT_R0.22pct,2026-07-15,2026-07-15 10:23,DOWN,2026-07-15 10:47,LONG,29641.50,29702.25,2026-07-15 10:48,STOP_HIT,2,17.50,11.50,0.248,false
PCT_R0.22pct,2026-07-16,2026-07-15 14:06,DOWN,2026-07-15 14:50,LONG,29682.00,29716.00,2026-07-15 14:51,STOP_HIT,2,12.25,4.50,0.410,false
PCT_R0.22pct,2026-07-16,2026-07-15 14:55,UP,2026-07-15 16:03,SHORT,29737.50,29712.00,2026-07-15 16:04,STOP_HIT,2,15.50,-4.00,0.294,false
PCT_R0.22pct,2026-07-16,2026-07-15 18:03,UP,2026-07-15 18:43,SHORT,29685.00,29685.50,2026-07-15 18:46,STOP_HIT,4,15.00,-5.75,0.000,false
PCT_R0.22pct,2026-07-16,2026-07-15 21:30,DOWN,2026-07-15 21:52,LONG,29686.75,29700.50,2026-07-15 21:53,STOP_HIT,2,3.25,1.00,0.375,true
PCT_R0.22pct,2026-07-16,2026-07-15 22:17,DOWN,2026-07-15 22:31,LONG,29689.75,29702.25,2026-07-15 22:32,STOP_HIT,2,2.50,-3.50,0.171,false
PCT_R0.22pct,2026-07-16,2026-07-16 06:22,UP,2026-07-16 06:38,SHORT,29490.50,29465.75,2026-07-16 12:59,TIME_EXPIRED,382,412.00,311.50,0.242,false
PCT_R0.22pct,2026-07-16,2026-07-16 06:37,DOWN,2026-07-16 06:47,LONG,29458.25,29464.75,2026-07-16 06:48,STOP_HIT,2,20.75,-3.25,0.117,false
PCT_R0.22pct,2026-07-17,2026-07-16 14:04,DOWN,2026-07-16 14:33,LONG,29156.75,29171.75,2026-07-16 14:34,STOP_HIT,2,2.50,-14.50,0.395,true
PCT_R0.22pct,2026-07-17,2026-07-17 02:41,DOWN,2026-07-17 03:05,LONG,28761.50,28804.75,2026-07-17 03:06,STOP_HIT,2,20.25,9.25,0.140,false
PCT_R0.22pct,2026-07-17,2026-07-17 06:47,DOWN,2026-07-17 07:03,LONG,28716.50,28760.00,2026-07-17 07:04,STOP_HIT,2,5.50,-26.50,0.034,true
PCT_R0.22pct,2026-07-17,2026-07-17 07:24,UP,2026-07-17 07:35,SHORT,28753.75,28748.75,2026-07-17 07:36,STOP_HIT,2,28.75,-23.50,0.069,true
PCT_R0.22pct,2026-07-17,2026-07-17 10:55,DOWN,2026-07-17 11:20,LONG,28767.25,28808.25,2026-07-17 11:21,STOP_HIT,2,0.50,-13.50,0.017,true
PCT_R0.22pct,2026-07-17,2026-07-17 11:30,DOWN,2026-07-17 11:40,LONG,28767.75,28806.75,2026-07-17 11:41,STOP_HIT,2,28.00,23.75,0.101,false
PCT_R0.22pct,2026-07-17,2026-07-17 11:40,UP,2026-07-17 11:51,SHORT,28820.00,28806.25,2026-07-17 11:52,STOP_HIT,2,3.25,-8.00,0.014,true
PCT_R0.22pct,2026-07-17,2026-07-17 11:51,DOWN,2026-07-17 12:03,LONG,28740.50,28806.75,2026-07-17 12:04,STOP_HIT,2,1.00,-12.00,0.057,false
PCT_R0.22pct,2026-07-20,2026-07-19 14:01,DOWN,2026-07-19 14:11,LONG,28720.00,28746.50,2026-07-19 14:12,STOP_HIT,2,12.00,0.25,0.252,false
PCT_R0.22pct,2026-07-20,2026-07-19 14:14,UP,2026-07-19 14:32,SHORT,28766.25,28764.00,2026-07-19 14:33,STOP_HIT,2,8.50,-54.00,0.143,true
PCT_R0.22pct,2026-07-20,2026-07-19 17:56,UP,2026-07-19 18:06,SHORT,28875.00,28832.00,2026-07-19 18:07,STOP_HIT,2,9.00,0.75,0.008,false
PCT_R0.22pct,2026-07-20,2026-07-19 18:06,DOWN,2026-07-19 18:24,LONG,28798.00,28832.50,2026-07-19 18:25,STOP_HIT,2,15.75,4.25,0.019,true
PCT_R0.22pct,2026-07-20,2026-07-19 20:51,DOWN,2026-07-19 21:14,LONG,28856.00,28859.25,2026-07-19 21:16,STOP_HIT,3,13.00,-5.50,0.355,true
PCT_R0.22pct,2026-07-20,2026-07-19 22:35,UP,2026-07-20 00:00,SHORT,28908.25,28850.50,2026-07-20 00:01,STOP_HIT,2,2.75,-9.25,0.051,false
PCT_R0.22pct,2026-07-20,2026-07-20 06:04,DOWN,2026-07-20 06:14,LONG,28967.50,28992.25,2026-07-20 06:17,STOP_HIT,4,38.00,-15.25,0.032,true
PCT_R0.22pct,2026-07-20,2026-07-20 06:30,DOWN,2026-07-20 06:46,LONG,28974.25,28987.50,2026-07-20 06:48,STOP_HIT,3,30.00,-32.25,0.002,true
PCT_R0.22pct,2026-07-20,2026-07-20 07:05,UP,2026-07-20 07:30,SHORT,29015.75,28975.00,2026-07-20 07:31,STOP_HIT,2,1.25,-12.50,0.156,false
PCT_R0.22pct,2026-07-20,2026-07-20 08:41,DOWN,2026-07-20 09:04,LONG,28969.00,28994.25,2026-07-20 09:05,STOP_HIT,2,3.00,-15.00,0.024,false
PCT_R0.22pct,2026-07-21,2026-07-20 14:00,DOWN,2026-07-20 14:10,LONG,28728.75,28733.50,2026-07-20 14:11,STOP_HIT,2,8.00,-2.00,0.234,true
PCT_R0.22pct,2026-07-21,2026-07-20 14:34,UP,2026-07-20 15:09,SHORT,28765.75,28724.00,2026-07-20 15:10,STOP_HIT,2,2.75,-10.75,0.099,false
PCT_R0.22pct,2026-07-21,2026-07-20 15:45,DOWN,2026-07-20 16:16,LONG,28721.50,28748.75,2026-07-21 12:59,TIME_EXPIRED,1244,643.25,568.25,0.072,false
PCT_R0.22pct,2026-07-21,2026-07-20 16:07,UP,2026-07-20 16:27,SHORT,28804.00,28758.25,2026-07-20 16:28,STOP_HIT,2,0.00,-15.75,0.318,false
PCT_R0.22pct,2026-07-22,2026-07-21 14:48,UP,2026-07-21 16:03,SHORT,29317.75,29286.75,2026-07-21 16:04,STOP_HIT,2,5.25,-4.50,0.066,false
PCT_R0.22pct,2026-07-22,2026-07-21 16:11,DOWN,2026-07-21 16:46,LONG,29273.75,29292.00,2026-07-21 16:47,STOP_HIT,2,5.25,-7.25,0.507,false
PCT_R0.22pct,2026-07-22,2026-07-21 17:31,UP,2026-07-21 17:59,SHORT,29281.50,29283.25,2026-07-22 07:06,STOP_HIT,788,329.50,-10.25,0.206,true
PCT_R0.22pct,2026-07-22,2026-07-22 04:56,UP,2026-07-22 05:42,SHORT,29158.00,29129.25,2026-07-22 05:43,STOP_HIT,2,4.00,-20.00,0.052,false
PCT_R0.22pct,2026-07-23,2026-07-22 14:00,DOWN,2026-07-22 14:10,LONG,29066.50,29089.00,2026-07-22 14:11,STOP_HIT,2,16.25,6.25,0.027,true
PCT_R0.22pct,2026-07-23,2026-07-22 15:04,UP,2026-07-22 15:59,SHORT,29136.50,29079.00,2026-07-22 16:00,STOP_HIT,2,4.00,-16.00,0.126,true
PCT_R0.22pct,2026-07-23,2026-07-22 20:35,DOWN,2026-07-22 21:13,LONG,29110.00,29122.00,2026-07-22 21:14,STOP_HIT,2,8.75,8.75,0.115,false
PCT_R0.22pct,2026-07-23,2026-07-22 21:32,DOWN,2026-07-22 21:58,LONG,29100.00,29122.50,2026-07-22 21:59,STOP_HIT,2,0.00,-12.00,0.670,false
PCT_R0.22pct,2026-07-23,2026-07-23 01:03,DOWN,2026-07-23 01:35,LONG,29074.75,29096.25,2026-07-23 01:36,STOP_HIT,2,2.50,-2.25,0.451,false
PCT_R0.22pct,2026-07-23,2026-07-23 02:16,UP,2026-07-23 02:50,SHORT,29106.75,29093.25,2026-07-23 02:51,STOP_HIT,2,9.50,5.50,0.238,false
PCT_R0.22pct,2026-07-23,2026-07-23 02:41,DOWN,2026-07-23 03:03,LONG,29062.00,29093.50,2026-07-23 03:04,STOP_HIT,2,8.75,-5.50,0.037,false
PCT_R0.22pct,2026-07-23,2026-07-23 12:00,UP,2026-07-23 12:10,SHORT,28714.75,28691.50,2026-07-23 12:11,STOP_HIT,2,1.50,-15.75,0.183,false
PCT_R0.22pct,2026-07-24,2026-07-23 14:00,DOWN,2026-07-23 14:11,LONG,28642.75,28664.75,2026-07-23 14:12,STOP_HIT,2,6.50,-3.00,0.366,false
PCT_R0.22pct,2026-07-24,2026-07-23 14:19,UP,2026-07-23 14:31,SHORT,28684.50,28660.50,2026-07-23 14:32,STOP_HIT,2,6.25,-0.50,0.276,false
PCT_R0.22pct,2026-07-24,2026-07-23 15:54,UP,2026-07-23 16:04,SHORT,28680.75,28687.25,2026-07-23 17:05,STOP_HIT,62,65.00,-13.25,0.141,true
PCT_R0.22pct,2026-07-24,2026-07-23 16:35,UP,2026-07-23 17:21,SHORT,28664.50,28670.25,2026-07-23 17:26,STOP_HIT,6,23.25,-20.00,0.041,false
PCT_R0.22pct,2026-07-24,2026-07-23 17:08,DOWN,2026-07-23 17:51,LONG,28635.25,28669.25,2026-07-23 17:52,STOP_HIT,2,9.75,-1.50,0.185,false
PCT_R0.22pct,2026-07-24,2026-07-23 22:49,UP,2026-07-23 23:23,SHORT,28641.50,28612.50,2026-07-23 23:24,STOP_HIT,2,8.50,3.25,0.136,false
PCT_R0.22pct,2026-07-24,2026-07-23 23:26,DOWN,2026-07-24 00:04,LONG,28602.50,28617.25,2026-07-24 00:05,STOP_HIT,2,3.00,-20.75,0.010,false
PCT_R0.22pct,2026-07-24,2026-07-24 00:12,UP,2026-07-24 00:47,SHORT,28624.25,28614.75,2026-07-24 00:50,STOP_HIT,4,15.25,5.50,0.209,true
PCT_R0.22pct,2026-07-24,2026-07-24 04:18,DOWN,2026-07-24 05:01,LONG,28586.50,28633.50,2026-07-24 05:02,STOP_HIT,2,11.25,10.25,0.120,false
PCT_R0.22pct,2026-07-24,2026-07-24 08:10,DOWN,2026-07-24 09:15,LONG,28458.00,28509.00,2026-07-24 09:16,STOP_HIT,2,7.00,-13.25,0.060,false
PCT_R0.22pct,2026-07-27,2026-07-26 14:01,DOWN,2026-07-26 14:11,LONG,28593.75,28616.00,2026-07-26 14:12,STOP_HIT,2,4.00,1.25,0.098,false
PCT_R0.22pct,2026-07-27,2026-07-26 14:09,UP,2026-07-26 14:24,SHORT,28630.00,28619.25,2026-07-26 14:25,STOP_HIT,2,11.00,7.75,0.195,false
PCT_R0.22pct,2026-07-27,2026-07-26 16:00,DOWN,2026-07-26 16:27,LONG,28627.25,28630.25,2026-07-26 16:28,STOP_HIT,2,16.75,-8.00,0.063,true
PCT_R0.22pct,2026-07-27,2026-07-26 18:46,DOWN,2026-07-26 19:57,LONG,28610.25,28620.00,2026-07-26 19:58,STOP_HIT,2,14.25,3.25,0.150,true
PCT_R0.22pct,2026-07-27,2026-07-27 04:22,UP,2026-07-27 04:49,SHORT,28689.50,28652.00,2026-07-27 04:50,STOP_HIT,2,8.00,6.50,0.028,true
PCT_R0.22pct,2026-07-27,2026-07-27 05:00,DOWN,2026-07-27 05:26,LONG,28625.00,28655.75,2026-07-27 05:27,STOP_HIT,2,3.50,-11.75,0.128,false
PCT_R0.22pct,2026-07-27,2026-07-27 10:40,UP,2026-07-27 11:12,SHORT,28224.00,28166.50,2026-07-27 11:13,STOP_HIT,2,30.75,26.25,0.194,true
PCT_R0.22pct,2026-07-28,2026-07-27 14:00,DOWN,2026-07-27 14:14,LONG,28159.50,28190.00,2026-07-27 14:15,STOP_HIT,2,8.25,-1.75,0.418,false
PCT_R0.22pct,2026-07-28,2026-07-27 15:04,UP,2026-07-27 15:52,SHORT,28165.25,28141.50,2026-07-27 15:53,STOP_HIT,2,2.00,-4.50,0.300,false
PCT_R0.22pct,2026-07-28,2026-07-28 00:11,UP,2026-07-28 00:42,SHORT,28039.50,27990.50,2026-07-28 00:43,STOP_HIT,2,8.50,-1.50,0.110,false
PCT_R0.22pct,2026-07-28,2026-07-28 00:47,DOWN,2026-07-28 01:45,LONG,27973.75,27993.75,2026-07-28 01:46,STOP_HIT,2,7.50,0.00,0.186,false
PCT_R0.22pct,2026-07-28,2026-07-28 03:41,UP,2026-07-28 04:39,SHORT,27972.25,27975.00,2026-07-28 04:43,STOP_HIT,5,16.00,-27.00,0.020,true
PCT_R0.22pct,2026-07-28,2026-07-28 04:30,DOWN,2026-07-28 04:42,LONG,27967.50,27974.50,2026-07-28 05:28,STOP_HIT,47,65.25,-19.50,0.111,true
PCT_R0.22pct,2026-07-28,2026-07-28 10:00,DOWN,2026-07-28 10:23,LONG,27944.25,27934.25,2026-07-28 10:24,STOP_HIT,2,3.50,-18.50,0.005,true
PCT_R0.22pct,2026-07-28,2026-07-28 10:17,UP,2026-07-28 10:48,SHORT,27963.25,27934.50,2026-07-28 10:49,STOP_HIT,2,13.50,8.25,0.051,true
PCT_R0.22pct,2026-07-28,2026-07-28 11:30,DOWN,2026-07-28 12:00,LONG,27919.50,27943.50,2026-07-28 12:02,STOP_HIT,3,35.50,-4.25,0.041,false
PCT_R0.22pct,2026-07-28,2026-07-28 12:06,UP,2026-07-28 12:42,SHORT,27940.25,27943.00,2026-07-28 12:43,STOP_HIT,2,0.25,-5.25,0.399,false
PCT_R0.22pct,2026-07-29,2026-07-28 14:10,DOWN,2026-07-28 14:46,LONG,27844.00,27926.50,2026-07-28 14:47,STOP_HIT,2,4.25,-24.75,0.214,false
PCT_R0.22pct,2026-07-29,2026-07-28 15:10,UP,2026-07-28 15:24,SHORT,27875.75,27835.00,2026-07-28 15:25,STOP_HIT,2,9.00,8.50,0.107,false
PCT_R0.22pct,2026-07-29,2026-07-28 16:45,DOWN,2026-07-28 17:22,LONG,27951.75,27969.00,2026-07-28 17:31,STOP_HIT,10,55.25,12.50,0.019,true
PCT_R0.22pct,2026-07-29,2026-07-28 17:27,DOWN,2026-07-28 17:37,LONG,27939.25,27971.25,2026-07-28 17:38,STOP_HIT,2,18.75,12.25,0.000,false
PCT_R0.22pct,2026-07-29,2026-07-28 22:10,UP,2026-07-28 22:55,SHORT,27928.50,27850.00,2026-07-28 22:56,STOP_HIT,2,0.75,-7.25,0.325,true
PCT_R0.22pct,2026-07-29,2026-07-29 04:30,UP,2026-07-29 04:55,SHORT,27926.50,27902.50,2026-07-29 04:56,STOP_HIT,2,7.00,2.50,0.082,false
PCT_R0.22pct,2026-07-29,2026-07-29 04:56,DOWN,2026-07-29 05:07,LONG,27873.75,27902.50,2026-07-29 05:08,STOP_HIT,2,17.50,17.50,0.097,false
PCT_R0.22pct,2026-07-29,2026-07-29 05:20,UP,2026-07-29 05:30,SHORT,27914.50,27901.25,2026-07-29 05:33,STOP_HIT,4,78.00,-45.75,0.025,false
PCT_R0.22pct,2026-07-30,2026-07-29 14:00,UP,2026-07-29 14:10,SHORT,27440.50,27350.75,2026-07-29 14:11,STOP_HIT,2,10.75,-38.75,0.267,false
PCT_R0.22pct,2026-07-30,2026-07-29 14:28,UP,2026-07-29 14:38,SHORT,27458.50,27434.50,2026-07-29 14:39,STOP_HIT,2,12.75,12.00,0.298,false
PCT_R0.22pct,2026-07-30,2026-07-29 14:45,DOWN,2026-07-29 14:55,LONG,27432.75,27438.00,2026-07-29 14:56,STOP_HIT,2,6.00,1.25,0.148,true
PCT_R0.22pct,2026-07-30,2026-07-29 18:48,DOWN,2026-07-29 19:20,LONG,27485.50,27537.75,2026-07-29 19:21,STOP_HIT,2,8.25,2.75,0.267,false
PCT_R0.22pct,2026-07-30,2026-07-29 19:40,UP,2026-07-29 19:50,SHORT,27549.75,27533.50,2026-07-29 19:51,STOP_HIT,2,18.25,-10.75,0.019,false
PCT_R0.22pct,2026-07-30,2026-07-29 19:49,DOWN,2026-07-29 20:09,LONG,27507.00,27534.00,2026-07-29 20:10,STOP_HIT,2,1.50,-21.00,0.225,false
PCT_R0.22pct,2026-07-30,2026-07-30 00:57,UP,2026-07-30 01:15,SHORT,27536.75,27503.50,2026-07-30 01:16,STOP_HIT,2,11.50,-10.25,0.060,true
PCT_R0.22pct,2026-07-31,2026-07-30 14:00,UP,2026-07-30 14:10,SHORT,28400.00,28384.25,2026-07-30 14:11,STOP_HIT,2,6.50,-2.00,0.361,false
PCT_R0.22pct,2026-07-31,2026-07-30 14:03,DOWN,2026-07-30 14:28,LONG,28352.50,28382.25,2026-07-30 14:29,STOP_HIT,2,10.50,1.50,0.107,false
PCT_R0.22pct,2026-07-31,2026-07-30 14:32,UP,2026-07-30 14:43,SHORT,28392.00,28377.50,2026-07-30 14:44,STOP_HIT,2,7.25,-11.00,0.425,false
PCT_R0.22pct,2026-07-31,2026-07-30 15:03,DOWN,2026-07-30 15:33,LONG,28383.50,28384.25,2026-07-30 15:38,STOP_HIT,6,4.50,-2.25,0.208,false
PCT_R0.22pct,2026-07-31,2026-07-30 18:37,UP,2026-07-30 19:57,SHORT,28466.25,28439.00,2026-07-30 19:58,STOP_HIT,2,5.25,4.50,0.173,false
PCT_R0.22pct,2026-07-31,2026-07-31 03:08,DOWN,2026-07-31 04:33,LONG,28476.75,28505.75,2026-07-31 04:34,STOP_HIT,2,5.00,-14.50,0.089,false
PCT_R0.22pct,2026-07-31,2026-07-31 04:42,UP,2026-07-31 05:25,SHORT,28549.75,28501.75,2026-07-31 05:26,STOP_HIT,2,0.00,-5.50,0.006,true
PCT_R0.22pct,2026-07-31,2026-07-31 08:35,DOWN,2026-07-31 08:49,LONG,28342.50,28338.75,2026-07-31 12:56,STOP_HIT,248,181.50,-28.25,0.036,false
PCT_R0.22pct,2026-07-31,2026-07-31 11:59,DOWN,2026-07-31 12:09,LONG,28392.50,28397.50,2026-07-31 12:10,STOP_HIT,2,10.25,3.00,0.174,true
PCT_R0.22pct,2026-08-03,2026-08-02 14:00,UP,2026-08-02 14:10,SHORT,28601.00,28603.50,2026-08-02 14:11,STOP_HIT,2,1.75,-18.25,0.261,false
PCT_R0.22pct,2026-08-03,2026-08-02 14:13,DOWN,2026-08-02 14:59,LONG,28564.25,28610.25,2026-08-02 15:00,STOP_HIT,2,15.25,7.25,0.419,false
PCT_R0.22pct,2026-08-03,2026-08-02 15:52,DOWN,2026-08-02 16:02,LONG,28586.25,28598.25,2026-08-02 16:03,STOP_HIT,2,11.00,-16.50,0.094,true
PCT_R0.22pct,2026-08-03,2026-08-02 16:06,UP,2026-08-02 16:16,SHORT,28619.75,28596.75,2026-08-02 16:17,STOP_HIT,2,18.00,11.50,0.112,false
PCT_R0.22pct,2026-08-03,2026-08-02 16:15,DOWN,2026-08-02 16:26,LONG,28568.00,28596.75,2026-08-02 16:27,STOP_HIT,2,18.50,0.75,0.012,true
PCT_R0.22pct,2026-08-03,2026-08-02 16:29,UP,2026-08-02 16:58,SHORT,28613.25,28594.25,2026-08-02 16:59,STOP_HIT,2,2.25,-8.75,0.038,false
PCT_R0.22pct,2026-08-03,2026-08-02 17:05,DOWN,2026-08-02 17:24,LONG,28587.25,28596.00,2026-08-02 17:36,STOP_HIT,13,29.50,-7.25,0.180,true
PCT_R0.22pct,2026-08-03,2026-08-02 17:19,UP,2026-08-02 17:43,SHORT,28625.75,28596.50,2026-08-02 17:44,STOP_HIT,2,8.25,-4.25,0.203,false
PCT_R0.22pct,2026-08-03,2026-08-02 23:02,UP,2026-08-02 23:12,SHORT,28618.50,28613.25,2026-08-02 23:13,STOP_HIT,2,5.00,1.25,0.011,false
PCT_R0.22pct,2026-08-03,2026-08-02 23:11,DOWN,2026-08-02 23:21,LONG,28585.75,28613.25,2026-08-02 23:22,STOP_HIT,2,18.00,11.00,0.086,true
PCT_R0.22pct,2026-08-04,2026-08-03 16:04,DOWN,2026-08-03 16:16,LONG,28913.25,28947.25,2026-08-03 16:17,STOP_HIT,2,7.75,0.75,0.253,false
PCT_R0.22pct,2026-08-04,2026-08-03 17:04,UP,2026-08-03 18:01,SHORT,29033.50,28929.75,2026-08-03 18:02,STOP_HIT,2,11.25,10.25,0.225,true
PCT_R0.22pct,2026-08-05,2026-08-04 14:02,UP,2026-08-04 14:24,SHORT,29825.75,29823.50,2026-08-04 14:27,STOP_HIT,4,15.50,-8.75,0.250,true
PCT_R0.22pct,2026-08-05,2026-08-04 16:30,DOWN,2026-08-04 17:18,LONG,29816.50,29836.25,2026-08-04 17:19,STOP_HIT,2,12.00,1.50,0.261,false
PCT_R0.22pct,2026-08-05,2026-08-04 17:26,UP,2026-08-04 17:49,SHORT,29869.00,29835.25,2026-08-04 17:50,STOP_HIT,2,4.00,-2.25,0.160,false
PCT_R0.22pct,2026-08-05,2026-08-05 00:45,UP,2026-08-05 03:06,SHORT,29901.75,29862.00,2026-08-05 03:07,STOP_HIT,2,16.00,11.75,0.175,false
PCT_R0.22pct,2026-08-06,2026-08-05 14:00,UP,2026-08-05 14:24,SHORT,29631.00,29585.25,2026-08-05 14:25,STOP_HIT,2,5.00,4.75,0.034,false
PCT_R0.22pct,2026-08-06,2026-08-05 14:47,DOWN,2026-08-05 15:10,LONG,29619.50,29628.25,2026-08-05 15:11,STOP_HIT,2,7.75,3.75,0.000,false
PCT_R0.22pct,2026-08-06,2026-08-05 18:45,DOWN,2026-08-05 19:50,LONG,29569.25,29569.25,2026-08-05 19:51,STOP_HIT,2,6.75,-9.75,0.077,false
PCT_R0.22pct,2026-08-06,2026-08-05 19:33,UP,2026-08-05 20:38,SHORT,29561.75,29568.75,2026-08-05 20:57,STOP_HIT,20,20.00,-7.25,0.140,true
PCT_R0.22pct,2026-08-06,2026-08-05 20:30,DOWN,2026-08-05 22:08,LONG,29539.00,29567.75,2026-08-05 22:09,STOP_HIT,2,3.00,-7.25,0.100,false
PCT_R0.22pct,2026-08-06,2026-08-06 05:40,UP,2026-08-06 05:54,SHORT,29512.25,29481.50,2026-08-06 05:55,STOP_HIT,2,25.75,-0.25,0.023,true
PCT_R0.22pct,2026-08-06,2026-08-06 07:50,DOWN,2026-08-06 08:00,LONG,29515.75,29544.75,2026-08-06 08:01,STOP_HIT,2,7.75,-15.75,0.078,false
PCT_R0.22pct,2026-08-06,2026-08-06 09:01,DOWN,2026-08-06 09:44,LONG,29499.00,29530.25,2026-08-06 09:45,STOP_HIT,2,21.75,16.25,0.025,false
PCT_R0.22pct,2026-08-06,2026-08-06 09:41,UP,2026-08-06 10:18,SHORT,29552.50,29529.00,2026-08-06 10:19,STOP_HIT,2,3.50,-0.25,0.004,false
PCT_R0.22pct,2026-08-06,2026-08-06 10:22,DOWN,2026-08-06 10:49,LONG,29518.50,29530.25,2026-08-06 10:50,STOP_HIT,2,3.00,0.50,0.015,false
PCT_R0.22pct,2026-08-06,2026-08-06 10:42,UP,2026-08-06 11:09,SHORT,29559.75,29530.25,2026-08-06 11:10,STOP_HIT,2,2.50,-4.00,0.083,false
PCT_R0.22pct,2026-08-06,2026-08-06 11:12,DOWN,2026-08-06 11:26,LONG,29520.00,29530.75,2026-08-06 11:27,STOP_HIT,2,6.00,-6.25,0.063,false
PCT_R0.22pct,2026-08-06,2026-08-06 12:06,DOWN,2026-08-06 12:28,LONG,29485.50,29527.00,2026-08-06 12:29,STOP_HIT,2,7.00,7.00,0.268,false
PCT_R0.22pct,2026-08-10,2026-08-09 14:00,DOWN,2026-08-09 14:13,LONG,29842.00,29859.50,2026-08-09 14:14,STOP_HIT,2,7.00,-15.75,0.050,false
PCT_R0.22pct,2026-08-10,2026-08-09 14:17,UP,2026-08-09 15:08,SHORT,29868.75,29844.50,2026-08-09 15:09,STOP_HIT,2,12.00,5.50,0.389,false
PCT_R0.22pct,2026-08-10,2026-08-09 15:24,DOWN,2026-08-09 16:02,LONG,29808.50,29847.25,2026-08-09 16:03,STOP_HIT,2,31.25,25.25,0.249,false
PCT_R0.22pct,2026-08-10,2026-08-09 16:10,DOWN,2026-08-09 16:51,LONG,29828.25,29848.25,2026-08-09 16:52,STOP_HIT,2,1.75,-8.75,0.133,true
PCT_R0.22pct,2026-08-10,2026-08-09 16:56,UP,2026-08-09 17:35,SHORT,29852.00,29846.75,2026-08-09 17:36,STOP_HIT,2,6.00,-16.00,0.102,true
PCT_R0.22pct,2026-08-10,2026-08-10 03:12,UP,2026-08-10 03:31,SHORT,29911.75,29884.25,2026-08-10 03:32,STOP_HIT,2,7.00,-0.50,0.327,false
PCT_R0.22pct,2026-08-10,2026-08-10 03:30,DOWN,2026-08-10 03:51,LONG,29858.75,29884.25,2026-08-10 03:52,STOP_HIT,2,7.75,3.75,0.427,true
PCT_R0.22pct,2026-08-10,2026-08-10 05:53,UP,2026-08-10 06:16,SHORT,29880.50,29826.75,2026-08-10 06:17,STOP_HIT,2,13.50,7.75,0.037,false
PCT_R0.22pct,2026-08-10,2026-08-10 06:37,DOWN,2026-08-10 07:01,LONG,29776.25,29838.25,2026-08-10 07:02,STOP_HIT,2,35.25,24.00,0.011,true
PCT_R0.22pct,2026-08-10,2026-08-10 07:35,UP,2026-08-10 08:13,SHORT,29816.75,29824.50,2026-08-10 08:17,STOP_HIT,5,12.00,-9.50,0.044,true
PCT_R0.22pct,2026-08-10,2026-08-10 08:00,DOWN,2026-08-10 08:32,LONG,29768.75,29824.25,2026-08-10 08:33,STOP_HIT,2,19.25,12.00,0.601,false
PCT_R0.22pct,2026-08-11,2026-08-10 14:00,DOWN,2026-08-10 14:44,LONG,29724.50,29750.00,2026-08-10 14:45,STOP_HIT,2,2.00,2.00,0.628,false
PCT_R0.22pct,2026-08-11,2026-08-10 16:02,UP,2026-08-10 16:18,SHORT,29730.50,29723.00,2026-08-10 16:19,STOP_HIT,2,1.25,-6.25,0.371,true
PCT_R0.22pct,2026-08-11,2026-08-10 20:31,DOWN,2026-08-10 23:17,LONG,29763.00,29780.25,2026-08-10 23:18,STOP_HIT,2,0.00,-23.75,0.137,false
PCT_R0.22pct,2026-08-11,2026-08-10 23:23,UP,2026-08-11 00:06,SHORT,29773.75,29776.25,2026-08-11 01:41,STOP_HIT,96,56.00,-6.25,0.210,true
PCT_R0.22pct,2026-08-11,2026-08-11 00:03,DOWN,2026-08-11 00:13,LONG,29731.50,29775.50,2026-08-11 00:14,STOP_HIT,2,6.50,-0.25,0.434,false
PCT_R0.22pct,2026-08-11,2026-08-11 00:35,UP,2026-08-11 02:57,SHORT,29815.00,29771.00,2026-08-11 02:58,STOP_HIT,2,2.00,0.50,0.500,true
PCT_R0.22pct,2026-08-11,2026-08-11 05:47,UP,2026-08-11 06:40,SHORT,29744.75,29758.00,2026-08-11 06:47,STOP_HIT,8,16.50,-25.75,0.047,true
PCT_R0.22pct,2026-08-11,2026-08-11 06:52,DOWN,2026-08-11 07:16,LONG,29711.50,29758.00,2026-08-11 07:17,STOP_HIT,2,7.25,-4.25,0.036,false
PCT_R0.22pct,2026-08-12,2026-08-11 16:08,UP,2026-08-11 18:35,SHORT,29689.25,29657.00,2026-08-11 18:36,STOP_HIT,2,0.00,-1.25,0.570,false
PCT_R0.22pct,2026-08-12,2026-08-12 06:31,UP,2026-08-12 06:41,SHORT,29921.25,29894.25,2026-08-12 06:42,STOP_HIT,2,27.00,16.50,0.138,false
PCT_R0.22pct,2026-08-12,2026-08-12 07:41,UP,2026-08-12 09:31,SHORT,29905.75,29885.50,2026-08-12 09:32,STOP_HIT,2,0.50,-6.50,0.054,true
PCT_R0.22pct,2026-08-12,2026-08-12 10:41,DOWN,2026-08-12 11:24,LONG,29870.25,29890.50,2026-08-12 11:25,STOP_HIT,2,2.50,-1.25,0.072,false
PCT_R0.22pct,2026-08-13,2026-08-12 14:31,UP,2026-08-12 16:04,SHORT,29847.75,29805.00,2026-08-12 16:05,STOP_HIT,2,9.00,-4.50,0.080,false
PCT_R0.22pct,2026-08-13,2026-08-13 04:30,DOWN,2026-08-13 04:52,LONG,29869.50,29856.00,2026-08-13 12:59,TIME_EXPIRED,488,403.25,344.75,0.280,true
PCT_R0.22pct,2026-08-13,2026-08-13 04:31,UP,2026-08-13 05:01,SHORT,29889.25,29856.75,2026-08-13 05:02,STOP_HIT,2,6.25,-7.75,0.161,false
PCT_R0.22pct,2026-08-19,2026-08-18 14:21,DOWN,2026-08-18 15:42,LONG,29533.25,29543.50,2026-08-18 15:43,STOP_HIT,2,2.75,0.75,0.128,false
PCT_R0.22pct,2026-08-19,2026-08-18 16:15,UP,2026-08-18 16:46,SHORT,29572.00,29530.75,2026-08-18 16:47,STOP_HIT,2,4.00,-3.50,0.037,false
PCT_R0.22pct,2026-08-19,2026-08-18 17:22,DOWN,2026-08-18 19:18,LONG,29545.25,29543.25,2026-08-18 19:20,STOP_HIT,3,2.50,-5.25,0.103,false
PCT_R0.22pct,2026-08-19,2026-08-18 22:12,UP,2026-08-18 23:21,SHORT,29559.50,29532.25,2026-08-18 23:22,STOP_HIT,2,1.00,-3.00,0.092,true
PCT_R0.22pct,2026-08-19,2026-08-19 03:00,UP,2026-08-19 03:20,SHORT,29547.75,29542.25,2026-08-19 03:23,STOP_HIT,4,16.50,-2.25,0.159,false
PCT_R0.22pct,2026-08-19,2026-08-19 03:08,DOWN,2026-08-19 03:43,LONG,29512.50,29542.00,2026-08-19 03:44,STOP_HIT,2,11.50,2.50,0.552,false
PCT_R0.22pct,2026-08-19,2026-08-19 03:48,UP,2026-08-19 04:20,SHORT,29569.50,29542.00,2026-08-19 04:21,STOP_HIT,2,8.25,5.75,0.343,false
PCT_R0.22pct,2026-08-19,2026-08-19 06:22,UP,2026-08-19 07:02,SHORT,29612.25,29547.00,2026-08-19 07:03,STOP_HIT,2,19.25,14.75,0.132,true
PCT_R0.22pct,2026-08-19,2026-08-19 08:19,DOWN,2026-08-19 09:29,LONG,29542.75,29564.25,2026-08-19 09:30,STOP_HIT,2,0.75,-2.50,0.155,true
PCT_R0.22pct,2026-08-19,2026-08-19 10:17,UP,2026-08-19 11:35,SHORT,29582.00,29556.75,2026-08-19 12:59,TIME_EXPIRED,85,96.75,21.00,0.022,false
PCT_R0.22pct,2026-08-20,2026-08-19 14:00,UP,2026-08-19 14:15,SHORT,29627.25,29599.25,2026-08-19 14:16,STOP_HIT,2,8.75,8.00,0.239,false
PCT_R0.22pct,2026-08-20,2026-08-19 16:08,UP,2026-08-19 16:19,SHORT,29651.00,29632.00,2026-08-19 16:20,STOP_HIT,2,0.50,-7.00,0.121,true
PCT_R0.22pct,2026-08-20,2026-08-19 17:02,DOWN,2026-08-19 18:34,LONG,29645.25,29641.75,2026-08-19 18:50,STOP_HIT,17,17.00,-22.75,0.398,true
PCT_R0.22pct,2026-08-20,2026-08-19 21:14,UP,2026-08-19 22:37,SHORT,29665.50,29636.50,2026-08-19 22:38,STOP_HIT,2,4.50,4.50,0.250,true
PCT_R0.22pct,2026-08-20,2026-08-19 22:52,DOWN,2026-08-19 23:28,LONG,29611.00,29638.75,2026-08-19 23:29,STOP_HIT,2,15.50,4.75,0.200,false
PCT_R0.22pct,2026-08-20,2026-08-20 06:35,UP,2026-08-20 06:45,SHORT,29421.50,29395.00,2026-08-20 06:46,STOP_HIT,2,18.00,-10.75,0.066,false
PCT_R0.22pct,2026-08-21,2026-08-20 14:00,DOWN,2026-08-20 14:10,LONG,29287.50,29291.50,2026-08-20 14:11,STOP_HIT,2,2.50,-3.50,0.000,false
PCT_R0.22pct,2026-08-21,2026-08-20 14:05,UP,2026-08-20 16:07,SHORT,29341.00,29307.00,2026-08-20 16:08,STOP_HIT,2,16.00,10.00,0.289,false
PCT_R0.22pct,2026-08-21,2026-08-21 06:21,UP,2026-08-21 07:55,SHORT,29472.75,29347.25,2026-08-21 07:56,STOP_HIT,2,19.75,16.50,0.166,true
PCT_R0.22pct,2026-08-24,2026-08-23 14:00,DOWN,2026-08-23 14:10,LONG,29321.00,29328.50,2026-08-23 14:11,STOP_HIT,2,3.00,1.00,0.347,false
PCT_R0.22pct,2026-08-24,2026-08-23 14:01,UP,2026-08-23 14:43,SHORT,29372.75,29335.00,2026-08-23 14:44,STOP_HIT,2,4.50,-9.50,0.293,false
PCT_R0.22pct,2026-08-24,2026-08-23 15:51,DOWN,2026-08-23 16:39,LONG,29366.25,29386.00,2026-08-23 16:40,STOP_HIT,2,9.75,4.75,0.188,true
PCT_R0.22pct,2026-08-24,2026-08-23 16:26,UP,2026-08-23 17:23,SHORT,29423.75,29391.50,2026-08-23 17:24,STOP_HIT,2,9.75,2.50,0.099,true
PCT_R0.22pct,2026-08-24,2026-08-23 17:19,DOWN,2026-08-23 17:49,LONG,29379.25,29394.25,2026-08-23 17:50,STOP_HIT,2,17.50,11.50,0.311,false
PCT_R0.22pct,2026-08-24,2026-08-24 07:21,UP,2026-08-24 07:31,SHORT,29130.25,29103.75,2026-08-24 07:32,STOP_HIT,2,18.25,10.75,0.122,false
PCT_R0.22pct,2026-08-24,2026-08-24 09:55,UP,2026-08-24 10:10,SHORT,29179.25,29143.00,2026-08-24 10:11,STOP_HIT,2,10.25,4.50,0.088,false
PCT_R0.22pct,2026-08-24,2026-08-24 10:30,DOWN,2026-08-24 11:49,LONG,29128.25,29152.75,2026-08-24 11:50,STOP_HIT,2,13.75,-9.25,0.116,true
PCT_R0.22pct,2026-08-25,2026-08-24 14:00,DOWN,2026-08-24 15:43,LONG,29086.00,29119.50,2026-08-24 15:44,STOP_HIT,2,1.00,-1.75,0.295,false
PCT_R0.22pct,2026-08-25,2026-08-24 16:19,UP,2026-08-24 16:53,SHORT,29125.75,29091.50,2026-08-24 16:54,STOP_HIT,2,0.50,-10.25,0.120,true
PCT_R0.22pct,2026-08-25,2026-08-25 05:49,DOWN,2026-08-25 06:03,LONG,29274.25,29318.50,2026-08-25 06:04,STOP_HIT,2,15.00,-13.00,0.118,false
PCT_R0.22pct,2026-08-25,2026-08-25 07:33,DOWN,2026-08-25 07:49,LONG,29226.75,29263.25,2026-08-25 07:50,STOP_HIT,2,11.50,8.75,0.169,false
PCT_R0.22pct,2026-08-25,2026-08-25 07:49,UP,2026-08-25 08:04,SHORT,29288.25,29262.75,2026-08-25 08:05,STOP_HIT,2,16.50,14.25,0.026,false
PCT_R0.22pct,2026-08-25,2026-08-25 08:30,DOWN,2026-08-25 09:09,LONG,29229.50,29266.25,2026-08-25 09:10,STOP_HIT,2,6.25,-3.75,0.151,false
PCT_R0.22pct,2026-08-25,2026-08-25 10:08,UP,2026-08-25 12:30,SHORT,29302.00,29259.75,2026-08-25 12:31,STOP_HIT,2,0.00,-4.50,0.198,true
PCT_R0.22pct,2026-08-26,2026-08-25 14:00,DOWN,2026-08-25 15:30,LONG,29246.00,29286.00,2026-08-25 15:31,STOP_HIT,2,2.50,-3.75,0.324,false
PCT_R0.22pct,2026-08-26,2026-08-25 17:35,UP,2026-08-25 19:31,SHORT,29216.75,29182.25,2026-08-25 19:32,STOP_HIT,2,7.50,-2.50,0.066,false
PCT_R0.22pct,2026-08-26,2026-08-25 22:48,DOWN,2026-08-25 23:48,LONG,29208.00,29217.75,2026-08-25 23:49,STOP_HIT,2,11.25,-11.00,0.261,true
PCT_R0.22pct,2026-08-26,2026-08-26 00:22,UP,2026-08-26 00:43,SHORT,29248.75,29217.25,2026-08-26 00:44,STOP_HIT,2,7.50,6.25,0.681,false
PCT_R0.22pct,2026-08-26,2026-08-26 03:18,DOWN,2026-08-26 03:51,LONG,29206.00,29218.25,2026-08-26 03:56,STOP_HIT,6,21.50,10.25,0.359,true
PCT_R0.22pct,2026-08-26,2026-08-26 03:48,UP,2026-08-26 04:30,SHORT,29256.75,29218.25,2026-08-26 05:31,STOP_HIT,62,123.50,-18.50,0.077,false
PCT_R0.22pct,2026-08-26,2026-08-26 05:59,DOWN,2026-08-26 06:37,LONG,29214.75,29229.75,2026-08-26 06:39,STOP_HIT,3,17.00,-0.75,0.260,true
PCT_R0.22pct,2026-08-26,2026-08-26 06:28,UP,2026-08-26 07:04,SHORT,29259.50,29231.50,2026-08-26 07:05,STOP_HIT,2,5.25,-8.25,0.163,true
PCT_R0.22pct,2026-08-26,2026-08-26 07:50,DOWN,2026-08-26 08:00,LONG,29217.75,29237.50,2026-08-26 08:01,STOP_HIT,2,1.50,-23.75,0.159,false
PCT_R0.22pct,2026-08-26,2026-08-26 08:44,UP,2026-08-26 09:29,SHORT,29267.50,29233.25,2026-08-26 09:30,STOP_HIT,2,3.75,-3.75,0.013,false
PCT_R0.22pct,2026-08-27,2026-08-26 14:00,UP,2026-08-26 14:10,SHORT,29560.75,29556.25,2026-08-26 14:11,STOP_HIT,2,9.50,3.25,0.048,false
PCT_R0.22pct,2026-08-27,2026-08-26 16:00,DOWN,2026-08-26 16:24,LONG,29571.75,29593.50,2026-08-26 16:25,STOP_HIT,2,13.25,3.50,0.143,false
PCT_R0.22pct,2026-08-27,2026-08-26 19:25,DOWN,2026-08-26 20:39,LONG,29510.75,29546.50,2026-08-26 20:40,STOP_HIT,2,1.25,-10.50,0.067,true
PCT_R0.22pct,2026-08-27,2026-08-26 22:12,UP,2026-08-27 00:30,SHORT,29656.75,29535.25,2026-08-27 00:31,STOP_HIT,2,16.50,10.50,0.280,true
PCT_R0.22pct,2026-08-27,2026-08-27 03:50,UP,2026-08-27 04:12,SHORT,29583.50,29553.75,2026-08-27 04:13,STOP_HIT,2,1.50,-3.00,0.180,false
PCT_R0.22pct,2026-08-27,2026-08-27 04:26,DOWN,2026-08-27 04:51,LONG,29530.00,29555.50,2026-08-27 04:52,STOP_HIT,2,2.50,-9.75,0.251,true
PCT_R0.22pct,2026-08-27,2026-08-27 05:57,UP,2026-08-27 06:23,SHORT,29581.50,29537.00,2026-08-27 06:24,STOP_HIT,2,9.25,-11.50,0.134,true
PCT_R0.22pct,2026-08-27,2026-08-27 10:28,UP,2026-08-27 11:06,SHORT,29581.75,29568.25,2026-08-27 11:07,STOP_HIT,2,9.00,-5.25,0.024,true
PCT_R0.22pct,2026-08-28,2026-08-27 19:29,DOWN,2026-08-27 21:21,LONG,29623.50,29649.75,2026-08-27 21:22,STOP_HIT,2,0.25,-7.50,0.000,false
PCT_R0.22pct,2026-08-28,2026-08-28 00:07,UP,2026-08-28 05:14,SHORT,29655.25,29629.50,2026-08-28 05:15,STOP_HIT,2,0.50,-2.25,0.106,true
PCT_R0.22pct,2026-08-28,2026-08-28 05:02,DOWN,2026-08-28 05:31,LONG,29610.75,29629.50,2026-08-28 05:32,STOP_HIT,2,2.25,-28.00,0.028,false
PCT_R0.22pct,2026-08-28,2026-08-28 05:33,UP,2026-08-28 05:43,SHORT,29695.00,29626.75,2026-08-28 05:44,STOP_HIT,2,17.50,7.25,0.037,true
