construction,trade_date,leg_anchor_time,leg_direction,entry_time,direction,entry_price,stop_price,exit_time,exit_reason,bars_to_resolution,mfe,pnl
FIXED_R65,2023-11-16,2023-11-16 03:17,UP,2023-11-16 04:56,LONG,15887.25,15867.25,2023-11-16 05:17,STOP_HIT,22,18.50,-20.00
FIXED_R65,2023-11-16,2023-11-16 05:06,DOWN,2023-11-16 05:53,SHORT,15831.50,15851.50,2023-11-16 06:53,TIME_LIMIT,61,34.75,-9.50
FIXED_R65,2023-11-16,2023-11-16 06:38,UP,2023-11-16 07:28,LONG,15874.00,15854.00,2023-11-16 08:14,STOP_HIT,47,28.75,-20.00
FIXED_R65,2023-11-16,2023-11-16 07:41,DOWN,2023-11-16 09:33,SHORT,15860.00,15880.00,2023-11-16 09:44,STOP_HIT,12,0.00,-20.00
FIXED_R65,2023-11-17,2023-11-17 03:22,DOWN,2023-11-17 06:04,SHORT,15839.25,15859.25,2023-11-17 06:23,STOP_HIT,20,14.25,-20.00
FIXED_R65,2023-11-17,2023-11-17 06:06,UP,2023-11-17 07:08,LONG,15888.50,15868.50,2023-11-17 07:25,STOP_HIT,18,9.00,-20.00
FIXED_R65,2023-11-20,2023-11-19 13:00,DOWN,2023-11-19 19:54,SHORT,15839.50,15859.50,2023-11-19 20:54,TIME_LIMIT,61,2.25,-4.75
FIXED_R65,2023-11-20,2023-11-19 19:55,UP,2023-11-20 04:42,LONG,15965.50,15945.50,2023-11-20 05:23,STOP_HIT,42,36.75,-20.00
FIXED_R65,2023-11-21,2023-11-20 17:38,DOWN,2023-11-21 02:02,SHORT,16065.75,16085.75,2023-11-21 03:02,TIME_LIMIT,61,27.50,26.50
FIXED_R65,2023-11-22,2023-11-22 04:37,DOWN,2023-11-22 05:28,SHORT,16046.75,16066.75,2023-11-22 05:30,STOP_HIT,3,7.00,-20.00
FIXED_R65,2023-11-22,2023-11-22 05:18,UP,2023-11-22 05:31,LONG,16077.50,16057.50,2023-11-22 05:52,STOP_HIT,22,22.00,-20.00
FIXED_R65,2023-11-22,2023-11-22 05:36,DOWN,2023-11-22 06:21,SHORT,16051.00,16071.00,2023-11-22 06:30,STOP_HIT,10,0.75,-20.00
FIXED_R65,2023-11-22,2023-11-22 05:54,UP,2023-11-22 07:07,LONG,16091.50,16071.50,2023-11-22 07:33,STOP_HIT,27,10.50,-20.00
FIXED_R65,2023-11-22,2023-11-22 08:31,DOWN,2023-11-22 09:58,SHORT,16050.50,16070.50,2023-11-22 10:58,TIME_LIMIT,61,7.00,1.50
FIXED_R65,2023-11-24,2023-11-23 13:00,DOWN,2023-11-24 04:31,SHORT,16009.50,16029.50,2023-11-24 04:32,STOP_HIT,2,7.50,-20.00
FIXED_R65,2023-11-27,2023-11-26 13:00,DOWN,2023-11-26 17:09,SHORT,15945.75,15965.75,2023-11-26 18:09,TIME_LIMIT,61,7.00,0.25
FIXED_R65,2023-11-27,2023-11-26 17:26,UP,2023-11-27 00:44,LONG,16002.25,15982.25,2023-11-27 01:44,TIME_LIMIT,61,10.75,-1.50
FIXED_R65,2023-11-27,2023-11-27 04:30,DOWN,2023-11-27 04:47,SHORT,15997.75,16017.75,2023-11-27 05:00,STOP_HIT,14,13.50,-20.00
FIXED_R65,2023-11-27,2023-11-27 04:36,UP,2023-11-27 05:10,LONG,16044.00,16024.00,2023-11-27 05:12,STOP_HIT,3,6.25,-20.00
FIXED_R65,2023-11-28,2023-11-27 16:23,DOWN,2023-11-28 03:11,SHORT,15948.75,15968.75,2023-11-28 03:24,STOP_HIT,14,3.50,-20.00
FIXED_R65,2023-11-28,2023-11-28 03:13,UP,2023-11-28 05:40,LONG,16010.25,15990.25,2023-11-28 06:40,TIME_LIMIT,61,60.25,59.50
FIXED_R65,2023-11-28,2023-11-28 08:15,UP,2023-11-28 10:51,LONG,16038.50,16018.50,2023-11-28 11:51,TIME_LIMIT,61,20.25,15.75
FIXED_R65,2023-11-29,2023-11-28 13:05,UP,2023-11-28 23:26,LONG,16103.25,16083.25,2023-11-29 00:26,TIME_LIMIT,61,20.25,16.25
FIXED_R65,2023-11-29,2023-11-29 04:38,DOWN,2023-11-29 05:30,SHORT,16108.75,16128.75,2023-11-29 05:56,STOP_HIT,27,20.50,-20.00
FIXED_R65,2023-11-30,2023-11-29 22:51,UP,2023-11-30 03:31,LONG,16078.50,16058.50,2023-11-30 03:53,STOP_HIT,23,10.25,-20.00
FIXED_R65,2023-11-30,2023-11-30 03:30,DOWN,2023-11-30 04:29,SHORT,16035.25,16055.25,2023-11-30 05:29,TIME_LIMIT,61,116.50,86.50
FIXED_R65,2023-12-01,2023-11-30 23:34,DOWN,2023-12-01 02:32,SHORT,15943.50,15963.50,2023-12-01 03:32,TIME_LIMIT,61,24.25,-1.00
FIXED_R65,2023-12-01,2023-12-01 05:02,DOWN,2023-12-01 05:16,SHORT,15903.00,15923.00,2023-12-01 06:02,STOP_HIT,47,39.00,-20.00
FIXED_R65,2023-12-01,2023-12-01 05:31,UP,2023-12-01 06:28,LONG,15950.25,15930.25,2023-12-01 07:28,TIME_LIMIT,61,67.50,61.75
FIXED_R65,2023-12-04,2023-12-03 13:00,DOWN,2023-12-03 21:42,SHORT,15959.25,15979.25,2023-12-03 22:31,STOP_HIT,50,15.75,-20.00
FIXED_R65,2023-12-04,2023-12-04 07:57,DOWN,2023-12-04 09:44,SHORT,15829.50,15849.50,2023-12-04 10:34,STOP_HIT,51,21.75,-20.00
FIXED_R65,2023-12-04,2023-12-04 09:06,UP,2023-12-04 10:45,LONG,15861.00,15841.00,2023-12-04 11:45,TIME_LIMIT,61,24.75,-7.25
FIXED_R65,2023-12-05,2023-12-04 13:00,DOWN,2023-12-04 20:55,SHORT,15798.75,15818.75,2023-12-04 21:55,TIME_LIMIT,61,37.50,24.00
FIXED_R65,2023-12-05,2023-12-04 21:26,UP,2023-12-05 04:37,LONG,15826.50,15806.50,2023-12-05 04:40,STOP_HIT,4,7.00,-20.00
FIXED_R65,2023-12-05,2023-12-05 06:54,UP,2023-12-05 07:11,LONG,15891.50,15871.50,2023-12-05 07:20,STOP_HIT,10,3.75,-20.00
FIXED_R65,2023-12-05,2023-12-05 07:10,DOWN,2023-12-05 07:47,SHORT,15831.75,15851.75,2023-12-05 07:48,STOP_HIT,2,0.25,-20.00
FIXED_R65,2023-12-05,2023-12-05 07:46,UP,2023-12-05 09:17,LONG,15891.00,15871.00,2023-12-05 09:33,STOP_HIT,17,12.50,-20.00
FIXED_R65,2023-12-06,2023-12-05 13:02,UP,2023-12-05 14:16,LONG,15955.50,15935.50,2023-12-05 15:16,TIME_LIMIT,61,24.50,14.75
FIXED_R65,2023-12-06,2023-12-05 17:49,DOWN,2023-12-06 02:17,SHORT,15926.75,15946.75,2023-12-06 03:15,STOP_HIT,59,5.00,-20.00
FIXED_R65,2023-12-06,2023-12-06 02:28,UP,2023-12-06 03:44,LONG,15991.00,15971.00,2023-12-06 04:34,STOP_HIT,51,46.75,-20.00
FIXED_R65,2023-12-06,2023-12-06 04:30,DOWN,2023-12-06 04:40,SHORT,15942.50,15962.50,2023-12-06 04:42,STOP_HIT,3,6.25,-20.00
FIXED_R65,2023-12-07,2023-12-07 04:50,UP,2023-12-07 05:13,LONG,15952.75,15932.75,2023-12-07 06:13,TIME_LIMIT,61,58.25,27.25
FIXED_R65,2023-12-08,2023-12-08 03:32,UP,2023-12-08 05:29,LONG,16104.00,16084.00,2023-12-08 05:31,STOP_HIT,3,1.75,-20.00
FIXED_R65,2023-12-11,2023-12-10 13:12,DOWN,2023-12-10 19:27,SHORT,16049.75,16069.75,2023-12-10 20:05,STOP_HIT,39,0.25,-20.00
FIXED_R65,2023-12-11,2023-12-11 01:25,UP,2023-12-11 04:34,LONG,16118.25,16098.25,2023-12-11 04:35,STOP_HIT,2,20.50,-20.00
FIXED_R65,2023-12-12,2023-12-11 13:07,UP,2023-12-12 03:27,LONG,16294.75,16274.75,2023-12-12 03:30,STOP_HIT,4,50.25,-20.00
FIXED_R65,2023-12-12,2023-12-12 03:31,DOWN,2023-12-12 03:57,SHORT,16243.50,16263.50,2023-12-12 04:57,TIME_LIMIT,61,58.25,0.50
FIXED_R65,2023-12-12,2023-12-12 04:43,UP,2023-12-12 05:24,LONG,16257.75,16237.75,2023-12-12 06:24,TIME_LIMIT,61,49.25,45.50
FIXED_R65,2023-12-13,2023-12-12 13:00,UP,2023-12-13 04:38,LONG,16442.50,16422.50,2023-12-13 04:43,STOP_HIT,6,4.00,-20.00
FIXED_R65,2023-12-13,2023-12-13 04:38,DOWN,2023-12-13 07:05,SHORT,16386.50,16406.50,2023-12-13 08:05,TIME_LIMIT,61,12.75,9.50
FIXED_R65,2023-12-14,2023-12-13 13:00,UP,2023-12-13 14:18,LONG,16628.25,16608.25,2023-12-13 15:18,TIME_LIMIT,61,26.00,22.00
FIXED_R65,2023-12-14,2023-12-13 16:26,DOWN,2023-12-13 23:38,SHORT,16612.50,16632.50,2023-12-14 00:20,STOP_HIT,41,1.75,-20.00
FIXED_R65,2023-12-14,2023-12-14 03:32,UP,2023-12-14 04:58,LONG,16655.00,16635.00,2023-12-14 04:58,STOP_HIT,1,0.50,-20.00
FIXED_R65,2024-02-15,2024-02-14 15:18,UP,2024-02-14 21:12,LONG,17914.25,17894.25,2024-02-14 22:12,TIME_LIMIT,61,9.00,3.50
FIXED_R65,2024-02-15,2024-02-15 03:33,DOWN,2024-02-15 04:36,SHORT,17870.75,17890.75,2024-02-15 05:36,TIME_LIMIT,61,73.75,51.50
FIXED_R65,2024-02-15,2024-02-15 06:09,UP,2024-02-15 08:22,LONG,17916.25,17896.25,2024-02-15 08:55,STOP_HIT,34,16.75,-20.00
FIXED_R65,2024-02-16,2024-02-15 15:41,UP,2024-02-15 22:06,LONG,17976.75,17956.75,2024-02-15 23:06,TIME_LIMIT,61,35.75,27.50
FIXED_R65,2024-02-16,2024-02-16 06:58,DOWN,2024-02-16 08:05,SHORT,17825.50,17845.50,2024-02-16 08:38,STOP_HIT,34,23.25,-20.00
FIXED_R65,2024-02-16,2024-02-16 08:11,UP,2024-02-16 09:33,LONG,17887.50,17867.50,2024-02-16 09:38,STOP_HIT,6,0.25,-20.00
FIXED_R65,2024-02-16,2024-02-16 09:10,DOWN,2024-02-16 09:51,SHORT,17784.00,17804.00,2024-02-16 10:51,TIME_LIMIT,61,61.75,45.25
FIXED_R65,2024-02-19,2024-02-18 13:00,UP,2024-02-18 13:13,LONG,17786.50,17766.50,2024-02-18 13:30,STOP_HIT,18,0.50,-20.00
FIXED_R65,2024-02-20,2024-02-19 13:00,DOWN,2024-02-19 14:24,SHORT,17725.25,17745.25,2024-02-19 15:19,STOP_HIT,56,6.75,-20.00
FIXED_R65,2024-02-20,2024-02-20 01:03,UP,2024-02-20 04:33,LONG,17712.75,17692.75,2024-02-20 04:33,STOP_HIT,1,0.25,-20.00
FIXED_R65,2024-02-21,2024-02-20 13:12,DOWN,2024-02-20 22:26,SHORT,17531.75,17551.75,2024-02-20 23:26,TIME_LIMIT,61,17.75,5.00
FIXED_R65,2024-02-21,2024-02-21 05:04,DOWN,2024-02-21 05:31,SHORT,17459.50,17479.50,2024-02-21 05:34,STOP_HIT,4,5.25,-20.00
FIXED_R65,2024-02-21,2024-02-21 09:43,UP,2024-02-21 11:13,LONG,17526.00,17506.00,2024-02-21 11:21,STOP_HIT,9,92.25,-20.00
FIXED_R65,2024-02-22,2024-02-21 13:08,UP,2024-02-21 14:18,LONG,17740.25,17720.25,2024-02-21 15:18,TIME_LIMIT,61,47.00,41.25
FIXED_R65,2024-02-23,2024-02-22 23:28,UP,2024-02-23 03:26,LONG,18064.00,18044.00,2024-02-23 04:26,TIME_LIMIT,61,49.00,41.25
FIXED_R65,2024-02-23,2024-02-23 04:37,DOWN,2024-02-23 05:42,SHORT,18060.00,18080.00,2024-02-23 06:42,TIME_LIMIT,61,114.00,57.25
FIXED_R65,2024-02-23,2024-02-23 07:32,UP,2024-02-23 08:28,LONG,18052.25,18032.25,2024-02-23 08:44,STOP_HIT,17,7.25,-20.00
FIXED_R65,2024-02-26,2024-02-25 13:37,DOWN,2024-02-25 14:57,SHORT,17929.50,17949.50,2024-02-25 15:31,STOP_HIT,35,7.00,-20.00
FIXED_R65,2024-02-26,2024-02-25 14:56,UP,2024-02-25 23:51,LONG,17986.50,17966.50,2024-02-26 00:51,TIME_LIMIT,61,14.25,8.00
FIXED_R65,2024-02-26,2024-02-26 04:47,UP,2024-02-26 05:23,LONG,18028.75,18008.75,2024-02-26 05:30,STOP_HIT,8,12.75,-20.00
FIXED_R65,2024-02-26,2024-02-26 07:32,DOWN,2024-02-26 08:47,SHORT,18009.00,18029.00,2024-02-26 09:05,STOP_HIT,19,18.00,-20.00
FIXED_R65,2024-02-27,2024-02-26 19:43,UP,2024-02-27 04:31,LONG,18020.25,18000.25,2024-02-27 04:32,STOP_HIT,2,1.00,-20.00
FIXED_R65,2024-02-27,2024-02-27 04:43,UP,2024-02-27 05:21,LONG,18028.00,18008.00,2024-02-27 05:26,STOP_HIT,6,2.25,-20.00
FIXED_R65,2024-02-27,2024-02-27 05:20,DOWN,2024-02-27 06:44,SHORT,17971.00,17991.00,2024-02-27 06:50,STOP_HIT,7,1.00,-20.00
FIXED_R65,2024-02-27,2024-02-27 08:00,UP,2024-02-27 10:36,LONG,18004.50,17984.50,2024-02-27 11:36,TIME_LIMIT,61,24.50,16.75
FIXED_R65,2024-02-28,2024-02-27 13:04,DOWN,2024-02-27 22:25,SHORT,17956.25,17976.25,2024-02-27 23:25,TIME_LIMIT,61,18.00,8.25
FIXED_R65,2024-02-28,2024-02-27 23:49,UP,2024-02-28 04:37,LONG,17940.50,17920.50,2024-02-28 04:43,STOP_HIT,7,6.00,-20.00
FIXED_R65,2024-02-28,2024-02-28 03:32,DOWN,2024-02-28 05:56,SHORT,17916.50,17936.50,2024-02-28 06:00,STOP_HIT,5,3.50,-20.00
FIXED_R65,2024-02-28,2024-02-28 06:46,DOWN,2024-02-28 08:01,SHORT,17911.25,17931.25,2024-02-28 08:22,STOP_HIT,22,17.25,-20.00
FIXED_R65,2024-02-29,2024-02-28 13:00,UP,2024-02-28 19:04,LONG,17929.25,17909.25,2024-02-28 20:04,TIME_LIMIT,61,0.75,-12.75
FIXED_R65,2024-02-29,2024-02-28 19:03,DOWN,2024-02-28 22:10,SHORT,17865.50,17885.50,2024-02-28 23:10,TIME_LIMIT,61,39.50,6.00
FIXED_R65,2024-02-29,2024-02-29 04:35,DOWN,2024-02-29 06:44,SHORT,17922.75,17942.75,2024-02-29 06:47,STOP_HIT,4,1.25,-20.00
FIXED_R65,2024-02-29,2024-02-29 06:41,UP,2024-02-29 09:16,LONG,18045.00,18025.00,2024-02-29 09:27,STOP_HIT,12,14.25,-20.00
FIXED_R65,2024-03-01,2024-02-29 13:36,UP,2024-02-29 15:56,LONG,18113.00,18093.00,2024-02-29 16:56,TIME_LIMIT,61,15.50,13.75
FIXED_R65,2024-03-01,2024-02-29 21:34,DOWN,2024-03-01 00:23,SHORT,18054.25,18074.25,2024-03-01 00:38,STOP_HIT,16,24.75,-20.00
FIXED_R65,2024-03-01,2024-03-01 00:25,UP,2024-03-01 04:56,LONG,18122.00,18102.00,2024-03-01 05:56,TIME_LIMIT,61,82.50,69.50
FIXED_R65,2024-03-04,2024-03-03 23:06,DOWN,2024-03-04 03:43,SHORT,18344.50,18364.50,2024-03-04 04:43,TIME_LIMIT,61,56.50,32.25
FIXED_R65,2024-03-04,2024-03-04 08:25,UP,2024-03-04 09:52,LONG,18337.00,18317.00,2024-03-04 10:29,STOP_HIT,38,9.00,-20.00
FIXED_R65,2024-03-04,2024-03-04 09:39,DOWN,2024-03-04 11:01,SHORT,18254.50,18274.50,2024-03-04 11:59,TIME_EXPIRED,59,20.25,10.25
FIXED_R65,2024-03-05,2024-03-04 13:00,DOWN,2024-03-04 16:53,SHORT,18190.75,18210.75,2024-03-04 17:41,STOP_HIT,49,5.25,-20.00
FIXED_R65,2024-03-06,2024-03-05 14:51,UP,2024-03-05 22:01,LONG,18008.00,17988.00,2024-03-05 23:01,TIME_LIMIT,61,30.50,22.25
FIXED_R65,2024-03-06,2024-03-06 05:07,UP,2024-03-06 06:56,LONG,18121.50,18101.50,2024-03-06 07:56,TIME_LIMIT,61,52.75,9.50
FIXED_R65,2024-03-07,2024-03-06 13:10,DOWN,2024-03-06 14:47,SHORT,17981.00,18001.00,2024-03-06 15:47,TIME_LIMIT,61,28.75,5.75
FIXED_R65,2024-03-07,2024-03-06 22:12,UP,2024-03-06 22:37,LONG,17981.00,17961.00,2024-03-06 23:37,TIME_LIMIT,61,88.75,75.50
FIXED_R65,2024-03-08,2024-03-07 14:11,UP,2024-03-07 22:11,LONG,18318.75,18298.75,2024-03-07 23:11,TIME_LIMIT,61,35.75,2.75
FIXED_R65,2024-03-08,2024-03-08 04:02,DOWN,2024-03-08 04:32,SHORT,18317.25,18337.25,2024-03-08 04:34,STOP_HIT,3,1.75,-20.00
FIXED_R65,2024-03-08,2024-03-08 04:38,UP,2024-03-08 04:48,LONG,18349.25,18329.25,2024-03-08 05:48,TIME_LIMIT,61,87.25,19.75
FIXED_R65,2024-03-08,2024-03-08 05:30,DOWN,2024-03-08 06:22,SHORT,18268.75,18288.75,2024-03-08 07:22,TIME_LIMIT,61,141.00,122.00
FIXED_R65,2024-03-11,2024-03-10 14:00,DOWN,2024-03-10 14:10,SHORT,18007.00,18027.00,2024-03-10 14:34,STOP_HIT,25,8.25,-20.00
FIXED_R65,2024-03-11,2024-03-10 14:43,UP,2024-03-10 15:51,LONG,18031.75,18011.75,2024-03-10 16:44,STOP_HIT,54,15.00,-20.00
FIXED_R65,2024-03-11,2024-03-10 17:42,DOWN,2024-03-10 20:01,SHORT,17981.75,18001.75,2024-03-10 21:01,TIME_LIMIT,61,8.00,-5.75
FIXED_R65,2024-03-11,2024-03-10 20:00,UP,2024-03-10 23:22,LONG,18019.75,17999.75,2024-03-11 00:04,STOP_HIT,43,23.50,-20.00
FIXED_R65,2024-03-11,2024-03-10 23:09,DOWN,2024-03-11 00:10,SHORT,17988.50,18008.50,2024-03-11 00:30,STOP_HIT,21,49.75,-20.00
FIXED_R65,2024-03-11,2024-03-11 00:17,UP,2024-03-11 01:42,LONG,18024.25,18004.25,2024-03-11 02:21,STOP_HIT,40,10.00,-20.00
FIXED_R65,2024-03-11,2024-03-11 01:22,DOWN,2024-03-11 03:50,SHORT,17984.75,18004.75,2024-03-11 04:50,TIME_LIMIT,61,63.25,54.50
FIXED_R65,2024-03-11,2024-03-11 06:55,DOWN,2024-03-11 07:27,SHORT,17948.50,17968.50,2024-03-11 07:46,STOP_HIT,20,29.25,-20.00
FIXED_R65,2024-03-11,2024-03-11 07:32,UP,2024-03-11 08:01,LONG,17988.50,17968.50,2024-03-11 08:03,STOP_HIT,3,0.00,-20.00
FIXED_R65,2024-03-11,2024-03-11 09:32,DOWN,2024-03-11 09:48,SHORT,17943.50,17963.50,2024-03-11 09:50,STOP_HIT,3,1.75,-20.00
FIXED_R65,2024-03-11,2024-03-11 10:50,DOWN,2024-03-11 11:35,SHORT,17975.00,17995.00,2024-03-11 12:21,STOP_HIT,47,27.25,-20.00
FIXED_R65,2024-03-11,2024-03-11 11:52,UP,2024-03-11 12:31,LONG,18001.75,17981.75,2024-03-11 12:59,TIME_EXPIRED,29,4.25,-2.50
FIXED_R65,2024-03-12,2024-03-11 14:00,UP,2024-03-11 16:37,LONG,18065.50,18045.50,2024-03-11 16:45,STOP_HIT,9,0.00,-20.00
FIXED_R65,2024-03-12,2024-03-12 00:05,DOWN,2024-03-12 00:31,SHORT,18034.25,18054.25,2024-03-12 00:37,STOP_HIT,7,0.00,-20.00
FIXED_R65,2024-03-12,2024-03-12 04:45,DOWN,2024-03-12 05:29,SHORT,18062.25,18082.25,2024-03-12 05:30,STOP_HIT,2,5.00,-20.00
FIXED_R65,2024-03-12,2024-03-12 05:12,UP,2024-03-12 05:31,LONG,18083.75,18063.75,2024-03-12 05:31,STOP_HIT,1,5.50,-20.00
FIXED_R65,2024-03-12,2024-03-12 05:46,UP,2024-03-12 06:25,LONG,18110.00,18090.00,2024-03-12 07:25,TIME_LIMIT,61,98.00,92.50
FIXED_R65,2024-03-13,2024-03-13 00:00,DOWN,2024-03-13 00:51,SHORT,18191.75,18211.75,2024-03-13 00:56,STOP_HIT,6,3.50,-20.00
FIXED_R65,2024-03-13,2024-03-13 07:43,UP,2024-03-13 10:12,LONG,18123.75,18103.75,2024-03-13 11:12,TIME_LIMIT,61,29.25,-1.25
FIXED_R65,2024-03-13,2024-03-13 10:52,DOWN,2024-03-13 11:31,SHORT,18085.25,18105.25,2024-03-13 12:31,TIME_LIMIT,61,25.00,-11.75
FIXED_R65,2024-03-14,2024-03-13 14:00,UP,2024-03-14 00:05,LONG,18150.75,18130.75,2024-03-14 01:06,TIME_LIMIT,61,27.00,15.25
FIXED_R65,2024-03-14,2024-03-14 00:21,DOWN,2024-03-14 05:23,SHORT,18099.25,18119.25,2024-03-14 05:27,STOP_HIT,5,3.25,-20.00
FIXED_R65,2024-03-14,2024-03-14 10:12,DOWN,2024-03-14 10:53,SHORT,18019.00,18039.00,2024-03-14 11:53,TIME_LIMIT,61,103.50,19.50
FIXED_R65,2024-05-23,2024-05-22 14:22,UP,2024-05-22 17:49,LONG,18907.75,18887.75,2024-05-22 18:49,TIME_LIMIT,61,6.25,3.25
FIXED_R65,2024-05-23,2024-05-23 04:47,DOWN,2024-05-23 05:37,SHORT,18943.00,18963.00,2024-05-23 06:37,TIME_LIMIT,61,105.00,36.50
FIXED_R65,2024-05-23,2024-05-23 06:58,UP,2024-05-23 08:29,LONG,18922.75,18902.75,2024-05-23 08:43,STOP_HIT,15,5.25,-20.00
FIXED_R65,2024-05-23,2024-05-23 08:01,DOWN,2024-05-23 08:48,SHORT,18874.50,18894.50,2024-05-23 09:48,TIME_LIMIT,61,118.25,104.25
FIXED_R65,2024-05-24,2024-05-23 14:00,UP,2024-05-24 00:51,LONG,18742.75,18722.75,2024-05-24 01:46,STOP_HIT,56,2.75,-20.00
FIXED_R65,2024-05-27,2024-05-26 16:00,UP,2024-05-27 05:34,LONG,18899.50,18879.50,2024-05-27 05:55,STOP_HIT,22,11.50,-20.00
FIXED_R65,2024-05-28,2024-05-27 14:00,DOWN,2024-05-27 16:12,SHORT,18892.50,18912.50,2024-05-27 17:12,TIME_LIMIT,61,7.50,-9.25
FIXED_R65,2024-05-28,2024-05-27 16:12,UP,2024-05-28 00:14,LONG,18953.25,18933.25,2024-05-28 01:14,TIME_LIMIT,61,27.25,16.75
FIXED_R65,2024-05-28,2024-05-28 01:00,DOWN,2024-05-28 03:22,SHORT,18914.50,18934.50,2024-05-28 04:22,TIME_LIMIT,61,5.25,-6.75
FIXED_R65,2024-05-28,2024-05-28 05:47,UP,2024-05-28 08:43,LONG,18932.75,18912.75,2024-05-28 09:02,STOP_HIT,20,11.00,-20.00
FIXED_R65,2024-05-29,2024-05-28 14:00,DOWN,2024-05-28 19:18,SHORT,18883.75,18903.75,2024-05-28 20:18,TIME_LIMIT,61,9.50,-5.25
FIXED_R65,2024-05-29,2024-05-29 05:28,UP,2024-05-29 06:26,LONG,18860.25,18840.25,2024-05-29 07:09,STOP_HIT,44,19.50,-20.00
FIXED_R65,2024-05-29,2024-05-29 06:52,DOWN,2024-05-29 11:05,SHORT,18830.50,18850.50,2024-05-29 11:23,STOP_HIT,19,14.50,-20.00
FIXED_R65,2024-05-30,2024-05-29 14:00,DOWN,2024-05-29 18:25,SHORT,18699.50,18719.50,2024-05-29 19:25,TIME_LIMIT,61,21.75,14.75
FIXED_R65,2024-05-30,2024-05-29 22:59,UP,2024-05-30 00:38,LONG,18723.00,18703.00,2024-05-30 01:38,TIME_LIMIT,61,15.00,2.00
FIXED_R65,2024-05-30,2024-05-30 04:45,DOWN,2024-05-30 06:05,SHORT,18738.25,18758.25,2024-05-30 07:05,TIME_LIMIT,61,114.50,94.25
FIXED_R65,2024-05-31,2024-05-30 14:00,DOWN,2024-05-30 16:14,SHORT,18523.50,18543.50,2024-05-30 17:02,STOP_HIT,49,21.00,-20.00
FIXED_R65,2024-05-31,2024-05-30 16:39,UP,2024-05-30 19:32,LONG,18564.50,18544.50,2024-05-30 20:32,TIME_LIMIT,61,2.75,-10.50
FIXED_R65,2024-05-31,2024-05-31 02:53,UP,2024-05-31 04:10,LONG,18568.50,18548.50,2024-05-31 05:10,TIME_LIMIT,61,99.75,64.50
FIXED_R65,2024-05-31,2024-05-31 04:50,DOWN,2024-05-31 06:27,SHORT,18435.50,18455.50,2024-05-31 07:27,TIME_LIMIT,61,106.00,101.50
FIXED_R65,2024-06-03,2024-06-02 14:05,UP,2024-06-02 16:05,LONG,18608.00,18588.00,2024-06-02 17:05,TIME_LIMIT,61,37.00,29.00
FIXED_R65,2024-06-03,2024-06-03 05:46,DOWN,2024-06-03 06:00,SHORT,18681.00,18701.00,2024-06-03 06:00,STOP_HIT,1,0.00,-20.00
FIXED_R65,2024-06-03,2024-06-03 06:00,DOWN,2024-06-03 06:10,SHORT,18654.00,18674.00,2024-06-03 06:13,STOP_HIT,4,8.50,-20.00
FIXED_R65,2024-06-04,2024-06-03 16:38,DOWN,2024-06-03 22:35,SHORT,18608.00,18628.00,2024-06-03 23:35,TIME_LIMIT,61,41.00,5.75
FIXED_R65,2024-06-04,2024-06-04 06:01,DOWN,2024-06-04 06:12,SHORT,18599.25,18619.25,2024-06-04 06:20,STOP_HIT,9,31.50,-20.00
FIXED_R65,2024-06-04,2024-06-04 06:14,UP,2024-06-04 06:35,LONG,18621.75,18601.75,2024-06-04 06:57,STOP_HIT,23,33.00,-20.00
FIXED_R65,2024-06-04,2024-06-04 06:41,DOWN,2024-06-04 07:33,SHORT,18593.75,18613.75,2024-06-04 08:33,TIME_LIMIT,61,23.00,-8.50
FIXED_R65,2024-06-04,2024-06-04 08:14,UP,2024-06-04 08:44,LONG,18632.75,18612.75,2024-06-04 08:53,STOP_HIT,10,19.50,-20.00
FIXED_R65,2024-06-05,2024-06-04 14:08,UP,2024-06-04 18:12,LONG,18761.50,18741.50,2024-06-04 19:12,TIME_LIMIT,61,4.50,-9.00
FIXED_R65,2024-06-06,2024-06-06 04:15,DOWN,2024-06-06 04:41,SHORT,19066.00,19086.00,2024-06-06 04:44,STOP_HIT,4,3.00,-20.00
FIXED_R65,2024-06-06,2024-06-06 06:37,DOWN,2024-06-06 11:13,SHORT,19058.25,19078.25,2024-06-06 12:13,TIME_LIMIT,61,17.50,-7.75
FIXED_R65,2024-06-07,2024-06-07 04:43,UP,2024-06-07 06:50,LONG,19107.00,19087.00,2024-06-07 06:55,STOP_HIT,6,0.75,-20.00
FIXED_R65,2024-06-07,2024-06-07 07:11,UP,2024-06-07 07:31,LONG,19081.25,19061.25,2024-06-07 07:36,STOP_HIT,6,7.50,-20.00
FIXED_R65,2024-06-07,2024-06-07 09:24,DOWN,2024-06-07 10:24,SHORT,19032.50,19052.50,2024-06-07 10:28,STOP_HIT,5,3.25,-20.00
FIXED_R65,2024-06-10,2024-06-09 14:11,DOWN,2024-06-09 23:03,SHORT,19004.25,19024.25,2024-06-09 23:05,STOP_HIT,3,1.75,-20.00
FIXED_R65,2024-06-10,2024-06-10 01:25,UP,2024-06-10 03:35,LONG,19039.25,19019.25,2024-06-10 04:35,TIME_LIMIT,61,0.25,-12.75
FIXED_R65,2024-06-11,2024-06-10 22:01,DOWN,2024-06-11 02:00,SHORT,19049.00,19069.00,2024-06-11 03:00,TIME_LIMIT,61,11.50,-10.00
FIXED_R65,2024-06-11,2024-06-11 05:54,UP,2024-06-11 06:22,LONG,19069.25,19049.25,2024-06-11 07:22,TIME_LIMIT,61,67.75,47.75
FIXED_R65,2024-06-12,2024-06-11 14:08,UP,2024-06-12 04:30,LONG,19298.00,19278.00,2024-06-12 05:30,TIME_LIMIT,61,160.75,82.50
FIXED_R65,2024-06-12,2024-06-12 10:02,DOWN,2024-06-12 10:12,SHORT,19491.75,19511.75,2024-06-12 10:16,STOP_HIT,5,14.50,-20.00
FIXED_R65,2024-06-12,2024-06-12 10:07,UP,2024-06-12 10:29,LONG,19529.75,19509.75,2024-06-12 10:31,STOP_HIT,3,9.75,-20.00
FIXED_R65,2024-06-12,2024-06-12 10:39,DOWN,2024-06-12 10:52,SHORT,19494.75,19514.75,2024-06-12 10:56,STOP_HIT,5,29.75,-20.00
FIXED_R65,2024-06-12,2024-06-12 11:42,UP,2024-06-12 11:58,LONG,19520.50,19500.50,2024-06-12 11:59,STOP_HIT,2,10.25,-20.00
FIXED_R65,2024-06-12,2024-06-12 11:58,DOWN,2024-06-12 12:08,SHORT,19481.50,19501.50,2024-06-12 12:15,STOP_HIT,8,6.50,-20.00
FIXED_R65,2024-06-12,2024-06-12 12:04,UP,2024-06-12 12:23,LONG,19561.75,19541.75,2024-06-12 12:59,TIME_EXPIRED,37,50.50,48.50
FIXED_R65,2024-06-13,2024-06-12 15:05,UP,2024-06-12 22:45,LONG,19646.50,19626.50,2024-06-12 23:45,TIME_LIMIT,61,25.25,0.25
FIXED_R65,2024-06-13,2024-06-12 23:23,DOWN,2024-06-13 03:03,SHORT,19622.00,19642.00,2024-06-13 04:03,TIME_LIMIT,61,16.25,9.25
FIXED_R65,2024-06-13,2024-06-13 01:51,UP,2024-06-13 04:36,LONG,19679.75,19659.75,2024-06-13 04:37,STOP_HIT,2,0.00,-20.00
FIXED_R65,2024-06-13,2024-06-13 04:30,DOWN,2024-06-13 05:21,SHORT,19633.00,19653.00,2024-06-13 05:38,STOP_HIT,18,14.75,-20.00
FIXED_R65,2024-06-13,2024-06-13 08:30,UP,2024-06-13 12:07,LONG,19622.50,19602.50,2024-06-13 12:39,STOP_HIT,33,0.00,-20.00
FIXED_R65,2024-06-14,2024-06-13 14:00,UP,2024-06-13 23:35,LONG,19653.75,19633.75,2024-06-14 00:02,STOP_HIT,28,2.50,-20.00
FIXED_R65,2024-06-14,2024-06-13 23:34,DOWN,2024-06-14 01:32,SHORT,19590.50,19610.50,2024-06-14 02:32,TIME_LIMIT,61,69.50,36.25
FIXED_R65,2024-06-14,2024-06-14 03:08,UP,2024-06-14 06:14,LONG,19598.25,19578.25,2024-06-14 06:38,STOP_HIT,25,50.25,-20.00
FIXED_R65,2024-06-14,2024-06-14 06:24,DOWN,2024-06-14 06:43,SHORT,19593.25,19613.25,2024-06-14 06:46,STOP_HIT,4,0.25,-20.00
FIXED_R65,2024-06-14,2024-06-14 07:50,UP,2024-06-14 08:11,LONG,19629.75,19609.75,2024-06-14 08:26,STOP_HIT,16,13.25,-20.00
FIXED_R65,2024-06-17,2024-06-16 14:01,UP,2024-06-17 00:09,LONG,19735.00,19715.00,2024-06-17 00:31,STOP_HIT,23,13.50,-20.00
FIXED_R65,2024-06-17,2024-06-17 00:17,DOWN,2024-06-17 04:54,SHORT,19682.75,19702.75,2024-06-17 05:30,STOP_HIT,37,1.50,-20.00
FIXED_R65,2024-06-17,2024-06-17 05:49,UP,2024-06-17 06:38,LONG,19711.25,19691.25,2024-06-17 06:51,STOP_HIT,14,3.50,-20.00
FIXED_R65,2024-06-18,2024-06-17 17:59,UP,2024-06-18 00:10,LONG,19952.25,19932.25,2024-06-18 01:10,TIME_LIMIT,61,18.75,14.50
FIXED_R65,2024-06-18,2024-06-18 04:30,DOWN,2024-06-18 04:44,SHORT,19923.00,19943.00,2024-06-18 05:35,STOP_HIT,52,16.00,-20.00
FIXED_R65,2024-06-18,2024-06-18 09:50,DOWN,2024-06-18 10:05,SHORT,19905.00,19925.00,2024-06-18 10:11,STOP_HIT,7,2.00,-20.00
FIXED_R65,2024-06-20,2024-06-19 14:29,UP,2024-06-19 19:58,LONG,20013.00,19993.00,2024-06-19 21:02,TIME_LIMIT,61,27.25,27.25
FIXED_R65,2024-06-20,2024-06-19 23:31,DOWN,2024-06-20 04:13,SHORT,20013.50,20033.50,2024-06-20 05:13,TIME_LIMIT,61,40.00,36.00
FIXED_R65,2024-08-22,2024-08-21 16:11,DOWN,2024-08-21 18:39,SHORT,19885.25,19905.25,2024-08-21 19:39,TIME_LIMIT,61,19.25,15.25
FIXED_R65,2024-08-22,2024-08-21 19:14,UP,2024-08-22 01:19,LONG,19933.75,19913.75,2024-08-22 01:41,STOP_HIT,23,2.50,-20.00
FIXED_R65,2024-08-22,2024-08-22 05:31,DOWN,2024-08-22 06:14,SHORT,19911.75,19931.75,2024-08-22 06:25,STOP_HIT,12,28.50,-20.00
FIXED_R65,2024-08-23,2024-08-22 14:00,UP,2024-08-22 19:43,LONG,19674.50,19654.50,2024-08-22 20:43,TIME_LIMIT,61,16.75,7.00
FIXED_R65,2024-08-23,2024-08-23 05:19,DOWN,2024-08-23 05:45,SHORT,19719.25,19739.25,2024-08-23 05:47,STOP_HIT,3,0.00,-20.00
FIXED_R65,2024-08-23,2024-08-23 05:34,UP,2024-08-23 06:01,LONG,19818.75,19798.75,2024-08-23 06:06,STOP_HIT,6,49.75,-20.00
FIXED_R65,2024-08-23,2024-08-23 07:41,DOWN,2024-08-23 07:51,SHORT,19733.75,19753.75,2024-08-23 08:51,TIME_LIMIT,61,142.00,72.50
FIXED_R65,2024-08-23,2024-08-23 08:46,UP,2024-08-23 10:35,LONG,19738.50,19718.50,2024-08-23 11:01,STOP_HIT,27,28.00,-20.00
FIXED_R65,2024-08-26,2024-08-25 14:07,DOWN,2024-08-25 14:37,SHORT,19767.25,19787.25,2024-08-25 15:37,TIME_LIMIT,61,51.00,29.50
FIXED_R65,2024-08-26,2024-08-25 15:00,UP,2024-08-25 16:55,LONG,19805.50,19785.50,2024-08-25 17:55,TIME_LIMIT,61,26.50,-0.50
FIXED_R65,2024-08-26,2024-08-25 17:19,DOWN,2024-08-25 22:16,SHORT,19797.50,19817.50,2024-08-25 23:16,TIME_LIMIT,61,18.50,-9.00
FIXED_R65,2024-08-26,2024-08-25 19:47,UP,2024-08-25 23:27,LONG,19823.00,19803.00,2024-08-26 00:27,TIME_LIMIT,61,23.25,9.00
FIXED_R65,2024-08-26,2024-08-26 00:08,DOWN,2024-08-26 04:45,SHORT,19750.75,19770.75,2024-08-26 04:53,STOP_HIT,9,0.75,-20.00
FIXED_R65,2024-08-27,2024-08-26 14:48,UP,2024-08-26 16:22,LONG,19586.00,19566.00,2024-08-26 16:48,STOP_HIT,27,7.00,-20.00
FIXED_R65,2024-08-27,2024-08-27 01:24,DOWN,2024-08-27 02:42,SHORT,19589.75,19609.75,2024-08-27 03:31,STOP_HIT,50,35.75,-20.00
FIXED_R65,2024-08-27,2024-08-27 05:45,UP,2024-08-27 06:03,LONG,19553.00,19533.00,2024-08-27 06:03,STOP_HIT,1,7.75,-20.00
FIXED_R65,2024-08-28,2024-08-27 14:02,DOWN,2024-08-27 14:22,SHORT,19578.00,19598.00,2024-08-27 14:45,STOP_HIT,24,0.00,-20.00
FIXED_R65,2024-08-28,2024-08-27 15:26,UP,2024-08-27 18:16,LONG,19621.50,19601.50,2024-08-27 19:16,TIME_LIMIT,61,8.25,-3.50
FIXED_R65,2024-08-28,2024-08-28 00:56,DOWN,2024-08-28 05:38,SHORT,19610.50,19630.50,2024-08-28 06:38,TIME_LIMIT,61,97.25,45.75
FIXED_R65,2024-08-29,2024-08-28 14:00,UP,2024-08-28 14:10,LONG,19225.75,19205.75,2024-08-28 14:34,STOP_HIT,25,21.75,-20.00
FIXED_R65,2024-08-29,2024-08-28 14:07,DOWN,2024-08-28 14:41,SHORT,19187.50,19207.50,2024-08-28 15:41,TIME_LIMIT,61,47.25,-4.75
FIXED_R65,2024-08-29,2024-08-28 14:46,UP,2024-08-28 17:29,LONG,19224.50,19204.50,2024-08-28 18:29,TIME_LIMIT,61,20.25,15.75
FIXED_R65,2024-08-29,2024-08-29 08:48,DOWN,2024-08-29 10:45,SHORT,19385.00,19405.00,2024-08-29 10:49,STOP_HIT,5,43.00,-20.00
FIXED_R65,2024-08-30,2024-08-29 14:03,DOWN,2024-08-29 16:08,SHORT,19400.00,19420.00,2024-08-29 16:27,STOP_HIT,20,5.75,-20.00
FIXED_R65,2024-08-30,2024-08-29 16:07,UP,2024-08-29 18:23,LONG,19458.00,19438.00,2024-08-29 19:23,TIME_LIMIT,61,17.00,-13.50
FIXED_R65,2024-08-30,2024-08-30 06:26,UP,2024-08-30 06:37,LONG,19583.00,19563.00,2024-08-30 06:44,STOP_HIT,8,21.50,-20.00
FIXED_R65,2024-08-30,2024-08-30 06:41,DOWN,2024-08-30 06:59,SHORT,19478.25,19498.25,2024-08-30 07:04,STOP_HIT,6,34.25,-20.00
FIXED_R65,2024-08-30,2024-08-30 10:00,UP,2024-08-30 10:54,LONG,19533.25,19513.25,2024-08-30 10:57,STOP_HIT,4,3.00,-20.00
FIXED_R65,2024-09-02,2024-09-01 14:02,DOWN,2024-09-01 22:48,SHORT,19560.25,19580.25,2024-09-01 23:48,TIME_LIMIT,61,49.25,34.25
FIXED_R65,2024-09-02,2024-09-01 23:30,UP,2024-09-02 04:16,LONG,19620.00,19600.00,2024-09-02 05:16,TIME_LIMIT,61,7.00,4.50
FIXED_R65,2024-09-03,2024-09-02 14:14,DOWN,2024-09-02 15:19,SHORT,19619.25,19639.25,2024-09-02 16:19,TIME_LIMIT,61,74.50,24.50
FIXED_R65,2024-09-03,2024-09-02 23:44,DOWN,2024-09-03 00:56,SHORT,19529.50,19549.50,2024-09-03 01:56,TIME_LIMIT,61,84.00,53.00
FIXED_R65,2024-09-04,2024-09-03 14:02,DOWN,2024-09-03 15:51,SHORT,18945.00,18965.00,2024-09-03 15:52,STOP_HIT,2,3.25,-20.00
FIXED_R65,2024-09-04,2024-09-03 22:30,DOWN,2024-09-03 22:59,SHORT,18843.00,18863.00,2024-09-03 23:07,STOP_HIT,9,12.75,-20.00
FIXED_R65,2024-09-04,2024-09-03 23:01,UP,2024-09-04 00:31,LONG,18916.00,18896.00,2024-09-04 00:41,STOP_HIT,11,13.75,-20.00
FIXED_R65,2024-09-04,2024-09-04 01:46,DOWN,2024-09-04 02:48,SHORT,18885.50,18905.50,2024-09-04 03:48,TIME_LIMIT,61,41.25,22.50
FIXED_R65,2024-09-04,2024-09-04 03:05,UP,2024-09-04 05:35,LONG,18922.25,18902.25,2024-09-04 05:36,STOP_HIT,2,3.25,-20.00
FIXED_R65,2024-09-04,2024-09-04 11:10,UP,2024-09-04 11:52,LONG,19007.00,18987.00,2024-09-04 11:52,STOP_HIT,1,0.50,-20.00
FIXED_R65,2024-09-04,2024-09-04 11:51,DOWN,2024-09-04 12:05,SHORT,18963.00,18983.00,2024-09-04 12:59,TIME_EXPIRED,55,41.00,-1.50
FIXED_R65,2024-09-05,2024-09-04 14:37,DOWN,2024-09-04 15:42,SHORT,18903.25,18923.25,2024-09-04 15:57,STOP_HIT,16,11.75,-20.00
FIXED_R65,2024-09-05,2024-09-04 15:43,UP,2024-09-04 16:26,LONG,18983.75,18963.75,2024-09-04 17:26,TIME_LIMIT,61,21.50,6.50
FIXED_R65,2024-09-05,2024-09-04 17:36,DOWN,2024-09-04 19:09,SHORT,18935.75,18955.75,2024-09-04 20:09,TIME_LIMIT,61,40.00,19.00
FIXED_R65,2024-09-05,2024-09-04 23:00,UP,2024-09-04 23:16,LONG,18966.50,18946.50,2024-09-04 23:25,STOP_HIT,10,4.50,-20.00
FIXED_R65,2024-09-05,2024-09-04 23:40,DOWN,2024-09-05 02:09,SHORT,18940.00,18960.00,2024-09-05 03:03,STOP_HIT,55,9.00,-20.00
FIXED_R65,2024-09-05,2024-09-05 09:30,UP,2024-09-05 09:46,LONG,18985.50,18965.50,2024-09-05 10:46,TIME_LIMIT,61,41.50,15.50
FIXED_R65,2024-09-05,2024-09-05 11:15,UP,2024-09-05 11:39,LONG,18970.50,18950.50,2024-09-05 11:40,STOP_HIT,2,1.50,-20.00
FIXED_R65,2024-09-05,2024-09-05 11:34,DOWN,2024-09-05 11:44,SHORT,18923.00,18943.00,2024-09-05 11:50,STOP_HIT,7,14.25,-20.00
FIXED_R65,2024-09-06,2024-09-05 14:01,DOWN,2024-09-05 16:23,SHORT,18867.50,18887.50,2024-09-05 17:23,TIME_LIMIT,61,76.50,52.50
FIXED_R65,2024-09-06,2024-09-05 17:03,UP,2024-09-05 19:08,LONG,18894.25,18874.25,2024-09-05 19:49,STOP_HIT,42,12.50,-20.00
FIXED_R65,2024-09-06,2024-09-05 19:15,DOWN,2024-09-05 21:45,SHORT,18833.25,18853.25,2024-09-05 21:48,STOP_HIT,4,1.25,-20.00
FIXED_R65,2024-09-09,2024-09-08 15:15,UP,2024-09-08 15:25,LONG,18449.00,18429.00,2024-09-08 16:25,TIME_LIMIT,61,40.50,36.00
FIXED_R65,2024-09-09,2024-09-09 06:11,DOWN,2024-09-09 06:48,SHORT,18544.25,18564.25,2024-09-09 06:50,STOP_HIT,3,12.75,-20.00
FIXED_R65,2024-09-09,2024-09-09 07:13,UP,2024-09-09 08:09,LONG,18644.00,18624.00,2024-09-09 09:09,TIME_LIMIT,61,82.50,79.75
FIXED_R65,2024-09-09,2024-09-09 09:12,DOWN,2024-09-09 11:11,SHORT,18607.00,18627.00,2024-09-09 11:27,STOP_HIT,17,23.00,-20.00
FIXED_R65,2024-09-09,2024-09-09 10:39,UP,2024-09-09 11:41,LONG,18661.75,18641.75,2024-09-09 11:52,STOP_HIT,12,10.25,-20.00
FIXED_R65,2024-09-10,2024-09-09 14:03,DOWN,2024-09-09 16:12,SHORT,18665.25,18685.25,2024-09-09 17:03,STOP_HIT,52,28.00,-20.00
FIXED_R65,2024-09-10,2024-09-09 22:07,UP,2024-09-10 00:13,LONG,18671.00,18651.00,2024-09-10 00:34,STOP_HIT,22,13.75,-20.00
FIXED_R65,2024-09-10,2024-09-10 00:00,DOWN,2024-09-10 01:01,SHORT,18626.25,18646.25,2024-09-10 01:47,STOP_HIT,47,44.00,-20.00
FIXED_R65,2024-09-10,2024-09-10 01:10,UP,2024-09-10 03:50,LONG,18695.75,18675.75,2024-09-10 04:50,TIME_LIMIT,61,73.75,60.50
FIXED_R65,2024-09-10,2024-09-10 06:16,UP,2024-09-10 06:31,LONG,18762.50,18742.50,2024-09-10 06:32,STOP_HIT,2,11.50,-20.00
FIXED_R65,2024-09-10,2024-09-10 06:29,DOWN,2024-09-10 06:52,SHORT,18700.00,18720.00,2024-09-10 06:53,STOP_HIT,2,5.25,-20.00
FIXED_R65,2024-09-10,2024-09-10 06:51,UP,2024-09-10 07:30,LONG,18774.75,18754.75,2024-09-10 07:36,STOP_HIT,7,15.25,-20.00
FIXED_R65,2024-09-10,2024-09-10 07:30,DOWN,2024-09-10 07:51,SHORT,18672.75,18692.75,2024-09-10 08:51,TIME_LIMIT,61,83.00,-10.25
FIXED_R65,2024-09-10,2024-09-10 08:03,UP,2024-09-10 10:23,LONG,18809.00,18789.00,2024-09-10 11:23,TIME_LIMIT,61,36.00,31.50
FIXED_R65,2024-09-11,2024-09-10 15:40,DOWN,2024-09-10 17:34,SHORT,18788.25,18808.25,2024-09-10 17:42,STOP_HIT,9,39.25,-20.00
FIXED_R65,2024-09-11,2024-09-10 21:29,UP,2024-09-10 23:10,LONG,18801.50,18781.50,2024-09-11 00:10,TIME_LIMIT,61,24.00,14.50
FIXED_R65,2024-09-11,2024-09-11 04:31,UP,2024-09-11 04:57,LONG,18862.50,18842.50,2024-09-11 05:35,STOP_HIT,39,65.00,-20.00
FIXED_R65,2024-09-11,2024-09-11 07:47,DOWN,2024-09-11 07:58,SHORT,18745.25,18765.25,2024-09-11 07:58,STOP_HIT,1,0.00,-20.00
FIXED_R65,2024-09-12,2024-09-11 14:00,UP,2024-09-11 18:29,LONG,19291.50,19271.50,2024-09-11 19:02,STOP_HIT,34,14.00,-20.00
FIXED_R65,2024-09-12,2024-09-12 00:04,UP,2024-09-12 01:18,LONG,19322.25,19302.25,2024-09-12 01:46,STOP_HIT,29,10.00,-20.00
FIXED_R65,2024-09-12,2024-09-12 01:23,DOWN,2024-09-12 04:34,SHORT,19267.75,19287.75,2024-09-12 04:44,STOP_HIT,11,19.25,-20.00
FIXED_R65,2024-09-12,2024-09-12 05:50,UP,2024-09-12 06:34,LONG,19352.25,19332.25,2024-09-12 06:35,STOP_HIT,2,14.00,-20.00
FIXED_R65,2024-09-12,2024-09-12 07:46,UP,2024-09-12 08:22,LONG,19310.50,19290.50,2024-09-12 08:40,STOP_HIT,19,12.00,-20.00
FIXED_R65,2024-09-13,2024-09-12 14:00,UP,2024-09-12 21:43,LONG,19478.75,19458.75,2024-09-12 21:55,STOP_HIT,13,2.50,-20.00
FIXED_R65,2024-09-13,2024-09-12 21:42,DOWN,2024-09-13 04:41,SHORT,19426.25,19446.25,2024-09-13 04:48,STOP_HIT,8,13.50,-20.00
FIXED_R65,2024-09-13,2024-09-13 05:30,UP,2024-09-13 05:40,LONG,19470.50,19450.50,2024-09-13 06:00,STOP_HIT,21,42.75,-20.00
FIXED_R65,2024-09-13,2024-09-13 06:25,DOWN,2024-09-13 06:35,SHORT,19455.00,19475.00,2024-09-13 06:39,STOP_HIT,5,12.50,-20.00
FIXED_R65,2024-09-13,2024-09-13 06:31,UP,2024-09-13 06:41,LONG,19493.25,19473.25,2024-09-13 07:41,TIME_LIMIT,61,48.25,27.00
FIXED_R65,2024-09-16,2024-09-15 14:25,UP,2024-09-15 15:49,LONG,19541.00,19521.00,2024-09-15 16:24,STOP_HIT,36,3.75,-20.00
FIXED_R65,2024-09-16,2024-09-15 15:48,DOWN,2024-09-15 22:36,SHORT,19485.50,19505.50,2024-09-15 23:12,STOP_HIT,37,1.25,-20.00
FIXED_R65,2024-09-16,2024-09-16 05:56,DOWN,2024-09-16 06:25,SHORT,19407.75,19427.75,2024-09-16 07:25,TIME_LIMIT,61,108.50,14.25
FIXED_R65,2024-09-16,2024-09-16 08:21,UP,2024-09-16 10:31,LONG,19429.00,19409.00,2024-09-16 10:42,STOP_HIT,12,6.25,-20.00
FIXED_R65,2024-09-17,2024-09-16 17:28,UP,2024-09-16 23:15,LONG,19470.75,19450.75,2024-09-17 00:15,TIME_LIMIT,61,48.00,36.75
FIXED_R65,2024-09-17,2024-09-17 05:54,UP,2024-09-17 06:06,LONG,19555.75,19535.75,2024-09-17 06:23,STOP_HIT,18,28.50,-20.00
FIXED_R65,2024-09-17,2024-09-17 06:47,DOWN,2024-09-17 07:08,SHORT,19544.50,19564.50,2024-09-17 07:14,STOP_HIT,7,2.25,-20.00
FIXED_R65,2024-09-17,2024-09-17 06:59,UP,2024-09-17 07:17,LONG,19576.25,19556.25,2024-09-17 07:20,STOP_HIT,4,2.75,-20.00
FIXED_R65,2024-09-17,2024-09-17 07:16,DOWN,2024-09-17 07:34,SHORT,19515.75,19535.75,2024-09-17 07:46,STOP_HIT,13,10.00,-20.00
FIXED_R65,2024-09-18,2024-09-17 23:12,DOWN,2024-09-18 00:15,SHORT,19428.25,19448.25,2024-09-18 00:54,STOP_HIT,40,6.00,-20.00
FIXED_R65,2024-09-18,2024-09-18 00:30,UP,2024-09-18 03:13,LONG,19487.25,19467.25,2024-09-18 03:43,STOP_HIT,31,7.25,-20.00
FIXED_R65,2024-09-18,2024-09-18 05:27,DOWN,2024-09-18 05:41,SHORT,19455.25,19475.25,2024-09-18 06:01,STOP_HIT,21,25.25,-20.00
FIXED_R65,2024-09-18,2024-09-18 06:43,DOWN,2024-09-18 07:21,SHORT,19417.50,19437.50,2024-09-18 08:21,TIME_LIMIT,61,67.50,1.75
FIXED_R65,2024-09-18,2024-09-18 08:04,UP,2024-09-18 09:55,LONG,19451.75,19431.75,2024-09-18 10:00,STOP_HIT,6,180.00,-20.00
FIXED_R65,2024-09-19,2024-09-18 14:00,UP,2024-09-18 15:55,LONG,19472.00,19452.00,2024-09-18 16:55,TIME_LIMIT,61,139.00,28.00
FIXED_R65,2024-09-19,2024-09-18 17:13,UP,2024-09-18 18:01,LONG,19511.25,19491.25,2024-09-18 19:01,TIME_LIMIT,61,95.75,82.00
FIXED_R65,2024-11-21,2024-11-20 13:15,UP,2024-11-20 13:33,LONG,20754.75,20734.75,2024-11-20 14:03,STOP_HIT,31,7.50,-20.00
FIXED_R65,2024-11-21,2024-11-20 13:42,DOWN,2024-11-20 14:26,SHORT,20699.50,20719.50,2024-11-20 15:26,TIME_LIMIT,61,71.25,45.50
FIXED_R65,2024-11-21,2024-11-20 15:58,UP,2024-11-20 20:01,LONG,20674.50,20654.50,2024-11-20 21:01,TIME_LIMIT,61,27.00,26.75
FIXED_R65,2024-11-21,2024-11-20 22:03,DOWN,2024-11-20 22:41,SHORT,20641.75,20661.75,2024-11-20 22:48,STOP_HIT,8,6.50,-20.00
FIXED_R65,2024-11-21,2024-11-20 23:28,UP,2024-11-21 01:18,LONG,20732.00,20712.00,2024-11-21 01:32,STOP_HIT,15,9.75,-20.00
FIXED_R65,2024-11-21,2024-11-21 04:51,DOWN,2024-11-21 05:01,SHORT,20643.75,20663.75,2024-11-21 05:13,STOP_HIT,13,67.50,-20.00
FIXED_R65,2024-11-21,2024-11-21 05:30,UP,2024-11-21 06:33,LONG,20784.25,20764.25,2024-11-21 06:35,STOP_HIT,3,7.00,-20.00
FIXED_R65,2024-11-22,2024-11-21 13:52,UP,2024-11-21 16:41,LONG,20819.50,20799.50,2024-11-21 17:39,STOP_HIT,59,25.00,-20.00
FIXED_R65,2024-11-22,2024-11-21 17:17,DOWN,2024-11-21 17:49,SHORT,20783.50,20803.50,2024-11-21 18:01,STOP_HIT,13,7.00,-20.00
FIXED_R65,2024-11-22,2024-11-21 17:42,UP,2024-11-21 21:34,LONG,20822.00,20802.00,2024-11-21 22:15,STOP_HIT,42,9.00,-20.00
FIXED_R65,2024-11-22,2024-11-21 22:00,DOWN,2024-11-21 23:12,SHORT,20774.25,20794.25,2024-11-22 00:12,TIME_LIMIT,61,81.00,54.25
FIXED_R65,2024-11-22,2024-11-22 00:10,UP,2024-11-22 03:51,LONG,20787.75,20767.75,2024-11-22 04:51,TIME_LIMIT,61,85.25,12.25
FIXED_R65,2024-11-22,2024-11-22 04:48,DOWN,2024-11-22 05:26,SHORT,20791.50,20811.50,2024-11-22 05:39,STOP_HIT,14,69.25,-20.00
FIXED_R65,2024-11-22,2024-11-22 05:28,UP,2024-11-22 05:48,LONG,20836.75,20816.75,2024-11-22 05:49,STOP_HIT,2,0.25,-20.00
FIXED_R65,2024-11-22,2024-11-22 05:45,DOWN,2024-11-22 06:39,SHORT,20799.00,20819.00,2024-11-22 06:52,STOP_HIT,14,44.25,-20.00
FIXED_R65,2024-11-22,2024-11-22 06:21,UP,2024-11-22 07:16,LONG,20830.50,20810.50,2024-11-22 07:39,STOP_HIT,24,16.50,-20.00
FIXED_R65,2024-11-25,2024-11-24 13:36,UP,2024-11-25 03:46,LONG,20990.75,20970.75,2024-11-25 04:31,STOP_HIT,46,54.75,-20.00
FIXED_R65,2024-11-25,2024-11-25 04:42,DOWN,2024-11-25 04:57,SHORT,20948.00,20968.00,2024-11-25 05:57,TIME_LIMIT,61,78.75,56.00
FIXED_R65,2024-11-26,2024-11-25 13:17,DOWN,2024-11-25 13:44,SHORT,20868.75,20888.75,2024-11-25 14:44,TIME_LIMIT,61,83.50,56.25
FIXED_R65,2024-11-26,2024-11-25 15:04,UP,2024-11-25 15:52,LONG,20841.50,20821.50,2024-11-25 16:52,TIME_LIMIT,61,40.50,28.75
FIXED_R65,2024-11-26,2024-11-26 05:45,DOWN,2024-11-26 07:36,SHORT,20955.00,20975.00,2024-11-26 07:50,STOP_HIT,15,5.50,-20.00
FIXED_R65,2024-11-26,2024-11-26 09:25,UP,2024-11-26 10:55,LONG,20989.00,20969.00,2024-11-26 11:55,TIME_LIMIT,61,19.75,17.00
FIXED_R65,2024-11-27,2024-11-26 16:28,DOWN,2024-11-26 19:20,SHORT,20956.00,20976.00,2024-11-26 20:20,TIME_LIMIT,61,1.75,-13.50
FIXED_R65,2024-11-27,2024-11-27 03:22,DOWN,2024-11-27 04:31,SHORT,20893.00,20913.00,2024-11-27 05:31,TIME_LIMIT,61,127.50,120.50
FIXED_R65,2024-11-27,2024-11-27 07:09,UP,2024-11-27 10:55,LONG,20798.25,20778.25,2024-11-27 11:55,TIME_LIMIT,61,28.25,9.50
FIXED_R65,2024-11-28,2024-11-27 13:00,UP,2024-11-28 02:58,LONG,20873.25,20853.25,2024-11-28 03:58,TIME_LIMIT,61,4.75,-0.75
FIXED_R65,2024-11-29,2024-11-28 13:57,DOWN,2024-11-28 15:32,SHORT,20866.75,20886.75,2024-11-28 16:05,STOP_HIT,34,6.25,-20.00
FIXED_R65,2024-11-29,2024-11-28 15:03,UP,2024-11-28 16:06,LONG,20887.00,20867.00,2024-11-28 17:06,TIME_LIMIT,61,26.00,23.75
FIXED_R65,2024-11-29,2024-11-28 18:17,DOWN,2024-11-28 22:51,SHORT,20901.50,20921.50,2024-11-28 23:51,TIME_LIMIT,61,7.50,0.00
FIXED_R65,2024-11-29,2024-11-29 04:32,UP,2024-11-29 04:59,LONG,20908.00,20888.00,2024-11-29 05:59,TIME_LIMIT,61,73.75,46.00
FIXED_R65,2024-12-02,2024-12-01 20:35,UP,2024-12-02 02:31,LONG,21005.75,20985.75,2024-12-02 03:31,TIME_LIMIT,61,31.00,21.50
FIXED_R65,2024-12-03,2024-12-02 22:09,DOWN,2024-12-03 04:06,SHORT,21177.50,21197.50,2024-12-03 04:40,STOP_HIT,35,43.25,-20.00
FIXED_R65,2024-12-03,2024-12-03 04:31,UP,2024-12-03 05:17,LONG,21216.75,21196.75,2024-12-03 05:20,STOP_HIT,4,2.00,-20.00
FIXED_R65,2024-12-03,2024-12-03 05:06,DOWN,2024-12-03 05:53,SHORT,21166.75,21186.75,2024-12-03 05:56,STOP_HIT,4,2.25,-20.00
FIXED_R65,2024-12-03,2024-12-03 06:30,DOWN,2024-12-03 07:35,SHORT,21204.50,21224.50,2024-12-03 07:48,STOP_HIT,14,14.50,-20.00
FIXED_R65,2024-12-04,2024-12-03 13:07,UP,2024-12-03 22:36,LONG,21367.75,21347.75,2024-12-03 23:36,TIME_LIMIT,61,35.00,18.50
FIXED_R65,2024-12-04,2024-12-04 04:13,DOWN,2024-12-04 05:01,SHORT,21397.75,21417.75,2024-12-04 05:03,STOP_HIT,3,3.25,-20.00
FIXED_R65,2024-12-05,2024-12-05 05:50,UP,2024-12-05 07:13,LONG,21555.25,21535.25,2024-12-05 08:13,TIME_LIMIT,61,12.00,-6.25
FIXED_R65,2024-12-05,2024-12-05 07:52,DOWN,2024-12-05 08:27,SHORT,21500.00,21520.00,2024-12-05 08:41,STOP_HIT,15,13.00,-20.00
FIXED_R65,2024-12-06,2024-12-05 13:09,UP,2024-12-05 22:40,LONG,21484.75,21464.75,2024-12-05 23:18,STOP_HIT,39,10.50,-20.00
FIXED_R65,2024-12-09,2024-12-08 13:01,UP,2024-12-08 21:38,LONG,21690.50,21670.50,2024-12-08 22:38,TIME_LIMIT,61,15.75,5.75
FIXED_R65,2024-12-09,2024-12-08 22:00,DOWN,2024-12-09 01:02,SHORT,21622.75,21642.75,2024-12-09 02:02,TIME_LIMIT,61,36.75,1.75
FIXED_R65,2024-12-09,2024-12-09 04:30,UP,2024-12-09 04:53,LONG,21634.50,21614.50,2024-12-09 05:02,STOP_HIT,10,11.75,-20.00
FIXED_R65,2024-12-09,2024-12-09 04:50,DOWN,2024-12-09 05:27,SHORT,21574.00,21594.00,2024-12-09 06:27,TIME_LIMIT,61,138.00,59.75
FIXED_R65,2024-12-10,2024-12-09 22:21,UP,2024-12-10 01:37,LONG,21515.00,21495.00,2024-12-10 02:37,TIME_LIMIT,61,20.25,7.25
FIXED_R65,2024-12-10,2024-12-10 05:16,DOWN,2024-12-10 06:27,SHORT,21487.25,21507.25,2024-12-10 07:27,TIME_LIMIT,61,43.25,-0.50
FIXED_R65,2024-12-11,2024-12-10 21:37,UP,2024-12-11 06:11,LONG,21731.50,21711.50,2024-12-11 07:11,TIME_LIMIT,61,53.75,52.50
FIXED_R65,2024-12-12,2024-12-11 20:02,DOWN,2024-12-12 04:39,SHORT,21688.00,21708.00,2024-12-12 05:25,STOP_HIT,47,63.25,-20.00
FIXED_R65,2024-12-12,2024-12-12 05:13,UP,2024-12-12 05:27,LONG,21714.25,21694.25,2024-12-12 05:28,STOP_HIT,2,1.50,-20.00
FIXED_R65,2024-12-12,2024-12-12 08:27,DOWN,2024-12-12 09:22,SHORT,21675.00,21695.00,2024-12-12 09:45,STOP_HIT,24,11.00,-20.00
FIXED_R65,2024-12-13,2024-12-12 14:31,DOWN,2024-12-12 17:27,SHORT,21703.00,21723.00,2024-12-12 18:27,TIME_LIMIT,61,5.00,-4.25
FIXED_R65,2024-12-13,2024-12-12 18:01,UP,2024-12-12 22:27,LONG,21761.75,21741.75,2024-12-12 23:27,TIME_LIMIT,61,16.00,14.25
FIXED_R65,2024-12-13,2024-12-13 05:13,DOWN,2024-12-13 05:39,SHORT,21792.75,21812.75,2024-12-13 06:39,TIME_LIMIT,61,126.25,85.00
FIXED_R65,2024-12-13,2024-12-13 06:56,UP,2024-12-13 11:09,LONG,21783.50,21763.50,2024-12-13 11:24,STOP_HIT,16,0.50,-20.00
FIXED_R65,2024-12-16,2024-12-15 13:03,UP,2024-12-15 23:12,LONG,21824.75,21804.75,2024-12-16 00:12,TIME_LIMIT,61,32.25,29.00
FIXED_R65,2024-12-17,2024-12-16 17:44,DOWN,2024-12-16 21:46,SHORT,22056.75,22076.75,2024-12-16 22:46,TIME_LIMIT,61,28.00,11.75
FIXED_R65,2024-12-17,2024-12-17 06:44,DOWN,2024-12-17 07:03,SHORT,22005.25,22025.25,2024-12-17 07:08,STOP_HIT,6,10.75,-20.00
FIXED_R65,2024-12-18,2024-12-17 13:00,DOWN,2024-12-17 13:10,SHORT,21945.75,21965.75,2024-12-17 13:36,STOP_HIT,27,7.25,-20.00
FIXED_R65,2024-12-18,2024-12-17 13:05,UP,2024-12-17 13:37,LONG,21965.25,21945.25,2024-12-17 14:37,TIME_LIMIT,61,29.75,17.00
FIXED_R65,2024-12-18,2024-12-18 02:24,DOWN,2024-12-18 04:07,SHORT,21986.00,22006.00,2024-12-18 05:05,STOP_HIT,59,72.75,-20.00
FIXED_R65,2024-12-18,2024-12-18 04:35,UP,2024-12-18 06:03,LONG,22029.50,22009.50,2024-12-18 06:13,STOP_HIT,11,13.00,-20.00
FIXED_R65,2024-12-18,2024-12-18 06:22,UP,2024-12-18 06:37,LONG,22017.00,21997.00,2024-12-18 07:31,STOP_HIT,55,13.00,-20.00
FIXED_R65,2024-12-18,2024-12-18 06:53,DOWN,2024-12-18 09:01,SHORT,21933.75,21953.75,2024-12-18 09:02,STOP_HIT,2,27.00,-20.00
FIXED_R65,2024-12-19,2024-12-18 13:01,UP,2024-12-18 13:11,LONG,21250.00,21230.00,2024-12-18 13:39,STOP_HIT,29,24.25,-20.00
FIXED_R65,2024-12-19,2024-12-18 13:30,DOWN,2024-12-18 13:42,SHORT,21208.50,21228.50,2024-12-18 14:25,STOP_HIT,44,24.75,-20.00
FIXED_R65,2024-12-19,2024-12-18 15:11,DOWN,2024-12-18 15:30,SHORT,21215.00,21235.00,2024-12-18 16:30,TIME_LIMIT,61,13.75,-2.25
FIXED_R65,2024-12-19,2024-12-18 19:59,UP,2024-12-18 21:12,LONG,21222.00,21202.00,2024-12-18 22:12,TIME_LIMIT,61,64.75,35.25
FIXED_R65,2024-12-19,2024-12-19 04:46,DOWN,2024-12-19 05:11,SHORT,21299.25,21319.25,2024-12-19 05:11,STOP_HIT,1,12.50,-20.00
FIXED_R65,2024-12-19,2024-12-19 05:13,DOWN,2024-12-19 05:29,SHORT,21244.50,21264.50,2024-12-19 05:42,STOP_HIT,14,47.75,-20.00
FIXED_R65,2024-12-19,2024-12-19 06:09,UP,2024-12-19 06:31,LONG,21334.50,21314.50,2024-12-19 06:34,STOP_HIT,4,14.00,-20.00
FIXED_R65,2024-12-19,2024-12-19 06:39,DOWN,2024-12-19 07:24,SHORT,21221.25,21241.25,2024-12-19 07:57,STOP_HIT,34,53.00,-20.00
FIXED_R65,2024-12-19,2024-12-19 08:59,DOWN,2024-12-19 09:32,SHORT,21218.00,21238.00,2024-12-19 10:22,STOP_HIT,51,49.25,-20.00
FIXED_R65,2025-02-20,2025-02-19 13:19,DOWN,2025-02-19 15:52,SHORT,22168.50,22188.50,2025-02-19 16:52,TIME_LIMIT,61,11.00,-13.25
FIXED_R65,2025-02-20,2025-02-19 21:07,UP,2025-02-20 00:04,LONG,22214.00,22194.00,2025-02-20 01:04,TIME_LIMIT,61,5.75,-8.25
FIXED_R65,2025-02-20,2025-02-20 04:31,DOWN,2025-02-20 04:46,SHORT,22166.25,22186.25,2025-02-20 05:46,TIME_LIMIT,61,215.25,127.50
FIXED_R65,2025-02-20,2025-02-20 08:02,UP,2025-02-20 09:49,LONG,22110.50,22090.50,2025-02-20 10:16,STOP_HIT,28,17.25,-20.00
FIXED_R65,2025-02-21,2025-02-20 13:43,DOWN,2025-02-20 22:16,SHORT,22115.00,22135.00,2025-02-20 22:28,STOP_HIT,13,7.50,-20.00
FIXED_R65,2025-02-21,2025-02-20 22:15,UP,2025-02-20 23:45,LONG,22166.75,22146.75,2025-02-21 00:45,TIME_LIMIT,61,11.75,-3.50
FIXED_R65,2025-02-21,2025-02-21 03:45,DOWN,2025-02-21 04:40,SHORT,22120.50,22140.50,2025-02-21 04:45,STOP_HIT,6,22.75,-20.00
FIXED_R65,2025-02-24,2025-02-23 13:02,UP,2025-02-23 13:25,LONG,21743.00,21723.00,2025-02-23 14:25,TIME_LIMIT,61,49.50,46.25
FIXED_R65,2025-02-24,2025-02-23 19:44,DOWN,2025-02-23 22:01,SHORT,21756.50,21776.50,2025-02-23 22:57,STOP_HIT,57,55.50,-20.00
FIXED_R65,2025-02-24,2025-02-23 22:16,UP,2025-02-23 23:08,LONG,21800.50,21780.50,2025-02-23 23:49,STOP_HIT,42,12.50,-20.00
FIXED_R65,2025-02-24,2025-02-23 23:24,DOWN,2025-02-24 01:02,SHORT,21758.25,21778.25,2025-02-24 01:21,STOP_HIT,20,9.25,-20.00
FIXED_R65,2025-02-24,2025-02-24 02:48,UP,2025-02-24 04:22,LONG,21763.25,21743.25,2025-02-24 04:27,STOP_HIT,6,9.25,-20.00
FIXED_R65,2025-02-24,2025-02-24 04:00,DOWN,2025-02-24 04:28,SHORT,21743.25,21763.25,2025-02-24 04:32,STOP_HIT,5,12.25,-20.00
FIXED_R65,2025-02-24,2025-02-24 08:18,DOWN,2025-02-24 09:40,SHORT,21579.00,21599.00,2025-02-24 10:40,TIME_LIMIT,61,59.00,56.25
FIXED_R65,2025-02-25,2025-02-24 13:00,DOWN,2025-02-24 13:50,SHORT,21388.75,21408.75,2025-02-24 14:03,STOP_HIT,14,22.25,-20.00
FIXED_R65,2025-02-25,2025-02-24 13:55,UP,2025-02-24 14:27,LONG,21431.75,21411.75,2025-02-24 15:25,STOP_HIT,59,17.50,-20.00
FIXED_R65,2025-02-25,2025-02-24 15:32,DOWN,2025-02-24 21:07,SHORT,21388.25,21408.25,2025-02-24 21:15,STOP_HIT,9,5.00,-20.00
FIXED_R65,2025-02-25,2025-02-25 00:59,UP,2025-02-25 03:52,LONG,21400.50,21380.50,2025-02-25 04:25,STOP_HIT,34,18.25,-20.00
FIXED_R65,2025-02-25,2025-02-25 03:30,DOWN,2025-02-25 04:26,SHORT,21370.00,21390.00,2025-02-25 04:29,STOP_HIT,4,13.25,-20.00
FIXED_R65,2025-02-25,2025-02-25 07:22,UP,2025-02-25 07:46,LONG,21196.50,21176.50,2025-02-25 08:29,STOP_HIT,44,84.75,-20.00
FIXED_R65,2025-02-25,2025-02-25 08:30,UP,2025-02-25 08:43,LONG,21229.75,21209.75,2025-02-25 08:51,STOP_HIT,9,23.75,-20.00
FIXED_R65,2025-02-25,2025-02-25 08:44,DOWN,2025-02-25 09:08,SHORT,21192.00,21212.00,2025-02-25 09:43,STOP_HIT,36,68.25,-20.00
FIXED_R65,2025-02-25,2025-02-25 09:16,UP,2025-02-25 10:15,LONG,21204.25,21184.25,2025-02-25 10:37,STOP_HIT,23,58.75,-20.00
FIXED_R65,2025-02-25,2025-02-25 10:24,DOWN,2025-02-25 10:46,SHORT,21161.75,21181.75,2025-02-25 10:49,STOP_HIT,4,10.50,-20.00
FIXED_R65,2025-02-26,2025-02-26 03:33,DOWN,2025-02-26 04:00,SHORT,21272.75,21292.75,2025-02-26 04:52,STOP_HIT,53,83.75,-20.00
FIXED_R65,2025-02-26,2025-02-26 04:42,UP,2025-02-26 04:54,LONG,21285.75,21265.75,2025-02-26 04:57,STOP_HIT,4,27.25,-20.00
FIXED_R65,2025-02-26,2025-02-26 07:17,DOWN,2025-02-26 08:11,SHORT,21247.25,21267.25,2025-02-26 09:11,TIME_LIMIT,61,182.75,157.75
FIXED_R65,2025-02-27,2025-02-26 13:00,DOWN,2025-02-26 13:24,SHORT,21173.00,21193.00,2025-02-26 13:24,STOP_HIT,1,1.75,-20.00
FIXED_R65,2025-02-27,2025-02-26 15:07,UP,2025-02-26 15:48,LONG,21182.00,21162.00,2025-02-26 16:05,STOP_HIT,18,0.00,-20.00
FIXED_R65,2025-02-27,2025-02-26 16:27,DOWN,2025-02-26 18:40,SHORT,21166.25,21186.25,2025-02-26 19:07,STOP_HIT,28,6.50,-20.00
FIXED_R65,2025-02-27,2025-02-26 18:20,UP,2025-02-26 19:25,LONG,21226.75,21206.75,2025-02-26 20:25,TIME_LIMIT,61,64.00,60.25
FIXED_R65,2025-02-28,2025-02-27 21:34,UP,2025-02-27 22:20,LONG,20638.50,20618.50,2025-02-27 23:20,TIME_LIMIT,61,45.50,34.75
FIXED_R65,2025-02-28,2025-02-27 23:16,DOWN,2025-02-28 02:53,SHORT,20606.00,20626.00,2025-02-28 02:56,STOP_HIT,4,4.00,-20.00
FIXED_R65,2025-02-28,2025-02-28 03:27,UP,2025-02-28 03:37,LONG,20654.25,20634.25,2025-02-28 03:38,STOP_HIT,2,0.75,-20.00
FIXED_R65,2025-02-28,2025-02-28 03:36,DOWN,2025-02-28 03:56,SHORT,20604.50,20624.50,2025-02-28 04:06,STOP_HIT,11,14.75,-20.00
FIXED_R65,2025-02-28,2025-02-28 08:40,DOWN,2025-02-28 08:56,SHORT,20598.25,20618.25,2025-02-28 09:30,STOP_HIT,35,60.50,-20.00
FIXED_R65,2025-02-28,2025-02-28 09:00,UP,2025-02-28 10:02,LONG,20713.25,20693.25,2025-02-28 10:22,STOP_HIT,21,53.25,-20.00
FIXED_R65,2025-03-03,2025-03-02 13:00,UP,2025-03-02 13:10,LONG,21033.75,21013.75,2025-03-02 13:17,STOP_HIT,8,0.75,-20.00
FIXED_R65,2025-03-03,2025-03-02 13:09,DOWN,2025-03-02 13:50,SHORT,20971.50,20991.50,2025-03-02 14:50,TIME_LIMIT,61,133.75,69.50
FIXED_R65,2025-03-03,2025-03-02 16:08,DOWN,2025-03-02 17:22,SHORT,20902.25,20922.25,2025-03-02 17:57,STOP_HIT,36,18.00,-20.00
FIXED_R65,2025-03-03,2025-03-02 17:23,UP,2025-03-02 19:08,LONG,20951.00,20931.00,2025-03-02 20:08,TIME_LIMIT,61,50.50,20.00
FIXED_R65,2025-03-03,2025-03-02 22:08,DOWN,2025-03-02 22:26,SHORT,20909.50,20929.50,2025-03-02 22:36,STOP_HIT,11,21.50,-20.00
FIXED_R65,2025-03-03,2025-03-02 22:26,UP,2025-03-02 23:18,LONG,20958.25,20938.25,2025-03-03 00:18,TIME_LIMIT,61,62.75,41.00
FIXED_R65,2025-03-03,2025-03-03 04:33,DOWN,2025-03-03 04:46,SHORT,20972.75,20992.75,2025-03-03 04:46,STOP_HIT,1,1.75,-20.00
FIXED_R65,2025-03-04,2025-03-03 13:03,UP,2025-03-03 13:31,LONG,20550.75,20530.75,2025-03-03 13:36,STOP_HIT,6,7.00,-20.00
FIXED_R65,2025-03-04,2025-03-03 13:31,DOWN,2025-03-03 14:11,SHORT,20494.75,20514.75,2025-03-03 14:16,STOP_HIT,6,1.00,-20.00
FIXED_R65,2025-03-04,2025-03-03 14:48,UP,2025-03-03 14:58,LONG,20549.75,20529.75,2025-03-03 15:12,STOP_HIT,15,21.25,-20.00
FIXED_R65,2025-03-04,2025-03-03 15:00,DOWN,2025-03-03 15:30,SHORT,20507.00,20527.00,2025-03-03 16:30,TIME_LIMIT,61,40.75,-15.25
FIXED_R65,2025-03-04,2025-03-03 15:34,UP,2025-03-03 17:12,LONG,20521.00,20501.00,2025-03-03 18:12,TIME_LIMIT,61,28.50,23.00
FIXED_R65,2025-03-04,2025-03-03 19:06,DOWN,2025-03-03 22:17,SHORT,20503.25,20523.25,2025-03-03 22:24,STOP_HIT,8,7.25,-20.00
FIXED_R65,2025-03-04,2025-03-03 22:08,UP,2025-03-03 22:38,LONG,20555.00,20535.00,2025-03-03 22:46,STOP_HIT,9,8.50,-20.00
FIXED_R65,2025-03-04,2025-03-03 23:12,DOWN,2025-03-03 23:41,SHORT,20498.00,20518.00,2025-03-03 23:44,STOP_HIT,4,8.50,-20.00
FIXED_R65,2025-03-04,2025-03-04 06:58,DOWN,2025-03-04 07:08,SHORT,20274.25,20294.25,2025-03-04 07:10,STOP_HIT,3,8.50,-20.00
FIXED_R65,2025-03-05,2025-03-04 13:30,DOWN,2025-03-04 14:23,SHORT,20539.50,20559.50,2025-03-04 15:23,TIME_LIMIT,61,54.00,30.00
FIXED_R65,2025-03-05,2025-03-04 16:35,UP,2025-03-04 18:03,LONG,20542.25,20522.25,2025-03-04 19:03,TIME_LIMIT,61,25.50,4.25
FIXED_R65,2025-03-05,2025-03-04 23:49,DOWN,2025-03-05 02:02,SHORT,20501.50,20521.50,2025-03-05 02:11,STOP_HIT,10,20.75,-20.00
FIXED_R65,2025-03-05,2025-03-05 05:07,DOWN,2025-03-05 05:17,SHORT,20406.75,20426.75,2025-03-05 05:39,STOP_HIT,23,107.25,-20.00
FIXED_R65,2025-03-05,2025-03-05 07:04,UP,2025-03-05 07:33,LONG,20474.75,20454.75,2025-03-05 07:46,STOP_HIT,14,37.50,-20.00
FIXED_R65,2025-03-06,2025-03-05 14:59,UP,2025-03-05 18:52,LONG,20640.75,20620.75,2025-03-05 19:46,STOP_HIT,55,6.75,-20.00
FIXED_R65,2025-03-06,2025-03-05 19:15,DOWN,2025-03-05 21:44,SHORT,20586.00,20606.00,2025-03-05 22:44,TIME_LIMIT,61,123.00,106.50
FIXED_R65,2025-03-06,2025-03-06 05:00,UP,2025-03-06 05:10,LONG,20402.50,20382.50,2025-03-06 06:10,TIME_LIMIT,61,110.75,77.50
FIXED_R65,2025-03-06,2025-03-06 06:30,DOWN,2025-03-06 06:40,SHORT,20354.50,20374.50,2025-03-06 07:40,TIME_LIMIT,61,227.00,176.25
FIXED_R65,2025-03-07,2025-03-06 13:02,DOWN,2025-03-06 14:27,SHORT,20154.00,20174.00,2025-03-06 14:33,STOP_HIT,7,13.00,-20.00
FIXED_R65,2025-03-07,2025-03-06 14:27,UP,2025-03-06 15:19,LONG,20209.50,20189.50,2025-03-06 15:30,STOP_HIT,12,5.25,-20.00
FIXED_R65,2025-03-07,2025-03-06 15:14,DOWN,2025-03-06 19:54,SHORT,20153.75,20173.75,2025-03-06 20:54,TIME_LIMIT,61,42.25,33.75
FIXED_R65,2025-03-07,2025-03-06 20:50,UP,2025-03-06 23:45,LONG,20191.25,20171.25,2025-03-07 00:06,STOP_HIT,22,22.75,-20.00
FIXED_R65,2025-03-07,2025-03-06 23:14,DOWN,2025-03-07 02:08,SHORT,20168.50,20188.50,2025-03-07 03:08,TIME_LIMIT,61,76.50,37.50
FIXED_R65,2025-03-07,2025-03-07 03:31,DOWN,2025-03-07 03:48,SHORT,20148.50,20168.50,2025-03-07 04:42,STOP_HIT,55,124.75,-20.00
FIXED_R65,2025-03-07,2025-03-07 04:40,UP,2025-03-07 04:50,LONG,20194.50,20174.50,2025-03-07 04:50,STOP_HIT,1,19.50,-20.00
FIXED_R65,2025-03-07,2025-03-07 05:00,UP,2025-03-07 05:11,LONG,20167.75,20147.75,2025-03-07 05:12,STOP_HIT,2,11.75,-20.00
FIXED_R65,2025-03-07,2025-03-07 07:59,UP,2025-03-07 08:09,LONG,20112.25,20092.25,2025-03-07 08:09,STOP_HIT,1,0.00,-20.00
FIXED_R65,2025-03-10,2025-03-09 14:00,DOWN,2025-03-09 14:10,SHORT,20049.00,20069.00,2025-03-09 14:39,STOP_HIT,30,53.50,-20.00
FIXED_R65,2025-03-10,2025-03-09 14:17,UP,2025-03-09 14:36,LONG,20054.25,20034.25,2025-03-09 14:58,STOP_HIT,23,22.00,-20.00
FIXED_R65,2025-03-10,2025-03-09 14:45,DOWN,2025-03-09 15:00,SHORT,20014.00,20034.00,2025-03-09 15:13,STOP_HIT,14,81.75,-20.00
FIXED_R65,2025-03-10,2025-03-09 15:04,UP,2025-03-09 17:32,LONG,20092.00,20072.00,2025-03-09 18:32,TIME_LIMIT,61,49.50,32.00
FIXED_R65,2025-03-11,2025-03-10 14:04,DOWN,2025-03-10 14:35,SHORT,19414.50,19434.50,2025-03-10 14:40,STOP_HIT,6,7.75,-20.00
FIXED_R65,2025-03-11,2025-03-10 14:11,UP,2025-03-10 14:41,LONG,19441.50,19421.50,2025-03-10 14:45,STOP_HIT,5,3.00,-20.00
FIXED_R65,2025-03-11,2025-03-10 14:41,DOWN,2025-03-10 15:00,SHORT,19377.50,19397.50,2025-03-10 15:02,STOP_HIT,3,0.00,-20.00
FIXED_R65,2025-03-11,2025-03-11 04:00,DOWN,2025-03-11 05:31,SHORT,19434.25,19454.25,2025-03-11 05:31,STOP_HIT,1,12.50,-20.00
FIXED_R65,2025-03-11,2025-03-11 06:09,DOWN,2025-03-11 06:19,SHORT,19422.50,19442.50,2025-03-11 06:19,STOP_HIT,1,6.25,-20.00
FIXED_R65,2025-03-11,2025-03-11 10:01,UP,2025-03-11 10:11,LONG,19473.00,19453.00,2025-03-11 10:16,STOP_HIT,6,15.50,-20.00
FIXED_R65,2025-03-12,2025-03-11 14:04,UP,2025-03-11 14:42,LONG,19463.75,19443.75,2025-03-11 15:17,STOP_HIT,36,16.00,-20.00
FIXED_R65,2025-03-12,2025-03-11 16:25,DOWN,2025-03-11 22:50,SHORT,19426.75,19446.75,2025-03-11 23:43,STOP_HIT,54,39.75,-20.00
FIXED_R65,2025-03-12,2025-03-11 23:22,UP,2025-03-12 00:02,LONG,19490.25,19470.25,2025-03-12 00:05,STOP_HIT,4,4.50,-20.00
FIXED_R65,2025-03-12,2025-03-12 10:49,DOWN,2025-03-12 11:50,SHORT,19613.25,19633.25,2025-03-12 11:54,STOP_HIT,5,59.25,-20.00
FIXED_R65,2025-03-13,2025-03-12 14:01,UP,2025-03-12 14:21,LONG,19634.75,19614.75,2025-03-12 14:33,STOP_HIT,13,2.50,-20.00
FIXED_R65,2025-03-13,2025-03-12 16:00,DOWN,2025-03-12 17:42,SHORT,19610.00,19630.00,2025-03-12 17:52,STOP_HIT,11,3.00,-20.00
FIXED_R65,2025-03-13,2025-03-13 00:18,UP,2025-03-13 01:49,LONG,19592.50,19572.50,2025-03-13 02:49,TIME_LIMIT,61,38.50,24.75
FIXED_R65,2025-03-13,2025-03-13 04:48,UP,2025-03-13 05:01,LONG,19573.00,19553.00,2025-03-13 05:14,STOP_HIT,14,15.00,-20.00
FIXED_R65,2025-03-13,2025-03-13 06:25,DOWN,2025-03-13 06:35,SHORT,19488.25,19508.25,2025-03-13 07:35,TIME_LIMIT,61,158.25,152.50
FIXED_R65,2025-03-14,2025-03-13 14:00,UP,2025-03-13 14:40,LONG,19366.50,19346.50,2025-03-13 15:40,TIME_LIMIT,61,20.00,-2.75
FIXED_R65,2025-03-14,2025-03-13 19:15,DOWN,2025-03-14 00:13,SHORT,19399.00,19419.00,2025-03-14 00:16,STOP_HIT,4,3.00,-20.00
FIXED_R65,2025-03-14,2025-03-13 23:34,UP,2025-03-14 00:25,LONG,19430.75,19410.75,2025-03-14 01:25,TIME_LIMIT,61,31.75,23.00
FIXED_R65,2025-03-14,2025-03-14 06:21,UP,2025-03-14 06:31,LONG,19490.75,19470.75,2025-03-14 06:35,STOP_HIT,5,21.75,-20.00
FIXED_R65,2025-03-17,2025-03-16 14:00,DOWN,2025-03-16 14:10,SHORT,19619.00,19639.00,2025-03-16 15:10,TIME_LIMIT,61,68.50,62.25
FIXED_R65,2025-03-17,2025-03-16 15:06,UP,2025-03-16 17:45,LONG,19619.50,19599.50,2025-03-16 18:02,STOP_HIT,18,6.00,-20.00
FIXED_R65,2025-03-17,2025-03-16 17:20,DOWN,2025-03-16 22:23,SHORT,19571.25,19591.25,2025-03-16 23:23,TIME_LIMIT,61,16.50,4.00
FIXED_R65,2025-03-17,2025-03-16 23:18,UP,2025-03-17 01:02,LONG,19623.25,19603.25,2025-03-17 02:02,TIME_LIMIT,61,13.25,3.50
FIXED_R65,2025-03-17,2025-03-17 06:36,UP,2025-03-17 06:46,LONG,19737.25,19717.25,2025-03-17 06:51,STOP_HIT,6,18.75,-20.00
FIXED_R65,2025-03-17,2025-03-17 06:44,DOWN,2025-03-17 06:59,SHORT,19680.25,19700.25,2025-03-17 07:00,STOP_HIT,2,9.00,-20.00
FIXED_R65,2025-03-17,2025-03-17 08:14,DOWN,2025-03-17 08:24,SHORT,19681.00,19701.00,2025-03-17 08:37,STOP_HIT,14,20.25,-20.00
FIXED_R65,2025-03-17,2025-03-17 08:46,UP,2025-03-17 09:11,LONG,19707.75,19687.75,2025-03-17 10:11,TIME_LIMIT,61,155.25,148.50
FIXED_R65,2025-03-18,2025-03-18 01:18,DOWN,2025-03-18 02:04,SHORT,19760.75,19780.75,2025-03-18 03:04,TIME_LIMIT,61,45.25,0.50
FIXED_R65,2025-03-18,2025-03-18 08:59,DOWN,2025-03-18 09:15,SHORT,19538.25,19558.25,2025-03-18 10:15,TIME_LIMIT,61,90.75,78.50
FIXED_R65,2025-03-18,2025-03-18 09:33,UP,2025-03-18 09:51,LONG,19533.50,19513.50,2025-03-18 09:55,STOP_HIT,5,5.00,-20.00
FIXED_R65,2025-03-18,2025-03-18 10:15,UP,2025-03-18 10:51,LONG,19549.25,19529.25,2025-03-18 10:58,STOP_HIT,8,29.75,-20.00
FIXED_R65,2025-03-18,2025-03-18 10:52,DOWN,2025-03-18 11:36,SHORT,19503.25,19523.25,2025-03-18 12:00,STOP_HIT,25,45.25,-20.00
FIXED_R65,2025-03-19,2025-03-18 14:30,UP,2025-03-18 16:21,LONG,19530.00,19510.00,2025-03-18 17:21,TIME_LIMIT,61,61.75,29.75
FIXED_R65,2025-03-19,2025-03-18 23:44,UP,2025-03-19 03:47,LONG,19574.50,19554.50,2025-03-19 03:56,STOP_HIT,10,10.25,-20.00
FIXED_R65,2025-03-20,2025-03-19 14:00,UP,2025-03-19 14:37,LONG,19794.75,19774.75,2025-03-19 15:39,TIME_LIMIT,61,25.25,15.00
FIXED_R65,2025-03-20,2025-03-19 19:18,DOWN,2025-03-20 02:21,SHORT,19542.00,19562.00,2025-03-20 02:21,STOP_HIT,1,11.75,-20.00
FIXED_R65,2025-03-20,2025-03-20 05:30,UP,2025-03-20 06:42,LONG,19871.75,19851.75,2025-03-20 06:52,STOP_HIT,11,27.00,-20.00
FIXED_R65,2025-03-20,2025-03-20 07:37,UP,2025-03-20 07:47,LONG,19835.25,19815.25,2025-03-20 07:56,STOP_HIT,10,17.00,-20.00
FIXED_R65,2025-03-20,2025-03-20 07:48,DOWN,2025-03-20 08:02,SHORT,19785.00,19805.00,2025-03-20 08:03,STOP_HIT,2,0.25,-20.00
FIXED_R65,2025-05-22,2025-05-21 14:13,UP,2025-05-21 16:11,LONG,21180.25,21160.25,2025-05-21 16:14,STOP_HIT,4,0.00,-20.00
FIXED_R65,2025-05-22,2025-05-22 03:09,DOWN,2025-05-22 03:47,SHORT,21163.00,21183.00,2025-05-22 04:47,TIME_LIMIT,61,123.00,20.25
FIXED_R65,2025-05-22,2025-05-22 04:17,UP,2025-05-22 05:22,LONG,21174.75,21154.75,2025-05-22 05:33,STOP_HIT,12,44.75,-20.00
FIXED_R65,2025-05-22,2025-05-22 05:06,DOWN,2025-05-22 05:34,SHORT,21140.25,21160.25,2025-05-22 05:35,STOP_HIT,2,26.50,-20.00
FIXED_R65,2025-05-22,2025-05-22 05:35,UP,2025-05-22 05:51,LONG,21200.00,21180.00,2025-05-22 06:51,TIME_LIMIT,61,130.50,24.00
FIXED_R65,2025-05-22,2025-05-22 11:05,DOWN,2025-05-22 12:51,SHORT,21202.50,21222.50,2025-05-22 12:59,TIME_EXPIRED,9,1.00,-12.00
FIXED_R65,2025-05-23,2025-05-22 14:00,DOWN,2025-05-22 14:51,SHORT,21165.75,21185.75,2025-05-22 15:51,TIME_LIMIT,61,31.75,-11.75
FIXED_R65,2025-05-23,2025-05-22 15:01,UP,2025-05-22 16:36,LONG,21185.00,21165.00,2025-05-22 17:08,STOP_HIT,33,19.00,-20.00
FIXED_R65,2025-05-23,2025-05-22 19:24,DOWN,2025-05-22 20:57,SHORT,21145.50,21165.50,2025-05-22 21:07,STOP_HIT,11,1.00,-20.00
FIXED_R65,2025-05-23,2025-05-22 22:16,UP,2025-05-22 23:53,LONG,21207.00,21187.00,2025-05-23 00:52,STOP_HIT,60,24.00,-20.00
FIXED_R65,2025-05-23,2025-05-23 00:07,DOWN,2025-05-23 01:42,SHORT,21160.00,21180.00,2025-05-23 01:53,STOP_HIT,12,15.00,-20.00
FIXED_R65,2025-05-23,2025-05-23 02:03,DOWN,2025-05-23 03:20,SHORT,21112.50,21132.50,2025-05-23 04:20,TIME_LIMIT,61,366.75,341.50
FIXED_R65,2025-05-23,2025-05-23 05:37,DOWN,2025-05-23 05:47,SHORT,20863.50,20883.50,2025-05-23 05:50,STOP_HIT,4,19.00,-20.00
FIXED_R65,2025-05-23,2025-05-23 05:48,UP,2025-05-23 06:15,LONG,20969.75,20949.75,2025-05-23 06:17,STOP_HIT,3,12.75,-20.00
FIXED_R65,2025-05-26,2025-05-25 14:39,UP,2025-05-25 17:32,LONG,21174.25,21154.25,2025-05-25 18:32,TIME_LIMIT,61,59.25,42.75
FIXED_R65,2025-05-27,2025-05-26 14:00,DOWN,2025-05-26 15:00,SHORT,21229.25,21249.25,2025-05-26 16:00,TIME_LIMIT,61,11.00,-2.50
FIXED_R65,2025-05-27,2025-05-26 19:46,UP,2025-05-26 23:00,LONG,21243.00,21223.00,2025-05-27 00:00,TIME_LIMIT,61,116.75,79.00
FIXED_R65,2025-05-27,2025-05-27 05:37,UP,2025-05-27 06:01,LONG,21325.25,21305.25,2025-05-27 07:01,TIME_LIMIT,61,64.25,39.50
FIXED_R65,2025-05-28,2025-05-27 15:18,DOWN,2025-05-28 00:13,SHORT,21421.00,21441.00,2025-05-28 01:13,TIME_LIMIT,61,5.00,-5.50
FIXED_R65,2025-05-28,2025-05-28 01:44,UP,2025-05-28 02:33,LONG,21476.25,21456.25,2025-05-28 03:33,TIME_LIMIT,61,47.50,31.50
FIXED_R65,2025-05-28,2025-05-28 05:40,DOWN,2025-05-28 06:00,SHORT,21467.50,21487.50,2025-05-28 07:00,TIME_LIMIT,61,41.50,23.75
FIXED_R65,2025-05-28,2025-05-28 06:58,UP,2025-05-28 10:05,LONG,21488.50,21468.50,2025-05-28 10:51,STOP_HIT,47,13.75,-20.00
FIXED_R65,2025-05-28,2025-05-28 10:52,UP,2025-05-28 11:13,LONG,21497.75,21477.75,2025-05-28 11:14,STOP_HIT,2,8.00,-20.00
FIXED_R65,2025-05-28,2025-05-28 11:08,DOWN,2025-05-28 11:33,SHORT,21458.75,21478.75,2025-05-28 12:33,TIME_LIMIT,61,137.50,5.75
FIXED_R65,2025-05-29,2025-05-28 14:00,UP,2025-05-28 14:49,LONG,21552.25,21532.25,2025-05-28 15:49,TIME_LIMIT,61,224.75,186.75
FIXED_R65,2025-05-29,2025-05-28 23:00,UP,2025-05-28 23:41,LONG,21802.75,21782.75,2025-05-29 00:30,STOP_HIT,50,56.00,-20.00
FIXED_R65,2025-05-29,2025-05-29 00:00,DOWN,2025-05-29 03:26,SHORT,21695.75,21715.75,2025-05-29 04:26,TIME_LIMIT,61,75.25,35.50
FIXED_R65,2025-05-30,2025-05-29 14:10,DOWN,2025-05-29 15:41,SHORT,21343.50,21363.50,2025-05-29 16:41,TIME_LIMIT,61,29.75,5.00
FIXED_R65,2025-05-30,2025-05-29 17:05,UP,2025-05-29 19:31,LONG,21337.00,21317.00,2025-05-29 20:31,TIME_LIMIT,61,19.25,8.75
FIXED_R65,2025-05-30,2025-05-30 04:30,UP,2025-05-30 04:41,LONG,21349.75,21329.75,2025-05-30 05:00,STOP_HIT,20,21.25,-20.00
FIXED_R65,2025-05-30,2025-05-30 05:50,UP,2025-05-30 06:36,LONG,21367.50,21347.50,2025-05-30 06:55,STOP_HIT,20,32.00,-20.00
FIXED_R65,2025-06-02,2025-06-01 14:10,DOWN,2025-06-01 15:31,SHORT,21281.75,21301.75,2025-06-01 15:35,STOP_HIT,5,1.50,-20.00
FIXED_R65,2025-06-03,2025-06-02 14:00,DOWN,2025-06-02 15:26,SHORT,21479.75,21499.75,2025-06-02 15:26,STOP_HIT,1,14.00,-20.00
FIXED_R65,2025-06-03,2025-06-02 15:29,DOWN,2025-06-02 19:11,SHORT,21465.75,21485.75,2025-06-02 20:11,TIME_LIMIT,61,28.75,14.50
FIXED_R65,2025-06-03,2025-06-03 00:15,UP,2025-06-03 03:40,LONG,21526.00,21506.00,2025-06-03 04:40,TIME_LIMIT,61,17.50,-16.75
FIXED_R65,2025-06-04,2025-06-03 18:15,UP,2025-06-04 00:06,LONG,21730.75,21710.75,2025-06-04 01:06,TIME_LIMIT,61,18.00,-6.25
FIXED_R65,2025-06-04,2025-06-04 04:05,DOWN,2025-06-04 04:21,SHORT,21700.25,21720.25,2025-06-04 05:19,STOP_HIT,59,45.00,-20.00
FIXED_R65,2025-06-04,2025-06-04 04:25,UP,2025-06-04 05:21,LONG,21726.75,21706.75,2025-06-04 06:00,STOP_HIT,40,66.50,-20.00
FIXED_R65,2025-06-04,2025-06-04 06:05,UP,2025-06-04 06:38,LONG,21745.50,21725.50,2025-06-04 06:38,STOP_HIT,1,0.25,-20.00
FIXED_R65,2025-06-04,2025-06-04 08:10,UP,2025-06-04 09:06,LONG,21769.00,21749.00,2025-06-04 10:06,TIME_LIMIT,61,30.50,27.75
FIXED_R65,2025-06-05,2025-06-04 22:14,UP,2025-06-04 23:24,LONG,21780.50,21760.50,2025-06-05 00:24,TIME_LIMIT,61,59.50,42.50
FIXED_R65,2025-06-05,2025-06-05 04:30,UP,2025-06-05 04:40,LONG,21771.75,21751.75,2025-06-05 05:35,STOP_HIT,56,126.25,-20.00
FIXED_R65,2025-06-05,2025-06-05 05:35,DOWN,2025-06-05 05:45,SHORT,21778.25,21798.25,2025-06-05 06:25,STOP_HIT,41,86.75,-20.00
FIXED_R65,2025-06-06,2025-06-05 14:00,UP,2025-06-05 14:28,LONG,21527.25,21507.25,2025-06-05 15:28,TIME_LIMIT,61,44.00,29.75
FIXED_R65,2025-06-06,2025-06-06 07:16,DOWN,2025-06-06 07:29,SHORT,21788.25,21808.25,2025-06-06 07:45,STOP_HIT,17,17.50,-20.00
FIXED_R65,2025-06-06,2025-06-06 07:20,UP,2025-06-06 07:31,LONG,21789.75,21769.75,2025-06-06 08:31,TIME_LIMIT,61,44.75,0.75
FIXED_R65,2025-06-06,2025-06-06 08:10,DOWN,2025-06-06 08:40,SHORT,21778.50,21798.50,2025-06-06 09:20,STOP_HIT,41,56.50,-20.00
FIXED_R65,2025-06-06,2025-06-06 08:55,UP,2025-06-06 09:51,LONG,21819.00,21799.00,2025-06-06 10:51,TIME_LIMIT,61,54.50,23.50
FIXED_R65,2025-06-09,2025-06-08 14:00,DOWN,2025-06-08 14:15,SHORT,21761.25,21781.25,2025-06-08 15:15,TIME_LIMIT,61,35.25,13.25
FIXED_R65,2025-06-09,2025-06-08 18:30,UP,2025-06-08 23:41,LONG,21775.50,21755.50,2025-06-09 00:41,TIME_LIMIT,61,24.50,-7.50
FIXED_R65,2025-06-09,2025-06-09 05:35,UP,2025-06-09 05:51,LONG,21803.00,21783.00,2025-06-09 06:51,TIME_LIMIT,61,87.75,49.25
FIXED_R65,2025-06-10,2025-06-09 23:44,UP,2025-06-10 04:17,LONG,21863.25,21843.25,2025-06-10 05:17,TIME_LIMIT,61,4.75,-5.25
FIXED_R65,2025-06-10,2025-06-10 07:33,UP,2025-06-10 08:09,LONG,21901.00,21881.00,2025-06-10 09:09,TIME_LIMIT,61,17.00,13.00
FIXED_R65,2025-06-10,2025-06-10 10:00,UP,2025-06-10 10:36,LONG,21884.75,21864.75,2025-06-10 11:36,TIME_LIMIT,61,107.50,59.50
FIXED_R65,2025-06-11,2025-06-10 14:54,DOWN,2025-06-10 15:06,SHORT,21948.25,21968.25,2025-06-10 15:15,STOP_HIT,10,31.75,-20.00
FIXED_R65,2025-06-11,2025-06-10 15:05,UP,2025-06-10 15:18,LONG,21993.00,21973.00,2025-06-10 15:20,STOP_HIT,3,1.00,-20.00
FIXED_R65,2025-06-11,2025-06-10 15:15,DOWN,2025-06-10 16:06,SHORT,21950.25,21970.25,2025-06-10 17:06,TIME_LIMIT,61,42.75,39.25
FIXED_R65,2025-06-11,2025-06-10 20:58,UP,2025-06-11 01:31,LONG,21939.75,21919.75,2025-06-11 01:42,STOP_HIT,12,4.75,-20.00
FIXED_R65,2025-06-11,2025-06-11 03:17,UP,2025-06-11 04:01,LONG,21935.00,21915.00,2025-06-11 04:04,STOP_HIT,4,57.75,-20.00
FIXED_R65,2025-06-11,2025-06-11 05:45,UP,2025-06-11 05:55,LONG,21982.25,21962.25,2025-06-11 06:55,TIME_LIMIT,61,79.75,72.25
FIXED_R65,2025-06-11,2025-06-11 09:09,DOWN,2025-06-11 09:50,SHORT,21948.25,21968.25,2025-06-11 10:50,TIME_LIMIT,61,157.50,46.00
FIXED_R65,2025-06-12,2025-06-11 14:30,DOWN,2025-06-11 14:56,SHORT,21835.00,21855.00,2025-06-11 15:26,STOP_HIT,31,17.00,-20.00
FIXED_R65,2025-06-12,2025-06-11 17:34,UP,2025-06-11 22:56,LONG,21842.00,21822.00,2025-06-11 23:29,STOP_HIT,34,21.25,-20.00
FIXED_R65,2025-06-12,2025-06-11 23:00,DOWN,2025-06-11 23:54,SHORT,21783.25,21803.25,2025-06-12 00:54,TIME_LIMIT,61,70.00,-17.75
FIXED_R65,2025-06-12,2025-06-12 01:35,DOWN,2025-06-12 02:20,SHORT,21807.25,21827.25,2025-06-12 03:20,TIME_LIMIT,61,48.00,25.75
FIXED_R65,2025-06-12,2025-06-12 04:30,UP,2025-06-12 04:40,LONG,21828.00,21808.00,2025-06-12 05:40,TIME_LIMIT,61,56.50,34.25
FIXED_R65,2025-06-13,2025-06-12 14:00,DOWN,2025-06-12 15:50,SHORT,21871.25,21891.25,2025-06-12 16:50,TIME_LIMIT,61,347.25,288.75
FIXED_R65,2025-06-13,2025-06-12 20:15,UP,2025-06-12 23:01,LONG,21603.25,21583.25,2025-06-13 00:01,TIME_LIMIT,61,60.75,51.50
FIXED_R65,2025-06-13,2025-06-13 06:25,UP,2025-06-13 06:36,LONG,21676.00,21656.00,2025-06-13 07:36,TIME_LIMIT,61,138.00,117.00
FIXED_R65,2025-06-13,2025-06-13 10:00,DOWN,2025-06-13 10:31,SHORT,21671.25,21691.25,2025-06-13 11:10,STOP_HIT,40,69.75,-20.00
FIXED_R65,2025-06-16,2025-06-15 14:03,DOWN,2025-06-15 14:13,SHORT,21805.25,21825.25,2025-06-15 14:14,STOP_HIT,2,0.75,-20.00
FIXED_R65,2025-06-16,2025-06-15 14:10,UP,2025-06-15 14:20,LONG,21826.50,21806.50,2025-06-15 15:20,TIME_LIMIT,61,77.25,16.00
FIXED_R65,2025-06-16,2025-06-16 09:30,DOWN,2025-06-16 11:15,SHORT,22151.75,22171.75,2025-06-16 11:20,STOP_HIT,6,9.75,-20.00
FIXED_R65,2025-06-17,2025-06-16 14:00,DOWN,2025-06-16 14:39,SHORT,22115.25,22135.25,2025-06-16 15:39,TIME_LIMIT,61,68.25,43.25
FIXED_R65,2025-06-17,2025-06-16 16:59,DOWN,2025-06-16 18:10,SHORT,22046.50,22066.50,2025-06-16 18:45,STOP_HIT,36,25.50,-20.00
FIXED_R65,2025-06-17,2025-06-16 18:30,UP,2025-06-16 18:56,LONG,22095.00,22075.00,2025-06-16 19:00,STOP_HIT,5,22.00,-20.00
FIXED_R65,2025-06-17,2025-06-16 22:15,DOWN,2025-06-16 23:23,SHORT,22026.50,22046.50,2025-06-16 23:30,STOP_HIT,8,22.50,-20.00
FIXED_R65,2025-06-17,2025-06-17 02:45,UP,2025-06-17 04:13,LONG,22080.00,22060.00,2025-06-17 04:25,STOP_HIT,13,14.25,-20.00
FIXED_R65,2025-06-17,2025-06-17 04:30,DOWN,2025-06-17 05:12,SHORT,22045.50,22065.50,2025-06-17 05:25,STOP_HIT,14,12.50,-20.00
FIXED_R65,2025-06-17,2025-06-17 05:11,UP,2025-06-17 05:31,LONG,22096.75,22076.75,2025-06-17 05:32,STOP_HIT,2,13.25,-20.00
FIXED_R65,2025-06-17,2025-06-17 05:30,DOWN,2025-06-17 05:50,SHORT,22057.75,22077.75,2025-06-17 05:50,STOP_HIT,1,11.25,-20.00
FIXED_R65,2025-06-17,2025-06-17 05:44,UP,2025-06-17 05:54,LONG,22073.75,22053.75,2025-06-17 06:54,TIME_LIMIT,61,59.75,16.75
FIXED_R65,2025-06-18,2025-06-17 14:00,DOWN,2025-06-17 14:41,SHORT,21889.75,21909.75,2025-06-17 15:40,STOP_HIT,60,27.50,-20.00
FIXED_R65,2025-06-18,2025-06-17 14:57,UP,2025-06-17 16:01,LONG,21914.25,21894.25,2025-06-17 17:01,TIME_LIMIT,61,94.50,81.00
FIXED_R65,2025-06-18,2025-06-18 03:07,UP,2025-06-18 03:48,LONG,22024.25,22004.25,2025-06-18 03:55,STOP_HIT,8,6.25,-20.00
FIXED_R65,2025-06-18,2025-06-18 03:45,DOWN,2025-06-18 05:31,SHORT,21981.75,22001.75,2025-06-18 05:45,STOP_HIT,15,55.50,-20.00
FIXED_R65,2025-06-18,2025-06-18 05:34,UP,2025-06-18 06:03,LONG,22006.00,21986.00,2025-06-18 07:03,TIME_LIMIT,61,91.75,71.50
FIXED_R65,2025-06-18,2025-06-18 10:05,UP,2025-06-18 10:44,LONG,22055.75,22035.75,2025-06-18 10:45,STOP_HIT,2,3.25,-20.00
FIXED_R65,2025-06-18,2025-06-18 10:40,DOWN,2025-06-18 10:53,SHORT,21994.25,22014.25,2025-06-18 11:53,TIME_LIMIT,61,112.00,34.75
FIXED_R65,2025-06-19,2025-06-18 14:00,DOWN,2025-06-18 16:06,SHORT,21925.00,21945.00,2025-06-18 17:06,TIME_LIMIT,61,135.00,91.25
FIXED_R65,2025-06-19,2025-06-18 20:41,DOWN,2025-06-18 22:31,SHORT,21844.50,21864.50,2025-06-18 23:00,STOP_HIT,30,27.25,-20.00
FIXED_R65,2025-06-20,2025-06-19 14:00,UP,2025-06-19 14:10,LONG,21823.75,21803.75,2025-06-19 15:10,TIME_LIMIT,61,106.50,51.75
FIXED_R65,2025-06-20,2025-06-19 14:45,DOWN,2025-06-19 17:37,SHORT,21850.50,21870.50,2025-06-19 17:37,STOP_HIT,1,1.50,-20.00
FIXED_R65,2025-06-20,2025-06-19 17:10,UP,2025-06-19 19:26,LONG,21906.25,21886.25,2025-06-19 20:26,TIME_LIMIT,61,6.00,-2.25
FIXED_R65,2025-06-20,2025-06-20 00:10,DOWN,2025-06-20 00:56,SHORT,21871.75,21891.75,2025-06-20 01:09,STOP_HIT,14,12.75,-20.00
FIXED_R65,2025-06-20,2025-06-20 00:55,UP,2025-06-20 03:35,LONG,21915.75,21895.75,2025-06-20 04:35,TIME_LIMIT,61,103.00,78.75
FIXED_R65,2025-06-23,2025-06-22 14:00,UP,2025-06-22 14:10,LONG,21728.00,21708.00,2025-06-22 14:15,STOP_HIT,6,17.00,-20.00
FIXED_R65,2025-06-23,2025-06-22 16:20,UP,2025-06-22 19:38,LONG,21764.00,21744.00,2025-06-22 20:38,TIME_LIMIT,61,10.00,-2.25
FIXED_R65,2025-06-23,2025-06-23 03:45,UP,2025-06-23 04:01,LONG,21833.75,21813.75,2025-06-23 05:01,TIME_LIMIT,61,53.75,42.75
FIXED_R65,2025-06-24,2025-06-23 14:00,UP,2025-06-23 14:10,LONG,22161.25,22141.25,2025-06-23 15:10,TIME_LIMIT,61,70.25,66.50
FIXED_R65,2025-06-24,2025-06-24 01:35,DOWN,2025-06-24 04:49,SHORT,22293.25,22313.25,2025-06-24 05:30,STOP_HIT,42,33.25,-20.00
FIXED_R65,2025-06-24,2025-06-24 03:20,UP,2025-06-24 05:36,LONG,22301.50,22281.50,2025-06-24 05:55,STOP_HIT,20,32.00,-20.00
FIXED_R65,2025-06-25,2025-06-24 14:00,UP,2025-06-25 01:21,LONG,22441.00,22421.00,2025-06-25 02:04,STOP_HIT,44,13.25,-20.00
FIXED_R65,2025-06-25,2025-06-25 05:40,DOWN,2025-06-25 06:56,SHORT,22493.50,22513.50,2025-06-25 07:56,TIME_LIMIT,61,64.50,37.00
FIXED_R65,2025-06-26,2025-06-25 15:05,UP,2025-06-25 19:36,LONG,22499.25,22479.25,2025-06-25 20:36,TIME_LIMIT,61,4.75,-4.00
FIXED_R65,2025-06-26,2025-06-26 04:05,DOWN,2025-06-26 05:35,SHORT,22534.75,22554.75,2025-06-26 06:00,STOP_HIT,26,58.75,-20.00
FIXED_R65,2025-06-26,2025-06-26 05:50,UP,2025-06-26 06:06,LONG,22553.25,22533.25,2025-06-26 07:06,TIME_LIMIT,61,44.00,29.75
FIXED_R65,2025-06-27,2025-06-26 17:28,UP,2025-06-26 22:15,LONG,22722.25,22702.25,2025-06-26 23:15,TIME_LIMIT,61,28.75,26.50
FIXED_R65,2025-06-27,2025-06-27 04:00,DOWN,2025-06-27 05:29,SHORT,22708.75,22728.75,2025-06-27 05:35,STOP_HIT,7,23.50,-20.00
FIXED_R65,2025-06-27,2025-06-27 05:30,UP,2025-06-27 05:56,LONG,22755.75,22735.75,2025-06-27 06:56,TIME_LIMIT,61,69.75,4.25
FIXED_R65,2025-06-27,2025-06-27 07:45,DOWN,2025-06-27 10:31,SHORT,22655.50,22675.50,2025-06-27 10:33,STOP_HIT,3,6.75,-20.00
FIXED_R65,2025-06-30,2025-06-29 14:00,UP,2025-06-29 14:50,LONG,22813.25,22793.25,2025-06-29 15:50,TIME_LIMIT,61,33.75,9.50
FIXED_R65,2025-06-30,2025-06-30 01:35,DOWN,2025-06-30 05:35,SHORT,22825.25,22845.25,2025-06-30 05:35,STOP_HIT,1,16.50,-20.00
FIXED_R65,2025-06-30,2025-06-30 05:50,UP,2025-06-30 08:34,LONG,22843.25,22823.25,2025-06-30 09:30,STOP_HIT,57,23.25,-20.00
FIXED_R65,2025-06-30,2025-06-30 08:09,DOWN,2025-06-30 09:56,SHORT,22830.00,22850.00,2025-06-30 10:55,STOP_HIT,60,49.00,-20.00
FIXED_R65,2025-06-30,2025-06-30 10:40,UP,2025-06-30 11:08,LONG,22858.75,22838.75,2025-06-30 12:08,TIME_LIMIT,61,76.00,15.00
FIXED_R65,2025-07-01,2025-06-30 15:28,UP,2025-06-30 17:49,LONG,22902.75,22882.75,2025-06-30 18:47,STOP_HIT,59,12.00,-20.00
FIXED_R65,2025-07-01,2025-06-30 17:53,DOWN,2025-06-30 21:06,SHORT,22860.75,22880.75,2025-06-30 22:06,TIME_LIMIT,61,33.50,33.25
FIXED_R65,2025-07-01,2025-07-01 06:15,DOWN,2025-07-01 06:25,SHORT,22788.25,22808.25,2025-07-01 07:25,TIME_LIMIT,61,193.75,101.75
FIXED_R65,2025-07-01,2025-07-01 09:50,DOWN,2025-07-01 11:00,SHORT,22702.25,22722.25,2025-07-01 11:25,STOP_HIT,26,55.00,-20.00
FIXED_R65,2025-07-02,2025-07-01 18:08,UP,2025-07-01 18:59,LONG,22737.75,22717.75,2025-07-01 19:59,TIME_LIMIT,61,9.50,1.75
FIXED_R65,2025-07-02,2025-07-01 20:51,DOWN,2025-07-02 03:09,SHORT,22694.25,22714.25,2025-07-02 04:09,TIME_LIMIT,61,56.00,25.00
FIXED_R65,2025-07-02,2025-07-02 04:40,UP,2025-07-02 06:25,LONG,22768.50,22748.50,2025-07-02 07:25,TIME_LIMIT,61,79.00,51.00
FIXED_R65,2025-07-03,2025-07-02 23:39,DOWN,2025-07-03 02:06,SHORT,22843.00,22863.00,2025-07-03 03:05,STOP_HIT,60,13.00,-20.00
FIXED_R65,2025-07-03,2025-07-03 02:16,UP,2025-07-03 04:29,LONG,22858.00,22838.00,2025-07-03 05:29,TIME_LIMIT,61,82.50,73.75
FIXED_R65,2025-07-04,2025-07-03 14:28,DOWN,2025-07-03 18:14,SHORT,23011.25,23031.25,2025-07-03 19:14,TIME_LIMIT,61,19.50,-2.25
FIXED_R65,2025-07-07,2025-07-06 14:00,UP,2025-07-06 14:10,LONG,22998.25,22978.25,2025-07-06 14:30,STOP_HIT,21,10.00,-20.00
FIXED_R65,2025-07-07,2025-07-06 14:01,DOWN,2025-07-06 15:02,SHORT,22968.75,22988.75,2025-07-06 15:06,STOP_HIT,5,8.75,-20.00
FIXED_R65,2025-07-07,2025-07-07 00:10,UP,2025-07-07 03:11,LONG,22959.00,22939.00,2025-07-07 04:11,TIME_LIMIT,61,36.00,35.75
FIXED_R65,2025-07-07,2025-07-07 04:15,DOWN,2025-07-07 05:16,SHORT,22940.50,22960.50,2025-07-07 05:30,STOP_HIT,15,40.00,-20.00
FIXED_R65,2025-07-07,2025-07-07 05:34,UP,2025-07-07 05:56,LONG,22957.00,22937.00,2025-07-07 06:00,STOP_HIT,5,6.25,-20.00
FIXED_R65,2025-07-07,2025-07-07 05:50,DOWN,2025-07-07 06:01,SHORT,22936.50,22956.50,2025-07-07 06:25,STOP_HIT,25,35.25,-20.00
FIXED_R65,2025-07-08,2025-07-07 14:20,UP,2025-07-07 15:24,LONG,22866.00,22846.00,2025-07-07 16:24,TIME_LIMIT,61,15.50,10.50
FIXED_R65,2025-07-08,2025-07-07 23:55,DOWN,2025-07-08 05:46,SHORT,22913.50,22933.50,2025-07-08 06:35,STOP_HIT,50,64.50,-20.00
FIXED_R65,2025-07-08,2025-07-08 06:25,UP,2025-07-08 06:41,LONG,22939.25,22919.25,2025-07-08 06:42,STOP_HIT,2,0.50,-20.00
FIXED_R65,2025-07-08,2025-07-08 06:40,DOWN,2025-07-08 06:51,SHORT,22901.75,22921.75,2025-07-08 07:51,TIME_LIMIT,61,60.75,10.75
FIXED_R65,2025-07-08,2025-07-08 06:55,UP,2025-07-08 08:34,LONG,22928.25,22908.25,2025-07-08 08:35,STOP_HIT,2,5.50,-20.00
FIXED_R65,2025-07-08,2025-07-08 08:25,DOWN,2025-07-08 09:49,SHORT,22907.50,22927.50,2025-07-08 09:50,STOP_HIT,2,8.25,-20.00
FIXED_R65,2025-07-08,2025-07-08 09:15,UP,2025-07-08 10:06,LONG,22940.00,22920.00,2025-07-08 10:20,STOP_HIT,15,1.25,-20.00
FIXED_R65,2025-07-08,2025-07-08 10:05,DOWN,2025-07-08 11:10,SHORT,22881.50,22901.50,2025-07-08 11:50,STOP_HIT,41,11.25,-20.00
FIXED_R65,2025-07-09,2025-07-08 15:01,DOWN,2025-07-08 17:31,SHORT,22868.00,22888.00,2025-07-08 17:51,STOP_HIT,21,13.75,-20.00
FIXED_R65,2025-07-09,2025-07-08 22:05,UP,2025-07-09 01:11,LONG,22892.50,22872.50,2025-07-09 02:11,TIME_LIMIT,61,50.00,24.25
FIXED_R65,2025-07-09,2025-07-09 06:00,DOWN,2025-07-09 07:08,SHORT,22935.75,22955.75,2025-07-09 07:20,STOP_HIT,13,16.00,-20.00
FIXED_R65,2025-07-09,2025-07-09 07:15,UP,2025-07-09 09:08,LONG,22987.75,22967.75,2025-07-09 09:45,STOP_HIT,38,12.75,-20.00
FIXED_R65,2025-07-10,2025-07-09 14:17,DOWN,2025-07-09 17:21,SHORT,23002.25,23022.25,2025-07-09 18:21,TIME_LIMIT,61,14.75,-12.75
FIXED_R65,2025-07-10,2025-07-09 21:30,UP,2025-07-10 00:31,LONG,23036.50,23016.50,2025-07-10 01:29,STOP_HIT,59,13.75,-20.00
FIXED_R65,2025-07-10,2025-07-10 05:30,DOWN,2025-07-10 05:40,SHORT,23035.75,23055.75,2025-07-10 06:40,TIME_LIMIT,61,134.50,56.00
FIXED_R65,2025-07-10,2025-07-10 06:05,UP,2025-07-10 11:51,LONG,23020.00,23000.00,2025-07-10 11:51,STOP_HIT,1,0.00,-20.00
FIXED_R65,2025-07-11,2025-07-10 21:18,DOWN,2025-07-11 00:08,SHORT,22886.75,22906.75,2025-07-11 00:45,STOP_HIT,38,16.25,-20.00
FIXED_R65,2025-07-11,2025-07-11 02:00,UP,2025-07-11 05:31,LONG,22941.50,22921.50,2025-07-11 05:33,STOP_HIT,3,12.00,-20.00
FIXED_R65,2025-07-11,2025-07-11 05:30,DOWN,2025-07-11 05:42,SHORT,22890.00,22910.00,2025-07-11 05:45,STOP_HIT,4,27.00,-20.00
FIXED_R65,2025-07-11,2025-07-11 11:05,UP,2025-07-11 11:20,LONG,22983.00,22963.00,2025-07-11 11:50,STOP_HIT,31,14.25,-20.00
FIXED_R65,2025-07-11,2025-07-11 11:25,DOWN,2025-07-11 12:19,SHORT,22939.25,22959.25,2025-07-11 12:59,TIME_EXPIRED,41,9.00,1.25
FIXED_R65,2025-07-14,2025-07-13 14:00,UP,2025-07-13 14:33,LONG,22856.00,22836.00,2025-07-13 15:33,TIME_LIMIT,61,34.50,-6.00
FIXED_R65,2025-07-14,2025-07-13 14:55,DOWN,2025-07-13 22:01,SHORT,22835.75,22855.75,2025-07-13 23:01,TIME_LIMIT,61,20.50,-7.25
FIXED_R65,2025-07-14,2025-07-13 23:20,UP,2025-07-14 00:00,LONG,22881.75,22861.75,2025-07-14 01:00,TIME_LIMIT,61,16.75,4.25
FIXED_R65,2025-07-15,2025-07-14 18:50,UP,2025-07-14 20:31,LONG,23102.00,23082.00,2025-07-14 21:31,TIME_LIMIT,61,67.50,65.25
FIXED_R65,2025-07-15,2025-07-15 05:30,DOWN,2025-07-15 05:54,SHORT,23150.00,23170.00,2025-07-15 06:10,STOP_HIT,17,29.50,-20.00
FIXED_R65,2025-07-15,2025-07-15 06:00,UP,2025-07-15 06:12,LONG,23187.25,23167.25,2025-07-15 06:25,STOP_HIT,14,11.25,-20.00
FIXED_R65,2025-07-15,2025-07-15 06:15,DOWN,2025-07-15 06:51,SHORT,23148.00,23168.00,2025-07-15 07:25,STOP_HIT,35,52.00,-20.00
FIXED_R65,2025-07-15,2025-07-15 10:20,DOWN,2025-07-15 10:56,SHORT,23124.75,23144.75,2025-07-15 11:56,TIME_LIMIT,61,74.75,45.25
FIXED_R65,2025-07-16,2025-07-15 14:30,UP,2025-07-15 21:01,LONG,23027.50,23007.50,2025-07-15 21:05,STOP_HIT,5,10.00,-20.00
FIXED_R65,2025-07-16,2025-07-15 21:00,DOWN,2025-07-15 22:31,SHORT,22990.75,23010.75,2025-07-15 23:31,TIME_LIMIT,61,61.75,13.50
FIXED_R65,2025-07-16,2025-07-15 23:10,UP,2025-07-16 04:00,LONG,23020.50,23000.50,2025-07-16 05:00,TIME_LIMIT,61,64.50,43.75
FIXED_R65,2025-07-16,2025-07-16 05:30,DOWN,2025-07-16 06:01,SHORT,22977.25,22997.25,2025-07-16 06:10,STOP_HIT,10,28.50,-20.00
FIXED_R65,2025-07-16,2025-07-16 06:55,UP,2025-07-16 07:07,LONG,23010.75,22990.75,2025-07-16 07:15,STOP_HIT,9,35.00,-20.00
FIXED_R65,2025-07-16,2025-07-16 07:55,UP,2025-07-16 08:05,LONG,22980.75,22960.75,2025-07-16 08:20,STOP_HIT,16,28.00,-20.00
FIXED_R65,2025-07-16,2025-07-16 07:56,DOWN,2025-07-16 08:26,SHORT,22967.00,22987.00,2025-07-16 08:30,STOP_HIT,5,14.00,-20.00
FIXED_R65,2025-07-16,2025-07-16 08:25,UP,2025-07-16 08:51,LONG,23012.50,22992.50,2025-07-16 09:51,TIME_LIMIT,61,57.00,10.25
FIXED_R65,2025-07-17,2025-07-16 19:07,UP,2025-07-16 21:46,LONG,23077.75,23057.75,2025-07-16 22:46,TIME_LIMIT,61,74.00,69.00
FIXED_R65,2025-07-17,2025-07-17 03:00,UP,2025-07-17 04:51,LONG,23127.75,23107.75,2025-07-17 05:20,STOP_HIT,30,30.75,-20.00
FIXED_R65,2025-07-17,2025-07-17 05:00,DOWN,2025-07-17 05:38,SHORT,23090.25,23110.25,2025-07-17 05:40,STOP_HIT,3,17.50,-20.00
FIXED_R65,2025-07-17,2025-07-17 05:30,UP,2025-07-17 05:46,LONG,23123.75,23103.75,2025-07-17 06:46,TIME_LIMIT,61,71.50,54.75
FIXED_R65,2025-07-18,2025-07-17 14:00,UP,2025-07-18 05:26,LONG,23279.50,23259.50,2025-07-18 05:35,STOP_HIT,10,41.25,-20.00
FIXED_R65,2025-07-18,2025-07-18 05:25,DOWN,2025-07-18 05:56,SHORT,23262.00,23282.00,2025-07-18 06:00,STOP_HIT,5,21.25,-20.00
FIXED_R65,2025-07-21,2025-07-20 14:13,UP,2025-07-20 17:06,LONG,23258.75,23238.75,2025-07-20 18:06,TIME_LIMIT,61,18.50,7.25
FIXED_R65,2025-07-21,2025-07-21 00:08,DOWN,2025-07-21 05:30,SHORT,23256.25,23276.25,2025-07-21 05:30,STOP_HIT,1,1.00,-20.00
FIXED_R65,2025-07-21,2025-07-21 05:10,UP,2025-07-21 05:35,LONG,23300.50,23280.50,2025-07-21 06:35,TIME_LIMIT,61,124.25,115.50
FIXED_R65,2025-07-22,2025-07-21 17:45,DOWN,2025-07-22 03:13,SHORT,23308.50,23328.50,2025-07-22 03:50,STOP_HIT,38,9.50,-20.00
FIXED_R65,2025-07-22,2025-07-22 01:40,UP,2025-07-22 04:51,LONG,23334.00,23314.00,2025-07-22 05:30,STOP_HIT,40,15.75,-20.00
FIXED_R65,2025-07-22,2025-07-22 07:30,DOWN,2025-07-22 08:26,SHORT,23186.50,23206.50,2025-07-22 09:00,STOP_HIT,35,27.00,-20.00
FIXED_R65,2025-07-22,2025-07-22 08:40,UP,2025-07-22 09:47,LONG,23220.25,23200.25,2025-07-22 10:15,STOP_HIT,29,9.50,-20.00
FIXED_R65,2025-07-22,2025-07-22 09:25,DOWN,2025-07-22 10:16,SHORT,23215.75,23235.75,2025-07-22 10:34,STOP_HIT,19,44.75,-20.00
FIXED_R65,2025-07-22,2025-07-22 10:15,UP,2025-07-22 10:35,LONG,23232.25,23212.25,2025-07-22 11:35,TIME_LIMIT,61,25.50,18.00
FIXED_R65,2025-07-23,2025-07-22 14:39,UP,2025-07-22 15:11,LONG,23193.50,23173.50,2025-07-22 16:11,TIME_LIMIT,61,74.50,36.00
FIXED_R65,2025-07-23,2025-07-22 15:55,DOWN,2025-07-22 16:48,SHORT,23214.00,23234.00,2025-07-22 17:16,STOP_HIT,29,15.50,-20.00
FIXED_R65,2025-07-23,2025-07-22 16:55,UP,2025-07-22 22:37,LONG,23254.75,23234.75,2025-07-22 23:37,TIME_LIMIT,61,22.50,-0.25
FIXED_R65,2025-07-23,2025-07-23 00:56,DOWN,2025-07-23 05:31,SHORT,23223.50,23243.50,2025-07-23 06:31,TIME_LIMIT,61,76.75,45.25
FIXED_R65,2025-07-24,2025-07-23 17:22,DOWN,2025-07-24 00:47,SHORT,23384.00,23404.00,2025-07-24 01:47,TIME_LIMIT,61,2.00,-6.00
FIXED_R65,2025-07-24,2025-07-24 05:40,UP,2025-07-24 05:52,LONG,23378.50,23358.50,2025-07-24 05:54,STOP_HIT,3,2.50,-20.00
FIXED_R65,2025-07-24,2025-07-24 05:45,DOWN,2025-07-24 06:01,SHORT,23349.00,23369.00,2025-07-24 06:50,STOP_HIT,50,50.75,-20.00
FIXED_R65,2025-07-24,2025-07-24 06:10,UP,2025-07-24 07:40,LONG,23376.50,23356.50,2025-07-24 08:05,STOP_HIT,26,24.00,-20.00
FIXED_R65,2025-07-25,2025-07-24 19:13,DOWN,2025-07-24 23:10,SHORT,23386.75,23406.75,2025-07-25 00:10,TIME_LIMIT,61,31.75,19.25
FIXED_R65,2025-07-25,2025-07-25 05:35,UP,2025-07-25 05:54,LONG,23395.25,23375.25,2025-07-25 06:54,TIME_LIMIT,61,28.25,5.00
FIXED_R65,2025-07-28,2025-07-27 14:29,UP,2025-07-27 21:26,LONG,23564.00,23544.00,2025-07-27 22:26,TIME_LIMIT,61,21.25,2.50
FIXED_R65,2025-07-28,2025-07-27 22:08,DOWN,2025-07-28 02:06,SHORT,23523.00,23543.00,2025-07-28 03:06,TIME_LIMIT,61,38.25,24.50
FIXED_R65,2025-07-29,2025-07-28 14:00,UP,2025-07-28 23:36,LONG,23564.75,23544.75,2025-07-29 00:36,TIME_LIMIT,61,33.75,21.00
FIXED_R65,2025-07-29,2025-07-29 05:35,DOWN,2025-07-29 06:03,SHORT,23575.00,23595.00,2025-07-29 07:03,TIME_LIMIT,61,60.50,53.25
FIXED_R65,2025-07-30,2025-07-29 14:00,UP,2025-07-30 03:26,LONG,23505.25,23485.25,2025-07-30 04:05,STOP_HIT,40,16.75,-20.00
FIXED_R65,2025-07-30,2025-07-30 03:45,DOWN,2025-07-30 05:31,SHORT,23469.00,23489.00,2025-07-30 05:34,STOP_HIT,4,18.25,-20.00
FIXED_R65,2025-07-30,2025-07-30 05:30,UP,2025-07-30 05:46,LONG,23519.75,23499.75,2025-07-30 05:47,STOP_HIT,2,6.50,-20.00
FIXED_R65,2025-07-30,2025-07-30 06:55,DOWN,2025-07-30 07:33,SHORT,23482.25,23502.25,2025-07-30 07:40,STOP_HIT,8,5.25,-20.00
FIXED_R65,2025-07-31,2025-07-30 14:00,UP,2025-07-30 16:41,LONG,23744.75,23724.75,2025-07-30 17:41,TIME_LIMIT,61,33.50,33.50
FIXED_R65,2025-07-31,2025-07-30 23:45,DOWN,2025-07-31 04:06,SHORT,23764.75,23784.75,2025-07-31 04:10,STOP_HIT,5,3.75,-20.00
FIXED_R65,2025-08-01,2025-07-31 14:05,DOWN,2025-07-31 14:36,SHORT,23296.25,23316.25,2025-07-31 15:36,TIME_LIMIT,61,54.50,-1.25
FIXED_R65,2025-08-01,2025-07-31 14:40,UP,2025-07-31 16:20,LONG,23281.75,23261.75,2025-07-31 16:22,STOP_HIT,3,0.25,-20.00
FIXED_R65,2025-08-01,2025-07-31 15:10,DOWN,2025-07-31 16:26,SHORT,23261.25,23281.25,2025-07-31 16:40,STOP_HIT,15,29.75,-20.00
FIXED_R65,2025-08-01,2025-07-31 16:25,UP,2025-07-31 17:36,LONG,23319.75,23299.75,2025-07-31 18:36,TIME_LIMIT,61,16.50,9.25
FIXED_R65,2025-08-01,2025-07-31 19:30,DOWN,2025-07-31 22:49,SHORT,23275.75,23295.75,2025-07-31 23:49,TIME_LIMIT,61,137.50,133.75
FIXED_R65,2025-08-01,2025-08-01 04:40,DOWN,2025-08-01 04:51,SHORT,23103.25,23123.25,2025-08-01 05:51,TIME_LIMIT,61,245.25,201.75
FIXED_R65,2025-08-01,2025-08-01 07:29,UP,2025-08-01 08:28,LONG,23021.75,23001.75,2025-08-01 08:29,STOP_HIT,2,1.50,-20.00
FIXED_R65,2025-08-01,2025-08-01 08:25,DOWN,2025-08-01 08:40,SHORT,22989.75,23009.75,2025-08-01 09:40,TIME_LIMIT,61,158.50,130.75
FIXED_R65,2025-08-04,2025-08-03 14:00,DOWN,2025-08-03 14:10,SHORT,22839.00,22859.00,2025-08-03 14:15,STOP_HIT,6,14.00,-20.00
FIXED_R65,2025-08-04,2025-08-03 14:05,UP,2025-08-03 14:36,LONG,22877.25,22857.25,2025-08-03 15:36,TIME_LIMIT,61,54.25,15.75
FIXED_R65,2025-08-05,2025-08-04 16:15,UP,2025-08-04 22:36,LONG,23376.75,23356.75,2025-08-04 23:24,STOP_HIT,49,20.50,-20.00
FIXED_R65,2025-08-05,2025-08-04 23:02,DOWN,2025-08-04 23:53,SHORT,23335.50,23355.50,2025-08-05 00:53,TIME_LIMIT,61,23.00,3.50
FIXED_R65,2025-08-05,2025-08-05 00:10,UP,2025-08-05 02:24,LONG,23368.25,23348.25,2025-08-05 03:24,TIME_LIMIT,61,25.75,18.25
FIXED_R65,2025-08-05,2025-08-05 04:10,DOWN,2025-08-05 05:31,SHORT,23305.75,23325.75,2025-08-05 05:31,STOP_HIT,1,2.25,-20.00
FIXED_R65,2025-08-05,2025-08-05 05:30,UP,2025-08-05 05:47,LONG,23383.75,23363.75,2025-08-05 05:50,STOP_HIT,4,13.50,-20.00
FIXED_R65,2025-08-05,2025-08-05 05:45,DOWN,2025-08-05 06:11,SHORT,23346.25,23366.25,2025-08-05 07:11,TIME_LIMIT,61,208.00,162.25
FIXED_R65,2025-08-06,2025-08-05 14:00,DOWN,2025-08-05 14:16,SHORT,23064.50,23084.50,2025-08-05 14:52,STOP_HIT,37,19.00,-20.00
FIXED_R65,2025-08-06,2025-08-05 14:19,UP,2025-08-05 17:36,LONG,23091.50,23071.50,2025-08-05 18:36,TIME_LIMIT,61,75.00,68.50
FIXED_R65,2025-08-06,2025-08-06 00:04,DOWN,2025-08-06 02:39,SHORT,23142.00,23162.00,2025-08-06 03:00,STOP_HIT,22,34.75,-20.00
FIXED_R65,2025-08-06,2025-08-06 02:48,UP,2025-08-06 03:04,LONG,23163.75,23143.75,2025-08-06 04:04,TIME_LIMIT,61,33.00,-3.00
FIXED_R65,2025-08-06,2025-08-06 06:20,DOWN,2025-08-06 06:30,SHORT,23200.00,23220.00,2025-08-06 06:35,STOP_HIT,6,20.50,-20.00
FIXED_R65,2025-08-06,2025-08-06 06:23,UP,2025-08-06 06:36,LONG,23218.25,23198.25,2025-08-06 07:36,TIME_LIMIT,61,126.75,110.25
FIXED_R65,2025-08-07,2025-08-06 14:00,UP,2025-08-06 14:26,LONG,23442.75,23422.75,2025-08-06 15:26,TIME_LIMIT,61,38.25,17.75
FIXED_R65,2025-08-07,2025-08-07 06:00,DOWN,2025-08-07 06:33,SHORT,23567.75,23587.75,2025-08-07 06:45,STOP_HIT,13,29.75,-20.00
FIXED_R65,2025-08-08,2025-08-07 14:00,UP,2025-08-07 16:36,LONG,23574.75,23554.75,2025-08-07 17:13,STOP_HIT,38,8.25,-20.00
FIXED_R65,2025-08-08,2025-08-07 16:35,DOWN,2025-08-07 21:56,SHORT,23526.25,23546.25,2025-08-07 22:23,STOP_HIT,28,23.25,-20.00
FIXED_R65,2025-08-08,2025-08-07 21:55,UP,2025-08-08 01:26,LONG,23569.00,23549.00,2025-08-08 02:26,TIME_LIMIT,61,6.75,-6.75
FIXED_R65,2025-08-11,2025-08-10 14:00,DOWN,2025-08-10 15:34,SHORT,23710.75,23730.75,2025-08-10 16:10,STOP_HIT,37,9.75,-20.00
FIXED_R65,2025-08-11,2025-08-10 15:38,UP,2025-08-10 18:10,LONG,23763.00,23743.00,2025-08-10 19:10,TIME_LIMIT,61,7.50,4.25
FIXED_R65,2025-08-11,2025-08-10 19:15,DOWN,2025-08-10 23:45,SHORT,23722.50,23742.50,2025-08-11 00:45,TIME_LIMIT,61,54.75,29.75
FIXED_R65,2025-08-11,2025-08-11 04:19,DOWN,2025-08-11 05:53,SHORT,23728.50,23748.50,2025-08-11 06:10,STOP_HIT,18,21.25,-20.00
FIXED_R65,2025-08-11,2025-08-11 05:30,UP,2025-08-11 06:01,LONG,23738.50,23718.50,2025-08-11 07:01,TIME_LIMIT,61,29.00,-13.50
FIXED_R65,2025-08-11,2025-08-11 08:10,DOWN,2025-08-11 10:01,SHORT,23688.50,23708.50,2025-08-11 11:01,TIME_LIMIT,61,37.75,4.75
FIXED_R65,2025-08-12,2025-08-11 21:01,DOWN,2025-08-11 21:23,SHORT,23638.50,23658.50,2025-08-11 22:23,TIME_LIMIT,61,42.50,-6.50
FIXED_R65,2025-08-12,2025-08-11 21:40,UP,2025-08-11 22:41,LONG,23655.00,23635.00,2025-08-11 23:41,TIME_LIMIT,61,20.50,-11.50
FIXED_R65,2025-08-12,2025-08-11 23:05,DOWN,2025-08-12 03:11,SHORT,23616.25,23636.25,2025-08-12 03:28,STOP_HIT,18,7.75,-20.00
FIXED_R65,2025-08-12,2025-08-12 03:10,UP,2025-08-12 04:26,LONG,23661.75,23641.75,2025-08-12 05:26,TIME_LIMIT,61,160.50,73.25
FIXED_R65,2025-08-12,2025-08-12 06:00,UP,2025-08-12 06:36,LONG,23762.75,23742.75,2025-08-12 06:45,STOP_HIT,10,4.25,-20.00
FIXED_R65,2025-08-13,2025-08-12 18:05,UP,2025-08-12 23:23,LONG,23981.50,23961.50,2025-08-13 00:23,TIME_LIMIT,61,28.25,23.00
FIXED_R65,2025-08-13,2025-08-13 05:35,DOWN,2025-08-13 06:31,SHORT,23963.75,23983.75,2025-08-13 07:31,TIME_LIMIT,61,71.50,31.25
FIXED_R65,2025-08-14,2025-08-13 15:39,DOWN,2025-08-13 21:50,SHORT,23904.75,23924.75,2025-08-13 22:50,TIME_LIMIT,61,7.00,-7.00
FIXED_R65,2025-08-14,2025-08-13 21:49,UP,2025-08-14 04:01,LONG,23958.00,23938.00,2025-08-14 04:30,STOP_HIT,30,8.75,-20.00
FIXED_R65,2025-08-14,2025-08-14 04:35,UP,2025-08-14 06:32,LONG,23975.00,23955.00,2025-08-14 06:55,STOP_HIT,24,32.75,-20.00
FIXED_R65,2025-08-14,2025-08-14 06:45,DOWN,2025-08-14 07:50,SHORT,23922.50,23942.50,2025-08-14 07:55,STOP_HIT,6,5.25,-20.00
FIXED_R65,2025-08-14,2025-08-14 07:55,DOWN,2025-08-14 08:11,SHORT,23892.75,23912.75,2025-08-14 08:34,STOP_HIT,24,28.00,-20.00
FIXED_R65,2025-08-14,2025-08-14 08:10,UP,2025-08-14 09:35,LONG,23966.00,23946.00,2025-08-14 09:40,STOP_HIT,6,0.00,-20.00
FIXED_R65,2025-08-14,2025-08-14 09:25,DOWN,2025-08-14 11:02,SHORT,23927.75,23947.75,2025-08-14 11:40,STOP_HIT,39,10.75,-20.00
FIXED_R65,2025-08-14,2025-08-14 10:30,UP,2025-08-14 11:51,LONG,23945.25,23925.25,2025-08-14 11:55,STOP_HIT,5,13.25,-20.00
FIXED_R65,2025-08-14,2025-08-14 11:50,DOWN,2025-08-14 12:03,SHORT,23890.00,23910.00,2025-08-14 12:59,TIME_EXPIRED,57,20.00,-1.50
FIXED_R65,2025-08-15,2025-08-14 14:00,UP,2025-08-14 20:01,LONG,23932.00,23912.00,2025-08-14 21:01,TIME_LIMIT,61,14.50,3.50
FIXED_R65,2025-08-15,2025-08-14 22:59,DOWN,2025-08-15 01:31,SHORT,23889.25,23909.25,2025-08-15 02:30,STOP_HIT,60,17.25,-20.00
FIXED_R65,2025-08-15,2025-08-15 10:00,DOWN,2025-08-15 11:01,SHORT,23801.50,23821.50,2025-08-15 11:40,STOP_HIT,40,25.75,-20.00
FIXED_R65,2025-08-18,2025-08-17 14:00,UP,2025-08-17 15:40,LONG,23850.75,23830.75,2025-08-17 16:40,TIME_LIMIT,61,16.25,10.75
FIXED_R65,2025-08-18,2025-08-17 17:55,DOWN,2025-08-17 22:16,SHORT,23828.25,23848.25,2025-08-17 23:16,TIME_LIMIT,61,57.00,20.25
FIXED_R65,2025-08-18,2025-08-18 05:34,DOWN,2025-08-18 05:51,SHORT,23772.50,23792.50,2025-08-18 06:20,STOP_HIT,30,37.50,-20.00
FIXED_R65,2025-08-18,2025-08-18 06:25,DOWN,2025-08-18 06:35,SHORT,23779.25,23799.25,2025-08-18 07:35,TIME_LIMIT,61,60.25,45.75
FIXED_R65,2025-08-19,2025-08-18 14:05,DOWN,2025-08-18 16:31,SHORT,23782.00,23802.00,2025-08-18 17:31,TIME_LIMIT,61,21.00,6.00
FIXED_R65,2025-08-19,2025-08-18 21:20,UP,2025-08-19 02:31,LONG,23774.00,23754.00,2025-08-19 02:50,STOP_HIT,20,6.25,-20.00
FIXED_R65,2025-08-19,2025-08-19 01:20,DOWN,2025-08-19 04:51,SHORT,23742.75,23762.75,2025-08-19 05:25,STOP_HIT,35,7.25,-20.00
FIXED_R65,2025-08-20,2025-08-19 14:05,DOWN,2025-08-19 15:21,SHORT,23446.50,23466.50,2025-08-19 16:21,TIME_LIMIT,61,40.25,40.00
FIXED_R65,2025-08-20,2025-08-19 21:05,UP,2025-08-19 23:30,LONG,23417.00,23397.00,2025-08-19 23:30,STOP_HIT,1,0.25,-20.00
FIXED_R65,2025-08-20,2025-08-20 07:55,UP,2025-08-20 08:20,LONG,23262.75,23242.75,2025-08-20 08:45,STOP_HIT,26,42.25,-20.00
FIXED_R65,2025-08-20,2025-08-20 10:20,UP,2025-08-20 10:51,LONG,23268.75,23248.75,2025-08-20 10:55,STOP_HIT,5,12.25,-20.00
FIXED_R65,2025-08-21,2025-08-20 14:05,DOWN,2025-08-20 16:24,SHORT,23281.00,23301.00,2025-08-20 16:31,STOP_HIT,8,12.50,-20.00
FIXED_R65,2025-08-21,2025-08-20 17:07,UP,2025-08-20 17:59,LONG,23350.25,23330.25,2025-08-20 18:59,TIME_LIMIT,61,19.00,4.25
FIXED_R65,2025-08-21,2025-08-20 18:20,DOWN,2025-08-21 03:39,SHORT,23288.75,23308.75,2025-08-21 04:39,TIME_LIMIT,61,67.00,52.50
FIXED_R65,2025-08-21,2025-08-21 06:00,UP,2025-08-21 06:10,LONG,23282.50,23262.50,2025-08-21 06:39,STOP_HIT,30,65.75,-20.00
FIXED_R65,2025-08-21,2025-08-21 06:29,DOWN,2025-08-21 07:15,SHORT,23212.25,23232.25,2025-08-21 07:16,STOP_HIT,2,8.25,-20.00
FIXED_R65,2025-08-21,2025-08-21 07:15,UP,2025-08-21 07:41,LONG,23277.50,23257.50,2025-08-21 07:47,STOP_HIT,7,18.25,-20.00
FIXED_R65,2025-08-22,2025-08-21 15:46,DOWN,2025-08-21 19:40,SHORT,23208.25,23228.25,2025-08-21 20:40,TIME_LIMIT,61,15.25,2.00
FIXED_R65,2025-08-22,2025-08-21 22:43,UP,2025-08-22 02:07,LONG,23262.00,23242.00,2025-08-22 03:07,TIME_LIMIT,61,18.75,15.25
FIXED_R65,2025-08-25,2025-08-24 14:00,DOWN,2025-08-24 17:15,SHORT,23543.75,23563.75,2025-08-24 18:15,TIME_LIMIT,61,12.50,0.75
FIXED_R65,2025-08-25,2025-08-25 05:33,UP,2025-08-25 06:12,LONG,23538.25,23518.25,2025-08-25 07:12,TIME_LIMIT,61,52.25,42.75
FIXED_R65,2025-08-26,2025-08-25 14:23,DOWN,2025-08-25 16:04,SHORT,23461.00,23481.00,2025-08-25 16:05,STOP_HIT,2,11.25,-20.00
FIXED_R65,2025-08-26,2025-08-25 16:47,UP,2025-08-25 21:07,LONG,23466.50,23446.50,2025-08-25 22:07,TIME_LIMIT,61,17.75,12.25
FIXED_R65,2025-08-26,2025-08-25 21:45,DOWN,2025-08-25 23:13,SHORT,23419.50,23439.50,2025-08-25 23:17,STOP_HIT,5,4.25,-20.00
FIXED_R65,2025-08-26,2025-08-25 23:13,UP,2025-08-26 01:33,LONG,23476.75,23456.75,2025-08-26 02:33,TIME_LIMIT,61,23.25,22.50
FIXED_R65,2025-08-26,2025-08-26 02:39,DOWN,2025-08-26 04:19,SHORT,23461.00,23481.00,2025-08-26 05:19,TIME_LIMIT,61,4.75,-11.00
FIXED_R65,2025-08-26,2025-08-26 04:15,UP,2025-08-26 05:33,LONG,23500.25,23480.25,2025-08-26 05:37,STOP_HIT,5,14.50,-20.00
FIXED_R65,2025-08-26,2025-08-26 05:42,DOWN,2025-08-26 05:52,SHORT,23474.50,23494.50,2025-08-26 05:53,STOP_HIT,2,15.50,-20.00
FIXED_R65,2025-08-27,2025-08-26 17:54,DOWN,2025-08-27 04:43,SHORT,23566.00,23586.00,2025-08-27 05:00,STOP_HIT,18,0.75,-20.00
FIXED_R65,2025-08-27,2025-08-27 05:49,UP,2025-08-27 06:40,LONG,23612.00,23592.00,2025-08-27 06:45,STOP_HIT,6,4.25,-20.00
FIXED_R65,2025-08-27,2025-08-27 07:56,DOWN,2025-08-27 08:30,SHORT,23566.75,23586.75,2025-08-27 08:47,STOP_HIT,18,24.75,-20.00
FIXED_R65,2025-08-27,2025-08-27 08:37,UP,2025-08-27 08:56,LONG,23603.75,23583.75,2025-08-27 09:56,TIME_LIMIT,61,19.75,14.00
FIXED_R65,2025-08-27,2025-08-27 11:13,UP,2025-08-27 11:39,LONG,23619.50,23599.50,2025-08-27 12:20,STOP_HIT,42,69.50,-20.00
FIXED_R65,2025-08-28,2025-08-28 05:57,UP,2025-08-28 06:09,LONG,23675.00,23655.00,2025-08-28 06:09,STOP_HIT,1,0.50,-20.00
FIXED_R65,2025-08-29,2025-08-28 14:00,DOWN,2025-08-28 23:51,SHORT,23697.50,23717.50,2025-08-29 00:51,TIME_LIMIT,61,52.50,52.25
FIXED_R65,2025-08-29,2025-08-29 04:30,DOWN,2025-08-29 05:38,SHORT,23626.25,23646.25,2025-08-29 06:38,TIME_LIMIT,61,198.25,121.25
FIXED_R65,2025-09-01,2025-08-31 14:01,UP,2025-08-31 14:52,LONG,23530.75,23510.75,2025-08-31 15:52,TIME_LIMIT,61,15.50,4.50
FIXED_R65,2025-09-01,2025-08-31 16:18,DOWN,2025-08-31 18:15,SHORT,23487.75,23507.75,2025-08-31 19:15,TIME_LIMIT,61,34.75,9.00
FIXED_R65,2025-09-01,2025-08-31 22:29,UP,2025-09-01 00:58,LONG,23481.00,23461.00,2025-09-01 01:58,TIME_LIMIT,61,15.75,6.00
FIXED_R65,2025-09-02,2025-09-01 14:00,DOWN,2025-09-01 15:21,SHORT,23434.25,23454.25,2025-09-01 16:21,TIME_LIMIT,61,6.00,1.25
FIXED_R65,2025-09-02,2025-09-02 06:00,DOWN,2025-09-02 06:22,SHORT,23245.75,23265.75,2025-09-02 07:22,TIME_LIMIT,61,150.00,144.75
FIXED_R65,2025-09-02,2025-09-02 06:16,UP,2025-09-02 06:27,LONG,23209.75,23189.75,2025-09-02 06:42,STOP_HIT,16,52.75,-20.00
FIXED_R65,2025-09-02,2025-09-02 06:29,DOWN,2025-09-02 06:48,SHORT,23160.75,23180.75,2025-09-02 07:48,TIME_LIMIT,61,109.75,107.75
FIXED_R65,2025-09-03,2025-09-02 14:00,DOWN,2025-09-02 16:52,SHORT,23327.00,23347.00,2025-09-02 17:52,TIME_LIMIT,61,15.75,-11.25
FIXED_R65,2025-09-03,2025-09-02 19:40,UP,2025-09-02 22:31,LONG,23360.50,23340.50,2025-09-02 22:55,STOP_HIT,25,1.25,-20.00
FIXED_R65,2025-09-03,2025-09-03 08:54,UP,2025-09-03 09:13,LONG,23457.25,23437.25,2025-09-03 09:24,STOP_HIT,12,4.75,-20.00
FIXED_R65,2025-09-03,2025-09-03 09:17,DOWN,2025-09-03 09:42,SHORT,23394.25,23414.25,2025-09-03 10:42,TIME_LIMIT,61,76.00,57.00
FIXED_R65,2025-09-04,2025-09-03 16:00,UP,2025-09-03 18:09,LONG,23528.00,23508.00,2025-09-03 18:26,STOP_HIT,18,0.00,-20.00
FIXED_R65,2025-09-04,2025-09-03 18:08,DOWN,2025-09-03 19:33,SHORT,23466.50,23486.50,2025-09-03 20:10,STOP_HIT,38,7.50,-20.00
FIXED_R65,2025-09-04,2025-09-03 23:00,UP,2025-09-04 02:00,LONG,23516.25,23496.25,2025-09-04 03:00,TIME_LIMIT,61,18.75,-9.75
FIXED_R65,2025-09-04,2025-09-04 02:14,DOWN,2025-09-04 05:03,SHORT,23475.00,23495.00,2025-09-04 05:31,STOP_HIT,29,17.75,-20.00
FIXED_R65,2025-09-04,2025-09-04 05:35,DOWN,2025-09-04 05:45,SHORT,23487.25,23507.25,2025-09-04 05:45,STOP_HIT,1,0.50,-20.00
FIXED_R65,2025-09-04,2025-09-04 06:17,UP,2025-09-04 06:36,LONG,23510.00,23490.00,2025-09-04 07:36,TIME_LIMIT,61,46.00,25.00
FIXED_R65,2025-09-05,2025-09-04 14:35,UP,2025-09-04 21:33,LONG,23756.00,23736.00,2025-09-04 22:33,TIME_LIMIT,61,32.00,24.75
FIXED_R65,2025-09-05,2025-09-05 05:52,DOWN,2025-09-05 06:02,SHORT,23816.00,23836.00,2025-09-05 06:04,STOP_HIT,3,10.50,-20.00
FIXED_R65,2025-09-05,2025-09-05 09:43,UP,2025-09-05 11:34,LONG,23655.50,23635.50,2025-09-05 12:34,TIME_LIMIT,61,40.75,17.25
FIXED_R65,2025-09-08,2025-09-07 14:05,UP,2025-09-07 14:42,LONG,23721.75,23701.75,2025-09-07 15:42,TIME_LIMIT,61,62.50,57.50
FIXED_R65,2025-09-08,2025-09-07 16:08,DOWN,2025-09-07 20:56,SHORT,23730.25,23750.25,2025-09-07 21:18,STOP_HIT,23,5.75,-20.00
FIXED_R65,2025-09-08,2025-09-07 20:56,UP,2025-09-08 02:36,LONG,23787.50,23767.50,2025-09-08 03:00,STOP_HIT,25,2.50,-20.00
FIXED_R65,2025-09-08,2025-09-08 06:46,DOWN,2025-09-08 10:25,SHORT,23809.25,23829.25,2025-09-08 11:25,TIME_LIMIT,61,49.25,41.00
FIXED_R65,2025-09-09,2025-09-08 17:25,UP,2025-09-08 22:57,LONG,23850.25,23830.25,2025-09-08 23:57,TIME_LIMIT,61,35.00,6.25
FIXED_R65,2025-09-09,2025-09-08 23:38,DOWN,2025-09-09 04:36,SHORT,23849.75,23869.75,2025-09-09 05:36,TIME_LIMIT,61,49.75,13.50
FIXED_R65,2025-09-09,2025-09-09 06:43,UP,2025-09-09 11:23,LONG,23854.75,23834.75,2025-09-09 11:43,STOP_HIT,21,6.50,-20.00
FIXED_R65,2025-09-10,2025-09-09 15:27,UP,2025-09-09 23:49,LONG,23943.25,23923.25,2025-09-10 00:07,STOP_HIT,19,3.25,-20.00
FIXED_R65,2025-09-10,2025-09-09 23:14,DOWN,2025-09-10 01:03,SHORT,23890.50,23910.50,2025-09-10 02:03,TIME_LIMIT,61,8.25,-18.00
FIXED_R65,2025-09-10,2025-09-10 04:35,DOWN,2025-09-10 05:54,SHORT,23938.00,23958.00,2025-09-10 06:02,STOP_HIT,9,33.00,-20.00
FIXED_R65,2025-09-10,2025-09-10 05:51,UP,2025-09-10 06:07,LONG,23969.75,23949.75,2025-09-10 06:09,STOP_HIT,3,7.25,-20.00
FIXED_R65,2025-09-10,2025-09-10 06:47,DOWN,2025-09-10 07:45,SHORT,23955.00,23975.00,2025-09-10 08:45,TIME_LIMIT,61,55.75,51.50
FIXED_R65,2025-09-11,2025-09-10 14:00,UP,2025-09-10 19:50,LONG,23915.75,23895.75,2025-09-10 20:21,STOP_HIT,32,3.25,-20.00
FIXED_R65,2025-09-11,2025-09-11 04:31,DOWN,2025-09-11 04:41,SHORT,23913.75,23933.75,2025-09-11 04:46,STOP_HIT,6,12.00,-20.00
FIXED_R65,2025-09-11,2025-09-11 04:34,UP,2025-09-11 04:48,LONG,23943.50,23923.50,2025-09-11 04:48,STOP_HIT,1,0.00,-20.00
FIXED_R65,2025-09-12,2025-09-11 21:47,DOWN,2025-09-12 00:18,SHORT,23972.75,23992.75,2025-09-12 00:29,STOP_HIT,12,3.75,-20.00
FIXED_R65,2025-09-12,2025-09-12 00:18,UP,2025-09-12 03:49,LONG,24034.75,24014.75,2025-09-12 04:49,TIME_LIMIT,61,14.00,4.00
FIXED_R65,2025-09-15,2025-09-14 23:36,DOWN,2025-09-15 00:05,SHORT,24084.25,24104.25,2025-09-15 00:05,STOP_HIT,1,2.00,-20.00
FIXED_R65,2025-09-15,2025-09-15 00:04,UP,2025-09-15 04:26,LONG,24164.75,24144.75,2025-09-15 04:37,STOP_HIT,12,1.25,-20.00
FIXED_R65,2025-09-16,2025-09-15 14:33,UP,2025-09-15 21:14,LONG,24350.00,24330.00,2025-09-15 22:14,TIME_LIMIT,61,11.50,10.50
FIXED_R65,2025-09-16,2025-09-16 00:50,DOWN,2025-09-16 05:31,SHORT,24342.00,24362.00,2025-09-16 06:31,TIME_LIMIT,61,62.50,45.25
FIXED_R65,2025-09-16,2025-09-16 08:04,UP,2025-09-16 11:58,LONG,24303.25,24283.25,2025-09-16 11:59,STOP_HIT,2,1.00,-20.00
FIXED_R65,2025-09-17,2025-09-17 00:43,UP,2025-09-17 05:31,LONG,24291.75,24271.75,2025-09-17 05:33,STOP_HIT,3,8.00,-20.00
FIXED_R65,2025-09-18,2025-09-17 14:00,UP,2025-09-17 14:49,LONG,24314.25,24294.25,2025-09-17 15:49,TIME_LIMIT,61,28.00,28.00
FIXED_R65,2025-09-18,2025-09-18 05:46,UP,2025-09-18 05:56,LONG,24411.25,24391.25,2025-09-18 06:56,TIME_LIMIT,61,152.25,90.00
FIXED_R65,2025-09-18,2025-09-18 09:07,DOWN,2025-09-18 12:34,SHORT,24469.00,24489.00,2025-09-18 12:59,TIME_EXPIRED,26,1.00,-3.00
FIXED_R65,2025-10-13,2025-10-12 14:06,UP,2025-10-12 14:32,LONG,24946.50,24926.50,2025-10-12 14:35,STOP_HIT,3,0.00,-20.00
FIXED_R65,2025-10-13,2025-10-12 14:22,DOWN,2025-10-12 15:06,SHORT,24918.00,24938.00,2025-10-12 15:09,STOP_HIT,2,0.00,-20.00
FIXED_R65,2025-10-13,2025-10-12 23:35,DOWN,2025-10-13 03:30,SHORT,25004.50,25024.50,2025-10-13 03:45,STOP_HIT,5,24.50,-20.00
FIXED_R65,2025-10-13,2025-10-13 03:11,UP,2025-10-13 05:23,LONG,25081.00,25061.00,2025-10-13 05:31,STOP_HIT,5,9.00,-20.00
FIXED_R65,2025-10-13,2025-10-13 05:04,DOWN,2025-10-13 05:41,SHORT,25015.25,25035.25,2025-10-13 05:43,STOP_HIT,3,21.50,-20.00
FIXED_R65,2025-10-13,2025-10-13 05:36,UP,2025-10-13 05:51,LONG,25095.00,25075.00,2025-10-13 06:21,STOP_HIT,15,55.00,-20.00
FIXED_R65,2025-10-14,2025-10-13 14:34,UP,2025-10-13 16:29,LONG,25240.00,25220.00,2025-10-13 18:47,STOP_HIT,14,40.00,-20.00
FIXED_R65,2025-10-14,2025-10-13 16:33,DOWN,2025-10-13 19:58,SHORT,25152.00,25172.00,2025-10-14 00:20,TIME_LIMIT,61,321.50,263.50
FIXED_R65,2025-10-14,2025-10-14 05:45,UP,2025-10-14 07:45,LONG,25021.75,25001.75,2025-10-14 09:44,TIME_LIMIT,61,158.75,139.00
FIXED_R65,2025-10-16,2025-10-15 14:16,DOWN,2025-10-15 17:04,SHORT,25169.00,25189.00,2025-10-15 21:30,STOP_HIT,21,26.00,-20.00
FIXED_R65,2025-10-16,2025-10-15 16:32,UP,2025-10-15 21:37,LONG,25194.00,25174.00,2025-10-16 06:05,TIME_LIMIT,61,173.00,131.00
FIXED_R65,2025-10-16,2025-10-16 06:45,DOWN,2025-10-16 07:59,SHORT,25206.50,25226.50,2025-10-16 08:06,STOP_HIT,6,27.50,-20.00
FIXED_R65,2025-10-17,2025-10-16 15:45,UP,2025-10-16 17:21,LONG,25050.00,25030.00,2025-10-16 17:54,STOP_HIT,2,0.00,-20.00
FIXED_R65,2025-10-17,2025-10-17 00:20,UP,2025-10-17 03:08,LONG,24808.00,24788.00,2025-10-17 05:56,TIME_LIMIT,61,312.00,311.25
FIXED_R65,2025-10-30,2025-10-29 15:41,UP,2025-10-29 18:26,LONG,26624.25,26604.25,2025-10-29 20:09,STOP_HIT,11,45.75,-20.00
FIXED_R65,2025-11-04,2025-11-03 13:00,DOWN,2025-11-03 16:01,SHORT,26256.50,26276.50,2025-11-03 21:11,TIME_LIMIT,61,256.50,256.50
FIXED_R65,2025-11-04,2025-11-04 00:05,UP,2025-11-04 01:49,LONG,26038.25,26018.25,2025-11-04 02:04,STOP_HIT,7,3.75,-20.00
FIXED_R65,2025-11-04,2025-11-04 04:34,UP,2025-11-04 04:57,LONG,26123.00,26103.00,2025-11-04 05:08,STOP_HIT,8,22.00,-20.00
FIXED_R65,2025-11-04,2025-11-04 05:26,DOWN,2025-11-04 06:20,SHORT,26020.00,26040.00,2025-11-04 06:38,STOP_HIT,6,20.00,-20.00
FIXED_R65,2025-11-05,2025-11-04 13:04,DOWN,2025-11-04 14:22,SHORT,25747.50,25767.50,2025-11-04 17:21,TIME_LIMIT,61,196.50,52.25
FIXED_R65,2025-11-05,2025-11-04 15:40,UP,2025-11-04 17:37,LONG,25727.75,25707.75,2025-11-05 00:54,STOP_HIT,58,80.25,-20.00
FIXED_R65,2025-11-05,2025-11-04 23:12,DOWN,2025-11-05 01:28,SHORT,25712.00,25732.00,2025-11-05 02:31,STOP_HIT,3,0.00,-20.00
FIXED_R65,2025-11-06,2025-11-05 13:50,DOWN,2025-11-05 15:11,SHORT,25919.00,25939.00,2025-11-05 15:13,STOP_HIT,3,0.25,-20.00
FIXED_R65,2025-11-06,2025-11-05 16:15,UP,2025-11-05 18:04,LONG,25974.00,25954.00,2025-11-05 20:32,STOP_HIT,12,29.75,-20.00
FIXED_R65,2025-11-06,2025-11-05 18:32,DOWN,2025-11-05 21:36,SHORT,25922.50,25942.50,2025-11-05 23:05,STOP_HIT,15,25.25,-20.00
FIXED_R65,2025-11-06,2025-11-06 03:24,DOWN,2025-11-06 04:34,SHORT,25895.25,25915.25,2025-11-06 04:38,STOP_HIT,5,11.00,-20.00
FIXED_R65,2025-11-07,2025-11-06 17:02,DOWN,2025-11-06 18:03,SHORT,25425.75,25445.75,2025-11-06 18:18,STOP_HIT,3,0.00,-20.00
FIXED_R65,2025-11-07,2025-11-06 22:12,DOWN,2025-11-07 00:25,SHORT,25457.00,25477.00,2025-11-07 00:41,STOP_HIT,2,0.75,-20.00
FIXED_R65,2025-11-07,2025-11-07 08:53,UP,2025-11-07 09:53,LONG,25323.50,25303.50,2025-11-07 10:25,STOP_HIT,16,54.75,-20.00
FIXED_R65,2025-11-10,2025-11-09 13:01,DOWN,2025-11-09 13:30,SHORT,25561.50,25581.50,2025-11-09 13:38,STOP_HIT,5,4.50,-20.00
FIXED_R65,2025-11-10,2025-11-09 14:06,UP,2025-11-09 15:19,LONG,25635.00,25615.00,2025-11-09 21:57,TIME_LIMIT,61,130.00,123.00
FIXED_R65,2025-11-10,2025-11-10 05:25,DOWN,2025-11-10 06:36,SHORT,25748.00,25768.00,2025-11-10 06:59,STOP_HIT,12,21.00,-20.00
FIXED_R65,2025-11-10,2025-11-10 06:43,UP,2025-11-10 07:12,LONG,25800.75,25780.75,2025-11-10 10:36,TIME_LIMIT,61,189.25,187.25
FIXED_R65,2025-11-13,2025-11-12 13:04,DOWN,2025-11-12 14:09,SHORT,25850.00,25870.00,2025-11-12 15:05,STOP_HIT,5,25.00,-20.00
FIXED_R65,2025-11-13,2025-11-12 13:52,UP,2025-11-12 15:08,LONG,25951.50,25931.50,2025-11-12 16:52,STOP_HIT,22,28.00,-20.00
FIXED_R65,2025-11-13,2025-11-12 15:11,DOWN,2025-11-12 17:28,SHORT,25940.00,25960.00,2025-11-12 19:24,STOP_HIT,9,8.00,-20.00
FIXED_R65,2025-11-13,2025-11-12 17:10,UP,2025-11-12 19:25,LONG,25977.25,25957.25,2025-11-12 21:52,STOP_HIT,6,10.00,-20.00
FIXED_R65,2025-11-17,2025-11-16 13:00,DOWN,2025-11-16 13:13,SHORT,25353.75,25373.75,2025-11-16 13:30,STOP_HIT,2,0.00,-20.00
FIXED_R65,2025-11-17,2025-11-16 13:04,UP,2025-11-16 13:32,LONG,25415.00,25395.00,2025-11-16 14:16,STOP_HIT,8,25.75,-20.00
FIXED_R65,2025-11-17,2025-11-16 22:56,DOWN,2025-11-17 00:23,SHORT,25497.75,25517.75,2025-11-17 04:10,TIME_LIMIT,61,226.00,196.25
FIXED_R65,2025-11-17,2025-11-17 04:31,UP,2025-11-17 04:43,LONG,25450.00,25430.00,2025-11-17 05:03,STOP_HIT,12,56.00,-20.00
FIXED_R65,2025-11-17,2025-11-17 06:59,DOWN,2025-11-17 07:40,SHORT,25360.75,25380.75,2025-11-17 09:36,TIME_LIMIT,61,277.00,260.25
FIXED_R65,2025-11-18,2025-11-17 13:06,DOWN,2025-11-17 14:21,SHORT,25132.00,25152.00,2025-11-17 15:08,STOP_HIT,10,42.00,-20.00
FIXED_R65,2025-11-18,2025-11-17 19:10,DOWN,2025-11-17 20:36,SHORT,24927.50,24947.50,2025-11-17 21:44,STOP_HIT,23,67.00,-20.00
FIXED_R65,2025-11-18,2025-11-17 21:05,UP,2025-11-17 22:15,LONG,25001.25,24981.25,2025-11-18 02:12,STOP_HIT,34,102.00,-20.00
FIXED_R65,2025-11-20,2025-11-19 13:00,UP,2025-11-19 13:10,LONG,25059.75,25039.75,2025-11-19 13:12,STOP_HIT,3,10.00,-20.00
FIXED_R65,2025-11-20,2025-11-19 21:33,DOWN,2025-11-19 22:03,SHORT,25143.25,25163.25,2025-11-19 22:09,STOP_HIT,7,15.50,-20.00
FIXED_R65,2025-11-20,2025-11-20 02:05,UP,2025-11-20 03:10,LONG,25165.00,25145.00,2025-11-20 03:19,STOP_HIT,10,13.25,-20.00
FIXED_R65,2025-11-20,2025-11-20 05:38,DOWN,2025-11-20 06:05,SHORT,25098.50,25118.50,2025-11-20 07:05,TIME_LIMIT,61,586.50,545.00
FIXED_R65,2025-11-21,2025-11-20 13:00,DOWN,2025-11-20 13:10,SHORT,24034.50,24054.50,2025-11-20 13:12,STOP_HIT,3,16.50,-20.00
FIXED_R65,2025-11-21,2025-11-20 13:10,UP,2025-11-20 13:20,LONG,24111.75,24091.75,2025-11-20 14:20,TIME_LIMIT,61,78.25,73.00
FIXED_R65,2025-11-21,2025-11-20 17:36,DOWN,2025-11-20 18:40,SHORT,24120.25,24140.25,2025-11-20 18:45,STOP_HIT,6,25.25,-20.00
FIXED_R65,2025-11-21,2025-11-20 18:41,UP,2025-11-20 19:25,LONG,24187.00,24167.00,2025-11-20 19:29,STOP_HIT,5,6.25,-20.00
FIXED_R65,2025-11-21,2025-11-20 19:14,DOWN,2025-11-20 19:45,SHORT,24149.25,24169.25,2025-11-20 20:12,STOP_HIT,28,21.75,-20.00
FIXED_R65,2025-11-21,2025-11-20 19:49,UP,2025-11-20 21:18,LONG,24177.00,24157.00,2025-11-20 21:34,STOP_HIT,17,22.00,-20.00
FIXED_R65,2025-11-21,2025-11-20 20:52,DOWN,2025-11-20 21:40,SHORT,24147.50,24167.50,2025-11-20 21:40,STOP_HIT,1,1.50,-20.00
FIXED_R65,2025-11-21,2025-11-20 22:08,DOWN,2025-11-20 22:22,SHORT,24118.00,24138.00,2025-11-20 22:23,STOP_HIT,2,3.00,-20.00
FIXED_R65,2025-11-21,2025-11-20 22:21,UP,2025-11-20 23:04,LONG,24202.50,24182.50,2025-11-20 23:15,STOP_HIT,12,13.00,-20.00
FIXED_R65,2025-11-21,2025-11-20 23:00,DOWN,2025-11-20 23:32,SHORT,24125.25,24145.25,2025-11-21 00:32,TIME_LIMIT,61,220.75,144.25
FIXED_R65,2025-11-21,2025-11-21 06:19,UP,2025-11-21 06:35,LONG,24165.50,24145.50,2025-11-21 07:35,TIME_LIMIT,61,235.25,228.75
FIXED_R65,2025-11-24,2025-11-23 13:00,UP,2025-11-23 13:10,LONG,24495.00,24475.00,2025-11-23 13:17,STOP_HIT,8,26.75,-20.00
FIXED_R65,2025-11-24,2025-11-23 13:01,DOWN,2025-11-23 13:33,SHORT,24476.50,24496.50,2025-11-23 14:33,TIME_LIMIT,61,72.50,32.50
FIXED_R65,2025-11-24,2025-11-23 14:21,UP,2025-11-23 16:30,LONG,24484.75,24464.75,2025-11-23 16:33,STOP_HIT,4,3.00,-20.00
FIXED_R65,2025-11-24,2025-11-23 17:22,DOWN,2025-11-23 18:39,SHORT,24463.50,24483.50,2025-11-23 19:09,STOP_HIT,31,18.75,-20.00
FIXED_R65,2025-11-24,2025-11-23 18:26,UP,2025-11-23 19:14,LONG,24501.50,24481.50,2025-11-23 19:32,STOP_HIT,19,9.50,-20.00
FIXED_R65,2025-11-24,2025-11-23 21:49,DOWN,2025-11-23 22:10,SHORT,24466.50,24486.50,2025-11-23 22:12,STOP_HIT,3,5.75,-20.00
FIXED_R65,2025-11-24,2025-11-23 22:06,UP,2025-11-23 22:17,LONG,24519.00,24499.00,2025-11-23 23:17,TIME_LIMIT,61,44.25,-11.25
FIXED_R65,2025-11-24,2025-11-23 22:58,DOWN,2025-11-23 23:27,SHORT,24383.25,24403.25,2025-11-23 23:32,STOP_HIT,6,18.25,-20.00
FIXED_R65,2025-11-24,2025-11-24 00:35,UP,2025-11-24 03:33,LONG,24552.25,24532.25,2025-11-24 03:35,STOP_HIT,3,0.75,-20.00
FIXED_R65,2025-11-25,2025-11-24 13:47,DOWN,2025-11-24 15:33,SHORT,24938.75,24958.75,2025-11-24 16:33,TIME_LIMIT,61,19.50,6.75
FIXED_R65,2025-11-25,2025-11-25 02:44,DOWN,2025-11-25 02:56,SHORT,24915.00,24935.00,2025-11-25 03:03,STOP_HIT,8,11.75,-20.00
FIXED_R65,2025-11-25,2025-11-25 05:32,DOWN,2025-11-25 05:42,SHORT,24796.50,24816.50,2025-11-25 05:44,STOP_HIT,3,13.50,-20.00
FIXED_R65,2025-11-25,2025-11-25 05:36,UP,2025-11-25 05:46,LONG,24868.25,24848.25,2025-11-25 05:48,STOP_HIT,3,4.75,-20.00
FIXED_R65,2025-11-25,2025-11-25 05:46,DOWN,2025-11-25 05:56,SHORT,24790.50,24810.50,2025-11-25 05:57,STOP_HIT,2,19.00,-20.00
FIXED_R65,2025-11-25,2025-11-25 05:58,DOWN,2025-11-25 06:11,SHORT,24787.00,24807.00,2025-11-25 06:12,STOP_HIT,2,12.00,-20.00
FIXED_R65,2025-11-26,2025-11-25 13:55,UP,2025-11-25 18:26,LONG,25174.00,25154.00,2025-11-25 19:26,TIME_LIMIT,61,27.25,17.00
FIXED_R65,2025-11-26,2025-11-25 23:27,UP,2025-11-26 00:55,LONG,25202.75,25182.75,2025-11-26 01:33,STOP_HIT,39,12.50,-20.00
FIXED_R65,2025-11-26,2025-11-26 01:25,DOWN,2025-11-26 02:04,SHORT,25156.50,25176.50,2025-11-26 02:48,STOP_HIT,45,38.00,-20.00
FIXED_R65,2025-11-26,2025-11-26 02:16,UP,2025-11-26 03:11,LONG,25184.00,25164.00,2025-11-26 04:11,TIME_LIMIT,61,36.50,12.50
FIXED_R65,2025-11-26,2025-11-26 04:51,DOWN,2025-11-26 05:03,SHORT,25180.25,25200.25,2025-11-26 05:03,STOP_HIT,1,1.50,-20.00
FIXED_R65,2025-11-26,2025-11-26 05:25,UP,2025-11-26 05:35,LONG,25221.25,25201.25,2025-11-26 05:47,STOP_HIT,13,30.25,-20.00
FIXED_R65,2025-11-28,2025-11-27 13:00,UP,2025-11-27 15:25,LONG,25363.00,25343.00,2025-11-27 15:34,STOP_HIT,10,3.75,-20.00
FIXED_R65,2025-11-28,2025-11-28 04:37,DOWN,2025-11-28 04:47,SHORT,25367.75,25387.75,2025-11-28 04:49,STOP_HIT,3,3.25,-20.00
FIXED_R65,2025-11-28,2025-11-28 04:41,UP,2025-11-28 04:51,LONG,25393.75,25373.75,2025-11-28 04:52,STOP_HIT,2,1.25,-20.00
FIXED_R65,2025-12-01,2025-11-30 13:00,DOWN,2025-11-30 13:10,SHORT,25498.50,25518.50,2025-11-30 13:25,STOP_HIT,16,12.00,-20.00
FIXED_R65,2025-12-01,2025-11-30 13:00,UP,2025-11-30 13:26,LONG,25516.50,25496.50,2025-11-30 13:29,STOP_HIT,4,3.25,-20.00
FIXED_R65,2025-12-01,2025-11-30 22:23,DOWN,2025-11-30 23:59,SHORT,25284.50,25304.50,2025-12-01 00:06,STOP_HIT,8,3.25,-20.00
FIXED_R65,2025-12-02,2025-12-01 13:10,UP,2025-12-01 15:07,LONG,25442.00,25422.00,2025-12-01 15:30,STOP_HIT,24,3.00,-20.00
FIXED_R65,2025-12-02,2025-12-01 15:17,DOWN,2025-12-01 17:26,SHORT,25374.00,25394.00,2025-12-01 17:55,STOP_HIT,30,25.75,-20.00
FIXED_R65,2025-12-02,2025-12-01 22:10,UP,2025-12-01 23:02,LONG,25423.50,25403.50,2025-12-02 00:02,TIME_LIMIT,61,28.00,17.75
FIXED_R65,2025-12-02,2025-12-02 05:34,UP,2025-12-02 05:44,LONG,25626.00,25606.00,2025-12-02 06:06,STOP_HIT,23,44.00,-20.00
FIXED_R65,2025-12-02,2025-12-02 05:51,DOWN,2025-12-02 06:28,SHORT,25465.00,25485.00,2025-12-02 06:37,STOP_HIT,10,50.50,-20.00
FIXED_R65,2025-12-02,2025-12-02 08:00,UP,2025-12-02 08:12,LONG,25545.75,25525.75,2025-12-02 09:12,TIME_LIMIT,61,63.50,56.75
FIXED_R65,2025-12-03,2025-12-02 14:28,UP,2025-12-02 15:03,LONG,25636.00,25616.00,2025-12-02 16:03,TIME_LIMIT,61,13.50,5.00
FIXED_R65,2025-12-03,2025-12-02 19:15,DOWN,2025-12-02 23:51,SHORT,25629.25,25649.25,2025-12-03 00:12,STOP_HIT,22,1.50,-20.00
FIXED_R65,2025-12-03,2025-12-03 00:50,UP,2025-12-03 03:15,LONG,25676.25,25656.25,2025-12-03 03:17,STOP_HIT,3,1.50,-20.00
FIXED_R65,2025-12-03,2025-12-03 03:15,DOWN,2025-12-03 04:04,SHORT,25557.50,25577.50,2025-12-03 05:04,TIME_LIMIT,61,136.00,-12.50
FIXED_R65,2025-12-03,2025-12-03 04:53,UP,2025-12-03 05:07,LONG,25531.00,25511.00,2025-12-03 05:10,STOP_HIT,4,13.00,-20.00
FIXED_R65,2025-12-03,2025-12-03 05:05,DOWN,2025-12-03 05:15,SHORT,25516.00,25536.00,2025-12-03 05:17,STOP_HIT,3,5.00,-20.00
FIXED_R65,2025-12-03,2025-12-03 05:12,UP,2025-12-03 05:22,LONG,25521.00,25501.00,2025-12-03 05:22,STOP_HIT,1,7.50,-20.00
FIXED_R65,2025-12-04,2025-12-03 21:07,DOWN,2025-12-03 22:28,SHORT,25606.50,25626.50,2025-12-03 22:33,STOP_HIT,6,1.00,-20.00
FIXED_R65,2025-12-04,2025-12-03 22:27,UP,2025-12-03 23:33,LONG,25667.75,25647.75,2025-12-04 00:33,TIME_LIMIT,61,24.75,1.25
FIXED_R65,2025-12-04,2025-12-03 23:41,DOWN,2025-12-04 03:52,SHORT,25627.00,25647.00,2025-12-04 04:00,STOP_HIT,9,8.75,-20.00
FIXED_R65,2025-12-04,2025-12-04 07:01,DOWN,2025-12-04 08:42,SHORT,25598.75,25618.75,2025-12-04 09:42,TIME_LIMIT,61,110.00,8.25
FIXED_R65,2025-12-05,2025-12-04 13:46,UP,2025-12-04 15:32,LONG,25673.25,25653.25,2025-12-04 16:32,TIME_LIMIT,61,40.00,27.50
FIXED_R65,2025-12-05,2025-12-04 22:21,DOWN,2025-12-05 03:30,SHORT,25686.00,25706.00,2025-12-05 04:30,TIME_LIMIT,61,106.25,-46.25
FIXED_R65,2025-12-05,2025-12-05 04:41,UP,2025-12-05 04:51,LONG,25749.75,25729.75,2025-12-05 05:51,TIME_LIMIT,61,118.25,32.75
FIXED_R65,2025-12-05,2025-12-05 07:37,UP,2025-12-05 08:10,LONG,25738.25,25718.25,2025-12-05 08:15,STOP_HIT,6,0.50,-20.00
FIXED_R65,2025-12-05,2025-12-05 08:34,DOWN,2025-12-05 10:48,SHORT,25694.25,25714.25,2025-12-05 10:53,STOP_HIT,6,16.50,-20.00
FIXED_R65,2025-12-05,2025-12-05 10:51,UP,2025-12-05 11:09,LONG,25737.50,25717.50,2025-12-05 11:59,TIME_EXPIRED,51,2.50,-2.50
FIXED_R65,2025-12-08,2025-12-07 13:00,DOWN,2025-12-07 14:11,SHORT,25707.75,25727.75,2025-12-07 14:23,STOP_HIT,13,7.50,-20.00
FIXED_R65,2025-12-08,2025-12-07 14:11,UP,2025-12-07 15:37,LONG,25765.00,25745.00,2025-12-07 16:37,TIME_LIMIT,61,18.25,17.00
FIXED_R65,2025-12-08,2025-12-08 04:33,DOWN,2025-12-08 04:52,SHORT,25758.00,25778.00,2025-12-08 05:08,STOP_HIT,17,24.00,-20.00
FIXED_R65,2025-12-09,2025-12-08 15:22,DOWN,2025-12-08 22:06,SHORT,25701.00,25721.00,2025-12-08 23:06,TIME_LIMIT,61,27.75,25.75
FIXED_R65,2025-12-09,2025-12-09 04:33,UP,2025-12-09 05:42,LONG,25661.25,25641.25,2025-12-09 05:48,STOP_HIT,7,21.75,-20.00
FIXED_R65,2025-12-10,2025-12-09 15:10,UP,2025-12-09 18:38,LONG,25707.50,25687.50,2025-12-09 19:01,STOP_HIT,24,2.50,-20.00
FIXED_R65,2025-12-10,2025-12-10 02:40,UP,2025-12-10 03:28,LONG,25707.00,25687.00,2025-12-10 03:32,STOP_HIT,5,13.00,-20.00
FIXED_R65,2025-12-10,2025-12-10 03:30,DOWN,2025-12-10 04:02,SHORT,25664.50,25684.50,2025-12-10 05:02,TIME_LIMIT,61,97.50,43.75
FIXED_R65,2025-12-10,2025-12-10 06:03,UP,2025-12-10 06:53,LONG,25647.75,25627.75,2025-12-10 07:10,STOP_HIT,18,10.50,-20.00
FIXED_R65,2025-12-10,2025-12-10 07:56,DOWN,2025-12-10 08:37,SHORT,25629.25,25649.25,2025-12-10 09:00,STOP_HIT,24,30.25,-20.00
FIXED_R65,2025-12-11,2025-12-10 13:01,DOWN,2025-12-10 13:17,SHORT,25728.75,25748.75,2025-12-10 14:17,TIME_LIMIT,61,18.75,4.75
FIXED_R65,2025-12-11,2025-12-10 22:35,UP,2025-12-10 23:00,LONG,25536.25,25516.25,2025-12-11 00:00,TIME_LIMIT,61,87.50,66.00
FIXED_R65,2025-12-11,2025-12-11 05:28,DOWN,2025-12-11 05:50,SHORT,25494.00,25514.00,2025-12-11 05:55,STOP_HIT,6,38.50,-20.00
FIXED_R65,2025-12-11,2025-12-11 06:29,UP,2025-12-11 06:50,LONG,25549.25,25529.25,2025-12-11 06:50,STOP_HIT,1,1.50,-20.00
FIXED_R65,2025-12-11,2025-12-11 06:57,UP,2025-12-11 07:24,LONG,25616.75,25596.75,2025-12-11 07:56,STOP_HIT,33,30.75,-20.00
FIXED_R65,2025-12-12,2025-12-11 13:01,DOWN,2025-12-11 13:15,SHORT,25661.50,25681.50,2025-12-11 13:31,STOP_HIT,17,12.75,-20.00
FIXED_R65,2025-12-15,2025-12-14 13:00,DOWN,2025-12-14 13:10,SHORT,25398.50,25418.50,2025-12-14 13:13,STOP_HIT,4,2.50,-20.00
FIXED_R65,2025-12-15,2025-12-14 13:08,UP,2025-12-14 13:52,LONG,25454.25,25434.25,2025-12-14 14:52,TIME_LIMIT,61,31.00,28.50
FIXED_R65,2025-12-15,2025-12-15 04:30,DOWN,2025-12-15 04:47,SHORT,25532.75,25552.75,2025-12-15 04:49,STOP_HIT,3,11.25,-20.00
FIXED_R65,2025-12-16,2025-12-15 13:05,DOWN,2025-12-15 13:46,SHORT,25315.75,25335.75,2025-12-15 14:46,TIME_LIMIT,61,76.00,50.50
FIXED_R65,2025-12-16,2025-12-15 21:44,UP,2025-12-15 22:26,LONG,25173.75,25153.75,2025-12-15 23:26,TIME_LIMIT,61,57.75,43.50
FIXED_R65,2025-12-16,2025-12-16 05:08,DOWN,2025-12-16 05:27,SHORT,25187.25,25207.25,2025-12-16 05:28,STOP_HIT,2,8.50,-20.00
FIXED_R65,2025-12-16,2025-12-16 06:00,DOWN,2025-12-16 06:21,SHORT,25235.50,25255.50,2025-12-16 06:22,STOP_HIT,2,7.25,-20.00
FIXED_R65,2025-12-16,2025-12-16 06:28,UP,2025-12-16 07:03,LONG,25350.75,25330.75,2025-12-16 07:06,STOP_HIT,4,2.00,-20.00
FIXED_R65,2025-12-16,2025-12-16 07:15,DOWN,2025-12-16 07:46,SHORT,25248.75,25268.75,2025-12-16 08:36,STOP_HIT,51,77.00,-20.00
FIXED_R65,2025-12-16,2025-12-16 08:51,DOWN,2025-12-16 09:16,SHORT,25243.75,25263.75,2025-12-16 09:25,STOP_HIT,10,19.00,-20.00
FIXED_R65,2025-12-16,2025-12-16 09:20,UP,2025-12-16 09:34,LONG,25294.25,25274.25,2025-12-16 10:34,TIME_LIMIT,61,111.50,103.25
FIXED_R65,2025-12-17,2025-12-16 13:07,UP,2025-12-16 13:45,LONG,25361.50,25341.50,2025-12-16 13:48,STOP_HIT,4,0.25,-20.00
FIXED_R65,2025-12-17,2025-12-16 13:44,DOWN,2025-12-16 14:02,SHORT,25296.00,25316.00,2025-12-16 14:40,STOP_HIT,39,31.50,-20.00
FIXED_R65,2025-12-17,2025-12-16 14:08,UP,2025-12-16 15:17,LONG,25328.00,25308.00,2025-12-16 16:17,TIME_LIMIT,61,31.75,12.50
FIXED_R65,2025-12-17,2025-12-16 17:16,DOWN,2025-12-16 19:11,SHORT,25326.50,25346.50,2025-12-16 19:44,STOP_HIT,34,25.25,-20.00
FIXED_R65,2025-12-17,2025-12-16 19:02,UP,2025-12-16 20:03,LONG,25359.50,25339.50,2025-12-16 21:03,TIME_LIMIT,61,58.25,31.75
FIXED_R65,2025-12-17,2025-12-17 03:58,DOWN,2025-12-17 04:37,SHORT,25346.75,25366.75,2025-12-17 04:37,STOP_HIT,1,8.50,-20.00
FIXED_R65,2025-12-18,2025-12-17 13:00,DOWN,2025-12-17 13:26,SHORT,24934.25,24954.25,2025-12-17 13:29,STOP_HIT,4,0.00,-20.00
FIXED_R65,2025-12-18,2025-12-17 14:06,UP,2025-12-17 14:21,LONG,24958.25,24938.25,2025-12-17 15:21,TIME_LIMIT,61,39.75,26.00
FIXED_R65,2025-12-18,2025-12-17 16:18,DOWN,2025-12-17 17:10,SHORT,24944.75,24964.75,2025-12-17 18:05,STOP_HIT,56,42.50,-20.00
FIXED_R65,2025-12-18,2025-12-17 17:18,UP,2025-12-17 19:46,LONG,24978.25,24958.25,2025-12-17 20:46,TIME_LIMIT,61,13.75,-2.75
FIXED_R65,2025-12-18,2025-12-18 05:14,UP,2025-12-18 05:26,LONG,25289.75,25269.75,2025-12-18 06:26,TIME_LIMIT,61,122.75,95.50
FIXED_R65,2025-12-18,2025-12-18 06:54,DOWN,2025-12-18 07:19,SHORT,25217.25,25237.25,2025-12-18 07:21,STOP_HIT,3,13.50,-20.00
FIXED_R65,2025-12-18,2025-12-18 07:17,UP,2025-12-18 07:57,LONG,25331.25,25311.25,2025-12-18 08:57,TIME_LIMIT,61,71.00,25.00
FIXED_R65,2025-12-18,2025-12-18 09:10,DOWN,2025-12-18 09:36,SHORT,25253.00,25273.00,2025-12-18 09:50,STOP_HIT,15,23.75,-20.00
FIXED_R65,2025-12-18,2025-12-18 10:00,UP,2025-12-18 10:18,LONG,25283.00,25263.00,2025-12-18 10:58,STOP_HIT,41,60.50,-20.00
FIXED_R65,2025-12-18,2025-12-18 10:50,DOWN,2025-12-18 11:00,SHORT,25252.00,25272.00,2025-12-18 11:59,TIME_EXPIRED,60,55.50,33.00
FIXED_R65,2025-12-19,2025-12-18 13:09,UP,2025-12-18 15:58,LONG,25275.00,25255.00,2025-12-18 16:03,STOP_HIT,6,2.00,-20.00
FIXED_R65,2025-12-19,2025-12-19 03:03,UP,2025-12-19 03:40,LONG,25329.50,25309.50,2025-12-19 03:41,STOP_HIT,2,5.00,-20.00
FIXED_R65,2025-12-22,2025-12-21 13:15,UP,2025-12-21 16:32,LONG,25697.25,25677.25,2025-12-21 17:26,STOP_HIT,55,2.00,-20.00
FIXED_R65,2025-12-22,2025-12-22 04:31,DOWN,2025-12-22 04:41,SHORT,25700.25,25720.25,2025-12-22 04:47,STOP_HIT,7,28.00,-20.00
FIXED_R65,2025-12-22,2025-12-22 04:42,UP,2025-12-22 04:52,LONG,25735.00,25715.00,2025-12-22 05:01,STOP_HIT,10,23.50,-20.00
FIXED_R65,2025-12-22,2025-12-22 04:55,DOWN,2025-12-22 05:16,SHORT,25687.25,25707.25,2025-12-22 05:20,STOP_HIT,5,5.75,-20.00
FIXED_R65,2025-12-22,2025-12-22 05:36,UP,2025-12-22 07:10,LONG,25697.50,25677.50,2025-12-22 08:10,TIME_LIMIT,61,29.75,-1.75
FIXED_R65,2025-12-23,2025-12-22 16:17,DOWN,2025-12-22 20:11,SHORT,25674.25,25694.25,2025-12-22 21:11,TIME_LIMIT,61,21.00,13.75
FIXED_R65,2025-12-23,2025-12-22 23:42,DOWN,2025-12-23 02:31,SHORT,25669.00,25689.00,2025-12-23 03:31,TIME_LIMIT,61,8.00,4.00
FIXED_R65,2025-12-23,2025-12-23 03:39,UP,2025-12-23 04:38,LONG,25721.00,25701.00,2025-12-23 04:38,STOP_HIT,1,1.00,-20.00
FIXED_R65,2025-12-23,2025-12-23 04:49,DOWN,2025-12-23 05:01,SHORT,25683.00,25703.00,2025-12-23 05:38,STOP_HIT,38,54.75,-20.00
FIXED_R65,2025-12-23,2025-12-23 05:03,UP,2025-12-23 06:31,LONG,25739.75,25719.75,2025-12-23 07:31,TIME_LIMIT,61,38.00,30.25
FIXED_R65,2025-12-24,2025-12-23 19:00,UP,2025-12-24 06:10,LONG,25839.25,25819.25,2025-12-24 07:10,TIME_LIMIT,61,45.75,37.00
FIXED_R65,2025-12-26,2025-12-25 15:01,DOWN,2025-12-25 21:20,SHORT,25854.00,25874.00,2025-12-25 22:20,TIME_LIMIT,61,10.00,4.25
FIXED_R65,2025-12-26,2025-12-25 22:35,UP,2025-12-26 03:38,LONG,25910.00,25890.00,2025-12-26 04:30,STOP_HIT,53,13.25,-20.00
FIXED_R65,2025-12-26,2025-12-26 04:45,DOWN,2025-12-26 05:01,SHORT,25873.00,25893.00,2025-12-26 05:31,STOP_HIT,31,38.75,-20.00
FIXED_R65,2025-12-26,2025-12-26 05:16,UP,2025-12-26 05:56,LONG,25896.25,25876.25,2025-12-26 06:12,STOP_HIT,17,15.75,-20.00
FIXED_R65,2025-12-29,2025-12-28 14:59,DOWN,2025-12-29 04:18,SHORT,25666.50,25686.50,2025-12-29 04:25,STOP_HIT,8,9.75,-20.00
FIXED_R65,2025-12-29,2025-12-29 04:37,DOWN,2025-12-29 04:59,SHORT,25716.25,25736.25,2025-12-29 05:00,STOP_HIT,2,9.75,-20.00
FIXED_R65,2025-12-29,2025-12-29 05:14,UP,2025-12-29 05:39,LONG,25748.50,25728.50,2025-12-29 05:47,STOP_HIT,9,12.50,-20.00
FIXED_R65,2025-12-29,2025-12-29 05:36,DOWN,2025-12-29 05:51,SHORT,25692.75,25712.75,2025-12-29 05:55,STOP_HIT,5,18.50,-20.00
FIXED_R65,2025-12-29,2025-12-29 07:28,UP,2025-12-29 11:00,LONG,25741.25,25721.25,2025-12-29 11:59,TIME_EXPIRED,60,7.25,3.25
FIXED_R65,2025-12-30,2025-12-29 19:00,DOWN,2025-12-29 21:52,SHORT,25697.50,25717.50,2025-12-29 22:03,STOP_HIT,12,0.50,-20.00
FIXED_R65,2025-12-30,2025-12-29 21:23,UP,2025-12-29 23:29,LONG,25748.00,25728.00,2025-12-30 00:29,TIME_LIMIT,61,4.25,-10.25
FIXED_R65,2025-12-30,2025-12-29 23:36,DOWN,2025-12-30 04:40,SHORT,25692.75,25712.75,2025-12-30 04:48,STOP_HIT,9,18.50,-20.00
FIXED_R65,2025-12-30,2025-12-30 04:57,DOWN,2025-12-30 05:23,SHORT,25697.50,25717.50,2025-12-30 05:24,STOP_HIT,2,1.25,-20.00
FIXED_R65,2025-12-30,2025-12-30 06:22,DOWN,2025-12-30 07:28,SHORT,25719.00,25739.00,2025-12-30 07:40,STOP_HIT,13,2.75,-20.00
FIXED_R65,2025-12-31,2025-12-30 13:00,DOWN,2025-12-30 14:49,SHORT,25625.25,25645.25,2025-12-30 15:49,TIME_LIMIT,61,37.25,10.00
FIXED_R65,2025-12-31,2025-12-30 22:40,UP,2025-12-31 03:51,LONG,25699.25,25679.25,2025-12-31 04:29,STOP_HIT,39,17.50,-20.00
FIXED_R65,2025-12-31,2025-12-31 04:01,DOWN,2025-12-31 04:56,SHORT,25624.75,25644.75,2025-12-31 05:56,TIME_LIMIT,61,82.25,78.75
FIXED_R65,2025-12-31,2025-12-31 09:03,DOWN,2025-12-31 09:33,SHORT,25564.50,25584.50,2025-12-31 10:33,TIME_LIMIT,61,94.25,67.50
FIXED_R65,2026-01-02,2026-01-01 13:03,UP,2026-01-01 15:00,LONG,25511.00,25491.00,2026-01-01 16:00,TIME_LIMIT,61,48.50,48.25
FIXED_R65,2026-01-02,2026-01-02 04:31,DOWN,2026-01-02 04:41,SHORT,25645.25,25665.25,2026-01-02 04:41,STOP_HIT,1,7.00,-20.00
FIXED_R65,2026-01-02,2026-01-02 04:50,DOWN,2026-01-02 05:23,SHORT,25485.50,25505.50,2026-01-02 05:23,STOP_HIT,1,5.25,-20.00
FIXED_R65,2026-01-05,2026-01-04 13:07,UP,2026-01-04 14:02,LONG,25474.00,25454.00,2026-01-04 14:10,STOP_HIT,9,4.50,-20.00
FIXED_R65,2026-01-06,2026-01-05 20:34,DOWN,2026-01-05 22:32,SHORT,25529.25,25549.25,2026-01-05 22:37,STOP_HIT,6,1.00,-20.00
FIXED_R65,2026-01-06,2026-01-05 22:31,UP,2026-01-06 03:01,LONG,25638.75,25618.75,2026-01-06 03:45,STOP_HIT,45,11.75,-20.00
FIXED_R65,2026-01-06,2026-01-06 06:07,UP,2026-01-06 06:25,LONG,25696.50,25676.50,2026-01-06 06:26,STOP_HIT,2,3.50,-20.00
FIXED_R65,2026-01-07,2026-01-06 13:01,DOWN,2026-01-06 19:01,SHORT,25780.50,25800.50,2026-01-06 20:01,TIME_LIMIT,61,5.00,-3.00
FIXED_R65,2026-01-07,2026-01-06 23:21,UP,2026-01-07 04:31,LONG,25777.25,25757.25,2026-01-07 05:31,TIME_LIMIT,61,102.75,84.00
FIXED_R65,2026-01-08,2026-01-07 13:00,DOWN,2026-01-07 16:49,SHORT,25782.75,25802.75,2026-01-07 17:49,TIME_LIMIT,61,13.00,7.75
FIXED_R65,2026-01-08,2026-01-07 21:24,DOWN,2026-01-08 01:32,SHORT,25773.50,25793.50,2026-01-08 02:32,TIME_LIMIT,61,27.00,13.25
FIXED_R65,2026-01-08,2026-01-08 01:31,UP,2026-01-08 03:21,LONG,25808.75,25788.75,2026-01-08 03:33,STOP_HIT,13,9.25,-20.00
FIXED_R65,2026-01-08,2026-01-08 03:30,DOWN,2026-01-08 04:33,SHORT,25747.00,25767.00,2026-01-08 05:33,TIME_LIMIT,61,178.00,66.50
FIXED_R65,2026-01-08,2026-01-08 07:52,DOWN,2026-01-08 08:12,SHORT,25639.75,25659.75,2026-01-08 08:19,STOP_HIT,8,20.50,-20.00
FIXED_R65,2026-01-08,2026-01-08 09:16,UP,2026-01-08 11:04,LONG,25686.75,25666.75,2026-01-08 11:59,TIME_EXPIRED,56,55.00,25.25
FIXED_R65,2026-01-09,2026-01-08 13:01,DOWN,2026-01-08 15:18,SHORT,25661.75,25681.75,2026-01-08 16:18,TIME_LIMIT,61,34.25,5.50
FIXED_R65,2026-01-09,2026-01-08 15:37,UP,2026-01-08 17:26,LONG,25678.50,25658.50,2026-01-08 18:22,STOP_HIT,57,5.50,-20.00
FIXED_R65,2026-01-09,2026-01-09 04:03,DOWN,2026-01-09 04:32,SHORT,25668.75,25688.75,2026-01-09 04:33,STOP_HIT,2,20.25,-20.00
FIXED_R65,2026-01-09,2026-01-09 04:32,UP,2026-01-09 04:42,LONG,25751.50,25731.50,2026-01-09 04:44,STOP_HIT,3,24.75,-20.00
FIXED_R65,2026-01-09,2026-01-09 05:08,UP,2026-01-09 05:19,LONG,25755.75,25735.75,2026-01-09 06:19,TIME_LIMIT,61,145.75,130.75
FIXED_R65,2026-01-12,2026-01-11 13:00,DOWN,2026-01-11 13:10,SHORT,25914.25,25934.25,2026-01-11 14:10,TIME_LIMIT,61,58.25,50.50
FIXED_R65,2026-01-12,2026-01-11 22:43,UP,2026-01-12 04:31,LONG,25792.25,25772.25,2026-01-12 05:31,TIME_LIMIT,61,141.25,111.50
FIXED_R65,2026-01-13,2026-01-12 13:00,DOWN,2026-01-12 14:01,SHORT,25890.25,25910.25,2026-01-12 15:01,TIME_LIMIT,61,18.75,13.75
FIXED_R65,2026-01-13,2026-01-12 15:45,UP,2026-01-12 20:03,LONG,25912.00,25892.00,2026-01-12 21:03,TIME_LIMIT,61,20.75,8.50
FIXED_R65,2026-01-13,2026-01-12 23:18,DOWN,2026-01-13 00:33,SHORT,25892.00,25912.00,2026-01-13 01:33,TIME_LIMIT,61,21.50,20.75
FIXED_R65,2026-01-13,2026-01-13 06:27,UP,2026-01-13 06:37,LONG,25949.00,25929.00,2026-01-13 07:31,STOP_HIT,55,76.75,-20.00
FIXED_R65,2026-01-13,2026-01-13 06:56,DOWN,2026-01-13 08:45,SHORT,25866.50,25886.50,2026-01-13 09:45,TIME_LIMIT,61,45.25,9.25
FIXED_R65,2026-01-14,2026-01-14 10:08,DOWN,2026-01-14 10:18,SHORT,25532.00,25552.00,2026-01-14 10:22,STOP_HIT,5,3.75,-20.00
FIXED_R65,2026-01-14,2026-01-14 10:17,UP,2026-01-14 10:35,LONG,25608.00,25588.00,2026-01-14 10:44,STOP_HIT,10,27.75,-20.00
FIXED_R65,2026-01-15,2026-01-14 13:23,UP,2026-01-14 15:03,LONG,25628.75,25608.75,2026-01-14 15:17,STOP_HIT,15,14.25,-20.00
FIXED_R65,2026-01-15,2026-01-14 15:33,UP,2026-01-14 15:57,LONG,25627.50,25607.50,2026-01-14 16:28,STOP_HIT,32,6.75,-20.00
FIXED_R65,2026-01-15,2026-01-15 05:37,DOWN,2026-01-15 05:47,SHORT,25826.75,25846.75,2026-01-15 05:47,STOP_HIT,1,0.75,-20.00
FIXED_R65,2026-01-15,2026-01-15 05:52,UP,2026-01-15 06:06,LONG,25914.25,25894.25,2026-01-15 06:11,STOP_HIT,6,1.25,-20.00
FIXED_R65,2026-01-15,2026-01-15 07:09,DOWN,2026-01-15 07:52,SHORT,25875.25,25895.25,2026-01-15 08:10,STOP_HIT,19,26.50,-20.00
FIXED_R65,2026-01-16,2026-01-15 13:06,UP,2026-01-15 15:08,LONG,25769.00,25749.00,2026-01-15 15:25,STOP_HIT,18,7.50,-20.00
FIXED_R65,2026-01-16,2026-01-16 04:31,DOWN,2026-01-16 05:00,SHORT,25729.00,25749.00,2026-01-16 05:03,STOP_HIT,4,18.00,-20.00
FIXED_R65,2026-01-16,2026-01-16 06:45,DOWN,2026-01-16 06:57,SHORT,25693.25,25713.25,2026-01-16 06:57,STOP_HIT,1,4.75,-20.00
FIXED_R65,2026-01-19,2026-01-18 13:00,UP,2026-01-18 13:10,LONG,25444.75,25424.75,2026-01-18 13:10,STOP_HIT,1,3.00,-20.00
FIXED_R65,2026-01-19,2026-01-18 14:00,DOWN,2026-01-18 14:16,SHORT,25427.00,25447.00,2026-01-18 14:49,STOP_HIT,34,53.75,-20.00
FIXED_R65,2026-01-19,2026-01-18 14:30,UP,2026-01-18 14:55,LONG,25443.50,25423.50,2026-01-18 14:58,STOP_HIT,4,0.00,-20.00
FIXED_R65,2026-01-20,2026-01-19 13:01,DOWN,2026-01-19 14:17,SHORT,25342.75,25362.75,2026-01-19 14:35,STOP_HIT,19,19.00,-20.00
FIXED_R65,2026-01-20,2026-01-19 14:28,UP,2026-01-19 14:47,LONG,25402.75,25382.75,2026-01-19 14:58,STOP_HIT,12,0.00,-20.00
FIXED_R65,2026-01-20,2026-01-19 16:48,DOWN,2026-01-19 20:10,SHORT,25357.00,25377.00,2026-01-19 21:10,TIME_LIMIT,61,97.00,48.50
FIXED_R65,2026-01-20,2026-01-20 02:49,DOWN,2026-01-20 03:34,SHORT,25199.75,25219.75,2026-01-20 03:34,STOP_HIT,1,17.50,-20.00
FIXED_R65,2026-01-20,2026-01-20 06:58,DOWN,2026-01-20 08:12,SHORT,25295.25,25315.25,2026-01-20 09:12,TIME_LIMIT,61,124.75,105.25
FIXED_R65,2026-01-21,2026-01-20 13:02,DOWN,2026-01-20 13:53,SHORT,25110.75,25130.75,2026-01-20 14:03,STOP_HIT,11,7.25,-20.00
FIXED_R65,2026-01-21,2026-01-20 13:55,UP,2026-01-20 14:43,LONG,25174.50,25154.50,2026-01-20 15:43,TIME_LIMIT,61,44.25,38.50
FIXED_R65,2026-01-21,2026-01-20 21:23,DOWN,2026-01-20 23:44,SHORT,25174.75,25194.75,2026-01-21 00:44,TIME_LIMIT,61,53.00,-7.75
FIXED_R65,2026-01-21,2026-01-21 07:46,UP,2026-01-21 07:59,LONG,25256.25,25236.25,2026-01-21 08:00,STOP_HIT,2,3.75,-20.00
FIXED_R65,2026-01-21,2026-01-21 08:13,DOWN,2026-01-21 08:25,SHORT,25192.00,25212.00,2026-01-21 08:26,STOP_HIT,2,5.00,-20.00
FIXED_R65,2026-01-21,2026-01-21 08:24,UP,2026-01-21 08:34,LONG,25249.25,25229.25,2026-01-21 08:37,STOP_HIT,4,8.50,-20.00
FIXED_R65,2026-01-22,2026-01-21 13:35,UP,2026-01-21 15:28,LONG,25586.00,25566.00,2026-01-21 16:28,TIME_LIMIT,61,16.50,-5.25
FIXED_R65,2026-01-22,2026-01-21 16:11,DOWN,2026-01-21 19:44,SHORT,25542.00,25562.00,2026-01-21 20:44,TIME_LIMIT,61,58.25,15.50
FIXED_R65,2026-01-22,2026-01-21 20:25,UP,2026-01-21 22:19,LONG,25637.50,25617.50,2026-01-21 23:19,TIME_LIMIT,61,78.25,74.25
FIXED_R65,2026-01-22,2026-01-22 03:59,DOWN,2026-01-22 04:43,SHORT,25651.00,25671.00,2026-01-22 05:43,TIME_LIMIT,61,114.25,8.50
FIXED_R65,2026-01-22,2026-01-22 05:25,UP,2026-01-22 05:44,LONG,25642.75,25622.75,2026-01-22 05:50,STOP_HIT,7,16.00,-20.00
FIXED_R65,2026-01-22,2026-01-22 10:37,UP,2026-01-22 11:00,LONG,25661.75,25641.75,2026-01-22 11:01,STOP_HIT,2,14.75,-20.00
FIXED_R65,2026-01-22,2026-01-22 11:00,DOWN,2026-01-22 11:59,SHORT,25622.25,25642.25,2026-01-22 11:59,TIME_EXPIRED,1,3.00,-7.75
FIXED_R65,2026-01-23,2026-01-22 13:00,UP,2026-01-22 14:38,LONG,25641.00,25621.00,2026-01-22 15:38,TIME_LIMIT,61,41.75,30.75
FIXED_R65,2026-01-23,2026-01-22 20:05,DOWN,2026-01-22 22:53,SHORT,25596.50,25616.50,2026-01-22 23:01,STOP_HIT,9,15.50,-20.00
FIXED_R65,2026-01-23,2026-01-23 04:37,UP,2026-01-23 04:57,LONG,25640.00,25620.00,2026-01-23 04:57,STOP_HIT,1,7.75,-20.00
FIXED_R65,2026-01-26,2026-01-25 13:00,UP,2026-01-25 13:10,LONG,25465.50,25445.50,2026-01-25 14:10,TIME_LIMIT,61,131.00,120.25
FIXED_R65,2026-01-26,2026-01-25 23:54,UP,2026-01-26 00:31,LONG,25653.50,25633.50,2026-01-26 01:31,TIME_LIMIT,61,21.00,-1.25
FIXED_R65,2026-01-27,2026-01-26 13:04,UP,2026-01-26 15:05,LONG,25905.50,25885.50,2026-01-26 16:05,TIME_LIMIT,61,34.25,32.50
FIXED_R65,2026-01-27,2026-01-27 01:52,DOWN,2026-01-27 04:33,SHORT,25994.00,26014.00,2026-01-27 04:53,STOP_HIT,21,76.75,-20.00
FIXED_R65,2026-01-27,2026-01-27 04:38,UP,2026-01-27 04:59,LONG,26050.00,26030.00,2026-01-27 05:05,STOP_HIT,7,15.00,-20.00
FIXED_R65,2026-01-28,2026-01-27 13:00,UP,2026-01-27 14:32,LONG,26175.50,26155.50,2026-01-27 15:32,TIME_LIMIT,61,52.75,44.50
FIXED_R65,2026-01-28,2026-01-28 01:53,DOWN,2026-01-28 03:41,SHORT,26260.00,26280.00,2026-01-28 03:51,STOP_HIT,11,4.75,-20.00
FIXED_R65,2026-01-28,2026-01-28 04:36,UP,2026-01-28 04:46,LONG,26291.25,26271.25,2026-01-28 04:46,STOP_HIT,1,5.25,-20.00
FIXED_R65,2026-01-28,2026-01-28 04:45,DOWN,2026-01-28 04:55,SHORT,26289.00,26309.00,2026-01-28 05:55,TIME_LIMIT,61,122.75,111.75
FIXED_R65,2026-01-28,2026-01-28 11:04,UP,2026-01-28 11:40,LONG,26259.00,26239.00,2026-01-28 11:59,TIME_EXPIRED,20,28.75,9.25
FIXED_R65,2026-01-29,2026-01-28 13:22,DOWN,2026-01-28 13:41,SHORT,26178.00,26198.00,2026-01-28 13:41,STOP_HIT,1,0.00,-20.00
FIXED_R65,2026-01-29,2026-01-28 15:27,UP,2026-01-28 17:48,LONG,26194.50,26174.50,2026-01-28 18:48,TIME_LIMIT,61,35.50,26.75
FIXED_R65,2026-01-29,2026-01-28 22:19,DOWN,2026-01-29 03:17,SHORT,26161.75,26181.75,2026-01-29 03:33,STOP_HIT,17,11.25,-20.00
FIXED_R65,2026-01-29,2026-01-29 07:38,DOWN,2026-01-29 07:56,SHORT,25764.00,25784.00,2026-01-29 08:00,STOP_HIT,5,15.00,-20.00
FIXED_R65,2026-01-29,2026-01-29 07:59,UP,2026-01-29 08:09,LONG,25816.00,25796.00,2026-01-29 09:09,TIME_LIMIT,61,75.50,50.25
FIXED_R65,2026-01-30,2026-01-29 13:00,DOWN,2026-01-29 13:11,SHORT,25950.00,25970.00,2026-01-29 13:25,STOP_HIT,15,49.00,-20.00
FIXED_R65,2026-01-30,2026-01-29 13:29,UP,2026-01-29 14:04,LONG,25982.50,25962.50,2026-01-29 14:11,STOP_HIT,8,8.75,-20.00
FIXED_R65,2026-01-30,2026-01-29 13:38,DOWN,2026-01-29 14:25,SHORT,25935.00,25955.00,2026-01-29 14:33,STOP_HIT,9,27.75,-20.00
FIXED_R65,2026-01-30,2026-01-30 03:30,UP,2026-01-30 04:02,LONG,25841.75,25821.75,2026-01-30 04:02,STOP_HIT,1,0.50,-20.00
FIXED_R65,2026-01-30,2026-01-30 04:59,UP,2026-01-30 05:12,LONG,25913.50,25893.50,2026-01-30 05:13,STOP_HIT,2,12.00,-20.00
FIXED_R65,2026-01-30,2026-01-30 05:12,DOWN,2026-01-30 05:34,SHORT,25787.25,25807.25,2026-01-30 05:34,STOP_HIT,1,0.25,-20.00
FIXED_R65,2026-01-30,2026-01-30 05:30,UP,2026-01-30 05:46,LONG,25899.75,25879.75,2026-01-30 05:52,STOP_HIT,7,34.25,-20.00
FIXED_R65,2026-01-30,2026-01-30 05:47,DOWN,2026-01-30 06:03,SHORT,25847.00,25867.00,2026-01-30 06:07,STOP_HIT,5,24.75,-20.00
FIXED_R65,2026-02-02,2026-02-01 22:53,DOWN,2026-02-01 23:10,SHORT,25380.50,25400.50,2026-02-01 23:18,STOP_HIT,9,7.50,-20.00
FIXED_R65,2026-02-03,2026-02-02 13:02,UP,2026-02-02 13:14,LONG,25918.50,25898.50,2026-02-02 14:14,TIME_LIMIT,61,58.50,22.50
FIXED_R65,2026-02-03,2026-02-02 15:23,DOWN,2026-02-02 16:11,SHORT,25926.00,25946.00,2026-02-02 16:19,STOP_HIT,9,5.75,-20.00
FIXED_R65,2026-02-03,2026-02-02 16:46,UP,2026-02-02 18:52,LONG,25977.75,25957.75,2026-02-02 19:10,STOP_HIT,19,9.00,-20.00
FIXED_R65,2026-02-03,2026-02-02 21:58,DOWN,2026-02-03 02:17,SHORT,25961.00,25981.00,2026-02-03 02:27,STOP_HIT,11,1.50,-20.00
FIXED_R65,2026-02-03,2026-02-03 02:02,UP,2026-02-03 02:29,LONG,25985.00,25965.00,2026-02-03 03:29,TIME_LIMIT,61,18.50,6.50
FIXED_R65,2026-02-03,2026-02-03 03:13,DOWN,2026-02-03 04:17,SHORT,25946.75,25966.75,2026-02-03 05:17,TIME_LIMIT,61,416.75,376.00
FIXED_R65,2026-02-04,2026-02-03 13:06,UP,2026-02-03 13:16,LONG,25428.75,25408.75,2026-02-03 13:21,STOP_HIT,6,13.25,-20.00
FIXED_R65,2026-02-04,2026-02-03 13:16,DOWN,2026-02-03 15:00,SHORT,25377.50,25397.50,2026-02-03 15:00,STOP_HIT,1,0.00,-20.00
FIXED_R65,2026-02-04,2026-02-03 16:09,DOWN,2026-02-03 17:11,SHORT,25418.50,25438.50,2026-02-03 17:31,STOP_HIT,21,10.50,-20.00
FIXED_R65,2026-02-04,2026-02-03 16:53,UP,2026-02-03 20:13,LONG,25463.25,25443.25,2026-02-03 20:21,STOP_HIT,9,1.00,-20.00
FIXED_R65,2026-02-04,2026-02-03 21:50,DOWN,2026-02-03 23:20,SHORT,25384.50,25404.50,2026-02-03 23:57,STOP_HIT,38,30.00,-20.00
FIXED_R65,2026-02-04,2026-02-03 23:44,UP,2026-02-04 00:26,LONG,25438.75,25418.75,2026-02-04 01:26,TIME_LIMIT,61,27.50,17.75
FIXED_R65,2026-02-04,2026-02-04 02:01,DOWN,2026-02-04 02:46,SHORT,25403.75,25423.75,2026-02-04 02:47,STOP_HIT,2,0.25,-20.00
FIXED_R65,2026-02-04,2026-02-04 11:16,UP,2026-02-04 11:40,LONG,25158.75,25138.75,2026-02-04 11:43,STOP_HIT,4,9.25,-20.00
FIXED_R65,2026-02-05,2026-02-04 13:00,UP,2026-02-04 13:32,LONG,25124.25,25104.25,2026-02-04 13:33,STOP_HIT,2,0.75,-20.00
FIXED_R65,2026-02-05,2026-02-04 13:32,DOWN,2026-02-04 13:57,SHORT,25044.00,25064.00,2026-02-04 13:59,STOP_HIT,3,0.00,-20.00
FIXED_R65,2026-02-05,2026-02-04 14:02,UP,2026-02-04 14:28,LONG,25112.50,25092.50,2026-02-04 15:28,TIME_LIMIT,61,56.50,18.50
FIXED_R65,2026-02-05,2026-02-04 15:17,DOWN,2026-02-04 16:18,SHORT,24997.00,25017.00,2026-02-04 16:18,STOP_HIT,1,12.75,-20.00
FIXED_R65,2026-02-05,2026-02-04 18:27,UP,2026-02-04 22:20,LONG,25116.50,25096.50,2026-02-04 22:24,STOP_HIT,5,6.00,-20.00
FIXED_R65,2026-02-05,2026-02-04 22:19,DOWN,2026-02-04 23:05,SHORT,25005.50,25025.50,2026-02-04 23:21,STOP_HIT,17,26.75,-20.00
FIXED_R65,2026-02-05,2026-02-04 23:12,UP,2026-02-04 23:38,LONG,25056.25,25036.25,2026-02-04 23:42,STOP_HIT,5,1.50,-20.00
FIXED_R65,2026-02-05,2026-02-04 23:32,DOWN,2026-02-04 23:49,SHORT,25018.75,25038.75,2026-02-04 23:50,STOP_HIT,2,7.75,-20.00
FIXED_R65,2026-02-05,2026-02-04 23:49,UP,2026-02-05 00:15,LONG,25079.50,25059.50,2026-02-05 00:33,STOP_HIT,19,12.50,-20.00
FIXED_R65,2026-02-05,2026-02-05 00:27,DOWN,2026-02-05 00:41,SHORT,25041.25,25061.25,2026-02-05 01:23,STOP_HIT,43,29.75,-20.00
FIXED_R65,2026-02-05,2026-02-05 06:55,DOWN,2026-02-05 07:14,SHORT,24758.00,24778.00,2026-02-05 07:14,STOP_HIT,1,0.75,-20.00
FIXED_R65,2026-02-05,2026-02-05 08:02,DOWN,2026-02-05 08:12,SHORT,24774.50,24794.50,2026-02-05 08:12,STOP_HIT,1,5.50,-20.00
FIXED_R65,2026-02-06,2026-02-05 13:01,UP,2026-02-05 13:11,LONG,24438.00,24418.00,2026-02-05 13:17,STOP_HIT,7,10.50,-20.00
FIXED_R65,2026-02-06,2026-02-05 13:06,DOWN,2026-02-05 13:20,SHORT,24408.00,24428.00,2026-02-05 13:29,STOP_HIT,10,49.25,-20.00
FIXED_R65,2026-02-06,2026-02-05 14:16,UP,2026-02-05 14:36,LONG,24390.00,24370.00,2026-02-05 14:40,STOP_HIT,5,12.50,-20.00
FIXED_R65,2026-02-06,2026-02-05 15:20,UP,2026-02-05 15:35,LONG,24402.25,24382.25,2026-02-05 16:35,TIME_LIMIT,61,171.75,166.75
FIXED_R65,2026-02-09,2026-02-08 13:00,UP,2026-02-08 13:10,LONG,25242.75,25222.75,2026-02-08 14:10,TIME_LIMIT,61,92.00,80.00
FIXED_R65,2026-02-09,2026-02-08 14:21,DOWN,2026-02-08 15:10,SHORT,25259.25,25279.25,2026-02-08 16:10,TIME_LIMIT,61,64.75,10.25
FIXED_R65,2026-02-09,2026-02-09 04:49,DOWN,2026-02-09 04:59,SHORT,25115.25,25135.25,2026-02-09 05:00,STOP_HIT,2,10.75,-20.00
FIXED_R65,2026-02-09,2026-02-09 04:54,UP,2026-02-09 05:05,LONG,25163.50,25143.50,2026-02-09 06:05,TIME_LIMIT,61,165.50,157.75
FIXED_R65,2026-02-10,2026-02-09 13:05,DOWN,2026-02-09 13:54,SHORT,25338.25,25358.25,2026-02-09 14:03,STOP_HIT,10,4.25,-20.00
FIXED_R65,2026-02-10,2026-02-09 17:18,UP,2026-02-09 19:41,LONG,25348.50,25328.50,2026-02-09 20:10,STOP_HIT,30,9.75,-20.00
FIXED_R65,2026-02-10,2026-02-09 19:55,DOWN,2026-02-09 20:48,SHORT,25293.75,25313.75,2026-02-09 20:59,STOP_HIT,12,2.00,-20.00
FIXED_R65,2026-02-10,2026-02-09 20:48,UP,2026-02-09 22:02,LONG,25337.75,25317.75,2026-02-09 23:02,TIME_LIMIT,61,29.25,13.25
FIXED_R65,2026-02-10,2026-02-10 02:31,DOWN,2026-02-10 03:16,SHORT,25321.75,25341.75,2026-02-10 03:21,STOP_HIT,6,4.00,-20.00
FIXED_R65,2026-02-10,2026-02-10 03:12,UP,2026-02-10 03:47,LONG,25355.00,25335.00,2026-02-10 04:36,STOP_HIT,50,55.00,-20.00
FIXED_R65,2026-02-10,2026-02-10 04:31,DOWN,2026-02-10 04:41,SHORT,25309.25,25329.25,2026-02-10 04:52,STOP_HIT,12,53.50,-20.00
FIXED_R65,2026-02-10,2026-02-10 04:49,UP,2026-02-10 04:59,LONG,25404.00,25384.00,2026-02-10 05:00,STOP_HIT,2,2.75,-20.00
FIXED_R65,2026-02-10,2026-02-10 05:31,DOWN,2026-02-10 07:00,SHORT,25327.25,25347.25,2026-02-10 07:08,STOP_HIT,9,23.25,-20.00
FIXED_R65,2026-02-10,2026-02-10 07:04,UP,2026-02-10 07:21,LONG,25371.00,25351.00,2026-02-10 08:07,STOP_HIT,47,26.75,-20.00
FIXED_R65,2026-02-10,2026-02-10 07:52,DOWN,2026-02-10 08:17,SHORT,25326.50,25346.50,2026-02-10 09:17,TIME_LIMIT,61,55.75,40.00
FIXED_R65,2026-02-11,2026-02-10 13:00,UP,2026-02-10 15:45,LONG,25314.00,25294.00,2026-02-10 16:45,TIME_LIMIT,61,16.00,-3.75
FIXED_R65,2026-02-11,2026-02-10 17:56,DOWN,2026-02-10 19:49,SHORT,25283.00,25303.00,2026-02-10 20:01,STOP_HIT,13,0.25,-20.00
FIXED_R65,2026-02-11,2026-02-11 04:46,DOWN,2026-02-11 05:07,SHORT,25279.75,25299.75,2026-02-11 06:07,TIME_LIMIT,61,221.50,85.25
FIXED_R65,2026-02-11,2026-02-11 07:02,UP,2026-02-11 07:44,LONG,25305.75,25285.75,2026-02-11 07:45,STOP_HIT,2,1.00,-20.00
FIXED_R65,2026-02-11,2026-02-11 07:51,DOWN,2026-02-11 08:15,SHORT,25210.50,25230.50,2026-02-11 08:16,STOP_HIT,2,9.75,-20.00
FIXED_R65,2026-02-11,2026-02-11 08:15,UP,2026-02-11 08:32,LONG,25268.75,25248.75,2026-02-11 09:32,TIME_LIMIT,61,91.75,76.25
FIXED_R65,2026-02-12,2026-02-11 13:02,DOWN,2026-02-11 13:31,SHORT,25231.00,25251.00,2026-02-11 14:06,STOP_HIT,36,25.00,-20.00
FIXED_R65,2026-02-12,2026-02-11 13:36,UP,2026-02-11 14:45,LONG,25270.75,25250.75,2026-02-11 15:17,STOP_HIT,33,7.25,-20.00
FIXED_R65,2026-02-12,2026-02-12 04:38,DOWN,2026-02-12 04:48,SHORT,25278.00,25298.00,2026-02-12 05:48,TIME_LIMIT,61,199.25,194.25
FIXED_R65,2026-02-13,2026-02-12 13:19,DOWN,2026-02-12 13:34,SHORT,24779.50,24799.50,2026-02-12 13:34,STOP_HIT,1,2.25,-20.00
FIXED_R65,2026-02-13,2026-02-12 13:40,UP,2026-02-12 14:05,LONG,24853.25,24833.25,2026-02-12 14:16,STOP_HIT,12,11.50,-20.00
FIXED_R65,2026-02-13,2026-02-12 14:05,DOWN,2026-02-12 14:26,SHORT,24774.00,24794.00,2026-02-12 14:31,STOP_HIT,6,8.50,-20.00
FIXED_R65,2026-02-13,2026-02-12 14:53,UP,2026-02-12 15:42,LONG,24797.50,24777.50,2026-02-12 15:56,STOP_HIT,15,23.75,-20.00
FIXED_R65,2026-02-13,2026-02-12 16:33,DOWN,2026-02-12 17:55,SHORT,24753.75,24773.75,2026-02-12 18:15,STOP_HIT,21,9.25,-20.00
FIXED_R65,2026-02-13,2026-02-12 22:19,UP,2026-02-12 23:43,LONG,24797.25,24777.25,2026-02-12 23:55,STOP_HIT,13,10.75,-20.00
FIXED_R65,2026-02-13,2026-02-12 23:48,DOWN,2026-02-13 00:52,SHORT,24736.75,24756.75,2026-02-13 01:52,TIME_LIMIT,61,112.75,47.25
FIXED_R65,2026-02-13,2026-02-13 10:37,UP,2026-02-13 11:14,LONG,24796.25,24776.25,2026-02-13 11:25,STOP_HIT,12,5.00,-20.00
FIXED_R65,2026-02-16,2026-02-15 13:00,DOWN,2026-02-15 13:10,SHORT,24770.75,24790.75,2026-02-15 13:14,STOP_HIT,5,1.25,-20.00
FIXED_R65,2026-02-16,2026-02-15 13:05,UP,2026-02-15 13:20,LONG,24822.25,24802.25,2026-02-15 13:37,STOP_HIT,18,8.50,-20.00
FIXED_R65,2026-02-16,2026-02-15 16:05,DOWN,2026-02-15 19:43,SHORT,24803.25,24823.25,2026-02-15 20:44,TIME_LIMIT,61,9.50,-16.25
FIXED_R65,2026-02-16,2026-02-15 20:21,UP,2026-02-15 21:15,LONG,24859.00,24839.00,2026-02-15 22:15,TIME_LIMIT,61,25.25,10.00
FIXED_R65,2026-02-16,2026-02-15 23:28,DOWN,2026-02-16 04:36,SHORT,24760.25,24780.25,2026-02-16 04:56,STOP_HIT,21,67.50,-20.00
FIXED_R65,2026-02-17,2026-02-16 13:02,UP,2026-02-16 13:35,LONG,24803.00,24783.00,2026-02-16 14:35,TIME_LIMIT,61,39.50,17.75
FIXED_R65,2026-02-17,2026-02-16 13:51,DOWN,2026-02-16 15:08,SHORT,24809.50,24829.50,2026-02-16 16:08,TIME_LIMIT,61,192.00,171.50
FIXED_R65,2026-02-17,2026-02-16 22:13,DOWN,2026-02-16 23:15,SHORT,24641.75,24661.75,2026-02-16 23:19,STOP_HIT,5,4.75,-20.00
FIXED_R65,2026-02-17,2026-02-16 22:56,UP,2026-02-16 23:36,LONG,24687.75,24667.75,2026-02-17 00:10,STOP_HIT,35,9.75,-20.00
FIXED_R65,2026-02-17,2026-02-17 00:04,DOWN,2026-02-17 00:34,SHORT,24644.25,24664.25,2026-02-17 01:34,TIME_LIMIT,61,72.00,32.25
FIXED_R65,2026-02-18,2026-02-17 13:00,DOWN,2026-02-17 13:36,SHORT,24718.50,24738.50,2026-02-17 14:11,STOP_HIT,36,17.75,-20.00
FIXED_R65,2026-02-18,2026-02-17 13:47,UP,2026-02-17 16:37,LONG,24765.50,24745.50,2026-02-17 17:13,STOP_HIT,37,5.25,-20.00
FIXED_R65,2026-02-18,2026-02-18 03:30,DOWN,2026-02-18 03:48,SHORT,24828.50,24848.50,2026-02-18 04:43,STOP_HIT,56,76.50,-20.00
FIXED_R65,2026-02-18,2026-02-18 04:35,UP,2026-02-18 04:47,LONG,24854.50,24834.50,2026-02-18 04:47,STOP_HIT,1,6.75,-20.00
FIXED_R65,2026-02-18,2026-02-18 10:16,UP,2026-02-18 11:00,LONG,24957.25,24937.25,2026-02-18 11:05,STOP_HIT,6,9.75,-20.00
FIXED_R65,2026-02-18,2026-02-18 10:54,DOWN,2026-02-18 11:15,SHORT,24943.75,24963.75,2026-02-18 11:59,TIME_EXPIRED,45,17.25,7.25
FIXED_R65,2026-02-19,2026-02-18 13:13,DOWN,2026-02-18 14:24,SHORT,24929.50,24949.50,2026-02-18 14:34,STOP_HIT,11,13.25,-20.00
FIXED_R65,2026-02-19,2026-02-18 14:25,UP,2026-02-18 15:38,LONG,24956.50,24936.50,2026-02-18 16:38,TIME_LIMIT,61,28.75,19.75
FIXED_R65,2026-02-19,2026-02-18 22:21,DOWN,2026-02-18 23:11,SHORT,24964.00,24984.00,2026-02-19 00:11,TIME_LIMIT,61,113.50,110.75
FIXED_R65,2026-02-19,2026-02-19 06:23,DOWN,2026-02-19 06:46,SHORT,24852.50,24872.50,2026-02-19 06:54,STOP_HIT,9,51.25,-20.00
FIXED_R65,2026-02-20,2026-02-19 13:01,UP,2026-02-19 14:12,LONG,24887.50,24867.50,2026-02-19 14:21,STOP_HIT,10,5.25,-20.00
FIXED_R65,2026-02-20,2026-02-19 23:23,DOWN,2026-02-20 01:42,SHORT,24859.25,24879.25,2026-02-20 02:42,TIME_LIMIT,61,68.25,51.75
FIXED_R65,2026-02-20,2026-02-20 07:25,UP,2026-02-20 07:44,LONG,24958.25,24938.25,2026-02-20 08:24,STOP_HIT,41,87.25,-20.00
FIXED_R65,2026-02-23,2026-02-22 13:00,DOWN,2026-02-22 13:26,SHORT,25006.25,25026.25,2026-02-22 14:26,TIME_LIMIT,61,122.00,117.25
FIXED_R65,2026-02-23,2026-02-22 19:20,UP,2026-02-22 21:21,LONG,24904.00,24884.00,2026-02-22 22:05,STOP_HIT,45,9.50,-20.00
FIXED_R65,2026-02-23,2026-02-23 04:51,DOWN,2026-02-23 05:01,SHORT,24906.75,24926.75,2026-02-23 05:01,STOP_HIT,1,1.75,-20.00
FIXED_R65,2026-02-24,2026-02-23 13:05,UP,2026-02-23 15:43,LONG,24834.50,24814.50,2026-02-23 15:48,STOP_HIT,6,0.25,-20.00
FIXED_R65,2026-02-24,2026-02-23 19:05,DOWN,2026-02-23 23:04,SHORT,24806.75,24826.75,2026-02-23 23:13,STOP_HIT,10,9.50,-20.00
FIXED_R65,2026-02-24,2026-02-23 22:52,UP,2026-02-23 23:25,LONG,24826.00,24806.00,2026-02-23 23:35,STOP_HIT,11,7.00,-20.00
FIXED_R65,2026-02-24,2026-02-24 02:06,DOWN,2026-02-24 03:04,SHORT,24828.25,24848.25,2026-02-24 03:25,STOP_HIT,22,9.00,-20.00
FIXED_R65,2026-02-24,2026-02-24 02:48,UP,2026-02-24 03:31,LONG,24868.00,24848.00,2026-02-24 03:38,STOP_HIT,8,1.00,-20.00
FIXED_R65,2026-02-24,2026-02-24 03:55,DOWN,2026-02-24 04:31,SHORT,24812.75,24832.75,2026-02-24 04:40,STOP_HIT,10,118.25,-20.00
FIXED_R65,2026-02-25,2026-02-24 13:08,UP,2026-02-24 14:45,LONG,25061.25,25041.25,2026-02-24 15:45,TIME_LIMIT,61,47.00,42.75
FIXED_R65,2026-02-25,2026-02-24 16:38,DOWN,2026-02-24 17:35,SHORT,25042.75,25062.75,2026-02-24 17:43,STOP_HIT,9,9.50,-20.00
FIXED_R65,2026-02-25,2026-02-24 17:34,UP,2026-02-25 01:51,LONG,25114.25,25094.25,2026-02-25 02:51,TIME_LIMIT,61,35.75,32.25
FIXED_R65,2026-02-26,2026-02-25 13:01,DOWN,2026-02-25 13:35,SHORT,25352.00,25372.00,2026-02-25 14:35,TIME_LIMIT,61,77.25,18.00
FIXED_R65,2026-02-26,2026-02-25 15:30,UP,2026-02-25 22:22,LONG,25391.00,25371.00,2026-02-25 22:24,STOP_HIT,3,0.00,-20.00
FIXED_R65,2026-02-26,2026-02-26 03:48,DOWN,2026-02-26 04:32,SHORT,25324.75,25344.75,2026-02-26 05:32,TIME_LIMIT,61,439.75,425.75
FIXED_R65,2026-02-26,2026-02-26 09:55,DOWN,2026-02-26 10:26,SHORT,25038.25,25058.25,2026-02-26 10:34,STOP_HIT,9,12.00,-20.00
FIXED_R65,2026-02-27,2026-02-26 13:01,DOWN,2026-02-26 13:11,SHORT,24983.00,25003.00,2026-02-26 13:12,STOP_HIT,2,2.00,-20.00
FIXED_R65,2026-02-27,2026-02-26 13:05,UP,2026-02-26 13:20,LONG,25029.50,25009.50,2026-02-26 13:32,STOP_HIT,13,8.50,-20.00
FIXED_R65,2026-02-27,2026-02-26 13:20,DOWN,2026-02-26 14:39,SHORT,24977.50,24997.50,2026-02-26 15:01,STOP_HIT,23,22.75,-20.00
FIXED_R65,2026-02-27,2026-02-26 14:46,UP,2026-02-26 16:55,LONG,25022.00,25002.00,2026-02-26 17:37,STOP_HIT,43,14.00,-20.00
FIXED_R65,2026-02-27,2026-02-27 00:12,UP,2026-02-27 00:34,LONG,25043.00,25023.00,2026-02-27 00:39,STOP_HIT,6,2.00,-20.00
FIXED_R65,2026-02-27,2026-02-27 04:56,UP,2026-02-27 05:07,LONG,24941.50,24921.50,2026-02-27 05:18,STOP_HIT,12,52.00,-20.00
FIXED_R65,2026-02-27,2026-02-27 06:45,UP,2026-02-27 06:56,LONG,24994.50,24974.50,2026-02-27 06:59,STOP_HIT,4,9.50,-20.00
FIXED_R65,2026-02-27,2026-02-27 07:08,DOWN,2026-02-27 07:21,SHORT,24933.75,24953.75,2026-02-27 07:25,STOP_HIT,5,33.50,-20.00
FIXED_R65,2026-02-27,2026-02-27 07:22,UP,2026-02-27 07:38,LONG,24980.25,24960.25,2026-02-27 07:39,STOP_HIT,2,1.50,-20.00
FIXED_R65,2026-02-27,2026-02-27 07:36,DOWN,2026-02-27 07:46,SHORT,24926.75,24946.75,2026-02-27 07:53,STOP_HIT,8,12.75,-20.00
FIXED_R65,2026-02-27,2026-02-27 09:44,UP,2026-02-27 10:27,LONG,24996.00,24976.00,2026-02-27 10:30,STOP_HIT,4,2.25,-20.00
FIXED_R65,2026-02-27,2026-02-27 10:38,UP,2026-02-27 10:56,LONG,24976.25,24956.25,2026-02-27 11:20,STOP_HIT,25,46.50,-20.00
FIXED_R65,2026-03-02,2026-03-01 13:12,DOWN,2026-03-01 14:01,SHORT,24728.00,24748.00,2026-03-01 14:02,STOP_HIT,2,5.00,-20.00
FIXED_R65,2026-03-02,2026-03-01 14:19,UP,2026-03-01 14:56,LONG,24780.25,24760.25,2026-03-01 15:56,TIME_LIMIT,61,121.00,85.75
FIXED_R65,2026-03-02,2026-03-01 18:23,UP,2026-03-01 18:33,LONG,24804.50,24784.50,2026-03-01 18:48,STOP_HIT,16,13.25,-20.00
FIXED_R65,2026-03-02,2026-03-02 01:49,DOWN,2026-03-02 02:08,SHORT,24663.00,24683.00,2026-03-02 03:08,TIME_LIMIT,61,53.25,8.75
FIXED_R65,2026-03-02,2026-03-02 02:56,UP,2026-03-02 03:28,LONG,24700.00,24680.00,2026-03-02 03:33,STOP_HIT,6,13.50,-20.00
FIXED_R65,2026-03-02,2026-03-02 03:25,DOWN,2026-03-02 03:58,SHORT,24617.25,24637.25,2026-03-02 04:06,STOP_HIT,9,24.50,-20.00
FIXED_R65,2026-03-03,2026-03-02 13:00,DOWN,2026-03-02 13:36,SHORT,24953.25,24973.25,2026-03-02 13:55,STOP_HIT,20,7.00,-20.00
FIXED_R65,2026-03-03,2026-03-03 05:54,UP,2026-03-03 06:17,LONG,24597.50,24577.50,2026-03-03 06:20,STOP_HIT,4,22.50,-20.00
FIXED_R65,2026-03-04,2026-03-03 13:06,UP,2026-03-03 13:57,LONG,24719.75,24699.75,2026-03-03 13:59,STOP_HIT,3,0.50,-20.00
FIXED_R65,2026-03-04,2026-03-03 14:22,DOWN,2026-03-03 14:47,SHORT,24722.25,24742.25,2026-03-03 14:47,STOP_HIT,1,2.00,-20.00
FIXED_R65,2026-03-04,2026-03-03 14:43,UP,2026-03-03 14:53,LONG,24757.50,24737.50,2026-03-03 14:56,STOP_HIT,4,1.75,-20.00
FIXED_R65,2026-03-04,2026-03-03 22:19,DOWN,2026-03-03 22:29,SHORT,24638.00,24658.00,2026-03-03 22:44,STOP_HIT,16,18.25,-20.00
FIXED_R65,2026-03-04,2026-03-03 22:27,UP,2026-03-03 22:51,LONG,24664.25,24644.25,2026-03-03 22:56,STOP_HIT,6,3.75,-20.00
FIXED_R65,2026-03-05,2026-03-04 13:02,UP,2026-03-04 14:16,LONG,25231.75,25211.75,2026-03-04 14:25,STOP_HIT,10,18.25,-20.00
FIXED_R65,2026-03-05,2026-03-04 14:17,DOWN,2026-03-04 15:44,SHORT,25100.00,25120.00,2026-03-04 15:48,STOP_HIT,5,28.00,-20.00
FIXED_R65,2026-03-05,2026-03-05 02:03,UP,2026-03-05 02:22,LONG,25143.25,25123.25,2026-03-05 02:25,STOP_HIT,4,3.50,-20.00
FIXED_R65,2026-03-05,2026-03-05 02:21,DOWN,2026-03-05 02:50,SHORT,25075.25,25095.25,2026-03-05 03:50,TIME_LIMIT,61,83.25,39.00
FIXED_R65,2026-03-06,2026-03-05 13:02,UP,2026-03-05 13:43,LONG,25063.25,25043.25,2026-03-05 14:43,TIME_LIMIT,61,34.75,16.75
FIXED_R65,2026-03-06,2026-03-05 22:46,DOWN,2026-03-05 23:05,SHORT,25043.25,25063.25,2026-03-05 23:06,STOP_HIT,2,2.25,-20.00
FIXED_R65,2026-03-06,2026-03-06 05:10,UP,2026-03-06 05:20,LONG,24783.00,24763.00,2026-03-06 05:50,STOP_HIT,31,110.25,-20.00
FIXED_R65,2026-03-06,2026-03-06 07:04,DOWN,2026-03-06 07:37,SHORT,24778.25,24798.25,2026-03-06 07:48,STOP_HIT,12,34.00,-20.00
FIXED_R65,2026-03-06,2026-03-06 07:43,UP,2026-03-06 08:26,LONG,24852.50,24832.50,2026-03-06 08:27,STOP_HIT,2,0.50,-20.00
FIXED_R65,2026-03-06,2026-03-06 08:15,DOWN,2026-03-06 09:24,SHORT,24814.25,24834.25,2026-03-06 09:30,STOP_HIT,7,31.00,-20.00
FIXED_R65,2026-03-09,2026-03-08 14:09,UP,2026-03-08 14:26,LONG,24272.75,24252.75,2026-03-08 15:26,TIME_LIMIT,61,53.50,-0.50
FIXED_R65,2026-03-09,2026-03-08 15:00,DOWN,2026-03-08 15:28,SHORT,24264.75,24284.75,2026-03-08 16:28,TIME_LIMIT,61,142.50,124.50
FIXED_R65,2026-03-10,2026-03-09 14:08,DOWN,2026-03-09 14:18,SHORT,24922.75,24942.75,2026-03-09 14:29,STOP_HIT,12,52.75,-20.00
FIXED_R65,2026-03-10,2026-03-09 14:25,UP,2026-03-09 15:08,LONG,24927.25,24907.25,2026-03-09 15:22,STOP_HIT,15,6.25,-20.00
FIXED_R65,2026-03-10,2026-03-09 14:29,DOWN,2026-03-09 15:45,SHORT,24877.50,24897.50,2026-03-09 16:24,STOP_HIT,40,47.50,-20.00
FIXED_R65,2026-03-10,2026-03-09 16:14,UP,2026-03-09 16:40,LONG,24941.75,24921.75,2026-03-09 17:40,TIME_LIMIT,61,35.50,5.75
FIXED_R65,2026-03-10,2026-03-09 18:01,DOWN,2026-03-09 19:53,SHORT,24888.50,24908.50,2026-03-09 20:38,STOP_HIT,46,25.25,-20.00
FIXED_R65,2026-03-10,2026-03-09 19:47,UP,2026-03-09 22:28,LONG,24953.25,24933.25,2026-03-09 23:28,TIME_LIMIT,61,112.50,105.00
FIXED_R65,2026-03-10,2026-03-10 03:04,DOWN,2026-03-10 04:35,SHORT,24928.75,24948.75,2026-03-10 04:38,STOP_HIT,4,1.00,-20.00
FIXED_R65,2026-03-10,2026-03-10 04:31,UP,2026-03-10 04:56,LONG,24995.75,24975.75,2026-03-10 04:57,STOP_HIT,2,1.25,-20.00
FIXED_R65,2026-03-10,2026-03-10 05:47,DOWN,2026-03-10 06:01,SHORT,24929.25,24949.25,2026-03-10 06:01,STOP_HIT,1,9.25,-20.00
FIXED_R65,2026-03-10,2026-03-10 06:16,UP,2026-03-10 06:29,LONG,25009.00,24989.00,2026-03-10 06:29,STOP_HIT,1,0.50,-20.00
FIXED_R65,2026-03-10,2026-03-10 10:21,UP,2026-03-10 10:32,LONG,25085.75,25065.75,2026-03-10 10:35,STOP_HIT,4,14.00,-20.00
FIXED_R65,2026-03-10,2026-03-10 10:37,DOWN,2026-03-10 10:52,SHORT,25061.25,25081.25,2026-03-10 11:52,TIME_LIMIT,61,121.00,107.00
FIXED_R65,2026-03-11,2026-03-10 14:15,DOWN,2026-03-10 15:40,SHORT,24983.00,25003.00,2026-03-10 15:50,STOP_HIT,11,7.25,-20.00
FIXED_R65,2026-03-11,2026-03-10 14:44,UP,2026-03-10 15:51,LONG,25020.00,25000.00,2026-03-10 16:51,TIME_LIMIT,61,66.00,40.00
FIXED_R65,2026-03-11,2026-03-10 19:58,DOWN,2026-03-10 22:01,SHORT,25021.25,25041.25,2026-03-10 22:16,STOP_HIT,16,11.25,-20.00
FIXED_R65,2026-03-11,2026-03-11 03:03,DOWN,2026-03-11 03:28,SHORT,24977.00,24997.00,2026-03-11 03:50,STOP_HIT,23,48.75,-20.00
FIXED_R65,2026-03-11,2026-03-11 04:47,UP,2026-03-11 05:31,LONG,25084.00,25064.00,2026-03-11 05:31,STOP_HIT,1,3.00,-20.00
FIXED_R65,2026-03-11,2026-03-11 06:34,UP,2026-03-11 07:00,LONG,25065.75,25045.75,2026-03-11 07:02,STOP_HIT,3,24.25,-20.00
FIXED_R65,2026-03-11,2026-03-11 09:00,DOWN,2026-03-11 09:37,SHORT,24954.00,24974.00,2026-03-11 09:51,STOP_HIT,15,80.50,-20.00
FIXED_R65,2026-03-12,2026-03-11 14:00,DOWN,2026-03-11 14:25,SHORT,24873.25,24893.25,2026-03-11 15:25,TIME_LIMIT,61,86.00,62.25
FIXED_R65,2026-03-12,2026-03-11 17:43,DOWN,2026-03-11 17:55,SHORT,24777.50,24797.50,2026-03-11 18:55,TIME_LIMIT,61,73.25,47.00
FIXED_R65,2026-03-12,2026-03-11 19:38,UP,2026-03-12 00:17,LONG,24877.75,24857.75,2026-03-12 00:28,STOP_HIT,12,15.25,-20.00
FIXED_R65,2026-03-12,2026-03-12 03:43,DOWN,2026-03-12 05:00,SHORT,24834.50,24854.50,2026-03-12 06:00,TIME_LIMIT,61,204.00,136.25
FIXED_R65,2026-03-12,2026-03-12 05:32,UP,2026-03-12 05:42,LONG,24791.25,24771.25,2026-03-12 05:43,STOP_HIT,2,2.75,-20.00
FIXED_R65,2026-03-13,2026-03-12 14:01,UP,2026-03-12 15:06,LONG,24609.50,24589.50,2026-03-12 15:11,STOP_HIT,6,3.25,-20.00
FIXED_R65,2026-03-13,2026-03-12 15:05,DOWN,2026-03-12 15:46,SHORT,24549.75,24569.75,2026-03-12 16:12,STOP_HIT,27,58.50,-20.00
FIXED_R65,2026-03-13,2026-03-12 16:02,UP,2026-03-12 16:19,LONG,24615.25,24595.25,2026-03-12 17:19,TIME_LIMIT,61,47.00,35.25
FIXED_R65,2026-03-13,2026-03-12 17:10,DOWN,2026-03-12 22:54,SHORT,24492.75,24512.75,2026-03-12 23:54,TIME_LIMIT,61,82.25,59.75
FIXED_R65,2026-03-13,2026-03-13 01:39,UP,2026-03-13 02:18,LONG,24593.50,24573.50,2026-03-13 02:30,STOP_HIT,13,20.00,-20.00
FIXED_R65,2026-03-13,2026-03-13 06:32,DOWN,2026-03-13 06:44,SHORT,24608.50,24628.50,2026-03-13 07:44,TIME_LIMIT,61,206.25,194.00
FIXED_R65,2026-03-16,2026-03-15 14:02,DOWN,2026-03-15 14:17,SHORT,24509.75,24529.75,2026-03-15 14:20,STOP_HIT,4,0.25,-20.00
FIXED_R65,2026-03-16,2026-03-15 14:16,UP,2026-03-15 14:43,LONG,24577.75,24557.75,2026-03-15 15:43,TIME_LIMIT,61,130.25,64.50
FIXED_R65,2026-03-16,2026-03-16 01:46,UP,2026-03-16 02:21,LONG,24756.50,24736.50,2026-03-16 03:21,TIME_LIMIT,61,71.25,43.50
FIXED_R65,2026-03-16,2026-03-16 06:50,UP,2026-03-16 07:00,LONG,24910.25,24890.25,2026-03-16 07:02,STOP_HIT,3,4.75,-20.00
FIXED_R65,2026-03-16,2026-03-16 08:31,UP,2026-03-16 08:49,LONG,24883.75,24863.75,2026-03-16 09:49,TIME_LIMIT,61,55.75,0.25
FIXED_R65,2026-03-16,2026-03-16 11:10,DOWN,2026-03-16 11:54,SHORT,24879.25,24899.25,2026-03-16 12:07,STOP_HIT,14,14.50,-20.00
FIXED_R65,2026-03-17,2026-03-16 21:16,DOWN,2026-03-16 21:48,SHORT,24784.50,24804.50,2026-03-16 22:48,TIME_LIMIT,61,56.25,33.25
FIXED_R65,2026-03-17,2026-03-17 00:36,UP,2026-03-17 02:17,LONG,24809.50,24789.50,2026-03-17 03:17,TIME_LIMIT,61,39.75,15.00
FIXED_R65,2026-03-17,2026-03-17 06:44,DOWN,2026-03-17 08:09,SHORT,24968.75,24988.75,2026-03-17 08:11,STOP_HIT,3,7.25,-20.00
FIXED_R65,2026-03-17,2026-03-17 08:07,UP,2026-03-17 08:34,LONG,25007.25,24987.25,2026-03-17 09:34,TIME_LIMIT,61,29.75,6.25
FIXED_R65,2026-03-17,2026-03-17 10:10,DOWN,2026-03-17 10:34,SHORT,25000.00,25020.00,2026-03-17 11:15,STOP_HIT,42,18.00,-20.00
FIXED_R65,2026-03-18,2026-03-17 14:48,UP,2026-03-17 17:59,LONG,25095.50,25075.50,2026-03-17 18:59,TIME_LIMIT,61,34.50,23.00
FIXED_R65,2026-03-19,2026-03-18 14:00,DOWN,2026-03-18 14:38,SHORT,24566.25,24586.25,2026-03-18 14:45,STOP_HIT,8,1.00,-20.00
FIXED_R65,2026-03-19,2026-03-18 14:37,UP,2026-03-18 15:42,LONG,24639.00,24619.00,2026-03-18 15:44,STOP_HIT,3,3.25,-20.00
FIXED_R65,2026-03-19,2026-03-18 18:36,DOWN,2026-03-18 23:06,SHORT,24586.00,24606.00,2026-03-18 23:17,STOP_HIT,12,28.00,-20.00
FIXED_R65,2026-03-19,2026-03-19 01:26,UP,2026-03-19 02:36,LONG,24605.75,24585.75,2026-03-19 02:40,STOP_HIT,5,5.00,-20.00
FIXED_R65,2026-03-19,2026-03-19 01:51,DOWN,2026-03-19 03:03,SHORT,24598.50,24618.50,2026-03-19 04:03,TIME_LIMIT,61,120.50,107.75
FIXED_R65,2026-03-19,2026-03-19 07:07,DOWN,2026-03-19 07:29,SHORT,24451.75,24471.75,2026-03-19 07:29,STOP_HIT,1,1.00,-20.00
FIXED_R65,2026-03-19,2026-03-19 10:13,DOWN,2026-03-19 10:34,SHORT,24457.50,24477.50,2026-03-19 10:57,STOP_HIT,24,39.50,-20.00
FIXED_R65,2026-03-19,2026-03-19 10:50,UP,2026-03-19 11:01,LONG,24535.50,24515.50,2026-03-19 12:01,TIME_LIMIT,61,156.00,33.75
FIXED_R65,2026-03-20,2026-03-19 15:08,DOWN,2026-03-19 17:12,SHORT,24617.50,24637.50,2026-03-19 17:34,STOP_HIT,23,25.50,-20.00
FIXED_R65,2026-03-20,2026-03-19 16:24,UP,2026-03-19 18:28,LONG,24623.00,24603.00,2026-03-19 19:26,STOP_HIT,59,18.75,-20.00
FIXED_R65,2026-03-20,2026-03-19 17:46,DOWN,2026-03-19 20:20,SHORT,24596.50,24616.50,2026-03-19 21:20,TIME_LIMIT,61,37.00,15.00
FIXED_R65,2026-03-23,2026-03-22 14:00,UP,2026-03-22 14:10,LONG,24005.00,23985.00,2026-03-22 14:10,STOP_HIT,1,1.00,-20.00
FIXED_R65,2026-03-23,2026-03-22 16:05,UP,2026-03-22 16:15,LONG,24056.25,24036.25,2026-03-22 16:16,STOP_HIT,2,6.00,-20.00
FIXED_R65,2026-03-23,2026-03-22 16:23,DOWN,2026-03-22 16:38,SHORT,23974.00,23994.00,2026-03-22 16:50,STOP_HIT,13,20.75,-20.00
FIXED_R65,2026-03-23,2026-03-22 17:01,UP,2026-03-22 17:38,LONG,24054.75,24034.75,2026-03-22 18:13,STOP_HIT,36,18.00,-20.00
FIXED_R65,2026-03-23,2026-03-22 17:38,DOWN,2026-03-22 20:17,SHORT,23980.00,24000.00,2026-03-22 20:37,STOP_HIT,21,11.50,-20.00
FIXED_R65,2026-03-23,2026-03-22 21:07,DOWN,2026-03-22 21:31,SHORT,23963.25,23983.25,2026-03-22 21:37,STOP_HIT,7,25.25,-20.00
FIXED_R65,2026-03-23,2026-03-23 09:47,UP,2026-03-23 10:06,LONG,24480.25,24460.25,2026-03-23 10:07,STOP_HIT,2,0.25,-20.00
FIXED_R65,2026-03-23,2026-03-23 10:04,DOWN,2026-03-23 10:14,SHORT,24465.25,24485.25,2026-03-23 10:33,STOP_HIT,20,32.25,-20.00
FIXED_R65,2026-03-23,2026-03-23 10:07,UP,2026-03-23 10:34,LONG,24494.00,24474.00,2026-03-23 11:16,STOP_HIT,43,42.75,-20.00
FIXED_R65,2026-03-24,2026-03-23 14:06,UP,2026-03-23 14:37,LONG,24435.25,24415.25,2026-03-23 15:37,TIME_LIMIT,61,54.50,20.50
FIXED_R65,2026-03-24,2026-03-23 14:58,DOWN,2026-03-23 16:19,SHORT,24323.00,24343.00,2026-03-23 16:21,STOP_HIT,3,21.25,-20.00
FIXED_R65,2026-03-24,2026-03-23 21:28,UP,2026-03-23 22:50,LONG,24362.25,24342.25,2026-03-23 23:50,TIME_LIMIT,61,145.00,97.00
FIXED_R65,2026-03-24,2026-03-24 01:14,UP,2026-03-24 01:50,LONG,24382.25,24362.25,2026-03-24 02:50,TIME_LIMIT,61,51.75,20.00
FIXED_R65,2026-03-24,2026-03-24 08:06,UP,2026-03-24 08:18,LONG,24334.50,24314.50,2026-03-24 08:21,STOP_HIT,4,0.00,-20.00
FIXED_R65,2026-03-24,2026-03-24 08:22,DOWN,2026-03-24 08:44,SHORT,24281.50,24301.50,2026-03-24 08:45,STOP_HIT,2,5.25,-20.00
FIXED_R65,2026-03-24,2026-03-24 08:40,UP,2026-03-24 08:50,LONG,24290.25,24270.25,2026-03-24 08:55,STOP_HIT,6,22.00,-20.00
FIXED_R65,2026-03-24,2026-03-24 08:46,DOWN,2026-03-24 09:04,SHORT,24239.50,24259.50,2026-03-24 10:00,STOP_HIT,57,79.25,-20.00
FIXED_R65,2026-03-24,2026-03-24 10:18,UP,2026-03-24 10:40,LONG,24344.25,24324.25,2026-03-24 10:41,STOP_HIT,2,0.75,-20.00
FIXED_R65,2026-03-24,2026-03-24 10:39,DOWN,2026-03-24 11:55,SHORT,24204.25,24224.25,2026-03-24 12:00,STOP_HIT,6,15.75,-20.00
FIXED_R65,2026-03-25,2026-03-24 14:07,DOWN,2026-03-24 14:43,SHORT,24410.00,24430.00,2026-03-24 14:45,STOP_HIT,3,0.00,-20.00
FIXED_R65,2026-03-25,2026-03-24 14:25,UP,2026-03-24 16:12,LONG,24438.25,24418.25,2026-03-24 16:21,STOP_HIT,10,16.25,-20.00
FIXED_R65,2026-03-25,2026-03-24 16:39,DOWN,2026-03-24 18:41,SHORT,24364.25,24384.25,2026-03-24 19:41,TIME_LIMIT,61,43.75,8.75
FIXED_R65,2026-03-25,2026-03-24 21:08,DOWN,2026-03-24 22:05,SHORT,24366.25,24386.25,2026-03-24 22:51,STOP_HIT,47,42.50,-20.00
FIXED_R65,2026-03-25,2026-03-24 22:35,UP,2026-03-25 00:21,LONG,24526.25,24506.25,2026-03-25 00:24,STOP_HIT,4,8.75,-20.00
FIXED_R65,2026-03-25,2026-03-25 04:32,UP,2026-03-25 04:55,LONG,24451.50,24431.50,2026-03-25 05:00,STOP_HIT,6,26.25,-20.00
FIXED_R65,2026-03-25,2026-03-25 05:38,DOWN,2026-03-25 05:53,SHORT,24385.25,24405.25,2026-03-25 05:53,STOP_HIT,1,7.00,-20.00
FIXED_R65,2026-03-25,2026-03-25 06:00,UP,2026-03-25 06:28,LONG,24495.00,24475.00,2026-03-25 06:28,STOP_HIT,1,1.00,-20.00
FIXED_R65,2026-03-25,2026-03-25 06:52,DOWN,2026-03-25 07:15,SHORT,24386.50,24406.50,2026-03-25 07:24,STOP_HIT,10,100.00,-20.00
FIXED_R65,2026-03-25,2026-03-25 08:34,DOWN,2026-03-25 09:06,SHORT,24388.25,24408.25,2026-03-25 09:07,STOP_HIT,2,3.50,-20.00
FIXED_R65,2026-03-25,2026-03-25 09:10,UP,2026-03-25 09:42,LONG,24455.25,24435.25,2026-03-25 09:48,STOP_HIT,7,38.50,-20.00
FIXED_R65,2026-03-25,2026-03-25 09:43,DOWN,2026-03-25 10:00,SHORT,24426.00,24446.00,2026-03-25 10:17,STOP_HIT,18,19.50,-20.00
FIXED_R65,2026-03-26,2026-03-25 14:00,DOWN,2026-03-25 15:00,SHORT,24314.75,24334.75,2026-03-25 16:00,TIME_LIMIT,61,31.50,-13.50
FIXED_R65,2026-03-26,2026-03-25 15:45,UP,2026-03-25 16:16,LONG,24358.75,24338.75,2026-03-25 17:16,TIME_LIMIT,61,51.25,-16.50
FIXED_R65,2026-03-26,2026-03-25 18:37,UP,2026-03-25 19:52,LONG,24378.00,24358.00,2026-03-25 20:18,STOP_HIT,27,7.00,-20.00
FIXED_R65,2026-03-26,2026-03-25 19:40,DOWN,2026-03-25 21:36,SHORT,24291.25,24311.25,2026-03-25 22:36,TIME_LIMIT,61,59.25,13.50
FIXED_R65,2026-03-26,2026-03-26 05:39,UP,2026-03-26 05:57,LONG,24213.25,24193.25,2026-03-26 05:57,STOP_HIT,1,4.75,-20.00
FIXED_R65,2026-03-26,2026-03-26 06:07,DOWN,2026-03-26 06:38,SHORT,24165.75,24185.75,2026-03-26 06:40,STOP_HIT,3,7.75,-20.00
FIXED_R65,2026-03-27,2026-03-26 14:00,UP,2026-03-26 14:42,LONG,23883.50,23863.50,2026-03-26 14:43,STOP_HIT,2,3.50,-20.00
FIXED_R65,2026-03-27,2026-03-26 16:10,DOWN,2026-03-26 16:23,SHORT,23831.00,23851.00,2026-03-26 17:12,STOP_HIT,50,25.00,-20.00
FIXED_R65,2026-03-27,2026-03-26 17:01,UP,2026-03-26 17:59,LONG,23864.50,23844.50,2026-03-26 18:59,TIME_LIMIT,61,21.50,-10.25
FIXED_R65,2026-03-27,2026-03-26 21:15,DOWN,2026-03-27 00:47,SHORT,23789.25,23809.25,2026-03-27 01:32,STOP_HIT,46,79.25,-20.00
FIXED_R65,2026-03-30,2026-03-29 14:00,DOWN,2026-03-29 14:10,SHORT,23164.25,23184.25,2026-03-29 14:14,STOP_HIT,5,10.00,-20.00
FIXED_R65,2026-03-30,2026-03-29 14:06,UP,2026-03-29 14:22,LONG,23225.00,23205.00,2026-03-29 14:26,STOP_HIT,5,17.25,-20.00
FIXED_R65,2026-03-30,2026-03-29 14:45,UP,2026-03-29 15:04,LONG,23216.25,23196.25,2026-03-29 15:06,STOP_HIT,3,4.00,-20.00
FIXED_R65,2026-03-30,2026-03-29 16:27,DOWN,2026-03-29 16:53,SHORT,23142.50,23162.50,2026-03-29 17:00,STOP_HIT,8,16.50,-20.00
FIXED_R65,2026-03-30,2026-03-29 16:55,UP,2026-03-29 18:08,LONG,23226.75,23206.75,2026-03-29 18:18,STOP_HIT,11,4.50,-20.00
FIXED_R65,2026-03-30,2026-03-30 05:32,DOWN,2026-03-30 06:01,SHORT,23322.25,23342.25,2026-03-30 06:08,STOP_HIT,8,23.50,-20.00
FIXED_R65,2026-03-30,2026-03-30 07:05,DOWN,2026-03-30 07:15,SHORT,23317.75,23337.75,2026-03-30 07:24,STOP_HIT,10,35.75,-20.00
FIXED_R65,2026-03-30,2026-03-30 07:16,UP,2026-03-30 07:40,LONG,23373.00,23353.00,2026-03-30 08:02,STOP_HIT,23,61.50,-20.00
FIXED_R65,2026-03-30,2026-03-30 07:52,DOWN,2026-03-30 08:13,SHORT,23345.50,23365.50,2026-03-30 09:13,TIME_LIMIT,61,101.00,92.75
FIXED_R65,2026-03-31,2026-03-30 14:05,DOWN,2026-03-30 15:01,SHORT,23077.75,23097.75,2026-03-30 16:01,TIME_LIMIT,61,56.50,27.00
FIXED_R65,2026-03-31,2026-03-30 23:19,UP,2026-03-30 23:37,LONG,23301.25,23281.25,2026-03-31 00:37,TIME_LIMIT,61,89.00,29.50
FIXED_R65,2026-03-31,2026-03-31 02:43,UP,2026-03-31 03:12,LONG,23306.50,23286.50,2026-03-31 04:12,TIME_LIMIT,61,121.50,40.00
FIXED_R65,2026-04-01,2026-03-31 14:00,UP,2026-03-31 14:10,LONG,23915.50,23895.50,2026-03-31 15:10,TIME_LIMIT,61,58.50,35.25
FIXED_R65,2026-04-01,2026-03-31 18:36,UP,2026-03-31 20:54,LONG,24021.00,24001.00,2026-03-31 21:54,TIME_LIMIT,61,52.75,28.75
FIXED_R65,2026-04-01,2026-04-01 01:23,UP,2026-04-01 01:49,LONG,24069.00,24049.00,2026-04-01 02:49,TIME_LIMIT,61,62.50,62.50
FIXED_R65,2026-04-01,2026-04-01 04:46,DOWN,2026-04-01 05:00,SHORT,24061.00,24081.00,2026-04-01 05:13,STOP_HIT,14,25.00,-20.00
FIXED_R65,2026-04-01,2026-04-01 05:07,UP,2026-04-01 05:28,LONG,24099.25,24079.25,2026-04-01 05:30,STOP_HIT,3,2.25,-20.00
FIXED_R65,2026-04-01,2026-04-01 10:36,UP,2026-04-01 10:47,LONG,24160.25,24140.25,2026-04-01 11:47,TIME_LIMIT,61,95.50,69.00
FIXED_R65,2026-04-02,2026-04-01 16:31,UP,2026-04-01 16:44,LONG,24218.50,24198.50,2026-04-01 17:00,STOP_HIT,17,27.25,-20.00
FIXED_R65,2026-04-06,2026-04-05 14:00,DOWN,2026-04-05 14:10,SHORT,24003.25,24023.25,2026-04-05 14:14,STOP_HIT,5,21.75,-20.00
FIXED_R65,2026-04-06,2026-04-05 14:11,UP,2026-04-05 14:24,LONG,24047.50,24027.50,2026-04-05 15:24,TIME_LIMIT,61,49.50,23.25
FIXED_R65,2026-04-06,2026-04-06 06:49,UP,2026-04-06 07:02,LONG,24329.25,24309.25,2026-04-06 07:03,STOP_HIT,2,8.25,-20.00
FIXED_R65,2026-04-06,2026-04-06 07:02,DOWN,2026-04-06 07:26,SHORT,24278.25,24298.25,2026-04-06 07:46,STOP_HIT,21,26.00,-20.00
FIXED_R65,2026-04-06,2026-04-06 07:33,UP,2026-04-06 08:03,LONG,24307.75,24287.75,2026-04-06 08:09,STOP_HIT,7,5.50,-20.00
FIXED_R65,2026-04-06,2026-04-06 08:38,DOWN,2026-04-06 09:11,SHORT,24265.00,24285.00,2026-04-06 09:23,STOP_HIT,13,62.25,-20.00
FIXED_R65,2026-04-06,2026-04-06 10:04,UP,2026-04-06 10:17,LONG,24315.25,24295.25,2026-04-06 11:17,TIME_LIMIT,61,49.00,23.00
FIXED_R65,2026-04-07,2026-04-06 14:06,DOWN,2026-04-06 14:24,SHORT,24316.00,24336.00,2026-04-06 15:24,TIME_LIMIT,61,16.25,3.00
FIXED_R65,2026-04-07,2026-04-06 16:06,UP,2026-04-06 16:18,LONG,24348.75,24328.75,2026-04-06 16:21,STOP_HIT,4,5.00,-20.00
FIXED_R65,2026-04-07,2026-04-06 16:17,DOWN,2026-04-06 16:46,SHORT,24308.50,24328.50,2026-04-06 17:46,TIME_LIMIT,61,83.25,70.50
FIXED_R65,2026-04-07,2026-04-07 02:16,DOWN,2026-04-07 02:59,SHORT,24202.50,24222.50,2026-04-07 03:06,STOP_HIT,8,5.25,-20.00
FIXED_R65,2026-04-07,2026-04-07 05:14,UP,2026-04-07 05:31,LONG,24251.25,24231.25,2026-04-07 05:31,STOP_HIT,1,6.75,-20.00
FIXED_R65,2026-04-07,2026-04-07 08:03,DOWN,2026-04-07 08:14,SHORT,24160.00,24180.00,2026-04-07 08:16,STOP_HIT,3,13.00,-20.00
FIXED_R65,2026-04-07,2026-04-07 08:10,UP,2026-04-07 08:24,LONG,24185.00,24165.00,2026-04-07 09:24,TIME_LIMIT,61,56.75,1.75
FIXED_R65,2026-04-07,2026-04-07 09:36,DOWN,2026-04-07 11:09,SHORT,24106.25,24126.25,2026-04-07 11:11,STOP_HIT,3,6.75,-20.00
FIXED_R65,2026-04-08,2026-04-07 14:00,UP,2026-04-07 14:10,LONG,24615.75,24595.75,2026-04-07 14:15,STOP_HIT,6,12.50,-20.00
FIXED_R65,2026-04-08,2026-04-08 07:10,UP,2026-04-08 09:09,LONG,25126.50,25106.50,2026-04-08 09:17,STOP_HIT,9,7.00,-20.00
FIXED_R65,2026-04-08,2026-04-08 09:37,UP,2026-04-08 10:09,LONG,25126.50,25106.50,2026-04-08 10:18,STOP_HIT,10,5.25,-20.00
FIXED_R65,2026-04-09,2026-04-08 14:09,DOWN,2026-04-08 16:05,SHORT,25002.75,25022.75,2026-04-08 16:14,STOP_HIT,10,3.00,-20.00
FIXED_R65,2026-04-09,2026-04-08 17:23,UP,2026-04-08 18:51,LONG,25043.25,25023.25,2026-04-08 19:17,STOP_HIT,27,7.50,-20.00
FIXED_R65,2026-04-09,2026-04-08 22:03,DOWN,2026-04-08 23:35,SHORT,24994.50,25014.50,2026-04-09 00:35,TIME_LIMIT,61,41.50,16.75
FIXED_R65,2026-04-09,2026-04-09 00:15,UP,2026-04-09 04:53,LONG,25031.00,25011.00,2026-04-09 05:53,TIME_LIMIT,61,80.50,-4.75
FIXED_R65,2026-04-09,2026-04-09 05:45,DOWN,2026-04-09 06:01,SHORT,25019.50,25039.50,2026-04-09 06:04,STOP_HIT,4,11.00,-20.00
FIXED_R65,2026-04-09,2026-04-09 06:36,UP,2026-04-09 07:03,LONG,25035.50,25015.50,2026-04-09 08:03,TIME_LIMIT,61,230.25,220.00
FIXED_R65,2026-04-10,2026-04-09 15:03,UP,2026-04-09 16:59,LONG,25258.50,25238.50,2026-04-09 17:59,TIME_LIMIT,61,40.00,26.50
FIXED_R65,2026-04-10,2026-04-09 19:39,DOWN,2026-04-09 23:17,SHORT,25231.75,25251.75,2026-04-09 23:37,STOP_HIT,21,4.50,-20.00
FIXED_R65,2026-04-10,2026-04-10 00:18,UP,2026-04-10 02:29,LONG,25272.50,25252.50,2026-04-10 03:29,TIME_LIMIT,61,26.75,19.75
FIXED_R65,2026-04-10,2026-04-10 07:24,DOWN,2026-04-10 07:53,SHORT,25294.00,25314.00,2026-04-10 08:53,TIME_LIMIT,61,71.75,27.50
FIXED_R65,2026-04-13,2026-04-12 14:00,UP,2026-04-12 14:10,LONG,24992.00,24972.00,2026-04-12 14:19,STOP_HIT,10,27.25,-20.00
FIXED_R65,2026-04-13,2026-04-12 14:12,DOWN,2026-04-12 14:29,SHORT,24961.75,24981.75,2026-04-12 15:29,TIME_LIMIT,61,33.50,17.25
FIXED_R65,2026-04-13,2026-04-12 15:49,UP,2026-04-12 16:04,LONG,24957.50,24937.50,2026-04-12 17:04,TIME_LIMIT,61,114.25,109.25
FIXED_R65,2026-04-14,2026-04-13 16:06,UP,2026-04-13 23:07,LONG,25611.00,25591.00,2026-04-14 00:07,TIME_LIMIT,61,32.50,16.00
FIXED_R65,2026-04-15,2026-04-14 14:00,UP,2026-04-14 17:49,LONG,26041.75,26021.75,2026-04-14 18:21,STOP_HIT,33,0.50,-20.00
FIXED_R65,2026-04-15,2026-04-14 21:00,DOWN,2026-04-14 21:23,SHORT,25995.00,26015.00,2026-04-14 22:23,TIME_LIMIT,61,29.00,16.00
FIXED_R65,2026-04-15,2026-04-15 03:46,DOWN,2026-04-15 03:56,SHORT,25997.75,26017.75,2026-04-15 04:56,TIME_LIMIT,61,37.25,-0.75
FIXED_R65,2026-04-15,2026-04-15 04:16,UP,2026-04-15 05:29,LONG,26022.50,26002.50,2026-04-15 05:30,STOP_HIT,2,18.00,-20.00
FIXED_R65,2026-04-16,2026-04-15 14:00,UP,2026-04-15 15:49,LONG,26407.75,26387.75,2026-04-15 16:49,TIME_LIMIT,61,30.00,27.75
FIXED_R65,2026-04-16,2026-04-15 23:40,DOWN,2026-04-16 00:29,SHORT,26427.00,26447.00,2026-04-16 01:00,STOP_HIT,32,18.50,-20.00
FIXED_R65,2026-04-16,2026-04-16 06:23,UP,2026-04-16 07:04,LONG,26438.00,26418.00,2026-04-16 08:04,TIME_LIMIT,61,109.00,102.00
FIXED_R65,2026-04-16,2026-04-16 10:28,UP,2026-04-16 10:53,LONG,26436.00,26416.00,2026-04-16 11:53,TIME_LIMIT,61,62.25,34.00
FIXED_R65,2026-04-17,2026-04-16 21:03,UP,2026-04-17 00:42,LONG,26507.25,26487.25,2026-04-17 01:42,TIME_LIMIT,61,21.25,12.50
FIXED_R65,2026-04-20,2026-04-19 21:44,UP,2026-04-19 22:57,LONG,26690.75,26670.75,2026-04-19 23:30,STOP_HIT,34,30.50,-20.00
FIXED_R65,2026-04-20,2026-04-19 23:22,DOWN,2026-04-20 00:15,SHORT,26647.50,26667.50,2026-04-20 00:27,STOP_HIT,13,6.00,-20.00
FIXED_R65,2026-04-20,2026-04-20 00:07,UP,2026-04-20 00:51,LONG,26684.75,26664.75,2026-04-20 01:51,TIME_LIMIT,61,35.25,13.00
FIXED_R65,2026-04-20,2026-04-20 07:51,UP,2026-04-20 10:07,LONG,26722.75,26702.75,2026-04-20 10:11,STOP_HIT,5,9.00,-20.00
FIXED_R65,2026-04-21,2026-04-20 14:00,UP,2026-04-20 16:48,LONG,26823.25,26803.25,2026-04-20 17:48,TIME_LIMIT,61,14.00,-0.75
FIXED_R65,2026-04-21,2026-04-21 03:40,DOWN,2026-04-21 05:31,SHORT,26772.00,26792.00,2026-04-21 05:52,STOP_HIT,22,45.25,-20.00
FIXED_R65,2026-04-21,2026-04-21 05:35,UP,2026-04-21 06:23,LONG,26845.50,26825.50,2026-04-21 06:23,STOP_HIT,1,0.75,-20.00
FIXED_R65,2026-04-21,2026-04-21 06:17,DOWN,2026-04-21 07:01,SHORT,26719.00,26739.00,2026-04-21 07:09,STOP_HIT,9,56.50,-20.00
FIXED_R65,2026-04-21,2026-04-21 10:50,UP,2026-04-21 11:36,LONG,26745.00,26725.00,2026-04-21 11:38,STOP_HIT,3,7.50,-20.00
FIXED_R65,2026-04-21,2026-04-21 11:31,DOWN,2026-04-21 11:41,SHORT,26713.75,26733.75,2026-04-21 12:09,STOP_HIT,29,162.00,-20.00
FIXED_R65,2026-04-21,2026-04-21 12:12,DOWN,2026-04-21 12:50,SHORT,26723.75,26743.75,2026-04-21 12:53,STOP_HIT,4,0.00,-20.00
FIXED_R65,2026-04-22,2026-04-21 14:00,UP,2026-04-21 16:10,LONG,26791.50,26771.50,2026-04-21 17:10,TIME_LIMIT,61,26.50,14.75
FIXED_R65,2026-04-22,2026-04-21 23:44,DOWN,2026-04-22 00:46,SHORT,26801.25,26821.25,2026-04-22 00:59,STOP_HIT,14,9.00,-20.00
FIXED_R65,2026-04-22,2026-04-22 00:40,UP,2026-04-22 01:01,LONG,26827.25,26807.25,2026-04-22 02:01,TIME_LIMIT,61,36.00,6.75
FIXED_R65,2026-04-22,2026-04-22 05:33,UP,2026-04-22 05:49,LONG,26838.75,26818.75,2026-04-22 05:51,STOP_HIT,3,3.75,-20.00
FIXED_R65,2026-04-23,2026-04-22 15:24,DOWN,2026-04-22 16:11,SHORT,27020.00,27040.00,2026-04-22 16:19,STOP_HIT,9,172.00,-20.00
FIXED_R65,2026-04-23,2026-04-22 16:19,UP,2026-04-22 16:29,LONG,27041.50,27021.50,2026-04-22 17:22,STOP_HIT,54,33.50,-20.00
FIXED_R65,2026-04-23,2026-04-22 16:30,DOWN,2026-04-22 18:38,SHORT,26959.50,26979.50,2026-04-22 19:38,TIME_LIMIT,61,85.75,85.25
FIXED_R65,2026-04-23,2026-04-23 01:08,UP,2026-04-23 04:07,LONG,27054.75,27034.75,2026-04-23 04:20,STOP_HIT,14,25.00,-20.00
FIXED_R65,2026-04-23,2026-04-23 06:02,UP,2026-04-23 06:32,LONG,27037.75,27017.75,2026-04-23 06:41,STOP_HIT,10,21.25,-20.00
FIXED_R65,2026-04-23,2026-04-23 08:36,DOWN,2026-04-23 09:11,SHORT,26959.75,26979.75,2026-04-23 10:11,TIME_LIMIT,61,278.00,45.75
FIXED_R65,2026-04-24,2026-04-23 14:00,UP,2026-04-23 15:31,LONG,27056.75,27036.75,2026-04-23 16:31,TIME_LIMIT,61,79.00,66.25
FIXED_R65,2026-04-24,2026-04-23 20:25,UP,2026-04-23 22:45,LONG,27080.75,27060.75,2026-04-23 23:45,TIME_LIMIT,61,34.00,6.00
FIXED_R65,2026-04-24,2026-04-24 05:42,DOWN,2026-04-24 05:57,SHORT,27155.00,27175.00,2026-04-24 05:57,STOP_HIT,1,2.00,-20.00
FIXED_R65,2026-04-24,2026-04-24 06:32,UP,2026-04-24 06:42,LONG,27236.75,27216.75,2026-04-24 07:42,TIME_LIMIT,61,108.00,90.75
FIXED_R65,2026-04-27,2026-04-26 14:00,DOWN,2026-04-26 14:10,SHORT,27357.25,27377.25,2026-04-26 14:39,STOP_HIT,30,12.25,-20.00
FIXED_R65,2026-04-27,2026-04-26 14:06,UP,2026-04-26 16:15,LONG,27408.50,27388.50,2026-04-26 17:15,TIME_LIMIT,61,91.25,59.75
FIXED_R65,2026-04-27,2026-04-27 00:15,UP,2026-04-27 01:18,LONG,27454.00,27434.00,2026-04-27 02:18,TIME_LIMIT,61,12.25,3.00
FIXED_R65,2026-04-27,2026-04-27 03:32,DOWN,2026-04-27 04:38,SHORT,27398.00,27418.00,2026-04-27 04:43,STOP_HIT,6,8.00,-20.00
FIXED_R65,2026-04-27,2026-04-27 07:22,UP,2026-04-27 09:24,LONG,27403.50,27383.50,2026-04-27 10:24,TIME_LIMIT,61,36.25,29.00
FIXED_R65,2026-04-28,2026-04-27 14:00,UP,2026-04-27 14:10,LONG,27473.25,27453.25,2026-04-27 15:10,TIME_LIMIT,61,28.25,3.50
FIXED_R65,2026-04-28,2026-04-27 16:11,DOWN,2026-04-28 02:10,SHORT,27268.75,27288.75,2026-04-28 03:10,TIME_LIMIT,61,78.50,77.50
FIXED_R65,2026-04-28,2026-04-28 05:31,UP,2026-04-28 05:42,LONG,27205.25,27185.25,2026-04-28 05:53,STOP_HIT,12,46.75,-20.00
FIXED_R65,2026-04-28,2026-04-28 06:07,DOWN,2026-04-28 06:31,SHORT,27174.00,27194.00,2026-04-28 07:31,TIME_LIMIT,61,161.50,154.25
FIXED_R65,2026-04-29,2026-04-28 14:00,UP,2026-04-28 16:01,LONG,27251.50,27231.50,2026-04-28 17:01,TIME_LIMIT,61,42.50,-9.25
FIXED_R65,2026-04-29,2026-04-28 16:25,DOWN,2026-04-28 17:18,SHORT,27219.50,27239.50,2026-04-28 17:30,STOP_HIT,13,3.75,-20.00
FIXED_R65,2026-04-29,2026-04-28 17:08,UP,2026-04-28 18:06,LONG,27247.75,27227.75,2026-04-28 19:06,TIME_LIMIT,61,45.75,37.25
FIXED_R65,2026-04-29,2026-04-28 22:01,DOWN,2026-04-28 23:46,SHORT,27228.00,27248.00,2026-04-28 23:56,STOP_HIT,11,18.00,-20.00
FIXED_R65,2026-04-29,2026-04-29 00:16,UP,2026-04-29 03:36,LONG,27274.75,27254.75,2026-04-29 03:37,STOP_HIT,2,10.25,-20.00
FIXED_R65,2026-04-29,2026-04-29 02:30,DOWN,2026-04-29 04:21,SHORT,27241.75,27261.75,2026-04-29 05:21,TIME_LIMIT,61,50.00,29.25
FIXED_R65,2026-04-29,2026-04-29 07:47,DOWN,2026-04-29 07:57,SHORT,27219.75,27239.75,2026-04-29 07:59,STOP_HIT,3,9.50,-20.00
FIXED_R65,2026-04-29,2026-04-29 08:11,DOWN,2026-04-29 08:21,SHORT,27218.25,27238.25,2026-04-29 09:21,TIME_LIMIT,61,64.75,3.25
FIXED_R65,2026-04-29,2026-04-29 10:45,UP,2026-04-29 10:55,LONG,27254.00,27234.00,2026-04-29 11:55,TIME_LIMIT,61,86.25,48.75
FIXED_R65,2026-04-29,2026-04-29 12:18,UP,2026-04-29 12:42,LONG,27274.50,27254.50,2026-04-29 12:43,STOP_HIT,2,7.25,-20.00
FIXED_R65,2026-04-30,2026-04-29 14:00,UP,2026-04-29 14:10,LONG,27382.00,27362.00,2026-04-29 15:10,TIME_LIMIT,61,118.00,83.25
FIXED_R65,2026-04-30,2026-04-30 01:20,UP,2026-04-30 01:32,LONG,27417.25,27397.25,2026-04-30 01:32,STOP_HIT,1,4.50,-20.00
FIXED_R65,2026-04-30,2026-04-30 01:31,DOWN,2026-04-30 01:46,SHORT,27380.50,27400.50,2026-04-30 02:12,STOP_HIT,27,24.50,-20.00
FIXED_R65,2026-04-30,2026-04-30 01:57,UP,2026-04-30 02:28,LONG,27418.50,27398.50,2026-04-30 02:35,STOP_HIT,8,14.25,-20.00
FIXED_R65,2026-04-30,2026-04-30 02:30,DOWN,2026-04-30 02:51,SHORT,27370.50,27390.50,2026-04-30 03:02,STOP_HIT,12,20.00,-20.00
FIXED_R65,2026-04-30,2026-04-30 02:52,UP,2026-04-30 03:16,LONG,27421.50,27401.50,2026-04-30 04:16,TIME_LIMIT,61,88.50,80.75
FIXED_R65,2026-04-30,2026-04-30 05:04,DOWN,2026-04-30 05:36,SHORT,27333.50,27353.50,2026-04-30 05:36,STOP_HIT,1,5.50,-20.00
FIXED_R65,2026-04-30,2026-04-30 06:39,UP,2026-04-30 07:10,LONG,27403.50,27383.50,2026-04-30 07:13,STOP_HIT,4,11.75,-20.00
FIXED_R65,2026-05-01,2026-04-30 14:08,DOWN,2026-04-30 14:54,SHORT,27576.00,27596.00,2026-04-30 15:05,STOP_HIT,12,19.75,-20.00
FIXED_R65,2026-05-01,2026-04-30 14:57,UP,2026-04-30 16:43,LONG,27625.50,27605.50,2026-04-30 17:43,TIME_LIMIT,61,32.75,19.75
FIXED_R65,2026-05-01,2026-04-30 19:31,DOWN,2026-04-30 22:27,SHORT,27611.75,27631.75,2026-04-30 23:27,TIME_LIMIT,61,20.25,7.00
FIXED_R65,2026-05-01,2026-05-01 02:40,UP,2026-05-01 05:32,LONG,27693.75,27673.75,2026-05-01 06:32,TIME_LIMIT,61,215.50,136.00
FIXED_R65,2026-05-01,2026-05-01 10:46,UP,2026-05-01 11:12,LONG,27860.00,27840.00,2026-05-01 11:52,STOP_HIT,41,40.75,-20.00
FIXED_R65,2026-05-04,2026-05-03 14:00,DOWN,2026-05-03 14:10,SHORT,27869.00,27889.00,2026-05-03 15:10,TIME_LIMIT,61,33.00,32.50
FIXED_R65,2026-05-04,2026-05-03 16:01,UP,2026-05-03 16:15,LONG,27854.75,27834.75,2026-05-03 16:17,STOP_HIT,3,10.00,-20.00
FIXED_R65,2026-05-04,2026-05-03 23:46,DOWN,2026-05-04 00:16,SHORT,27887.25,27907.25,2026-05-04 00:29,STOP_HIT,14,17.75,-20.00
FIXED_R65,2026-05-04,2026-05-04 03:39,UP,2026-05-04 04:55,LONG,27858.00,27838.00,2026-05-04 04:59,STOP_HIT,5,8.00,-20.00
FIXED_R65,2026-05-04,2026-05-04 04:18,DOWN,2026-05-04 05:01,SHORT,27818.50,27838.50,2026-05-04 05:04,STOP_HIT,4,22.50,-20.00
FIXED_R65,2026-05-04,2026-05-04 05:10,DOWN,2026-05-04 05:32,SHORT,27832.50,27852.50,2026-05-04 05:36,STOP_HIT,5,24.25,-20.00
FIXED_R65,2026-05-04,2026-05-04 05:35,UP,2026-05-04 05:46,LONG,27878.00,27858.00,2026-05-04 05:50,STOP_HIT,5,17.75,-20.00
FIXED_R65,2026-05-04,2026-05-04 07:02,DOWN,2026-05-04 07:17,SHORT,27859.25,27879.25,2026-05-04 08:17,TIME_LIMIT,61,246.25,182.25
FIXED_R65,2026-05-05,2026-05-04 15:51,UP,2026-05-04 17:13,LONG,27797.75,27777.75,2026-05-04 18:13,TIME_LIMIT,61,35.50,12.50
FIXED_R65,2026-05-06,2026-05-05 14:55,DOWN,2026-05-05 18:01,SHORT,28290.75,28310.75,2026-05-05 19:01,TIME_LIMIT,61,29.25,-1.50
FIXED_R65,2026-05-06,2026-05-06 05:30,UP,2026-05-06 05:40,LONG,28429.50,28409.50,2026-05-06 06:06,STOP_HIT,27,76.50,-20.00
FIXED_R65,2026-05-06,2026-05-06 06:12,DOWN,2026-05-06 06:23,SHORT,28419.75,28439.75,2026-05-06 06:25,STOP_HIT,3,14.00,-20.00
FIXED_R65,2026-05-06,2026-05-06 06:19,UP,2026-05-06 06:34,LONG,28467.50,28447.50,2026-05-06 07:34,TIME_LIMIT,61,119.25,109.25
FIXED_R65,2026-05-07,2026-05-06 14:02,DOWN,2026-05-06 16:44,SHORT,28644.75,28664.75,2026-05-06 16:57,STOP_HIT,14,2.00,-20.00
FIXED_R65,2026-05-07,2026-05-06 16:43,UP,2026-05-06 17:50,LONG,28706.50,28686.50,2026-05-06 18:10,STOP_HIT,21,9.50,-20.00
FIXED_R65,2026-05-07,2026-05-07 05:40,DOWN,2026-05-07 05:50,SHORT,28732.50,28752.50,2026-05-07 05:52,STOP_HIT,3,7.50,-20.00
FIXED_R65,2026-05-07,2026-05-07 05:46,UP,2026-05-07 05:56,LONG,28789.50,28769.50,2026-05-07 06:56,TIME_LIMIT,61,155.25,143.25
FIXED_R65,2026-05-07,2026-05-07 07:37,DOWN,2026-05-07 08:13,SHORT,28692.25,28712.25,2026-05-07 08:13,STOP_HIT,1,0.25,-20.00
FIXED_R65,2026-05-07,2026-05-07 12:02,UP,2026-05-07 12:12,LONG,28706.75,28686.75,2026-05-07 12:37,STOP_HIT,26,18.50,-20.00
FIXED_R65,2026-05-07,2026-05-07 12:04,DOWN,2026-05-07 12:14,SHORT,28702.75,28722.75,2026-05-07 12:15,STOP_HIT,2,2.75,-20.00
FIXED_R65,2026-05-08,2026-05-07 14:00,UP,2026-05-07 14:10,LONG,28609.25,28589.25,2026-05-07 15:10,TIME_LIMIT,61,61.50,23.75
FIXED_R65,2026-05-11,2026-05-10 14:00,DOWN,2026-05-10 14:10,SHORT,29281.75,29301.75,2026-05-10 15:00,STOP_HIT,51,56.00,-20.00
FIXED_R65,2026-05-11,2026-05-10 14:17,UP,2026-05-10 14:59,LONG,29293.25,29273.25,2026-05-10 15:59,TIME_LIMIT,61,53.00,11.75
FIXED_R65,2026-05-11,2026-05-10 17:05,UP,2026-05-10 17:24,LONG,29330.25,29310.25,2026-05-10 17:30,STOP_HIT,7,5.00,-20.00
FIXED_R65,2026-05-11,2026-05-10 18:30,DOWN,2026-05-10 20:26,SHORT,29333.75,29353.75,2026-05-10 21:23,STOP_HIT,58,6.25,-20.00
FIXED_R65,2026-05-11,2026-05-11 00:35,UP,2026-05-11 01:34,LONG,29333.00,29313.00,2026-05-11 02:04,STOP_HIT,31,33.00,-20.00
FIXED_R65,2026-05-11,2026-05-11 01:48,DOWN,2026-05-11 02:21,SHORT,29302.25,29322.25,2026-05-11 03:01,STOP_HIT,41,13.00,-20.00
FIXED_R65,2026-05-11,2026-05-11 02:47,UP,2026-05-11 03:21,LONG,29356.00,29336.00,2026-05-11 03:46,STOP_HIT,26,33.00,-20.00
FIXED_R65,2026-05-11,2026-05-11 03:31,DOWN,2026-05-11 04:22,SHORT,29285.50,29305.50,2026-05-11 04:29,STOP_HIT,8,6.50,-20.00
FIXED_R65,2026-05-11,2026-05-11 06:17,DOWN,2026-05-11 06:32,SHORT,29260.00,29280.00,2026-05-11 06:32,STOP_HIT,1,13.25,-20.00
FIXED_R65,2026-05-11,2026-05-11 06:31,UP,2026-05-11 06:48,LONG,29376.00,29356.00,2026-05-11 07:48,TIME_LIMIT,61,67.50,63.25
FIXED_R65,2026-05-11,2026-05-11 12:12,UP,2026-05-11 12:22,LONG,29382.25,29362.25,2026-05-11 12:59,TIME_EXPIRED,38,30.75,17.75
FIXED_R65,2026-05-12,2026-05-11 14:46,DOWN,2026-05-11 16:05,SHORT,29390.75,29410.75,2026-05-11 17:05,TIME_LIMIT,61,37.50,10.75
FIXED_R65,2026-05-12,2026-05-11 18:53,DOWN,2026-05-11 20:53,SHORT,29295.25,29315.25,2026-05-11 21:53,TIME_LIMIT,61,24.25,2.00
FIXED_R65,2026-05-12,2026-05-12 05:35,UP,2026-05-12 05:45,LONG,29285.25,29265.25,2026-05-12 05:46,STOP_HIT,2,10.75,-20.00
FIXED_R65,2026-05-13,2026-05-12 14:20,DOWN,2026-05-12 15:31,SHORT,29123.75,29143.75,2026-05-12 16:23,STOP_HIT,53,68.25,-20.00
FIXED_R65,2026-05-13,2026-05-12 16:02,UP,2026-05-12 17:11,LONG,29176.00,29156.00,2026-05-12 18:11,TIME_LIMIT,61,84.25,44.25
FIXED_R65,2026-05-13,2026-05-13 06:09,UP,2026-05-13 06:39,LONG,29243.75,29223.75,2026-05-13 06:39,STOP_HIT,1,3.00,-20.00
FIXED_R65,2026-05-14,2026-05-13 14:00,UP,2026-05-13 14:48,LONG,29587.50,29567.50,2026-05-13 15:48,TIME_LIMIT,61,61.00,29.00
FIXED_R65,2026-05-14,2026-05-13 16:59,DOWN,2026-05-13 18:49,SHORT,29591.50,29611.50,2026-05-13 19:49,TIME_LIMIT,61,69.00,56.75
FIXED_R65,2026-05-14,2026-05-13 22:23,DOWN,2026-05-14 00:00,SHORT,29574.75,29594.75,2026-05-14 00:14,STOP_HIT,15,26.50,-20.00
FIXED_R65,2026-05-14,2026-05-14 05:12,UP,2026-05-14 05:50,LONG,29666.00,29646.00,2026-05-14 05:50,STOP_HIT,1,18.75,-20.00
FIXED_R65,2026-05-14,2026-05-14 06:02,DOWN,2026-05-14 06:14,SHORT,29589.50,29609.50,2026-05-14 06:15,STOP_HIT,2,11.25,-20.00
FIXED_R65,2026-05-15,2026-05-14 16:01,UP,2026-05-14 16:36,LONG,29703.50,29683.50,2026-05-14 16:37,STOP_HIT,2,0.50,-20.00
FIXED_R65,2026-05-15,2026-05-15 06:04,UP,2026-05-15 06:20,LONG,29349.50,29329.50,2026-05-15 06:25,STOP_HIT,6,33.25,-20.00
FIXED_R65,2026-05-15,2026-05-15 06:57,DOWN,2026-05-15 07:07,SHORT,29254.50,29274.50,2026-05-15 07:08,STOP_HIT,2,14.00,-20.00
FIXED_R65,2026-05-15,2026-05-15 07:36,DOWN,2026-05-15 07:54,SHORT,29237.00,29257.00,2026-05-15 07:56,STOP_HIT,3,25.00,-20.00
FIXED_R65,2026-05-15,2026-05-15 07:55,UP,2026-05-15 08:29,LONG,29318.50,29298.50,2026-05-15 08:54,STOP_HIT,26,32.50,-20.00
FIXED_R65,2026-05-15,2026-05-15 10:55,DOWN,2026-05-15 11:49,SHORT,29298.75,29318.75,2026-05-15 12:49,TIME_LIMIT,61,187.75,122.50
FIXED_R65,2026-05-18,2026-05-17 14:00,UP,2026-05-17 14:10,LONG,29270.25,29250.25,2026-05-17 14:12,STOP_HIT,3,9.00,-20.00
FIXED_R65,2026-05-18,2026-05-17 14:07,DOWN,2026-05-17 14:38,SHORT,29207.50,29227.50,2026-05-17 14:38,STOP_HIT,1,0.00,-20.00
FIXED_R65,2026-05-18,2026-05-17 14:24,UP,2026-05-17 14:52,LONG,29234.50,29214.50,2026-05-17 14:56,STOP_HIT,5,23.00,-20.00
FIXED_R65,2026-05-18,2026-05-17 14:43,DOWN,2026-05-17 14:58,SHORT,29225.00,29245.00,2026-05-17 15:00,STOP_HIT,3,15.00,-20.00
FIXED_R65,2026-05-18,2026-05-17 18:29,DOWN,2026-05-17 18:57,SHORT,29008.00,29028.00,2026-05-17 18:57,STOP_HIT,1,0.50,-20.00
FIXED_R65,2026-05-18,2026-05-17 18:52,UP,2026-05-17 19:53,LONG,29043.25,29023.25,2026-05-17 20:28,STOP_HIT,36,73.25,-20.00
FIXED_R65,2026-05-18,2026-05-17 20:16,DOWN,2026-05-17 20:37,SHORT,29042.50,29062.50,2026-05-17 20:43,STOP_HIT,7,18.75,-20.00
FIXED_R65,2026-05-18,2026-05-17 20:30,UP,2026-05-17 20:47,LONG,29081.00,29061.00,2026-05-17 20:50,STOP_HIT,4,1.75,-20.00
FIXED_R65,2026-05-18,2026-05-17 21:10,DOWN,2026-05-17 21:20,SHORT,29027.50,29047.50,2026-05-17 21:24,STOP_HIT,5,6.25,-20.00
FIXED_R65,2026-05-18,2026-05-17 21:39,DOWN,2026-05-17 22:10,SHORT,29040.50,29060.50,2026-05-17 22:44,STOP_HIT,35,50.00,-20.00
FIXED_R65,2026-05-18,2026-05-17 22:31,UP,2026-05-17 22:51,LONG,29074.75,29054.75,2026-05-17 23:51,TIME_LIMIT,61,101.00,23.00
FIXED_R65,2026-05-18,2026-05-18 05:56,DOWN,2026-05-18 06:06,SHORT,29138.25,29158.25,2026-05-18 06:06,STOP_HIT,1,9.25,-20.00
FIXED_R65,2026-05-18,2026-05-18 11:25,UP,2026-05-18 12:00,LONG,29098.75,29078.75,2026-05-18 12:05,STOP_HIT,6,11.25,-20.00
FIXED_R65,2026-05-19,2026-05-18 14:00,UP,2026-05-18 14:10,LONG,29128.75,29108.75,2026-05-18 14:13,STOP_HIT,4,5.50,-20.00
FIXED_R65,2026-05-19,2026-05-18 15:03,DOWN,2026-05-18 15:55,SHORT,29119.00,29139.00,2026-05-18 16:00,STOP_HIT,6,3.50,-20.00
FIXED_R65,2026-05-19,2026-05-18 16:21,DOWN,2026-05-18 16:45,SHORT,29129.00,29149.00,2026-05-18 17:45,TIME_LIMIT,61,139.50,66.50
FIXED_R65,2026-05-19,2026-05-18 22:01,UP,2026-05-19 00:02,LONG,29101.75,29081.75,2026-05-19 00:05,STOP_HIT,4,0.25,-20.00
FIXED_R65,2026-05-19,2026-05-18 23:48,DOWN,2026-05-19 01:01,SHORT,28998.25,29018.25,2026-05-19 02:01,TIME_LIMIT,61,162.25,81.25
FIXED_R65,2026-05-19,2026-05-19 05:27,UP,2026-05-19 05:38,LONG,29047.00,29027.00,2026-05-19 05:38,STOP_HIT,1,8.00,-20.00
FIXED_R65,2026-05-19,2026-05-19 05:37,DOWN,2026-05-19 05:47,SHORT,28873.75,28893.75,2026-05-19 05:47,STOP_HIT,1,5.00,-20.00
FIXED_R65,2026-05-19,2026-05-19 08:12,UP,2026-05-19 08:33,LONG,28944.75,28924.75,2026-05-19 08:38,STOP_HIT,6,20.00,-20.00
FIXED_R65,2026-05-19,2026-05-19 11:33,DOWN,2026-05-19 11:52,SHORT,28903.25,28923.25,2026-05-19 11:59,STOP_HIT,8,36.25,-20.00
FIXED_R65,2026-05-20,2026-05-19 14:10,DOWN,2026-05-19 14:38,SHORT,28896.75,28916.75,2026-05-19 15:03,STOP_HIT,26,27.75,-20.00
FIXED_R65,2026-05-20,2026-05-19 14:28,UP,2026-05-19 15:15,LONG,28946.50,28926.50,2026-05-19 16:00,STOP_HIT,46,77.75,-20.00
FIXED_R65,2026-05-20,2026-05-19 15:34,DOWN,2026-05-19 16:14,SHORT,28831.25,28851.25,2026-05-19 16:25,STOP_HIT,12,34.00,-20.00
FIXED_R65,2026-05-20,2026-05-19 16:17,UP,2026-05-19 16:49,LONG,28939.75,28919.75,2026-05-19 17:02,STOP_HIT,14,31.75,-20.00
FIXED_R65,2026-05-20,2026-05-19 17:20,DOWN,2026-05-19 17:33,SHORT,28903.00,28923.00,2026-05-19 17:33,STOP_HIT,1,2.75,-20.00
FIXED_R65,2026-05-20,2026-05-19 17:36,UP,2026-05-19 17:53,LONG,28969.75,28949.75,2026-05-19 18:30,STOP_HIT,38,47.50,-20.00
FIXED_R65,2026-05-20,2026-05-19 18:24,DOWN,2026-05-19 18:37,SHORT,28902.25,28922.25,2026-05-19 19:37,TIME_LIMIT,61,63.25,-3.50
FIXED_R65,2026-05-20,2026-05-19 20:16,DOWN,2026-05-19 20:43,SHORT,28891.25,28911.25,2026-05-19 21:01,STOP_HIT,19,20.75,-20.00
FIXED_R65,2026-05-20,2026-05-19 20:55,UP,2026-05-19 21:05,LONG,28926.00,28906.00,2026-05-19 21:15,STOP_HIT,11,11.25,-20.00
FIXED_R65,2026-05-20,2026-05-20 05:55,UP,2026-05-20 06:06,LONG,29069.00,29049.00,2026-05-20 06:11,STOP_HIT,6,31.75,-20.00
FIXED_R65,2026-05-20,2026-05-20 06:01,DOWN,2026-05-20 06:12,SHORT,29047.00,29067.00,2026-05-20 06:14,STOP_HIT,3,38.50,-20.00
FIXED_R65,2026-05-21,2026-05-20 14:00,DOWN,2026-05-20 14:10,SHORT,29144.00,29164.00,2026-05-20 14:12,STOP_HIT,3,31.00,-20.00
FIXED_R65,2026-05-21,2026-05-20 14:10,UP,2026-05-20 15:21,LONG,29195.75,29175.75,2026-05-20 15:23,STOP_HIT,3,7.25,-20.00
FIXED_R65,2026-05-21,2026-05-20 22:06,DOWN,2026-05-20 23:17,SHORT,29217.25,29237.25,2026-05-20 23:21,STOP_HIT,5,8.50,-20.00
FIXED_R65,2026-05-21,2026-05-20 23:13,UP,2026-05-21 00:12,LONG,29406.75,29386.75,2026-05-21 00:21,STOP_HIT,10,57.75,-20.00
FIXED_R65,2026-05-21,2026-05-21 05:44,UP,2026-05-21 05:57,LONG,29277.50,29257.50,2026-05-21 05:58,STOP_HIT,2,13.75,-20.00
FIXED_R65,2026-05-21,2026-05-21 07:10,UP,2026-05-21 07:22,LONG,29235.50,29215.50,2026-05-21 07:31,STOP_HIT,10,28.00,-20.00
FIXED_R65,2026-05-21,2026-05-21 07:23,DOWN,2026-05-21 07:33,SHORT,29211.50,29231.50,2026-05-21 07:37,STOP_HIT,5,36.00,-20.00
FIXED_R65,2026-05-21,2026-05-21 07:34,UP,2026-05-21 07:44,LONG,29265.25,29245.25,2026-05-21 07:44,STOP_HIT,1,2.25,-20.00
FIXED_R65,2026-05-21,2026-05-21 08:50,UP,2026-05-21 09:01,LONG,29273.75,29253.75,2026-05-21 10:01,TIME_LIMIT,61,280.25,226.50
FIXED_R65,2026-05-22,2026-05-21 14:00,UP,2026-05-21 14:10,LONG,29505.00,29485.00,2026-05-21 15:10,TIME_LIMIT,61,40.25,35.50
FIXED_R65,2026-05-22,2026-05-21 16:32,DOWN,2026-05-21 18:04,SHORT,29535.00,29555.00,2026-05-21 18:51,STOP_HIT,48,30.75,-20.00
FIXED_R65,2026-05-22,2026-05-21 17:41,UP,2026-05-21 20:17,LONG,29580.50,29560.50,2026-05-21 21:17,TIME_LIMIT,61,25.75,17.25
FIXED_R65,2026-05-22,2026-05-21 23:02,UP,2026-05-22 00:01,LONG,29600.00,29580.00,2026-05-22 00:58,STOP_HIT,58,65.25,-20.00
FIXED_R65,2026-05-22,2026-05-22 00:21,DOWN,2026-05-22 01:35,SHORT,29507.75,29527.75,2026-05-22 01:38,STOP_HIT,4,6.75,-20.00
FIXED_R65,2026-05-22,2026-05-22 06:24,UP,2026-05-22 06:38,LONG,29609.25,29589.25,2026-05-22 07:38,TIME_LIMIT,61,104.50,83.75
FIXED_R65,2026-05-22,2026-05-22 09:30,DOWN,2026-05-22 12:07,SHORT,29557.25,29577.25,2026-05-22 12:59,TIME_EXPIRED,53,55.00,36.50
FIXED_R65,2026-05-25,2026-05-24 14:00,UP,2026-05-24 14:10,LONG,29768.25,29748.25,2026-05-24 15:10,TIME_LIMIT,61,63.50,55.25
FIXED_R65,2026-05-25,2026-05-25 05:55,DOWN,2026-05-25 06:55,SHORT,29927.00,29947.00,2026-05-25 07:10,STOP_HIT,16,5.00,-20.00
FIXED_R65,2026-05-25,2026-05-25 06:43,UP,2026-05-25 07:17,LONG,29962.75,29942.75,2026-05-25 07:24,STOP_HIT,8,9.00,-20.00
FIXED_R65,2026-05-25,2026-05-25 07:11,DOWN,2026-05-25 08:04,SHORT,29920.00,29940.00,2026-05-25 08:47,STOP_HIT,44,6.00,-20.00
FIXED_R65,2026-05-26,2026-05-25 14:00,DOWN,2026-05-25 14:10,SHORT,29916.00,29936.00,2026-05-25 14:12,STOP_HIT,3,1.00,-20.00
FIXED_R65,2026-05-26,2026-05-25 23:33,UP,2026-05-26 02:32,LONG,29908.00,29888.00,2026-05-26 02:43,STOP_HIT,12,0.00,-20.00
FIXED_R65,2026-05-26,2026-05-26 05:35,UP,2026-05-26 05:45,LONG,29933.50,29913.50,2026-05-26 06:45,TIME_LIMIT,61,185.25,176.75
FIXED_R65,2026-05-26,2026-05-26 07:56,UP,2026-05-26 08:10,LONG,29944.00,29924.00,2026-05-26 09:10,TIME_LIMIT,61,71.50,28.50
FIXED_R65,2026-05-27,2026-05-26 14:48,UP,2026-05-26 19:48,LONG,30119.00,30099.00,2026-05-26 19:56,STOP_HIT,9,0.00,-20.00
FIXED_R65,2026-05-27,2026-05-26 17:17,DOWN,2026-05-26 23:05,SHORT,30101.00,30121.00,2026-05-26 23:22,STOP_HIT,18,3.75,-20.00
FIXED_R65,2026-05-27,2026-05-26 22:39,UP,2026-05-26 23:24,LONG,30124.75,30104.75,2026-05-27 00:24,TIME_LIMIT,61,91.00,83.50
FIXED_R65,2026-05-27,2026-05-27 04:23,DOWN,2026-05-27 05:43,SHORT,30050.50,30070.50,2026-05-27 05:53,STOP_HIT,11,113.50,-20.00
FIXED_R65,2026-05-27,2026-05-27 09:09,UP,2026-05-27 11:39,LONG,30063.25,30043.25,2026-05-27 11:50,STOP_HIT,12,8.75,-20.00
FIXED_R65,2026-05-28,2026-05-27 14:02,DOWN,2026-05-27 14:21,SHORT,30085.00,30105.00,2026-05-27 15:21,TIME_LIMIT,61,58.50,38.50
FIXED_R65,2026-05-28,2026-05-27 16:58,DOWN,2026-05-27 18:57,SHORT,29983.00,30003.00,2026-05-27 19:57,TIME_LIMIT,61,187.25,174.75
FIXED_R65,2026-05-28,2026-05-28 01:03,DOWN,2026-05-28 02:33,SHORT,29930.75,29950.75,2026-05-28 03:33,TIME_LIMIT,61,67.25,36.00
FIXED_R65,2026-05-28,2026-05-28 02:51,UP,2026-05-28 04:54,LONG,30062.75,30042.75,2026-05-28 05:09,STOP_HIT,16,36.25,-20.00
FIXED_R65,2026-05-28,2026-05-28 05:50,UP,2026-05-28 06:00,LONG,29992.25,29972.25,2026-05-28 06:03,STOP_HIT,4,27.25,-20.00
FIXED_R65,2026-05-29,2026-05-28 14:05,DOWN,2026-05-28 14:38,SHORT,30299.00,30319.00,2026-05-28 15:16,STOP_HIT,39,4.00,-20.00
FIXED_R65,2026-05-29,2026-05-28 17:03,UP,2026-05-28 23:22,LONG,30308.25,30288.25,2026-05-28 23:31,STOP_HIT,10,6.75,-20.00
FIXED_R65,2026-05-29,2026-05-28 23:36,UP,2026-05-29 01:04,LONG,30336.00,30316.00,2026-05-29 02:02,STOP_HIT,59,33.25,-20.00
FIXED_R65,2026-05-29,2026-05-29 06:54,UP,2026-05-29 07:09,LONG,30390.25,30370.25,2026-05-29 07:20,STOP_HIT,12,49.50,-20.00
FIXED_R65,2026-05-29,2026-05-29 08:10,DOWN,2026-05-29 10:05,SHORT,30331.25,30351.25,2026-05-29 10:09,STOP_HIT,5,1.25,-20.00
FIXED_R65,2026-05-29,2026-05-29 10:34,DOWN,2026-05-29 10:46,SHORT,30342.75,30362.75,2026-05-29 11:07,STOP_HIT,22,27.50,-20.00
FIXED_R65,2026-05-29,2026-05-29 11:01,UP,2026-05-29 11:46,LONG,30434.25,30414.25,2026-05-29 11:47,STOP_HIT,2,2.75,-20.00
FIXED_R65,2026-06-01,2026-05-31 14:00,DOWN,2026-05-31 14:10,SHORT,30379.25,30399.25,2026-05-31 14:10,STOP_HIT,1,6.00,-20.00
FIXED_R65,2026-06-01,2026-05-31 14:03,UP,2026-05-31 14:24,LONG,30427.25,30407.25,2026-05-31 15:24,TIME_LIMIT,61,51.75,28.25
FIXED_R65,2026-06-02,2026-06-01 14:00,DOWN,2026-06-01 14:10,SHORT,30481.50,30501.50,2026-06-01 15:10,TIME_LIMIT,61,50.50,23.50
FIXED_R65,2026-06-02,2026-06-01 19:20,UP,2026-06-01 21:33,LONG,30477.50,30457.50,2026-06-01 22:33,TIME_LIMIT,61,25.75,1.00
FIXED_R65,2026-06-02,2026-06-02 05:30,DOWN,2026-06-02 05:40,SHORT,30464.50,30484.50,2026-06-02 05:43,STOP_HIT,4,40.75,-20.00
FIXED_R65,2026-06-03,2026-06-02 15:25,UP,2026-06-02 16:25,LONG,30681.50,30661.50,2026-06-02 17:25,TIME_LIMIT,61,46.00,-0.50
FIXED_R65,2026-06-03,2026-06-02 16:51,DOWN,2026-06-02 17:43,SHORT,30662.25,30682.25,2026-06-02 17:53,STOP_HIT,11,9.25,-20.00
FIXED_R65,2026-06-03,2026-06-02 17:46,UP,2026-06-02 20:05,LONG,30717.25,30697.25,2026-06-02 21:00,STOP_HIT,56,13.25,-20.00
FIXED_R65,2026-06-03,2026-06-03 06:43,DOWN,2026-06-03 06:53,SHORT,30681.00,30701.00,2026-06-03 07:03,STOP_HIT,11,36.50,-20.00
FIXED_R65,2026-06-03,2026-06-03 06:59,UP,2026-06-03 07:12,LONG,30695.50,30675.50,2026-06-03 07:15,STOP_HIT,4,11.75,-20.00
FIXED_R65,2026-06-03,2026-06-03 11:27,UP,2026-06-03 11:43,LONG,30687.50,30667.50,2026-06-03 11:50,STOP_HIT,8,7.25,-20.00
FIXED_R65,2026-06-04,2026-06-03 14:00,UP,2026-06-03 14:10,LONG,30478.50,30458.50,2026-06-03 14:11,STOP_HIT,2,2.25,-20.00
FIXED_R65,2026-06-04,2026-06-03 14:02,DOWN,2026-06-03 14:17,SHORT,30433.25,30453.25,2026-06-03 14:25,STOP_HIT,9,27.75,-20.00
FIXED_R65,2026-06-04,2026-06-03 14:51,UP,2026-06-03 15:02,LONG,30446.00,30426.00,2026-06-03 15:03,STOP_HIT,2,4.75,-20.00
FIXED_R65,2026-06-04,2026-06-03 14:57,DOWN,2026-06-03 15:12,SHORT,30419.75,30439.75,2026-06-03 16:00,STOP_HIT,49,49.00,-20.00
FIXED_R65,2026-06-04,2026-06-03 15:47,UP,2026-06-03 16:11,LONG,30436.25,30416.25,2026-06-03 16:16,STOP_HIT,6,15.50,-20.00
FIXED_R65,2026-06-04,2026-06-03 17:12,DOWN,2026-06-03 18:23,SHORT,30399.00,30419.00,2026-06-03 18:26,STOP_HIT,4,8.50,-20.00
FIXED_R65,2026-06-04,2026-06-03 18:16,UP,2026-06-03 20:26,LONG,30493.50,30473.50,2026-06-03 21:08,STOP_HIT,43,14.75,-20.00
FIXED_R65,2026-06-04,2026-06-03 23:05,DOWN,2026-06-04 00:29,SHORT,30356.00,30376.00,2026-06-04 00:30,STOP_HIT,2,0.00,-20.00
FIXED_R65,2026-06-04,2026-06-04 06:07,UP,2026-06-04 06:44,LONG,30317.75,30297.75,2026-06-04 06:45,STOP_HIT,2,5.25,-20.00
FIXED_R65,2026-06-05,2026-06-04 14:00,DOWN,2026-06-04 14:24,SHORT,30356.00,30376.00,2026-06-04 15:24,TIME_LIMIT,61,67.00,56.75
FIXED_R65,2026-06-05,2026-06-04 17:26,UP,2026-06-04 19:24,LONG,30206.75,30186.75,2026-06-04 19:29,STOP_HIT,6,15.00,-20.00
FIXED_R65,2026-06-05,2026-06-04 18:36,DOWN,2026-06-04 20:00,SHORT,30163.25,30183.25,2026-06-04 20:06,STOP_HIT,7,7.25,-20.00
FIXED_R65,2026-06-05,2026-06-04 19:54,UP,2026-06-04 21:13,LONG,30196.50,30176.50,2026-06-04 21:52,STOP_HIT,40,31.75,-20.00
FIXED_R65,2026-06-05,2026-06-04 20:56,DOWN,2026-06-04 22:03,SHORT,30185.00,30205.00,2026-06-04 22:06,STOP_HIT,4,4.00,-20.00
FIXED_R65,2026-06-05,2026-06-05 00:30,DOWN,2026-06-05 00:54,SHORT,30160.75,30180.75,2026-06-05 01:13,STOP_HIT,20,12.75,-20.00
FIXED_R65,2026-06-05,2026-06-05 00:58,UP,2026-06-05 01:18,LONG,30210.75,30190.75,2026-06-05 01:27,STOP_HIT,10,12.25,-20.00
FIXED_R65,2026-06-05,2026-06-05 01:14,DOWN,2026-06-05 03:53,SHORT,30160.25,30180.25,2026-06-05 04:53,TIME_LIMIT,61,117.75,73.50
FIXED_R65,2026-06-08,2026-06-07 14:02,DOWN,2026-06-07 14:12,SHORT,28907.00,28927.00,2026-06-07 14:12,STOP_HIT,1,1.50,-20.00
FIXED_R65,2026-06-08,2026-06-07 14:56,UP,2026-06-07 15:21,LONG,28969.25,28949.25,2026-06-07 15:22,STOP_HIT,2,7.75,-20.00
FIXED_R65,2026-06-08,2026-06-07 22:30,DOWN,2026-06-07 22:40,SHORT,29077.75,29097.75,2026-06-07 22:43,STOP_HIT,4,11.00,-20.00
FIXED_R65,2026-06-08,2026-06-07 22:50,UP,2026-06-07 23:16,LONG,29135.75,29115.75,2026-06-08 00:16,TIME_LIMIT,61,145.25,82.75
FIXED_R65,2026-06-09,2026-06-08 14:00,DOWN,2026-06-08 14:10,SHORT,29386.50,29406.50,2026-06-08 14:55,STOP_HIT,46,65.25,-20.00
FIXED_R65,2026-06-09,2026-06-08 14:15,UP,2026-06-08 15:30,LONG,29431.00,29411.00,2026-06-08 15:47,STOP_HIT,18,51.00,-20.00
FIXED_R65,2026-06-09,2026-06-08 15:40,DOWN,2026-06-08 16:08,SHORT,29371.75,29391.75,2026-06-08 16:08,STOP_HIT,1,15.75,-20.00
FIXED_R65,2026-06-09,2026-06-08 16:56,UP,2026-06-08 17:25,LONG,29454.00,29434.00,2026-06-08 18:25,TIME_LIMIT,61,93.75,17.00
FIXED_R65,2026-06-09,2026-06-09 11:48,UP,2026-06-09 11:58,LONG,29096.25,29076.25,2026-06-09 12:58,TIME_LIMIT,61,100.00,41.25
FIXED_R65,2026-06-10,2026-06-09 14:01,DOWN,2026-06-09 14:11,SHORT,29071.50,29091.50,2026-06-09 14:15,STOP_HIT,5,3.50,-20.00
FIXED_R65,2026-06-10,2026-06-09 14:02,UP,2026-06-09 14:16,LONG,29104.50,29084.50,2026-06-09 14:17,STOP_HIT,2,10.50,-20.00
FIXED_R65,2026-06-10,2026-06-09 14:15,DOWN,2026-06-09 14:35,SHORT,29049.75,29069.75,2026-06-09 15:03,STOP_HIT,29,67.75,-20.00
FIXED_R65,2026-06-10,2026-06-09 15:08,DOWN,2026-06-09 15:18,SHORT,29029.00,29049.00,2026-06-09 15:53,STOP_HIT,36,48.75,-20.00
FIXED_R65,2026-06-10,2026-06-09 15:37,UP,2026-06-09 15:57,LONG,29052.00,29032.00,2026-06-09 16:33,STOP_HIT,37,117.00,-20.00
FIXED_R65,2026-06-10,2026-06-09 16:44,UP,2026-06-09 17:03,LONG,29075.00,29055.00,2026-06-09 17:06,STOP_HIT,4,25.50,-20.00
FIXED_R65,2026-06-10,2026-06-09 17:30,UP,2026-06-09 17:40,LONG,29069.50,29049.50,2026-06-09 17:42,STOP_HIT,3,4.50,-20.00
FIXED_R65,2026-06-10,2026-06-09 17:35,DOWN,2026-06-09 17:45,SHORT,29027.50,29047.50,2026-06-09 17:45,STOP_HIT,1,0.25,-20.00
FIXED_R65,2026-06-10,2026-06-10 04:40,UP,2026-06-10 04:50,LONG,28942.25,28922.25,2026-06-10 04:50,STOP_HIT,1,2.00,-20.00
FIXED_R65,2026-06-10,2026-06-10 04:41,DOWN,2026-06-10 04:53,SHORT,28875.00,28895.00,2026-06-10 04:54,STOP_HIT,2,10.00,-20.00
FIXED_R65,2026-06-11,2026-06-10 14:00,DOWN,2026-06-10 14:10,SHORT,28368.50,28388.50,2026-06-10 14:10,STOP_HIT,1,0.00,-20.00
FIXED_R65,2026-06-11,2026-06-10 14:12,UP,2026-06-10 14:31,LONG,28435.75,28415.75,2026-06-10 14:35,STOP_HIT,5,12.75,-20.00
FIXED_R65,2026-06-11,2026-06-10 15:21,UP,2026-06-10 15:41,LONG,28400.75,28380.75,2026-06-10 15:49,STOP_HIT,9,46.00,-20.00
FIXED_R65,2026-06-11,2026-06-10 15:42,DOWN,2026-06-10 16:10,SHORT,28347.00,28367.00,2026-06-10 16:12,STOP_HIT,3,10.50,-20.00
FIXED_R65,2026-06-12,2026-06-11 14:00,UP,2026-06-11 14:10,LONG,29496.75,29476.75,2026-06-11 15:10,TIME_LIMIT,61,89.75,38.75
FIXED_R65,2026-06-12,2026-06-11 15:27,UP,2026-06-11 15:37,LONG,29544.00,29524.00,2026-06-11 16:37,TIME_LIMIT,61,101.50,82.25
FIXED_R65,2026-06-12,2026-06-11 16:36,DOWN,2026-06-11 17:30,SHORT,29483.25,29503.25,2026-06-11 17:30,STOP_HIT,1,1.75,-20.00
FIXED_R65,2026-06-12,2026-06-11 17:38,UP,2026-06-11 18:19,LONG,29547.25,29527.25,2026-06-11 18:27,STOP_HIT,9,18.50,-20.00
FIXED_R65,2026-06-12,2026-06-11 18:00,DOWN,2026-06-11 18:42,SHORT,29537.50,29557.50,2026-06-11 18:45,STOP_HIT,4,5.50,-20.00
FIXED_R65,2026-06-12,2026-06-11 18:35,UP,2026-06-11 18:50,LONG,29560.75,29540.75,2026-06-11 19:02,STOP_HIT,13,15.25,-20.00
FIXED_R65,2026-06-12,2026-06-11 18:54,DOWN,2026-06-11 19:13,SHORT,29518.50,29538.50,2026-06-11 19:31,STOP_HIT,19,29.75,-20.00
FIXED_R65,2026-06-12,2026-06-12 00:22,DOWN,2026-06-12 00:43,SHORT,29459.00,29479.00,2026-06-12 00:47,STOP_HIT,5,11.25,-20.00
FIXED_R65,2026-06-12,2026-06-12 00:40,UP,2026-06-12 01:25,LONG,29576.75,29556.75,2026-06-12 02:25,TIME_LIMIT,61,98.25,-16.50
FIXED_R65,2026-06-12,2026-06-12 03:55,DOWN,2026-06-12 04:47,SHORT,29479.00,29499.00,2026-06-12 05:29,STOP_HIT,43,125.00,-20.00
FIXED_R65,2026-06-16,2026-06-15 14:01,DOWN,2026-06-15 14:13,SHORT,30795.50,30815.50,2026-06-15 14:51,STOP_HIT,39,40.50,-20.00
FIXED_R65,2026-06-16,2026-06-15 14:28,UP,2026-06-15 15:26,LONG,30816.00,30796.00,2026-06-15 16:03,STOP_HIT,38,30.50,-20.00
FIXED_R65,2026-06-16,2026-06-15 16:31,DOWN,2026-06-15 16:50,SHORT,30788.25,30808.25,2026-06-15 17:50,TIME_LIMIT,61,32.75,-11.50
FIXED_R65,2026-06-16,2026-06-16 03:20,DOWN,2026-06-16 05:32,SHORT,30784.00,30804.00,2026-06-16 05:33,STOP_HIT,2,23.75,-20.00
FIXED_R65,2026-06-16,2026-06-16 05:34,UP,2026-06-16 05:44,LONG,30846.25,30826.25,2026-06-16 05:44,STOP_HIT,1,3.75,-20.00
FIXED_R65,2026-06-16,2026-06-16 05:55,DOWN,2026-06-16 06:05,SHORT,30831.00,30851.00,2026-06-16 06:08,STOP_HIT,4,28.25,-20.00
FIXED_R65,2026-06-16,2026-06-16 06:03,UP,2026-06-16 06:13,LONG,30834.50,30814.50,2026-06-16 06:14,STOP_HIT,2,12.25,-20.00
FIXED_R65,2026-06-16,2026-06-16 06:08,DOWN,2026-06-16 06:18,SHORT,30779.50,30799.50,2026-06-16 07:18,TIME_LIMIT,61,217.00,165.75
FIXED_R65,2026-06-17,2026-06-16 14:00,UP,2026-06-16 14:11,LONG,30367.50,30347.50,2026-06-16 14:21,STOP_HIT,11,4.25,-20.00
FIXED_R65,2026-06-17,2026-06-16 15:50,UP,2026-06-16 16:12,LONG,30371.00,30351.00,2026-06-16 17:12,TIME_LIMIT,61,38.25,36.75
FIXED_R65,2026-06-17,2026-06-17 02:07,UP,2026-06-17 02:45,LONG,30485.00,30465.00,2026-06-17 02:58,STOP_HIT,14,14.25,-20.00
FIXED_R65,2026-06-17,2026-06-17 02:51,DOWN,2026-06-17 03:49,SHORT,30423.25,30443.25,2026-06-17 04:06,STOP_HIT,18,35.50,-20.00
FIXED_R65,2026-06-17,2026-06-17 03:57,UP,2026-06-17 04:30,LONG,30464.00,30444.00,2026-06-17 05:30,TIME_LIMIT,61,70.75,14.25
FIXED_R65,2026-06-17,2026-06-17 05:29,DOWN,2026-06-17 05:39,SHORT,30408.25,30428.25,2026-06-17 05:40,STOP_HIT,2,10.00,-20.00
FIXED_R65,2026-06-17,2026-06-17 05:45,DOWN,2026-06-17 05:57,SHORT,30413.00,30433.00,2026-06-17 06:12,STOP_HIT,16,93.00,-20.00
FIXED_R65,2026-06-17,2026-06-17 06:10,UP,2026-06-17 06:22,LONG,30479.50,30459.50,2026-06-17 06:31,STOP_HIT,10,66.25,-20.00
FIXED_R65,2026-06-17,2026-06-17 06:24,DOWN,2026-06-17 06:43,SHORT,30426.00,30446.00,2026-06-17 06:43,STOP_HIT,1,2.50,-20.00
FIXED_R65,2026-06-17,2026-06-17 07:25,UP,2026-06-17 08:27,LONG,30461.75,30441.75,2026-06-17 08:33,STOP_HIT,7,10.25,-20.00
FIXED_R65,2026-06-17,2026-06-17 08:02,DOWN,2026-06-17 08:46,SHORT,30414.75,30434.75,2026-06-17 09:46,TIME_LIMIT,61,88.25,24.75
FIXED_R65,2026-06-17,2026-06-17 10:47,DOWN,2026-06-17 10:58,SHORT,30298.50,30318.50,2026-06-17 11:00,STOP_HIT,3,78.00,-20.00
FIXED_R65,2026-06-19,2026-06-18 14:00,DOWN,2026-06-18 14:20,SHORT,30694.50,30714.50,2026-06-18 15:20,TIME_LIMIT,61,44.50,14.25
FIXED_R65,2026-06-19,2026-06-19 01:00,DOWN,2026-06-19 03:16,SHORT,30570.00,30590.00,2026-06-19 03:40,STOP_HIT,25,18.75,-20.00
FIXED_R65,2026-06-19,2026-06-19 04:37,UP,2026-06-19 04:55,LONG,30636.50,30616.50,2026-06-19 05:55,TIME_LIMIT,61,43.50,38.75
FIXED_R65,2026-06-22,2026-06-21 15:59,UP,2026-06-21 16:14,LONG,30482.25,30462.25,2026-06-21 17:14,TIME_LIMIT,61,166.50,147.50
FIXED_R65,2026-06-22,2026-06-21 19:31,DOWN,2026-06-21 20:47,SHORT,30562.75,30582.75,2026-06-21 20:51,STOP_HIT,5,2.25,-20.00
FIXED_R65,2026-06-22,2026-06-22 11:08,UP,2026-06-22 12:22,LONG,30662.25,30642.25,2026-06-22 12:59,TIME_EXPIRED,38,10.50,0.25
FIXED_R65,2026-06-23,2026-06-22 14:02,DOWN,2026-06-22 14:30,SHORT,30640.00,30660.00,2026-06-22 15:30,TIME_LIMIT,61,95.00,65.50
FIXED_R65,2026-06-23,2026-06-22 16:24,UP,2026-06-22 17:04,LONG,30608.25,30588.25,2026-06-22 17:06,STOP_HIT,3,8.00,-20.00
FIXED_R65,2026-06-23,2026-06-22 16:45,DOWN,2026-06-22 17:46,SHORT,30460.50,30480.50,2026-06-22 17:58,STOP_HIT,13,54.50,-20.00
FIXED_R65,2026-06-23,2026-06-23 08:20,UP,2026-06-23 08:30,LONG,29877.25,29857.25,2026-06-23 08:31,STOP_HIT,2,12.00,-20.00
FIXED_R65,2026-06-23,2026-06-23 08:24,DOWN,2026-06-23 08:35,SHORT,29848.50,29868.50,2026-06-23 08:36,STOP_HIT,2,10.75,-20.00
FIXED_R65,2026-06-23,2026-06-23 08:34,UP,2026-06-23 08:46,LONG,29887.75,29867.75,2026-06-23 08:47,STOP_HIT,2,4.75,-20.00
FIXED_R65,2026-06-24,2026-06-23 17:54,DOWN,2026-06-23 18:51,SHORT,29673.75,29693.75,2026-06-23 19:10,STOP_HIT,20,57.25,-20.00
FIXED_R65,2026-06-24,2026-06-23 20:22,UP,2026-06-23 21:00,LONG,29784.50,29764.50,2026-06-23 22:00,TIME_LIMIT,61,99.75,26.00
FIXED_R65,2026-06-24,2026-06-23 23:47,DOWN,2026-06-24 00:01,SHORT,29768.75,29788.75,2026-06-24 00:01,STOP_HIT,1,1.50,-20.00
FIXED_R65,2026-06-24,2026-06-24 01:45,UP,2026-06-24 02:18,LONG,29818.25,29798.25,2026-06-24 02:23,STOP_HIT,6,0.00,-20.00
FIXED_R65,2026-06-24,2026-06-24 02:44,DOWN,2026-06-24 03:12,SHORT,29781.50,29801.50,2026-06-24 03:36,STOP_HIT,25,47.50,-20.00
FIXED_R65,2026-06-24,2026-06-24 03:20,UP,2026-06-24 03:48,LONG,29803.00,29783.00,2026-06-24 04:48,TIME_LIMIT,61,69.75,-13.25
FIXED_R65,2026-06-24,2026-06-24 04:20,DOWN,2026-06-24 05:01,SHORT,29756.25,29776.25,2026-06-24 05:02,STOP_HIT,2,3.50,-20.00
FIXED_R65,2026-06-24,2026-06-24 07:30,DOWN,2026-06-24 07:48,SHORT,29717.50,29737.50,2026-06-24 07:48,STOP_HIT,1,7.50,-20.00
FIXED_R65,2026-06-24,2026-06-24 07:53,DOWN,2026-06-24 08:08,SHORT,29762.25,29782.25,2026-06-24 08:10,STOP_HIT,3,20.25,-20.00
FIXED_R65,2026-06-24,2026-06-24 08:11,DOWN,2026-06-24 08:35,SHORT,29713.25,29733.25,2026-06-24 08:35,STOP_HIT,1,1.75,-20.00
FIXED_R65,2026-06-25,2026-06-24 14:01,DOWN,2026-06-24 14:12,SHORT,30094.75,30114.75,2026-06-24 15:12,TIME_LIMIT,61,48.50,41.25
FIXED_R65,2026-06-25,2026-06-24 14:57,UP,2026-06-24 15:39,LONG,30109.75,30089.75,2026-06-24 15:51,STOP_HIT,13,25.50,-20.00
FIXED_R65,2026-06-25,2026-06-24 15:46,DOWN,2026-06-24 16:24,SHORT,30079.25,30099.25,2026-06-24 17:24,TIME_LIMIT,61,143.25,101.00
FIXED_R65,2026-06-25,2026-06-24 18:16,UP,2026-06-24 22:58,LONG,30104.25,30084.25,2026-06-24 23:58,TIME_LIMIT,61,82.25,72.50
FIXED_R65,2026-06-25,2026-06-25 07:46,DOWN,2026-06-25 07:59,SHORT,29671.25,29691.25,2026-06-25 08:05,STOP_HIT,7,27.50,-20.00
FIXED_R65,2026-06-25,2026-06-25 08:56,UP,2026-06-25 09:11,LONG,29744.00,29724.00,2026-06-25 09:19,STOP_HIT,9,67.00,-20.00
FIXED_R65,2026-06-25,2026-06-25 09:41,DOWN,2026-06-25 09:51,SHORT,29700.25,29720.25,2026-06-25 09:53,STOP_HIT,3,11.50,-20.00
FIXED_R65,2026-06-25,2026-06-25 10:52,DOWN,2026-06-25 11:10,SHORT,29706.75,29726.75,2026-06-25 11:59,STOP_HIT,50,90.50,-20.00
FIXED_R65,2026-06-26,2026-06-25 14:00,DOWN,2026-06-25 14:10,SHORT,29667.25,29687.25,2026-06-25 14:56,STOP_HIT,47,61.75,-20.00
FIXED_R65,2026-06-26,2026-06-25 14:30,UP,2026-06-25 14:53,LONG,29669.00,29649.00,2026-06-25 15:53,TIME_LIMIT,61,223.75,20.50
FIXED_R65,2026-06-26,2026-06-25 15:56,UP,2026-06-25 16:06,LONG,29752.00,29732.00,2026-06-25 16:12,STOP_HIT,7,20.75,-20.00
FIXED_R65,2026-06-26,2026-06-25 16:09,DOWN,2026-06-25 16:32,SHORT,29687.25,29707.25,2026-06-25 17:32,TIME_LIMIT,61,121.50,111.00
FIXED_R65,2026-06-26,2026-06-25 23:32,DOWN,2026-06-26 01:16,SHORT,29400.00,29420.00,2026-06-26 01:40,STOP_HIT,25,56.00,-20.00
FIXED_R65,2026-06-26,2026-06-26 09:30,DOWN,2026-06-26 11:00,SHORT,29417.00,29437.00,2026-06-26 11:00,STOP_HIT,1,9.00,-20.00
FIXED_R65,2026-06-29,2026-06-28 14:01,UP,2026-06-28 14:16,LONG,29534.75,29514.75,2026-06-28 14:20,STOP_HIT,5,25.00,-20.00
FIXED_R65,2026-06-29,2026-06-28 17:30,UP,2026-06-28 17:44,LONG,29543.75,29523.75,2026-06-28 17:45,STOP_HIT,2,10.50,-20.00
FIXED_R65,2026-06-29,2026-06-28 17:42,DOWN,2026-06-28 18:16,SHORT,29414.00,29434.00,2026-06-28 18:18,STOP_HIT,3,8.00,-20.00
FIXED_R65,2026-06-29,2026-06-28 18:15,UP,2026-06-28 18:53,LONG,29521.25,29501.25,2026-06-28 19:35,STOP_HIT,43,57.75,-20.00
FIXED_R65,2026-06-29,2026-06-28 19:38,UP,2026-06-28 19:50,LONG,29555.50,29535.50,2026-06-28 20:21,STOP_HIT,32,50.25,-20.00
FIXED_R65,2026-06-29,2026-06-28 21:05,UP,2026-06-28 21:27,LONG,29534.75,29514.75,2026-06-28 22:27,TIME_LIMIT,61,142.00,103.75
FIXED_R65,2026-06-29,2026-06-29 06:38,DOWN,2026-06-29 06:48,SHORT,29511.25,29531.25,2026-06-29 06:48,STOP_HIT,1,14.00,-20.00
FIXED_R65,2026-06-30,2026-06-29 14:02,UP,2026-06-29 14:21,LONG,30028.50,30008.50,2026-06-29 14:29,STOP_HIT,9,5.50,-20.00
FIXED_R65,2026-06-30,2026-06-29 16:17,DOWN,2026-06-29 16:31,SHORT,29971.00,29991.00,2026-06-29 16:48,STOP_HIT,18,36.25,-20.00
FIXED_R65,2026-06-30,2026-06-29 17:13,UP,2026-06-29 17:32,LONG,30066.75,30046.75,2026-06-29 17:35,STOP_HIT,4,12.50,-20.00
FIXED_R65,2026-06-30,2026-06-30 00:30,DOWN,2026-06-30 00:41,SHORT,30036.00,30056.00,2026-06-30 00:54,STOP_HIT,14,13.75,-20.00
FIXED_R65,2026-06-30,2026-06-30 00:40,UP,2026-06-30 01:18,LONG,30081.50,30061.50,2026-06-30 01:29,STOP_HIT,12,2.25,-20.00
FIXED_R65,2026-06-30,2026-06-30 03:51,DOWN,2026-06-30 04:34,SHORT,30018.75,30038.75,2026-06-30 04:37,STOP_HIT,4,11.25,-20.00
FIXED_R65,2026-07-01,2026-06-30 16:00,DOWN,2026-06-30 17:11,SHORT,30492.00,30512.00,2026-06-30 18:11,TIME_LIMIT,61,98.50,96.00
FIXED_R65,2026-07-01,2026-07-01 06:12,DOWN,2026-07-01 06:22,SHORT,30296.25,30316.25,2026-07-01 07:20,STOP_HIT,59,159.00,-20.00
FIXED_R65,2026-07-01,2026-07-01 07:09,UP,2026-07-01 07:20,LONG,30298.50,30278.50,2026-07-01 07:41,STOP_HIT,22,58.00,-20.00
FIXED_R65,2026-07-01,2026-07-01 07:31,DOWN,2026-07-01 08:04,SHORT,30256.50,30276.50,2026-07-01 08:23,STOP_HIT,20,39.25,-20.00
FIXED_R65,2026-07-02,2026-07-01 14:17,UP,2026-07-01 14:59,LONG,30109.50,30089.50,2026-07-01 15:05,STOP_HIT,7,3.50,-20.00
FIXED_R65,2026-07-02,2026-07-01 16:36,DOWN,2026-07-01 16:46,SHORT,30012.75,30032.75,2026-07-01 16:46,STOP_HIT,1,1.25,-20.00
FIXED_R65,2026-07-02,2026-07-01 16:45,UP,2026-07-01 16:55,LONG,30095.50,30075.50,2026-07-01 17:55,TIME_LIMIT,61,133.50,106.50
FIXED_R65,2026-07-02,2026-07-01 20:49,UP,2026-07-01 21:01,LONG,30097.75,30077.75,2026-07-01 21:35,STOP_HIT,35,62.00,-20.00
FIXED_R65,2026-07-02,2026-07-01 21:15,DOWN,2026-07-01 21:41,SHORT,30058.00,30078.00,2026-07-01 22:41,TIME_LIMIT,61,111.00,74.25
FIXED_R65,2026-07-03,2026-07-02 14:56,DOWN,2026-07-02 15:14,SHORT,29557.75,29577.75,2026-07-02 15:16,STOP_HIT,3,1.00,-20.00
FIXED_R65,2026-07-03,2026-07-02 15:19,UP,2026-07-02 15:35,LONG,29613.75,29593.75,2026-07-02 15:39,STOP_HIT,5,3.00,-20.00
FIXED_R65,2026-07-03,2026-07-02 16:00,DOWN,2026-07-02 16:10,SHORT,29552.25,29572.25,2026-07-02 16:12,STOP_HIT,3,11.25,-20.00
FIXED_R65,2026-07-03,2026-07-02 16:10,UP,2026-07-02 16:20,LONG,29591.75,29571.75,2026-07-02 16:25,STOP_HIT,6,18.25,-20.00
FIXED_R65,2026-07-03,2026-07-02 16:15,DOWN,2026-07-02 16:31,SHORT,29539.75,29559.75,2026-07-02 16:31,STOP_HIT,1,5.75,-20.00
FIXED_R65,2026-07-06,2026-07-05 14:00,DOWN,2026-07-05 14:10,SHORT,29881.75,29901.75,2026-07-05 14:14,STOP_HIT,5,7.25,-20.00
FIXED_R65,2026-07-06,2026-07-05 14:05,UP,2026-07-05 14:37,LONG,29959.75,29939.75,2026-07-05 15:00,STOP_HIT,24,19.25,-20.00
FIXED_R65,2026-07-06,2026-07-05 16:02,UP,2026-07-05 16:15,LONG,29982.50,29962.50,2026-07-05 16:22,STOP_HIT,8,22.25,-20.00
FIXED_R65,2026-07-06,2026-07-05 21:34,UP,2026-07-05 23:25,LONG,29836.50,29816.50,2026-07-05 23:30,STOP_HIT,6,3.25,-20.00
FIXED_R65,2026-07-06,2026-07-06 00:16,UP,2026-07-06 01:02,LONG,29868.75,29848.75,2026-07-06 01:11,STOP_HIT,10,6.25,-20.00
FIXED_R65,2026-07-06,2026-07-06 05:00,DOWN,2026-07-06 05:23,SHORT,29845.50,29865.50,2026-07-06 05:30,STOP_HIT,8,69.25,-20.00
FIXED_R65,2026-07-06,2026-07-06 09:42,UP,2026-07-06 10:42,LONG,29975.25,29955.25,2026-07-06 11:42,TIME_LIMIT,61,76.75,43.50
FIXED_R65,2026-07-06,2026-07-06 11:24,DOWN,2026-07-06 12:03,SHORT,29960.00,29980.00,2026-07-06 12:59,TIME_EXPIRED,57,28.75,12.25
FIXED_R65,2026-07-07,2026-07-06 14:21,DOWN,2026-07-06 14:54,SHORT,29907.00,29927.00,2026-07-06 15:03,STOP_HIT,10,18.00,-20.00
FIXED_R65,2026-07-07,2026-07-07 04:10,DOWN,2026-07-07 04:49,SHORT,29638.25,29658.25,2026-07-07 05:30,STOP_HIT,42,69.00,-20.00
FIXED_R65,2026-07-07,2026-07-07 09:08,DOWN,2026-07-07 11:13,SHORT,29326.00,29346.00,2026-07-07 11:13,STOP_HIT,1,2.50,-20.00
FIXED_R65,2026-07-08,2026-07-07 14:00,UP,2026-07-07 14:18,LONG,29380.75,29360.75,2026-07-07 15:11,STOP_HIT,54,19.25,-20.00
FIXED_R65,2026-07-08,2026-07-07 16:00,UP,2026-07-07 16:16,LONG,29421.75,29401.75,2026-07-07 16:17,STOP_HIT,2,9.75,-20.00
FIXED_R65,2026-07-08,2026-07-07 18:12,UP,2026-07-07 18:27,LONG,29453.75,29433.75,2026-07-07 18:28,STOP_HIT,2,0.00,-20.00
FIXED_R65,2026-07-08,2026-07-07 19:31,DOWN,2026-07-07 21:03,SHORT,29408.75,29428.75,2026-07-07 21:06,STOP_HIT,4,9.50,-20.00
FIXED_R65,2026-07-09,2026-07-08 15:20,UP,2026-07-08 15:36,LONG,29482.75,29462.75,2026-07-08 15:36,STOP_HIT,1,1.75,-20.00
FIXED_R65,2026-07-09,2026-07-08 17:20,DOWN,2026-07-08 17:57,SHORT,29453.50,29473.50,2026-07-08 18:07,STOP_HIT,11,27.50,-20.00
FIXED_R65,2026-07-09,2026-07-08 18:02,UP,2026-07-08 18:17,LONG,29529.75,29509.75,2026-07-08 18:35,STOP_HIT,19,49.25,-20.00
FIXED_R65,2026-07-09,2026-07-08 18:21,DOWN,2026-07-08 18:49,SHORT,29451.00,29471.00,2026-07-08 19:27,STOP_HIT,39,54.50,-20.00
FIXED_R65,2026-07-09,2026-07-08 19:19,UP,2026-07-08 20:02,LONG,29515.00,29495.00,2026-07-08 20:11,STOP_HIT,10,3.00,-20.00
FIXED_R65,2026-07-10,2026-07-09 15:26,DOWN,2026-07-09 16:03,SHORT,29905.00,29925.00,2026-07-09 17:03,TIME_LIMIT,61,100.75,65.50
FIXED_R65,2026-07-10,2026-07-09 17:51,DOWN,2026-07-09 18:23,SHORT,29857.75,29877.75,2026-07-09 18:26,STOP_HIT,4,3.50,-20.00
FIXED_R65,2026-07-10,2026-07-09 19:07,DOWN,2026-07-09 22:03,SHORT,29850.25,29870.25,2026-07-09 23:03,TIME_LIMIT,61,75.00,33.75
FIXED_R65,2026-07-10,2026-07-10 03:16,DOWN,2026-07-10 03:35,SHORT,29836.75,29856.75,2026-07-10 04:13,STOP_HIT,39,65.50,-20.00
FIXED_R65,2026-07-10,2026-07-10 05:04,UP,2026-07-10 05:33,LONG,29912.75,29892.75,2026-07-10 05:36,STOP_HIT,4,21.00,-20.00
FIXED_R65,2026-07-10,2026-07-10 07:05,UP,2026-07-10 07:17,LONG,29939.75,29919.75,2026-07-10 07:19,STOP_HIT,3,4.50,-20.00
FIXED_R65,2026-07-10,2026-07-10 07:42,UP,2026-07-10 07:52,LONG,29907.00,29887.00,2026-07-10 08:52,TIME_LIMIT,61,136.25,134.00
FIXED_R65,2026-07-13,2026-07-12 14:01,DOWN,2026-07-12 14:15,SHORT,29866.25,29886.25,2026-07-12 14:15,STOP_HIT,1,0.00,-20.00
FIXED_R65,2026-07-13,2026-07-12 15:47,UP,2026-07-12 16:04,LONG,29957.75,29937.75,2026-07-12 16:31,STOP_HIT,28,83.25,-20.00
FIXED_R65,2026-07-13,2026-07-12 16:10,DOWN,2026-07-12 17:04,SHORT,29840.00,29860.00,2026-07-12 18:04,TIME_LIMIT,61,113.00,91.75
FIXED_R65,2026-07-13,2026-07-13 03:06,DOWN,2026-07-13 04:05,SHORT,29728.75,29748.75,2026-07-13 04:10,STOP_HIT,6,18.50,-20.00
FIXED_R65,2026-07-13,2026-07-13 06:30,DOWN,2026-07-13 06:47,SHORT,29643.00,29663.00,2026-07-13 06:48,STOP_HIT,2,8.75,-20.00
FIXED_R65,2026-07-13,2026-07-13 07:24,DOWN,2026-07-13 07:49,SHORT,29623.25,29643.25,2026-07-13 08:49,TIME_LIMIT,61,162.50,111.00
FIXED_R65,2026-07-14,2026-07-13 14:00,DOWN,2026-07-13 14:55,SHORT,29412.25,29432.25,2026-07-13 15:55,TIME_LIMIT,61,85.00,28.00
FIXED_R65,2026-07-14,2026-07-13 15:45,UP,2026-07-13 16:03,LONG,29405.00,29385.00,2026-07-13 16:03,STOP_HIT,1,11.25,-20.00
FIXED_R65,2026-07-14,2026-07-13 18:35,UP,2026-07-13 18:49,LONG,29432.50,29412.50,2026-07-13 18:52,STOP_HIT,4,13.50,-20.00
FIXED_R65,2026-07-14,2026-07-13 18:44,DOWN,2026-07-13 18:54,SHORT,29394.00,29414.00,2026-07-13 19:52,STOP_HIT,59,90.50,-20.00
FIXED_R65,2026-07-14,2026-07-13 20:12,UP,2026-07-13 20:28,LONG,29447.50,29427.50,2026-07-13 21:28,TIME_LIMIT,61,162.50,151.50
FIXED_R65,2026-07-15,2026-07-14 14:11,UP,2026-07-14 15:26,LONG,29852.25,29832.25,2026-07-14 16:26,TIME_LIMIT,61,85.75,57.00
FIXED_R65,2026-07-15,2026-07-14 23:27,UP,2026-07-14 23:49,LONG,29997.25,29977.25,2026-07-15 00:00,STOP_HIT,12,8.00,-20.00
FIXED_R65,2026-07-15,2026-07-14 23:53,DOWN,2026-07-15 00:05,SHORT,29933.00,29953.00,2026-07-15 01:05,TIME_LIMIT,61,61.00,-17.75
FIXED_R65,2026-07-15,2026-07-15 04:25,UP,2026-07-15 04:35,LONG,29941.75,29921.75,2026-07-15 05:31,STOP_HIT,57,58.00,-20.00
FIXED_R65,2026-07-15,2026-07-15 05:07,DOWN,2026-07-15 05:32,SHORT,29941.75,29961.75,2026-07-15 05:35,STOP_HIT,4,31.25,-20.00
FIXED_R65,2026-07-15,2026-07-15 10:23,DOWN,2026-07-15 10:47,SHORT,29641.50,29661.50,2026-07-15 11:04,STOP_HIT,18,46.50,-20.00
FIXED_R65,2026-07-16,2026-07-15 14:06,DOWN,2026-07-15 14:50,SHORT,29682.00,29702.00,2026-07-15 14:54,STOP_HIT,5,2.75,-20.00
FIXED_R65,2026-07-16,2026-07-15 14:55,UP,2026-07-15 16:03,LONG,29737.50,29717.50,2026-07-15 16:16,STOP_HIT,14,25.75,-20.00
FIXED_R65,2026-07-16,2026-07-15 18:03,UP,2026-07-15 18:43,LONG,29685.00,29665.00,2026-07-15 19:43,TIME_LIMIT,61,66.75,38.50
FIXED_R65,2026-07-16,2026-07-15 21:30,DOWN,2026-07-15 21:52,SHORT,29686.75,29706.75,2026-07-15 22:00,STOP_HIT,9,8.25,-20.00
FIXED_R65,2026-07-16,2026-07-15 22:17,DOWN,2026-07-15 22:31,SHORT,29689.75,29709.75,2026-07-15 23:31,TIME_LIMIT,61,78.00,68.75
FIXED_R65,2026-07-16,2026-07-16 06:22,UP,2026-07-16 06:38,LONG,29490.50,29470.50,2026-07-16 06:38,STOP_HIT,1,8.25,-20.00
FIXED_R65,2026-07-16,2026-07-16 06:37,DOWN,2026-07-16 06:47,SHORT,29458.25,29478.25,2026-07-16 06:47,STOP_HIT,1,9.50,-20.00
FIXED_R65,2026-07-17,2026-07-16 14:04,DOWN,2026-07-16 14:33,SHORT,29156.75,29176.75,2026-07-16 15:33,TIME_LIMIT,61,89.75,86.25
FIXED_R65,2026-07-17,2026-07-17 02:41,DOWN,2026-07-17 03:05,SHORT,28761.50,28781.50,2026-07-17 03:05,STOP_HIT,1,3.75,-20.00
FIXED_R65,2026-07-17,2026-07-17 06:47,DOWN,2026-07-17 07:03,SHORT,28716.50,28736.50,2026-07-17 07:10,STOP_HIT,8,39.75,-20.00
FIXED_R65,2026-07-17,2026-07-17 07:24,UP,2026-07-17 07:35,LONG,28753.75,28733.75,2026-07-17 07:35,STOP_HIT,1,2.50,-20.00
FIXED_R65,2026-07-17,2026-07-17 10:55,DOWN,2026-07-17 11:20,SHORT,28767.25,28787.25,2026-07-17 11:28,STOP_HIT,9,48.75,-20.00
FIXED_R65,2026-07-17,2026-07-17 11:30,DOWN,2026-07-17 11:40,SHORT,28767.75,28787.75,2026-07-17 11:41,STOP_HIT,2,14.00,-20.00
FIXED_R65,2026-07-17,2026-07-17 11:40,UP,2026-07-17 11:51,LONG,28820.00,28800.00,2026-07-17 11:59,STOP_HIT,9,33.50,-20.00
FIXED_R65,2026-07-17,2026-07-17 11:51,DOWN,2026-07-17 12:03,SHORT,28740.50,28760.50,2026-07-17 12:31,STOP_HIT,29,28.00,-20.00
FIXED_R65,2026-07-20,2026-07-19 14:01,DOWN,2026-07-19 14:11,SHORT,28720.00,28740.00,2026-07-19 14:15,STOP_HIT,5,10.25,-20.00
FIXED_R65,2026-07-20,2026-07-19 14:14,UP,2026-07-19 14:32,LONG,28766.25,28746.25,2026-07-19 15:32,TIME_LIMIT,61,84.75,49.25
FIXED_R65,2026-07-20,2026-07-19 17:10,DOWN,2026-07-19 17:42,SHORT,28816.75,28836.75,2026-07-19 18:00,STOP_HIT,19,54.00,-20.00
FIXED_R65,2026-07-20,2026-07-19 17:56,UP,2026-07-19 18:06,LONG,28875.00,28855.00,2026-07-19 18:11,STOP_HIT,6,14.00,-20.00
FIXED_R65,2026-07-20,2026-07-19 18:06,DOWN,2026-07-19 18:24,SHORT,28798.00,28818.00,2026-07-19 18:28,STOP_HIT,5,5.00,-20.00
FIXED_R65,2026-07-20,2026-07-19 20:51,DOWN,2026-07-19 21:14,SHORT,28856.00,28876.00,2026-07-19 22:14,TIME_LIMIT,61,74.25,70.50
FIXED_R65,2026-07-20,2026-07-19 22:35,UP,2026-07-20 00:00,LONG,28908.25,28888.25,2026-07-20 00:30,STOP_HIT,31,31.50,-20.00
FIXED_R65,2026-07-20,2026-07-20 06:04,DOWN,2026-07-20 06:14,SHORT,28967.50,28987.50,2026-07-20 06:14,STOP_HIT,1,4.25,-20.00
FIXED_R65,2026-07-20,2026-07-20 06:30,DOWN,2026-07-20 06:46,SHORT,28974.25,28994.25,2026-07-20 06:46,STOP_HIT,1,0.75,-20.00
FIXED_R65,2026-07-20,2026-07-20 07:05,UP,2026-07-20 07:30,LONG,29015.75,28995.75,2026-07-20 07:40,STOP_HIT,11,15.25,-20.00
FIXED_R65,2026-07-20,2026-07-20 08:41,DOWN,2026-07-20 09:04,SHORT,28969.00,28989.00,2026-07-20 10:01,STOP_HIT,58,68.25,-20.00
FIXED_R65,2026-07-21,2026-07-20 14:00,DOWN,2026-07-20 14:10,SHORT,28728.75,28748.75,2026-07-20 15:07,STOP_HIT,58,27.75,-20.00
FIXED_R65,2026-07-21,2026-07-20 14:34,UP,2026-07-20 15:09,LONG,28765.75,28745.75,2026-07-20 16:00,STOP_HIT,52,66.75,-20.00
FIXED_R65,2026-07-21,2026-07-20 15:45,DOWN,2026-07-20 16:16,SHORT,28721.50,28741.50,2026-07-20 16:17,STOP_HIT,2,12.50,-20.00
FIXED_R65,2026-07-21,2026-07-20 16:07,UP,2026-07-20 16:27,LONG,28804.00,28784.00,2026-07-20 17:27,TIME_LIMIT,61,108.50,82.25
FIXED_R65,2026-07-22,2026-07-21 14:48,UP,2026-07-21 16:03,LONG,29317.75,29297.75,2026-07-21 16:26,STOP_HIT,24,19.25,-20.00
FIXED_R65,2026-07-22,2026-07-21 16:11,DOWN,2026-07-21 16:47,SHORT,29267.50,29287.50,2026-07-21 16:57,STOP_HIT,11,9.25,-20.00
FIXED_R65,2026-07-22,2026-07-21 17:31,UP,2026-07-21 17:59,LONG,29281.50,29261.50,2026-07-21 18:00,STOP_HIT,2,2.50,-20.00
FIXED_R65,2026-07-22,2026-07-22 04:56,UP,2026-07-22 05:42,LONG,29158.00,29138.00,2026-07-22 06:42,TIME_LIMIT,61,125.75,41.00
FIXED_R65,2026-07-23,2026-07-22 14:00,DOWN,2026-07-22 14:10,SHORT,29066.50,29086.50,2026-07-22 14:13,STOP_HIT,4,1.25,-20.00
FIXED_R65,2026-07-23,2026-07-22 15:04,UP,2026-07-22 15:59,LONG,29136.50,29116.50,2026-07-22 16:59,TIME_LIMIT,61,146.00,118.50
FIXED_R65,2026-07-23,2026-07-22 20:35,DOWN,2026-07-22 21:13,SHORT,29110.00,29130.00,2026-07-22 21:22,STOP_HIT,10,7.00,-20.00
FIXED_R65,2026-07-23,2026-07-22 21:32,DOWN,2026-07-22 21:58,SHORT,29100.00,29120.00,2026-07-22 22:58,TIME_LIMIT,61,26.00,16.25
FIXED_R65,2026-07-23,2026-07-23 01:03,DOWN,2026-07-23 01:35,SHORT,29074.75,29094.75,2026-07-23 02:31,STOP_HIT,57,38.75,-20.00
FIXED_R65,2026-07-23,2026-07-23 02:16,UP,2026-07-23 02:50,LONG,29106.75,29086.75,2026-07-23 03:00,STOP_HIT,11,1.25,-20.00
FIXED_R65,2026-07-23,2026-07-23 02:41,DOWN,2026-07-23 03:03,SHORT,29062.00,29082.00,2026-07-23 04:03,TIME_LIMIT,61,149.00,108.00
FIXED_R65,2026-07-23,2026-07-23 12:00,UP,2026-07-23 12:10,LONG,28714.75,28694.75,2026-07-23 12:59,TIME_EXPIRED,50,67.25,24.50
FIXED_R65,2026-07-24,2026-07-23 14:00,DOWN,2026-07-23 14:11,SHORT,28642.75,28662.75,2026-07-23 14:23,STOP_HIT,13,18.75,-20.00
FIXED_R65,2026-07-24,2026-07-23 14:19,UP,2026-07-23 14:32,LONG,28687.75,28667.75,2026-07-23 14:37,STOP_HIT,6,1.50,-20.00
FIXED_R65,2026-07-24,2026-07-23 15:54,UP,2026-07-23 16:04,LONG,28680.75,28660.75,2026-07-23 16:04,STOP_HIT,1,6.50,-20.00
FIXED_R65,2026-07-24,2026-07-23 16:35,UP,2026-07-23 17:21,LONG,28664.50,28644.50,2026-07-23 17:23,STOP_HIT,3,2.75,-20.00
FIXED_R65,2026-07-24,2026-07-23 17:08,DOWN,2026-07-23 17:51,SHORT,28635.25,28655.25,2026-07-23 18:51,TIME_LIMIT,61,104.50,90.00
FIXED_R65,2026-07-24,2026-07-23 22:49,UP,2026-07-23 23:23,LONG,28641.50,28621.50,2026-07-23 23:41,STOP_HIT,19,21.50,-20.00
FIXED_R65,2026-07-24,2026-07-23 23:26,DOWN,2026-07-24 00:04,SHORT,28602.50,28622.50,2026-07-24 00:30,STOP_HIT,27,46.00,-20.00
FIXED_R65,2026-07-24,2026-07-24 00:12,UP,2026-07-24 00:47,LONG,28624.25,28604.25,2026-07-24 01:47,TIME_LIMIT,61,79.00,66.25
FIXED_R65,2026-07-24,2026-07-24 04:18,DOWN,2026-07-24 05:01,SHORT,28586.50,28606.50,2026-07-24 05:17,STOP_HIT,17,14.75,-20.00
FIXED_R65,2026-07-24,2026-07-24 08:10,DOWN,2026-07-24 09:15,SHORT,28458.00,28478.00,2026-07-24 09:18,STOP_HIT,4,17.00,-20.00
FIXED_R65,2026-07-27,2026-07-26 14:01,DOWN,2026-07-26 14:11,SHORT,28593.75,28613.75,2026-07-26 14:14,STOP_HIT,4,8.25,-20.00
FIXED_R65,2026-07-27,2026-07-26 14:09,UP,2026-07-26 14:24,LONG,28630.00,28610.00,2026-07-26 14:56,STOP_HIT,33,11.50,-20.00
FIXED_R65,2026-07-27,2026-07-26 16:00,DOWN,2026-07-26 16:27,SHORT,28627.25,28647.25,2026-07-26 16:33,STOP_HIT,7,18.75,-20.00
FIXED_R65,2026-07-27,2026-07-26 18:46,DOWN,2026-07-26 19:57,SHORT,28610.25,28630.25,2026-07-26 20:16,STOP_HIT,20,12.50,-20.00
FIXED_R65,2026-07-27,2026-07-27 05:00,DOWN,2026-07-27 05:26,SHORT,28625.00,28645.00,2026-07-27 06:26,TIME_LIMIT,61,475.00,462.00
FIXED_R65,2026-07-27,2026-07-27 10:40,UP,2026-07-27 11:12,LONG,28224.00,28204.00,2026-07-27 11:13,STOP_HIT,2,6.00,-20.00
FIXED_R65,2026-07-28,2026-07-27 14:00,DOWN,2026-07-27 14:14,SHORT,28159.50,28179.50,2026-07-27 15:14,TIME_LIMIT,61,54.25,30.50
FIXED_R65,2026-07-28,2026-07-27 15:04,UP,2026-07-27 15:52,LONG,28165.25,28145.25,2026-07-27 16:05,STOP_HIT,14,29.75,-20.00
FIXED_R65,2026-07-28,2026-07-28 00:11,UP,2026-07-28 00:42,LONG,28039.50,28019.50,2026-07-28 00:48,STOP_HIT,7,12.50,-20.00
FIXED_R65,2026-07-28,2026-07-28 00:47,DOWN,2026-07-28 01:45,SHORT,27973.75,27993.75,2026-07-28 02:45,TIME_LIMIT,61,69.50,44.75
FIXED_R65,2026-07-28,2026-07-28 03:41,UP,2026-07-28 04:39,LONG,27972.25,27952.25,2026-07-28 05:27,STOP_HIT,49,60.50,-20.00
FIXED_R65,2026-07-28,2026-07-28 04:30,DOWN,2026-07-28 04:42,SHORT,27967.50,27987.50,2026-07-28 04:42,STOP_HIT,1,2.00,-20.00
FIXED_R65,2026-07-28,2026-07-28 04:46,DOWN,2026-07-28 05:32,SHORT,27910.50,27930.50,2026-07-28 06:32,TIME_LIMIT,61,307.00,202.50
FIXED_R65,2026-07-28,2026-07-28 10:00,DOWN,2026-07-28 10:23,SHORT,27944.25,27964.25,2026-07-28 10:46,STOP_HIT,24,29.50,-20.00
FIXED_R65,2026-07-28,2026-07-28 10:17,UP,2026-07-28 10:52,LONG,27964.00,27944.00,2026-07-28 10:55,STOP_HIT,4,4.75,-20.00
FIXED_R65,2026-07-28,2026-07-28 11:30,DOWN,2026-07-28 12:00,SHORT,27919.50,27939.50,2026-07-28 12:00,STOP_HIT,1,1.25,-20.00
FIXED_R65,2026-07-28,2026-07-28 12:06,UP,2026-07-28 12:42,LONG,27940.25,27920.25,2026-07-28 12:59,TIME_EXPIRED,18,22.50,20.25
FIXED_R65,2026-07-29,2026-07-28 14:10,DOWN,2026-07-28 14:46,SHORT,27844.00,27864.00,2026-07-28 15:22,STOP_HIT,37,115.50,-20.00
FIXED_R65,2026-07-29,2026-07-28 15:10,UP,2026-07-28 15:24,LONG,27875.75,27855.75,2026-07-28 16:24,TIME_LIMIT,61,302.50,223.25
FIXED_R65,2026-07-29,2026-07-28 16:45,DOWN,2026-07-28 17:22,SHORT,27951.75,27971.75,2026-07-28 17:23,STOP_HIT,2,2.25,-20.00
FIXED_R65,2026-07-29,2026-07-28 17:27,DOWN,2026-07-28 17:37,SHORT,27939.25,27959.25,2026-07-28 18:37,TIME_LIMIT,61,169.00,71.50
FIXED_R65,2026-07-29,2026-07-28 22:10,UP,2026-07-28 22:55,LONG,27928.50,27908.50,2026-07-28 23:01,STOP_HIT,7,17.00,-20.00
FIXED_R65,2026-07-29,2026-07-29 04:30,UP,2026-07-29 04:55,LONG,27926.50,27906.50,2026-07-29 04:58,STOP_HIT,4,6.75,-20.00
FIXED_R65,2026-07-29,2026-07-29 05:20,UP,2026-07-29 05:30,LONG,27914.50,27894.50,2026-07-29 05:30,STOP_HIT,1,35.50,-20.00
FIXED_R65,2026-07-30,2026-07-29 14:00,UP,2026-07-29 14:10,LONG,27440.50,27420.50,2026-07-29 14:26,STOP_HIT,17,49.00,-20.00
FIXED_R65,2026-07-30,2026-07-29 14:28,UP,2026-07-29 14:38,LONG,27458.50,27438.50,2026-07-29 14:40,STOP_HIT,3,6.75,-20.00
FIXED_R65,2026-07-30,2026-07-29 18:48,DOWN,2026-07-29 19:20,SHORT,27485.50,27505.50,2026-07-29 19:26,STOP_HIT,7,11.50,-20.00
FIXED_R65,2026-07-30,2026-07-29 19:40,UP,2026-07-29 19:50,LONG,27549.75,27529.75,2026-07-29 19:58,STOP_HIT,9,13.00,-20.00
FIXED_R65,2026-07-30,2026-07-29 19:49,DOWN,2026-07-29 20:10,SHORT,27488.25,27508.25,2026-07-29 20:26,STOP_HIT,17,28.75,-20.00
FIXED_R65,2026-07-30,2026-07-30 00:57,UP,2026-07-30 01:15,LONG,27536.75,27516.75,2026-07-30 01:59,STOP_HIT,45,49.25,-20.00
FIXED_R65,2026-07-31,2026-07-30 14:00,UP,2026-07-30 14:10,LONG,28400.00,28380.00,2026-07-30 14:13,STOP_HIT,4,9.75,-20.00
FIXED_R65,2026-07-31,2026-07-30 14:03,DOWN,2026-07-30 14:32,SHORT,28338.00,28358.00,2026-07-30 14:34,STOP_HIT,3,7.00,-20.00
FIXED_R65,2026-07-31,2026-07-30 14:32,UP,2026-07-30 14:43,LONG,28392.00,28372.00,2026-07-30 15:21,STOP_HIT,39,34.50,-20.00
FIXED_R65,2026-07-31,2026-07-30 18:37,UP,2026-07-30 19:57,LONG,28466.25,28446.25,2026-07-30 20:00,STOP_HIT,4,4.25,-20.00
FIXED_R65,2026-07-31,2026-07-31 03:08,DOWN,2026-07-31 04:33,SHORT,28476.75,28496.75,2026-07-31 05:04,STOP_HIT,32,44.50,-20.00
FIXED_R65,2026-07-31,2026-07-31 04:42,UP,2026-07-31 05:25,LONG,28549.75,28529.75,2026-07-31 05:40,STOP_HIT,16,176.00,-20.00
FIXED_R65,2026-07-31,2026-07-31 08:35,DOWN,2026-07-31 08:49,SHORT,28342.50,28362.50,2026-07-31 08:50,STOP_HIT,2,12.50,-20.00
FIXED_R65,2026-07-31,2026-07-31 11:59,DOWN,2026-07-31 12:09,SHORT,28392.50,28412.50,2026-07-31 12:59,TIME_EXPIRED,51,134.25,105.50
FIXED_R65,2026-08-03,2026-08-02 14:00,UP,2026-08-02 14:10,LONG,28601.00,28581.00,2026-08-02 14:57,STOP_HIT,48,40.25,-20.00
FIXED_R65,2026-08-03,2026-08-02 14:13,DOWN,2026-08-02 14:59,SHORT,28564.25,28584.25,2026-08-02 15:01,STOP_HIT,3,1.00,-20.00
FIXED_R65,2026-08-03,2026-08-02 15:52,DOWN,2026-08-02 16:02,SHORT,28586.25,28606.25,2026-08-02 16:10,STOP_HIT,9,31.75,-20.00
FIXED_R65,2026-08-03,2026-08-02 16:06,UP,2026-08-02 16:16,LONG,28619.75,28599.75,2026-08-02 16:19,STOP_HIT,4,3.75,-20.00
FIXED_R65,2026-08-03,2026-08-02 16:15,DOWN,2026-08-02 16:26,SHORT,28568.00,28588.00,2026-08-02 16:35,STOP_HIT,10,30.50,-20.00
FIXED_R65,2026-08-03,2026-08-02 16:29,UP,2026-08-02 16:58,LONG,28613.25,28593.25,2026-08-02 17:13,STOP_HIT,16,21.75,-20.00
FIXED_R65,2026-08-03,2026-08-02 17:05,DOWN,2026-08-02 17:24,SHORT,28587.25,28607.25,2026-08-02 17:27,STOP_HIT,4,3.50,-20.00
FIXED_R65,2026-08-03,2026-08-02 17:19,UP,2026-08-02 17:45,LONG,28630.00,28610.00,2026-08-02 18:45,TIME_LIMIT,61,51.50,19.50
FIXED_R65,2026-08-03,2026-08-02 23:02,UP,2026-08-02 23:12,LONG,28618.50,28598.50,2026-08-02 23:17,STOP_HIT,6,12.50,-20.00
FIXED_R65,2026-08-03,2026-08-02 23:11,DOWN,2026-08-02 23:21,SHORT,28585.75,28605.75,2026-08-02 23:23,STOP_HIT,3,3.00,-20.00
FIXED_R65,2026-08-04,2026-08-03 16:04,DOWN,2026-08-03 16:16,SHORT,28913.25,28933.25,2026-08-03 17:16,TIME_LIMIT,61,81.50,59.50
FIXED_R65,2026-08-04,2026-08-03 17:04,UP,2026-08-03 18:01,LONG,29033.50,29013.50,2026-08-03 18:04,STOP_HIT,4,11.25,-20.00
FIXED_R65,2026-08-05,2026-08-04 14:02,UP,2026-08-04 14:24,LONG,29825.75,29805.75,2026-08-04 14:43,STOP_HIT,20,16.00,-20.00
FIXED_R65,2026-08-05,2026-08-04 16:30,DOWN,2026-08-04 17:18,SHORT,29816.50,29836.50,2026-08-04 17:32,STOP_HIT,15,19.50,-20.00
FIXED_R65,2026-08-05,2026-08-04 17:26,UP,2026-08-04 17:49,LONG,29869.00,29849.00,2026-08-04 18:30,STOP_HIT,42,20.25,-20.00
FIXED_R65,2026-08-05,2026-08-05 00:45,UP,2026-08-05 03:06,LONG,29901.75,29881.75,2026-08-05 04:06,TIME_LIMIT,61,41.75,-2.00
FIXED_R65,2026-08-06,2026-08-05 14:00,UP,2026-08-05 14:24,LONG,29631.00,29611.00,2026-08-05 15:24,TIME_LIMIT,61,48.50,7.50
FIXED_R65,2026-08-06,2026-08-05 14:47,DOWN,2026-08-05 15:10,SHORT,29619.50,29639.50,2026-08-05 15:23,STOP_HIT,14,1.00,-20.00
FIXED_R65,2026-08-06,2026-08-05 18:45,DOWN,2026-08-05 19:50,SHORT,29569.25,29589.25,2026-08-05 20:23,STOP_HIT,34,33.75,-20.00
FIXED_R65,2026-08-06,2026-08-05 19:33,UP,2026-08-05 20:38,LONG,29561.75,29541.75,2026-08-05 20:39,STOP_HIT,2,2.25,-20.00
FIXED_R65,2026-08-06,2026-08-05 20:30,DOWN,2026-08-05 22:08,SHORT,29539.00,29559.00,2026-08-05 23:08,TIME_LIMIT,61,54.00,2.00
FIXED_R65,2026-08-06,2026-08-06 05:40,UP,2026-08-06 05:54,LONG,29512.25,29492.25,2026-08-06 05:54,STOP_HIT,1,8.25,-20.00
FIXED_R65,2026-08-06,2026-08-06 07:50,DOWN,2026-08-06 08:00,SHORT,29515.75,29535.75,2026-08-06 08:08,STOP_HIT,9,37.50,-20.00
FIXED_R65,2026-08-06,2026-08-06 09:01,DOWN,2026-08-06 09:44,SHORT,29499.00,29519.00,2026-08-06 09:45,STOP_HIT,2,4.75,-20.00
FIXED_R65,2026-08-06,2026-08-06 09:41,UP,2026-08-06 10:18,LONG,29552.50,29532.50,2026-08-06 10:34,STOP_HIT,17,23.00,-20.00
FIXED_R65,2026-08-06,2026-08-06 10:22,DOWN,2026-08-06 10:49,SHORT,29518.50,29538.50,2026-08-06 11:01,STOP_HIT,13,12.50,-20.00
FIXED_R65,2026-08-06,2026-08-06 10:42,UP,2026-08-06 11:09,LONG,29559.75,29539.75,2026-08-06 11:14,STOP_HIT,6,10.50,-20.00
FIXED_R65,2026-08-06,2026-08-06 11:12,DOWN,2026-08-06 11:26,SHORT,29520.00,29540.00,2026-08-06 11:32,STOP_HIT,7,30.75,-20.00
FIXED_R65,2026-08-06,2026-08-06 12:06,DOWN,2026-08-06 12:28,SHORT,29485.50,29505.50,2026-08-06 12:58,STOP_HIT,31,5.25,-20.00
FIXED_R65,2026-08-10,2026-08-09 14:00,DOWN,2026-08-09 14:13,SHORT,29842.00,29862.00,2026-08-09 15:07,STOP_HIT,55,36.75,-20.00
FIXED_R65,2026-08-10,2026-08-09 14:17,UP,2026-08-09 15:08,LONG,29868.75,29848.75,2026-08-09 15:30,STOP_HIT,23,13.50,-20.00
FIXED_R65,2026-08-10,2026-08-09 15:24,DOWN,2026-08-09 16:01,SHORT,29829.00,29849.00,2026-08-09 16:05,STOP_HIT,5,32.75,-20.00
FIXED_R65,2026-08-10,2026-08-09 16:10,DOWN,2026-08-09 16:51,SHORT,29828.25,29848.25,2026-08-09 17:14,STOP_HIT,24,39.75,-20.00
FIXED_R65,2026-08-10,2026-08-09 16:56,UP,2026-08-09 17:35,LONG,29852.00,29832.00,2026-08-09 18:35,TIME_LIMIT,61,43.00,1.75
FIXED_R65,2026-08-10,2026-08-10 03:12,UP,2026-08-10 03:31,LONG,29911.75,29891.75,2026-08-10 03:38,STOP_HIT,8,2.25,-20.00
FIXED_R65,2026-08-10,2026-08-10 03:30,DOWN,2026-08-10 03:51,SHORT,29858.75,29878.75,2026-08-10 04:03,STOP_HIT,13,4.75,-20.00
FIXED_R65,2026-08-10,2026-08-10 05:53,UP,2026-08-10 06:16,LONG,29880.50,29860.50,2026-08-10 06:18,STOP_HIT,3,7.00,-20.00
FIXED_R65,2026-08-10,2026-08-10 06:37,DOWN,2026-08-10 07:01,SHORT,29776.25,29796.25,2026-08-10 07:01,STOP_HIT,1,1.75,-20.00
FIXED_R65,2026-08-10,2026-08-10 07:35,UP,2026-08-10 08:13,LONG,29816.75,29796.75,2026-08-10 08:31,STOP_HIT,19,26.75,-20.00
FIXED_R65,2026-08-10,2026-08-10 08:00,DOWN,2026-08-10 08:32,SHORT,29768.75,29788.75,2026-08-10 08:35,STOP_HIT,4,24.75,-20.00
FIXED_R65,2026-08-11,2026-08-10 14:00,DOWN,2026-08-10 14:37,SHORT,29726.25,29746.25,2026-08-10 15:37,TIME_LIMIT,61,25.00,15.50
FIXED_R65,2026-08-11,2026-08-10 16:02,UP,2026-08-10 16:18,LONG,29730.50,29710.50,2026-08-10 17:18,TIME_LIMIT,61,97.25,85.00
FIXED_R65,2026-08-11,2026-08-10 20:31,DOWN,2026-08-10 23:17,SHORT,29763.00,29783.00,2026-08-11 00:00,STOP_HIT,44,35.00,-20.00
FIXED_R65,2026-08-11,2026-08-10 23:23,UP,2026-08-11 00:06,LONG,29773.75,29753.75,2026-08-11 00:09,STOP_HIT,4,6.00,-20.00
FIXED_R65,2026-08-11,2026-08-11 00:03,DOWN,2026-08-11 00:13,SHORT,29731.50,29751.50,2026-08-11 00:42,STOP_HIT,30,13.75,-20.00
FIXED_R65,2026-08-11,2026-08-11 00:35,UP,2026-08-11 02:57,LONG,29815.00,29795.00,2026-08-11 03:57,TIME_LIMIT,61,71.75,17.50
FIXED_R65,2026-08-11,2026-08-11 05:47,UP,2026-08-11 06:40,LONG,29744.75,29724.75,2026-08-11 07:08,STOP_HIT,29,60.00,-20.00
FIXED_R65,2026-08-11,2026-08-11 06:52,DOWN,2026-08-11 07:16,SHORT,29711.50,29731.50,2026-08-11 07:22,STOP_HIT,7,14.00,-20.00
FIXED_R65,2026-08-12,2026-08-11 16:08,UP,2026-08-11 18:35,LONG,29689.25,29669.25,2026-08-11 19:35,TIME_LIMIT,61,20.75,12.25
FIXED_R65,2026-08-12,2026-08-12 06:31,UP,2026-08-12 06:41,LONG,29921.25,29901.25,2026-08-12 06:42,STOP_HIT,2,6.50,-20.00
FIXED_R65,2026-08-12,2026-08-12 07:41,UP,2026-08-12 09:31,LONG,29905.75,29885.75,2026-08-12 10:31,TIME_LIMIT,61,18.25,0.75
FIXED_R65,2026-08-12,2026-08-12 10:41,DOWN,2026-08-12 11:22,SHORT,29869.75,29889.75,2026-08-12 12:05,STOP_HIT,44,44.00,-20.00
FIXED_R65,2026-08-13,2026-08-12 14:31,UP,2026-08-12 16:04,LONG,29847.75,29827.75,2026-08-12 17:01,STOP_HIT,58,19.00,-20.00
FIXED_R65,2026-08-13,2026-08-13 04:30,DOWN,2026-08-13 04:52,SHORT,29869.50,29889.50,2026-08-13 05:00,STOP_HIT,9,3.75,-20.00
FIXED_R65,2026-08-13,2026-08-13 04:31,UP,2026-08-13 05:01,LONG,29889.25,29869.25,2026-08-13 05:31,STOP_HIT,31,31.75,-20.00
FIXED_R65,2026-08-19,2026-08-18 14:21,DOWN,2026-08-18 15:42,SHORT,29533.25,29553.25,2026-08-18 16:32,STOP_HIT,51,91.25,-20.00
FIXED_R65,2026-08-19,2026-08-18 16:15,UP,2026-08-18 16:46,LONG,29572.00,29552.00,2026-08-18 16:57,STOP_HIT,12,14.00,-20.00
FIXED_R65,2026-08-19,2026-08-18 17:22,DOWN,2026-08-18 19:18,SHORT,29545.25,29565.25,2026-08-18 19:37,STOP_HIT,20,25.50,-20.00
FIXED_R65,2026-08-19,2026-08-18 22:12,UP,2026-08-18 23:21,LONG,29559.50,29539.50,2026-08-19 00:21,TIME_LIMIT,61,81.25,52.75
FIXED_R65,2026-08-19,2026-08-19 03:00,UP,2026-08-19 03:20,LONG,29547.75,29527.75,2026-08-19 03:34,STOP_HIT,15,12.50,-20.00
FIXED_R65,2026-08-19,2026-08-19 03:08,DOWN,2026-08-19 03:35,SHORT,29518.00,29538.00,2026-08-19 04:01,STOP_HIT,27,11.25,-20.00
FIXED_R65,2026-08-19,2026-08-19 03:48,UP,2026-08-19 04:20,LONG,29569.50,29549.50,2026-08-19 04:31,STOP_HIT,12,13.50,-20.00
FIXED_R65,2026-08-19,2026-08-19 06:22,UP,2026-08-19 07:02,LONG,29612.25,29592.25,2026-08-19 07:05,STOP_HIT,4,2.00,-20.00
FIXED_R65,2026-08-19,2026-08-19 08:19,DOWN,2026-08-19 09:29,SHORT,29542.75,29562.75,2026-08-19 10:01,STOP_HIT,33,29.00,-20.00
FIXED_R65,2026-08-19,2026-08-19 10:17,UP,2026-08-19 11:35,LONG,29582.00,29562.00,2026-08-19 11:35,STOP_HIT,1,0.00,-20.00
FIXED_R65,2026-08-20,2026-08-19 14:00,UP,2026-08-19 14:15,LONG,29627.25,29607.25,2026-08-19 14:20,STOP_HIT,6,1.25,-20.00
FIXED_R65,2026-08-20,2026-08-19 16:08,UP,2026-08-19 16:19,LONG,29651.00,29631.00,2026-08-19 16:24,STOP_HIT,6,14.50,-20.00
FIXED_R65,2026-08-20,2026-08-19 17:02,DOWN,2026-08-19 18:34,SHORT,29645.25,29665.25,2026-08-19 19:34,TIME_LIMIT,61,44.00,42.25
FIXED_R65,2026-08-20,2026-08-19 21:14,UP,2026-08-19 22:37,LONG,29665.50,29645.50,2026-08-19 23:01,STOP_HIT,25,21.00,-20.00
FIXED_R65,2026-08-20,2026-08-19 22:52,DOWN,2026-08-19 23:28,SHORT,29611.00,29631.00,2026-08-19 23:35,STOP_HIT,8,16.00,-20.00
FIXED_R65,2026-08-20,2026-08-20 06:35,UP,2026-08-20 06:45,LONG,29421.50,29401.50,2026-08-20 06:47,STOP_HIT,3,12.00,-20.00
FIXED_R65,2026-08-21,2026-08-20 14:00,DOWN,2026-08-20 14:10,SHORT,29287.50,29307.50,2026-08-20 14:35,STOP_HIT,26,11.00,-20.00
FIXED_R65,2026-08-21,2026-08-20 14:05,UP,2026-08-20 16:07,LONG,29341.00,29321.00,2026-08-20 16:10,STOP_HIT,4,4.25,-20.00
FIXED_R65,2026-08-21,2026-08-21 06:21,UP,2026-08-21 07:55,LONG,29472.75,29452.75,2026-08-21 07:57,STOP_HIT,3,0.75,-20.00
FIXED_R65,2026-08-24,2026-08-23 14:00,DOWN,2026-08-23 14:10,SHORT,29321.00,29341.00,2026-08-23 14:22,STOP_HIT,13,8.00,-20.00
FIXED_R65,2026-08-24,2026-08-23 14:01,UP,2026-08-23 14:43,LONG,29372.75,29352.75,2026-08-23 15:43,TIME_LIMIT,61,75.25,49.00
FIXED_R65,2026-08-24,2026-08-23 15:51,DOWN,2026-08-23 16:39,SHORT,29366.25,29386.25,2026-08-23 16:49,STOP_HIT,11,14.75,-20.00
FIXED_R65,2026-08-24,2026-08-23 16:26,UP,2026-08-23 17:23,LONG,29423.75,29403.75,2026-08-23 17:30,STOP_HIT,8,9.25,-20.00
FIXED_R65,2026-08-24,2026-08-23 17:19,DOWN,2026-08-23 17:49,SHORT,29379.25,29399.25,2026-08-23 17:51,STOP_HIT,3,4.75,-20.00
FIXED_R65,2026-08-24,2026-08-24 07:21,UP,2026-08-24 07:31,LONG,29130.25,29110.25,2026-08-24 08:31,TIME_LIMIT,61,94.50,58.00
FIXED_R65,2026-08-24,2026-08-24 09:55,UP,2026-08-24 10:10,LONG,29179.25,29159.25,2026-08-24 10:56,STOP_HIT,47,54.00,-20.00
FIXED_R65,2026-08-24,2026-08-24 10:30,DOWN,2026-08-24 11:49,SHORT,29128.25,29148.25,2026-08-24 12:49,TIME_LIMIT,61,47.50,31.75
FIXED_R65,2026-08-25,2026-08-24 14:00,DOWN,2026-08-24 15:43,SHORT,29086.00,29106.00,2026-08-24 16:42,STOP_HIT,60,69.00,-20.00
FIXED_R65,2026-08-25,2026-08-24 16:19,UP,2026-08-24 16:53,LONG,29125.75,29105.75,2026-08-24 17:23,STOP_HIT,31,18.25,-20.00
FIXED_R65,2026-08-25,2026-08-25 05:49,DOWN,2026-08-25 06:03,SHORT,29274.25,29294.25,2026-08-25 07:03,TIME_LIMIT,61,136.25,67.50
FIXED_R65,2026-08-25,2026-08-25 07:33,DOWN,2026-08-25 07:49,SHORT,29226.75,29246.75,2026-08-25 07:52,STOP_HIT,4,4.00,-20.00
FIXED_R65,2026-08-25,2026-08-25 07:49,UP,2026-08-25 08:04,LONG,29288.25,29268.25,2026-08-25 08:09,STOP_HIT,6,0.00,-20.00
FIXED_R65,2026-08-25,2026-08-25 08:30,DOWN,2026-08-25 09:09,SHORT,29229.50,29249.50,2026-08-25 09:16,STOP_HIT,8,5.50,-20.00
FIXED_R65,2026-08-25,2026-08-25 10:08,UP,2026-08-25 12:30,LONG,29302.00,29282.00,2026-08-25 12:44,STOP_HIT,15,6.75,-20.00
FIXED_R65,2026-08-26,2026-08-25 14:00,DOWN,2026-08-25 15:31,SHORT,29239.50,29259.50,2026-08-25 16:31,TIME_LIMIT,61,74.25,68.00
FIXED_R65,2026-08-26,2026-08-25 17:35,UP,2026-08-25 19:31,LONG,29216.75,29196.75,2026-08-25 20:31,TIME_LIMIT,61,66.50,57.00
FIXED_R65,2026-08-26,2026-08-25 22:48,DOWN,2026-08-25 23:48,SHORT,29208.00,29228.00,2026-08-26 00:04,STOP_HIT,17,20.75,-20.00
FIXED_R65,2026-08-26,2026-08-26 00:22,UP,2026-08-26 00:43,LONG,29248.75,29228.75,2026-08-26 00:51,STOP_HIT,9,0.50,-20.00
FIXED_R65,2026-08-26,2026-08-26 03:18,DOWN,2026-08-26 03:51,SHORT,29206.00,29226.00,2026-08-26 03:51,STOP_HIT,1,1.50,-20.00
FIXED_R65,2026-08-26,2026-08-26 03:48,UP,2026-08-26 04:30,LONG,29256.75,29236.75,2026-08-26 04:30,STOP_HIT,1,6.50,-20.00
FIXED_R65,2026-08-26,2026-08-26 05:59,DOWN,2026-08-26 06:37,SHORT,29214.75,29234.75,2026-08-26 06:40,STOP_HIT,4,2.50,-20.00
FIXED_R65,2026-08-26,2026-08-26 06:28,UP,2026-08-26 07:04,LONG,29259.50,29239.50,2026-08-26 07:16,STOP_HIT,13,23.50,-20.00
FIXED_R65,2026-08-26,2026-08-26 07:50,DOWN,2026-08-26 08:00,SHORT,29217.75,29237.75,2026-08-26 09:00,TIME_LIMIT,61,47.75,-7.25
FIXED_R65,2026-08-26,2026-08-26 08:44,UP,2026-08-26 09:29,LONG,29267.50,29247.50,2026-08-26 10:29,TIME_LIMIT,61,28.50,12.50
FIXED_R65,2026-08-27,2026-08-26 14:00,UP,2026-08-26 14:10,LONG,29560.75,29540.75,2026-08-26 15:10,TIME_LIMIT,61,67.75,40.00
FIXED_R65,2026-08-27,2026-08-26 16:00,DOWN,2026-08-26 16:24,SHORT,29571.75,29591.75,2026-08-26 17:24,TIME_LIMIT,61,139.25,74.50
FIXED_R65,2026-08-27,2026-08-26 19:25,DOWN,2026-08-26 20:39,SHORT,29510.75,29530.75,2026-08-26 21:39,TIME_LIMIT,61,65.50,50.75
FIXED_R65,2026-08-27,2026-08-26 22:12,UP,2026-08-27 00:30,LONG,29656.75,29636.75,2026-08-27 00:33,STOP_HIT,4,1.25,-20.00
FIXED_R65,2026-08-27,2026-08-27 03:50,UP,2026-08-27 04:12,LONG,29583.50,29563.50,2026-08-27 04:33,STOP_HIT,22,7.00,-20.00
FIXED_R65,2026-08-27,2026-08-27 04:26,DOWN,2026-08-27 04:51,SHORT,29530.00,29550.00,2026-08-27 05:05,STOP_HIT,15,14.50,-20.00
FIXED_R65,2026-08-27,2026-08-27 05:57,UP,2026-08-27 06:23,LONG,29581.50,29561.50,2026-08-27 06:39,STOP_HIT,17,42.00,-20.00
FIXED_R65,2026-08-27,2026-08-27 10:28,UP,2026-08-27 11:06,LONG,29581.75,29561.75,2026-08-27 12:06,TIME_LIMIT,61,126.25,95.00
FIXED_R65,2026-08-28,2026-08-27 19:29,DOWN,2026-08-27 21:21,SHORT,29623.50,29643.50,2026-08-27 22:21,TIME_LIMIT,61,29.00,8.50
FIXED_R65,2026-08-28,2026-08-28 00:07,UP,2026-08-28 05:14,LONG,29655.25,29635.25,2026-08-28 05:25,STOP_HIT,12,7.50,-20.00
FIXED_R65,2026-08-28,2026-08-28 05:02,DOWN,2026-08-28 05:31,SHORT,29610.75,29630.75,2026-08-28 05:37,STOP_HIT,7,48.00,-20.00
FIXED_R65,2026-08-28,2026-08-28 05:33,UP,2026-08-28 05:43,LONG,29695.00,29675.00,2026-08-28 05:45,STOP_HIT,3,6.75,-20.00
PCT_R0.22pct,2023-11-16,2023-11-15 13:00,UP,2023-11-15 14:21,LONG,15879.75,15859.75,2023-11-15 15:12,STOP_HIT,52,1.25,-20.00
PCT_R0.22pct,2023-11-16,2023-11-15 14:21,DOWN,2023-11-15 15:51,SHORT,15846.00,15866.00,2023-11-15 16:51,TIME_LIMIT,61,22.00,15.25
PCT_R0.22pct,2023-11-16,2023-11-15 16:04,UP,2023-11-15 22:01,LONG,15856.00,15836.00,2023-11-15 23:01,TIME_LIMIT,61,12.75,-3.50
PCT_R0.22pct,2023-11-16,2023-11-15 21:13,DOWN,2023-11-16 02:09,SHORT,15838.50,15858.50,2023-11-16 03:09,TIME_LIMIT,61,10.75,3.75
PCT_R0.22pct,2023-11-16,2023-11-16 03:17,UP,2023-11-16 03:36,LONG,15853.25,15833.25,2023-11-16 04:30,STOP_HIT,55,30.00,-20.00
PCT_R0.22pct,2023-11-16,2023-11-16 03:56,DOWN,2023-11-16 04:26,SHORT,15840.25,15860.25,2023-11-16 04:45,STOP_HIT,20,15.00,-20.00
PCT_R0.22pct,2023-11-16,2023-11-16 04:30,UP,2023-11-16 04:47,LONG,15860.00,15840.00,2023-11-16 05:35,STOP_HIT,49,45.75,-20.00
PCT_R0.22pct,2023-11-16,2023-11-16 06:38,UP,2023-11-16 07:28,LONG,15874.00,15854.00,2023-11-16 08:14,STOP_HIT,47,28.75,-20.00
PCT_R0.22pct,2023-11-16,2023-11-16 08:48,UP,2023-11-16 09:14,LONG,15860.50,15840.50,2023-11-16 10:14,TIME_LIMIT,61,33.00,7.75
PCT_R0.22pct,2023-11-17,2023-11-16 21:10,UP,2023-11-16 22:35,LONG,15911.50,15891.50,2023-11-16 23:26,STOP_HIT,52,7.25,-20.00
PCT_R0.22pct,2023-11-17,2023-11-16 23:14,DOWN,2023-11-17 01:42,SHORT,15883.75,15903.75,2023-11-17 02:02,STOP_HIT,21,3.00,-20.00
PCT_R0.22pct,2023-11-17,2023-11-17 01:42,UP,2023-11-17 03:07,LONG,15915.75,15895.75,2023-11-17 03:39,STOP_HIT,33,4.00,-20.00
PCT_R0.22pct,2023-11-17,2023-11-17 03:22,DOWN,2023-11-17 03:45,SHORT,15892.00,15912.00,2023-11-17 04:45,TIME_LIMIT,61,60.50,43.00
PCT_R0.22pct,2023-11-17,2023-11-17 06:06,UP,2023-11-17 07:07,LONG,15888.75,15868.75,2023-11-17 07:25,STOP_HIT,19,8.75,-20.00
PCT_R0.22pct,2023-11-20,2023-11-19 13:00,DOWN,2023-11-19 13:12,SHORT,15867.25,15887.25,2023-11-19 14:12,TIME_LIMIT,61,19.00,10.75
PCT_R0.22pct,2023-11-20,2023-11-19 19:55,UP,2023-11-19 22:14,LONG,15876.25,15856.25,2023-11-19 23:14,TIME_LIMIT,61,29.75,28.50
PCT_R0.22pct,2023-11-21,2023-11-20 13:00,UP,2023-11-20 17:16,LONG,16120.25,16100.25,2023-11-20 18:16,TIME_LIMIT,61,2.25,-6.00
PCT_R0.22pct,2023-11-21,2023-11-20 17:38,DOWN,2023-11-20 21:35,SHORT,16088.00,16108.00,2023-11-20 22:35,TIME_LIMIT,61,15.75,7.75
PCT_R0.22pct,2023-11-21,2023-11-21 08:26,UP,2023-11-21 09:48,LONG,15979.50,15959.50,2023-11-21 10:48,TIME_LIMIT,61,21.75,2.75
PCT_R0.22pct,2023-11-21,2023-11-21 11:28,DOWN,2023-11-21 11:50,SHORT,15967.25,15987.25,2023-11-21 11:59,TIME_EXPIRED,10,0.75,-1.25
PCT_R0.22pct,2023-11-22,2023-11-21 13:20,UP,2023-11-21 16:36,LONG,15978.25,15958.25,2023-11-21 17:36,TIME_LIMIT,61,6.00,-8.25
PCT_R0.22pct,2023-11-22,2023-11-21 16:37,DOWN,2023-11-21 20:08,SHORT,15949.25,15969.25,2023-11-21 21:08,TIME_LIMIT,61,3.00,-9.25
PCT_R0.22pct,2023-11-22,2023-11-21 21:45,UP,2023-11-21 22:24,LONG,15976.25,15956.25,2023-11-21 22:41,STOP_HIT,18,5.50,-20.00
PCT_R0.22pct,2023-11-22,2023-11-22 05:18,UP,2023-11-22 05:28,LONG,16046.75,16026.75,2023-11-22 06:28,TIME_LIMIT,61,52.75,9.75
PCT_R0.22pct,2023-11-22,2023-11-22 05:54,UP,2023-11-22 06:11,LONG,16057.00,16037.00,2023-11-22 07:11,TIME_LIMIT,61,45.00,40.75
PCT_R0.22pct,2023-11-23,2023-11-22 13:01,UP,2023-11-22 20:04,LONG,16068.25,16048.25,2023-11-22 21:04,TIME_LIMIT,61,6.25,6.00
PCT_R0.22pct,2023-11-24,2023-11-23 13:00,DOWN,2023-11-23 21:04,SHORT,16041.25,16061.25,2023-11-23 22:04,TIME_LIMIT,61,15.00,5.50
PCT_R0.22pct,2023-11-24,2023-11-23 23:44,DOWN,2023-11-24 00:37,SHORT,16035.50,16055.50,2023-11-24 01:37,TIME_LIMIT,61,11.00,0.00
PCT_R0.22pct,2023-11-24,2023-11-24 04:33,DOWN,2023-11-24 04:43,SHORT,16026.25,16046.25,2023-11-24 05:43,TIME_LIMIT,61,35.75,20.25
PCT_R0.22pct,2023-11-27,2023-11-26 13:00,DOWN,2023-11-26 14:09,SHORT,15974.25,15994.25,2023-11-26 15:09,TIME_LIMIT,61,8.25,2.75
PCT_R0.22pct,2023-11-27,2023-11-26 17:26,UP,2023-11-26 22:42,LONG,15997.25,15977.25,2023-11-26 23:42,TIME_LIMIT,61,2.75,-11.50
PCT_R0.22pct,2023-11-27,2023-11-27 04:36,UP,2023-11-27 04:47,LONG,15997.75,15977.75,2023-11-27 05:47,TIME_LIMIT,61,52.50,46.50
PCT_R0.22pct,2023-11-27,2023-11-27 09:43,UP,2023-11-27 10:21,LONG,16033.00,16013.00,2023-11-27 10:54,STOP_HIT,34,14.50,-20.00
PCT_R0.22pct,2023-11-27,2023-11-27 10:38,DOWN,2023-11-27 10:56,SHORT,16008.00,16028.00,2023-11-27 11:56,TIME_LIMIT,61,9.00,4.00
PCT_R0.22pct,2023-11-28,2023-11-27 16:23,DOWN,2023-11-27 21:17,SHORT,15978.00,15998.00,2023-11-27 22:17,TIME_LIMIT,61,19.50,14.25
PCT_R0.22pct,2023-11-28,2023-11-27 22:43,UP,2023-11-28 00:43,LONG,15997.75,15977.75,2023-11-28 01:43,TIME_LIMIT,61,13.00,-0.75
PCT_R0.22pct,2023-11-28,2023-11-28 01:05,DOWN,2023-11-28 02:54,SHORT,15973.25,15993.25,2023-11-28 03:54,TIME_LIMIT,61,28.00,-7.75
PCT_R0.22pct,2023-11-28,2023-11-28 03:13,UP,2023-11-28 04:09,LONG,15980.25,15960.25,2023-11-28 04:54,STOP_HIT,46,27.25,-20.00
PCT_R0.22pct,2023-11-28,2023-11-28 04:34,DOWN,2023-11-28 04:45,SHORT,15968.50,15988.50,2023-11-28 04:48,STOP_HIT,4,2.25,-20.00
PCT_R0.22pct,2023-11-28,2023-11-28 04:54,UP,2023-11-28 05:05,LONG,15991.50,15971.50,2023-11-28 05:11,STOP_HIT,7,7.00,-20.00
PCT_R0.22pct,2023-11-28,2023-11-28 08:02,DOWN,2023-11-28 08:12,SHORT,15992.00,16012.00,2023-11-28 08:48,STOP_HIT,37,23.75,-20.00
PCT_R0.22pct,2023-11-28,2023-11-28 08:15,UP,2023-11-28 08:37,LONG,16004.75,15984.75,2023-11-28 09:37,TIME_LIMIT,61,10.00,1.50
PCT_R0.22pct,2023-11-29,2023-11-28 13:05,UP,2023-11-28 15:02,LONG,16079.75,16059.75,2023-11-28 16:02,TIME_LIMIT,61,6.75,-5.50
PCT_R0.22pct,2023-11-29,2023-11-29 04:38,DOWN,2023-11-29 05:30,SHORT,16108.75,16128.75,2023-11-29 05:56,STOP_HIT,27,20.50,-20.00
PCT_R0.22pct,2023-11-29,2023-11-29 05:57,DOWN,2023-11-29 06:08,SHORT,16100.00,16120.00,2023-11-29 07:08,TIME_LIMIT,61,68.25,32.00
PCT_R0.22pct,2023-11-30,2023-11-29 15:54,UP,2023-11-29 22:07,LONG,16070.00,16050.00,2023-11-29 22:40,STOP_HIT,34,1.00,-20.00
PCT_R0.22pct,2023-11-30,2023-11-29 22:07,DOWN,2023-11-29 22:47,SHORT,16036.25,16056.25,2023-11-29 23:06,STOP_HIT,20,5.00,-20.00
PCT_R0.22pct,2023-11-30,2023-11-29 22:51,UP,2023-11-30 00:50,LONG,16066.25,16046.25,2023-11-30 01:50,TIME_LIMIT,61,1.75,-6.25
PCT_R0.22pct,2023-11-30,2023-11-30 03:30,DOWN,2023-11-30 04:20,SHORT,16041.75,16061.75,2023-11-30 05:20,TIME_LIMIT,61,123.00,65.50
PCT_R0.22pct,2023-12-01,2023-11-30 21:54,UP,2023-11-30 22:38,LONG,15980.75,15960.75,2023-11-30 23:38,TIME_LIMIT,61,20.00,16.00
PCT_R0.22pct,2023-12-01,2023-11-30 23:34,DOWN,2023-12-01 02:32,SHORT,15943.50,15963.50,2023-12-01 03:32,TIME_LIMIT,61,24.25,-1.00
PCT_R0.22pct,2023-12-01,2023-12-01 05:02,DOWN,2023-12-01 05:12,SHORT,15933.25,15953.25,2023-12-01 06:11,STOP_HIT,60,69.25,-20.00
PCT_R0.22pct,2023-12-04,2023-12-03 13:00,DOWN,2023-12-03 13:10,SHORT,15994.00,16014.00,2023-12-03 14:10,TIME_LIMIT,61,9.75,5.00
PCT_R0.22pct,2023-12-04,2023-12-03 22:10,UP,2023-12-03 22:38,LONG,15980.25,15960.25,2023-12-03 23:38,TIME_LIMIT,61,23.25,-21.50
PCT_R0.22pct,2023-12-04,2023-12-03 22:50,DOWN,2023-12-03 23:19,SHORT,15972.50,15992.50,2023-12-04 00:19,TIME_LIMIT,61,15.25,0.50
PCT_R0.22pct,2023-12-04,2023-12-04 07:57,DOWN,2023-12-04 08:32,SHORT,15824.75,15844.75,2023-12-04 09:32,TIME_LIMIT,61,28.75,-6.00
PCT_R0.22pct,2023-12-04,2023-12-04 09:06,UP,2023-12-04 09:53,LONG,15831.50,15811.50,2023-12-04 10:16,STOP_HIT,24,6.00,-20.00
PCT_R0.22pct,2023-12-05,2023-12-04 13:00,DOWN,2023-12-04 17:44,SHORT,15829.00,15849.00,2023-12-04 18:44,TIME_LIMIT,61,0.50,-3.50
PCT_R0.22pct,2023-12-05,2023-12-04 23:25,DOWN,2023-12-05 00:07,SHORT,15784.25,15804.25,2023-12-05 01:07,TIME_LIMIT,61,20.00,1.75
PCT_R0.22pct,2023-12-05,2023-12-05 01:45,UP,2023-12-05 03:54,LONG,15806.75,15786.75,2023-12-05 04:14,STOP_HIT,21,5.00,-20.00
PCT_R0.22pct,2023-12-05,2023-12-05 03:32,DOWN,2023-12-05 04:20,SHORT,15781.00,15801.00,2023-12-05 04:30,STOP_HIT,11,12.00,-20.00
PCT_R0.22pct,2023-12-05,2023-12-05 04:25,UP,2023-12-05 04:35,LONG,15790.00,15770.00,2023-12-05 05:35,TIME_LIMIT,61,146.75,126.75
PCT_R0.22pct,2023-12-05,2023-12-05 06:54,UP,2023-12-05 07:10,LONG,15892.50,15872.50,2023-12-05 07:20,STOP_HIT,11,5.25,-20.00
PCT_R0.22pct,2023-12-05,2023-12-05 07:10,DOWN,2023-12-05 07:44,SHORT,15842.50,15862.50,2023-12-05 07:56,STOP_HIT,13,15.00,-20.00
PCT_R0.22pct,2023-12-05,2023-12-05 07:46,UP,2023-12-05 08:16,LONG,15871.75,15851.75,2023-12-05 09:16,TIME_LIMIT,61,24.25,19.25
PCT_R0.22pct,2023-12-05,2023-12-05 09:19,DOWN,2023-12-05 09:47,SHORT,15868.50,15888.50,2023-12-05 09:54,STOP_HIT,8,3.25,-20.00
PCT_R0.22pct,2023-12-05,2023-12-05 09:38,UP,2023-12-05 09:58,LONG,15900.00,15880.00,2023-12-05 10:58,TIME_LIMIT,61,8.50,0.00
PCT_R0.22pct,2023-12-06,2023-12-05 13:02,UP,2023-12-05 14:00,LONG,15927.75,15907.75,2023-12-05 15:00,TIME_LIMIT,61,41.25,36.75
PCT_R0.22pct,2023-12-06,2023-12-05 17:49,DOWN,2023-12-05 21:16,SHORT,15955.00,15975.00,2023-12-05 21:59,STOP_HIT,44,1.75,-20.00
PCT_R0.22pct,2023-12-06,2023-12-06 02:28,UP,2023-12-06 03:44,LONG,15991.00,15971.00,2023-12-06 04:34,STOP_HIT,51,46.75,-20.00
PCT_R0.22pct,2023-12-06,2023-12-06 04:30,DOWN,2023-12-06 04:40,SHORT,15942.50,15962.50,2023-12-06 04:42,STOP_HIT,3,6.25,-20.00
PCT_R0.22pct,2023-12-07,2023-12-06 21:01,UP,2023-12-06 22:02,LONG,15825.50,15805.50,2023-12-06 23:02,TIME_LIMIT,61,11.50,-3.50
PCT_R0.22pct,2023-12-07,2023-12-07 04:50,UP,2023-12-07 05:00,LONG,15907.25,15887.25,2023-12-07 06:00,TIME_LIMIT,61,100.25,91.00
PCT_R0.22pct,2023-12-08,2023-12-07 14:37,DOWN,2023-12-07 21:35,SHORT,15996.75,16016.75,2023-12-07 22:35,TIME_LIMIT,61,8.50,-11.50
PCT_R0.22pct,2023-12-08,2023-12-07 22:04,UP,2023-12-08 00:09,LONG,16019.75,15999.75,2023-12-08 01:09,TIME_LIMIT,61,19.00,8.50
PCT_R0.22pct,2023-12-08,2023-12-08 00:48,DOWN,2023-12-08 01:50,SHORT,16000.75,16020.75,2023-12-08 02:50,TIME_LIMIT,61,30.00,10.50
PCT_R0.22pct,2023-12-08,2023-12-08 04:32,UP,2023-12-08 04:42,LONG,15998.75,15978.75,2023-12-08 04:57,STOP_HIT,16,27.25,-20.00
PCT_R0.22pct,2023-12-08,2023-12-08 06:32,DOWN,2023-12-08 06:44,SHORT,16014.25,16034.25,2023-12-08 06:55,STOP_HIT,12,1.75,-20.00
PCT_R0.22pct,2023-12-08,2023-12-08 07:15,UP,2023-12-08 07:25,LONG,16045.75,16025.75,2023-12-08 08:25,TIME_LIMIT,61,36.75,27.00
PCT_R0.22pct,2023-12-11,2023-12-10 13:12,DOWN,2023-12-10 14:42,SHORT,16078.75,16098.75,2023-12-10 15:42,TIME_LIMIT,61,16.25,11.00
PCT_R0.22pct,2023-12-11,2023-12-10 19:26,UP,2023-12-10 23:19,LONG,16082.75,16062.75,2023-12-11 00:19,TIME_LIMIT,61,8.00,0.75
PCT_R0.22pct,2023-12-11,2023-12-10 23:25,DOWN,2023-12-11 01:17,SHORT,16054.00,16074.00,2023-12-11 02:00,STOP_HIT,44,8.50,-20.00
PCT_R0.22pct,2023-12-11,2023-12-11 01:25,UP,2023-12-11 02:18,LONG,16082.25,16062.25,2023-12-11 03:02,STOP_HIT,45,3.50,-20.00
PCT_R0.22pct,2023-12-12,2023-12-11 13:07,UP,2023-12-11 14:22,LONG,16263.25,16243.25,2023-12-11 15:22,TIME_LIMIT,61,8.50,-12.50
PCT_R0.22pct,2023-12-12,2023-12-12 03:39,DOWN,2023-12-12 03:49,SHORT,16259.50,16279.50,2023-12-12 04:49,TIME_LIMIT,61,74.25,33.50
PCT_R0.22pct,2023-12-12,2023-12-12 04:43,UP,2023-12-12 05:24,LONG,16257.75,16237.75,2023-12-12 06:24,TIME_LIMIT,61,49.25,45.50
PCT_R0.22pct,2023-12-13,2023-12-12 13:00,UP,2023-12-13 03:31,LONG,16408.25,16388.25,2023-12-13 04:31,TIME_LIMIT,61,22.00,20.50
PCT_R0.22pct,2023-12-13,2023-12-13 04:38,DOWN,2023-12-13 04:59,SHORT,16398.00,16418.00,2023-12-13 05:11,STOP_HIT,13,5.50,-20.00
PCT_R0.22pct,2023-12-13,2023-12-13 04:57,UP,2023-12-13 05:19,LONG,16423.50,16403.50,2023-12-13 06:11,STOP_HIT,53,13.25,-20.00
PCT_R0.22pct,2023-12-13,2023-12-13 05:46,DOWN,2023-12-13 06:21,SHORT,16402.50,16422.50,2023-12-13 07:21,TIME_LIMIT,61,23.00,6.50
PCT_R0.22pct,2023-12-14,2023-12-13 13:00,UP,2023-12-13 13:45,LONG,16600.00,16580.00,2023-12-13 14:45,TIME_LIMIT,61,39.25,35.25
PCT_R0.22pct,2023-12-14,2023-12-13 16:26,DOWN,2023-12-13 23:03,SHORT,16624.25,16644.25,2023-12-14 00:04,TIME_LIMIT,61,17.75,5.75
PCT_R0.22pct,2023-12-14,2023-12-14 03:32,UP,2023-12-14 04:09,LONG,16648.00,16628.00,2023-12-14 04:12,STOP_HIT,4,0.50,-20.00
PCT_R0.22pct,2023-12-14,2023-12-14 04:30,UP,2023-12-14 04:42,LONG,16642.75,16622.75,2023-12-14 04:50,STOP_HIT,9,16.25,-20.00
PCT_R0.22pct,2024-02-15,2024-02-14 15:18,UP,2024-02-14 19:31,LONG,17882.25,17862.25,2024-02-14 20:31,TIME_LIMIT,61,0.50,-5.50
PCT_R0.22pct,2024-02-15,2024-02-14 22:28,DOWN,2024-02-15 03:07,SHORT,17900.25,17920.25,2024-02-15 03:30,STOP_HIT,24,13.25,-20.00
PCT_R0.22pct,2024-02-15,2024-02-14 23:52,UP,2024-02-15 03:31,LONG,17911.75,17891.75,2024-02-15 03:49,STOP_HIT,19,21.75,-20.00
PCT_R0.22pct,2024-02-15,2024-02-15 03:33,DOWN,2024-02-15 04:08,SHORT,17886.25,17906.25,2024-02-15 05:08,TIME_LIMIT,61,89.25,57.50
PCT_R0.22pct,2024-02-15,2024-02-15 06:09,UP,2024-02-15 08:22,LONG,17916.25,17896.25,2024-02-15 08:55,STOP_HIT,34,16.75,-20.00
PCT_R0.22pct,2024-02-16,2024-02-15 13:00,DOWN,2024-02-15 15:40,SHORT,17919.25,17939.25,2024-02-15 16:40,TIME_LIMIT,61,8.00,-12.50
PCT_R0.22pct,2024-02-16,2024-02-15 15:41,UP,2024-02-15 20:58,LONG,17951.00,17931.00,2024-02-15 21:58,TIME_LIMIT,61,23.75,17.25
PCT_R0.22pct,2024-02-16,2024-02-16 06:58,DOWN,2024-02-16 07:21,SHORT,17856.50,17876.50,2024-02-16 07:28,STOP_HIT,8,3.50,-20.00
PCT_R0.22pct,2024-02-16,2024-02-16 08:11,UP,2024-02-16 09:33,LONG,17887.50,17867.50,2024-02-16 09:38,STOP_HIT,6,0.25,-20.00
PCT_R0.22pct,2024-02-19,2024-02-18 13:00,UP,2024-02-18 13:10,LONG,17780.75,17760.75,2024-02-18 14:10,TIME_LIMIT,61,12.00,-5.75
PCT_R0.22pct,2024-02-19,2024-02-18 15:03,DOWN,2024-02-18 15:33,SHORT,17765.00,17785.00,2024-02-18 16:33,TIME_LIMIT,61,18.25,-2.75
PCT_R0.22pct,2024-02-19,2024-02-18 15:41,UP,2024-02-18 19:41,LONG,17786.00,17766.00,2024-02-18 20:41,TIME_LIMIT,61,2.00,-1.25
PCT_R0.22pct,2024-02-19,2024-02-18 22:24,UP,2024-02-18 22:51,LONG,17776.75,17756.75,2024-02-18 23:51,TIME_LIMIT,61,11.00,-1.50
PCT_R0.22pct,2024-02-20,2024-02-19 13:00,DOWN,2024-02-19 13:14,SHORT,17763.75,17783.75,2024-02-19 14:14,TIME_LIMIT,61,29.00,24.25
PCT_R0.22pct,2024-02-20,2024-02-19 21:20,DOWN,2024-02-19 22:19,SHORT,17684.25,17704.25,2024-02-19 23:15,STOP_HIT,57,48.25,-20.00
PCT_R0.22pct,2024-02-20,2024-02-20 03:42,DOWN,2024-02-20 04:26,SHORT,17657.50,17677.50,2024-02-20 04:30,STOP_HIT,5,10.25,-20.00
PCT_R0.22pct,2024-02-20,2024-02-20 10:28,DOWN,2024-02-20 10:39,SHORT,17553.75,17573.75,2024-02-20 10:45,STOP_HIT,7,5.75,-20.00
PCT_R0.22pct,2024-02-20,2024-02-20 10:35,UP,2024-02-20 10:45,LONG,17571.00,17551.00,2024-02-20 11:45,TIME_LIMIT,61,43.50,25.00
PCT_R0.22pct,2024-02-21,2024-02-20 13:12,DOWN,2024-02-20 15:01,SHORT,17551.25,17571.25,2024-02-20 16:01,TIME_LIMIT,61,12.75,-12.50
PCT_R0.22pct,2024-02-21,2024-02-20 15:34,UP,2024-02-20 21:26,LONG,17579.75,17559.75,2024-02-20 22:10,STOP_HIT,45,6.25,-20.00
PCT_R0.22pct,2024-02-21,2024-02-20 21:32,DOWN,2024-02-20 22:17,SHORT,17546.00,17566.00,2024-02-20 23:17,TIME_LIMIT,61,32.00,25.00
PCT_R0.22pct,2024-02-21,2024-02-21 05:04,DOWN,2024-02-21 05:27,SHORT,17476.75,17496.75,2024-02-21 06:07,STOP_HIT,41,22.50,-20.00
PCT_R0.22pct,2024-02-21,2024-02-21 06:15,DOWN,2024-02-21 06:33,SHORT,17485.50,17505.50,2024-02-21 06:53,STOP_HIT,21,11.25,-20.00
PCT_R0.22pct,2024-02-21,2024-02-21 06:48,UP,2024-02-21 06:58,LONG,17511.00,17491.00,2024-02-21 07:03,STOP_HIT,6,1.25,-20.00
PCT_R0.22pct,2024-02-21,2024-02-21 06:56,DOWN,2024-02-21 07:06,SHORT,17462.75,17482.75,2024-02-21 07:59,STOP_HIT,54,27.50,-20.00
PCT_R0.22pct,2024-02-21,2024-02-21 09:43,UP,2024-02-21 11:13,LONG,17526.00,17506.00,2024-02-21 11:21,STOP_HIT,9,92.25,-20.00
PCT_R0.22pct,2024-02-22,2024-02-21 13:08,UP,2024-02-21 14:04,LONG,17718.00,17698.00,2024-02-21 15:04,TIME_LIMIT,61,69.25,54.75
PCT_R0.22pct,2024-02-22,2024-02-22 04:30,DOWN,2024-02-22 04:40,SHORT,17893.00,17913.00,2024-02-22 04:45,STOP_HIT,6,8.00,-20.00
PCT_R0.22pct,2024-02-22,2024-02-22 04:34,UP,2024-02-22 04:44,LONG,17902.25,17882.25,2024-02-22 05:44,TIME_LIMIT,61,72.75,32.00
PCT_R0.22pct,2024-02-23,2024-02-22 19:24,DOWN,2024-02-22 22:08,SHORT,18019.25,18039.25,2024-02-22 22:41,STOP_HIT,34,1.25,-20.00
PCT_R0.22pct,2024-02-23,2024-02-22 23:28,UP,2024-02-23 02:29,LONG,18036.25,18016.25,2024-02-23 03:29,TIME_LIMIT,61,29.00,24.00
PCT_R0.22pct,2024-02-23,2024-02-23 04:37,DOWN,2024-02-23 05:42,SHORT,18060.00,18080.00,2024-02-23 06:42,TIME_LIMIT,61,114.00,57.25
PCT_R0.22pct,2024-02-23,2024-02-23 07:32,UP,2024-02-23 08:28,LONG,18052.25,18032.25,2024-02-23 08:44,STOP_HIT,17,7.25,-20.00
PCT_R0.22pct,2024-02-23,2024-02-23 08:20,DOWN,2024-02-23 09:03,SHORT,18013.25,18033.25,2024-02-23 09:07,STOP_HIT,5,1.50,-20.00
PCT_R0.22pct,2024-02-26,2024-02-25 13:00,UP,2024-02-25 13:13,LONG,17978.75,17958.75,2024-02-25 14:02,STOP_HIT,50,9.50,-20.00
PCT_R0.22pct,2024-02-26,2024-02-25 13:37,DOWN,2024-02-25 14:43,SHORT,17951.00,17971.00,2024-02-25 15:43,TIME_LIMIT,61,29.00,-3.00
PCT_R0.22pct,2024-02-26,2024-02-25 14:56,UP,2024-02-25 16:59,LONG,17952.75,17932.75,2024-02-25 17:59,TIME_LIMIT,61,2.25,-4.50
PCT_R0.22pct,2024-02-26,2024-02-26 04:47,UP,2024-02-26 05:06,LONG,17997.75,17977.75,2024-02-26 06:06,TIME_LIMIT,61,43.75,15.75
PCT_R0.22pct,2024-02-26,2024-02-26 06:07,UP,2024-02-26 06:33,LONG,18022.75,18002.75,2024-02-26 07:33,TIME_LIMIT,61,36.75,26.50
PCT_R0.22pct,2024-02-26,2024-02-26 07:32,DOWN,2024-02-26 08:47,SHORT,18009.00,18029.00,2024-02-26 09:05,STOP_HIT,19,18.00,-20.00
PCT_R0.22pct,2024-02-26,2024-02-26 08:35,UP,2024-02-26 09:15,LONG,18008.50,17988.50,2024-02-26 10:15,TIME_LIMIT,61,33.25,22.00
PCT_R0.22pct,2024-02-26,2024-02-26 09:31,DOWN,2024-02-26 10:34,SHORT,17999.50,18019.50,2024-02-26 11:34,TIME_LIMIT,61,42.50,34.25
PCT_R0.22pct,2024-02-27,2024-02-26 13:43,DOWN,2024-02-26 19:44,SHORT,17928.75,17948.75,2024-02-26 20:44,TIME_LIMIT,61,0.00,-13.25
PCT_R0.22pct,2024-02-27,2024-02-26 19:43,UP,2024-02-26 21:41,LONG,17981.50,17961.50,2024-02-26 22:37,STOP_HIT,57,8.50,-20.00
PCT_R0.22pct,2024-02-27,2024-02-27 03:58,DOWN,2024-02-27 04:43,SHORT,17948.75,17968.75,2024-02-27 04:48,STOP_HIT,6,7.75,-20.00
PCT_R0.22pct,2024-02-27,2024-02-27 05:00,DOWN,2024-02-27 05:12,SHORT,18000.50,18020.50,2024-02-27 05:19,STOP_HIT,8,6.25,-20.00
PCT_R0.22pct,2024-02-27,2024-02-27 05:06,UP,2024-02-27 05:19,LONG,18017.25,17997.25,2024-02-27 05:27,STOP_HIT,9,15.25,-20.00
PCT_R0.22pct,2024-02-27,2024-02-27 05:45,UP,2024-02-27 06:08,LONG,17999.50,17979.50,2024-02-27 06:20,STOP_HIT,13,6.75,-20.00
PCT_R0.22pct,2024-02-27,2024-02-27 05:49,DOWN,2024-02-27 06:13,SHORT,17997.50,18017.50,2024-02-27 07:13,TIME_LIMIT,61,32.50,-3.75
PCT_R0.22pct,2024-02-27,2024-02-27 06:43,UP,2024-02-27 06:58,LONG,18002.00,17982.00,2024-02-27 07:22,STOP_HIT,25,8.00,-20.00
PCT_R0.22pct,2024-02-27,2024-02-27 07:07,DOWN,2024-02-27 07:23,SHORT,17969.75,17989.75,2024-02-27 08:23,TIME_LIMIT,61,61.00,12.25
PCT_R0.22pct,2024-02-27,2024-02-27 08:00,UP,2024-02-27 10:36,LONG,18004.50,17984.50,2024-02-27 11:36,TIME_LIMIT,61,24.50,16.75
PCT_R0.22pct,2024-02-28,2024-02-27 13:04,DOWN,2024-02-27 21:29,SHORT,17978.75,17998.75,2024-02-27 22:29,TIME_LIMIT,61,24.50,16.75
PCT_R0.22pct,2024-02-28,2024-02-28 03:32,DOWN,2024-02-28 03:43,SHORT,17919.25,17939.25,2024-02-28 03:45,STOP_HIT,3,0.50,-20.00
PCT_R0.22pct,2024-02-28,2024-02-28 04:34,UP,2024-02-28 04:44,LONG,17918.25,17898.25,2024-02-28 04:50,STOP_HIT,7,5.75,-20.00
PCT_R0.22pct,2024-02-28,2024-02-28 06:46,DOWN,2024-02-28 08:01,SHORT,17911.25,17931.25,2024-02-28 08:22,STOP_HIT,22,17.25,-20.00
PCT_R0.22pct,2024-02-28,2024-02-28 08:08,UP,2024-02-28 08:27,LONG,17939.00,17919.00,2024-02-28 09:11,STOP_HIT,45,17.25,-20.00
PCT_R0.22pct,2024-02-28,2024-02-28 08:40,DOWN,2024-02-28 09:22,SHORT,17916.00,17936.00,2024-02-28 10:22,TIME_LIMIT,61,32.00,-1.75
PCT_R0.22pct,2024-02-29,2024-02-28 13:00,UP,2024-02-28 14:48,LONG,17903.25,17883.25,2024-02-28 15:48,TIME_LIMIT,61,2.00,-6.75
PCT_R0.22pct,2024-02-29,2024-02-28 19:03,DOWN,2024-02-28 22:09,SHORT,17877.00,17897.00,2024-02-28 23:09,TIME_LIMIT,61,51.00,22.25
PCT_R0.22pct,2024-02-29,2024-02-29 05:10,DOWN,2024-02-29 05:20,SHORT,18007.75,18027.75,2024-02-29 05:25,STOP_HIT,6,8.25,-20.00
PCT_R0.22pct,2024-02-29,2024-02-29 05:13,UP,2024-02-29 05:23,LONG,18019.25,17999.25,2024-02-29 05:45,STOP_HIT,23,18.25,-20.00
PCT_R0.22pct,2024-02-29,2024-02-29 05:39,DOWN,2024-02-29 05:49,SHORT,18026.25,18046.25,2024-02-29 06:49,TIME_LIMIT,61,128.00,66.75
PCT_R0.22pct,2024-02-29,2024-02-29 05:49,DOWN,2024-02-29 05:59,SHORT,18005.50,18025.50,2024-02-29 06:59,TIME_LIMIT,61,107.25,21.00
PCT_R0.22pct,2024-02-29,2024-02-29 06:41,UP,2024-02-29 09:16,LONG,18045.00,18025.00,2024-02-29 09:27,STOP_HIT,12,14.25,-20.00
PCT_R0.22pct,2024-03-01,2024-02-29 13:36,UP,2024-02-29 15:03,LONG,18084.50,18064.50,2024-02-29 16:03,TIME_LIMIT,61,37.25,28.75
PCT_R0.22pct,2024-03-01,2024-02-29 21:34,DOWN,2024-03-01 00:23,SHORT,18054.25,18074.25,2024-03-01 00:38,STOP_HIT,16,24.75,-20.00
PCT_R0.22pct,2024-03-01,2024-03-01 03:18,DOWN,2024-03-01 03:43,SHORT,18073.75,18093.75,2024-03-01 03:46,STOP_HIT,4,2.00,-20.00
PCT_R0.22pct,2024-03-01,2024-03-01 03:42,UP,2024-03-01 04:31,LONG,18112.00,18092.00,2024-03-01 05:31,TIME_LIMIT,61,84.75,48.75
PCT_R0.22pct,2024-03-01,2024-03-01 04:48,UP,2024-03-01 05:01,LONG,18147.50,18127.50,2024-03-01 05:04,STOP_HIT,4,10.00,-20.00
PCT_R0.22pct,2024-03-04,2024-03-03 14:07,UP,2024-03-03 22:10,LONG,18368.00,18348.00,2024-03-03 23:10,TIME_LIMIT,61,9.75,-4.50
PCT_R0.22pct,2024-03-04,2024-03-03 23:06,DOWN,2024-03-03 23:38,SHORT,18341.50,18361.50,2024-03-04 00:38,TIME_LIMIT,61,23.00,16.00
PCT_R0.22pct,2024-03-04,2024-03-04 01:08,UP,2024-03-04 03:37,LONG,18339.75,18319.75,2024-03-04 04:27,STOP_HIT,51,6.50,-20.00
PCT_R0.22pct,2024-03-04,2024-03-04 05:47,DOWN,2024-03-04 06:33,SHORT,18289.75,18309.75,2024-03-04 06:42,STOP_HIT,10,8.50,-20.00
PCT_R0.22pct,2024-03-04,2024-03-04 06:35,UP,2024-03-04 07:24,LONG,18320.75,18300.75,2024-03-04 07:39,STOP_HIT,16,6.75,-20.00
PCT_R0.22pct,2024-03-04,2024-03-04 08:25,UP,2024-03-04 09:52,LONG,18337.00,18317.00,2024-03-04 10:29,STOP_HIT,38,9.00,-20.00
PCT_R0.22pct,2024-03-04,2024-03-04 09:39,DOWN,2024-03-04 11:01,SHORT,18254.50,18274.50,2024-03-04 11:59,TIME_EXPIRED,59,20.25,10.25
PCT_R0.22pct,2024-03-05,2024-03-04 13:00,DOWN,2024-03-04 15:22,SHORT,18209.00,18229.00,2024-03-04 16:22,TIME_LIMIT,61,17.00,3.25
PCT_R0.22pct,2024-03-05,2024-03-05 02:16,DOWN,2024-03-05 03:26,SHORT,18165.25,18185.25,2024-03-05 04:26,TIME_LIMIT,61,45.50,38.25
PCT_R0.22pct,2024-03-06,2024-03-05 13:00,DOWN,2024-03-05 14:50,SHORT,17948.50,17968.50,2024-03-05 15:50,TIME_LIMIT,61,6.00,-8.75
PCT_R0.22pct,2024-03-06,2024-03-05 14:51,UP,2024-03-05 17:52,LONG,17983.00,17963.00,2024-03-05 18:52,TIME_LIMIT,61,5.00,-3.50
PCT_R0.22pct,2024-03-06,2024-03-06 04:45,DOWN,2024-03-06 04:55,SHORT,18062.50,18082.50,2024-03-06 05:55,TIME_LIMIT,61,99.00,-8.50
PCT_R0.22pct,2024-03-06,2024-03-06 05:27,UP,2024-03-06 06:11,LONG,18100.75,18080.75,2024-03-06 06:32,STOP_HIT,22,7.00,-20.00
PCT_R0.22pct,2024-03-07,2024-03-06 13:10,DOWN,2024-03-06 14:21,SHORT,18007.25,18027.25,2024-03-06 15:21,TIME_LIMIT,61,55.00,20.50
PCT_R0.22pct,2024-03-07,2024-03-06 16:25,UP,2024-03-06 20:42,LONG,17986.00,17966.00,2024-03-06 20:51,STOP_HIT,10,0.00,-20.00
PCT_R0.22pct,2024-03-07,2024-03-06 20:31,DOWN,2024-03-06 21:02,SHORT,17952.50,17972.50,2024-03-06 22:02,TIME_LIMIT,61,15.75,-8.75
PCT_R0.22pct,2024-03-07,2024-03-06 22:12,UP,2024-03-06 22:36,LONG,17970.75,17950.75,2024-03-06 23:36,TIME_LIMIT,61,99.00,86.00
PCT_R0.22pct,2024-03-08,2024-03-07 13:00,DOWN,2024-03-07 14:12,SHORT,18252.00,18272.00,2024-03-07 14:27,STOP_HIT,16,0.75,-20.00
PCT_R0.22pct,2024-03-08,2024-03-07 14:11,UP,2024-03-07 17:36,LONG,18288.50,18268.50,2024-03-07 18:36,TIME_LIMIT,61,21.50,-0.50
PCT_R0.22pct,2024-03-08,2024-03-08 04:02,DOWN,2024-03-08 04:32,SHORT,18317.25,18337.25,2024-03-08 04:34,STOP_HIT,3,1.75,-20.00
PCT_R0.22pct,2024-03-08,2024-03-08 04:38,UP,2024-03-08 04:48,LONG,18349.25,18329.25,2024-03-08 05:48,TIME_LIMIT,61,87.25,19.75
PCT_R0.22pct,2024-03-11,2024-03-10 14:00,DOWN,2024-03-10 14:10,SHORT,18007.00,18027.00,2024-03-10 14:34,STOP_HIT,25,8.25,-20.00
PCT_R0.22pct,2024-03-11,2024-03-10 14:43,UP,2024-03-10 15:44,LONG,18023.00,18003.00,2024-03-10 16:44,TIME_LIMIT,61,23.75,-9.25
PCT_R0.22pct,2024-03-11,2024-03-10 17:42,DOWN,2024-03-10 18:34,SHORT,18014.75,18034.75,2024-03-10 19:34,TIME_LIMIT,61,5.25,2.25
PCT_R0.22pct,2024-03-11,2024-03-10 20:00,UP,2024-03-10 23:22,LONG,18019.75,17999.75,2024-03-11 00:04,STOP_HIT,43,23.50,-20.00
PCT_R0.22pct,2024-03-11,2024-03-10 23:09,DOWN,2024-03-11 00:05,SHORT,17998.50,18018.50,2024-03-11 00:07,STOP_HIT,3,10.50,-20.00
PCT_R0.22pct,2024-03-11,2024-03-11 00:36,DOWN,2024-03-11 00:49,SHORT,17982.50,18002.50,2024-03-11 00:56,STOP_HIT,8,26.25,-20.00
PCT_R0.22pct,2024-03-11,2024-03-11 00:51,UP,2024-03-11 01:11,LONG,18020.50,18000.50,2024-03-11 02:11,TIME_LIMIT,61,31.25,5.25
PCT_R0.22pct,2024-03-11,2024-03-11 02:25,UP,2024-03-11 02:41,LONG,18040.00,18020.00,2024-03-11 03:01,STOP_HIT,21,9.50,-20.00
PCT_R0.22pct,2024-03-11,2024-03-11 02:49,DOWN,2024-03-11 03:20,SHORT,18012.75,18032.75,2024-03-11 04:20,TIME_LIMIT,61,91.00,51.75
PCT_R0.22pct,2024-03-11,2024-03-11 06:39,UP,2024-03-11 06:56,LONG,18014.75,17994.75,2024-03-11 07:00,STOP_HIT,5,0.75,-20.00
PCT_R0.22pct,2024-03-11,2024-03-11 06:55,DOWN,2024-03-11 07:27,SHORT,17948.50,17968.50,2024-03-11 07:46,STOP_HIT,20,29.25,-20.00
PCT_R0.22pct,2024-03-11,2024-03-11 07:32,UP,2024-03-11 08:01,LONG,17988.50,17968.50,2024-03-11 08:03,STOP_HIT,3,0.00,-20.00
PCT_R0.22pct,2024-03-11,2024-03-11 07:59,DOWN,2024-03-11 08:09,SHORT,17969.75,17989.75,2024-03-11 08:19,STOP_HIT,11,23.00,-20.00
PCT_R0.22pct,2024-03-11,2024-03-11 08:11,UP,2024-03-11 08:21,LONG,17985.75,17965.75,2024-03-11 08:51,STOP_HIT,31,11.00,-20.00
PCT_R0.22pct,2024-03-11,2024-03-11 09:01,DOWN,2024-03-11 09:11,SHORT,17964.00,17984.00,2024-03-11 09:23,STOP_HIT,13,17.75,-20.00
PCT_R0.22pct,2024-03-11,2024-03-11 09:13,UP,2024-03-11 09:30,LONG,17992.00,17972.00,2024-03-11 09:39,STOP_HIT,10,15.50,-20.00
PCT_R0.22pct,2024-03-11,2024-03-11 09:32,DOWN,2024-03-11 09:43,SHORT,17954.00,17974.00,2024-03-11 09:56,STOP_HIT,14,13.50,-20.00
PCT_R0.22pct,2024-03-11,2024-03-11 09:47,UP,2024-03-11 10:08,LONG,17983.50,17963.50,2024-03-11 11:08,TIME_LIMIT,61,41.75,9.75
PCT_R0.22pct,2024-03-11,2024-03-11 10:50,DOWN,2024-03-11 11:35,SHORT,17975.00,17995.00,2024-03-11 12:21,STOP_HIT,47,27.25,-20.00
PCT_R0.22pct,2024-03-11,2024-03-11 11:52,UP,2024-03-11 12:11,LONG,17987.50,17967.50,2024-03-11 12:59,TIME_EXPIRED,49,28.25,11.75
PCT_R0.22pct,2024-03-12,2024-03-11 14:00,UP,2024-03-11 14:16,LONG,18044.00,18024.00,2024-03-11 15:18,TIME_LIMIT,61,0.00,-2.00
PCT_R0.22pct,2024-03-12,2024-03-12 00:05,DOWN,2024-03-12 00:29,SHORT,18057.75,18077.75,2024-03-12 01:29,TIME_LIMIT,61,27.50,7.25
PCT_R0.22pct,2024-03-12,2024-03-12 04:45,DOWN,2024-03-12 05:29,SHORT,18062.25,18082.25,2024-03-12 05:30,STOP_HIT,2,5.00,-20.00
PCT_R0.22pct,2024-03-12,2024-03-12 05:12,UP,2024-03-12 05:31,LONG,18083.75,18063.75,2024-03-12 05:31,STOP_HIT,1,5.50,-20.00
PCT_R0.22pct,2024-03-12,2024-03-12 05:46,UP,2024-03-12 06:25,LONG,18110.00,18090.00,2024-03-12 07:25,TIME_LIMIT,61,98.00,92.50
PCT_R0.22pct,2024-03-13,2024-03-12 15:23,DOWN,2024-03-12 19:16,SHORT,18197.25,18217.25,2024-03-12 20:13,STOP_HIT,56,0.00,-20.00
PCT_R0.22pct,2024-03-13,2024-03-12 19:15,UP,2024-03-12 21:58,LONG,18236.25,18216.25,2024-03-12 22:59,TIME_LIMIT,61,0.25,-9.00
PCT_R0.22pct,2024-03-13,2024-03-13 00:00,DOWN,2024-03-13 00:31,SHORT,18197.75,18217.75,2024-03-13 01:31,TIME_LIMIT,61,9.50,-9.25
PCT_R0.22pct,2024-03-13,2024-03-13 00:51,UP,2024-03-13 03:01,LONG,18225.00,18205.00,2024-03-13 04:01,TIME_LIMIT,61,13.00,-11.00
PCT_R0.22pct,2024-03-13,2024-03-13 03:12,DOWN,2024-03-13 04:16,SHORT,18205.00,18225.00,2024-03-13 05:16,TIME_LIMIT,61,40.00,18.75
PCT_R0.22pct,2024-03-13,2024-03-13 07:43,UP,2024-03-13 10:12,LONG,18123.75,18103.75,2024-03-13 11:12,TIME_LIMIT,61,29.25,-1.25
PCT_R0.22pct,2024-03-14,2024-03-13 14:00,UP,2024-03-13 17:46,LONG,18128.25,18108.25,2024-03-13 18:48,TIME_LIMIT,61,1.25,-0.50
PCT_R0.22pct,2024-03-14,2024-03-14 04:43,DOWN,2024-03-14 05:09,SHORT,18106.75,18126.75,2024-03-14 05:29,STOP_HIT,21,13.50,-20.00
PCT_R0.22pct,2024-03-14,2024-03-14 05:32,UP,2024-03-14 05:42,LONG,18126.00,18106.00,2024-03-14 05:45,STOP_HIT,4,9.25,-20.00
PCT_R0.22pct,2024-03-14,2024-03-14 05:38,DOWN,2024-03-14 05:48,SHORT,18068.00,18088.00,2024-03-14 06:30,STOP_HIT,43,109.75,-20.00
PCT_R0.22pct,2024-03-14,2024-03-14 10:12,DOWN,2024-03-14 10:32,SHORT,18041.00,18061.00,2024-03-14 10:48,STOP_HIT,17,19.00,-20.00
PCT_R0.22pct,2024-05-23,2024-05-22 14:22,UP,2024-05-22 17:30,LONG,18884.50,18864.50,2024-05-22 18:30,TIME_LIMIT,61,26.00,21.00
PCT_R0.22pct,2024-05-23,2024-05-22 20:20,DOWN,2024-05-23 01:59,SHORT,18947.25,18967.25,2024-05-23 02:57,STOP_HIT,59,4.75,-20.00
PCT_R0.22pct,2024-05-23,2024-05-22 23:59,UP,2024-05-23 02:59,LONG,18969.25,18949.25,2024-05-23 03:59,TIME_LIMIT,61,22.00,19.50
PCT_R0.22pct,2024-05-23,2024-05-23 04:47,DOWN,2024-05-23 05:37,SHORT,18943.00,18963.00,2024-05-23 06:37,TIME_LIMIT,61,105.00,36.50
PCT_R0.22pct,2024-05-23,2024-05-23 08:01,DOWN,2024-05-23 08:13,SHORT,18897.50,18917.50,2024-05-23 08:24,STOP_HIT,12,4.25,-20.00
PCT_R0.22pct,2024-05-23,2024-05-23 08:12,UP,2024-05-23 08:32,LONG,18924.75,18904.75,2024-05-23 08:41,STOP_HIT,10,2.75,-20.00
PCT_R0.22pct,2024-05-23,2024-05-23 08:31,DOWN,2024-05-23 08:48,SHORT,18874.50,18894.50,2024-05-23 09:48,TIME_LIMIT,61,118.25,104.25
PCT_R0.22pct,2024-05-24,2024-05-23 14:00,UP,2024-05-23 16:46,LONG,18720.75,18700.75,2024-05-23 17:46,TIME_LIMIT,61,7.00,4.50
PCT_R0.22pct,2024-05-24,2024-05-23 17:55,DOWN,2024-05-23 22:59,SHORT,18691.75,18711.75,2024-05-23 23:59,TIME_LIMIT,61,9.00,-13.50
PCT_R0.22pct,2024-05-24,2024-05-23 23:16,UP,2024-05-24 00:25,LONG,18724.25,18704.25,2024-05-24 01:25,TIME_LIMIT,61,21.25,7.25
PCT_R0.22pct,2024-05-24,2024-05-24 05:46,DOWN,2024-05-24 05:57,SHORT,18747.50,18767.50,2024-05-24 06:00,STOP_HIT,4,10.50,-20.00
PCT_R0.22pct,2024-05-27,2024-05-26 14:15,DOWN,2024-05-26 15:39,SHORT,18843.00,18863.00,2024-05-26 16:39,TIME_LIMIT,61,9.50,-3.25
PCT_R0.22pct,2024-05-27,2024-05-26 16:00,UP,2024-05-26 22:28,LONG,18874.50,18854.50,2024-05-26 23:28,TIME_LIMIT,61,14.50,5.25
PCT_R0.22pct,2024-05-28,2024-05-27 14:00,DOWN,2024-05-27 14:26,SHORT,18914.50,18934.50,2024-05-27 15:26,TIME_LIMIT,61,9.75,2.00
PCT_R0.22pct,2024-05-28,2024-05-27 16:12,UP,2024-05-27 19:34,LONG,18925.75,18905.75,2024-05-27 20:34,TIME_LIMIT,61,6.00,2.75
PCT_R0.22pct,2024-05-28,2024-05-28 01:00,DOWN,2024-05-28 03:22,SHORT,18914.50,18934.50,2024-05-28 04:22,TIME_LIMIT,61,5.25,-6.75
PCT_R0.22pct,2024-05-28,2024-05-28 05:47,UP,2024-05-28 08:43,LONG,18932.75,18912.75,2024-05-28 09:02,STOP_HIT,20,11.00,-20.00
PCT_R0.22pct,2024-05-28,2024-05-28 08:48,DOWN,2024-05-28 09:08,SHORT,18914.00,18934.00,2024-05-28 09:32,STOP_HIT,25,2.00,-20.00
PCT_R0.22pct,2024-05-28,2024-05-28 09:40,DOWN,2024-05-28 09:52,SHORT,18903.75,18923.75,2024-05-28 10:11,STOP_HIT,20,12.50,-20.00
PCT_R0.22pct,2024-05-29,2024-05-28 14:00,DOWN,2024-05-28 16:42,SHORT,18907.50,18927.50,2024-05-28 17:42,TIME_LIMIT,61,5.00,2.00
PCT_R0.22pct,2024-05-29,2024-05-29 05:28,UP,2024-05-29 06:26,LONG,18860.25,18840.25,2024-05-29 07:09,STOP_HIT,44,19.50,-20.00
PCT_R0.22pct,2024-05-29,2024-05-29 08:56,DOWN,2024-05-29 09:43,SHORT,18820.75,18840.75,2024-05-29 09:50,STOP_HIT,8,1.25,-20.00
PCT_R0.22pct,2024-05-29,2024-05-29 09:37,UP,2024-05-29 09:54,LONG,18857.25,18837.25,2024-05-29 10:29,STOP_HIT,36,8.25,-20.00
PCT_R0.22pct,2024-05-29,2024-05-29 10:09,DOWN,2024-05-29 10:41,SHORT,18830.25,18850.25,2024-05-29 11:23,STOP_HIT,43,16.25,-20.00
PCT_R0.22pct,2024-05-29,2024-05-29 10:45,UP,2024-05-29 11:31,LONG,18846.00,18826.00,2024-05-29 11:47,STOP_HIT,17,10.25,-20.00
PCT_R0.22pct,2024-05-29,2024-05-29 11:29,DOWN,2024-05-29 11:52,SHORT,18801.25,18821.25,2024-05-29 12:52,TIME_LIMIT,61,61.00,60.00
PCT_R0.22pct,2024-05-30,2024-05-29 14:00,DOWN,2024-05-29 14:48,SHORT,18723.50,18743.50,2024-05-29 15:48,TIME_LIMIT,61,18.50,2.25
PCT_R0.22pct,2024-05-30,2024-05-29 22:59,UP,2024-05-30 00:03,LONG,18708.50,18688.50,2024-05-30 01:03,TIME_LIMIT,61,29.50,28.00
PCT_R0.22pct,2024-05-30,2024-05-30 05:37,UP,2024-05-30 05:47,LONG,18739.00,18719.00,2024-05-30 05:56,STOP_HIT,10,15.25,-20.00
PCT_R0.22pct,2024-05-30,2024-05-30 05:48,DOWN,2024-05-30 06:12,SHORT,18705.75,18725.75,2024-05-30 06:22,STOP_HIT,11,21.50,-20.00
PCT_R0.22pct,2024-05-30,2024-05-30 09:42,DOWN,2024-05-30 10:05,SHORT,18688.75,18708.75,2024-05-30 11:05,TIME_LIMIT,61,38.00,20.75
PCT_R0.22pct,2024-05-31,2024-05-30 14:00,DOWN,2024-05-30 16:12,SHORT,18550.50,18570.50,2024-05-30 17:12,TIME_LIMIT,61,48.00,3.50
PCT_R0.22pct,2024-05-31,2024-05-30 16:39,UP,2024-05-30 17:51,LONG,18541.75,18521.75,2024-05-30 18:51,TIME_LIMIT,61,20.00,-6.25
PCT_R0.22pct,2024-05-31,2024-05-30 19:31,DOWN,2024-05-30 23:36,SHORT,18526.25,18546.25,2024-05-31 00:10,STOP_HIT,35,12.75,-20.00
PCT_R0.22pct,2024-05-31,2024-05-30 23:40,UP,2024-05-31 00:33,LONG,18570.50,18550.50,2024-05-31 00:52,STOP_HIT,20,2.25,-20.00
PCT_R0.22pct,2024-05-31,2024-05-31 00:33,DOWN,2024-05-31 01:06,SHORT,18529.25,18549.25,2024-05-31 01:31,STOP_HIT,26,3.50,-20.00
PCT_R0.22pct,2024-05-31,2024-05-31 02:53,UP,2024-05-31 04:10,LONG,18568.50,18548.50,2024-05-31 05:10,TIME_LIMIT,61,99.75,64.50
PCT_R0.22pct,2024-05-31,2024-05-31 05:44,DOWN,2024-05-31 05:55,SHORT,18544.25,18564.25,2024-05-31 06:55,TIME_LIMIT,61,188.25,159.00
PCT_R0.22pct,2024-05-31,2024-05-31 10:33,UP,2024-05-31 11:45,LONG,18480.25,18460.25,2024-05-31 12:45,TIME_LIMIT,61,147.00,103.50
PCT_R0.22pct,2024-06-03,2024-06-02 14:00,DOWN,2024-06-02 14:10,SHORT,18547.25,18567.25,2024-06-02 14:15,STOP_HIT,6,2.75,-20.00
PCT_R0.22pct,2024-06-03,2024-06-02 14:05,UP,2024-06-02 14:31,LONG,18573.50,18553.50,2024-06-02 15:31,TIME_LIMIT,61,25.50,20.00
PCT_R0.22pct,2024-06-03,2024-06-02 22:39,DOWN,2024-06-02 23:59,SHORT,18633.50,18653.50,2024-06-03 00:11,STOP_HIT,13,9.00,-20.00
PCT_R0.22pct,2024-06-03,2024-06-02 23:35,UP,2024-06-03 00:22,LONG,18659.25,18639.25,2024-06-03 01:22,TIME_LIMIT,61,19.75,0.75
PCT_R0.22pct,2024-06-03,2024-06-03 05:46,DOWN,2024-06-03 06:00,SHORT,18681.00,18701.00,2024-06-03 06:00,STOP_HIT,1,0.00,-20.00
PCT_R0.22pct,2024-06-03,2024-06-03 06:00,DOWN,2024-06-03 06:10,SHORT,18654.00,18674.00,2024-06-03 06:13,STOP_HIT,4,8.50,-20.00
PCT_R0.22pct,2024-06-03,2024-06-03 06:10,UP,2024-06-03 06:20,LONG,18696.75,18676.75,2024-06-03 06:20,STOP_HIT,1,1.00,-20.00
PCT_R0.22pct,2024-06-03,2024-06-03 06:28,DOWN,2024-06-03 06:38,SHORT,18661.75,18681.75,2024-06-03 07:38,TIME_LIMIT,61,97.50,37.25
PCT_R0.22pct,2024-06-04,2024-06-03 16:38,DOWN,2024-06-03 22:18,SHORT,18635.75,18655.75,2024-06-03 23:18,TIME_LIMIT,61,68.75,52.25
PCT_R0.22pct,2024-06-04,2024-06-04 05:45,DOWN,2024-06-04 05:59,SHORT,18601.50,18621.50,2024-06-04 06:00,STOP_HIT,2,8.75,-20.00
PCT_R0.22pct,2024-06-04,2024-06-04 06:01,DOWN,2024-06-04 06:12,SHORT,18599.25,18619.25,2024-06-04 06:20,STOP_HIT,9,31.50,-20.00
PCT_R0.22pct,2024-06-04,2024-06-04 06:23,UP,2024-06-04 06:33,LONG,18641.75,18621.75,2024-06-04 06:33,STOP_HIT,1,2.50,-20.00
PCT_R0.22pct,2024-06-04,2024-06-04 06:41,DOWN,2024-06-04 07:09,SHORT,18608.75,18628.75,2024-06-04 07:20,STOP_HIT,12,18.75,-20.00
PCT_R0.22pct,2024-06-04,2024-06-04 07:22,DOWN,2024-06-04 07:32,SHORT,18596.50,18616.50,2024-06-04 08:32,TIME_LIMIT,61,25.75,-8.00
PCT_R0.22pct,2024-06-04,2024-06-04 08:14,UP,2024-06-04 08:42,LONG,18618.00,18598.00,2024-06-04 09:07,STOP_HIT,26,34.25,-20.00
PCT_R0.22pct,2024-06-05,2024-06-04 14:08,UP,2024-06-04 15:09,LONG,18734.00,18714.00,2024-06-04 16:09,TIME_LIMIT,61,6.75,0.25
PCT_R0.22pct,2024-06-05,2024-06-04 18:32,DOWN,2024-06-04 23:14,SHORT,18713.25,18733.25,2024-06-04 23:30,STOP_HIT,17,5.25,-20.00
PCT_R0.22pct,2024-06-05,2024-06-04 23:11,UP,2024-06-05 00:23,LONG,18736.50,18716.50,2024-06-05 01:23,TIME_LIMIT,61,43.50,30.25
PCT_R0.22pct,2024-06-06,2024-06-05 16:39,UP,2024-06-05 19:30,LONG,19108.25,19088.25,2024-06-05 20:30,TIME_LIMIT,61,2.75,-10.75
PCT_R0.22pct,2024-06-06,2024-06-06 04:15,DOWN,2024-06-06 04:36,SHORT,19081.00,19101.00,2024-06-06 05:14,STOP_HIT,39,24.00,-20.00
PCT_R0.22pct,2024-06-06,2024-06-06 04:40,UP,2024-06-06 05:08,LONG,19093.50,19073.50,2024-06-06 05:46,STOP_HIT,39,22.25,-20.00
PCT_R0.22pct,2024-06-06,2024-06-06 06:37,DOWN,2024-06-06 07:27,SHORT,19071.00,19091.00,2024-06-06 08:27,TIME_LIMIT,61,31.25,14.50
PCT_R0.22pct,2024-06-06,2024-06-06 09:39,DOWN,2024-06-06 10:06,SHORT,19044.25,19064.25,2024-06-06 10:46,STOP_HIT,41,27.00,-20.00
PCT_R0.22pct,2024-06-07,2024-06-06 14:00,UP,2024-06-06 22:55,LONG,19099.25,19079.25,2024-06-06 23:36,STOP_HIT,42,3.25,-20.00
PCT_R0.22pct,2024-06-07,2024-06-06 23:02,DOWN,2024-06-07 03:06,SHORT,19060.25,19080.25,2024-06-07 03:40,STOP_HIT,35,8.00,-20.00
PCT_R0.22pct,2024-06-07,2024-06-07 03:27,UP,2024-06-07 03:45,LONG,19094.50,19074.50,2024-06-07 04:30,STOP_HIT,46,52.25,-20.00
PCT_R0.22pct,2024-06-07,2024-06-07 05:34,UP,2024-06-07 05:51,LONG,19039.50,19019.50,2024-06-07 05:58,STOP_HIT,8,25.50,-20.00
PCT_R0.22pct,2024-06-07,2024-06-07 05:54,DOWN,2024-06-07 06:13,SHORT,19033.75,19053.75,2024-06-07 06:17,STOP_HIT,5,10.75,-20.00
PCT_R0.22pct,2024-06-07,2024-06-07 05:58,UP,2024-06-07 06:38,LONG,19065.50,19045.50,2024-06-07 07:06,STOP_HIT,29,52.00,-20.00
PCT_R0.22pct,2024-06-07,2024-06-07 07:11,UP,2024-06-07 07:25,LONG,19061.50,19041.50,2024-06-07 08:25,TIME_LIMIT,61,45.00,43.25
PCT_R0.22pct,2024-06-07,2024-06-07 10:47,DOWN,2024-06-07 11:01,SHORT,19039.00,19059.00,2024-06-07 11:02,STOP_HIT,2,4.00,-20.00
PCT_R0.22pct,2024-06-10,2024-06-09 14:00,UP,2024-06-09 14:10,LONG,19054.25,19034.25,2024-06-09 14:45,STOP_HIT,36,5.50,-20.00
PCT_R0.22pct,2024-06-10,2024-06-09 14:11,DOWN,2024-06-09 16:17,SHORT,19017.75,19037.75,2024-06-09 17:17,TIME_LIMIT,61,2.75,-15.75
PCT_R0.22pct,2024-06-10,2024-06-10 01:25,UP,2024-06-10 03:08,LONG,19026.50,19006.50,2024-06-10 04:08,TIME_LIMIT,61,13.00,2.50
PCT_R0.22pct,2024-06-10,2024-06-10 03:34,DOWN,2024-06-10 04:56,SHORT,18997.75,19017.75,2024-06-10 05:35,STOP_HIT,40,20.00,-20.00
PCT_R0.22pct,2024-06-10,2024-06-10 05:31,UP,2024-06-10 05:41,LONG,19014.25,18994.25,2024-06-10 05:46,STOP_HIT,6,8.25,-20.00
PCT_R0.22pct,2024-06-11,2024-06-10 22:01,DOWN,2024-06-11 00:49,SHORT,19067.25,19087.25,2024-06-11 01:49,TIME_LIMIT,61,14.25,9.25
PCT_R0.22pct,2024-06-11,2024-06-11 03:09,UP,2024-06-11 05:34,LONG,19074.75,19054.75,2024-06-11 05:44,STOP_HIT,11,12.75,-20.00
PCT_R0.22pct,2024-06-11,2024-06-11 05:35,DOWN,2024-06-11 05:47,SHORT,19048.00,19068.00,2024-06-11 06:11,STOP_HIT,25,53.50,-20.00
PCT_R0.22pct,2024-06-11,2024-06-11 05:54,UP,2024-06-11 06:22,LONG,19069.25,19049.25,2024-06-11 07:22,TIME_LIMIT,61,67.75,47.75
PCT_R0.22pct,2024-06-12,2024-06-11 14:08,UP,2024-06-11 22:29,LONG,19275.25,19255.25,2024-06-11 22:59,STOP_HIT,31,0.75,-20.00
PCT_R0.22pct,2024-06-12,2024-06-12 10:02,DOWN,2024-06-12 10:12,SHORT,19491.75,19511.75,2024-06-12 10:16,STOP_HIT,5,14.50,-20.00
PCT_R0.22pct,2024-06-12,2024-06-12 10:07,UP,2024-06-12 10:19,LONG,19516.25,19496.25,2024-06-12 10:35,STOP_HIT,17,23.25,-20.00
PCT_R0.22pct,2024-06-12,2024-06-12 10:39,DOWN,2024-06-12 10:52,SHORT,19494.75,19514.75,2024-06-12 10:56,STOP_HIT,5,29.75,-20.00
PCT_R0.22pct,2024-06-12,2024-06-12 11:42,UP,2024-06-12 11:58,LONG,19520.50,19500.50,2024-06-12 11:59,STOP_HIT,2,10.25,-20.00
PCT_R0.22pct,2024-06-12,2024-06-12 11:58,DOWN,2024-06-12 12:08,SHORT,19481.50,19501.50,2024-06-12 12:15,STOP_HIT,8,6.50,-20.00
PCT_R0.22pct,2024-06-12,2024-06-12 12:04,UP,2024-06-12 12:23,LONG,19561.75,19541.75,2024-06-12 12:59,TIME_EXPIRED,37,50.50,48.50
PCT_R0.22pct,2024-06-13,2024-06-12 15:05,UP,2024-06-12 19:13,LONG,19625.25,19605.25,2024-06-12 20:13,TIME_LIMIT,61,13.75,11.25
PCT_R0.22pct,2024-06-13,2024-06-12 23:23,DOWN,2024-06-13 03:03,SHORT,19622.00,19642.00,2024-06-13 04:03,TIME_LIMIT,61,16.25,9.25
PCT_R0.22pct,2024-06-13,2024-06-13 04:32,DOWN,2024-06-13 05:14,SHORT,19626.50,19646.50,2024-06-13 05:32,STOP_HIT,19,6.00,-20.00
PCT_R0.22pct,2024-06-13,2024-06-13 04:50,UP,2024-06-13 05:39,LONG,19657.75,19637.75,2024-06-13 05:42,STOP_HIT,4,5.75,-20.00
PCT_R0.22pct,2024-06-13,2024-06-13 05:40,DOWN,2024-06-13 05:59,SHORT,19630.00,19650.00,2024-06-13 06:01,STOP_HIT,3,9.00,-20.00
PCT_R0.22pct,2024-06-13,2024-06-13 12:00,UP,2024-06-13 12:10,LONG,19610.00,19590.00,2024-06-13 12:59,TIME_EXPIRED,50,7.75,-2.25
PCT_R0.22pct,2024-06-14,2024-06-13 14:00,UP,2024-06-13 18:48,LONG,19637.25,19617.25,2024-06-13 19:48,TIME_LIMIT,61,6.75,4.50
PCT_R0.22pct,2024-06-14,2024-06-13 22:24,DOWN,2024-06-13 23:16,SHORT,19616.25,19636.25,2024-06-13 23:27,STOP_HIT,12,8.25,-20.00
PCT_R0.22pct,2024-06-14,2024-06-13 23:19,UP,2024-06-13 23:31,LONG,19649.25,19629.25,2024-06-14 00:03,STOP_HIT,33,9.25,-20.00
PCT_R0.22pct,2024-06-14,2024-06-13 23:34,DOWN,2024-06-14 00:58,SHORT,19615.25,19635.25,2024-06-14 01:58,TIME_LIMIT,61,57.00,57.00
PCT_R0.22pct,2024-06-14,2024-06-14 06:24,DOWN,2024-06-14 06:43,SHORT,19593.25,19613.25,2024-06-14 06:46,STOP_HIT,4,0.25,-20.00
PCT_R0.22pct,2024-06-14,2024-06-14 06:38,UP,2024-06-14 06:50,LONG,19619.25,19599.25,2024-06-14 07:09,STOP_HIT,20,14.25,-20.00
PCT_R0.22pct,2024-06-14,2024-06-14 07:50,UP,2024-06-14 08:03,LONG,19617.25,19597.25,2024-06-14 09:03,TIME_LIMIT,61,25.75,14.00
PCT_R0.22pct,2024-06-17,2024-06-16 14:00,DOWN,2024-06-16 14:10,SHORT,19691.75,19711.75,2024-06-16 14:18,STOP_HIT,9,0.25,-20.00
PCT_R0.22pct,2024-06-17,2024-06-16 14:01,UP,2024-06-16 14:20,LONG,19712.00,19692.00,2024-06-16 15:20,TIME_LIMIT,61,10.00,3.00
PCT_R0.22pct,2024-06-17,2024-06-16 15:21,DOWN,2024-06-16 22:02,SHORT,19683.25,19703.25,2024-06-16 22:38,STOP_HIT,37,8.00,-20.00
PCT_R0.22pct,2024-06-17,2024-06-16 22:09,UP,2024-06-16 23:15,LONG,19718.50,19698.50,2024-06-17 00:15,TIME_LIMIT,61,20.25,18.25
PCT_R0.22pct,2024-06-17,2024-06-17 00:17,DOWN,2024-06-17 00:47,SHORT,19700.25,19720.25,2024-06-17 01:47,TIME_LIMIT,61,4.25,-15.75
PCT_R0.22pct,2024-06-17,2024-06-17 06:17,DOWN,2024-06-17 06:28,SHORT,19676.50,19696.50,2024-06-17 06:32,STOP_HIT,5,10.75,-20.00
PCT_R0.22pct,2024-06-17,2024-06-17 06:29,UP,2024-06-17 06:39,LONG,19713.25,19693.25,2024-06-17 06:41,STOP_HIT,3,1.50,-20.00
PCT_R0.22pct,2024-06-18,2024-06-17 14:25,DOWN,2024-06-17 16:34,SHORT,19907.25,19927.25,2024-06-17 17:34,TIME_LIMIT,61,12.75,1.75
PCT_R0.22pct,2024-06-18,2024-06-17 17:59,UP,2024-06-17 22:25,LONG,19929.50,19909.50,2024-06-17 23:25,TIME_LIMIT,61,6.75,-0.25
PCT_R0.22pct,2024-06-18,2024-06-18 04:30,DOWN,2024-06-18 04:44,SHORT,19923.00,19943.00,2024-06-18 05:35,STOP_HIT,52,16.00,-20.00
PCT_R0.22pct,2024-06-18,2024-06-18 06:11,DOWN,2024-06-18 06:21,SHORT,19897.00,19917.00,2024-06-18 06:33,STOP_HIT,13,1.25,-20.00
PCT_R0.22pct,2024-06-18,2024-06-18 09:50,DOWN,2024-06-18 10:05,SHORT,19905.00,19925.00,2024-06-18 10:11,STOP_HIT,7,2.00,-20.00
PCT_R0.22pct,2024-06-18,2024-06-18 10:03,UP,2024-06-18 11:55,LONG,19923.75,19903.75,2024-06-18 12:55,TIME_LIMIT,61,9.25,4.25
PCT_R0.22pct,2024-06-19,2024-06-18 14:01,UP,2024-06-19 04:57,LONG,19969.75,19949.75,2024-06-19 05:57,TIME_LIMIT,61,6.75,-5.75
PCT_R0.22pct,2024-06-20,2024-06-19 14:29,UP,2024-06-19 19:46,LONG,19998.00,19978.00,2024-06-19 20:50,TIME_LIMIT,61,31.00,23.50
PCT_R0.22pct,2024-06-20,2024-06-19 23:31,DOWN,2024-06-20 04:13,SHORT,20013.50,20033.50,2024-06-20 05:13,TIME_LIMIT,61,40.00,36.00
PCT_R0.22pct,2024-08-22,2024-08-21 16:11,DOWN,2024-08-21 18:18,SHORT,19898.75,19918.75,2024-08-21 19:18,TIME_LIMIT,61,32.75,20.75
PCT_R0.22pct,2024-08-22,2024-08-21 19:14,UP,2024-08-22 00:08,LONG,19907.25,19887.25,2024-08-22 01:08,TIME_LIMIT,61,17.75,17.25
PCT_R0.22pct,2024-08-23,2024-08-22 14:00,UP,2024-08-22 16:26,LONG,19653.75,19633.75,2024-08-22 16:52,STOP_HIT,27,5.25,-20.00
PCT_R0.22pct,2024-08-23,2024-08-23 05:19,DOWN,2024-08-23 05:45,SHORT,19719.25,19739.25,2024-08-23 05:47,STOP_HIT,3,0.00,-20.00
PCT_R0.22pct,2024-08-23,2024-08-23 05:34,UP,2024-08-23 05:49,LONG,19753.00,19733.00,2024-08-23 05:52,STOP_HIT,4,3.00,-20.00
PCT_R0.22pct,2024-08-23,2024-08-23 09:45,DOWN,2024-08-23 10:00,SHORT,19732.75,19752.75,2024-08-23 10:10,STOP_HIT,11,10.25,-20.00
PCT_R0.22pct,2024-08-23,2024-08-23 10:50,DOWN,2024-08-23 11:02,SHORT,19722.75,19742.75,2024-08-23 11:10,STOP_HIT,9,17.00,-20.00
PCT_R0.22pct,2024-08-23,2024-08-23 11:02,UP,2024-08-23 11:12,LONG,19758.50,19738.50,2024-08-23 11:45,STOP_HIT,34,46.00,-20.00
PCT_R0.22pct,2024-08-26,2024-08-25 14:00,UP,2024-08-25 14:10,LONG,19815.75,19795.75,2024-08-25 14:28,STOP_HIT,19,8.50,-20.00
PCT_R0.22pct,2024-08-26,2024-08-25 14:07,DOWN,2024-08-25 14:33,SHORT,19787.50,19807.50,2024-08-25 15:33,TIME_LIMIT,61,71.25,49.00
PCT_R0.22pct,2024-08-26,2024-08-25 15:00,UP,2024-08-25 16:55,LONG,19805.50,19785.50,2024-08-25 17:55,TIME_LIMIT,61,26.50,-0.50
PCT_R0.22pct,2024-08-26,2024-08-25 19:47,UP,2024-08-25 22:34,LONG,19802.00,19782.00,2024-08-25 22:39,STOP_HIT,6,0.00,-20.00
PCT_R0.22pct,2024-08-26,2024-08-26 05:31,UP,2024-08-26 05:41,LONG,19783.75,19763.75,2024-08-26 05:41,STOP_HIT,1,2.50,-20.00
PCT_R0.22pct,2024-08-26,2024-08-26 05:34,DOWN,2024-08-26 05:44,SHORT,19750.25,19770.25,2024-08-26 06:44,TIME_LIMIT,61,244.75,206.00
PCT_R0.22pct,2024-08-27,2024-08-26 14:03,DOWN,2024-08-26 14:32,SHORT,19538.50,19558.50,2024-08-26 15:17,STOP_HIT,46,17.00,-20.00
PCT_R0.22pct,2024-08-27,2024-08-26 14:48,UP,2024-08-26 15:22,LONG,19563.50,19543.50,2024-08-26 16:22,TIME_LIMIT,61,27.00,25.00
PCT_R0.22pct,2024-08-27,2024-08-26 16:33,DOWN,2024-08-26 16:54,SHORT,19558.50,19578.50,2024-08-26 17:54,TIME_LIMIT,61,15.25,-14.50
PCT_R0.22pct,2024-08-27,2024-08-26 17:40,UP,2024-08-26 18:32,LONG,19586.75,19566.75,2024-08-26 19:32,TIME_LIMIT,61,18.00,6.00
PCT_R0.22pct,2024-08-27,2024-08-27 01:24,DOWN,2024-08-27 02:42,SHORT,19589.75,19609.75,2024-08-27 03:31,STOP_HIT,50,35.75,-20.00
PCT_R0.22pct,2024-08-27,2024-08-27 03:03,UP,2024-08-27 03:32,LONG,19610.00,19590.00,2024-08-27 04:00,STOP_HIT,29,4.50,-20.00
PCT_R0.22pct,2024-08-27,2024-08-27 03:45,DOWN,2024-08-27 04:12,SHORT,19571.00,19591.00,2024-08-27 05:12,TIME_LIMIT,61,95.00,58.00
PCT_R0.22pct,2024-08-27,2024-08-27 05:55,DOWN,2024-08-27 06:07,SHORT,19547.00,19567.00,2024-08-27 06:10,STOP_HIT,4,14.00,-20.00
PCT_R0.22pct,2024-08-27,2024-08-27 05:58,UP,2024-08-27 06:11,LONG,19579.00,19559.00,2024-08-27 06:17,STOP_HIT,7,13.00,-20.00
PCT_R0.22pct,2024-08-28,2024-08-27 14:02,DOWN,2024-08-27 14:12,SHORT,19605.75,19625.75,2024-08-27 15:12,TIME_LIMIT,61,30.25,4.00
PCT_R0.22pct,2024-08-28,2024-08-27 15:26,UP,2024-08-27 16:50,LONG,19603.00,19583.00,2024-08-27 17:50,TIME_LIMIT,61,8.75,-1.00
PCT_R0.22pct,2024-08-28,2024-08-28 04:10,UP,2024-08-28 05:03,LONG,19645.50,19625.50,2024-08-28 05:07,STOP_HIT,5,1.75,-20.00
PCT_R0.22pct,2024-08-28,2024-08-28 05:02,DOWN,2024-08-28 05:18,SHORT,19603.25,19623.25,2024-08-28 05:22,STOP_HIT,5,7.50,-20.00
PCT_R0.22pct,2024-08-28,2024-08-28 05:18,UP,2024-08-28 05:33,LONG,19640.75,19620.75,2024-08-28 05:35,STOP_HIT,3,10.75,-20.00
PCT_R0.22pct,2024-08-28,2024-08-28 05:30,DOWN,2024-08-28 05:40,SHORT,19586.25,19606.25,2024-08-28 05:40,STOP_HIT,1,2.25,-20.00
PCT_R0.22pct,2024-08-28,2024-08-28 11:02,DOWN,2024-08-28 11:12,SHORT,19427.75,19447.75,2024-08-28 11:20,STOP_HIT,9,20.50,-20.00
PCT_R0.22pct,2024-08-28,2024-08-28 11:13,UP,2024-08-28 11:30,LONG,19455.50,19435.50,2024-08-28 11:39,STOP_HIT,10,14.00,-20.00
PCT_R0.22pct,2024-08-29,2024-08-28 14:07,DOWN,2024-08-28 14:17,SHORT,19243.25,19263.25,2024-08-28 15:17,TIME_LIMIT,61,103.00,52.00
PCT_R0.22pct,2024-08-29,2024-08-28 14:46,UP,2024-08-28 17:29,LONG,19224.50,19204.50,2024-08-28 18:29,TIME_LIMIT,61,20.25,15.75
PCT_R0.22pct,2024-08-29,2024-08-29 09:48,UP,2024-08-29 09:58,LONG,19626.25,19606.25,2024-08-29 10:00,STOP_HIT,3,9.75,-20.00
PCT_R0.22pct,2024-08-29,2024-08-29 09:59,DOWN,2024-08-29 10:09,SHORT,19584.50,19604.50,2024-08-29 11:09,TIME_LIMIT,61,242.50,209.50
PCT_R0.22pct,2024-08-30,2024-08-29 14:03,DOWN,2024-08-29 14:17,SHORT,19430.75,19450.75,2024-08-29 15:17,TIME_LIMIT,61,10.50,-5.50
PCT_R0.22pct,2024-08-30,2024-08-29 16:07,UP,2024-08-29 16:51,LONG,19444.25,19424.25,2024-08-29 17:29,STOP_HIT,39,14.50,-20.00
PCT_R0.22pct,2024-08-30,2024-08-30 06:26,UP,2024-08-30 06:36,LONG,19576.00,19556.00,2024-08-30 06:44,STOP_HIT,9,28.50,-20.00
PCT_R0.22pct,2024-08-30,2024-08-30 10:00,UP,2024-08-30 10:54,LONG,19533.25,19513.25,2024-08-30 10:57,STOP_HIT,4,3.00,-20.00
PCT_R0.22pct,2024-09-02,2024-09-01 14:02,DOWN,2024-09-01 14:36,SHORT,19587.00,19607.00,2024-09-01 15:36,TIME_LIMIT,61,18.00,-13.75
PCT_R0.22pct,2024-09-02,2024-09-01 14:49,UP,2024-09-01 16:52,LONG,19612.50,19592.50,2024-09-01 17:52,TIME_LIMIT,61,15.25,2.50
PCT_R0.22pct,2024-09-02,2024-09-01 17:31,DOWN,2024-09-01 19:38,SHORT,19577.00,19597.00,2024-09-01 20:38,TIME_LIMIT,61,11.75,-0.75
PCT_R0.22pct,2024-09-02,2024-09-01 23:30,UP,2024-09-02 04:16,LONG,19620.00,19600.00,2024-09-02 05:16,TIME_LIMIT,61,7.00,4.50
PCT_R0.22pct,2024-09-03,2024-09-02 14:14,DOWN,2024-09-02 14:38,SHORT,19635.50,19655.50,2024-09-02 15:38,TIME_LIMIT,61,72.50,61.00
PCT_R0.22pct,2024-09-03,2024-09-02 15:41,UP,2024-09-02 18:11,LONG,19588.00,19568.00,2024-09-02 18:57,STOP_HIT,47,10.25,-20.00
PCT_R0.22pct,2024-09-03,2024-09-02 17:16,DOWN,2024-09-02 18:58,SHORT,19565.00,19585.00,2024-09-02 19:58,TIME_LIMIT,61,51.00,9.00
PCT_R0.22pct,2024-09-03,2024-09-02 22:26,UP,2024-09-02 23:04,LONG,19602.00,19582.00,2024-09-03 00:04,TIME_LIMIT,61,42.75,20.25
PCT_R0.22pct,2024-09-03,2024-09-02 23:44,DOWN,2024-09-03 00:56,SHORT,19529.50,19549.50,2024-09-03 01:56,TIME_LIMIT,61,84.00,53.00
PCT_R0.22pct,2024-09-04,2024-09-03 14:02,DOWN,2024-09-03 14:12,SHORT,18973.25,18993.25,2024-09-03 14:21,STOP_HIT,10,5.00,-20.00
PCT_R0.22pct,2024-09-04,2024-09-03 14:08,UP,2024-09-03 14:18,LONG,18976.50,18956.50,2024-09-03 15:05,STOP_HIT,48,23.25,-20.00
PCT_R0.22pct,2024-09-04,2024-09-03 14:25,DOWN,2024-09-03 15:06,SHORT,18959.25,18979.25,2024-09-03 16:05,STOP_HIT,60,25.50,-20.00
PCT_R0.22pct,2024-09-04,2024-09-03 15:50,UP,2024-09-03 16:06,LONG,18975.00,18955.00,2024-09-03 16:19,STOP_HIT,14,8.00,-20.00
PCT_R0.22pct,2024-09-04,2024-09-03 16:08,DOWN,2024-09-03 16:38,SHORT,18940.00,18960.00,2024-09-03 17:38,TIME_LIMIT,61,114.25,35.25
PCT_R0.22pct,2024-09-04,2024-09-03 17:47,DOWN,2024-09-03 18:00,SHORT,18888.25,18908.25,2024-09-03 18:16,STOP_HIT,17,8.25,-20.00
PCT_R0.22pct,2024-09-04,2024-09-03 18:35,DOWN,2024-09-03 18:46,SHORT,18894.25,18914.25,2024-09-03 18:48,STOP_HIT,3,1.75,-20.00
PCT_R0.22pct,2024-09-04,2024-09-03 22:30,DOWN,2024-09-03 22:53,SHORT,18870.00,18890.00,2024-09-03 23:13,STOP_HIT,21,39.75,-20.00
PCT_R0.22pct,2024-09-04,2024-09-03 23:49,DOWN,2024-09-04 00:13,SHORT,18891.00,18911.00,2024-09-04 00:30,STOP_HIT,18,16.50,-20.00
PCT_R0.22pct,2024-09-04,2024-09-04 00:16,UP,2024-09-04 00:31,LONG,18916.00,18896.00,2024-09-04 00:41,STOP_HIT,11,13.75,-20.00
PCT_R0.22pct,2024-09-04,2024-09-04 01:46,DOWN,2024-09-04 02:48,SHORT,18885.50,18905.50,2024-09-04 03:48,TIME_LIMIT,61,41.25,22.50
PCT_R0.22pct,2024-09-04,2024-09-04 04:48,DOWN,2024-09-04 05:26,SHORT,18872.25,18892.25,2024-09-04 05:31,STOP_HIT,6,11.75,-20.00
PCT_R0.22pct,2024-09-04,2024-09-04 10:32,DOWN,2024-09-04 10:42,SHORT,18970.75,18990.75,2024-09-04 11:41,STOP_HIT,60,63.00,-20.00
PCT_R0.22pct,2024-09-04,2024-09-04 11:10,UP,2024-09-04 11:52,LONG,19007.00,18987.00,2024-09-04 11:52,STOP_HIT,1,0.50,-20.00
PCT_R0.22pct,2024-09-05,2024-09-04 14:37,DOWN,2024-09-04 15:17,SHORT,18945.75,18965.75,2024-09-04 16:11,STOP_HIT,55,54.25,-20.00
PCT_R0.22pct,2024-09-05,2024-09-04 15:43,UP,2024-09-04 16:26,LONG,18983.75,18963.75,2024-09-04 17:26,TIME_LIMIT,61,21.50,6.50
PCT_R0.22pct,2024-09-05,2024-09-04 17:36,DOWN,2024-09-04 18:22,SHORT,18967.25,18987.25,2024-09-04 19:22,TIME_LIMIT,61,61.50,41.25
PCT_R0.22pct,2024-09-05,2024-09-04 23:00,UP,2024-09-04 23:16,LONG,18966.50,18946.50,2024-09-04 23:25,STOP_HIT,10,4.50,-20.00
PCT_R0.22pct,2024-09-05,2024-09-05 03:31,DOWN,2024-09-05 03:49,SHORT,18922.00,18942.00,2024-09-05 04:49,TIME_LIMIT,61,94.75,24.00
PCT_R0.22pct,2024-09-05,2024-09-05 09:30,UP,2024-09-05 09:46,LONG,18985.50,18965.50,2024-09-05 10:46,TIME_LIMIT,61,41.50,15.50
PCT_R0.22pct,2024-09-05,2024-09-05 11:16,UP,2024-09-05 11:39,LONG,18970.50,18950.50,2024-09-05 11:40,STOP_HIT,2,1.50,-20.00
PCT_R0.22pct,2024-09-05,2024-09-05 11:34,DOWN,2024-09-05 11:44,SHORT,18923.00,18943.00,2024-09-05 11:50,STOP_HIT,7,14.25,-20.00
PCT_R0.22pct,2024-09-06,2024-09-05 14:01,DOWN,2024-09-05 15:20,SHORT,18892.50,18912.50,2024-09-05 15:45,STOP_HIT,26,0.00,-20.00
PCT_R0.22pct,2024-09-06,2024-09-05 17:03,UP,2024-09-05 19:08,LONG,18894.25,18874.25,2024-09-05 19:49,STOP_HIT,42,12.50,-20.00
PCT_R0.22pct,2024-09-06,2024-09-05 19:15,DOWN,2024-09-05 21:45,SHORT,18833.25,18853.25,2024-09-05 21:48,STOP_HIT,4,1.25,-20.00
PCT_R0.22pct,2024-09-06,2024-09-05 21:44,UP,2024-09-05 22:01,LONG,18876.00,18856.00,2024-09-05 22:09,STOP_HIT,9,10.00,-20.00
PCT_R0.22pct,2024-09-09,2024-09-08 14:05,DOWN,2024-09-08 14:15,SHORT,18408.75,18428.75,2024-09-08 14:16,STOP_HIT,2,10.00,-20.00
PCT_R0.22pct,2024-09-09,2024-09-08 14:07,UP,2024-09-08 14:18,LONG,18436.25,18416.25,2024-09-08 14:21,STOP_HIT,4,8.00,-20.00
PCT_R0.22pct,2024-09-09,2024-09-08 14:18,DOWN,2024-09-08 15:01,SHORT,18403.00,18423.00,2024-09-08 15:22,STOP_HIT,22,17.00,-20.00
PCT_R0.22pct,2024-09-09,2024-09-08 15:15,UP,2024-09-08 15:25,LONG,18449.00,18429.00,2024-09-08 16:25,TIME_LIMIT,61,40.50,36.00
PCT_R0.22pct,2024-09-09,2024-09-09 07:13,UP,2024-09-09 08:09,LONG,18644.00,18624.00,2024-09-09 09:09,TIME_LIMIT,61,82.50,79.75
PCT_R0.22pct,2024-09-09,2024-09-09 09:53,DOWN,2024-09-09 10:15,SHORT,18605.25,18625.25,2024-09-09 10:26,STOP_HIT,12,8.75,-20.00
PCT_R0.22pct,2024-09-09,2024-09-09 10:39,UP,2024-09-09 11:41,LONG,18661.75,18641.75,2024-09-09 11:52,STOP_HIT,12,10.25,-20.00
PCT_R0.22pct,2024-09-10,2024-09-09 14:03,DOWN,2024-09-09 14:46,SHORT,18704.00,18724.00,2024-09-09 15:23,STOP_HIT,38,8.75,-20.00
PCT_R0.22pct,2024-09-10,2024-09-09 22:07,UP,2024-09-10 00:13,LONG,18671.00,18651.00,2024-09-10 00:34,STOP_HIT,22,13.75,-20.00
PCT_R0.22pct,2024-09-10,2024-09-10 00:00,DOWN,2024-09-10 00:57,SHORT,18641.00,18661.00,2024-09-10 01:57,TIME_LIMIT,61,58.75,-2.75
PCT_R0.22pct,2024-09-10,2024-09-10 01:10,UP,2024-09-10 03:50,LONG,18695.75,18675.75,2024-09-10 04:50,TIME_LIMIT,61,73.75,60.50
PCT_R0.22pct,2024-09-10,2024-09-10 06:29,DOWN,2024-09-10 06:52,SHORT,18700.00,18720.00,2024-09-10 06:53,STOP_HIT,2,5.25,-20.00
PCT_R0.22pct,2024-09-10,2024-09-10 06:51,UP,2024-09-10 07:30,LONG,18774.75,18754.75,2024-09-10 07:36,STOP_HIT,7,15.25,-20.00
PCT_R0.22pct,2024-09-11,2024-09-10 15:40,DOWN,2024-09-10 16:20,SHORT,18816.25,18836.25,2024-09-10 17:20,TIME_LIMIT,61,19.75,4.75
PCT_R0.22pct,2024-09-11,2024-09-10 21:29,UP,2024-09-10 23:10,LONG,18801.50,18781.50,2024-09-11 00:10,TIME_LIMIT,61,24.00,14.50
PCT_R0.22pct,2024-09-11,2024-09-11 00:46,UP,2024-09-11 01:54,LONG,18800.75,18780.75,2024-09-11 02:54,TIME_LIMIT,61,15.00,4.75
PCT_R0.22pct,2024-09-12,2024-09-11 14:00,UP,2024-09-11 16:29,LONG,19268.00,19248.00,2024-09-11 16:55,STOP_HIT,27,15.25,-20.00
PCT_R0.22pct,2024-09-12,2024-09-11 16:33,DOWN,2024-09-11 17:15,SHORT,19243.75,19263.75,2024-09-11 17:17,STOP_HIT,3,0.00,-20.00
PCT_R0.22pct,2024-09-12,2024-09-11 23:29,DOWN,2024-09-12 00:01,SHORT,19263.50,19283.50,2024-09-12 00:11,STOP_HIT,11,3.75,-20.00
PCT_R0.22pct,2024-09-12,2024-09-12 00:04,UP,2024-09-12 00:46,LONG,19307.50,19287.50,2024-09-12 01:46,TIME_LIMIT,61,24.75,-7.25
PCT_R0.22pct,2024-09-12,2024-09-12 01:23,DOWN,2024-09-12 02:07,SHORT,19291.50,19311.50,2024-09-12 03:07,TIME_LIMIT,61,18.75,14.50
PCT_R0.22pct,2024-09-12,2024-09-12 03:05,UP,2024-09-12 04:21,LONG,19314.25,19294.25,2024-09-12 04:30,STOP_HIT,10,15.25,-20.00
PCT_R0.22pct,2024-09-12,2024-09-12 07:58,UP,2024-09-12 08:08,LONG,19280.00,19260.00,2024-09-12 09:08,TIME_LIMIT,61,112.25,103.00
PCT_R0.22pct,2024-09-13,2024-09-12 14:00,UP,2024-09-12 15:06,LONG,19454.25,19434.25,2024-09-12 16:06,TIME_LIMIT,61,16.25,-0.25
PCT_R0.22pct,2024-09-13,2024-09-12 16:37,DOWN,2024-09-12 18:38,SHORT,19430.75,19450.75,2024-09-12 19:26,STOP_HIT,49,10.50,-20.00
PCT_R0.22pct,2024-09-13,2024-09-12 18:42,UP,2024-09-12 21:10,LONG,19463.25,19443.25,2024-09-12 22:00,STOP_HIT,51,25.25,-20.00
PCT_R0.22pct,2024-09-13,2024-09-12 21:42,DOWN,2024-09-12 22:21,SHORT,19437.00,19457.00,2024-09-12 23:06,STOP_HIT,46,2.75,-20.00
PCT_R0.22pct,2024-09-13,2024-09-12 22:11,UP,2024-09-12 23:29,LONG,19472.00,19452.00,2024-09-12 23:33,STOP_HIT,5,4.25,-20.00
PCT_R0.22pct,2024-09-13,2024-09-12 23:29,DOWN,2024-09-13 00:02,SHORT,19427.25,19447.25,2024-09-13 00:09,STOP_HIT,8,1.75,-20.00
PCT_R0.22pct,2024-09-13,2024-09-13 00:01,UP,2024-09-13 01:08,LONG,19462.75,19442.75,2024-09-13 02:08,TIME_LIMIT,61,15.75,5.50
PCT_R0.22pct,2024-09-13,2024-09-13 01:49,DOWN,2024-09-13 04:40,SHORT,19431.75,19451.75,2024-09-13 04:53,STOP_HIT,14,19.00,-20.00
PCT_R0.22pct,2024-09-13,2024-09-13 04:42,UP,2024-09-13 05:02,LONG,19446.00,19426.00,2024-09-13 05:20,STOP_HIT,19,2.25,-20.00
PCT_R0.22pct,2024-09-13,2024-09-13 05:30,UP,2024-09-13 05:40,LONG,19470.50,19450.50,2024-09-13 06:00,STOP_HIT,21,42.75,-20.00
PCT_R0.22pct,2024-09-13,2024-09-13 06:31,UP,2024-09-13 06:41,LONG,19493.25,19473.25,2024-09-13 07:41,TIME_LIMIT,61,48.25,27.00
PCT_R0.22pct,2024-09-16,2024-09-15 14:00,DOWN,2024-09-15 14:25,SHORT,19483.00,19503.00,2024-09-15 14:48,STOP_HIT,24,4.00,-20.00
PCT_R0.22pct,2024-09-16,2024-09-15 14:25,UP,2024-09-15 15:13,LONG,19523.00,19503.00,2024-09-15 16:13,TIME_LIMIT,61,23.50,4.50
PCT_R0.22pct,2024-09-16,2024-09-15 15:48,DOWN,2024-09-15 17:17,SHORT,19499.25,19519.25,2024-09-15 17:50,STOP_HIT,34,3.00,-20.00
PCT_R0.22pct,2024-09-16,2024-09-15 22:35,UP,2024-09-16 00:51,LONG,19524.50,19504.50,2024-09-16 01:51,TIME_LIMIT,61,13.75,-9.00
PCT_R0.22pct,2024-09-16,2024-09-16 00:27,DOWN,2024-09-16 02:08,SHORT,19499.50,19519.50,2024-09-16 03:08,TIME_LIMIT,61,33.75,18.75
PCT_R0.22pct,2024-09-16,2024-09-16 06:03,UP,2024-09-16 06:13,LONG,19440.50,19420.50,2024-09-16 06:20,STOP_HIT,8,21.50,-20.00
PCT_R0.22pct,2024-09-16,2024-09-16 08:21,UP,2024-09-16 10:31,LONG,19429.00,19409.00,2024-09-16 10:42,STOP_HIT,12,6.25,-20.00
PCT_R0.22pct,2024-09-17,2024-09-16 14:00,UP,2024-09-16 14:25,LONG,19459.50,19439.50,2024-09-16 15:13,STOP_HIT,49,5.00,-20.00
PCT_R0.22pct,2024-09-17,2024-09-16 14:39,DOWN,2024-09-16 16:42,SHORT,19426.00,19446.00,2024-09-16 17:43,TIME_LIMIT,61,22.75,5.00
PCT_R0.22pct,2024-09-17,2024-09-16 17:28,UP,2024-09-16 23:15,LONG,19470.75,19450.75,2024-09-17 00:15,TIME_LIMIT,61,48.00,36.75
PCT_R0.22pct,2024-09-17,2024-09-17 05:54,UP,2024-09-17 06:06,LONG,19555.75,19535.75,2024-09-17 06:23,STOP_HIT,18,28.50,-20.00
PCT_R0.22pct,2024-09-17,2024-09-17 06:59,UP,2024-09-17 07:09,LONG,19547.75,19527.75,2024-09-17 07:30,STOP_HIT,22,32.50,-20.00
PCT_R0.22pct,2024-09-17,2024-09-17 07:16,DOWN,2024-09-17 07:31,SHORT,19525.50,19545.50,2024-09-17 08:01,STOP_HIT,31,19.75,-20.00
PCT_R0.22pct,2024-09-18,2024-09-17 18:05,DOWN,2024-09-17 20:58,SHORT,19436.00,19456.00,2024-09-17 21:50,STOP_HIT,53,3.00,-20.00
PCT_R0.22pct,2024-09-18,2024-09-17 21:34,UP,2024-09-17 22:18,LONG,19474.25,19454.25,2024-09-17 23:18,TIME_LIMIT,61,15.75,11.00
PCT_R0.22pct,2024-09-18,2024-09-17 23:12,DOWN,2024-09-17 23:43,SHORT,19449.00,19469.00,2024-09-17 23:51,STOP_HIT,9,1.25,-20.00
PCT_R0.22pct,2024-09-18,2024-09-18 00:30,UP,2024-09-18 02:19,LONG,19466.00,19446.00,2024-09-18 03:19,TIME_LIMIT,61,25.50,25.50
PCT_R0.22pct,2024-09-18,2024-09-18 03:21,DOWN,2024-09-18 04:13,SHORT,19447.00,19467.00,2024-09-18 04:30,STOP_HIT,18,11.50,-20.00
PCT_R0.22pct,2024-09-18,2024-09-18 04:16,UP,2024-09-18 04:37,LONG,19479.75,19459.75,2024-09-18 05:34,STOP_HIT,58,19.25,-20.00
PCT_R0.22pct,2024-09-18,2024-09-18 05:27,DOWN,2024-09-18 05:41,SHORT,19455.25,19475.25,2024-09-18 06:01,STOP_HIT,21,25.25,-20.00
PCT_R0.22pct,2024-09-18,2024-09-18 05:50,UP,2024-09-18 06:00,LONG,19472.75,19452.75,2024-09-18 06:02,STOP_HIT,3,5.50,-20.00
PCT_R0.22pct,2024-09-18,2024-09-18 06:25,UP,2024-09-18 06:49,LONG,19481.25,19461.25,2024-09-18 06:51,STOP_HIT,3,3.00,-20.00
PCT_R0.22pct,2024-09-18,2024-09-18 06:43,DOWN,2024-09-18 07:09,SHORT,19452.25,19472.25,2024-09-18 08:09,TIME_LIMIT,61,102.25,78.75
PCT_R0.22pct,2024-09-18,2024-09-18 09:32,DOWN,2024-09-18 09:51,SHORT,19455.25,19475.25,2024-09-18 10:00,STOP_HIT,10,54.25,-20.00
PCT_R0.22pct,2024-09-19,2024-09-18 14:00,UP,2024-09-18 14:29,LONG,19452.00,19432.00,2024-09-18 14:51,STOP_HIT,23,4.50,-20.00
PCT_R0.22pct,2024-09-19,2024-09-18 14:33,DOWN,2024-09-18 15:24,SHORT,19418.75,19438.75,2024-09-18 15:50,STOP_HIT,27,7.25,-20.00
PCT_R0.22pct,2024-09-19,2024-09-18 15:31,UP,2024-09-18 15:54,LONG,19459.25,19439.25,2024-09-18 16:54,TIME_LIMIT,61,151.75,44.25
PCT_R0.22pct,2024-09-19,2024-09-18 17:13,UP,2024-09-18 17:24,LONG,19487.50,19467.50,2024-09-18 17:29,STOP_HIT,6,8.25,-20.00
PCT_R0.22pct,2024-09-19,2024-09-18 17:26,DOWN,2024-09-18 17:37,SHORT,19471.75,19491.75,2024-09-18 17:45,STOP_HIT,9,0.00,-20.00
PCT_R0.22pct,2024-09-19,2024-09-18 17:31,UP,2024-09-18 17:43,LONG,19486.25,19466.25,2024-09-18 18:43,TIME_LIMIT,61,105.50,103.00
PCT_R0.22pct,2024-11-21,2024-11-20 13:00,DOWN,2024-11-20 13:16,SHORT,20697.75,20717.75,2024-11-20 13:24,STOP_HIT,9,1.25,-20.00
PCT_R0.22pct,2024-11-21,2024-11-20 13:15,UP,2024-11-20 13:31,LONG,20740.50,20720.50,2024-11-20 14:05,STOP_HIT,35,21.75,-20.00
PCT_R0.22pct,2024-11-21,2024-11-20 13:42,DOWN,2024-11-20 14:19,SHORT,20708.25,20728.25,2024-11-20 15:19,TIME_LIMIT,61,80.00,58.50
PCT_R0.22pct,2024-11-21,2024-11-20 17:36,DOWN,2024-11-20 18:02,SHORT,20643.75,20663.75,2024-11-20 18:06,STOP_HIT,5,5.75,-20.00
PCT_R0.22pct,2024-11-21,2024-11-20 18:02,UP,2024-11-20 19:06,LONG,20684.25,20664.25,2024-11-20 19:41,STOP_HIT,36,20.00,-20.00
PCT_R0.22pct,2024-11-21,2024-11-20 21:35,UP,2024-11-20 22:07,LONG,20675.00,20655.00,2024-11-20 22:17,STOP_HIT,11,18.00,-20.00
PCT_R0.22pct,2024-11-21,2024-11-20 22:03,DOWN,2024-11-20 22:18,SHORT,20655.75,20675.75,2024-11-20 22:20,STOP_HIT,3,7.25,-20.00
PCT_R0.22pct,2024-11-21,2024-11-20 22:45,UP,2024-11-20 22:58,LONG,20680.50,20660.50,2024-11-20 23:00,STOP_HIT,3,1.25,-20.00
PCT_R0.22pct,2024-11-21,2024-11-20 23:28,UP,2024-11-21 01:18,LONG,20732.00,20712.00,2024-11-21 01:32,STOP_HIT,15,9.75,-20.00
PCT_R0.22pct,2024-11-21,2024-11-21 04:51,DOWN,2024-11-21 05:01,SHORT,20643.75,20663.75,2024-11-21 05:13,STOP_HIT,13,67.50,-20.00
PCT_R0.22pct,2024-11-22,2024-11-21 13:37,DOWN,2024-11-21 13:52,SHORT,20764.00,20784.00,2024-11-21 14:04,STOP_HIT,13,5.50,-20.00
PCT_R0.22pct,2024-11-22,2024-11-21 13:52,UP,2024-11-21 15:21,LONG,20802.50,20782.50,2024-11-21 16:21,TIME_LIMIT,61,9.50,1.50
PCT_R0.22pct,2024-11-22,2024-11-21 17:17,DOWN,2024-11-21 17:49,SHORT,20783.50,20803.50,2024-11-21 18:01,STOP_HIT,13,7.00,-20.00
PCT_R0.22pct,2024-11-22,2024-11-21 17:42,UP,2024-11-21 18:34,LONG,20804.00,20784.00,2024-11-21 19:17,STOP_HIT,44,17.75,-20.00
PCT_R0.22pct,2024-11-22,2024-11-21 18:38,DOWN,2024-11-21 19:36,SHORT,20788.00,20808.00,2024-11-21 20:16,STOP_HIT,41,26.00,-20.00
PCT_R0.22pct,2024-11-22,2024-11-21 19:59,UP,2024-11-21 20:17,LONG,20811.25,20791.25,2024-11-21 21:03,STOP_HIT,47,1.25,-20.00
PCT_R0.22pct,2024-11-22,2024-11-21 22:00,DOWN,2024-11-21 23:12,SHORT,20774.25,20794.25,2024-11-22 00:12,TIME_LIMIT,61,81.00,54.25
PCT_R0.22pct,2024-11-22,2024-11-22 00:10,UP,2024-11-22 03:51,LONG,20787.75,20767.75,2024-11-22 04:51,TIME_LIMIT,61,85.25,12.25
PCT_R0.22pct,2024-11-22,2024-11-22 04:59,DOWN,2024-11-22 05:14,SHORT,20788.75,20808.75,2024-11-22 05:39,STOP_HIT,26,66.50,-20.00
PCT_R0.22pct,2024-11-22,2024-11-22 05:28,UP,2024-11-22 05:48,LONG,20836.75,20816.75,2024-11-22 05:49,STOP_HIT,2,0.25,-20.00
PCT_R0.22pct,2024-11-25,2024-11-24 13:36,UP,2024-11-25 00:38,LONG,20974.25,20954.25,2024-11-25 01:38,TIME_LIMIT,61,6.50,-3.00
PCT_R0.22pct,2024-11-26,2024-11-25 13:17,DOWN,2024-11-25 13:42,SHORT,20886.75,20906.75,2024-11-25 14:42,TIME_LIMIT,61,101.50,80.25
PCT_R0.22pct,2024-11-26,2024-11-25 15:04,UP,2024-11-25 15:52,LONG,20841.50,20821.50,2024-11-25 16:52,TIME_LIMIT,61,40.50,28.75
PCT_R0.22pct,2024-11-26,2024-11-26 05:19,UP,2024-11-26 05:32,LONG,20965.50,20945.50,2024-11-26 05:35,STOP_HIT,4,8.50,-20.00
PCT_R0.22pct,2024-11-26,2024-11-26 05:45,DOWN,2024-11-26 07:36,SHORT,20955.00,20975.00,2024-11-26 07:50,STOP_HIT,15,5.50,-20.00
PCT_R0.22pct,2024-11-26,2024-11-26 06:49,UP,2024-11-26 07:44,LONG,20968.75,20948.75,2024-11-26 08:20,STOP_HIT,37,15.50,-20.00
PCT_R0.22pct,2024-11-26,2024-11-26 07:59,DOWN,2024-11-26 09:31,SHORT,20913.75,20933.75,2024-11-26 09:33,STOP_HIT,3,0.00,-20.00
PCT_R0.22pct,2024-11-26,2024-11-26 09:25,UP,2024-11-26 10:55,LONG,20989.00,20969.00,2024-11-26 11:55,TIME_LIMIT,61,19.75,17.00
PCT_R0.22pct,2024-11-27,2024-11-26 13:01,UP,2024-11-26 16:26,LONG,21013.75,20993.75,2024-11-26 17:09,STOP_HIT,44,5.25,-20.00
PCT_R0.22pct,2024-11-27,2024-11-26 16:28,DOWN,2024-11-26 18:38,SHORT,20972.50,20992.50,2024-11-26 19:38,TIME_LIMIT,61,20.25,3.25
PCT_R0.22pct,2024-11-27,2024-11-27 03:22,DOWN,2024-11-27 04:31,SHORT,20893.00,20913.00,2024-11-27 05:31,TIME_LIMIT,61,127.50,120.50
PCT_R0.22pct,2024-11-27,2024-11-27 10:05,DOWN,2024-11-27 10:32,SHORT,20788.50,20808.50,2024-11-27 10:49,STOP_HIT,18,19.25,-20.00
PCT_R0.22pct,2024-11-27,2024-11-27 10:43,UP,2024-11-27 10:59,LONG,20814.25,20794.25,2024-11-27 11:59,TIME_LIMIT,61,12.25,-7.75
PCT_R0.22pct,2024-11-28,2024-11-27 13:00,UP,2024-11-27 15:48,LONG,20852.25,20832.25,2024-11-27 16:48,TIME_LIMIT,61,2.50,-4.00
PCT_R0.22pct,2024-11-29,2024-11-28 13:57,DOWN,2024-11-28 14:49,SHORT,20846.75,20866.75,2024-11-28 15:31,STOP_HIT,43,24.00,-20.00
PCT_R0.22pct,2024-11-29,2024-11-28 15:03,UP,2024-11-28 15:56,LONG,20867.75,20847.75,2024-11-28 16:56,TIME_LIMIT,61,30.00,29.50
PCT_R0.22pct,2024-11-29,2024-11-28 18:17,DOWN,2024-11-28 22:51,SHORT,20901.50,20921.50,2024-11-28 23:51,TIME_LIMIT,61,7.50,0.00
PCT_R0.22pct,2024-11-29,2024-11-29 04:32,UP,2024-11-29 04:59,LONG,20908.00,20888.00,2024-11-29 05:59,TIME_LIMIT,61,73.75,46.00
PCT_R0.22pct,2024-12-02,2024-12-01 13:00,DOWN,2024-12-01 13:37,SHORT,20957.75,20977.75,2024-12-01 14:04,STOP_HIT,28,5.25,-20.00
PCT_R0.22pct,2024-12-02,2024-12-01 20:35,UP,2024-12-02 02:09,LONG,20985.75,20965.75,2024-12-02 03:09,TIME_LIMIT,61,33.00,30.25
PCT_R0.22pct,2024-12-03,2024-12-02 22:09,DOWN,2024-12-03 01:04,SHORT,21194.25,21214.25,2024-12-03 02:04,TIME_LIMIT,61,7.25,-19.75
PCT_R0.22pct,2024-12-03,2024-12-03 04:31,UP,2024-12-03 05:17,LONG,21216.75,21196.75,2024-12-03 05:20,STOP_HIT,4,2.00,-20.00
PCT_R0.22pct,2024-12-03,2024-12-03 05:06,DOWN,2024-12-03 05:28,SHORT,21186.25,21206.25,2024-12-03 05:35,STOP_HIT,8,11.75,-20.00
PCT_R0.22pct,2024-12-03,2024-12-03 05:27,UP,2024-12-03 05:40,LONG,21204.50,21184.50,2024-12-03 05:43,STOP_HIT,4,1.75,-20.00
PCT_R0.22pct,2024-12-03,2024-12-03 06:30,DOWN,2024-12-03 07:35,SHORT,21204.50,21224.50,2024-12-03 07:48,STOP_HIT,14,14.50,-20.00
PCT_R0.22pct,2024-12-04,2024-12-03 13:07,UP,2024-12-03 18:48,LONG,21350.50,21330.50,2024-12-03 19:48,TIME_LIMIT,61,17.75,10.75
PCT_R0.22pct,2024-12-04,2024-12-04 04:39,UP,2024-12-04 04:56,LONG,21434.50,21414.50,2024-12-04 04:58,STOP_HIT,3,6.00,-20.00
PCT_R0.22pct,2024-12-05,2024-12-04 22:00,UP,2024-12-05 02:58,LONG,21536.50,21516.50,2024-12-05 03:45,STOP_HIT,48,1.25,-20.00
PCT_R0.22pct,2024-12-05,2024-12-05 04:35,DOWN,2024-12-05 05:00,SHORT,21511.00,21531.00,2024-12-05 05:09,STOP_HIT,10,8.25,-20.00
PCT_R0.22pct,2024-12-05,2024-12-05 05:50,UP,2024-12-05 06:45,LONG,21520.25,21500.25,2024-12-05 07:45,TIME_LIMIT,61,44.50,35.25
PCT_R0.22pct,2024-12-05,2024-12-05 07:52,DOWN,2024-12-05 08:27,SHORT,21500.00,21520.00,2024-12-05 08:41,STOP_HIT,15,13.00,-20.00
PCT_R0.22pct,2024-12-06,2024-12-05 13:09,UP,2024-12-05 16:29,LONG,21473.25,21453.25,2024-12-05 17:29,TIME_LIMIT,61,8.50,-1.75
PCT_R0.22pct,2024-12-06,2024-12-05 22:53,DOWN,2024-12-06 01:23,SHORT,21447.00,21467.00,2024-12-06 02:06,STOP_HIT,44,2.75,-20.00
PCT_R0.22pct,2024-12-09,2024-12-08 13:01,UP,2024-12-08 21:36,LONG,21676.50,21656.50,2024-12-08 22:36,TIME_LIMIT,61,29.75,11.00
PCT_R0.22pct,2024-12-09,2024-12-08 22:00,DOWN,2024-12-09 01:02,SHORT,21622.75,21642.75,2024-12-09 02:02,TIME_LIMIT,61,36.75,1.75
PCT_R0.22pct,2024-12-09,2024-12-09 04:34,UP,2024-12-09 04:52,LONG,21628.00,21608.00,2024-12-09 05:11,STOP_HIT,20,18.25,-20.00
PCT_R0.22pct,2024-12-09,2024-12-09 04:50,DOWN,2024-12-09 05:18,SHORT,21602.00,21622.00,2024-12-09 06:18,TIME_LIMIT,61,166.00,118.50
PCT_R0.22pct,2024-12-10,2024-12-09 22:21,UP,2024-12-10 00:30,LONG,21495.00,21475.00,2024-12-10 01:30,TIME_LIMIT,61,12.50,11.50
PCT_R0.22pct,2024-12-10,2024-12-10 05:16,DOWN,2024-12-10 06:27,SHORT,21487.25,21507.25,2024-12-10 07:27,TIME_LIMIT,61,43.25,-0.50
PCT_R0.22pct,2024-12-12,2024-12-11 20:02,DOWN,2024-12-12 01:14,SHORT,21724.00,21744.00,2024-12-12 02:14,TIME_LIMIT,61,6.50,-3.00
PCT_R0.22pct,2024-12-12,2024-12-12 05:13,UP,2024-12-12 05:27,LONG,21714.25,21694.25,2024-12-12 05:28,STOP_HIT,2,1.50,-20.00
PCT_R0.22pct,2024-12-12,2024-12-12 08:27,DOWN,2024-12-12 09:18,SHORT,21691.25,21711.25,2024-12-12 10:18,TIME_LIMIT,61,37.00,25.50
PCT_R0.22pct,2024-12-13,2024-12-12 13:06,UP,2024-12-12 14:27,LONG,21765.75,21745.75,2024-12-12 15:16,STOP_HIT,50,3.25,-20.00
PCT_R0.22pct,2024-12-13,2024-12-12 14:31,DOWN,2024-12-12 16:11,SHORT,21709.75,21729.75,2024-12-12 16:24,STOP_HIT,14,1.00,-20.00
PCT_R0.22pct,2024-12-13,2024-12-12 18:01,UP,2024-12-12 21:16,LONG,21726.25,21706.25,2024-12-12 22:16,TIME_LIMIT,61,23.75,22.25
PCT_R0.22pct,2024-12-13,2024-12-13 05:13,DOWN,2024-12-13 05:39,SHORT,21792.75,21812.75,2024-12-13 06:39,TIME_LIMIT,61,126.25,85.00
PCT_R0.22pct,2024-12-13,2024-12-13 07:32,UP,2024-12-13 10:17,LONG,21795.00,21775.00,2024-12-13 10:21,STOP_HIT,5,1.50,-20.00
PCT_R0.22pct,2024-12-16,2024-12-15 13:03,UP,2024-12-15 15:05,LONG,21809.00,21789.00,2024-12-15 15:38,STOP_HIT,34,1.00,-20.00
PCT_R0.22pct,2024-12-17,2024-12-16 17:44,DOWN,2024-12-16 21:45,SHORT,22061.25,22081.25,2024-12-16 22:45,TIME_LIMIT,61,32.50,24.25
PCT_R0.22pct,2024-12-17,2024-12-17 01:22,DOWN,2024-12-17 01:55,SHORT,22072.50,22092.50,2024-12-17 02:00,STOP_HIT,6,0.00,-20.00
PCT_R0.22pct,2024-12-17,2024-12-17 06:44,DOWN,2024-12-17 07:03,SHORT,22005.25,22025.25,2024-12-17 07:08,STOP_HIT,6,10.75,-20.00
PCT_R0.22pct,2024-12-17,2024-12-17 07:03,UP,2024-12-17 07:43,LONG,22043.25,22023.25,2024-12-17 08:00,STOP_HIT,18,10.00,-20.00
PCT_R0.22pct,2024-12-17,2024-12-17 07:45,DOWN,2024-12-17 08:48,SHORT,22007.75,22027.75,2024-12-17 09:48,TIME_LIMIT,61,41.50,35.00
PCT_R0.22pct,2024-12-18,2024-12-17 13:00,DOWN,2024-12-17 13:10,SHORT,21945.75,21965.75,2024-12-17 13:36,STOP_HIT,27,7.25,-20.00
PCT_R0.22pct,2024-12-18,2024-12-17 13:05,UP,2024-12-17 13:15,LONG,21943.75,21923.75,2024-12-17 14:15,TIME_LIMIT,61,51.25,47.25
PCT_R0.22pct,2024-12-18,2024-12-18 02:24,DOWN,2024-12-18 04:07,SHORT,21986.00,22006.00,2024-12-18 05:05,STOP_HIT,59,72.75,-20.00
PCT_R0.22pct,2024-12-18,2024-12-18 04:35,UP,2024-12-18 06:03,LONG,22029.50,22009.50,2024-12-18 06:13,STOP_HIT,11,13.00,-20.00
PCT_R0.22pct,2024-12-18,2024-12-18 06:22,UP,2024-12-18 06:37,LONG,22017.00,21997.00,2024-12-18 07:31,STOP_HIT,55,13.00,-20.00
PCT_R0.22pct,2024-12-18,2024-12-18 06:53,DOWN,2024-12-18 08:43,SHORT,21983.25,22003.25,2024-12-18 08:55,STOP_HIT,13,4.75,-20.00
PCT_R0.22pct,2024-12-19,2024-12-18 13:01,UP,2024-12-18 13:11,LONG,21250.00,21230.00,2024-12-18 13:39,STOP_HIT,29,24.25,-20.00
PCT_R0.22pct,2024-12-19,2024-12-18 13:30,DOWN,2024-12-18 13:40,SHORT,21227.50,21247.50,2024-12-18 14:27,STOP_HIT,48,43.75,-20.00
PCT_R0.22pct,2024-12-19,2024-12-18 15:11,DOWN,2024-12-18 15:29,SHORT,21219.75,21239.75,2024-12-18 16:29,TIME_LIMIT,61,18.50,-2.00
PCT_R0.22pct,2024-12-19,2024-12-18 19:59,UP,2024-12-18 21:12,LONG,21222.00,21202.00,2024-12-18 22:12,TIME_LIMIT,61,64.75,35.25
PCT_R0.22pct,2024-12-19,2024-12-19 05:13,DOWN,2024-12-19 05:29,SHORT,21244.50,21264.50,2024-12-19 05:42,STOP_HIT,14,47.75,-20.00
PCT_R0.22pct,2024-12-19,2024-12-19 06:09,UP,2024-12-19 06:31,LONG,21334.50,21314.50,2024-12-19 06:34,STOP_HIT,4,14.00,-20.00
PCT_R0.22pct,2024-12-19,2024-12-19 06:39,DOWN,2024-12-19 07:24,SHORT,21221.25,21241.25,2024-12-19 07:57,STOP_HIT,34,53.00,-20.00
PCT_R0.22pct,2024-12-19,2024-12-19 08:59,DOWN,2024-12-19 09:32,SHORT,21218.00,21238.00,2024-12-19 10:22,STOP_HIT,51,49.25,-20.00
PCT_R0.22pct,2025-02-20,2025-02-19 13:19,DOWN,2025-02-19 15:25,SHORT,22181.75,22201.75,2025-02-19 16:25,TIME_LIMIT,61,24.25,4.50
PCT_R0.22pct,2025-02-20,2025-02-19 21:07,UP,2025-02-20 00:04,LONG,22214.00,22194.00,2025-02-20 01:04,TIME_LIMIT,61,5.75,-8.25
PCT_R0.22pct,2025-02-20,2025-02-20 04:31,DOWN,2025-02-20 04:41,SHORT,22206.25,22226.25,2025-02-20 05:41,TIME_LIMIT,61,255.25,131.25
PCT_R0.22pct,2025-02-20,2025-02-20 06:38,UP,2025-02-20 07:49,LONG,22075.25,22055.25,2025-02-20 07:55,STOP_HIT,7,1.50,-20.00
PCT_R0.22pct,2025-02-20,2025-02-20 07:43,DOWN,2025-02-20 07:57,SHORT,22048.00,22068.00,2025-02-20 08:14,STOP_HIT,18,20.50,-20.00
PCT_R0.22pct,2025-02-21,2025-02-20 13:00,UP,2025-02-20 13:42,LONG,22170.25,22150.25,2025-02-20 14:21,STOP_HIT,40,4.25,-20.00
PCT_R0.22pct,2025-02-21,2025-02-20 13:43,DOWN,2025-02-20 18:48,SHORT,22123.50,22143.50,2025-02-20 19:48,TIME_LIMIT,61,12.00,-1.25
PCT_R0.22pct,2025-02-21,2025-02-20 22:15,UP,2025-02-20 23:20,LONG,22159.00,22139.00,2025-02-21 00:20,TIME_LIMIT,61,19.50,15.50
PCT_R0.22pct,2025-02-21,2025-02-21 03:45,DOWN,2025-02-21 04:40,SHORT,22120.50,22140.50,2025-02-21 04:45,STOP_HIT,6,22.75,-20.00
PCT_R0.22pct,2025-02-24,2025-02-23 13:02,UP,2025-02-23 13:25,LONG,21743.00,21723.00,2025-02-23 14:25,TIME_LIMIT,61,49.50,46.25
PCT_R0.22pct,2025-02-24,2025-02-23 14:26,DOWN,2025-02-23 15:48,SHORT,21758.75,21778.75,2025-02-23 16:30,STOP_HIT,43,26.00,-20.00
PCT_R0.22pct,2025-02-24,2025-02-23 19:44,DOWN,2025-02-23 22:01,SHORT,21756.50,21776.50,2025-02-23 22:57,STOP_HIT,57,55.50,-20.00
PCT_R0.22pct,2025-02-24,2025-02-23 22:16,UP,2025-02-23 23:08,LONG,21800.50,21780.50,2025-02-23 23:49,STOP_HIT,42,12.50,-20.00
PCT_R0.22pct,2025-02-24,2025-02-23 23:24,DOWN,2025-02-24 01:02,SHORT,21758.25,21778.25,2025-02-24 01:21,STOP_HIT,20,9.25,-20.00
PCT_R0.22pct,2025-02-24,2025-02-24 02:48,UP,2025-02-24 03:45,LONG,21790.75,21770.75,2025-02-24 04:07,STOP_HIT,23,14.50,-20.00
PCT_R0.22pct,2025-02-24,2025-02-24 04:00,DOWN,2025-02-24 04:26,SHORT,21767.50,21787.50,2025-02-24 04:32,STOP_HIT,7,36.50,-20.00
PCT_R0.22pct,2025-02-24,2025-02-24 06:32,DOWN,2025-02-24 06:42,SHORT,21589.75,21609.75,2025-02-24 06:42,STOP_HIT,1,0.50,-20.00
PCT_R0.22pct,2025-02-24,2025-02-24 06:38,UP,2025-02-24 06:52,LONG,21598.75,21578.75,2025-02-24 06:56,STOP_HIT,5,6.25,-20.00
PCT_R0.22pct,2025-02-24,2025-02-24 06:46,DOWN,2025-02-24 06:57,SHORT,21580.50,21600.50,2025-02-24 07:02,STOP_HIT,6,11.25,-20.00
PCT_R0.22pct,2025-02-24,2025-02-24 07:02,UP,2025-02-24 07:13,LONG,21598.25,21578.25,2025-02-24 08:13,TIME_LIMIT,61,61.50,18.25
PCT_R0.22pct,2025-02-24,2025-02-24 08:18,DOWN,2025-02-24 09:40,SHORT,21579.00,21599.00,2025-02-24 10:40,TIME_LIMIT,61,59.00,56.25
PCT_R0.22pct,2025-02-25,2025-02-24 13:00,DOWN,2025-02-24 13:35,SHORT,21404.25,21424.25,2025-02-24 14:25,STOP_HIT,51,37.75,-20.00
PCT_R0.22pct,2025-02-25,2025-02-24 13:55,UP,2025-02-24 14:20,LONG,21412.50,21392.50,2025-02-24 15:20,TIME_LIMIT,61,36.75,17.00
PCT_R0.22pct,2025-02-25,2025-02-24 15:32,DOWN,2025-02-24 16:58,SHORT,21435.50,21455.50,2025-02-24 17:58,TIME_LIMIT,61,10.00,2.75
PCT_R0.22pct,2025-02-25,2025-02-24 16:23,UP,2025-02-24 17:05,LONG,21442.75,21422.75,2025-02-24 18:02,STOP_HIT,58,0.00,-20.00
PCT_R0.22pct,2025-02-25,2025-02-24 17:04,DOWN,2025-02-24 21:07,SHORT,21388.25,21408.25,2025-02-24 21:15,STOP_HIT,9,5.00,-20.00
PCT_R0.22pct,2025-02-25,2025-02-25 03:30,DOWN,2025-02-25 04:26,SHORT,21370.00,21390.00,2025-02-25 04:29,STOP_HIT,4,13.25,-20.00
PCT_R0.22pct,2025-02-25,2025-02-25 07:22,UP,2025-02-25 07:46,LONG,21196.50,21176.50,2025-02-25 08:29,STOP_HIT,44,84.75,-20.00
PCT_R0.22pct,2025-02-25,2025-02-25 08:30,UP,2025-02-25 08:43,LONG,21229.75,21209.75,2025-02-25 08:51,STOP_HIT,9,23.75,-20.00
PCT_R0.22pct,2025-02-25,2025-02-25 08:44,DOWN,2025-02-25 09:08,SHORT,21192.00,21212.00,2025-02-25 09:43,STOP_HIT,36,68.25,-20.00
PCT_R0.22pct,2025-02-25,2025-02-25 09:43,DOWN,2025-02-25 09:53,SHORT,21204.00,21224.00,2025-02-25 10:02,STOP_HIT,10,9.75,-20.00
PCT_R0.22pct,2025-02-25,2025-02-25 09:46,UP,2025-02-25 09:56,LONG,21210.50,21190.50,2025-02-25 10:03,STOP_HIT,8,13.50,-20.00
PCT_R0.22pct,2025-02-25,2025-02-25 10:24,DOWN,2025-02-25 10:46,SHORT,21161.75,21181.75,2025-02-25 10:49,STOP_HIT,4,10.50,-20.00
PCT_R0.22pct,2025-02-26,2025-02-25 15:00,DOWN,2025-02-25 16:10,SHORT,21203.00,21223.00,2025-02-25 16:18,STOP_HIT,9,0.00,-20.00
PCT_R0.22pct,2025-02-26,2025-02-25 16:09,UP,2025-02-25 17:07,LONG,21247.50,21227.50,2025-02-25 18:07,TIME_LIMIT,61,19.50,-11.25
PCT_R0.22pct,2025-02-26,2025-02-26 02:52,UP,2025-02-26 03:22,LONG,21306.50,21286.50,2025-02-26 03:49,STOP_HIT,28,26.00,-20.00
PCT_R0.22pct,2025-02-26,2025-02-26 03:33,DOWN,2025-02-26 04:00,SHORT,21272.75,21292.75,2025-02-26 04:52,STOP_HIT,53,83.75,-20.00
PCT_R0.22pct,2025-02-26,2025-02-26 04:42,UP,2025-02-26 04:54,LONG,21285.75,21265.75,2025-02-26 04:57,STOP_HIT,4,27.25,-20.00
PCT_R0.22pct,2025-02-26,2025-02-26 07:17,DOWN,2025-02-26 08:11,SHORT,21247.25,21267.25,2025-02-26 09:11,TIME_LIMIT,61,182.75,157.75
PCT_R0.22pct,2025-02-27,2025-02-26 13:00,DOWN,2025-02-26 13:15,SHORT,21215.25,21235.25,2025-02-26 13:19,STOP_HIT,5,2.00,-20.00
PCT_R0.22pct,2025-02-27,2025-02-26 15:07,UP,2025-02-26 15:48,LONG,21182.00,21162.00,2025-02-26 16:05,STOP_HIT,18,0.00,-20.00
PCT_R0.22pct,2025-02-27,2025-02-26 16:27,DOWN,2025-02-26 18:40,SHORT,21166.25,21186.25,2025-02-26 19:07,STOP_HIT,28,6.50,-20.00
PCT_R0.22pct,2025-02-27,2025-02-26 18:20,UP,2025-02-26 19:25,LONG,21226.75,21206.75,2025-02-26 20:25,TIME_LIMIT,61,64.00,60.25
PCT_R0.22pct,2025-02-27,2025-02-27 08:06,UP,2025-02-27 08:37,LONG,21099.00,21079.00,2025-02-27 08:43,STOP_HIT,7,9.50,-20.00
PCT_R0.22pct,2025-02-27,2025-02-27 08:26,DOWN,2025-02-27 08:46,SHORT,21073.00,21093.00,2025-02-27 08:55,STOP_HIT,10,19.75,-20.00
PCT_R0.22pct,2025-02-28,2025-02-27 13:00,UP,2025-02-27 14:12,LONG,20684.00,20664.00,2025-02-27 14:23,STOP_HIT,12,0.00,-20.00
PCT_R0.22pct,2025-02-28,2025-02-27 14:11,DOWN,2025-02-27 14:43,SHORT,20638.75,20658.75,2025-02-27 15:18,STOP_HIT,36,22.50,-20.00
PCT_R0.22pct,2025-02-28,2025-02-27 21:34,UP,2025-02-27 22:20,LONG,20638.50,20618.50,2025-02-27 23:20,TIME_LIMIT,61,45.50,34.75
PCT_R0.22pct,2025-02-28,2025-02-28 03:27,UP,2025-02-28 03:37,LONG,20654.25,20634.25,2025-02-28 03:38,STOP_HIT,2,0.75,-20.00
PCT_R0.22pct,2025-02-28,2025-02-28 03:36,DOWN,2025-02-28 03:47,SHORT,20614.00,20634.00,2025-02-28 03:47,STOP_HIT,1,1.50,-20.00
PCT_R0.22pct,2025-02-28,2025-02-28 07:28,DOWN,2025-02-28 07:49,SHORT,20589.75,20609.75,2025-02-28 07:53,STOP_HIT,5,39.25,-20.00
PCT_R0.22pct,2025-02-28,2025-02-28 08:40,DOWN,2025-02-28 08:50,SHORT,20628.25,20648.25,2025-02-28 08:52,STOP_HIT,3,12.00,-20.00
PCT_R0.22pct,2025-02-28,2025-02-28 08:44,UP,2025-02-28 08:54,LONG,20634.50,20614.50,2025-02-28 08:55,STOP_HIT,2,7.75,-20.00
PCT_R0.22pct,2025-02-28,2025-02-28 09:22,UP,2025-02-28 09:39,LONG,20673.50,20653.50,2025-02-28 10:39,TIME_LIMIT,61,95.50,57.75
PCT_R0.22pct,2025-03-03,2025-03-02 13:00,UP,2025-03-02 13:10,LONG,21033.75,21013.75,2025-03-02 13:17,STOP_HIT,8,0.75,-20.00
PCT_R0.22pct,2025-03-03,2025-03-02 13:09,DOWN,2025-03-02 13:47,SHORT,20990.75,21010.75,2025-03-02 14:47,TIME_LIMIT,61,153.00,86.50
PCT_R0.22pct,2025-03-03,2025-03-02 16:08,DOWN,2025-03-02 17:05,SHORT,20924.50,20944.50,2025-03-02 18:05,TIME_LIMIT,61,40.25,4.00
PCT_R0.22pct,2025-03-03,2025-03-02 17:23,UP,2025-03-02 19:08,LONG,20951.00,20931.00,2025-03-02 20:08,TIME_LIMIT,61,50.50,20.00
PCT_R0.22pct,2025-03-03,2025-03-02 21:29,UP,2025-03-02 21:40,LONG,20972.75,20952.75,2025-03-02 21:58,STOP_HIT,19,8.00,-20.00
PCT_R0.22pct,2025-03-03,2025-03-02 22:08,DOWN,2025-03-02 22:23,SHORT,20947.75,20967.75,2025-03-02 23:18,STOP_HIT,56,59.75,-20.00
PCT_R0.22pct,2025-03-03,2025-03-02 22:26,UP,2025-03-02 23:18,LONG,20958.25,20938.25,2025-03-03 00:18,TIME_LIMIT,61,62.75,41.00
PCT_R0.22pct,2025-03-03,2025-03-03 07:18,DOWN,2025-03-03 07:39,SHORT,20920.50,20940.50,2025-03-03 07:41,STOP_HIT,3,0.25,-20.00
PCT_R0.22pct,2025-03-04,2025-03-03 13:03,UP,2025-03-03 13:24,LONG,20534.50,20514.50,2025-03-03 13:45,STOP_HIT,22,23.25,-20.00
PCT_R0.22pct,2025-03-04,2025-03-03 13:31,DOWN,2025-03-03 13:47,SHORT,20509.75,20529.75,2025-03-03 14:07,STOP_HIT,21,10.00,-20.00
PCT_R0.22pct,2025-03-04,2025-03-03 14:10,UP,2025-03-03 14:22,LONG,20537.25,20517.25,2025-03-03 14:34,STOP_HIT,13,1.25,-20.00
PCT_R0.22pct,2025-03-04,2025-03-03 14:21,DOWN,2025-03-03 14:49,SHORT,20497.50,20517.50,2025-03-03 14:51,STOP_HIT,3,1.00,-20.00
PCT_R0.22pct,2025-03-04,2025-03-03 14:48,UP,2025-03-03 14:58,LONG,20549.75,20529.75,2025-03-03 15:12,STOP_HIT,15,21.25,-20.00
PCT_R0.22pct,2025-03-04,2025-03-03 15:00,DOWN,2025-03-03 15:30,SHORT,20507.00,20527.00,2025-03-03 16:30,TIME_LIMIT,61,40.75,-15.25
PCT_R0.22pct,2025-03-04,2025-03-03 15:59,UP,2025-03-03 16:42,LONG,20535.25,20515.25,2025-03-03 16:52,STOP_HIT,11,1.50,-20.00
PCT_R0.22pct,2025-03-04,2025-03-03 20:51,DOWN,2025-03-03 21:14,SHORT,20494.75,20514.75,2025-03-03 21:19,STOP_HIT,6,2.50,-20.00
PCT_R0.22pct,2025-03-04,2025-03-03 22:08,UP,2025-03-03 22:38,LONG,20555.00,20535.00,2025-03-03 22:46,STOP_HIT,9,8.50,-20.00
PCT_R0.22pct,2025-03-04,2025-03-03 22:43,DOWN,2025-03-03 22:54,SHORT,20506.75,20526.75,2025-03-03 23:00,STOP_HIT,7,6.50,-20.00
PCT_R0.22pct,2025-03-04,2025-03-03 22:50,UP,2025-03-03 23:05,LONG,20544.00,20524.00,2025-03-03 23:16,STOP_HIT,12,22.25,-20.00
PCT_R0.22pct,2025-03-04,2025-03-03 23:12,DOWN,2025-03-03 23:22,SHORT,20528.25,20548.25,2025-03-04 00:22,TIME_LIMIT,61,84.25,32.00
PCT_R0.22pct,2025-03-04,2025-03-03 23:42,UP,2025-03-03 23:52,LONG,20508.25,20488.25,2025-03-04 00:00,STOP_HIT,9,7.50,-20.00
PCT_R0.22pct,2025-03-04,2025-03-04 06:58,DOWN,2025-03-04 07:08,SHORT,20274.25,20294.25,2025-03-04 07:10,STOP_HIT,3,8.50,-20.00
PCT_R0.22pct,2025-03-05,2025-03-04 13:02,UP,2025-03-04 13:29,LONG,20581.75,20561.75,2025-03-04 13:48,STOP_HIT,20,13.50,-20.00
PCT_R0.22pct,2025-03-05,2025-03-04 13:30,DOWN,2025-03-04 14:22,SHORT,20535.25,20555.25,2025-03-04 15:22,TIME_LIMIT,61,49.75,32.50
PCT_R0.22pct,2025-03-05,2025-03-04 15:44,DOWN,2025-03-04 16:01,SHORT,20494.75,20514.75,2025-03-04 17:01,TIME_LIMIT,61,54.25,5.50
PCT_R0.22pct,2025-03-05,2025-03-04 17:00,UP,2025-03-04 17:15,LONG,20551.75,20531.75,2025-03-04 17:30,STOP_HIT,16,2.00,-20.00
PCT_R0.22pct,2025-03-05,2025-03-04 17:42,UP,2025-03-04 17:52,LONG,20531.75,20511.75,2025-03-04 18:52,TIME_LIMIT,61,36.00,7.75
PCT_R0.22pct,2025-03-05,2025-03-04 19:29,UP,2025-03-04 19:46,LONG,20548.00,20528.00,2025-03-04 20:28,STOP_HIT,43,18.75,-20.00
PCT_R0.22pct,2025-03-05,2025-03-04 20:13,DOWN,2025-03-04 20:37,SHORT,20531.00,20551.00,2025-03-04 20:52,STOP_HIT,16,2.25,-20.00
PCT_R0.22pct,2025-03-05,2025-03-05 00:46,DOWN,2025-03-05 01:05,SHORT,20548.25,20568.25,2025-03-05 02:05,TIME_LIMIT,61,107.25,64.50
PCT_R0.22pct,2025-03-05,2025-03-05 07:04,UP,2025-03-05 07:33,LONG,20474.75,20454.75,2025-03-05 07:46,STOP_HIT,14,37.50,-20.00
PCT_R0.22pct,2025-03-06,2025-03-05 13:12,DOWN,2025-03-05 13:32,SHORT,20599.25,20619.25,2025-03-05 14:13,STOP_HIT,42,10.25,-20.00
PCT_R0.22pct,2025-03-06,2025-03-05 13:37,UP,2025-03-05 14:16,LONG,20636.00,20616.00,2025-03-05 14:45,STOP_HIT,30,1.25,-20.00
PCT_R0.22pct,2025-03-06,2025-03-05 14:15,DOWN,2025-03-05 15:06,SHORT,20591.25,20611.25,2025-03-05 15:13,STOP_HIT,8,1.75,-20.00
PCT_R0.22pct,2025-03-06,2025-03-05 14:59,UP,2025-03-05 16:16,LONG,20615.00,20595.00,2025-03-05 16:22,STOP_HIT,7,0.75,-20.00
PCT_R0.22pct,2025-03-06,2025-03-05 19:15,DOWN,2025-03-05 20:01,SHORT,20609.00,20629.00,2025-03-05 20:20,STOP_HIT,20,12.50,-20.00
PCT_R0.22pct,2025-03-06,2025-03-05 21:10,DOWN,2025-03-05 21:43,SHORT,20590.00,20610.00,2025-03-05 22:43,TIME_LIMIT,61,127.00,107.75
PCT_R0.22pct,2025-03-07,2025-03-06 13:02,DOWN,2025-03-06 13:28,SHORT,20181.75,20201.75,2025-03-06 14:16,STOP_HIT,49,15.75,-20.00
PCT_R0.22pct,2025-03-07,2025-03-06 14:27,UP,2025-03-06 15:19,LONG,20209.50,20189.50,2025-03-06 15:30,STOP_HIT,12,5.25,-20.00
PCT_R0.22pct,2025-03-07,2025-03-06 15:14,DOWN,2025-03-06 16:33,SHORT,20179.75,20199.75,2025-03-06 16:40,STOP_HIT,8,0.25,-20.00
PCT_R0.22pct,2025-03-07,2025-03-06 21:43,UP,2025-03-06 22:26,LONG,20169.75,20149.75,2025-03-06 22:39,STOP_HIT,14,19.50,-20.00
PCT_R0.22pct,2025-03-07,2025-03-06 22:31,DOWN,2025-03-06 23:02,SHORT,20177.25,20197.25,2025-03-06 23:04,STOP_HIT,3,0.25,-20.00
PCT_R0.22pct,2025-03-07,2025-03-06 22:40,UP,2025-03-06 23:04,LONG,20192.50,20172.50,2025-03-07 00:04,TIME_LIMIT,61,35.50,-8.75
PCT_R0.22pct,2025-03-07,2025-03-07 01:01,UP,2025-03-07 01:35,LONG,20192.00,20172.00,2025-03-07 01:50,STOP_HIT,16,10.00,-20.00
PCT_R0.22pct,2025-03-07,2025-03-07 01:39,DOWN,2025-03-07 02:09,SHORT,20159.50,20179.50,2025-03-07 03:09,TIME_LIMIT,61,67.50,32.75
PCT_R0.22pct,2025-03-07,2025-03-07 08:21,DOWN,2025-03-07 08:31,SHORT,20060.25,20080.25,2025-03-07 08:32,STOP_HIT,2,14.75,-20.00
PCT_R0.22pct,2025-03-07,2025-03-07 08:26,UP,2025-03-07 08:36,LONG,20072.50,20052.50,2025-03-07 09:36,TIME_LIMIT,61,201.50,164.75
PCT_R0.22pct,2025-03-10,2025-03-09 14:01,DOWN,2025-03-09 14:11,SHORT,20035.00,20055.00,2025-03-09 14:15,STOP_HIT,5,13.75,-20.00
PCT_R0.22pct,2025-03-10,2025-03-09 14:17,UP,2025-03-09 14:36,LONG,20054.25,20034.25,2025-03-09 14:58,STOP_HIT,23,22.00,-20.00
PCT_R0.22pct,2025-03-10,2025-03-09 14:45,DOWN,2025-03-09 14:59,SHORT,20037.75,20057.75,2025-03-09 15:21,STOP_HIT,23,105.50,-20.00
PCT_R0.22pct,2025-03-10,2025-03-09 15:21,DOWN,2025-03-09 15:46,SHORT,20017.25,20037.25,2025-03-09 16:00,STOP_HIT,15,10.50,-20.00
PCT_R0.22pct,2025-03-10,2025-03-09 16:22,UP,2025-03-09 16:56,LONG,20055.50,20035.50,2025-03-09 17:56,TIME_LIMIT,61,70.25,67.00
PCT_R0.22pct,2025-03-10,2025-03-09 23:06,DOWN,2025-03-10 00:19,SHORT,20024.00,20044.00,2025-03-10 00:21,STOP_HIT,3,3.75,-20.00
PCT_R0.22pct,2025-03-11,2025-03-10 14:11,UP,2025-03-10 14:37,LONG,19425.75,19405.75,2025-03-10 14:53,STOP_HIT,17,18.75,-20.00
PCT_R0.22pct,2025-03-11,2025-03-10 14:41,DOWN,2025-03-10 14:55,SHORT,19401.75,19421.75,2025-03-10 15:55,TIME_LIMIT,61,172.50,85.00
PCT_R0.22pct,2025-03-11,2025-03-10 17:55,UP,2025-03-10 18:13,LONG,19352.00,19332.00,2025-03-10 19:13,TIME_LIMIT,61,143.00,123.25
PCT_R0.22pct,2025-03-11,2025-03-11 04:26,DOWN,2025-03-11 05:05,SHORT,19468.25,19488.25,2025-03-11 05:37,STOP_HIT,33,82.50,-20.00
PCT_R0.22pct,2025-03-11,2025-03-11 05:01,UP,2025-03-11 05:11,LONG,19451.50,19431.50,2025-03-11 05:25,STOP_HIT,15,16.25,-20.00
PCT_R0.22pct,2025-03-11,2025-03-11 05:06,DOWN,2025-03-11 05:18,SHORT,19458.00,19478.00,2025-03-11 05:36,STOP_HIT,19,72.25,-20.00
PCT_R0.22pct,2025-03-12,2025-03-11 14:04,UP,2025-03-11 14:14,LONG,19443.00,19423.00,2025-03-11 14:25,STOP_HIT,12,8.00,-20.00
PCT_R0.22pct,2025-03-12,2025-03-11 14:58,DOWN,2025-03-11 15:46,SHORT,19455.50,19475.50,2025-03-11 15:54,STOP_HIT,9,8.50,-20.00
PCT_R0.22pct,2025-03-12,2025-03-11 15:32,UP,2025-03-11 15:55,LONG,19474.00,19454.00,2025-03-11 16:39,STOP_HIT,45,25.75,-20.00
PCT_R0.22pct,2025-03-12,2025-03-11 16:25,DOWN,2025-03-11 16:53,SHORT,19454.75,19474.75,2025-03-11 17:00,STOP_HIT,8,2.25,-20.00
PCT_R0.22pct,2025-03-12,2025-03-11 16:42,UP,2025-03-11 17:52,LONG,19481.50,19461.50,2025-03-11 18:40,STOP_HIT,49,11.25,-20.00
PCT_R0.22pct,2025-03-12,2025-03-11 18:18,DOWN,2025-03-11 18:56,SHORT,19451.50,19471.50,2025-03-11 19:56,TIME_LIMIT,61,16.00,-6.25
PCT_R0.22pct,2025-03-12,2025-03-11 19:24,UP,2025-03-11 21:54,LONG,19476.25,19456.25,2025-03-11 22:22,STOP_HIT,29,7.25,-20.00
PCT_R0.22pct,2025-03-12,2025-03-11 21:58,DOWN,2025-03-11 22:49,SHORT,19439.25,19459.25,2025-03-11 23:46,STOP_HIT,58,52.25,-20.00
PCT_R0.22pct,2025-03-12,2025-03-11 23:22,UP,2025-03-12 00:02,LONG,19490.25,19470.25,2025-03-12 00:05,STOP_HIT,4,4.50,-20.00
PCT_R0.22pct,2025-03-12,2025-03-12 10:23,UP,2025-03-12 10:33,LONG,19630.50,19610.50,2025-03-12 11:16,STOP_HIT,44,75.75,-20.00
PCT_R0.22pct,2025-03-13,2025-03-12 14:01,UP,2025-03-12 14:16,LONG,19610.00,19590.00,2025-03-12 15:16,TIME_LIMIT,61,49.75,35.50
PCT_R0.22pct,2025-03-13,2025-03-12 16:00,DOWN,2025-03-12 17:42,SHORT,19610.00,19630.00,2025-03-12 17:52,STOP_HIT,11,3.00,-20.00
PCT_R0.22pct,2025-03-13,2025-03-13 00:18,UP,2025-03-13 01:49,LONG,19592.50,19572.50,2025-03-13 02:49,TIME_LIMIT,61,38.50,24.75
PCT_R0.22pct,2025-03-13,2025-03-13 03:18,DOWN,2025-03-13 03:45,SHORT,19513.50,19533.50,2025-03-13 03:53,STOP_HIT,9,18.75,-20.00
PCT_R0.22pct,2025-03-13,2025-03-13 04:48,UP,2025-03-13 05:00,LONG,19556.00,19536.00,2025-03-13 05:30,STOP_HIT,31,34.75,-20.00
PCT_R0.22pct,2025-03-13,2025-03-13 06:14,UP,2025-03-13 06:24,LONG,19509.25,19489.25,2025-03-13 06:28,STOP_HIT,5,60.75,-20.00
PCT_R0.22pct,2025-03-14,2025-03-13 14:00,UP,2025-03-13 14:10,LONG,19338.75,19318.75,2025-03-13 15:10,TIME_LIMIT,61,43.25,37.25
PCT_R0.22pct,2025-03-14,2025-03-13 15:13,DOWN,2025-03-13 16:01,SHORT,19342.50,19362.50,2025-03-13 16:05,STOP_HIT,5,7.50,-20.00
PCT_R0.22pct,2025-03-14,2025-03-13 16:01,UP,2025-03-13 16:17,LONG,19376.50,19356.50,2025-03-13 17:17,TIME_LIMIT,61,49.25,28.25
PCT_R0.22pct,2025-03-14,2025-03-13 23:34,UP,2025-03-13 23:48,LONG,19416.50,19396.50,2025-03-13 23:51,STOP_HIT,4,0.25,-20.00
PCT_R0.22pct,2025-03-14,2025-03-13 23:47,DOWN,2025-03-14 00:01,SHORT,19388.75,19408.75,2025-03-14 00:10,STOP_HIT,10,13.50,-20.00
PCT_R0.22pct,2025-03-14,2025-03-14 00:02,UP,2025-03-14 00:16,LONG,19418.50,19398.50,2025-03-14 01:16,TIME_LIMIT,61,35.50,27.25
PCT_R0.22pct,2025-03-14,2025-03-14 02:36,UP,2025-03-14 02:47,LONG,19443.50,19423.50,2025-03-14 03:47,TIME_LIMIT,61,44.25,30.00
PCT_R0.22pct,2025-03-17,2025-03-16 14:00,DOWN,2025-03-16 14:10,SHORT,19619.00,19639.00,2025-03-16 15:10,TIME_LIMIT,61,68.50,62.25
PCT_R0.22pct,2025-03-17,2025-03-16 16:18,UP,2025-03-16 16:43,LONG,19601.75,19581.75,2025-03-16 17:43,TIME_LIMIT,61,26.75,15.25
PCT_R0.22pct,2025-03-17,2025-03-16 17:20,DOWN,2025-03-16 19:59,SHORT,19585.75,19605.75,2025-03-16 20:06,STOP_HIT,8,1.50,-20.00
PCT_R0.22pct,2025-03-17,2025-03-16 23:18,UP,2025-03-17 01:02,LONG,19623.25,19603.25,2025-03-17 02:02,TIME_LIMIT,61,13.25,3.50
PCT_R0.22pct,2025-03-17,2025-03-17 06:44,DOWN,2025-03-17 06:59,SHORT,19680.25,19700.25,2025-03-17 07:00,STOP_HIT,2,9.00,-20.00
PCT_R0.22pct,2025-03-17,2025-03-17 08:14,DOWN,2025-03-17 08:24,SHORT,19681.00,19701.00,2025-03-17 08:37,STOP_HIT,14,20.25,-20.00
PCT_R0.22pct,2025-03-17,2025-03-17 08:46,UP,2025-03-17 08:58,LONG,19702.25,19682.25,2025-03-17 09:00,STOP_HIT,3,4.25,-20.00
PCT_R0.22pct,2025-03-18,2025-03-17 14:00,UP,2025-03-17 14:31,LONG,19852.75,19832.75,2025-03-17 15:14,STOP_HIT,44,5.00,-20.00
PCT_R0.22pct,2025-03-18,2025-03-18 01:18,DOWN,2025-03-18 01:44,SHORT,19796.00,19816.00,2025-03-18 02:44,TIME_LIMIT,61,80.50,37.00
PCT_R0.22pct,2025-03-18,2025-03-18 09:07,UP,2025-03-18 09:18,LONG,19521.75,19501.75,2025-03-18 09:19,STOP_HIT,2,2.75,-20.00
PCT_R0.22pct,2025-03-18,2025-03-18 09:33,UP,2025-03-18 09:51,LONG,19533.50,19513.50,2025-03-18 09:55,STOP_HIT,5,5.00,-20.00
PCT_R0.22pct,2025-03-18,2025-03-18 10:27,DOWN,2025-03-18 10:37,SHORT,19520.50,19540.50,2025-03-18 10:49,STOP_HIT,13,25.00,-20.00
PCT_R0.22pct,2025-03-18,2025-03-18 10:34,UP,2025-03-18 10:44,LONG,19501.00,19481.00,2025-03-18 11:40,STOP_HIT,57,78.00,-20.00
PCT_R0.22pct,2025-03-18,2025-03-18 11:12,UP,2025-03-18 11:22,LONG,19527.75,19507.75,2025-03-18 11:25,STOP_HIT,4,4.50,-20.00
PCT_R0.22pct,2025-03-19,2025-03-18 14:30,UP,2025-03-18 14:47,LONG,19500.00,19480.00,2025-03-18 15:47,TIME_LIMIT,61,17.75,10.00
PCT_R0.22pct,2025-03-19,2025-03-18 23:44,UP,2025-03-19 03:47,LONG,19574.50,19554.50,2025-03-19 03:56,STOP_HIT,10,10.25,-20.00
PCT_R0.22pct,2025-03-20,2025-03-19 14:00,UP,2025-03-19 14:13,LONG,19782.00,19762.00,2025-03-19 15:13,TIME_LIMIT,61,38.00,17.75
PCT_R0.22pct,2025-03-20,2025-03-19 19:18,DOWN,2025-03-20 02:21,SHORT,19542.00,19562.00,2025-03-20 02:21,STOP_HIT,1,11.75,-20.00
PCT_R0.22pct,2025-03-20,2025-03-20 07:37,UP,2025-03-20 07:47,LONG,19835.25,19815.25,2025-03-20 07:56,STOP_HIT,10,17.00,-20.00
PCT_R0.22pct,2025-03-20,2025-03-20 07:48,DOWN,2025-03-20 08:02,SHORT,19785.00,19805.00,2025-03-20 08:03,STOP_HIT,2,0.25,-20.00
PCT_R0.22pct,2025-05-22,2025-05-21 14:01,DOWN,2025-05-21 14:11,SHORT,21124.00,21144.00,2025-05-21 14:26,STOP_HIT,16,10.25,-20.00
PCT_R0.22pct,2025-05-22,2025-05-21 14:13,UP,2025-05-21 15:20,LONG,21160.50,21140.50,2025-05-21 16:00,STOP_HIT,41,15.25,-20.00
PCT_R0.22pct,2025-05-22,2025-05-21 17:04,DOWN,2025-05-21 19:03,SHORT,21161.25,21181.25,2025-05-21 20:03,TIME_LIMIT,61,1.75,-5.75
PCT_R0.22pct,2025-05-22,2025-05-21 18:36,UP,2025-05-21 21:29,LONG,21195.00,21175.00,2025-05-21 22:06,STOP_HIT,38,7.75,-20.00
PCT_R0.22pct,2025-05-22,2025-05-22 03:09,DOWN,2025-05-22 03:47,SHORT,21163.00,21183.00,2025-05-22 04:47,TIME_LIMIT,61,123.00,20.25
PCT_R0.22pct,2025-05-22,2025-05-22 05:06,DOWN,2025-05-22 05:31,SHORT,21179.00,21199.00,2025-05-22 05:31,STOP_HIT,1,0.50,-20.00
PCT_R0.22pct,2025-05-23,2025-05-22 14:00,DOWN,2025-05-22 14:31,SHORT,21193.25,21213.25,2025-05-22 15:31,TIME_LIMIT,61,59.25,21.00
PCT_R0.22pct,2025-05-23,2025-05-22 15:01,UP,2025-05-22 16:01,LONG,21185.75,21165.75,2025-05-22 17:01,TIME_LIMIT,61,18.25,-1.25
PCT_R0.22pct,2025-05-23,2025-05-22 16:37,DOWN,2025-05-22 17:47,SHORT,21160.75,21180.75,2025-05-22 18:11,STOP_HIT,25,8.25,-20.00
PCT_R0.22pct,2025-05-23,2025-05-22 17:57,UP,2025-05-22 18:27,LONG,21198.50,21178.50,2025-05-22 18:34,STOP_HIT,8,2.00,-20.00
PCT_R0.22pct,2025-05-23,2025-05-22 19:24,DOWN,2025-05-22 20:39,SHORT,21162.25,21182.25,2025-05-22 21:39,TIME_LIMIT,61,21.25,0.75
PCT_R0.22pct,2025-05-23,2025-05-22 22:16,UP,2025-05-22 23:53,LONG,21207.00,21187.00,2025-05-23 00:52,STOP_HIT,60,24.00,-20.00
PCT_R0.22pct,2025-05-23,2025-05-23 02:03,DOWN,2025-05-23 03:20,SHORT,21112.50,21132.50,2025-05-23 04:20,TIME_LIMIT,61,366.75,341.50
PCT_R0.22pct,2025-05-23,2025-05-23 05:37,DOWN,2025-05-23 05:47,SHORT,20863.50,20883.50,2025-05-23 05:50,STOP_HIT,4,19.00,-20.00
PCT_R0.22pct,2025-05-23,2025-05-23 05:54,UP,2025-05-23 06:08,LONG,20933.75,20913.75,2025-05-23 06:21,STOP_HIT,14,60.50,-20.00
PCT_R0.22pct,2025-05-23,2025-05-23 06:47,DOWN,2025-05-23 07:01,SHORT,20928.75,20948.75,2025-05-23 07:04,STOP_HIT,4,11.00,-20.00
PCT_R0.22pct,2025-05-23,2025-05-23 08:05,UP,2025-05-23 08:15,LONG,20943.00,20923.00,2025-05-23 09:15,TIME_LIMIT,61,93.25,87.50
PCT_R0.22pct,2025-05-26,2025-05-25 14:39,UP,2025-05-25 17:32,LONG,21174.25,21154.25,2025-05-25 18:32,TIME_LIMIT,61,59.25,42.75
PCT_R0.22pct,2025-05-27,2025-05-26 14:00,DOWN,2025-05-26 14:32,SHORT,21247.00,21267.00,2025-05-26 15:32,TIME_LIMIT,61,26.50,20.00
PCT_R0.22pct,2025-05-27,2025-05-26 19:46,UP,2025-05-26 23:00,LONG,21243.00,21223.00,2025-05-27 00:00,TIME_LIMIT,61,116.75,79.00
PCT_R0.22pct,2025-05-27,2025-05-27 05:21,DOWN,2025-05-27 05:31,SHORT,21278.00,21298.00,2025-05-27 06:00,STOP_HIT,30,85.25,-20.00
PCT_R0.22pct,2025-05-27,2025-05-27 05:37,UP,2025-05-27 06:01,LONG,21325.25,21305.25,2025-05-27 07:01,TIME_LIMIT,61,64.25,39.50
PCT_R0.22pct,2025-05-28,2025-05-27 15:18,DOWN,2025-05-27 20:41,SHORT,21438.50,21458.50,2025-05-27 21:20,STOP_HIT,40,3.50,-20.00
PCT_R0.22pct,2025-05-28,2025-05-28 01:44,UP,2025-05-28 02:33,LONG,21476.25,21456.25,2025-05-28 03:33,TIME_LIMIT,61,47.50,31.50
PCT_R0.22pct,2025-05-28,2025-05-28 05:40,DOWN,2025-05-28 06:00,SHORT,21467.50,21487.50,2025-05-28 07:00,TIME_LIMIT,61,41.50,23.75
PCT_R0.22pct,2025-05-28,2025-05-28 06:58,UP,2025-05-28 09:11,LONG,21478.50,21458.50,2025-05-28 09:42,STOP_HIT,32,12.00,-20.00
PCT_R0.22pct,2025-05-28,2025-05-28 10:52,UP,2025-05-28 11:13,LONG,21497.75,21477.75,2025-05-28 11:14,STOP_HIT,2,8.00,-20.00
PCT_R0.22pct,2025-05-28,2025-05-28 11:08,DOWN,2025-05-28 11:26,SHORT,21460.50,21480.50,2025-05-28 12:26,TIME_LIMIT,61,139.25,18.25
PCT_R0.22pct,2025-05-29,2025-05-28 14:00,UP,2025-05-28 14:37,LONG,21535.25,21515.25,2025-05-28 15:37,TIME_LIMIT,61,241.75,216.00
PCT_R0.22pct,2025-05-29,2025-05-28 23:00,UP,2025-05-28 23:31,LONG,21794.25,21774.25,2025-05-29 00:31,TIME_LIMIT,61,64.50,-5.50
PCT_R0.22pct,2025-05-29,2025-05-29 00:00,DOWN,2025-05-29 03:26,SHORT,21695.75,21715.75,2025-05-29 04:26,TIME_LIMIT,61,75.25,35.50
PCT_R0.22pct,2025-05-30,2025-05-29 14:00,UP,2025-05-29 14:11,LONG,21385.25,21365.25,2025-05-29 14:20,STOP_HIT,10,10.00,-20.00
PCT_R0.22pct,2025-05-30,2025-05-29 14:10,DOWN,2025-05-29 14:33,SHORT,21365.50,21385.50,2025-05-29 15:33,TIME_LIMIT,61,30.25,17.25
PCT_R0.22pct,2025-05-30,2025-05-29 17:20,UP,2025-05-29 18:25,LONG,21344.75,21324.75,2025-05-29 19:25,TIME_LIMIT,61,20.25,-6.50
PCT_R0.22pct,2025-05-30,2025-05-29 23:05,UP,2025-05-29 23:23,LONG,21364.25,21344.25,2025-05-29 23:55,STOP_HIT,33,18.25,-20.00
PCT_R0.22pct,2025-05-30,2025-05-30 04:25,UP,2025-05-30 04:55,LONG,21353.25,21333.25,2025-05-30 05:00,STOP_HIT,6,4.75,-20.00
PCT_R0.22pct,2025-05-30,2025-05-30 04:40,DOWN,2025-05-30 05:06,SHORT,21345.75,21365.75,2025-05-30 05:15,STOP_HIT,10,31.75,-20.00
PCT_R0.22pct,2025-05-30,2025-05-30 05:05,UP,2025-05-30 05:21,LONG,21369.50,21349.50,2025-05-30 05:30,STOP_HIT,10,21.00,-20.00
PCT_R0.22pct,2025-05-30,2025-05-30 07:15,UP,2025-05-30 07:27,LONG,21360.00,21340.00,2025-05-30 07:30,STOP_HIT,4,18.75,-20.00
PCT_R0.22pct,2025-06-02,2025-06-01 14:00,UP,2025-06-01 14:11,LONG,21325.75,21305.75,2025-06-01 14:22,STOP_HIT,12,22.75,-20.00
PCT_R0.22pct,2025-06-02,2025-06-01 14:10,DOWN,2025-06-01 15:03,SHORT,21303.75,21323.75,2025-06-01 16:03,TIME_LIMIT,61,26.75,-11.00
PCT_R0.22pct,2025-06-02,2025-06-01 15:30,UP,2025-06-01 16:11,LONG,21307.75,21287.75,2025-06-01 16:30,STOP_HIT,20,18.25,-20.00
PCT_R0.22pct,2025-06-02,2025-06-02 01:45,UP,2025-06-02 03:15,LONG,21279.50,21259.50,2025-06-02 03:51,STOP_HIT,37,12.00,-20.00
PCT_R0.22pct,2025-06-02,2025-06-02 04:21,UP,2025-06-02 04:41,LONG,21274.50,21254.50,2025-06-02 05:41,TIME_LIMIT,61,183.50,146.00
PCT_R0.22pct,2025-06-03,2025-06-02 14:00,DOWN,2025-06-02 15:26,SHORT,21479.75,21499.75,2025-06-02 15:26,STOP_HIT,1,14.00,-20.00
PCT_R0.22pct,2025-06-03,2025-06-02 15:29,DOWN,2025-06-02 15:51,SHORT,21510.00,21530.00,2025-06-02 16:51,TIME_LIMIT,61,36.00,30.75
PCT_R0.22pct,2025-06-03,2025-06-03 00:15,UP,2025-06-03 03:40,LONG,21526.00,21506.00,2025-06-03 04:40,TIME_LIMIT,61,17.50,-16.75
PCT_R0.22pct,2025-06-04,2025-06-03 16:00,DOWN,2025-06-03 17:51,SHORT,21693.00,21713.00,2025-06-03 18:51,TIME_LIMIT,61,26.25,15.75
PCT_R0.22pct,2025-06-04,2025-06-03 18:15,UP,2025-06-04 00:06,LONG,21730.75,21710.75,2025-06-04 01:06,TIME_LIMIT,61,18.00,-6.25
PCT_R0.22pct,2025-06-04,2025-06-04 04:05,DOWN,2025-06-04 04:21,SHORT,21700.25,21720.25,2025-06-04 05:19,STOP_HIT,59,45.00,-20.00
PCT_R0.22pct,2025-06-04,2025-06-04 04:25,UP,2025-06-04 05:21,LONG,21726.75,21706.75,2025-06-04 06:00,STOP_HIT,40,66.50,-20.00
PCT_R0.22pct,2025-06-04,2025-06-04 06:08,UP,2025-06-04 06:26,LONG,21716.50,21696.50,2025-06-04 07:26,TIME_LIMIT,61,68.00,43.25
PCT_R0.22pct,2025-06-04,2025-06-04 06:35,DOWN,2025-06-04 06:52,SHORT,21726.75,21746.75,2025-06-04 06:55,STOP_HIT,4,13.25,-20.00
PCT_R0.22pct,2025-06-04,2025-06-04 06:45,UP,2025-06-04 06:56,LONG,21737.75,21717.75,2025-06-04 07:56,TIME_LIMIT,61,46.75,14.25
PCT_R0.22pct,2025-06-04,2025-06-04 08:10,UP,2025-06-04 08:56,LONG,21752.00,21732.00,2025-06-04 09:56,TIME_LIMIT,61,38.75,33.25
PCT_R0.22pct,2025-06-05,2025-06-04 14:40,DOWN,2025-06-04 22:15,SHORT,21728.00,21748.00,2025-06-04 22:59,STOP_HIT,45,5.00,-20.00
PCT_R0.22pct,2025-06-05,2025-06-04 22:14,UP,2025-06-04 23:16,LONG,21770.25,21750.25,2025-06-05 00:16,TIME_LIMIT,61,69.75,50.00
PCT_R0.22pct,2025-06-05,2025-06-05 04:30,UP,2025-06-05 04:40,LONG,21771.75,21751.75,2025-06-05 05:35,STOP_HIT,56,126.25,-20.00
PCT_R0.22pct,2025-06-06,2025-06-05 14:00,UP,2025-06-05 14:16,LONG,21511.50,21491.50,2025-06-05 15:16,TIME_LIMIT,61,59.75,44.25
PCT_R0.22pct,2025-06-06,2025-06-06 07:20,UP,2025-06-06 07:31,LONG,21789.75,21769.75,2025-06-06 08:31,TIME_LIMIT,61,44.75,0.75
PCT_R0.22pct,2025-06-06,2025-06-06 08:10,DOWN,2025-06-06 08:36,SHORT,21790.00,21810.00,2025-06-06 09:36,TIME_LIMIT,61,68.00,-12.75
PCT_R0.22pct,2025-06-06,2025-06-06 08:55,UP,2025-06-06 09:51,LONG,21819.00,21799.00,2025-06-06 10:51,TIME_LIMIT,61,54.50,23.50
PCT_R0.22pct,2025-06-09,2025-06-08 14:00,DOWN,2025-06-08 14:11,SHORT,21787.50,21807.50,2025-06-08 15:11,TIME_LIMIT,61,61.50,54.50
PCT_R0.22pct,2025-06-09,2025-06-08 15:10,UP,2025-06-08 16:01,LONG,21756.75,21736.75,2025-06-08 17:01,TIME_LIMIT,61,26.75,-12.00
PCT_R0.22pct,2025-06-09,2025-06-08 16:04,DOWN,2025-06-08 17:36,SHORT,21739.00,21759.00,2025-06-08 18:36,TIME_LIMIT,61,23.00,7.25
PCT_R0.22pct,2025-06-09,2025-06-08 18:30,UP,2025-06-08 22:51,LONG,21751.25,21731.25,2025-06-08 23:51,TIME_LIMIT,61,41.75,31.75
PCT_R0.22pct,2025-06-09,2025-06-09 05:35,UP,2025-06-09 05:45,LONG,21795.50,21775.50,2025-06-09 06:45,TIME_LIMIT,61,95.25,49.50
PCT_R0.22pct,2025-06-10,2025-06-10 00:10,UP,2025-06-10 02:30,LONG,21842.00,21822.00,2025-06-10 03:03,STOP_HIT,34,6.00,-20.00
PCT_R0.22pct,2025-06-10,2025-06-10 02:15,DOWN,2025-06-10 03:09,SHORT,21805.25,21825.25,2025-06-10 03:24,STOP_HIT,16,0.75,-20.00
PCT_R0.22pct,2025-06-10,2025-06-10 03:05,UP,2025-06-10 03:51,LONG,21844.00,21824.00,2025-06-10 04:51,TIME_LIMIT,61,24.00,7.25
PCT_R0.22pct,2025-06-10,2025-06-10 07:33,UP,2025-06-10 08:09,LONG,21901.00,21881.00,2025-06-10 09:09,TIME_LIMIT,61,17.00,13.00
PCT_R0.22pct,2025-06-10,2025-06-10 10:05,UP,2025-06-10 10:23,LONG,21873.00,21853.00,2025-06-10 11:23,TIME_LIMIT,61,119.25,93.75
PCT_R0.22pct,2025-06-11,2025-06-10 14:54,DOWN,2025-06-10 15:06,SHORT,21948.25,21968.25,2025-06-10 15:15,STOP_HIT,10,31.75,-20.00
PCT_R0.22pct,2025-06-11,2025-06-10 15:05,UP,2025-06-10 15:18,LONG,21993.00,21973.00,2025-06-10 15:20,STOP_HIT,3,1.00,-20.00
PCT_R0.22pct,2025-06-11,2025-06-10 15:15,DOWN,2025-06-10 16:06,SHORT,21950.25,21970.25,2025-06-10 17:06,TIME_LIMIT,61,42.75,39.25
PCT_R0.22pct,2025-06-11,2025-06-10 20:58,UP,2025-06-11 01:31,LONG,21939.75,21919.75,2025-06-11 01:42,STOP_HIT,12,4.75,-20.00
PCT_R0.22pct,2025-06-11,2025-06-11 03:17,UP,2025-06-11 03:52,LONG,21925.00,21905.00,2025-06-11 04:00,STOP_HIT,9,67.75,-20.00
PCT_R0.22pct,2025-06-11,2025-06-11 07:15,DOWN,2025-06-11 08:21,SHORT,21929.00,21949.00,2025-06-11 08:25,STOP_HIT,5,21.00,-20.00
PCT_R0.22pct,2025-06-11,2025-06-11 09:09,DOWN,2025-06-11 09:50,SHORT,21948.25,21968.25,2025-06-11 10:50,TIME_LIMIT,61,157.50,46.00
PCT_R0.22pct,2025-06-12,2025-06-11 14:00,UP,2025-06-11 14:31,LONG,21889.25,21869.25,2025-06-11 14:40,STOP_HIT,10,5.00,-20.00
PCT_R0.22pct,2025-06-12,2025-06-11 14:30,DOWN,2025-06-11 14:51,SHORT,21874.00,21894.00,2025-06-11 15:51,TIME_LIMIT,61,56.00,33.00
PCT_R0.22pct,2025-06-12,2025-06-11 15:36,DOWN,2025-06-11 16:20,SHORT,21833.25,21853.25,2025-06-11 17:20,TIME_LIMIT,61,51.00,47.50
PCT_R0.22pct,2025-06-12,2025-06-11 17:34,UP,2025-06-11 22:56,LONG,21842.00,21822.00,2025-06-11 23:29,STOP_HIT,34,21.25,-20.00
PCT_R0.22pct,2025-06-12,2025-06-11 23:00,DOWN,2025-06-11 23:54,SHORT,21783.25,21803.25,2025-06-12 00:54,TIME_LIMIT,61,70.00,-17.75
PCT_R0.22pct,2025-06-12,2025-06-12 01:35,DOWN,2025-06-12 02:09,SHORT,21800.50,21820.50,2025-06-12 02:51,STOP_HIT,43,41.25,-20.00
PCT_R0.22pct,2025-06-12,2025-06-12 04:30,UP,2025-06-12 04:40,LONG,21828.00,21808.00,2025-06-12 05:40,TIME_LIMIT,61,56.50,34.25
PCT_R0.22pct,2025-06-12,2025-06-12 11:20,DOWN,2025-06-12 11:52,SHORT,21902.50,21922.50,2025-06-12 11:55,STOP_HIT,4,9.00,-20.00
PCT_R0.22pct,2025-06-12,2025-06-12 11:50,UP,2025-06-12 12:01,LONG,21931.50,21911.50,2025-06-12 12:23,STOP_HIT,23,16.50,-20.00
PCT_R0.22pct,2025-06-13,2025-06-12 14:00,DOWN,2025-06-12 14:27,SHORT,21882.50,21902.50,2025-06-12 15:27,TIME_LIMIT,61,20.75,2.25
PCT_R0.22pct,2025-06-13,2025-06-12 17:55,DOWN,2025-06-12 18:05,SHORT,21575.25,21595.25,2025-06-12 19:05,TIME_LIMIT,61,104.25,25.00
PCT_R0.22pct,2025-06-13,2025-06-12 20:56,UP,2025-06-12 22:26,LONG,21580.50,21560.50,2025-06-12 23:26,TIME_LIMIT,61,58.00,27.50
PCT_R0.22pct,2025-06-16,2025-06-15 20:18,UP,2025-06-15 21:21,LONG,21925.00,21905.00,2025-06-15 22:22,TIME_LIMIT,61,41.00,32.00
PCT_R0.22pct,2025-06-16,2025-06-16 09:30,DOWN,2025-06-16 11:15,SHORT,22151.75,22171.75,2025-06-16 11:20,STOP_HIT,6,9.75,-20.00
PCT_R0.22pct,2025-06-16,2025-06-16 10:50,UP,2025-06-16 12:01,LONG,22172.50,22152.50,2025-06-16 12:59,TIME_EXPIRED,59,13.75,-9.75
PCT_R0.22pct,2025-06-17,2025-06-16 14:00,DOWN,2025-06-16 14:31,SHORT,22146.50,22166.50,2025-06-16 15:31,TIME_LIMIT,61,99.50,90.75
PCT_R0.22pct,2025-06-17,2025-06-16 14:49,UP,2025-06-16 15:26,LONG,22091.00,22071.00,2025-06-16 15:28,STOP_HIT,3,11.50,-20.00
PCT_R0.22pct,2025-06-17,2025-06-16 15:15,DOWN,2025-06-16 15:30,SHORT,22079.00,22099.00,2025-06-16 16:30,TIME_LIMIT,61,71.50,12.00
PCT_R0.22pct,2025-06-17,2025-06-16 16:59,DOWN,2025-06-16 17:16,SHORT,22053.75,22073.75,2025-06-16 17:27,STOP_HIT,12,10.00,-20.00
PCT_R0.22pct,2025-06-17,2025-06-16 17:25,UP,2025-06-16 17:51,LONG,22084.25,22064.25,2025-06-16 18:00,STOP_HIT,10,15.75,-20.00
PCT_R0.22pct,2025-06-17,2025-06-16 17:50,DOWN,2025-06-16 18:06,SHORT,22063.75,22083.75,2025-06-16 18:50,STOP_HIT,45,42.75,-20.00
PCT_R0.22pct,2025-06-17,2025-06-16 20:32,UP,2025-06-16 22:06,LONG,22092.75,22072.75,2025-06-16 22:52,STOP_HIT,47,29.50,-20.00
PCT_R0.22pct,2025-06-17,2025-06-16 22:15,DOWN,2025-06-16 23:23,SHORT,22026.50,22046.50,2025-06-16 23:30,STOP_HIT,8,22.50,-20.00
PCT_R0.22pct,2025-06-17,2025-06-17 02:45,UP,2025-06-17 04:13,LONG,22080.00,22060.00,2025-06-17 04:25,STOP_HIT,13,14.25,-20.00
PCT_R0.22pct,2025-06-17,2025-06-17 04:30,DOWN,2025-06-17 04:53,SHORT,22054.50,22074.50,2025-06-17 05:30,STOP_HIT,38,21.50,-20.00
PCT_R0.22pct,2025-06-17,2025-06-17 05:11,UP,2025-06-17 05:31,LONG,22096.75,22076.75,2025-06-17 05:32,STOP_HIT,2,13.25,-20.00
PCT_R0.22pct,2025-06-17,2025-06-17 08:19,DOWN,2025-06-17 08:56,SHORT,22045.75,22065.75,2025-06-17 09:56,TIME_LIMIT,61,105.00,63.75
PCT_R0.22pct,2025-06-18,2025-06-17 14:00,DOWN,2025-06-17 14:26,SHORT,21910.00,21930.00,2025-06-17 15:26,TIME_LIMIT,61,47.75,10.50
PCT_R0.22pct,2025-06-18,2025-06-17 14:57,UP,2025-06-17 15:45,LONG,21911.00,21891.00,2025-06-17 16:45,TIME_LIMIT,61,76.75,55.50
PCT_R0.22pct,2025-06-18,2025-06-18 03:07,UP,2025-06-18 03:48,LONG,22024.25,22004.25,2025-06-18 03:55,STOP_HIT,8,6.25,-20.00
PCT_R0.22pct,2025-06-19,2025-06-18 14:00,DOWN,2025-06-18 14:18,SHORT,21924.50,21944.50,2025-06-18 14:55,STOP_HIT,38,14.00,-20.00
PCT_R0.22pct,2025-06-19,2025-06-18 18:00,UP,2025-06-18 20:07,LONG,21887.00,21867.00,2025-06-18 21:07,TIME_LIMIT,61,16.50,6.75
PCT_R0.22pct,2025-06-19,2025-06-18 20:41,DOWN,2025-06-18 22:01,SHORT,21854.25,21874.25,2025-06-18 22:02,STOP_HIT,2,1.50,-20.00
PCT_R0.22pct,2025-06-20,2025-06-19 14:00,UP,2025-06-19 14:10,LONG,21823.75,21803.75,2025-06-19 15:10,TIME_LIMIT,61,106.50,51.75
PCT_R0.22pct,2025-06-20,2025-06-19 15:25,UP,2025-06-19 16:11,LONG,21906.50,21886.50,2025-06-19 16:50,STOP_HIT,40,21.50,-20.00
PCT_R0.22pct,2025-06-20,2025-06-19 16:10,DOWN,2025-06-19 17:31,SHORT,21870.50,21890.50,2025-06-19 18:18,STOP_HIT,48,21.50,-20.00
PCT_R0.22pct,2025-06-20,2025-06-19 17:10,UP,2025-06-19 19:24,LONG,21903.75,21883.75,2025-06-19 20:24,TIME_LIMIT,61,8.50,1.50
PCT_R0.22pct,2025-06-20,2025-06-20 00:10,DOWN,2025-06-20 00:56,SHORT,21871.75,21891.75,2025-06-20 01:09,STOP_HIT,14,12.75,-20.00
PCT_R0.22pct,2025-06-20,2025-06-20 00:55,UP,2025-06-20 02:41,LONG,21900.75,21880.75,2025-06-20 03:41,TIME_LIMIT,61,76.50,39.75
PCT_R0.22pct,2025-06-20,2025-06-20 06:05,DOWN,2025-06-20 06:15,SHORT,21996.00,22016.00,2025-06-20 07:15,TIME_LIMIT,61,220.00,145.00
PCT_R0.22pct,2025-06-23,2025-06-22 16:20,UP,2025-06-22 18:08,LONG,21747.00,21727.00,2025-06-22 19:08,TIME_LIMIT,61,24.75,18.75
PCT_R0.22pct,2025-06-23,2025-06-23 03:45,UP,2025-06-23 03:55,LONG,21814.00,21794.00,2025-06-23 04:55,TIME_LIMIT,61,72.50,69.50
PCT_R0.22pct,2025-06-24,2025-06-23 14:03,UP,2025-06-23 14:13,LONG,22160.25,22140.25,2025-06-23 15:13,TIME_LIMIT,61,71.25,62.75
PCT_R0.22pct,2025-06-24,2025-06-24 03:20,UP,2025-06-24 03:31,LONG,22294.00,22274.00,2025-06-24 04:18,STOP_HIT,48,20.25,-20.00
PCT_R0.22pct,2025-06-24,2025-06-24 04:04,DOWN,2025-06-24 04:29,SHORT,22284.25,22304.25,2025-06-24 04:45,STOP_HIT,17,25.75,-20.00
PCT_R0.22pct,2025-06-24,2025-06-24 04:30,UP,2025-06-24 05:16,LONG,22285.50,22265.50,2025-06-24 05:30,STOP_HIT,15,29.25,-20.00
PCT_R0.22pct,2025-06-24,2025-06-24 06:05,UP,2025-06-24 06:16,LONG,22305.25,22285.25,2025-06-24 07:16,TIME_LIMIT,61,54.75,46.50
PCT_R0.22pct,2025-06-25,2025-06-24 14:00,UP,2025-06-24 16:14,LONG,22428.50,22408.50,2025-06-24 17:01,STOP_HIT,48,6.25,-20.00
PCT_R0.22pct,2025-06-25,2025-06-25 06:20,UP,2025-06-25 06:41,LONG,22507.00,22487.00,2025-06-25 06:50,STOP_HIT,10,17.75,-20.00
PCT_R0.22pct,2025-06-25,2025-06-25 06:45,DOWN,2025-06-25 07:01,SHORT,22491.00,22511.00,2025-06-25 08:01,TIME_LIMIT,61,62.00,36.00
PCT_R0.22pct,2025-06-26,2025-06-25 14:10,DOWN,2025-06-25 15:06,SHORT,22447.00,22467.00,2025-06-25 15:50,STOP_HIT,45,9.25,-20.00
PCT_R0.22pct,2025-06-26,2025-06-25 15:05,UP,2025-06-25 19:10,LONG,22479.75,22459.75,2025-06-25 20:10,TIME_LIMIT,61,24.25,16.75
PCT_R0.22pct,2025-06-26,2025-06-26 05:30,DOWN,2025-06-26 05:40,SHORT,22515.50,22535.50,2025-06-26 05:55,STOP_HIT,16,39.50,-20.00
PCT_R0.22pct,2025-06-26,2025-06-26 05:50,UP,2025-06-26 06:06,LONG,22553.25,22533.25,2025-06-26 07:06,TIME_LIMIT,61,44.00,29.75
PCT_R0.22pct,2025-06-27,2025-06-26 14:25,DOWN,2025-06-26 17:29,SHORT,22672.75,22692.75,2025-06-26 18:15,STOP_HIT,47,12.50,-20.00
PCT_R0.22pct,2025-06-27,2025-06-26 17:28,UP,2025-06-26 21:36,LONG,22701.25,22681.25,2025-06-26 22:36,TIME_LIMIT,61,37.75,32.25
PCT_R0.22pct,2025-06-27,2025-06-27 04:00,DOWN,2025-06-27 05:29,SHORT,22708.75,22728.75,2025-06-27 05:35,STOP_HIT,7,23.50,-20.00
PCT_R0.22pct,2025-06-27,2025-06-27 05:30,UP,2025-06-27 05:40,LONG,22737.75,22717.75,2025-06-27 05:40,STOP_HIT,1,0.50,-20.00
PCT_R0.22pct,2025-06-30,2025-06-29 14:00,UP,2025-06-29 14:26,LONG,22790.50,22770.50,2025-06-29 15:26,TIME_LIMIT,61,56.50,47.75
PCT_R0.22pct,2025-06-30,2025-06-30 07:15,UP,2025-06-30 07:51,LONG,22858.00,22838.00,2025-06-30 07:55,STOP_HIT,5,0.50,-20.00
PCT_R0.22pct,2025-06-30,2025-06-30 08:09,DOWN,2025-06-30 09:36,SHORT,22819.50,22839.50,2025-06-30 09:55,STOP_HIT,20,33.25,-20.00
PCT_R0.22pct,2025-06-30,2025-06-30 10:40,UP,2025-06-30 11:08,LONG,22858.75,22838.75,2025-06-30 12:08,TIME_LIMIT,61,76.00,15.00
PCT_R0.22pct,2025-07-01,2025-06-30 15:28,UP,2025-06-30 16:05,LONG,22890.75,22870.75,2025-06-30 17:05,TIME_LIMIT,61,17.25,14.25
PCT_R0.22pct,2025-07-01,2025-06-30 17:53,DOWN,2025-06-30 20:30,SHORT,22868.75,22888.75,2025-06-30 21:30,TIME_LIMIT,61,31.00,27.25
PCT_R0.22pct,2025-07-01,2025-07-01 06:15,DOWN,2025-07-01 06:25,SHORT,22788.25,22808.25,2025-07-01 07:25,TIME_LIMIT,61,193.75,101.75
PCT_R0.22pct,2025-07-01,2025-07-01 09:50,DOWN,2025-07-01 10:56,SHORT,22722.75,22742.75,2025-07-01 11:50,STOP_HIT,55,75.50,-20.00
PCT_R0.22pct,2025-07-02,2025-07-01 15:05,DOWN,2025-07-01 18:09,SHORT,22683.25,22703.25,2025-07-01 18:25,STOP_HIT,17,7.75,-20.00
PCT_R0.22pct,2025-07-02,2025-07-01 18:08,UP,2025-07-01 18:44,LONG,22728.25,22708.25,2025-07-01 19:44,TIME_LIMIT,61,17.75,8.50
PCT_R0.22pct,2025-07-02,2025-07-01 20:51,DOWN,2025-07-02 03:09,SHORT,22694.25,22714.25,2025-07-02 04:09,TIME_LIMIT,61,56.00,25.00
PCT_R0.22pct,2025-07-02,2025-07-02 05:01,UP,2025-07-02 05:59,LONG,22715.25,22695.25,2025-07-02 06:59,TIME_LIMIT,61,116.50,97.50
PCT_R0.22pct,2025-07-03,2025-07-02 18:28,UP,2025-07-02 19:31,LONG,22871.25,22851.25,2025-07-02 20:31,TIME_LIMIT,61,10.75,0.00
PCT_R0.22pct,2025-07-03,2025-07-02 23:39,DOWN,2025-07-03 01:48,SHORT,22867.50,22887.50,2025-07-03 02:48,TIME_LIMIT,61,37.50,14.00
PCT_R0.22pct,2025-07-03,2025-07-03 02:16,UP,2025-07-03 04:29,LONG,22858.00,22838.00,2025-07-03 05:29,TIME_LIMIT,61,82.50,73.75
PCT_R0.22pct,2025-07-04,2025-07-03 14:28,DOWN,2025-07-03 18:11,SHORT,23014.00,23034.00,2025-07-03 19:11,TIME_LIMIT,61,22.25,-1.00
PCT_R0.22pct,2025-07-07,2025-07-06 14:01,DOWN,2025-07-06 14:11,SHORT,22999.00,23019.00,2025-07-06 15:11,TIME_LIMIT,61,39.00,8.50
PCT_R0.22pct,2025-07-07,2025-07-07 00:10,UP,2025-07-07 03:11,LONG,22959.00,22939.00,2025-07-07 04:11,TIME_LIMIT,61,36.00,35.75
PCT_R0.22pct,2025-07-07,2025-07-07 04:15,DOWN,2025-07-07 05:12,SHORT,22942.75,22962.75,2025-07-07 05:30,STOP_HIT,19,42.25,-20.00
PCT_R0.22pct,2025-07-07,2025-07-07 05:34,UP,2025-07-07 05:56,LONG,22957.00,22937.00,2025-07-07 06:00,STOP_HIT,5,6.25,-20.00
PCT_R0.22pct,2025-07-07,2025-07-07 05:50,DOWN,2025-07-07 06:01,SHORT,22936.50,22956.50,2025-07-07 06:25,STOP_HIT,25,35.25,-20.00
PCT_R0.22pct,2025-07-08,2025-07-07 14:20,UP,2025-07-07 15:02,LONG,22849.00,22829.00,2025-07-07 16:02,TIME_LIMIT,61,30.75,20.00
PCT_R0.22pct,2025-07-08,2025-07-08 03:45,DOWN,2025-07-08 05:36,SHORT,22910.75,22930.75,2025-07-08 06:35,STOP_HIT,60,61.75,-20.00
PCT_R0.22pct,2025-07-08,2025-07-08 06:25,UP,2025-07-08 06:41,LONG,22939.25,22919.25,2025-07-08 06:42,STOP_HIT,2,0.50,-20.00
PCT_R0.22pct,2025-07-08,2025-07-08 07:25,UP,2025-07-08 08:26,LONG,22947.50,22927.50,2025-07-08 08:30,STOP_HIT,5,15.25,-20.00
PCT_R0.22pct,2025-07-08,2025-07-08 08:25,DOWN,2025-07-08 09:49,SHORT,22907.50,22927.50,2025-07-08 09:50,STOP_HIT,2,8.25,-20.00
PCT_R0.22pct,2025-07-08,2025-07-08 09:15,UP,2025-07-08 09:55,LONG,22930.00,22910.00,2025-07-08 10:25,STOP_HIT,31,12.75,-20.00
PCT_R0.22pct,2025-07-08,2025-07-08 10:05,DOWN,2025-07-08 10:46,SHORT,22900.50,22920.50,2025-07-08 11:46,TIME_LIMIT,61,30.25,17.00
PCT_R0.22pct,2025-07-09,2025-07-08 15:01,DOWN,2025-07-08 16:11,SHORT,22888.25,22908.25,2025-07-08 17:11,TIME_LIMIT,61,24.25,-2.25
PCT_R0.22pct,2025-07-09,2025-07-08 22:05,UP,2025-07-08 23:24,LONG,22885.00,22865.00,2025-07-09 00:24,TIME_LIMIT,61,18.50,-3.25
PCT_R0.22pct,2025-07-09,2025-07-09 07:25,DOWN,2025-07-09 08:32,SHORT,22981.50,23001.50,2025-07-09 08:50,STOP_HIT,19,9.00,-20.00
PCT_R0.22pct,2025-07-09,2025-07-09 08:10,UP,2025-07-09 08:42,LONG,22987.50,22967.50,2025-07-09 09:00,STOP_HIT,19,21.00,-20.00
PCT_R0.22pct,2025-07-10,2025-07-09 14:17,DOWN,2025-07-09 16:09,SHORT,23021.25,23041.25,2025-07-09 17:09,TIME_LIMIT,61,17.75,15.75
PCT_R0.22pct,2025-07-10,2025-07-09 21:30,UP,2025-07-10 00:31,LONG,23036.50,23016.50,2025-07-10 01:29,STOP_HIT,59,13.75,-20.00
PCT_R0.22pct,2025-07-10,2025-07-10 05:31,DOWN,2025-07-10 05:41,SHORT,23030.50,23050.50,2025-07-10 06:41,TIME_LIMIT,61,129.25,60.50
PCT_R0.22pct,2025-07-10,2025-07-10 07:55,DOWN,2025-07-10 08:19,SHORT,22981.25,23001.25,2025-07-10 08:24,STOP_HIT,6,2.75,-20.00
PCT_R0.22pct,2025-07-10,2025-07-10 08:10,UP,2025-07-10 09:26,LONG,23009.25,22989.25,2025-07-10 10:26,TIME_LIMIT,61,40.75,26.75
PCT_R0.22pct,2025-07-11,2025-07-10 16:57,DOWN,2025-07-10 17:16,SHORT,22911.75,22931.75,2025-07-10 17:20,STOP_HIT,5,8.25,-20.00
PCT_R0.22pct,2025-07-11,2025-07-10 17:00,UP,2025-07-10 17:21,LONG,22916.25,22896.25,2025-07-10 18:21,TIME_LIMIT,61,24.50,3.00
PCT_R0.22pct,2025-07-11,2025-07-10 21:18,DOWN,2025-07-11 00:08,SHORT,22886.75,22906.75,2025-07-11 00:45,STOP_HIT,38,16.25,-20.00
PCT_R0.22pct,2025-07-11,2025-07-11 02:00,UP,2025-07-11 05:31,LONG,22941.50,22921.50,2025-07-11 05:33,STOP_HIT,3,12.00,-20.00
PCT_R0.22pct,2025-07-11,2025-07-11 05:30,DOWN,2025-07-11 05:42,SHORT,22890.00,22910.00,2025-07-11 05:45,STOP_HIT,4,27.00,-20.00
PCT_R0.22pct,2025-07-11,2025-07-11 07:15,UP,2025-07-11 07:25,LONG,22943.75,22923.75,2025-07-11 08:25,TIME_LIMIT,61,67.00,45.25
PCT_R0.22pct,2025-07-11,2025-07-11 11:05,UP,2025-07-11 11:15,LONG,22975.00,22955.00,2025-07-11 11:55,STOP_HIT,41,22.25,-20.00
PCT_R0.22pct,2025-07-11,2025-07-11 11:25,DOWN,2025-07-11 12:01,SHORT,22951.75,22971.75,2025-07-11 12:59,TIME_EXPIRED,59,21.50,13.75
PCT_R0.22pct,2025-07-14,2025-07-13 14:00,UP,2025-07-13 14:10,LONG,22845.75,22825.75,2025-07-13 14:10,STOP_HIT,1,2.00,-20.00
PCT_R0.22pct,2025-07-14,2025-07-13 14:55,DOWN,2025-07-13 15:24,SHORT,22859.25,22879.25,2025-07-13 16:24,TIME_LIMIT,61,21.75,-10.75
PCT_R0.22pct,2025-07-14,2025-07-13 23:20,UP,2025-07-14 00:00,LONG,22881.75,22861.75,2025-07-14 01:00,TIME_LIMIT,61,16.75,4.25
PCT_R0.22pct,2025-07-15,2025-07-14 18:50,UP,2025-07-14 19:51,LONG,23097.50,23077.50,2025-07-14 20:51,TIME_LIMIT,61,23.50,17.75
PCT_R0.22pct,2025-07-15,2025-07-15 04:20,UP,2025-07-15 04:30,LONG,23151.00,23131.00,2025-07-15 05:30,TIME_LIMIT,61,71.75,55.50
PCT_R0.22pct,2025-07-15,2025-07-15 05:40,UP,2025-07-15 05:50,LONG,23148.50,23128.50,2025-07-15 06:00,STOP_HIT,11,20.25,-20.00
PCT_R0.22pct,2025-07-15,2025-07-15 05:45,DOWN,2025-07-15 05:56,SHORT,23156.50,23176.50,2025-07-15 06:10,STOP_HIT,15,36.00,-20.00
PCT_R0.22pct,2025-07-15,2025-07-15 06:00,UP,2025-07-15 06:12,LONG,23187.25,23167.25,2025-07-15 06:25,STOP_HIT,14,11.25,-20.00
PCT_R0.22pct,2025-07-15,2025-07-15 07:45,DOWN,2025-07-15 08:36,SHORT,23142.75,23162.75,2025-07-15 09:36,TIME_LIMIT,61,59.75,-1.50
PCT_R0.22pct,2025-07-15,2025-07-15 10:20,DOWN,2025-07-15 10:51,SHORT,23150.00,23170.00,2025-07-15 11:51,TIME_LIMIT,61,72.25,53.25
PCT_R0.22pct,2025-07-16,2025-07-15 14:00,DOWN,2025-07-15 14:31,SHORT,23008.50,23028.50,2025-07-15 15:31,TIME_LIMIT,61,34.75,3.75
PCT_R0.22pct,2025-07-16,2025-07-15 14:30,UP,2025-07-15 17:10,LONG,23011.75,22991.75,2025-07-15 18:10,TIME_LIMIT,61,22.00,16.75
PCT_R0.22pct,2025-07-16,2025-07-15 21:00,DOWN,2025-07-15 21:54,SHORT,23005.25,23025.25,2025-07-15 22:54,TIME_LIMIT,61,39.00,31.75
PCT_R0.22pct,2025-07-16,2025-07-15 23:10,UP,2025-07-16 04:00,LONG,23020.50,23000.50,2025-07-16 05:00,TIME_LIMIT,61,64.50,43.75
PCT_R0.22pct,2025-07-16,2025-07-16 05:30,DOWN,2025-07-16 06:01,SHORT,22977.25,22997.25,2025-07-16 06:10,STOP_HIT,10,28.50,-20.00
PCT_R0.22pct,2025-07-16,2025-07-16 06:58,UP,2025-07-16 07:08,LONG,23015.50,22995.50,2025-07-16 07:15,STOP_HIT,8,30.25,-20.00
PCT_R0.22pct,2025-07-16,2025-07-16 07:56,DOWN,2025-07-16 08:06,SHORT,22992.00,23012.00,2025-07-16 08:50,STOP_HIT,45,39.00,-20.00
PCT_R0.22pct,2025-07-16,2025-07-16 08:25,UP,2025-07-16 08:43,LONG,23004.00,22984.00,2025-07-16 08:45,STOP_HIT,3,2.50,-20.00
PCT_R0.22pct,2025-07-17,2025-07-16 14:00,DOWN,2025-07-16 18:52,SHORT,23027.50,23047.50,2025-07-16 19:52,TIME_LIMIT,61,10.50,-9.75
PCT_R0.22pct,2025-07-17,2025-07-16 19:07,UP,2025-07-16 21:31,LONG,23061.50,23041.50,2025-07-16 22:31,TIME_LIMIT,61,82.00,78.50
PCT_R0.22pct,2025-07-17,2025-07-17 03:00,UP,2025-07-17 04:41,LONG,23117.00,23097.00,2025-07-17 05:30,STOP_HIT,50,41.50,-20.00
PCT_R0.22pct,2025-07-17,2025-07-17 05:34,UP,2025-07-17 05:46,LONG,23123.75,23103.75,2025-07-17 06:46,TIME_LIMIT,61,71.50,54.75
PCT_R0.22pct,2025-07-18,2025-07-17 14:00,UP,2025-07-17 21:21,LONG,23294.25,23274.25,2025-07-17 22:21,TIME_LIMIT,61,15.25,14.75
PCT_R0.22pct,2025-07-18,2025-07-17 22:09,DOWN,2025-07-18 02:21,SHORT,23262.50,23282.50,2025-07-18 03:21,TIME_LIMIT,61,11.25,0.75
PCT_R0.22pct,2025-07-18,2025-07-18 03:15,UP,2025-07-18 05:26,LONG,23279.50,23259.50,2025-07-18 05:35,STOP_HIT,10,41.25,-20.00
PCT_R0.22pct,2025-07-18,2025-07-18 05:25,DOWN,2025-07-18 05:56,SHORT,23262.00,23282.00,2025-07-18 06:00,STOP_HIT,5,21.25,-20.00
PCT_R0.22pct,2025-07-21,2025-07-20 14:13,UP,2025-07-20 15:48,LONG,23248.50,23228.50,2025-07-20 16:48,TIME_LIMIT,61,14.50,6.00
PCT_R0.22pct,2025-07-21,2025-07-21 00:08,DOWN,2025-07-21 05:30,SHORT,23256.25,23276.25,2025-07-21 05:30,STOP_HIT,1,1.00,-20.00
PCT_R0.22pct,2025-07-21,2025-07-21 05:10,UP,2025-07-21 05:35,LONG,23300.50,23280.50,2025-07-21 06:35,TIME_LIMIT,61,124.25,115.50
PCT_R0.22pct,2025-07-21,2025-07-21 09:30,DOWN,2025-07-21 11:43,SHORT,23361.75,23381.75,2025-07-21 12:43,TIME_LIMIT,61,33.25,17.50
PCT_R0.22pct,2025-07-22,2025-07-21 17:45,DOWN,2025-07-21 20:07,SHORT,23324.25,23344.25,2025-07-21 21:07,TIME_LIMIT,61,27.25,20.50
PCT_R0.22pct,2025-07-22,2025-07-22 01:40,UP,2025-07-22 04:51,LONG,23334.00,23314.00,2025-07-22 05:30,STOP_HIT,40,15.75,-20.00
PCT_R0.22pct,2025-07-22,2025-07-22 07:30,DOWN,2025-07-22 08:26,SHORT,23186.50,23206.50,2025-07-22 09:00,STOP_HIT,35,27.00,-20.00
PCT_R0.22pct,2025-07-22,2025-07-22 08:40,UP,2025-07-22 09:47,LONG,23220.25,23200.25,2025-07-22 10:15,STOP_HIT,29,9.50,-20.00
PCT_R0.22pct,2025-07-22,2025-07-22 09:25,DOWN,2025-07-22 10:16,SHORT,23215.75,23235.75,2025-07-22 10:34,STOP_HIT,19,44.75,-20.00
PCT_R0.22pct,2025-07-22,2025-07-22 10:15,UP,2025-07-22 10:31,LONG,23217.00,23197.00,2025-07-22 11:31,TIME_LIMIT,61,40.75,23.00
PCT_R0.22pct,2025-07-23,2025-07-22 14:39,UP,2025-07-22 15:11,LONG,23193.50,23173.50,2025-07-22 16:11,TIME_LIMIT,61,74.50,36.00
PCT_R0.22pct,2025-07-23,2025-07-22 15:55,DOWN,2025-07-22 16:22,SHORT,23221.50,23241.50,2025-07-22 17:22,TIME_LIMIT,61,23.00,-19.00
PCT_R0.22pct,2025-07-23,2025-07-22 16:55,UP,2025-07-22 17:51,LONG,23234.50,23214.50,2025-07-22 18:51,TIME_LIMIT,61,19.25,5.25
PCT_R0.22pct,2025-07-23,2025-07-23 00:56,DOWN,2025-07-23 05:09,SHORT,23240.50,23260.50,2025-07-23 05:20,STOP_HIT,12,6.00,-20.00
PCT_R0.22pct,2025-07-23,2025-07-23 08:20,UP,2025-07-23 09:31,LONG,23236.25,23216.25,2025-07-23 10:31,TIME_LIMIT,61,87.50,54.25
PCT_R0.22pct,2025-07-24,2025-07-23 17:22,DOWN,2025-07-24 00:47,SHORT,23384.00,23404.00,2025-07-24 01:47,TIME_LIMIT,61,2.00,-6.00
PCT_R0.22pct,2025-07-24,2025-07-24 00:00,UP,2025-07-24 03:36,LONG,23393.75,23373.75,2025-07-24 04:20,STOP_HIT,45,9.00,-20.00
PCT_R0.22pct,2025-07-24,2025-07-24 03:40,DOWN,2025-07-24 04:41,SHORT,23357.25,23377.25,2025-07-24 05:25,STOP_HIT,45,30.00,-20.00
PCT_R0.22pct,2025-07-24,2025-07-24 05:45,DOWN,2025-07-24 05:55,SHORT,23348.50,23368.50,2025-07-24 05:55,STOP_HIT,1,0.25,-20.00
PCT_R0.22pct,2025-07-24,2025-07-24 06:10,UP,2025-07-24 07:40,LONG,23376.50,23356.50,2025-07-24 08:05,STOP_HIT,26,24.00,-20.00
PCT_R0.22pct,2025-07-24,2025-07-24 07:50,DOWN,2025-07-24 08:26,SHORT,23357.00,23377.00,2025-07-24 09:00,STOP_HIT,35,17.00,-20.00
PCT_R0.22pct,2025-07-24,2025-07-24 08:25,UP,2025-07-24 09:06,LONG,23380.25,23360.25,2025-07-24 10:06,TIME_LIMIT,61,42.75,19.75
PCT_R0.22pct,2025-07-25,2025-07-24 14:00,UP,2025-07-24 18:26,LONG,23432.50,23412.50,2025-07-24 19:26,TIME_LIMIT,61,9.25,0.50
PCT_R0.22pct,2025-07-25,2025-07-24 19:13,DOWN,2025-07-24 22:50,SHORT,23396.75,23416.75,2025-07-24 23:50,TIME_LIMIT,61,41.75,39.00
PCT_R0.22pct,2025-07-25,2025-07-25 05:35,UP,2025-07-25 05:54,LONG,23395.25,23375.25,2025-07-25 06:54,TIME_LIMIT,61,28.25,5.00
PCT_R0.22pct,2025-07-28,2025-07-27 14:00,DOWN,2025-07-27 14:26,SHORT,23523.00,23543.00,2025-07-27 15:23,STOP_HIT,58,19.00,-20.00
PCT_R0.22pct,2025-07-28,2025-07-27 14:29,UP,2025-07-27 15:41,LONG,23546.00,23526.00,2025-07-27 16:05,STOP_HIT,25,10.00,-20.00
PCT_R0.22pct,2025-07-28,2025-07-27 22:08,DOWN,2025-07-28 01:13,SHORT,23539.00,23559.00,2025-07-28 02:13,TIME_LIMIT,61,23.00,19.25
PCT_R0.22pct,2025-07-28,2025-07-28 06:05,DOWN,2025-07-28 06:21,SHORT,23507.75,23527.75,2025-07-28 07:21,TIME_LIMIT,61,71.00,56.00
PCT_R0.22pct,2025-07-29,2025-07-28 14:00,UP,2025-07-28 22:02,LONG,23552.25,23532.25,2025-07-28 23:02,TIME_LIMIT,61,2.75,-2.00
PCT_R0.22pct,2025-07-29,2025-07-29 05:35,DOWN,2025-07-29 06:03,SHORT,23575.00,23595.00,2025-07-29 07:03,TIME_LIMIT,61,60.50,53.25
PCT_R0.22pct,2025-07-30,2025-07-29 14:00,UP,2025-07-29 18:53,LONG,23494.25,23474.25,2025-07-29 19:53,TIME_LIMIT,61,12.50,5.50
PCT_R0.22pct,2025-07-30,2025-07-30 03:45,DOWN,2025-07-30 05:31,SHORT,23469.00,23489.00,2025-07-30 05:34,STOP_HIT,4,18.25,-20.00
PCT_R0.22pct,2025-07-30,2025-07-30 05:30,UP,2025-07-30 05:40,LONG,23493.00,23473.00,2025-07-30 05:50,STOP_HIT,11,33.25,-20.00
PCT_R0.22pct,2025-07-30,2025-07-30 05:45,DOWN,2025-07-30 05:55,SHORT,23480.75,23500.75,2025-07-30 06:20,STOP_HIT,26,13.75,-20.00
PCT_R0.22pct,2025-07-30,2025-07-30 06:00,UP,2025-07-30 06:21,LONG,23492.25,23472.25,2025-07-30 07:21,TIME_LIMIT,61,49.00,-0.75
PCT_R0.22pct,2025-07-30,2025-07-30 06:55,DOWN,2025-07-30 07:33,SHORT,23482.25,23502.25,2025-07-30 07:40,STOP_HIT,8,5.25,-20.00
PCT_R0.22pct,2025-07-30,2025-07-30 07:15,UP,2025-07-30 07:56,LONG,23518.25,23498.25,2025-07-30 08:56,TIME_LIMIT,61,28.75,12.75
PCT_R0.22pct,2025-07-31,2025-07-30 14:00,DOWN,2025-07-30 14:10,SHORT,23696.75,23716.75,2025-07-30 14:30,STOP_HIT,21,7.25,-20.00
PCT_R0.22pct,2025-07-31,2025-07-30 14:00,UP,2025-07-30 15:11,LONG,23729.25,23709.25,2025-07-30 16:11,TIME_LIMIT,61,10.75,-11.25
PCT_R0.22pct,2025-07-31,2025-07-30 23:45,DOWN,2025-07-31 04:06,SHORT,23764.75,23784.75,2025-07-31 04:10,STOP_HIT,5,3.75,-20.00
PCT_R0.22pct,2025-07-31,2025-07-31 03:55,UP,2025-07-31 04:31,LONG,23802.00,23782.00,2025-07-31 04:32,STOP_HIT,2,3.00,-20.00
PCT_R0.22pct,2025-07-31,2025-07-31 04:30,DOWN,2025-07-31 05:26,SHORT,23772.50,23792.50,2025-07-31 06:26,TIME_LIMIT,61,163.25,150.50
PCT_R0.22pct,2025-08-01,2025-07-31 14:05,DOWN,2025-07-31 14:33,SHORT,23309.50,23329.50,2025-07-31 15:33,TIME_LIMIT,61,67.75,16.00
PCT_R0.22pct,2025-08-01,2025-07-31 14:40,UP,2025-07-31 16:20,LONG,23281.75,23261.75,2025-07-31 16:22,STOP_HIT,3,0.25,-20.00
PCT_R0.22pct,2025-08-01,2025-07-31 15:10,DOWN,2025-07-31 16:23,SHORT,23268.75,23288.75,2025-07-31 16:40,STOP_HIT,18,37.25,-20.00
PCT_R0.22pct,2025-08-01,2025-07-31 16:25,UP,2025-07-31 17:36,LONG,23319.75,23299.75,2025-07-31 18:36,TIME_LIMIT,61,16.50,9.25
PCT_R0.22pct,2025-08-01,2025-07-31 19:30,DOWN,2025-07-31 22:49,SHORT,23275.75,23295.75,2025-07-31 23:49,TIME_LIMIT,61,137.50,133.75
PCT_R0.22pct,2025-08-01,2025-08-01 07:29,UP,2025-08-01 08:28,LONG,23021.75,23001.75,2025-08-01 08:29,STOP_HIT,2,1.50,-20.00
PCT_R0.22pct,2025-08-01,2025-08-01 08:25,DOWN,2025-08-01 08:36,SHORT,23013.00,23033.00,2025-08-01 09:36,TIME_LIMIT,61,181.75,177.50
PCT_R0.22pct,2025-08-04,2025-08-03 14:05,DOWN,2025-08-03 14:21,SHORT,22859.00,22879.00,2025-08-03 14:32,STOP_HIT,12,13.00,-20.00
PCT_R0.22pct,2025-08-04,2025-08-03 14:09,UP,2025-08-03 14:28,LONG,22854.00,22834.00,2025-08-03 15:28,TIME_LIMIT,61,77.50,50.50
PCT_R0.22pct,2025-08-05,2025-08-04 16:15,UP,2025-08-04 16:46,LONG,23344.50,23324.50,2025-08-04 17:46,TIME_LIMIT,61,30.00,6.50
PCT_R0.22pct,2025-08-05,2025-08-04 23:02,DOWN,2025-08-04 23:53,SHORT,23335.50,23355.50,2025-08-05 00:53,TIME_LIMIT,61,23.00,3.50
PCT_R0.22pct,2025-08-05,2025-08-05 00:10,UP,2025-08-05 02:06,LONG,23358.25,23338.25,2025-08-05 03:06,TIME_LIMIT,61,35.25,26.25
PCT_R0.22pct,2025-08-05,2025-08-05 04:16,DOWN,2025-08-05 05:19,SHORT,23364.75,23384.75,2025-08-05 05:45,STOP_HIT,27,61.25,-20.00
PCT_R0.22pct,2025-08-05,2025-08-05 05:36,UP,2025-08-05 05:46,LONG,23379.50,23359.50,2025-08-05 06:00,STOP_HIT,15,17.75,-20.00
PCT_R0.22pct,2025-08-05,2025-08-05 05:45,DOWN,2025-08-05 06:11,SHORT,23346.25,23366.25,2025-08-05 07:11,TIME_LIMIT,61,208.00,162.25
PCT_R0.22pct,2025-08-06,2025-08-05 14:00,DOWN,2025-08-05 14:10,SHORT,23058.25,23078.25,2025-08-05 14:24,STOP_HIT,15,12.75,-20.00
PCT_R0.22pct,2025-08-06,2025-08-05 14:19,UP,2025-08-05 15:08,LONG,23083.00,23063.00,2025-08-05 15:54,STOP_HIT,47,14.50,-20.00
PCT_R0.22pct,2025-08-06,2025-08-06 00:04,DOWN,2025-08-06 02:39,SHORT,23142.00,23162.00,2025-08-06 03:00,STOP_HIT,22,34.75,-20.00
PCT_R0.22pct,2025-08-06,2025-08-06 02:48,UP,2025-08-06 03:04,LONG,23163.75,23143.75,2025-08-06 04:04,TIME_LIMIT,61,33.00,-3.00
PCT_R0.22pct,2025-08-06,2025-08-06 06:20,DOWN,2025-08-06 06:30,SHORT,23200.00,23220.00,2025-08-06 06:35,STOP_HIT,6,20.50,-20.00
PCT_R0.22pct,2025-08-06,2025-08-06 06:23,UP,2025-08-06 06:36,LONG,23218.25,23198.25,2025-08-06 07:36,TIME_LIMIT,61,126.75,110.25
PCT_R0.22pct,2025-08-07,2025-08-06 14:00,DOWN,2025-08-06 14:10,SHORT,23409.25,23429.25,2025-08-06 14:15,STOP_HIT,6,1.75,-20.00
PCT_R0.22pct,2025-08-07,2025-08-06 14:00,UP,2025-08-06 14:16,LONG,23423.25,23403.25,2025-08-06 15:16,TIME_LIMIT,61,57.75,38.25
PCT_R0.22pct,2025-08-07,2025-08-06 21:10,UP,2025-08-06 23:13,LONG,23497.25,23477.25,2025-08-07 00:13,TIME_LIMIT,61,46.25,35.75
PCT_R0.22pct,2025-08-07,2025-08-07 11:55,UP,2025-08-07 12:06,LONG,23500.25,23480.25,2025-08-07 12:59,TIME_EXPIRED,54,33.75,21.50
PCT_R0.22pct,2025-08-08,2025-08-07 14:00,UP,2025-08-07 14:21,LONG,23549.75,23529.75,2025-08-07 15:21,TIME_LIMIT,61,18.25,0.00
PCT_R0.22pct,2025-08-08,2025-08-07 16:35,DOWN,2025-08-07 21:56,SHORT,23526.25,23546.25,2025-08-07 22:23,STOP_HIT,28,23.25,-20.00
PCT_R0.22pct,2025-08-08,2025-08-07 21:55,UP,2025-08-08 01:26,LONG,23569.00,23549.00,2025-08-08 02:26,TIME_LIMIT,61,6.75,-6.75
PCT_R0.22pct,2025-08-08,2025-08-08 03:39,DOWN,2025-08-08 04:20,SHORT,23531.25,23551.25,2025-08-08 05:20,TIME_LIMIT,61,13.00,-4.75
PCT_R0.22pct,2025-08-08,2025-08-08 04:39,UP,2025-08-08 05:36,LONG,23559.50,23539.50,2025-08-08 06:36,TIME_LIMIT,61,143.50,135.25
PCT_R0.22pct,2025-08-08,2025-08-08 07:40,UP,2025-08-08 07:51,LONG,23655.75,23635.75,2025-08-08 08:51,TIME_LIMIT,61,51.75,37.25
PCT_R0.22pct,2025-08-11,2025-08-10 14:00,DOWN,2025-08-10 15:21,SHORT,23720.50,23740.50,2025-08-10 16:21,TIME_LIMIT,61,19.50,-11.75
PCT_R0.22pct,2025-08-11,2025-08-10 15:38,UP,2025-08-10 17:36,LONG,23745.50,23725.50,2025-08-10 18:36,TIME_LIMIT,61,25.00,14.50
PCT_R0.22pct,2025-08-11,2025-08-10 19:15,DOWN,2025-08-10 23:40,SHORT,23723.00,23743.00,2025-08-11 00:40,TIME_LIMIT,61,55.25,20.50
PCT_R0.22pct,2025-08-11,2025-08-11 05:30,UP,2025-08-11 05:59,LONG,23741.00,23721.00,2025-08-11 06:45,STOP_HIT,47,26.50,-20.00
PCT_R0.22pct,2025-08-11,2025-08-11 06:20,DOWN,2025-08-11 07:47,SHORT,23726.50,23746.50,2025-08-11 07:50,STOP_HIT,4,1.25,-20.00
PCT_R0.22pct,2025-08-11,2025-08-11 07:05,UP,2025-08-11 08:01,LONG,23761.75,23741.75,2025-08-11 08:40,STOP_HIT,40,42.75,-20.00
PCT_R0.22pct,2025-08-11,2025-08-11 08:10,DOWN,2025-08-11 10:01,SHORT,23688.50,23708.50,2025-08-11 11:01,TIME_LIMIT,61,37.75,4.75
PCT_R0.22pct,2025-08-12,2025-08-11 14:26,UP,2025-08-11 16:29,LONG,23659.25,23639.25,2025-08-11 16:48,STOP_HIT,20,7.50,-20.00
PCT_R0.22pct,2025-08-12,2025-08-11 21:01,DOWN,2025-08-11 21:23,SHORT,23638.50,23658.50,2025-08-11 22:23,TIME_LIMIT,61,42.50,-6.50
PCT_R0.22pct,2025-08-12,2025-08-11 21:40,UP,2025-08-11 22:41,LONG,23655.00,23635.00,2025-08-11 23:41,TIME_LIMIT,61,20.50,-11.50
PCT_R0.22pct,2025-08-12,2025-08-11 23:05,DOWN,2025-08-12 03:05,SHORT,23630.25,23650.25,2025-08-12 04:00,STOP_HIT,56,21.75,-20.00
PCT_R0.22pct,2025-08-12,2025-08-12 03:10,UP,2025-08-12 04:24,LONG,23654.00,23634.00,2025-08-12 05:24,TIME_LIMIT,61,168.25,71.50
PCT_R0.22pct,2025-08-13,2025-08-12 18:05,UP,2025-08-12 23:01,LONG,23963.00,23943.00,2025-08-13 00:01,TIME_LIMIT,61,34.00,24.75
PCT_R0.22pct,2025-08-13,2025-08-13 05:35,DOWN,2025-08-13 06:31,SHORT,23963.75,23983.75,2025-08-13 07:31,TIME_LIMIT,61,71.50,31.25
PCT_R0.22pct,2025-08-14,2025-08-13 15:39,DOWN,2025-08-13 21:45,SHORT,23915.75,23935.75,2025-08-13 22:45,TIME_LIMIT,61,18.00,0.75
PCT_R0.22pct,2025-08-14,2025-08-13 21:49,UP,2025-08-14 03:45,LONG,23943.00,23923.00,2025-08-14 04:30,STOP_HIT,46,23.75,-20.00
PCT_R0.22pct,2025-08-14,2025-08-14 05:31,UP,2025-08-14 05:41,LONG,23900.75,23880.75,2025-08-14 06:41,TIME_LIMIT,61,88.75,76.25
PCT_R0.22pct,2025-08-14,2025-08-14 07:55,DOWN,2025-08-14 08:11,SHORT,23892.75,23912.75,2025-08-14 08:34,STOP_HIT,24,28.00,-20.00
PCT_R0.22pct,2025-08-14,2025-08-14 08:10,UP,2025-08-14 09:35,LONG,23966.00,23946.00,2025-08-14 09:40,STOP_HIT,6,0.00,-20.00
PCT_R0.22pct,2025-08-14,2025-08-14 09:25,DOWN,2025-08-14 11:02,SHORT,23927.75,23947.75,2025-08-14 11:40,STOP_HIT,39,10.75,-20.00
PCT_R0.22pct,2025-08-14,2025-08-14 10:30,UP,2025-08-14 11:41,LONG,23931.75,23911.75,2025-08-14 12:00,STOP_HIT,20,26.75,-20.00
PCT_R0.22pct,2025-08-14,2025-08-14 11:50,DOWN,2025-08-14 12:03,SHORT,23890.00,23910.00,2025-08-14 12:59,TIME_EXPIRED,57,20.00,-1.50
PCT_R0.22pct,2025-08-15,2025-08-14 14:00,UP,2025-08-14 18:13,LONG,23922.25,23902.25,2025-08-14 19:13,TIME_LIMIT,61,4.75,-6.00
PCT_R0.22pct,2025-08-15,2025-08-14 22:59,DOWN,2025-08-15 01:31,SHORT,23889.25,23909.25,2025-08-15 02:30,STOP_HIT,60,17.25,-20.00
PCT_R0.22pct,2025-08-15,2025-08-15 02:05,UP,2025-08-15 03:26,LONG,23921.50,23901.50,2025-08-15 04:20,STOP_HIT,55,5.75,-20.00
PCT_R0.22pct,2025-08-15,2025-08-15 03:45,DOWN,2025-08-15 05:31,SHORT,23862.00,23882.00,2025-08-15 05:31,STOP_HIT,1,12.00,-20.00
PCT_R0.22pct,2025-08-15,2025-08-15 10:00,DOWN,2025-08-15 10:56,SHORT,23819.75,23839.75,2025-08-15 11:56,TIME_LIMIT,61,44.00,14.75
PCT_R0.22pct,2025-08-18,2025-08-17 14:00,UP,2025-08-17 14:15,LONG,23842.50,23822.50,2025-08-17 15:15,TIME_LIMIT,61,11.00,5.75
PCT_R0.22pct,2025-08-18,2025-08-17 17:55,DOWN,2025-08-17 22:11,SHORT,23838.25,23858.25,2025-08-17 23:11,TIME_LIMIT,61,67.00,34.75
PCT_R0.22pct,2025-08-18,2025-08-18 05:34,DOWN,2025-08-18 05:51,SHORT,23772.50,23792.50,2025-08-18 06:20,STOP_HIT,30,37.50,-20.00
PCT_R0.22pct,2025-08-18,2025-08-18 06:25,DOWN,2025-08-18 06:35,SHORT,23779.25,23799.25,2025-08-18 07:35,TIME_LIMIT,61,60.25,45.75
PCT_R0.22pct,2025-08-18,2025-08-18 08:45,UP,2025-08-18 11:04,LONG,23802.25,23782.25,2025-08-18 12:04,TIME_LIMIT,61,14.00,-8.75
PCT_R0.22pct,2025-08-19,2025-08-18 14:05,DOWN,2025-08-18 16:26,SHORT,23788.50,23808.50,2025-08-18 17:26,TIME_LIMIT,61,27.50,7.75
PCT_R0.22pct,2025-08-19,2025-08-18 21:20,UP,2025-08-19 02:31,LONG,23774.00,23754.00,2025-08-19 02:50,STOP_HIT,20,6.25,-20.00
PCT_R0.22pct,2025-08-19,2025-08-19 01:20,DOWN,2025-08-19 02:51,SHORT,23760.75,23780.75,2025-08-19 03:51,TIME_LIMIT,61,9.75,-15.75
PCT_R0.22pct,2025-08-20,2025-08-19 14:05,DOWN,2025-08-19 15:20,SHORT,23445.50,23465.50,2025-08-19 16:20,TIME_LIMIT,61,39.25,34.75
PCT_R0.22pct,2025-08-20,2025-08-19 21:05,UP,2025-08-19 23:30,LONG,23417.00,23397.00,2025-08-19 23:30,STOP_HIT,1,0.25,-20.00
PCT_R0.22pct,2025-08-20,2025-08-20 07:55,UP,2025-08-20 08:20,LONG,23262.75,23242.75,2025-08-20 08:45,STOP_HIT,26,42.25,-20.00
PCT_R0.22pct,2025-08-20,2025-08-20 10:20,UP,2025-08-20 10:51,LONG,23268.75,23248.75,2025-08-20 10:55,STOP_HIT,5,12.25,-20.00
PCT_R0.22pct,2025-08-21,2025-08-20 14:05,DOWN,2025-08-20 16:21,SHORT,23289.75,23309.75,2025-08-20 16:32,STOP_HIT,12,21.25,-20.00
PCT_R0.22pct,2025-08-21,2025-08-20 17:07,UP,2025-08-20 17:59,LONG,23350.25,23330.25,2025-08-20 18:59,TIME_LIMIT,61,19.00,4.25
PCT_R0.22pct,2025-08-21,2025-08-20 22:17,DOWN,2025-08-21 01:12,SHORT,23305.25,23325.25,2025-08-21 01:35,STOP_HIT,24,4.00,-20.00
PCT_R0.22pct,2025-08-21,2025-08-21 06:00,UP,2025-08-21 06:10,LONG,23282.50,23262.50,2025-08-21 06:39,STOP_HIT,30,65.75,-20.00
PCT_R0.22pct,2025-08-21,2025-08-21 06:41,UP,2025-08-21 06:58,LONG,23301.25,23281.25,2025-08-21 07:03,STOP_HIT,6,11.50,-20.00
PCT_R0.22pct,2025-08-21,2025-08-21 07:01,DOWN,2025-08-21 07:11,SHORT,23254.25,23274.25,2025-08-21 07:23,STOP_HIT,13,50.25,-20.00
PCT_R0.22pct,2025-08-21,2025-08-21 07:15,UP,2025-08-21 07:41,LONG,23277.50,23257.50,2025-08-21 07:47,STOP_HIT,7,18.25,-20.00
PCT_R0.22pct,2025-08-22,2025-08-21 15:46,DOWN,2025-08-21 16:14,SHORT,23210.00,23230.00,2025-08-21 17:14,TIME_LIMIT,61,29.00,9.00
PCT_R0.22pct,2025-08-22,2025-08-21 22:43,UP,2025-08-22 02:07,LONG,23262.00,23242.00,2025-08-22 03:07,TIME_LIMIT,61,18.75,15.25
PCT_R0.22pct,2025-08-22,2025-08-22 11:41,UP,2025-08-22 12:22,LONG,23581.25,23561.25,2025-08-22 12:59,TIME_EXPIRED,38,6.25,1.50
PCT_R0.22pct,2025-08-25,2025-08-24 14:00,DOWN,2025-08-24 14:10,SHORT,23556.75,23576.75,2025-08-24 14:57,STOP_HIT,48,11.75,-20.00
PCT_R0.22pct,2025-08-25,2025-08-24 14:24,UP,2025-08-24 16:06,LONG,23588.00,23568.00,2025-08-24 16:17,STOP_HIT,12,10.00,-20.00
PCT_R0.22pct,2025-08-25,2025-08-24 16:05,DOWN,2025-08-24 17:06,SHORT,23548.50,23568.50,2025-08-24 18:06,TIME_LIMIT,61,14.50,8.75
PCT_R0.22pct,2025-08-25,2025-08-25 05:45,UP,2025-08-25 06:03,LONG,23526.50,23506.50,2025-08-25 07:03,TIME_LIMIT,61,55.00,53.25
PCT_R0.22pct,2025-08-26,2025-08-25 14:23,DOWN,2025-08-25 16:04,SHORT,23461.00,23481.00,2025-08-25 16:05,STOP_HIT,2,11.25,-20.00
PCT_R0.22pct,2025-08-26,2025-08-25 16:47,UP,2025-08-25 21:07,LONG,23466.50,23446.50,2025-08-25 22:07,TIME_LIMIT,61,17.75,12.25
PCT_R0.22pct,2025-08-26,2025-08-25 21:45,DOWN,2025-08-25 23:07,SHORT,23432.25,23452.25,2025-08-25 23:32,STOP_HIT,26,17.00,-20.00
PCT_R0.22pct,2025-08-26,2025-08-25 23:13,UP,2025-08-26 00:20,LONG,23460.00,23440.00,2025-08-26 01:20,TIME_LIMIT,61,19.25,16.50
PCT_R0.22pct,2025-08-26,2025-08-26 02:39,DOWN,2025-08-26 04:19,SHORT,23461.00,23481.00,2025-08-26 05:19,TIME_LIMIT,61,4.75,-11.00
PCT_R0.22pct,2025-08-26,2025-08-26 04:15,UP,2025-08-26 05:32,LONG,23496.25,23476.25,2025-08-26 05:38,STOP_HIT,7,18.50,-20.00
PCT_R0.22pct,2025-08-26,2025-08-26 09:55,UP,2025-08-26 10:12,LONG,23524.00,23504.00,2025-08-26 11:12,TIME_LIMIT,61,32.00,20.50
PCT_R0.22pct,2025-08-27,2025-08-26 17:54,DOWN,2025-08-26 23:27,SHORT,23578.75,23598.75,2025-08-27 00:01,STOP_HIT,35,3.25,-20.00
PCT_R0.22pct,2025-08-27,2025-08-27 00:49,UP,2025-08-27 04:18,LONG,23620.25,23600.25,2025-08-27 04:27,STOP_HIT,10,0.00,-20.00
PCT_R0.22pct,2025-08-27,2025-08-27 05:49,UP,2025-08-27 06:40,LONG,23612.00,23592.00,2025-08-27 06:45,STOP_HIT,6,4.25,-20.00
PCT_R0.22pct,2025-08-27,2025-08-27 07:56,DOWN,2025-08-27 08:30,SHORT,23566.75,23586.75,2025-08-27 08:47,STOP_HIT,18,24.75,-20.00
PCT_R0.22pct,2025-08-27,2025-08-27 08:37,UP,2025-08-27 08:56,LONG,23603.75,23583.75,2025-08-27 09:56,TIME_LIMIT,61,19.75,14.00
PCT_R0.22pct,2025-08-27,2025-08-27 11:13,UP,2025-08-27 11:35,LONG,23605.00,23585.00,2025-08-27 12:20,STOP_HIT,46,84.00,-20.00
PCT_R0.22pct,2025-08-28,2025-08-27 14:00,DOWN,2025-08-27 14:10,SHORT,23505.00,23525.00,2025-08-27 14:11,STOP_HIT,2,1.00,-20.00
PCT_R0.22pct,2025-08-28,2025-08-27 16:26,UP,2025-08-27 17:43,LONG,23538.75,23518.75,2025-08-27 18:43,TIME_LIMIT,61,25.75,16.50
PCT_R0.22pct,2025-08-28,2025-08-28 05:57,UP,2025-08-28 06:09,LONG,23675.00,23655.00,2025-08-28 06:09,STOP_HIT,1,0.50,-20.00
PCT_R0.22pct,2025-08-29,2025-08-28 14:00,DOWN,2025-08-28 23:37,SHORT,23707.00,23727.00,2025-08-29 00:37,TIME_LIMIT,61,52.75,33.25
PCT_R0.22pct,2025-08-29,2025-08-29 04:30,DOWN,2025-08-29 05:36,SHORT,23636.00,23656.00,2025-08-29 06:36,TIME_LIMIT,61,208.00,143.50
PCT_R0.22pct,2025-09-01,2025-08-31 14:01,UP,2025-08-31 14:42,LONG,23516.75,23496.75,2025-08-31 15:42,TIME_LIMIT,61,29.50,16.75
PCT_R0.22pct,2025-09-01,2025-08-31 16:18,DOWN,2025-08-31 18:11,SHORT,23495.00,23515.00,2025-08-31 19:11,TIME_LIMIT,61,42.00,13.50
PCT_R0.22pct,2025-09-01,2025-08-31 22:29,UP,2025-09-01 00:58,LONG,23481.00,23461.00,2025-09-01 01:58,TIME_LIMIT,61,15.75,6.00
PCT_R0.22pct,2025-09-01,2025-09-01 00:36,DOWN,2025-09-01 05:37,SHORT,23470.50,23490.50,2025-09-01 05:52,STOP_HIT,16,3.75,-20.00
PCT_R0.22pct,2025-09-01,2025-09-01 05:31,UP,2025-09-01 05:54,LONG,23492.25,23472.25,2025-09-01 06:54,TIME_LIMIT,61,1.00,-4.50
PCT_R0.22pct,2025-09-02,2025-09-01 14:00,DOWN,2025-09-01 15:02,SHORT,23458.50,23478.50,2025-09-01 16:02,TIME_LIMIT,61,30.25,15.75
PCT_R0.22pct,2025-09-02,2025-09-01 15:26,UP,2025-09-01 17:50,LONG,23474.00,23454.00,2025-09-01 17:56,STOP_HIT,7,0.25,-20.00
PCT_R0.22pct,2025-09-02,2025-09-01 17:09,DOWN,2025-09-01 18:09,SHORT,23441.50,23461.50,2025-09-01 19:09,TIME_LIMIT,61,26.00,21.75
PCT_R0.22pct,2025-09-02,2025-09-02 06:29,DOWN,2025-09-02 06:48,SHORT,23160.75,23180.75,2025-09-02 07:48,TIME_LIMIT,61,109.75,107.75
PCT_R0.22pct,2025-09-03,2025-09-02 14:00,DOWN,2025-09-02 14:59,SHORT,23339.00,23359.00,2025-09-02 15:59,TIME_LIMIT,61,12.25,5.00
PCT_R0.22pct,2025-09-03,2025-09-02 19:40,UP,2025-09-02 22:29,LONG,23355.25,23335.25,2025-09-02 23:18,STOP_HIT,50,10.25,-20.00
PCT_R0.22pct,2025-09-03,2025-09-03 05:21,DOWN,2025-09-03 05:38,SHORT,23380.75,23400.75,2025-09-03 05:40,STOP_HIT,3,9.00,-20.00
PCT_R0.22pct,2025-09-03,2025-09-03 05:51,DOWN,2025-09-03 06:01,SHORT,23414.75,23434.75,2025-09-03 06:03,STOP_HIT,3,14.50,-20.00
PCT_R0.22pct,2025-09-03,2025-09-03 07:57,UP,2025-09-03 08:21,LONG,23453.00,23433.00,2025-09-03 08:25,STOP_HIT,5,11.00,-20.00
PCT_R0.22pct,2025-09-03,2025-09-03 08:21,DOWN,2025-09-03 08:44,SHORT,23417.50,23437.50,2025-09-03 09:10,STOP_HIT,27,26.00,-20.00
PCT_R0.22pct,2025-09-03,2025-09-03 08:54,UP,2025-09-03 09:12,LONG,23452.00,23432.00,2025-09-03 09:25,STOP_HIT,14,10.00,-20.00
PCT_R0.22pct,2025-09-03,2025-09-03 09:17,DOWN,2025-09-03 09:35,SHORT,23410.25,23430.25,2025-09-03 10:35,TIME_LIMIT,61,85.50,76.75
PCT_R0.22pct,2025-09-04,2025-09-03 16:00,UP,2025-09-03 18:09,LONG,23528.00,23508.00,2025-09-03 18:26,STOP_HIT,18,0.00,-20.00
PCT_R0.22pct,2025-09-04,2025-09-03 18:08,DOWN,2025-09-03 19:10,SHORT,23474.25,23494.25,2025-09-03 20:10,TIME_LIMIT,61,15.25,-13.50
PCT_R0.22pct,2025-09-04,2025-09-03 23:00,UP,2025-09-03 23:37,LONG,23505.00,23485.00,2025-09-03 23:41,STOP_HIT,5,0.50,-20.00
PCT_R0.22pct,2025-09-04,2025-09-04 02:14,DOWN,2025-09-04 05:03,SHORT,23475.00,23495.00,2025-09-04 05:31,STOP_HIT,29,17.75,-20.00
PCT_R0.22pct,2025-09-04,2025-09-04 05:35,DOWN,2025-09-04 05:45,SHORT,23487.25,23507.25,2025-09-04 05:45,STOP_HIT,1,0.50,-20.00
PCT_R0.22pct,2025-09-04,2025-09-04 06:17,UP,2025-09-04 06:36,LONG,23510.00,23490.00,2025-09-04 07:36,TIME_LIMIT,61,46.00,25.00
PCT_R0.22pct,2025-09-05,2025-09-04 14:35,UP,2025-09-04 20:09,LONG,23743.25,23723.25,2025-09-04 21:09,TIME_LIMIT,61,8.50,4.50
PCT_R0.22pct,2025-09-05,2025-09-05 05:52,DOWN,2025-09-05 06:02,SHORT,23816.00,23836.00,2025-09-05 06:04,STOP_HIT,3,10.50,-20.00
PCT_R0.22pct,2025-09-05,2025-09-05 09:43,UP,2025-09-05 11:34,LONG,23655.50,23635.50,2025-09-05 12:34,TIME_LIMIT,61,40.75,17.25
PCT_R0.22pct,2025-09-08,2025-09-07 14:05,UP,2025-09-07 14:31,LONG,23703.75,23683.75,2025-09-07 15:31,TIME_LIMIT,61,80.50,77.50
PCT_R0.22pct,2025-09-08,2025-09-07 16:08,DOWN,2025-09-07 18:20,SHORT,23739.50,23759.50,2025-09-07 19:08,STOP_HIT,49,3.75,-20.00
PCT_R0.22pct,2025-09-08,2025-09-07 20:56,UP,2025-09-07 23:12,LONG,23777.00,23757.00,2025-09-07 23:52,STOP_HIT,41,4.50,-20.00
PCT_R0.22pct,2025-09-09,2025-09-08 17:25,UP,2025-09-08 22:57,LONG,23850.25,23830.25,2025-09-08 23:57,TIME_LIMIT,61,35.00,6.25
PCT_R0.22pct,2025-09-09,2025-09-08 23:38,DOWN,2025-09-09 04:36,SHORT,23849.75,23869.75,2025-09-09 05:36,TIME_LIMIT,61,49.75,13.50
PCT_R0.22pct,2025-09-09,2025-09-09 05:06,UP,2025-09-09 05:35,LONG,23842.50,23822.50,2025-09-09 05:40,STOP_HIT,6,5.50,-20.00
PCT_R0.22pct,2025-09-09,2025-09-09 05:30,DOWN,2025-09-09 05:55,SHORT,23807.50,23827.50,2025-09-09 05:57,STOP_HIT,3,6.25,-20.00
PCT_R0.22pct,2025-09-09,2025-09-09 06:43,UP,2025-09-09 11:23,LONG,23854.75,23834.75,2025-09-09 11:43,STOP_HIT,21,6.50,-20.00
PCT_R0.22pct,2025-09-10,2025-09-09 15:27,UP,2025-09-09 21:31,LONG,23921.25,23901.25,2025-09-09 22:31,TIME_LIMIT,61,19.75,16.50
PCT_R0.22pct,2025-09-10,2025-09-09 23:14,DOWN,2025-09-10 01:03,SHORT,23890.50,23910.50,2025-09-10 02:03,TIME_LIMIT,61,8.25,-18.00
PCT_R0.22pct,2025-09-10,2025-09-10 04:35,DOWN,2025-09-10 05:54,SHORT,23938.00,23958.00,2025-09-10 06:02,STOP_HIT,9,33.00,-20.00
PCT_R0.22pct,2025-09-10,2025-09-10 05:51,UP,2025-09-10 06:07,LONG,23969.75,23949.75,2025-09-10 06:09,STOP_HIT,3,7.25,-20.00
PCT_R0.22pct,2025-09-10,2025-09-10 06:47,DOWN,2025-09-10 07:45,SHORT,23955.00,23975.00,2025-09-10 08:45,TIME_LIMIT,61,55.75,51.50
PCT_R0.22pct,2025-09-11,2025-09-10 14:00,UP,2025-09-10 14:57,LONG,23905.25,23885.25,2025-09-10 15:58,TIME_LIMIT,61,9.75,-7.50
PCT_R0.22pct,2025-09-11,2025-09-11 04:31,DOWN,2025-09-11 04:41,SHORT,23913.75,23933.75,2025-09-11 04:46,STOP_HIT,6,12.00,-20.00
PCT_R0.22pct,2025-09-11,2025-09-11 04:34,UP,2025-09-11 04:47,LONG,23936.25,23916.25,2025-09-11 04:49,STOP_HIT,3,11.75,-20.00
PCT_R0.22pct,2025-09-12,2025-09-11 21:47,DOWN,2025-09-12 00:15,SHORT,23985.00,24005.00,2025-09-12 01:03,STOP_HIT,49,16.00,-20.00
PCT_R0.22pct,2025-09-12,2025-09-12 00:18,UP,2025-09-12 03:24,LONG,24018.75,23998.75,2025-09-12 04:24,TIME_LIMIT,61,30.00,20.00
PCT_R0.22pct,2025-09-12,2025-09-12 05:30,DOWN,2025-09-12 05:44,SHORT,24020.00,24040.00,2025-09-12 05:55,STOP_HIT,12,3.50,-20.00
PCT_R0.22pct,2025-09-12,2025-09-12 05:38,UP,2025-09-12 06:04,LONG,24048.50,24028.50,2025-09-12 06:14,STOP_HIT,11,12.25,-20.00
PCT_R0.22pct,2025-09-15,2025-09-14 16:28,UP,2025-09-14 22:12,LONG,24144.75,24124.75,2025-09-14 23:12,TIME_LIMIT,61,8.00,2.75
PCT_R0.22pct,2025-09-15,2025-09-14 23:36,DOWN,2025-09-15 00:05,SHORT,24084.25,24104.25,2025-09-15 00:05,STOP_HIT,1,2.00,-20.00
PCT_R0.22pct,2025-09-15,2025-09-15 00:04,UP,2025-09-15 04:26,LONG,24164.75,24144.75,2025-09-15 04:37,STOP_HIT,12,1.25,-20.00
PCT_R0.22pct,2025-09-16,2025-09-15 14:33,UP,2025-09-15 18:32,LONG,24333.75,24313.75,2025-09-15 19:32,TIME_LIMIT,61,7.25,7.00
PCT_R0.22pct,2025-09-16,2025-09-16 00:50,DOWN,2025-09-16 05:23,SHORT,24355.75,24375.75,2025-09-16 06:23,TIME_LIMIT,61,76.25,39.50
PCT_R0.22pct,2025-09-16,2025-09-16 08:04,UP,2025-09-16 11:58,LONG,24303.25,24283.25,2025-09-16 11:59,STOP_HIT,2,1.00,-20.00
PCT_R0.22pct,2025-09-17,2025-09-17 00:43,UP,2025-09-17 05:31,LONG,24291.75,24271.75,2025-09-17 05:33,STOP_HIT,3,8.00,-20.00
PCT_R0.22pct,2025-09-18,2025-09-17 14:00,UP,2025-09-17 14:43,LONG,24301.75,24281.75,2025-09-17 15:43,TIME_LIMIT,61,40.50,25.75
PCT_R0.22pct,2025-09-18,2025-09-18 05:46,UP,2025-09-18 05:56,LONG,24411.25,24391.25,2025-09-18 06:56,TIME_LIMIT,61,152.25,90.00
PCT_R0.22pct,2025-09-18,2025-09-18 09:07,DOWN,2025-09-18 12:34,SHORT,24469.00,24489.00,2025-09-18 12:59,TIME_EXPIRED,26,1.00,-3.00
PCT_R0.22pct,2025-10-13,2025-10-12 14:06,UP,2025-10-12 14:32,LONG,24946.50,24926.50,2025-10-12 14:35,STOP_HIT,3,0.00,-20.00
PCT_R0.22pct,2025-10-13,2025-10-12 14:22,DOWN,2025-10-12 15:06,SHORT,24918.00,24938.00,2025-10-12 15:09,STOP_HIT,2,0.00,-20.00
PCT_R0.22pct,2025-10-13,2025-10-13 03:11,UP,2025-10-13 05:23,LONG,25081.00,25061.00,2025-10-13 05:31,STOP_HIT,5,9.00,-20.00
PCT_R0.22pct,2025-10-13,2025-10-13 05:04,DOWN,2025-10-13 05:41,SHORT,25015.25,25035.25,2025-10-13 05:43,STOP_HIT,3,21.50,-20.00
PCT_R0.22pct,2025-10-13,2025-10-13 05:36,UP,2025-10-13 05:51,LONG,25095.00,25075.00,2025-10-13 06:21,STOP_HIT,15,55.00,-20.00
PCT_R0.22pct,2025-10-14,2025-10-13 14:34,UP,2025-10-13 16:29,LONG,25240.00,25220.00,2025-10-13 18:47,STOP_HIT,14,40.00,-20.00
PCT_R0.22pct,2025-10-14,2025-10-13 16:33,DOWN,2025-10-13 19:58,SHORT,25152.00,25172.00,2025-10-14 00:20,TIME_LIMIT,61,321.50,263.50
PCT_R0.22pct,2025-10-16,2025-10-15 14:16,DOWN,2025-10-15 17:04,SHORT,25169.00,25189.00,2025-10-15 21:30,STOP_HIT,21,26.00,-20.00
PCT_R0.22pct,2025-10-16,2025-10-15 16:32,UP,2025-10-15 21:37,LONG,25194.00,25174.00,2025-10-16 06:05,TIME_LIMIT,61,173.00,131.00
PCT_R0.22pct,2025-10-17,2025-10-16 15:45,UP,2025-10-16 17:21,LONG,25050.00,25030.00,2025-10-16 17:54,STOP_HIT,2,0.00,-20.00
PCT_R0.22pct,2025-10-17,2025-10-17 00:20,UP,2025-10-17 03:08,LONG,24808.00,24788.00,2025-10-17 05:56,TIME_LIMIT,61,312.00,311.25
PCT_R0.22pct,2025-10-30,2025-10-29 15:41,UP,2025-10-29 18:26,LONG,26624.25,26604.25,2025-10-29 20:09,STOP_HIT,11,45.75,-20.00
PCT_R0.22pct,2025-11-04,2025-11-03 13:00,DOWN,2025-11-03 16:01,SHORT,26256.50,26276.50,2025-11-03 21:11,TIME_LIMIT,61,256.50,256.50
PCT_R0.22pct,2025-11-04,2025-11-04 00:05,UP,2025-11-04 01:49,LONG,26038.25,26018.25,2025-11-04 02:04,STOP_HIT,7,3.75,-20.00
PCT_R0.22pct,2025-11-04,2025-11-04 01:31,DOWN,2025-11-04 03:20,SHORT,25994.75,26014.75,2025-11-04 04:42,STOP_HIT,30,68.25,-20.00
PCT_R0.22pct,2025-11-04,2025-11-04 04:34,UP,2025-11-04 04:57,LONG,26123.00,26103.00,2025-11-04 05:08,STOP_HIT,8,22.00,-20.00
PCT_R0.22pct,2025-11-04,2025-11-04 05:26,DOWN,2025-11-04 06:20,SHORT,26020.00,26040.00,2025-11-04 06:38,STOP_HIT,6,20.00,-20.00
PCT_R0.22pct,2025-11-05,2025-11-04 13:04,DOWN,2025-11-04 14:09,SHORT,25727.50,25747.50,2025-11-04 14:22,STOP_HIT,2,0.00,-20.00
PCT_R0.22pct,2025-11-05,2025-11-04 16:29,UP,2025-11-04 17:03,LONG,25700.00,25680.00,2025-11-04 21:38,TIME_LIMIT,61,104.50,60.00
PCT_R0.22pct,2025-11-05,2025-11-04 23:12,DOWN,2025-11-05 01:28,SHORT,25712.00,25732.00,2025-11-05 02:31,STOP_HIT,3,0.00,-20.00
PCT_R0.22pct,2025-11-06,2025-11-05 13:50,DOWN,2025-11-05 15:11,SHORT,25919.00,25939.00,2025-11-05 15:13,STOP_HIT,3,0.25,-20.00
PCT_R0.22pct,2025-11-06,2025-11-05 16:15,UP,2025-11-05 18:04,LONG,25974.00,25954.00,2025-11-05 20:32,STOP_HIT,12,29.75,-20.00
PCT_R0.22pct,2025-11-06,2025-11-05 18:32,DOWN,2025-11-05 21:26,SHORT,25976.00,25996.00,2025-11-05 23:20,STOP_HIT,21,78.75,-20.00
PCT_R0.22pct,2025-11-06,2025-11-06 03:24,DOWN,2025-11-06 04:34,SHORT,25895.25,25915.25,2025-11-06 04:38,STOP_HIT,5,11.00,-20.00
PCT_R0.22pct,2025-11-07,2025-11-06 17:02,DOWN,2025-11-06 18:03,SHORT,25425.75,25445.75,2025-11-06 18:18,STOP_HIT,3,0.00,-20.00
PCT_R0.22pct,2025-11-07,2025-11-06 22:12,DOWN,2025-11-07 00:25,SHORT,25457.00,25477.00,2025-11-07 00:41,STOP_HIT,2,0.75,-20.00
PCT_R0.22pct,2025-11-07,2025-11-07 08:53,UP,2025-11-07 09:53,LONG,25323.50,25303.50,2025-11-07 10:25,STOP_HIT,16,54.75,-20.00
PCT_R0.22pct,2025-11-10,2025-11-09 13:00,UP,2025-11-09 13:16,LONG,25593.00,25573.00,2025-11-09 13:22,STOP_HIT,3,0.00,-20.00
PCT_R0.22pct,2025-11-10,2025-11-09 13:01,DOWN,2025-11-09 13:29,SHORT,25561.50,25581.50,2025-11-09 13:38,STOP_HIT,6,4.50,-20.00
PCT_R0.22pct,2025-11-10,2025-11-09 14:06,UP,2025-11-09 15:19,LONG,25635.00,25615.00,2025-11-09 21:57,TIME_LIMIT,61,130.00,123.00
PCT_R0.22pct,2025-11-10,2025-11-10 06:43,UP,2025-11-10 07:12,LONG,25800.75,25780.75,2025-11-10 10:36,TIME_LIMIT,61,189.25,187.25
PCT_R0.22pct,2025-11-13,2025-11-12 13:04,DOWN,2025-11-12 14:09,SHORT,25850.00,25870.00,2025-11-12 15:05,STOP_HIT,5,25.00,-20.00
PCT_R0.22pct,2025-11-13,2025-11-12 13:52,UP,2025-11-12 15:08,LONG,25951.50,25931.50,2025-11-12 16:52,STOP_HIT,22,28.00,-20.00
PCT_R0.22pct,2025-11-13,2025-11-12 15:11,DOWN,2025-11-12 17:10,SHORT,25907.75,25927.75,2025-11-12 17:28,STOP_HIT,2,0.00,-20.00
PCT_R0.22pct,2025-11-13,2025-11-12 17:10,UP,2025-11-12 19:25,LONG,25977.25,25957.25,2025-11-12 21:52,STOP_HIT,6,10.00,-20.00
PCT_R0.22pct,2025-11-14,2025-11-13 16:40,DOWN,2025-11-13 18:06,SHORT,25340.00,25360.00,2025-11-13 19:53,STOP_HIT,32,90.00,-20.00
PCT_R0.22pct,2025-11-14,2025-11-14 04:36,UP,2025-11-14 05:00,LONG,25188.00,25168.00,2025-11-14 05:05,STOP_HIT,4,12.00,-20.00
PCT_R0.22pct,2025-11-17,2025-11-16 13:04,UP,2025-11-16 13:32,LONG,25415.00,25395.00,2025-11-16 14:16,STOP_HIT,8,25.75,-20.00
PCT_R0.22pct,2025-11-17,2025-11-16 22:56,DOWN,2025-11-17 00:23,SHORT,25497.75,25517.75,2025-11-17 04:10,TIME_LIMIT,61,226.00,196.25
PCT_R0.22pct,2025-11-17,2025-11-17 04:31,UP,2025-11-17 04:43,LONG,25450.00,25430.00,2025-11-17 05:03,STOP_HIT,12,56.00,-20.00
PCT_R0.22pct,2025-11-17,2025-11-17 06:59,DOWN,2025-11-17 07:40,SHORT,25360.75,25380.75,2025-11-17 09:36,TIME_LIMIT,61,277.00,260.25
PCT_R0.22pct,2025-11-18,2025-11-17 13:06,DOWN,2025-11-17 14:18,SHORT,25140.50,25160.50,2025-11-17 15:08,STOP_HIT,11,50.50,-20.00
PCT_R0.22pct,2025-11-18,2025-11-17 19:10,DOWN,2025-11-17 20:34,SHORT,24947.50,24967.50,2025-11-17 21:44,STOP_HIT,25,87.00,-20.00
PCT_R0.22pct,2025-11-18,2025-11-17 21:05,UP,2025-11-17 22:15,LONG,25001.25,24981.25,2025-11-18 02:12,STOP_HIT,34,102.00,-20.00
PCT_R0.22pct,2025-11-18,2025-11-18 02:19,DOWN,2025-11-18 02:59,SHORT,24944.50,24964.50,2025-11-18 03:01,STOP_HIT,2,0.00,-20.00
PCT_R0.22pct,2025-11-18,2025-11-18 10:30,DOWN,2025-11-18 10:58,SHORT,24856.00,24876.00,2025-11-18 11:47,TIME_EXPIRED,19,76.50,52.50
PCT_R0.22pct,2025-11-20,2025-11-19 13:00,UP,2025-11-19 13:10,LONG,25059.75,25039.75,2025-11-19 13:12,STOP_HIT,3,10.00,-20.00
PCT_R0.22pct,2025-11-20,2025-11-19 13:16,DOWN,2025-11-19 13:31,SHORT,25044.75,25064.75,2025-11-19 13:34,STOP_HIT,4,4.50,-20.00
PCT_R0.22pct,2025-11-20,2025-11-19 21:33,DOWN,2025-11-19 22:03,SHORT,25143.25,25163.25,2025-11-19 22:09,STOP_HIT,7,15.50,-20.00
PCT_R0.22pct,2025-11-20,2025-11-19 22:00,UP,2025-11-19 22:46,LONG,25172.75,25152.75,2025-11-19 22:51,STOP_HIT,6,12.25,-20.00
PCT_R0.22pct,2025-11-20,2025-11-19 22:47,DOWN,2025-11-19 23:01,SHORT,25131.50,25151.50,2025-11-20 00:01,TIME_LIMIT,61,85.75,72.50
PCT_R0.22pct,2025-11-20,2025-11-20 02:05,UP,2025-11-20 03:10,LONG,25165.00,25145.00,2025-11-20 03:19,STOP_HIT,10,13.25,-20.00
PCT_R0.22pct,2025-11-20,2025-11-20 05:38,DOWN,2025-11-20 06:05,SHORT,25098.50,25118.50,2025-11-20 07:05,TIME_LIMIT,61,586.50,545.00
PCT_R0.22pct,2025-11-21,2025-11-20 13:01,DOWN,2025-11-20 13:11,SHORT,24028.25,24048.25,2025-11-20 13:11,STOP_HIT,1,0.00,-20.00
PCT_R0.22pct,2025-11-21,2025-11-20 13:10,UP,2025-11-20 13:20,LONG,24111.75,24091.75,2025-11-20 14:20,TIME_LIMIT,61,78.25,73.00
PCT_R0.22pct,2025-11-21,2025-11-20 17:36,DOWN,2025-11-20 18:40,SHORT,24120.25,24140.25,2025-11-20 18:45,STOP_HIT,6,25.25,-20.00
PCT_R0.22pct,2025-11-21,2025-11-20 18:41,UP,2025-11-20 19:25,LONG,24187.00,24167.00,2025-11-20 19:29,STOP_HIT,5,6.25,-20.00
PCT_R0.22pct,2025-11-21,2025-11-20 19:14,DOWN,2025-11-20 19:45,SHORT,24149.25,24169.25,2025-11-20 20:12,STOP_HIT,28,21.75,-20.00
PCT_R0.22pct,2025-11-21,2025-11-20 20:16,DOWN,2025-11-20 20:31,SHORT,24134.50,24154.50,2025-11-20 20:34,STOP_HIT,4,0.25,-20.00
PCT_R0.22pct,2025-11-21,2025-11-20 20:30,UP,2025-11-20 20:51,LONG,24178.00,24158.00,2025-11-20 21:02,STOP_HIT,12,23.75,-20.00
PCT_R0.22pct,2025-11-21,2025-11-20 20:52,DOWN,2025-11-20 21:35,SHORT,24145.00,24165.00,2025-11-20 21:40,STOP_HIT,6,16.00,-20.00
PCT_R0.22pct,2025-11-21,2025-11-20 22:08,DOWN,2025-11-20 22:22,SHORT,24118.00,24138.00,2025-11-20 22:23,STOP_HIT,2,3.00,-20.00
PCT_R0.22pct,2025-11-21,2025-11-20 22:37,UP,2025-11-20 22:49,LONG,24170.25,24150.25,2025-11-20 23:20,STOP_HIT,32,46.75,-20.00
PCT_R0.22pct,2025-11-21,2025-11-20 23:00,DOWN,2025-11-20 23:32,SHORT,24125.25,24145.25,2025-11-21 00:32,TIME_LIMIT,61,220.75,144.25
PCT_R0.22pct,2025-11-24,2025-11-23 13:01,DOWN,2025-11-23 13:11,SHORT,24515.00,24535.00,2025-11-23 14:11,TIME_LIMIT,61,92.00,84.50
PCT_R0.22pct,2025-11-24,2025-11-23 15:02,UP,2025-11-23 15:31,LONG,24471.25,24451.25,2025-11-23 15:36,STOP_HIT,6,0.50,-20.00
PCT_R0.22pct,2025-11-24,2025-11-23 15:28,DOWN,2025-11-23 15:44,SHORT,24431.25,24451.25,2025-11-23 15:52,STOP_HIT,9,2.75,-20.00
PCT_R0.22pct,2025-11-24,2025-11-23 15:43,UP,2025-11-23 16:22,LONG,24480.25,24460.25,2025-11-23 16:34,STOP_HIT,13,11.75,-20.00
PCT_R0.22pct,2025-11-24,2025-11-23 17:22,DOWN,2025-11-23 18:39,SHORT,24463.50,24483.50,2025-11-23 19:09,STOP_HIT,31,18.75,-20.00
PCT_R0.22pct,2025-11-24,2025-11-23 18:26,UP,2025-11-23 19:14,LONG,24501.50,24481.50,2025-11-23 19:32,STOP_HIT,19,9.50,-20.00
PCT_R0.22pct,2025-11-24,2025-11-23 21:03,UP,2025-11-23 21:45,LONG,24509.00,24489.00,2025-11-23 22:00,STOP_HIT,16,16.00,-20.00
PCT_R0.22pct,2025-11-24,2025-11-23 21:49,DOWN,2025-11-23 22:10,SHORT,24466.50,24486.50,2025-11-23 22:12,STOP_HIT,3,5.75,-20.00
PCT_R0.22pct,2025-11-24,2025-11-23 22:06,UP,2025-11-23 22:16,LONG,24513.50,24493.50,2025-11-23 23:16,TIME_LIMIT,61,49.75,-11.50
PCT_R0.22pct,2025-11-24,2025-11-23 22:58,DOWN,2025-11-23 23:27,SHORT,24383.25,24403.25,2025-11-23 23:32,STOP_HIT,6,18.25,-20.00
PCT_R0.22pct,2025-11-24,2025-11-24 00:35,UP,2025-11-24 03:33,LONG,24552.25,24532.25,2025-11-24 03:35,STOP_HIT,3,0.75,-20.00
PCT_R0.22pct,2025-11-25,2025-11-24 13:47,DOWN,2025-11-24 15:33,SHORT,24938.75,24958.75,2025-11-24 16:33,TIME_LIMIT,61,19.50,6.75
PCT_R0.22pct,2025-11-25,2025-11-25 02:44,DOWN,2025-11-25 02:56,SHORT,24915.00,24935.00,2025-11-25 03:03,STOP_HIT,8,11.75,-20.00
PCT_R0.22pct,2025-11-25,2025-11-25 02:50,UP,2025-11-25 03:25,LONG,24943.50,24923.50,2025-11-25 03:32,STOP_HIT,8,16.50,-20.00
PCT_R0.22pct,2025-11-25,2025-11-25 05:32,DOWN,2025-11-25 05:42,SHORT,24796.50,24816.50,2025-11-25 05:44,STOP_HIT,3,13.50,-20.00
PCT_R0.22pct,2025-11-25,2025-11-25 05:36,UP,2025-11-25 05:46,LONG,24868.25,24848.25,2025-11-25 05:48,STOP_HIT,3,4.75,-20.00
PCT_R0.22pct,2025-11-25,2025-11-25 05:46,DOWN,2025-11-25 05:56,SHORT,24790.50,24810.50,2025-11-25 05:57,STOP_HIT,2,19.00,-20.00
PCT_R0.22pct,2025-11-25,2025-11-25 05:58,DOWN,2025-11-25 06:08,SHORT,24814.25,24834.25,2025-11-25 06:19,STOP_HIT,12,40.75,-20.00
PCT_R0.22pct,2025-11-26,2025-11-25 13:55,UP,2025-11-25 18:26,LONG,25174.00,25154.00,2025-11-25 19:26,TIME_LIMIT,61,27.25,17.00
PCT_R0.22pct,2025-11-26,2025-11-25 23:27,UP,2025-11-26 00:42,LONG,25193.50,25173.50,2025-11-26 01:42,TIME_LIMIT,61,21.75,-4.00
PCT_R0.22pct,2025-11-26,2025-11-26 01:25,DOWN,2025-11-26 02:04,SHORT,25156.50,25176.50,2025-11-26 02:48,STOP_HIT,45,38.00,-20.00
PCT_R0.22pct,2025-11-26,2025-11-26 02:16,UP,2025-11-26 03:11,LONG,25184.00,25164.00,2025-11-26 04:11,TIME_LIMIT,61,36.50,12.50
PCT_R0.22pct,2025-11-26,2025-11-26 05:09,DOWN,2025-11-26 05:19,SHORT,25190.75,25210.75,2025-11-26 05:32,STOP_HIT,14,48.00,-20.00
PCT_R0.22pct,2025-11-26,2025-11-26 05:25,UP,2025-11-26 05:35,LONG,25221.25,25201.25,2025-11-26 05:47,STOP_HIT,13,30.25,-20.00
PCT_R0.22pct,2025-11-28,2025-11-27 13:00,UP,2025-11-27 15:11,LONG,25358.00,25338.00,2025-11-27 15:42,STOP_HIT,32,10.00,-20.00
PCT_R0.22pct,2025-11-28,2025-11-28 04:37,DOWN,2025-11-28 04:47,SHORT,25367.75,25387.75,2025-11-28 04:49,STOP_HIT,3,3.25,-20.00
PCT_R0.22pct,2025-11-28,2025-11-28 04:41,UP,2025-11-28 04:51,LONG,25393.75,25373.75,2025-11-28 04:52,STOP_HIT,2,1.25,-20.00
PCT_R0.22pct,2025-12-01,2025-11-30 13:00,UP,2025-11-30 13:10,LONG,25498.50,25478.50,2025-11-30 13:31,STOP_HIT,22,25.75,-20.00
PCT_R0.22pct,2025-12-01,2025-11-30 22:23,DOWN,2025-11-30 23:59,SHORT,25284.50,25304.50,2025-12-01 00:06,STOP_HIT,8,3.25,-20.00
PCT_R0.22pct,2025-12-01,2025-11-30 23:57,UP,2025-12-01 00:45,LONG,25328.75,25308.75,2025-12-01 00:58,STOP_HIT,14,4.75,-20.00
PCT_R0.22pct,2025-12-02,2025-12-01 13:10,UP,2025-12-01 15:07,LONG,25442.00,25422.00,2025-12-01 15:30,STOP_HIT,24,3.00,-20.00
PCT_R0.22pct,2025-12-02,2025-12-01 15:17,DOWN,2025-12-01 16:17,SHORT,25404.25,25424.25,2025-12-01 16:52,STOP_HIT,36,9.25,-20.00
PCT_R0.22pct,2025-12-02,2025-12-01 22:10,UP,2025-12-01 23:02,LONG,25423.50,25403.50,2025-12-02 00:02,TIME_LIMIT,61,28.00,17.75
PCT_R0.22pct,2025-12-02,2025-12-02 05:34,UP,2025-12-02 05:44,LONG,25626.00,25606.00,2025-12-02 06:06,STOP_HIT,23,44.00,-20.00
PCT_R0.22pct,2025-12-02,2025-12-02 05:51,DOWN,2025-12-02 06:28,SHORT,25465.00,25485.00,2025-12-02 06:37,STOP_HIT,10,50.50,-20.00
PCT_R0.22pct,2025-12-02,2025-12-02 08:00,UP,2025-12-02 08:12,LONG,25545.75,25525.75,2025-12-02 09:12,TIME_LIMIT,61,63.50,56.75
PCT_R0.22pct,2025-12-03,2025-12-02 14:28,UP,2025-12-02 15:03,LONG,25636.00,25616.00,2025-12-02 16:03,TIME_LIMIT,61,13.50,5.00
PCT_R0.22pct,2025-12-03,2025-12-02 19:15,DOWN,2025-12-02 23:51,SHORT,25629.25,25649.25,2025-12-03 00:12,STOP_HIT,22,1.50,-20.00
PCT_R0.22pct,2025-12-03,2025-12-03 00:50,UP,2025-12-03 02:39,LONG,25660.75,25640.75,2025-12-03 03:20,STOP_HIT,42,17.00,-20.00
PCT_R0.22pct,2025-12-03,2025-12-03 03:15,DOWN,2025-12-03 04:04,SHORT,25557.50,25577.50,2025-12-03 05:04,TIME_LIMIT,61,136.00,-12.50
PCT_R0.22pct,2025-12-03,2025-12-03 04:53,UP,2025-12-03 05:07,LONG,25531.00,25511.00,2025-12-03 05:10,STOP_HIT,4,13.00,-20.00
PCT_R0.22pct,2025-12-03,2025-12-03 05:05,DOWN,2025-12-03 05:15,SHORT,25516.00,25536.00,2025-12-03 05:17,STOP_HIT,3,5.00,-20.00
PCT_R0.22pct,2025-12-03,2025-12-03 05:12,UP,2025-12-03 05:22,LONG,25521.00,25501.00,2025-12-03 05:22,STOP_HIT,1,7.50,-20.00
PCT_R0.22pct,2025-12-04,2025-12-03 17:35,UP,2025-12-03 21:08,LONG,25663.75,25643.75,2025-12-03 22:00,STOP_HIT,53,6.00,-20.00
PCT_R0.22pct,2025-12-04,2025-12-03 21:07,DOWN,2025-12-03 22:28,SHORT,25606.50,25626.50,2025-12-03 22:33,STOP_HIT,6,1.00,-20.00
PCT_R0.22pct,2025-12-04,2025-12-03 22:27,UP,2025-12-03 23:32,LONG,25665.75,25645.75,2025-12-04 00:32,TIME_LIMIT,61,26.75,1.25
PCT_R0.22pct,2025-12-04,2025-12-03 23:41,DOWN,2025-12-04 03:52,SHORT,25627.00,25647.00,2025-12-04 04:00,STOP_HIT,9,8.75,-20.00
PCT_R0.22pct,2025-12-04,2025-12-04 03:52,UP,2025-12-04 04:05,LONG,25668.25,25648.25,2025-12-04 04:31,STOP_HIT,27,64.25,-20.00
PCT_R0.22pct,2025-12-04,2025-12-04 08:07,UP,2025-12-04 08:33,LONG,25630.25,25610.25,2025-12-04 08:37,STOP_HIT,5,0.00,-20.00
PCT_R0.22pct,2025-12-04,2025-12-04 08:32,DOWN,2025-12-04 09:17,SHORT,25578.50,25598.50,2025-12-04 09:36,STOP_HIT,20,89.75,-20.00
PCT_R0.22pct,2025-12-04,2025-12-04 10:07,UP,2025-12-04 11:17,LONG,25632.75,25612.75,2025-12-04 11:59,TIME_EXPIRED,43,5.00,-0.25
PCT_R0.22pct,2025-12-05,2025-12-04 13:46,UP,2025-12-04 15:04,LONG,25668.00,25648.00,2025-12-04 16:04,TIME_LIMIT,61,20.00,13.25
PCT_R0.22pct,2025-12-05,2025-12-04 22:21,DOWN,2025-12-05 03:30,SHORT,25686.00,25706.00,2025-12-05 04:30,TIME_LIMIT,61,106.25,-46.25
PCT_R0.22pct,2025-12-05,2025-12-05 04:41,UP,2025-12-05 04:51,LONG,25749.75,25729.75,2025-12-05 05:51,TIME_LIMIT,61,118.25,32.75
PCT_R0.22pct,2025-12-05,2025-12-05 06:58,DOWN,2025-12-05 07:08,SHORT,25714.25,25734.25,2025-12-05 07:52,STOP_HIT,45,49.50,-20.00
PCT_R0.22pct,2025-12-05,2025-12-05 07:37,UP,2025-12-05 08:10,LONG,25738.25,25718.25,2025-12-05 08:15,STOP_HIT,6,0.50,-20.00
PCT_R0.22pct,2025-12-05,2025-12-05 08:34,DOWN,2025-12-05 10:48,SHORT,25694.25,25714.25,2025-12-05 10:53,STOP_HIT,6,16.50,-20.00
PCT_R0.22pct,2025-12-05,2025-12-05 10:51,UP,2025-12-05 11:01,LONG,25735.75,25715.75,2025-12-05 11:59,TIME_EXPIRED,59,8.00,-0.75
PCT_R0.22pct,2025-12-08,2025-12-07 13:00,DOWN,2025-12-07 14:02,SHORT,25723.00,25743.00,2025-12-07 14:48,STOP_HIT,47,22.75,-20.00
PCT_R0.22pct,2025-12-08,2025-12-07 14:11,UP,2025-12-07 15:05,LONG,25751.75,25731.75,2025-12-07 16:05,TIME_LIMIT,61,21.75,16.50
PCT_R0.22pct,2025-12-08,2025-12-07 21:40,DOWN,2025-12-08 00:29,SHORT,25781.75,25801.75,2025-12-08 01:29,TIME_LIMIT,61,10.50,8.25
PCT_R0.22pct,2025-12-08,2025-12-08 00:05,UP,2025-12-08 03:21,LONG,25829.75,25809.75,2025-12-08 03:24,STOP_HIT,4,3.25,-20.00
PCT_R0.22pct,2025-12-09,2025-12-09 04:48,UP,2025-12-09 05:13,LONG,25640.25,25620.25,2025-12-09 06:13,TIME_LIMIT,61,63.25,47.75
PCT_R0.22pct,2025-12-10,2025-12-09 15:10,UP,2025-12-09 18:33,LONG,25692.00,25672.00,2025-12-09 19:11,STOP_HIT,39,18.00,-20.00
PCT_R0.22pct,2025-12-10,2025-12-10 02:40,UP,2025-12-10 03:28,LONG,25707.00,25687.00,2025-12-10 03:32,STOP_HIT,5,13.00,-20.00
PCT_R0.22pct,2025-12-10,2025-12-10 03:30,DOWN,2025-12-10 04:02,SHORT,25664.50,25684.50,2025-12-10 05:02,TIME_LIMIT,61,97.50,43.75
PCT_R0.22pct,2025-12-10,2025-12-10 06:03,UP,2025-12-10 06:53,LONG,25647.75,25627.75,2025-12-10 07:10,STOP_HIT,18,10.50,-20.00
PCT_R0.22pct,2025-12-10,2025-12-10 07:56,DOWN,2025-12-10 08:37,SHORT,25629.25,25649.25,2025-12-10 09:00,STOP_HIT,24,30.25,-20.00
PCT_R0.22pct,2025-12-11,2025-12-10 13:01,DOWN,2025-12-10 13:15,SHORT,25746.00,25766.00,2025-12-10 14:15,TIME_LIMIT,61,36.00,21.50
PCT_R0.22pct,2025-12-11,2025-12-10 22:35,UP,2025-12-10 22:58,LONG,25521.75,25501.75,2025-12-10 23:58,TIME_LIMIT,61,102.00,80.50
PCT_R0.22pct,2025-12-11,2025-12-11 05:28,DOWN,2025-12-11 05:50,SHORT,25494.00,25514.00,2025-12-11 05:55,STOP_HIT,6,38.50,-20.00
PCT_R0.22pct,2025-12-11,2025-12-11 06:29,UP,2025-12-11 06:50,LONG,25549.25,25529.25,2025-12-11 06:50,STOP_HIT,1,1.50,-20.00
PCT_R0.22pct,2025-12-11,2025-12-11 06:57,UP,2025-12-11 07:24,LONG,25616.75,25596.75,2025-12-11 07:56,STOP_HIT,33,30.75,-20.00
PCT_R0.22pct,2025-12-12,2025-12-11 13:01,DOWN,2025-12-11 13:11,SHORT,25684.75,25704.75,2025-12-11 14:11,TIME_LIMIT,61,44.00,35.75
PCT_R0.22pct,2025-12-12,2025-12-11 14:11,UP,2025-12-11 16:09,LONG,25694.75,25674.75,2025-12-11 17:09,TIME_LIMIT,61,9.00,-8.25
PCT_R0.22pct,2025-12-12,2025-12-11 20:29,DOWN,2025-12-11 23:09,SHORT,25628.00,25648.00,2025-12-12 00:09,TIME_LIMIT,61,66.00,30.75
PCT_R0.22pct,2025-12-15,2025-12-14 13:00,DOWN,2025-12-14 13:10,SHORT,25398.50,25418.50,2025-12-14 13:13,STOP_HIT,4,2.50,-20.00
PCT_R0.22pct,2025-12-15,2025-12-14 13:08,UP,2025-12-14 13:43,LONG,25436.50,25416.50,2025-12-14 14:43,TIME_LIMIT,61,41.50,33.75
PCT_R0.22pct,2025-12-15,2025-12-15 04:30,DOWN,2025-12-15 04:47,SHORT,25532.75,25552.75,2025-12-15 04:49,STOP_HIT,3,11.25,-20.00
PCT_R0.22pct,2025-12-16,2025-12-15 13:05,DOWN,2025-12-15 13:35,SHORT,25317.75,25337.75,2025-12-15 14:35,TIME_LIMIT,61,78.00,46.75
PCT_R0.22pct,2025-12-16,2025-12-15 21:44,UP,2025-12-15 22:26,LONG,25173.75,25153.75,2025-12-15 23:26,TIME_LIMIT,61,57.75,43.50
PCT_R0.22pct,2025-12-16,2025-12-16 05:08,DOWN,2025-12-16 05:27,SHORT,25187.25,25207.25,2025-12-16 05:28,STOP_HIT,2,8.50,-20.00
PCT_R0.22pct,2025-12-16,2025-12-16 06:00,DOWN,2025-12-16 06:21,SHORT,25235.50,25255.50,2025-12-16 06:22,STOP_HIT,2,7.25,-20.00
PCT_R0.22pct,2025-12-16,2025-12-16 06:38,UP,2025-12-16 06:54,LONG,25295.75,25275.75,2025-12-16 06:54,STOP_HIT,1,0.50,-20.00
PCT_R0.22pct,2025-12-16,2025-12-16 08:51,DOWN,2025-12-16 09:16,SHORT,25243.75,25263.75,2025-12-16 09:25,STOP_HIT,10,19.00,-20.00
PCT_R0.22pct,2025-12-16,2025-12-16 09:20,UP,2025-12-16 09:34,LONG,25294.25,25274.25,2025-12-16 10:34,TIME_LIMIT,61,111.50,103.25
PCT_R0.22pct,2025-12-17,2025-12-16 13:00,DOWN,2025-12-16 13:10,SHORT,25318.25,25338.25,2025-12-16 13:29,STOP_HIT,20,12.25,-20.00
PCT_R0.22pct,2025-12-17,2025-12-16 13:07,UP,2025-12-16 13:34,LONG,25348.75,25328.75,2025-12-16 13:50,STOP_HIT,17,14.25,-20.00
PCT_R0.22pct,2025-12-17,2025-12-16 13:44,DOWN,2025-12-16 14:01,SHORT,25302.00,25322.00,2025-12-16 14:46,STOP_HIT,46,37.50,-20.00
PCT_R0.22pct,2025-12-17,2025-12-16 14:08,UP,2025-12-16 15:17,LONG,25328.00,25308.00,2025-12-16 16:17,TIME_LIMIT,61,31.75,12.50
PCT_R0.22pct,2025-12-17,2025-12-16 17:16,DOWN,2025-12-16 19:11,SHORT,25326.50,25346.50,2025-12-16 19:44,STOP_HIT,34,25.25,-20.00
PCT_R0.22pct,2025-12-17,2025-12-16 19:02,UP,2025-12-16 20:03,LONG,25359.50,25339.50,2025-12-16 21:03,TIME_LIMIT,61,58.25,31.75
PCT_R0.22pct,2025-12-17,2025-12-17 03:58,DOWN,2025-12-17 04:37,SHORT,25346.75,25366.75,2025-12-17 04:37,STOP_HIT,1,8.50,-20.00
PCT_R0.22pct,2025-12-18,2025-12-17 13:00,DOWN,2025-12-17 13:26,SHORT,24934.25,24954.25,2025-12-17 13:29,STOP_HIT,4,0.00,-20.00
PCT_R0.22pct,2025-12-18,2025-12-17 14:06,UP,2025-12-17 14:21,LONG,24958.25,24938.25,2025-12-17 15:21,TIME_LIMIT,61,39.75,26.00
PCT_R0.22pct,2025-12-18,2025-12-17 16:18,DOWN,2025-12-17 17:10,SHORT,24944.75,24964.75,2025-12-17 18:05,STOP_HIT,56,42.50,-20.00
PCT_R0.22pct,2025-12-18,2025-12-17 17:18,UP,2025-12-17 19:46,LONG,24978.25,24958.25,2025-12-17 20:46,TIME_LIMIT,61,13.75,-2.75
PCT_R0.22pct,2025-12-18,2025-12-18 05:14,UP,2025-12-18 05:26,LONG,25289.75,25269.75,2025-12-18 06:26,TIME_LIMIT,61,122.75,95.50
PCT_R0.22pct,2025-12-18,2025-12-18 06:54,DOWN,2025-12-18 07:19,SHORT,25217.25,25237.25,2025-12-18 07:21,STOP_HIT,3,13.50,-20.00
PCT_R0.22pct,2025-12-18,2025-12-18 07:26,UP,2025-12-18 07:42,LONG,25330.00,25310.00,2025-12-18 07:50,STOP_HIT,9,31.75,-20.00
PCT_R0.22pct,2025-12-18,2025-12-18 09:10,DOWN,2025-12-18 09:36,SHORT,25253.00,25273.00,2025-12-18 09:50,STOP_HIT,15,23.75,-20.00
PCT_R0.22pct,2025-12-18,2025-12-18 10:00,UP,2025-12-18 10:18,LONG,25283.00,25263.00,2025-12-18 10:58,STOP_HIT,41,60.50,-20.00
PCT_R0.22pct,2025-12-18,2025-12-18 10:50,DOWN,2025-12-18 11:00,SHORT,25252.00,25272.00,2025-12-18 11:59,TIME_EXPIRED,60,55.50,33.00
PCT_R0.22pct,2025-12-19,2025-12-18 13:09,UP,2025-12-18 14:04,LONG,25261.00,25241.00,2025-12-18 14:07,STOP_HIT,4,0.75,-20.00
PCT_R0.22pct,2025-12-19,2025-12-19 03:03,UP,2025-12-19 03:38,LONG,25330.75,25310.75,2025-12-19 03:41,STOP_HIT,4,9.00,-20.00
PCT_R0.22pct,2025-12-22,2025-12-21 13:15,UP,2025-12-21 15:06,LONG,25686.00,25666.00,2025-12-21 16:06,TIME_LIMIT,61,11.00,-4.50
PCT_R0.22pct,2025-12-22,2025-12-22 04:31,DOWN,2025-12-22 04:41,SHORT,25700.25,25720.25,2025-12-22 04:47,STOP_HIT,7,28.00,-20.00
PCT_R0.22pct,2025-12-22,2025-12-22 04:42,UP,2025-12-22 04:52,LONG,25735.00,25715.00,2025-12-22 05:01,STOP_HIT,10,23.50,-20.00
PCT_R0.22pct,2025-12-22,2025-12-22 04:55,DOWN,2025-12-22 05:16,SHORT,25687.25,25707.25,2025-12-22 05:20,STOP_HIT,5,5.75,-20.00
PCT_R0.22pct,2025-12-22,2025-12-22 05:36,UP,2025-12-22 07:10,LONG,25697.50,25677.50,2025-12-22 08:10,TIME_LIMIT,61,29.75,-1.75
PCT_R0.22pct,2025-12-23,2025-12-22 16:17,DOWN,2025-12-22 19:08,SHORT,25681.75,25701.75,2025-12-22 20:08,TIME_LIMIT,61,7.25,3.25
PCT_R0.22pct,2025-12-23,2025-12-22 23:42,DOWN,2025-12-23 02:22,SHORT,25671.50,25691.50,2025-12-23 03:22,TIME_LIMIT,61,10.50,4.50
PCT_R0.22pct,2025-12-23,2025-12-23 03:39,UP,2025-12-23 04:38,LONG,25721.00,25701.00,2025-12-23 04:38,STOP_HIT,1,1.00,-20.00
PCT_R0.22pct,2025-12-23,2025-12-23 04:49,DOWN,2025-12-23 05:01,SHORT,25683.00,25703.00,2025-12-23 05:38,STOP_HIT,38,54.75,-20.00
PCT_R0.22pct,2025-12-23,2025-12-23 05:03,UP,2025-12-23 06:31,LONG,25739.75,25719.75,2025-12-23 07:31,TIME_LIMIT,61,38.00,30.25
PCT_R0.22pct,2025-12-24,2025-12-23 19:00,UP,2025-12-24 05:16,LONG,25834.50,25814.50,2025-12-24 05:23,STOP_HIT,8,6.25,-20.00
PCT_R0.22pct,2025-12-26,2025-12-25 15:01,DOWN,2025-12-25 21:19,SHORT,25856.25,25876.25,2025-12-25 22:19,TIME_LIMIT,61,12.25,7.25
PCT_R0.22pct,2025-12-26,2025-12-25 22:35,UP,2025-12-26 03:21,LONG,25900.00,25880.00,2025-12-26 04:21,TIME_LIMIT,61,23.25,5.50
PCT_R0.22pct,2025-12-26,2025-12-26 04:45,DOWN,2025-12-26 04:55,SHORT,25886.00,25906.00,2025-12-26 05:55,TIME_LIMIT,61,51.75,-10.25
PCT_R0.22pct,2025-12-26,2025-12-26 05:16,UP,2025-12-26 05:40,LONG,25884.50,25864.50,2025-12-26 06:14,STOP_HIT,35,27.50,-20.00
PCT_R0.22pct,2025-12-26,2025-12-26 06:02,DOWN,2025-12-26 07:17,SHORT,25859.75,25879.75,2025-12-26 07:29,STOP_HIT,13,12.00,-20.00
PCT_R0.22pct,2025-12-29,2025-12-28 14:59,DOWN,2025-12-28 15:42,SHORT,25842.50,25862.50,2025-12-28 16:42,TIME_LIMIT,61,21.50,-2.75
PCT_R0.22pct,2025-12-29,2025-12-29 04:37,DOWN,2025-12-29 04:59,SHORT,25716.25,25736.25,2025-12-29 05:00,STOP_HIT,2,9.75,-20.00
PCT_R0.22pct,2025-12-29,2025-12-29 05:14,UP,2025-12-29 05:39,LONG,25748.50,25728.50,2025-12-29 05:47,STOP_HIT,9,12.50,-20.00
PCT_R0.22pct,2025-12-29,2025-12-29 05:36,DOWN,2025-12-29 05:50,SHORT,25711.50,25731.50,2025-12-29 06:50,TIME_LIMIT,61,37.25,8.50
PCT_R0.22pct,2025-12-29,2025-12-29 07:28,UP,2025-12-29 11:00,LONG,25741.25,25721.25,2025-12-29 11:59,TIME_EXPIRED,60,7.25,3.25
PCT_R0.22pct,2025-12-30,2025-12-29 15:00,UP,2025-12-29 19:01,LONG,25753.75,25733.75,2025-12-29 19:20,STOP_HIT,20,0.00,-20.00
PCT_R0.22pct,2025-12-30,2025-12-29 19:00,DOWN,2025-12-29 21:52,SHORT,25697.50,25717.50,2025-12-29 22:03,STOP_HIT,12,0.50,-20.00
PCT_R0.22pct,2025-12-30,2025-12-29 21:23,UP,2025-12-29 23:05,LONG,25746.50,25726.50,2025-12-30 00:05,TIME_LIMIT,61,5.75,-9.00
PCT_R0.22pct,2025-12-30,2025-12-29 23:36,DOWN,2025-12-30 03:41,SHORT,25709.50,25729.50,2025-12-30 04:30,STOP_HIT,50,20.75,-20.00
PCT_R0.22pct,2025-12-30,2025-12-30 04:57,DOWN,2025-12-30 05:23,SHORT,25697.50,25717.50,2025-12-30 05:24,STOP_HIT,2,1.25,-20.00
PCT_R0.22pct,2025-12-30,2025-12-30 05:43,UP,2025-12-30 05:54,LONG,25738.25,25718.25,2025-12-30 06:54,TIME_LIMIT,61,55.50,-11.75
PCT_R0.22pct,2025-12-30,2025-12-30 06:22,DOWN,2025-12-30 07:28,SHORT,25719.00,25739.00,2025-12-30 07:40,STOP_HIT,13,2.75,-20.00
PCT_R0.22pct,2025-12-31,2025-12-30 13:00,DOWN,2025-12-30 14:46,SHORT,25634.00,25654.00,2025-12-30 15:46,TIME_LIMIT,61,46.00,21.25
PCT_R0.22pct,2025-12-31,2025-12-30 22:40,UP,2025-12-31 03:51,LONG,25699.25,25679.25,2025-12-31 04:29,STOP_HIT,39,17.50,-20.00
PCT_R0.22pct,2025-12-31,2025-12-31 04:01,DOWN,2025-12-31 04:56,SHORT,25624.75,25644.75,2025-12-31 05:56,TIME_LIMIT,61,82.25,78.75
PCT_R0.22pct,2025-12-31,2025-12-31 09:03,DOWN,2025-12-31 09:31,SHORT,25578.75,25598.75,2025-12-31 10:31,TIME_LIMIT,61,108.50,87.00
PCT_R0.22pct,2026-01-02,2026-01-01 13:03,UP,2026-01-01 14:21,LONG,25503.75,25483.75,2026-01-01 15:21,TIME_LIMIT,61,32.25,21.25
PCT_R0.22pct,2026-01-02,2026-01-02 04:31,DOWN,2026-01-02 04:41,SHORT,25645.25,25665.25,2026-01-02 04:41,STOP_HIT,1,7.00,-20.00
PCT_R0.22pct,2026-01-02,2026-01-02 04:50,DOWN,2026-01-02 05:23,SHORT,25485.50,25505.50,2026-01-02 05:23,STOP_HIT,1,5.25,-20.00
PCT_R0.22pct,2026-01-05,2026-01-04 13:07,UP,2026-01-04 13:27,LONG,25458.50,25438.50,2026-01-04 13:43,STOP_HIT,17,4.75,-20.00
PCT_R0.22pct,2026-01-06,2026-01-05 20:34,DOWN,2026-01-05 22:32,SHORT,25529.25,25549.25,2026-01-05 22:37,STOP_HIT,6,1.00,-20.00
PCT_R0.22pct,2026-01-06,2026-01-05 22:31,UP,2026-01-06 03:01,LONG,25638.75,25618.75,2026-01-06 03:45,STOP_HIT,45,11.75,-20.00
PCT_R0.22pct,2026-01-06,2026-01-06 06:07,UP,2026-01-06 06:23,LONG,25691.50,25671.50,2026-01-06 06:37,STOP_HIT,15,16.25,-20.00
PCT_R0.22pct,2026-01-07,2026-01-06 13:01,DOWN,2026-01-06 18:09,SHORT,25787.75,25807.75,2026-01-06 19:09,TIME_LIMIT,61,12.25,4.00
PCT_R0.22pct,2026-01-07,2026-01-06 23:21,UP,2026-01-07 04:31,LONG,25777.25,25757.25,2026-01-07 05:31,TIME_LIMIT,61,102.75,84.00
PCT_R0.22pct,2026-01-08,2026-01-07 13:00,DOWN,2026-01-07 16:48,SHORT,25788.00,25808.00,2026-01-07 17:48,TIME_LIMIT,61,18.25,13.75
PCT_R0.22pct,2026-01-08,2026-01-07 21:31,UP,2026-01-07 22:41,LONG,25795.00,25775.00,2026-01-07 23:01,STOP_HIT,21,8.50,-20.00
PCT_R0.22pct,2026-01-08,2026-01-07 22:43,DOWN,2026-01-08 01:20,SHORT,25772.25,25792.25,2026-01-08 02:20,TIME_LIMIT,61,33.50,8.50
PCT_R0.22pct,2026-01-08,2026-01-08 01:31,UP,2026-01-08 03:19,LONG,25800.00,25780.00,2026-01-08 04:19,TIME_LIMIT,61,18.00,-12.25
PCT_R0.22pct,2026-01-08,2026-01-08 03:30,DOWN,2026-01-08 04:33,SHORT,25747.00,25767.00,2026-01-08 05:33,TIME_LIMIT,61,178.00,66.50
PCT_R0.22pct,2026-01-08,2026-01-08 07:52,DOWN,2026-01-08 08:10,SHORT,25652.75,25672.75,2026-01-08 08:47,STOP_HIT,38,33.50,-20.00
PCT_R0.22pct,2026-01-08,2026-01-08 09:16,UP,2026-01-08 11:04,LONG,25686.75,25666.75,2026-01-08 11:59,TIME_EXPIRED,56,55.00,25.25
PCT_R0.22pct,2026-01-09,2026-01-08 13:01,DOWN,2026-01-08 14:56,SHORT,25670.25,25690.25,2026-01-08 15:56,TIME_LIMIT,61,42.75,20.00
PCT_R0.22pct,2026-01-09,2026-01-08 15:37,UP,2026-01-08 17:26,LONG,25678.50,25658.50,2026-01-08 18:22,STOP_HIT,57,5.50,-20.00
PCT_R0.22pct,2026-01-09,2026-01-09 04:03,DOWN,2026-01-09 04:32,SHORT,25668.75,25688.75,2026-01-09 04:33,STOP_HIT,2,20.25,-20.00
PCT_R0.22pct,2026-01-09,2026-01-09 04:32,UP,2026-01-09 04:42,LONG,25751.50,25731.50,2026-01-09 04:44,STOP_HIT,3,24.75,-20.00
PCT_R0.22pct,2026-01-09,2026-01-09 05:08,UP,2026-01-09 05:19,LONG,25755.75,25735.75,2026-01-09 06:19,TIME_LIMIT,61,145.75,130.75
PCT_R0.22pct,2026-01-12,2026-01-11 13:00,DOWN,2026-01-11 13:10,SHORT,25914.25,25934.25,2026-01-11 14:10,TIME_LIMIT,61,58.25,50.50
PCT_R0.22pct,2026-01-12,2026-01-11 22:43,UP,2026-01-12 04:31,LONG,25792.25,25772.25,2026-01-12 05:31,TIME_LIMIT,61,141.25,111.50
PCT_R0.22pct,2026-01-13,2026-01-12 13:00,DOWN,2026-01-12 13:56,SHORT,25898.00,25918.00,2026-01-12 14:56,TIME_LIMIT,61,26.00,22.50
PCT_R0.22pct,2026-01-13,2026-01-12 15:45,UP,2026-01-12 19:28,LONG,25902.25,25882.25,2026-01-12 20:28,TIME_LIMIT,61,18.75,18.00
PCT_R0.22pct,2026-01-13,2026-01-12 23:18,DOWN,2026-01-13 00:33,SHORT,25892.00,25912.00,2026-01-13 01:33,TIME_LIMIT,61,21.50,20.75
PCT_R0.22pct,2026-01-13,2026-01-13 06:27,UP,2026-01-13 06:37,LONG,25949.00,25929.00,2026-01-13 07:31,STOP_HIT,55,76.75,-20.00
PCT_R0.22pct,2026-01-13,2026-01-13 07:31,DOWN,2026-01-13 07:56,SHORT,25886.75,25906.75,2026-01-13 08:15,STOP_HIT,20,35.25,-20.00
PCT_R0.22pct,2026-01-14,2026-01-13 17:41,DOWN,2026-01-13 19:23,SHORT,25869.00,25889.00,2026-01-13 20:23,TIME_LIMIT,61,30.00,21.50
PCT_R0.22pct,2026-01-14,2026-01-14 10:08,DOWN,2026-01-14 10:18,SHORT,25532.00,25552.00,2026-01-14 10:22,STOP_HIT,5,3.75,-20.00
PCT_R0.22pct,2026-01-14,2026-01-14 10:17,UP,2026-01-14 10:35,LONG,25608.00,25588.00,2026-01-14 10:44,STOP_HIT,10,27.75,-20.00
PCT_R0.22pct,2026-01-15,2026-01-14 13:23,UP,2026-01-14 15:03,LONG,25628.75,25608.75,2026-01-14 15:17,STOP_HIT,15,14.25,-20.00
PCT_R0.22pct,2026-01-15,2026-01-14 15:33,UP,2026-01-14 15:47,LONG,25617.50,25597.50,2026-01-14 16:39,STOP_HIT,53,16.75,-20.00
PCT_R0.22pct,2026-01-15,2026-01-14 16:15,DOWN,2026-01-14 18:03,SHORT,25582.50,25602.50,2026-01-14 19:03,TIME_LIMIT,61,13.00,-5.25
PCT_R0.22pct,2026-01-15,2026-01-15 05:37,DOWN,2026-01-15 05:47,SHORT,25826.75,25846.75,2026-01-15 05:47,STOP_HIT,1,0.75,-20.00
PCT_R0.22pct,2026-01-15,2026-01-15 05:52,UP,2026-01-15 06:06,LONG,25914.25,25894.25,2026-01-15 06:11,STOP_HIT,6,1.25,-20.00
PCT_R0.22pct,2026-01-15,2026-01-15 07:09,DOWN,2026-01-15 07:52,SHORT,25875.25,25895.25,2026-01-15 08:10,STOP_HIT,19,26.50,-20.00
PCT_R0.22pct,2026-01-15,2026-01-15 08:00,UP,2026-01-15 08:32,LONG,25898.75,25878.75,2026-01-15 08:51,STOP_HIT,20,12.25,-20.00
PCT_R0.22pct,2026-01-15,2026-01-15 08:35,DOWN,2026-01-15 09:07,SHORT,25845.25,25865.25,2026-01-15 10:07,TIME_LIMIT,61,114.25,88.75
PCT_R0.22pct,2026-01-16,2026-01-15 13:06,UP,2026-01-15 14:56,LONG,25759.25,25739.25,2026-01-15 15:56,TIME_LIMIT,61,24.00,11.50
PCT_R0.22pct,2026-01-16,2026-01-16 04:31,DOWN,2026-01-16 05:00,SHORT,25729.00,25749.00,2026-01-16 05:03,STOP_HIT,4,18.00,-20.00
PCT_R0.22pct,2026-01-16,2026-01-16 06:45,DOWN,2026-01-16 06:57,SHORT,25693.25,25713.25,2026-01-16 06:57,STOP_HIT,1,4.75,-20.00
PCT_R0.22pct,2026-01-19,2026-01-18 13:00,UP,2026-01-18 13:10,LONG,25444.75,25424.75,2026-01-18 13:10,STOP_HIT,1,3.00,-20.00
PCT_R0.22pct,2026-01-19,2026-01-18 13:05,DOWN,2026-01-18 13:17,SHORT,25420.25,25440.25,2026-01-18 13:20,STOP_HIT,4,16.00,-20.00
PCT_R0.22pct,2026-01-19,2026-01-18 13:18,UP,2026-01-18 13:59,LONG,25460.00,25440.00,2026-01-18 14:04,STOP_HIT,6,10.00,-20.00
PCT_R0.22pct,2026-01-19,2026-01-18 14:00,DOWN,2026-01-18 14:16,SHORT,25427.00,25447.00,2026-01-18 14:49,STOP_HIT,34,53.75,-20.00
PCT_R0.22pct,2026-01-19,2026-01-18 14:30,UP,2026-01-18 14:55,LONG,25443.50,25423.50,2026-01-18 14:58,STOP_HIT,4,0.00,-20.00
PCT_R0.22pct,2026-01-20,2026-01-19 13:01,DOWN,2026-01-19 14:10,SHORT,25349.00,25369.00,2026-01-19 14:37,STOP_HIT,28,25.25,-20.00
PCT_R0.22pct,2026-01-20,2026-01-19 14:28,UP,2026-01-19 14:47,LONG,25402.75,25382.75,2026-01-19 14:58,STOP_HIT,12,0.00,-20.00
PCT_R0.22pct,2026-01-20,2026-01-19 16:48,DOWN,2026-01-19 20:10,SHORT,25357.00,25377.00,2026-01-19 21:10,TIME_LIMIT,61,97.00,48.50
PCT_R0.22pct,2026-01-20,2026-01-20 02:49,DOWN,2026-01-20 03:14,SHORT,25228.25,25248.25,2026-01-20 03:16,STOP_HIT,3,5.25,-20.00
PCT_R0.22pct,2026-01-20,2026-01-20 06:58,DOWN,2026-01-20 08:12,SHORT,25295.25,25315.25,2026-01-20 09:12,TIME_LIMIT,61,124.75,105.25
PCT_R0.22pct,2026-01-21,2026-01-20 13:02,DOWN,2026-01-20 13:50,SHORT,25123.25,25143.25,2026-01-20 14:09,STOP_HIT,20,19.75,-20.00
PCT_R0.22pct,2026-01-21,2026-01-20 13:55,UP,2026-01-20 14:43,LONG,25174.50,25154.50,2026-01-20 15:43,TIME_LIMIT,61,44.25,38.50
PCT_R0.22pct,2026-01-21,2026-01-20 21:23,DOWN,2026-01-20 23:44,SHORT,25174.75,25194.75,2026-01-21 00:44,TIME_LIMIT,61,53.00,-7.75
PCT_R0.22pct,2026-01-21,2026-01-21 07:46,UP,2026-01-21 07:59,LONG,25256.25,25236.25,2026-01-21 08:00,STOP_HIT,2,3.75,-20.00
PCT_R0.22pct,2026-01-21,2026-01-21 08:13,DOWN,2026-01-21 08:23,SHORT,25203.25,25223.25,2026-01-21 08:27,STOP_HIT,5,19.75,-20.00
PCT_R0.22pct,2026-01-21,2026-01-21 08:24,UP,2026-01-21 08:34,LONG,25249.25,25229.25,2026-01-21 08:37,STOP_HIT,4,8.50,-20.00
PCT_R0.22pct,2026-01-22,2026-01-21 13:35,UP,2026-01-21 14:20,LONG,25570.50,25550.50,2026-01-21 14:38,STOP_HIT,19,8.00,-20.00
PCT_R0.22pct,2026-01-22,2026-01-21 16:11,DOWN,2026-01-21 19:42,SHORT,25545.00,25565.00,2026-01-21 20:42,TIME_LIMIT,61,61.25,21.50
PCT_R0.22pct,2026-01-22,2026-01-21 20:25,UP,2026-01-21 22:19,LONG,25637.50,25617.50,2026-01-21 23:19,TIME_LIMIT,61,78.25,74.25
PCT_R0.22pct,2026-01-22,2026-01-22 05:25,UP,2026-01-22 05:44,LONG,25642.75,25622.75,2026-01-22 05:50,STOP_HIT,7,16.00,-20.00
PCT_R0.22pct,2026-01-22,2026-01-22 05:47,DOWN,2026-01-22 05:59,SHORT,25615.50,25635.50,2026-01-22 06:06,STOP_HIT,8,13.50,-20.00
PCT_R0.22pct,2026-01-22,2026-01-22 10:37,UP,2026-01-22 11:00,LONG,25661.75,25641.75,2026-01-22 11:01,STOP_HIT,2,14.75,-20.00
PCT_R0.22pct,2026-01-22,2026-01-22 11:00,DOWN,2026-01-22 11:59,SHORT,25622.25,25642.25,2026-01-22 11:59,TIME_EXPIRED,1,3.00,-7.75
PCT_R0.22pct,2026-01-23,2026-01-22 13:00,UP,2026-01-22 14:19,LONG,25627.50,25607.50,2026-01-22 15:19,TIME_LIMIT,61,55.25,46.75
PCT_R0.22pct,2026-01-23,2026-01-22 20:05,DOWN,2026-01-22 22:53,SHORT,25596.50,25616.50,2026-01-22 23:01,STOP_HIT,9,15.50,-20.00
PCT_R0.22pct,2026-01-23,2026-01-23 01:34,DOWN,2026-01-23 01:59,SHORT,25598.50,25618.50,2026-01-23 02:08,STOP_HIT,10,2.25,-20.00
PCT_R0.22pct,2026-01-23,2026-01-23 04:45,DOWN,2026-01-23 04:56,SHORT,25631.75,25651.75,2026-01-23 04:56,STOP_HIT,1,0.00,-20.00
PCT_R0.22pct,2026-01-23,2026-01-23 04:47,UP,2026-01-23 04:57,LONG,25640.00,25620.00,2026-01-23 04:57,STOP_HIT,1,7.75,-20.00
PCT_R0.22pct,2026-01-23,2026-01-23 07:59,UP,2026-01-23 08:09,LONG,25744.75,25724.75,2026-01-23 08:45,STOP_HIT,37,19.50,-20.00
PCT_R0.22pct,2026-01-23,2026-01-23 10:11,UP,2026-01-23 10:59,LONG,25752.00,25732.00,2026-01-23 10:59,STOP_HIT,1,3.75,-20.00
PCT_R0.22pct,2026-01-23,2026-01-23 10:59,DOWN,2026-01-23 11:51,SHORT,25684.50,25704.50,2026-01-23 11:59,TIME_EXPIRED,9,7.25,4.00
PCT_R0.22pct,2026-01-26,2026-01-25 13:00,UP,2026-01-25 13:10,LONG,25465.50,25445.50,2026-01-25 14:10,TIME_LIMIT,61,131.00,120.25
PCT_R0.22pct,2026-01-26,2026-01-25 23:54,UP,2026-01-26 00:31,LONG,25653.50,25633.50,2026-01-26 01:31,TIME_LIMIT,61,21.00,-1.25
PCT_R0.22pct,2026-01-27,2026-01-26 13:04,UP,2026-01-26 13:32,LONG,25876.50,25856.50,2026-01-26 14:32,TIME_LIMIT,61,23.00,14.75
PCT_R0.22pct,2026-01-27,2026-01-26 22:39,UP,2026-01-27 01:35,LONG,26024.25,26004.25,2026-01-27 02:26,STOP_HIT,52,18.75,-20.00
PCT_R0.22pct,2026-01-27,2026-01-27 04:38,UP,2026-01-27 04:59,LONG,26050.00,26030.00,2026-01-27 05:05,STOP_HIT,7,15.00,-20.00
PCT_R0.22pct,2026-01-28,2026-01-27 13:00,UP,2026-01-27 14:26,LONG,26166.75,26146.75,2026-01-27 15:26,TIME_LIMIT,61,61.50,54.75
PCT_R0.22pct,2026-01-28,2026-01-28 01:53,DOWN,2026-01-28 02:41,SHORT,26293.75,26313.75,2026-01-28 03:41,TIME_LIMIT,61,38.50,30.75
PCT_R0.22pct,2026-01-28,2026-01-28 04:36,UP,2026-01-28 04:46,LONG,26291.25,26271.25,2026-01-28 04:46,STOP_HIT,1,5.25,-20.00
PCT_R0.22pct,2026-01-28,2026-01-28 04:48,UP,2026-01-28 04:58,LONG,26280.25,26260.25,2026-01-28 04:59,STOP_HIT,2,2.00,-20.00
PCT_R0.22pct,2026-01-28,2026-01-28 11:04,UP,2026-01-28 11:40,LONG,26259.00,26239.00,2026-01-28 11:59,TIME_EXPIRED,20,28.75,9.25
PCT_R0.22pct,2026-01-29,2026-01-28 13:22,DOWN,2026-01-28 13:37,SHORT,26209.75,26229.75,2026-01-28 14:37,TIME_LIMIT,61,105.50,61.50
PCT_R0.22pct,2026-01-29,2026-01-28 15:27,UP,2026-01-28 17:48,LONG,26194.50,26174.50,2026-01-28 18:48,TIME_LIMIT,61,35.50,26.75
PCT_R0.22pct,2026-01-29,2026-01-28 22:19,DOWN,2026-01-29 03:17,SHORT,26161.75,26181.75,2026-01-29 03:33,STOP_HIT,17,11.25,-20.00
PCT_R0.22pct,2026-01-29,2026-01-29 07:38,DOWN,2026-01-29 07:56,SHORT,25764.00,25784.00,2026-01-29 08:00,STOP_HIT,5,15.00,-20.00
PCT_R0.22pct,2026-01-29,2026-01-29 07:59,UP,2026-01-29 08:09,LONG,25816.00,25796.00,2026-01-29 09:09,TIME_LIMIT,61,75.50,50.25
PCT_R0.22pct,2026-01-30,2026-01-29 13:00,DOWN,2026-01-29 13:10,SHORT,25959.00,25979.00,2026-01-29 13:26,STOP_HIT,17,58.00,-20.00
PCT_R0.22pct,2026-01-30,2026-01-29 13:38,DOWN,2026-01-29 14:25,SHORT,25935.00,25955.00,2026-01-29 14:33,STOP_HIT,9,27.75,-20.00
PCT_R0.22pct,2026-01-30,2026-01-29 18:20,DOWN,2026-01-29 19:58,SHORT,25841.00,25861.00,2026-01-29 20:58,TIME_LIMIT,61,104.00,95.25
PCT_R0.22pct,2026-01-30,2026-01-30 03:30,UP,2026-01-30 04:02,LONG,25841.75,25821.75,2026-01-30 04:02,STOP_HIT,1,0.50,-20.00
PCT_R0.22pct,2026-01-30,2026-01-30 05:12,DOWN,2026-01-30 05:34,SHORT,25787.25,25807.25,2026-01-30 05:34,STOP_HIT,1,0.25,-20.00
PCT_R0.22pct,2026-01-30,2026-01-30 05:47,DOWN,2026-01-30 06:03,SHORT,25847.00,25867.00,2026-01-30 06:07,STOP_HIT,5,24.75,-20.00
PCT_R0.22pct,2026-02-02,2026-02-01 22:53,DOWN,2026-02-01 23:10,SHORT,25380.50,25400.50,2026-02-01 23:18,STOP_HIT,9,7.50,-20.00
PCT_R0.22pct,2026-02-02,2026-02-01 23:08,UP,2026-02-01 23:20,LONG,25410.50,25390.50,2026-02-02 00:20,TIME_LIMIT,61,63.00,47.25
PCT_R0.22pct,2026-02-03,2026-02-02 13:02,UP,2026-02-02 13:14,LONG,25918.50,25898.50,2026-02-02 14:14,TIME_LIMIT,61,58.50,22.50
PCT_R0.22pct,2026-02-03,2026-02-02 15:23,DOWN,2026-02-02 16:11,SHORT,25926.00,25946.00,2026-02-02 16:19,STOP_HIT,9,5.75,-20.00
PCT_R0.22pct,2026-02-03,2026-02-02 16:46,UP,2026-02-02 18:52,LONG,25977.75,25957.75,2026-02-02 19:10,STOP_HIT,19,9.00,-20.00
PCT_R0.22pct,2026-02-03,2026-02-02 21:58,DOWN,2026-02-03 02:17,SHORT,25961.00,25981.00,2026-02-03 02:27,STOP_HIT,11,1.50,-20.00
PCT_R0.22pct,2026-02-03,2026-02-03 02:02,UP,2026-02-03 02:28,LONG,25981.50,25961.50,2026-02-03 03:28,TIME_LIMIT,61,22.00,10.50
PCT_R0.22pct,2026-02-03,2026-02-03 03:13,DOWN,2026-02-03 04:16,SHORT,25946.50,25966.50,2026-02-03 05:16,TIME_LIMIT,61,416.50,366.25
PCT_R0.22pct,2026-02-04,2026-02-03 13:06,UP,2026-02-03 13:16,LONG,25428.75,25408.75,2026-02-03 13:21,STOP_HIT,6,13.25,-20.00
PCT_R0.22pct,2026-02-04,2026-02-03 13:16,DOWN,2026-02-03 14:10,SHORT,25416.75,25436.75,2026-02-03 15:04,STOP_HIT,55,41.00,-20.00
PCT_R0.22pct,2026-02-04,2026-02-03 14:59,UP,2026-02-03 15:09,LONG,25417.00,25397.00,2026-02-03 16:09,TIME_LIMIT,61,56.75,54.50
PCT_R0.22pct,2026-02-04,2026-02-03 16:09,DOWN,2026-02-03 17:11,SHORT,25418.50,25438.50,2026-02-03 17:31,STOP_HIT,21,10.50,-20.00
PCT_R0.22pct,2026-02-04,2026-02-03 16:53,UP,2026-02-03 20:06,LONG,25456.00,25436.00,2026-02-03 21:06,TIME_LIMIT,61,33.75,23.50
PCT_R0.22pct,2026-02-04,2026-02-03 21:50,DOWN,2026-02-03 23:20,SHORT,25384.50,25404.50,2026-02-03 23:57,STOP_HIT,38,30.00,-20.00
PCT_R0.22pct,2026-02-04,2026-02-03 23:44,UP,2026-02-04 00:26,LONG,25438.75,25418.75,2026-02-04 01:26,TIME_LIMIT,61,27.50,17.75
PCT_R0.22pct,2026-02-04,2026-02-04 02:01,DOWN,2026-02-04 02:46,SHORT,25403.75,25423.75,2026-02-04 02:47,STOP_HIT,2,0.25,-20.00
PCT_R0.22pct,2026-02-04,2026-02-04 11:16,UP,2026-02-04 11:40,LONG,25158.75,25138.75,2026-02-04 11:43,STOP_HIT,4,9.25,-20.00
PCT_R0.22pct,2026-02-05,2026-02-04 13:05,DOWN,2026-02-04 13:15,SHORT,25072.50,25092.50,2026-02-04 13:27,STOP_HIT,13,9.75,-20.00
PCT_R0.22pct,2026-02-05,2026-02-04 13:09,UP,2026-02-04 13:32,LONG,25124.25,25104.25,2026-02-04 13:33,STOP_HIT,2,0.75,-20.00
PCT_R0.22pct,2026-02-05,2026-02-04 13:32,DOWN,2026-02-04 13:42,SHORT,25066.75,25086.75,2026-02-04 13:43,STOP_HIT,2,1.75,-20.00
PCT_R0.22pct,2026-02-05,2026-02-04 14:02,UP,2026-02-04 14:28,LONG,25112.50,25092.50,2026-02-04 15:28,TIME_LIMIT,61,56.50,18.50
PCT_R0.22pct,2026-02-05,2026-02-04 15:17,DOWN,2026-02-04 16:18,SHORT,24997.00,25017.00,2026-02-04 16:18,STOP_HIT,1,12.75,-20.00
PCT_R0.22pct,2026-02-05,2026-02-04 19:56,UP,2026-02-04 20:41,LONG,25052.50,25032.50,2026-02-04 21:41,TIME_LIMIT,61,37.25,6.75
PCT_R0.22pct,2026-02-05,2026-02-04 22:19,DOWN,2026-02-04 23:05,SHORT,25005.50,25025.50,2026-02-04 23:21,STOP_HIT,17,26.75,-20.00
PCT_R0.22pct,2026-02-05,2026-02-04 23:12,UP,2026-02-04 23:38,LONG,25056.25,25036.25,2026-02-04 23:42,STOP_HIT,5,1.50,-20.00
PCT_R0.22pct,2026-02-05,2026-02-04 23:32,DOWN,2026-02-04 23:49,SHORT,25018.75,25038.75,2026-02-04 23:50,STOP_HIT,2,7.75,-20.00
PCT_R0.22pct,2026-02-05,2026-02-04 23:49,UP,2026-02-05 00:15,LONG,25079.50,25059.50,2026-02-05 00:33,STOP_HIT,19,12.50,-20.00
PCT_R0.22pct,2026-02-05,2026-02-05 00:27,DOWN,2026-02-05 00:41,SHORT,25041.25,25061.25,2026-02-05 01:23,STOP_HIT,43,29.75,-20.00
PCT_R0.22pct,2026-02-05,2026-02-05 06:24,UP,2026-02-05 06:34,LONG,24810.75,24790.75,2026-02-05 06:35,STOP_HIT,2,14.25,-20.00
PCT_R0.22pct,2026-02-05,2026-02-05 06:55,DOWN,2026-02-05 07:14,SHORT,24758.00,24778.00,2026-02-05 07:14,STOP_HIT,1,0.75,-20.00
PCT_R0.22pct,2026-02-05,2026-02-05 08:02,DOWN,2026-02-05 08:12,SHORT,24774.50,24794.50,2026-02-05 08:12,STOP_HIT,1,5.50,-20.00
PCT_R0.22pct,2026-02-06,2026-02-05 13:01,UP,2026-02-05 13:11,LONG,24438.00,24418.00,2026-02-05 13:17,STOP_HIT,7,10.50,-20.00
PCT_R0.22pct,2026-02-06,2026-02-05 13:06,DOWN,2026-02-05 13:16,SHORT,24437.75,24457.75,2026-02-05 14:16,TIME_LIMIT,61,198.00,187.00
PCT_R0.22pct,2026-02-06,2026-02-05 14:16,UP,2026-02-05 14:36,LONG,24390.00,24370.00,2026-02-05 14:40,STOP_HIT,5,12.50,-20.00
PCT_R0.22pct,2026-02-06,2026-02-05 15:20,UP,2026-02-05 15:35,LONG,24402.25,24382.25,2026-02-05 16:35,TIME_LIMIT,61,171.75,166.75
PCT_R0.22pct,2026-02-09,2026-02-08 13:00,UP,2026-02-08 13:10,LONG,25242.75,25222.75,2026-02-08 14:10,TIME_LIMIT,61,92.00,80.00
PCT_R0.22pct,2026-02-09,2026-02-08 14:21,DOWN,2026-02-08 15:10,SHORT,25259.25,25279.25,2026-02-08 16:10,TIME_LIMIT,61,64.75,10.25
PCT_R0.22pct,2026-02-09,2026-02-09 04:54,UP,2026-02-09 05:04,LONG,25142.00,25122.00,2026-02-09 06:04,TIME_LIMIT,61,187.00,179.00
PCT_R0.22pct,2026-02-10,2026-02-09 13:05,DOWN,2026-02-09 13:31,SHORT,25337.75,25357.75,2026-02-09 13:40,STOP_HIT,10,1.25,-20.00
PCT_R0.22pct,2026-02-10,2026-02-09 17:18,UP,2026-02-09 19:41,LONG,25348.50,25328.50,2026-02-09 20:10,STOP_HIT,30,9.75,-20.00
PCT_R0.22pct,2026-02-10,2026-02-09 19:55,DOWN,2026-02-09 20:38,SHORT,25301.00,25321.00,2026-02-09 21:02,STOP_HIT,25,9.25,-20.00
PCT_R0.22pct,2026-02-10,2026-02-09 20:48,UP,2026-02-09 22:00,LONG,25349.75,25329.75,2026-02-09 22:02,STOP_HIT,3,7.50,-20.00
PCT_R0.22pct,2026-02-10,2026-02-10 02:31,DOWN,2026-02-10 03:16,SHORT,25321.75,25341.75,2026-02-10 03:21,STOP_HIT,6,4.00,-20.00
PCT_R0.22pct,2026-02-10,2026-02-10 03:12,UP,2026-02-10 03:45,LONG,25350.50,25330.50,2026-02-10 04:36,STOP_HIT,52,59.50,-20.00
PCT_R0.22pct,2026-02-10,2026-02-10 04:31,DOWN,2026-02-10 04:41,SHORT,25309.25,25329.25,2026-02-10 04:52,STOP_HIT,12,53.50,-20.00
PCT_R0.22pct,2026-02-10,2026-02-10 04:49,UP,2026-02-10 04:59,LONG,25404.00,25384.00,2026-02-10 05:00,STOP_HIT,2,2.75,-20.00
PCT_R0.22pct,2026-02-10,2026-02-10 05:31,DOWN,2026-02-10 07:00,SHORT,25327.25,25347.25,2026-02-10 07:08,STOP_HIT,9,23.25,-20.00
PCT_R0.22pct,2026-02-10,2026-02-10 07:04,UP,2026-02-10 07:21,LONG,25371.00,25351.00,2026-02-10 08:07,STOP_HIT,47,26.75,-20.00
PCT_R0.22pct,2026-02-10,2026-02-10 07:52,DOWN,2026-02-10 08:15,SHORT,25345.50,25365.50,2026-02-10 09:15,TIME_LIMIT,61,74.75,57.25
PCT_R0.22pct,2026-02-11,2026-02-10 13:00,UP,2026-02-10 15:03,LONG,25306.50,25286.50,2026-02-10 16:03,TIME_LIMIT,61,19.75,4.00
PCT_R0.22pct,2026-02-11,2026-02-10 17:56,DOWN,2026-02-10 19:43,SHORT,25289.00,25309.00,2026-02-10 20:02,STOP_HIT,20,10.25,-20.00
PCT_R0.22pct,2026-02-11,2026-02-11 04:46,DOWN,2026-02-11 05:07,SHORT,25279.75,25299.75,2026-02-11 06:07,TIME_LIMIT,61,221.50,85.25
PCT_R0.22pct,2026-02-11,2026-02-11 07:02,UP,2026-02-11 07:44,LONG,25305.75,25285.75,2026-02-11 07:45,STOP_HIT,2,1.00,-20.00
PCT_R0.22pct,2026-02-11,2026-02-11 07:51,DOWN,2026-02-11 08:15,SHORT,25210.50,25230.50,2026-02-11 08:16,STOP_HIT,2,9.75,-20.00
PCT_R0.22pct,2026-02-11,2026-02-11 08:15,UP,2026-02-11 08:32,LONG,25268.75,25248.75,2026-02-11 09:32,TIME_LIMIT,61,91.75,76.25
PCT_R0.22pct,2026-02-12,2026-02-11 13:02,DOWN,2026-02-11 13:28,SHORT,25242.50,25262.50,2026-02-11 14:28,TIME_LIMIT,61,36.50,19.00
PCT_R0.22pct,2026-02-12,2026-02-11 13:36,UP,2026-02-11 14:39,LONG,25261.00,25241.00,2026-02-11 15:39,TIME_LIMIT,61,49.75,42.50
PCT_R0.22pct,2026-02-12,2026-02-12 04:38,DOWN,2026-02-12 04:48,SHORT,25278.00,25298.00,2026-02-12 05:48,TIME_LIMIT,61,199.25,194.25
PCT_R0.22pct,2026-02-13,2026-02-12 13:05,UP,2026-02-12 13:20,LONG,24834.25,24814.25,2026-02-12 13:33,STOP_HIT,14,15.25,-20.00
PCT_R0.22pct,2026-02-13,2026-02-12 13:19,DOWN,2026-02-12 13:34,SHORT,24779.50,24799.50,2026-02-12 13:34,STOP_HIT,1,2.25,-20.00
PCT_R0.22pct,2026-02-13,2026-02-12 13:40,UP,2026-02-12 14:05,LONG,24853.25,24833.25,2026-02-12 14:16,STOP_HIT,12,11.50,-20.00
PCT_R0.22pct,2026-02-13,2026-02-12 14:05,DOWN,2026-02-12 14:26,SHORT,24774.00,24794.00,2026-02-12 14:31,STOP_HIT,6,8.50,-20.00
PCT_R0.22pct,2026-02-13,2026-02-12 14:53,UP,2026-02-12 15:42,LONG,24797.50,24777.50,2026-02-12 15:56,STOP_HIT,15,23.75,-20.00
PCT_R0.22pct,2026-02-13,2026-02-12 15:56,UP,2026-02-12 16:06,LONG,24808.00,24788.00,2026-02-12 17:06,TIME_LIMIT,61,24.25,-1.25
PCT_R0.22pct,2026-02-13,2026-02-12 16:33,DOWN,2026-02-12 17:22,SHORT,24781.25,24801.25,2026-02-12 18:17,STOP_HIT,56,36.75,-20.00
PCT_R0.22pct,2026-02-13,2026-02-12 22:19,UP,2026-02-12 23:43,LONG,24797.25,24777.25,2026-02-12 23:55,STOP_HIT,13,10.75,-20.00
PCT_R0.22pct,2026-02-13,2026-02-12 23:48,DOWN,2026-02-13 00:51,SHORT,24750.50,24770.50,2026-02-13 01:51,TIME_LIMIT,61,126.50,66.00
PCT_R0.22pct,2026-02-13,2026-02-13 10:37,UP,2026-02-13 11:14,LONG,24796.25,24776.25,2026-02-13 11:25,STOP_HIT,12,5.00,-20.00
PCT_R0.22pct,2026-02-13,2026-02-13 11:00,DOWN,2026-02-13 11:53,SHORT,24773.75,24793.75,2026-02-13 11:59,TIME_EXPIRED,7,2.75,0.25
PCT_R0.22pct,2026-02-16,2026-02-15 13:00,DOWN,2026-02-15 13:10,SHORT,24770.75,24790.75,2026-02-15 13:14,STOP_HIT,5,1.25,-20.00
PCT_R0.22pct,2026-02-16,2026-02-15 13:05,UP,2026-02-15 13:20,LONG,24822.25,24802.25,2026-02-15 13:37,STOP_HIT,18,8.50,-20.00
PCT_R0.22pct,2026-02-16,2026-02-15 16:05,DOWN,2026-02-15 17:33,SHORT,24810.75,24830.75,2026-02-15 18:01,STOP_HIT,29,2.50,-20.00
PCT_R0.22pct,2026-02-16,2026-02-15 20:21,UP,2026-02-15 21:08,LONG,24848.25,24828.25,2026-02-15 22:08,TIME_LIMIT,61,31.00,28.25
PCT_R0.22pct,2026-02-16,2026-02-15 23:28,DOWN,2026-02-16 04:36,SHORT,24760.25,24780.25,2026-02-16 04:56,STOP_HIT,21,67.50,-20.00
PCT_R0.22pct,2026-02-17,2026-02-16 13:02,UP,2026-02-16 13:33,LONG,24786.75,24766.75,2026-02-16 14:33,TIME_LIMIT,61,55.75,31.25
PCT_R0.22pct,2026-02-17,2026-02-16 13:51,DOWN,2026-02-16 15:08,SHORT,24809.50,24829.50,2026-02-16 16:08,TIME_LIMIT,61,192.00,171.50
PCT_R0.22pct,2026-02-17,2026-02-16 21:31,UP,2026-02-16 22:06,LONG,24698.00,24678.00,2026-02-16 22:20,STOP_HIT,15,28.75,-20.00
PCT_R0.22pct,2026-02-17,2026-02-16 22:56,UP,2026-02-16 23:06,LONG,24670.00,24650.00,2026-02-16 23:11,STOP_HIT,6,5.50,-20.00
PCT_R0.22pct,2026-02-17,2026-02-17 00:04,DOWN,2026-02-17 00:32,SHORT,24641.75,24661.75,2026-02-17 01:32,TIME_LIMIT,61,69.50,23.25
PCT_R0.22pct,2026-02-17,2026-02-17 03:59,UP,2026-02-17 04:09,LONG,24650.75,24630.75,2026-02-17 04:30,STOP_HIT,22,29.00,-20.00
PCT_R0.22pct,2026-02-17,2026-02-17 05:51,UP,2026-02-17 06:09,LONG,24720.75,24700.75,2026-02-17 06:30,STOP_HIT,22,76.00,-20.00
PCT_R0.22pct,2026-02-18,2026-02-17 13:00,DOWN,2026-02-17 13:13,SHORT,24731.50,24751.50,2026-02-17 13:18,STOP_HIT,6,8.00,-20.00
PCT_R0.22pct,2026-02-18,2026-02-17 13:47,UP,2026-02-17 16:08,LONG,24755.75,24735.75,2026-02-17 17:08,TIME_LIMIT,61,15.00,0.75
PCT_R0.22pct,2026-02-18,2026-02-18 03:30,DOWN,2026-02-18 03:48,SHORT,24828.50,24848.50,2026-02-18 04:43,STOP_HIT,56,76.50,-20.00
PCT_R0.22pct,2026-02-18,2026-02-18 08:53,UP,2026-02-18 09:27,LONG,25011.00,24991.00,2026-02-18 09:27,STOP_HIT,1,1.00,-20.00
PCT_R0.22pct,2026-02-18,2026-02-18 09:01,DOWN,2026-02-18 09:31,SHORT,24979.50,24999.50,2026-02-18 10:31,TIME_LIMIT,61,123.50,76.00
PCT_R0.22pct,2026-02-18,2026-02-18 10:16,UP,2026-02-18 11:00,LONG,24957.25,24937.25,2026-02-18 11:05,STOP_HIT,6,9.75,-20.00
PCT_R0.22pct,2026-02-18,2026-02-18 10:54,DOWN,2026-02-18 11:15,SHORT,24943.75,24963.75,2026-02-18 11:59,TIME_EXPIRED,45,17.25,7.25
PCT_R0.22pct,2026-02-19,2026-02-18 13:13,DOWN,2026-02-18 14:22,SHORT,24940.50,24960.50,2026-02-18 15:01,STOP_HIT,40,24.25,-20.00
PCT_R0.22pct,2026-02-19,2026-02-18 14:25,UP,2026-02-18 15:38,LONG,24956.50,24936.50,2026-02-18 16:38,TIME_LIMIT,61,28.75,19.75
PCT_R0.22pct,2026-02-19,2026-02-18 15:14,DOWN,2026-02-18 15:39,SHORT,24940.75,24960.75,2026-02-18 15:55,STOP_HIT,17,2.75,-20.00
PCT_R0.22pct,2026-02-19,2026-02-18 15:38,UP,2026-02-18 17:26,LONG,24990.25,24970.25,2026-02-18 17:49,STOP_HIT,24,9.25,-20.00
PCT_R0.22pct,2026-02-19,2026-02-18 17:31,DOWN,2026-02-18 19:07,SHORT,24943.50,24963.50,2026-02-18 19:18,STOP_HIT,12,2.75,-20.00
PCT_R0.22pct,2026-02-19,2026-02-18 19:06,UP,2026-02-18 19:47,LONG,24993.50,24973.50,2026-02-18 20:47,TIME_LIMIT,61,23.00,7.50
PCT_R0.22pct,2026-02-19,2026-02-18 22:21,DOWN,2026-02-18 23:11,SHORT,24964.00,24984.00,2026-02-19 00:11,TIME_LIMIT,61,113.50,110.75
PCT_R0.22pct,2026-02-19,2026-02-19 06:23,DOWN,2026-02-19 06:46,SHORT,24852.50,24872.50,2026-02-19 06:54,STOP_HIT,9,51.25,-20.00
PCT_R0.22pct,2026-02-20,2026-02-19 13:01,UP,2026-02-19 13:37,LONG,24885.25,24865.25,2026-02-19 13:53,STOP_HIT,17,3.00,-20.00
PCT_R0.22pct,2026-02-20,2026-02-19 15:14,DOWN,2026-02-19 18:02,SHORT,24886.25,24906.25,2026-02-19 18:08,STOP_HIT,7,0.00,-20.00
PCT_R0.22pct,2026-02-20,2026-02-19 16:48,UP,2026-02-19 19:32,LONG,24933.00,24913.00,2026-02-19 20:32,TIME_LIMIT,61,23.00,4.00
PCT_R0.22pct,2026-02-20,2026-02-19 23:23,DOWN,2026-02-20 01:42,SHORT,24859.25,24879.25,2026-02-20 02:42,TIME_LIMIT,61,68.25,51.75
PCT_R0.22pct,2026-02-23,2026-02-22 13:00,DOWN,2026-02-22 13:25,SHORT,25008.75,25028.75,2026-02-22 14:25,TIME_LIMIT,61,112.75,111.00
PCT_R0.22pct,2026-02-23,2026-02-22 19:20,UP,2026-02-22 21:21,LONG,24904.00,24884.00,2026-02-22 22:05,STOP_HIT,45,9.50,-20.00
PCT_R0.22pct,2026-02-23,2026-02-23 04:51,DOWN,2026-02-23 05:01,SHORT,24906.75,24926.75,2026-02-23 05:01,STOP_HIT,1,1.75,-20.00
PCT_R0.22pct,2026-02-24,2026-02-23 13:05,UP,2026-02-23 13:32,LONG,24819.75,24799.75,2026-02-23 13:50,STOP_HIT,19,5.25,-20.00
PCT_R0.22pct,2026-02-24,2026-02-23 22:52,UP,2026-02-23 23:25,LONG,24826.00,24806.00,2026-02-23 23:35,STOP_HIT,11,7.00,-20.00
PCT_R0.22pct,2026-02-24,2026-02-24 01:35,UP,2026-02-24 02:03,LONG,24870.00,24850.00,2026-02-24 02:18,STOP_HIT,16,32.25,-20.00
PCT_R0.22pct,2026-02-24,2026-02-24 02:06,DOWN,2026-02-24 03:04,SHORT,24828.25,24848.25,2026-02-24 03:25,STOP_HIT,22,9.00,-20.00
PCT_R0.22pct,2026-02-24,2026-02-24 02:48,UP,2026-02-24 03:26,LONG,24853.00,24833.00,2026-02-24 04:20,STOP_HIT,55,39.00,-20.00
PCT_R0.22pct,2026-02-24,2026-02-24 03:55,DOWN,2026-02-24 04:31,SHORT,24812.75,24832.75,2026-02-24 04:40,STOP_HIT,10,118.25,-20.00
PCT_R0.22pct,2026-02-25,2026-02-24 13:08,UP,2026-02-24 13:58,LONG,25049.50,25029.50,2026-02-24 14:14,STOP_HIT,17,0.00,-20.00
PCT_R0.22pct,2026-02-25,2026-02-24 16:38,DOWN,2026-02-24 17:35,SHORT,25042.75,25062.75,2026-02-24 17:43,STOP_HIT,9,9.50,-20.00
PCT_R0.22pct,2026-02-25,2026-02-24 21:36,UP,2026-02-24 22:09,LONG,25058.75,25038.75,2026-02-24 23:09,TIME_LIMIT,61,31.25,21.75
PCT_R0.22pct,2026-02-26,2026-02-25 13:01,DOWN,2026-02-25 13:27,SHORT,25370.00,25390.00,2026-02-25 14:27,TIME_LIMIT,61,95.25,33.25
PCT_R0.22pct,2026-02-26,2026-02-25 15:30,UP,2026-02-25 22:22,LONG,25391.00,25371.00,2026-02-25 22:24,STOP_HIT,3,0.00,-20.00
PCT_R0.22pct,2026-02-26,2026-02-26 09:55,DOWN,2026-02-26 10:26,SHORT,25038.25,25058.25,2026-02-26 10:34,STOP_HIT,9,12.00,-20.00
PCT_R0.22pct,2026-02-27,2026-02-26 13:01,DOWN,2026-02-26 13:11,SHORT,24983.00,25003.00,2026-02-26 13:12,STOP_HIT,2,2.00,-20.00
PCT_R0.22pct,2026-02-27,2026-02-26 13:05,UP,2026-02-26 13:20,LONG,25029.50,25009.50,2026-02-26 13:32,STOP_HIT,13,8.50,-20.00
PCT_R0.22pct,2026-02-27,2026-02-26 13:20,DOWN,2026-02-26 13:46,SHORT,24989.25,25009.25,2026-02-26 14:08,STOP_HIT,23,14.25,-20.00
PCT_R0.22pct,2026-02-27,2026-02-26 14:46,UP,2026-02-26 15:23,LONG,24999.25,24979.25,2026-02-26 15:30,STOP_HIT,8,8.25,-20.00
PCT_R0.22pct,2026-02-27,2026-02-27 00:12,UP,2026-02-27 00:34,LONG,25043.00,25023.00,2026-02-27 00:39,STOP_HIT,6,2.00,-20.00
PCT_R0.22pct,2026-02-27,2026-02-27 00:34,DOWN,2026-02-27 00:57,SHORT,24988.75,25008.75,2026-02-27 01:01,STOP_HIT,5,4.00,-20.00
PCT_R0.22pct,2026-02-27,2026-02-27 06:34,DOWN,2026-02-27 06:48,SHORT,24942.00,24962.00,2026-02-27 06:51,STOP_HIT,4,9.00,-20.00
PCT_R0.22pct,2026-02-27,2026-02-27 06:45,UP,2026-02-27 06:55,LONG,24986.50,24966.50,2026-02-27 06:59,STOP_HIT,5,19.25,-20.00
PCT_R0.22pct,2026-02-27,2026-02-27 07:08,DOWN,2026-02-27 07:21,SHORT,24933.75,24953.75,2026-02-27 07:25,STOP_HIT,5,33.50,-20.00
PCT_R0.22pct,2026-02-27,2026-02-27 07:22,UP,2026-02-27 07:38,LONG,24980.25,24960.25,2026-02-27 07:39,STOP_HIT,2,1.50,-20.00
PCT_R0.22pct,2026-02-27,2026-02-27 07:36,DOWN,2026-02-27 07:46,SHORT,24926.75,24946.75,2026-02-27 07:53,STOP_HIT,8,12.75,-20.00
PCT_R0.22pct,2026-02-27,2026-02-27 09:44,UP,2026-02-27 10:27,LONG,24996.00,24976.00,2026-02-27 10:30,STOP_HIT,4,2.25,-20.00
PCT_R0.22pct,2026-02-27,2026-02-27 10:38,UP,2026-02-27 10:51,LONG,24958.50,24938.50,2026-02-27 11:51,TIME_LIMIT,61,64.25,-13.00
PCT_R0.22pct,2026-03-02,2026-03-01 13:37,UP,2026-03-01 13:47,LONG,24761.50,24741.50,2026-03-01 13:51,STOP_HIT,5,7.00,-20.00
PCT_R0.22pct,2026-03-02,2026-03-01 14:00,UP,2026-03-01 14:11,LONG,24767.00,24747.00,2026-03-01 14:15,STOP_HIT,5,8.00,-20.00
PCT_R0.22pct,2026-03-02,2026-03-01 14:19,UP,2026-03-01 14:56,LONG,24780.25,24760.25,2026-03-01 15:56,TIME_LIMIT,61,121.00,85.75
PCT_R0.22pct,2026-03-02,2026-03-01 18:23,UP,2026-03-01 18:33,LONG,24804.50,24784.50,2026-03-01 18:48,STOP_HIT,16,13.25,-20.00
PCT_R0.22pct,2026-03-02,2026-03-01 18:40,DOWN,2026-03-01 18:58,SHORT,24762.25,24782.25,2026-03-01 19:58,TIME_LIMIT,61,87.50,86.25
PCT_R0.22pct,2026-03-02,2026-03-02 01:49,DOWN,2026-03-02 02:04,SHORT,24689.00,24709.00,2026-03-02 03:04,TIME_LIMIT,61,79.25,54.75
PCT_R0.22pct,2026-03-02,2026-03-02 02:56,UP,2026-03-02 03:28,LONG,24700.00,24680.00,2026-03-02 03:33,STOP_HIT,6,13.50,-20.00
PCT_R0.22pct,2026-03-02,2026-03-02 03:25,DOWN,2026-03-02 03:58,SHORT,24617.25,24637.25,2026-03-02 04:06,STOP_HIT,9,24.50,-20.00
PCT_R0.22pct,2026-03-03,2026-03-02 13:00,DOWN,2026-03-02 13:21,SHORT,24958.25,24978.25,2026-03-02 13:55,STOP_HIT,35,14.00,-20.00
PCT_R0.22pct,2026-03-04,2026-03-03 14:22,DOWN,2026-03-03 14:47,SHORT,24722.25,24742.25,2026-03-03 14:47,STOP_HIT,1,2.00,-20.00
PCT_R0.22pct,2026-03-04,2026-03-03 14:43,UP,2026-03-03 14:53,LONG,24757.50,24737.50,2026-03-03 14:56,STOP_HIT,4,1.75,-20.00
PCT_R0.22pct,2026-03-04,2026-03-03 21:15,UP,2026-03-03 21:55,LONG,24664.75,24644.75,2026-03-03 22:00,STOP_HIT,6,9.50,-20.00
PCT_R0.22pct,2026-03-04,2026-03-03 22:19,DOWN,2026-03-03 22:29,SHORT,24638.00,24658.00,2026-03-03 22:44,STOP_HIT,16,18.25,-20.00
PCT_R0.22pct,2026-03-04,2026-03-03 22:27,UP,2026-03-03 22:45,LONG,24667.00,24647.00,2026-03-03 22:46,STOP_HIT,2,4.50,-20.00
PCT_R0.22pct,2026-03-05,2026-03-04 13:02,UP,2026-03-04 14:14,LONG,25195.25,25175.25,2026-03-04 15:14,TIME_LIMIT,61,54.75,2.00
PCT_R0.22pct,2026-03-05,2026-03-05 02:03,UP,2026-03-05 02:21,LONG,25139.00,25119.00,2026-03-05 02:28,STOP_HIT,8,18.75,-20.00
PCT_R0.22pct,2026-03-05,2026-03-05 02:21,DOWN,2026-03-05 02:50,SHORT,25075.25,25095.25,2026-03-05 03:50,TIME_LIMIT,61,83.25,39.00
PCT_R0.22pct,2026-03-05,2026-03-05 05:14,DOWN,2026-03-05 05:27,SHORT,25011.75,25031.75,2026-03-05 05:39,STOP_HIT,13,81.25,-20.00
PCT_R0.22pct,2026-03-05,2026-03-05 10:47,UP,2026-03-05 10:58,LONG,25048.50,25028.50,2026-03-05 11:02,STOP_HIT,5,7.50,-20.00
PCT_R0.22pct,2026-03-06,2026-03-05 13:02,UP,2026-03-05 13:42,LONG,25062.00,25042.00,2026-03-05 14:42,TIME_LIMIT,61,36.00,22.00
PCT_R0.22pct,2026-03-06,2026-03-05 14:14,DOWN,2026-03-05 15:28,SHORT,25046.25,25066.25,2026-03-05 15:34,STOP_HIT,7,8.25,-20.00
PCT_R0.22pct,2026-03-06,2026-03-05 15:29,UP,2026-03-05 16:13,LONG,25092.75,25072.75,2026-03-05 16:54,STOP_HIT,42,23.25,-20.00
PCT_R0.22pct,2026-03-06,2026-03-05 22:46,DOWN,2026-03-05 23:05,SHORT,25043.25,25063.25,2026-03-05 23:06,STOP_HIT,2,2.25,-20.00
PCT_R0.22pct,2026-03-06,2026-03-06 05:10,UP,2026-03-06 05:20,LONG,24783.00,24763.00,2026-03-06 05:50,STOP_HIT,31,110.25,-20.00
PCT_R0.22pct,2026-03-06,2026-03-06 06:23,UP,2026-03-06 06:35,LONG,24803.25,24783.25,2026-03-06 07:35,TIME_LIMIT,61,123.00,-5.50
PCT_R0.22pct,2026-03-06,2026-03-06 07:43,UP,2026-03-06 08:26,LONG,24852.50,24832.50,2026-03-06 08:27,STOP_HIT,2,0.50,-20.00
PCT_R0.22pct,2026-03-06,2026-03-06 09:05,UP,2026-03-06 09:15,LONG,24841.50,24821.50,2026-03-06 09:18,STOP_HIT,4,6.50,-20.00
PCT_R0.22pct,2026-03-06,2026-03-06 09:14,DOWN,2026-03-06 09:24,SHORT,24814.25,24834.25,2026-03-06 09:30,STOP_HIT,7,31.00,-20.00
PCT_R0.22pct,2026-03-06,2026-03-06 09:25,UP,2026-03-06 09:36,LONG,24828.00,24808.00,2026-03-06 09:38,STOP_HIT,3,1.00,-20.00
PCT_R0.22pct,2026-03-09,2026-03-08 14:14,UP,2026-03-08 14:24,LONG,24283.00,24263.00,2026-03-08 14:24,STOP_HIT,1,1.75,-20.00
PCT_R0.22pct,2026-03-09,2026-03-08 15:00,DOWN,2026-03-08 15:12,SHORT,24279.50,24299.50,2026-03-08 16:12,TIME_LIMIT,61,111.25,67.00
PCT_R0.22pct,2026-03-10,2026-03-09 14:08,DOWN,2026-03-09 14:18,SHORT,24922.75,24942.75,2026-03-09 14:29,STOP_HIT,12,52.75,-20.00
PCT_R0.22pct,2026-03-10,2026-03-09 14:29,DOWN,2026-03-09 14:46,SHORT,24934.25,24954.25,2026-03-09 15:46,TIME_LIMIT,61,59.00,52.00
PCT_R0.22pct,2026-03-10,2026-03-09 16:14,UP,2026-03-09 16:40,LONG,24941.75,24921.75,2026-03-09 17:40,TIME_LIMIT,61,35.50,5.75
PCT_R0.22pct,2026-03-10,2026-03-09 18:57,UP,2026-03-09 19:31,LONG,24914.00,24894.00,2026-03-09 19:38,STOP_HIT,8,6.50,-20.00
PCT_R0.22pct,2026-03-10,2026-03-09 19:21,DOWN,2026-03-09 19:33,SHORT,24912.75,24932.75,2026-03-09 20:33,TIME_LIMIT,61,58.00,14.75
PCT_R0.22pct,2026-03-10,2026-03-09 19:47,UP,2026-03-09 22:28,LONG,24953.25,24933.25,2026-03-09 23:28,TIME_LIMIT,61,112.50,105.00
PCT_R0.22pct,2026-03-10,2026-03-10 03:04,DOWN,2026-03-10 04:35,SHORT,24928.75,24948.75,2026-03-10 04:38,STOP_HIT,4,1.00,-20.00
PCT_R0.22pct,2026-03-10,2026-03-10 04:31,UP,2026-03-10 04:56,LONG,24995.75,24975.75,2026-03-10 04:57,STOP_HIT,2,1.25,-20.00
PCT_R0.22pct,2026-03-10,2026-03-10 05:50,DOWN,2026-03-10 06:00,SHORT,24964.75,24984.75,2026-03-10 06:05,STOP_HIT,6,44.75,-20.00
PCT_R0.22pct,2026-03-10,2026-03-10 06:16,UP,2026-03-10 06:29,LONG,25009.00,24989.00,2026-03-10 06:29,STOP_HIT,1,0.50,-20.00
PCT_R0.22pct,2026-03-11,2026-03-10 14:15,DOWN,2026-03-10 14:40,SHORT,24959.50,24979.50,2026-03-10 15:12,STOP_HIT,33,8.00,-20.00
PCT_R0.22pct,2026-03-11,2026-03-10 14:44,UP,2026-03-10 15:51,LONG,25020.00,25000.00,2026-03-10 16:51,TIME_LIMIT,61,66.00,40.00
PCT_R0.22pct,2026-03-11,2026-03-10 19:58,DOWN,2026-03-10 22:01,SHORT,25021.25,25041.25,2026-03-10 22:16,STOP_HIT,16,11.25,-20.00
PCT_R0.22pct,2026-03-11,2026-03-11 03:03,DOWN,2026-03-11 03:26,SHORT,24991.50,25011.50,2026-03-11 04:26,TIME_LIMIT,61,63.25,7.25
PCT_R0.22pct,2026-03-11,2026-03-11 06:34,UP,2026-03-11 07:00,LONG,25065.75,25045.75,2026-03-11 07:02,STOP_HIT,3,24.25,-20.00
PCT_R0.22pct,2026-03-11,2026-03-11 09:00,DOWN,2026-03-11 09:20,SHORT,24979.75,24999.75,2026-03-11 09:21,STOP_HIT,2,2.50,-20.00
PCT_R0.22pct,2026-03-11,2026-03-11 11:55,DOWN,2026-03-11 12:05,SHORT,24953.00,24973.00,2026-03-11 12:12,STOP_HIT,8,3.50,-20.00
PCT_R0.22pct,2026-03-12,2026-03-11 14:00,DOWN,2026-03-11 14:10,SHORT,24898.50,24918.50,2026-03-11 15:10,TIME_LIMIT,61,111.25,79.75
PCT_R0.22pct,2026-03-12,2026-03-11 17:43,DOWN,2026-03-11 17:55,SHORT,24777.50,24797.50,2026-03-11 18:55,TIME_LIMIT,61,73.25,47.00
PCT_R0.22pct,2026-03-12,2026-03-11 19:38,UP,2026-03-12 00:17,LONG,24877.75,24857.75,2026-03-12 00:28,STOP_HIT,12,15.25,-20.00
PCT_R0.22pct,2026-03-12,2026-03-12 03:43,DOWN,2026-03-12 05:00,SHORT,24834.50,24854.50,2026-03-12 06:00,TIME_LIMIT,61,204.00,136.25
PCT_R0.22pct,2026-03-12,2026-03-12 05:32,UP,2026-03-12 05:42,LONG,24791.25,24771.25,2026-03-12 05:43,STOP_HIT,2,2.75,-20.00
PCT_R0.22pct,2026-03-13,2026-03-12 14:01,UP,2026-03-12 14:34,LONG,24594.75,24574.75,2026-03-12 14:49,STOP_HIT,16,7.00,-20.00
PCT_R0.22pct,2026-03-13,2026-03-12 15:05,DOWN,2026-03-12 15:44,SHORT,24560.25,24580.25,2026-03-12 16:15,STOP_HIT,32,69.00,-20.00
PCT_R0.22pct,2026-03-13,2026-03-12 16:02,UP,2026-03-12 16:19,LONG,24615.25,24595.25,2026-03-12 17:19,TIME_LIMIT,61,47.00,35.25
PCT_R0.22pct,2026-03-13,2026-03-12 17:10,DOWN,2026-03-12 22:54,SHORT,24492.75,24512.75,2026-03-12 23:54,TIME_LIMIT,61,82.25,59.75
PCT_R0.22pct,2026-03-13,2026-03-13 01:39,UP,2026-03-13 02:18,LONG,24593.50,24573.50,2026-03-13 02:30,STOP_HIT,13,20.00,-20.00
PCT_R0.22pct,2026-03-13,2026-03-13 06:32,DOWN,2026-03-13 06:44,SHORT,24608.50,24628.50,2026-03-13 07:44,TIME_LIMIT,61,206.25,194.00
PCT_R0.22pct,2026-03-16,2026-03-15 14:02,DOWN,2026-03-15 14:17,SHORT,24509.75,24529.75,2026-03-15 14:20,STOP_HIT,4,0.25,-20.00
PCT_R0.22pct,2026-03-16,2026-03-15 14:16,UP,2026-03-15 14:38,LONG,24555.75,24535.75,2026-03-15 15:38,TIME_LIMIT,61,152.25,72.25
PCT_R0.22pct,2026-03-16,2026-03-16 01:46,UP,2026-03-16 02:12,LONG,24740.25,24720.25,2026-03-16 03:12,TIME_LIMIT,61,87.50,66.25
PCT_R0.22pct,2026-03-16,2026-03-16 06:50,UP,2026-03-16 07:00,LONG,24910.25,24890.25,2026-03-16 07:02,STOP_HIT,3,4.75,-20.00
PCT_R0.22pct,2026-03-16,2026-03-16 08:31,UP,2026-03-16 08:49,LONG,24883.75,24863.75,2026-03-16 09:49,TIME_LIMIT,61,55.75,0.25
PCT_R0.22pct,2026-03-16,2026-03-16 11:10,DOWN,2026-03-16 11:54,SHORT,24879.25,24899.25,2026-03-16 12:07,STOP_HIT,14,14.50,-20.00
PCT_R0.22pct,2026-03-17,2026-03-16 15:59,DOWN,2026-03-16 16:25,SHORT,24827.00,24847.00,2026-03-16 16:34,STOP_HIT,10,9.50,-20.00
PCT_R0.22pct,2026-03-17,2026-03-16 21:16,DOWN,2026-03-16 21:47,SHORT,24796.50,24816.50,2026-03-16 22:47,TIME_LIMIT,61,68.25,47.75
PCT_R0.22pct,2026-03-17,2026-03-17 00:36,UP,2026-03-17 02:17,LONG,24809.50,24789.50,2026-03-17 03:17,TIME_LIMIT,61,39.75,15.00
PCT_R0.22pct,2026-03-17,2026-03-17 08:07,UP,2026-03-17 08:34,LONG,25007.25,24987.25,2026-03-17 09:34,TIME_LIMIT,61,29.75,6.25
PCT_R0.22pct,2026-03-17,2026-03-17 10:10,DOWN,2026-03-17 10:34,SHORT,25000.00,25020.00,2026-03-17 11:15,STOP_HIT,42,18.00,-20.00
PCT_R0.22pct,2026-03-18,2026-03-17 14:48,UP,2026-03-17 16:11,LONG,25045.50,25025.50,2026-03-17 17:11,TIME_LIMIT,61,53.00,44.50
PCT_R0.22pct,2026-03-19,2026-03-18 14:00,DOWN,2026-03-18 14:32,SHORT,24576.50,24596.50,2026-03-18 14:51,STOP_HIT,20,14.25,-20.00
PCT_R0.22pct,2026-03-19,2026-03-18 14:37,UP,2026-03-18 15:11,LONG,24615.75,24595.75,2026-03-18 15:45,STOP_HIT,35,28.50,-20.00
PCT_R0.22pct,2026-03-19,2026-03-18 15:45,UP,2026-03-18 16:28,LONG,24612.50,24592.50,2026-03-18 16:43,STOP_HIT,16,21.75,-20.00
PCT_R0.22pct,2026-03-19,2026-03-18 16:05,DOWN,2026-03-18 16:45,SHORT,24590.25,24610.25,2026-03-18 16:48,STOP_HIT,4,3.75,-20.00
PCT_R0.22pct,2026-03-19,2026-03-19 01:51,DOWN,2026-03-19 03:03,SHORT,24598.50,24618.50,2026-03-19 04:03,TIME_LIMIT,61,120.50,107.75
PCT_R0.22pct,2026-03-19,2026-03-19 10:03,UP,2026-03-19 10:19,LONG,24488.25,24468.25,2026-03-19 10:29,STOP_HIT,11,22.50,-20.00
PCT_R0.22pct,2026-03-19,2026-03-19 10:13,DOWN,2026-03-19 10:34,SHORT,24457.50,24477.50,2026-03-19 10:57,STOP_HIT,24,39.50,-20.00
PCT_R0.22pct,2026-03-19,2026-03-19 10:50,UP,2026-03-19 11:01,LONG,24535.50,24515.50,2026-03-19 12:01,TIME_LIMIT,61,156.00,33.75
PCT_R0.22pct,2026-03-20,2026-03-19 14:00,DOWN,2026-03-19 14:10,SHORT,24619.75,24639.75,2026-03-19 14:20,STOP_HIT,11,7.75,-20.00
PCT_R0.22pct,2026-03-20,2026-03-19 14:05,UP,2026-03-19 15:09,LONG,24657.00,24637.00,2026-03-19 15:11,STOP_HIT,3,0.75,-20.00
PCT_R0.22pct,2026-03-20,2026-03-19 16:04,UP,2026-03-19 16:19,LONG,24626.25,24606.25,2026-03-19 16:22,STOP_HIT,4,5.25,-20.00
PCT_R0.22pct,2026-03-20,2026-03-19 16:24,UP,2026-03-19 18:28,LONG,24623.00,24603.00,2026-03-19 19:26,STOP_HIT,59,18.75,-20.00
PCT_R0.22pct,2026-03-20,2026-03-19 17:46,DOWN,2026-03-19 19:27,SHORT,24603.75,24623.75,2026-03-19 19:32,STOP_HIT,6,6.00,-20.00
PCT_R0.22pct,2026-03-23,2026-03-22 14:00,UP,2026-03-22 14:10,LONG,24005.00,23985.00,2026-03-22 14:10,STOP_HIT,1,1.00,-20.00
PCT_R0.22pct,2026-03-23,2026-03-22 15:12,DOWN,2026-03-22 15:46,SHORT,24013.00,24033.00,2026-03-22 15:46,STOP_HIT,1,1.50,-20.00
PCT_R0.22pct,2026-03-23,2026-03-22 16:05,UP,2026-03-22 16:15,LONG,24056.25,24036.25,2026-03-22 16:16,STOP_HIT,2,6.00,-20.00
PCT_R0.22pct,2026-03-23,2026-03-22 16:23,DOWN,2026-03-22 16:38,SHORT,23974.00,23994.00,2026-03-22 16:50,STOP_HIT,13,20.75,-20.00
PCT_R0.22pct,2026-03-23,2026-03-22 17:01,UP,2026-03-22 17:38,LONG,24054.75,24034.75,2026-03-22 18:13,STOP_HIT,36,18.00,-20.00
PCT_R0.22pct,2026-03-23,2026-03-22 17:38,DOWN,2026-03-22 20:17,SHORT,23980.00,24000.00,2026-03-22 20:37,STOP_HIT,21,11.50,-20.00
PCT_R0.22pct,2026-03-23,2026-03-22 21:07,DOWN,2026-03-22 21:26,SHORT,23981.00,24001.00,2026-03-22 21:37,STOP_HIT,12,43.00,-20.00
PCT_R0.22pct,2026-03-23,2026-03-23 09:47,UP,2026-03-23 10:06,LONG,24480.25,24460.25,2026-03-23 10:07,STOP_HIT,2,0.25,-20.00
PCT_R0.22pct,2026-03-23,2026-03-23 10:07,UP,2026-03-23 10:17,LONG,24438.50,24418.50,2026-03-23 11:17,TIME_LIMIT,61,98.25,37.50
PCT_R0.22pct,2026-03-24,2026-03-23 14:06,UP,2026-03-23 14:33,LONG,24415.75,24395.75,2026-03-23 15:33,TIME_LIMIT,61,74.00,44.00
PCT_R0.22pct,2026-03-24,2026-03-23 14:58,DOWN,2026-03-23 16:19,SHORT,24323.00,24343.00,2026-03-23 16:21,STOP_HIT,3,21.25,-20.00
PCT_R0.22pct,2026-03-24,2026-03-23 21:28,UP,2026-03-23 22:50,LONG,24362.25,24342.25,2026-03-23 23:50,TIME_LIMIT,61,145.00,97.00
PCT_R0.22pct,2026-03-24,2026-03-24 01:14,UP,2026-03-24 01:50,LONG,24382.25,24362.25,2026-03-24 02:50,TIME_LIMIT,61,51.75,20.00
PCT_R0.22pct,2026-03-24,2026-03-24 08:06,UP,2026-03-24 08:17,LONG,24326.75,24306.75,2026-03-24 08:35,STOP_HIT,19,19.50,-20.00
PCT_R0.22pct,2026-03-24,2026-03-24 08:22,DOWN,2026-03-24 08:44,SHORT,24281.50,24301.50,2026-03-24 08:45,STOP_HIT,2,5.25,-20.00
PCT_R0.22pct,2026-03-24,2026-03-24 08:40,UP,2026-03-24 08:50,LONG,24290.25,24270.25,2026-03-24 08:55,STOP_HIT,6,22.00,-20.00
PCT_R0.22pct,2026-03-24,2026-03-24 08:46,DOWN,2026-03-24 08:57,SHORT,24289.75,24309.75,2026-03-24 09:57,TIME_LIMIT,61,129.50,62.00
PCT_R0.22pct,2026-03-24,2026-03-24 10:18,UP,2026-03-24 10:40,LONG,24344.25,24324.25,2026-03-24 10:41,STOP_HIT,2,0.75,-20.00
PCT_R0.22pct,2026-03-24,2026-03-24 11:15,DOWN,2026-03-24 11:36,SHORT,24230.75,24250.75,2026-03-24 11:36,STOP_HIT,1,3.75,-20.00
PCT_R0.22pct,2026-03-25,2026-03-24 14:07,DOWN,2026-03-24 14:18,SHORT,24408.50,24428.50,2026-03-24 14:45,STOP_HIT,28,27.75,-20.00
PCT_R0.22pct,2026-03-25,2026-03-24 14:25,UP,2026-03-24 15:22,LONG,24435.00,24415.00,2026-03-24 15:41,STOP_HIT,20,9.00,-20.00
PCT_R0.22pct,2026-03-25,2026-03-24 15:27,DOWN,2026-03-24 16:02,SHORT,24392.25,24412.25,2026-03-24 16:10,STOP_HIT,9,9.50,-20.00
PCT_R0.22pct,2026-03-25,2026-03-24 16:04,UP,2026-03-24 16:14,LONG,24441.25,24421.25,2026-03-24 16:20,STOP_HIT,7,13.25,-20.00
PCT_R0.22pct,2026-03-25,2026-03-24 16:39,DOWN,2026-03-24 18:41,SHORT,24364.25,24384.25,2026-03-24 19:41,TIME_LIMIT,61,43.75,8.75
PCT_R0.22pct,2026-03-25,2026-03-24 21:08,DOWN,2026-03-24 21:56,SHORT,24381.75,24401.75,2026-03-24 22:56,TIME_LIMIT,61,58.00,9.50
PCT_R0.22pct,2026-03-25,2026-03-24 22:35,UP,2026-03-25 00:21,LONG,24526.25,24506.25,2026-03-25 00:24,STOP_HIT,4,8.75,-20.00
PCT_R0.22pct,2026-03-25,2026-03-25 04:32,UP,2026-03-25 04:55,LONG,24451.50,24431.50,2026-03-25 05:00,STOP_HIT,6,26.25,-20.00
PCT_R0.22pct,2026-03-25,2026-03-25 05:07,DOWN,2026-03-25 05:26,SHORT,24433.25,24453.25,2026-03-25 05:30,STOP_HIT,5,8.25,-20.00
PCT_R0.22pct,2026-03-25,2026-03-25 05:38,DOWN,2026-03-25 05:53,SHORT,24385.25,24405.25,2026-03-25 05:53,STOP_HIT,1,7.00,-20.00
PCT_R0.22pct,2026-03-25,2026-03-25 06:52,DOWN,2026-03-25 07:15,SHORT,24386.50,24406.50,2026-03-25 07:24,STOP_HIT,10,100.00,-20.00
PCT_R0.22pct,2026-03-25,2026-03-25 08:34,DOWN,2026-03-25 08:53,SHORT,24418.75,24438.75,2026-03-25 08:54,STOP_HIT,2,1.75,-20.00
PCT_R0.22pct,2026-03-25,2026-03-25 09:10,UP,2026-03-25 09:42,LONG,24455.25,24435.25,2026-03-25 09:48,STOP_HIT,7,38.50,-20.00
PCT_R0.22pct,2026-03-25,2026-03-25 09:55,UP,2026-03-25 10:05,LONG,24422.50,24402.50,2026-03-25 10:38,STOP_HIT,34,30.50,-20.00
PCT_R0.22pct,2026-03-25,2026-03-25 09:58,DOWN,2026-03-25 10:09,SHORT,24412.25,24432.25,2026-03-25 10:11,STOP_HIT,3,1.50,-20.00
PCT_R0.22pct,2026-03-26,2026-03-25 14:00,DOWN,2026-03-25 14:54,SHORT,24316.25,24336.25,2026-03-25 15:54,TIME_LIMIT,61,33.00,-2.75
PCT_R0.22pct,2026-03-26,2026-03-25 15:45,UP,2026-03-25 16:08,LONG,24332.25,24312.25,2026-03-25 17:08,TIME_LIMIT,61,77.75,23.75
PCT_R0.22pct,2026-03-26,2026-03-25 18:37,UP,2026-03-25 19:52,LONG,24378.00,24358.00,2026-03-25 20:18,STOP_HIT,27,7.00,-20.00
PCT_R0.22pct,2026-03-26,2026-03-25 19:40,DOWN,2026-03-25 21:36,SHORT,24291.25,24311.25,2026-03-25 22:36,TIME_LIMIT,61,59.25,13.50
PCT_R0.22pct,2026-03-26,2026-03-26 05:39,UP,2026-03-26 05:57,LONG,24213.25,24193.25,2026-03-26 05:57,STOP_HIT,1,4.75,-20.00
PCT_R0.22pct,2026-03-26,2026-03-26 06:15,DOWN,2026-03-26 06:38,SHORT,24165.75,24185.75,2026-03-26 06:40,STOP_HIT,3,7.75,-20.00
PCT_R0.22pct,2026-03-27,2026-03-26 14:00,UP,2026-03-26 14:16,LONG,23878.00,23858.00,2026-03-26 14:26,STOP_HIT,11,4.50,-20.00
PCT_R0.22pct,2026-03-27,2026-03-26 16:10,DOWN,2026-03-26 16:22,SHORT,23867.50,23887.50,2026-03-26 17:22,TIME_LIMIT,61,61.50,15.50
PCT_R0.22pct,2026-03-27,2026-03-26 17:01,UP,2026-03-26 17:59,LONG,23864.50,23844.50,2026-03-26 18:59,TIME_LIMIT,61,21.50,-10.25
PCT_R0.22pct,2026-03-27,2026-03-26 21:15,DOWN,2026-03-27 00:47,SHORT,23789.25,23809.25,2026-03-27 01:32,STOP_HIT,46,79.25,-20.00
PCT_R0.22pct,2026-03-30,2026-03-29 14:02,DOWN,2026-03-29 14:12,SHORT,23158.75,23178.75,2026-03-29 14:14,STOP_HIT,3,0.00,-20.00
PCT_R0.22pct,2026-03-30,2026-03-29 14:06,UP,2026-03-29 14:22,LONG,23225.00,23205.00,2026-03-29 14:26,STOP_HIT,5,17.25,-20.00
PCT_R0.22pct,2026-03-30,2026-03-29 14:45,UP,2026-03-29 15:02,LONG,23210.75,23190.75,2026-03-29 15:06,STOP_HIT,5,13.25,-20.00
PCT_R0.22pct,2026-03-30,2026-03-29 15:03,DOWN,2026-03-29 15:13,SHORT,23188.00,23208.00,2026-03-29 16:13,TIME_LIMIT,61,95.00,53.75
PCT_R0.22pct,2026-03-30,2026-03-29 16:27,DOWN,2026-03-29 16:53,SHORT,23142.50,23162.50,2026-03-29 17:00,STOP_HIT,8,16.50,-20.00
PCT_R0.22pct,2026-03-30,2026-03-29 17:25,UP,2026-03-29 17:37,LONG,23180.00,23160.00,2026-03-29 18:37,TIME_LIMIT,61,51.25,29.25
PCT_R0.22pct,2026-03-30,2026-03-30 05:32,DOWN,2026-03-30 06:01,SHORT,23322.25,23342.25,2026-03-30 06:08,STOP_HIT,8,23.50,-20.00
PCT_R0.22pct,2026-03-30,2026-03-30 07:05,DOWN,2026-03-30 07:15,SHORT,23317.75,23337.75,2026-03-30 07:24,STOP_HIT,10,35.75,-20.00
PCT_R0.22pct,2026-03-30,2026-03-30 07:16,UP,2026-03-30 07:40,LONG,23373.00,23353.00,2026-03-30 08:02,STOP_HIT,23,61.50,-20.00
PCT_R0.22pct,2026-03-30,2026-03-30 07:52,DOWN,2026-03-30 08:13,SHORT,23345.50,23365.50,2026-03-30 09:13,TIME_LIMIT,61,101.00,92.75
PCT_R0.22pct,2026-03-31,2026-03-30 14:05,DOWN,2026-03-30 15:01,SHORT,23077.75,23097.75,2026-03-30 16:01,TIME_LIMIT,61,56.50,27.00
PCT_R0.22pct,2026-03-31,2026-03-30 16:02,DOWN,2026-03-30 16:12,SHORT,23026.75,23046.75,2026-03-30 16:38,STOP_HIT,27,65.25,-20.00
PCT_R0.22pct,2026-03-31,2026-03-30 23:19,UP,2026-03-30 23:31,LONG,23285.50,23265.50,2026-03-31 00:31,TIME_LIMIT,61,104.75,39.25
PCT_R0.22pct,2026-04-01,2026-03-31 14:00,UP,2026-03-31 14:10,LONG,23915.50,23895.50,2026-03-31 15:10,TIME_LIMIT,61,58.50,35.25
PCT_R0.22pct,2026-04-01,2026-03-31 18:36,UP,2026-03-31 20:25,LONG,24004.00,23984.00,2026-03-31 21:25,TIME_LIMIT,61,69.75,60.75
PCT_R0.22pct,2026-04-01,2026-04-01 00:56,DOWN,2026-04-01 01:26,SHORT,24031.50,24051.50,2026-04-01 01:36,STOP_HIT,11,11.00,-20.00
PCT_R0.22pct,2026-04-01,2026-04-01 01:23,UP,2026-04-01 01:46,LONG,24053.25,24033.25,2026-04-01 02:46,TIME_LIMIT,61,69.25,66.75
PCT_R0.22pct,2026-04-01,2026-04-01 04:46,DOWN,2026-04-01 05:00,SHORT,24061.00,24081.00,2026-04-01 05:13,STOP_HIT,14,25.00,-20.00
PCT_R0.22pct,2026-04-01,2026-04-01 05:07,UP,2026-04-01 05:18,LONG,24080.75,24060.75,2026-04-01 05:21,STOP_HIT,4,11.25,-20.00
PCT_R0.22pct,2026-04-01,2026-04-01 10:36,UP,2026-04-01 10:47,LONG,24160.25,24140.25,2026-04-01 11:47,TIME_LIMIT,61,95.50,69.00
PCT_R0.22pct,2026-04-01,2026-04-01 10:41,DOWN,2026-04-01 10:59,SHORT,24160.25,24180.25,2026-04-01 11:01,STOP_HIT,3,6.50,-20.00
PCT_R0.22pct,2026-04-02,2026-04-01 16:31,UP,2026-04-01 16:42,LONG,24202.25,24182.25,2026-04-01 17:02,STOP_HIT,21,43.50,-20.00
PCT_R0.22pct,2026-04-02,2026-04-02 05:45,UP,2026-04-02 06:01,LONG,23896.25,23876.25,2026-04-02 06:02,STOP_HIT,2,7.50,-20.00
PCT_R0.22pct,2026-04-06,2026-04-05 14:00,DOWN,2026-04-05 14:10,SHORT,24003.25,24023.25,2026-04-05 14:14,STOP_HIT,5,21.75,-20.00
PCT_R0.22pct,2026-04-06,2026-04-05 14:11,UP,2026-04-05 14:21,LONG,24029.25,24009.25,2026-04-05 15:21,TIME_LIMIT,61,67.75,46.00
PCT_R0.22pct,2026-04-06,2026-04-06 06:41,DOWN,2026-04-06 06:51,SHORT,24275.75,24295.75,2026-04-06 06:52,STOP_HIT,2,2.75,-20.00
PCT_R0.22pct,2026-04-06,2026-04-06 06:49,UP,2026-04-06 07:02,LONG,24329.25,24309.25,2026-04-06 07:03,STOP_HIT,2,8.25,-20.00
PCT_R0.22pct,2026-04-06,2026-04-06 07:02,DOWN,2026-04-06 07:25,SHORT,24286.50,24306.50,2026-04-06 07:47,STOP_HIT,23,34.25,-20.00
PCT_R0.22pct,2026-04-06,2026-04-06 07:33,UP,2026-04-06 08:03,LONG,24307.75,24287.75,2026-04-06 08:09,STOP_HIT,7,5.50,-20.00
PCT_R0.22pct,2026-04-06,2026-04-06 08:38,DOWN,2026-04-06 09:11,SHORT,24265.00,24285.00,2026-04-06 09:23,STOP_HIT,13,62.25,-20.00
PCT_R0.22pct,2026-04-06,2026-04-06 09:34,DOWN,2026-04-06 09:44,SHORT,24289.50,24309.50,2026-04-06 10:11,STOP_HIT,28,44.00,-20.00
PCT_R0.22pct,2026-04-06,2026-04-06 10:04,UP,2026-04-06 10:17,LONG,24315.25,24295.25,2026-04-06 11:17,TIME_LIMIT,61,49.00,23.00
PCT_R0.22pct,2026-04-07,2026-04-06 14:06,DOWN,2026-04-06 14:24,SHORT,24316.00,24336.00,2026-04-06 15:24,TIME_LIMIT,61,16.25,3.00
PCT_R0.22pct,2026-04-07,2026-04-06 16:06,UP,2026-04-06 16:18,LONG,24348.75,24328.75,2026-04-06 16:21,STOP_HIT,4,5.00,-20.00
PCT_R0.22pct,2026-04-07,2026-04-06 16:17,DOWN,2026-04-06 16:46,SHORT,24308.50,24328.50,2026-04-06 17:46,TIME_LIMIT,61,83.25,70.50
PCT_R0.22pct,2026-04-07,2026-04-07 02:28,DOWN,2026-04-07 02:47,SHORT,24261.50,24281.50,2026-04-07 03:47,TIME_LIMIT,61,83.25,44.50
PCT_R0.22pct,2026-04-07,2026-04-07 05:14,UP,2026-04-07 05:31,LONG,24251.25,24231.25,2026-04-07 05:31,STOP_HIT,1,6.75,-20.00
PCT_R0.22pct,2026-04-07,2026-04-07 08:03,DOWN,2026-04-07 08:14,SHORT,24160.00,24180.00,2026-04-07 08:16,STOP_HIT,3,13.00,-20.00
PCT_R0.22pct,2026-04-07,2026-04-07 08:10,UP,2026-04-07 08:24,LONG,24185.00,24165.00,2026-04-07 09:24,TIME_LIMIT,61,56.75,1.75
PCT_R0.22pct,2026-04-07,2026-04-07 09:21,UP,2026-04-07 09:35,LONG,24229.75,24209.75,2026-04-07 10:06,STOP_HIT,32,70.00,-20.00
PCT_R0.22pct,2026-04-08,2026-04-07 14:00,UP,2026-04-07 14:10,LONG,24615.75,24595.75,2026-04-07 14:15,STOP_HIT,6,12.50,-20.00
PCT_R0.22pct,2026-04-08,2026-04-07 14:06,DOWN,2026-04-07 14:27,SHORT,24606.00,24626.00,2026-04-07 14:28,STOP_HIT,2,0.50,-20.00
PCT_R0.22pct,2026-04-08,2026-04-08 05:31,DOWN,2026-04-08 05:41,SHORT,25120.25,25140.25,2026-04-08 05:46,STOP_HIT,6,30.50,-20.00
PCT_R0.22pct,2026-04-08,2026-04-08 07:10,UP,2026-04-08 09:09,LONG,25126.50,25106.50,2026-04-08 09:17,STOP_HIT,9,7.00,-20.00
PCT_R0.22pct,2026-04-08,2026-04-08 09:37,UP,2026-04-08 10:06,LONG,25122.50,25102.50,2026-04-08 10:18,STOP_HIT,13,9.25,-20.00
PCT_R0.22pct,2026-04-08,2026-04-08 11:59,DOWN,2026-04-08 12:38,SHORT,25040.25,25060.25,2026-04-08 12:59,TIME_EXPIRED,22,7.00,1.25
PCT_R0.22pct,2026-04-09,2026-04-08 14:09,DOWN,2026-04-08 16:03,SHORT,25010.25,25030.25,2026-04-08 16:21,STOP_HIT,19,11.25,-20.00
PCT_R0.22pct,2026-04-09,2026-04-08 17:23,UP,2026-04-08 18:32,LONG,25033.00,25013.00,2026-04-08 19:32,TIME_LIMIT,61,17.75,-4.00
PCT_R0.22pct,2026-04-09,2026-04-08 18:51,DOWN,2026-04-08 21:11,SHORT,24995.25,25015.25,2026-04-08 21:15,STOP_HIT,5,0.25,-20.00
PCT_R0.22pct,2026-04-09,2026-04-08 21:10,UP,2026-04-08 22:03,LONG,25046.25,25026.25,2026-04-08 22:22,STOP_HIT,20,12.75,-20.00
PCT_R0.22pct,2026-04-09,2026-04-08 22:03,DOWN,2026-04-08 23:23,SHORT,25005.00,25025.00,2026-04-09 00:23,TIME_LIMIT,61,52.00,41.00
PCT_R0.22pct,2026-04-09,2026-04-09 00:15,UP,2026-04-09 04:53,LONG,25031.00,25011.00,2026-04-09 05:53,TIME_LIMIT,61,80.50,-4.75
PCT_R0.22pct,2026-04-09,2026-04-09 05:45,DOWN,2026-04-09 06:01,SHORT,25019.50,25039.50,2026-04-09 06:04,STOP_HIT,4,11.00,-20.00
PCT_R0.22pct,2026-04-09,2026-04-09 06:36,UP,2026-04-09 07:03,LONG,25035.50,25015.50,2026-04-09 08:03,TIME_LIMIT,61,230.25,220.00
PCT_R0.22pct,2026-04-10,2026-04-09 14:06,DOWN,2026-04-09 15:03,SHORT,25196.25,25216.25,2026-04-09 15:31,STOP_HIT,29,3.25,-20.00
PCT_R0.22pct,2026-04-10,2026-04-09 15:03,UP,2026-04-09 16:38,LONG,25251.00,25231.00,2026-04-09 17:38,TIME_LIMIT,61,47.50,43.50
PCT_R0.22pct,2026-04-10,2026-04-09 19:39,DOWN,2026-04-09 23:17,SHORT,25231.75,25251.75,2026-04-09 23:37,STOP_HIT,21,4.50,-20.00
PCT_R0.22pct,2026-04-10,2026-04-10 00:18,UP,2026-04-10 02:29,LONG,25272.50,25252.50,2026-04-10 03:29,TIME_LIMIT,61,26.75,19.75
PCT_R0.22pct,2026-04-10,2026-04-10 07:24,DOWN,2026-04-10 07:53,SHORT,25294.00,25314.00,2026-04-10 08:53,TIME_LIMIT,61,71.75,27.50
PCT_R0.22pct,2026-04-13,2026-04-12 14:04,UP,2026-04-12 14:14,LONG,24998.00,24978.00,2026-04-12 14:19,STOP_HIT,6,6.50,-20.00
PCT_R0.22pct,2026-04-13,2026-04-12 14:12,DOWN,2026-04-12 14:28,SHORT,24954.25,24974.25,2026-04-12 15:28,TIME_LIMIT,61,26.00,10.75
PCT_R0.22pct,2026-04-13,2026-04-12 15:49,UP,2026-04-12 16:04,LONG,24957.50,24937.50,2026-04-12 17:04,TIME_LIMIT,61,114.25,109.25
PCT_R0.22pct,2026-04-14,2026-04-13 15:10,DOWN,2026-04-13 16:07,SHORT,25563.00,25583.00,2026-04-13 16:15,STOP_HIT,9,0.75,-20.00
PCT_R0.22pct,2026-04-14,2026-04-13 16:06,UP,2026-04-13 23:06,LONG,25620.75,25600.75,2026-04-14 00:06,TIME_LIMIT,61,22.75,10.00
PCT_R0.22pct,2026-04-15,2026-04-14 14:00,UP,2026-04-14 15:49,LONG,26033.50,26013.50,2026-04-14 16:00,STOP_HIT,12,2.00,-20.00
PCT_R0.22pct,2026-04-15,2026-04-14 21:00,DOWN,2026-04-14 21:10,SHORT,26010.50,26030.50,2026-04-14 22:10,TIME_LIMIT,61,44.50,34.00
PCT_R0.22pct,2026-04-15,2026-04-15 03:46,DOWN,2026-04-15 03:56,SHORT,25997.75,26017.75,2026-04-15 04:56,TIME_LIMIT,61,37.25,-0.75
PCT_R0.22pct,2026-04-15,2026-04-15 04:16,UP,2026-04-15 05:26,LONG,26020.25,26000.25,2026-04-15 05:31,STOP_HIT,6,20.25,-20.00
PCT_R0.22pct,2026-04-16,2026-04-15 14:00,UP,2026-04-15 15:47,LONG,26403.00,26383.00,2026-04-15 16:47,TIME_LIMIT,61,27.00,24.50
PCT_R0.22pct,2026-04-16,2026-04-15 23:40,DOWN,2026-04-16 00:20,SHORT,26428.75,26448.75,2026-04-16 01:02,STOP_HIT,43,20.25,-20.00
PCT_R0.22pct,2026-04-16,2026-04-16 06:23,UP,2026-04-16 07:04,LONG,26438.00,26418.00,2026-04-16 08:04,TIME_LIMIT,61,109.00,102.00
PCT_R0.22pct,2026-04-16,2026-04-16 10:28,UP,2026-04-16 10:53,LONG,26436.00,26416.00,2026-04-16 11:53,TIME_LIMIT,61,62.25,34.00
PCT_R0.22pct,2026-04-17,2026-04-16 21:03,UP,2026-04-17 00:30,LONG,26497.75,26477.75,2026-04-17 01:30,TIME_LIMIT,61,30.75,23.75
PCT_R0.22pct,2026-04-20,2026-04-19 16:08,UP,2026-04-19 17:02,LONG,26673.00,26653.00,2026-04-19 18:02,TIME_LIMIT,61,41.75,27.25
PCT_R0.22pct,2026-04-20,2026-04-19 21:44,UP,2026-04-19 22:31,LONG,26665.00,26645.00,2026-04-19 23:31,TIME_LIMIT,61,56.25,1.00
PCT_R0.22pct,2026-04-20,2026-04-19 23:22,DOWN,2026-04-20 00:15,SHORT,26647.50,26667.50,2026-04-20 00:27,STOP_HIT,13,6.00,-20.00
PCT_R0.22pct,2026-04-20,2026-04-20 00:07,UP,2026-04-20 00:46,LONG,26674.00,26654.00,2026-04-20 01:46,TIME_LIMIT,61,46.00,30.75
PCT_R0.22pct,2026-04-20,2026-04-20 07:51,UP,2026-04-20 10:07,LONG,26722.75,26702.75,2026-04-20 10:11,STOP_HIT,5,9.00,-20.00
PCT_R0.22pct,2026-04-21,2026-04-20 14:00,UP,2026-04-20 14:10,LONG,26809.25,26789.25,2026-04-20 15:10,TIME_LIMIT,61,4.50,-0.50
PCT_R0.22pct,2026-04-21,2026-04-20 22:10,DOWN,2026-04-21 00:15,SHORT,26801.25,26821.25,2026-04-21 00:26,STOP_HIT,12,0.00,-20.00
PCT_R0.22pct,2026-04-21,2026-04-21 03:40,DOWN,2026-04-21 05:31,SHORT,26772.00,26792.00,2026-04-21 05:52,STOP_HIT,22,45.25,-20.00
PCT_R0.22pct,2026-04-21,2026-04-21 06:17,DOWN,2026-04-21 07:01,SHORT,26719.00,26739.00,2026-04-21 07:09,STOP_HIT,9,56.50,-20.00
PCT_R0.22pct,2026-04-21,2026-04-21 10:50,UP,2026-04-21 11:36,LONG,26745.00,26725.00,2026-04-21 11:38,STOP_HIT,3,7.50,-20.00
PCT_R0.22pct,2026-04-21,2026-04-21 11:31,DOWN,2026-04-21 11:41,SHORT,26713.75,26733.75,2026-04-21 12:09,STOP_HIT,29,162.00,-20.00
PCT_R0.22pct,2026-04-21,2026-04-21 12:12,DOWN,2026-04-21 12:50,SHORT,26723.75,26743.75,2026-04-21 12:53,STOP_HIT,4,0.00,-20.00
PCT_R0.22pct,2026-04-22,2026-04-21 14:00,UP,2026-04-21 16:10,LONG,26791.50,26771.50,2026-04-21 17:10,TIME_LIMIT,61,26.50,14.75
PCT_R0.22pct,2026-04-22,2026-04-21 23:44,DOWN,2026-04-22 00:46,SHORT,26801.25,26821.25,2026-04-22 00:59,STOP_HIT,14,9.00,-20.00
PCT_R0.22pct,2026-04-22,2026-04-22 00:40,UP,2026-04-22 01:01,LONG,26827.25,26807.25,2026-04-22 02:01,TIME_LIMIT,61,36.00,6.75
PCT_R0.22pct,2026-04-22,2026-04-22 05:33,UP,2026-04-22 05:49,LONG,26838.75,26818.75,2026-04-22 05:51,STOP_HIT,3,3.75,-20.00
PCT_R0.22pct,2026-04-23,2026-04-22 15:24,DOWN,2026-04-22 16:11,SHORT,27020.00,27040.00,2026-04-22 16:19,STOP_HIT,9,172.00,-20.00
PCT_R0.22pct,2026-04-23,2026-04-22 16:18,UP,2026-04-22 16:28,LONG,27023.75,27003.75,2026-04-22 17:28,TIME_LIMIT,61,51.25,1.25
PCT_R0.22pct,2026-04-23,2026-04-22 16:30,DOWN,2026-04-22 18:38,SHORT,26959.50,26979.50,2026-04-22 19:38,TIME_LIMIT,61,85.75,85.25
PCT_R0.22pct,2026-04-23,2026-04-23 01:08,UP,2026-04-23 04:07,LONG,27054.75,27034.75,2026-04-23 04:20,STOP_HIT,14,25.00,-20.00
PCT_R0.22pct,2026-04-23,2026-04-23 06:02,UP,2026-04-23 06:28,LONG,27017.25,26997.25,2026-04-23 07:28,TIME_LIMIT,61,132.50,120.75
PCT_R0.22pct,2026-04-23,2026-04-23 08:36,DOWN,2026-04-23 09:11,SHORT,26959.75,26979.75,2026-04-23 10:11,TIME_LIMIT,61,278.00,45.75
PCT_R0.22pct,2026-04-24,2026-04-23 14:00,UP,2026-04-23 14:49,LONG,27047.25,27027.25,2026-04-23 15:49,TIME_LIMIT,61,31.25,24.25
PCT_R0.22pct,2026-04-24,2026-04-23 20:25,UP,2026-04-23 22:45,LONG,27080.75,27060.75,2026-04-23 23:45,TIME_LIMIT,61,34.00,6.00
PCT_R0.22pct,2026-04-24,2026-04-24 05:42,DOWN,2026-04-24 05:57,SHORT,27155.00,27175.00,2026-04-24 05:57,STOP_HIT,1,2.00,-20.00
PCT_R0.22pct,2026-04-24,2026-04-24 06:32,UP,2026-04-24 06:42,LONG,27236.75,27216.75,2026-04-24 07:42,TIME_LIMIT,61,108.00,90.75
PCT_R0.22pct,2026-04-27,2026-04-26 14:00,DOWN,2026-04-26 14:10,SHORT,27357.25,27377.25,2026-04-26 14:39,STOP_HIT,30,12.25,-20.00
PCT_R0.22pct,2026-04-27,2026-04-26 14:06,UP,2026-04-26 16:03,LONG,27403.75,27383.75,2026-04-26 16:07,STOP_HIT,5,3.75,-20.00
PCT_R0.22pct,2026-04-27,2026-04-27 00:15,UP,2026-04-27 01:15,LONG,27447.25,27427.25,2026-04-27 02:15,TIME_LIMIT,61,19.00,1.25
PCT_R0.22pct,2026-04-27,2026-04-27 03:32,DOWN,2026-04-27 04:38,SHORT,27398.00,27418.00,2026-04-27 04:43,STOP_HIT,6,8.00,-20.00
PCT_R0.22pct,2026-04-27,2026-04-27 07:22,UP,2026-04-27 09:24,LONG,27403.50,27383.50,2026-04-27 10:24,TIME_LIMIT,61,36.25,29.00
PCT_R0.22pct,2026-04-28,2026-04-27 14:00,UP,2026-04-27 14:10,LONG,27473.25,27453.25,2026-04-27 15:10,TIME_LIMIT,61,28.25,3.50
PCT_R0.22pct,2026-04-28,2026-04-27 16:11,DOWN,2026-04-27 16:28,SHORT,27459.00,27479.00,2026-04-27 16:45,STOP_HIT,18,3.00,-20.00
PCT_R0.22pct,2026-04-28,2026-04-28 05:31,UP,2026-04-28 05:42,LONG,27205.25,27185.25,2026-04-28 05:53,STOP_HIT,12,46.75,-20.00
PCT_R0.22pct,2026-04-28,2026-04-28 06:07,DOWN,2026-04-28 06:31,SHORT,27174.00,27194.00,2026-04-28 07:31,TIME_LIMIT,61,161.50,154.25
PCT_R0.22pct,2026-04-28,2026-04-28 08:43,UP,2026-04-28 10:44,LONG,27168.75,27148.75,2026-04-28 11:44,TIME_LIMIT,61,55.75,10.00
PCT_R0.22pct,2026-04-29,2026-04-28 14:00,UP,2026-04-28 16:01,LONG,27251.50,27231.50,2026-04-28 17:01,TIME_LIMIT,61,42.50,-9.25
PCT_R0.22pct,2026-04-29,2026-04-28 16:25,DOWN,2026-04-28 17:18,SHORT,27219.50,27239.50,2026-04-28 17:30,STOP_HIT,13,3.75,-20.00
PCT_R0.22pct,2026-04-29,2026-04-28 17:08,UP,2026-04-28 18:06,LONG,27247.75,27227.75,2026-04-28 19:06,TIME_LIMIT,61,45.75,37.25
PCT_R0.22pct,2026-04-29,2026-04-28 22:01,DOWN,2026-04-28 23:46,SHORT,27228.00,27248.00,2026-04-28 23:56,STOP_HIT,11,18.00,-20.00
PCT_R0.22pct,2026-04-29,2026-04-29 00:16,UP,2026-04-29 03:36,LONG,27274.75,27254.75,2026-04-29 03:37,STOP_HIT,2,10.25,-20.00
PCT_R0.22pct,2026-04-29,2026-04-29 02:30,DOWN,2026-04-29 04:21,SHORT,27241.75,27261.75,2026-04-29 05:21,TIME_LIMIT,61,50.00,29.25
PCT_R0.22pct,2026-04-29,2026-04-29 07:47,DOWN,2026-04-29 07:57,SHORT,27219.75,27239.75,2026-04-29 07:59,STOP_HIT,3,9.50,-20.00
PCT_R0.22pct,2026-04-29,2026-04-29 08:11,DOWN,2026-04-29 08:21,SHORT,27218.25,27238.25,2026-04-29 09:21,TIME_LIMIT,61,64.75,3.25
PCT_R0.22pct,2026-04-29,2026-04-29 10:45,UP,2026-04-29 10:55,LONG,27254.00,27234.00,2026-04-29 11:55,TIME_LIMIT,61,86.25,48.75
PCT_R0.22pct,2026-04-29,2026-04-29 12:18,UP,2026-04-29 12:42,LONG,27274.50,27254.50,2026-04-29 12:43,STOP_HIT,2,7.25,-20.00
PCT_R0.22pct,2026-04-30,2026-04-29 14:00,UP,2026-04-29 14:10,LONG,27382.00,27362.00,2026-04-29 15:10,TIME_LIMIT,61,118.00,83.25
PCT_R0.22pct,2026-04-30,2026-04-30 01:20,UP,2026-04-30 01:32,LONG,27417.25,27397.25,2026-04-30 01:32,STOP_HIT,1,4.50,-20.00
PCT_R0.22pct,2026-04-30,2026-04-30 01:31,DOWN,2026-04-30 01:46,SHORT,27380.50,27400.50,2026-04-30 02:12,STOP_HIT,27,24.50,-20.00
PCT_R0.22pct,2026-04-30,2026-04-30 01:57,UP,2026-04-30 02:28,LONG,27418.50,27398.50,2026-04-30 02:35,STOP_HIT,8,14.25,-20.00
PCT_R0.22pct,2026-04-30,2026-04-30 02:30,DOWN,2026-04-30 02:51,SHORT,27370.50,27390.50,2026-04-30 03:02,STOP_HIT,12,20.00,-20.00
PCT_R0.22pct,2026-04-30,2026-04-30 02:52,UP,2026-04-30 03:16,LONG,27421.50,27401.50,2026-04-30 04:16,TIME_LIMIT,61,88.50,80.75
PCT_R0.22pct,2026-04-30,2026-04-30 06:39,UP,2026-04-30 07:10,LONG,27403.50,27383.50,2026-04-30 07:13,STOP_HIT,4,11.75,-20.00
PCT_R0.22pct,2026-05-01,2026-04-30 14:08,DOWN,2026-04-30 14:54,SHORT,27576.00,27596.00,2026-04-30 15:05,STOP_HIT,12,19.75,-20.00
PCT_R0.22pct,2026-05-01,2026-04-30 14:57,UP,2026-04-30 16:43,LONG,27625.50,27605.50,2026-04-30 17:43,TIME_LIMIT,61,32.75,19.75
PCT_R0.22pct,2026-05-01,2026-04-30 19:31,DOWN,2026-04-30 22:00,SHORT,27617.75,27637.75,2026-04-30 23:00,TIME_LIMIT,61,26.25,17.50
PCT_R0.22pct,2026-05-01,2026-05-01 02:40,UP,2026-05-01 05:32,LONG,27693.75,27673.75,2026-05-01 06:32,TIME_LIMIT,61,215.50,136.00
PCT_R0.22pct,2026-05-01,2026-05-01 10:46,UP,2026-05-01 11:12,LONG,27860.00,27840.00,2026-05-01 11:52,STOP_HIT,41,40.75,-20.00
PCT_R0.22pct,2026-05-04,2026-05-03 14:00,DOWN,2026-05-03 14:10,SHORT,27869.00,27889.00,2026-05-03 15:10,TIME_LIMIT,61,33.00,32.50
PCT_R0.22pct,2026-05-04,2026-05-03 16:01,UP,2026-05-03 16:15,LONG,27854.75,27834.75,2026-05-03 16:17,STOP_HIT,3,10.00,-20.00
PCT_R0.22pct,2026-05-04,2026-05-03 23:46,DOWN,2026-05-04 00:16,SHORT,27887.25,27907.25,2026-05-04 00:29,STOP_HIT,14,17.75,-20.00
PCT_R0.22pct,2026-05-04,2026-05-04 03:39,UP,2026-05-04 04:55,LONG,27858.00,27838.00,2026-05-04 04:59,STOP_HIT,5,8.00,-20.00
PCT_R0.22pct,2026-05-04,2026-05-04 04:18,DOWN,2026-05-04 05:01,SHORT,27818.50,27838.50,2026-05-04 05:04,STOP_HIT,4,22.50,-20.00
PCT_R0.22pct,2026-05-04,2026-05-04 05:10,DOWN,2026-05-04 05:32,SHORT,27832.50,27852.50,2026-05-04 05:36,STOP_HIT,5,24.25,-20.00
PCT_R0.22pct,2026-05-04,2026-05-04 05:35,UP,2026-05-04 05:46,LONG,27878.00,27858.00,2026-05-04 05:50,STOP_HIT,5,17.75,-20.00
PCT_R0.22pct,2026-05-04,2026-05-04 07:02,DOWN,2026-05-04 07:17,SHORT,27859.25,27879.25,2026-05-04 08:17,TIME_LIMIT,61,246.25,182.25
PCT_R0.22pct,2026-05-05,2026-05-04 15:51,UP,2026-05-04 16:54,LONG,27789.25,27769.25,2026-05-04 17:01,STOP_HIT,8,3.25,-20.00
PCT_R0.22pct,2026-05-06,2026-05-05 14:55,DOWN,2026-05-05 18:01,SHORT,28290.75,28310.75,2026-05-05 19:01,TIME_LIMIT,61,29.25,-1.50
PCT_R0.22pct,2026-05-06,2026-05-06 05:30,UP,2026-05-06 05:40,LONG,28429.50,28409.50,2026-05-06 06:06,STOP_HIT,27,76.50,-20.00
PCT_R0.22pct,2026-05-06,2026-05-06 06:12,DOWN,2026-05-06 06:23,SHORT,28419.75,28439.75,2026-05-06 06:25,STOP_HIT,3,14.00,-20.00
PCT_R0.22pct,2026-05-06,2026-05-06 06:19,UP,2026-05-06 06:29,LONG,28466.25,28446.25,2026-05-06 06:29,STOP_HIT,1,3.00,-20.00
PCT_R0.22pct,2026-05-07,2026-05-06 14:02,DOWN,2026-05-06 16:44,SHORT,28644.75,28664.75,2026-05-06 16:57,STOP_HIT,14,2.00,-20.00
PCT_R0.22pct,2026-05-07,2026-05-06 16:43,UP,2026-05-06 17:50,LONG,28706.50,28686.50,2026-05-06 18:10,STOP_HIT,21,9.50,-20.00
PCT_R0.22pct,2026-05-07,2026-05-06 17:51,DOWN,2026-05-06 18:45,SHORT,28675.25,28695.25,2026-05-06 19:42,STOP_HIT,58,1.50,-20.00
PCT_R0.22pct,2026-05-07,2026-05-07 05:40,DOWN,2026-05-07 05:50,SHORT,28732.50,28752.50,2026-05-07 05:52,STOP_HIT,3,7.50,-20.00
PCT_R0.22pct,2026-05-07,2026-05-07 05:46,UP,2026-05-07 05:56,LONG,28789.50,28769.50,2026-05-07 06:56,TIME_LIMIT,61,155.25,143.25
PCT_R0.22pct,2026-05-07,2026-05-07 07:37,DOWN,2026-05-07 08:13,SHORT,28692.25,28712.25,2026-05-07 08:13,STOP_HIT,1,0.25,-20.00
PCT_R0.22pct,2026-05-07,2026-05-07 12:02,UP,2026-05-07 12:12,LONG,28706.75,28686.75,2026-05-07 12:37,STOP_HIT,26,18.50,-20.00
PCT_R0.22pct,2026-05-07,2026-05-07 12:04,DOWN,2026-05-07 12:14,SHORT,28702.75,28722.75,2026-05-07 12:15,STOP_HIT,2,2.75,-20.00
PCT_R0.22pct,2026-05-08,2026-05-07 14:00,UP,2026-05-07 14:10,LONG,28609.25,28589.25,2026-05-07 15:10,TIME_LIMIT,61,61.50,23.75
PCT_R0.22pct,2026-05-11,2026-05-10 14:00,DOWN,2026-05-10 14:10,SHORT,29281.75,29301.75,2026-05-10 15:00,STOP_HIT,51,56.00,-20.00
PCT_R0.22pct,2026-05-11,2026-05-10 14:17,UP,2026-05-10 14:59,LONG,29293.25,29273.25,2026-05-10 15:59,TIME_LIMIT,61,53.00,11.75
PCT_R0.22pct,2026-05-11,2026-05-10 17:05,UP,2026-05-10 17:24,LONG,29330.25,29310.25,2026-05-10 17:30,STOP_HIT,7,5.00,-20.00
PCT_R0.22pct,2026-05-11,2026-05-10 18:30,DOWN,2026-05-10 20:26,SHORT,29333.75,29353.75,2026-05-10 21:23,STOP_HIT,58,6.25,-20.00
PCT_R0.22pct,2026-05-11,2026-05-11 00:35,UP,2026-05-11 01:34,LONG,29333.00,29313.00,2026-05-11 02:04,STOP_HIT,31,33.00,-20.00
PCT_R0.22pct,2026-05-11,2026-05-11 01:48,DOWN,2026-05-11 02:21,SHORT,29302.25,29322.25,2026-05-11 03:01,STOP_HIT,41,13.00,-20.00
PCT_R0.22pct,2026-05-11,2026-05-11 02:47,UP,2026-05-11 03:21,LONG,29356.00,29336.00,2026-05-11 03:46,STOP_HIT,26,33.00,-20.00
PCT_R0.22pct,2026-05-11,2026-05-11 03:31,DOWN,2026-05-11 04:22,SHORT,29285.50,29305.50,2026-05-11 04:29,STOP_HIT,8,6.50,-20.00
PCT_R0.22pct,2026-05-11,2026-05-11 06:17,DOWN,2026-05-11 06:32,SHORT,29260.00,29280.00,2026-05-11 06:32,STOP_HIT,1,13.25,-20.00
PCT_R0.22pct,2026-05-11,2026-05-11 06:31,UP,2026-05-11 06:48,LONG,29376.00,29356.00,2026-05-11 07:48,TIME_LIMIT,61,67.50,63.25
PCT_R0.22pct,2026-05-11,2026-05-11 12:12,UP,2026-05-11 12:22,LONG,29382.25,29362.25,2026-05-11 12:59,TIME_EXPIRED,38,30.75,17.75
PCT_R0.22pct,2026-05-12,2026-05-11 14:46,DOWN,2026-05-11 16:05,SHORT,29390.75,29410.75,2026-05-11 17:05,TIME_LIMIT,61,37.50,10.75
PCT_R0.22pct,2026-05-12,2026-05-11 18:53,DOWN,2026-05-11 20:53,SHORT,29295.25,29315.25,2026-05-11 21:53,TIME_LIMIT,61,24.25,2.00
PCT_R0.22pct,2026-05-12,2026-05-12 05:35,UP,2026-05-12 05:45,LONG,29285.25,29265.25,2026-05-12 05:46,STOP_HIT,2,10.75,-20.00
PCT_R0.22pct,2026-05-13,2026-05-12 14:20,DOWN,2026-05-12 15:31,SHORT,29123.75,29143.75,2026-05-12 16:23,STOP_HIT,53,68.25,-20.00
PCT_R0.22pct,2026-05-13,2026-05-12 16:02,UP,2026-05-12 17:11,LONG,29176.00,29156.00,2026-05-12 18:11,TIME_LIMIT,61,84.25,44.25
PCT_R0.22pct,2026-05-13,2026-05-13 06:09,UP,2026-05-13 06:39,LONG,29243.75,29223.75,2026-05-13 06:39,STOP_HIT,1,3.00,-20.00
PCT_R0.22pct,2026-05-14,2026-05-13 14:00,UP,2026-05-13 14:48,LONG,29587.50,29567.50,2026-05-13 15:48,TIME_LIMIT,61,61.00,29.00
PCT_R0.22pct,2026-05-14,2026-05-13 16:59,DOWN,2026-05-13 18:49,SHORT,29591.50,29611.50,2026-05-13 19:49,TIME_LIMIT,61,69.00,56.75
PCT_R0.22pct,2026-05-14,2026-05-13 22:23,DOWN,2026-05-14 00:00,SHORT,29574.75,29594.75,2026-05-14 00:14,STOP_HIT,15,26.50,-20.00
PCT_R0.22pct,2026-05-14,2026-05-14 05:12,UP,2026-05-14 05:50,LONG,29666.00,29646.00,2026-05-14 05:50,STOP_HIT,1,18.75,-20.00
PCT_R0.22pct,2026-05-14,2026-05-14 06:02,DOWN,2026-05-14 06:14,SHORT,29589.50,29609.50,2026-05-14 06:15,STOP_HIT,2,11.25,-20.00
PCT_R0.22pct,2026-05-15,2026-05-14 16:01,UP,2026-05-14 16:36,LONG,29703.50,29683.50,2026-05-14 16:37,STOP_HIT,2,0.50,-20.00
PCT_R0.22pct,2026-05-15,2026-05-15 06:04,UP,2026-05-15 06:20,LONG,29349.50,29329.50,2026-05-15 06:25,STOP_HIT,6,33.25,-20.00
PCT_R0.22pct,2026-05-15,2026-05-15 06:57,DOWN,2026-05-15 07:07,SHORT,29254.50,29274.50,2026-05-15 07:08,STOP_HIT,2,14.00,-20.00
PCT_R0.22pct,2026-05-15,2026-05-15 07:36,DOWN,2026-05-15 07:54,SHORT,29237.00,29257.00,2026-05-15 07:56,STOP_HIT,3,25.00,-20.00
PCT_R0.22pct,2026-05-15,2026-05-15 07:55,UP,2026-05-15 08:29,LONG,29318.50,29298.50,2026-05-15 08:54,STOP_HIT,26,32.50,-20.00
PCT_R0.22pct,2026-05-15,2026-05-15 10:55,DOWN,2026-05-15 11:49,SHORT,29298.75,29318.75,2026-05-15 12:49,TIME_LIMIT,61,187.75,122.50
PCT_R0.22pct,2026-05-18,2026-05-17 14:00,UP,2026-05-17 14:10,LONG,29270.25,29250.25,2026-05-17 14:12,STOP_HIT,3,9.00,-20.00
PCT_R0.22pct,2026-05-18,2026-05-17 14:07,DOWN,2026-05-17 14:38,SHORT,29207.50,29227.50,2026-05-17 14:38,STOP_HIT,1,0.00,-20.00
PCT_R0.22pct,2026-05-18,2026-05-17 14:24,UP,2026-05-17 14:52,LONG,29234.50,29214.50,2026-05-17 14:56,STOP_HIT,5,23.00,-20.00
PCT_R0.22pct,2026-05-18,2026-05-17 14:43,DOWN,2026-05-17 14:58,SHORT,29225.00,29245.00,2026-05-17 15:00,STOP_HIT,3,15.00,-20.00
PCT_R0.22pct,2026-05-18,2026-05-17 18:29,DOWN,2026-05-17 18:57,SHORT,29008.00,29028.00,2026-05-17 18:57,STOP_HIT,1,0.50,-20.00
PCT_R0.22pct,2026-05-18,2026-05-17 18:52,UP,2026-05-17 19:53,LONG,29043.25,29023.25,2026-05-17 20:28,STOP_HIT,36,73.25,-20.00
PCT_R0.22pct,2026-05-18,2026-05-17 20:16,DOWN,2026-05-17 20:37,SHORT,29042.50,29062.50,2026-05-17 20:43,STOP_HIT,7,18.75,-20.00
PCT_R0.22pct,2026-05-18,2026-05-17 20:30,UP,2026-05-17 20:47,LONG,29081.00,29061.00,2026-05-17 20:50,STOP_HIT,4,1.75,-20.00
PCT_R0.22pct,2026-05-18,2026-05-17 21:10,DOWN,2026-05-17 21:20,SHORT,29027.50,29047.50,2026-05-17 21:24,STOP_HIT,5,6.25,-20.00
PCT_R0.22pct,2026-05-18,2026-05-17 21:39,DOWN,2026-05-17 22:10,SHORT,29040.50,29060.50,2026-05-17 22:44,STOP_HIT,35,50.00,-20.00
PCT_R0.22pct,2026-05-18,2026-05-17 22:31,UP,2026-05-17 22:51,LONG,29074.75,29054.75,2026-05-17 23:51,TIME_LIMIT,61,101.00,23.00
PCT_R0.22pct,2026-05-18,2026-05-18 05:56,DOWN,2026-05-18 06:06,SHORT,29138.25,29158.25,2026-05-18 06:06,STOP_HIT,1,9.25,-20.00
PCT_R0.22pct,2026-05-18,2026-05-18 11:25,UP,2026-05-18 12:00,LONG,29098.75,29078.75,2026-05-18 12:05,STOP_HIT,6,11.25,-20.00
PCT_R0.22pct,2026-05-19,2026-05-18 14:00,UP,2026-05-18 14:10,LONG,29128.75,29108.75,2026-05-18 14:13,STOP_HIT,4,5.50,-20.00
PCT_R0.22pct,2026-05-19,2026-05-18 15:03,DOWN,2026-05-18 15:55,SHORT,29119.00,29139.00,2026-05-18 16:00,STOP_HIT,6,3.50,-20.00
PCT_R0.22pct,2026-05-19,2026-05-18 16:21,DOWN,2026-05-18 16:45,SHORT,29129.00,29149.00,2026-05-18 17:45,TIME_LIMIT,61,139.50,66.50
PCT_R0.22pct,2026-05-19,2026-05-18 22:01,UP,2026-05-19 00:02,LONG,29101.75,29081.75,2026-05-19 00:05,STOP_HIT,4,0.25,-20.00
PCT_R0.22pct,2026-05-19,2026-05-18 23:48,DOWN,2026-05-19 01:01,SHORT,28998.25,29018.25,2026-05-19 02:01,TIME_LIMIT,61,162.25,81.25
PCT_R0.22pct,2026-05-19,2026-05-19 05:27,UP,2026-05-19 05:38,LONG,29047.00,29027.00,2026-05-19 05:38,STOP_HIT,1,8.00,-20.00
PCT_R0.22pct,2026-05-19,2026-05-19 05:37,DOWN,2026-05-19 05:47,SHORT,28873.75,28893.75,2026-05-19 05:47,STOP_HIT,1,5.00,-20.00
PCT_R0.22pct,2026-05-19,2026-05-19 08:12,UP,2026-05-19 08:33,LONG,28944.75,28924.75,2026-05-19 08:38,STOP_HIT,6,20.00,-20.00
PCT_R0.22pct,2026-05-19,2026-05-19 11:33,DOWN,2026-05-19 11:52,SHORT,28903.25,28923.25,2026-05-19 11:59,STOP_HIT,8,36.25,-20.00
PCT_R0.22pct,2026-05-20,2026-05-19 14:10,DOWN,2026-05-19 14:38,SHORT,28896.75,28916.75,2026-05-19 15:03,STOP_HIT,26,27.75,-20.00
PCT_R0.22pct,2026-05-20,2026-05-19 14:28,UP,2026-05-19 15:15,LONG,28946.50,28926.50,2026-05-19 16:00,STOP_HIT,46,77.75,-20.00
PCT_R0.22pct,2026-05-20,2026-05-19 15:34,DOWN,2026-05-19 16:14,SHORT,28831.25,28851.25,2026-05-19 16:25,STOP_HIT,12,34.00,-20.00
PCT_R0.22pct,2026-05-20,2026-05-19 16:17,UP,2026-05-19 16:49,LONG,28939.75,28919.75,2026-05-19 17:02,STOP_HIT,14,31.75,-20.00
PCT_R0.22pct,2026-05-20,2026-05-19 17:20,DOWN,2026-05-19 17:33,SHORT,28903.00,28923.00,2026-05-19 17:33,STOP_HIT,1,2.75,-20.00
PCT_R0.22pct,2026-05-20,2026-05-19 17:36,UP,2026-05-19 17:53,LONG,28969.75,28949.75,2026-05-19 18:30,STOP_HIT,38,47.50,-20.00
PCT_R0.22pct,2026-05-20,2026-05-19 18:24,DOWN,2026-05-19 18:37,SHORT,28902.25,28922.25,2026-05-19 19:37,TIME_LIMIT,61,63.25,-3.50
PCT_R0.22pct,2026-05-20,2026-05-19 20:16,DOWN,2026-05-19 20:42,SHORT,28886.50,28906.50,2026-05-19 21:00,STOP_HIT,19,16.00,-20.00
PCT_R0.22pct,2026-05-20,2026-05-19 20:55,UP,2026-05-19 21:05,LONG,28926.00,28906.00,2026-05-19 21:15,STOP_HIT,11,11.25,-20.00
PCT_R0.22pct,2026-05-20,2026-05-20 05:55,UP,2026-05-20 06:06,LONG,29069.00,29049.00,2026-05-20 06:11,STOP_HIT,6,31.75,-20.00
PCT_R0.22pct,2026-05-20,2026-05-20 06:01,DOWN,2026-05-20 06:12,SHORT,29047.00,29067.00,2026-05-20 06:14,STOP_HIT,3,38.50,-20.00
PCT_R0.22pct,2026-05-21,2026-05-20 14:00,DOWN,2026-05-20 14:10,SHORT,29144.00,29164.00,2026-05-20 14:12,STOP_HIT,3,31.00,-20.00
PCT_R0.22pct,2026-05-21,2026-05-20 14:10,UP,2026-05-20 15:21,LONG,29195.75,29175.75,2026-05-20 15:23,STOP_HIT,3,7.25,-20.00
PCT_R0.22pct,2026-05-21,2026-05-20 22:06,DOWN,2026-05-20 23:17,SHORT,29217.25,29237.25,2026-05-20 23:21,STOP_HIT,5,8.50,-20.00
PCT_R0.22pct,2026-05-21,2026-05-20 23:13,UP,2026-05-21 00:12,LONG,29406.75,29386.75,2026-05-21 00:21,STOP_HIT,10,57.75,-20.00
PCT_R0.22pct,2026-05-21,2026-05-21 05:44,UP,2026-05-21 05:57,LONG,29277.50,29257.50,2026-05-21 05:58,STOP_HIT,2,13.75,-20.00
PCT_R0.22pct,2026-05-21,2026-05-21 07:10,UP,2026-05-21 07:22,LONG,29235.50,29215.50,2026-05-21 07:31,STOP_HIT,10,28.00,-20.00
PCT_R0.22pct,2026-05-21,2026-05-21 07:23,DOWN,2026-05-21 07:33,SHORT,29211.50,29231.50,2026-05-21 07:37,STOP_HIT,5,36.00,-20.00
PCT_R0.22pct,2026-05-21,2026-05-21 07:34,UP,2026-05-21 07:44,LONG,29265.25,29245.25,2026-05-21 07:44,STOP_HIT,1,2.25,-20.00
PCT_R0.22pct,2026-05-21,2026-05-21 08:50,UP,2026-05-21 09:01,LONG,29273.75,29253.75,2026-05-21 10:01,TIME_LIMIT,61,280.25,226.50
PCT_R0.22pct,2026-05-22,2026-05-21 14:00,UP,2026-05-21 14:10,LONG,29505.00,29485.00,2026-05-21 15:10,TIME_LIMIT,61,40.25,35.50
PCT_R0.22pct,2026-05-22,2026-05-21 16:32,DOWN,2026-05-21 18:04,SHORT,29535.00,29555.00,2026-05-21 18:51,STOP_HIT,48,30.75,-20.00
PCT_R0.22pct,2026-05-22,2026-05-21 17:41,UP,2026-05-21 20:17,LONG,29580.50,29560.50,2026-05-21 21:17,TIME_LIMIT,61,25.75,17.25
PCT_R0.22pct,2026-05-22,2026-05-21 23:02,UP,2026-05-22 00:01,LONG,29600.00,29580.00,2026-05-22 00:58,STOP_HIT,58,65.25,-20.00
PCT_R0.22pct,2026-05-22,2026-05-22 00:21,DOWN,2026-05-22 01:35,SHORT,29507.75,29527.75,2026-05-22 01:38,STOP_HIT,4,6.75,-20.00
PCT_R0.22pct,2026-05-22,2026-05-22 06:24,UP,2026-05-22 06:38,LONG,29609.25,29589.25,2026-05-22 07:38,TIME_LIMIT,61,104.50,83.75
PCT_R0.22pct,2026-05-22,2026-05-22 09:30,DOWN,2026-05-22 12:07,SHORT,29557.25,29577.25,2026-05-22 12:59,TIME_EXPIRED,53,55.00,36.50
PCT_R0.22pct,2026-05-25,2026-05-24 14:00,UP,2026-05-24 14:10,LONG,29768.25,29748.25,2026-05-24 15:10,TIME_LIMIT,61,63.50,55.25
PCT_R0.22pct,2026-05-25,2026-05-25 05:55,DOWN,2026-05-25 06:55,SHORT,29927.00,29947.00,2026-05-25 07:10,STOP_HIT,16,5.00,-20.00
PCT_R0.22pct,2026-05-25,2026-05-25 06:43,UP,2026-05-25 07:17,LONG,29962.75,29942.75,2026-05-25 07:24,STOP_HIT,8,9.00,-20.00
PCT_R0.22pct,2026-05-25,2026-05-25 07:11,DOWN,2026-05-25 08:04,SHORT,29920.00,29940.00,2026-05-25 08:47,STOP_HIT,44,6.00,-20.00
PCT_R0.22pct,2026-05-26,2026-05-25 14:00,DOWN,2026-05-25 14:10,SHORT,29916.00,29936.00,2026-05-25 14:12,STOP_HIT,3,1.00,-20.00
PCT_R0.22pct,2026-05-26,2026-05-25 23:33,UP,2026-05-26 02:32,LONG,29908.00,29888.00,2026-05-26 02:43,STOP_HIT,12,0.00,-20.00
PCT_R0.22pct,2026-05-26,2026-05-26 05:35,UP,2026-05-26 05:45,LONG,29933.50,29913.50,2026-05-26 06:45,TIME_LIMIT,61,185.25,176.75
PCT_R0.22pct,2026-05-26,2026-05-26 07:56,UP,2026-05-26 08:10,LONG,29944.00,29924.00,2026-05-26 09:10,TIME_LIMIT,61,71.50,28.50
PCT_R0.22pct,2026-05-27,2026-05-26 14:48,UP,2026-05-26 19:48,LONG,30119.00,30099.00,2026-05-26 19:56,STOP_HIT,9,0.00,-20.00
PCT_R0.22pct,2026-05-27,2026-05-26 17:17,DOWN,2026-05-26 23:05,SHORT,30101.00,30121.00,2026-05-26 23:22,STOP_HIT,18,3.75,-20.00
PCT_R0.22pct,2026-05-27,2026-05-26 22:39,UP,2026-05-26 23:24,LONG,30124.75,30104.75,2026-05-27 00:24,TIME_LIMIT,61,91.00,83.50
PCT_R0.22pct,2026-05-27,2026-05-27 04:23,DOWN,2026-05-27 05:43,SHORT,30050.50,30070.50,2026-05-27 05:53,STOP_HIT,11,113.50,-20.00
PCT_R0.22pct,2026-05-27,2026-05-27 09:09,UP,2026-05-27 11:39,LONG,30063.25,30043.25,2026-05-27 11:50,STOP_HIT,12,8.75,-20.00
PCT_R0.22pct,2026-05-28,2026-05-27 14:02,DOWN,2026-05-27 14:21,SHORT,30085.00,30105.00,2026-05-27 15:21,TIME_LIMIT,61,58.50,38.50
PCT_R0.22pct,2026-05-28,2026-05-27 16:58,DOWN,2026-05-27 18:57,SHORT,29983.00,30003.00,2026-05-27 19:57,TIME_LIMIT,61,187.25,174.75
PCT_R0.22pct,2026-05-28,2026-05-28 01:03,DOWN,2026-05-28 02:33,SHORT,29930.75,29950.75,2026-05-28 03:33,TIME_LIMIT,61,67.25,36.00
PCT_R0.22pct,2026-05-28,2026-05-28 02:51,UP,2026-05-28 04:54,LONG,30062.75,30042.75,2026-05-28 05:09,STOP_HIT,16,36.25,-20.00
PCT_R0.22pct,2026-05-28,2026-05-28 05:50,UP,2026-05-28 06:00,LONG,29992.25,29972.25,2026-05-28 06:03,STOP_HIT,4,27.25,-20.00
PCT_R0.22pct,2026-05-29,2026-05-28 14:05,DOWN,2026-05-28 14:38,SHORT,30299.00,30319.00,2026-05-28 15:16,STOP_HIT,39,4.00,-20.00
PCT_R0.22pct,2026-05-29,2026-05-28 17:03,UP,2026-05-28 23:22,LONG,30308.25,30288.25,2026-05-28 23:31,STOP_HIT,10,6.75,-20.00
PCT_R0.22pct,2026-05-29,2026-05-28 23:36,UP,2026-05-29 01:04,LONG,30336.00,30316.00,2026-05-29 02:02,STOP_HIT,59,33.25,-20.00
PCT_R0.22pct,2026-05-29,2026-05-29 06:53,DOWN,2026-05-29 07:09,SHORT,30390.25,30410.25,2026-05-29 07:11,STOP_HIT,3,6.00,-20.00
PCT_R0.22pct,2026-05-29,2026-05-29 06:54,UP,2026-05-29 07:10,LONG,30389.75,30369.75,2026-05-29 07:20,STOP_HIT,11,50.00,-20.00
PCT_R0.22pct,2026-05-29,2026-05-29 08:10,DOWN,2026-05-29 10:05,SHORT,30331.25,30351.25,2026-05-29 10:09,STOP_HIT,5,1.25,-20.00
PCT_R0.22pct,2026-05-29,2026-05-29 10:34,DOWN,2026-05-29 10:46,SHORT,30342.75,30362.75,2026-05-29 11:07,STOP_HIT,22,27.50,-20.00
PCT_R0.22pct,2026-05-29,2026-05-29 11:01,UP,2026-05-29 11:46,LONG,30434.25,30414.25,2026-05-29 11:47,STOP_HIT,2,2.75,-20.00
PCT_R0.22pct,2026-06-01,2026-05-31 14:00,DOWN,2026-05-31 14:10,SHORT,30379.25,30399.25,2026-05-31 14:10,STOP_HIT,1,6.00,-20.00
PCT_R0.22pct,2026-06-01,2026-05-31 14:03,UP,2026-05-31 14:25,LONG,30427.50,30407.50,2026-05-31 15:25,TIME_LIMIT,61,51.50,30.00
PCT_R0.22pct,2026-06-02,2026-06-01 14:00,DOWN,2026-06-01 14:10,SHORT,30481.50,30501.50,2026-06-01 15:10,TIME_LIMIT,61,50.50,23.50
PCT_R0.22pct,2026-06-02,2026-06-01 19:20,UP,2026-06-01 21:33,LONG,30477.50,30457.50,2026-06-01 22:33,TIME_LIMIT,61,25.75,1.00
PCT_R0.22pct,2026-06-02,2026-06-02 05:30,DOWN,2026-06-02 05:40,SHORT,30464.50,30484.50,2026-06-02 05:43,STOP_HIT,4,40.75,-20.00
PCT_R0.22pct,2026-06-03,2026-06-02 15:25,UP,2026-06-02 16:25,LONG,30681.50,30661.50,2026-06-02 17:25,TIME_LIMIT,61,46.00,-0.50
PCT_R0.22pct,2026-06-03,2026-06-02 16:51,DOWN,2026-06-02 17:45,SHORT,30666.75,30686.75,2026-06-02 18:03,STOP_HIT,19,13.75,-20.00
PCT_R0.22pct,2026-06-03,2026-06-02 17:46,UP,2026-06-02 20:06,LONG,30721.75,30701.75,2026-06-02 20:58,STOP_HIT,53,8.75,-20.00
PCT_R0.22pct,2026-06-03,2026-06-03 06:43,DOWN,2026-06-03 06:53,SHORT,30681.00,30701.00,2026-06-03 07:03,STOP_HIT,11,36.50,-20.00
PCT_R0.22pct,2026-06-03,2026-06-03 06:59,UP,2026-06-03 07:12,LONG,30695.50,30675.50,2026-06-03 07:15,STOP_HIT,4,11.75,-20.00
PCT_R0.22pct,2026-06-03,2026-06-03 11:27,UP,2026-06-03 11:43,LONG,30687.50,30667.50,2026-06-03 11:50,STOP_HIT,8,7.25,-20.00
PCT_R0.22pct,2026-06-04,2026-06-03 14:00,UP,2026-06-03 14:10,LONG,30478.50,30458.50,2026-06-03 14:11,STOP_HIT,2,2.25,-20.00
PCT_R0.22pct,2026-06-04,2026-06-03 14:02,DOWN,2026-06-03 14:17,SHORT,30433.25,30453.25,2026-06-03 14:25,STOP_HIT,9,27.75,-20.00
PCT_R0.22pct,2026-06-04,2026-06-03 14:51,UP,2026-06-03 15:02,LONG,30446.00,30426.00,2026-06-03 15:03,STOP_HIT,2,4.75,-20.00
PCT_R0.22pct,2026-06-04,2026-06-03 15:47,UP,2026-06-03 16:11,LONG,30436.25,30416.25,2026-06-03 16:16,STOP_HIT,6,15.50,-20.00
PCT_R0.22pct,2026-06-04,2026-06-03 17:12,DOWN,2026-06-03 18:23,SHORT,30399.00,30419.00,2026-06-03 18:26,STOP_HIT,4,8.50,-20.00
PCT_R0.22pct,2026-06-04,2026-06-03 18:16,UP,2026-06-03 20:26,LONG,30493.50,30473.50,2026-06-03 21:08,STOP_HIT,43,14.75,-20.00
PCT_R0.22pct,2026-06-04,2026-06-03 23:05,DOWN,2026-06-04 00:29,SHORT,30356.00,30376.00,2026-06-04 00:30,STOP_HIT,2,0.00,-20.00
PCT_R0.22pct,2026-06-04,2026-06-04 06:07,UP,2026-06-04 06:44,LONG,30317.75,30297.75,2026-06-04 06:45,STOP_HIT,2,5.25,-20.00
PCT_R0.22pct,2026-06-05,2026-06-04 14:00,DOWN,2026-06-04 14:24,SHORT,30356.00,30376.00,2026-06-04 15:24,TIME_LIMIT,61,67.00,56.75
PCT_R0.22pct,2026-06-05,2026-06-04 17:26,UP,2026-06-04 19:24,LONG,30206.75,30186.75,2026-06-04 19:29,STOP_HIT,6,15.00,-20.00
PCT_R0.22pct,2026-06-05,2026-06-04 18:36,DOWN,2026-06-04 20:00,SHORT,30163.25,30183.25,2026-06-04 20:06,STOP_HIT,7,7.25,-20.00
PCT_R0.22pct,2026-06-05,2026-06-04 19:54,UP,2026-06-04 21:13,LONG,30196.50,30176.50,2026-06-04 21:52,STOP_HIT,40,31.75,-20.00
PCT_R0.22pct,2026-06-05,2026-06-04 20:56,DOWN,2026-06-04 22:03,SHORT,30185.00,30205.00,2026-06-04 22:06,STOP_HIT,4,4.00,-20.00
PCT_R0.22pct,2026-06-05,2026-06-05 00:30,DOWN,2026-06-05 00:54,SHORT,30160.75,30180.75,2026-06-05 01:13,STOP_HIT,20,12.75,-20.00
PCT_R0.22pct,2026-06-05,2026-06-05 00:58,UP,2026-06-05 01:18,LONG,30210.75,30190.75,2026-06-05 01:27,STOP_HIT,10,12.25,-20.00
PCT_R0.22pct,2026-06-05,2026-06-05 01:14,DOWN,2026-06-05 03:53,SHORT,30160.25,30180.25,2026-06-05 04:53,TIME_LIMIT,61,117.75,73.50
PCT_R0.22pct,2026-06-08,2026-06-07 14:02,DOWN,2026-06-07 14:12,SHORT,28907.00,28927.00,2026-06-07 14:12,STOP_HIT,1,1.50,-20.00
PCT_R0.22pct,2026-06-08,2026-06-07 14:56,UP,2026-06-07 15:21,LONG,28969.25,28949.25,2026-06-07 15:22,STOP_HIT,2,7.75,-20.00
PCT_R0.22pct,2026-06-08,2026-06-07 15:22,UP,2026-06-07 15:34,LONG,28996.25,28976.25,2026-06-07 15:35,STOP_HIT,2,1.50,-20.00
PCT_R0.22pct,2026-06-08,2026-06-07 22:30,DOWN,2026-06-07 22:40,SHORT,29077.75,29097.75,2026-06-07 22:43,STOP_HIT,4,11.00,-20.00
PCT_R0.22pct,2026-06-08,2026-06-07 22:50,UP,2026-06-07 23:16,LONG,29135.75,29115.75,2026-06-08 00:16,TIME_LIMIT,61,145.25,82.75
PCT_R0.22pct,2026-06-09,2026-06-08 14:00,DOWN,2026-06-08 14:10,SHORT,29386.50,29406.50,2026-06-08 14:55,STOP_HIT,46,65.25,-20.00
PCT_R0.22pct,2026-06-09,2026-06-08 14:15,UP,2026-06-08 15:30,LONG,29431.00,29411.00,2026-06-08 15:47,STOP_HIT,18,51.00,-20.00
PCT_R0.22pct,2026-06-09,2026-06-08 15:40,DOWN,2026-06-08 16:08,SHORT,29371.75,29391.75,2026-06-08 16:08,STOP_HIT,1,15.75,-20.00
PCT_R0.22pct,2026-06-09,2026-06-08 16:56,UP,2026-06-08 17:25,LONG,29454.00,29434.00,2026-06-08 18:25,TIME_LIMIT,61,93.75,17.00
PCT_R0.22pct,2026-06-09,2026-06-09 11:48,UP,2026-06-09 11:58,LONG,29096.25,29076.25,2026-06-09 12:58,TIME_LIMIT,61,100.00,41.25
PCT_R0.22pct,2026-06-10,2026-06-09 14:01,DOWN,2026-06-09 14:11,SHORT,29071.50,29091.50,2026-06-09 14:15,STOP_HIT,5,3.50,-20.00
PCT_R0.22pct,2026-06-10,2026-06-09 14:02,UP,2026-06-09 14:16,LONG,29104.50,29084.50,2026-06-09 14:17,STOP_HIT,2,10.50,-20.00
PCT_R0.22pct,2026-06-10,2026-06-09 14:15,DOWN,2026-06-09 14:35,SHORT,29049.75,29069.75,2026-06-09 15:03,STOP_HIT,29,67.75,-20.00
PCT_R0.22pct,2026-06-10,2026-06-09 15:08,DOWN,2026-06-09 15:18,SHORT,29029.00,29049.00,2026-06-09 15:53,STOP_HIT,36,48.75,-20.00
PCT_R0.22pct,2026-06-10,2026-06-09 15:37,UP,2026-06-09 15:57,LONG,29052.00,29032.00,2026-06-09 16:33,STOP_HIT,37,117.00,-20.00
PCT_R0.22pct,2026-06-10,2026-06-09 16:44,UP,2026-06-09 17:03,LONG,29075.00,29055.00,2026-06-09 17:06,STOP_HIT,4,25.50,-20.00
PCT_R0.22pct,2026-06-10,2026-06-09 17:30,UP,2026-06-09 17:40,LONG,29069.50,29049.50,2026-06-09 17:42,STOP_HIT,3,4.50,-20.00
PCT_R0.22pct,2026-06-10,2026-06-09 17:35,DOWN,2026-06-09 17:45,SHORT,29027.50,29047.50,2026-06-09 17:45,STOP_HIT,1,0.25,-20.00
PCT_R0.22pct,2026-06-10,2026-06-10 04:40,UP,2026-06-10 04:50,LONG,28942.25,28922.25,2026-06-10 04:50,STOP_HIT,1,2.00,-20.00
PCT_R0.22pct,2026-06-10,2026-06-10 04:41,DOWN,2026-06-10 04:53,SHORT,28875.00,28895.00,2026-06-10 04:54,STOP_HIT,2,10.00,-20.00
PCT_R0.22pct,2026-06-11,2026-06-10 14:00,DOWN,2026-06-10 14:10,SHORT,28368.50,28388.50,2026-06-10 14:10,STOP_HIT,1,0.00,-20.00
PCT_R0.22pct,2026-06-11,2026-06-10 14:12,UP,2026-06-10 14:31,LONG,28435.75,28415.75,2026-06-10 14:35,STOP_HIT,5,12.75,-20.00
PCT_R0.22pct,2026-06-11,2026-06-10 15:21,UP,2026-06-10 15:41,LONG,28400.75,28380.75,2026-06-10 15:49,STOP_HIT,9,46.00,-20.00
PCT_R0.22pct,2026-06-12,2026-06-11 14:00,UP,2026-06-11 14:10,LONG,29496.75,29476.75,2026-06-11 15:10,TIME_LIMIT,61,89.75,38.75
PCT_R0.22pct,2026-06-12,2026-06-11 15:27,UP,2026-06-11 15:37,LONG,29544.00,29524.00,2026-06-11 16:37,TIME_LIMIT,61,101.50,82.25
PCT_R0.22pct,2026-06-12,2026-06-11 16:36,DOWN,2026-06-11 17:30,SHORT,29483.25,29503.25,2026-06-11 17:30,STOP_HIT,1,1.75,-20.00
PCT_R0.22pct,2026-06-12,2026-06-11 17:38,UP,2026-06-11 18:19,LONG,29547.25,29527.25,2026-06-11 18:27,STOP_HIT,9,18.50,-20.00
PCT_R0.22pct,2026-06-12,2026-06-11 18:00,DOWN,2026-06-11 18:42,SHORT,29537.50,29557.50,2026-06-11 18:45,STOP_HIT,4,5.50,-20.00
PCT_R0.22pct,2026-06-12,2026-06-11 18:35,UP,2026-06-11 18:50,LONG,29560.75,29540.75,2026-06-11 19:02,STOP_HIT,13,15.25,-20.00
PCT_R0.22pct,2026-06-12,2026-06-11 18:54,DOWN,2026-06-11 19:13,SHORT,29518.50,29538.50,2026-06-11 19:31,STOP_HIT,19,29.75,-20.00
PCT_R0.22pct,2026-06-12,2026-06-12 00:22,DOWN,2026-06-12 00:43,SHORT,29459.00,29479.00,2026-06-12 00:47,STOP_HIT,5,11.25,-20.00
PCT_R0.22pct,2026-06-12,2026-06-12 00:40,UP,2026-06-12 01:25,LONG,29576.75,29556.75,2026-06-12 02:25,TIME_LIMIT,61,98.25,-16.50
PCT_R0.22pct,2026-06-12,2026-06-12 03:55,DOWN,2026-06-12 04:47,SHORT,29479.00,29499.00,2026-06-12 05:29,STOP_HIT,43,125.00,-20.00
PCT_R0.22pct,2026-06-16,2026-06-15 14:01,DOWN,2026-06-15 14:13,SHORT,30795.50,30815.50,2026-06-15 14:51,STOP_HIT,39,40.50,-20.00
PCT_R0.22pct,2026-06-16,2026-06-15 14:28,UP,2026-06-15 15:26,LONG,30816.00,30796.00,2026-06-15 16:03,STOP_HIT,38,30.50,-20.00
PCT_R0.22pct,2026-06-16,2026-06-15 16:31,DOWN,2026-06-15 16:50,SHORT,30788.25,30808.25,2026-06-15 17:50,TIME_LIMIT,61,32.75,-11.50
PCT_R0.22pct,2026-06-16,2026-06-15 17:09,UP,2026-06-15 21:31,LONG,30834.75,30814.75,2026-06-15 21:33,STOP_HIT,3,2.25,-20.00
PCT_R0.22pct,2026-06-16,2026-06-16 03:20,DOWN,2026-06-16 05:32,SHORT,30784.00,30804.00,2026-06-16 05:33,STOP_HIT,2,23.75,-20.00
PCT_R0.22pct,2026-06-16,2026-06-16 05:34,UP,2026-06-16 05:44,LONG,30846.25,30826.25,2026-06-16 05:44,STOP_HIT,1,3.75,-20.00
PCT_R0.22pct,2026-06-16,2026-06-16 05:55,DOWN,2026-06-16 06:05,SHORT,30831.00,30851.00,2026-06-16 06:08,STOP_HIT,4,28.25,-20.00
PCT_R0.22pct,2026-06-17,2026-06-16 14:00,UP,2026-06-16 14:11,LONG,30367.50,30347.50,2026-06-16 14:21,STOP_HIT,11,4.25,-20.00
PCT_R0.22pct,2026-06-17,2026-06-16 15:50,UP,2026-06-16 16:12,LONG,30371.00,30351.00,2026-06-16 17:12,TIME_LIMIT,61,38.25,36.75
PCT_R0.22pct,2026-06-17,2026-06-17 02:07,UP,2026-06-17 02:45,LONG,30485.00,30465.00,2026-06-17 02:58,STOP_HIT,14,14.25,-20.00
PCT_R0.22pct,2026-06-17,2026-06-17 02:51,DOWN,2026-06-17 03:49,SHORT,30423.25,30443.25,2026-06-17 04:06,STOP_HIT,18,35.50,-20.00
PCT_R0.22pct,2026-06-17,2026-06-17 03:57,UP,2026-06-17 04:30,LONG,30464.00,30444.00,2026-06-17 05:30,TIME_LIMIT,61,70.75,14.25
PCT_R0.22pct,2026-06-17,2026-06-17 05:29,DOWN,2026-06-17 05:39,SHORT,30408.25,30428.25,2026-06-17 05:40,STOP_HIT,2,10.00,-20.00
PCT_R0.22pct,2026-06-17,2026-06-17 05:45,DOWN,2026-06-17 05:57,SHORT,30413.00,30433.00,2026-06-17 06:12,STOP_HIT,16,93.00,-20.00
PCT_R0.22pct,2026-06-17,2026-06-17 06:10,UP,2026-06-17 06:22,LONG,30479.50,30459.50,2026-06-17 06:31,STOP_HIT,10,66.25,-20.00
PCT_R0.22pct,2026-06-17,2026-06-17 06:24,DOWN,2026-06-17 06:43,SHORT,30426.00,30446.00,2026-06-17 06:43,STOP_HIT,1,2.50,-20.00
PCT_R0.22pct,2026-06-17,2026-06-17 08:02,DOWN,2026-06-17 08:47,SHORT,30408.75,30428.75,2026-06-17 09:47,TIME_LIMIT,61,82.25,20.00
PCT_R0.22pct,2026-06-17,2026-06-17 10:47,DOWN,2026-06-17 10:58,SHORT,30298.50,30318.50,2026-06-17 11:00,STOP_HIT,3,78.00,-20.00
PCT_R0.22pct,2026-06-19,2026-06-18 14:00,DOWN,2026-06-18 14:20,SHORT,30694.50,30714.50,2026-06-18 15:20,TIME_LIMIT,61,44.50,14.25
PCT_R0.22pct,2026-06-19,2026-06-19 01:00,DOWN,2026-06-19 03:16,SHORT,30570.00,30590.00,2026-06-19 03:40,STOP_HIT,25,18.75,-20.00
PCT_R0.22pct,2026-06-19,2026-06-19 04:37,UP,2026-06-19 04:55,LONG,30636.50,30616.50,2026-06-19 05:55,TIME_LIMIT,61,43.50,38.75
PCT_R0.22pct,2026-06-22,2026-06-21 15:59,UP,2026-06-21 16:14,LONG,30482.25,30462.25,2026-06-21 17:14,TIME_LIMIT,61,166.50,147.50
PCT_R0.22pct,2026-06-22,2026-06-21 19:31,DOWN,2026-06-21 20:47,SHORT,30562.75,30582.75,2026-06-21 20:51,STOP_HIT,5,2.25,-20.00
PCT_R0.22pct,2026-06-22,2026-06-22 11:08,UP,2026-06-22 12:22,LONG,30662.25,30642.25,2026-06-22 12:59,TIME_EXPIRED,38,10.50,0.25
PCT_R0.22pct,2026-06-23,2026-06-22 14:02,DOWN,2026-06-22 14:31,SHORT,30632.25,30652.25,2026-06-22 15:31,TIME_LIMIT,61,87.25,59.25
PCT_R0.22pct,2026-06-23,2026-06-22 16:24,UP,2026-06-22 17:04,LONG,30608.25,30588.25,2026-06-22 17:06,STOP_HIT,3,8.00,-20.00
PCT_R0.22pct,2026-06-23,2026-06-22 16:45,DOWN,2026-06-22 17:46,SHORT,30460.50,30480.50,2026-06-22 17:58,STOP_HIT,13,54.50,-20.00
PCT_R0.22pct,2026-06-23,2026-06-23 08:20,UP,2026-06-23 08:30,LONG,29877.25,29857.25,2026-06-23 08:31,STOP_HIT,2,12.00,-20.00
PCT_R0.22pct,2026-06-23,2026-06-23 08:24,DOWN,2026-06-23 08:35,SHORT,29848.50,29868.50,2026-06-23 08:36,STOP_HIT,2,10.75,-20.00
PCT_R0.22pct,2026-06-23,2026-06-23 08:34,UP,2026-06-23 08:46,LONG,29887.75,29867.75,2026-06-23 08:47,STOP_HIT,2,4.75,-20.00
PCT_R0.22pct,2026-06-24,2026-06-23 17:54,DOWN,2026-06-23 18:51,SHORT,29673.75,29693.75,2026-06-23 19:10,STOP_HIT,20,57.25,-20.00
PCT_R0.22pct,2026-06-24,2026-06-23 20:22,UP,2026-06-23 21:00,LONG,29784.50,29764.50,2026-06-23 22:00,TIME_LIMIT,61,99.75,26.00
PCT_R0.22pct,2026-06-24,2026-06-23 23:47,DOWN,2026-06-24 00:01,SHORT,29768.75,29788.75,2026-06-24 00:01,STOP_HIT,1,1.50,-20.00
PCT_R0.22pct,2026-06-24,2026-06-24 01:45,UP,2026-06-24 02:18,LONG,29818.25,29798.25,2026-06-24 02:23,STOP_HIT,6,0.00,-20.00
PCT_R0.22pct,2026-06-24,2026-06-24 02:44,DOWN,2026-06-24 03:12,SHORT,29781.50,29801.50,2026-06-24 03:36,STOP_HIT,25,47.50,-20.00
PCT_R0.22pct,2026-06-24,2026-06-24 03:20,UP,2026-06-24 03:48,LONG,29803.00,29783.00,2026-06-24 04:48,TIME_LIMIT,61,69.75,-13.25
PCT_R0.22pct,2026-06-24,2026-06-24 04:20,DOWN,2026-06-24 05:01,SHORT,29756.25,29776.25,2026-06-24 05:02,STOP_HIT,2,3.50,-20.00
PCT_R0.22pct,2026-06-24,2026-06-24 07:30,DOWN,2026-06-24 07:48,SHORT,29717.50,29737.50,2026-06-24 07:48,STOP_HIT,1,7.50,-20.00
PCT_R0.22pct,2026-06-24,2026-06-24 07:53,DOWN,2026-06-24 08:08,SHORT,29762.25,29782.25,2026-06-24 08:10,STOP_HIT,3,20.25,-20.00
PCT_R0.22pct,2026-06-24,2026-06-24 08:11,DOWN,2026-06-24 08:35,SHORT,29713.25,29733.25,2026-06-24 08:35,STOP_HIT,1,1.75,-20.00
PCT_R0.22pct,2026-06-25,2026-06-24 14:01,DOWN,2026-06-24 14:12,SHORT,30094.75,30114.75,2026-06-24 15:12,TIME_LIMIT,61,48.50,41.25
PCT_R0.22pct,2026-06-25,2026-06-24 14:57,UP,2026-06-24 15:39,LONG,30109.75,30089.75,2026-06-24 15:51,STOP_HIT,13,25.50,-20.00
PCT_R0.22pct,2026-06-25,2026-06-24 15:46,DOWN,2026-06-24 16:24,SHORT,30079.25,30099.25,2026-06-24 17:24,TIME_LIMIT,61,143.25,101.00
PCT_R0.22pct,2026-06-25,2026-06-24 18:16,UP,2026-06-24 22:58,LONG,30104.25,30084.25,2026-06-24 23:58,TIME_LIMIT,61,82.25,72.50
PCT_R0.22pct,2026-06-25,2026-06-25 07:46,DOWN,2026-06-25 07:59,SHORT,29671.25,29691.25,2026-06-25 08:05,STOP_HIT,7,27.50,-20.00
PCT_R0.22pct,2026-06-25,2026-06-25 08:56,UP,2026-06-25 09:11,LONG,29744.00,29724.00,2026-06-25 09:19,STOP_HIT,9,67.00,-20.00
PCT_R0.22pct,2026-06-25,2026-06-25 09:41,DOWN,2026-06-25 09:51,SHORT,29700.25,29720.25,2026-06-25 09:53,STOP_HIT,3,11.50,-20.00
PCT_R0.22pct,2026-06-25,2026-06-25 10:52,DOWN,2026-06-25 11:10,SHORT,29706.75,29726.75,2026-06-25 11:59,STOP_HIT,50,90.50,-20.00
PCT_R0.22pct,2026-06-26,2026-06-25 14:00,DOWN,2026-06-25 14:10,SHORT,29667.25,29687.25,2026-06-25 14:56,STOP_HIT,47,61.75,-20.00
PCT_R0.22pct,2026-06-26,2026-06-25 14:30,UP,2026-06-25 14:53,LONG,29669.00,29649.00,2026-06-25 15:53,TIME_LIMIT,61,223.75,20.50
PCT_R0.22pct,2026-06-26,2026-06-25 15:56,UP,2026-06-25 16:06,LONG,29752.00,29732.00,2026-06-25 16:12,STOP_HIT,7,20.75,-20.00
PCT_R0.22pct,2026-06-26,2026-06-25 16:09,DOWN,2026-06-25 16:32,SHORT,29687.25,29707.25,2026-06-25 17:32,TIME_LIMIT,61,121.50,111.00
PCT_R0.22pct,2026-06-26,2026-06-25 23:32,DOWN,2026-06-26 01:16,SHORT,29400.00,29420.00,2026-06-26 01:40,STOP_HIT,25,56.00,-20.00
PCT_R0.22pct,2026-06-26,2026-06-26 09:30,DOWN,2026-06-26 11:00,SHORT,29417.00,29437.00,2026-06-26 11:00,STOP_HIT,1,9.00,-20.00
PCT_R0.22pct,2026-06-29,2026-06-28 14:01,UP,2026-06-28 14:16,LONG,29534.75,29514.75,2026-06-28 14:20,STOP_HIT,5,25.00,-20.00
PCT_R0.22pct,2026-06-29,2026-06-28 17:30,UP,2026-06-28 17:44,LONG,29543.75,29523.75,2026-06-28 17:45,STOP_HIT,2,10.50,-20.00
PCT_R0.22pct,2026-06-29,2026-06-28 17:42,DOWN,2026-06-28 18:16,SHORT,29414.00,29434.00,2026-06-28 18:18,STOP_HIT,3,8.00,-20.00
PCT_R0.22pct,2026-06-29,2026-06-28 18:15,UP,2026-06-28 18:53,LONG,29521.25,29501.25,2026-06-28 19:35,STOP_HIT,43,57.75,-20.00
PCT_R0.22pct,2026-06-29,2026-06-28 19:38,UP,2026-06-28 19:50,LONG,29555.50,29535.50,2026-06-28 20:21,STOP_HIT,32,50.25,-20.00
PCT_R0.22pct,2026-06-29,2026-06-28 21:05,UP,2026-06-28 21:27,LONG,29534.75,29514.75,2026-06-28 22:27,TIME_LIMIT,61,142.00,103.75
PCT_R0.22pct,2026-06-29,2026-06-29 06:38,DOWN,2026-06-29 06:48,SHORT,29511.25,29531.25,2026-06-29 06:48,STOP_HIT,1,14.00,-20.00
PCT_R0.22pct,2026-06-30,2026-06-29 14:02,UP,2026-06-29 15:10,LONG,30037.50,30017.50,2026-06-29 16:00,STOP_HIT,51,16.50,-20.00
PCT_R0.22pct,2026-06-30,2026-06-29 16:17,DOWN,2026-06-29 16:31,SHORT,29971.00,29991.00,2026-06-29 16:48,STOP_HIT,18,36.25,-20.00
PCT_R0.22pct,2026-06-30,2026-06-29 17:13,UP,2026-06-29 17:32,LONG,30066.75,30046.75,2026-06-29 17:35,STOP_HIT,4,12.50,-20.00
PCT_R0.22pct,2026-06-30,2026-06-30 00:30,DOWN,2026-06-30 00:41,SHORT,30036.00,30056.00,2026-06-30 00:54,STOP_HIT,14,13.75,-20.00
PCT_R0.22pct,2026-06-30,2026-06-30 00:40,UP,2026-06-30 01:18,LONG,30081.50,30061.50,2026-06-30 01:29,STOP_HIT,12,2.25,-20.00
PCT_R0.22pct,2026-06-30,2026-06-30 03:51,DOWN,2026-06-30 04:34,SHORT,30018.75,30038.75,2026-06-30 04:37,STOP_HIT,4,11.25,-20.00
PCT_R0.22pct,2026-07-01,2026-06-30 16:00,DOWN,2026-06-30 17:11,SHORT,30492.00,30512.00,2026-06-30 18:11,TIME_LIMIT,61,98.50,96.00
PCT_R0.22pct,2026-07-01,2026-07-01 06:12,DOWN,2026-07-01 06:22,SHORT,30296.25,30316.25,2026-07-01 07:20,STOP_HIT,59,159.00,-20.00
PCT_R0.22pct,2026-07-01,2026-07-01 07:09,UP,2026-07-01 07:20,LONG,30298.50,30278.50,2026-07-01 07:41,STOP_HIT,22,58.00,-20.00
PCT_R0.22pct,2026-07-01,2026-07-01 07:31,DOWN,2026-07-01 08:04,SHORT,30256.50,30276.50,2026-07-01 08:23,STOP_HIT,20,39.25,-20.00
PCT_R0.22pct,2026-07-02,2026-07-01 14:17,UP,2026-07-01 14:59,LONG,30109.50,30089.50,2026-07-01 15:05,STOP_HIT,7,3.50,-20.00
PCT_R0.22pct,2026-07-02,2026-07-01 16:36,DOWN,2026-07-01 16:46,SHORT,30012.75,30032.75,2026-07-01 16:46,STOP_HIT,1,1.25,-20.00
PCT_R0.22pct,2026-07-02,2026-07-01 16:45,UP,2026-07-01 16:55,LONG,30095.50,30075.50,2026-07-01 17:55,TIME_LIMIT,61,133.50,106.50
PCT_R0.22pct,2026-07-02,2026-07-01 20:49,UP,2026-07-01 21:01,LONG,30097.75,30077.75,2026-07-01 21:35,STOP_HIT,35,62.00,-20.00
PCT_R0.22pct,2026-07-02,2026-07-01 21:15,DOWN,2026-07-01 21:41,SHORT,30058.00,30078.00,2026-07-01 22:41,TIME_LIMIT,61,111.00,74.25
PCT_R0.22pct,2026-07-02,2026-07-02 06:16,DOWN,2026-07-02 06:26,SHORT,30069.00,30089.00,2026-07-02 07:26,TIME_LIMIT,61,458.25,347.75
PCT_R0.22pct,2026-07-03,2026-07-02 14:56,DOWN,2026-07-02 15:14,SHORT,29557.75,29577.75,2026-07-02 15:16,STOP_HIT,3,1.00,-20.00
PCT_R0.22pct,2026-07-03,2026-07-02 15:19,UP,2026-07-02 15:35,LONG,29613.75,29593.75,2026-07-02 15:39,STOP_HIT,5,3.00,-20.00
PCT_R0.22pct,2026-07-03,2026-07-02 16:00,DOWN,2026-07-02 16:10,SHORT,29552.25,29572.25,2026-07-02 16:12,STOP_HIT,3,11.25,-20.00
PCT_R0.22pct,2026-07-03,2026-07-02 16:10,UP,2026-07-02 16:20,LONG,29591.75,29571.75,2026-07-02 16:25,STOP_HIT,6,18.25,-20.00
PCT_R0.22pct,2026-07-03,2026-07-02 16:15,DOWN,2026-07-02 16:31,SHORT,29539.75,29559.75,2026-07-02 16:31,STOP_HIT,1,5.75,-20.00
PCT_R0.22pct,2026-07-06,2026-07-05 14:00,DOWN,2026-07-05 14:10,SHORT,29881.75,29901.75,2026-07-05 14:14,STOP_HIT,5,7.25,-20.00
PCT_R0.22pct,2026-07-06,2026-07-05 14:05,UP,2026-07-05 14:37,LONG,29959.75,29939.75,2026-07-05 15:00,STOP_HIT,24,19.25,-20.00
PCT_R0.22pct,2026-07-06,2026-07-05 16:02,UP,2026-07-05 16:15,LONG,29982.50,29962.50,2026-07-05 16:22,STOP_HIT,8,22.25,-20.00
PCT_R0.22pct,2026-07-06,2026-07-05 21:34,UP,2026-07-05 23:25,LONG,29836.50,29816.50,2026-07-05 23:30,STOP_HIT,6,3.25,-20.00
PCT_R0.22pct,2026-07-06,2026-07-06 00:16,UP,2026-07-06 01:02,LONG,29868.75,29848.75,2026-07-06 01:11,STOP_HIT,10,6.25,-20.00
PCT_R0.22pct,2026-07-06,2026-07-06 05:00,DOWN,2026-07-06 05:23,SHORT,29845.50,29865.50,2026-07-06 05:30,STOP_HIT,8,69.25,-20.00
PCT_R0.22pct,2026-07-06,2026-07-06 09:42,UP,2026-07-06 10:42,LONG,29975.25,29955.25,2026-07-06 11:42,TIME_LIMIT,61,76.75,43.50
PCT_R0.22pct,2026-07-06,2026-07-06 11:24,DOWN,2026-07-06 12:03,SHORT,29960.00,29980.00,2026-07-06 12:59,TIME_EXPIRED,57,28.75,12.25
PCT_R0.22pct,2026-07-07,2026-07-06 14:21,DOWN,2026-07-06 14:54,SHORT,29907.00,29927.00,2026-07-06 15:03,STOP_HIT,10,18.00,-20.00
PCT_R0.22pct,2026-07-07,2026-07-07 04:10,DOWN,2026-07-07 04:49,SHORT,29638.25,29658.25,2026-07-07 05:30,STOP_HIT,42,69.00,-20.00
PCT_R0.22pct,2026-07-07,2026-07-07 09:08,DOWN,2026-07-07 11:13,SHORT,29326.00,29346.00,2026-07-07 11:13,STOP_HIT,1,2.50,-20.00
PCT_R0.22pct,2026-07-08,2026-07-07 14:00,UP,2026-07-07 14:17,LONG,29383.00,29363.00,2026-07-07 15:11,STOP_HIT,55,17.00,-20.00
PCT_R0.22pct,2026-07-08,2026-07-07 16:00,UP,2026-07-07 16:16,LONG,29421.75,29401.75,2026-07-07 16:17,STOP_HIT,2,9.75,-20.00
PCT_R0.22pct,2026-07-08,2026-07-07 18:12,UP,2026-07-07 18:27,LONG,29453.75,29433.75,2026-07-07 18:28,STOP_HIT,2,0.00,-20.00
PCT_R0.22pct,2026-07-08,2026-07-07 19:31,DOWN,2026-07-07 21:03,SHORT,29408.75,29428.75,2026-07-07 21:06,STOP_HIT,4,9.50,-20.00
PCT_R0.22pct,2026-07-09,2026-07-08 15:20,UP,2026-07-08 15:36,LONG,29482.75,29462.75,2026-07-08 15:36,STOP_HIT,1,1.75,-20.00
PCT_R0.22pct,2026-07-09,2026-07-08 17:20,DOWN,2026-07-08 17:57,SHORT,29453.50,29473.50,2026-07-08 18:07,STOP_HIT,11,27.50,-20.00
PCT_R0.22pct,2026-07-09,2026-07-08 18:02,UP,2026-07-08 18:17,LONG,29529.75,29509.75,2026-07-08 18:35,STOP_HIT,19,49.25,-20.00
PCT_R0.22pct,2026-07-09,2026-07-08 18:21,DOWN,2026-07-08 18:49,SHORT,29451.00,29471.00,2026-07-08 19:27,STOP_HIT,39,54.50,-20.00
PCT_R0.22pct,2026-07-09,2026-07-08 19:19,UP,2026-07-08 20:02,LONG,29515.00,29495.00,2026-07-08 20:11,STOP_HIT,10,3.00,-20.00
PCT_R0.22pct,2026-07-10,2026-07-09 15:26,DOWN,2026-07-09 16:03,SHORT,29905.00,29925.00,2026-07-09 17:03,TIME_LIMIT,61,100.75,65.50
PCT_R0.22pct,2026-07-10,2026-07-09 17:51,DOWN,2026-07-09 18:23,SHORT,29857.75,29877.75,2026-07-09 18:26,STOP_HIT,4,3.50,-20.00
PCT_R0.22pct,2026-07-10,2026-07-09 19:07,DOWN,2026-07-09 22:03,SHORT,29850.25,29870.25,2026-07-09 23:03,TIME_LIMIT,61,75.00,33.75
PCT_R0.22pct,2026-07-10,2026-07-10 03:16,DOWN,2026-07-10 03:35,SHORT,29836.75,29856.75,2026-07-10 04:13,STOP_HIT,39,65.50,-20.00
PCT_R0.22pct,2026-07-10,2026-07-10 05:04,UP,2026-07-10 05:33,LONG,29912.75,29892.75,2026-07-10 05:36,STOP_HIT,4,21.00,-20.00
PCT_R0.22pct,2026-07-10,2026-07-10 07:05,UP,2026-07-10 07:17,LONG,29939.75,29919.75,2026-07-10 07:19,STOP_HIT,3,4.50,-20.00
PCT_R0.22pct,2026-07-10,2026-07-10 07:42,UP,2026-07-10 07:52,LONG,29907.00,29887.00,2026-07-10 08:52,TIME_LIMIT,61,136.25,134.00
PCT_R0.22pct,2026-07-13,2026-07-12 14:01,DOWN,2026-07-12 14:15,SHORT,29866.25,29886.25,2026-07-12 14:15,STOP_HIT,1,0.00,-20.00
PCT_R0.22pct,2026-07-13,2026-07-12 15:47,UP,2026-07-12 16:04,LONG,29957.75,29937.75,2026-07-12 16:31,STOP_HIT,28,83.25,-20.00
PCT_R0.22pct,2026-07-13,2026-07-12 16:10,DOWN,2026-07-12 17:04,SHORT,29840.00,29860.00,2026-07-12 18:04,TIME_LIMIT,61,113.00,91.75
PCT_R0.22pct,2026-07-13,2026-07-13 03:06,DOWN,2026-07-13 04:05,SHORT,29728.75,29748.75,2026-07-13 04:10,STOP_HIT,6,18.50,-20.00
PCT_R0.22pct,2026-07-13,2026-07-13 06:30,DOWN,2026-07-13 06:47,SHORT,29643.00,29663.00,2026-07-13 06:48,STOP_HIT,2,8.75,-20.00
PCT_R0.22pct,2026-07-13,2026-07-13 07:24,DOWN,2026-07-13 07:49,SHORT,29623.25,29643.25,2026-07-13 08:49,TIME_LIMIT,61,162.50,111.00
PCT_R0.22pct,2026-07-14,2026-07-13 14:00,DOWN,2026-07-13 14:55,SHORT,29412.25,29432.25,2026-07-13 15:55,TIME_LIMIT,61,85.00,28.00
PCT_R0.22pct,2026-07-14,2026-07-13 15:45,UP,2026-07-13 16:03,LONG,29405.00,29385.00,2026-07-13 16:03,STOP_HIT,1,11.25,-20.00
PCT_R0.22pct,2026-07-14,2026-07-13 18:35,UP,2026-07-13 18:49,LONG,29432.50,29412.50,2026-07-13 18:52,STOP_HIT,4,13.50,-20.00
PCT_R0.22pct,2026-07-14,2026-07-13 18:44,DOWN,2026-07-13 18:54,SHORT,29394.00,29414.00,2026-07-13 19:52,STOP_HIT,59,90.50,-20.00
PCT_R0.22pct,2026-07-14,2026-07-13 20:12,UP,2026-07-13 20:28,LONG,29447.50,29427.50,2026-07-13 21:28,TIME_LIMIT,61,162.50,151.50
PCT_R0.22pct,2026-07-15,2026-07-14 14:11,UP,2026-07-14 15:26,LONG,29852.25,29832.25,2026-07-14 16:26,TIME_LIMIT,61,85.75,57.00
PCT_R0.22pct,2026-07-15,2026-07-14 23:27,UP,2026-07-14 23:49,LONG,29997.25,29977.25,2026-07-15 00:00,STOP_HIT,12,8.00,-20.00
PCT_R0.22pct,2026-07-15,2026-07-14 23:53,DOWN,2026-07-15 00:05,SHORT,29933.00,29953.00,2026-07-15 01:05,TIME_LIMIT,61,61.00,-17.75
PCT_R0.22pct,2026-07-15,2026-07-15 04:25,UP,2026-07-15 04:35,LONG,29941.75,29921.75,2026-07-15 05:31,STOP_HIT,57,58.00,-20.00
PCT_R0.22pct,2026-07-15,2026-07-15 05:07,DOWN,2026-07-15 05:32,SHORT,29941.75,29961.75,2026-07-15 05:35,STOP_HIT,4,31.25,-20.00
PCT_R0.22pct,2026-07-15,2026-07-15 10:23,DOWN,2026-07-15 10:47,SHORT,29641.50,29661.50,2026-07-15 11:04,STOP_HIT,18,46.50,-20.00
PCT_R0.22pct,2026-07-16,2026-07-15 14:06,DOWN,2026-07-15 14:50,SHORT,29682.00,29702.00,2026-07-15 14:54,STOP_HIT,5,2.75,-20.00
PCT_R0.22pct,2026-07-16,2026-07-15 14:55,UP,2026-07-15 16:03,LONG,29737.50,29717.50,2026-07-15 16:16,STOP_HIT,14,25.75,-20.00
PCT_R0.22pct,2026-07-16,2026-07-15 18:03,UP,2026-07-15 18:43,LONG,29685.00,29665.00,2026-07-15 19:43,TIME_LIMIT,61,66.75,38.50
PCT_R0.22pct,2026-07-16,2026-07-15 21:30,DOWN,2026-07-15 21:52,SHORT,29686.75,29706.75,2026-07-15 22:00,STOP_HIT,9,8.25,-20.00
PCT_R0.22pct,2026-07-16,2026-07-15 22:17,DOWN,2026-07-15 22:31,SHORT,29689.75,29709.75,2026-07-15 23:31,TIME_LIMIT,61,78.00,68.75
PCT_R0.22pct,2026-07-16,2026-07-16 06:22,UP,2026-07-16 06:38,LONG,29490.50,29470.50,2026-07-16 06:38,STOP_HIT,1,8.25,-20.00
PCT_R0.22pct,2026-07-16,2026-07-16 06:37,DOWN,2026-07-16 06:47,SHORT,29458.25,29478.25,2026-07-16 06:47,STOP_HIT,1,9.50,-20.00
PCT_R0.22pct,2026-07-17,2026-07-16 14:04,DOWN,2026-07-16 14:33,SHORT,29156.75,29176.75,2026-07-16 15:33,TIME_LIMIT,61,89.75,86.25
PCT_R0.22pct,2026-07-17,2026-07-17 02:41,DOWN,2026-07-17 03:05,SHORT,28761.50,28781.50,2026-07-17 03:05,STOP_HIT,1,3.75,-20.00
PCT_R0.22pct,2026-07-17,2026-07-17 06:47,DOWN,2026-07-17 07:03,SHORT,28716.50,28736.50,2026-07-17 07:10,STOP_HIT,8,39.75,-20.00
PCT_R0.22pct,2026-07-17,2026-07-17 07:24,UP,2026-07-17 07:35,LONG,28753.75,28733.75,2026-07-17 07:35,STOP_HIT,1,2.50,-20.00
PCT_R0.22pct,2026-07-17,2026-07-17 10:55,DOWN,2026-07-17 11:20,SHORT,28767.25,28787.25,2026-07-17 11:28,STOP_HIT,9,48.75,-20.00
PCT_R0.22pct,2026-07-17,2026-07-17 11:30,DOWN,2026-07-17 11:40,SHORT,28767.75,28787.75,2026-07-17 11:41,STOP_HIT,2,14.00,-20.00
PCT_R0.22pct,2026-07-17,2026-07-17 11:40,UP,2026-07-17 11:51,LONG,28820.00,28800.00,2026-07-17 11:59,STOP_HIT,9,33.50,-20.00
PCT_R0.22pct,2026-07-17,2026-07-17 11:51,DOWN,2026-07-17 12:03,SHORT,28740.50,28760.50,2026-07-17 12:31,STOP_HIT,29,28.00,-20.00
PCT_R0.22pct,2026-07-20,2026-07-19 14:01,DOWN,2026-07-19 14:11,SHORT,28720.00,28740.00,2026-07-19 14:15,STOP_HIT,5,10.25,-20.00
PCT_R0.22pct,2026-07-20,2026-07-19 14:14,UP,2026-07-19 14:32,LONG,28766.25,28746.25,2026-07-19 15:32,TIME_LIMIT,61,84.75,49.25
PCT_R0.22pct,2026-07-20,2026-07-19 17:56,UP,2026-07-19 18:06,LONG,28875.00,28855.00,2026-07-19 18:11,STOP_HIT,6,14.00,-20.00
PCT_R0.22pct,2026-07-20,2026-07-19 18:06,DOWN,2026-07-19 18:24,SHORT,28798.00,28818.00,2026-07-19 18:28,STOP_HIT,5,5.00,-20.00
PCT_R0.22pct,2026-07-20,2026-07-19 20:51,DOWN,2026-07-19 21:14,SHORT,28856.00,28876.00,2026-07-19 22:14,TIME_LIMIT,61,74.25,70.50
PCT_R0.22pct,2026-07-20,2026-07-19 22:35,UP,2026-07-20 00:00,LONG,28908.25,28888.25,2026-07-20 00:30,STOP_HIT,31,31.50,-20.00
PCT_R0.22pct,2026-07-20,2026-07-20 06:04,DOWN,2026-07-20 06:14,SHORT,28967.50,28987.50,2026-07-20 06:14,STOP_HIT,1,4.25,-20.00
PCT_R0.22pct,2026-07-20,2026-07-20 06:30,DOWN,2026-07-20 06:46,SHORT,28974.25,28994.25,2026-07-20 06:46,STOP_HIT,1,0.75,-20.00
PCT_R0.22pct,2026-07-20,2026-07-20 07:05,UP,2026-07-20 07:30,LONG,29015.75,28995.75,2026-07-20 07:40,STOP_HIT,11,15.25,-20.00
PCT_R0.22pct,2026-07-20,2026-07-20 08:41,DOWN,2026-07-20 09:04,SHORT,28969.00,28989.00,2026-07-20 10:01,STOP_HIT,58,68.25,-20.00
PCT_R0.22pct,2026-07-21,2026-07-20 14:00,DOWN,2026-07-20 14:10,SHORT,28728.75,28748.75,2026-07-20 15:07,STOP_HIT,58,27.75,-20.00
PCT_R0.22pct,2026-07-21,2026-07-20 14:34,UP,2026-07-20 15:09,LONG,28765.75,28745.75,2026-07-20 16:00,STOP_HIT,52,66.75,-20.00
PCT_R0.22pct,2026-07-21,2026-07-20 15:45,DOWN,2026-07-20 16:16,SHORT,28721.50,28741.50,2026-07-20 16:17,STOP_HIT,2,12.50,-20.00
PCT_R0.22pct,2026-07-21,2026-07-20 16:07,UP,2026-07-20 16:27,LONG,28804.00,28784.00,2026-07-20 17:27,TIME_LIMIT,61,108.50,82.25
PCT_R0.22pct,2026-07-22,2026-07-21 14:48,UP,2026-07-21 16:03,LONG,29317.75,29297.75,2026-07-21 16:26,STOP_HIT,24,19.25,-20.00
PCT_R0.22pct,2026-07-22,2026-07-21 16:11,DOWN,2026-07-21 16:46,SHORT,29273.75,29293.75,2026-07-21 17:00,STOP_HIT,15,18.75,-20.00
PCT_R0.22pct,2026-07-22,2026-07-21 17:31,UP,2026-07-21 17:59,LONG,29281.50,29261.50,2026-07-21 18:00,STOP_HIT,2,2.50,-20.00
PCT_R0.22pct,2026-07-22,2026-07-22 04:56,UP,2026-07-22 05:42,LONG,29158.00,29138.00,2026-07-22 06:42,TIME_LIMIT,61,125.75,41.00
PCT_R0.22pct,2026-07-23,2026-07-22 14:00,DOWN,2026-07-22 14:10,SHORT,29066.50,29086.50,2026-07-22 14:13,STOP_HIT,4,1.25,-20.00
PCT_R0.22pct,2026-07-23,2026-07-22 15:04,UP,2026-07-22 15:59,LONG,29136.50,29116.50,2026-07-22 16:59,TIME_LIMIT,61,146.00,118.50
PCT_R0.22pct,2026-07-23,2026-07-22 20:35,DOWN,2026-07-22 21:13,SHORT,29110.00,29130.00,2026-07-22 21:22,STOP_HIT,10,7.00,-20.00
PCT_R0.22pct,2026-07-23,2026-07-22 21:32,DOWN,2026-07-22 21:58,SHORT,29100.00,29120.00,2026-07-22 22:58,TIME_LIMIT,61,26.00,16.25
PCT_R0.22pct,2026-07-23,2026-07-23 01:03,DOWN,2026-07-23 01:35,SHORT,29074.75,29094.75,2026-07-23 02:31,STOP_HIT,57,38.75,-20.00
PCT_R0.22pct,2026-07-23,2026-07-23 02:16,UP,2026-07-23 02:50,LONG,29106.75,29086.75,2026-07-23 03:00,STOP_HIT,11,1.25,-20.00
PCT_R0.22pct,2026-07-23,2026-07-23 02:41,DOWN,2026-07-23 03:03,SHORT,29062.00,29082.00,2026-07-23 04:03,TIME_LIMIT,61,149.00,108.00
PCT_R0.22pct,2026-07-23,2026-07-23 12:00,UP,2026-07-23 12:10,LONG,28714.75,28694.75,2026-07-23 12:59,TIME_EXPIRED,50,67.25,24.50
PCT_R0.22pct,2026-07-24,2026-07-23 14:00,DOWN,2026-07-23 14:11,SHORT,28642.75,28662.75,2026-07-23 14:23,STOP_HIT,13,18.75,-20.00
PCT_R0.22pct,2026-07-24,2026-07-23 14:19,UP,2026-07-23 14:31,LONG,28684.50,28664.50,2026-07-23 15:31,TIME_LIMIT,61,51.50,0.50
PCT_R0.22pct,2026-07-24,2026-07-23 15:54,UP,2026-07-23 16:04,LONG,28680.75,28660.75,2026-07-23 16:04,STOP_HIT,1,6.50,-20.00
PCT_R0.22pct,2026-07-24,2026-07-23 16:35,UP,2026-07-23 17:21,LONG,28664.50,28644.50,2026-07-23 17:23,STOP_HIT,3,2.75,-20.00
PCT_R0.22pct,2026-07-24,2026-07-23 17:08,DOWN,2026-07-23 17:51,SHORT,28635.25,28655.25,2026-07-23 18:51,TIME_LIMIT,61,104.50,90.00
PCT_R0.22pct,2026-07-24,2026-07-23 22:49,UP,2026-07-23 23:23,LONG,28641.50,28621.50,2026-07-23 23:41,STOP_HIT,19,21.50,-20.00
PCT_R0.22pct,2026-07-24,2026-07-23 23:26,DOWN,2026-07-24 00:04,SHORT,28602.50,28622.50,2026-07-24 00:30,STOP_HIT,27,46.00,-20.00
PCT_R0.22pct,2026-07-24,2026-07-24 00:12,UP,2026-07-24 00:47,LONG,28624.25,28604.25,2026-07-24 01:47,TIME_LIMIT,61,79.00,66.25
PCT_R0.22pct,2026-07-24,2026-07-24 04:18,DOWN,2026-07-24 05:01,SHORT,28586.50,28606.50,2026-07-24 05:17,STOP_HIT,17,14.75,-20.00
PCT_R0.22pct,2026-07-24,2026-07-24 08:10,DOWN,2026-07-24 09:15,SHORT,28458.00,28478.00,2026-07-24 09:18,STOP_HIT,4,17.00,-20.00
PCT_R0.22pct,2026-07-27,2026-07-26 14:01,DOWN,2026-07-26 14:11,SHORT,28593.75,28613.75,2026-07-26 14:14,STOP_HIT,4,8.25,-20.00
PCT_R0.22pct,2026-07-27,2026-07-26 14:09,UP,2026-07-26 14:24,LONG,28630.00,28610.00,2026-07-26 14:56,STOP_HIT,33,11.50,-20.00
PCT_R0.22pct,2026-07-27,2026-07-26 16:00,DOWN,2026-07-26 16:27,SHORT,28627.25,28647.25,2026-07-26 16:33,STOP_HIT,7,18.75,-20.00
PCT_R0.22pct,2026-07-27,2026-07-26 18:46,DOWN,2026-07-26 19:57,SHORT,28610.25,28630.25,2026-07-26 20:16,STOP_HIT,20,12.50,-20.00
PCT_R0.22pct,2026-07-27,2026-07-27 04:22,UP,2026-07-27 04:49,LONG,28689.50,28669.50,2026-07-27 04:51,STOP_HIT,3,2.25,-20.00
PCT_R0.22pct,2026-07-27,2026-07-27 05:00,DOWN,2026-07-27 05:26,SHORT,28625.00,28645.00,2026-07-27 06:26,TIME_LIMIT,61,475.00,462.00
PCT_R0.22pct,2026-07-27,2026-07-27 10:40,UP,2026-07-27 11:12,LONG,28224.00,28204.00,2026-07-27 11:13,STOP_HIT,2,6.00,-20.00
PCT_R0.22pct,2026-07-28,2026-07-27 14:00,DOWN,2026-07-27 14:14,SHORT,28159.50,28179.50,2026-07-27 15:14,TIME_LIMIT,61,54.25,30.50
PCT_R0.22pct,2026-07-28,2026-07-27 15:04,UP,2026-07-27 15:52,LONG,28165.25,28145.25,2026-07-27 16:05,STOP_HIT,14,29.75,-20.00
PCT_R0.22pct,2026-07-28,2026-07-28 00:11,UP,2026-07-28 00:42,LONG,28039.50,28019.50,2026-07-28 00:48,STOP_HIT,7,12.50,-20.00
PCT_R0.22pct,2026-07-28,2026-07-28 00:47,DOWN,2026-07-28 01:45,SHORT,27973.75,27993.75,2026-07-28 02:45,TIME_LIMIT,61,69.50,44.75
PCT_R0.22pct,2026-07-28,2026-07-28 03:41,UP,2026-07-28 04:39,LONG,27972.25,27952.25,2026-07-28 05:27,STOP_HIT,49,60.50,-20.00
PCT_R0.22pct,2026-07-28,2026-07-28 04:30,DOWN,2026-07-28 04:42,SHORT,27967.50,27987.50,2026-07-28 04:42,STOP_HIT,1,2.00,-20.00
PCT_R0.22pct,2026-07-28,2026-07-28 10:00,DOWN,2026-07-28 10:23,SHORT,27944.25,27964.25,2026-07-28 10:46,STOP_HIT,24,29.50,-20.00
PCT_R0.22pct,2026-07-28,2026-07-28 10:17,UP,2026-07-28 10:48,LONG,27963.25,27943.25,2026-07-28 10:55,STOP_HIT,8,14.75,-20.00
PCT_R0.22pct,2026-07-28,2026-07-28 11:30,DOWN,2026-07-28 12:00,SHORT,27919.50,27939.50,2026-07-28 12:00,STOP_HIT,1,1.25,-20.00
PCT_R0.22pct,2026-07-28,2026-07-28 12:06,UP,2026-07-28 12:42,LONG,27940.25,27920.25,2026-07-28 12:59,TIME_EXPIRED,18,22.50,20.25
PCT_R0.22pct,2026-07-29,2026-07-28 14:10,DOWN,2026-07-28 14:46,SHORT,27844.00,27864.00,2026-07-28 15:22,STOP_HIT,37,115.50,-20.00
PCT_R0.22pct,2026-07-29,2026-07-28 15:10,UP,2026-07-28 15:24,LONG,27875.75,27855.75,2026-07-28 16:24,TIME_LIMIT,61,302.50,223.25
PCT_R0.22pct,2026-07-29,2026-07-28 16:45,DOWN,2026-07-28 17:22,SHORT,27951.75,27971.75,2026-07-28 17:23,STOP_HIT,2,2.25,-20.00
PCT_R0.22pct,2026-07-29,2026-07-28 17:27,DOWN,2026-07-28 17:37,SHORT,27939.25,27959.25,2026-07-28 18:37,TIME_LIMIT,61,169.00,71.50
PCT_R0.22pct,2026-07-29,2026-07-28 22:10,UP,2026-07-28 22:55,LONG,27928.50,27908.50,2026-07-28 23:01,STOP_HIT,7,17.00,-20.00
PCT_R0.22pct,2026-07-29,2026-07-29 04:30,UP,2026-07-29 04:55,LONG,27926.50,27906.50,2026-07-29 04:58,STOP_HIT,4,6.75,-20.00
PCT_R0.22pct,2026-07-29,2026-07-29 04:56,DOWN,2026-07-29 05:07,SHORT,27873.75,27893.75,2026-07-29 05:09,STOP_HIT,3,0.00,-20.00
PCT_R0.22pct,2026-07-29,2026-07-29 05:20,UP,2026-07-29 05:30,LONG,27914.50,27894.50,2026-07-29 05:30,STOP_HIT,1,35.50,-20.00
PCT_R0.22pct,2026-07-30,2026-07-29 14:00,UP,2026-07-29 14:10,LONG,27440.50,27420.50,2026-07-29 14:26,STOP_HIT,17,49.00,-20.00
PCT_R0.22pct,2026-07-30,2026-07-29 14:28,UP,2026-07-29 14:38,LONG,27458.50,27438.50,2026-07-29 14:40,STOP_HIT,3,6.75,-20.00
PCT_R0.22pct,2026-07-30,2026-07-29 14:45,DOWN,2026-07-29 14:55,SHORT,27432.75,27452.75,2026-07-29 14:59,STOP_HIT,5,7.75,-20.00
PCT_R0.22pct,2026-07-30,2026-07-29 18:48,DOWN,2026-07-29 19:20,SHORT,27485.50,27505.50,2026-07-29 19:26,STOP_HIT,7,11.50,-20.00
PCT_R0.22pct,2026-07-30,2026-07-29 19:40,UP,2026-07-29 19:50,LONG,27549.75,27529.75,2026-07-29 19:58,STOP_HIT,9,13.00,-20.00
PCT_R0.22pct,2026-07-30,2026-07-29 19:49,DOWN,2026-07-29 20:09,SHORT,27507.00,27527.00,2026-07-29 20:27,STOP_HIT,19,47.50,-20.00
PCT_R0.22pct,2026-07-30,2026-07-30 00:57,UP,2026-07-30 01:15,LONG,27536.75,27516.75,2026-07-30 01:59,STOP_HIT,45,49.25,-20.00
PCT_R0.22pct,2026-07-31,2026-07-30 14:00,UP,2026-07-30 14:10,LONG,28400.00,28380.00,2026-07-30 14:13,STOP_HIT,4,9.75,-20.00
PCT_R0.22pct,2026-07-31,2026-07-30 14:03,DOWN,2026-07-30 14:28,SHORT,28352.50,28372.50,2026-07-30 14:35,STOP_HIT,8,21.50,-20.00
PCT_R0.22pct,2026-07-31,2026-07-30 14:32,UP,2026-07-30 14:43,LONG,28392.00,28372.00,2026-07-30 15:21,STOP_HIT,39,34.50,-20.00
PCT_R0.22pct,2026-07-31,2026-07-30 15:03,DOWN,2026-07-30 15:33,SHORT,28383.50,28403.50,2026-07-30 15:41,STOP_HIT,9,9.50,-20.00
PCT_R0.22pct,2026-07-31,2026-07-30 18:37,UP,2026-07-30 19:57,LONG,28466.25,28446.25,2026-07-30 20:00,STOP_HIT,4,4.25,-20.00
PCT_R0.22pct,2026-07-31,2026-07-31 03:08,DOWN,2026-07-31 04:33,SHORT,28476.75,28496.75,2026-07-31 05:04,STOP_HIT,32,44.50,-20.00
PCT_R0.22pct,2026-07-31,2026-07-31 04:42,UP,2026-07-31 05:25,LONG,28549.75,28529.75,2026-07-31 05:40,STOP_HIT,16,176.00,-20.00
PCT_R0.22pct,2026-07-31,2026-07-31 08:35,DOWN,2026-07-31 08:49,SHORT,28342.50,28362.50,2026-07-31 08:50,STOP_HIT,2,12.50,-20.00
PCT_R0.22pct,2026-07-31,2026-07-31 11:59,DOWN,2026-07-31 12:09,SHORT,28392.50,28412.50,2026-07-31 12:59,TIME_EXPIRED,51,134.25,105.50
PCT_R0.22pct,2026-08-03,2026-08-02 14:00,UP,2026-08-02 14:10,LONG,28601.00,28581.00,2026-08-02 14:57,STOP_HIT,48,40.25,-20.00
PCT_R0.22pct,2026-08-03,2026-08-02 14:13,DOWN,2026-08-02 14:59,SHORT,28564.25,28584.25,2026-08-02 15:01,STOP_HIT,3,1.00,-20.00
PCT_R0.22pct,2026-08-03,2026-08-02 15:52,DOWN,2026-08-02 16:02,SHORT,28586.25,28606.25,2026-08-02 16:10,STOP_HIT,9,31.75,-20.00
PCT_R0.22pct,2026-08-03,2026-08-02 16:06,UP,2026-08-02 16:16,LONG,28619.75,28599.75,2026-08-02 16:19,STOP_HIT,4,3.75,-20.00
PCT_R0.22pct,2026-08-03,2026-08-02 16:15,DOWN,2026-08-02 16:26,SHORT,28568.00,28588.00,2026-08-02 16:35,STOP_HIT,10,30.50,-20.00
PCT_R0.22pct,2026-08-03,2026-08-02 16:29,UP,2026-08-02 16:58,LONG,28613.25,28593.25,2026-08-02 17:13,STOP_HIT,16,21.75,-20.00
PCT_R0.22pct,2026-08-03,2026-08-02 17:05,DOWN,2026-08-02 17:24,SHORT,28587.25,28607.25,2026-08-02 17:27,STOP_HIT,4,3.50,-20.00
PCT_R0.22pct,2026-08-03,2026-08-02 17:19,UP,2026-08-02 17:43,LONG,28625.75,28605.75,2026-08-02 18:43,TIME_LIMIT,61,55.75,27.75
PCT_R0.22pct,2026-08-03,2026-08-02 23:02,UP,2026-08-02 23:12,LONG,28618.50,28598.50,2026-08-02 23:17,STOP_HIT,6,12.50,-20.00
PCT_R0.22pct,2026-08-03,2026-08-02 23:11,DOWN,2026-08-02 23:21,SHORT,28585.75,28605.75,2026-08-02 23:23,STOP_HIT,3,3.00,-20.00
PCT_R0.22pct,2026-08-04,2026-08-03 16:04,DOWN,2026-08-03 16:16,SHORT,28913.25,28933.25,2026-08-03 17:16,TIME_LIMIT,61,81.50,59.50
PCT_R0.22pct,2026-08-04,2026-08-03 17:04,UP,2026-08-03 18:01,LONG,29033.50,29013.50,2026-08-03 18:04,STOP_HIT,4,11.25,-20.00
PCT_R0.22pct,2026-08-05,2026-08-04 14:02,UP,2026-08-04 14:24,LONG,29825.75,29805.75,2026-08-04 14:43,STOP_HIT,20,16.00,-20.00
PCT_R0.22pct,2026-08-05,2026-08-04 16:30,DOWN,2026-08-04 17:18,SHORT,29816.50,29836.50,2026-08-04 17:32,STOP_HIT,15,19.50,-20.00
PCT_R0.22pct,2026-08-05,2026-08-04 17:26,UP,2026-08-04 17:49,LONG,29869.00,29849.00,2026-08-04 18:30,STOP_HIT,42,20.25,-20.00
PCT_R0.22pct,2026-08-05,2026-08-05 00:45,UP,2026-08-05 03:06,LONG,29901.75,29881.75,2026-08-05 04:06,TIME_LIMIT,61,41.75,-2.00
PCT_R0.22pct,2026-08-06,2026-08-05 14:00,UP,2026-08-05 14:24,LONG,29631.00,29611.00,2026-08-05 15:24,TIME_LIMIT,61,48.50,7.50
PCT_R0.22pct,2026-08-06,2026-08-05 14:47,DOWN,2026-08-05 15:10,SHORT,29619.50,29639.50,2026-08-05 15:23,STOP_HIT,14,1.00,-20.00
PCT_R0.22pct,2026-08-06,2026-08-05 18:45,DOWN,2026-08-05 19:50,SHORT,29569.25,29589.25,2026-08-05 20:23,STOP_HIT,34,33.75,-20.00
PCT_R0.22pct,2026-08-06,2026-08-05 19:33,UP,2026-08-05 20:38,LONG,29561.75,29541.75,2026-08-05 20:39,STOP_HIT,2,2.25,-20.00
PCT_R0.22pct,2026-08-06,2026-08-05 20:30,DOWN,2026-08-05 22:08,SHORT,29539.00,29559.00,2026-08-05 23:08,TIME_LIMIT,61,54.00,2.00
PCT_R0.22pct,2026-08-06,2026-08-06 05:40,UP,2026-08-06 05:54,LONG,29512.25,29492.25,2026-08-06 05:54,STOP_HIT,1,8.25,-20.00
PCT_R0.22pct,2026-08-06,2026-08-06 07:50,DOWN,2026-08-06 08:00,SHORT,29515.75,29535.75,2026-08-06 08:08,STOP_HIT,9,37.50,-20.00
PCT_R0.22pct,2026-08-06,2026-08-06 09:01,DOWN,2026-08-06 09:44,SHORT,29499.00,29519.00,2026-08-06 09:45,STOP_HIT,2,4.75,-20.00
PCT_R0.22pct,2026-08-06,2026-08-06 09:41,UP,2026-08-06 10:18,LONG,29552.50,29532.50,2026-08-06 10:34,STOP_HIT,17,23.00,-20.00
PCT_R0.22pct,2026-08-06,2026-08-06 10:22,DOWN,2026-08-06 10:49,SHORT,29518.50,29538.50,2026-08-06 11:01,STOP_HIT,13,12.50,-20.00
PCT_R0.22pct,2026-08-06,2026-08-06 10:42,UP,2026-08-06 11:09,LONG,29559.75,29539.75,2026-08-06 11:14,STOP_HIT,6,10.50,-20.00
PCT_R0.22pct,2026-08-06,2026-08-06 11:12,DOWN,2026-08-06 11:26,SHORT,29520.00,29540.00,2026-08-06 11:32,STOP_HIT,7,30.75,-20.00
PCT_R0.22pct,2026-08-06,2026-08-06 12:06,DOWN,2026-08-06 12:28,SHORT,29485.50,29505.50,2026-08-06 12:58,STOP_HIT,31,5.25,-20.00
PCT_R0.22pct,2026-08-10,2026-08-09 14:00,DOWN,2026-08-09 14:13,SHORT,29842.00,29862.00,2026-08-09 15:07,STOP_HIT,55,36.75,-20.00
PCT_R0.22pct,2026-08-10,2026-08-09 14:17,UP,2026-08-09 15:08,LONG,29868.75,29848.75,2026-08-09 15:30,STOP_HIT,23,13.50,-20.00
PCT_R0.22pct,2026-08-10,2026-08-09 15:24,DOWN,2026-08-09 16:02,SHORT,29808.50,29828.50,2026-08-09 16:02,STOP_HIT,1,12.25,-20.00
PCT_R0.22pct,2026-08-10,2026-08-09 16:10,DOWN,2026-08-09 16:51,SHORT,29828.25,29848.25,2026-08-09 17:14,STOP_HIT,24,39.75,-20.00
PCT_R0.22pct,2026-08-10,2026-08-09 16:56,UP,2026-08-09 17:35,LONG,29852.00,29832.00,2026-08-09 18:35,TIME_LIMIT,61,43.00,1.75
PCT_R0.22pct,2026-08-10,2026-08-10 03:12,UP,2026-08-10 03:31,LONG,29911.75,29891.75,2026-08-10 03:38,STOP_HIT,8,2.25,-20.00
PCT_R0.22pct,2026-08-10,2026-08-10 03:30,DOWN,2026-08-10 03:51,SHORT,29858.75,29878.75,2026-08-10 04:03,STOP_HIT,13,4.75,-20.00
PCT_R0.22pct,2026-08-10,2026-08-10 05:53,UP,2026-08-10 06:16,LONG,29880.50,29860.50,2026-08-10 06:18,STOP_HIT,3,7.00,-20.00
PCT_R0.22pct,2026-08-10,2026-08-10 06:37,DOWN,2026-08-10 07:01,SHORT,29776.25,29796.25,2026-08-10 07:01,STOP_HIT,1,1.75,-20.00
PCT_R0.22pct,2026-08-10,2026-08-10 07:35,UP,2026-08-10 08:13,LONG,29816.75,29796.75,2026-08-10 08:31,STOP_HIT,19,26.75,-20.00
PCT_R0.22pct,2026-08-10,2026-08-10 08:00,DOWN,2026-08-10 08:32,SHORT,29768.75,29788.75,2026-08-10 08:35,STOP_HIT,4,24.75,-20.00
PCT_R0.22pct,2026-08-11,2026-08-10 14:00,DOWN,2026-08-10 14:44,SHORT,29724.50,29744.50,2026-08-10 15:44,TIME_LIMIT,61,23.25,10.25
PCT_R0.22pct,2026-08-11,2026-08-10 16:02,UP,2026-08-10 16:18,LONG,29730.50,29710.50,2026-08-10 17:18,TIME_LIMIT,61,97.25,85.00
PCT_R0.22pct,2026-08-11,2026-08-10 20:31,DOWN,2026-08-10 23:17,SHORT,29763.00,29783.00,2026-08-11 00:00,STOP_HIT,44,35.00,-20.00
PCT_R0.22pct,2026-08-11,2026-08-10 23:23,UP,2026-08-11 00:06,LONG,29773.75,29753.75,2026-08-11 00:09,STOP_HIT,4,6.00,-20.00
PCT_R0.22pct,2026-08-11,2026-08-11 00:03,DOWN,2026-08-11 00:13,SHORT,29731.50,29751.50,2026-08-11 00:42,STOP_HIT,30,13.75,-20.00
PCT_R0.22pct,2026-08-11,2026-08-11 00:35,UP,2026-08-11 02:57,LONG,29815.00,29795.00,2026-08-11 03:57,TIME_LIMIT,61,71.75,17.50
PCT_R0.22pct,2026-08-11,2026-08-11 05:47,UP,2026-08-11 06:40,LONG,29744.75,29724.75,2026-08-11 07:08,STOP_HIT,29,60.00,-20.00
PCT_R0.22pct,2026-08-11,2026-08-11 06:52,DOWN,2026-08-11 07:16,SHORT,29711.50,29731.50,2026-08-11 07:22,STOP_HIT,7,14.00,-20.00
PCT_R0.22pct,2026-08-12,2026-08-11 16:08,UP,2026-08-11 18:35,LONG,29689.25,29669.25,2026-08-11 19:35,TIME_LIMIT,61,20.75,12.25
PCT_R0.22pct,2026-08-12,2026-08-12 06:31,UP,2026-08-12 06:41,LONG,29921.25,29901.25,2026-08-12 06:42,STOP_HIT,2,6.50,-20.00
PCT_R0.22pct,2026-08-12,2026-08-12 07:41,UP,2026-08-12 09:31,LONG,29905.75,29885.75,2026-08-12 10:31,TIME_LIMIT,61,18.25,0.75
PCT_R0.22pct,2026-08-12,2026-08-12 10:41,DOWN,2026-08-12 11:24,SHORT,29870.25,29890.25,2026-08-12 12:05,STOP_HIT,42,44.50,-20.00
PCT_R0.22pct,2026-08-13,2026-08-12 14:31,UP,2026-08-12 16:04,LONG,29847.75,29827.75,2026-08-12 17:01,STOP_HIT,58,19.00,-20.00
PCT_R0.22pct,2026-08-13,2026-08-13 04:30,DOWN,2026-08-13 04:52,SHORT,29869.50,29889.50,2026-08-13 05:00,STOP_HIT,9,3.75,-20.00
PCT_R0.22pct,2026-08-13,2026-08-13 04:31,UP,2026-08-13 05:01,LONG,29889.25,29869.25,2026-08-13 05:31,STOP_HIT,31,31.75,-20.00
PCT_R0.22pct,2026-08-19,2026-08-18 14:21,DOWN,2026-08-18 15:42,SHORT,29533.25,29553.25,2026-08-18 16:32,STOP_HIT,51,91.25,-20.00
PCT_R0.22pct,2026-08-19,2026-08-18 16:15,UP,2026-08-18 16:46,LONG,29572.00,29552.00,2026-08-18 16:57,STOP_HIT,12,14.00,-20.00
PCT_R0.22pct,2026-08-19,2026-08-18 17:22,DOWN,2026-08-18 19:18,SHORT,29545.25,29565.25,2026-08-18 19:37,STOP_HIT,20,25.50,-20.00
PCT_R0.22pct,2026-08-19,2026-08-18 22:12,UP,2026-08-18 23:21,LONG,29559.50,29539.50,2026-08-19 00:21,TIME_LIMIT,61,81.25,52.75
PCT_R0.22pct,2026-08-19,2026-08-19 03:00,UP,2026-08-19 03:20,LONG,29547.75,29527.75,2026-08-19 03:34,STOP_HIT,15,12.50,-20.00
PCT_R0.22pct,2026-08-19,2026-08-19 03:08,DOWN,2026-08-19 03:43,SHORT,29512.50,29532.50,2026-08-19 03:58,STOP_HIT,16,5.75,-20.00
PCT_R0.22pct,2026-08-19,2026-08-19 03:48,UP,2026-08-19 04:20,LONG,29569.50,29549.50,2026-08-19 04:31,STOP_HIT,12,13.50,-20.00
PCT_R0.22pct,2026-08-19,2026-08-19 06:22,UP,2026-08-19 07:02,LONG,29612.25,29592.25,2026-08-19 07:05,STOP_HIT,4,2.00,-20.00
PCT_R0.22pct,2026-08-19,2026-08-19 08:19,DOWN,2026-08-19 09:29,SHORT,29542.75,29562.75,2026-08-19 10:01,STOP_HIT,33,29.00,-20.00
PCT_R0.22pct,2026-08-19,2026-08-19 10:17,UP,2026-08-19 11:35,LONG,29582.00,29562.00,2026-08-19 11:35,STOP_HIT,1,0.00,-20.00
PCT_R0.22pct,2026-08-20,2026-08-19 14:00,UP,2026-08-19 14:15,LONG,29627.25,29607.25,2026-08-19 14:20,STOP_HIT,6,1.25,-20.00
PCT_R0.22pct,2026-08-20,2026-08-19 16:08,UP,2026-08-19 16:19,LONG,29651.00,29631.00,2026-08-19 16:24,STOP_HIT,6,14.50,-20.00
PCT_R0.22pct,2026-08-20,2026-08-19 17:02,DOWN,2026-08-19 18:34,SHORT,29645.25,29665.25,2026-08-19 19:34,TIME_LIMIT,61,44.00,42.25
PCT_R0.22pct,2026-08-20,2026-08-19 21:14,UP,2026-08-19 22:37,LONG,29665.50,29645.50,2026-08-19 23:01,STOP_HIT,25,21.00,-20.00
PCT_R0.22pct,2026-08-20,2026-08-19 22:52,DOWN,2026-08-19 23:28,SHORT,29611.00,29631.00,2026-08-19 23:35,STOP_HIT,8,16.00,-20.00
PCT_R0.22pct,2026-08-20,2026-08-20 06:35,UP,2026-08-20 06:45,LONG,29421.50,29401.50,2026-08-20 06:47,STOP_HIT,3,12.00,-20.00
PCT_R0.22pct,2026-08-21,2026-08-20 14:00,DOWN,2026-08-20 14:10,SHORT,29287.50,29307.50,2026-08-20 14:35,STOP_HIT,26,11.00,-20.00
PCT_R0.22pct,2026-08-21,2026-08-20 14:05,UP,2026-08-20 16:07,LONG,29341.00,29321.00,2026-08-20 16:10,STOP_HIT,4,4.25,-20.00
PCT_R0.22pct,2026-08-21,2026-08-21 06:21,UP,2026-08-21 07:55,LONG,29472.75,29452.75,2026-08-21 07:57,STOP_HIT,3,0.75,-20.00
PCT_R0.22pct,2026-08-24,2026-08-23 14:00,DOWN,2026-08-23 14:10,SHORT,29321.00,29341.00,2026-08-23 14:22,STOP_HIT,13,8.00,-20.00
PCT_R0.22pct,2026-08-24,2026-08-23 14:01,UP,2026-08-23 14:43,LONG,29372.75,29352.75,2026-08-23 15:43,TIME_LIMIT,61,75.25,49.00
PCT_R0.22pct,2026-08-24,2026-08-23 15:51,DOWN,2026-08-23 16:39,SHORT,29366.25,29386.25,2026-08-23 16:49,STOP_HIT,11,14.75,-20.00
PCT_R0.22pct,2026-08-24,2026-08-23 16:26,UP,2026-08-23 17:23,LONG,29423.75,29403.75,2026-08-23 17:30,STOP_HIT,8,9.25,-20.00
PCT_R0.22pct,2026-08-24,2026-08-23 17:19,DOWN,2026-08-23 17:49,SHORT,29379.25,29399.25,2026-08-23 17:51,STOP_HIT,3,4.75,-20.00
PCT_R0.22pct,2026-08-24,2026-08-24 07:21,UP,2026-08-24 07:31,LONG,29130.25,29110.25,2026-08-24 08:31,TIME_LIMIT,61,94.50,58.00
PCT_R0.22pct,2026-08-24,2026-08-24 09:55,UP,2026-08-24 10:10,LONG,29179.25,29159.25,2026-08-24 10:56,STOP_HIT,47,54.00,-20.00
PCT_R0.22pct,2026-08-24,2026-08-24 10:30,DOWN,2026-08-24 11:49,SHORT,29128.25,29148.25,2026-08-24 12:49,TIME_LIMIT,61,47.50,31.75
PCT_R0.22pct,2026-08-25,2026-08-24 14:00,DOWN,2026-08-24 15:43,SHORT,29086.00,29106.00,2026-08-24 16:42,STOP_HIT,60,69.00,-20.00
PCT_R0.22pct,2026-08-25,2026-08-24 16:19,UP,2026-08-24 16:53,LONG,29125.75,29105.75,2026-08-24 17:23,STOP_HIT,31,18.25,-20.00
PCT_R0.22pct,2026-08-25,2026-08-25 05:49,DOWN,2026-08-25 06:03,SHORT,29274.25,29294.25,2026-08-25 07:03,TIME_LIMIT,61,136.25,67.50
PCT_R0.22pct,2026-08-25,2026-08-25 07:33,DOWN,2026-08-25 07:49,SHORT,29226.75,29246.75,2026-08-25 07:52,STOP_HIT,4,4.00,-20.00
PCT_R0.22pct,2026-08-25,2026-08-25 07:49,UP,2026-08-25 08:04,LONG,29288.25,29268.25,2026-08-25 08:09,STOP_HIT,6,0.00,-20.00
PCT_R0.22pct,2026-08-25,2026-08-25 08:30,DOWN,2026-08-25 09:09,SHORT,29229.50,29249.50,2026-08-25 09:16,STOP_HIT,8,5.50,-20.00
PCT_R0.22pct,2026-08-25,2026-08-25 10:08,UP,2026-08-25 12:30,LONG,29302.00,29282.00,2026-08-25 12:44,STOP_HIT,15,6.75,-20.00
PCT_R0.22pct,2026-08-26,2026-08-25 14:00,DOWN,2026-08-25 15:30,SHORT,29246.00,29266.00,2026-08-25 16:30,TIME_LIMIT,61,80.75,59.25
PCT_R0.22pct,2026-08-26,2026-08-25 17:35,UP,2026-08-25 19:31,LONG,29216.75,29196.75,2026-08-25 20:31,TIME_LIMIT,61,66.50,57.00
PCT_R0.22pct,2026-08-26,2026-08-25 22:48,DOWN,2026-08-25 23:48,SHORT,29208.00,29228.00,2026-08-26 00:04,STOP_HIT,17,20.75,-20.00
PCT_R0.22pct,2026-08-26,2026-08-26 00:22,UP,2026-08-26 00:43,LONG,29248.75,29228.75,2026-08-26 00:51,STOP_HIT,9,0.50,-20.00
PCT_R0.22pct,2026-08-26,2026-08-26 03:18,DOWN,2026-08-26 03:51,SHORT,29206.00,29226.00,2026-08-26 03:51,STOP_HIT,1,1.50,-20.00
PCT_R0.22pct,2026-08-26,2026-08-26 03:48,UP,2026-08-26 04:30,LONG,29256.75,29236.75,2026-08-26 04:30,STOP_HIT,1,6.50,-20.00
PCT_R0.22pct,2026-08-26,2026-08-26 05:59,DOWN,2026-08-26 06:37,SHORT,29214.75,29234.75,2026-08-26 06:40,STOP_HIT,4,2.50,-20.00
PCT_R0.22pct,2026-08-26,2026-08-26 06:28,UP,2026-08-26 07:04,LONG,29259.50,29239.50,2026-08-26 07:16,STOP_HIT,13,23.50,-20.00
PCT_R0.22pct,2026-08-26,2026-08-26 07:50,DOWN,2026-08-26 08:00,SHORT,29217.75,29237.75,2026-08-26 09:00,TIME_LIMIT,61,47.75,-7.25
PCT_R0.22pct,2026-08-26,2026-08-26 08:44,UP,2026-08-26 09:29,LONG,29267.50,29247.50,2026-08-26 10:29,TIME_LIMIT,61,28.50,12.50
PCT_R0.22pct,2026-08-27,2026-08-26 14:00,UP,2026-08-26 14:10,LONG,29560.75,29540.75,2026-08-26 15:10,TIME_LIMIT,61,67.75,40.00
PCT_R0.22pct,2026-08-27,2026-08-26 16:00,DOWN,2026-08-26 16:24,SHORT,29571.75,29591.75,2026-08-26 17:24,TIME_LIMIT,61,139.25,74.50
PCT_R0.22pct,2026-08-27,2026-08-26 19:25,DOWN,2026-08-26 20:39,SHORT,29510.75,29530.75,2026-08-26 21:39,TIME_LIMIT,61,65.50,50.75
PCT_R0.22pct,2026-08-27,2026-08-26 22:12,UP,2026-08-27 00:30,LONG,29656.75,29636.75,2026-08-27 00:33,STOP_HIT,4,1.25,-20.00
PCT_R0.22pct,2026-08-27,2026-08-27 03:50,UP,2026-08-27 04:12,LONG,29583.50,29563.50,2026-08-27 04:33,STOP_HIT,22,7.00,-20.00
PCT_R0.22pct,2026-08-27,2026-08-27 04:26,DOWN,2026-08-27 04:51,SHORT,29530.00,29550.00,2026-08-27 05:05,STOP_HIT,15,14.50,-20.00
PCT_R0.22pct,2026-08-27,2026-08-27 05:57,UP,2026-08-27 06:23,LONG,29581.50,29561.50,2026-08-27 06:39,STOP_HIT,17,42.00,-20.00
PCT_R0.22pct,2026-08-27,2026-08-27 10:28,UP,2026-08-27 11:06,LONG,29581.75,29561.75,2026-08-27 12:06,TIME_LIMIT,61,126.25,95.00
PCT_R0.22pct,2026-08-28,2026-08-27 19:29,DOWN,2026-08-27 21:21,SHORT,29623.50,29643.50,2026-08-27 22:21,TIME_LIMIT,61,29.00,8.50
PCT_R0.22pct,2026-08-28,2026-08-28 00:07,UP,2026-08-28 05:14,LONG,29655.25,29635.25,2026-08-28 05:25,STOP_HIT,12,7.50,-20.00
PCT_R0.22pct,2026-08-28,2026-08-28 05:02,DOWN,2026-08-28 05:31,SHORT,29610.75,29630.75,2026-08-28 05:37,STOP_HIT,7,48.00,-20.00
PCT_R0.22pct,2026-08-28,2026-08-28 05:33,UP,2026-08-28 05:43,LONG,29695.00,29675.00,2026-08-28 05:45,STOP_HIT,3,6.75,-20.00
