construction,trade_date,leg_anchor_time,leg_direction,entry_time,direction,entry_price,stop_price,target_price,exit_time,exit_reason,bars_to_resolution,pnl
FIXED_R65,2023-11-16,2023-11-16 03:17,UP,2023-11-16 04:56,SHORT,15887.25,15897.25,15884.00,2023-11-16 04:56,STOP_HIT,1,-10.00
FIXED_R65,2023-11-16,2023-11-16 05:06,DOWN,2023-11-16 05:53,LONG,15831.50,15821.50,15834.75,2023-11-16 05:53,TARGET_HIT,1,3.25
FIXED_R65,2023-11-16,2023-11-16 06:38,UP,2023-11-16 07:28,SHORT,15874.00,15884.00,15870.75,2023-11-16 07:32,TARGET_HIT,5,3.25
FIXED_R65,2023-11-16,2023-11-16 07:41,DOWN,2023-11-16 09:33,LONG,15860.00,15850.00,15863.25,2023-11-16 09:33,TARGET_HIT,1,3.25
FIXED_R65,2023-11-17,2023-11-17 03:22,DOWN,2023-11-17 06:04,LONG,15839.25,15829.25,15842.50,2023-11-17 06:04,TARGET_HIT,1,3.25
FIXED_R65,2023-11-17,2023-11-17 06:06,UP,2023-11-17 07:08,SHORT,15888.50,15898.50,15885.25,2023-11-17 07:18,TARGET_HIT,11,3.25
FIXED_R65,2023-11-20,2023-11-19 13:00,DOWN,2023-11-19 19:54,LONG,15839.50,15829.50,15842.75,2023-11-19 20:03,TARGET_HIT,10,3.25
FIXED_R65,2023-11-20,2023-11-19 19:55,UP,2023-11-20 04:42,SHORT,15965.50,15975.50,15962.25,2023-11-20 04:42,TARGET_HIT,1,3.25
FIXED_R65,2023-11-21,2023-11-20 17:38,DOWN,2023-11-21 02:02,LONG,16065.75,16055.75,16069.00,2023-11-21 02:21,TARGET_HIT,20,3.25
FIXED_R65,2023-11-22,2023-11-22 04:37,DOWN,2023-11-22 05:28,LONG,16046.75,16036.75,16050.00,2023-11-22 05:28,TARGET_HIT,1,3.25
FIXED_R65,2023-11-22,2023-11-22 05:18,UP,2023-11-22 05:31,SHORT,16077.50,16087.50,16074.25,2023-11-22 05:31,TARGET_HIT,1,3.25
FIXED_R65,2023-11-22,2023-11-22 05:36,DOWN,2023-11-22 06:21,LONG,16051.00,16041.00,16054.25,2023-11-22 06:21,TARGET_HIT,1,3.25
FIXED_R65,2023-11-22,2023-11-22 05:54,UP,2023-11-22 07:07,SHORT,16091.50,16101.50,16088.25,2023-11-22 07:07,TARGET_HIT,1,3.25
FIXED_R65,2023-11-22,2023-11-22 08:31,DOWN,2023-11-22 09:58,LONG,16050.50,16040.50,16053.75,2023-11-22 09:58,TARGET_HIT,1,3.25
FIXED_R65,2023-11-24,2023-11-23 13:00,DOWN,2023-11-24 04:31,LONG,16009.50,15999.50,16012.75,2023-11-24 04:31,TARGET_HIT,1,3.25
FIXED_R65,2023-11-27,2023-11-26 13:00,DOWN,2023-11-26 17:09,LONG,15945.75,15935.75,15949.00,2023-11-26 18:22,TARGET_HIT,74,3.25
FIXED_R65,2023-11-27,2023-11-26 17:26,UP,2023-11-27 00:44,SHORT,16002.25,16012.25,15999.00,2023-11-27 00:44,TARGET_HIT,1,3.25
FIXED_R65,2023-11-27,2023-11-27 04:30,DOWN,2023-11-27 04:47,LONG,15997.75,15987.75,16001.00,2023-11-27 04:47,TARGET_HIT,1,3.25
FIXED_R65,2023-11-27,2023-11-27 04:36,UP,2023-11-27 05:10,SHORT,16044.00,16054.00,16040.75,2023-11-27 05:10,TARGET_HIT,1,3.25
FIXED_R65,2023-11-28,2023-11-27 16:23,DOWN,2023-11-28 03:11,LONG,15948.75,15938.75,15952.00,2023-11-28 03:11,TARGET_HIT,1,3.25
FIXED_R65,2023-11-28,2023-11-28 03:13,UP,2023-11-28 05:40,SHORT,16010.25,16020.25,16007.00,2023-11-28 05:40,STOP_HIT,1,-10.00
FIXED_R65,2023-11-28,2023-11-28 08:15,UP,2023-11-28 10:51,SHORT,16038.50,16048.50,16035.25,2023-11-28 10:51,TARGET_HIT,1,3.25
FIXED_R65,2023-11-29,2023-11-28 13:05,UP,2023-11-28 23:26,SHORT,16103.25,16113.25,16100.00,2023-11-28 23:27,STOP_HIT,2,-10.00
FIXED_R65,2023-11-29,2023-11-29 04:38,DOWN,2023-11-29 05:30,LONG,16108.75,16098.75,16112.00,2023-11-29 05:31,TARGET_HIT,2,3.25
FIXED_R65,2023-11-30,2023-11-29 22:51,UP,2023-11-30 03:31,SHORT,16078.50,16088.50,16075.25,2023-11-30 03:31,STOP_HIT,1,-10.00
FIXED_R65,2023-11-30,2023-11-30 03:30,DOWN,2023-11-30 04:29,LONG,16035.25,16025.25,16038.50,2023-11-30 04:30,STOP_HIT,2,-10.00
FIXED_R65,2023-12-01,2023-11-30 23:34,DOWN,2023-12-01 02:32,LONG,15943.50,15933.50,15946.75,2023-12-01 02:32,TARGET_HIT,1,3.25
FIXED_R65,2023-12-01,2023-12-01 05:02,DOWN,2023-12-01 05:16,LONG,15903.00,15893.00,15906.25,2023-12-01 05:16,TARGET_HIT,1,3.25
FIXED_R65,2023-12-01,2023-12-01 05:31,UP,2023-12-01 06:28,SHORT,15950.25,15960.25,15947.00,2023-12-01 06:29,STOP_HIT,2,-10.00
FIXED_R65,2023-12-04,2023-12-03 13:00,DOWN,2023-12-03 21:42,LONG,15959.25,15949.25,15962.50,2023-12-03 21:45,TARGET_HIT,4,3.25
FIXED_R65,2023-12-04,2023-12-04 07:57,DOWN,2023-12-04 09:44,LONG,15829.50,15819.50,15832.75,2023-12-04 09:44,TARGET_HIT,1,3.25
FIXED_R65,2023-12-04,2023-12-04 09:06,UP,2023-12-04 10:45,SHORT,15861.00,15871.00,15857.75,2023-12-04 10:45,TARGET_HIT,1,3.25
FIXED_R65,2023-12-05,2023-12-04 13:00,DOWN,2023-12-04 20:55,LONG,15798.75,15788.75,15802.00,2023-12-04 21:02,STOP_HIT,8,-10.00
FIXED_R65,2023-12-05,2023-12-04 21:26,UP,2023-12-05 04:37,SHORT,15826.50,15836.50,15823.25,2023-12-05 04:38,TARGET_HIT,2,3.25
FIXED_R65,2023-12-05,2023-12-05 06:54,UP,2023-12-05 07:11,SHORT,15891.50,15901.50,15888.25,2023-12-05 07:11,TARGET_HIT,1,3.25
FIXED_R65,2023-12-05,2023-12-05 07:10,DOWN,2023-12-05 07:47,LONG,15831.75,15821.75,15835.00,2023-12-05 07:47,TARGET_HIT,1,3.25
FIXED_R65,2023-12-05,2023-12-05 07:46,UP,2023-12-05 09:17,SHORT,15891.00,15901.00,15887.75,2023-12-05 09:19,STOP_HIT,3,-10.00
FIXED_R65,2023-12-06,2023-12-05 13:02,UP,2023-12-05 14:16,SHORT,15955.50,15965.50,15952.25,2023-12-05 14:21,TARGET_HIT,6,3.25
FIXED_R65,2023-12-06,2023-12-05 17:49,DOWN,2023-12-06 02:17,LONG,15926.75,15916.75,15930.00,2023-12-06 02:18,TARGET_HIT,2,3.25
FIXED_R65,2023-12-06,2023-12-06 02:28,UP,2023-12-06 03:44,SHORT,15991.00,16001.00,15987.75,2023-12-06 03:46,TARGET_HIT,3,3.25
FIXED_R65,2023-12-06,2023-12-06 04:30,DOWN,2023-12-06 04:40,LONG,15942.50,15932.50,15945.75,2023-12-06 04:40,TARGET_HIT,1,3.25
FIXED_R65,2023-12-07,2023-12-07 04:50,UP,2023-12-07 05:13,SHORT,15952.75,15962.75,15949.50,2023-12-07 05:14,STOP_HIT,2,-10.00
FIXED_R65,2023-12-08,2023-12-08 03:32,UP,2023-12-08 05:29,SHORT,16104.00,16114.00,16100.75,2023-12-08 05:29,TARGET_HIT,1,3.25
FIXED_R65,2023-12-11,2023-12-10 13:12,DOWN,2023-12-10 19:27,LONG,16049.75,16039.75,16053.00,2023-12-10 19:29,TARGET_HIT,3,3.25
FIXED_R65,2023-12-11,2023-12-11 01:25,UP,2023-12-11 04:34,SHORT,16118.25,16128.25,16115.00,2023-12-11 04:34,STOP_HIT,1,-10.00
FIXED_R65,2023-12-12,2023-12-11 13:07,UP,2023-12-12 03:27,SHORT,16294.75,16304.75,16291.50,2023-12-12 03:28,TARGET_HIT,2,3.25
FIXED_R65,2023-12-12,2023-12-12 03:31,DOWN,2023-12-12 03:57,LONG,16243.50,16233.50,16246.75,2023-12-12 03:57,TARGET_HIT,1,3.25
FIXED_R65,2023-12-12,2023-12-12 04:43,UP,2023-12-12 05:24,SHORT,16257.75,16267.75,16254.50,2023-12-12 05:24,STOP_HIT,1,-10.00
FIXED_R65,2023-12-13,2023-12-12 13:00,UP,2023-12-13 04:38,SHORT,16442.50,16452.50,16439.25,2023-12-13 04:38,TARGET_HIT,1,3.25
FIXED_R65,2023-12-13,2023-12-13 04:38,DOWN,2023-12-13 07:05,LONG,16386.50,16376.50,16389.75,2023-12-13 07:09,TARGET_HIT,5,3.25
FIXED_R65,2023-12-14,2023-12-13 13:00,UP,2023-12-13 14:18,SHORT,16628.25,16638.25,16625.00,2023-12-13 14:29,STOP_HIT,12,-10.00
FIXED_R65,2023-12-14,2023-12-13 16:26,DOWN,2023-12-13 23:38,LONG,16612.50,16602.50,16615.75,2023-12-13 23:39,TARGET_HIT,2,3.25
FIXED_R65,2023-12-14,2023-12-14 03:32,UP,2023-12-14 04:58,SHORT,16655.00,16665.00,16651.75,2023-12-14 04:58,TARGET_HIT,1,3.25
FIXED_R65,2024-02-15,2024-02-14 15:18,UP,2024-02-14 21:12,SHORT,17914.25,17924.25,17911.00,2024-02-14 21:12,TARGET_HIT,1,3.25
FIXED_R65,2024-02-15,2024-02-15 03:33,DOWN,2024-02-15 04:36,LONG,17870.75,17860.75,17874.00,2024-02-15 04:36,STOP_HIT,1,-10.00
FIXED_R65,2024-02-15,2024-02-15 06:09,UP,2024-02-15 08:22,SHORT,17916.25,17926.25,17913.00,2024-02-15 08:22,TARGET_HIT,1,3.25
FIXED_R65,2024-02-16,2024-02-15 15:41,UP,2024-02-15 22:06,SHORT,17976.75,17986.75,17973.50,2024-02-15 22:16,STOP_HIT,11,-10.00
FIXED_R65,2024-02-16,2024-02-16 06:58,DOWN,2024-02-16 08:05,LONG,17825.50,17815.50,17828.75,2024-02-16 08:05,STOP_HIT,1,-10.00
FIXED_R65,2024-02-16,2024-02-16 08:11,UP,2024-02-16 09:33,SHORT,17887.50,17897.50,17884.25,2024-02-16 09:33,TARGET_HIT,1,3.25
FIXED_R65,2024-02-16,2024-02-16 09:10,DOWN,2024-02-16 09:51,LONG,17784.00,17774.00,17787.25,2024-02-16 09:51,TARGET_HIT,1,3.25
FIXED_R65,2024-02-19,2024-02-18 13:00,UP,2024-02-18 13:13,SHORT,17786.50,17796.50,17783.25,2024-02-18 13:13,TARGET_HIT,1,3.25
FIXED_R65,2024-02-20,2024-02-19 13:00,DOWN,2024-02-19 14:24,LONG,17725.25,17715.25,17728.50,2024-02-19 14:28,TARGET_HIT,5,3.25
FIXED_R65,2024-02-20,2024-02-20 01:03,UP,2024-02-20 04:33,SHORT,17712.75,17722.75,17709.50,2024-02-20 04:33,TARGET_HIT,1,3.25
FIXED_R65,2024-02-21,2024-02-20 13:12,DOWN,2024-02-20 22:26,LONG,17531.75,17521.75,17535.00,2024-02-20 22:26,TARGET_HIT,1,3.25
FIXED_R65,2024-02-21,2024-02-21 05:04,DOWN,2024-02-21 05:31,LONG,17459.50,17449.50,17462.75,2024-02-21 05:31,TARGET_HIT,1,3.25
FIXED_R65,2024-02-21,2024-02-21 09:43,UP,2024-02-21 11:13,SHORT,17526.00,17536.00,17522.75,2024-02-21 11:16,STOP_HIT,4,-10.00
FIXED_R65,2024-02-22,2024-02-21 13:08,UP,2024-02-21 14:18,SHORT,17740.25,17750.25,17737.00,2024-02-21 14:32,TARGET_HIT,15,3.25
FIXED_R65,2024-02-23,2024-02-22 23:28,UP,2024-02-23 03:26,SHORT,18064.00,18074.00,18060.75,2024-02-23 03:26,TARGET_HIT,1,3.25
FIXED_R65,2024-02-23,2024-02-23 04:37,DOWN,2024-02-23 05:42,LONG,18060.00,18050.00,18063.25,2024-02-23 05:42,STOP_HIT,1,-10.00
FIXED_R65,2024-02-23,2024-02-23 07:32,UP,2024-02-23 08:28,SHORT,18052.25,18062.25,18049.00,2024-02-23 08:30,TARGET_HIT,3,3.25
FIXED_R65,2024-02-26,2024-02-25 13:37,DOWN,2024-02-25 14:57,LONG,17929.50,17919.50,17932.75,2024-02-25 14:57,TARGET_HIT,1,3.25
FIXED_R65,2024-02-26,2024-02-25 14:56,UP,2024-02-25 23:51,SHORT,17986.50,17996.50,17983.25,2024-02-26 00:03,TARGET_HIT,13,3.25
FIXED_R65,2024-02-26,2024-02-26 04:47,UP,2024-02-26 05:23,SHORT,18028.75,18038.75,18025.50,2024-02-26 05:24,TARGET_HIT,2,3.25
FIXED_R65,2024-02-26,2024-02-26 07:32,DOWN,2024-02-26 08:47,LONG,18009.00,17999.00,18012.25,2024-02-26 08:50,STOP_HIT,4,-10.00
FIXED_R65,2024-02-27,2024-02-26 19:43,UP,2024-02-27 04:31,SHORT,18020.25,18030.25,18017.00,2024-02-27 04:31,TARGET_HIT,1,3.25
FIXED_R65,2024-02-27,2024-02-27 04:43,UP,2024-02-27 05:21,SHORT,18028.00,18038.00,18024.75,2024-02-27 05:21,TARGET_HIT,1,3.25
FIXED_R65,2024-02-27,2024-02-27 05:20,DOWN,2024-02-27 06:44,LONG,17971.00,17961.00,17974.25,2024-02-27 06:44,TARGET_HIT,1,3.25
FIXED_R65,2024-02-27,2024-02-27 08:00,UP,2024-02-27 10:36,SHORT,18004.50,18014.50,18001.25,2024-02-27 10:44,STOP_HIT,9,-10.00
FIXED_R65,2024-02-28,2024-02-27 13:04,DOWN,2024-02-27 22:25,LONG,17956.25,17946.25,17959.50,2024-02-27 22:26,TARGET_HIT,2,3.25
FIXED_R65,2024-02-28,2024-02-27 23:49,UP,2024-02-28 04:37,SHORT,17940.50,17950.50,17937.25,2024-02-28 04:37,TARGET_HIT,1,3.25
FIXED_R65,2024-02-28,2024-02-28 03:32,DOWN,2024-02-28 05:56,LONG,17916.50,17906.50,17919.75,2024-02-28 05:57,TARGET_HIT,2,3.25
FIXED_R65,2024-02-28,2024-02-28 06:46,DOWN,2024-02-28 08:01,LONG,17911.25,17901.25,17914.50,2024-02-28 08:01,TARGET_HIT,1,3.25
FIXED_R65,2024-02-29,2024-02-28 13:00,UP,2024-02-28 19:04,SHORT,17929.25,17939.25,17926.00,2024-02-28 19:07,TARGET_HIT,4,3.25
FIXED_R65,2024-02-29,2024-02-28 19:03,DOWN,2024-02-28 22:10,LONG,17865.50,17855.50,17868.75,2024-02-28 22:10,STOP_HIT,1,-10.00
FIXED_R65,2024-02-29,2024-02-29 04:35,DOWN,2024-02-29 06:44,LONG,17922.75,17912.75,17926.00,2024-02-29 06:44,TARGET_HIT,1,3.25
FIXED_R65,2024-02-29,2024-02-29 06:41,UP,2024-02-29 09:16,SHORT,18045.00,18055.00,18041.75,2024-02-29 09:18,STOP_HIT,3,-10.00
FIXED_R65,2024-03-01,2024-02-29 13:36,UP,2024-02-29 15:56,SHORT,18113.00,18123.00,18109.75,2024-02-29 16:51,STOP_HIT,56,-10.00
FIXED_R65,2024-03-01,2024-02-29 21:34,DOWN,2024-03-01 00:23,LONG,18054.25,18044.25,18057.50,2024-03-01 00:23,STOP_HIT,1,-10.00
FIXED_R65,2024-03-01,2024-03-01 00:25,UP,2024-03-01 04:56,SHORT,18122.00,18132.00,18118.75,2024-03-01 04:56,TARGET_HIT,1,3.25
FIXED_R65,2024-03-04,2024-03-03 23:06,DOWN,2024-03-04 03:43,LONG,18344.50,18334.50,18347.75,2024-03-04 03:49,STOP_HIT,7,-10.00
FIXED_R65,2024-03-04,2024-03-04 08:25,UP,2024-03-04 09:52,SHORT,18337.00,18347.00,18333.75,2024-03-04 09:52,TARGET_HIT,1,3.25
FIXED_R65,2024-03-04,2024-03-04 09:39,DOWN,2024-03-04 11:01,LONG,18254.50,18244.50,18257.75,2024-03-04 11:09,STOP_HIT,9,-10.00
FIXED_R65,2024-03-05,2024-03-04 13:00,DOWN,2024-03-04 16:53,LONG,18190.75,18180.75,18194.00,2024-03-04 16:59,TARGET_HIT,7,3.25
FIXED_R65,2024-03-06,2024-03-05 14:51,UP,2024-03-05 22:01,SHORT,18008.00,18018.00,18004.75,2024-03-05 22:01,TARGET_HIT,1,3.25
FIXED_R65,2024-03-06,2024-03-06 05:07,UP,2024-03-06 06:56,SHORT,18121.50,18131.50,18118.25,2024-03-06 07:00,STOP_HIT,5,-10.00
FIXED_R65,2024-03-07,2024-03-06 13:10,DOWN,2024-03-06 14:47,LONG,17981.00,17971.00,17984.25,2024-03-06 14:49,TARGET_HIT,3,3.25
FIXED_R65,2024-03-07,2024-03-06 22:12,UP,2024-03-06 22:37,SHORT,17981.00,17991.00,17977.75,2024-03-06 22:37,TARGET_HIT,1,3.25
FIXED_R65,2024-03-08,2024-03-07 14:11,UP,2024-03-07 22:11,SHORT,18318.75,18328.75,18315.50,2024-03-07 22:11,TARGET_HIT,1,3.25
FIXED_R65,2024-03-08,2024-03-08 04:02,DOWN,2024-03-08 04:32,LONG,18317.25,18307.25,18320.50,2024-03-08 04:32,TARGET_HIT,1,3.25
FIXED_R65,2024-03-08,2024-03-08 04:38,UP,2024-03-08 04:48,SHORT,18349.25,18359.25,18346.00,2024-03-08 04:49,STOP_HIT,2,-10.00
FIXED_R65,2024-03-08,2024-03-08 05:30,DOWN,2024-03-08 06:22,LONG,18268.75,18258.75,18272.00,2024-03-08 06:22,STOP_HIT,1,-10.00
FIXED_R65,2024-03-11,2024-03-10 14:00,DOWN,2024-03-10 14:10,LONG,18007.00,17997.00,18010.25,2024-03-10 14:11,TARGET_HIT,2,3.25
FIXED_R65,2024-03-11,2024-03-10 14:43,UP,2024-03-10 15:51,SHORT,18031.75,18041.75,18028.50,2024-03-10 15:59,STOP_HIT,9,-10.00
FIXED_R65,2024-03-11,2024-03-10 17:42,DOWN,2024-03-10 20:01,LONG,17981.75,17971.75,17985.00,2024-03-10 20:09,TARGET_HIT,9,3.25
FIXED_R65,2024-03-11,2024-03-10 20:00,UP,2024-03-10 23:22,SHORT,18019.75,18029.75,18016.50,2024-03-10 23:23,TARGET_HIT,2,3.25
FIXED_R65,2024-03-11,2024-03-10 23:09,DOWN,2024-03-11 00:10,LONG,17988.50,17978.50,17991.75,2024-03-11 00:11,STOP_HIT,2,-10.00
FIXED_R65,2024-03-11,2024-03-11 00:17,UP,2024-03-11 01:42,SHORT,18024.25,18034.25,18021.00,2024-03-11 01:43,TARGET_HIT,2,3.25
FIXED_R65,2024-03-11,2024-03-11 01:22,DOWN,2024-03-11 03:50,LONG,17984.75,17974.75,17988.00,2024-03-11 03:51,STOP_HIT,2,-10.00
FIXED_R65,2024-03-11,2024-03-11 06:55,DOWN,2024-03-11 07:27,LONG,17948.50,17938.50,17951.75,2024-03-11 07:27,TARGET_HIT,1,3.25
FIXED_R65,2024-03-11,2024-03-11 07:32,UP,2024-03-11 08:01,SHORT,17988.50,17998.50,17985.25,2024-03-11 08:01,TARGET_HIT,1,3.25
FIXED_R65,2024-03-11,2024-03-11 09:32,DOWN,2024-03-11 09:48,LONG,17943.50,17933.50,17946.75,2024-03-11 09:48,TARGET_HIT,1,3.25
FIXED_R65,2024-03-11,2024-03-11 10:50,DOWN,2024-03-11 11:35,LONG,17975.00,17965.00,17978.25,2024-03-11 11:35,TARGET_HIT,1,3.25
FIXED_R65,2024-03-11,2024-03-11 11:52,UP,2024-03-11 12:31,SHORT,18001.75,18011.75,17998.50,2024-03-11 12:32,TARGET_HIT,2,3.25
FIXED_R65,2024-03-12,2024-03-11 14:00,UP,2024-03-11 16:37,SHORT,18065.50,18075.50,18062.25,2024-03-11 16:38,TARGET_HIT,2,3.25
FIXED_R65,2024-03-12,2024-03-12 00:05,DOWN,2024-03-12 00:31,LONG,18034.25,18024.25,18037.50,2024-03-12 00:31,TARGET_HIT,1,3.25
FIXED_R65,2024-03-12,2024-03-12 04:45,DOWN,2024-03-12 05:29,LONG,18062.25,18052.25,18065.50,2024-03-12 05:29,TARGET_HIT,1,3.25
FIXED_R65,2024-03-12,2024-03-12 05:12,UP,2024-03-12 05:31,SHORT,18083.75,18093.75,18080.50,2024-03-12 05:31,TARGET_HIT,1,3.25
FIXED_R65,2024-03-12,2024-03-12 05:46,UP,2024-03-12 06:25,SHORT,18110.00,18120.00,18106.75,2024-03-12 06:26,TARGET_HIT,2,3.25
FIXED_R65,2024-03-13,2024-03-13 00:00,DOWN,2024-03-13 00:51,LONG,18191.75,18181.75,18195.00,2024-03-13 00:51,TARGET_HIT,1,3.25
FIXED_R65,2024-03-13,2024-03-13 07:43,UP,2024-03-13 10:12,SHORT,18123.75,18133.75,18120.50,2024-03-13 10:13,STOP_HIT,2,-10.00
FIXED_R65,2024-03-13,2024-03-13 10:52,DOWN,2024-03-13 11:31,LONG,18085.25,18075.25,18088.50,2024-03-13 11:31,STOP_HIT,1,-10.00
FIXED_R65,2024-03-14,2024-03-13 14:00,UP,2024-03-14 00:05,SHORT,18150.75,18160.75,18147.50,2024-03-14 00:06,TARGET_HIT,2,3.25
FIXED_R65,2024-03-14,2024-03-14 00:21,DOWN,2024-03-14 05:23,LONG,18099.25,18089.25,18102.50,2024-03-14 05:24,TARGET_HIT,2,3.25
FIXED_R65,2024-03-14,2024-03-14 10:12,DOWN,2024-03-14 10:53,LONG,18019.00,18009.00,18022.25,2024-03-14 10:54,TARGET_HIT,2,3.25
FIXED_R65,2024-05-23,2024-05-22 14:22,UP,2024-05-22 17:49,SHORT,18907.75,18917.75,18904.50,2024-05-22 17:49,TARGET_HIT,1,3.25
FIXED_R65,2024-05-23,2024-05-23 04:47,DOWN,2024-05-23 05:37,LONG,18943.00,18933.00,18946.25,2024-05-23 05:37,TARGET_HIT,1,3.25
FIXED_R65,2024-05-23,2024-05-23 06:58,UP,2024-05-23 08:29,SHORT,18922.75,18932.75,18919.50,2024-05-23 08:34,TARGET_HIT,6,3.25
FIXED_R65,2024-05-23,2024-05-23 08:01,DOWN,2024-05-23 08:48,LONG,18874.50,18864.50,18877.75,2024-05-23 08:51,STOP_HIT,4,-10.00
FIXED_R65,2024-05-24,2024-05-23 14:00,UP,2024-05-24 00:51,SHORT,18742.75,18752.75,18739.50,2024-05-24 00:52,TARGET_HIT,2,3.25
FIXED_R65,2024-05-27,2024-05-26 16:00,UP,2024-05-27 05:34,SHORT,18899.50,18909.50,18896.25,2024-05-27 05:38,STOP_HIT,5,-10.00
FIXED_R65,2024-05-28,2024-05-27 14:00,DOWN,2024-05-27 16:12,LONG,18892.50,18882.50,18895.75,2024-05-27 16:16,TARGET_HIT,5,3.25
FIXED_R65,2024-05-28,2024-05-27 16:12,UP,2024-05-28 00:14,SHORT,18953.25,18963.25,18950.00,2024-05-28 00:15,STOP_HIT,2,-10.00
FIXED_R65,2024-05-28,2024-05-28 01:00,DOWN,2024-05-28 03:22,LONG,18914.50,18904.50,18917.75,2024-05-28 03:22,TARGET_HIT,1,3.25
FIXED_R65,2024-05-28,2024-05-28 05:47,UP,2024-05-28 08:43,SHORT,18932.75,18942.75,18929.50,2024-05-28 08:47,STOP_HIT,5,-10.00
FIXED_R65,2024-05-29,2024-05-28 14:00,DOWN,2024-05-28 19:18,LONG,18883.75,18873.75,18887.00,2024-05-28 19:58,TARGET_HIT,41,3.25
FIXED_R65,2024-05-29,2024-05-29 05:28,UP,2024-05-29 06:26,SHORT,18860.25,18870.25,18857.00,2024-05-29 06:26,TARGET_HIT,1,3.25
FIXED_R65,2024-05-29,2024-05-29 06:52,DOWN,2024-05-29 11:05,LONG,18830.50,18820.50,18833.75,2024-05-29 11:05,TARGET_HIT,1,3.25
FIXED_R65,2024-05-30,2024-05-29 14:00,DOWN,2024-05-29 18:25,LONG,18699.50,18689.50,18702.75,2024-05-29 18:25,TARGET_HIT,1,3.25
FIXED_R65,2024-05-30,2024-05-29 22:59,UP,2024-05-30 00:38,SHORT,18723.00,18733.00,18719.75,2024-05-30 00:50,STOP_HIT,13,-10.00
FIXED_R65,2024-05-30,2024-05-30 04:45,DOWN,2024-05-30 06:05,LONG,18738.25,18728.25,18741.50,2024-05-30 06:05,TARGET_HIT,1,3.25
FIXED_R65,2024-05-31,2024-05-30 14:00,DOWN,2024-05-30 16:14,LONG,18523.50,18513.50,18526.75,2024-05-30 16:14,TARGET_HIT,1,3.25
FIXED_R65,2024-05-31,2024-05-30 16:39,UP,2024-05-30 19:32,SHORT,18564.50,18574.50,18561.25,2024-05-30 19:32,TARGET_HIT,1,3.25
FIXED_R65,2024-05-31,2024-05-31 02:53,UP,2024-05-31 04:10,SHORT,18568.50,18578.50,18565.25,2024-05-31 04:12,TARGET_HIT,3,3.25
FIXED_R65,2024-05-31,2024-05-31 04:50,DOWN,2024-05-31 06:27,LONG,18435.50,18425.50,18438.75,2024-05-31 06:27,TARGET_HIT,1,3.25
FIXED_R65,2024-06-03,2024-06-02 14:05,UP,2024-06-02 16:05,SHORT,18608.00,18618.00,18604.75,2024-06-02 16:09,STOP_HIT,5,-10.00
FIXED_R65,2024-06-03,2024-06-03 05:46,DOWN,2024-06-03 06:00,LONG,18681.00,18671.00,18684.25,2024-06-03 06:00,TARGET_HIT,1,3.25
FIXED_R65,2024-06-03,2024-06-03 06:00,DOWN,2024-06-03 06:10,LONG,18654.00,18644.00,18657.25,2024-06-03 06:10,TARGET_HIT,1,3.25
FIXED_R65,2024-06-04,2024-06-03 16:38,DOWN,2024-06-03 22:35,LONG,18608.00,18598.00,18611.25,2024-06-03 22:42,STOP_HIT,8,-10.00
FIXED_R65,2024-06-04,2024-06-04 06:01,DOWN,2024-06-04 06:12,LONG,18599.25,18589.25,18602.50,2024-06-04 06:12,STOP_HIT,1,-10.00
FIXED_R65,2024-06-04,2024-06-04 06:14,UP,2024-06-04 06:35,SHORT,18621.75,18631.75,18618.50,2024-06-04 06:35,TARGET_HIT,1,3.25
FIXED_R65,2024-06-04,2024-06-04 06:41,DOWN,2024-06-04 07:33,LONG,18593.75,18583.75,18597.00,2024-06-04 07:33,STOP_HIT,1,-10.00
FIXED_R65,2024-06-04,2024-06-04 08:14,UP,2024-06-04 08:44,SHORT,18632.75,18642.75,18629.50,2024-06-04 08:46,STOP_HIT,3,-10.00
FIXED_R65,2024-06-05,2024-06-04 14:08,UP,2024-06-04 18:12,SHORT,18761.50,18771.50,18758.25,2024-06-04 18:13,TARGET_HIT,2,3.25
FIXED_R65,2024-06-06,2024-06-06 04:15,DOWN,2024-06-06 04:41,LONG,19066.00,19056.00,19069.25,2024-06-06 04:42,TARGET_HIT,2,3.25
FIXED_R65,2024-06-06,2024-06-06 06:37,DOWN,2024-06-06 11:13,LONG,19058.25,19048.25,19061.50,2024-06-06 11:14,STOP_HIT,2,-10.00
FIXED_R65,2024-06-07,2024-06-07 04:43,UP,2024-06-07 06:50,SHORT,19107.00,19117.00,19103.75,2024-06-07 06:50,TARGET_HIT,1,3.25
FIXED_R65,2024-06-07,2024-06-07 07:11,UP,2024-06-07 07:31,SHORT,19081.25,19091.25,19078.00,2024-06-07 07:31,TARGET_HIT,1,3.25
FIXED_R65,2024-06-07,2024-06-07 09:24,DOWN,2024-06-07 10:24,LONG,19032.50,19022.50,19035.75,2024-06-07 10:24,TARGET_HIT,1,3.25
FIXED_R65,2024-06-10,2024-06-09 14:11,DOWN,2024-06-09 23:03,LONG,19004.25,18994.25,19007.50,2024-06-09 23:03,TARGET_HIT,1,3.25
FIXED_R65,2024-06-10,2024-06-10 01:25,UP,2024-06-10 03:35,SHORT,19039.25,19049.25,19036.00,2024-06-10 03:35,TARGET_HIT,1,3.25
FIXED_R65,2024-06-11,2024-06-10 22:01,DOWN,2024-06-11 02:00,LONG,19049.00,19039.00,19052.25,2024-06-11 02:01,STOP_HIT,2,-10.00
FIXED_R65,2024-06-11,2024-06-11 05:54,UP,2024-06-11 06:22,SHORT,19069.25,19079.25,19066.00,2024-06-11 06:22,TARGET_HIT,1,3.25
FIXED_R65,2024-06-12,2024-06-11 14:08,UP,2024-06-12 04:30,SHORT,19298.00,19308.00,19294.75,2024-06-12 04:30,STOP_HIT,1,-10.00
FIXED_R65,2024-06-12,2024-06-12 10:02,DOWN,2024-06-12 10:12,LONG,19491.75,19481.75,19495.00,2024-06-12 10:12,TARGET_HIT,1,3.25
FIXED_R65,2024-06-12,2024-06-12 10:07,UP,2024-06-12 10:29,SHORT,19529.75,19539.75,19526.50,2024-06-12 10:29,TARGET_HIT,1,3.25
FIXED_R65,2024-06-12,2024-06-12 10:39,DOWN,2024-06-12 10:52,LONG,19494.75,19484.75,19498.00,2024-06-12 10:52,STOP_HIT,1,-10.00
FIXED_R65,2024-06-12,2024-06-12 11:42,UP,2024-06-12 11:58,SHORT,19520.50,19530.50,19517.25,2024-06-12 11:58,STOP_HIT,1,-10.00
FIXED_R65,2024-06-12,2024-06-12 11:58,DOWN,2024-06-12 12:08,LONG,19481.50,19471.50,19484.75,2024-06-12 12:10,TARGET_HIT,3,3.25
FIXED_R65,2024-06-12,2024-06-12 12:04,UP,2024-06-12 12:23,SHORT,19561.75,19571.75,19558.50,2024-06-12 12:23,TARGET_HIT,1,3.25
FIXED_R65,2024-06-13,2024-06-12 15:05,UP,2024-06-12 22:45,SHORT,19646.50,19656.50,19643.25,2024-06-12 22:45,TARGET_HIT,1,3.25
FIXED_R65,2024-06-13,2024-06-12 23:23,DOWN,2024-06-13 03:03,LONG,19622.00,19612.00,19625.25,2024-06-13 03:10,STOP_HIT,8,-10.00
FIXED_R65,2024-06-13,2024-06-13 01:51,UP,2024-06-13 04:36,SHORT,19679.75,19689.75,19676.50,2024-06-13 04:36,TARGET_HIT,1,3.25
FIXED_R65,2024-06-13,2024-06-13 04:30,DOWN,2024-06-13 05:21,LONG,19633.00,19623.00,19636.25,2024-06-13 05:22,TARGET_HIT,2,3.25
FIXED_R65,2024-06-13,2024-06-13 08:30,UP,2024-06-13 12:07,SHORT,19622.50,19632.50,19619.25,2024-06-13 12:07,TARGET_HIT,1,3.25
FIXED_R65,2024-06-14,2024-06-13 14:00,UP,2024-06-13 23:35,SHORT,19653.75,19663.75,19650.50,2024-06-13 23:39,TARGET_HIT,5,3.25
FIXED_R65,2024-06-14,2024-06-13 23:34,DOWN,2024-06-14 01:32,LONG,19590.50,19580.50,19593.75,2024-06-14 01:32,TARGET_HIT,1,3.25
FIXED_R65,2024-06-14,2024-06-14 03:08,UP,2024-06-14 06:14,SHORT,19598.25,19608.25,19595.00,2024-06-14 06:14,TARGET_HIT,1,3.25
FIXED_R65,2024-06-14,2024-06-14 06:24,DOWN,2024-06-14 06:43,LONG,19593.25,19583.25,19596.50,2024-06-14 06:43,TARGET_HIT,1,3.25
FIXED_R65,2024-06-14,2024-06-14 07:50,UP,2024-06-14 08:11,SHORT,19629.75,19639.75,19626.50,2024-06-14 08:12,STOP_HIT,2,-10.00
FIXED_R65,2024-06-17,2024-06-16 14:01,UP,2024-06-17 00:09,SHORT,19735.00,19745.00,19731.75,2024-06-17 00:09,TARGET_HIT,1,3.25
FIXED_R65,2024-06-17,2024-06-17 00:17,DOWN,2024-06-17 04:54,LONG,19682.75,19672.75,19686.00,2024-06-17 04:54,TARGET_HIT,1,3.25
FIXED_R65,2024-06-17,2024-06-17 05:49,UP,2024-06-17 06:38,SHORT,19711.25,19721.25,19708.00,2024-06-17 06:38,TARGET_HIT,1,3.25
FIXED_R65,2024-06-18,2024-06-17 17:59,UP,2024-06-18 00:10,SHORT,19952.25,19962.25,19949.00,2024-06-18 00:12,TARGET_HIT,3,3.25
FIXED_R65,2024-06-18,2024-06-18 04:30,DOWN,2024-06-18 04:44,LONG,19923.00,19913.00,19926.25,2024-06-18 04:44,TARGET_HIT,1,3.25
FIXED_R65,2024-06-18,2024-06-18 09:50,DOWN,2024-06-18 10:05,LONG,19905.00,19895.00,19908.25,2024-06-18 10:05,TARGET_HIT,1,3.25
FIXED_R65,2024-06-20,2024-06-19 14:29,UP,2024-06-19 19:58,SHORT,20013.00,20023.00,20009.75,2024-06-19 20:06,TARGET_HIT,9,3.25
FIXED_R65,2024-06-20,2024-06-19 23:31,DOWN,2024-06-20 04:13,LONG,20013.50,20003.50,20016.75,2024-06-20 04:27,TARGET_HIT,15,3.25
FIXED_R65,2024-08-22,2024-08-21 16:11,DOWN,2024-08-21 18:39,LONG,19885.25,19875.25,19888.50,2024-08-21 18:39,TARGET_HIT,1,3.25
FIXED_R65,2024-08-22,2024-08-21 19:14,UP,2024-08-22 01:19,SHORT,19933.75,19943.75,19930.50,2024-08-22 01:22,TARGET_HIT,4,3.25
FIXED_R65,2024-08-22,2024-08-22 05:31,DOWN,2024-08-22 06:14,LONG,19911.75,19901.75,19915.00,2024-08-22 06:14,TARGET_HIT,1,3.25
FIXED_R65,2024-08-23,2024-08-22 14:00,UP,2024-08-22 19:43,SHORT,19674.50,19684.50,19671.25,2024-08-22 19:43,TARGET_HIT,1,3.25
FIXED_R65,2024-08-23,2024-08-23 05:19,DOWN,2024-08-23 05:45,LONG,19719.25,19709.25,19722.50,2024-08-23 05:45,TARGET_HIT,1,3.25
FIXED_R65,2024-08-23,2024-08-23 05:34,UP,2024-08-23 06:01,SHORT,19818.75,19828.75,19815.50,2024-08-23 06:01,STOP_HIT,1,-10.00
FIXED_R65,2024-08-23,2024-08-23 07:41,DOWN,2024-08-23 07:51,LONG,19733.75,19723.75,19737.00,2024-08-23 07:51,STOP_HIT,1,-10.00
FIXED_R65,2024-08-23,2024-08-23 08:46,UP,2024-08-23 10:35,SHORT,19738.50,19748.50,19735.25,2024-08-23 10:35,TARGET_HIT,1,3.25
FIXED_R65,2024-08-26,2024-08-25 14:07,DOWN,2024-08-25 14:37,LONG,19767.25,19757.25,19770.50,2024-08-25 14:37,STOP_HIT,1,-10.00
FIXED_R65,2024-08-26,2024-08-25 15:00,UP,2024-08-25 16:55,SHORT,19805.50,19815.50,19802.25,2024-08-25 16:57,TARGET_HIT,3,3.25
FIXED_R65,2024-08-26,2024-08-25 17:19,DOWN,2024-08-25 22:16,LONG,19797.50,19787.50,19800.75,2024-08-25 22:18,TARGET_HIT,3,3.25
FIXED_R65,2024-08-26,2024-08-25 19:47,UP,2024-08-25 23:27,SHORT,19823.00,19833.00,19819.75,2024-08-25 23:28,TARGET_HIT,2,3.25
FIXED_R65,2024-08-26,2024-08-26 00:08,DOWN,2024-08-26 04:45,LONG,19750.75,19740.75,19754.00,2024-08-26 04:45,TARGET_HIT,1,3.25
FIXED_R65,2024-08-27,2024-08-26 14:48,UP,2024-08-26 16:22,SHORT,19586.00,19596.00,19582.75,2024-08-26 16:24,TARGET_HIT,3,3.25
FIXED_R65,2024-08-27,2024-08-27 01:24,DOWN,2024-08-27 02:42,LONG,19589.75,19579.75,19593.00,2024-08-27 02:44,STOP_HIT,3,-10.00
FIXED_R65,2024-08-27,2024-08-27 05:45,UP,2024-08-27 06:03,SHORT,19553.00,19563.00,19549.75,2024-08-27 06:03,TARGET_HIT,1,3.25
FIXED_R65,2024-08-28,2024-08-27 14:02,DOWN,2024-08-27 14:22,LONG,19578.00,19568.00,19581.25,2024-08-27 14:22,TARGET_HIT,1,3.25
FIXED_R65,2024-08-28,2024-08-27 15:26,UP,2024-08-27 18:16,SHORT,19621.50,19631.50,19618.25,2024-08-27 18:25,TARGET_HIT,10,3.25
FIXED_R65,2024-08-28,2024-08-28 00:56,DOWN,2024-08-28 05:38,LONG,19610.50,19600.50,19613.75,2024-08-28 05:38,TARGET_HIT,1,3.25
FIXED_R65,2024-08-29,2024-08-28 14:00,UP,2024-08-28 14:10,SHORT,19225.75,19235.75,19222.50,2024-08-28 14:10,TARGET_HIT,1,3.25
FIXED_R65,2024-08-29,2024-08-28 14:07,DOWN,2024-08-28 14:41,LONG,19187.50,19177.50,19190.75,2024-08-28 14:41,TARGET_HIT,1,3.25
FIXED_R65,2024-08-29,2024-08-28 14:46,UP,2024-08-28 17:29,SHORT,19224.50,19234.50,19221.25,2024-08-28 17:30,TARGET_HIT,2,3.25
FIXED_R65,2024-08-29,2024-08-29 08:48,DOWN,2024-08-29 10:45,LONG,19385.00,19375.00,19388.25,2024-08-29 10:45,STOP_HIT,1,-10.00
FIXED_R65,2024-08-30,2024-08-29 14:03,DOWN,2024-08-29 16:08,LONG,19400.00,19390.00,19403.25,2024-08-29 16:08,TARGET_HIT,1,3.25
FIXED_R65,2024-08-30,2024-08-29 16:07,UP,2024-08-29 18:23,SHORT,19458.00,19468.00,19454.75,2024-08-29 18:31,STOP_HIT,9,-10.00
FIXED_R65,2024-08-30,2024-08-30 06:26,UP,2024-08-30 06:37,SHORT,19583.00,19593.00,19579.75,2024-08-30 06:37,TARGET_HIT,1,3.25
FIXED_R65,2024-08-30,2024-08-30 06:41,DOWN,2024-08-30 06:59,LONG,19478.25,19468.25,19481.50,2024-08-30 06:59,STOP_HIT,1,-10.00
FIXED_R65,2024-08-30,2024-08-30 10:00,UP,2024-08-30 10:54,SHORT,19533.25,19543.25,19530.00,2024-08-30 10:54,TARGET_HIT,1,3.25
FIXED_R65,2024-09-02,2024-09-01 14:02,DOWN,2024-09-01 22:48,LONG,19560.25,19550.25,19563.50,2024-09-01 22:49,TARGET_HIT,2,3.25
FIXED_R65,2024-09-02,2024-09-01 23:30,UP,2024-09-02 04:16,SHORT,19620.00,19630.00,19616.75,2024-09-02 04:22,TARGET_HIT,7,3.25
FIXED_R65,2024-09-03,2024-09-02 14:14,DOWN,2024-09-02 15:19,LONG,19619.25,19609.25,19622.50,2024-09-02 15:19,TARGET_HIT,1,3.25
FIXED_R65,2024-09-03,2024-09-02 23:44,DOWN,2024-09-03 00:56,LONG,19529.50,19519.50,19532.75,2024-09-03 00:56,TARGET_HIT,1,3.25
FIXED_R65,2024-09-04,2024-09-03 14:02,DOWN,2024-09-03 15:51,LONG,18945.00,18935.00,18948.25,2024-09-03 15:51,TARGET_HIT,1,3.25
FIXED_R65,2024-09-04,2024-09-03 22:30,DOWN,2024-09-03 22:59,LONG,18843.00,18833.00,18846.25,2024-09-03 22:59,TARGET_HIT,1,3.25
FIXED_R65,2024-09-04,2024-09-03 23:01,UP,2024-09-04 00:31,SHORT,18916.00,18926.00,18912.75,2024-09-04 00:31,STOP_HIT,1,-10.00
FIXED_R65,2024-09-04,2024-09-04 01:46,DOWN,2024-09-04 02:48,LONG,18885.50,18875.50,18888.75,2024-09-04 02:48,TARGET_HIT,1,3.25
FIXED_R65,2024-09-04,2024-09-04 03:05,UP,2024-09-04 05:35,SHORT,18922.25,18932.25,18919.00,2024-09-04 05:35,TARGET_HIT,1,3.25
FIXED_R65,2024-09-04,2024-09-04 11:10,UP,2024-09-04 11:52,SHORT,19007.00,19017.00,19003.75,2024-09-04 11:52,TARGET_HIT,1,3.25
FIXED_R65,2024-09-04,2024-09-04 11:51,DOWN,2024-09-04 12:05,LONG,18963.00,18953.00,18966.25,2024-09-04 12:07,STOP_HIT,3,-10.00
FIXED_R65,2024-09-05,2024-09-04 14:37,DOWN,2024-09-04 15:42,LONG,18903.25,18893.25,18906.50,2024-09-04 15:42,TARGET_HIT,1,3.25
FIXED_R65,2024-09-05,2024-09-04 15:43,UP,2024-09-04 16:26,SHORT,18983.75,18993.75,18980.50,2024-09-04 16:26,TARGET_HIT,1,3.25
FIXED_R65,2024-09-05,2024-09-04 17:36,DOWN,2024-09-04 19:09,LONG,18935.75,18925.75,18939.00,2024-09-04 19:09,STOP_HIT,1,-10.00
FIXED_R65,2024-09-05,2024-09-04 23:00,UP,2024-09-04 23:16,SHORT,18966.50,18976.50,18963.25,2024-09-04 23:16,TARGET_HIT,1,3.25
FIXED_R65,2024-09-05,2024-09-04 23:40,DOWN,2024-09-05 02:09,LONG,18940.00,18930.00,18943.25,2024-09-05 02:11,TARGET_HIT,3,3.25
FIXED_R65,2024-09-05,2024-09-05 09:30,UP,2024-09-05 09:46,SHORT,18985.50,18995.50,18982.25,2024-09-05 09:46,STOP_HIT,1,-10.00
FIXED_R65,2024-09-05,2024-09-05 11:15,UP,2024-09-05 11:39,SHORT,18970.50,18980.50,18967.25,2024-09-05 11:39,TARGET_HIT,1,3.25
FIXED_R65,2024-09-05,2024-09-05 11:34,DOWN,2024-09-05 11:44,LONG,18923.00,18913.00,18926.25,2024-09-05 11:44,STOP_HIT,1,-10.00
FIXED_R65,2024-09-06,2024-09-05 14:01,DOWN,2024-09-05 16:23,LONG,18867.50,18857.50,18870.75,2024-09-05 16:23,TARGET_HIT,1,3.25
FIXED_R65,2024-09-06,2024-09-05 17:03,UP,2024-09-05 19:08,SHORT,18894.25,18904.25,18891.00,2024-09-05 19:10,STOP_HIT,3,-10.00
FIXED_R65,2024-09-06,2024-09-05 19:15,DOWN,2024-09-05 21:45,LONG,18833.25,18823.25,18836.50,2024-09-05 21:45,TARGET_HIT,1,3.25
FIXED_R65,2024-09-09,2024-09-08 15:15,UP,2024-09-08 15:25,SHORT,18449.00,18459.00,18445.75,2024-09-08 15:25,STOP_HIT,1,-10.00
FIXED_R65,2024-09-09,2024-09-09 06:11,DOWN,2024-09-09 06:48,LONG,18544.25,18534.25,18547.50,2024-09-09 06:48,STOP_HIT,1,-10.00
FIXED_R65,2024-09-09,2024-09-09 07:13,UP,2024-09-09 08:09,SHORT,18644.00,18654.00,18640.75,2024-09-09 08:10,STOP_HIT,2,-10.00
FIXED_R65,2024-09-09,2024-09-09 09:12,DOWN,2024-09-09 11:11,LONG,18607.00,18597.00,18610.25,2024-09-09 11:11,TARGET_HIT,1,3.25
FIXED_R65,2024-09-09,2024-09-09 10:39,UP,2024-09-09 11:41,SHORT,18661.75,18671.75,18658.50,2024-09-09 11:43,TARGET_HIT,3,3.25
FIXED_R65,2024-09-10,2024-09-09 14:03,DOWN,2024-09-09 16:12,LONG,18665.25,18655.25,18668.50,2024-09-09 16:13,STOP_HIT,2,-10.00
FIXED_R65,2024-09-10,2024-09-09 22:07,UP,2024-09-10 00:13,SHORT,18671.00,18681.00,18667.75,2024-09-10 00:14,TARGET_HIT,2,3.25
FIXED_R65,2024-09-10,2024-09-10 00:00,DOWN,2024-09-10 01:01,LONG,18626.25,18616.25,18629.50,2024-09-10 01:03,STOP_HIT,3,-10.00
FIXED_R65,2024-09-10,2024-09-10 01:10,UP,2024-09-10 03:50,SHORT,18695.75,18705.75,18692.50,2024-09-10 03:57,STOP_HIT,8,-10.00
FIXED_R65,2024-09-10,2024-09-10 06:16,UP,2024-09-10 06:31,SHORT,18762.50,18772.50,18759.25,2024-09-10 06:31,STOP_HIT,1,-10.00
FIXED_R65,2024-09-10,2024-09-10 06:29,DOWN,2024-09-10 06:52,LONG,18700.00,18690.00,18703.25,2024-09-10 06:52,TARGET_HIT,1,3.25
FIXED_R65,2024-09-10,2024-09-10 06:51,UP,2024-09-10 07:30,SHORT,18774.75,18784.75,18771.50,2024-09-10 07:30,STOP_HIT,1,-10.00
FIXED_R65,2024-09-10,2024-09-10 07:30,DOWN,2024-09-10 07:51,LONG,18672.75,18662.75,18676.00,2024-09-10 07:51,STOP_HIT,1,-10.00
FIXED_R65,2024-09-10,2024-09-10 08:03,UP,2024-09-10 10:23,SHORT,18809.00,18819.00,18805.75,2024-09-10 10:23,STOP_HIT,1,-10.00
FIXED_R65,2024-09-11,2024-09-10 15:40,DOWN,2024-09-10 17:34,LONG,18788.25,18778.25,18791.50,2024-09-10 17:34,STOP_HIT,1,-10.00
FIXED_R65,2024-09-11,2024-09-10 21:29,UP,2024-09-10 23:10,SHORT,18801.50,18811.50,18798.25,2024-09-10 23:10,TARGET_HIT,1,3.25
FIXED_R65,2024-09-11,2024-09-11 04:31,UP,2024-09-11 04:57,SHORT,18862.50,18872.50,18859.25,2024-09-11 04:57,STOP_HIT,1,-10.00
FIXED_R65,2024-09-11,2024-09-11 07:47,DOWN,2024-09-11 07:58,LONG,18745.25,18735.25,18748.50,2024-09-11 07:58,TARGET_HIT,1,3.25
FIXED_R65,2024-09-12,2024-09-11 14:00,UP,2024-09-11 18:29,SHORT,19291.50,19301.50,19288.25,2024-09-11 18:30,STOP_HIT,2,-10.00
FIXED_R65,2024-09-12,2024-09-12 00:04,UP,2024-09-12 01:18,SHORT,19322.25,19332.25,19319.00,2024-09-12 01:20,TARGET_HIT,3,3.25
FIXED_R65,2024-09-12,2024-09-12 01:23,DOWN,2024-09-12 04:34,LONG,19267.75,19257.75,19271.00,2024-09-12 04:35,TARGET_HIT,2,3.25
FIXED_R65,2024-09-12,2024-09-12 05:50,UP,2024-09-12 06:34,SHORT,19352.25,19362.25,19349.00,2024-09-12 06:34,STOP_HIT,1,-10.00
FIXED_R65,2024-09-12,2024-09-12 07:46,UP,2024-09-12 08:22,SHORT,19310.50,19320.50,19307.25,2024-09-12 08:22,TARGET_HIT,1,3.25
FIXED_R65,2024-09-13,2024-09-12 14:00,UP,2024-09-12 21:43,SHORT,19478.75,19488.75,19475.50,2024-09-12 21:43,TARGET_HIT,1,3.25
FIXED_R65,2024-09-13,2024-09-12 21:42,DOWN,2024-09-13 04:41,LONG,19426.25,19416.25,19429.50,2024-09-13 04:42,STOP_HIT,2,-10.00
FIXED_R65,2024-09-13,2024-09-13 05:30,UP,2024-09-13 05:40,SHORT,19470.50,19480.50,19467.25,2024-09-13 05:40,STOP_HIT,1,-10.00
FIXED_R65,2024-09-13,2024-09-13 06:25,DOWN,2024-09-13 06:35,LONG,19455.00,19445.00,19458.25,2024-09-13 06:35,STOP_HIT,1,-10.00
FIXED_R65,2024-09-13,2024-09-13 06:31,UP,2024-09-13 06:41,SHORT,19493.25,19503.25,19490.00,2024-09-13 06:41,STOP_HIT,1,-10.00
FIXED_R65,2024-09-16,2024-09-15 14:25,UP,2024-09-15 15:49,SHORT,19541.00,19551.00,19537.75,2024-09-15 15:52,TARGET_HIT,4,3.25
FIXED_R65,2024-09-16,2024-09-15 15:48,DOWN,2024-09-15 22:36,LONG,19485.50,19475.50,19488.75,2024-09-15 22:36,TARGET_HIT,1,3.25
FIXED_R65,2024-09-16,2024-09-16 05:56,DOWN,2024-09-16 06:25,LONG,19407.75,19397.75,19411.00,2024-09-16 06:25,TARGET_HIT,1,3.25
FIXED_R65,2024-09-16,2024-09-16 08:21,UP,2024-09-16 10:31,SHORT,19429.00,19439.00,19425.75,2024-09-16 10:31,TARGET_HIT,1,3.25
FIXED_R65,2024-09-17,2024-09-16 17:28,UP,2024-09-16 23:15,SHORT,19470.75,19480.75,19467.50,2024-09-16 23:15,STOP_HIT,1,-10.00
FIXED_R65,2024-09-17,2024-09-17 05:54,UP,2024-09-17 06:06,SHORT,19555.75,19565.75,19552.50,2024-09-17 06:06,TARGET_HIT,1,3.25
FIXED_R65,2024-09-17,2024-09-17 06:47,DOWN,2024-09-17 07:08,LONG,19544.50,19534.50,19547.75,2024-09-17 07:08,TARGET_HIT,1,3.25
FIXED_R65,2024-09-17,2024-09-17 06:59,UP,2024-09-17 07:17,SHORT,19576.25,19586.25,19573.00,2024-09-17 07:17,TARGET_HIT,1,3.25
FIXED_R65,2024-09-17,2024-09-17 07:16,DOWN,2024-09-17 07:34,LONG,19515.75,19505.75,19519.00,2024-09-17 07:34,TARGET_HIT,1,3.25
FIXED_R65,2024-09-18,2024-09-17 23:12,DOWN,2024-09-18 00:15,LONG,19428.25,19418.25,19431.50,2024-09-18 00:16,TARGET_HIT,2,3.25
FIXED_R65,2024-09-18,2024-09-18 00:30,UP,2024-09-18 03:13,SHORT,19487.25,19497.25,19484.00,2024-09-18 03:13,TARGET_HIT,1,3.25
FIXED_R65,2024-09-18,2024-09-18 05:27,DOWN,2024-09-18 05:41,LONG,19455.25,19445.25,19458.50,2024-09-18 05:41,TARGET_HIT,1,3.25
FIXED_R65,2024-09-18,2024-09-18 06:43,DOWN,2024-09-18 07:21,LONG,19417.50,19407.50,19420.75,2024-09-18 07:21,TARGET_HIT,1,3.25
FIXED_R65,2024-09-18,2024-09-18 08:04,UP,2024-09-18 09:55,SHORT,19451.75,19461.75,19448.50,2024-09-18 09:55,TARGET_HIT,1,3.25
FIXED_R65,2024-09-19,2024-09-18 14:00,UP,2024-09-18 15:55,SHORT,19472.00,19482.00,19468.75,2024-09-18 15:55,STOP_HIT,1,-10.00
FIXED_R65,2024-09-19,2024-09-18 17:13,UP,2024-09-18 18:01,SHORT,19511.25,19521.25,19508.00,2024-09-18 18:06,TARGET_HIT,6,3.25
FIXED_R65,2024-11-21,2024-11-20 13:15,UP,2024-11-20 13:33,SHORT,20754.75,20764.75,20751.50,2024-11-20 13:34,TARGET_HIT,2,3.25
FIXED_R65,2024-11-21,2024-11-20 13:42,DOWN,2024-11-20 14:26,LONG,20699.50,20689.50,20702.75,2024-11-20 14:27,TARGET_HIT,2,3.25
FIXED_R65,2024-11-21,2024-11-20 15:58,UP,2024-11-20 20:01,SHORT,20674.50,20684.50,20671.25,2024-11-20 20:04,TARGET_HIT,4,3.25
FIXED_R65,2024-11-21,2024-11-20 22:03,DOWN,2024-11-20 22:41,LONG,20641.75,20631.75,20645.00,2024-11-20 22:41,TARGET_HIT,1,3.25
FIXED_R65,2024-11-21,2024-11-20 23:28,UP,2024-11-21 01:18,SHORT,20732.00,20742.00,20728.75,2024-11-21 01:20,TARGET_HIT,3,3.25
FIXED_R65,2024-11-21,2024-11-21 04:51,DOWN,2024-11-21 05:01,LONG,20643.75,20633.75,20647.00,2024-11-21 05:01,STOP_HIT,1,-10.00
FIXED_R65,2024-11-21,2024-11-21 05:30,UP,2024-11-21 06:33,SHORT,20784.25,20794.25,20781.00,2024-11-21 06:33,TARGET_HIT,1,3.25
FIXED_R65,2024-11-22,2024-11-21 13:52,UP,2024-11-21 16:41,SHORT,20819.50,20829.50,20816.25,2024-11-21 16:41,TARGET_HIT,1,3.25
FIXED_R65,2024-11-22,2024-11-21 17:17,DOWN,2024-11-21 17:49,LONG,20783.50,20773.50,20786.75,2024-11-21 17:50,TARGET_HIT,2,3.25
FIXED_R65,2024-11-22,2024-11-21 17:42,UP,2024-11-21 21:34,SHORT,20822.00,20832.00,20818.75,2024-11-21 21:37,TARGET_HIT,4,3.25
FIXED_R65,2024-11-22,2024-11-21 22:00,DOWN,2024-11-21 23:12,LONG,20774.25,20764.25,20777.50,2024-11-21 23:12,TARGET_HIT,1,3.25
FIXED_R65,2024-11-22,2024-11-22 00:10,UP,2024-11-22 03:51,SHORT,20787.75,20797.75,20784.50,2024-11-22 03:51,TARGET_HIT,1,3.25
FIXED_R65,2024-11-22,2024-11-22 04:48,DOWN,2024-11-22 05:26,LONG,20791.50,20781.50,20794.75,2024-11-22 05:26,STOP_HIT,1,-10.00
FIXED_R65,2024-11-22,2024-11-22 05:28,UP,2024-11-22 05:48,SHORT,20836.75,20846.75,20833.50,2024-11-22 05:48,TARGET_HIT,1,3.25
FIXED_R65,2024-11-22,2024-11-22 05:45,DOWN,2024-11-22 06:39,LONG,20799.00,20789.00,20802.25,2024-11-22 06:39,TARGET_HIT,1,3.25
FIXED_R65,2024-11-22,2024-11-22 06:21,UP,2024-11-22 07:16,SHORT,20830.50,20840.50,20827.25,2024-11-22 07:16,TARGET_HIT,1,3.25
FIXED_R65,2024-11-25,2024-11-24 13:36,UP,2024-11-25 03:46,SHORT,20990.75,21000.75,20987.50,2024-11-25 03:47,STOP_HIT,2,-10.00
FIXED_R65,2024-11-25,2024-11-25 04:42,DOWN,2024-11-25 04:57,LONG,20948.00,20938.00,20951.25,2024-11-25 04:57,STOP_HIT,1,-10.00
FIXED_R65,2024-11-26,2024-11-25 13:17,DOWN,2024-11-25 13:44,LONG,20868.75,20858.75,20872.00,2024-11-25 13:44,STOP_HIT,1,-10.00
FIXED_R65,2024-11-26,2024-11-25 15:04,UP,2024-11-25 15:52,SHORT,20841.50,20851.50,20838.25,2024-11-25 15:53,TARGET_HIT,2,3.25
FIXED_R65,2024-11-26,2024-11-26 05:45,DOWN,2024-11-26 07:36,LONG,20955.00,20945.00,20958.25,2024-11-26 07:39,TARGET_HIT,4,3.25
FIXED_R65,2024-11-26,2024-11-26 09:25,UP,2024-11-26 10:55,SHORT,20989.00,20999.00,20985.75,2024-11-26 10:55,STOP_HIT,1,-10.00
FIXED_R65,2024-11-27,2024-11-26 16:28,DOWN,2024-11-26 19:20,LONG,20956.00,20946.00,20959.25,2024-11-26 19:22,TARGET_HIT,3,3.25
FIXED_R65,2024-11-27,2024-11-27 03:22,DOWN,2024-11-27 04:31,LONG,20893.00,20883.00,20896.25,2024-11-27 04:31,STOP_HIT,1,-10.00
FIXED_R65,2024-11-27,2024-11-27 07:09,UP,2024-11-27 10:55,SHORT,20798.25,20808.25,20795.00,2024-11-27 10:55,STOP_HIT,1,-10.00
FIXED_R65,2024-11-28,2024-11-27 13:00,UP,2024-11-28 02:58,SHORT,20873.25,20883.25,20870.00,2024-11-28 03:18,TARGET_HIT,21,3.25
FIXED_R65,2024-11-29,2024-11-28 13:57,DOWN,2024-11-28 15:32,LONG,20866.75,20856.75,20870.00,2024-11-28 15:36,TARGET_HIT,5,3.25
FIXED_R65,2024-11-29,2024-11-28 15:03,UP,2024-11-28 16:06,SHORT,20887.00,20897.00,20883.75,2024-11-28 16:29,STOP_HIT,24,-10.00
FIXED_R65,2024-11-29,2024-11-28 18:17,DOWN,2024-11-28 22:51,LONG,20901.50,20891.50,20904.75,2024-11-28 23:04,TARGET_HIT,14,3.25
FIXED_R65,2024-11-29,2024-11-29 04:32,UP,2024-11-29 04:59,SHORT,20908.00,20918.00,20904.75,2024-11-29 04:59,STOP_HIT,1,-10.00
FIXED_R65,2024-12-02,2024-12-01 20:35,UP,2024-12-02 02:31,SHORT,21005.75,21015.75,21002.50,2024-12-02 02:32,TARGET_HIT,2,3.25
FIXED_R65,2024-12-03,2024-12-02 22:09,DOWN,2024-12-03 04:06,LONG,21177.50,21167.50,21180.75,2024-12-03 04:06,STOP_HIT,1,-10.00
FIXED_R65,2024-12-03,2024-12-03 04:31,UP,2024-12-03 05:17,SHORT,21216.75,21226.75,21213.50,2024-12-03 05:17,TARGET_HIT,1,3.25
FIXED_R65,2024-12-03,2024-12-03 05:06,DOWN,2024-12-03 05:53,LONG,21166.75,21156.75,21170.00,2024-12-03 05:53,TARGET_HIT,1,3.25
FIXED_R65,2024-12-03,2024-12-03 06:30,DOWN,2024-12-03 07:35,LONG,21204.50,21194.50,21207.75,2024-12-03 07:35,STOP_HIT,1,-10.00
FIXED_R65,2024-12-04,2024-12-03 13:07,UP,2024-12-03 22:36,SHORT,21367.75,21377.75,21364.50,2024-12-03 22:38,TARGET_HIT,3,3.25
FIXED_R65,2024-12-04,2024-12-04 04:13,DOWN,2024-12-04 05:01,LONG,21397.75,21387.75,21401.00,2024-12-04 05:01,TARGET_HIT,1,3.25
FIXED_R65,2024-12-05,2024-12-05 05:50,UP,2024-12-05 07:13,SHORT,21555.25,21565.25,21552.00,2024-12-05 07:17,TARGET_HIT,5,3.25
FIXED_R65,2024-12-05,2024-12-05 07:52,DOWN,2024-12-05 08:27,LONG,21500.00,21490.00,21503.25,2024-12-05 08:28,TARGET_HIT,2,3.25
FIXED_R65,2024-12-06,2024-12-05 13:09,UP,2024-12-05 22:40,SHORT,21484.75,21494.75,21481.50,2024-12-05 22:53,STOP_HIT,14,-10.00
FIXED_R65,2024-12-09,2024-12-08 13:01,UP,2024-12-08 21:38,SHORT,21690.50,21700.50,21687.25,2024-12-08 21:47,STOP_HIT,10,-10.00
FIXED_R65,2024-12-09,2024-12-08 22:00,DOWN,2024-12-09 01:02,LONG,21622.75,21612.75,21626.00,2024-12-09 01:05,STOP_HIT,4,-10.00
FIXED_R65,2024-12-09,2024-12-09 04:30,UP,2024-12-09 04:53,SHORT,21634.50,21644.50,21631.25,2024-12-09 04:53,TARGET_HIT,1,3.25
FIXED_R65,2024-12-09,2024-12-09 04:50,DOWN,2024-12-09 05:27,LONG,21574.00,21564.00,21577.25,2024-12-09 05:27,TARGET_HIT,1,3.25
FIXED_R65,2024-12-10,2024-12-09 22:21,UP,2024-12-10 01:37,SHORT,21515.00,21525.00,21511.75,2024-12-10 01:41,TARGET_HIT,5,3.25
FIXED_R65,2024-12-10,2024-12-10 05:16,DOWN,2024-12-10 06:27,LONG,21487.25,21477.25,21490.50,2024-12-10 06:28,STOP_HIT,2,-10.00
FIXED_R65,2024-12-11,2024-12-10 21:37,UP,2024-12-11 06:11,SHORT,21731.50,21741.50,21728.25,2024-12-11 06:11,TARGET_HIT,1,3.25
FIXED_R65,2024-12-12,2024-12-11 20:02,DOWN,2024-12-12 04:39,LONG,21688.00,21678.00,21691.25,2024-12-12 04:40,STOP_HIT,2,-10.00
FIXED_R65,2024-12-12,2024-12-12 05:13,UP,2024-12-12 05:27,SHORT,21714.25,21724.25,21711.00,2024-12-12 05:27,TARGET_HIT,1,3.25
FIXED_R65,2024-12-12,2024-12-12 08:27,DOWN,2024-12-12 09:22,LONG,21675.00,21665.00,21678.25,2024-12-12 09:22,STOP_HIT,1,-10.00
FIXED_R65,2024-12-13,2024-12-12 14:31,DOWN,2024-12-12 17:27,LONG,21703.00,21693.00,21706.25,2024-12-12 17:28,TARGET_HIT,2,3.25
FIXED_R65,2024-12-13,2024-12-12 18:01,UP,2024-12-12 22:27,SHORT,21761.75,21771.75,21758.50,2024-12-12 22:30,TARGET_HIT,4,3.25
FIXED_R65,2024-12-13,2024-12-13 05:13,DOWN,2024-12-13 05:39,LONG,21792.75,21782.75,21796.00,2024-12-13 05:39,TARGET_HIT,1,3.25
FIXED_R65,2024-12-13,2024-12-13 06:56,UP,2024-12-13 11:09,SHORT,21783.50,21793.50,21780.25,2024-12-13 11:09,TARGET_HIT,1,3.25
FIXED_R65,2024-12-16,2024-12-15 13:03,UP,2024-12-15 23:12,SHORT,21824.75,21834.75,21821.50,2024-12-15 23:25,TARGET_HIT,14,3.25
FIXED_R65,2024-12-17,2024-12-16 17:44,DOWN,2024-12-16 21:46,LONG,22056.75,22046.75,22060.00,2024-12-16 21:46,STOP_HIT,1,-10.00
FIXED_R65,2024-12-17,2024-12-17 06:44,DOWN,2024-12-17 07:03,LONG,22005.25,21995.25,22008.50,2024-12-17 07:03,STOP_HIT,1,-10.00
FIXED_R65,2024-12-18,2024-12-17 13:00,DOWN,2024-12-17 13:10,LONG,21945.75,21935.75,21949.00,2024-12-17 13:10,TARGET_HIT,1,3.25
FIXED_R65,2024-12-18,2024-12-17 13:05,UP,2024-12-17 13:37,SHORT,21965.25,21975.25,21962.00,2024-12-17 13:40,TARGET_HIT,4,3.25
FIXED_R65,2024-12-18,2024-12-18 02:24,DOWN,2024-12-18 04:07,LONG,21986.00,21976.00,21989.25,2024-12-18 04:08,STOP_HIT,2,-10.00
FIXED_R65,2024-12-18,2024-12-18 04:35,UP,2024-12-18 06:03,SHORT,22029.50,22039.50,22026.25,2024-12-18 06:06,STOP_HIT,4,-10.00
FIXED_R65,2024-12-18,2024-12-18 06:22,UP,2024-12-18 06:37,SHORT,22017.00,22027.00,22013.75,2024-12-18 06:37,TARGET_HIT,1,3.25
FIXED_R65,2024-12-18,2024-12-18 06:53,DOWN,2024-12-18 09:01,LONG,21933.75,21923.75,21937.00,2024-12-18 09:01,STOP_HIT,1,-10.00
FIXED_R65,2024-12-19,2024-12-18 13:01,UP,2024-12-18 13:11,SHORT,21250.00,21260.00,21246.75,2024-12-18 13:12,TARGET_HIT,2,3.25
FIXED_R65,2024-12-19,2024-12-18 13:30,DOWN,2024-12-18 13:42,LONG,21208.50,21198.50,21211.75,2024-12-18 13:42,STOP_HIT,1,-10.00
FIXED_R65,2024-12-19,2024-12-18 15:11,DOWN,2024-12-18 15:30,LONG,21215.00,21205.00,21218.25,2024-12-18 15:30,TARGET_HIT,1,3.25
FIXED_R65,2024-12-19,2024-12-18 19:59,UP,2024-12-18 21:12,SHORT,21222.00,21232.00,21218.75,2024-12-18 21:12,TARGET_HIT,1,3.25
FIXED_R65,2024-12-19,2024-12-19 04:46,DOWN,2024-12-19 05:11,LONG,21299.25,21289.25,21302.50,2024-12-19 05:11,STOP_HIT,1,-10.00
FIXED_R65,2024-12-19,2024-12-19 05:13,DOWN,2024-12-19 05:29,LONG,21244.50,21234.50,21247.75,2024-12-19 05:29,STOP_HIT,1,-10.00
FIXED_R65,2024-12-19,2024-12-19 06:09,UP,2024-12-19 06:31,SHORT,21334.50,21344.50,21331.25,2024-12-19 06:31,TARGET_HIT,1,3.25
FIXED_R65,2024-12-19,2024-12-19 06:39,DOWN,2024-12-19 07:24,LONG,21221.25,21211.25,21224.50,2024-12-19 07:24,STOP_HIT,1,-10.00
FIXED_R65,2024-12-19,2024-12-19 08:59,DOWN,2024-12-19 09:32,LONG,21218.00,21208.00,21221.25,2024-12-19 09:32,TARGET_HIT,1,3.25
FIXED_R65,2025-02-20,2025-02-19 13:19,DOWN,2025-02-19 15:52,LONG,22168.50,22158.50,22171.75,2025-02-19 15:52,TARGET_HIT,1,3.25
FIXED_R65,2025-02-20,2025-02-19 21:07,UP,2025-02-20 00:04,SHORT,22214.00,22224.00,22210.75,2025-02-20 00:05,TARGET_HIT,2,3.25
FIXED_R65,2025-02-20,2025-02-20 04:31,DOWN,2025-02-20 04:46,LONG,22166.25,22156.25,22169.50,2025-02-20 04:46,TARGET_HIT,1,3.25
FIXED_R65,2025-02-20,2025-02-20 08:02,UP,2025-02-20 09:49,SHORT,22110.50,22120.50,22107.25,2025-02-20 09:50,STOP_HIT,2,-10.00
FIXED_R65,2025-02-21,2025-02-20 13:43,DOWN,2025-02-20 22:16,LONG,22115.00,22105.00,22118.25,2025-02-20 22:16,TARGET_HIT,1,3.25
FIXED_R65,2025-02-21,2025-02-20 22:15,UP,2025-02-20 23:45,SHORT,22166.75,22176.75,22163.50,2025-02-21 00:02,TARGET_HIT,18,3.25
FIXED_R65,2025-02-21,2025-02-21 03:45,DOWN,2025-02-21 04:40,LONG,22120.50,22110.50,22123.75,2025-02-21 04:40,TARGET_HIT,1,3.25
FIXED_R65,2025-02-24,2025-02-23 13:02,UP,2025-02-23 13:25,SHORT,21743.00,21753.00,21739.75,2025-02-23 13:25,TARGET_HIT,1,3.25
FIXED_R65,2025-02-24,2025-02-23 19:44,DOWN,2025-02-23 22:01,LONG,21756.50,21746.50,21759.75,2025-02-23 22:01,TARGET_HIT,1,3.25
FIXED_R65,2025-02-24,2025-02-23 22:16,UP,2025-02-23 23:08,SHORT,21800.50,21810.50,21797.25,2025-02-23 23:08,TARGET_HIT,1,3.25
FIXED_R65,2025-02-24,2025-02-23 23:24,DOWN,2025-02-24 01:02,LONG,21758.25,21748.25,21761.50,2025-02-24 01:05,TARGET_HIT,4,3.25
FIXED_R65,2025-02-24,2025-02-24 02:48,UP,2025-02-24 04:22,SHORT,21763.25,21773.25,21760.00,2025-02-24 04:25,TARGET_HIT,4,3.25
FIXED_R65,2025-02-24,2025-02-24 04:00,DOWN,2025-02-24 04:28,LONG,21743.25,21733.25,21746.50,2025-02-24 04:28,TARGET_HIT,1,3.25
FIXED_R65,2025-02-24,2025-02-24 08:18,DOWN,2025-02-24 09:40,LONG,21579.00,21569.00,21582.25,2025-02-24 09:40,TARGET_HIT,1,3.25
FIXED_R65,2025-02-25,2025-02-24 13:00,DOWN,2025-02-24 13:50,LONG,21388.75,21378.75,21392.00,2025-02-24 13:53,STOP_HIT,4,-10.00
FIXED_R65,2025-02-25,2025-02-24 13:55,UP,2025-02-24 14:27,SHORT,21431.75,21441.75,21428.50,2025-02-24 14:27,STOP_HIT,1,-10.00
FIXED_R65,2025-02-25,2025-02-24 15:32,DOWN,2025-02-24 21:07,LONG,21388.25,21378.25,21391.50,2025-02-24 21:07,TARGET_HIT,1,3.25
FIXED_R65,2025-02-25,2025-02-25 00:59,UP,2025-02-25 03:52,SHORT,21400.50,21410.50,21397.25,2025-02-25 03:52,STOP_HIT,1,-10.00
FIXED_R65,2025-02-25,2025-02-25 03:30,DOWN,2025-02-25 04:26,LONG,21370.00,21360.00,21373.25,2025-02-25 04:26,TARGET_HIT,1,3.25
FIXED_R65,2025-02-25,2025-02-25 07:22,UP,2025-02-25 07:46,SHORT,21196.50,21206.50,21193.25,2025-02-25 07:46,TARGET_HIT,1,3.25
FIXED_R65,2025-02-25,2025-02-25 08:30,UP,2025-02-25 08:43,SHORT,21229.75,21239.75,21226.50,2025-02-25 08:43,STOP_HIT,1,-10.00
FIXED_R65,2025-02-25,2025-02-25 08:44,DOWN,2025-02-25 09:08,LONG,21192.00,21182.00,21195.25,2025-02-25 09:08,TARGET_HIT,1,3.25
FIXED_R65,2025-02-25,2025-02-25 09:16,UP,2025-02-25 10:15,SHORT,21204.25,21214.25,21201.00,2025-02-25 10:15,TARGET_HIT,1,3.25
FIXED_R65,2025-02-25,2025-02-25 10:24,DOWN,2025-02-25 10:46,LONG,21161.75,21151.75,21165.00,2025-02-25 10:46,STOP_HIT,1,-10.00
FIXED_R65,2025-02-26,2025-02-26 03:33,DOWN,2025-02-26 04:00,LONG,21272.75,21262.75,21276.00,2025-02-26 04:00,TARGET_HIT,1,3.25
FIXED_R65,2025-02-26,2025-02-26 04:42,UP,2025-02-26 04:54,SHORT,21285.75,21295.75,21282.50,2025-02-26 04:54,STOP_HIT,1,-10.00
FIXED_R65,2025-02-26,2025-02-26 07:17,DOWN,2025-02-26 08:11,LONG,21247.25,21237.25,21250.50,2025-02-26 08:11,STOP_HIT,1,-10.00
FIXED_R65,2025-02-27,2025-02-26 13:00,DOWN,2025-02-26 13:24,LONG,21173.00,21163.00,21176.25,2025-02-26 13:24,TARGET_HIT,1,3.25
FIXED_R65,2025-02-27,2025-02-26 15:07,UP,2025-02-26 15:48,SHORT,21182.00,21192.00,21178.75,2025-02-26 15:48,TARGET_HIT,1,3.25
FIXED_R65,2025-02-27,2025-02-26 16:27,DOWN,2025-02-26 18:40,LONG,21166.25,21156.25,21169.50,2025-02-26 18:56,TARGET_HIT,17,3.25
FIXED_R65,2025-02-27,2025-02-26 18:20,UP,2025-02-26 19:25,SHORT,21226.75,21236.75,21223.50,2025-02-26 19:34,TARGET_HIT,10,3.25
FIXED_R65,2025-02-28,2025-02-27 21:34,UP,2025-02-27 22:20,SHORT,20638.50,20648.50,20635.25,2025-02-27 22:21,STOP_HIT,2,-10.00
FIXED_R65,2025-02-28,2025-02-27 23:16,DOWN,2025-02-28 02:53,LONG,20606.00,20596.00,20609.25,2025-02-28 02:54,TARGET_HIT,2,3.25
FIXED_R65,2025-02-28,2025-02-28 03:27,UP,2025-02-28 03:37,SHORT,20654.25,20664.25,20651.00,2025-02-28 03:37,TARGET_HIT,1,3.25
FIXED_R65,2025-02-28,2025-02-28 03:36,DOWN,2025-02-28 03:56,LONG,20604.50,20594.50,20607.75,2025-02-28 03:56,TARGET_HIT,1,3.25
FIXED_R65,2025-02-28,2025-02-28 08:40,DOWN,2025-02-28 08:56,LONG,20598.25,20588.25,20601.50,2025-02-28 08:56,STOP_HIT,1,-10.00
FIXED_R65,2025-02-28,2025-02-28 09:00,UP,2025-02-28 10:02,SHORT,20713.25,20723.25,20710.00,2025-02-28 10:02,STOP_HIT,1,-10.00
FIXED_R65,2025-03-03,2025-03-02 13:00,UP,2025-03-02 13:10,SHORT,21033.75,21043.75,21030.50,2025-03-02 13:10,TARGET_HIT,1,3.25
FIXED_R65,2025-03-03,2025-03-02 13:09,DOWN,2025-03-02 13:50,LONG,20971.50,20961.50,20974.75,2025-03-02 13:50,STOP_HIT,1,-10.00
FIXED_R65,2025-03-03,2025-03-02 16:08,DOWN,2025-03-02 17:22,LONG,20902.25,20892.25,20905.50,2025-03-02 17:22,STOP_HIT,1,-10.00
FIXED_R65,2025-03-03,2025-03-02 17:23,UP,2025-03-02 19:08,SHORT,20951.00,20961.00,20947.75,2025-03-02 19:09,TARGET_HIT,2,3.25
FIXED_R65,2025-03-03,2025-03-02 22:08,DOWN,2025-03-02 22:26,LONG,20909.50,20899.50,20912.75,2025-03-02 22:26,STOP_HIT,1,-10.00
FIXED_R65,2025-03-03,2025-03-02 22:26,UP,2025-03-02 23:18,SHORT,20958.25,20968.25,20955.00,2025-03-02 23:18,STOP_HIT,1,-10.00
FIXED_R65,2025-03-03,2025-03-03 04:33,DOWN,2025-03-03 04:46,LONG,20972.75,20962.75,20976.00,2025-03-03 04:46,TARGET_HIT,1,3.25
FIXED_R65,2025-03-04,2025-03-03 13:03,UP,2025-03-03 13:31,SHORT,20550.75,20560.75,20547.50,2025-03-03 13:33,TARGET_HIT,3,3.25
FIXED_R65,2025-03-04,2025-03-03 13:31,DOWN,2025-03-03 14:11,LONG,20494.75,20484.75,20498.00,2025-03-03 14:11,TARGET_HIT,1,3.25
FIXED_R65,2025-03-04,2025-03-03 14:48,UP,2025-03-03 14:58,SHORT,20549.75,20559.75,20546.50,2025-03-03 15:00,STOP_HIT,3,-10.00
FIXED_R65,2025-03-04,2025-03-03 15:00,DOWN,2025-03-03 15:30,LONG,20507.00,20497.00,20510.25,2025-03-03 15:30,STOP_HIT,1,-10.00
FIXED_R65,2025-03-04,2025-03-03 15:34,UP,2025-03-03 17:12,SHORT,20521.00,20531.00,20517.75,2025-03-03 17:13,TARGET_HIT,2,3.25
FIXED_R65,2025-03-04,2025-03-03 19:06,DOWN,2025-03-03 22:17,LONG,20503.25,20493.25,20506.50,2025-03-03 22:17,TARGET_HIT,1,3.25
FIXED_R65,2025-03-04,2025-03-03 22:08,UP,2025-03-03 22:38,SHORT,20555.00,20565.00,20551.75,2025-03-03 22:38,TARGET_HIT,1,3.25
FIXED_R65,2025-03-04,2025-03-03 23:12,DOWN,2025-03-03 23:41,LONG,20498.00,20488.00,20501.25,2025-03-03 23:43,TARGET_HIT,3,3.25
FIXED_R65,2025-03-04,2025-03-04 06:58,DOWN,2025-03-04 07:08,LONG,20274.25,20264.25,20277.50,2025-03-04 07:08,TARGET_HIT,1,3.25
FIXED_R65,2025-03-05,2025-03-04 13:30,DOWN,2025-03-04 14:23,LONG,20539.50,20529.50,20542.75,2025-03-04 14:27,STOP_HIT,5,-10.00
FIXED_R65,2025-03-05,2025-03-04 16:35,UP,2025-03-04 18:03,SHORT,20542.25,20552.25,20539.00,2025-03-04 18:03,TARGET_HIT,1,3.25
FIXED_R65,2025-03-05,2025-03-04 23:49,DOWN,2025-03-05 02:02,LONG,20501.50,20491.50,20504.75,2025-03-05 02:02,TARGET_HIT,1,3.25
FIXED_R65,2025-03-05,2025-03-05 05:07,DOWN,2025-03-05 05:17,LONG,20406.75,20396.75,20410.00,2025-03-05 05:17,STOP_HIT,1,-10.00
FIXED_R65,2025-03-05,2025-03-05 07:04,UP,2025-03-05 07:33,SHORT,20474.75,20484.75,20471.50,2025-03-05 07:33,STOP_HIT,1,-10.00
FIXED_R65,2025-03-06,2025-03-05 14:59,UP,2025-03-05 18:52,SHORT,20640.75,20650.75,20637.50,2025-03-05 18:55,TARGET_HIT,4,3.25
FIXED_R65,2025-03-06,2025-03-05 19:15,DOWN,2025-03-05 21:44,LONG,20586.00,20576.00,20589.25,2025-03-05 21:44,STOP_HIT,1,-10.00
FIXED_R65,2025-03-06,2025-03-06 05:00,UP,2025-03-06 05:10,SHORT,20402.50,20412.50,20399.25,2025-03-06 05:10,TARGET_HIT,1,3.25
FIXED_R65,2025-03-06,2025-03-06 06:30,DOWN,2025-03-06 06:40,LONG,20354.50,20344.50,20357.75,2025-03-06 06:40,STOP_HIT,1,-10.00
FIXED_R65,2025-03-07,2025-03-06 13:02,DOWN,2025-03-06 14:27,LONG,20154.00,20144.00,20157.25,2025-03-06 14:27,STOP_HIT,1,-10.00
FIXED_R65,2025-03-07,2025-03-06 14:27,UP,2025-03-06 15:19,SHORT,20209.50,20219.50,20206.25,2025-03-06 15:19,TARGET_HIT,1,3.25
FIXED_R65,2025-03-07,2025-03-06 15:14,DOWN,2025-03-06 19:54,LONG,20153.75,20143.75,20157.00,2025-03-06 19:56,STOP_HIT,3,-10.00
FIXED_R65,2025-03-07,2025-03-06 20:50,UP,2025-03-06 23:45,SHORT,20191.25,20201.25,20188.00,2025-03-06 23:47,STOP_HIT,3,-10.00
FIXED_R65,2025-03-07,2025-03-06 23:14,DOWN,2025-03-07 02:08,LONG,20168.50,20158.50,20171.75,2025-03-07 02:08,STOP_HIT,1,-10.00
FIXED_R65,2025-03-07,2025-03-07 03:31,DOWN,2025-03-07 03:48,LONG,20148.50,20138.50,20151.75,2025-03-07 03:48,TARGET_HIT,1,3.25
FIXED_R65,2025-03-07,2025-03-07 04:40,UP,2025-03-07 04:50,SHORT,20194.50,20204.50,20191.25,2025-03-07 04:50,STOP_HIT,1,-10.00
FIXED_R65,2025-03-07,2025-03-07 05:00,UP,2025-03-07 05:11,SHORT,20167.75,20177.75,20164.50,2025-03-07 05:11,STOP_HIT,1,-10.00
FIXED_R65,2025-03-07,2025-03-07 07:59,UP,2025-03-07 08:09,SHORT,20112.25,20122.25,20109.00,2025-03-07 08:09,TARGET_HIT,1,3.25
FIXED_R65,2025-03-10,2025-03-09 14:00,DOWN,2025-03-09 14:10,LONG,20049.00,20039.00,20052.25,2025-03-09 14:10,STOP_HIT,1,-10.00
FIXED_R65,2025-03-10,2025-03-09 14:17,UP,2025-03-09 14:36,SHORT,20054.25,20064.25,20051.00,2025-03-09 14:36,TARGET_HIT,1,3.25
FIXED_R65,2025-03-10,2025-03-09 14:45,DOWN,2025-03-09 15:00,LONG,20014.00,20004.00,20017.25,2025-03-09 15:00,TARGET_HIT,1,3.25
FIXED_R65,2025-03-10,2025-03-09 15:04,UP,2025-03-09 17:32,SHORT,20092.00,20102.00,20088.75,2025-03-09 17:32,TARGET_HIT,1,3.25
FIXED_R65,2025-03-11,2025-03-10 14:04,DOWN,2025-03-10 14:35,LONG,19414.50,19404.50,19417.75,2025-03-10 14:36,TARGET_HIT,2,3.25
FIXED_R65,2025-03-11,2025-03-10 14:11,UP,2025-03-10 14:41,SHORT,19441.50,19451.50,19438.25,2025-03-10 14:41,TARGET_HIT,1,3.25
FIXED_R65,2025-03-11,2025-03-10 14:41,DOWN,2025-03-10 15:00,LONG,19377.50,19367.50,19380.75,2025-03-10 15:00,TARGET_HIT,1,3.25
FIXED_R65,2025-03-11,2025-03-11 04:00,DOWN,2025-03-11 05:31,LONG,19434.25,19424.25,19437.50,2025-03-11 05:31,STOP_HIT,1,-10.00
FIXED_R65,2025-03-11,2025-03-11 06:09,DOWN,2025-03-11 06:19,LONG,19422.50,19412.50,19425.75,2025-03-11 06:19,TARGET_HIT,1,3.25
FIXED_R65,2025-03-11,2025-03-11 10:01,UP,2025-03-11 10:11,SHORT,19473.00,19483.00,19469.75,2025-03-11 10:11,TARGET_HIT,1,3.25
FIXED_R65,2025-03-12,2025-03-11 14:04,UP,2025-03-11 14:42,SHORT,19463.75,19473.75,19460.50,2025-03-11 14:42,TARGET_HIT,1,3.25
FIXED_R65,2025-03-12,2025-03-11 16:25,DOWN,2025-03-11 22:50,LONG,19426.75,19416.75,19430.00,2025-03-11 22:52,STOP_HIT,3,-10.00
FIXED_R65,2025-03-12,2025-03-11 23:22,UP,2025-03-12 00:02,SHORT,19490.25,19500.25,19487.00,2025-03-12 00:02,TARGET_HIT,1,3.25
FIXED_R65,2025-03-12,2025-03-12 10:49,DOWN,2025-03-12 11:50,LONG,19613.25,19603.25,19616.50,2025-03-12 11:50,STOP_HIT,1,-10.00
FIXED_R65,2025-03-13,2025-03-12 14:01,UP,2025-03-12 14:21,SHORT,19634.75,19644.75,19631.50,2025-03-12 14:21,TARGET_HIT,1,3.25
FIXED_R65,2025-03-13,2025-03-12 16:00,DOWN,2025-03-12 17:42,LONG,19610.00,19600.00,19613.25,2025-03-12 17:42,TARGET_HIT,1,3.25
FIXED_R65,2025-03-13,2025-03-13 00:18,UP,2025-03-13 01:49,SHORT,19592.50,19602.50,19589.25,2025-03-13 01:49,TARGET_HIT,1,3.25
FIXED_R65,2025-03-13,2025-03-13 04:48,UP,2025-03-13 05:01,SHORT,19573.00,19583.00,19569.75,2025-03-13 05:01,TARGET_HIT,1,3.25
FIXED_R65,2025-03-13,2025-03-13 06:25,DOWN,2025-03-13 06:35,LONG,19488.25,19478.25,19491.50,2025-03-13 06:35,STOP_HIT,1,-10.00
FIXED_R65,2025-03-14,2025-03-13 14:00,UP,2025-03-13 14:40,SHORT,19366.50,19376.50,19363.25,2025-03-13 14:41,TARGET_HIT,2,3.25
FIXED_R65,2025-03-14,2025-03-13 19:15,DOWN,2025-03-14 00:13,LONG,19399.00,19389.00,19402.25,2025-03-14 00:13,TARGET_HIT,1,3.25
FIXED_R65,2025-03-14,2025-03-13 23:34,UP,2025-03-14 00:25,SHORT,19430.75,19440.75,19427.50,2025-03-14 00:25,STOP_HIT,1,-10.00
FIXED_R65,2025-03-14,2025-03-14 06:21,UP,2025-03-14 06:31,SHORT,19490.75,19500.75,19487.50,2025-03-14 06:31,STOP_HIT,1,-10.00
FIXED_R65,2025-03-17,2025-03-16 14:00,DOWN,2025-03-16 14:10,LONG,19619.00,19609.00,19622.25,2025-03-16 14:10,TARGET_HIT,1,3.25
FIXED_R65,2025-03-17,2025-03-16 15:06,UP,2025-03-16 17:45,SHORT,19619.50,19629.50,19616.25,2025-03-16 17:45,TARGET_HIT,1,3.25
FIXED_R65,2025-03-17,2025-03-16 17:20,DOWN,2025-03-16 22:23,LONG,19571.25,19561.25,19574.50,2025-03-16 22:26,TARGET_HIT,4,3.25
FIXED_R65,2025-03-17,2025-03-16 23:18,UP,2025-03-17 01:02,SHORT,19623.25,19633.25,19620.00,2025-03-17 01:02,TARGET_HIT,1,3.25
FIXED_R65,2025-03-17,2025-03-17 06:36,UP,2025-03-17 06:46,SHORT,19737.25,19747.25,19734.00,2025-03-17 06:46,TARGET_HIT,1,3.25
FIXED_R65,2025-03-17,2025-03-17 06:44,DOWN,2025-03-17 06:59,LONG,19680.25,19670.25,19683.50,2025-03-17 06:59,TARGET_HIT,1,3.25
FIXED_R65,2025-03-17,2025-03-17 08:14,DOWN,2025-03-17 08:24,LONG,19681.00,19671.00,19684.25,2025-03-17 08:24,STOP_HIT,1,-10.00
FIXED_R65,2025-03-17,2025-03-17 08:46,UP,2025-03-17 09:11,SHORT,19707.75,19717.75,19704.50,2025-03-17 09:11,TARGET_HIT,1,3.25
FIXED_R65,2025-03-18,2025-03-18 01:18,DOWN,2025-03-18 02:04,LONG,19760.75,19750.75,19764.00,2025-03-18 02:04,TARGET_HIT,1,3.25
FIXED_R65,2025-03-18,2025-03-18 08:59,DOWN,2025-03-18 09:15,LONG,19538.25,19528.25,19541.50,2025-03-18 09:16,STOP_HIT,2,-10.00
FIXED_R65,2025-03-18,2025-03-18 09:33,UP,2025-03-18 09:51,SHORT,19533.50,19543.50,19530.25,2025-03-18 09:51,TARGET_HIT,1,3.25
FIXED_R65,2025-03-18,2025-03-18 10:15,UP,2025-03-18 10:51,SHORT,19549.25,19559.25,19546.00,2025-03-18 10:51,STOP_HIT,1,-10.00
FIXED_R65,2025-03-18,2025-03-18 10:52,DOWN,2025-03-18 11:36,LONG,19503.25,19493.25,19506.50,2025-03-18 11:36,TARGET_HIT,1,3.25
FIXED_R65,2025-03-19,2025-03-18 14:30,UP,2025-03-18 16:21,SHORT,19530.00,19540.00,19526.75,2025-03-18 16:22,STOP_HIT,2,-10.00
FIXED_R65,2025-03-19,2025-03-18 23:44,UP,2025-03-19 03:47,SHORT,19574.50,19584.50,19571.25,2025-03-19 03:47,TARGET_HIT,1,3.25
FIXED_R65,2025-03-20,2025-03-19 14:00,UP,2025-03-19 14:37,SHORT,19794.75,19804.75,19791.50,2025-03-19 14:38,TARGET_HIT,2,3.25
FIXED_R65,2025-03-20,2025-03-19 19:18,DOWN,2025-03-20 02:21,LONG,19542.00,19532.00,19545.25,2025-03-20 02:21,STOP_HIT,1,-10.00
FIXED_R65,2025-03-20,2025-03-20 05:30,UP,2025-03-20 06:42,SHORT,19871.75,19881.75,19868.50,2025-03-20 06:42,STOP_HIT,1,-10.00
FIXED_R65,2025-03-20,2025-03-20 07:37,UP,2025-03-20 07:47,SHORT,19835.25,19845.25,19832.00,2025-03-20 07:47,STOP_HIT,1,-10.00
FIXED_R65,2025-03-20,2025-03-20 07:48,DOWN,2025-03-20 08:02,LONG,19785.00,19775.00,19788.25,2025-03-20 08:02,TARGET_HIT,1,3.25
FIXED_R65,2025-05-22,2025-05-21 14:13,UP,2025-05-21 16:11,SHORT,21180.25,21190.25,21177.00,2025-05-21 16:11,TARGET_HIT,1,3.25
FIXED_R65,2025-05-22,2025-05-22 03:09,DOWN,2025-05-22 03:47,LONG,21163.00,21153.00,21166.25,2025-05-22 03:48,STOP_HIT,2,-10.00
FIXED_R65,2025-05-22,2025-05-22 04:17,UP,2025-05-22 05:22,SHORT,21174.75,21184.75,21171.50,2025-05-22 05:22,STOP_HIT,1,-10.00
FIXED_R65,2025-05-22,2025-05-22 05:06,DOWN,2025-05-22 05:34,LONG,21140.25,21130.25,21143.50,2025-05-22 05:34,STOP_HIT,1,-10.00
FIXED_R65,2025-05-22,2025-05-22 05:35,UP,2025-05-22 05:51,SHORT,21200.00,21210.00,21196.75,2025-05-22 05:51,STOP_HIT,1,-10.00
FIXED_R65,2025-05-22,2025-05-22 11:05,DOWN,2025-05-22 12:51,LONG,21202.50,21192.50,21205.75,2025-05-22 12:51,TARGET_HIT,1,3.25
FIXED_R65,2025-05-23,2025-05-22 14:00,DOWN,2025-05-22 14:51,LONG,21165.75,21155.75,21169.00,2025-05-22 14:51,STOP_HIT,1,-10.00
FIXED_R65,2025-05-23,2025-05-22 15:01,UP,2025-05-22 16:36,SHORT,21185.00,21195.00,21181.75,2025-05-22 16:37,STOP_HIT,2,-10.00
FIXED_R65,2025-05-23,2025-05-22 19:24,DOWN,2025-05-22 20:57,LONG,21145.50,21135.50,21148.75,2025-05-22 20:58,TARGET_HIT,2,3.25
FIXED_R65,2025-05-23,2025-05-22 22:16,UP,2025-05-22 23:53,SHORT,21207.00,21217.00,21203.75,2025-05-23 00:00,STOP_HIT,8,-10.00
FIXED_R65,2025-05-23,2025-05-23 00:07,DOWN,2025-05-23 01:42,LONG,21160.00,21150.00,21163.25,2025-05-23 01:42,TARGET_HIT,1,3.25
FIXED_R65,2025-05-23,2025-05-23 02:03,DOWN,2025-05-23 03:20,LONG,21112.50,21102.50,21115.75,2025-05-23 03:20,STOP_HIT,1,-10.00
FIXED_R65,2025-05-23,2025-05-23 05:37,DOWN,2025-05-23 05:47,LONG,20863.50,20853.50,20866.75,2025-05-23 05:47,STOP_HIT,1,-10.00
FIXED_R65,2025-05-23,2025-05-23 05:48,UP,2025-05-23 06:15,SHORT,20969.75,20979.75,20966.50,2025-05-23 06:15,STOP_HIT,1,-10.00
FIXED_R65,2025-05-26,2025-05-25 14:39,UP,2025-05-25 17:32,SHORT,21174.25,21184.25,21171.00,2025-05-25 17:32,TARGET_HIT,1,3.25
FIXED_R65,2025-05-27,2025-05-26 14:00,DOWN,2025-05-26 15:00,LONG,21229.25,21219.25,21232.50,2025-05-26 15:00,TARGET_HIT,1,3.25
FIXED_R65,2025-05-27,2025-05-26 19:46,UP,2025-05-26 23:00,SHORT,21243.00,21253.00,21239.75,2025-05-26 23:00,STOP_HIT,1,-10.00
FIXED_R65,2025-05-27,2025-05-27 05:37,UP,2025-05-27 06:01,SHORT,21325.25,21335.25,21322.00,2025-05-27 06:01,TARGET_HIT,1,3.25
FIXED_R65,2025-05-28,2025-05-27 15:18,DOWN,2025-05-28 00:13,LONG,21421.00,21411.00,21424.25,2025-05-28 00:14,TARGET_HIT,2,3.25
FIXED_R65,2025-05-28,2025-05-28 01:44,UP,2025-05-28 02:33,SHORT,21476.25,21486.25,21473.00,2025-05-28 02:34,STOP_HIT,2,-10.00
FIXED_R65,2025-05-28,2025-05-28 05:40,DOWN,2025-05-28 06:00,LONG,21467.50,21457.50,21470.75,2025-05-28 06:00,TARGET_HIT,1,3.25
FIXED_R65,2025-05-28,2025-05-28 06:58,UP,2025-05-28 10:05,SHORT,21488.50,21498.50,21485.25,2025-05-28 10:05,TARGET_HIT,1,3.25
FIXED_R65,2025-05-28,2025-05-28 10:52,UP,2025-05-28 11:13,SHORT,21497.75,21507.75,21494.50,2025-05-28 11:13,TARGET_HIT,1,3.25
FIXED_R65,2025-05-28,2025-05-28 11:08,DOWN,2025-05-28 11:33,LONG,21458.75,21448.75,21462.00,2025-05-28 11:34,STOP_HIT,2,-10.00
FIXED_R65,2025-05-29,2025-05-28 14:00,UP,2025-05-28 14:49,SHORT,21552.25,21562.25,21549.00,2025-05-28 14:50,STOP_HIT,2,-10.00
FIXED_R65,2025-05-29,2025-05-28 23:00,UP,2025-05-28 23:41,SHORT,21802.75,21812.75,21799.50,2025-05-28 23:43,STOP_HIT,3,-10.00
FIXED_R65,2025-05-29,2025-05-29 00:00,DOWN,2025-05-29 03:26,LONG,21695.75,21685.75,21699.00,2025-05-29 03:26,TARGET_HIT,1,3.25
FIXED_R65,2025-05-30,2025-05-29 14:10,DOWN,2025-05-29 15:41,LONG,21343.50,21333.50,21346.75,2025-05-29 15:43,STOP_HIT,3,-10.00
FIXED_R65,2025-05-30,2025-05-29 17:05,UP,2025-05-29 19:31,SHORT,21337.00,21347.00,21333.75,2025-05-29 19:32,STOP_HIT,2,-10.00
FIXED_R65,2025-05-30,2025-05-30 04:30,UP,2025-05-30 04:41,SHORT,21349.75,21359.75,21346.50,2025-05-30 04:41,TARGET_HIT,1,3.25
FIXED_R65,2025-05-30,2025-05-30 05:50,UP,2025-05-30 06:36,SHORT,21367.50,21377.50,21364.25,2025-05-30 06:36,TARGET_HIT,1,3.25
FIXED_R65,2025-06-02,2025-06-01 14:10,DOWN,2025-06-01 15:31,LONG,21281.75,21271.75,21285.00,2025-06-01 15:31,TARGET_HIT,1,3.25
FIXED_R65,2025-06-03,2025-06-02 14:00,DOWN,2025-06-02 15:26,LONG,21479.75,21469.75,21483.00,2025-06-02 15:26,STOP_HIT,1,-10.00
FIXED_R65,2025-06-03,2025-06-02 15:29,DOWN,2025-06-02 19:11,LONG,21465.75,21455.75,21469.00,2025-06-02 19:19,STOP_HIT,9,-10.00
FIXED_R65,2025-06-03,2025-06-03 00:15,UP,2025-06-03 03:40,SHORT,21526.00,21536.00,21522.75,2025-06-03 03:40,TARGET_HIT,1,3.25
FIXED_R65,2025-06-04,2025-06-03 18:15,UP,2025-06-04 00:06,SHORT,21730.75,21740.75,21727.50,2025-06-04 00:06,TARGET_HIT,1,3.25
FIXED_R65,2025-06-04,2025-06-04 04:05,DOWN,2025-06-04 04:21,LONG,21700.25,21690.25,21703.50,2025-06-04 04:21,STOP_HIT,1,-10.00
FIXED_R65,2025-06-04,2025-06-04 04:25,UP,2025-06-04 05:21,SHORT,21726.75,21736.75,21723.50,2025-06-04 05:21,STOP_HIT,1,-10.00
FIXED_R65,2025-06-04,2025-06-04 06:05,UP,2025-06-04 06:38,SHORT,21745.50,21755.50,21742.25,2025-06-04 06:38,TARGET_HIT,1,3.25
FIXED_R65,2025-06-04,2025-06-04 08:10,UP,2025-06-04 09:06,SHORT,21769.00,21779.00,21765.75,2025-06-04 09:10,TARGET_HIT,5,3.25
FIXED_R65,2025-06-05,2025-06-04 22:14,UP,2025-06-04 23:24,SHORT,21780.50,21790.50,21777.25,2025-06-04 23:25,STOP_HIT,2,-10.00
FIXED_R65,2025-06-05,2025-06-05 04:30,UP,2025-06-05 04:40,SHORT,21771.75,21781.75,21768.50,2025-06-05 04:40,TARGET_HIT,1,3.25
FIXED_R65,2025-06-05,2025-06-05 05:35,DOWN,2025-06-05 05:45,LONG,21778.25,21768.25,21781.50,2025-06-05 05:45,STOP_HIT,1,-10.00
FIXED_R65,2025-06-06,2025-06-05 14:00,UP,2025-06-05 14:28,SHORT,21527.25,21537.25,21524.00,2025-06-05 14:30,STOP_HIT,3,-10.00
FIXED_R65,2025-06-06,2025-06-06 07:16,DOWN,2025-06-06 07:29,LONG,21788.25,21778.25,21791.50,2025-06-06 07:29,TARGET_HIT,1,3.25
FIXED_R65,2025-06-06,2025-06-06 07:20,UP,2025-06-06 07:31,SHORT,21789.75,21799.75,21786.50,2025-06-06 07:31,STOP_HIT,1,-10.00
FIXED_R65,2025-06-06,2025-06-06 08:10,DOWN,2025-06-06 08:40,LONG,21778.50,21768.50,21781.75,2025-06-06 08:40,STOP_HIT,1,-10.00
FIXED_R65,2025-06-06,2025-06-06 08:55,UP,2025-06-06 09:51,SHORT,21819.00,21829.00,21815.75,2025-06-06 09:51,TARGET_HIT,1,3.25
FIXED_R65,2025-06-09,2025-06-08 14:00,DOWN,2025-06-08 14:15,LONG,21761.25,21751.25,21764.50,2025-06-08 14:15,STOP_HIT,1,-10.00
FIXED_R65,2025-06-09,2025-06-08 18:30,UP,2025-06-08 23:41,SHORT,21775.50,21785.50,21772.25,2025-06-08 23:42,TARGET_HIT,2,3.25
FIXED_R65,2025-06-09,2025-06-09 05:35,UP,2025-06-09 05:51,SHORT,21803.00,21813.00,21799.75,2025-06-09 05:52,STOP_HIT,2,-10.00
FIXED_R65,2025-06-10,2025-06-09 23:44,UP,2025-06-10 04:17,SHORT,21863.25,21873.25,21860.00,2025-06-10 04:18,TARGET_HIT,2,3.25
FIXED_R65,2025-06-10,2025-06-10 07:33,UP,2025-06-10 08:09,SHORT,21901.00,21911.00,21897.75,2025-06-10 08:09,TARGET_HIT,1,3.25
FIXED_R65,2025-06-10,2025-06-10 10:00,UP,2025-06-10 10:36,SHORT,21884.75,21894.75,21881.50,2025-06-10 10:45,STOP_HIT,10,-10.00
FIXED_R65,2025-06-11,2025-06-10 14:54,DOWN,2025-06-10 15:06,LONG,21948.25,21938.25,21951.50,2025-06-10 15:06,STOP_HIT,1,-10.00
FIXED_R65,2025-06-11,2025-06-10 15:05,UP,2025-06-10 15:18,SHORT,21993.00,22003.00,21989.75,2025-06-10 15:18,TARGET_HIT,1,3.25
FIXED_R65,2025-06-11,2025-06-10 15:15,DOWN,2025-06-10 16:06,LONG,21950.25,21940.25,21953.50,2025-06-10 16:07,STOP_HIT,2,-10.00
FIXED_R65,2025-06-11,2025-06-10 20:58,UP,2025-06-11 01:31,SHORT,21939.75,21949.75,21936.50,2025-06-11 01:33,TARGET_HIT,3,3.25
FIXED_R65,2025-06-11,2025-06-11 03:17,UP,2025-06-11 04:01,SHORT,21935.00,21945.00,21931.75,2025-06-11 04:02,STOP_HIT,2,-10.00
FIXED_R65,2025-06-11,2025-06-11 05:45,UP,2025-06-11 05:55,SHORT,21982.25,21992.25,21979.00,2025-06-11 05:55,STOP_HIT,1,-10.00
FIXED_R65,2025-06-11,2025-06-11 09:09,DOWN,2025-06-11 09:50,LONG,21948.25,21938.25,21951.50,2025-06-11 09:50,STOP_HIT,1,-10.00
FIXED_R65,2025-06-12,2025-06-11 14:30,DOWN,2025-06-11 14:56,LONG,21835.00,21825.00,21838.25,2025-06-11 14:58,TARGET_HIT,3,3.25
FIXED_R65,2025-06-12,2025-06-11 17:34,UP,2025-06-11 22:56,SHORT,21842.00,21852.00,21838.75,2025-06-11 22:56,TARGET_HIT,1,3.25
FIXED_R65,2025-06-12,2025-06-11 23:00,DOWN,2025-06-11 23:54,LONG,21783.25,21773.25,21786.50,2025-06-11 23:54,STOP_HIT,1,-10.00
FIXED_R65,2025-06-12,2025-06-12 01:35,DOWN,2025-06-12 02:20,LONG,21807.25,21797.25,21810.50,2025-06-12 02:20,STOP_HIT,1,-10.00
FIXED_R65,2025-06-12,2025-06-12 04:30,UP,2025-06-12 04:40,SHORT,21828.00,21838.00,21824.75,2025-06-12 04:40,STOP_HIT,1,-10.00
FIXED_R65,2025-06-13,2025-06-12 14:00,DOWN,2025-06-12 15:50,LONG,21871.25,21861.25,21874.50,2025-06-12 15:55,STOP_HIT,6,-10.00
FIXED_R65,2025-06-13,2025-06-12 20:15,UP,2025-06-12 23:01,SHORT,21603.25,21613.25,21600.00,2025-06-12 23:01,STOP_HIT,1,-10.00
FIXED_R65,2025-06-13,2025-06-13 06:25,UP,2025-06-13 06:36,SHORT,21676.00,21686.00,21672.75,2025-06-13 06:36,STOP_HIT,1,-10.00
FIXED_R65,2025-06-13,2025-06-13 10:00,DOWN,2025-06-13 10:31,LONG,21671.25,21661.25,21674.50,2025-06-13 10:31,STOP_HIT,1,-10.00
FIXED_R65,2025-06-16,2025-06-15 14:03,DOWN,2025-06-15 14:13,LONG,21805.25,21795.25,21808.50,2025-06-15 14:13,TARGET_HIT,1,3.25
FIXED_R65,2025-06-16,2025-06-15 14:10,UP,2025-06-15 14:20,SHORT,21826.50,21836.50,21823.25,2025-06-15 14:20,STOP_HIT,1,-10.00
FIXED_R65,2025-06-16,2025-06-16 09:30,DOWN,2025-06-16 11:15,LONG,22151.75,22141.75,22155.00,2025-06-16 11:15,TARGET_HIT,1,3.25
FIXED_R65,2025-06-17,2025-06-16 14:00,DOWN,2025-06-16 14:39,LONG,22115.25,22105.25,22118.50,2025-06-16 14:40,STOP_HIT,2,-10.00
FIXED_R65,2025-06-17,2025-06-16 16:59,DOWN,2025-06-16 18:10,LONG,22046.50,22036.50,22049.75,2025-06-16 18:10,TARGET_HIT,1,3.25
FIXED_R65,2025-06-17,2025-06-16 18:30,UP,2025-06-16 18:56,SHORT,22095.00,22105.00,22091.75,2025-06-16 18:59,STOP_HIT,4,-10.00
FIXED_R65,2025-06-17,2025-06-16 22:15,DOWN,2025-06-16 23:23,LONG,22026.50,22016.50,22029.75,2025-06-16 23:23,TARGET_HIT,1,3.25
FIXED_R65,2025-06-17,2025-06-17 02:45,UP,2025-06-17 04:13,SHORT,22080.00,22090.00,22076.75,2025-06-17 04:15,STOP_HIT,3,-10.00
FIXED_R65,2025-06-17,2025-06-17 04:30,DOWN,2025-06-17 05:12,LONG,22045.50,22035.50,22048.75,2025-06-17 05:12,TARGET_HIT,1,3.25
FIXED_R65,2025-06-17,2025-06-17 05:11,UP,2025-06-17 05:31,SHORT,22096.75,22106.75,22093.50,2025-06-17 05:31,STOP_HIT,1,-10.00
FIXED_R65,2025-06-17,2025-06-17 05:30,DOWN,2025-06-17 05:50,LONG,22057.75,22047.75,22061.00,2025-06-17 05:50,STOP_HIT,1,-10.00
FIXED_R65,2025-06-17,2025-06-17 05:44,UP,2025-06-17 05:54,SHORT,22073.75,22083.75,22070.50,2025-06-17 05:54,TARGET_HIT,1,3.25
FIXED_R65,2025-06-18,2025-06-17 14:00,DOWN,2025-06-17 14:41,LONG,21889.75,21879.75,21893.00,2025-06-17 14:41,STOP_HIT,1,-10.00
FIXED_R65,2025-06-18,2025-06-17 14:57,UP,2025-06-17 16:01,SHORT,21914.25,21924.25,21911.00,2025-06-17 16:01,STOP_HIT,1,-10.00
FIXED_R65,2025-06-18,2025-06-18 03:07,UP,2025-06-18 03:48,SHORT,22024.25,22034.25,22021.00,2025-06-18 03:50,TARGET_HIT,3,3.25
FIXED_R65,2025-06-18,2025-06-18 03:45,DOWN,2025-06-18 05:31,LONG,21981.75,21971.75,21985.00,2025-06-18 05:31,STOP_HIT,1,-10.00
FIXED_R65,2025-06-18,2025-06-18 05:34,UP,2025-06-18 06:03,SHORT,22006.00,22016.00,22002.75,2025-06-18 06:03,STOP_HIT,1,-10.00
FIXED_R65,2025-06-18,2025-06-18 10:05,UP,2025-06-18 10:44,SHORT,22055.75,22065.75,22052.50,2025-06-18 10:44,TARGET_HIT,1,3.25
FIXED_R65,2025-06-18,2025-06-18 10:40,DOWN,2025-06-18 10:53,LONG,21994.25,21984.25,21997.50,2025-06-18 10:53,STOP_HIT,1,-10.00
FIXED_R65,2025-06-19,2025-06-18 14:00,DOWN,2025-06-18 16:06,LONG,21925.00,21915.00,21928.25,2025-06-18 16:06,TARGET_HIT,1,3.25
FIXED_R65,2025-06-19,2025-06-18 20:41,DOWN,2025-06-18 22:31,LONG,21844.50,21834.50,21847.75,2025-06-18 22:31,STOP_HIT,1,-10.00
FIXED_R65,2025-06-20,2025-06-19 14:00,UP,2025-06-19 14:10,SHORT,21823.75,21833.75,21820.50,2025-06-19 14:10,STOP_HIT,1,-10.00
FIXED_R65,2025-06-20,2025-06-19 14:45,DOWN,2025-06-19 17:37,LONG,21850.50,21840.50,21853.75,2025-06-19 17:37,TARGET_HIT,1,3.25
FIXED_R65,2025-06-20,2025-06-19 17:10,UP,2025-06-19 19:26,SHORT,21906.25,21916.25,21903.00,2025-06-19 19:28,TARGET_HIT,3,3.25
FIXED_R65,2025-06-20,2025-06-20 00:10,DOWN,2025-06-20 00:56,LONG,21871.75,21861.75,21875.00,2025-06-20 00:56,STOP_HIT,1,-10.00
FIXED_R65,2025-06-20,2025-06-20 00:55,UP,2025-06-20 03:35,SHORT,21915.75,21925.75,21912.50,2025-06-20 03:35,STOP_HIT,1,-10.00
FIXED_R65,2025-06-23,2025-06-22 14:00,UP,2025-06-22 14:10,SHORT,21728.00,21738.00,21724.75,2025-06-22 14:10,STOP_HIT,1,-10.00
FIXED_R65,2025-06-23,2025-06-22 16:20,UP,2025-06-22 19:38,SHORT,21764.00,21774.00,21760.75,2025-06-22 19:40,STOP_HIT,3,-10.00
FIXED_R65,2025-06-23,2025-06-23 03:45,UP,2025-06-23 04:01,SHORT,21833.75,21843.75,21830.50,2025-06-23 04:05,TARGET_HIT,5,3.25
FIXED_R65,2025-06-24,2025-06-23 14:00,UP,2025-06-23 14:10,SHORT,22161.25,22171.25,22158.00,2025-06-23 14:10,STOP_HIT,1,-10.00
FIXED_R65,2025-06-24,2025-06-24 01:35,DOWN,2025-06-24 04:49,LONG,22293.25,22283.25,22296.50,2025-06-24 04:49,STOP_HIT,1,-10.00
FIXED_R65,2025-06-24,2025-06-24 03:20,UP,2025-06-24 05:36,SHORT,22301.50,22311.50,22298.25,2025-06-24 05:36,TARGET_HIT,1,3.25
FIXED_R65,2025-06-25,2025-06-24 14:00,UP,2025-06-25 01:21,SHORT,22441.00,22451.00,22437.75,2025-06-25 01:22,STOP_HIT,2,-10.00
FIXED_R65,2025-06-25,2025-06-25 05:40,DOWN,2025-06-25 06:56,LONG,22493.50,22483.50,22496.75,2025-06-25 06:57,TARGET_HIT,2,3.25
FIXED_R65,2025-06-26,2025-06-25 15:05,UP,2025-06-25 19:36,SHORT,22499.25,22509.25,22496.00,2025-06-25 19:36,TARGET_HIT,1,3.25
FIXED_R65,2025-06-26,2025-06-26 04:05,DOWN,2025-06-26 05:35,LONG,22534.75,22524.75,22538.00,2025-06-26 05:35,STOP_HIT,1,-10.00
FIXED_R65,2025-06-26,2025-06-26 05:50,UP,2025-06-26 06:06,SHORT,22553.25,22563.25,22550.00,2025-06-26 06:06,TARGET_HIT,1,3.25
FIXED_R65,2025-06-27,2025-06-26 17:28,UP,2025-06-26 22:15,SHORT,22722.25,22732.25,22719.00,2025-06-26 22:30,STOP_HIT,16,-10.00
FIXED_R65,2025-06-27,2025-06-27 04:00,DOWN,2025-06-27 05:29,LONG,22708.75,22698.75,22712.00,2025-06-27 05:30,STOP_HIT,2,-10.00
FIXED_R65,2025-06-27,2025-06-27 05:30,UP,2025-06-27 05:56,SHORT,22755.75,22765.75,22752.50,2025-06-27 05:56,STOP_HIT,1,-10.00
FIXED_R65,2025-06-27,2025-06-27 07:45,DOWN,2025-06-27 10:31,LONG,22655.50,22645.50,22658.75,2025-06-27 10:31,TARGET_HIT,1,3.25
FIXED_R65,2025-06-30,2025-06-29 14:00,UP,2025-06-29 14:50,SHORT,22813.25,22823.25,22810.00,2025-06-29 14:50,STOP_HIT,1,-10.00
FIXED_R65,2025-06-30,2025-06-30 01:35,DOWN,2025-06-30 05:35,LONG,22825.25,22815.25,22828.50,2025-06-30 05:35,STOP_HIT,1,-10.00
FIXED_R65,2025-06-30,2025-06-30 05:50,UP,2025-06-30 08:34,SHORT,22843.25,22853.25,22840.00,2025-06-30 08:35,STOP_HIT,2,-10.00
FIXED_R65,2025-06-30,2025-06-30 08:09,DOWN,2025-06-30 09:56,LONG,22830.00,22820.00,22833.25,2025-06-30 09:56,STOP_HIT,1,-10.00
FIXED_R65,2025-06-30,2025-06-30 10:40,UP,2025-06-30 11:08,SHORT,22858.75,22868.75,22855.50,2025-06-30 11:08,STOP_HIT,1,-10.00
FIXED_R65,2025-07-01,2025-06-30 15:28,UP,2025-06-30 17:49,SHORT,22902.75,22912.75,22899.50,2025-06-30 17:50,STOP_HIT,2,-10.00
FIXED_R65,2025-07-01,2025-06-30 17:53,DOWN,2025-06-30 21:06,LONG,22860.75,22850.75,22864.00,2025-06-30 21:09,STOP_HIT,4,-10.00
FIXED_R65,2025-07-01,2025-07-01 06:15,DOWN,2025-07-01 06:25,LONG,22788.25,22778.25,22791.50,2025-07-01 06:25,STOP_HIT,1,-10.00
FIXED_R65,2025-07-01,2025-07-01 09:50,DOWN,2025-07-01 11:00,LONG,22702.25,22692.25,22705.50,2025-07-01 11:00,STOP_HIT,1,-10.00
FIXED_R65,2025-07-02,2025-07-01 18:08,UP,2025-07-01 18:59,SHORT,22737.75,22747.75,22734.50,2025-07-01 19:00,TARGET_HIT,2,3.25
FIXED_R65,2025-07-02,2025-07-01 20:51,DOWN,2025-07-02 03:09,LONG,22694.25,22684.25,22697.50,2025-07-02 03:18,TARGET_HIT,10,3.25
FIXED_R65,2025-07-02,2025-07-02 04:40,UP,2025-07-02 06:25,SHORT,22768.50,22778.50,22765.25,2025-07-02 06:25,STOP_HIT,1,-10.00
FIXED_R65,2025-07-03,2025-07-02 23:39,DOWN,2025-07-03 02:06,LONG,22843.00,22833.00,22846.25,2025-07-03 02:16,STOP_HIT,11,-10.00
FIXED_R65,2025-07-03,2025-07-03 02:16,UP,2025-07-03 04:29,SHORT,22858.00,22868.00,22854.75,2025-07-03 04:30,STOP_HIT,2,-10.00
FIXED_R65,2025-07-04,2025-07-03 14:28,DOWN,2025-07-03 18:14,LONG,23011.25,23001.25,23014.50,2025-07-03 18:15,STOP_HIT,2,-10.00
FIXED_R65,2025-07-07,2025-07-06 14:00,UP,2025-07-06 14:10,SHORT,22998.25,23008.25,22995.00,2025-07-06 14:10,TARGET_HIT,1,3.25
FIXED_R65,2025-07-07,2025-07-06 14:01,DOWN,2025-07-06 15:02,LONG,22968.75,22958.75,22972.00,2025-07-06 15:03,TARGET_HIT,2,3.25
FIXED_R65,2025-07-07,2025-07-07 00:10,UP,2025-07-07 03:11,SHORT,22959.00,22969.00,22955.75,2025-07-07 03:15,TARGET_HIT,5,3.25
FIXED_R65,2025-07-07,2025-07-07 04:15,DOWN,2025-07-07 05:16,LONG,22940.50,22930.50,22943.75,2025-07-07 05:16,TARGET_HIT,1,3.25
FIXED_R65,2025-07-07,2025-07-07 05:34,UP,2025-07-07 05:56,SHORT,22957.00,22967.00,22953.75,2025-07-07 05:56,TARGET_HIT,1,3.25
FIXED_R65,2025-07-07,2025-07-07 05:50,DOWN,2025-07-07 06:01,LONG,22936.50,22926.50,22939.75,2025-07-07 06:01,STOP_HIT,1,-10.00
FIXED_R65,2025-07-08,2025-07-07 14:20,UP,2025-07-07 15:24,SHORT,22866.00,22876.00,22862.75,2025-07-07 15:24,TARGET_HIT,1,3.25
FIXED_R65,2025-07-08,2025-07-07 23:55,DOWN,2025-07-08 05:46,LONG,22913.50,22903.50,22916.75,2025-07-08 05:46,STOP_HIT,1,-10.00
FIXED_R65,2025-07-08,2025-07-08 06:25,UP,2025-07-08 06:41,SHORT,22939.25,22949.25,22936.00,2025-07-08 06:41,TARGET_HIT,1,3.25
FIXED_R65,2025-07-08,2025-07-08 06:40,DOWN,2025-07-08 06:51,LONG,22901.75,22891.75,22905.00,2025-07-08 06:51,STOP_HIT,1,-10.00
FIXED_R65,2025-07-08,2025-07-08 06:55,UP,2025-07-08 08:34,SHORT,22928.25,22938.25,22925.00,2025-07-08 08:34,TARGET_HIT,1,3.25
FIXED_R65,2025-07-08,2025-07-08 08:25,DOWN,2025-07-08 09:49,LONG,22907.50,22897.50,22910.75,2025-07-08 09:49,TARGET_HIT,1,3.25
FIXED_R65,2025-07-08,2025-07-08 09:15,UP,2025-07-08 10:06,SHORT,22940.00,22950.00,22936.75,2025-07-08 10:06,TARGET_HIT,1,3.25
FIXED_R65,2025-07-08,2025-07-08 10:05,DOWN,2025-07-08 11:10,LONG,22881.50,22871.50,22884.75,2025-07-08 11:10,STOP_HIT,1,-10.00
FIXED_R65,2025-07-09,2025-07-08 15:01,DOWN,2025-07-08 17:31,LONG,22868.00,22858.00,22871.25,2025-07-08 17:31,STOP_HIT,1,-10.00
FIXED_R65,2025-07-09,2025-07-08 22:05,UP,2025-07-09 01:11,SHORT,22892.50,22902.50,22889.25,2025-07-09 01:13,STOP_HIT,3,-10.00
FIXED_R65,2025-07-09,2025-07-09 06:00,DOWN,2025-07-09 07:08,LONG,22935.75,22925.75,22939.00,2025-07-09 07:08,TARGET_HIT,1,3.25
FIXED_R65,2025-07-09,2025-07-09 07:15,UP,2025-07-09 09:08,SHORT,22987.75,22997.75,22984.50,2025-07-09 09:10,TARGET_HIT,3,3.25
FIXED_R65,2025-07-10,2025-07-09 14:17,DOWN,2025-07-09 17:21,LONG,23002.25,22992.25,23005.50,2025-07-09 17:22,TARGET_HIT,2,3.25
FIXED_R65,2025-07-10,2025-07-09 21:30,UP,2025-07-10 00:31,SHORT,23036.50,23046.50,23033.25,2025-07-10 00:31,TARGET_HIT,1,3.25
FIXED_R65,2025-07-10,2025-07-10 05:30,DOWN,2025-07-10 05:40,LONG,23035.75,23025.75,23039.00,2025-07-10 05:40,STOP_HIT,1,-10.00
FIXED_R65,2025-07-10,2025-07-10 06:05,UP,2025-07-10 11:51,SHORT,23020.00,23030.00,23016.75,2025-07-10 11:51,TARGET_HIT,1,3.25
FIXED_R65,2025-07-11,2025-07-10 21:18,DOWN,2025-07-11 00:08,LONG,22886.75,22876.75,22890.00,2025-07-11 00:08,TARGET_HIT,1,3.25
FIXED_R65,2025-07-11,2025-07-11 02:00,UP,2025-07-11 05:31,SHORT,22941.50,22951.50,22938.25,2025-07-11 05:31,STOP_HIT,1,-10.00
FIXED_R65,2025-07-11,2025-07-11 05:30,DOWN,2025-07-11 05:42,LONG,22890.00,22880.00,22893.25,2025-07-11 05:42,STOP_HIT,1,-10.00
FIXED_R65,2025-07-11,2025-07-11 11:05,UP,2025-07-11 11:20,SHORT,22983.00,22993.00,22979.75,2025-07-11 11:25,STOP_HIT,6,-10.00
FIXED_R65,2025-07-11,2025-07-11 11:25,DOWN,2025-07-11 12:19,LONG,22939.25,22929.25,22942.50,2025-07-11 12:30,TARGET_HIT,12,3.25
FIXED_R65,2025-07-14,2025-07-13 14:00,UP,2025-07-13 14:33,SHORT,22856.00,22866.00,22852.75,2025-07-13 14:35,STOP_HIT,3,-10.00
FIXED_R65,2025-07-14,2025-07-13 14:55,DOWN,2025-07-13 22:01,LONG,22835.75,22825.75,22839.00,2025-07-13 22:02,STOP_HIT,2,-10.00
FIXED_R65,2025-07-14,2025-07-13 23:20,UP,2025-07-14 00:00,SHORT,22881.75,22891.75,22878.50,2025-07-14 00:00,TARGET_HIT,1,3.25
FIXED_R65,2025-07-15,2025-07-14 18:50,UP,2025-07-14 20:31,SHORT,23102.00,23112.00,23098.75,2025-07-14 20:31,STOP_HIT,1,-10.00
FIXED_R65,2025-07-15,2025-07-15 05:30,DOWN,2025-07-15 05:54,LONG,23150.00,23140.00,23153.25,2025-07-15 05:54,TARGET_HIT,1,3.25
FIXED_R65,2025-07-15,2025-07-15 06:00,UP,2025-07-15 06:12,SHORT,23187.25,23197.25,23184.00,2025-07-15 06:12,TARGET_HIT,1,3.25
FIXED_R65,2025-07-15,2025-07-15 06:15,DOWN,2025-07-15 06:51,LONG,23148.00,23138.00,23151.25,2025-07-15 06:51,STOP_HIT,1,-10.00
FIXED_R65,2025-07-15,2025-07-15 10:20,DOWN,2025-07-15 10:56,LONG,23124.75,23114.75,23128.00,2025-07-15 10:56,STOP_HIT,1,-10.00
FIXED_R65,2025-07-16,2025-07-15 14:30,UP,2025-07-15 21:01,SHORT,23027.50,23037.50,23024.25,2025-07-15 21:01,STOP_HIT,1,-10.00
FIXED_R65,2025-07-16,2025-07-15 21:00,DOWN,2025-07-15 22:31,LONG,22990.75,22980.75,22994.00,2025-07-15 22:33,STOP_HIT,3,-10.00
FIXED_R65,2025-07-16,2025-07-15 23:10,UP,2025-07-16 04:00,SHORT,23020.50,23030.50,23017.25,2025-07-16 04:00,TARGET_HIT,1,3.25
FIXED_R65,2025-07-16,2025-07-16 05:30,DOWN,2025-07-16 06:01,LONG,22977.25,22967.25,22980.50,2025-07-16 06:01,TARGET_HIT,1,3.25
FIXED_R65,2025-07-16,2025-07-16 06:55,UP,2025-07-16 07:07,SHORT,23010.75,23020.75,23007.50,2025-07-16 07:08,STOP_HIT,2,-10.00
FIXED_R65,2025-07-16,2025-07-16 07:55,UP,2025-07-16 08:05,SHORT,22980.75,22990.75,22977.50,2025-07-16 08:05,STOP_HIT,1,-10.00
FIXED_R65,2025-07-16,2025-07-16 07:56,DOWN,2025-07-16 08:26,LONG,22967.00,22957.00,22970.25,2025-07-16 08:26,STOP_HIT,1,-10.00
FIXED_R65,2025-07-16,2025-07-16 08:25,UP,2025-07-16 08:51,SHORT,23012.50,23022.50,23009.25,2025-07-16 08:51,STOP_HIT,1,-10.00
FIXED_R65,2025-07-17,2025-07-16 19:07,UP,2025-07-16 21:46,SHORT,23077.75,23087.75,23074.50,2025-07-16 21:48,STOP_HIT,3,-10.00
FIXED_R65,2025-07-17,2025-07-17 03:00,UP,2025-07-17 04:51,SHORT,23127.75,23137.75,23124.50,2025-07-17 04:52,STOP_HIT,2,-10.00
FIXED_R65,2025-07-17,2025-07-17 05:00,DOWN,2025-07-17 05:38,LONG,23090.25,23080.25,23093.50,2025-07-17 05:38,STOP_HIT,1,-10.00
FIXED_R65,2025-07-17,2025-07-17 05:30,UP,2025-07-17 05:46,SHORT,23123.75,23133.75,23120.50,2025-07-17 05:47,TARGET_HIT,2,3.25
FIXED_R65,2025-07-18,2025-07-17 14:00,UP,2025-07-18 05:26,SHORT,23279.50,23289.50,23276.25,2025-07-18 05:26,TARGET_HIT,1,3.25
FIXED_R65,2025-07-18,2025-07-18 05:25,DOWN,2025-07-18 05:56,LONG,23262.00,23252.00,23265.25,2025-07-18 06:00,STOP_HIT,5,-10.00
FIXED_R65,2025-07-21,2025-07-20 14:13,UP,2025-07-20 17:06,SHORT,23258.75,23268.75,23255.50,2025-07-20 17:07,STOP_HIT,2,-10.00
FIXED_R65,2025-07-21,2025-07-21 00:08,DOWN,2025-07-21 05:30,LONG,23256.25,23246.25,23259.50,2025-07-21 05:30,TARGET_HIT,1,3.25
FIXED_R65,2025-07-21,2025-07-21 05:10,UP,2025-07-21 05:35,SHORT,23300.50,23310.50,23297.25,2025-07-21 05:35,STOP_HIT,1,-10.00
FIXED_R65,2025-07-22,2025-07-21 17:45,DOWN,2025-07-22 03:13,LONG,23308.50,23298.50,23311.75,2025-07-22 03:13,TARGET_HIT,1,3.25
FIXED_R65,2025-07-22,2025-07-22 01:40,UP,2025-07-22 04:51,SHORT,23334.00,23344.00,23330.75,2025-07-22 05:05,STOP_HIT,15,-10.00
FIXED_R65,2025-07-22,2025-07-22 07:30,DOWN,2025-07-22 08:26,LONG,23186.50,23176.50,23189.75,2025-07-22 08:26,TARGET_HIT,1,3.25
FIXED_R65,2025-07-22,2025-07-22 08:40,UP,2025-07-22 09:47,SHORT,23220.25,23230.25,23217.00,2025-07-22 09:47,TARGET_HIT,1,3.25
FIXED_R65,2025-07-22,2025-07-22 09:25,DOWN,2025-07-22 10:16,LONG,23215.75,23205.75,23219.00,2025-07-22 10:17,STOP_HIT,2,-10.00
FIXED_R65,2025-07-22,2025-07-22 10:15,UP,2025-07-22 10:35,SHORT,23232.25,23242.25,23229.00,2025-07-22 10:35,STOP_HIT,1,-10.00
FIXED_R65,2025-07-23,2025-07-22 14:39,UP,2025-07-22 15:11,SHORT,23193.50,23203.50,23190.25,2025-07-22 15:13,STOP_HIT,3,-10.00
FIXED_R65,2025-07-23,2025-07-22 15:55,DOWN,2025-07-22 16:48,LONG,23214.00,23204.00,23217.25,2025-07-22 16:55,STOP_HIT,8,-10.00
FIXED_R65,2025-07-23,2025-07-22 16:55,UP,2025-07-22 22:37,SHORT,23254.75,23264.75,23251.50,2025-07-22 22:40,STOP_HIT,4,-10.00
FIXED_R65,2025-07-23,2025-07-23 00:56,DOWN,2025-07-23 05:31,LONG,23223.50,23213.50,23226.75,2025-07-23 05:31,STOP_HIT,1,-10.00
FIXED_R65,2025-07-24,2025-07-23 17:22,DOWN,2025-07-24 00:47,LONG,23384.00,23374.00,23387.25,2025-07-24 00:49,TARGET_HIT,3,3.25
FIXED_R65,2025-07-24,2025-07-24 05:40,UP,2025-07-24 05:52,SHORT,23378.50,23388.50,23375.25,2025-07-24 05:52,TARGET_HIT,1,3.25
FIXED_R65,2025-07-24,2025-07-24 05:45,DOWN,2025-07-24 06:01,LONG,23349.00,23339.00,23352.25,2025-07-24 06:01,TARGET_HIT,1,3.25
FIXED_R65,2025-07-24,2025-07-24 06:10,UP,2025-07-24 07:40,SHORT,23376.50,23386.50,23373.25,2025-07-24 07:40,TARGET_HIT,1,3.25
FIXED_R65,2025-07-25,2025-07-24 19:13,DOWN,2025-07-24 23:10,LONG,23386.75,23376.75,23390.00,2025-07-24 23:10,STOP_HIT,1,-10.00
FIXED_R65,2025-07-25,2025-07-25 05:35,UP,2025-07-25 05:54,SHORT,23395.25,23405.25,23392.00,2025-07-25 05:54,TARGET_HIT,1,3.25
FIXED_R65,2025-07-28,2025-07-27 14:29,UP,2025-07-27 21:26,SHORT,23564.00,23574.00,23560.75,2025-07-27 21:42,STOP_HIT,17,-10.00
FIXED_R65,2025-07-28,2025-07-27 22:08,DOWN,2025-07-28 02:06,LONG,23523.00,23513.00,23526.25,2025-07-28 02:15,TARGET_HIT,10,3.25
FIXED_R65,2025-07-29,2025-07-28 14:00,UP,2025-07-28 23:36,SHORT,23564.75,23574.75,23561.50,2025-07-28 23:40,STOP_HIT,5,-10.00
FIXED_R65,2025-07-29,2025-07-29 05:35,DOWN,2025-07-29 06:03,LONG,23575.00,23565.00,23578.25,2025-07-29 06:03,STOP_HIT,1,-10.00
FIXED_R65,2025-07-30,2025-07-29 14:00,UP,2025-07-30 03:26,SHORT,23505.25,23515.25,23502.00,2025-07-30 03:27,STOP_HIT,2,-10.00
FIXED_R65,2025-07-30,2025-07-30 03:45,DOWN,2025-07-30 05:31,LONG,23469.00,23459.00,23472.25,2025-07-30 05:31,TARGET_HIT,1,3.25
FIXED_R65,2025-07-30,2025-07-30 05:30,UP,2025-07-30 05:46,SHORT,23519.75,23529.75,23516.50,2025-07-30 05:46,TARGET_HIT,1,3.25
FIXED_R65,2025-07-30,2025-07-30 06:55,DOWN,2025-07-30 07:33,LONG,23482.25,23472.25,23485.50,2025-07-30 07:34,TARGET_HIT,2,3.25
FIXED_R65,2025-07-31,2025-07-30 14:00,UP,2025-07-30 16:41,SHORT,23744.75,23754.75,23741.50,2025-07-30 16:44,STOP_HIT,4,-10.00
FIXED_R65,2025-07-31,2025-07-30 23:45,DOWN,2025-07-31 04:06,LONG,23764.75,23754.75,23768.00,2025-07-31 04:08,TARGET_HIT,3,3.25
FIXED_R65,2025-08-01,2025-07-31 14:05,DOWN,2025-07-31 14:36,LONG,23296.25,23286.25,23299.50,2025-07-31 14:36,STOP_HIT,1,-10.00
FIXED_R65,2025-08-01,2025-07-31 14:40,UP,2025-07-31 16:20,SHORT,23281.75,23291.75,23278.50,2025-07-31 16:20,TARGET_HIT,1,3.25
FIXED_R65,2025-08-01,2025-07-31 15:10,DOWN,2025-07-31 16:26,LONG,23261.25,23251.25,23264.50,2025-07-31 16:26,STOP_HIT,1,-10.00
FIXED_R65,2025-08-01,2025-07-31 16:25,UP,2025-07-31 17:36,SHORT,23319.75,23329.75,23316.50,2025-07-31 17:42,TARGET_HIT,7,3.25
FIXED_R65,2025-08-01,2025-07-31 19:30,DOWN,2025-07-31 22:49,LONG,23275.75,23265.75,23279.00,2025-07-31 22:50,STOP_HIT,2,-10.00
FIXED_R65,2025-08-01,2025-08-01 04:40,DOWN,2025-08-01 04:51,LONG,23103.25,23093.25,23106.50,2025-08-01 04:51,STOP_HIT,1,-10.00
FIXED_R65,2025-08-01,2025-08-01 07:29,UP,2025-08-01 08:28,SHORT,23021.75,23031.75,23018.50,2025-08-01 08:28,TARGET_HIT,1,3.25
FIXED_R65,2025-08-01,2025-08-01 08:25,DOWN,2025-08-01 08:40,LONG,22989.75,22979.75,22993.00,2025-08-01 08:40,STOP_HIT,1,-10.00
FIXED_R65,2025-08-04,2025-08-03 14:00,DOWN,2025-08-03 14:10,LONG,22839.00,22829.00,22842.25,2025-08-03 14:10,STOP_HIT,1,-10.00
FIXED_R65,2025-08-04,2025-08-03 14:05,UP,2025-08-03 14:36,SHORT,22877.25,22887.25,22874.00,2025-08-03 14:36,STOP_HIT,1,-10.00
FIXED_R65,2025-08-05,2025-08-04 16:15,UP,2025-08-04 22:36,SHORT,23376.75,23386.75,23373.50,2025-08-04 22:36,STOP_HIT,1,-10.00
FIXED_R65,2025-08-05,2025-08-04 23:02,DOWN,2025-08-04 23:53,LONG,23335.50,23325.50,23338.75,2025-08-04 23:55,STOP_HIT,3,-10.00
FIXED_R65,2025-08-05,2025-08-05 00:10,UP,2025-08-05 02:24,SHORT,23368.25,23378.25,23365.00,2025-08-05 02:25,STOP_HIT,2,-10.00
FIXED_R65,2025-08-05,2025-08-05 04:10,DOWN,2025-08-05 05:31,LONG,23305.75,23295.75,23309.00,2025-08-05 05:31,TARGET_HIT,1,3.25
FIXED_R65,2025-08-05,2025-08-05 05:30,UP,2025-08-05 05:47,SHORT,23383.75,23393.75,23380.50,2025-08-05 05:47,TARGET_HIT,1,3.25
FIXED_R65,2025-08-05,2025-08-05 05:45,DOWN,2025-08-05 06:11,LONG,23346.25,23336.25,23349.50,2025-08-05 06:11,STOP_HIT,1,-10.00
FIXED_R65,2025-08-06,2025-08-05 14:00,DOWN,2025-08-05 14:16,LONG,23064.50,23054.50,23067.75,2025-08-05 14:16,STOP_HIT,1,-10.00
FIXED_R65,2025-08-06,2025-08-05 14:19,UP,2025-08-05 17:36,SHORT,23091.50,23101.50,23088.25,2025-08-05 17:38,STOP_HIT,3,-10.00
FIXED_R65,2025-08-06,2025-08-06 00:04,DOWN,2025-08-06 02:39,LONG,23142.00,23132.00,23145.25,2025-08-06 02:40,STOP_HIT,2,-10.00
FIXED_R65,2025-08-06,2025-08-06 02:48,UP,2025-08-06 03:04,SHORT,23163.75,23173.75,23160.50,2025-08-06 03:05,TARGET_HIT,2,3.25
FIXED_R65,2025-08-06,2025-08-06 06:20,DOWN,2025-08-06 06:30,LONG,23200.00,23190.00,23203.25,2025-08-06 06:30,STOP_HIT,1,-10.00
FIXED_R65,2025-08-06,2025-08-06 06:23,UP,2025-08-06 06:36,SHORT,23218.25,23228.25,23215.00,2025-08-06 06:36,STOP_HIT,1,-10.00
FIXED_R65,2025-08-07,2025-08-06 14:00,UP,2025-08-06 14:26,SHORT,23442.75,23452.75,23439.50,2025-08-06 14:26,STOP_HIT,1,-10.00
FIXED_R65,2025-08-07,2025-08-07 06:00,DOWN,2025-08-07 06:33,LONG,23567.75,23557.75,23571.00,2025-08-07 06:33,STOP_HIT,1,-10.00
FIXED_R65,2025-08-08,2025-08-07 14:00,UP,2025-08-07 16:36,SHORT,23574.75,23584.75,23571.50,2025-08-07 16:42,TARGET_HIT,7,3.25
FIXED_R65,2025-08-08,2025-08-07 16:35,DOWN,2025-08-07 21:56,LONG,23526.25,23516.25,23529.50,2025-08-07 21:56,STOP_HIT,1,-10.00
FIXED_R65,2025-08-08,2025-08-07 21:55,UP,2025-08-08 01:26,SHORT,23569.00,23579.00,23565.75,2025-08-08 01:26,TARGET_HIT,1,3.25
FIXED_R65,2025-08-11,2025-08-10 14:00,DOWN,2025-08-10 15:34,LONG,23710.75,23700.75,23714.00,2025-08-10 15:34,TARGET_HIT,1,3.25
FIXED_R65,2025-08-11,2025-08-10 15:38,UP,2025-08-10 18:10,SHORT,23763.00,23773.00,23759.75,2025-08-10 18:22,TARGET_HIT,13,3.25
FIXED_R65,2025-08-11,2025-08-10 19:15,DOWN,2025-08-10 23:45,LONG,23722.50,23712.50,23725.75,2025-08-10 23:45,STOP_HIT,1,-10.00
FIXED_R65,2025-08-11,2025-08-11 04:19,DOWN,2025-08-11 05:53,LONG,23728.50,23718.50,23731.75,2025-08-11 05:53,STOP_HIT,1,-10.00
FIXED_R65,2025-08-11,2025-08-11 05:30,UP,2025-08-11 06:01,SHORT,23738.50,23748.50,23735.25,2025-08-11 06:03,TARGET_HIT,3,3.25
FIXED_R65,2025-08-11,2025-08-11 08:10,DOWN,2025-08-11 10:01,LONG,23688.50,23678.50,23691.75,2025-08-11 10:01,TARGET_HIT,1,3.25
FIXED_R65,2025-08-12,2025-08-11 21:01,DOWN,2025-08-11 21:23,LONG,23638.50,23628.50,23641.75,2025-08-11 21:25,STOP_HIT,3,-10.00
FIXED_R65,2025-08-12,2025-08-11 21:40,UP,2025-08-11 22:41,SHORT,23655.00,23665.00,23651.75,2025-08-11 22:42,TARGET_HIT,2,3.25
FIXED_R65,2025-08-12,2025-08-11 23:05,DOWN,2025-08-12 03:11,LONG,23616.25,23606.25,23619.50,2025-08-12 03:15,TARGET_HIT,5,3.25
FIXED_R65,2025-08-12,2025-08-12 03:10,UP,2025-08-12 04:26,SHORT,23661.75,23671.75,23658.50,2025-08-12 04:26,STOP_HIT,1,-10.00
FIXED_R65,2025-08-12,2025-08-12 06:00,UP,2025-08-12 06:36,SHORT,23762.75,23772.75,23759.50,2025-08-12 06:36,TARGET_HIT,1,3.25
FIXED_R65,2025-08-13,2025-08-12 18:05,UP,2025-08-12 23:23,SHORT,23981.50,23991.50,23978.25,2025-08-12 23:27,TARGET_HIT,5,3.25
FIXED_R65,2025-08-13,2025-08-13 05:35,DOWN,2025-08-13 06:31,LONG,23963.75,23953.75,23967.00,2025-08-13 06:31,STOP_HIT,1,-10.00
FIXED_R65,2025-08-14,2025-08-13 15:39,DOWN,2025-08-13 21:50,LONG,23904.75,23894.75,23908.00,2025-08-13 21:50,TARGET_HIT,1,3.25
FIXED_R65,2025-08-14,2025-08-13 21:49,UP,2025-08-14 04:01,SHORT,23958.00,23968.00,23954.75,2025-08-14 04:03,TARGET_HIT,3,3.25
FIXED_R65,2025-08-14,2025-08-14 04:35,UP,2025-08-14 06:32,SHORT,23975.00,23985.00,23971.75,2025-08-14 06:32,TARGET_HIT,1,3.25
FIXED_R65,2025-08-14,2025-08-14 06:45,DOWN,2025-08-14 07:50,LONG,23922.50,23912.50,23925.75,2025-08-14 07:50,TARGET_HIT,1,3.25
FIXED_R65,2025-08-14,2025-08-14 07:55,DOWN,2025-08-14 08:11,LONG,23892.75,23882.75,23896.00,2025-08-14 08:11,STOP_HIT,1,-10.00
FIXED_R65,2025-08-14,2025-08-14 08:10,UP,2025-08-14 09:35,SHORT,23966.00,23976.00,23962.75,2025-08-14 09:35,TARGET_HIT,1,3.25
FIXED_R65,2025-08-14,2025-08-14 09:25,DOWN,2025-08-14 11:02,LONG,23927.75,23917.75,23931.00,2025-08-14 11:05,STOP_HIT,4,-10.00
FIXED_R65,2025-08-14,2025-08-14 10:30,UP,2025-08-14 11:51,SHORT,23945.25,23955.25,23942.00,2025-08-14 11:51,TARGET_HIT,1,3.25
FIXED_R65,2025-08-14,2025-08-14 11:50,DOWN,2025-08-14 12:03,LONG,23890.00,23880.00,23893.25,2025-08-14 12:05,TARGET_HIT,3,3.25
FIXED_R65,2025-08-15,2025-08-14 14:00,UP,2025-08-14 20:01,SHORT,23932.00,23942.00,23928.75,2025-08-14 20:01,STOP_HIT,1,-10.00
FIXED_R65,2025-08-15,2025-08-14 22:59,DOWN,2025-08-15 01:31,LONG,23889.25,23879.25,23892.50,2025-08-15 01:35,STOP_HIT,5,-10.00
FIXED_R65,2025-08-15,2025-08-15 10:00,DOWN,2025-08-15 11:01,LONG,23801.50,23791.50,23804.75,2025-08-15 11:01,TARGET_HIT,1,3.25
FIXED_R65,2025-08-18,2025-08-17 14:00,UP,2025-08-17 15:40,SHORT,23850.75,23860.75,23847.50,2025-08-17 15:45,TARGET_HIT,6,3.25
FIXED_R65,2025-08-18,2025-08-17 17:55,DOWN,2025-08-17 22:16,LONG,23828.25,23818.25,23831.50,2025-08-17 22:19,STOP_HIT,4,-10.00
FIXED_R65,2025-08-18,2025-08-18 05:34,DOWN,2025-08-18 05:51,LONG,23772.50,23762.50,23775.75,2025-08-18 05:51,STOP_HIT,1,-10.00
FIXED_R65,2025-08-18,2025-08-18 06:25,DOWN,2025-08-18 06:35,LONG,23779.25,23769.25,23782.50,2025-08-18 06:35,STOP_HIT,1,-10.00
FIXED_R65,2025-08-19,2025-08-18 14:05,DOWN,2025-08-18 16:31,LONG,23782.00,23772.00,23785.25,2025-08-18 16:33,STOP_HIT,3,-10.00
FIXED_R65,2025-08-19,2025-08-18 21:20,UP,2025-08-19 02:31,SHORT,23774.00,23784.00,23770.75,2025-08-19 02:35,TARGET_HIT,5,3.25
FIXED_R65,2025-08-19,2025-08-19 01:20,DOWN,2025-08-19 04:51,LONG,23742.75,23732.75,23746.00,2025-08-19 04:51,TARGET_HIT,1,3.25
FIXED_R65,2025-08-20,2025-08-19 14:05,DOWN,2025-08-19 15:21,LONG,23446.50,23436.50,23449.75,2025-08-19 15:23,STOP_HIT,3,-10.00
FIXED_R65,2025-08-20,2025-08-19 21:05,UP,2025-08-19 23:30,SHORT,23417.00,23427.00,23413.75,2025-08-19 23:30,TARGET_HIT,1,3.25
FIXED_R65,2025-08-20,2025-08-20 07:55,UP,2025-08-20 08:20,SHORT,23262.75,23272.75,23259.50,2025-08-20 08:20,STOP_HIT,1,-10.00
FIXED_R65,2025-08-20,2025-08-20 10:20,UP,2025-08-20 10:51,SHORT,23268.75,23278.75,23265.50,2025-08-20 10:51,STOP_HIT,1,-10.00
FIXED_R65,2025-08-21,2025-08-20 14:05,DOWN,2025-08-20 16:24,LONG,23281.00,23271.00,23284.25,2025-08-20 16:25,STOP_HIT,2,-10.00
FIXED_R65,2025-08-21,2025-08-20 17:07,UP,2025-08-20 17:59,SHORT,23350.25,23360.25,23347.00,2025-08-20 18:05,TARGET_HIT,7,3.25
FIXED_R65,2025-08-21,2025-08-20 18:20,DOWN,2025-08-21 03:39,LONG,23288.75,23278.75,23292.00,2025-08-21 03:40,TARGET_HIT,2,3.25
FIXED_R65,2025-08-21,2025-08-21 06:00,UP,2025-08-21 06:10,SHORT,23282.50,23292.50,23279.25,2025-08-21 06:10,TARGET_HIT,1,3.25
FIXED_R65,2025-08-21,2025-08-21 06:29,DOWN,2025-08-21 07:15,LONG,23212.25,23202.25,23215.50,2025-08-21 07:15,TARGET_HIT,1,3.25
FIXED_R65,2025-08-21,2025-08-21 07:15,UP,2025-08-21 07:41,SHORT,23277.50,23287.50,23274.25,2025-08-21 07:41,STOP_HIT,1,-10.00
FIXED_R65,2025-08-22,2025-08-21 15:46,DOWN,2025-08-21 19:40,LONG,23208.25,23198.25,23211.50,2025-08-21 19:45,STOP_HIT,6,-10.00
FIXED_R65,2025-08-22,2025-08-21 22:43,UP,2025-08-22 02:07,SHORT,23262.00,23272.00,23258.75,2025-08-22 02:10,STOP_HIT,4,-10.00
FIXED_R65,2025-08-25,2025-08-24 14:00,DOWN,2025-08-24 17:15,LONG,23543.75,23533.75,23547.00,2025-08-24 17:22,TARGET_HIT,8,3.25
FIXED_R65,2025-08-25,2025-08-25 05:33,UP,2025-08-25 06:12,SHORT,23538.25,23548.25,23535.00,2025-08-25 06:12,STOP_HIT,1,-10.00
FIXED_R65,2025-08-26,2025-08-25 14:23,DOWN,2025-08-25 16:04,LONG,23461.00,23451.00,23464.25,2025-08-25 16:04,TARGET_HIT,1,3.25
FIXED_R65,2025-08-26,2025-08-25 16:47,UP,2025-08-25 21:07,SHORT,23466.50,23476.50,23463.25,2025-08-25 21:10,STOP_HIT,4,-10.00
FIXED_R65,2025-08-26,2025-08-25 21:45,DOWN,2025-08-25 23:13,LONG,23419.50,23409.50,23422.75,2025-08-25 23:13,TARGET_HIT,1,3.25
FIXED_R65,2025-08-26,2025-08-25 23:13,UP,2025-08-26 01:33,SHORT,23476.75,23486.75,23473.50,2025-08-26 01:40,TARGET_HIT,8,3.25
FIXED_R65,2025-08-26,2025-08-26 02:39,DOWN,2025-08-26 04:19,LONG,23461.00,23451.00,23464.25,2025-08-26 04:19,TARGET_HIT,1,3.25
FIXED_R65,2025-08-26,2025-08-26 04:15,UP,2025-08-26 05:33,SHORT,23500.25,23510.25,23497.00,2025-08-26 05:33,STOP_HIT,1,-10.00
FIXED_R65,2025-08-26,2025-08-26 05:42,DOWN,2025-08-26 05:52,LONG,23474.50,23464.50,23477.75,2025-08-26 05:52,STOP_HIT,1,-10.00
FIXED_R65,2025-08-27,2025-08-26 17:54,DOWN,2025-08-27 04:43,LONG,23566.00,23556.00,23569.25,2025-08-27 04:43,TARGET_HIT,1,3.25
FIXED_R65,2025-08-27,2025-08-27 05:49,UP,2025-08-27 06:40,SHORT,23612.00,23622.00,23608.75,2025-08-27 06:40,TARGET_HIT,1,3.25
FIXED_R65,2025-08-27,2025-08-27 07:56,DOWN,2025-08-27 08:30,LONG,23566.75,23556.75,23570.00,2025-08-27 08:31,TARGET_HIT,2,3.25
FIXED_R65,2025-08-27,2025-08-27 08:37,UP,2025-08-27 08:56,SHORT,23603.75,23613.75,23600.50,2025-08-27 08:59,TARGET_HIT,4,3.25
FIXED_R65,2025-08-27,2025-08-27 11:13,UP,2025-08-27 11:39,SHORT,23619.50,23629.50,23616.25,2025-08-27 11:49,STOP_HIT,11,-10.00
FIXED_R65,2025-08-28,2025-08-28 05:57,UP,2025-08-28 06:09,SHORT,23675.00,23685.00,23671.75,2025-08-28 06:09,TARGET_HIT,1,3.25
FIXED_R65,2025-08-29,2025-08-28 14:00,DOWN,2025-08-28 23:51,LONG,23697.50,23687.50,23700.75,2025-08-28 23:54,STOP_HIT,4,-10.00
FIXED_R65,2025-08-29,2025-08-29 04:30,DOWN,2025-08-29 05:38,LONG,23626.25,23616.25,23629.50,2025-08-29 05:38,TARGET_HIT,1,3.25
FIXED_R65,2025-09-01,2025-08-31 14:01,UP,2025-08-31 14:52,SHORT,23530.75,23540.75,23527.50,2025-08-31 15:00,STOP_HIT,9,-10.00
FIXED_R65,2025-09-01,2025-08-31 16:18,DOWN,2025-08-31 18:15,LONG,23487.75,23477.75,23491.00,2025-08-31 18:20,STOP_HIT,6,-10.00
FIXED_R65,2025-09-01,2025-08-31 22:29,UP,2025-09-01 00:58,SHORT,23481.00,23491.00,23477.75,2025-09-01 00:59,STOP_HIT,2,-10.00
FIXED_R65,2025-09-02,2025-09-01 14:00,DOWN,2025-09-01 15:21,LONG,23434.25,23424.25,23437.50,2025-09-01 15:22,TARGET_HIT,2,3.25
FIXED_R65,2025-09-02,2025-09-02 06:00,DOWN,2025-09-02 06:22,LONG,23245.75,23235.75,23249.00,2025-09-02 06:22,TARGET_HIT,1,3.25
FIXED_R65,2025-09-02,2025-09-02 06:16,UP,2025-09-02 06:27,SHORT,23209.75,23219.75,23206.50,2025-09-02 06:27,TARGET_HIT,1,3.25
FIXED_R65,2025-09-02,2025-09-02 06:29,DOWN,2025-09-02 06:48,LONG,23160.75,23150.75,23164.00,2025-09-02 06:48,STOP_HIT,1,-10.00
FIXED_R65,2025-09-03,2025-09-02 14:00,DOWN,2025-09-02 16:52,LONG,23327.00,23317.00,23330.25,2025-09-02 16:54,STOP_HIT,3,-10.00
FIXED_R65,2025-09-03,2025-09-02 19:40,UP,2025-09-02 22:31,SHORT,23360.50,23370.50,23357.25,2025-09-02 22:31,TARGET_HIT,1,3.25
FIXED_R65,2025-09-03,2025-09-03 08:54,UP,2025-09-03 09:13,SHORT,23457.25,23467.25,23454.00,2025-09-03 09:13,TARGET_HIT,1,3.25
FIXED_R65,2025-09-03,2025-09-03 09:17,DOWN,2025-09-03 09:42,LONG,23394.25,23384.25,23397.50,2025-09-03 09:42,TARGET_HIT,1,3.25
FIXED_R65,2025-09-04,2025-09-03 16:00,UP,2025-09-03 18:09,SHORT,23528.00,23538.00,23524.75,2025-09-03 18:09,TARGET_HIT,1,3.25
FIXED_R65,2025-09-04,2025-09-03 18:08,DOWN,2025-09-03 19:33,LONG,23466.50,23456.50,23469.75,2025-09-03 19:49,TARGET_HIT,17,3.25
FIXED_R65,2025-09-04,2025-09-03 23:00,UP,2025-09-04 02:00,SHORT,23516.25,23526.25,23513.00,2025-09-04 02:03,STOP_HIT,4,-10.00
FIXED_R65,2025-09-04,2025-09-04 02:14,DOWN,2025-09-04 05:03,LONG,23475.00,23465.00,23478.25,2025-09-04 05:03,TARGET_HIT,1,3.25
FIXED_R65,2025-09-04,2025-09-04 05:35,DOWN,2025-09-04 05:45,LONG,23487.25,23477.25,23490.50,2025-09-04 05:45,TARGET_HIT,1,3.25
FIXED_R65,2025-09-04,2025-09-04 06:17,UP,2025-09-04 06:36,SHORT,23510.00,23520.00,23506.75,2025-09-04 06:36,TARGET_HIT,1,3.25
FIXED_R65,2025-09-05,2025-09-04 14:35,UP,2025-09-04 21:33,SHORT,23756.00,23766.00,23752.75,2025-09-04 21:37,STOP_HIT,5,-10.00
FIXED_R65,2025-09-05,2025-09-05 05:52,DOWN,2025-09-05 06:02,LONG,23816.00,23806.00,23819.25,2025-09-05 06:02,STOP_HIT,1,-10.00
FIXED_R65,2025-09-05,2025-09-05 09:43,UP,2025-09-05 11:34,SHORT,23655.50,23665.50,23652.25,2025-09-05 11:34,STOP_HIT,1,-10.00
FIXED_R65,2025-09-08,2025-09-07 14:05,UP,2025-09-07 14:42,SHORT,23721.75,23731.75,23718.50,2025-09-07 14:45,STOP_HIT,4,-10.00
FIXED_R65,2025-09-08,2025-09-07 16:08,DOWN,2025-09-07 20:56,LONG,23730.25,23720.25,23733.50,2025-09-07 20:57,TARGET_HIT,2,3.25
FIXED_R65,2025-09-08,2025-09-07 20:56,UP,2025-09-08 02:36,SHORT,23787.50,23797.50,23784.25,2025-09-08 02:37,TARGET_HIT,2,3.25
FIXED_R65,2025-09-08,2025-09-08 06:46,DOWN,2025-09-08 10:25,LONG,23809.25,23799.25,23812.50,2025-09-08 10:29,TARGET_HIT,5,3.25
FIXED_R65,2025-09-09,2025-09-08 17:25,UP,2025-09-08 22:57,SHORT,23850.25,23860.25,23847.00,2025-09-08 23:00,TARGET_HIT,4,3.25
FIXED_R65,2025-09-09,2025-09-08 23:38,DOWN,2025-09-09 04:36,LONG,23849.75,23839.75,23853.00,2025-09-09 04:42,STOP_HIT,7,-10.00
FIXED_R65,2025-09-09,2025-09-09 06:43,UP,2025-09-09 11:23,SHORT,23854.75,23864.75,23851.50,2025-09-09 11:31,TARGET_HIT,9,3.25
FIXED_R65,2025-09-10,2025-09-09 15:27,UP,2025-09-09 23:49,SHORT,23943.25,23953.25,23940.00,2025-09-09 23:49,TARGET_HIT,1,3.25
FIXED_R65,2025-09-10,2025-09-09 23:14,DOWN,2025-09-10 01:03,LONG,23890.50,23880.50,23893.75,2025-09-10 01:05,TARGET_HIT,3,3.25
FIXED_R65,2025-09-10,2025-09-10 04:35,DOWN,2025-09-10 05:54,LONG,23938.00,23928.00,23941.25,2025-09-10 05:54,STOP_HIT,1,-10.00
FIXED_R65,2025-09-10,2025-09-10 05:51,UP,2025-09-10 06:07,SHORT,23969.75,23979.75,23966.50,2025-09-10 06:07,TARGET_HIT,1,3.25
FIXED_R65,2025-09-10,2025-09-10 06:47,DOWN,2025-09-10 07:45,LONG,23955.00,23945.00,23958.25,2025-09-10 07:45,TARGET_HIT,1,3.25
FIXED_R65,2025-09-11,2025-09-10 14:00,UP,2025-09-10 19:50,SHORT,23915.75,23925.75,23912.50,2025-09-10 19:57,TARGET_HIT,8,3.25
FIXED_R65,2025-09-11,2025-09-11 04:31,DOWN,2025-09-11 04:41,LONG,23913.75,23903.75,23917.00,2025-09-11 04:41,TARGET_HIT,1,3.25
FIXED_R65,2025-09-11,2025-09-11 04:34,UP,2025-09-11 04:48,SHORT,23943.50,23953.50,23940.25,2025-09-11 04:48,TARGET_HIT,1,3.25
FIXED_R65,2025-09-12,2025-09-11 21:47,DOWN,2025-09-12 00:18,LONG,23972.75,23962.75,23976.00,2025-09-12 00:19,TARGET_HIT,2,3.25
FIXED_R65,2025-09-12,2025-09-12 00:18,UP,2025-09-12 03:49,SHORT,24034.75,24044.75,24031.50,2025-09-12 03:50,TARGET_HIT,2,3.25
FIXED_R65,2025-09-15,2025-09-14 23:36,DOWN,2025-09-15 00:05,LONG,24084.25,24074.25,24087.50,2025-09-15 00:05,TARGET_HIT,1,3.25
FIXED_R65,2025-09-15,2025-09-15 00:04,UP,2025-09-15 04:26,SHORT,24164.75,24174.75,24161.50,2025-09-15 04:26,TARGET_HIT,1,3.25
FIXED_R65,2025-09-16,2025-09-15 14:33,UP,2025-09-15 21:14,SHORT,24350.00,24360.00,24346.75,2025-09-15 21:17,TARGET_HIT,4,3.25
FIXED_R65,2025-09-16,2025-09-16 00:50,DOWN,2025-09-16 05:31,LONG,24342.00,24332.00,24345.25,2025-09-16 05:31,TARGET_HIT,1,3.25
FIXED_R65,2025-09-16,2025-09-16 08:04,UP,2025-09-16 11:58,SHORT,24303.25,24313.25,24300.00,2025-09-16 11:58,TARGET_HIT,1,3.25
FIXED_R65,2025-09-17,2025-09-17 00:43,UP,2025-09-17 05:31,SHORT,24291.75,24301.75,24288.50,2025-09-17 05:31,TARGET_HIT,1,3.25
FIXED_R65,2025-09-18,2025-09-17 14:00,UP,2025-09-17 14:49,SHORT,24314.25,24324.25,24311.00,2025-09-17 14:51,STOP_HIT,3,-10.00
FIXED_R65,2025-09-18,2025-09-18 05:46,UP,2025-09-18 05:56,SHORT,24411.25,24421.25,24408.00,2025-09-18 05:56,TARGET_HIT,1,3.25
FIXED_R65,2025-09-18,2025-09-18 09:07,DOWN,2025-09-18 12:34,LONG,24469.00,24459.00,24472.25,2025-09-18 12:36,TARGET_HIT,3,3.25
FIXED_R65,2025-10-13,2025-10-12 14:06,UP,2025-10-12 14:32,SHORT,24946.50,24956.50,24943.25,2025-10-12 14:34,TARGET_HIT,2,3.25
FIXED_R65,2025-10-13,2025-10-12 14:22,DOWN,2025-10-12 15:06,LONG,24918.00,24908.00,24921.25,2025-10-12 15:09,TARGET_HIT,2,3.25
FIXED_R65,2025-10-13,2025-10-12 23:35,DOWN,2025-10-13 03:30,LONG,25004.50,24994.50,25007.75,2025-10-13 03:30,STOP_HIT,1,-10.00
FIXED_R65,2025-10-13,2025-10-13 03:11,UP,2025-10-13 05:23,SHORT,25081.00,25091.00,25077.75,2025-10-13 05:29,TARGET_HIT,3,3.25
FIXED_R65,2025-10-13,2025-10-13 05:04,DOWN,2025-10-13 05:41,LONG,25015.25,25005.25,25018.50,2025-10-13 05:41,STOP_HIT,1,-10.00
FIXED_R65,2025-10-13,2025-10-13 05:36,UP,2025-10-13 05:51,SHORT,25095.00,25105.00,25091.75,2025-10-13 05:56,STOP_HIT,2,-10.00
FIXED_R65,2025-10-14,2025-10-13 14:34,UP,2025-10-13 16:29,SHORT,25240.00,25250.00,25236.75,2025-10-13 16:33,STOP_HIT,2,-10.00
FIXED_R65,2025-10-14,2025-10-13 16:33,DOWN,2025-10-13 19:58,LONG,25152.00,25142.00,25155.25,2025-10-13 20:03,STOP_HIT,2,-10.00
FIXED_R65,2025-10-14,2025-10-14 05:45,UP,2025-10-14 07:45,SHORT,25021.75,25031.75,25018.50,2025-10-14 07:47,STOP_HIT,2,-10.00
FIXED_R65,2025-10-16,2025-10-15 14:16,DOWN,2025-10-15 17:04,LONG,25169.00,25159.00,25172.25,2025-10-15 17:10,TARGET_HIT,3,3.25
FIXED_R65,2025-10-16,2025-10-15 16:32,UP,2025-10-15 21:37,SHORT,25194.00,25204.00,25190.75,2025-10-15 21:52,TARGET_HIT,4,3.25
FIXED_R65,2025-10-16,2025-10-16 06:45,DOWN,2025-10-16 07:59,LONG,25206.50,25196.50,25209.75,2025-10-16 08:00,STOP_HIT,2,-10.00
FIXED_R65,2025-10-17,2025-10-16 15:45,UP,2025-10-16 17:21,SHORT,25050.00,25060.00,25046.75,2025-10-16 17:54,TARGET_HIT,2,3.25
FIXED_R65,2025-10-17,2025-10-17 00:20,UP,2025-10-17 03:08,SHORT,24808.00,24818.00,24804.75,2025-10-17 03:09,STOP_HIT,2,-10.00
FIXED_R65,2025-10-30,2025-10-29 15:41,UP,2025-10-29 18:26,SHORT,26624.25,26634.25,26621.00,2025-10-29 19:12,STOP_HIT,2,-10.00
FIXED_R65,2025-11-04,2025-11-03 13:00,DOWN,2025-11-03 16:01,LONG,26256.50,26246.50,26259.75,2025-11-03 16:24,STOP_HIT,3,-10.00
FIXED_R65,2025-11-04,2025-11-04 00:05,UP,2025-11-04 01:49,SHORT,26038.25,26048.25,26035.00,2025-11-04 02:00,TARGET_HIT,5,3.25
FIXED_R65,2025-11-04,2025-11-04 04:34,UP,2025-11-04 04:57,SHORT,26123.00,26133.00,26119.75,2025-11-04 04:57,TARGET_HIT,1,3.25
FIXED_R65,2025-11-04,2025-11-04 05:26,DOWN,2025-11-04 06:20,LONG,26020.00,26010.00,26023.25,2025-11-04 06:26,STOP_HIT,2,-10.00
FIXED_R65,2025-11-05,2025-11-04 13:04,DOWN,2025-11-04 14:22,LONG,25747.50,25737.50,25750.75,2025-11-04 14:28,STOP_HIT,2,-10.00
FIXED_R65,2025-11-05,2025-11-04 15:40,UP,2025-11-04 17:37,SHORT,25727.75,25737.75,25724.50,2025-11-04 17:38,TARGET_HIT,2,3.25
FIXED_R65,2025-11-05,2025-11-04 23:12,DOWN,2025-11-05 01:28,LONG,25712.00,25702.00,25715.25,2025-11-05 01:42,TARGET_HIT,2,3.25
FIXED_R65,2025-11-06,2025-11-05 13:50,DOWN,2025-11-05 15:11,LONG,25919.00,25909.00,25922.25,2025-11-05 15:13,TARGET_HIT,3,3.25
FIXED_R65,2025-11-06,2025-11-05 16:15,UP,2025-11-05 18:04,SHORT,25974.00,25984.00,25970.75,2025-11-05 18:20,STOP_HIT,2,-10.00
FIXED_R65,2025-11-06,2025-11-05 18:32,DOWN,2025-11-05 21:36,LONG,25922.50,25912.50,25925.75,2025-11-05 21:37,TARGET_HIT,2,3.25
FIXED_R65,2025-11-06,2025-11-06 03:24,DOWN,2025-11-06 04:34,LONG,25895.25,25885.25,25898.50,2025-11-06 04:35,STOP_HIT,2,-10.00
FIXED_R65,2025-11-07,2025-11-06 17:02,DOWN,2025-11-06 18:03,LONG,25425.75,25415.75,25429.00,2025-11-06 18:09,TARGET_HIT,2,3.25
FIXED_R65,2025-11-07,2025-11-06 22:12,DOWN,2025-11-07 00:25,LONG,25457.00,25447.00,25460.25,2025-11-07 00:41,TARGET_HIT,2,3.25
FIXED_R65,2025-11-07,2025-11-07 08:53,UP,2025-11-07 09:53,SHORT,25323.50,25333.50,25320.25,2025-11-07 09:54,STOP_HIT,2,-10.00
FIXED_R65,2025-11-10,2025-11-09 13:01,DOWN,2025-11-09 13:30,LONG,25561.50,25551.50,25564.75,2025-11-09 13:32,TARGET_HIT,3,3.25
FIXED_R65,2025-11-10,2025-11-09 14:06,UP,2025-11-09 15:19,SHORT,25635.00,25645.00,25631.75,2025-11-09 15:26,STOP_HIT,3,-10.00
FIXED_R65,2025-11-10,2025-11-10 05:25,DOWN,2025-11-10 06:36,LONG,25748.00,25738.00,25751.25,2025-11-10 06:43,STOP_HIT,5,-10.00
FIXED_R65,2025-11-10,2025-11-10 06:43,UP,2025-11-10 07:12,SHORT,25800.75,25810.75,25797.50,2025-11-10 07:14,TARGET_HIT,2,3.25
FIXED_R65,2025-11-13,2025-11-12 13:04,DOWN,2025-11-12 14:09,LONG,25850.00,25840.00,25853.25,2025-11-12 14:39,STOP_HIT,2,-10.00
FIXED_R65,2025-11-13,2025-11-12 13:52,UP,2025-11-12 15:08,SHORT,25951.50,25961.50,25948.25,2025-11-12 15:10,STOP_HIT,3,-10.00
FIXED_R65,2025-11-13,2025-11-12 15:11,DOWN,2025-11-12 17:28,LONG,25940.00,25930.00,25943.25,2025-11-12 17:30,TARGET_HIT,2,3.25
FIXED_R65,2025-11-13,2025-11-12 17:10,UP,2025-11-12 19:25,SHORT,25977.25,25987.25,25974.00,2025-11-12 21:32,STOP_HIT,4,-10.00
FIXED_R65,2025-11-17,2025-11-16 13:00,DOWN,2025-11-16 13:13,LONG,25353.75,25343.75,25357.00,2025-11-16 13:30,TARGET_HIT,2,3.25
FIXED_R65,2025-11-17,2025-11-16 13:04,UP,2025-11-16 13:32,SHORT,25415.00,25425.00,25411.75,2025-11-16 13:48,STOP_HIT,2,-10.00
FIXED_R65,2025-11-17,2025-11-16 22:56,DOWN,2025-11-17 00:23,LONG,25497.75,25487.75,25501.00,2025-11-17 00:24,TARGET_HIT,2,3.25
FIXED_R65,2025-11-17,2025-11-17 04:31,UP,2025-11-17 04:43,SHORT,25450.00,25460.00,25446.75,2025-11-17 04:47,STOP_HIT,3,-10.00
FIXED_R65,2025-11-17,2025-11-17 06:59,DOWN,2025-11-17 07:40,LONG,25360.75,25350.75,25364.00,2025-11-17 07:41,STOP_HIT,2,-10.00
FIXED_R65,2025-11-18,2025-11-17 13:06,DOWN,2025-11-17 14:21,LONG,25132.00,25122.00,25135.25,2025-11-17 14:25,TARGET_HIT,2,3.25
FIXED_R65,2025-11-18,2025-11-17 19:10,DOWN,2025-11-17 20:36,LONG,24927.50,24917.50,24930.75,2025-11-17 20:39,STOP_HIT,2,-10.00
FIXED_R65,2025-11-18,2025-11-17 21:05,UP,2025-11-17 22:15,SHORT,25001.25,25011.25,24998.00,2025-11-17 22:17,TARGET_HIT,2,3.25
FIXED_R65,2025-11-20,2025-11-19 13:00,UP,2025-11-19 13:10,SHORT,25059.75,25069.75,25056.50,2025-11-19 13:10,TARGET_HIT,1,3.25
FIXED_R65,2025-11-20,2025-11-19 21:33,DOWN,2025-11-19 22:03,LONG,25143.25,25133.25,25146.50,2025-11-19 22:03,TARGET_HIT,1,3.25
FIXED_R65,2025-11-20,2025-11-20 02:05,UP,2025-11-20 03:10,SHORT,25165.00,25175.00,25161.75,2025-11-20 03:10,TARGET_HIT,1,3.25
FIXED_R65,2025-11-20,2025-11-20 05:38,DOWN,2025-11-20 06:05,LONG,25098.50,25088.50,25101.75,2025-11-20 06:05,STOP_HIT,1,-10.00
FIXED_R65,2025-11-21,2025-11-20 13:00,DOWN,2025-11-20 13:10,LONG,24034.50,24024.50,24037.75,2025-11-20 13:10,STOP_HIT,1,-10.00
FIXED_R65,2025-11-21,2025-11-20 13:10,UP,2025-11-20 13:20,SHORT,24111.75,24121.75,24108.50,2025-11-20 13:22,TARGET_HIT,3,3.25
FIXED_R65,2025-11-21,2025-11-20 17:36,DOWN,2025-11-20 18:40,LONG,24120.25,24110.25,24123.50,2025-11-20 18:40,TARGET_HIT,1,3.25
FIXED_R65,2025-11-21,2025-11-20 18:41,UP,2025-11-20 19:25,SHORT,24187.00,24197.00,24183.75,2025-11-20 19:25,TARGET_HIT,1,3.25
FIXED_R65,2025-11-21,2025-11-20 19:14,DOWN,2025-11-20 19:45,LONG,24149.25,24139.25,24152.50,2025-11-20 19:46,TARGET_HIT,2,3.25
FIXED_R65,2025-11-21,2025-11-20 19:49,UP,2025-11-20 21:18,SHORT,24177.00,24187.00,24173.75,2025-11-20 21:18,STOP_HIT,1,-10.00
FIXED_R65,2025-11-21,2025-11-20 20:52,DOWN,2025-11-20 21:40,LONG,24147.50,24137.50,24150.75,2025-11-20 21:40,TARGET_HIT,1,3.25
FIXED_R65,2025-11-21,2025-11-20 22:08,DOWN,2025-11-20 22:22,LONG,24118.00,24108.00,24121.25,2025-11-20 22:22,TARGET_HIT,1,3.25
FIXED_R65,2025-11-21,2025-11-20 22:21,UP,2025-11-20 23:04,SHORT,24202.50,24212.50,24199.25,2025-11-20 23:04,TARGET_HIT,1,3.25
FIXED_R65,2025-11-21,2025-11-20 23:00,DOWN,2025-11-20 23:32,LONG,24125.25,24115.25,24128.50,2025-11-20 23:32,TARGET_HIT,1,3.25
FIXED_R65,2025-11-21,2025-11-21 06:19,UP,2025-11-21 06:35,SHORT,24165.50,24175.50,24162.25,2025-11-21 06:35,STOP_HIT,1,-10.00
FIXED_R65,2025-11-24,2025-11-23 13:00,UP,2025-11-23 13:10,SHORT,24495.00,24505.00,24491.75,2025-11-23 13:10,STOP_HIT,1,-10.00
FIXED_R65,2025-11-24,2025-11-23 13:01,DOWN,2025-11-23 13:33,LONG,24476.50,24466.50,24479.75,2025-11-23 13:33,TARGET_HIT,1,3.25
FIXED_R65,2025-11-24,2025-11-23 14:21,UP,2025-11-23 16:30,SHORT,24484.75,24494.75,24481.50,2025-11-23 16:30,TARGET_HIT,1,3.25
FIXED_R65,2025-11-24,2025-11-23 17:22,DOWN,2025-11-23 18:39,LONG,24463.50,24453.50,24466.75,2025-11-23 18:39,TARGET_HIT,1,3.25
FIXED_R65,2025-11-24,2025-11-23 18:26,UP,2025-11-23 19:14,SHORT,24501.50,24511.50,24498.25,2025-11-23 19:14,TARGET_HIT,1,3.25
FIXED_R65,2025-11-24,2025-11-23 21:49,DOWN,2025-11-23 22:10,LONG,24466.50,24456.50,24469.75,2025-11-23 22:10,TARGET_HIT,1,3.25
FIXED_R65,2025-11-24,2025-11-23 22:06,UP,2025-11-23 22:17,SHORT,24519.00,24529.00,24515.75,2025-11-23 22:17,STOP_HIT,1,-10.00
FIXED_R65,2025-11-24,2025-11-23 22:58,DOWN,2025-11-23 23:27,LONG,24383.25,24373.25,24386.50,2025-11-23 23:27,STOP_HIT,1,-10.00
FIXED_R65,2025-11-24,2025-11-24 00:35,UP,2025-11-24 03:33,SHORT,24552.25,24562.25,24549.00,2025-11-24 03:33,TARGET_HIT,1,3.25
FIXED_R65,2025-11-25,2025-11-24 13:47,DOWN,2025-11-24 15:33,LONG,24938.75,24928.75,24942.00,2025-11-24 15:33,TARGET_HIT,1,3.25
FIXED_R65,2025-11-25,2025-11-25 02:44,DOWN,2025-11-25 02:56,LONG,24915.00,24905.00,24918.25,2025-11-25 02:56,STOP_HIT,1,-10.00
FIXED_R65,2025-11-25,2025-11-25 05:32,DOWN,2025-11-25 05:42,LONG,24796.50,24786.50,24799.75,2025-11-25 05:42,TARGET_HIT,1,3.25
FIXED_R65,2025-11-25,2025-11-25 05:36,UP,2025-11-25 05:46,SHORT,24868.25,24878.25,24865.00,2025-11-25 05:46,TARGET_HIT,1,3.25
FIXED_R65,2025-11-25,2025-11-25 05:46,DOWN,2025-11-25 05:56,LONG,24790.50,24780.50,24793.75,2025-11-25 05:56,STOP_HIT,1,-10.00
FIXED_R65,2025-11-25,2025-11-25 05:58,DOWN,2025-11-25 06:11,LONG,24787.00,24777.00,24790.25,2025-11-25 06:11,STOP_HIT,1,-10.00
FIXED_R65,2025-11-26,2025-11-25 13:55,UP,2025-11-25 18:26,SHORT,25174.00,25184.00,25170.75,2025-11-25 18:26,TARGET_HIT,1,3.25
FIXED_R65,2025-11-26,2025-11-25 23:27,UP,2025-11-26 00:55,SHORT,25202.75,25212.75,25199.50,2025-11-26 00:55,TARGET_HIT,1,3.25
FIXED_R65,2025-11-26,2025-11-26 01:25,DOWN,2025-11-26 02:04,LONG,25156.50,25146.50,25159.75,2025-11-26 02:04,STOP_HIT,1,-10.00
FIXED_R65,2025-11-26,2025-11-26 02:16,UP,2025-11-26 03:11,SHORT,25184.00,25194.00,25180.75,2025-11-26 03:11,TARGET_HIT,1,3.25
FIXED_R65,2025-11-26,2025-11-26 04:51,DOWN,2025-11-26 05:03,LONG,25180.25,25170.25,25183.50,2025-11-26 05:03,TARGET_HIT,1,3.25
FIXED_R65,2025-11-26,2025-11-26 05:25,UP,2025-11-26 05:35,SHORT,25221.25,25231.25,25218.00,2025-11-26 05:35,STOP_HIT,1,-10.00
FIXED_R65,2025-11-28,2025-11-27 13:00,UP,2025-11-27 15:25,SHORT,25363.00,25373.00,25359.75,2025-11-27 15:28,TARGET_HIT,4,3.25
FIXED_R65,2025-11-28,2025-11-28 04:37,DOWN,2025-11-28 04:47,LONG,25367.75,25357.75,25371.00,2025-11-28 04:47,TARGET_HIT,1,3.25
FIXED_R65,2025-11-28,2025-11-28 04:41,UP,2025-11-28 04:51,SHORT,25393.75,25403.75,25390.50,2025-11-28 04:51,TARGET_HIT,1,3.25
FIXED_R65,2025-12-01,2025-11-30 13:00,DOWN,2025-11-30 13:10,LONG,25498.50,25488.50,25501.75,2025-11-30 13:12,STOP_HIT,3,-10.00
FIXED_R65,2025-12-01,2025-11-30 13:00,UP,2025-11-30 13:26,SHORT,25516.50,25526.50,25513.25,2025-11-30 13:26,TARGET_HIT,1,3.25
FIXED_R65,2025-12-01,2025-11-30 22:23,DOWN,2025-11-30 23:59,LONG,25284.50,25274.50,25287.75,2025-12-01 00:00,TARGET_HIT,2,3.25
FIXED_R65,2025-12-02,2025-12-01 13:10,UP,2025-12-01 15:07,SHORT,25442.00,25452.00,25438.75,2025-12-01 15:07,TARGET_HIT,1,3.25
FIXED_R65,2025-12-02,2025-12-01 15:17,DOWN,2025-12-01 17:26,LONG,25374.00,25364.00,25377.25,2025-12-01 17:30,STOP_HIT,5,-10.00
FIXED_R65,2025-12-02,2025-12-01 22:10,UP,2025-12-01 23:02,SHORT,25423.50,25433.50,25420.25,2025-12-01 23:03,TARGET_HIT,2,3.25
FIXED_R65,2025-12-02,2025-12-02 05:34,UP,2025-12-02 05:44,SHORT,25626.00,25636.00,25622.75,2025-12-02 05:44,TARGET_HIT,1,3.25
FIXED_R65,2025-12-02,2025-12-02 05:51,DOWN,2025-12-02 06:28,LONG,25465.00,25455.00,25468.25,2025-12-02 06:28,STOP_HIT,1,-10.00
FIXED_R65,2025-12-02,2025-12-02 08:00,UP,2025-12-02 08:12,SHORT,25545.75,25555.75,25542.50,2025-12-02 08:12,STOP_HIT,1,-10.00
FIXED_R65,2025-12-03,2025-12-02 14:28,UP,2025-12-02 15:03,SHORT,25636.00,25646.00,25632.75,2025-12-02 15:03,TARGET_HIT,1,3.25
FIXED_R65,2025-12-03,2025-12-02 19:15,DOWN,2025-12-02 23:51,LONG,25629.25,25619.25,25632.50,2025-12-02 23:52,TARGET_HIT,2,3.25
FIXED_R65,2025-12-03,2025-12-03 00:50,UP,2025-12-03 03:15,SHORT,25676.25,25686.25,25673.00,2025-12-03 03:15,TARGET_HIT,1,3.25
FIXED_R65,2025-12-03,2025-12-03 03:15,DOWN,2025-12-03 04:04,LONG,25557.50,25547.50,25560.75,2025-12-03 04:04,STOP_HIT,1,-10.00
FIXED_R65,2025-12-03,2025-12-03 04:53,UP,2025-12-03 05:07,SHORT,25531.00,25541.00,25527.75,2025-12-03 05:07,STOP_HIT,1,-10.00
FIXED_R65,2025-12-03,2025-12-03 05:05,DOWN,2025-12-03 05:15,LONG,25516.00,25506.00,25519.25,2025-12-03 05:15,TARGET_HIT,1,3.25
FIXED_R65,2025-12-03,2025-12-03 05:12,UP,2025-12-03 05:22,SHORT,25521.00,25531.00,25517.75,2025-12-03 05:22,TARGET_HIT,1,3.25
FIXED_R65,2025-12-04,2025-12-03 21:07,DOWN,2025-12-03 22:28,LONG,25606.50,25596.50,25609.75,2025-12-03 22:28,TARGET_HIT,1,3.25
FIXED_R65,2025-12-04,2025-12-03 22:27,UP,2025-12-03 23:33,SHORT,25667.75,25677.75,25664.50,2025-12-03 23:33,TARGET_HIT,1,3.25
FIXED_R65,2025-12-04,2025-12-03 23:41,DOWN,2025-12-04 03:52,LONG,25627.00,25617.00,25630.25,2025-12-04 03:53,TARGET_HIT,2,3.25
FIXED_R65,2025-12-04,2025-12-04 07:01,DOWN,2025-12-04 08:42,LONG,25598.75,25588.75,25602.00,2025-12-04 08:42,TARGET_HIT,1,3.25
FIXED_R65,2025-12-05,2025-12-04 13:46,UP,2025-12-04 15:32,SHORT,25673.25,25683.25,25670.00,2025-12-04 15:33,TARGET_HIT,2,3.25
FIXED_R65,2025-12-05,2025-12-04 22:21,DOWN,2025-12-05 03:30,LONG,25686.00,25676.00,25689.25,2025-12-05 03:31,STOP_HIT,2,-10.00
FIXED_R65,2025-12-05,2025-12-05 04:41,UP,2025-12-05 04:51,SHORT,25749.75,25759.75,25746.50,2025-12-05 04:51,STOP_HIT,1,-10.00
FIXED_R65,2025-12-05,2025-12-05 07:37,UP,2025-12-05 08:10,SHORT,25738.25,25748.25,25735.00,2025-12-05 08:10,TARGET_HIT,1,3.25
FIXED_R65,2025-12-05,2025-12-05 08:34,DOWN,2025-12-05 10:48,LONG,25694.25,25684.25,25697.50,2025-12-05 10:50,STOP_HIT,3,-10.00
FIXED_R65,2025-12-05,2025-12-05 10:51,UP,2025-12-05 11:09,SHORT,25737.50,25747.50,25734.25,2025-12-05 11:10,TARGET_HIT,2,3.25
FIXED_R65,2025-12-08,2025-12-07 13:00,DOWN,2025-12-07 14:11,LONG,25707.75,25697.75,25711.00,2025-12-07 14:13,TARGET_HIT,3,3.25
FIXED_R65,2025-12-08,2025-12-07 14:11,UP,2025-12-07 15:37,SHORT,25765.00,25775.00,25761.75,2025-12-07 15:37,TARGET_HIT,1,3.25
FIXED_R65,2025-12-08,2025-12-08 04:33,DOWN,2025-12-08 04:52,LONG,25758.00,25748.00,25761.25,2025-12-08 04:52,STOP_HIT,1,-10.00
FIXED_R65,2025-12-09,2025-12-08 15:22,DOWN,2025-12-08 22:06,LONG,25701.00,25691.00,25704.25,2025-12-08 22:06,TARGET_HIT,1,3.25
FIXED_R65,2025-12-09,2025-12-09 04:33,UP,2025-12-09 05:42,SHORT,25661.25,25671.25,25658.00,2025-12-09 05:42,TARGET_HIT,1,3.25
FIXED_R65,2025-12-10,2025-12-09 15:10,UP,2025-12-09 18:38,SHORT,25707.50,25717.50,25704.25,2025-12-09 18:38,TARGET_HIT,1,3.25
FIXED_R65,2025-12-10,2025-12-10 02:40,UP,2025-12-10 03:28,SHORT,25707.00,25717.00,25703.75,2025-12-10 03:29,TARGET_HIT,2,3.25
FIXED_R65,2025-12-10,2025-12-10 03:30,DOWN,2025-12-10 04:02,LONG,25664.50,25654.50,25667.75,2025-12-10 04:05,STOP_HIT,4,-10.00
FIXED_R65,2025-12-10,2025-12-10 06:03,UP,2025-12-10 06:53,SHORT,25647.75,25657.75,25644.50,2025-12-10 06:53,TARGET_HIT,1,3.25
FIXED_R65,2025-12-10,2025-12-10 07:56,DOWN,2025-12-10 08:37,LONG,25629.25,25619.25,25632.50,2025-12-10 08:37,STOP_HIT,1,-10.00
FIXED_R65,2025-12-11,2025-12-10 13:01,DOWN,2025-12-10 13:17,LONG,25728.75,25718.75,25732.00,2025-12-10 13:17,TARGET_HIT,1,3.25
FIXED_R65,2025-12-11,2025-12-10 22:35,UP,2025-12-10 23:00,SHORT,25536.25,25546.25,25533.00,2025-12-10 23:00,TARGET_HIT,1,3.25
FIXED_R65,2025-12-11,2025-12-11 05:28,DOWN,2025-12-11 05:50,LONG,25494.00,25484.00,25497.25,2025-12-11 05:50,STOP_HIT,1,-10.00
FIXED_R65,2025-12-11,2025-12-11 06:29,UP,2025-12-11 06:50,SHORT,25549.25,25559.25,25546.00,2025-12-11 06:50,TARGET_HIT,1,3.25
FIXED_R65,2025-12-11,2025-12-11 06:57,UP,2025-12-11 07:24,SHORT,25616.75,25626.75,25613.50,2025-12-11 07:25,STOP_HIT,2,-10.00
FIXED_R65,2025-12-12,2025-12-11 13:01,DOWN,2025-12-11 13:15,LONG,25661.50,25651.50,25664.75,2025-12-11 13:16,STOP_HIT,2,-10.00
FIXED_R65,2025-12-15,2025-12-14 13:00,DOWN,2025-12-14 13:10,LONG,25398.50,25388.50,25401.75,2025-12-14 13:10,TARGET_HIT,1,3.25
FIXED_R65,2025-12-15,2025-12-14 13:08,UP,2025-12-14 13:52,SHORT,25454.25,25464.25,25451.00,2025-12-14 13:52,TARGET_HIT,1,3.25
FIXED_R65,2025-12-15,2025-12-15 04:30,DOWN,2025-12-15 04:47,LONG,25532.75,25522.75,25536.00,2025-12-15 04:47,TARGET_HIT,1,3.25
FIXED_R65,2025-12-16,2025-12-15 13:05,DOWN,2025-12-15 13:46,LONG,25315.75,25305.75,25319.00,2025-12-15 13:49,STOP_HIT,4,-10.00
FIXED_R65,2025-12-16,2025-12-15 21:44,UP,2025-12-15 22:26,SHORT,25173.75,25183.75,25170.50,2025-12-15 22:26,TARGET_HIT,1,3.25
FIXED_R65,2025-12-16,2025-12-16 05:08,DOWN,2025-12-16 05:27,LONG,25187.25,25177.25,25190.50,2025-12-16 05:27,TARGET_HIT,1,3.25
FIXED_R65,2025-12-16,2025-12-16 06:00,DOWN,2025-12-16 06:21,LONG,25235.50,25225.50,25238.75,2025-12-16 06:21,TARGET_HIT,1,3.25
FIXED_R65,2025-12-16,2025-12-16 06:28,UP,2025-12-16 07:03,SHORT,25350.75,25360.75,25347.50,2025-12-16 07:03,TARGET_HIT,1,3.25
FIXED_R65,2025-12-16,2025-12-16 07:15,DOWN,2025-12-16 07:46,LONG,25248.75,25238.75,25252.00,2025-12-16 07:46,TARGET_HIT,1,3.25
FIXED_R65,2025-12-16,2025-12-16 08:51,DOWN,2025-12-16 09:16,LONG,25243.75,25233.75,25247.00,2025-12-16 09:16,TARGET_HIT,1,3.25
FIXED_R65,2025-12-16,2025-12-16 09:20,UP,2025-12-16 09:34,SHORT,25294.25,25304.25,25291.00,2025-12-16 09:35,STOP_HIT,2,-10.00
FIXED_R65,2025-12-17,2025-12-16 13:07,UP,2025-12-16 13:45,SHORT,25361.50,25371.50,25358.25,2025-12-16 13:45,TARGET_HIT,1,3.25
FIXED_R65,2025-12-17,2025-12-16 13:44,DOWN,2025-12-16 14:02,LONG,25296.00,25286.00,25299.25,2025-12-16 14:04,STOP_HIT,3,-10.00
FIXED_R65,2025-12-17,2025-12-16 14:08,UP,2025-12-16 15:17,SHORT,25328.00,25338.00,25324.75,2025-12-16 15:17,TARGET_HIT,1,3.25
FIXED_R65,2025-12-17,2025-12-16 17:16,DOWN,2025-12-16 19:11,LONG,25326.50,25316.50,25329.75,2025-12-16 19:11,TARGET_HIT,1,3.25
FIXED_R65,2025-12-17,2025-12-16 19:02,UP,2025-12-16 20:03,SHORT,25359.50,25369.50,25356.25,2025-12-16 20:03,STOP_HIT,1,-10.00
FIXED_R65,2025-12-17,2025-12-17 03:58,DOWN,2025-12-17 04:37,LONG,25346.75,25336.75,25350.00,2025-12-17 04:37,TARGET_HIT,1,3.25
FIXED_R65,2025-12-18,2025-12-17 13:00,DOWN,2025-12-17 13:26,LONG,24934.25,24924.25,24937.50,2025-12-17 13:26,TARGET_HIT,1,3.25
FIXED_R65,2025-12-18,2025-12-17 14:06,UP,2025-12-17 14:21,SHORT,24958.25,24968.25,24955.00,2025-12-17 14:21,TARGET_HIT,1,3.25
FIXED_R65,2025-12-18,2025-12-17 16:18,DOWN,2025-12-17 17:10,LONG,24944.75,24934.75,24948.00,2025-12-17 17:10,TARGET_HIT,1,3.25
FIXED_R65,2025-12-18,2025-12-17 17:18,UP,2025-12-17 19:46,SHORT,24978.25,24988.25,24975.00,2025-12-17 19:56,STOP_HIT,11,-10.00
FIXED_R65,2025-12-18,2025-12-18 05:14,UP,2025-12-18 05:26,SHORT,25289.75,25299.75,25286.50,2025-12-18 05:26,STOP_HIT,1,-10.00
FIXED_R65,2025-12-18,2025-12-18 06:54,DOWN,2025-12-18 07:19,LONG,25217.25,25207.25,25220.50,2025-12-18 07:19,STOP_HIT,1,-10.00
FIXED_R65,2025-12-18,2025-12-18 07:17,UP,2025-12-18 07:57,SHORT,25331.25,25341.25,25328.00,2025-12-18 07:57,STOP_HIT,1,-10.00
FIXED_R65,2025-12-18,2025-12-18 09:10,DOWN,2025-12-18 09:36,LONG,25253.00,25243.00,25256.25,2025-12-18 09:36,STOP_HIT,1,-10.00
FIXED_R65,2025-12-18,2025-12-18 10:00,UP,2025-12-18 10:18,SHORT,25283.00,25293.00,25279.75,2025-12-18 10:18,TARGET_HIT,1,3.25
FIXED_R65,2025-12-18,2025-12-18 10:50,DOWN,2025-12-18 11:00,LONG,25252.00,25242.00,25255.25,2025-12-18 11:00,TARGET_HIT,1,3.25
FIXED_R65,2025-12-19,2025-12-18 13:09,UP,2025-12-18 15:58,SHORT,25275.00,25285.00,25271.75,2025-12-18 15:58,TARGET_HIT,1,3.25
FIXED_R65,2025-12-19,2025-12-19 03:03,UP,2025-12-19 03:40,SHORT,25329.50,25339.50,25326.25,2025-12-19 03:41,TARGET_HIT,2,3.25
FIXED_R65,2025-12-22,2025-12-21 13:15,UP,2025-12-21 16:32,SHORT,25697.25,25707.25,25694.00,2025-12-21 16:33,TARGET_HIT,2,3.25
FIXED_R65,2025-12-22,2025-12-22 04:31,DOWN,2025-12-22 04:41,LONG,25700.25,25690.25,25703.50,2025-12-22 04:41,STOP_HIT,1,-10.00
FIXED_R65,2025-12-22,2025-12-22 04:42,UP,2025-12-22 04:52,SHORT,25735.00,25745.00,25731.75,2025-12-22 04:52,TARGET_HIT,1,3.25
FIXED_R65,2025-12-22,2025-12-22 04:55,DOWN,2025-12-22 05:16,LONG,25687.25,25677.25,25690.50,2025-12-22 05:16,TARGET_HIT,1,3.25
FIXED_R65,2025-12-22,2025-12-22 05:36,UP,2025-12-22 07:10,SHORT,25697.50,25707.50,25694.25,2025-12-22 07:17,STOP_HIT,8,-10.00
FIXED_R65,2025-12-23,2025-12-22 16:17,DOWN,2025-12-22 20:11,LONG,25674.25,25664.25,25677.50,2025-12-22 20:11,TARGET_HIT,1,3.25
FIXED_R65,2025-12-23,2025-12-22 23:42,DOWN,2025-12-23 02:31,LONG,25669.00,25659.00,25672.25,2025-12-23 02:32,TARGET_HIT,2,3.25
FIXED_R65,2025-12-23,2025-12-23 03:39,UP,2025-12-23 04:38,SHORT,25721.00,25731.00,25717.75,2025-12-23 04:38,TARGET_HIT,1,3.25
FIXED_R65,2025-12-23,2025-12-23 04:49,DOWN,2025-12-23 05:01,LONG,25683.00,25673.00,25686.25,2025-12-23 05:01,STOP_HIT,1,-10.00
FIXED_R65,2025-12-23,2025-12-23 05:03,UP,2025-12-23 06:31,SHORT,25739.75,25749.75,25736.50,2025-12-23 06:36,TARGET_HIT,6,3.25
FIXED_R65,2025-12-24,2025-12-23 19:00,UP,2025-12-24 06:10,SHORT,25839.25,25849.25,25836.00,2025-12-24 06:13,STOP_HIT,4,-10.00
FIXED_R65,2025-12-26,2025-12-25 15:01,DOWN,2025-12-25 21:20,LONG,25854.00,25844.00,25857.25,2025-12-25 21:21,TARGET_HIT,2,3.25
FIXED_R65,2025-12-26,2025-12-25 22:35,UP,2025-12-26 03:38,SHORT,25910.00,25920.00,25906.75,2025-12-26 03:40,STOP_HIT,3,-10.00
FIXED_R65,2025-12-26,2025-12-26 04:45,DOWN,2025-12-26 05:01,LONG,25873.00,25863.00,25876.25,2025-12-26 05:01,STOP_HIT,1,-10.00
FIXED_R65,2025-12-26,2025-12-26 05:16,UP,2025-12-26 05:56,SHORT,25896.25,25906.25,25893.00,2025-12-26 05:56,TARGET_HIT,1,3.25
FIXED_R65,2025-12-29,2025-12-28 14:59,DOWN,2025-12-29 04:18,LONG,25666.50,25656.50,25669.75,2025-12-29 04:18,TARGET_HIT,1,3.25
FIXED_R65,2025-12-29,2025-12-29 04:37,DOWN,2025-12-29 04:59,LONG,25716.25,25706.25,25719.50,2025-12-29 04:59,TARGET_HIT,1,3.25
FIXED_R65,2025-12-29,2025-12-29 05:14,UP,2025-12-29 05:39,SHORT,25748.50,25758.50,25745.25,2025-12-29 05:39,TARGET_HIT,1,3.25
FIXED_R65,2025-12-29,2025-12-29 05:36,DOWN,2025-12-29 05:51,LONG,25692.75,25682.75,25696.00,2025-12-29 05:51,STOP_HIT,1,-10.00
FIXED_R65,2025-12-29,2025-12-29 07:28,UP,2025-12-29 11:00,SHORT,25741.25,25751.25,25738.00,2025-12-29 11:00,TARGET_HIT,1,3.25
FIXED_R65,2025-12-30,2025-12-29 19:00,DOWN,2025-12-29 21:52,LONG,25697.50,25687.50,25700.75,2025-12-29 21:52,TARGET_HIT,1,3.25
FIXED_R65,2025-12-30,2025-12-29 21:23,UP,2025-12-29 23:29,SHORT,25748.00,25758.00,25744.75,2025-12-29 23:40,TARGET_HIT,12,3.25
FIXED_R65,2025-12-30,2025-12-29 23:36,DOWN,2025-12-30 04:40,LONG,25692.75,25682.75,25696.00,2025-12-30 04:40,TARGET_HIT,1,3.25
FIXED_R65,2025-12-30,2025-12-30 04:57,DOWN,2025-12-30 05:23,LONG,25697.50,25687.50,25700.75,2025-12-30 05:23,TARGET_HIT,1,3.25
FIXED_R65,2025-12-30,2025-12-30 06:22,DOWN,2025-12-30 07:28,LONG,25719.00,25709.00,25722.25,2025-12-30 07:29,TARGET_HIT,2,3.25
FIXED_R65,2025-12-31,2025-12-30 13:00,DOWN,2025-12-30 14:49,LONG,25625.25,25615.25,25628.50,2025-12-30 14:52,STOP_HIT,4,-10.00
FIXED_R65,2025-12-31,2025-12-30 22:40,UP,2025-12-31 03:51,SHORT,25699.25,25709.25,25696.00,2025-12-31 03:51,TARGET_HIT,1,3.25
FIXED_R65,2025-12-31,2025-12-31 04:01,DOWN,2025-12-31 04:56,LONG,25624.75,25614.75,25628.00,2025-12-31 04:56,STOP_HIT,1,-10.00
FIXED_R65,2025-12-31,2025-12-31 09:03,DOWN,2025-12-31 09:33,LONG,25564.50,25554.50,25567.75,2025-12-31 09:33,STOP_HIT,1,-10.00
FIXED_R65,2026-01-02,2026-01-01 13:03,UP,2026-01-01 15:00,SHORT,25511.00,25521.00,25507.75,2026-01-01 15:00,STOP_HIT,1,-10.00
FIXED_R65,2026-01-02,2026-01-02 04:31,DOWN,2026-01-02 04:41,LONG,25645.25,25635.25,25648.50,2026-01-02 04:41,TARGET_HIT,1,3.25
FIXED_R65,2026-01-02,2026-01-02 04:50,DOWN,2026-01-02 05:23,LONG,25485.50,25475.50,25488.75,2026-01-02 05:23,TARGET_HIT,1,3.25
FIXED_R65,2026-01-05,2026-01-04 13:07,UP,2026-01-04 14:02,SHORT,25474.00,25484.00,25470.75,2026-01-04 14:02,TARGET_HIT,1,3.25
FIXED_R65,2026-01-06,2026-01-05 20:34,DOWN,2026-01-05 22:32,LONG,25529.25,25519.25,25532.50,2026-01-05 22:32,TARGET_HIT,1,3.25
FIXED_R65,2026-01-06,2026-01-05 22:31,UP,2026-01-06 03:01,SHORT,25638.75,25648.75,25635.50,2026-01-06 03:03,STOP_HIT,3,-10.00
FIXED_R65,2026-01-06,2026-01-06 06:07,UP,2026-01-06 06:25,SHORT,25696.50,25706.50,25693.25,2026-01-06 06:25,TARGET_HIT,1,3.25
FIXED_R65,2026-01-07,2026-01-06 13:01,DOWN,2026-01-06 19:01,LONG,25780.50,25770.50,25783.75,2026-01-06 19:02,TARGET_HIT,2,3.25
FIXED_R65,2026-01-07,2026-01-06 23:21,UP,2026-01-07 04:31,SHORT,25777.25,25787.25,25774.00,2026-01-07 04:31,STOP_HIT,1,-10.00
FIXED_R65,2026-01-08,2026-01-07 13:00,DOWN,2026-01-07 16:49,LONG,25782.75,25772.75,25786.00,2026-01-07 16:49,TARGET_HIT,1,3.25
FIXED_R65,2026-01-08,2026-01-07 21:24,DOWN,2026-01-08 01:32,LONG,25773.50,25763.50,25776.75,2026-01-08 01:32,TARGET_HIT,1,3.25
FIXED_R65,2026-01-08,2026-01-08 01:31,UP,2026-01-08 03:21,SHORT,25808.75,25818.75,25805.50,2026-01-08 03:21,TARGET_HIT,1,3.25
FIXED_R65,2026-01-08,2026-01-08 03:30,DOWN,2026-01-08 04:33,LONG,25747.00,25737.00,25750.25,2026-01-08 04:33,STOP_HIT,1,-10.00
FIXED_R65,2026-01-08,2026-01-08 07:52,DOWN,2026-01-08 08:12,LONG,25639.75,25629.75,25643.00,2026-01-08 08:13,STOP_HIT,2,-10.00
FIXED_R65,2026-01-08,2026-01-08 09:16,UP,2026-01-08 11:04,SHORT,25686.75,25696.75,25683.50,2026-01-08 11:12,TARGET_HIT,9,3.25
FIXED_R65,2026-01-09,2026-01-08 13:01,DOWN,2026-01-08 15:18,LONG,25661.75,25651.75,25665.00,2026-01-08 15:19,STOP_HIT,2,-10.00
FIXED_R65,2026-01-09,2026-01-08 15:37,UP,2026-01-08 17:26,SHORT,25678.50,25688.50,25675.25,2026-01-08 17:26,TARGET_HIT,1,3.25
FIXED_R65,2026-01-09,2026-01-09 04:03,DOWN,2026-01-09 04:32,LONG,25668.75,25658.75,25672.00,2026-01-09 04:32,STOP_HIT,1,-10.00
FIXED_R65,2026-01-09,2026-01-09 04:32,UP,2026-01-09 04:42,SHORT,25751.50,25761.50,25748.25,2026-01-09 04:42,STOP_HIT,1,-10.00
FIXED_R65,2026-01-09,2026-01-09 05:08,UP,2026-01-09 05:19,SHORT,25755.75,25765.75,25752.50,2026-01-09 05:19,STOP_HIT,1,-10.00
FIXED_R65,2026-01-12,2026-01-11 13:00,DOWN,2026-01-11 13:10,LONG,25914.25,25904.25,25917.50,2026-01-11 13:10,TARGET_HIT,1,3.25
FIXED_R65,2026-01-12,2026-01-11 22:43,UP,2026-01-12 04:31,SHORT,25792.25,25802.25,25789.00,2026-01-12 04:31,STOP_HIT,1,-10.00
FIXED_R65,2026-01-13,2026-01-12 13:00,DOWN,2026-01-12 14:01,LONG,25890.25,25880.25,25893.50,2026-01-12 14:01,TARGET_HIT,1,3.25
FIXED_R65,2026-01-13,2026-01-12 15:45,UP,2026-01-12 20:03,SHORT,25912.00,25922.00,25908.75,2026-01-12 20:03,TARGET_HIT,1,3.25
FIXED_R65,2026-01-13,2026-01-12 23:18,DOWN,2026-01-13 00:33,LONG,25892.00,25882.00,25895.25,2026-01-13 00:38,TARGET_HIT,6,3.25
FIXED_R65,2026-01-13,2026-01-13 06:27,UP,2026-01-13 06:37,SHORT,25949.00,25959.00,25945.75,2026-01-13 06:37,TARGET_HIT,1,3.25
FIXED_R65,2026-01-13,2026-01-13 06:56,DOWN,2026-01-13 08:45,LONG,25866.50,25856.50,25869.75,2026-01-13 08:45,TARGET_HIT,1,3.25
FIXED_R65,2026-01-14,2026-01-14 10:08,DOWN,2026-01-14 10:18,LONG,25532.00,25522.00,25535.25,2026-01-14 10:18,TARGET_HIT,1,3.25
FIXED_R65,2026-01-14,2026-01-14 10:17,UP,2026-01-14 10:35,SHORT,25608.00,25618.00,25604.75,2026-01-14 10:35,STOP_HIT,1,-10.00
FIXED_R65,2026-01-15,2026-01-14 13:23,UP,2026-01-14 15:03,SHORT,25628.75,25638.75,25625.50,2026-01-14 15:03,STOP_HIT,1,-10.00
FIXED_R65,2026-01-15,2026-01-14 15:33,UP,2026-01-14 15:57,SHORT,25627.50,25637.50,25624.25,2026-01-14 15:58,TARGET_HIT,2,3.25
FIXED_R65,2026-01-15,2026-01-15 05:37,DOWN,2026-01-15 05:47,LONG,25826.75,25816.75,25830.00,2026-01-15 05:47,TARGET_HIT,1,3.25
FIXED_R65,2026-01-15,2026-01-15 05:52,UP,2026-01-15 06:06,SHORT,25914.25,25924.25,25911.00,2026-01-15 06:06,TARGET_HIT,1,3.25
FIXED_R65,2026-01-15,2026-01-15 07:09,DOWN,2026-01-15 07:52,LONG,25875.25,25865.25,25878.50,2026-01-15 07:57,STOP_HIT,6,-10.00
FIXED_R65,2026-01-16,2026-01-15 13:06,UP,2026-01-15 15:08,SHORT,25769.00,25779.00,25765.75,2026-01-15 15:12,TARGET_HIT,5,3.25
FIXED_R65,2026-01-16,2026-01-16 04:31,DOWN,2026-01-16 05:00,LONG,25729.00,25719.00,25732.25,2026-01-16 05:00,STOP_HIT,1,-10.00
FIXED_R65,2026-01-16,2026-01-16 06:45,DOWN,2026-01-16 06:57,LONG,25693.25,25683.25,25696.50,2026-01-16 06:57,TARGET_HIT,1,3.25
FIXED_R65,2026-01-19,2026-01-18 13:00,UP,2026-01-18 13:10,SHORT,25444.75,25454.75,25441.50,2026-01-18 13:10,TARGET_HIT,1,3.25
FIXED_R65,2026-01-19,2026-01-18 14:00,DOWN,2026-01-18 14:16,LONG,25427.00,25417.00,25430.25,2026-01-18 14:16,STOP_HIT,1,-10.00
FIXED_R65,2026-01-19,2026-01-18 14:30,UP,2026-01-18 14:55,SHORT,25443.50,25453.50,25440.25,2026-01-18 14:55,TARGET_HIT,1,3.25
FIXED_R65,2026-01-20,2026-01-19 13:01,DOWN,2026-01-19 14:17,LONG,25342.75,25332.75,25346.00,2026-01-19 14:17,TARGET_HIT,1,3.25
FIXED_R65,2026-01-20,2026-01-19 14:28,UP,2026-01-19 14:47,SHORT,25402.75,25412.75,25399.50,2026-01-19 14:47,TARGET_HIT,1,3.25
FIXED_R65,2026-01-20,2026-01-19 16:48,DOWN,2026-01-19 20:10,LONG,25357.00,25347.00,25360.25,2026-01-19 20:13,STOP_HIT,4,-10.00
FIXED_R65,2026-01-20,2026-01-20 02:49,DOWN,2026-01-20 03:34,LONG,25199.75,25189.75,25203.00,2026-01-20 03:34,STOP_HIT,1,-10.00
FIXED_R65,2026-01-20,2026-01-20 06:58,DOWN,2026-01-20 08:12,LONG,25295.25,25285.25,25298.50,2026-01-20 08:12,STOP_HIT,1,-10.00
FIXED_R65,2026-01-21,2026-01-20 13:02,DOWN,2026-01-20 13:53,LONG,25110.75,25100.75,25114.00,2026-01-20 13:53,TARGET_HIT,1,3.25
FIXED_R65,2026-01-21,2026-01-20 13:55,UP,2026-01-20 14:43,SHORT,25174.50,25184.50,25171.25,2026-01-20 14:43,TARGET_HIT,1,3.25
FIXED_R65,2026-01-21,2026-01-20 21:23,DOWN,2026-01-20 23:44,LONG,25174.75,25164.75,25178.00,2026-01-20 23:46,STOP_HIT,3,-10.00
FIXED_R65,2026-01-21,2026-01-21 07:46,UP,2026-01-21 07:59,SHORT,25256.25,25266.25,25253.00,2026-01-21 07:59,TARGET_HIT,1,3.25
FIXED_R65,2026-01-21,2026-01-21 08:13,DOWN,2026-01-21 08:25,LONG,25192.00,25182.00,25195.25,2026-01-21 08:25,TARGET_HIT,1,3.25
FIXED_R65,2026-01-21,2026-01-21 08:24,UP,2026-01-21 08:34,SHORT,25249.25,25259.25,25246.00,2026-01-21 08:34,TARGET_HIT,1,3.25
FIXED_R65,2026-01-22,2026-01-21 13:35,UP,2026-01-21 15:28,SHORT,25586.00,25596.00,25582.75,2026-01-21 15:35,STOP_HIT,8,-10.00
FIXED_R65,2026-01-22,2026-01-21 16:11,DOWN,2026-01-21 19:44,LONG,25542.00,25532.00,25545.25,2026-01-21 19:44,TARGET_HIT,1,3.25
FIXED_R65,2026-01-22,2026-01-21 20:25,UP,2026-01-21 22:19,SHORT,25637.50,25647.50,25634.25,2026-01-21 22:19,TARGET_HIT,1,3.25
FIXED_R65,2026-01-22,2026-01-22 03:59,DOWN,2026-01-22 04:43,LONG,25651.00,25641.00,25654.25,2026-01-22 04:43,STOP_HIT,1,-10.00
FIXED_R65,2026-01-22,2026-01-22 05:25,UP,2026-01-22 05:44,SHORT,25642.75,25652.75,25639.50,2026-01-22 05:46,STOP_HIT,3,-10.00
FIXED_R65,2026-01-22,2026-01-22 10:37,UP,2026-01-22 11:00,SHORT,25661.75,25671.75,25658.50,2026-01-22 11:00,STOP_HIT,1,-10.00
FIXED_R65,2026-01-22,2026-01-22 11:00,DOWN,2026-01-22 11:59,LONG,25622.25,25612.25,25625.50,2026-01-22 11:59,TARGET_HIT,1,3.25
FIXED_R65,2026-01-23,2026-01-22 13:00,UP,2026-01-22 14:38,SHORT,25641.00,25651.00,25637.75,2026-01-22 14:59,STOP_HIT,22,-10.00
FIXED_R65,2026-01-23,2026-01-22 20:05,DOWN,2026-01-22 22:53,LONG,25596.50,25586.50,25599.75,2026-01-22 22:54,TARGET_HIT,2,3.25
FIXED_R65,2026-01-23,2026-01-23 04:37,UP,2026-01-23 04:57,SHORT,25640.00,25650.00,25636.75,2026-01-23 04:57,TARGET_HIT,1,3.25
FIXED_R65,2026-01-26,2026-01-25 13:00,UP,2026-01-25 13:10,SHORT,25465.50,25475.50,25462.25,2026-01-25 13:10,STOP_HIT,1,-10.00
FIXED_R65,2026-01-26,2026-01-25 23:54,UP,2026-01-26 00:31,SHORT,25653.50,25663.50,25650.25,2026-01-26 00:31,TARGET_HIT,1,3.25
FIXED_R65,2026-01-27,2026-01-26 13:04,UP,2026-01-26 15:05,SHORT,25905.50,25915.50,25902.25,2026-01-26 15:06,TARGET_HIT,2,3.25
FIXED_R65,2026-01-27,2026-01-27 01:52,DOWN,2026-01-27 04:33,LONG,25994.00,25984.00,25997.25,2026-01-27 04:33,STOP_HIT,1,-10.00
FIXED_R65,2026-01-27,2026-01-27 04:38,UP,2026-01-27 04:59,SHORT,26050.00,26060.00,26046.75,2026-01-27 05:00,STOP_HIT,2,-10.00
FIXED_R65,2026-01-28,2026-01-27 13:00,UP,2026-01-27 14:32,SHORT,26175.50,26185.50,26172.25,2026-01-27 14:32,STOP_HIT,1,-10.00
FIXED_R65,2026-01-28,2026-01-28 01:53,DOWN,2026-01-28 03:41,LONG,26260.00,26250.00,26263.25,2026-01-28 03:41,TARGET_HIT,1,3.25
FIXED_R65,2026-01-28,2026-01-28 04:36,UP,2026-01-28 04:46,SHORT,26291.25,26301.25,26288.00,2026-01-28 04:46,TARGET_HIT,1,3.25
FIXED_R65,2026-01-28,2026-01-28 04:45,DOWN,2026-01-28 04:55,LONG,26289.00,26279.00,26292.25,2026-01-28 04:55,STOP_HIT,1,-10.00
FIXED_R65,2026-01-28,2026-01-28 11:04,UP,2026-01-28 11:40,SHORT,26259.00,26269.00,26255.75,2026-01-28 11:40,TARGET_HIT,1,3.25
FIXED_R65,2026-01-29,2026-01-28 13:22,DOWN,2026-01-28 13:41,LONG,26178.00,26168.00,26181.25,2026-01-28 13:41,TARGET_HIT,1,3.25
FIXED_R65,2026-01-29,2026-01-28 15:27,UP,2026-01-28 17:48,SHORT,26194.50,26204.50,26191.25,2026-01-28 17:48,TARGET_HIT,1,3.25
FIXED_R65,2026-01-29,2026-01-28 22:19,DOWN,2026-01-29 03:17,LONG,26161.75,26151.75,26165.00,2026-01-29 03:19,STOP_HIT,3,-10.00
FIXED_R65,2026-01-29,2026-01-29 07:38,DOWN,2026-01-29 07:56,LONG,25764.00,25754.00,25767.25,2026-01-29 07:56,TARGET_HIT,1,3.25
FIXED_R65,2026-01-29,2026-01-29 07:59,UP,2026-01-29 08:09,SHORT,25816.00,25826.00,25812.75,2026-01-29 08:09,STOP_HIT,1,-10.00
FIXED_R65,2026-01-30,2026-01-29 13:00,DOWN,2026-01-29 13:11,LONG,25950.00,25940.00,25953.25,2026-01-29 13:11,STOP_HIT,1,-10.00
FIXED_R65,2026-01-30,2026-01-29 13:29,UP,2026-01-29 14:04,SHORT,25982.50,25992.50,25979.25,2026-01-29 14:05,TARGET_HIT,2,3.25
FIXED_R65,2026-01-30,2026-01-29 13:38,DOWN,2026-01-29 14:25,LONG,25935.00,25925.00,25938.25,2026-01-29 14:25,STOP_HIT,1,-10.00
FIXED_R65,2026-01-30,2026-01-30 03:30,UP,2026-01-30 04:02,SHORT,25841.75,25851.75,25838.50,2026-01-30 04:02,TARGET_HIT,1,3.25
FIXED_R65,2026-01-30,2026-01-30 04:59,UP,2026-01-30 05:12,SHORT,25913.50,25923.50,25910.25,2026-01-30 05:12,STOP_HIT,1,-10.00
FIXED_R65,2026-01-30,2026-01-30 05:12,DOWN,2026-01-30 05:34,LONG,25787.25,25777.25,25790.50,2026-01-30 05:34,TARGET_HIT,1,3.25
FIXED_R65,2026-01-30,2026-01-30 05:30,UP,2026-01-30 05:46,SHORT,25899.75,25909.75,25896.50,2026-01-30 05:46,STOP_HIT,1,-10.00
FIXED_R65,2026-01-30,2026-01-30 05:47,DOWN,2026-01-30 06:03,LONG,25847.00,25837.00,25850.25,2026-01-30 06:03,STOP_HIT,1,-10.00
FIXED_R65,2026-02-02,2026-02-01 22:53,DOWN,2026-02-01 23:10,LONG,25380.50,25370.50,25383.75,2026-02-01 23:10,TARGET_HIT,1,3.25
FIXED_R65,2026-02-03,2026-02-02 13:02,UP,2026-02-02 13:14,SHORT,25918.50,25928.50,25915.25,2026-02-02 13:16,STOP_HIT,3,-10.00
FIXED_R65,2026-02-03,2026-02-02 15:23,DOWN,2026-02-02 16:11,LONG,25926.00,25916.00,25929.25,2026-02-02 16:15,TARGET_HIT,5,3.25
FIXED_R65,2026-02-03,2026-02-02 16:46,UP,2026-02-02 18:52,SHORT,25977.75,25987.75,25974.50,2026-02-02 19:03,TARGET_HIT,12,3.25
FIXED_R65,2026-02-03,2026-02-02 21:58,DOWN,2026-02-03 02:17,LONG,25961.00,25951.00,25964.25,2026-02-03 02:17,TARGET_HIT,1,3.25
FIXED_R65,2026-02-03,2026-02-03 02:02,UP,2026-02-03 02:29,SHORT,25985.00,25995.00,25981.75,2026-02-03 02:33,STOP_HIT,5,-10.00
FIXED_R65,2026-02-03,2026-02-03 03:13,DOWN,2026-02-03 04:17,LONG,25946.75,25936.75,25950.00,2026-02-03 04:21,TARGET_HIT,5,3.25
FIXED_R65,2026-02-04,2026-02-03 13:06,UP,2026-02-03 13:16,SHORT,25428.75,25438.75,25425.50,2026-02-03 13:16,STOP_HIT,1,-10.00
FIXED_R65,2026-02-04,2026-02-03 13:16,DOWN,2026-02-03 15:00,LONG,25377.50,25367.50,25380.75,2026-02-03 15:00,TARGET_HIT,1,3.25
FIXED_R65,2026-02-04,2026-02-03 16:09,DOWN,2026-02-03 17:11,LONG,25418.50,25408.50,25421.75,2026-02-03 17:11,TARGET_HIT,1,3.25
FIXED_R65,2026-02-04,2026-02-03 16:53,UP,2026-02-03 20:13,SHORT,25463.25,25473.25,25460.00,2026-02-03 20:13,TARGET_HIT,1,3.25
FIXED_R65,2026-02-04,2026-02-03 21:50,DOWN,2026-02-03 23:20,LONG,25384.50,25374.50,25387.75,2026-02-03 23:20,STOP_HIT,1,-10.00
FIXED_R65,2026-02-04,2026-02-03 23:44,UP,2026-02-04 00:26,SHORT,25438.75,25448.75,25435.50,2026-02-04 00:27,TARGET_HIT,2,3.25
FIXED_R65,2026-02-04,2026-02-04 02:01,DOWN,2026-02-04 02:46,LONG,25403.75,25393.75,25407.00,2026-02-04 02:46,TARGET_HIT,1,3.25
FIXED_R65,2026-02-04,2026-02-04 11:16,UP,2026-02-04 11:40,SHORT,25158.75,25168.75,25155.50,2026-02-04 11:40,TARGET_HIT,1,3.25
FIXED_R65,2026-02-05,2026-02-04 13:00,UP,2026-02-04 13:32,SHORT,25124.25,25134.25,25121.00,2026-02-04 13:32,TARGET_HIT,1,3.25
FIXED_R65,2026-02-05,2026-02-04 13:32,DOWN,2026-02-04 13:57,LONG,25044.00,25034.00,25047.25,2026-02-04 13:57,TARGET_HIT,1,3.25
FIXED_R65,2026-02-05,2026-02-04 14:02,UP,2026-02-04 14:28,SHORT,25112.50,25122.50,25109.25,2026-02-04 14:28,TARGET_HIT,1,3.25
FIXED_R65,2026-02-05,2026-02-04 15:17,DOWN,2026-02-04 16:18,LONG,24997.00,24987.00,25000.25,2026-02-04 16:18,STOP_HIT,1,-10.00
FIXED_R65,2026-02-05,2026-02-04 18:27,UP,2026-02-04 22:20,SHORT,25116.50,25126.50,25113.25,2026-02-04 22:20,TARGET_HIT,1,3.25
FIXED_R65,2026-02-05,2026-02-04 22:19,DOWN,2026-02-04 23:05,LONG,25005.50,24995.50,25008.75,2026-02-04 23:05,STOP_HIT,1,-10.00
FIXED_R65,2026-02-05,2026-02-04 23:12,UP,2026-02-04 23:38,SHORT,25056.25,25066.25,25053.00,2026-02-04 23:38,TARGET_HIT,1,3.25
FIXED_R65,2026-02-05,2026-02-04 23:32,DOWN,2026-02-04 23:49,LONG,25018.75,25008.75,25022.00,2026-02-04 23:49,TARGET_HIT,1,3.25
FIXED_R65,2026-02-05,2026-02-04 23:49,UP,2026-02-05 00:15,SHORT,25079.50,25089.50,25076.25,2026-02-05 00:16,TARGET_HIT,2,3.25
FIXED_R65,2026-02-05,2026-02-05 00:27,DOWN,2026-02-05 00:41,LONG,25041.25,25031.25,25044.50,2026-02-05 00:41,TARGET_HIT,1,3.25
FIXED_R65,2026-02-05,2026-02-05 06:55,DOWN,2026-02-05 07:14,LONG,24758.00,24748.00,24761.25,2026-02-05 07:14,TARGET_HIT,1,3.25
FIXED_R65,2026-02-05,2026-02-05 08:02,DOWN,2026-02-05 08:12,LONG,24774.50,24764.50,24777.75,2026-02-05 08:12,TARGET_HIT,1,3.25
FIXED_R65,2026-02-06,2026-02-05 13:01,UP,2026-02-05 13:11,SHORT,24438.00,24448.00,24434.75,2026-02-05 13:11,TARGET_HIT,1,3.25
FIXED_R65,2026-02-06,2026-02-05 13:06,DOWN,2026-02-05 13:20,LONG,24408.00,24398.00,24411.25,2026-02-05 13:20,STOP_HIT,1,-10.00
FIXED_R65,2026-02-06,2026-02-05 14:16,UP,2026-02-05 14:36,SHORT,24390.00,24400.00,24386.75,2026-02-05 14:36,TARGET_HIT,1,3.25
FIXED_R65,2026-02-06,2026-02-05 15:20,UP,2026-02-05 15:35,SHORT,24402.25,24412.25,24399.00,2026-02-05 15:35,STOP_HIT,1,-10.00
FIXED_R65,2026-02-09,2026-02-08 13:00,UP,2026-02-08 13:10,SHORT,25242.75,25252.75,25239.50,2026-02-08 13:10,TARGET_HIT,1,3.25
FIXED_R65,2026-02-09,2026-02-08 14:21,DOWN,2026-02-08 15:10,LONG,25259.25,25249.25,25262.50,2026-02-08 15:10,TARGET_HIT,1,3.25
FIXED_R65,2026-02-09,2026-02-09 04:49,DOWN,2026-02-09 04:59,LONG,25115.25,25105.25,25118.50,2026-02-09 04:59,TARGET_HIT,1,3.25
FIXED_R65,2026-02-09,2026-02-09 04:54,UP,2026-02-09 05:05,SHORT,25163.50,25173.50,25160.25,2026-02-09 05:05,STOP_HIT,1,-10.00
FIXED_R65,2026-02-10,2026-02-09 13:05,DOWN,2026-02-09 13:54,LONG,25338.25,25328.25,25341.50,2026-02-09 13:54,TARGET_HIT,1,3.25
FIXED_R65,2026-02-10,2026-02-09 17:18,UP,2026-02-09 19:41,SHORT,25348.50,25358.50,25345.25,2026-02-09 19:41,TARGET_HIT,1,3.25
FIXED_R65,2026-02-10,2026-02-09 19:55,DOWN,2026-02-09 20:48,LONG,25293.75,25283.75,25297.00,2026-02-09 20:48,TARGET_HIT,1,3.25
FIXED_R65,2026-02-10,2026-02-09 20:48,UP,2026-02-09 22:02,SHORT,25337.75,25347.75,25334.50,2026-02-09 22:02,TARGET_HIT,1,3.25
FIXED_R65,2026-02-10,2026-02-10 02:31,DOWN,2026-02-10 03:16,LONG,25321.75,25311.75,25325.00,2026-02-10 03:16,TARGET_HIT,1,3.25
FIXED_R65,2026-02-10,2026-02-10 03:12,UP,2026-02-10 03:47,SHORT,25355.00,25365.00,25351.75,2026-02-10 03:47,STOP_HIT,1,-10.00
FIXED_R65,2026-02-10,2026-02-10 04:31,DOWN,2026-02-10 04:41,LONG,25309.25,25299.25,25312.50,2026-02-10 04:41,STOP_HIT,1,-10.00
FIXED_R65,2026-02-10,2026-02-10 04:49,UP,2026-02-10 04:59,SHORT,25404.00,25414.00,25400.75,2026-02-10 04:59,TARGET_HIT,1,3.25
FIXED_R65,2026-02-10,2026-02-10 05:31,DOWN,2026-02-10 07:00,LONG,25327.25,25317.25,25330.50,2026-02-10 07:00,TARGET_HIT,1,3.25
FIXED_R65,2026-02-10,2026-02-10 07:04,UP,2026-02-10 07:21,SHORT,25371.00,25381.00,25367.75,2026-02-10 07:21,TARGET_HIT,1,3.25
FIXED_R65,2026-02-10,2026-02-10 07:52,DOWN,2026-02-10 08:17,LONG,25326.50,25316.50,25329.75,2026-02-10 08:17,TARGET_HIT,1,3.25
FIXED_R65,2026-02-11,2026-02-10 13:00,UP,2026-02-10 15:45,SHORT,25314.00,25324.00,25310.75,2026-02-10 15:50,STOP_HIT,6,-10.00
FIXED_R65,2026-02-11,2026-02-10 17:56,DOWN,2026-02-10 19:49,LONG,25283.00,25273.00,25286.25,2026-02-10 19:50,TARGET_HIT,2,3.25
FIXED_R65,2026-02-11,2026-02-11 04:46,DOWN,2026-02-11 05:07,LONG,25279.75,25269.75,25283.00,2026-02-11 05:07,STOP_HIT,1,-10.00
FIXED_R65,2026-02-11,2026-02-11 07:02,UP,2026-02-11 07:44,SHORT,25305.75,25315.75,25302.50,2026-02-11 07:44,TARGET_HIT,1,3.25
FIXED_R65,2026-02-11,2026-02-11 07:51,DOWN,2026-02-11 08:15,LONG,25210.50,25200.50,25213.75,2026-02-11 08:15,TARGET_HIT,1,3.25
FIXED_R65,2026-02-11,2026-02-11 08:15,UP,2026-02-11 08:32,SHORT,25268.75,25278.75,25265.50,2026-02-11 08:32,TARGET_HIT,1,3.25
FIXED_R65,2026-02-12,2026-02-11 13:02,DOWN,2026-02-11 13:31,LONG,25231.00,25221.00,25234.25,2026-02-11 13:33,STOP_HIT,3,-10.00
FIXED_R65,2026-02-12,2026-02-11 13:36,UP,2026-02-11 14:45,SHORT,25270.75,25280.75,25267.50,2026-02-11 14:45,TARGET_HIT,1,3.25
FIXED_R65,2026-02-12,2026-02-12 04:38,DOWN,2026-02-12 04:48,LONG,25278.00,25268.00,25281.25,2026-02-12 04:48,STOP_HIT,1,-10.00
FIXED_R65,2026-02-13,2026-02-12 13:19,DOWN,2026-02-12 13:34,LONG,24779.50,24769.50,24782.75,2026-02-12 13:34,TARGET_HIT,1,3.25
FIXED_R65,2026-02-13,2026-02-12 13:40,UP,2026-02-12 14:05,SHORT,24853.25,24863.25,24850.00,2026-02-12 14:05,STOP_HIT,1,-10.00
FIXED_R65,2026-02-13,2026-02-12 14:05,DOWN,2026-02-12 14:26,LONG,24774.00,24764.00,24777.25,2026-02-12 14:26,TARGET_HIT,1,3.25
FIXED_R65,2026-02-13,2026-02-12 14:53,UP,2026-02-12 15:42,SHORT,24797.50,24807.50,24794.25,2026-02-12 15:44,TARGET_HIT,3,3.25
FIXED_R65,2026-02-13,2026-02-12 16:33,DOWN,2026-02-12 17:55,LONG,24753.75,24743.75,24757.00,2026-02-12 17:56,TARGET_HIT,2,3.25
FIXED_R65,2026-02-13,2026-02-12 22:19,UP,2026-02-12 23:43,SHORT,24797.25,24807.25,24794.00,2026-02-12 23:43,TARGET_HIT,1,3.25
FIXED_R65,2026-02-13,2026-02-12 23:48,DOWN,2026-02-13 00:52,LONG,24736.75,24726.75,24740.00,2026-02-13 00:52,TARGET_HIT,1,3.25
FIXED_R65,2026-02-13,2026-02-13 10:37,UP,2026-02-13 11:14,SHORT,24796.25,24806.25,24793.00,2026-02-13 11:15,TARGET_HIT,2,3.25
FIXED_R65,2026-02-16,2026-02-15 13:00,DOWN,2026-02-15 13:10,LONG,24770.75,24760.75,24774.00,2026-02-15 13:10,TARGET_HIT,1,3.25
FIXED_R65,2026-02-16,2026-02-15 13:05,UP,2026-02-15 13:20,SHORT,24822.25,24832.25,24819.00,2026-02-15 13:20,TARGET_HIT,1,3.25
FIXED_R65,2026-02-16,2026-02-15 16:05,DOWN,2026-02-15 19:43,LONG,24803.25,24793.25,24806.50,2026-02-15 19:43,TARGET_HIT,1,3.25
FIXED_R65,2026-02-16,2026-02-15 20:21,UP,2026-02-15 21:15,SHORT,24859.00,24869.00,24855.75,2026-02-15 21:18,TARGET_HIT,4,3.25
FIXED_R65,2026-02-16,2026-02-15 23:28,DOWN,2026-02-16 04:36,LONG,24760.25,24750.25,24763.50,2026-02-16 04:36,STOP_HIT,1,-10.00
FIXED_R65,2026-02-17,2026-02-16 13:02,UP,2026-02-16 13:35,SHORT,24803.00,24813.00,24799.75,2026-02-16 13:35,STOP_HIT,1,-10.00
FIXED_R65,2026-02-17,2026-02-16 13:51,DOWN,2026-02-16 15:08,LONG,24809.50,24799.50,24812.75,2026-02-16 15:08,TARGET_HIT,1,3.25
FIXED_R65,2026-02-17,2026-02-16 22:13,DOWN,2026-02-16 23:15,LONG,24641.75,24631.75,24645.00,2026-02-16 23:15,TARGET_HIT,1,3.25
FIXED_R65,2026-02-17,2026-02-16 22:56,UP,2026-02-16 23:36,SHORT,24687.75,24697.75,24684.50,2026-02-16 23:36,TARGET_HIT,1,3.25
FIXED_R65,2026-02-17,2026-02-17 00:04,DOWN,2026-02-17 00:34,LONG,24644.25,24634.25,24647.50,2026-02-17 00:37,STOP_HIT,4,-10.00
FIXED_R65,2026-02-18,2026-02-17 13:00,DOWN,2026-02-17 13:36,LONG,24718.50,24708.50,24721.75,2026-02-17 13:36,TARGET_HIT,1,3.25
FIXED_R65,2026-02-18,2026-02-17 13:47,UP,2026-02-17 16:37,SHORT,24765.50,24775.50,24762.25,2026-02-17 16:37,TARGET_HIT,1,3.25
FIXED_R65,2026-02-18,2026-02-18 03:30,DOWN,2026-02-18 03:48,LONG,24828.50,24818.50,24831.75,2026-02-18 03:48,TARGET_HIT,1,3.25
FIXED_R65,2026-02-18,2026-02-18 04:35,UP,2026-02-18 04:47,SHORT,24854.50,24864.50,24851.25,2026-02-18 04:47,TARGET_HIT,1,3.25
FIXED_R65,2026-02-18,2026-02-18 10:16,UP,2026-02-18 11:00,SHORT,24957.25,24967.25,24954.00,2026-02-18 11:00,TARGET_HIT,1,3.25
FIXED_R65,2026-02-18,2026-02-18 10:54,DOWN,2026-02-18 11:15,LONG,24943.75,24933.75,24947.00,2026-02-18 11:15,STOP_HIT,1,-10.00
FIXED_R65,2026-02-19,2026-02-18 13:13,DOWN,2026-02-18 14:24,LONG,24929.50,24919.50,24932.75,2026-02-18 14:24,TARGET_HIT,1,3.25
FIXED_R65,2026-02-19,2026-02-18 14:25,UP,2026-02-18 15:38,SHORT,24956.50,24966.50,24953.25,2026-02-18 15:38,TARGET_HIT,1,3.25
FIXED_R65,2026-02-19,2026-02-18 22:21,DOWN,2026-02-18 23:11,LONG,24964.00,24954.00,24967.25,2026-02-18 23:11,TARGET_HIT,1,3.25
FIXED_R65,2026-02-19,2026-02-19 06:23,DOWN,2026-02-19 06:46,LONG,24852.50,24842.50,24855.75,2026-02-19 06:46,STOP_HIT,1,-10.00
FIXED_R65,2026-02-20,2026-02-19 13:01,UP,2026-02-19 14:12,SHORT,24887.50,24897.50,24884.25,2026-02-19 14:16,TARGET_HIT,5,3.25
FIXED_R65,2026-02-20,2026-02-19 23:23,DOWN,2026-02-20 01:42,LONG,24859.25,24849.25,24862.50,2026-02-20 01:42,TARGET_HIT,1,3.25
FIXED_R65,2026-02-20,2026-02-20 07:25,UP,2026-02-20 07:44,SHORT,24958.25,24968.25,24955.00,2026-02-20 07:44,TARGET_HIT,1,3.25
FIXED_R65,2026-02-23,2026-02-22 13:00,DOWN,2026-02-22 13:26,LONG,25006.25,24996.25,25009.50,2026-02-22 13:26,STOP_HIT,1,-10.00
FIXED_R65,2026-02-23,2026-02-22 19:20,UP,2026-02-22 21:21,SHORT,24904.00,24914.00,24900.75,2026-02-22 21:22,TARGET_HIT,2,3.25
FIXED_R65,2026-02-23,2026-02-23 04:51,DOWN,2026-02-23 05:01,LONG,24906.75,24896.75,24910.00,2026-02-23 05:01,TARGET_HIT,1,3.25
FIXED_R65,2026-02-24,2026-02-23 13:05,UP,2026-02-23 15:43,SHORT,24834.50,24844.50,24831.25,2026-02-23 15:43,TARGET_HIT,1,3.25
FIXED_R65,2026-02-24,2026-02-23 19:05,DOWN,2026-02-23 23:04,LONG,24806.75,24796.75,24810.00,2026-02-23 23:08,TARGET_HIT,5,3.25
FIXED_R65,2026-02-24,2026-02-23 22:52,UP,2026-02-23 23:25,SHORT,24826.00,24836.00,24822.75,2026-02-23 23:28,TARGET_HIT,4,3.25
FIXED_R65,2026-02-24,2026-02-24 02:06,DOWN,2026-02-24 03:04,LONG,24828.25,24818.25,24831.50,2026-02-24 03:04,TARGET_HIT,1,3.25
FIXED_R65,2026-02-24,2026-02-24 02:48,UP,2026-02-24 03:31,SHORT,24868.00,24878.00,24864.75,2026-02-24 03:31,TARGET_HIT,1,3.25
FIXED_R65,2026-02-24,2026-02-24 03:55,DOWN,2026-02-24 04:31,LONG,24812.75,24802.75,24816.00,2026-02-24 04:31,STOP_HIT,1,-10.00
FIXED_R65,2026-02-25,2026-02-24 13:08,UP,2026-02-24 14:45,SHORT,25061.25,25071.25,25058.00,2026-02-24 14:45,TARGET_HIT,1,3.25
FIXED_R65,2026-02-25,2026-02-24 16:38,DOWN,2026-02-24 17:35,LONG,25042.75,25032.75,25046.00,2026-02-24 17:36,TARGET_HIT,2,3.25
FIXED_R65,2026-02-25,2026-02-24 17:34,UP,2026-02-25 01:51,SHORT,25114.25,25124.25,25111.00,2026-02-25 01:55,STOP_HIT,5,-10.00
FIXED_R65,2026-02-26,2026-02-25 13:01,DOWN,2026-02-25 13:35,LONG,25352.00,25342.00,25355.25,2026-02-25 13:37,STOP_HIT,3,-10.00
FIXED_R65,2026-02-26,2026-02-25 15:30,UP,2026-02-25 22:22,SHORT,25391.00,25401.00,25387.75,2026-02-25 22:22,TARGET_HIT,1,3.25
FIXED_R65,2026-02-26,2026-02-26 03:48,DOWN,2026-02-26 04:32,LONG,25324.75,25314.75,25328.00,2026-02-26 04:32,STOP_HIT,1,-10.00
FIXED_R65,2026-02-26,2026-02-26 09:55,DOWN,2026-02-26 10:26,LONG,25038.25,25028.25,25041.50,2026-02-26 10:26,TARGET_HIT,1,3.25
FIXED_R65,2026-02-27,2026-02-26 13:01,DOWN,2026-02-26 13:11,LONG,24983.00,24973.00,24986.25,2026-02-26 13:11,TARGET_HIT,1,3.25
FIXED_R65,2026-02-27,2026-02-26 13:05,UP,2026-02-26 13:20,SHORT,25029.50,25039.50,25026.25,2026-02-26 13:22,TARGET_HIT,3,3.25
FIXED_R65,2026-02-27,2026-02-26 13:20,DOWN,2026-02-26 14:39,LONG,24977.50,24967.50,24980.75,2026-02-26 14:43,STOP_HIT,5,-10.00
FIXED_R65,2026-02-27,2026-02-26 14:46,UP,2026-02-26 16:55,SHORT,25022.00,25032.00,25018.75,2026-02-26 16:55,TARGET_HIT,1,3.25
FIXED_R65,2026-02-27,2026-02-27 00:12,UP,2026-02-27 00:34,SHORT,25043.00,25053.00,25039.75,2026-02-27 00:34,TARGET_HIT,1,3.25
FIXED_R65,2026-02-27,2026-02-27 04:56,UP,2026-02-27 05:07,SHORT,24941.50,24951.50,24938.25,2026-02-27 05:07,STOP_HIT,1,-10.00
FIXED_R65,2026-02-27,2026-02-27 06:45,UP,2026-02-27 06:56,SHORT,24994.50,25004.50,24991.25,2026-02-27 06:56,TARGET_HIT,1,3.25
FIXED_R65,2026-02-27,2026-02-27 07:08,DOWN,2026-02-27 07:21,LONG,24933.75,24923.75,24937.00,2026-02-27 07:21,TARGET_HIT,1,3.25
FIXED_R65,2026-02-27,2026-02-27 07:22,UP,2026-02-27 07:38,SHORT,24980.25,24990.25,24977.00,2026-02-27 07:38,TARGET_HIT,1,3.25
FIXED_R65,2026-02-27,2026-02-27 07:36,DOWN,2026-02-27 07:46,LONG,24926.75,24916.75,24930.00,2026-02-27 07:46,STOP_HIT,1,-10.00
FIXED_R65,2026-02-27,2026-02-27 09:44,UP,2026-02-27 10:27,SHORT,24996.00,25006.00,24992.75,2026-02-27 10:27,TARGET_HIT,1,3.25
FIXED_R65,2026-02-27,2026-02-27 10:38,UP,2026-02-27 10:56,SHORT,24976.25,24986.25,24973.00,2026-02-27 10:56,STOP_HIT,1,-10.00
FIXED_R65,2026-03-02,2026-03-01 13:12,DOWN,2026-03-01 14:01,LONG,24728.00,24718.00,24731.25,2026-03-01 14:01,TARGET_HIT,1,3.25
FIXED_R65,2026-03-02,2026-03-01 14:19,UP,2026-03-01 14:56,SHORT,24780.25,24790.25,24777.00,2026-03-01 14:56,TARGET_HIT,1,3.25
FIXED_R65,2026-03-02,2026-03-01 18:23,UP,2026-03-01 18:33,SHORT,24804.50,24814.50,24801.25,2026-03-01 18:33,TARGET_HIT,1,3.25
FIXED_R65,2026-03-02,2026-03-02 01:49,DOWN,2026-03-02 02:08,LONG,24663.00,24653.00,24666.25,2026-03-02 02:08,STOP_HIT,1,-10.00
FIXED_R65,2026-03-02,2026-03-02 02:56,UP,2026-03-02 03:28,SHORT,24700.00,24710.00,24696.75,2026-03-02 03:28,STOP_HIT,1,-10.00
FIXED_R65,2026-03-02,2026-03-02 03:25,DOWN,2026-03-02 03:58,LONG,24617.25,24607.25,24620.50,2026-03-02 03:58,STOP_HIT,1,-10.00
FIXED_R65,2026-03-03,2026-03-02 13:00,DOWN,2026-03-02 13:36,LONG,24953.25,24943.25,24956.50,2026-03-02 13:45,TARGET_HIT,10,3.25
FIXED_R65,2026-03-03,2026-03-03 05:54,UP,2026-03-03 06:17,SHORT,24597.50,24607.50,24594.25,2026-03-03 06:17,STOP_HIT,1,-10.00
FIXED_R65,2026-03-04,2026-03-03 13:06,UP,2026-03-03 13:57,SHORT,24719.75,24729.75,24716.50,2026-03-03 13:57,TARGET_HIT,1,3.25
FIXED_R65,2026-03-04,2026-03-03 14:22,DOWN,2026-03-03 14:47,LONG,24722.25,24712.25,24725.50,2026-03-03 14:47,TARGET_HIT,1,3.25
FIXED_R65,2026-03-04,2026-03-03 14:43,UP,2026-03-03 14:53,SHORT,24757.50,24767.50,24754.25,2026-03-03 14:53,TARGET_HIT,1,3.25
FIXED_R65,2026-03-04,2026-03-03 22:19,DOWN,2026-03-03 22:29,LONG,24638.00,24628.00,24641.25,2026-03-03 22:29,STOP_HIT,1,-10.00
FIXED_R65,2026-03-04,2026-03-03 22:27,UP,2026-03-03 22:51,SHORT,24664.25,24674.25,24661.00,2026-03-03 22:51,TARGET_HIT,1,3.25
FIXED_R65,2026-03-05,2026-03-04 13:02,UP,2026-03-04 14:16,SHORT,25231.75,25241.75,25228.50,2026-03-04 14:16,TARGET_HIT,1,3.25
FIXED_R65,2026-03-05,2026-03-04 14:17,DOWN,2026-03-04 15:44,LONG,25100.00,25090.00,25103.25,2026-03-04 15:44,STOP_HIT,1,-10.00
FIXED_R65,2026-03-05,2026-03-05 02:03,UP,2026-03-05 02:22,SHORT,25143.25,25153.25,25140.00,2026-03-05 02:22,TARGET_HIT,1,3.25
FIXED_R65,2026-03-05,2026-03-05 02:21,DOWN,2026-03-05 02:50,LONG,25075.25,25065.25,25078.50,2026-03-05 02:50,STOP_HIT,1,-10.00
FIXED_R65,2026-03-06,2026-03-05 13:02,UP,2026-03-05 13:43,SHORT,25063.25,25073.25,25060.00,2026-03-05 13:43,TARGET_HIT,1,3.25
FIXED_R65,2026-03-06,2026-03-05 22:46,DOWN,2026-03-05 23:05,LONG,25043.25,25033.25,25046.50,2026-03-05 23:05,TARGET_HIT,1,3.25
FIXED_R65,2026-03-06,2026-03-06 05:10,UP,2026-03-06 05:20,SHORT,24783.00,24793.00,24779.75,2026-03-06 05:20,STOP_HIT,1,-10.00
FIXED_R65,2026-03-06,2026-03-06 07:04,DOWN,2026-03-06 07:37,LONG,24778.25,24768.25,24781.50,2026-03-06 07:37,STOP_HIT,1,-10.00
FIXED_R65,2026-03-06,2026-03-06 07:43,UP,2026-03-06 08:26,SHORT,24852.50,24862.50,24849.25,2026-03-06 08:26,TARGET_HIT,1,3.25
FIXED_R65,2026-03-06,2026-03-06 08:15,DOWN,2026-03-06 09:24,LONG,24814.25,24804.25,24817.50,2026-03-06 09:24,STOP_HIT,1,-10.00
FIXED_R65,2026-03-09,2026-03-08 14:09,UP,2026-03-08 14:26,SHORT,24272.75,24282.75,24269.50,2026-03-08 14:26,TARGET_HIT,1,3.25
FIXED_R65,2026-03-09,2026-03-08 15:00,DOWN,2026-03-08 15:28,LONG,24264.75,24254.75,24268.00,2026-03-08 15:29,TARGET_HIT,2,3.25
FIXED_R65,2026-03-10,2026-03-09 14:08,DOWN,2026-03-09 14:18,LONG,24922.75,24912.75,24926.00,2026-03-09 14:18,STOP_HIT,1,-10.00
FIXED_R65,2026-03-10,2026-03-09 14:25,UP,2026-03-09 15:08,SHORT,24927.25,24937.25,24924.00,2026-03-09 15:08,TARGET_HIT,1,3.25
FIXED_R65,2026-03-10,2026-03-09 14:29,DOWN,2026-03-09 15:45,LONG,24877.50,24867.50,24880.75,2026-03-09 15:45,TARGET_HIT,1,3.25
FIXED_R65,2026-03-10,2026-03-09 16:14,UP,2026-03-09 16:40,SHORT,24941.75,24951.75,24938.50,2026-03-09 16:40,TARGET_HIT,1,3.25
FIXED_R65,2026-03-10,2026-03-09 18:01,DOWN,2026-03-09 19:53,LONG,24888.50,24878.50,24891.75,2026-03-09 19:53,TARGET_HIT,1,3.25
FIXED_R65,2026-03-10,2026-03-09 19:47,UP,2026-03-09 22:28,SHORT,24953.25,24963.25,24950.00,2026-03-09 22:28,TARGET_HIT,1,3.25
FIXED_R65,2026-03-10,2026-03-10 03:04,DOWN,2026-03-10 04:35,LONG,24928.75,24918.75,24932.00,2026-03-10 04:35,TARGET_HIT,1,3.25
FIXED_R65,2026-03-10,2026-03-10 04:31,UP,2026-03-10 04:56,SHORT,24995.75,25005.75,24992.50,2026-03-10 04:56,TARGET_HIT,1,3.25
FIXED_R65,2026-03-10,2026-03-10 05:47,DOWN,2026-03-10 06:01,LONG,24929.25,24919.25,24932.50,2026-03-10 06:01,TARGET_HIT,1,3.25
FIXED_R65,2026-03-10,2026-03-10 06:16,UP,2026-03-10 06:29,SHORT,25009.00,25019.00,25005.75,2026-03-10 06:29,TARGET_HIT,1,3.25
FIXED_R65,2026-03-10,2026-03-10 10:21,UP,2026-03-10 10:32,SHORT,25085.75,25095.75,25082.50,2026-03-10 10:32,STOP_HIT,1,-10.00
FIXED_R65,2026-03-10,2026-03-10 10:37,DOWN,2026-03-10 10:52,LONG,25061.25,25051.25,25064.50,2026-03-10 10:52,TARGET_HIT,1,3.25
FIXED_R65,2026-03-11,2026-03-10 14:15,DOWN,2026-03-10 15:40,LONG,24983.00,24973.00,24986.25,2026-03-10 15:45,TARGET_HIT,6,3.25
FIXED_R65,2026-03-11,2026-03-10 14:44,UP,2026-03-10 15:51,SHORT,25020.00,25030.00,25016.75,2026-03-10 15:52,TARGET_HIT,2,3.25
FIXED_R65,2026-03-11,2026-03-10 19:58,DOWN,2026-03-10 22:01,LONG,25021.25,25011.25,25024.50,2026-03-10 22:01,TARGET_HIT,1,3.25
FIXED_R65,2026-03-11,2026-03-11 03:03,DOWN,2026-03-11 03:28,LONG,24977.00,24967.00,24980.25,2026-03-11 03:29,TARGET_HIT,2,3.25
FIXED_R65,2026-03-11,2026-03-11 04:47,UP,2026-03-11 05:31,SHORT,25084.00,25094.00,25080.75,2026-03-11 05:31,TARGET_HIT,1,3.25
FIXED_R65,2026-03-11,2026-03-11 06:34,UP,2026-03-11 07:00,SHORT,25065.75,25075.75,25062.50,2026-03-11 07:00,STOP_HIT,1,-10.00
FIXED_R65,2026-03-11,2026-03-11 09:00,DOWN,2026-03-11 09:37,LONG,24954.00,24944.00,24957.25,2026-03-11 09:37,STOP_HIT,1,-10.00
FIXED_R65,2026-03-12,2026-03-11 14:00,DOWN,2026-03-11 14:25,LONG,24873.25,24863.25,24876.50,2026-03-11 14:25,TARGET_HIT,1,3.25
FIXED_R65,2026-03-12,2026-03-11 17:43,DOWN,2026-03-11 17:55,LONG,24777.50,24767.50,24780.75,2026-03-11 17:55,TARGET_HIT,1,3.25
FIXED_R65,2026-03-12,2026-03-11 19:38,UP,2026-03-12 00:17,SHORT,24877.75,24887.75,24874.50,2026-03-12 00:17,TARGET_HIT,1,3.25
FIXED_R65,2026-03-12,2026-03-12 03:43,DOWN,2026-03-12 05:00,LONG,24834.50,24824.50,24837.75,2026-03-12 05:01,STOP_HIT,2,-10.00
FIXED_R65,2026-03-12,2026-03-12 05:32,UP,2026-03-12 05:42,SHORT,24791.25,24801.25,24788.00,2026-03-12 05:42,TARGET_HIT,1,3.25
FIXED_R65,2026-03-13,2026-03-12 14:01,UP,2026-03-12 15:06,SHORT,24609.50,24619.50,24606.25,2026-03-12 15:07,TARGET_HIT,2,3.25
FIXED_R65,2026-03-13,2026-03-12 15:05,DOWN,2026-03-12 15:46,LONG,24549.75,24539.75,24553.00,2026-03-12 15:46,TARGET_HIT,1,3.25
FIXED_R65,2026-03-13,2026-03-12 16:02,UP,2026-03-12 16:19,SHORT,24615.25,24625.25,24612.00,2026-03-12 16:19,TARGET_HIT,1,3.25
FIXED_R65,2026-03-13,2026-03-12 17:10,DOWN,2026-03-12 22:54,LONG,24492.75,24482.75,24496.00,2026-03-12 22:54,STOP_HIT,1,-10.00
FIXED_R65,2026-03-13,2026-03-13 01:39,UP,2026-03-13 02:18,SHORT,24593.50,24603.50,24590.25,2026-03-13 02:19,STOP_HIT,2,-10.00
FIXED_R65,2026-03-13,2026-03-13 06:32,DOWN,2026-03-13 06:44,LONG,24608.50,24598.50,24611.75,2026-03-13 06:44,STOP_HIT,1,-10.00
FIXED_R65,2026-03-16,2026-03-15 14:02,DOWN,2026-03-15 14:17,LONG,24509.75,24499.75,24513.00,2026-03-15 14:17,TARGET_HIT,1,3.25
FIXED_R65,2026-03-16,2026-03-15 14:16,UP,2026-03-15 14:43,SHORT,24577.75,24587.75,24574.50,2026-03-15 14:43,STOP_HIT,1,-10.00
FIXED_R65,2026-03-16,2026-03-16 01:46,UP,2026-03-16 02:21,SHORT,24756.50,24766.50,24753.25,2026-03-16 02:21,STOP_HIT,1,-10.00
FIXED_R65,2026-03-16,2026-03-16 06:50,UP,2026-03-16 07:00,SHORT,24910.25,24920.25,24907.00,2026-03-16 07:00,TARGET_HIT,1,3.25
FIXED_R65,2026-03-16,2026-03-16 08:31,UP,2026-03-16 08:49,SHORT,24883.75,24893.75,24880.50,2026-03-16 08:49,STOP_HIT,1,-10.00
FIXED_R65,2026-03-16,2026-03-16 11:10,DOWN,2026-03-16 11:54,LONG,24879.25,24869.25,24882.50,2026-03-16 11:54,STOP_HIT,1,-10.00
FIXED_R65,2026-03-17,2026-03-16 21:16,DOWN,2026-03-16 21:48,LONG,24784.50,24774.50,24787.75,2026-03-16 21:48,TARGET_HIT,1,3.25
FIXED_R65,2026-03-17,2026-03-17 00:36,UP,2026-03-17 02:17,SHORT,24809.50,24819.50,24806.25,2026-03-17 02:17,TARGET_HIT,1,3.25
FIXED_R65,2026-03-17,2026-03-17 06:44,DOWN,2026-03-17 08:09,LONG,24968.75,24958.75,24972.00,2026-03-17 08:09,TARGET_HIT,1,3.25
FIXED_R65,2026-03-17,2026-03-17 08:07,UP,2026-03-17 08:34,SHORT,25007.25,25017.25,25004.00,2026-03-17 08:34,TARGET_HIT,1,3.25
FIXED_R65,2026-03-17,2026-03-17 10:10,DOWN,2026-03-17 10:34,LONG,25000.00,24990.00,25003.25,2026-03-17 10:34,TARGET_HIT,1,3.25
FIXED_R65,2026-03-18,2026-03-17 14:48,UP,2026-03-17 17:59,SHORT,25095.50,25105.50,25092.25,2026-03-17 18:00,STOP_HIT,2,-10.00
FIXED_R65,2026-03-19,2026-03-18 14:00,DOWN,2026-03-18 14:38,LONG,24566.25,24556.25,24569.50,2026-03-18 14:38,TARGET_HIT,1,3.25
FIXED_R65,2026-03-19,2026-03-18 14:37,UP,2026-03-18 15:42,SHORT,24639.00,24649.00,24635.75,2026-03-18 15:42,TARGET_HIT,1,3.25
FIXED_R65,2026-03-19,2026-03-18 18:36,DOWN,2026-03-18 23:06,LONG,24586.00,24576.00,24589.25,2026-03-18 23:06,TARGET_HIT,1,3.25
FIXED_R65,2026-03-19,2026-03-19 01:26,UP,2026-03-19 02:36,SHORT,24605.75,24615.75,24602.50,2026-03-19 02:36,TARGET_HIT,1,3.25
FIXED_R65,2026-03-19,2026-03-19 01:51,DOWN,2026-03-19 03:03,LONG,24598.50,24588.50,24601.75,2026-03-19 03:03,STOP_HIT,1,-10.00
FIXED_R65,2026-03-19,2026-03-19 07:07,DOWN,2026-03-19 07:29,LONG,24451.75,24441.75,24455.00,2026-03-19 07:29,TARGET_HIT,1,3.25
FIXED_R65,2026-03-19,2026-03-19 10:13,DOWN,2026-03-19 10:34,LONG,24457.50,24447.50,24460.75,2026-03-19 10:34,TARGET_HIT,1,3.25
FIXED_R65,2026-03-19,2026-03-19 10:50,UP,2026-03-19 11:01,SHORT,24535.50,24545.50,24532.25,2026-03-19 11:01,STOP_HIT,1,-10.00
FIXED_R65,2026-03-20,2026-03-19 15:08,DOWN,2026-03-19 17:12,LONG,24617.50,24607.50,24620.75,2026-03-19 17:12,TARGET_HIT,1,3.25
FIXED_R65,2026-03-20,2026-03-19 16:24,UP,2026-03-19 18:28,SHORT,24623.00,24633.00,24619.75,2026-03-19 18:30,TARGET_HIT,3,3.25
FIXED_R65,2026-03-20,2026-03-19 17:46,DOWN,2026-03-19 20:20,LONG,24596.50,24586.50,24599.75,2026-03-19 20:20,TARGET_HIT,1,3.25
FIXED_R65,2026-03-23,2026-03-22 14:00,UP,2026-03-22 14:10,SHORT,24005.00,24015.00,24001.75,2026-03-22 14:10,TARGET_HIT,1,3.25
FIXED_R65,2026-03-23,2026-03-22 16:05,UP,2026-03-22 16:15,SHORT,24056.25,24066.25,24053.00,2026-03-22 16:15,TARGET_HIT,1,3.25
FIXED_R65,2026-03-23,2026-03-22 16:23,DOWN,2026-03-22 16:38,LONG,23974.00,23964.00,23977.25,2026-03-22 16:38,TARGET_HIT,1,3.25
FIXED_R65,2026-03-23,2026-03-22 17:01,UP,2026-03-22 17:38,SHORT,24054.75,24064.75,24051.50,2026-03-22 17:38,STOP_HIT,1,-10.00
FIXED_R65,2026-03-23,2026-03-22 17:38,DOWN,2026-03-22 20:17,LONG,23980.00,23970.00,23983.25,2026-03-22 20:17,TARGET_HIT,1,3.25
FIXED_R65,2026-03-23,2026-03-22 21:07,DOWN,2026-03-22 21:31,LONG,23963.25,23953.25,23966.50,2026-03-22 21:31,TARGET_HIT,1,3.25
FIXED_R65,2026-03-23,2026-03-23 09:47,UP,2026-03-23 10:06,SHORT,24480.25,24490.25,24477.00,2026-03-23 10:06,TARGET_HIT,1,3.25
FIXED_R65,2026-03-23,2026-03-23 10:04,DOWN,2026-03-23 10:14,LONG,24465.25,24455.25,24468.50,2026-03-23 10:14,STOP_HIT,1,-10.00
FIXED_R65,2026-03-23,2026-03-23 10:07,UP,2026-03-23 10:34,SHORT,24494.00,24504.00,24490.75,2026-03-23 10:34,STOP_HIT,1,-10.00
FIXED_R65,2026-03-24,2026-03-23 14:06,UP,2026-03-23 14:37,SHORT,24435.25,24445.25,24432.00,2026-03-23 14:45,STOP_HIT,9,-10.00
FIXED_R65,2026-03-24,2026-03-23 14:58,DOWN,2026-03-23 16:19,LONG,24323.00,24313.00,24326.25,2026-03-23 16:19,TARGET_HIT,1,3.25
FIXED_R65,2026-03-24,2026-03-23 21:28,UP,2026-03-23 22:50,SHORT,24362.25,24372.25,24359.00,2026-03-23 22:50,TARGET_HIT,1,3.25
FIXED_R65,2026-03-24,2026-03-24 01:14,UP,2026-03-24 01:50,SHORT,24382.25,24392.25,24379.00,2026-03-24 01:50,TARGET_HIT,1,3.25
FIXED_R65,2026-03-24,2026-03-24 08:06,UP,2026-03-24 08:18,SHORT,24334.50,24344.50,24331.25,2026-03-24 08:18,TARGET_HIT,1,3.25
FIXED_R65,2026-03-24,2026-03-24 08:22,DOWN,2026-03-24 08:44,LONG,24281.50,24271.50,24284.75,2026-03-24 08:44,TARGET_HIT,1,3.25
FIXED_R65,2026-03-24,2026-03-24 08:40,UP,2026-03-24 08:50,SHORT,24290.25,24300.25,24287.00,2026-03-24 08:50,STOP_HIT,1,-10.00
FIXED_R65,2026-03-24,2026-03-24 08:46,DOWN,2026-03-24 09:04,LONG,24239.50,24229.50,24242.75,2026-03-24 09:04,STOP_HIT,1,-10.00
FIXED_R65,2026-03-24,2026-03-24 10:18,UP,2026-03-24 10:40,SHORT,24344.25,24354.25,24341.00,2026-03-24 10:40,TARGET_HIT,1,3.25
FIXED_R65,2026-03-24,2026-03-24 10:39,DOWN,2026-03-24 11:55,LONG,24204.25,24194.25,24207.50,2026-03-24 11:55,TARGET_HIT,1,3.25
FIXED_R65,2026-03-25,2026-03-24 14:07,DOWN,2026-03-24 14:43,LONG,24410.00,24400.00,24413.25,2026-03-24 14:43,TARGET_HIT,1,3.25
FIXED_R65,2026-03-25,2026-03-24 14:25,UP,2026-03-24 16:12,SHORT,24438.25,24448.25,24435.00,2026-03-24 16:12,TARGET_HIT,1,3.25
FIXED_R65,2026-03-25,2026-03-24 16:39,DOWN,2026-03-24 18:41,LONG,24364.25,24354.25,24367.50,2026-03-24 18:42,TARGET_HIT,2,3.25
FIXED_R65,2026-03-25,2026-03-24 21:08,DOWN,2026-03-24 22:05,LONG,24366.25,24356.25,24369.50,2026-03-24 22:07,TARGET_HIT,3,3.25
FIXED_R65,2026-03-25,2026-03-24 22:35,UP,2026-03-25 00:21,SHORT,24526.25,24536.25,24523.00,2026-03-25 00:22,TARGET_HIT,2,3.25
FIXED_R65,2026-03-25,2026-03-25 04:32,UP,2026-03-25 04:55,SHORT,24451.50,24461.50,24448.25,2026-03-25 04:55,STOP_HIT,1,-10.00
FIXED_R65,2026-03-25,2026-03-25 05:38,DOWN,2026-03-25 05:53,LONG,24385.25,24375.25,24388.50,2026-03-25 05:53,TARGET_HIT,1,3.25
FIXED_R65,2026-03-25,2026-03-25 06:00,UP,2026-03-25 06:28,SHORT,24495.00,24505.00,24491.75,2026-03-25 06:28,TARGET_HIT,1,3.25
FIXED_R65,2026-03-25,2026-03-25 06:52,DOWN,2026-03-25 07:15,LONG,24386.50,24376.50,24389.75,2026-03-25 07:15,TARGET_HIT,1,3.25
FIXED_R65,2026-03-25,2026-03-25 08:34,DOWN,2026-03-25 09:06,LONG,24388.25,24378.25,24391.50,2026-03-25 09:06,TARGET_HIT,1,3.25
FIXED_R65,2026-03-25,2026-03-25 09:10,UP,2026-03-25 09:42,SHORT,24455.25,24465.25,24452.00,2026-03-25 09:42,TARGET_HIT,1,3.25
FIXED_R65,2026-03-25,2026-03-25 09:43,DOWN,2026-03-25 10:00,LONG,24426.00,24416.00,24429.25,2026-03-25 10:00,TARGET_HIT,1,3.25
FIXED_R65,2026-03-26,2026-03-25 14:00,DOWN,2026-03-25 15:00,LONG,24314.75,24304.75,24318.00,2026-03-25 15:00,TARGET_HIT,1,3.25
FIXED_R65,2026-03-26,2026-03-25 15:45,UP,2026-03-25 16:16,SHORT,24358.75,24368.75,24355.50,2026-03-25 16:16,STOP_HIT,1,-10.00
FIXED_R65,2026-03-26,2026-03-25 18:37,UP,2026-03-25 19:52,SHORT,24378.00,24388.00,24374.75,2026-03-25 20:01,TARGET_HIT,10,3.25
FIXED_R65,2026-03-26,2026-03-25 19:40,DOWN,2026-03-25 21:36,LONG,24291.25,24281.25,24294.50,2026-03-25 21:37,STOP_HIT,2,-10.00
FIXED_R65,2026-03-26,2026-03-26 05:39,UP,2026-03-26 05:57,SHORT,24213.25,24223.25,24210.00,2026-03-26 05:57,TARGET_HIT,1,3.25
FIXED_R65,2026-03-26,2026-03-26 06:07,DOWN,2026-03-26 06:38,LONG,24165.75,24155.75,24169.00,2026-03-26 06:38,TARGET_HIT,1,3.25
FIXED_R65,2026-03-27,2026-03-26 14:00,UP,2026-03-26 14:42,SHORT,23883.50,23893.50,23880.25,2026-03-26 14:42,TARGET_HIT,1,3.25
FIXED_R65,2026-03-27,2026-03-26 16:10,DOWN,2026-03-26 16:23,LONG,23831.00,23821.00,23834.25,2026-03-26 16:23,TARGET_HIT,1,3.25
FIXED_R65,2026-03-27,2026-03-26 17:01,UP,2026-03-26 17:59,SHORT,23864.50,23874.50,23861.25,2026-03-26 18:00,STOP_HIT,2,-10.00
FIXED_R65,2026-03-27,2026-03-26 21:15,DOWN,2026-03-27 00:47,LONG,23789.25,23779.25,23792.50,2026-03-27 00:47,TARGET_HIT,1,3.25
FIXED_R65,2026-03-30,2026-03-29 14:00,DOWN,2026-03-29 14:10,LONG,23164.25,23154.25,23167.50,2026-03-29 14:10,TARGET_HIT,1,3.25
FIXED_R65,2026-03-30,2026-03-29 14:06,UP,2026-03-29 14:22,SHORT,23225.00,23235.00,23221.75,2026-03-29 14:22,STOP_HIT,1,-10.00
FIXED_R65,2026-03-30,2026-03-29 14:45,UP,2026-03-29 15:04,SHORT,23216.25,23226.25,23213.00,2026-03-29 15:04,TARGET_HIT,1,3.25
FIXED_R65,2026-03-30,2026-03-29 16:27,DOWN,2026-03-29 16:53,LONG,23142.50,23132.50,23145.75,2026-03-29 16:53,TARGET_HIT,1,3.25
FIXED_R65,2026-03-30,2026-03-29 16:55,UP,2026-03-29 18:08,SHORT,23226.75,23236.75,23223.50,2026-03-29 18:08,TARGET_HIT,1,3.25
FIXED_R65,2026-03-30,2026-03-30 05:32,DOWN,2026-03-30 06:01,LONG,23322.25,23312.25,23325.50,2026-03-30 06:01,STOP_HIT,1,-10.00
FIXED_R65,2026-03-30,2026-03-30 07:05,DOWN,2026-03-30 07:15,LONG,23317.75,23307.75,23321.00,2026-03-30 07:15,STOP_HIT,1,-10.00
FIXED_R65,2026-03-30,2026-03-30 07:16,UP,2026-03-30 07:40,SHORT,23373.00,23383.00,23369.75,2026-03-30 07:40,TARGET_HIT,1,3.25
FIXED_R65,2026-03-30,2026-03-30 07:52,DOWN,2026-03-30 08:13,LONG,23345.50,23335.50,23348.75,2026-03-30 08:13,STOP_HIT,1,-10.00
FIXED_R65,2026-03-31,2026-03-30 14:05,DOWN,2026-03-30 15:01,LONG,23077.75,23067.75,23081.00,2026-03-30 15:01,TARGET_HIT,1,3.25
FIXED_R65,2026-03-31,2026-03-30 23:19,UP,2026-03-30 23:37,SHORT,23301.25,23311.25,23298.00,2026-03-30 23:38,STOP_HIT,2,-10.00
FIXED_R65,2026-03-31,2026-03-31 02:43,UP,2026-03-31 03:12,SHORT,23306.50,23316.50,23303.25,2026-03-31 03:12,STOP_HIT,1,-10.00
FIXED_R65,2026-04-01,2026-03-31 14:00,UP,2026-03-31 14:10,SHORT,23915.50,23925.50,23912.25,2026-03-31 14:10,TARGET_HIT,1,3.25
FIXED_R65,2026-04-01,2026-03-31 18:36,UP,2026-03-31 20:54,SHORT,24021.00,24031.00,24017.75,2026-03-31 20:54,TARGET_HIT,1,3.25
FIXED_R65,2026-04-01,2026-04-01 01:23,UP,2026-04-01 01:49,SHORT,24069.00,24079.00,24065.75,2026-04-01 01:50,STOP_HIT,2,-10.00
FIXED_R65,2026-04-01,2026-04-01 04:46,DOWN,2026-04-01 05:00,LONG,24061.00,24051.00,24064.25,2026-04-01 05:00,STOP_HIT,1,-10.00
FIXED_R65,2026-04-01,2026-04-01 05:07,UP,2026-04-01 05:28,SHORT,24099.25,24109.25,24096.00,2026-04-01 05:28,TARGET_HIT,1,3.25
FIXED_R65,2026-04-01,2026-04-01 10:36,UP,2026-04-01 10:47,SHORT,24160.25,24170.25,24157.00,2026-04-01 10:47,STOP_HIT,1,-10.00
FIXED_R65,2026-04-02,2026-04-01 16:31,UP,2026-04-01 16:44,SHORT,24218.50,24228.50,24215.25,2026-04-01 16:44,STOP_HIT,1,-10.00
FIXED_R65,2026-04-06,2026-04-05 14:00,DOWN,2026-04-05 14:10,LONG,24003.25,23993.25,24006.50,2026-04-05 14:10,STOP_HIT,1,-10.00
FIXED_R65,2026-04-06,2026-04-05 14:11,UP,2026-04-05 14:24,SHORT,24047.50,24057.50,24044.25,2026-04-05 14:24,STOP_HIT,1,-10.00
FIXED_R65,2026-04-06,2026-04-06 06:49,UP,2026-04-06 07:02,SHORT,24329.25,24339.25,24326.00,2026-04-06 07:02,TARGET_HIT,1,3.25
FIXED_R65,2026-04-06,2026-04-06 07:02,DOWN,2026-04-06 07:26,LONG,24278.25,24268.25,24281.50,2026-04-06 07:26,TARGET_HIT,1,3.25
FIXED_R65,2026-04-06,2026-04-06 07:33,UP,2026-04-06 08:03,SHORT,24307.75,24317.75,24304.50,2026-04-06 08:04,TARGET_HIT,2,3.25
FIXED_R65,2026-04-06,2026-04-06 08:38,DOWN,2026-04-06 09:11,LONG,24265.00,24255.00,24268.25,2026-04-06 09:11,TARGET_HIT,1,3.25
FIXED_R65,2026-04-06,2026-04-06 10:04,UP,2026-04-06 10:17,SHORT,24315.25,24325.25,24312.00,2026-04-06 10:17,TARGET_HIT,1,3.25
FIXED_R65,2026-04-07,2026-04-06 14:06,DOWN,2026-04-06 14:24,LONG,24316.00,24306.00,24319.25,2026-04-06 14:24,STOP_HIT,1,-10.00
FIXED_R65,2026-04-07,2026-04-06 16:06,UP,2026-04-06 16:18,SHORT,24348.75,24358.75,24345.50,2026-04-06 16:18,TARGET_HIT,1,3.25
FIXED_R65,2026-04-07,2026-04-06 16:17,DOWN,2026-04-06 16:46,LONG,24308.50,24298.50,24311.75,2026-04-06 16:47,TARGET_HIT,2,3.25
FIXED_R65,2026-04-07,2026-04-07 02:16,DOWN,2026-04-07 02:59,LONG,24202.50,24192.50,24205.75,2026-04-07 02:59,TARGET_HIT,1,3.25
FIXED_R65,2026-04-07,2026-04-07 05:14,UP,2026-04-07 05:31,SHORT,24251.25,24261.25,24248.00,2026-04-07 05:31,TARGET_HIT,1,3.25
FIXED_R65,2026-04-07,2026-04-07 08:03,DOWN,2026-04-07 08:14,LONG,24160.00,24150.00,24163.25,2026-04-07 08:14,TARGET_HIT,1,3.25
FIXED_R65,2026-04-07,2026-04-07 08:10,UP,2026-04-07 08:24,SHORT,24185.00,24195.00,24181.75,2026-04-07 08:24,STOP_HIT,1,-10.00
FIXED_R65,2026-04-07,2026-04-07 09:36,DOWN,2026-04-07 11:09,LONG,24106.25,24096.25,24109.50,2026-04-07 11:10,TARGET_HIT,2,3.25
FIXED_R65,2026-04-08,2026-04-07 14:00,UP,2026-04-07 14:10,SHORT,24615.75,24625.75,24612.50,2026-04-07 14:10,TARGET_HIT,1,3.25
FIXED_R65,2026-04-08,2026-04-08 07:10,UP,2026-04-08 09:09,SHORT,25126.50,25136.50,25123.25,2026-04-08 09:09,TARGET_HIT,1,3.25
FIXED_R65,2026-04-08,2026-04-08 09:37,UP,2026-04-08 10:09,SHORT,25126.50,25136.50,25123.25,2026-04-08 10:11,TARGET_HIT,3,3.25
FIXED_R65,2026-04-09,2026-04-08 14:09,DOWN,2026-04-08 16:05,LONG,25002.75,24992.75,25006.00,2026-04-08 16:05,TARGET_HIT,1,3.25
FIXED_R65,2026-04-09,2026-04-08 17:23,UP,2026-04-08 18:51,SHORT,25043.25,25053.25,25040.00,2026-04-08 18:55,TARGET_HIT,5,3.25
FIXED_R65,2026-04-09,2026-04-08 22:03,DOWN,2026-04-08 23:35,LONG,24994.50,24984.50,24997.75,2026-04-08 23:36,TARGET_HIT,2,3.25
FIXED_R65,2026-04-09,2026-04-09 00:15,UP,2026-04-09 04:53,SHORT,25031.00,25041.00,25027.75,2026-04-09 04:53,TARGET_HIT,1,3.25
FIXED_R65,2026-04-09,2026-04-09 05:45,DOWN,2026-04-09 06:01,LONG,25019.50,25009.50,25022.75,2026-04-09 06:01,STOP_HIT,1,-10.00
FIXED_R65,2026-04-09,2026-04-09 06:36,UP,2026-04-09 07:03,SHORT,25035.50,25045.50,25032.25,2026-04-09 07:03,TARGET_HIT,1,3.25
FIXED_R65,2026-04-10,2026-04-09 15:03,UP,2026-04-09 16:59,SHORT,25258.50,25268.50,25255.25,2026-04-09 16:59,STOP_HIT,1,-10.00
FIXED_R65,2026-04-10,2026-04-09 19:39,DOWN,2026-04-09 23:17,LONG,25231.75,25221.75,25235.00,2026-04-09 23:18,TARGET_HIT,2,3.25
FIXED_R65,2026-04-10,2026-04-10 00:18,UP,2026-04-10 02:29,SHORT,25272.50,25282.50,25269.25,2026-04-10 02:30,TARGET_HIT,2,3.25
FIXED_R65,2026-04-10,2026-04-10 07:24,DOWN,2026-04-10 07:53,LONG,25294.00,25284.00,25297.25,2026-04-10 07:53,STOP_HIT,1,-10.00
FIXED_R65,2026-04-13,2026-04-12 14:00,UP,2026-04-12 14:10,SHORT,24992.00,25002.00,24988.75,2026-04-12 14:10,STOP_HIT,1,-10.00
FIXED_R65,2026-04-13,2026-04-12 14:12,DOWN,2026-04-12 14:29,LONG,24961.75,24951.75,24965.00,2026-04-12 14:29,STOP_HIT,1,-10.00
FIXED_R65,2026-04-13,2026-04-12 15:49,UP,2026-04-12 16:04,SHORT,24957.50,24967.50,24954.25,2026-04-12 16:04,TARGET_HIT,1,3.25
FIXED_R65,2026-04-14,2026-04-13 16:06,UP,2026-04-13 23:07,SHORT,25611.00,25621.00,25607.75,2026-04-13 23:07,STOP_HIT,1,-10.00
FIXED_R65,2026-04-15,2026-04-14 14:00,UP,2026-04-14 17:49,SHORT,26041.75,26051.75,26038.50,2026-04-14 17:49,TARGET_HIT,1,3.25
FIXED_R65,2026-04-15,2026-04-14 21:00,DOWN,2026-04-14 21:23,LONG,25995.00,25985.00,25998.25,2026-04-14 21:23,STOP_HIT,1,-10.00
FIXED_R65,2026-04-15,2026-04-15 03:46,DOWN,2026-04-15 03:56,LONG,25997.75,25987.75,26001.00,2026-04-15 03:56,TARGET_HIT,1,3.25
FIXED_R65,2026-04-15,2026-04-15 04:16,UP,2026-04-15 05:29,SHORT,26022.50,26032.50,26019.25,2026-04-15 05:29,TARGET_HIT,1,3.25
FIXED_R65,2026-04-16,2026-04-15 14:00,UP,2026-04-15 15:49,SHORT,26407.75,26417.75,26404.50,2026-04-15 16:00,TARGET_HIT,12,3.25
FIXED_R65,2026-04-16,2026-04-15 23:40,DOWN,2026-04-16 00:29,LONG,26427.00,26417.00,26430.25,2026-04-16 00:35,STOP_HIT,7,-10.00
FIXED_R65,2026-04-16,2026-04-16 06:23,UP,2026-04-16 07:04,SHORT,26438.00,26448.00,26434.75,2026-04-16 07:05,TARGET_HIT,2,3.25
FIXED_R65,2026-04-16,2026-04-16 10:28,UP,2026-04-16 10:53,SHORT,26436.00,26446.00,26432.75,2026-04-16 10:54,TARGET_HIT,2,3.25
FIXED_R65,2026-04-17,2026-04-16 21:03,UP,2026-04-17 00:42,SHORT,26507.25,26517.25,26504.00,2026-04-17 00:50,STOP_HIT,9,-10.00
FIXED_R65,2026-04-20,2026-04-19 21:44,UP,2026-04-19 22:57,SHORT,26690.75,26700.75,26687.50,2026-04-19 22:57,STOP_HIT,1,-10.00
FIXED_R65,2026-04-20,2026-04-19 23:22,DOWN,2026-04-20 00:15,LONG,26647.50,26637.50,26650.75,2026-04-20 00:15,TARGET_HIT,1,3.25
FIXED_R65,2026-04-20,2026-04-20 00:07,UP,2026-04-20 00:51,SHORT,26684.75,26694.75,26681.50,2026-04-20 00:51,TARGET_HIT,1,3.25
FIXED_R65,2026-04-20,2026-04-20 07:51,UP,2026-04-20 10:07,SHORT,26722.75,26732.75,26719.50,2026-04-20 10:07,TARGET_HIT,1,3.25
FIXED_R65,2026-04-21,2026-04-20 14:00,UP,2026-04-20 16:48,SHORT,26823.25,26833.25,26820.00,2026-04-20 16:49,TARGET_HIT,2,3.25
FIXED_R65,2026-04-21,2026-04-21 03:40,DOWN,2026-04-21 05:31,LONG,26772.00,26762.00,26775.25,2026-04-21 05:31,STOP_HIT,1,-10.00
FIXED_R65,2026-04-21,2026-04-21 05:35,UP,2026-04-21 06:23,SHORT,26845.50,26855.50,26842.25,2026-04-21 06:23,TARGET_HIT,1,3.25
FIXED_R65,2026-04-21,2026-04-21 06:17,DOWN,2026-04-21 07:01,LONG,26719.00,26709.00,26722.25,2026-04-21 07:01,STOP_HIT,1,-10.00
FIXED_R65,2026-04-21,2026-04-21 10:50,UP,2026-04-21 11:36,SHORT,26745.00,26755.00,26741.75,2026-04-21 11:36,TARGET_HIT,1,3.25
FIXED_R65,2026-04-21,2026-04-21 11:31,DOWN,2026-04-21 11:41,LONG,26713.75,26703.75,26717.00,2026-04-21 11:41,STOP_HIT,1,-10.00
FIXED_R65,2026-04-21,2026-04-21 12:12,DOWN,2026-04-21 12:50,LONG,26723.75,26713.75,26727.00,2026-04-21 12:50,TARGET_HIT,1,3.25
FIXED_R65,2026-04-22,2026-04-21 14:00,UP,2026-04-21 16:10,SHORT,26791.50,26801.50,26788.25,2026-04-21 16:11,STOP_HIT,2,-10.00
FIXED_R65,2026-04-22,2026-04-21 23:44,DOWN,2026-04-22 00:46,LONG,26801.25,26791.25,26804.50,2026-04-22 00:46,TARGET_HIT,1,3.25
FIXED_R65,2026-04-22,2026-04-22 00:40,UP,2026-04-22 01:01,SHORT,26827.25,26837.25,26824.00,2026-04-22 01:01,STOP_HIT,1,-10.00
FIXED_R65,2026-04-22,2026-04-22 05:33,UP,2026-04-22 05:49,SHORT,26838.75,26848.75,26835.50,2026-04-22 05:49,TARGET_HIT,1,3.25
FIXED_R65,2026-04-23,2026-04-22 15:24,DOWN,2026-04-22 16:11,LONG,27020.00,27010.00,27023.25,2026-04-22 16:11,TARGET_HIT,1,3.25
FIXED_R65,2026-04-23,2026-04-22 16:19,UP,2026-04-22 16:29,SHORT,27041.50,27051.50,27038.25,2026-04-22 16:29,STOP_HIT,1,-10.00
FIXED_R65,2026-04-23,2026-04-22 16:30,DOWN,2026-04-22 18:38,LONG,26959.50,26949.50,26962.75,2026-04-22 18:38,STOP_HIT,1,-10.00
FIXED_R65,2026-04-23,2026-04-23 01:08,UP,2026-04-23 04:07,SHORT,27054.75,27064.75,27051.50,2026-04-23 04:07,STOP_HIT,1,-10.00
FIXED_R65,2026-04-23,2026-04-23 06:02,UP,2026-04-23 06:32,SHORT,27037.75,27047.75,27034.50,2026-04-23 06:32,STOP_HIT,1,-10.00
FIXED_R65,2026-04-23,2026-04-23 08:36,DOWN,2026-04-23 09:11,LONG,26959.75,26949.75,26963.00,2026-04-23 09:11,STOP_HIT,1,-10.00
FIXED_R65,2026-04-24,2026-04-23 14:00,UP,2026-04-23 15:31,SHORT,27056.75,27066.75,27053.50,2026-04-23 15:34,STOP_HIT,4,-10.00
FIXED_R65,2026-04-24,2026-04-23 20:25,UP,2026-04-23 22:45,SHORT,27080.75,27090.75,27077.50,2026-04-23 22:45,TARGET_HIT,1,3.25
FIXED_R65,2026-04-24,2026-04-24 05:42,DOWN,2026-04-24 05:57,LONG,27155.00,27145.00,27158.25,2026-04-24 05:57,TARGET_HIT,1,3.25
FIXED_R65,2026-04-24,2026-04-24 06:32,UP,2026-04-24 06:42,SHORT,27236.75,27246.75,27233.50,2026-04-24 06:42,TARGET_HIT,1,3.25
FIXED_R65,2026-04-27,2026-04-26 14:00,DOWN,2026-04-26 14:10,LONG,27357.25,27347.25,27360.50,2026-04-26 14:10,STOP_HIT,1,-10.00
FIXED_R65,2026-04-27,2026-04-26 14:06,UP,2026-04-26 16:15,SHORT,27408.50,27418.50,27405.25,2026-04-26 16:15,TARGET_HIT,1,3.25
FIXED_R65,2026-04-27,2026-04-27 00:15,UP,2026-04-27 01:18,SHORT,27454.00,27464.00,27450.75,2026-04-27 01:18,TARGET_HIT,1,3.25
FIXED_R65,2026-04-27,2026-04-27 03:32,DOWN,2026-04-27 04:38,LONG,27398.00,27388.00,27401.25,2026-04-27 04:38,TARGET_HIT,1,3.25
FIXED_R65,2026-04-27,2026-04-27 07:22,UP,2026-04-27 09:24,SHORT,27403.50,27413.50,27400.25,2026-04-27 09:24,TARGET_HIT,1,3.25
FIXED_R65,2026-04-28,2026-04-27 14:00,UP,2026-04-27 14:10,SHORT,27473.25,27483.25,27470.00,2026-04-27 14:14,STOP_HIT,5,-10.00
FIXED_R65,2026-04-28,2026-04-27 16:11,DOWN,2026-04-28 02:10,LONG,27268.75,27258.75,27272.00,2026-04-28 02:11,TARGET_HIT,2,3.25
FIXED_R65,2026-04-28,2026-04-28 05:31,UP,2026-04-28 05:42,SHORT,27205.25,27215.25,27202.00,2026-04-28 05:42,STOP_HIT,1,-10.00
FIXED_R65,2026-04-28,2026-04-28 06:07,DOWN,2026-04-28 06:31,LONG,27174.00,27164.00,27177.25,2026-04-28 06:31,STOP_HIT,1,-10.00
FIXED_R65,2026-04-29,2026-04-28 14:00,UP,2026-04-28 16:01,SHORT,27251.50,27261.50,27248.25,2026-04-28 16:03,STOP_HIT,3,-10.00
FIXED_R65,2026-04-29,2026-04-28 16:25,DOWN,2026-04-28 17:18,LONG,27219.50,27209.50,27222.75,2026-04-28 17:19,TARGET_HIT,2,3.25
FIXED_R65,2026-04-29,2026-04-28 17:08,UP,2026-04-28 18:06,SHORT,27247.75,27257.75,27244.50,2026-04-28 18:06,STOP_HIT,1,-10.00
FIXED_R65,2026-04-29,2026-04-28 22:01,DOWN,2026-04-28 23:46,LONG,27228.00,27218.00,27231.25,2026-04-28 23:46,STOP_HIT,1,-10.00
FIXED_R65,2026-04-29,2026-04-29 00:16,UP,2026-04-29 03:36,SHORT,27274.75,27284.75,27271.50,2026-04-29 03:37,STOP_HIT,2,-10.00
FIXED_R65,2026-04-29,2026-04-29 02:30,DOWN,2026-04-29 04:21,LONG,27241.75,27231.75,27245.00,2026-04-29 04:21,TARGET_HIT,1,3.25
FIXED_R65,2026-04-29,2026-04-29 07:47,DOWN,2026-04-29 07:57,LONG,27219.75,27209.75,27223.00,2026-04-29 07:57,TARGET_HIT,1,3.25
FIXED_R65,2026-04-29,2026-04-29 08:11,DOWN,2026-04-29 08:21,LONG,27218.25,27208.25,27221.50,2026-04-29 08:21,TARGET_HIT,1,3.25
FIXED_R65,2026-04-29,2026-04-29 10:45,UP,2026-04-29 10:55,SHORT,27254.00,27264.00,27250.75,2026-04-29 10:55,STOP_HIT,1,-10.00
FIXED_R65,2026-04-29,2026-04-29 12:18,UP,2026-04-29 12:42,SHORT,27274.50,27284.50,27271.25,2026-04-29 12:42,TARGET_HIT,1,3.25
FIXED_R65,2026-04-30,2026-04-29 14:00,UP,2026-04-29 14:10,SHORT,27382.00,27392.00,27378.75,2026-04-29 14:10,TARGET_HIT,1,3.25
FIXED_R65,2026-04-30,2026-04-30 01:20,UP,2026-04-30 01:32,SHORT,27417.25,27427.25,27414.00,2026-04-30 01:32,TARGET_HIT,1,3.25
FIXED_R65,2026-04-30,2026-04-30 01:31,DOWN,2026-04-30 01:46,LONG,27380.50,27370.50,27383.75,2026-04-30 01:46,TARGET_HIT,1,3.25
FIXED_R65,2026-04-30,2026-04-30 01:57,UP,2026-04-30 02:28,SHORT,27418.50,27428.50,27415.25,2026-04-30 02:28,TARGET_HIT,1,3.25
FIXED_R65,2026-04-30,2026-04-30 02:30,DOWN,2026-04-30 02:51,LONG,27370.50,27360.50,27373.75,2026-04-30 02:52,STOP_HIT,2,-10.00
FIXED_R65,2026-04-30,2026-04-30 02:52,UP,2026-04-30 03:16,SHORT,27421.50,27431.50,27418.25,2026-04-30 03:17,STOP_HIT,2,-10.00
FIXED_R65,2026-04-30,2026-04-30 05:04,DOWN,2026-04-30 05:36,LONG,27333.50,27323.50,27336.75,2026-04-30 05:36,TARGET_HIT,1,3.25
FIXED_R65,2026-04-30,2026-04-30 06:39,UP,2026-04-30 07:10,SHORT,27403.50,27413.50,27400.25,2026-04-30 07:10,TARGET_HIT,1,3.25
FIXED_R65,2026-05-01,2026-04-30 14:08,DOWN,2026-04-30 14:54,LONG,27576.00,27566.00,27579.25,2026-04-30 14:54,TARGET_HIT,1,3.25
FIXED_R65,2026-05-01,2026-04-30 14:57,UP,2026-04-30 16:43,SHORT,27625.50,27635.50,27622.25,2026-04-30 16:43,TARGET_HIT,1,3.25
FIXED_R65,2026-05-01,2026-04-30 19:31,DOWN,2026-04-30 22:27,LONG,27611.75,27601.75,27615.00,2026-04-30 22:27,TARGET_HIT,1,3.25
FIXED_R65,2026-05-01,2026-05-01 02:40,UP,2026-05-01 05:32,SHORT,27693.75,27703.75,27690.50,2026-05-01 05:32,STOP_HIT,1,-10.00
FIXED_R65,2026-05-01,2026-05-01 10:46,UP,2026-05-01 11:12,SHORT,27860.00,27870.00,27856.75,2026-05-01 11:13,STOP_HIT,2,-10.00
FIXED_R65,2026-05-04,2026-05-03 14:00,DOWN,2026-05-03 14:10,LONG,27869.00,27859.00,27872.25,2026-05-03 14:11,TARGET_HIT,2,3.25
FIXED_R65,2026-05-04,2026-05-03 16:01,UP,2026-05-03 16:15,SHORT,27854.75,27864.75,27851.50,2026-05-03 16:15,STOP_HIT,1,-10.00
FIXED_R65,2026-05-04,2026-05-03 23:46,DOWN,2026-05-04 00:16,LONG,27887.25,27877.25,27890.50,2026-05-04 00:17,STOP_HIT,2,-10.00
FIXED_R65,2026-05-04,2026-05-04 03:39,UP,2026-05-04 04:55,SHORT,27858.00,27868.00,27854.75,2026-05-04 04:56,TARGET_HIT,2,3.25
FIXED_R65,2026-05-04,2026-05-04 04:18,DOWN,2026-05-04 05:01,LONG,27818.50,27808.50,27821.75,2026-05-04 05:01,STOP_HIT,1,-10.00
FIXED_R65,2026-05-04,2026-05-04 05:10,DOWN,2026-05-04 05:32,LONG,27832.50,27822.50,27835.75,2026-05-04 05:32,STOP_HIT,1,-10.00
FIXED_R65,2026-05-04,2026-05-04 05:35,UP,2026-05-04 05:46,SHORT,27878.00,27888.00,27874.75,2026-05-04 05:46,STOP_HIT,1,-10.00
FIXED_R65,2026-05-04,2026-05-04 07:02,DOWN,2026-05-04 07:17,LONG,27859.25,27849.25,27862.50,2026-05-04 07:17,STOP_HIT,1,-10.00
FIXED_R65,2026-05-05,2026-05-04 15:51,UP,2026-05-04 17:13,SHORT,27797.75,27807.75,27794.50,2026-05-04 17:15,STOP_HIT,3,-10.00
FIXED_R65,2026-05-06,2026-05-05 14:55,DOWN,2026-05-05 18:01,LONG,28290.75,28280.75,28294.00,2026-05-05 18:02,TARGET_HIT,2,3.25
FIXED_R65,2026-05-06,2026-05-06 05:30,UP,2026-05-06 05:40,SHORT,28429.50,28439.50,28426.25,2026-05-06 05:40,STOP_HIT,1,-10.00
FIXED_R65,2026-05-06,2026-05-06 06:12,DOWN,2026-05-06 06:23,LONG,28419.75,28409.75,28423.00,2026-05-06 06:23,STOP_HIT,1,-10.00
FIXED_R65,2026-05-06,2026-05-06 06:19,UP,2026-05-06 06:34,SHORT,28467.50,28477.50,28464.25,2026-05-06 06:34,STOP_HIT,1,-10.00
FIXED_R65,2026-05-07,2026-05-06 14:02,DOWN,2026-05-06 16:44,LONG,28644.75,28634.75,28648.00,2026-05-06 16:44,TARGET_HIT,1,3.25
FIXED_R65,2026-05-07,2026-05-06 16:43,UP,2026-05-06 17:50,SHORT,28706.50,28716.50,28703.25,2026-05-06 17:53,TARGET_HIT,4,3.25
FIXED_R65,2026-05-07,2026-05-07 05:40,DOWN,2026-05-07 05:50,LONG,28732.50,28722.50,28735.75,2026-05-07 05:50,TARGET_HIT,1,3.25
FIXED_R65,2026-05-07,2026-05-07 05:46,UP,2026-05-07 05:56,SHORT,28789.50,28799.50,28786.25,2026-05-07 05:56,STOP_HIT,1,-10.00
FIXED_R65,2026-05-07,2026-05-07 07:37,DOWN,2026-05-07 08:13,LONG,28692.25,28682.25,28695.50,2026-05-07 08:13,TARGET_HIT,1,3.25
FIXED_R65,2026-05-07,2026-05-07 12:02,UP,2026-05-07 12:12,SHORT,28706.75,28716.75,28703.50,2026-05-07 12:13,TARGET_HIT,2,3.25
FIXED_R65,2026-05-07,2026-05-07 12:04,DOWN,2026-05-07 12:14,LONG,28702.75,28692.75,28706.00,2026-05-07 12:14,TARGET_HIT,1,3.25
FIXED_R65,2026-05-08,2026-05-07 14:00,UP,2026-05-07 14:10,SHORT,28609.25,28619.25,28606.00,2026-05-07 14:10,TARGET_HIT,1,3.25
FIXED_R65,2026-05-11,2026-05-10 14:00,DOWN,2026-05-10 14:10,LONG,29281.75,29271.75,29285.00,2026-05-10 14:10,TARGET_HIT,1,3.25
FIXED_R65,2026-05-11,2026-05-10 14:17,UP,2026-05-10 14:59,SHORT,29293.25,29303.25,29290.00,2026-05-10 15:02,STOP_HIT,4,-10.00
FIXED_R65,2026-05-11,2026-05-10 17:05,UP,2026-05-10 17:24,SHORT,29330.25,29340.25,29327.00,2026-05-10 17:25,TARGET_HIT,2,3.25
FIXED_R65,2026-05-11,2026-05-10 18:30,DOWN,2026-05-10 20:26,LONG,29333.75,29323.75,29337.00,2026-05-10 20:37,TARGET_HIT,12,3.25
FIXED_R65,2026-05-11,2026-05-11 00:35,UP,2026-05-11 01:34,SHORT,29333.00,29343.00,29329.75,2026-05-11 01:34,TARGET_HIT,1,3.25
FIXED_R65,2026-05-11,2026-05-11 01:48,DOWN,2026-05-11 02:21,LONG,29302.25,29292.25,29305.50,2026-05-11 02:21,TARGET_HIT,1,3.25
FIXED_R65,2026-05-11,2026-05-11 02:47,UP,2026-05-11 03:21,SHORT,29356.00,29366.00,29352.75,2026-05-11 03:21,TARGET_HIT,1,3.25
FIXED_R65,2026-05-11,2026-05-11 03:31,DOWN,2026-05-11 04:22,LONG,29285.50,29275.50,29288.75,2026-05-11 04:22,TARGET_HIT,1,3.25
FIXED_R65,2026-05-11,2026-05-11 06:17,DOWN,2026-05-11 06:32,LONG,29260.00,29250.00,29263.25,2026-05-11 06:32,STOP_HIT,1,-10.00
FIXED_R65,2026-05-11,2026-05-11 06:31,UP,2026-05-11 06:48,SHORT,29376.00,29386.00,29372.75,2026-05-11 06:48,TARGET_HIT,1,3.25
FIXED_R65,2026-05-11,2026-05-11 12:12,UP,2026-05-11 12:22,SHORT,29382.25,29392.25,29379.00,2026-05-11 12:22,TARGET_HIT,1,3.25
FIXED_R65,2026-05-12,2026-05-11 14:46,DOWN,2026-05-11 16:05,LONG,29390.75,29380.75,29394.00,2026-05-11 16:06,TARGET_HIT,2,3.25
FIXED_R65,2026-05-12,2026-05-11 18:53,DOWN,2026-05-11 20:53,LONG,29295.25,29285.25,29298.50,2026-05-11 20:53,STOP_HIT,1,-10.00
FIXED_R65,2026-05-12,2026-05-12 05:35,UP,2026-05-12 05:45,SHORT,29285.25,29295.25,29282.00,2026-05-12 05:45,STOP_HIT,1,-10.00
FIXED_R65,2026-05-13,2026-05-12 14:20,DOWN,2026-05-12 15:31,LONG,29123.75,29113.75,29127.00,2026-05-12 15:31,TARGET_HIT,1,3.25
FIXED_R65,2026-05-13,2026-05-12 16:02,UP,2026-05-12 17:11,SHORT,29176.00,29186.00,29172.75,2026-05-12 17:12,STOP_HIT,2,-10.00
FIXED_R65,2026-05-13,2026-05-13 06:09,UP,2026-05-13 06:39,SHORT,29243.75,29253.75,29240.50,2026-05-13 06:39,TARGET_HIT,1,3.25
FIXED_R65,2026-05-14,2026-05-13 14:00,UP,2026-05-13 14:48,SHORT,29587.50,29597.50,29584.25,2026-05-13 14:50,STOP_HIT,3,-10.00
FIXED_R65,2026-05-14,2026-05-13 16:59,DOWN,2026-05-13 18:49,LONG,29591.50,29581.50,29594.75,2026-05-13 18:50,STOP_HIT,2,-10.00
FIXED_R65,2026-05-14,2026-05-13 22:23,DOWN,2026-05-14 00:00,LONG,29574.75,29564.75,29578.00,2026-05-14 00:00,TARGET_HIT,1,3.25
FIXED_R65,2026-05-14,2026-05-14 05:12,UP,2026-05-14 05:50,SHORT,29666.00,29676.00,29662.75,2026-05-14 05:50,STOP_HIT,1,-10.00
FIXED_R65,2026-05-14,2026-05-14 06:02,DOWN,2026-05-14 06:14,LONG,29589.50,29579.50,29592.75,2026-05-14 06:14,TARGET_HIT,1,3.25
FIXED_R65,2026-05-15,2026-05-14 16:01,UP,2026-05-14 16:36,SHORT,29703.50,29713.50,29700.25,2026-05-14 16:36,TARGET_HIT,1,3.25
FIXED_R65,2026-05-15,2026-05-15 06:04,UP,2026-05-15 06:20,SHORT,29349.50,29359.50,29346.25,2026-05-15 06:20,STOP_HIT,1,-10.00
FIXED_R65,2026-05-15,2026-05-15 06:57,DOWN,2026-05-15 07:07,LONG,29254.50,29244.50,29257.75,2026-05-15 07:07,STOP_HIT,1,-10.00
FIXED_R65,2026-05-15,2026-05-15 07:36,DOWN,2026-05-15 07:54,LONG,29237.00,29227.00,29240.25,2026-05-15 07:54,TARGET_HIT,1,3.25
FIXED_R65,2026-05-15,2026-05-15 07:55,UP,2026-05-15 08:29,SHORT,29318.50,29328.50,29315.25,2026-05-15 08:29,STOP_HIT,1,-10.00
FIXED_R65,2026-05-15,2026-05-15 10:55,DOWN,2026-05-15 11:49,LONG,29298.75,29288.75,29302.00,2026-05-15 11:49,STOP_HIT,1,-10.00
FIXED_R65,2026-05-18,2026-05-17 14:00,UP,2026-05-17 14:10,SHORT,29270.25,29280.25,29267.00,2026-05-17 14:10,TARGET_HIT,1,3.25
FIXED_R65,2026-05-18,2026-05-17 14:07,DOWN,2026-05-17 14:38,LONG,29207.50,29197.50,29210.75,2026-05-17 14:38,TARGET_HIT,1,3.25
FIXED_R65,2026-05-18,2026-05-17 14:24,UP,2026-05-17 14:52,SHORT,29234.50,29244.50,29231.25,2026-05-17 14:53,STOP_HIT,2,-10.00
FIXED_R65,2026-05-18,2026-05-17 14:43,DOWN,2026-05-17 14:58,LONG,29225.00,29215.00,29228.25,2026-05-17 14:58,STOP_HIT,1,-10.00
FIXED_R65,2026-05-18,2026-05-17 18:29,DOWN,2026-05-17 18:57,LONG,29008.00,28998.00,29011.25,2026-05-17 18:57,TARGET_HIT,1,3.25
FIXED_R65,2026-05-18,2026-05-17 18:52,UP,2026-05-17 19:53,SHORT,29043.25,29053.25,29040.00,2026-05-17 19:57,STOP_HIT,5,-10.00
FIXED_R65,2026-05-18,2026-05-17 20:16,DOWN,2026-05-17 20:37,LONG,29042.50,29032.50,29045.75,2026-05-17 20:37,TARGET_HIT,1,3.25
FIXED_R65,2026-05-18,2026-05-17 20:30,UP,2026-05-17 20:47,SHORT,29081.00,29091.00,29077.75,2026-05-17 20:47,TARGET_HIT,1,3.25
FIXED_R65,2026-05-18,2026-05-17 21:10,DOWN,2026-05-17 21:20,LONG,29027.50,29017.50,29030.75,2026-05-17 21:20,TARGET_HIT,1,3.25
FIXED_R65,2026-05-18,2026-05-17 21:39,DOWN,2026-05-17 22:10,LONG,29040.50,29030.50,29043.75,2026-05-17 22:10,STOP_HIT,1,-10.00
FIXED_R65,2026-05-18,2026-05-17 22:31,UP,2026-05-17 22:51,SHORT,29074.75,29084.75,29071.50,2026-05-17 22:52,STOP_HIT,2,-10.00
FIXED_R65,2026-05-18,2026-05-18 05:56,DOWN,2026-05-18 06:06,LONG,29138.25,29128.25,29141.50,2026-05-18 06:06,TARGET_HIT,1,3.25
FIXED_R65,2026-05-18,2026-05-18 11:25,UP,2026-05-18 12:00,SHORT,29098.75,29108.75,29095.50,2026-05-18 12:00,STOP_HIT,1,-10.00
FIXED_R65,2026-05-19,2026-05-18 14:00,UP,2026-05-18 14:10,SHORT,29128.75,29138.75,29125.50,2026-05-18 14:10,TARGET_HIT,1,3.25
FIXED_R65,2026-05-19,2026-05-18 15:03,DOWN,2026-05-18 15:55,LONG,29119.00,29109.00,29122.25,2026-05-18 15:55,TARGET_HIT,1,3.25
FIXED_R65,2026-05-19,2026-05-18 16:21,DOWN,2026-05-18 16:45,LONG,29129.00,29119.00,29132.25,2026-05-18 16:45,TARGET_HIT,1,3.25
FIXED_R65,2026-05-19,2026-05-18 22:01,UP,2026-05-19 00:02,SHORT,29101.75,29111.75,29098.50,2026-05-19 00:02,TARGET_HIT,1,3.25
FIXED_R65,2026-05-19,2026-05-18 23:48,DOWN,2026-05-19 01:01,LONG,28998.25,28988.25,29001.50,2026-05-19 01:02,STOP_HIT,2,-10.00
FIXED_R65,2026-05-19,2026-05-19 05:27,UP,2026-05-19 05:38,SHORT,29047.00,29057.00,29043.75,2026-05-19 05:38,TARGET_HIT,1,3.25
FIXED_R65,2026-05-19,2026-05-19 05:37,DOWN,2026-05-19 05:47,LONG,28873.75,28863.75,28877.00,2026-05-19 05:47,TARGET_HIT,1,3.25
FIXED_R65,2026-05-19,2026-05-19 08:12,UP,2026-05-19 08:33,SHORT,28944.75,28954.75,28941.50,2026-05-19 08:33,TARGET_HIT,1,3.25
FIXED_R65,2026-05-19,2026-05-19 11:33,DOWN,2026-05-19 11:52,LONG,28903.25,28893.25,28906.50,2026-05-19 11:52,TARGET_HIT,1,3.25
FIXED_R65,2026-05-20,2026-05-19 14:10,DOWN,2026-05-19 14:38,LONG,28896.75,28886.75,28900.00,2026-05-19 14:39,STOP_HIT,2,-10.00
FIXED_R65,2026-05-20,2026-05-19 14:28,UP,2026-05-19 15:15,SHORT,28946.50,28956.50,28943.25,2026-05-19 15:15,TARGET_HIT,1,3.25
FIXED_R65,2026-05-20,2026-05-19 15:34,DOWN,2026-05-19 16:14,LONG,28831.25,28821.25,28834.50,2026-05-19 16:14,STOP_HIT,1,-10.00
FIXED_R65,2026-05-20,2026-05-19 16:17,UP,2026-05-19 16:49,SHORT,28939.75,28949.75,28936.50,2026-05-19 16:49,TARGET_HIT,1,3.25
FIXED_R65,2026-05-20,2026-05-19 17:20,DOWN,2026-05-19 17:33,LONG,28903.00,28893.00,28906.25,2026-05-19 17:33,TARGET_HIT,1,3.25
FIXED_R65,2026-05-20,2026-05-19 17:36,UP,2026-05-19 17:53,SHORT,28969.75,28979.75,28966.50,2026-05-19 17:53,STOP_HIT,1,-10.00
FIXED_R65,2026-05-20,2026-05-19 18:24,DOWN,2026-05-19 18:37,LONG,28902.25,28892.25,28905.50,2026-05-19 18:37,TARGET_HIT,1,3.25
FIXED_R65,2026-05-20,2026-05-19 20:16,DOWN,2026-05-19 20:43,LONG,28891.25,28881.25,28894.50,2026-05-19 20:43,TARGET_HIT,1,3.25
FIXED_R65,2026-05-20,2026-05-19 20:55,UP,2026-05-19 21:05,SHORT,28926.00,28936.00,28922.75,2026-05-19 21:06,STOP_HIT,2,-10.00
FIXED_R65,2026-05-20,2026-05-20 05:55,UP,2026-05-20 06:06,SHORT,29069.00,29079.00,29065.75,2026-05-20 06:06,STOP_HIT,1,-10.00
FIXED_R65,2026-05-20,2026-05-20 06:01,DOWN,2026-05-20 06:12,LONG,29047.00,29037.00,29050.25,2026-05-20 06:12,STOP_HIT,1,-10.00
FIXED_R65,2026-05-21,2026-05-20 14:00,DOWN,2026-05-20 14:10,LONG,29144.00,29134.00,29147.25,2026-05-20 14:10,STOP_HIT,1,-10.00
FIXED_R65,2026-05-21,2026-05-20 14:10,UP,2026-05-20 15:21,SHORT,29195.75,29205.75,29192.50,2026-05-20 15:22,TARGET_HIT,2,3.25
FIXED_R65,2026-05-21,2026-05-20 22:06,DOWN,2026-05-20 23:17,LONG,29217.25,29207.25,29220.50,2026-05-20 23:17,TARGET_HIT,1,3.25
FIXED_R65,2026-05-21,2026-05-20 23:13,UP,2026-05-21 00:12,SHORT,29406.75,29416.75,29403.50,2026-05-21 00:12,TARGET_HIT,1,3.25
FIXED_R65,2026-05-21,2026-05-21 05:44,UP,2026-05-21 05:57,SHORT,29277.50,29287.50,29274.25,2026-05-21 05:57,STOP_HIT,1,-10.00
FIXED_R65,2026-05-21,2026-05-21 07:10,UP,2026-05-21 07:22,SHORT,29235.50,29245.50,29232.25,2026-05-21 07:22,STOP_HIT,1,-10.00
FIXED_R65,2026-05-21,2026-05-21 07:23,DOWN,2026-05-21 07:33,LONG,29211.50,29201.50,29214.75,2026-05-21 07:33,TARGET_HIT,1,3.25
FIXED_R65,2026-05-21,2026-05-21 07:34,UP,2026-05-21 07:44,SHORT,29265.25,29275.25,29262.00,2026-05-21 07:44,TARGET_HIT,1,3.25
FIXED_R65,2026-05-21,2026-05-21 08:50,UP,2026-05-21 09:01,SHORT,29273.75,29283.75,29270.50,2026-05-21 09:01,TARGET_HIT,1,3.25
FIXED_R65,2026-05-22,2026-05-21 14:00,UP,2026-05-21 14:10,SHORT,29505.00,29515.00,29501.75,2026-05-21 14:10,TARGET_HIT,1,3.25
FIXED_R65,2026-05-22,2026-05-21 16:32,DOWN,2026-05-21 18:04,LONG,29535.00,29525.00,29538.25,2026-05-21 18:04,TARGET_HIT,1,3.25
FIXED_R65,2026-05-22,2026-05-21 17:41,UP,2026-05-21 20:17,SHORT,29580.50,29590.50,29577.25,2026-05-21 20:21,STOP_HIT,5,-10.00
FIXED_R65,2026-05-22,2026-05-21 23:02,UP,2026-05-22 00:01,SHORT,29600.00,29610.00,29596.75,2026-05-22 00:01,TARGET_HIT,1,3.25
FIXED_R65,2026-05-22,2026-05-22 00:21,DOWN,2026-05-22 01:35,LONG,29507.75,29497.75,29511.00,2026-05-22 01:35,TARGET_HIT,1,3.25
FIXED_R65,2026-05-22,2026-05-22 06:24,UP,2026-05-22 06:38,SHORT,29609.25,29619.25,29606.00,2026-05-22 06:38,TARGET_HIT,1,3.25
FIXED_R65,2026-05-22,2026-05-22 09:30,DOWN,2026-05-22 12:07,LONG,29557.25,29547.25,29560.50,2026-05-22 12:08,TARGET_HIT,2,3.25
FIXED_R65,2026-05-25,2026-05-24 14:00,UP,2026-05-24 14:10,SHORT,29768.25,29778.25,29765.00,2026-05-24 14:10,TARGET_HIT,1,3.25
FIXED_R65,2026-05-25,2026-05-25 05:55,DOWN,2026-05-25 06:55,LONG,29927.00,29917.00,29930.25,2026-05-25 06:58,TARGET_HIT,4,3.25
FIXED_R65,2026-05-25,2026-05-25 06:43,UP,2026-05-25 07:17,SHORT,29962.75,29972.75,29959.50,2026-05-25 07:17,TARGET_HIT,1,3.25
FIXED_R65,2026-05-25,2026-05-25 07:11,DOWN,2026-05-25 08:04,LONG,29920.00,29910.00,29923.25,2026-05-25 08:05,TARGET_HIT,2,3.25
FIXED_R65,2026-05-26,2026-05-25 14:00,DOWN,2026-05-25 14:10,LONG,29916.00,29906.00,29919.25,2026-05-25 14:10,TARGET_HIT,1,3.25
FIXED_R65,2026-05-26,2026-05-25 23:33,UP,2026-05-26 02:32,SHORT,29908.00,29918.00,29904.75,2026-05-26 02:32,TARGET_HIT,1,3.25
FIXED_R65,2026-05-26,2026-05-26 05:35,UP,2026-05-26 05:45,SHORT,29933.50,29943.50,29930.25,2026-05-26 05:45,STOP_HIT,1,-10.00
FIXED_R65,2026-05-26,2026-05-26 07:56,UP,2026-05-26 08:10,SHORT,29944.00,29954.00,29940.75,2026-05-26 08:10,TARGET_HIT,1,3.25
FIXED_R65,2026-05-27,2026-05-26 14:48,UP,2026-05-26 19:48,SHORT,30119.00,30129.00,30115.75,2026-05-26 19:48,TARGET_HIT,1,3.25
FIXED_R65,2026-05-27,2026-05-26 17:17,DOWN,2026-05-26 23:05,LONG,30101.00,30091.00,30104.25,2026-05-26 23:05,TARGET_HIT,1,3.25
FIXED_R65,2026-05-27,2026-05-26 22:39,UP,2026-05-26 23:24,SHORT,30124.75,30134.75,30121.50,2026-05-26 23:29,TARGET_HIT,6,3.25
FIXED_R65,2026-05-27,2026-05-27 04:23,DOWN,2026-05-27 05:43,LONG,30050.50,30040.50,30053.75,2026-05-27 05:43,STOP_HIT,1,-10.00
FIXED_R65,2026-05-27,2026-05-27 09:09,UP,2026-05-27 11:39,SHORT,30063.25,30073.25,30060.00,2026-05-27 11:40,TARGET_HIT,2,3.25
FIXED_R65,2026-05-28,2026-05-27 14:02,DOWN,2026-05-27 14:21,LONG,30085.00,30075.00,30088.25,2026-05-27 14:21,TARGET_HIT,1,3.25
FIXED_R65,2026-05-28,2026-05-27 16:58,DOWN,2026-05-27 18:57,LONG,29983.00,29973.00,29986.25,2026-05-27 18:58,STOP_HIT,2,-10.00
FIXED_R65,2026-05-28,2026-05-28 01:03,DOWN,2026-05-28 02:33,LONG,29930.75,29920.75,29934.00,2026-05-28 02:33,TARGET_HIT,1,3.25
FIXED_R65,2026-05-28,2026-05-28 02:51,UP,2026-05-28 04:54,SHORT,30062.75,30072.75,30059.50,2026-05-28 04:54,TARGET_HIT,1,3.25
FIXED_R65,2026-05-28,2026-05-28 05:50,UP,2026-05-28 06:00,SHORT,29992.25,30002.25,29989.00,2026-05-28 06:00,STOP_HIT,1,-10.00
FIXED_R65,2026-05-29,2026-05-28 14:05,DOWN,2026-05-28 14:38,LONG,30299.00,30289.00,30302.25,2026-05-28 14:38,TARGET_HIT,1,3.25
FIXED_R65,2026-05-29,2026-05-28 17:03,UP,2026-05-28 23:22,SHORT,30308.25,30318.25,30305.00,2026-05-28 23:22,TARGET_HIT,1,3.25
FIXED_R65,2026-05-29,2026-05-28 23:36,UP,2026-05-29 01:04,SHORT,30336.00,30346.00,30332.75,2026-05-29 01:04,TARGET_HIT,1,3.25
FIXED_R65,2026-05-29,2026-05-29 06:54,UP,2026-05-29 07:09,SHORT,30390.25,30400.25,30387.00,2026-05-29 07:09,TARGET_HIT,1,3.25
FIXED_R65,2026-05-29,2026-05-29 08:10,DOWN,2026-05-29 10:05,LONG,30331.25,30321.25,30334.50,2026-05-29 10:05,TARGET_HIT,1,3.25
FIXED_R65,2026-05-29,2026-05-29 10:34,DOWN,2026-05-29 10:46,LONG,30342.75,30332.75,30346.00,2026-05-29 10:46,TARGET_HIT,1,3.25
FIXED_R65,2026-05-29,2026-05-29 11:01,UP,2026-05-29 11:46,SHORT,30434.25,30444.25,30431.00,2026-05-29 11:46,TARGET_HIT,1,3.25
FIXED_R65,2026-06-01,2026-05-31 14:00,DOWN,2026-05-31 14:10,LONG,30379.25,30369.25,30382.50,2026-05-31 14:10,TARGET_HIT,1,3.25
FIXED_R65,2026-06-01,2026-05-31 14:03,UP,2026-05-31 14:24,SHORT,30427.25,30437.25,30424.00,2026-05-31 14:25,TARGET_HIT,2,3.25
FIXED_R65,2026-06-02,2026-06-01 14:00,DOWN,2026-06-01 14:10,LONG,30481.50,30471.50,30484.75,2026-06-01 14:15,STOP_HIT,6,-10.00
FIXED_R65,2026-06-02,2026-06-01 19:20,UP,2026-06-01 21:33,SHORT,30477.50,30487.50,30474.25,2026-06-01 21:35,STOP_HIT,3,-10.00
FIXED_R65,2026-06-02,2026-06-02 05:30,DOWN,2026-06-02 05:40,LONG,30464.50,30454.50,30467.75,2026-06-02 05:40,STOP_HIT,1,-10.00
FIXED_R65,2026-06-03,2026-06-02 15:25,UP,2026-06-02 16:25,SHORT,30681.50,30691.50,30678.25,2026-06-02 16:25,TARGET_HIT,1,3.25
FIXED_R65,2026-06-03,2026-06-02 16:51,DOWN,2026-06-02 17:43,LONG,30662.25,30652.25,30665.50,2026-06-02 17:43,TARGET_HIT,1,3.25
FIXED_R65,2026-06-03,2026-06-02 17:46,UP,2026-06-02 20:05,SHORT,30717.25,30727.25,30714.00,2026-06-02 20:14,STOP_HIT,10,-10.00
FIXED_R65,2026-06-03,2026-06-03 06:43,DOWN,2026-06-03 06:53,LONG,30681.00,30671.00,30684.25,2026-06-03 06:53,TARGET_HIT,1,3.25
FIXED_R65,2026-06-03,2026-06-03 06:59,UP,2026-06-03 07:12,SHORT,30695.50,30705.50,30692.25,2026-06-03 07:12,STOP_HIT,1,-10.00
FIXED_R65,2026-06-03,2026-06-03 11:27,UP,2026-06-03 11:43,SHORT,30687.50,30697.50,30684.25,2026-06-03 11:43,TARGET_HIT,1,3.25
FIXED_R65,2026-06-04,2026-06-03 14:00,UP,2026-06-03 14:10,SHORT,30478.50,30488.50,30475.25,2026-06-03 14:10,TARGET_HIT,1,3.25
FIXED_R65,2026-06-04,2026-06-03 14:02,DOWN,2026-06-03 14:17,LONG,30433.25,30423.25,30436.50,2026-06-03 14:18,STOP_HIT,2,-10.00
FIXED_R65,2026-06-04,2026-06-03 14:51,UP,2026-06-03 15:02,SHORT,30446.00,30456.00,30442.75,2026-06-03 15:02,TARGET_HIT,1,3.25
FIXED_R65,2026-06-04,2026-06-03 14:57,DOWN,2026-06-03 15:12,LONG,30419.75,30409.75,30423.00,2026-06-03 15:13,TARGET_HIT,2,3.25
FIXED_R65,2026-06-04,2026-06-03 15:47,UP,2026-06-03 16:11,SHORT,30436.25,30446.25,30433.00,2026-06-03 16:11,STOP_HIT,1,-10.00
FIXED_R65,2026-06-04,2026-06-03 17:12,DOWN,2026-06-03 18:23,LONG,30399.00,30389.00,30402.25,2026-06-03 18:23,TARGET_HIT,1,3.25
FIXED_R65,2026-06-04,2026-06-03 18:16,UP,2026-06-03 20:26,SHORT,30493.50,30503.50,30490.25,2026-06-03 20:28,TARGET_HIT,3,3.25
FIXED_R65,2026-06-04,2026-06-03 23:05,DOWN,2026-06-04 00:29,LONG,30356.00,30346.00,30359.25,2026-06-04 00:29,TARGET_HIT,1,3.25
FIXED_R65,2026-06-04,2026-06-04 06:07,UP,2026-06-04 06:44,SHORT,30317.75,30327.75,30314.50,2026-06-04 06:44,TARGET_HIT,1,3.25
FIXED_R65,2026-06-05,2026-06-04 14:00,DOWN,2026-06-04 14:24,LONG,30356.00,30346.00,30359.25,2026-06-04 14:24,STOP_HIT,1,-10.00
FIXED_R65,2026-06-05,2026-06-04 17:26,UP,2026-06-04 19:24,SHORT,30206.75,30216.75,30203.50,2026-06-04 19:25,STOP_HIT,2,-10.00
FIXED_R65,2026-06-05,2026-06-04 18:36,DOWN,2026-06-04 20:00,LONG,30163.25,30153.25,30166.50,2026-06-04 20:00,TARGET_HIT,1,3.25
FIXED_R65,2026-06-05,2026-06-04 19:54,UP,2026-06-04 21:13,SHORT,30196.50,30206.50,30193.25,2026-06-04 21:13,STOP_HIT,1,-10.00
FIXED_R65,2026-06-05,2026-06-04 20:56,DOWN,2026-06-04 22:03,LONG,30185.00,30175.00,30188.25,2026-06-04 22:04,TARGET_HIT,2,3.25
FIXED_R65,2026-06-05,2026-06-05 00:30,DOWN,2026-06-05 00:54,LONG,30160.75,30150.75,30164.00,2026-06-05 00:54,TARGET_HIT,1,3.25
FIXED_R65,2026-06-05,2026-06-05 00:58,UP,2026-06-05 01:18,SHORT,30210.75,30220.75,30207.50,2026-06-05 01:18,TARGET_HIT,1,3.25
FIXED_R65,2026-06-05,2026-06-05 01:14,DOWN,2026-06-05 03:53,LONG,30160.25,30150.25,30163.50,2026-06-05 03:53,TARGET_HIT,1,3.25
FIXED_R65,2026-06-08,2026-06-07 14:02,DOWN,2026-06-07 14:12,LONG,28907.00,28897.00,28910.25,2026-06-07 14:12,TARGET_HIT,1,3.25
FIXED_R65,2026-06-08,2026-06-07 14:56,UP,2026-06-07 15:21,SHORT,28969.25,28979.25,28966.00,2026-06-07 15:21,TARGET_HIT,1,3.25
FIXED_R65,2026-06-08,2026-06-07 22:30,DOWN,2026-06-07 22:40,LONG,29077.75,29067.75,29081.00,2026-06-07 22:40,TARGET_HIT,1,3.25
FIXED_R65,2026-06-08,2026-06-07 22:50,UP,2026-06-07 23:16,SHORT,29135.75,29145.75,29132.50,2026-06-07 23:16,STOP_HIT,1,-10.00
FIXED_R65,2026-06-09,2026-06-08 14:00,DOWN,2026-06-08 14:10,LONG,29386.50,29376.50,29389.75,2026-06-08 14:10,STOP_HIT,1,-10.00
FIXED_R65,2026-06-09,2026-06-08 14:15,UP,2026-06-08 15:30,SHORT,29431.00,29441.00,29427.75,2026-06-08 15:30,STOP_HIT,1,-10.00
FIXED_R65,2026-06-09,2026-06-08 15:40,DOWN,2026-06-08 16:08,LONG,29371.75,29361.75,29375.00,2026-06-08 16:08,STOP_HIT,1,-10.00
FIXED_R65,2026-06-09,2026-06-08 16:56,UP,2026-06-08 17:25,SHORT,29454.00,29464.00,29450.75,2026-06-08 17:25,TARGET_HIT,1,3.25
FIXED_R65,2026-06-09,2026-06-09 11:48,UP,2026-06-09 11:58,SHORT,29096.25,29106.25,29093.00,2026-06-09 11:58,STOP_HIT,1,-10.00
FIXED_R65,2026-06-10,2026-06-09 14:01,DOWN,2026-06-09 14:11,LONG,29071.50,29061.50,29074.75,2026-06-09 14:11,TARGET_HIT,1,3.25
FIXED_R65,2026-06-10,2026-06-09 14:02,UP,2026-06-09 14:16,SHORT,29104.50,29114.50,29101.25,2026-06-09 14:16,STOP_HIT,1,-10.00
FIXED_R65,2026-06-10,2026-06-09 14:15,DOWN,2026-06-09 14:35,LONG,29049.75,29039.75,29053.00,2026-06-09 14:35,TARGET_HIT,1,3.25
FIXED_R65,2026-06-10,2026-06-09 15:08,DOWN,2026-06-09 15:18,LONG,29029.00,29019.00,29032.25,2026-06-09 15:18,STOP_HIT,1,-10.00
FIXED_R65,2026-06-10,2026-06-09 15:37,UP,2026-06-09 15:57,SHORT,29052.00,29062.00,29048.75,2026-06-09 15:57,TARGET_HIT,1,3.25
FIXED_R65,2026-06-10,2026-06-09 16:44,UP,2026-06-09 17:03,SHORT,29075.00,29085.00,29071.75,2026-06-09 17:03,TARGET_HIT,1,3.25
FIXED_R65,2026-06-10,2026-06-09 17:30,UP,2026-06-09 17:40,SHORT,29069.50,29079.50,29066.25,2026-06-09 17:40,TARGET_HIT,1,3.25
FIXED_R65,2026-06-10,2026-06-09 17:35,DOWN,2026-06-09 17:45,LONG,29027.50,29017.50,29030.75,2026-06-09 17:45,TARGET_HIT,1,3.25
FIXED_R65,2026-06-10,2026-06-10 04:40,UP,2026-06-10 04:50,SHORT,28942.25,28952.25,28939.00,2026-06-10 04:50,TARGET_HIT,1,3.25
FIXED_R65,2026-06-10,2026-06-10 04:41,DOWN,2026-06-10 04:53,LONG,28875.00,28865.00,28878.25,2026-06-10 04:53,STOP_HIT,1,-10.00
FIXED_R65,2026-06-11,2026-06-10 14:00,DOWN,2026-06-10 14:10,LONG,28368.50,28358.50,28371.75,2026-06-10 14:10,TARGET_HIT,1,3.25
FIXED_R65,2026-06-11,2026-06-10 14:12,UP,2026-06-10 14:31,SHORT,28435.75,28445.75,28432.50,2026-06-10 14:31,TARGET_HIT,1,3.25
FIXED_R65,2026-06-11,2026-06-10 15:21,UP,2026-06-10 15:41,SHORT,28400.75,28410.75,28397.50,2026-06-10 15:41,STOP_HIT,1,-10.00
FIXED_R65,2026-06-11,2026-06-10 15:42,DOWN,2026-06-10 16:10,LONG,28347.00,28337.00,28350.25,2026-06-10 16:10,STOP_HIT,1,-10.00
FIXED_R65,2026-06-12,2026-06-11 14:00,UP,2026-06-11 14:10,SHORT,29496.75,29506.75,29493.50,2026-06-11 14:10,STOP_HIT,1,-10.00
FIXED_R65,2026-06-12,2026-06-11 15:27,UP,2026-06-11 15:37,SHORT,29544.00,29554.00,29540.75,2026-06-11 15:37,STOP_HIT,1,-10.00
FIXED_R65,2026-06-12,2026-06-11 16:36,DOWN,2026-06-11 17:30,LONG,29483.25,29473.25,29486.50,2026-06-11 17:30,TARGET_HIT,1,3.25
FIXED_R65,2026-06-12,2026-06-11 17:38,UP,2026-06-11 18:19,SHORT,29547.25,29557.25,29544.00,2026-06-11 18:19,TARGET_HIT,1,3.25
FIXED_R65,2026-06-12,2026-06-11 18:00,DOWN,2026-06-11 18:42,LONG,29537.50,29527.50,29540.75,2026-06-11 18:42,TARGET_HIT,1,3.25
FIXED_R65,2026-06-12,2026-06-11 18:35,UP,2026-06-11 18:50,SHORT,29560.75,29570.75,29557.50,2026-06-11 18:50,TARGET_HIT,1,3.25
FIXED_R65,2026-06-12,2026-06-11 18:54,DOWN,2026-06-11 19:13,LONG,29518.50,29508.50,29521.75,2026-06-11 19:13,TARGET_HIT,1,3.25
FIXED_R65,2026-06-12,2026-06-12 00:22,DOWN,2026-06-12 00:43,LONG,29459.00,29449.00,29462.25,2026-06-12 00:43,TARGET_HIT,1,3.25
FIXED_R65,2026-06-12,2026-06-12 00:40,UP,2026-06-12 01:25,SHORT,29576.75,29586.75,29573.50,2026-06-12 01:25,TARGET_HIT,1,3.25
FIXED_R65,2026-06-12,2026-06-12 03:55,DOWN,2026-06-12 04:47,LONG,29479.00,29469.00,29482.25,2026-06-12 04:47,STOP_HIT,1,-10.00
FIXED_R65,2026-06-16,2026-06-15 14:01,DOWN,2026-06-15 14:13,LONG,30795.50,30785.50,30798.75,2026-06-15 14:13,STOP_HIT,1,-10.00
FIXED_R65,2026-06-16,2026-06-15 14:28,UP,2026-06-15 15:26,SHORT,30816.00,30826.00,30812.75,2026-06-15 15:26,TARGET_HIT,1,3.25
FIXED_R65,2026-06-16,2026-06-15 16:31,DOWN,2026-06-15 16:50,LONG,30788.25,30778.25,30791.50,2026-06-15 16:50,STOP_HIT,1,-10.00
FIXED_R65,2026-06-16,2026-06-16 03:20,DOWN,2026-06-16 05:32,LONG,30784.00,30774.00,30787.25,2026-06-16 05:32,TARGET_HIT,1,3.25
FIXED_R65,2026-06-16,2026-06-16 05:34,UP,2026-06-16 05:44,SHORT,30846.25,30856.25,30843.00,2026-06-16 05:44,TARGET_HIT,1,3.25
FIXED_R65,2026-06-16,2026-06-16 05:55,DOWN,2026-06-16 06:05,LONG,30831.00,30821.00,30834.25,2026-06-16 06:05,STOP_HIT,1,-10.00
FIXED_R65,2026-06-16,2026-06-16 06:03,UP,2026-06-16 06:13,SHORT,30834.50,30844.50,30831.25,2026-06-16 06:13,STOP_HIT,1,-10.00
FIXED_R65,2026-06-16,2026-06-16 06:08,DOWN,2026-06-16 06:18,LONG,30779.50,30769.50,30782.75,2026-06-16 06:18,TARGET_HIT,1,3.25
FIXED_R65,2026-06-17,2026-06-16 14:00,UP,2026-06-16 14:11,SHORT,30367.50,30377.50,30364.25,2026-06-16 14:11,TARGET_HIT,1,3.25
FIXED_R65,2026-06-17,2026-06-16 15:50,UP,2026-06-16 16:12,SHORT,30371.00,30381.00,30367.75,2026-06-16 16:12,TARGET_HIT,1,3.25
FIXED_R65,2026-06-17,2026-06-17 02:07,UP,2026-06-17 02:45,SHORT,30485.00,30495.00,30481.75,2026-06-17 02:46,TARGET_HIT,2,3.25
FIXED_R65,2026-06-17,2026-06-17 02:51,DOWN,2026-06-17 03:49,LONG,30423.25,30413.25,30426.50,2026-06-17 03:49,STOP_HIT,1,-10.00
FIXED_R65,2026-06-17,2026-06-17 03:57,UP,2026-06-17 04:30,SHORT,30464.00,30474.00,30460.75,2026-06-17 04:30,STOP_HIT,1,-10.00
FIXED_R65,2026-06-17,2026-06-17 05:29,DOWN,2026-06-17 05:39,LONG,30408.25,30398.25,30411.50,2026-06-17 05:39,STOP_HIT,1,-10.00
FIXED_R65,2026-06-17,2026-06-17 05:45,DOWN,2026-06-17 05:57,LONG,30413.00,30403.00,30416.25,2026-06-17 05:57,STOP_HIT,1,-10.00
FIXED_R65,2026-06-17,2026-06-17 06:10,UP,2026-06-17 06:22,SHORT,30479.50,30489.50,30476.25,2026-06-17 06:22,STOP_HIT,1,-10.00
FIXED_R65,2026-06-17,2026-06-17 06:24,DOWN,2026-06-17 06:43,LONG,30426.00,30416.00,30429.25,2026-06-17 06:43,TARGET_HIT,1,3.25
FIXED_R65,2026-06-17,2026-06-17 07:25,UP,2026-06-17 08:27,SHORT,30461.75,30471.75,30458.50,2026-06-17 08:27,STOP_HIT,1,-10.00
FIXED_R65,2026-06-17,2026-06-17 08:02,DOWN,2026-06-17 08:46,LONG,30414.75,30404.75,30418.00,2026-06-17 08:46,STOP_HIT,1,-10.00
FIXED_R65,2026-06-17,2026-06-17 10:47,DOWN,2026-06-17 10:58,LONG,30298.50,30288.50,30301.75,2026-06-17 10:58,STOP_HIT,1,-10.00
FIXED_R65,2026-06-19,2026-06-18 14:00,DOWN,2026-06-18 14:20,LONG,30694.50,30684.50,30697.75,2026-06-18 14:21,TARGET_HIT,2,3.25
FIXED_R65,2026-06-19,2026-06-19 01:00,DOWN,2026-06-19 03:16,LONG,30570.00,30560.00,30573.25,2026-06-19 03:18,TARGET_HIT,3,3.25
FIXED_R65,2026-06-19,2026-06-19 04:37,UP,2026-06-19 04:55,SHORT,30636.50,30646.50,30633.25,2026-06-19 04:55,TARGET_HIT,1,3.25
FIXED_R65,2026-06-22,2026-06-21 15:59,UP,2026-06-21 16:14,SHORT,30482.25,30492.25,30479.00,2026-06-21 16:14,STOP_HIT,1,-10.00
FIXED_R65,2026-06-22,2026-06-21 19:31,DOWN,2026-06-21 20:47,LONG,30562.75,30552.75,30566.00,2026-06-21 20:47,TARGET_HIT,1,3.25
FIXED_R65,2026-06-22,2026-06-22 11:08,UP,2026-06-22 12:22,SHORT,30662.25,30672.25,30659.00,2026-06-22 12:22,TARGET_HIT,1,3.25
FIXED_R65,2026-06-23,2026-06-22 14:02,DOWN,2026-06-22 14:30,LONG,30640.00,30630.00,30643.25,2026-06-22 14:30,TARGET_HIT,1,3.25
FIXED_R65,2026-06-23,2026-06-22 16:24,UP,2026-06-22 17:04,SHORT,30608.25,30618.25,30605.00,2026-06-22 17:04,TARGET_HIT,1,3.25
FIXED_R65,2026-06-23,2026-06-22 16:45,DOWN,2026-06-22 17:46,LONG,30460.50,30450.50,30463.75,2026-06-22 17:46,STOP_HIT,1,-10.00
FIXED_R65,2026-06-23,2026-06-23 08:20,UP,2026-06-23 08:30,SHORT,29877.25,29887.25,29874.00,2026-06-23 08:30,STOP_HIT,1,-10.00
FIXED_R65,2026-06-23,2026-06-23 08:24,DOWN,2026-06-23 08:35,LONG,29848.50,29838.50,29851.75,2026-06-23 08:35,STOP_HIT,1,-10.00
FIXED_R65,2026-06-23,2026-06-23 08:34,UP,2026-06-23 08:46,SHORT,29887.75,29897.75,29884.50,2026-06-23 08:46,TARGET_HIT,1,3.25
FIXED_R65,2026-06-24,2026-06-23 17:54,DOWN,2026-06-23 18:51,LONG,29673.75,29663.75,29677.00,2026-06-23 18:51,TARGET_HIT,1,3.25
FIXED_R65,2026-06-24,2026-06-23 20:22,UP,2026-06-23 21:00,SHORT,29784.50,29794.50,29781.25,2026-06-23 21:00,STOP_HIT,1,-10.00
FIXED_R65,2026-06-24,2026-06-23 23:47,DOWN,2026-06-24 00:01,LONG,29768.75,29758.75,29772.00,2026-06-24 00:01,TARGET_HIT,1,3.25
FIXED_R65,2026-06-24,2026-06-24 01:45,UP,2026-06-24 02:18,SHORT,29818.25,29828.25,29815.00,2026-06-24 02:18,TARGET_HIT,1,3.25
FIXED_R65,2026-06-24,2026-06-24 02:44,DOWN,2026-06-24 03:12,LONG,29781.50,29771.50,29784.75,2026-06-24 03:13,STOP_HIT,2,-10.00
FIXED_R65,2026-06-24,2026-06-24 03:20,UP,2026-06-24 03:48,SHORT,29803.00,29813.00,29799.75,2026-06-24 03:48,STOP_HIT,1,-10.00
FIXED_R65,2026-06-24,2026-06-24 04:20,DOWN,2026-06-24 05:01,LONG,29756.25,29746.25,29759.50,2026-06-24 05:01,TARGET_HIT,1,3.25
FIXED_R65,2026-06-24,2026-06-24 07:30,DOWN,2026-06-24 07:48,LONG,29717.50,29707.50,29720.75,2026-06-24 07:48,TARGET_HIT,1,3.25
FIXED_R65,2026-06-24,2026-06-24 07:53,DOWN,2026-06-24 08:08,LONG,29762.25,29752.25,29765.50,2026-06-24 08:08,STOP_HIT,1,-10.00
FIXED_R65,2026-06-24,2026-06-24 08:11,DOWN,2026-06-24 08:35,LONG,29713.25,29703.25,29716.50,2026-06-24 08:35,TARGET_HIT,1,3.25
FIXED_R65,2026-06-25,2026-06-24 14:01,DOWN,2026-06-24 14:12,LONG,30094.75,30084.75,30098.00,2026-06-24 14:12,TARGET_HIT,1,3.25
FIXED_R65,2026-06-25,2026-06-24 14:57,UP,2026-06-24 15:39,SHORT,30109.75,30119.75,30106.50,2026-06-24 15:40,TARGET_HIT,2,3.25
FIXED_R65,2026-06-25,2026-06-24 15:46,DOWN,2026-06-24 16:24,LONG,30079.25,30069.25,30082.50,2026-06-24 16:24,STOP_HIT,1,-10.00
FIXED_R65,2026-06-25,2026-06-24 18:16,UP,2026-06-24 22:58,SHORT,30104.25,30114.25,30101.00,2026-06-24 23:00,STOP_HIT,3,-10.00
FIXED_R65,2026-06-25,2026-06-25 07:46,DOWN,2026-06-25 07:59,LONG,29671.25,29661.25,29674.50,2026-06-25 07:59,STOP_HIT,1,-10.00
FIXED_R65,2026-06-25,2026-06-25 08:56,UP,2026-06-25 09:11,SHORT,29744.00,29754.00,29740.75,2026-06-25 09:11,STOP_HIT,1,-10.00
FIXED_R65,2026-06-25,2026-06-25 09:41,DOWN,2026-06-25 09:51,LONG,29700.25,29690.25,29703.50,2026-06-25 09:51,STOP_HIT,1,-10.00
FIXED_R65,2026-06-25,2026-06-25 10:52,DOWN,2026-06-25 11:10,LONG,29706.75,29696.75,29710.00,2026-06-25 11:10,STOP_HIT,1,-10.00
FIXED_R65,2026-06-26,2026-06-25 14:00,DOWN,2026-06-25 14:10,LONG,29667.25,29657.25,29670.50,2026-06-25 14:10,STOP_HIT,1,-10.00
FIXED_R65,2026-06-26,2026-06-25 14:30,UP,2026-06-25 14:53,SHORT,29669.00,29679.00,29665.75,2026-06-25 14:54,STOP_HIT,2,-10.00
FIXED_R65,2026-06-26,2026-06-25 15:56,UP,2026-06-25 16:06,SHORT,29752.00,29762.00,29748.75,2026-06-25 16:06,STOP_HIT,1,-10.00
FIXED_R65,2026-06-26,2026-06-25 16:09,DOWN,2026-06-25 16:32,LONG,29687.25,29677.25,29690.50,2026-06-25 16:32,STOP_HIT,1,-10.00
FIXED_R65,2026-06-26,2026-06-25 23:32,DOWN,2026-06-26 01:16,LONG,29400.00,29390.00,29403.25,2026-06-26 01:16,STOP_HIT,1,-10.00
FIXED_R65,2026-06-26,2026-06-26 09:30,DOWN,2026-06-26 11:00,LONG,29417.00,29407.00,29420.25,2026-06-26 11:00,TARGET_HIT,1,3.25
FIXED_R65,2026-06-29,2026-06-28 14:01,UP,2026-06-28 14:16,SHORT,29534.75,29544.75,29531.50,2026-06-28 14:16,TARGET_HIT,1,3.25
FIXED_R65,2026-06-29,2026-06-28 17:30,UP,2026-06-28 17:44,SHORT,29543.75,29553.75,29540.50,2026-06-28 17:44,TARGET_HIT,1,3.25
FIXED_R65,2026-06-29,2026-06-28 17:42,DOWN,2026-06-28 18:16,LONG,29414.00,29404.00,29417.25,2026-06-28 18:16,TARGET_HIT,1,3.25
FIXED_R65,2026-06-29,2026-06-28 18:15,UP,2026-06-28 18:53,SHORT,29521.25,29531.25,29518.00,2026-06-28 18:53,TARGET_HIT,1,3.25
FIXED_R65,2026-06-29,2026-06-28 19:38,UP,2026-06-28 19:50,SHORT,29555.50,29565.50,29552.25,2026-06-28 19:50,STOP_HIT,1,-10.00
FIXED_R65,2026-06-29,2026-06-28 21:05,UP,2026-06-28 21:27,SHORT,29534.75,29544.75,29531.50,2026-06-28 21:27,TARGET_HIT,1,3.25
FIXED_R65,2026-06-29,2026-06-29 06:38,DOWN,2026-06-29 06:48,LONG,29511.25,29501.25,29514.50,2026-06-29 06:48,STOP_HIT,1,-10.00
FIXED_R65,2026-06-30,2026-06-29 14:02,UP,2026-06-29 14:21,SHORT,30028.50,30038.50,30025.25,2026-06-29 14:24,TARGET_HIT,4,3.25
FIXED_R65,2026-06-30,2026-06-29 16:17,DOWN,2026-06-29 16:31,LONG,29971.00,29961.00,29974.25,2026-06-29 16:31,STOP_HIT,1,-10.00
FIXED_R65,2026-06-30,2026-06-29 17:13,UP,2026-06-29 17:32,SHORT,30066.75,30076.75,30063.50,2026-06-29 17:32,STOP_HIT,1,-10.00
FIXED_R65,2026-06-30,2026-06-30 00:30,DOWN,2026-06-30 00:41,LONG,30036.00,30026.00,30039.25,2026-06-30 00:41,TARGET_HIT,1,3.25
FIXED_R65,2026-06-30,2026-06-30 00:40,UP,2026-06-30 01:18,SHORT,30081.50,30091.50,30078.25,2026-06-30 01:18,TARGET_HIT,1,3.25
FIXED_R65,2026-06-30,2026-06-30 03:51,DOWN,2026-06-30 04:34,LONG,30018.75,30008.75,30022.00,2026-06-30 04:34,STOP_HIT,1,-10.00
FIXED_R65,2026-07-01,2026-06-30 16:00,DOWN,2026-06-30 17:11,LONG,30492.00,30482.00,30495.25,2026-06-30 17:12,STOP_HIT,2,-10.00
FIXED_R65,2026-07-01,2026-07-01 06:12,DOWN,2026-07-01 06:22,LONG,30296.25,30286.25,30299.50,2026-07-01 06:22,TARGET_HIT,1,3.25
FIXED_R65,2026-07-01,2026-07-01 07:09,UP,2026-07-01 07:20,SHORT,30298.50,30308.50,30295.25,2026-07-01 07:20,STOP_HIT,1,-10.00
FIXED_R65,2026-07-01,2026-07-01 07:31,DOWN,2026-07-01 08:04,LONG,30256.50,30246.50,30259.75,2026-07-01 08:04,STOP_HIT,1,-10.00
FIXED_R65,2026-07-02,2026-07-01 14:17,UP,2026-07-01 14:59,SHORT,30109.50,30119.50,30106.25,2026-07-01 14:59,TARGET_HIT,1,3.25
FIXED_R65,2026-07-02,2026-07-01 16:36,DOWN,2026-07-01 16:46,LONG,30012.75,30002.75,30016.00,2026-07-01 16:46,TARGET_HIT,1,3.25
FIXED_R65,2026-07-02,2026-07-01 16:45,UP,2026-07-01 16:55,SHORT,30095.50,30105.50,30092.25,2026-07-01 16:55,STOP_HIT,1,-10.00
FIXED_R65,2026-07-02,2026-07-01 20:49,UP,2026-07-01 21:01,SHORT,30097.75,30107.75,30094.50,2026-07-01 21:01,STOP_HIT,1,-10.00
FIXED_R65,2026-07-02,2026-07-01 21:15,DOWN,2026-07-01 21:41,LONG,30058.00,30048.00,30061.25,2026-07-01 21:41,STOP_HIT,1,-10.00
FIXED_R65,2026-07-03,2026-07-02 14:56,DOWN,2026-07-02 15:14,LONG,29557.75,29547.75,29561.00,2026-07-02 15:14,TARGET_HIT,1,3.25
FIXED_R65,2026-07-03,2026-07-02 15:19,UP,2026-07-02 15:35,SHORT,29613.75,29623.75,29610.50,2026-07-02 15:35,TARGET_HIT,1,3.25
FIXED_R65,2026-07-03,2026-07-02 16:00,DOWN,2026-07-02 16:10,LONG,29552.25,29542.25,29555.50,2026-07-02 16:10,STOP_HIT,1,-10.00
FIXED_R65,2026-07-03,2026-07-02 16:10,UP,2026-07-02 16:20,SHORT,29591.75,29601.75,29588.50,2026-07-02 16:20,TARGET_HIT,1,3.25
FIXED_R65,2026-07-03,2026-07-02 16:15,DOWN,2026-07-02 16:31,LONG,29539.75,29529.75,29543.00,2026-07-02 16:31,TARGET_HIT,1,3.25
FIXED_R65,2026-07-06,2026-07-05 14:00,DOWN,2026-07-05 14:10,LONG,29881.75,29871.75,29885.00,2026-07-05 14:10,TARGET_HIT,1,3.25
FIXED_R65,2026-07-06,2026-07-05 14:05,UP,2026-07-05 14:37,SHORT,29959.75,29969.75,29956.50,2026-07-05 14:42,STOP_HIT,6,-10.00
FIXED_R65,2026-07-06,2026-07-05 16:02,UP,2026-07-05 16:15,SHORT,29982.50,29992.50,29979.25,2026-07-05 16:15,STOP_HIT,1,-10.00
FIXED_R65,2026-07-06,2026-07-05 21:34,UP,2026-07-05 23:25,SHORT,29836.50,29846.50,29833.25,2026-07-05 23:25,TARGET_HIT,1,3.25
FIXED_R65,2026-07-06,2026-07-06 00:16,UP,2026-07-06 01:02,SHORT,29868.75,29878.75,29865.50,2026-07-06 01:02,TARGET_HIT,1,3.25
FIXED_R65,2026-07-06,2026-07-06 05:00,DOWN,2026-07-06 05:23,LONG,29845.50,29835.50,29848.75,2026-07-06 05:23,TARGET_HIT,1,3.25
FIXED_R65,2026-07-06,2026-07-06 09:42,UP,2026-07-06 10:42,SHORT,29975.25,29985.25,29972.00,2026-07-06 10:44,TARGET_HIT,3,3.25
FIXED_R65,2026-07-06,2026-07-06 11:24,DOWN,2026-07-06 12:03,LONG,29960.00,29950.00,29963.25,2026-07-06 12:03,TARGET_HIT,1,3.25
FIXED_R65,2026-07-07,2026-07-06 14:21,DOWN,2026-07-06 14:54,LONG,29907.00,29897.00,29910.25,2026-07-06 14:54,TARGET_HIT,1,3.25
FIXED_R65,2026-07-07,2026-07-07 04:10,DOWN,2026-07-07 04:49,LONG,29638.25,29628.25,29641.50,2026-07-07 04:49,TARGET_HIT,1,3.25
FIXED_R65,2026-07-07,2026-07-07 09:08,DOWN,2026-07-07 11:13,LONG,29326.00,29316.00,29329.25,2026-07-07 11:13,TARGET_HIT,1,3.25
FIXED_R65,2026-07-08,2026-07-07 14:00,UP,2026-07-07 14:18,SHORT,29380.75,29390.75,29377.50,2026-07-07 14:18,TARGET_HIT,1,3.25
FIXED_R65,2026-07-08,2026-07-07 16:00,UP,2026-07-07 16:16,SHORT,29421.75,29431.75,29418.50,2026-07-07 16:16,TARGET_HIT,1,3.25
FIXED_R65,2026-07-08,2026-07-07 18:12,UP,2026-07-07 18:27,SHORT,29453.75,29463.75,29450.50,2026-07-07 18:27,TARGET_HIT,1,3.25
FIXED_R65,2026-07-08,2026-07-07 19:31,DOWN,2026-07-07 21:03,LONG,29408.75,29398.75,29412.00,2026-07-07 21:03,TARGET_HIT,1,3.25
FIXED_R65,2026-07-09,2026-07-08 15:20,UP,2026-07-08 15:36,SHORT,29482.75,29492.75,29479.50,2026-07-08 15:36,TARGET_HIT,1,3.25
FIXED_R65,2026-07-09,2026-07-08 17:20,DOWN,2026-07-08 17:57,LONG,29453.50,29443.50,29456.75,2026-07-08 17:57,TARGET_HIT,1,3.25
FIXED_R65,2026-07-09,2026-07-08 18:02,UP,2026-07-08 18:17,SHORT,29529.75,29539.75,29526.50,2026-07-08 18:17,TARGET_HIT,1,3.25
FIXED_R65,2026-07-09,2026-07-08 18:21,DOWN,2026-07-08 18:49,LONG,29451.00,29441.00,29454.25,2026-07-08 18:49,STOP_HIT,1,-10.00
FIXED_R65,2026-07-09,2026-07-08 19:19,UP,2026-07-08 20:02,SHORT,29515.00,29525.00,29511.75,2026-07-08 20:02,TARGET_HIT,1,3.25
FIXED_R65,2026-07-10,2026-07-09 15:26,DOWN,2026-07-09 16:03,LONG,29905.00,29895.00,29908.25,2026-07-09 16:03,STOP_HIT,1,-10.00
FIXED_R65,2026-07-10,2026-07-09 17:51,DOWN,2026-07-09 18:23,LONG,29857.75,29847.75,29861.00,2026-07-09 18:23,TARGET_HIT,1,3.25
FIXED_R65,2026-07-10,2026-07-09 19:07,DOWN,2026-07-09 22:03,LONG,29850.25,29840.25,29853.50,2026-07-09 22:04,TARGET_HIT,2,3.25
FIXED_R65,2026-07-10,2026-07-10 03:16,DOWN,2026-07-10 03:35,LONG,29836.75,29826.75,29840.00,2026-07-10 03:35,STOP_HIT,1,-10.00
FIXED_R65,2026-07-10,2026-07-10 05:04,UP,2026-07-10 05:33,SHORT,29912.75,29922.75,29909.50,2026-07-10 05:33,TARGET_HIT,1,3.25
FIXED_R65,2026-07-10,2026-07-10 07:05,UP,2026-07-10 07:17,SHORT,29939.75,29949.75,29936.50,2026-07-10 07:17,TARGET_HIT,1,3.25
FIXED_R65,2026-07-10,2026-07-10 07:42,UP,2026-07-10 07:52,SHORT,29907.00,29917.00,29903.75,2026-07-10 07:52,STOP_HIT,1,-10.00
FIXED_R65,2026-07-13,2026-07-12 14:01,DOWN,2026-07-12 14:15,LONG,29866.25,29856.25,29869.50,2026-07-12 14:15,TARGET_HIT,1,3.25
FIXED_R65,2026-07-13,2026-07-12 15:47,UP,2026-07-12 16:04,SHORT,29957.75,29967.75,29954.50,2026-07-12 16:04,STOP_HIT,1,-10.00
FIXED_R65,2026-07-13,2026-07-12 16:10,DOWN,2026-07-12 17:04,LONG,29840.00,29830.00,29843.25,2026-07-12 17:04,STOP_HIT,1,-10.00
FIXED_R65,2026-07-13,2026-07-13 03:06,DOWN,2026-07-13 04:05,LONG,29728.75,29718.75,29732.00,2026-07-13 04:05,TARGET_HIT,1,3.25
FIXED_R65,2026-07-13,2026-07-13 06:30,DOWN,2026-07-13 06:47,LONG,29643.00,29633.00,29646.25,2026-07-13 06:47,TARGET_HIT,1,3.25
FIXED_R65,2026-07-13,2026-07-13 07:24,DOWN,2026-07-13 07:49,LONG,29623.25,29613.25,29626.50,2026-07-13 07:49,TARGET_HIT,1,3.25
FIXED_R65,2026-07-14,2026-07-13 14:00,DOWN,2026-07-13 14:55,LONG,29412.25,29402.25,29415.50,2026-07-13 14:55,STOP_HIT,1,-10.00
FIXED_R65,2026-07-14,2026-07-13 15:45,UP,2026-07-13 16:03,SHORT,29405.00,29415.00,29401.75,2026-07-13 16:03,STOP_HIT,1,-10.00
FIXED_R65,2026-07-14,2026-07-13 18:35,UP,2026-07-13 18:49,SHORT,29432.50,29442.50,29429.25,2026-07-13 18:49,STOP_HIT,1,-10.00
FIXED_R65,2026-07-14,2026-07-13 18:44,DOWN,2026-07-13 18:54,LONG,29394.00,29384.00,29397.25,2026-07-13 18:54,TARGET_HIT,1,3.25
FIXED_R65,2026-07-14,2026-07-13 20:12,UP,2026-07-13 20:28,SHORT,29447.50,29457.50,29444.25,2026-07-13 20:29,TARGET_HIT,2,3.25
FIXED_R65,2026-07-15,2026-07-14 14:11,UP,2026-07-14 15:26,SHORT,29852.25,29862.25,29849.00,2026-07-14 15:26,TARGET_HIT,1,3.25
FIXED_R65,2026-07-15,2026-07-14 23:27,UP,2026-07-14 23:49,SHORT,29997.25,30007.25,29994.00,2026-07-14 23:49,TARGET_HIT,1,3.25
FIXED_R65,2026-07-15,2026-07-14 23:53,DOWN,2026-07-15 00:05,LONG,29933.00,29923.00,29936.25,2026-07-15 00:06,STOP_HIT,2,-10.00
FIXED_R65,2026-07-15,2026-07-15 04:25,UP,2026-07-15 04:35,SHORT,29941.75,29951.75,29938.50,2026-07-15 04:35,STOP_HIT,1,-10.00
FIXED_R65,2026-07-15,2026-07-15 05:07,DOWN,2026-07-15 05:32,LONG,29941.75,29931.75,29945.00,2026-07-15 05:32,STOP_HIT,1,-10.00
FIXED_R65,2026-07-15,2026-07-15 10:23,DOWN,2026-07-15 10:47,LONG,29641.50,29631.50,29644.75,2026-07-15 10:47,TARGET_HIT,1,3.25
FIXED_R65,2026-07-16,2026-07-15 14:06,DOWN,2026-07-15 14:50,LONG,29682.00,29672.00,29685.25,2026-07-15 14:50,TARGET_HIT,1,3.25
FIXED_R65,2026-07-16,2026-07-15 14:55,UP,2026-07-15 16:03,SHORT,29737.50,29747.50,29734.25,2026-07-15 16:03,TARGET_HIT,1,3.25
FIXED_R65,2026-07-16,2026-07-15 18:03,UP,2026-07-15 18:43,SHORT,29685.00,29695.00,29681.75,2026-07-15 18:43,TARGET_HIT,1,3.25
FIXED_R65,2026-07-16,2026-07-15 21:30,DOWN,2026-07-15 21:52,LONG,29686.75,29676.75,29690.00,2026-07-15 21:52,TARGET_HIT,1,3.25
FIXED_R65,2026-07-16,2026-07-15 22:17,DOWN,2026-07-15 22:31,LONG,29689.75,29679.75,29693.00,2026-07-15 22:32,STOP_HIT,2,-10.00
FIXED_R65,2026-07-16,2026-07-16 06:22,UP,2026-07-16 06:38,SHORT,29490.50,29500.50,29487.25,2026-07-16 06:38,TARGET_HIT,1,3.25
FIXED_R65,2026-07-16,2026-07-16 06:37,DOWN,2026-07-16 06:47,LONG,29458.25,29448.25,29461.50,2026-07-16 06:47,TARGET_HIT,1,3.25
FIXED_R65,2026-07-17,2026-07-16 14:04,DOWN,2026-07-16 14:33,LONG,29156.75,29146.75,29160.00,2026-07-16 14:34,STOP_HIT,2,-10.00
FIXED_R65,2026-07-17,2026-07-17 02:41,DOWN,2026-07-17 03:05,LONG,28761.50,28751.50,28764.75,2026-07-17 03:05,TARGET_HIT,1,3.25
FIXED_R65,2026-07-17,2026-07-17 06:47,DOWN,2026-07-17 07:03,LONG,28716.50,28706.50,28719.75,2026-07-17 07:03,STOP_HIT,1,-10.00
FIXED_R65,2026-07-17,2026-07-17 07:24,UP,2026-07-17 07:35,SHORT,28753.75,28763.75,28750.50,2026-07-17 07:35,TARGET_HIT,1,3.25
FIXED_R65,2026-07-17,2026-07-17 10:55,DOWN,2026-07-17 11:20,LONG,28767.25,28757.25,28770.50,2026-07-17 11:20,STOP_HIT,1,-10.00
FIXED_R65,2026-07-17,2026-07-17 11:30,DOWN,2026-07-17 11:40,LONG,28767.75,28757.75,28771.00,2026-07-17 11:40,STOP_HIT,1,-10.00
FIXED_R65,2026-07-17,2026-07-17 11:40,UP,2026-07-17 11:51,SHORT,28820.00,28830.00,28816.75,2026-07-17 11:51,STOP_HIT,1,-10.00
FIXED_R65,2026-07-17,2026-07-17 11:51,DOWN,2026-07-17 12:03,LONG,28740.50,28730.50,28743.75,2026-07-17 12:03,STOP_HIT,1,-10.00
FIXED_R65,2026-07-20,2026-07-19 14:01,DOWN,2026-07-19 14:11,LONG,28720.00,28710.00,28723.25,2026-07-19 14:11,TARGET_HIT,1,3.25
FIXED_R65,2026-07-20,2026-07-19 14:14,UP,2026-07-19 14:32,SHORT,28766.25,28776.25,28763.00,2026-07-19 14:32,STOP_HIT,1,-10.00
FIXED_R65,2026-07-20,2026-07-19 17:10,DOWN,2026-07-19 17:42,LONG,28816.75,28806.75,28820.00,2026-07-19 17:42,STOP_HIT,1,-10.00
FIXED_R65,2026-07-20,2026-07-19 17:56,UP,2026-07-19 18:06,SHORT,28875.00,28885.00,28871.75,2026-07-19 18:06,STOP_HIT,1,-10.00
FIXED_R65,2026-07-20,2026-07-19 18:06,DOWN,2026-07-19 18:24,LONG,28798.00,28788.00,28801.25,2026-07-19 18:24,TARGET_HIT,1,3.25
FIXED_R65,2026-07-20,2026-07-19 20:51,DOWN,2026-07-19 21:14,LONG,28856.00,28846.00,28859.25,2026-07-19 21:14,TARGET_HIT,1,3.25
FIXED_R65,2026-07-20,2026-07-19 22:35,UP,2026-07-20 00:00,SHORT,28908.25,28918.25,28905.00,2026-07-20 00:00,STOP_HIT,1,-10.00
FIXED_R65,2026-07-20,2026-07-20 06:04,DOWN,2026-07-20 06:14,LONG,28967.50,28957.50,28970.75,2026-07-20 06:14,TARGET_HIT,1,3.25
FIXED_R65,2026-07-20,2026-07-20 06:30,DOWN,2026-07-20 06:46,LONG,28974.25,28964.25,28977.50,2026-07-20 06:46,TARGET_HIT,1,3.25
FIXED_R65,2026-07-20,2026-07-20 07:05,UP,2026-07-20 07:30,SHORT,29015.75,29025.75,29012.50,2026-07-20 07:31,STOP_HIT,2,-10.00
FIXED_R65,2026-07-20,2026-07-20 08:41,DOWN,2026-07-20 09:04,LONG,28969.00,28959.00,28972.25,2026-07-20 09:05,STOP_HIT,2,-10.00
FIXED_R65,2026-07-21,2026-07-20 14:00,DOWN,2026-07-20 14:10,LONG,28728.75,28718.75,28732.00,2026-07-20 14:10,TARGET_HIT,1,3.25
FIXED_R65,2026-07-21,2026-07-20 14:34,UP,2026-07-20 15:09,SHORT,28765.75,28775.75,28762.50,2026-07-20 15:09,STOP_HIT,1,-10.00
FIXED_R65,2026-07-21,2026-07-20 15:45,DOWN,2026-07-20 16:16,LONG,28721.50,28711.50,28724.75,2026-07-20 16:16,STOP_HIT,1,-10.00
FIXED_R65,2026-07-21,2026-07-20 16:07,UP,2026-07-20 16:27,SHORT,28804.00,28814.00,28800.75,2026-07-20 16:27,STOP_HIT,1,-10.00
FIXED_R65,2026-07-22,2026-07-21 14:48,UP,2026-07-21 16:03,SHORT,29317.75,29327.75,29314.50,2026-07-21 16:03,TARGET_HIT,1,3.25
FIXED_R65,2026-07-22,2026-07-21 16:11,DOWN,2026-07-21 16:47,LONG,29267.50,29257.50,29270.75,2026-07-21 16:48,TARGET_HIT,2,3.25
FIXED_R65,2026-07-22,2026-07-21 17:31,UP,2026-07-21 17:59,SHORT,29281.50,29291.50,29278.25,2026-07-21 17:59,TARGET_HIT,1,3.25
FIXED_R65,2026-07-22,2026-07-22 04:56,UP,2026-07-22 05:42,SHORT,29158.00,29168.00,29154.75,2026-07-22 05:42,STOP_HIT,1,-10.00
FIXED_R65,2026-07-23,2026-07-22 14:00,DOWN,2026-07-22 14:10,LONG,29066.50,29056.50,29069.75,2026-07-22 14:10,TARGET_HIT,1,3.25
FIXED_R65,2026-07-23,2026-07-22 15:04,UP,2026-07-22 15:59,SHORT,29136.50,29146.50,29133.25,2026-07-22 15:59,TARGET_HIT,1,3.25
FIXED_R65,2026-07-23,2026-07-22 20:35,DOWN,2026-07-22 21:13,LONG,29110.00,29100.00,29113.25,2026-07-22 21:13,TARGET_HIT,1,3.25
FIXED_R65,2026-07-23,2026-07-22 21:32,DOWN,2026-07-22 21:58,LONG,29100.00,29090.00,29103.25,2026-07-22 21:59,STOP_HIT,2,-10.00
FIXED_R65,2026-07-23,2026-07-23 01:03,DOWN,2026-07-23 01:35,LONG,29074.75,29064.75,29078.00,2026-07-23 01:37,TARGET_HIT,3,3.25
FIXED_R65,2026-07-23,2026-07-23 02:16,UP,2026-07-23 02:50,SHORT,29106.75,29116.75,29103.50,2026-07-23 02:50,TARGET_HIT,1,3.25
FIXED_R65,2026-07-23,2026-07-23 02:41,DOWN,2026-07-23 03:03,LONG,29062.00,29052.00,29065.25,2026-07-23 03:03,TARGET_HIT,1,3.25
FIXED_R65,2026-07-23,2026-07-23 12:00,UP,2026-07-23 12:10,SHORT,28714.75,28724.75,28711.50,2026-07-23 12:10,STOP_HIT,1,-10.00
FIXED_R65,2026-07-24,2026-07-23 14:00,DOWN,2026-07-23 14:11,LONG,28642.75,28632.75,28646.00,2026-07-23 14:11,TARGET_HIT,1,3.25
FIXED_R65,2026-07-24,2026-07-23 14:19,UP,2026-07-23 14:32,SHORT,28687.75,28697.75,28684.50,2026-07-23 14:32,TARGET_HIT,1,3.25
FIXED_R65,2026-07-24,2026-07-23 15:54,UP,2026-07-23 16:04,SHORT,28680.75,28690.75,28677.50,2026-07-23 16:04,TARGET_HIT,1,3.25
FIXED_R65,2026-07-24,2026-07-23 16:35,UP,2026-07-23 17:21,SHORT,28664.50,28674.50,28661.25,2026-07-23 17:21,TARGET_HIT,1,3.25
FIXED_R65,2026-07-24,2026-07-23 17:08,DOWN,2026-07-23 17:51,LONG,28635.25,28625.25,28638.50,2026-07-23 17:51,TARGET_HIT,1,3.25
FIXED_R65,2026-07-24,2026-07-23 22:49,UP,2026-07-23 23:23,SHORT,28641.50,28651.50,28638.25,2026-07-23 23:23,TARGET_HIT,1,3.25
FIXED_R65,2026-07-24,2026-07-23 23:26,DOWN,2026-07-24 00:04,LONG,28602.50,28592.50,28605.75,2026-07-24 00:04,STOP_HIT,1,-10.00
FIXED_R65,2026-07-24,2026-07-24 00:12,UP,2026-07-24 00:47,SHORT,28624.25,28634.25,28621.00,2026-07-24 00:47,TARGET_HIT,1,3.25
FIXED_R65,2026-07-24,2026-07-24 04:18,DOWN,2026-07-24 05:01,LONG,28586.50,28576.50,28589.75,2026-07-24 05:02,TARGET_HIT,2,3.25
FIXED_R65,2026-07-24,2026-07-24 08:10,DOWN,2026-07-24 09:15,LONG,28458.00,28448.00,28461.25,2026-07-24 09:15,TARGET_HIT,1,3.25
FIXED_R65,2026-07-27,2026-07-26 14:01,DOWN,2026-07-26 14:11,LONG,28593.75,28583.75,28597.00,2026-07-26 14:12,TARGET_HIT,2,3.25
FIXED_R65,2026-07-27,2026-07-26 14:09,UP,2026-07-26 14:24,SHORT,28630.00,28640.00,28626.75,2026-07-26 14:24,TARGET_HIT,1,3.25
FIXED_R65,2026-07-27,2026-07-26 16:00,DOWN,2026-07-26 16:27,LONG,28627.25,28617.25,28630.50,2026-07-26 16:27,STOP_HIT,1,-10.00
FIXED_R65,2026-07-27,2026-07-26 18:46,DOWN,2026-07-26 19:57,LONG,28610.25,28600.25,28613.50,2026-07-26 19:57,TARGET_HIT,1,3.25
FIXED_R65,2026-07-27,2026-07-27 05:00,DOWN,2026-07-27 05:26,LONG,28625.00,28615.00,28628.25,2026-07-27 05:26,TARGET_HIT,1,3.25
FIXED_R65,2026-07-27,2026-07-27 10:40,UP,2026-07-27 11:12,SHORT,28224.00,28234.00,28220.75,2026-07-27 11:12,TARGET_HIT,1,3.25
FIXED_R65,2026-07-28,2026-07-27 14:00,DOWN,2026-07-27 14:14,LONG,28159.50,28149.50,28162.75,2026-07-27 14:15,TARGET_HIT,2,3.25
FIXED_R65,2026-07-28,2026-07-27 15:04,UP,2026-07-27 15:52,SHORT,28165.25,28175.25,28162.00,2026-07-27 15:52,STOP_HIT,1,-10.00
FIXED_R65,2026-07-28,2026-07-28 00:11,UP,2026-07-28 00:42,SHORT,28039.50,28049.50,28036.25,2026-07-28 00:42,TARGET_HIT,1,3.25
FIXED_R65,2026-07-28,2026-07-28 00:47,DOWN,2026-07-28 01:45,LONG,27973.75,27963.75,27977.00,2026-07-28 01:45,TARGET_HIT,1,3.25
FIXED_R65,2026-07-28,2026-07-28 03:41,UP,2026-07-28 04:39,SHORT,27972.25,27982.25,27969.00,2026-07-28 04:39,TARGET_HIT,1,3.25
FIXED_R65,2026-07-28,2026-07-28 04:30,DOWN,2026-07-28 04:42,LONG,27967.50,27957.50,27970.75,2026-07-28 04:42,TARGET_HIT,1,3.25
FIXED_R65,2026-07-28,2026-07-28 04:46,DOWN,2026-07-28 05:32,LONG,27910.50,27900.50,27913.75,2026-07-28 05:32,STOP_HIT,1,-10.00
FIXED_R65,2026-07-28,2026-07-28 10:00,DOWN,2026-07-28 10:23,LONG,27944.25,27934.25,27947.50,2026-07-28 10:23,STOP_HIT,1,-10.00
FIXED_R65,2026-07-28,2026-07-28 10:17,UP,2026-07-28 10:52,SHORT,27964.00,27974.00,27960.75,2026-07-28 10:52,TARGET_HIT,1,3.25
FIXED_R65,2026-07-28,2026-07-28 11:30,DOWN,2026-07-28 12:00,LONG,27919.50,27909.50,27922.75,2026-07-28 12:00,TARGET_HIT,1,3.25
FIXED_R65,2026-07-28,2026-07-28 12:06,UP,2026-07-28 12:42,SHORT,27940.25,27950.25,27937.00,2026-07-28 12:43,STOP_HIT,2,-10.00
FIXED_R65,2026-07-29,2026-07-28 14:10,DOWN,2026-07-28 14:46,LONG,27844.00,27834.00,27847.25,2026-07-28 14:46,STOP_HIT,1,-10.00
FIXED_R65,2026-07-29,2026-07-28 15:10,UP,2026-07-28 15:24,SHORT,27875.75,27885.75,27872.50,2026-07-28 15:24,TARGET_HIT,1,3.25
FIXED_R65,2026-07-29,2026-07-28 16:45,DOWN,2026-07-28 17:22,LONG,27951.75,27941.75,27955.00,2026-07-28 17:22,TARGET_HIT,1,3.25
FIXED_R65,2026-07-29,2026-07-28 17:27,DOWN,2026-07-28 17:37,LONG,27939.25,27929.25,27942.50,2026-07-28 17:37,TARGET_HIT,1,3.25
FIXED_R65,2026-07-29,2026-07-28 22:10,UP,2026-07-28 22:55,SHORT,27928.50,27938.50,27925.25,2026-07-28 22:55,STOP_HIT,1,-10.00
FIXED_R65,2026-07-29,2026-07-29 04:30,UP,2026-07-29 04:55,SHORT,27926.50,27936.50,27923.25,2026-07-29 04:55,TARGET_HIT,1,3.25
FIXED_R65,2026-07-29,2026-07-29 05:20,UP,2026-07-29 05:30,SHORT,27914.50,27924.50,27911.25,2026-07-29 05:30,STOP_HIT,1,-10.00
FIXED_R65,2026-07-30,2026-07-29 14:00,UP,2026-07-29 14:10,SHORT,27440.50,27450.50,27437.25,2026-07-29 14:10,STOP_HIT,1,-10.00
FIXED_R65,2026-07-30,2026-07-29 14:28,UP,2026-07-29 14:38,SHORT,27458.50,27468.50,27455.25,2026-07-29 14:39,TARGET_HIT,2,3.25
FIXED_R65,2026-07-30,2026-07-29 18:48,DOWN,2026-07-29 19:20,LONG,27485.50,27475.50,27488.75,2026-07-29 19:20,TARGET_HIT,1,3.25
FIXED_R65,2026-07-30,2026-07-29 19:40,UP,2026-07-29 19:50,SHORT,27549.75,27559.75,27546.50,2026-07-29 19:50,TARGET_HIT,1,3.25
FIXED_R65,2026-07-30,2026-07-29 19:49,DOWN,2026-07-29 20:10,LONG,27488.25,27478.25,27491.50,2026-07-29 20:10,TARGET_HIT,1,3.25
FIXED_R65,2026-07-30,2026-07-30 00:57,UP,2026-07-30 01:15,SHORT,27536.75,27546.75,27533.50,2026-07-30 01:15,TARGET_HIT,1,3.25
FIXED_R65,2026-07-31,2026-07-30 14:00,UP,2026-07-30 14:10,SHORT,28400.00,28410.00,28396.75,2026-07-30 14:10,TARGET_HIT,1,3.25
FIXED_R65,2026-07-31,2026-07-30 14:03,DOWN,2026-07-30 14:32,LONG,28338.00,28328.00,28341.25,2026-07-30 14:33,TARGET_HIT,2,3.25
FIXED_R65,2026-07-31,2026-07-30 14:32,UP,2026-07-30 14:43,SHORT,28392.00,28402.00,28388.75,2026-07-30 14:43,TARGET_HIT,1,3.25
FIXED_R65,2026-07-31,2026-07-30 18:37,UP,2026-07-30 19:57,SHORT,28466.25,28476.25,28463.00,2026-07-30 19:58,TARGET_HIT,2,3.25
FIXED_R65,2026-07-31,2026-07-31 03:08,DOWN,2026-07-31 04:33,LONG,28476.75,28466.75,28480.00,2026-07-31 04:33,STOP_HIT,1,-10.00
FIXED_R65,2026-07-31,2026-07-31 04:42,UP,2026-07-31 05:25,SHORT,28549.75,28559.75,28546.50,2026-07-31 05:25,STOP_HIT,1,-10.00
FIXED_R65,2026-07-31,2026-07-31 08:35,DOWN,2026-07-31 08:49,LONG,28342.50,28332.50,28345.75,2026-07-31 08:49,STOP_HIT,1,-10.00
FIXED_R65,2026-07-31,2026-07-31 11:59,DOWN,2026-07-31 12:09,LONG,28392.50,28382.50,28395.75,2026-07-31 12:09,TARGET_HIT,1,3.25
FIXED_R65,2026-08-03,2026-08-02 14:00,UP,2026-08-02 14:10,SHORT,28601.00,28611.00,28597.75,2026-08-02 14:10,STOP_HIT,1,-10.00
FIXED_R65,2026-08-03,2026-08-02 14:13,DOWN,2026-08-02 14:59,LONG,28564.25,28554.25,28567.50,2026-08-02 14:59,TARGET_HIT,1,3.25
FIXED_R65,2026-08-03,2026-08-02 15:52,DOWN,2026-08-02 16:02,LONG,28586.25,28576.25,28589.50,2026-08-02 16:02,TARGET_HIT,1,3.25
FIXED_R65,2026-08-03,2026-08-02 16:06,UP,2026-08-02 16:16,SHORT,28619.75,28629.75,28616.50,2026-08-02 16:16,TARGET_HIT,1,3.25
FIXED_R65,2026-08-03,2026-08-02 16:15,DOWN,2026-08-02 16:26,LONG,28568.00,28558.00,28571.25,2026-08-02 16:26,TARGET_HIT,1,3.25
FIXED_R65,2026-08-03,2026-08-02 16:29,UP,2026-08-02 16:58,SHORT,28613.25,28623.25,28610.00,2026-08-02 16:59,STOP_HIT,2,-10.00
FIXED_R65,2026-08-03,2026-08-02 17:05,DOWN,2026-08-02 17:24,LONG,28587.25,28577.25,28590.50,2026-08-02 17:24,TARGET_HIT,1,3.25
FIXED_R65,2026-08-03,2026-08-02 17:19,UP,2026-08-02 17:45,SHORT,28630.00,28640.00,28626.75,2026-08-02 17:45,TARGET_HIT,1,3.25
FIXED_R65,2026-08-03,2026-08-02 23:02,UP,2026-08-02 23:12,SHORT,28618.50,28628.50,28615.25,2026-08-02 23:12,STOP_HIT,1,-10.00
FIXED_R65,2026-08-03,2026-08-02 23:11,DOWN,2026-08-02 23:21,LONG,28585.75,28575.75,28589.00,2026-08-02 23:21,TARGET_HIT,1,3.25
FIXED_R65,2026-08-04,2026-08-03 16:04,DOWN,2026-08-03 16:16,LONG,28913.25,28903.25,28916.50,2026-08-03 16:16,TARGET_HIT,1,3.25
FIXED_R65,2026-08-04,2026-08-03 17:04,UP,2026-08-03 18:01,SHORT,29033.50,29043.50,29030.25,2026-08-03 18:01,STOP_HIT,1,-10.00
FIXED_R65,2026-08-05,2026-08-04 14:02,UP,2026-08-04 14:24,SHORT,29825.75,29835.75,29822.50,2026-08-04 14:24,TARGET_HIT,1,3.25
FIXED_R65,2026-08-05,2026-08-04 16:30,DOWN,2026-08-04 17:18,LONG,29816.50,29806.50,29819.75,2026-08-04 17:18,TARGET_HIT,1,3.25
FIXED_R65,2026-08-05,2026-08-04 17:26,UP,2026-08-04 17:49,SHORT,29869.00,29879.00,29865.75,2026-08-04 17:50,TARGET_HIT,2,3.25
FIXED_R65,2026-08-05,2026-08-05 00:45,UP,2026-08-05 03:06,SHORT,29901.75,29911.75,29898.50,2026-08-05 03:06,TARGET_HIT,1,3.25
FIXED_R65,2026-08-06,2026-08-05 14:00,UP,2026-08-05 14:24,SHORT,29631.00,29641.00,29627.75,2026-08-05 14:25,TARGET_HIT,2,3.25
FIXED_R65,2026-08-06,2026-08-05 14:47,DOWN,2026-08-05 15:10,LONG,29619.50,29609.50,29622.75,2026-08-05 15:10,TARGET_HIT,1,3.25
FIXED_R65,2026-08-06,2026-08-05 18:45,DOWN,2026-08-05 19:50,LONG,29569.25,29559.25,29572.50,2026-08-05 19:50,TARGET_HIT,1,3.25
FIXED_R65,2026-08-06,2026-08-05 19:33,UP,2026-08-05 20:38,SHORT,29561.75,29571.75,29558.50,2026-08-05 20:38,TARGET_HIT,1,3.25
FIXED_R65,2026-08-06,2026-08-05 20:30,DOWN,2026-08-05 22:08,LONG,29539.00,29529.00,29542.25,2026-08-05 22:09,STOP_HIT,2,-10.00
FIXED_R65,2026-08-06,2026-08-06 05:40,UP,2026-08-06 05:54,SHORT,29512.25,29522.25,29509.00,2026-08-06 05:54,TARGET_HIT,1,3.25
FIXED_R65,2026-08-06,2026-08-06 07:50,DOWN,2026-08-06 08:00,LONG,29515.75,29505.75,29519.00,2026-08-06 08:00,STOP_HIT,1,-10.00
FIXED_R65,2026-08-06,2026-08-06 09:01,DOWN,2026-08-06 09:44,LONG,29499.00,29489.00,29502.25,2026-08-06 09:44,TARGET_HIT,1,3.25
FIXED_R65,2026-08-06,2026-08-06 09:41,UP,2026-08-06 10:18,SHORT,29552.50,29562.50,29549.25,2026-08-06 10:18,STOP_HIT,1,-10.00
FIXED_R65,2026-08-06,2026-08-06 10:22,DOWN,2026-08-06 10:49,LONG,29518.50,29508.50,29521.75,2026-08-06 10:51,TARGET_HIT,3,3.25
FIXED_R65,2026-08-06,2026-08-06 10:42,UP,2026-08-06 11:09,SHORT,29559.75,29569.75,29556.50,2026-08-06 11:12,STOP_HIT,4,-10.00
FIXED_R65,2026-08-06,2026-08-06 11:12,DOWN,2026-08-06 11:26,LONG,29520.00,29510.00,29523.25,2026-08-06 11:26,STOP_HIT,1,-10.00
FIXED_R65,2026-08-06,2026-08-06 12:06,DOWN,2026-08-06 12:28,LONG,29485.50,29475.50,29488.75,2026-08-06 12:28,TARGET_HIT,1,3.25
FIXED_R65,2026-08-10,2026-08-09 14:00,DOWN,2026-08-09 14:13,LONG,29842.00,29832.00,29845.25,2026-08-09 14:13,TARGET_HIT,1,3.25
FIXED_R65,2026-08-10,2026-08-09 14:17,UP,2026-08-09 15:08,SHORT,29868.75,29878.75,29865.50,2026-08-09 15:08,TARGET_HIT,1,3.25
FIXED_R65,2026-08-10,2026-08-09 15:24,DOWN,2026-08-09 16:01,LONG,29829.00,29819.00,29832.25,2026-08-09 16:01,STOP_HIT,1,-10.00
FIXED_R65,2026-08-10,2026-08-09 16:10,DOWN,2026-08-09 16:51,LONG,29828.25,29818.25,29831.50,2026-08-09 16:51,STOP_HIT,1,-10.00
FIXED_R65,2026-08-10,2026-08-09 16:56,UP,2026-08-09 17:35,SHORT,29852.00,29862.00,29848.75,2026-08-09 17:35,TARGET_HIT,1,3.25
FIXED_R65,2026-08-10,2026-08-10 03:12,UP,2026-08-10 03:31,SHORT,29911.75,29921.75,29908.50,2026-08-10 03:31,TARGET_HIT,1,3.25
FIXED_R65,2026-08-10,2026-08-10 03:30,DOWN,2026-08-10 03:51,LONG,29858.75,29848.75,29862.00,2026-08-10 03:51,TARGET_HIT,1,3.25
FIXED_R65,2026-08-10,2026-08-10 05:53,UP,2026-08-10 06:16,SHORT,29880.50,29890.50,29877.25,2026-08-10 06:16,TARGET_HIT,1,3.25
FIXED_R65,2026-08-10,2026-08-10 06:37,DOWN,2026-08-10 07:01,LONG,29776.25,29766.25,29779.50,2026-08-10 07:01,TARGET_HIT,1,3.25
FIXED_R65,2026-08-10,2026-08-10 07:35,UP,2026-08-10 08:13,SHORT,29816.75,29826.75,29813.50,2026-08-10 08:15,STOP_HIT,3,-10.00
FIXED_R65,2026-08-10,2026-08-10 08:00,DOWN,2026-08-10 08:32,LONG,29768.75,29758.75,29772.00,2026-08-10 08:32,STOP_HIT,1,-10.00
FIXED_R65,2026-08-11,2026-08-10 14:00,DOWN,2026-08-10 14:37,LONG,29726.25,29716.25,29729.50,2026-08-10 14:37,TARGET_HIT,1,3.25
FIXED_R65,2026-08-11,2026-08-10 16:02,UP,2026-08-10 16:18,SHORT,29730.50,29740.50,29727.25,2026-08-10 16:20,TARGET_HIT,3,3.25
FIXED_R65,2026-08-11,2026-08-10 20:31,DOWN,2026-08-10 23:17,LONG,29763.00,29753.00,29766.25,2026-08-10 23:17,STOP_HIT,1,-10.00
FIXED_R65,2026-08-11,2026-08-10 23:23,UP,2026-08-11 00:06,SHORT,29773.75,29783.75,29770.50,2026-08-11 00:06,TARGET_HIT,1,3.25
FIXED_R65,2026-08-11,2026-08-11 00:03,DOWN,2026-08-11 00:13,LONG,29731.50,29721.50,29734.75,2026-08-11 00:13,TARGET_HIT,1,3.25
FIXED_R65,2026-08-11,2026-08-11 00:35,UP,2026-08-11 02:57,SHORT,29815.00,29825.00,29811.75,2026-08-11 03:00,STOP_HIT,4,-10.00
FIXED_R65,2026-08-11,2026-08-11 05:47,UP,2026-08-11 06:40,SHORT,29744.75,29754.75,29741.50,2026-08-11 06:40,STOP_HIT,1,-10.00
FIXED_R65,2026-08-11,2026-08-11 06:52,DOWN,2026-08-11 07:16,LONG,29711.50,29701.50,29714.75,2026-08-11 07:16,TARGET_HIT,1,3.25
FIXED_R65,2026-08-12,2026-08-11 16:08,UP,2026-08-11 18:35,SHORT,29689.25,29699.25,29686.00,2026-08-11 18:52,STOP_HIT,18,-10.00
FIXED_R65,2026-08-12,2026-08-12 06:31,UP,2026-08-12 06:41,SHORT,29921.25,29931.25,29918.00,2026-08-12 06:41,TARGET_HIT,1,3.25
FIXED_R65,2026-08-12,2026-08-12 07:41,UP,2026-08-12 09:31,SHORT,29905.75,29915.75,29902.50,2026-08-12 09:32,STOP_HIT,2,-10.00
FIXED_R65,2026-08-12,2026-08-12 10:41,DOWN,2026-08-12 11:22,LONG,29869.75,29859.75,29873.00,2026-08-12 11:22,TARGET_HIT,1,3.25
FIXED_R65,2026-08-13,2026-08-12 14:31,UP,2026-08-12 16:04,SHORT,29847.75,29857.75,29844.50,2026-08-12 16:04,TARGET_HIT,1,3.25
FIXED_R65,2026-08-13,2026-08-13 04:30,DOWN,2026-08-13 04:52,LONG,29869.50,29859.50,29872.75,2026-08-13 04:52,TARGET_HIT,1,3.25
FIXED_R65,2026-08-13,2026-08-13 04:31,UP,2026-08-13 05:01,SHORT,29889.25,29899.25,29886.00,2026-08-13 05:01,TARGET_HIT,1,3.25
FIXED_R65,2026-08-19,2026-08-18 14:21,DOWN,2026-08-18 15:42,LONG,29533.25,29523.25,29536.50,2026-08-18 15:44,TARGET_HIT,3,3.25
FIXED_R65,2026-08-19,2026-08-18 16:15,UP,2026-08-18 16:46,SHORT,29572.00,29582.00,29568.75,2026-08-18 16:46,TARGET_HIT,1,3.25
FIXED_R65,2026-08-19,2026-08-18 17:22,DOWN,2026-08-18 19:18,LONG,29545.25,29535.25,29548.50,2026-08-18 19:21,STOP_HIT,4,-10.00
FIXED_R65,2026-08-19,2026-08-18 22:12,UP,2026-08-18 23:21,SHORT,29559.50,29569.50,29556.25,2026-08-18 23:24,STOP_HIT,4,-10.00
FIXED_R65,2026-08-19,2026-08-19 03:00,UP,2026-08-19 03:20,SHORT,29547.75,29557.75,29544.50,2026-08-19 03:20,TARGET_HIT,1,3.25
FIXED_R65,2026-08-19,2026-08-19 03:08,DOWN,2026-08-19 03:35,LONG,29518.00,29508.00,29521.25,2026-08-19 03:35,TARGET_HIT,1,3.25
FIXED_R65,2026-08-19,2026-08-19 03:48,UP,2026-08-19 04:20,SHORT,29569.50,29579.50,29566.25,2026-08-19 04:20,TARGET_HIT,1,3.25
FIXED_R65,2026-08-19,2026-08-19 06:22,UP,2026-08-19 07:02,SHORT,29612.25,29622.25,29609.00,2026-08-19 07:02,TARGET_HIT,1,3.25
FIXED_R65,2026-08-19,2026-08-19 08:19,DOWN,2026-08-19 09:29,LONG,29542.75,29532.75,29546.00,2026-08-19 09:31,STOP_HIT,3,-10.00
FIXED_R65,2026-08-19,2026-08-19 10:17,UP,2026-08-19 11:35,SHORT,29582.00,29592.00,29578.75,2026-08-19 11:35,TARGET_HIT,1,3.25
FIXED_R65,2026-08-20,2026-08-19 14:00,UP,2026-08-19 14:15,SHORT,29627.25,29637.25,29624.00,2026-08-19 14:15,TARGET_HIT,1,3.25
FIXED_R65,2026-08-20,2026-08-19 16:08,UP,2026-08-19 16:19,SHORT,29651.00,29661.00,29647.75,2026-08-19 16:21,STOP_HIT,3,-10.00
FIXED_R65,2026-08-20,2026-08-19 17:02,DOWN,2026-08-19 18:34,LONG,29645.25,29635.25,29648.50,2026-08-19 18:34,TARGET_HIT,1,3.25
FIXED_R65,2026-08-20,2026-08-19 21:14,UP,2026-08-19 22:37,SHORT,29665.50,29675.50,29662.25,2026-08-19 22:38,TARGET_HIT,2,3.25
FIXED_R65,2026-08-20,2026-08-19 22:52,DOWN,2026-08-19 23:28,LONG,29611.00,29601.00,29614.25,2026-08-19 23:28,TARGET_HIT,1,3.25
FIXED_R65,2026-08-20,2026-08-20 06:35,UP,2026-08-20 06:45,SHORT,29421.50,29431.50,29418.25,2026-08-20 06:45,STOP_HIT,1,-10.00
FIXED_R65,2026-08-21,2026-08-20 14:00,DOWN,2026-08-20 14:10,LONG,29287.50,29277.50,29290.75,2026-08-20 14:13,STOP_HIT,4,-10.00
FIXED_R65,2026-08-21,2026-08-20 14:05,UP,2026-08-20 16:07,SHORT,29341.00,29351.00,29337.75,2026-08-20 16:07,TARGET_HIT,1,3.25
FIXED_R65,2026-08-21,2026-08-21 06:21,UP,2026-08-21 07:55,SHORT,29472.75,29482.75,29469.50,2026-08-21 07:55,TARGET_HIT,1,3.25
FIXED_R65,2026-08-24,2026-08-23 14:00,DOWN,2026-08-23 14:10,LONG,29321.00,29311.00,29324.25,2026-08-23 14:12,TARGET_HIT,3,3.25
FIXED_R65,2026-08-24,2026-08-23 14:01,UP,2026-08-23 14:43,SHORT,29372.75,29382.75,29369.50,2026-08-23 14:43,STOP_HIT,1,-10.00
FIXED_R65,2026-08-24,2026-08-23 15:51,DOWN,2026-08-23 16:39,LONG,29366.25,29356.25,29369.50,2026-08-23 16:39,TARGET_HIT,1,3.25
FIXED_R65,2026-08-24,2026-08-23 16:26,UP,2026-08-23 17:23,SHORT,29423.75,29433.75,29420.50,2026-08-23 17:23,TARGET_HIT,1,3.25
FIXED_R65,2026-08-24,2026-08-23 17:19,DOWN,2026-08-23 17:49,LONG,29379.25,29369.25,29382.50,2026-08-23 17:49,TARGET_HIT,1,3.25
FIXED_R65,2026-08-24,2026-08-24 07:21,UP,2026-08-24 07:31,SHORT,29130.25,29140.25,29127.00,2026-08-24 07:31,TARGET_HIT,1,3.25
FIXED_R65,2026-08-24,2026-08-24 09:55,UP,2026-08-24 10:10,SHORT,29179.25,29189.25,29176.00,2026-08-24 10:10,TARGET_HIT,1,3.25
FIXED_R65,2026-08-24,2026-08-24 10:30,DOWN,2026-08-24 11:49,LONG,29128.25,29118.25,29131.50,2026-08-24 11:49,TARGET_HIT,1,3.25
FIXED_R65,2026-08-25,2026-08-24 14:00,DOWN,2026-08-24 15:43,LONG,29086.00,29076.00,29089.25,2026-08-24 15:43,STOP_HIT,1,-10.00
FIXED_R65,2026-08-25,2026-08-24 16:19,UP,2026-08-24 16:53,SHORT,29125.75,29135.75,29122.50,2026-08-24 16:53,STOP_HIT,1,-10.00
FIXED_R65,2026-08-25,2026-08-25 05:49,DOWN,2026-08-25 06:03,LONG,29274.25,29264.25,29277.50,2026-08-25 06:03,STOP_HIT,1,-10.00
FIXED_R65,2026-08-25,2026-08-25 07:33,DOWN,2026-08-25 07:49,LONG,29226.75,29216.75,29230.00,2026-08-25 07:49,TARGET_HIT,1,3.25
FIXED_R65,2026-08-25,2026-08-25 07:49,UP,2026-08-25 08:04,SHORT,29288.25,29298.25,29285.00,2026-08-25 08:04,TARGET_HIT,1,3.25
FIXED_R65,2026-08-25,2026-08-25 08:30,DOWN,2026-08-25 09:09,LONG,29229.50,29219.50,29232.75,2026-08-25 09:09,TARGET_HIT,1,3.25
FIXED_R65,2026-08-25,2026-08-25 10:08,UP,2026-08-25 12:30,SHORT,29302.00,29312.00,29298.75,2026-08-25 12:38,TARGET_HIT,9,3.25
FIXED_R65,2026-08-26,2026-08-25 14:00,DOWN,2026-08-25 15:31,LONG,29239.50,29229.50,29242.75,2026-08-25 15:31,TARGET_HIT,1,3.25
FIXED_R65,2026-08-26,2026-08-25 17:35,UP,2026-08-25 19:31,SHORT,29216.75,29226.75,29213.50,2026-08-25 19:31,TARGET_HIT,1,3.25
FIXED_R65,2026-08-26,2026-08-25 22:48,DOWN,2026-08-25 23:48,LONG,29208.00,29198.00,29211.25,2026-08-25 23:48,TARGET_HIT,1,3.25
FIXED_R65,2026-08-26,2026-08-26 00:22,UP,2026-08-26 00:43,SHORT,29248.75,29258.75,29245.50,2026-08-26 00:43,TARGET_HIT,1,3.25
FIXED_R65,2026-08-26,2026-08-26 03:18,DOWN,2026-08-26 03:51,LONG,29206.00,29196.00,29209.25,2026-08-26 03:51,TARGET_HIT,1,3.25
FIXED_R65,2026-08-26,2026-08-26 03:48,UP,2026-08-26 04:30,SHORT,29256.75,29266.75,29253.50,2026-08-26 04:30,TARGET_HIT,1,3.25
FIXED_R65,2026-08-26,2026-08-26 05:59,DOWN,2026-08-26 06:37,LONG,29214.75,29204.75,29218.00,2026-08-26 06:37,TARGET_HIT,1,3.25
FIXED_R65,2026-08-26,2026-08-26 06:28,UP,2026-08-26 07:04,SHORT,29259.50,29269.50,29256.25,2026-08-26 07:04,TARGET_HIT,1,3.25
FIXED_R65,2026-08-26,2026-08-26 07:50,DOWN,2026-08-26 08:00,LONG,29217.75,29207.75,29221.00,2026-08-26 08:00,STOP_HIT,1,-10.00
FIXED_R65,2026-08-26,2026-08-26 08:44,UP,2026-08-26 09:29,SHORT,29267.50,29277.50,29264.25,2026-08-26 09:29,TARGET_HIT,1,3.25
FIXED_R65,2026-08-27,2026-08-26 14:00,UP,2026-08-26 14:10,SHORT,29560.75,29570.75,29557.50,2026-08-26 14:11,TARGET_HIT,2,3.25
FIXED_R65,2026-08-27,2026-08-26 16:00,DOWN,2026-08-26 16:24,LONG,29571.75,29561.75,29575.00,2026-08-26 16:24,TARGET_HIT,1,3.25
FIXED_R65,2026-08-27,2026-08-26 19:25,DOWN,2026-08-26 20:39,LONG,29510.75,29500.75,29514.00,2026-08-26 20:40,STOP_HIT,2,-10.00
FIXED_R65,2026-08-27,2026-08-26 22:12,UP,2026-08-27 00:30,SHORT,29656.75,29666.75,29653.50,2026-08-27 00:30,TARGET_HIT,1,3.25
FIXED_R65,2026-08-27,2026-08-27 03:50,UP,2026-08-27 04:12,SHORT,29583.50,29593.50,29580.25,2026-08-27 04:14,TARGET_HIT,3,3.25
FIXED_R65,2026-08-27,2026-08-27 04:26,DOWN,2026-08-27 04:51,LONG,29530.00,29520.00,29533.25,2026-08-27 04:52,STOP_HIT,2,-10.00
FIXED_R65,2026-08-27,2026-08-27 05:57,UP,2026-08-27 06:23,SHORT,29581.50,29591.50,29578.25,2026-08-27 06:23,STOP_HIT,1,-10.00
FIXED_R65,2026-08-27,2026-08-27 10:28,UP,2026-08-27 11:06,SHORT,29581.75,29591.75,29578.50,2026-08-27 11:06,TARGET_HIT,1,3.25
FIXED_R65,2026-08-28,2026-08-27 19:29,DOWN,2026-08-27 21:21,LONG,29623.50,29613.50,29626.75,2026-08-27 21:23,STOP_HIT,3,-10.00
FIXED_R65,2026-08-28,2026-08-28 00:07,UP,2026-08-28 05:14,SHORT,29655.25,29665.25,29652.00,2026-08-28 05:19,TARGET_HIT,6,3.25
FIXED_R65,2026-08-28,2026-08-28 05:02,DOWN,2026-08-28 05:31,LONG,29610.75,29600.75,29614.00,2026-08-28 05:31,STOP_HIT,1,-10.00
FIXED_R65,2026-08-28,2026-08-28 05:33,UP,2026-08-28 05:43,SHORT,29695.00,29705.00,29691.75,2026-08-28 05:43,TARGET_HIT,1,3.25
PCT_R0.22pct,2023-11-16,2023-11-15 13:00,UP,2023-11-15 14:21,SHORT,15879.75,15889.75,15876.75,2023-11-15 14:22,TARGET_HIT,2,3.00
PCT_R0.22pct,2023-11-16,2023-11-15 14:21,DOWN,2023-11-15 15:51,LONG,15846.00,15836.00,15849.00,2023-11-15 15:53,TARGET_HIT,3,3.00
PCT_R0.22pct,2023-11-16,2023-11-15 16:04,UP,2023-11-15 22:01,SHORT,15856.00,15866.00,15853.00,2023-11-15 22:03,TARGET_HIT,3,3.00
PCT_R0.22pct,2023-11-16,2023-11-15 21:13,DOWN,2023-11-16 02:09,LONG,15838.50,15828.50,15841.50,2023-11-16 02:20,STOP_HIT,12,-10.00
PCT_R0.22pct,2023-11-16,2023-11-16 03:17,UP,2023-11-16 03:36,SHORT,15853.25,15863.25,15850.25,2023-11-16 03:36,TARGET_HIT,1,3.00
PCT_R0.22pct,2023-11-16,2023-11-16 03:56,DOWN,2023-11-16 04:26,LONG,15840.25,15830.25,15843.25,2023-11-16 04:26,TARGET_HIT,1,3.00
PCT_R0.22pct,2023-11-16,2023-11-16 04:30,UP,2023-11-16 04:47,SHORT,15860.00,15870.00,15857.00,2023-11-16 04:47,TARGET_HIT,1,3.00
PCT_R0.22pct,2023-11-16,2023-11-16 06:38,UP,2023-11-16 07:28,SHORT,15874.00,15884.00,15871.00,2023-11-16 07:32,TARGET_HIT,5,3.00
PCT_R0.22pct,2023-11-16,2023-11-16 08:48,UP,2023-11-16 09:14,SHORT,15860.50,15870.50,15857.50,2023-11-16 09:14,TARGET_HIT,1,3.00
PCT_R0.22pct,2023-11-17,2023-11-16 21:10,UP,2023-11-16 22:35,SHORT,15911.50,15921.50,15908.50,2023-11-16 22:35,TARGET_HIT,1,3.00
PCT_R0.22pct,2023-11-17,2023-11-16 23:14,DOWN,2023-11-17 01:42,LONG,15883.75,15873.75,15886.75,2023-11-17 01:43,TARGET_HIT,2,3.00
PCT_R0.22pct,2023-11-17,2023-11-17 01:42,UP,2023-11-17 03:07,SHORT,15915.75,15925.75,15912.75,2023-11-17 03:08,TARGET_HIT,2,3.00
PCT_R0.22pct,2023-11-17,2023-11-17 03:22,DOWN,2023-11-17 03:45,LONG,15892.00,15882.00,15895.00,2023-11-17 03:47,TARGET_HIT,3,3.00
PCT_R0.22pct,2023-11-17,2023-11-17 06:06,UP,2023-11-17 07:07,SHORT,15888.75,15898.75,15885.75,2023-11-17 07:10,TARGET_HIT,4,3.00
PCT_R0.22pct,2023-11-20,2023-11-19 13:00,DOWN,2023-11-19 13:12,LONG,15867.25,15857.25,15870.25,2023-11-19 13:19,STOP_HIT,8,-10.00
PCT_R0.22pct,2023-11-20,2023-11-19 19:55,UP,2023-11-19 22:14,SHORT,15876.25,15886.25,15873.25,2023-11-19 22:17,TARGET_HIT,4,3.00
PCT_R0.22pct,2023-11-21,2023-11-20 13:00,UP,2023-11-20 17:16,SHORT,16120.25,16130.25,16117.25,2023-11-20 17:16,TARGET_HIT,1,3.00
PCT_R0.22pct,2023-11-21,2023-11-20 17:38,DOWN,2023-11-20 21:35,LONG,16088.00,16078.00,16091.00,2023-11-20 22:06,TARGET_HIT,32,3.00
PCT_R0.22pct,2023-11-21,2023-11-21 08:26,UP,2023-11-21 09:48,SHORT,15979.50,15989.50,15976.50,2023-11-21 09:50,TARGET_HIT,3,3.00
PCT_R0.22pct,2023-11-21,2023-11-21 11:28,DOWN,2023-11-21 11:50,LONG,15967.25,15957.25,15970.25,2023-11-21 11:50,TARGET_HIT,1,3.00
PCT_R0.22pct,2023-11-22,2023-11-21 13:20,UP,2023-11-21 16:36,SHORT,15978.25,15988.25,15975.25,2023-11-21 17:29,TARGET_HIT,54,3.00
PCT_R0.22pct,2023-11-22,2023-11-21 16:37,DOWN,2023-11-21 20:08,LONG,15949.25,15939.25,15952.25,2023-11-21 20:13,TARGET_HIT,6,3.00
PCT_R0.22pct,2023-11-22,2023-11-21 21:45,UP,2023-11-21 22:24,SHORT,15976.25,15986.25,15973.25,2023-11-21 22:24,TARGET_HIT,1,3.00
PCT_R0.22pct,2023-11-22,2023-11-22 05:18,UP,2023-11-22 05:28,SHORT,16046.75,16056.75,16043.75,2023-11-22 05:28,TARGET_HIT,1,3.00
PCT_R0.22pct,2023-11-22,2023-11-22 05:54,UP,2023-11-22 06:11,SHORT,16057.00,16067.00,16054.00,2023-11-22 06:11,TARGET_HIT,1,3.00
PCT_R0.22pct,2023-11-23,2023-11-22 13:01,UP,2023-11-22 20:04,SHORT,16068.25,16078.25,16065.25,2023-11-22 20:49,TARGET_HIT,46,3.00
PCT_R0.22pct,2023-11-24,2023-11-23 13:00,DOWN,2023-11-23 21:04,LONG,16041.25,16031.25,16044.25,2023-11-23 21:17,STOP_HIT,14,-10.00
PCT_R0.22pct,2023-11-24,2023-11-23 23:44,DOWN,2023-11-24 00:37,LONG,16035.50,16025.50,16038.50,2023-11-24 00:45,TARGET_HIT,9,3.00
PCT_R0.22pct,2023-11-24,2023-11-24 04:33,DOWN,2023-11-24 04:43,LONG,16026.25,16016.25,16029.25,2023-11-24 04:43,STOP_HIT,1,-10.00
PCT_R0.22pct,2023-11-27,2023-11-26 13:00,DOWN,2023-11-26 14:09,LONG,15974.25,15964.25,15977.25,2023-11-26 14:09,TARGET_HIT,1,3.00
PCT_R0.22pct,2023-11-27,2023-11-26 17:26,UP,2023-11-26 22:42,SHORT,15997.25,16007.25,15994.25,2023-11-26 22:43,TARGET_HIT,2,3.00
PCT_R0.22pct,2023-11-27,2023-11-27 04:36,UP,2023-11-27 04:47,SHORT,15997.75,16007.75,15994.75,2023-11-27 04:47,TARGET_HIT,1,3.00
PCT_R0.22pct,2023-11-27,2023-11-27 09:43,UP,2023-11-27 10:21,SHORT,16033.00,16043.00,16030.00,2023-11-27 10:36,STOP_HIT,16,-10.00
PCT_R0.22pct,2023-11-27,2023-11-27 10:38,DOWN,2023-11-27 10:56,LONG,16008.00,15998.00,16011.00,2023-11-27 10:59,TARGET_HIT,4,3.00
PCT_R0.22pct,2023-11-28,2023-11-27 16:23,DOWN,2023-11-27 21:17,LONG,15978.00,15968.00,15981.00,2023-11-27 21:18,TARGET_HIT,2,3.00
PCT_R0.22pct,2023-11-28,2023-11-27 22:43,UP,2023-11-28 00:43,SHORT,15997.75,16007.75,15994.75,2023-11-28 00:46,TARGET_HIT,4,3.00
PCT_R0.22pct,2023-11-28,2023-11-28 01:05,DOWN,2023-11-28 02:54,LONG,15973.25,15963.25,15976.25,2023-11-28 03:03,STOP_HIT,10,-10.00
PCT_R0.22pct,2023-11-28,2023-11-28 03:13,UP,2023-11-28 04:09,SHORT,15980.25,15990.25,15977.25,2023-11-28 04:10,TARGET_HIT,2,3.00
PCT_R0.22pct,2023-11-28,2023-11-28 04:34,DOWN,2023-11-28 04:45,LONG,15968.50,15958.50,15971.50,2023-11-28 04:45,TARGET_HIT,1,3.00
PCT_R0.22pct,2023-11-28,2023-11-28 04:54,UP,2023-11-28 05:05,SHORT,15991.50,16001.50,15988.50,2023-11-28 05:05,TARGET_HIT,1,3.00
PCT_R0.22pct,2023-11-28,2023-11-28 08:02,DOWN,2023-11-28 08:12,LONG,15992.00,15982.00,15995.00,2023-11-28 08:13,STOP_HIT,2,-10.00
PCT_R0.22pct,2023-11-28,2023-11-28 08:15,UP,2023-11-28 08:37,SHORT,16004.75,16014.75,16001.75,2023-11-28 08:37,TARGET_HIT,1,3.00
PCT_R0.22pct,2023-11-29,2023-11-28 13:05,UP,2023-11-28 15:02,SHORT,16079.75,16089.75,16076.75,2023-11-28 15:09,TARGET_HIT,8,3.00
PCT_R0.22pct,2023-11-29,2023-11-29 04:38,DOWN,2023-11-29 05:30,LONG,16108.75,16098.75,16111.75,2023-11-29 05:31,TARGET_HIT,2,3.00
PCT_R0.22pct,2023-11-29,2023-11-29 05:57,DOWN,2023-11-29 06:08,LONG,16100.00,16090.00,16103.00,2023-11-29 06:09,STOP_HIT,2,-10.00
PCT_R0.22pct,2023-11-30,2023-11-29 15:54,UP,2023-11-29 22:07,SHORT,16070.00,16080.00,16067.00,2023-11-29 22:07,TARGET_HIT,1,3.00
PCT_R0.22pct,2023-11-30,2023-11-29 22:07,DOWN,2023-11-29 22:47,LONG,16036.25,16026.25,16039.25,2023-11-29 22:53,TARGET_HIT,7,3.00
PCT_R0.22pct,2023-11-30,2023-11-29 22:51,UP,2023-11-30 00:50,SHORT,16066.25,16076.25,16063.25,2023-11-30 00:52,TARGET_HIT,3,3.00
PCT_R0.22pct,2023-11-30,2023-11-30 03:30,DOWN,2023-11-30 04:20,LONG,16041.75,16031.75,16044.75,2023-11-30 04:20,TARGET_HIT,1,3.00
PCT_R0.22pct,2023-12-01,2023-11-30 21:54,UP,2023-11-30 22:38,SHORT,15980.75,15990.75,15977.75,2023-11-30 22:40,TARGET_HIT,3,3.00
PCT_R0.22pct,2023-12-01,2023-11-30 23:34,DOWN,2023-12-01 02:32,LONG,15943.50,15933.50,15946.50,2023-12-01 02:32,TARGET_HIT,1,3.00
PCT_R0.22pct,2023-12-01,2023-12-01 05:02,DOWN,2023-12-01 05:12,LONG,15933.25,15923.25,15936.25,2023-12-01 05:12,TARGET_HIT,1,3.00
PCT_R0.22pct,2023-12-04,2023-12-03 13:00,DOWN,2023-12-03 13:10,LONG,15994.00,15984.00,15997.00,2023-12-03 13:10,TARGET_HIT,1,3.00
PCT_R0.22pct,2023-12-04,2023-12-03 22:10,UP,2023-12-03 22:38,SHORT,15980.25,15990.25,15977.25,2023-12-03 22:41,STOP_HIT,4,-10.00
PCT_R0.22pct,2023-12-04,2023-12-03 22:50,DOWN,2023-12-03 23:19,LONG,15972.50,15962.50,15975.50,2023-12-03 23:36,STOP_HIT,18,-10.00
PCT_R0.22pct,2023-12-04,2023-12-04 07:57,DOWN,2023-12-04 08:32,LONG,15824.75,15814.75,15827.75,2023-12-04 08:34,TARGET_HIT,3,3.00
PCT_R0.22pct,2023-12-04,2023-12-04 09:06,UP,2023-12-04 09:53,SHORT,15831.50,15841.50,15828.50,2023-12-04 09:53,TARGET_HIT,1,3.00
PCT_R0.22pct,2023-12-05,2023-12-04 13:00,DOWN,2023-12-04 17:44,LONG,15829.00,15819.00,15832.00,2023-12-04 17:55,TARGET_HIT,12,3.00
PCT_R0.22pct,2023-12-05,2023-12-04 23:25,DOWN,2023-12-05 00:07,LONG,15784.25,15774.25,15787.25,2023-12-05 00:07,TARGET_HIT,1,3.00
PCT_R0.22pct,2023-12-05,2023-12-05 01:45,UP,2023-12-05 03:54,SHORT,15806.75,15816.75,15803.75,2023-12-05 03:57,TARGET_HIT,4,3.00
PCT_R0.22pct,2023-12-05,2023-12-05 03:32,DOWN,2023-12-05 04:20,LONG,15781.00,15771.00,15784.00,2023-12-05 04:25,STOP_HIT,6,-10.00
PCT_R0.22pct,2023-12-05,2023-12-05 04:25,UP,2023-12-05 04:35,SHORT,15790.00,15800.00,15787.00,2023-12-05 04:35,STOP_HIT,1,-10.00
PCT_R0.22pct,2023-12-05,2023-12-05 06:54,UP,2023-12-05 07:10,SHORT,15892.50,15902.50,15889.50,2023-12-05 07:10,TARGET_HIT,1,3.00
PCT_R0.22pct,2023-12-05,2023-12-05 07:10,DOWN,2023-12-05 07:44,LONG,15842.50,15832.50,15845.50,2023-12-05 07:45,TARGET_HIT,2,3.00
PCT_R0.22pct,2023-12-05,2023-12-05 07:46,UP,2023-12-05 08:16,SHORT,15871.75,15881.75,15868.75,2023-12-05 08:16,TARGET_HIT,1,3.00
PCT_R0.22pct,2023-12-05,2023-12-05 09:19,DOWN,2023-12-05 09:47,LONG,15868.50,15858.50,15871.50,2023-12-05 09:47,TARGET_HIT,1,3.00
PCT_R0.22pct,2023-12-05,2023-12-05 09:38,UP,2023-12-05 09:58,SHORT,15900.00,15910.00,15897.00,2023-12-05 09:58,TARGET_HIT,1,3.00
PCT_R0.22pct,2023-12-06,2023-12-05 13:02,UP,2023-12-05 14:00,SHORT,15927.75,15937.75,15924.75,2023-12-05 14:14,STOP_HIT,15,-10.00
PCT_R0.22pct,2023-12-06,2023-12-05 17:49,DOWN,2023-12-05 21:16,LONG,15955.00,15945.00,15958.00,2023-12-05 21:16,TARGET_HIT,1,3.00
PCT_R0.22pct,2023-12-06,2023-12-06 02:28,UP,2023-12-06 03:44,SHORT,15991.00,16001.00,15988.00,2023-12-06 03:46,TARGET_HIT,3,3.00
PCT_R0.22pct,2023-12-06,2023-12-06 04:30,DOWN,2023-12-06 04:40,LONG,15942.50,15932.50,15945.50,2023-12-06 04:40,TARGET_HIT,1,3.00
PCT_R0.22pct,2023-12-07,2023-12-06 21:01,UP,2023-12-06 22:02,SHORT,15825.50,15835.50,15822.50,2023-12-06 22:02,TARGET_HIT,1,3.00
PCT_R0.22pct,2023-12-07,2023-12-07 04:50,UP,2023-12-07 05:00,SHORT,15907.25,15917.25,15904.25,2023-12-07 05:00,STOP_HIT,1,-10.00
PCT_R0.22pct,2023-12-08,2023-12-07 14:37,DOWN,2023-12-07 21:35,LONG,15996.75,15986.75,15999.75,2023-12-07 21:41,TARGET_HIT,7,3.00
PCT_R0.22pct,2023-12-08,2023-12-07 22:04,UP,2023-12-08 00:09,SHORT,16019.75,16029.75,16016.75,2023-12-08 00:14,STOP_HIT,6,-10.00
PCT_R0.22pct,2023-12-08,2023-12-08 00:48,DOWN,2023-12-08 01:50,LONG,16000.75,15990.75,16003.75,2023-12-08 01:50,TARGET_HIT,1,3.00
PCT_R0.22pct,2023-12-08,2023-12-08 04:32,UP,2023-12-08 04:42,SHORT,15998.75,16008.75,15995.75,2023-12-08 04:42,TARGET_HIT,1,3.00
PCT_R0.22pct,2023-12-08,2023-12-08 06:32,DOWN,2023-12-08 06:44,LONG,16014.25,16004.25,16017.25,2023-12-08 06:44,TARGET_HIT,1,3.00
PCT_R0.22pct,2023-12-08,2023-12-08 07:15,UP,2023-12-08 07:25,SHORT,16045.75,16055.75,16042.75,2023-12-08 07:28,STOP_HIT,4,-10.00
PCT_R0.22pct,2023-12-11,2023-12-10 13:12,DOWN,2023-12-10 14:42,LONG,16078.75,16068.75,16081.75,2023-12-10 15:15,STOP_HIT,34,-10.00
PCT_R0.22pct,2023-12-11,2023-12-10 19:26,UP,2023-12-10 23:19,SHORT,16082.75,16092.75,16079.75,2023-12-10 23:52,TARGET_HIT,34,3.00
PCT_R0.22pct,2023-12-11,2023-12-10 23:25,DOWN,2023-12-11 01:17,LONG,16054.00,16044.00,16057.00,2023-12-11 01:17,TARGET_HIT,1,3.00
PCT_R0.22pct,2023-12-11,2023-12-11 01:25,UP,2023-12-11 02:18,SHORT,16082.25,16092.25,16079.25,2023-12-11 02:24,TARGET_HIT,7,3.00
PCT_R0.22pct,2023-12-12,2023-12-11 13:07,UP,2023-12-11 14:22,SHORT,16263.25,16273.25,16260.25,2023-12-11 14:24,TARGET_HIT,3,3.00
PCT_R0.22pct,2023-12-12,2023-12-12 03:39,DOWN,2023-12-12 03:49,LONG,16259.50,16249.50,16262.50,2023-12-12 03:49,TARGET_HIT,1,3.00
PCT_R0.22pct,2023-12-12,2023-12-12 04:43,UP,2023-12-12 05:24,SHORT,16257.75,16267.75,16254.75,2023-12-12 05:24,STOP_HIT,1,-10.00
PCT_R0.22pct,2023-12-13,2023-12-12 13:00,UP,2023-12-13 03:31,SHORT,16408.25,16418.25,16405.25,2023-12-13 03:31,TARGET_HIT,1,3.00
PCT_R0.22pct,2023-12-13,2023-12-13 04:38,DOWN,2023-12-13 04:59,LONG,16398.00,16388.00,16401.00,2023-12-13 05:03,TARGET_HIT,5,3.00
PCT_R0.22pct,2023-12-13,2023-12-13 04:57,UP,2023-12-13 05:19,SHORT,16423.50,16433.50,16420.50,2023-12-13 05:19,TARGET_HIT,1,3.00
PCT_R0.22pct,2023-12-13,2023-12-13 05:46,DOWN,2023-12-13 06:21,LONG,16402.50,16392.50,16405.50,2023-12-13 06:21,TARGET_HIT,1,3.00
PCT_R0.22pct,2023-12-14,2023-12-13 13:00,UP,2023-12-13 13:45,SHORT,16600.00,16610.00,16597.00,2023-12-13 14:00,STOP_HIT,16,-10.00
PCT_R0.22pct,2023-12-14,2023-12-13 16:26,DOWN,2023-12-13 23:03,LONG,16624.25,16614.25,16627.25,2023-12-13 23:06,STOP_HIT,4,-10.00
PCT_R0.22pct,2023-12-14,2023-12-14 03:32,UP,2023-12-14 04:09,SHORT,16648.00,16658.00,16645.00,2023-12-14 04:09,TARGET_HIT,1,3.00
PCT_R0.22pct,2023-12-14,2023-12-14 04:30,UP,2023-12-14 04:42,SHORT,16642.75,16652.75,16639.75,2023-12-14 04:42,TARGET_HIT,1,3.00
PCT_R0.22pct,2024-02-15,2024-02-14 15:18,UP,2024-02-14 19:31,SHORT,17882.25,17892.25,17879.25,2024-02-14 19:34,TARGET_HIT,4,3.00
PCT_R0.22pct,2024-02-15,2024-02-14 22:28,DOWN,2024-02-15 03:07,LONG,17900.25,17890.25,17903.25,2024-02-15 03:09,TARGET_HIT,3,3.00
PCT_R0.22pct,2024-02-15,2024-02-14 23:52,UP,2024-02-15 03:31,SHORT,17911.75,17921.75,17908.75,2024-02-15 03:31,TARGET_HIT,1,3.00
PCT_R0.22pct,2024-02-15,2024-02-15 03:33,DOWN,2024-02-15 04:08,LONG,17886.25,17876.25,17889.25,2024-02-15 04:08,TARGET_HIT,1,3.00
PCT_R0.22pct,2024-02-15,2024-02-15 06:09,UP,2024-02-15 08:22,SHORT,17916.25,17926.25,17913.25,2024-02-15 08:22,TARGET_HIT,1,3.00
PCT_R0.22pct,2024-02-16,2024-02-15 13:00,DOWN,2024-02-15 15:40,LONG,17919.25,17909.25,17922.25,2024-02-15 15:43,TARGET_HIT,4,3.00
PCT_R0.22pct,2024-02-16,2024-02-15 15:41,UP,2024-02-15 20:58,SHORT,17951.00,17961.00,17948.00,2024-02-15 21:01,TARGET_HIT,4,3.00
PCT_R0.22pct,2024-02-16,2024-02-16 06:58,DOWN,2024-02-16 07:21,LONG,17856.50,17846.50,17859.50,2024-02-16 07:22,TARGET_HIT,2,3.00
PCT_R0.22pct,2024-02-16,2024-02-16 08:11,UP,2024-02-16 09:33,SHORT,17887.50,17897.50,17884.50,2024-02-16 09:33,TARGET_HIT,1,3.00
PCT_R0.22pct,2024-02-19,2024-02-18 13:00,UP,2024-02-18 13:10,SHORT,17780.75,17790.75,17777.75,2024-02-18 13:12,STOP_HIT,3,-10.00
PCT_R0.22pct,2024-02-19,2024-02-18 15:03,DOWN,2024-02-18 15:33,LONG,17765.00,17755.00,17768.00,2024-02-18 15:41,STOP_HIT,9,-10.00
PCT_R0.22pct,2024-02-19,2024-02-18 15:41,UP,2024-02-18 19:41,SHORT,17786.00,17796.00,17783.00,2024-02-18 19:55,TARGET_HIT,15,3.00
PCT_R0.22pct,2024-02-19,2024-02-18 22:24,UP,2024-02-18 22:51,SHORT,17776.75,17786.75,17773.75,2024-02-18 22:55,TARGET_HIT,5,3.00
PCT_R0.22pct,2024-02-20,2024-02-19 13:00,DOWN,2024-02-19 13:14,LONG,17763.75,17753.75,17766.75,2024-02-19 13:14,TARGET_HIT,1,3.00
PCT_R0.22pct,2024-02-20,2024-02-19 21:20,DOWN,2024-02-19 22:19,LONG,17684.25,17674.25,17687.25,2024-02-19 22:20,STOP_HIT,2,-10.00
PCT_R0.22pct,2024-02-20,2024-02-20 03:42,DOWN,2024-02-20 04:26,LONG,17657.50,17647.50,17660.50,2024-02-20 04:26,TARGET_HIT,1,3.00
PCT_R0.22pct,2024-02-20,2024-02-20 10:28,DOWN,2024-02-20 10:39,LONG,17553.75,17543.75,17556.75,2024-02-20 10:39,TARGET_HIT,1,3.00
PCT_R0.22pct,2024-02-20,2024-02-20 10:35,UP,2024-02-20 10:45,SHORT,17571.00,17581.00,17568.00,2024-02-20 10:45,STOP_HIT,1,-10.00
PCT_R0.22pct,2024-02-21,2024-02-20 13:12,DOWN,2024-02-20 15:01,LONG,17551.25,17541.25,17554.25,2024-02-20 15:03,TARGET_HIT,3,3.00
PCT_R0.22pct,2024-02-21,2024-02-20 15:34,UP,2024-02-20 21:26,SHORT,17579.75,17589.75,17576.75,2024-02-20 21:26,TARGET_HIT,1,3.00
PCT_R0.22pct,2024-02-21,2024-02-20 21:32,DOWN,2024-02-20 22:17,LONG,17546.00,17536.00,17549.00,2024-02-20 22:17,TARGET_HIT,1,3.00
PCT_R0.22pct,2024-02-21,2024-02-21 05:04,DOWN,2024-02-21 05:27,LONG,17476.75,17466.75,17479.75,2024-02-21 05:27,TARGET_HIT,1,3.00
PCT_R0.22pct,2024-02-21,2024-02-21 06:15,DOWN,2024-02-21 06:33,LONG,17485.50,17475.50,17488.50,2024-02-21 06:33,TARGET_HIT,1,3.00
PCT_R0.22pct,2024-02-21,2024-02-21 06:48,UP,2024-02-21 06:58,SHORT,17511.00,17521.00,17508.00,2024-02-21 06:58,TARGET_HIT,1,3.00
PCT_R0.22pct,2024-02-21,2024-02-21 06:56,DOWN,2024-02-21 07:06,LONG,17462.75,17452.75,17465.75,2024-02-21 07:06,STOP_HIT,1,-10.00
PCT_R0.22pct,2024-02-21,2024-02-21 09:43,UP,2024-02-21 11:13,SHORT,17526.00,17536.00,17523.00,2024-02-21 11:16,STOP_HIT,4,-10.00
PCT_R0.22pct,2024-02-22,2024-02-21 13:08,UP,2024-02-21 14:04,SHORT,17718.00,17728.00,17715.00,2024-02-21 14:04,TARGET_HIT,1,3.00
PCT_R0.22pct,2024-02-22,2024-02-22 04:30,DOWN,2024-02-22 04:40,LONG,17893.00,17883.00,17896.00,2024-02-22 04:40,TARGET_HIT,1,3.00
PCT_R0.22pct,2024-02-22,2024-02-22 04:34,UP,2024-02-22 04:44,SHORT,17902.25,17912.25,17899.25,2024-02-22 04:44,TARGET_HIT,1,3.00
PCT_R0.22pct,2024-02-23,2024-02-22 19:24,DOWN,2024-02-22 22:08,LONG,18019.25,18009.25,18022.25,2024-02-22 22:08,TARGET_HIT,1,3.00
PCT_R0.22pct,2024-02-23,2024-02-22 23:28,UP,2024-02-23 02:29,SHORT,18036.25,18046.25,18033.25,2024-02-23 02:35,STOP_HIT,7,-10.00
PCT_R0.22pct,2024-02-23,2024-02-23 04:37,DOWN,2024-02-23 05:42,LONG,18060.00,18050.00,18063.00,2024-02-23 05:42,STOP_HIT,1,-10.00
PCT_R0.22pct,2024-02-23,2024-02-23 07:32,UP,2024-02-23 08:28,SHORT,18052.25,18062.25,18049.25,2024-02-23 08:30,TARGET_HIT,3,3.00
PCT_R0.22pct,2024-02-23,2024-02-23 08:20,DOWN,2024-02-23 09:03,LONG,18013.25,18003.25,18016.25,2024-02-23 09:03,TARGET_HIT,1,3.00
PCT_R0.22pct,2024-02-26,2024-02-25 13:00,UP,2024-02-25 13:13,SHORT,17978.75,17988.75,17975.75,2024-02-25 13:13,TARGET_HIT,1,3.00
PCT_R0.22pct,2024-02-26,2024-02-25 13:37,DOWN,2024-02-25 14:43,LONG,17951.00,17941.00,17954.00,2024-02-25 14:43,TARGET_HIT,1,3.00
PCT_R0.22pct,2024-02-26,2024-02-25 14:56,UP,2024-02-25 16:59,SHORT,17952.75,17962.75,17949.75,2024-02-25 17:01,TARGET_HIT,3,3.00
PCT_R0.22pct,2024-02-26,2024-02-26 04:47,UP,2024-02-26 05:06,SHORT,17997.75,18007.75,17994.75,2024-02-26 05:06,TARGET_HIT,1,3.00
PCT_R0.22pct,2024-02-26,2024-02-26 06:07,UP,2024-02-26 06:33,SHORT,18022.75,18032.75,18019.75,2024-02-26 06:35,TARGET_HIT,3,3.00
PCT_R0.22pct,2024-02-26,2024-02-26 07:32,DOWN,2024-02-26 08:47,LONG,18009.00,17999.00,18012.00,2024-02-26 08:50,STOP_HIT,4,-10.00
PCT_R0.22pct,2024-02-26,2024-02-26 08:35,UP,2024-02-26 09:15,SHORT,18008.50,18018.50,18005.50,2024-02-26 09:22,STOP_HIT,8,-10.00
PCT_R0.22pct,2024-02-26,2024-02-26 09:31,DOWN,2024-02-26 10:34,LONG,17999.50,17989.50,18002.50,2024-02-26 10:36,TARGET_HIT,3,3.00
PCT_R0.22pct,2024-02-27,2024-02-26 13:43,DOWN,2024-02-26 19:44,LONG,17928.75,17918.75,17931.75,2024-02-26 19:44,TARGET_HIT,1,3.00
PCT_R0.22pct,2024-02-27,2024-02-26 19:43,UP,2024-02-26 21:41,SHORT,17981.50,17991.50,17978.50,2024-02-26 21:45,TARGET_HIT,5,3.00
PCT_R0.22pct,2024-02-27,2024-02-27 03:58,DOWN,2024-02-27 04:43,LONG,17948.75,17938.75,17951.75,2024-02-27 04:43,TARGET_HIT,1,3.00
PCT_R0.22pct,2024-02-27,2024-02-27 05:00,DOWN,2024-02-27 05:12,LONG,18000.50,17990.50,18003.50,2024-02-27 05:12,TARGET_HIT,1,3.00
PCT_R0.22pct,2024-02-27,2024-02-27 05:06,UP,2024-02-27 05:19,SHORT,18017.25,18027.25,18014.25,2024-02-27 05:19,STOP_HIT,1,-10.00
PCT_R0.22pct,2024-02-27,2024-02-27 05:45,UP,2024-02-27 06:08,SHORT,17999.50,18009.50,17996.50,2024-02-27 06:08,TARGET_HIT,1,3.00
PCT_R0.22pct,2024-02-27,2024-02-27 05:49,DOWN,2024-02-27 06:13,LONG,17997.50,17987.50,18000.50,2024-02-27 06:14,TARGET_HIT,2,3.00
PCT_R0.22pct,2024-02-27,2024-02-27 06:43,UP,2024-02-27 06:58,SHORT,18002.00,18012.00,17999.00,2024-02-27 06:58,TARGET_HIT,1,3.00
PCT_R0.22pct,2024-02-27,2024-02-27 07:07,DOWN,2024-02-27 07:23,LONG,17969.75,17959.75,17972.75,2024-02-27 07:23,TARGET_HIT,1,3.00
PCT_R0.22pct,2024-02-27,2024-02-27 08:00,UP,2024-02-27 10:36,SHORT,18004.50,18014.50,18001.50,2024-02-27 10:44,STOP_HIT,9,-10.00
PCT_R0.22pct,2024-02-28,2024-02-27 13:04,DOWN,2024-02-27 21:29,LONG,17978.75,17968.75,17981.75,2024-02-27 21:29,TARGET_HIT,1,3.00
PCT_R0.22pct,2024-02-28,2024-02-28 03:32,DOWN,2024-02-28 03:43,LONG,17919.25,17909.25,17922.25,2024-02-28 03:43,TARGET_HIT,1,3.00
PCT_R0.22pct,2024-02-28,2024-02-28 04:34,UP,2024-02-28 04:44,SHORT,17918.25,17928.25,17915.25,2024-02-28 04:45,TARGET_HIT,2,3.00
PCT_R0.22pct,2024-02-28,2024-02-28 06:46,DOWN,2024-02-28 08:01,LONG,17911.25,17901.25,17914.25,2024-02-28 08:01,TARGET_HIT,1,3.00
PCT_R0.22pct,2024-02-28,2024-02-28 08:08,UP,2024-02-28 08:27,SHORT,17939.00,17949.00,17936.00,2024-02-28 08:30,STOP_HIT,4,-10.00
PCT_R0.22pct,2024-02-28,2024-02-28 08:40,DOWN,2024-02-28 09:22,LONG,17916.00,17906.00,17919.00,2024-02-28 09:23,TARGET_HIT,2,3.00
PCT_R0.22pct,2024-02-29,2024-02-28 13:00,UP,2024-02-28 14:48,SHORT,17903.25,17913.25,17900.25,2024-02-28 14:52,TARGET_HIT,5,3.00
PCT_R0.22pct,2024-02-29,2024-02-28 19:03,DOWN,2024-02-28 22:09,LONG,17877.00,17867.00,17880.00,2024-02-28 22:09,STOP_HIT,1,-10.00
PCT_R0.22pct,2024-02-29,2024-02-29 05:10,DOWN,2024-02-29 05:20,LONG,18007.75,17997.75,18010.75,2024-02-29 05:20,TARGET_HIT,1,3.00
PCT_R0.22pct,2024-02-29,2024-02-29 05:13,UP,2024-02-29 05:23,SHORT,18019.25,18029.25,18016.25,2024-02-29 05:23,TARGET_HIT,1,3.00
PCT_R0.22pct,2024-02-29,2024-02-29 05:39,DOWN,2024-02-29 05:49,LONG,18026.25,18016.25,18029.25,2024-02-29 05:49,TARGET_HIT,1,3.00
PCT_R0.22pct,2024-02-29,2024-02-29 05:49,DOWN,2024-02-29 05:59,LONG,18005.50,17995.50,18008.50,2024-02-29 06:00,STOP_HIT,2,-10.00
PCT_R0.22pct,2024-02-29,2024-02-29 06:41,UP,2024-02-29 09:16,SHORT,18045.00,18055.00,18042.00,2024-02-29 09:18,STOP_HIT,3,-10.00
PCT_R0.22pct,2024-03-01,2024-02-29 13:36,UP,2024-02-29 15:03,SHORT,18084.50,18094.50,18081.50,2024-02-29 15:03,TARGET_HIT,1,3.00
PCT_R0.22pct,2024-03-01,2024-02-29 21:34,DOWN,2024-03-01 00:23,LONG,18054.25,18044.25,18057.25,2024-03-01 00:23,STOP_HIT,1,-10.00
PCT_R0.22pct,2024-03-01,2024-03-01 03:18,DOWN,2024-03-01 03:43,LONG,18073.75,18063.75,18076.75,2024-03-01 03:43,TARGET_HIT,1,3.00
PCT_R0.22pct,2024-03-01,2024-03-01 03:42,UP,2024-03-01 04:31,SHORT,18112.00,18122.00,18109.00,2024-03-01 04:31,STOP_HIT,1,-10.00
PCT_R0.22pct,2024-03-01,2024-03-01 04:48,UP,2024-03-01 05:01,SHORT,18147.50,18157.50,18144.50,2024-03-01 05:01,TARGET_HIT,1,3.00
PCT_R0.22pct,2024-03-04,2024-03-03 14:07,UP,2024-03-03 22:10,SHORT,18368.00,18378.00,18365.00,2024-03-03 22:11,TARGET_HIT,2,3.00
PCT_R0.22pct,2024-03-04,2024-03-03 23:06,DOWN,2024-03-03 23:38,LONG,18341.50,18331.50,18344.50,2024-03-03 23:55,TARGET_HIT,18,3.00
PCT_R0.22pct,2024-03-04,2024-03-04 01:08,UP,2024-03-04 03:37,SHORT,18339.75,18349.75,18336.75,2024-03-04 03:37,TARGET_HIT,1,3.00
PCT_R0.22pct,2024-03-04,2024-03-04 05:47,DOWN,2024-03-04 06:33,LONG,18289.75,18279.75,18292.75,2024-03-04 06:33,TARGET_HIT,1,3.00
PCT_R0.22pct,2024-03-04,2024-03-04 06:35,UP,2024-03-04 07:24,SHORT,18320.75,18330.75,18317.75,2024-03-04 07:24,TARGET_HIT,1,3.00
PCT_R0.22pct,2024-03-04,2024-03-04 08:25,UP,2024-03-04 09:52,SHORT,18337.00,18347.00,18334.00,2024-03-04 09:52,TARGET_HIT,1,3.00
PCT_R0.22pct,2024-03-04,2024-03-04 09:39,DOWN,2024-03-04 11:01,LONG,18254.50,18244.50,18257.50,2024-03-04 11:09,STOP_HIT,9,-10.00
PCT_R0.22pct,2024-03-05,2024-03-04 13:00,DOWN,2024-03-04 15:22,LONG,18209.00,18199.00,18212.00,2024-03-04 15:22,TARGET_HIT,1,3.00
PCT_R0.22pct,2024-03-05,2024-03-05 02:16,DOWN,2024-03-05 03:26,LONG,18165.25,18155.25,18168.25,2024-03-05 03:27,STOP_HIT,2,-10.00
PCT_R0.22pct,2024-03-06,2024-03-05 13:00,DOWN,2024-03-05 14:50,LONG,17948.50,17938.50,17951.50,2024-03-05 15:04,TARGET_HIT,15,3.00
PCT_R0.22pct,2024-03-06,2024-03-05 14:51,UP,2024-03-05 17:52,SHORT,17983.00,17993.00,17980.00,2024-03-05 17:57,TARGET_HIT,6,3.00
PCT_R0.22pct,2024-03-06,2024-03-06 04:45,DOWN,2024-03-06 04:55,LONG,18062.50,18052.50,18065.50,2024-03-06 04:55,STOP_HIT,1,-10.00
PCT_R0.22pct,2024-03-06,2024-03-06 05:27,UP,2024-03-06 06:11,SHORT,18100.75,18110.75,18097.75,2024-03-06 06:11,TARGET_HIT,1,3.00
PCT_R0.22pct,2024-03-07,2024-03-06 13:10,DOWN,2024-03-06 14:21,LONG,18007.25,17997.25,18010.25,2024-03-06 14:26,STOP_HIT,6,-10.00
PCT_R0.22pct,2024-03-07,2024-03-06 16:25,UP,2024-03-06 20:42,SHORT,17986.00,17996.00,17983.00,2024-03-06 20:42,TARGET_HIT,1,3.00
PCT_R0.22pct,2024-03-07,2024-03-06 20:31,DOWN,2024-03-06 21:02,LONG,17952.50,17942.50,17955.50,2024-03-06 21:02,TARGET_HIT,1,3.00
PCT_R0.22pct,2024-03-07,2024-03-06 22:12,UP,2024-03-06 22:36,SHORT,17970.75,17980.75,17967.75,2024-03-06 22:36,STOP_HIT,1,-10.00
PCT_R0.22pct,2024-03-08,2024-03-07 13:00,DOWN,2024-03-07 14:12,LONG,18252.00,18242.00,18255.00,2024-03-07 14:12,TARGET_HIT,1,3.00
PCT_R0.22pct,2024-03-08,2024-03-07 14:11,UP,2024-03-07 17:36,SHORT,18288.50,18298.50,18285.50,2024-03-07 17:36,TARGET_HIT,1,3.00
PCT_R0.22pct,2024-03-08,2024-03-08 04:02,DOWN,2024-03-08 04:32,LONG,18317.25,18307.25,18320.25,2024-03-08 04:32,TARGET_HIT,1,3.00
PCT_R0.22pct,2024-03-08,2024-03-08 04:38,UP,2024-03-08 04:48,SHORT,18349.25,18359.25,18346.25,2024-03-08 04:49,STOP_HIT,2,-10.00
PCT_R0.22pct,2024-03-11,2024-03-10 14:00,DOWN,2024-03-10 14:10,LONG,18007.00,17997.00,18010.00,2024-03-10 14:11,TARGET_HIT,2,3.00
PCT_R0.22pct,2024-03-11,2024-03-10 14:43,UP,2024-03-10 15:44,SHORT,18023.00,18033.00,18020.00,2024-03-10 15:47,STOP_HIT,4,-10.00
PCT_R0.22pct,2024-03-11,2024-03-10 17:42,DOWN,2024-03-10 18:34,LONG,18014.75,18004.75,18017.75,2024-03-10 18:41,TARGET_HIT,8,3.00
PCT_R0.22pct,2024-03-11,2024-03-10 20:00,UP,2024-03-10 23:22,SHORT,18019.75,18029.75,18016.75,2024-03-10 23:23,TARGET_HIT,2,3.00
PCT_R0.22pct,2024-03-11,2024-03-10 23:09,DOWN,2024-03-11 00:05,LONG,17998.50,17988.50,18001.50,2024-03-11 00:05,STOP_HIT,1,-10.00
PCT_R0.22pct,2024-03-11,2024-03-11 00:36,DOWN,2024-03-11 00:49,LONG,17982.50,17972.50,17985.50,2024-03-11 00:49,TARGET_HIT,1,3.00
PCT_R0.22pct,2024-03-11,2024-03-11 00:51,UP,2024-03-11 01:11,SHORT,18020.50,18030.50,18017.50,2024-03-11 01:12,STOP_HIT,2,-10.00
PCT_R0.22pct,2024-03-11,2024-03-11 02:25,UP,2024-03-11 02:41,SHORT,18040.00,18050.00,18037.00,2024-03-11 02:43,TARGET_HIT,3,3.00
PCT_R0.22pct,2024-03-11,2024-03-11 02:49,DOWN,2024-03-11 03:20,LONG,18012.75,18002.75,18015.75,2024-03-11 03:20,TARGET_HIT,1,3.00
PCT_R0.22pct,2024-03-11,2024-03-11 06:39,UP,2024-03-11 06:56,SHORT,18014.75,18024.75,18011.75,2024-03-11 06:56,TARGET_HIT,1,3.00
PCT_R0.22pct,2024-03-11,2024-03-11 06:55,DOWN,2024-03-11 07:27,LONG,17948.50,17938.50,17951.50,2024-03-11 07:27,TARGET_HIT,1,3.00
PCT_R0.22pct,2024-03-11,2024-03-11 07:32,UP,2024-03-11 08:01,SHORT,17988.50,17998.50,17985.50,2024-03-11 08:01,TARGET_HIT,1,3.00
PCT_R0.22pct,2024-03-11,2024-03-11 07:59,DOWN,2024-03-11 08:09,LONG,17969.75,17959.75,17972.75,2024-03-11 08:09,TARGET_HIT,1,3.00
PCT_R0.22pct,2024-03-11,2024-03-11 08:11,UP,2024-03-11 08:21,SHORT,17985.75,17995.75,17982.75,2024-03-11 08:21,TARGET_HIT,1,3.00
PCT_R0.22pct,2024-03-11,2024-03-11 09:01,DOWN,2024-03-11 09:11,LONG,17964.00,17954.00,17967.00,2024-03-11 09:11,TARGET_HIT,1,3.00
PCT_R0.22pct,2024-03-11,2024-03-11 09:13,UP,2024-03-11 09:30,SHORT,17992.00,18002.00,17989.00,2024-03-11 09:31,STOP_HIT,2,-10.00
PCT_R0.22pct,2024-03-11,2024-03-11 09:32,DOWN,2024-03-11 09:43,LONG,17954.00,17944.00,17957.00,2024-03-11 09:43,TARGET_HIT,1,3.00
PCT_R0.22pct,2024-03-11,2024-03-11 09:47,UP,2024-03-11 10:08,SHORT,17983.50,17993.50,17980.50,2024-03-11 10:10,TARGET_HIT,3,3.00
PCT_R0.22pct,2024-03-11,2024-03-11 10:50,DOWN,2024-03-11 11:35,LONG,17975.00,17965.00,17978.00,2024-03-11 11:35,TARGET_HIT,1,3.00
PCT_R0.22pct,2024-03-11,2024-03-11 11:52,UP,2024-03-11 12:11,SHORT,17987.50,17997.50,17984.50,2024-03-11 12:13,TARGET_HIT,3,3.00
PCT_R0.22pct,2024-03-12,2024-03-11 14:00,UP,2024-03-11 14:16,SHORT,18044.00,18054.00,18041.00,2024-03-11 14:16,TARGET_HIT,1,3.00
PCT_R0.22pct,2024-03-12,2024-03-12 00:05,DOWN,2024-03-12 00:29,LONG,18057.75,18047.75,18060.75,2024-03-12 00:30,STOP_HIT,2,-10.00
PCT_R0.22pct,2024-03-12,2024-03-12 04:45,DOWN,2024-03-12 05:29,LONG,18062.25,18052.25,18065.25,2024-03-12 05:29,TARGET_HIT,1,3.00
PCT_R0.22pct,2024-03-12,2024-03-12 05:12,UP,2024-03-12 05:31,SHORT,18083.75,18093.75,18080.75,2024-03-12 05:31,TARGET_HIT,1,3.00
PCT_R0.22pct,2024-03-12,2024-03-12 05:46,UP,2024-03-12 06:25,SHORT,18110.00,18120.00,18107.00,2024-03-12 06:26,TARGET_HIT,2,3.00
PCT_R0.22pct,2024-03-13,2024-03-12 15:23,DOWN,2024-03-12 19:16,LONG,18197.25,18187.25,18200.25,2024-03-12 19:17,TARGET_HIT,2,3.00
PCT_R0.22pct,2024-03-13,2024-03-12 19:15,UP,2024-03-12 21:58,SHORT,18236.25,18246.25,18233.25,2024-03-12 22:00,TARGET_HIT,3,3.00
PCT_R0.22pct,2024-03-13,2024-03-13 00:00,DOWN,2024-03-13 00:31,LONG,18197.75,18187.75,18200.75,2024-03-13 00:32,TARGET_HIT,2,3.00
PCT_R0.22pct,2024-03-13,2024-03-13 00:51,UP,2024-03-13 03:01,SHORT,18225.00,18235.00,18222.00,2024-03-13 03:08,STOP_HIT,8,-10.00
PCT_R0.22pct,2024-03-13,2024-03-13 03:12,DOWN,2024-03-13 04:16,LONG,18205.00,18195.00,18208.00,2024-03-13 04:18,STOP_HIT,3,-10.00
PCT_R0.22pct,2024-03-13,2024-03-13 07:43,UP,2024-03-13 10:12,SHORT,18123.75,18133.75,18120.75,2024-03-13 10:13,STOP_HIT,2,-10.00
PCT_R0.22pct,2024-03-14,2024-03-13 14:00,UP,2024-03-13 17:46,SHORT,18128.25,18138.25,18125.25,2024-03-13 17:47,TARGET_HIT,2,3.00
PCT_R0.22pct,2024-03-14,2024-03-14 04:43,DOWN,2024-03-14 05:09,LONG,18106.75,18096.75,18109.75,2024-03-14 05:09,TARGET_HIT,1,3.00
PCT_R0.22pct,2024-03-14,2024-03-14 05:32,UP,2024-03-14 05:42,SHORT,18126.00,18136.00,18123.00,2024-03-14 05:42,TARGET_HIT,1,3.00
PCT_R0.22pct,2024-03-14,2024-03-14 05:38,DOWN,2024-03-14 05:48,LONG,18068.00,18058.00,18071.00,2024-03-14 05:48,STOP_HIT,1,-10.00
PCT_R0.22pct,2024-03-14,2024-03-14 10:12,DOWN,2024-03-14 10:32,LONG,18041.00,18031.00,18044.00,2024-03-14 10:33,TARGET_HIT,2,3.00
PCT_R0.22pct,2024-05-23,2024-05-22 14:22,UP,2024-05-22 17:30,SHORT,18884.50,18894.50,18881.50,2024-05-22 17:40,STOP_HIT,11,-10.00
PCT_R0.22pct,2024-05-23,2024-05-22 20:20,DOWN,2024-05-23 01:59,LONG,18947.25,18937.25,18950.25,2024-05-23 02:22,TARGET_HIT,24,3.00
PCT_R0.22pct,2024-05-23,2024-05-22 23:59,UP,2024-05-23 02:59,SHORT,18969.25,18979.25,18966.25,2024-05-23 03:00,TARGET_HIT,2,3.00
PCT_R0.22pct,2024-05-23,2024-05-23 04:47,DOWN,2024-05-23 05:37,LONG,18943.00,18933.00,18946.00,2024-05-23 05:37,TARGET_HIT,1,3.00
PCT_R0.22pct,2024-05-23,2024-05-23 08:01,DOWN,2024-05-23 08:13,LONG,18897.50,18887.50,18900.50,2024-05-23 08:14,TARGET_HIT,2,3.00
PCT_R0.22pct,2024-05-23,2024-05-23 08:12,UP,2024-05-23 08:32,SHORT,18924.75,18934.75,18921.75,2024-05-23 08:33,TARGET_HIT,2,3.00
PCT_R0.22pct,2024-05-23,2024-05-23 08:31,DOWN,2024-05-23 08:48,LONG,18874.50,18864.50,18877.50,2024-05-23 08:51,STOP_HIT,4,-10.00
PCT_R0.22pct,2024-05-24,2024-05-23 14:00,UP,2024-05-23 16:46,SHORT,18720.75,18730.75,18717.75,2024-05-23 16:46,TARGET_HIT,1,3.00
PCT_R0.22pct,2024-05-24,2024-05-23 17:55,DOWN,2024-05-23 22:59,LONG,18691.75,18681.75,18694.75,2024-05-23 23:00,TARGET_HIT,2,3.00
PCT_R0.22pct,2024-05-24,2024-05-23 23:16,UP,2024-05-24 00:25,SHORT,18724.25,18734.25,18721.25,2024-05-24 00:25,TARGET_HIT,1,3.00
PCT_R0.22pct,2024-05-24,2024-05-24 05:46,DOWN,2024-05-24 05:57,LONG,18747.50,18737.50,18750.50,2024-05-24 05:57,STOP_HIT,1,-10.00
PCT_R0.22pct,2024-05-27,2024-05-26 14:15,DOWN,2024-05-26 15:39,LONG,18843.00,18833.00,18846.00,2024-05-26 16:10,TARGET_HIT,32,3.00
PCT_R0.22pct,2024-05-27,2024-05-26 16:00,UP,2024-05-26 22:28,SHORT,18874.50,18884.50,18871.50,2024-05-26 22:42,STOP_HIT,15,-10.00
PCT_R0.22pct,2024-05-28,2024-05-27 14:00,DOWN,2024-05-27 14:26,LONG,18914.50,18904.50,18917.50,2024-05-27 14:50,TARGET_HIT,25,3.00
PCT_R0.22pct,2024-05-28,2024-05-27 16:12,UP,2024-05-27 19:34,SHORT,18925.75,18935.75,18922.75,2024-05-27 20:53,TARGET_HIT,80,3.00
PCT_R0.22pct,2024-05-28,2024-05-28 01:00,DOWN,2024-05-28 03:22,LONG,18914.50,18904.50,18917.50,2024-05-28 03:22,TARGET_HIT,1,3.00
PCT_R0.22pct,2024-05-28,2024-05-28 05:47,UP,2024-05-28 08:43,SHORT,18932.75,18942.75,18929.75,2024-05-28 08:47,STOP_HIT,5,-10.00
PCT_R0.22pct,2024-05-28,2024-05-28 08:48,DOWN,2024-05-28 09:08,LONG,18914.00,18904.00,18917.00,2024-05-28 09:08,TARGET_HIT,1,3.00
PCT_R0.22pct,2024-05-28,2024-05-28 09:40,DOWN,2024-05-28 09:52,LONG,18903.75,18893.75,18906.75,2024-05-28 09:52,STOP_HIT,1,-10.00
PCT_R0.22pct,2024-05-29,2024-05-28 14:00,DOWN,2024-05-28 16:42,LONG,18907.50,18897.50,18910.50,2024-05-28 16:46,TARGET_HIT,5,3.00
PCT_R0.22pct,2024-05-29,2024-05-29 05:28,UP,2024-05-29 06:26,SHORT,18860.25,18870.25,18857.25,2024-05-29 06:26,TARGET_HIT,1,3.00
PCT_R0.22pct,2024-05-29,2024-05-29 08:56,DOWN,2024-05-29 09:43,LONG,18820.75,18810.75,18823.75,2024-05-29 09:43,TARGET_HIT,1,3.00
PCT_R0.22pct,2024-05-29,2024-05-29 09:37,UP,2024-05-29 09:54,SHORT,18857.25,18867.25,18854.25,2024-05-29 09:56,TARGET_HIT,3,3.00
PCT_R0.22pct,2024-05-29,2024-05-29 10:09,DOWN,2024-05-29 10:41,LONG,18830.25,18820.25,18833.25,2024-05-29 10:41,TARGET_HIT,1,3.00
PCT_R0.22pct,2024-05-29,2024-05-29 10:45,UP,2024-05-29 11:31,SHORT,18846.00,18856.00,18843.00,2024-05-29 11:31,TARGET_HIT,1,3.00
PCT_R0.22pct,2024-05-29,2024-05-29 11:29,DOWN,2024-05-29 11:52,LONG,18801.25,18791.25,18804.25,2024-05-29 11:52,TARGET_HIT,1,3.00
PCT_R0.22pct,2024-05-30,2024-05-29 14:00,DOWN,2024-05-29 14:48,LONG,18723.50,18713.50,18726.50,2024-05-29 14:52,TARGET_HIT,5,3.00
PCT_R0.22pct,2024-05-30,2024-05-29 22:59,UP,2024-05-30 00:03,SHORT,18708.50,18718.50,18705.50,2024-05-30 00:04,TARGET_HIT,2,3.00
PCT_R0.22pct,2024-05-30,2024-05-30 05:37,UP,2024-05-30 05:47,SHORT,18739.00,18749.00,18736.00,2024-05-30 05:48,STOP_HIT,2,-10.00
PCT_R0.22pct,2024-05-30,2024-05-30 05:48,DOWN,2024-05-30 06:12,LONG,18705.75,18695.75,18708.75,2024-05-30 06:12,STOP_HIT,1,-10.00
PCT_R0.22pct,2024-05-30,2024-05-30 09:42,DOWN,2024-05-30 10:05,LONG,18688.75,18678.75,18691.75,2024-05-30 10:05,TARGET_HIT,1,3.00
PCT_R0.22pct,2024-05-31,2024-05-30 14:00,DOWN,2024-05-30 16:12,LONG,18550.50,18540.50,18553.50,2024-05-30 16:12,STOP_HIT,1,-10.00
PCT_R0.22pct,2024-05-31,2024-05-30 16:39,UP,2024-05-30 17:51,SHORT,18541.75,18551.75,18538.75,2024-05-30 17:52,STOP_HIT,2,-10.00
PCT_R0.22pct,2024-05-31,2024-05-30 19:31,DOWN,2024-05-30 23:36,LONG,18526.25,18516.25,18529.25,2024-05-30 23:36,TARGET_HIT,1,3.00
PCT_R0.22pct,2024-05-31,2024-05-30 23:40,UP,2024-05-31 00:33,SHORT,18570.50,18580.50,18567.50,2024-05-31 00:33,TARGET_HIT,1,3.00
PCT_R0.22pct,2024-05-31,2024-05-31 00:33,DOWN,2024-05-31 01:06,LONG,18529.25,18519.25,18532.25,2024-05-31 01:07,TARGET_HIT,2,3.00
PCT_R0.22pct,2024-05-31,2024-05-31 02:53,UP,2024-05-31 04:10,SHORT,18568.50,18578.50,18565.50,2024-05-31 04:10,TARGET_HIT,1,3.00
PCT_R0.22pct,2024-05-31,2024-05-31 05:44,DOWN,2024-05-31 05:55,LONG,18544.25,18534.25,18547.25,2024-05-31 05:55,STOP_HIT,1,-10.00
PCT_R0.22pct,2024-05-31,2024-05-31 10:33,UP,2024-05-31 11:45,SHORT,18480.25,18490.25,18477.25,2024-05-31 11:45,STOP_HIT,1,-10.00
PCT_R0.22pct,2024-06-03,2024-06-02 14:00,DOWN,2024-06-02 14:10,LONG,18547.25,18537.25,18550.25,2024-06-02 14:10,TARGET_HIT,1,3.00
PCT_R0.22pct,2024-06-03,2024-06-02 14:05,UP,2024-06-02 14:31,SHORT,18573.50,18583.50,18570.50,2024-06-02 14:31,TARGET_HIT,1,3.00
PCT_R0.22pct,2024-06-03,2024-06-02 22:39,DOWN,2024-06-02 23:59,LONG,18633.50,18623.50,18636.50,2024-06-02 23:59,TARGET_HIT,1,3.00
PCT_R0.22pct,2024-06-03,2024-06-02 23:35,UP,2024-06-03 00:22,SHORT,18659.25,18669.25,18656.25,2024-06-03 00:31,STOP_HIT,10,-10.00
PCT_R0.22pct,2024-06-03,2024-06-03 05:46,DOWN,2024-06-03 06:00,LONG,18681.00,18671.00,18684.00,2024-06-03 06:00,TARGET_HIT,1,3.00
PCT_R0.22pct,2024-06-03,2024-06-03 06:00,DOWN,2024-06-03 06:10,LONG,18654.00,18644.00,18657.00,2024-06-03 06:10,TARGET_HIT,1,3.00
PCT_R0.22pct,2024-06-03,2024-06-03 06:10,UP,2024-06-03 06:20,SHORT,18696.75,18706.75,18693.75,2024-06-03 06:20,TARGET_HIT,1,3.00
PCT_R0.22pct,2024-06-03,2024-06-03 06:28,DOWN,2024-06-03 06:38,LONG,18661.75,18651.75,18664.75,2024-06-03 06:38,TARGET_HIT,1,3.00
PCT_R0.22pct,2024-06-04,2024-06-03 16:38,DOWN,2024-06-03 22:18,LONG,18635.75,18625.75,18638.75,2024-06-03 22:26,STOP_HIT,9,-10.00
PCT_R0.22pct,2024-06-04,2024-06-04 05:45,DOWN,2024-06-04 05:59,LONG,18601.50,18591.50,18604.50,2024-06-04 05:59,TARGET_HIT,1,3.00
PCT_R0.22pct,2024-06-04,2024-06-04 06:01,DOWN,2024-06-04 06:12,LONG,18599.25,18589.25,18602.25,2024-06-04 06:12,STOP_HIT,1,-10.00
PCT_R0.22pct,2024-06-04,2024-06-04 06:23,UP,2024-06-04 06:33,SHORT,18641.75,18651.75,18638.75,2024-06-04 06:33,TARGET_HIT,1,3.00
PCT_R0.22pct,2024-06-04,2024-06-04 06:41,DOWN,2024-06-04 07:09,LONG,18608.75,18598.75,18611.75,2024-06-04 07:09,TARGET_HIT,1,3.00
PCT_R0.22pct,2024-06-04,2024-06-04 07:22,DOWN,2024-06-04 07:32,LONG,18596.50,18586.50,18599.50,2024-06-04 07:32,STOP_HIT,1,-10.00
PCT_R0.22pct,2024-06-04,2024-06-04 08:14,UP,2024-06-04 08:42,SHORT,18618.00,18628.00,18615.00,2024-06-04 08:42,STOP_HIT,1,-10.00
PCT_R0.22pct,2024-06-05,2024-06-04 14:08,UP,2024-06-04 15:09,SHORT,18734.00,18744.00,18731.00,2024-06-04 15:17,TARGET_HIT,9,3.00
PCT_R0.22pct,2024-06-05,2024-06-04 18:32,DOWN,2024-06-04 23:14,LONG,18713.25,18703.25,18716.25,2024-06-04 23:18,TARGET_HIT,5,3.00
PCT_R0.22pct,2024-06-05,2024-06-04 23:11,UP,2024-06-05 00:23,SHORT,18736.50,18746.50,18733.50,2024-06-05 00:23,TARGET_HIT,1,3.00
PCT_R0.22pct,2024-06-06,2024-06-05 16:39,UP,2024-06-05 19:30,SHORT,19108.25,19118.25,19105.25,2024-06-05 19:42,TARGET_HIT,13,3.00
PCT_R0.22pct,2024-06-06,2024-06-06 04:15,DOWN,2024-06-06 04:36,LONG,19081.00,19071.00,19084.00,2024-06-06 04:39,STOP_HIT,4,-10.00
PCT_R0.22pct,2024-06-06,2024-06-06 04:40,UP,2024-06-06 05:08,SHORT,19093.50,19103.50,19090.50,2024-06-06 05:11,TARGET_HIT,4,3.00
PCT_R0.22pct,2024-06-06,2024-06-06 06:37,DOWN,2024-06-06 07:27,LONG,19071.00,19061.00,19074.00,2024-06-06 07:27,TARGET_HIT,1,3.00
PCT_R0.22pct,2024-06-06,2024-06-06 09:39,DOWN,2024-06-06 10:06,LONG,19044.25,19034.25,19047.25,2024-06-06 10:06,TARGET_HIT,1,3.00
PCT_R0.22pct,2024-06-07,2024-06-06 14:00,UP,2024-06-06 22:55,SHORT,19099.25,19109.25,19096.25,2024-06-06 22:57,TARGET_HIT,3,3.00
PCT_R0.22pct,2024-06-07,2024-06-06 23:02,DOWN,2024-06-07 03:06,LONG,19060.25,19050.25,19063.25,2024-06-07 03:07,TARGET_HIT,2,3.00
PCT_R0.22pct,2024-06-07,2024-06-07 03:27,UP,2024-06-07 03:45,SHORT,19094.50,19104.50,19091.50,2024-06-07 03:45,TARGET_HIT,1,3.00
PCT_R0.22pct,2024-06-07,2024-06-07 05:34,UP,2024-06-07 05:51,SHORT,19039.50,19049.50,19036.50,2024-06-07 05:51,STOP_HIT,1,-10.00
PCT_R0.22pct,2024-06-07,2024-06-07 05:54,DOWN,2024-06-07 06:13,LONG,19033.75,19023.75,19036.75,2024-06-07 06:13,TARGET_HIT,1,3.00
PCT_R0.22pct,2024-06-07,2024-06-07 05:58,UP,2024-06-07 06:38,SHORT,19065.50,19075.50,19062.50,2024-06-07 06:38,TARGET_HIT,1,3.00
PCT_R0.22pct,2024-06-07,2024-06-07 07:11,UP,2024-06-07 07:25,SHORT,19061.50,19071.50,19058.50,2024-06-07 07:25,TARGET_HIT,1,3.00
PCT_R0.22pct,2024-06-07,2024-06-07 10:47,DOWN,2024-06-07 11:01,LONG,19039.00,19029.00,19042.00,2024-06-07 11:01,TARGET_HIT,1,3.00
PCT_R0.22pct,2024-06-10,2024-06-09 14:00,UP,2024-06-09 14:10,SHORT,19054.25,19064.25,19051.25,2024-06-09 14:17,TARGET_HIT,8,3.00
PCT_R0.22pct,2024-06-10,2024-06-09 14:11,DOWN,2024-06-09 16:17,LONG,19017.75,19007.75,19020.75,2024-06-09 16:20,TARGET_HIT,4,3.00
PCT_R0.22pct,2024-06-10,2024-06-10 01:25,UP,2024-06-10 03:08,SHORT,19026.50,19036.50,19023.50,2024-06-10 03:09,TARGET_HIT,2,3.00
PCT_R0.22pct,2024-06-10,2024-06-10 03:34,DOWN,2024-06-10 04:56,LONG,18997.75,18987.75,19000.75,2024-06-10 05:08,STOP_HIT,13,-10.00
PCT_R0.22pct,2024-06-10,2024-06-10 05:31,UP,2024-06-10 05:41,SHORT,19014.25,19024.25,19011.25,2024-06-10 05:43,TARGET_HIT,3,3.00
PCT_R0.22pct,2024-06-11,2024-06-10 22:01,DOWN,2024-06-11 00:49,LONG,19067.25,19057.25,19070.25,2024-06-11 00:49,TARGET_HIT,1,3.00
PCT_R0.22pct,2024-06-11,2024-06-11 03:09,UP,2024-06-11 05:34,SHORT,19074.75,19084.75,19071.75,2024-06-11 05:35,STOP_HIT,2,-10.00
PCT_R0.22pct,2024-06-11,2024-06-11 05:35,DOWN,2024-06-11 05:47,LONG,19048.00,19038.00,19051.00,2024-06-11 05:47,STOP_HIT,1,-10.00
PCT_R0.22pct,2024-06-11,2024-06-11 05:54,UP,2024-06-11 06:22,SHORT,19069.25,19079.25,19066.25,2024-06-11 06:22,TARGET_HIT,1,3.00
PCT_R0.22pct,2024-06-12,2024-06-11 14:08,UP,2024-06-11 22:29,SHORT,19275.25,19285.25,19272.25,2024-06-11 22:29,TARGET_HIT,1,3.00
PCT_R0.22pct,2024-06-12,2024-06-12 10:02,DOWN,2024-06-12 10:12,LONG,19491.75,19481.75,19494.75,2024-06-12 10:12,TARGET_HIT,1,3.00
PCT_R0.22pct,2024-06-12,2024-06-12 10:07,UP,2024-06-12 10:19,SHORT,19516.25,19526.25,19513.25,2024-06-12 10:20,TARGET_HIT,2,3.00
PCT_R0.22pct,2024-06-12,2024-06-12 10:39,DOWN,2024-06-12 10:52,LONG,19494.75,19484.75,19497.75,2024-06-12 10:52,STOP_HIT,1,-10.00
PCT_R0.22pct,2024-06-12,2024-06-12 11:42,UP,2024-06-12 11:58,SHORT,19520.50,19530.50,19517.50,2024-06-12 11:58,STOP_HIT,1,-10.00
PCT_R0.22pct,2024-06-12,2024-06-12 11:58,DOWN,2024-06-12 12:08,LONG,19481.50,19471.50,19484.50,2024-06-12 12:10,TARGET_HIT,3,3.00
PCT_R0.22pct,2024-06-12,2024-06-12 12:04,UP,2024-06-12 12:23,SHORT,19561.75,19571.75,19558.75,2024-06-12 12:23,TARGET_HIT,1,3.00
PCT_R0.22pct,2024-06-13,2024-06-12 15:05,UP,2024-06-12 19:13,SHORT,19625.25,19635.25,19622.25,2024-06-12 19:44,STOP_HIT,32,-10.00
PCT_R0.22pct,2024-06-13,2024-06-12 23:23,DOWN,2024-06-13 03:03,LONG,19622.00,19612.00,19625.00,2024-06-13 03:10,STOP_HIT,8,-10.00
PCT_R0.22pct,2024-06-13,2024-06-13 04:32,DOWN,2024-06-13 05:14,LONG,19626.50,19616.50,19629.50,2024-06-13 05:14,TARGET_HIT,1,3.00
PCT_R0.22pct,2024-06-13,2024-06-13 04:50,UP,2024-06-13 05:39,SHORT,19657.75,19667.75,19654.75,2024-06-13 05:39,TARGET_HIT,1,3.00
PCT_R0.22pct,2024-06-13,2024-06-13 05:40,DOWN,2024-06-13 05:59,LONG,19630.00,19620.00,19633.00,2024-06-13 06:00,TARGET_HIT,2,3.00
PCT_R0.22pct,2024-06-13,2024-06-13 12:00,UP,2024-06-13 12:10,SHORT,19610.00,19620.00,19607.00,2024-06-13 12:36,TARGET_HIT,27,3.00
PCT_R0.22pct,2024-06-14,2024-06-13 14:00,UP,2024-06-13 18:48,SHORT,19637.25,19647.25,19634.25,2024-06-13 18:48,TARGET_HIT,1,3.00
PCT_R0.22pct,2024-06-14,2024-06-13 22:24,DOWN,2024-06-13 23:16,LONG,19616.25,19606.25,19619.25,2024-06-13 23:16,TARGET_HIT,1,3.00
PCT_R0.22pct,2024-06-14,2024-06-13 23:19,UP,2024-06-13 23:31,SHORT,19649.25,19659.25,19646.25,2024-06-13 23:31,TARGET_HIT,1,3.00
PCT_R0.22pct,2024-06-14,2024-06-13 23:34,DOWN,2024-06-14 00:58,LONG,19615.25,19605.25,19618.25,2024-06-14 00:58,TARGET_HIT,1,3.00
PCT_R0.22pct,2024-06-14,2024-06-14 06:24,DOWN,2024-06-14 06:43,LONG,19593.25,19583.25,19596.25,2024-06-14 06:43,TARGET_HIT,1,3.00
PCT_R0.22pct,2024-06-14,2024-06-14 06:38,UP,2024-06-14 06:50,SHORT,19619.25,19629.25,19616.25,2024-06-14 06:50,STOP_HIT,1,-10.00
PCT_R0.22pct,2024-06-14,2024-06-14 07:50,UP,2024-06-14 08:03,SHORT,19617.25,19627.25,19614.25,2024-06-14 08:03,TARGET_HIT,1,3.00
PCT_R0.22pct,2024-06-17,2024-06-16 14:00,DOWN,2024-06-16 14:10,LONG,19691.75,19681.75,19694.75,2024-06-16 14:10,TARGET_HIT,1,3.00
PCT_R0.22pct,2024-06-17,2024-06-16 14:01,UP,2024-06-16 14:20,SHORT,19712.00,19722.00,19709.00,2024-06-16 14:22,TARGET_HIT,3,3.00
PCT_R0.22pct,2024-06-17,2024-06-16 15:21,DOWN,2024-06-16 22:02,LONG,19683.25,19673.25,19686.25,2024-06-16 22:02,TARGET_HIT,1,3.00
PCT_R0.22pct,2024-06-17,2024-06-16 22:09,UP,2024-06-16 23:15,SHORT,19718.50,19728.50,19715.50,2024-06-16 23:15,TARGET_HIT,1,3.00
PCT_R0.22pct,2024-06-17,2024-06-17 00:17,DOWN,2024-06-17 00:47,LONG,19700.25,19690.25,19703.25,2024-06-17 00:49,TARGET_HIT,3,3.00
PCT_R0.22pct,2024-06-17,2024-06-17 06:17,DOWN,2024-06-17 06:28,LONG,19676.50,19666.50,19679.50,2024-06-17 06:28,TARGET_HIT,1,3.00
PCT_R0.22pct,2024-06-17,2024-06-17 06:29,UP,2024-06-17 06:39,SHORT,19713.25,19723.25,19710.25,2024-06-17 06:39,TARGET_HIT,1,3.00
PCT_R0.22pct,2024-06-18,2024-06-17 14:25,DOWN,2024-06-17 16:34,LONG,19907.25,19897.25,19910.25,2024-06-17 16:34,TARGET_HIT,1,3.00
PCT_R0.22pct,2024-06-18,2024-06-17 17:59,UP,2024-06-17 22:25,SHORT,19929.50,19939.50,19926.50,2024-06-17 22:27,TARGET_HIT,3,3.00
PCT_R0.22pct,2024-06-18,2024-06-18 04:30,DOWN,2024-06-18 04:44,LONG,19923.00,19913.00,19926.00,2024-06-18 04:44,TARGET_HIT,1,3.00
PCT_R0.22pct,2024-06-18,2024-06-18 06:11,DOWN,2024-06-18 06:21,LONG,19897.00,19887.00,19900.00,2024-06-18 06:21,TARGET_HIT,1,3.00
PCT_R0.22pct,2024-06-18,2024-06-18 09:50,DOWN,2024-06-18 10:05,LONG,19905.00,19895.00,19908.00,2024-06-18 10:05,TARGET_HIT,1,3.00
PCT_R0.22pct,2024-06-18,2024-06-18 10:03,UP,2024-06-18 11:55,SHORT,19923.75,19933.75,19920.75,2024-06-18 11:55,TARGET_HIT,1,3.00
PCT_R0.22pct,2024-06-19,2024-06-18 14:01,UP,2024-06-19 04:57,SHORT,19969.75,19979.75,19966.75,2024-06-19 04:57,TARGET_HIT,1,3.00
PCT_R0.22pct,2024-06-20,2024-06-19 14:29,UP,2024-06-19 19:46,SHORT,19998.00,20008.00,19995.00,2024-06-19 19:57,STOP_HIT,12,-10.00
PCT_R0.22pct,2024-06-20,2024-06-19 23:31,DOWN,2024-06-20 04:13,LONG,20013.50,20003.50,20016.50,2024-06-20 04:27,TARGET_HIT,15,3.00
PCT_R0.22pct,2024-08-22,2024-08-21 16:11,DOWN,2024-08-21 18:18,LONG,19898.75,19888.75,19901.75,2024-08-21 18:19,STOP_HIT,2,-10.00
PCT_R0.22pct,2024-08-22,2024-08-21 19:14,UP,2024-08-22 00:08,SHORT,19907.25,19917.25,19904.25,2024-08-22 00:08,TARGET_HIT,1,3.00
PCT_R0.22pct,2024-08-23,2024-08-22 14:00,UP,2024-08-22 16:26,SHORT,19653.75,19663.75,19650.75,2024-08-22 16:35,TARGET_HIT,10,3.00
PCT_R0.22pct,2024-08-23,2024-08-23 05:19,DOWN,2024-08-23 05:45,LONG,19719.25,19709.25,19722.25,2024-08-23 05:45,TARGET_HIT,1,3.00
PCT_R0.22pct,2024-08-23,2024-08-23 05:34,UP,2024-08-23 05:49,SHORT,19753.00,19763.00,19750.00,2024-08-23 05:49,TARGET_HIT,1,3.00
PCT_R0.22pct,2024-08-23,2024-08-23 09:45,DOWN,2024-08-23 10:00,LONG,19732.75,19722.75,19735.75,2024-08-23 10:00,STOP_HIT,1,-10.00
PCT_R0.22pct,2024-08-23,2024-08-23 10:50,DOWN,2024-08-23 11:02,LONG,19722.75,19712.75,19725.75,2024-08-23 11:02,STOP_HIT,1,-10.00
PCT_R0.22pct,2024-08-23,2024-08-23 11:02,UP,2024-08-23 11:12,SHORT,19758.50,19768.50,19755.50,2024-08-23 11:12,TARGET_HIT,1,3.00
PCT_R0.22pct,2024-08-26,2024-08-25 14:00,UP,2024-08-25 14:10,SHORT,19815.75,19825.75,19812.75,2024-08-25 14:16,TARGET_HIT,7,3.00
PCT_R0.22pct,2024-08-26,2024-08-25 14:07,DOWN,2024-08-25 14:33,LONG,19787.50,19777.50,19790.50,2024-08-25 14:33,STOP_HIT,1,-10.00
PCT_R0.22pct,2024-08-26,2024-08-25 15:00,UP,2024-08-25 16:55,SHORT,19805.50,19815.50,19802.50,2024-08-25 16:57,TARGET_HIT,3,3.00
PCT_R0.22pct,2024-08-26,2024-08-25 19:47,UP,2024-08-25 22:34,SHORT,19802.00,19812.00,19799.00,2024-08-25 22:34,TARGET_HIT,1,3.00
PCT_R0.22pct,2024-08-26,2024-08-26 05:31,UP,2024-08-26 05:41,SHORT,19783.75,19793.75,19780.75,2024-08-26 05:41,TARGET_HIT,1,3.00
PCT_R0.22pct,2024-08-26,2024-08-26 05:34,DOWN,2024-08-26 05:44,LONG,19750.25,19740.25,19753.25,2024-08-26 05:44,TARGET_HIT,1,3.00
PCT_R0.22pct,2024-08-27,2024-08-26 14:03,DOWN,2024-08-26 14:32,LONG,19538.50,19528.50,19541.50,2024-08-26 14:33,STOP_HIT,2,-10.00
PCT_R0.22pct,2024-08-27,2024-08-26 14:48,UP,2024-08-26 15:22,SHORT,19563.50,19573.50,19560.50,2024-08-26 15:28,STOP_HIT,7,-10.00
PCT_R0.22pct,2024-08-27,2024-08-26 16:33,DOWN,2024-08-26 16:54,LONG,19558.50,19548.50,19561.50,2024-08-26 16:54,TARGET_HIT,1,3.00
PCT_R0.22pct,2024-08-27,2024-08-26 17:40,UP,2024-08-26 18:32,SHORT,19586.75,19596.75,19583.75,2024-08-26 18:32,STOP_HIT,1,-10.00
PCT_R0.22pct,2024-08-27,2024-08-27 01:24,DOWN,2024-08-27 02:42,LONG,19589.75,19579.75,19592.75,2024-08-27 02:44,STOP_HIT,3,-10.00
PCT_R0.22pct,2024-08-27,2024-08-27 03:03,UP,2024-08-27 03:32,SHORT,19610.00,19620.00,19607.00,2024-08-27 03:32,TARGET_HIT,1,3.00
PCT_R0.22pct,2024-08-27,2024-08-27 03:45,DOWN,2024-08-27 04:12,LONG,19571.00,19561.00,19574.00,2024-08-27 04:13,TARGET_HIT,2,3.00
PCT_R0.22pct,2024-08-27,2024-08-27 05:55,DOWN,2024-08-27 06:07,LONG,19547.00,19537.00,19550.00,2024-08-27 06:07,STOP_HIT,1,-10.00
PCT_R0.22pct,2024-08-27,2024-08-27 05:58,UP,2024-08-27 06:11,SHORT,19579.00,19589.00,19576.00,2024-08-27 06:11,TARGET_HIT,1,3.00
PCT_R0.22pct,2024-08-28,2024-08-27 14:02,DOWN,2024-08-27 14:12,LONG,19605.75,19595.75,19608.75,2024-08-27 14:12,TARGET_HIT,1,3.00
PCT_R0.22pct,2024-08-28,2024-08-27 15:26,UP,2024-08-27 16:50,SHORT,19603.00,19613.00,19600.00,2024-08-27 16:52,TARGET_HIT,3,3.00
PCT_R0.22pct,2024-08-28,2024-08-28 04:10,UP,2024-08-28 05:03,SHORT,19645.50,19655.50,19642.50,2024-08-28 05:05,TARGET_HIT,3,3.00
PCT_R0.22pct,2024-08-28,2024-08-28 05:02,DOWN,2024-08-28 05:18,LONG,19603.25,19593.25,19606.25,2024-08-28 05:18,TARGET_HIT,1,3.00
PCT_R0.22pct,2024-08-28,2024-08-28 05:18,UP,2024-08-28 05:33,SHORT,19640.75,19650.75,19637.75,2024-08-28 05:33,STOP_HIT,1,-10.00
PCT_R0.22pct,2024-08-28,2024-08-28 05:30,DOWN,2024-08-28 05:40,LONG,19586.25,19576.25,19589.25,2024-08-28 05:40,TARGET_HIT,1,3.00
PCT_R0.22pct,2024-08-28,2024-08-28 11:02,DOWN,2024-08-28 11:12,LONG,19427.75,19417.75,19430.75,2024-08-28 11:13,STOP_HIT,2,-10.00
PCT_R0.22pct,2024-08-28,2024-08-28 11:13,UP,2024-08-28 11:30,SHORT,19455.50,19465.50,19452.50,2024-08-28 11:30,TARGET_HIT,1,3.00
PCT_R0.22pct,2024-08-29,2024-08-28 14:07,DOWN,2024-08-28 14:17,LONG,19243.25,19233.25,19246.25,2024-08-28 14:17,TARGET_HIT,1,3.00
PCT_R0.22pct,2024-08-29,2024-08-28 14:46,UP,2024-08-28 17:29,SHORT,19224.50,19234.50,19221.50,2024-08-28 17:30,TARGET_HIT,2,3.00
PCT_R0.22pct,2024-08-29,2024-08-29 09:48,UP,2024-08-29 09:58,SHORT,19626.25,19636.25,19623.25,2024-08-29 10:00,TARGET_HIT,3,3.00
PCT_R0.22pct,2024-08-29,2024-08-29 09:59,DOWN,2024-08-29 10:09,LONG,19584.50,19574.50,19587.50,2024-08-29 10:09,TARGET_HIT,1,3.00
PCT_R0.22pct,2024-08-30,2024-08-29 14:03,DOWN,2024-08-29 14:17,LONG,19430.75,19420.75,19433.75,2024-08-29 14:17,TARGET_HIT,1,3.00
PCT_R0.22pct,2024-08-30,2024-08-29 16:07,UP,2024-08-29 16:51,SHORT,19444.25,19454.25,19441.25,2024-08-29 16:51,TARGET_HIT,1,3.00
PCT_R0.22pct,2024-08-30,2024-08-30 06:26,UP,2024-08-30 06:36,SHORT,19576.00,19586.00,19573.00,2024-08-30 06:36,TARGET_HIT,1,3.00
PCT_R0.22pct,2024-08-30,2024-08-30 10:00,UP,2024-08-30 10:54,SHORT,19533.25,19543.25,19530.25,2024-08-30 10:54,TARGET_HIT,1,3.00
PCT_R0.22pct,2024-09-02,2024-09-01 14:02,DOWN,2024-09-01 14:36,LONG,19587.00,19577.00,19590.00,2024-09-01 14:36,TARGET_HIT,1,3.00
PCT_R0.22pct,2024-09-02,2024-09-01 14:49,UP,2024-09-01 16:52,SHORT,19612.50,19622.50,19609.50,2024-09-01 16:59,TARGET_HIT,8,3.00
PCT_R0.22pct,2024-09-02,2024-09-01 17:31,DOWN,2024-09-01 19:38,LONG,19577.00,19567.00,19580.00,2024-09-01 19:38,TARGET_HIT,1,3.00
PCT_R0.22pct,2024-09-02,2024-09-01 23:30,UP,2024-09-02 04:16,SHORT,19620.00,19630.00,19617.00,2024-09-02 04:22,TARGET_HIT,7,3.00
PCT_R0.22pct,2024-09-03,2024-09-02 14:14,DOWN,2024-09-02 14:38,LONG,19635.50,19625.50,19638.50,2024-09-02 14:38,TARGET_HIT,1,3.00
PCT_R0.22pct,2024-09-03,2024-09-02 15:41,UP,2024-09-02 18:11,SHORT,19588.00,19598.00,19585.00,2024-09-02 18:24,STOP_HIT,14,-10.00
PCT_R0.22pct,2024-09-03,2024-09-02 17:16,DOWN,2024-09-02 18:58,LONG,19565.00,19555.00,19568.00,2024-09-02 18:58,STOP_HIT,1,-10.00
PCT_R0.22pct,2024-09-03,2024-09-02 22:26,UP,2024-09-02 23:04,SHORT,19602.00,19612.00,19599.00,2024-09-02 23:05,TARGET_HIT,2,3.00
PCT_R0.22pct,2024-09-03,2024-09-02 23:44,DOWN,2024-09-03 00:56,LONG,19529.50,19519.50,19532.50,2024-09-03 00:56,TARGET_HIT,1,3.00
PCT_R0.22pct,2024-09-04,2024-09-03 14:02,DOWN,2024-09-03 14:12,LONG,18973.25,18963.25,18976.25,2024-09-03 14:12,TARGET_HIT,1,3.00
PCT_R0.22pct,2024-09-04,2024-09-03 14:08,UP,2024-09-03 14:18,SHORT,18976.50,18986.50,18973.50,2024-09-03 14:20,STOP_HIT,3,-10.00
PCT_R0.22pct,2024-09-04,2024-09-03 14:25,DOWN,2024-09-03 15:06,LONG,18959.25,18949.25,18962.25,2024-09-03 15:07,STOP_HIT,2,-10.00
PCT_R0.22pct,2024-09-04,2024-09-03 15:50,UP,2024-09-03 16:06,SHORT,18975.00,18985.00,18972.00,2024-09-03 16:10,TARGET_HIT,5,3.00
PCT_R0.22pct,2024-09-04,2024-09-03 16:08,DOWN,2024-09-03 16:38,LONG,18940.00,18930.00,18943.00,2024-09-03 16:38,STOP_HIT,1,-10.00
PCT_R0.22pct,2024-09-04,2024-09-03 17:47,DOWN,2024-09-03 18:00,LONG,18888.25,18878.25,18891.25,2024-09-03 18:00,TARGET_HIT,1,3.00
PCT_R0.22pct,2024-09-04,2024-09-03 18:35,DOWN,2024-09-03 18:46,LONG,18894.25,18884.25,18897.25,2024-09-03 18:46,TARGET_HIT,1,3.00
PCT_R0.22pct,2024-09-04,2024-09-03 22:30,DOWN,2024-09-03 22:53,LONG,18870.00,18860.00,18873.00,2024-09-03 22:53,TARGET_HIT,1,3.00
PCT_R0.22pct,2024-09-04,2024-09-03 23:49,DOWN,2024-09-04 00:13,LONG,18891.00,18881.00,18894.00,2024-09-04 00:14,STOP_HIT,2,-10.00
PCT_R0.22pct,2024-09-04,2024-09-04 00:16,UP,2024-09-04 00:31,SHORT,18916.00,18926.00,18913.00,2024-09-04 00:31,STOP_HIT,1,-10.00
PCT_R0.22pct,2024-09-04,2024-09-04 01:46,DOWN,2024-09-04 02:48,LONG,18885.50,18875.50,18888.50,2024-09-04 02:48,TARGET_HIT,1,3.00
PCT_R0.22pct,2024-09-04,2024-09-04 04:48,DOWN,2024-09-04 05:26,LONG,18872.25,18862.25,18875.25,2024-09-04 05:26,TARGET_HIT,1,3.00
PCT_R0.22pct,2024-09-04,2024-09-04 10:32,DOWN,2024-09-04 10:42,LONG,18970.75,18960.75,18973.75,2024-09-04 10:42,TARGET_HIT,1,3.00
PCT_R0.22pct,2024-09-04,2024-09-04 11:10,UP,2024-09-04 11:52,SHORT,19007.00,19017.00,19004.00,2024-09-04 11:52,TARGET_HIT,1,3.00
PCT_R0.22pct,2024-09-05,2024-09-04 14:37,DOWN,2024-09-04 15:17,LONG,18945.75,18935.75,18948.75,2024-09-04 15:17,TARGET_HIT,1,3.00
PCT_R0.22pct,2024-09-05,2024-09-04 15:43,UP,2024-09-04 16:26,SHORT,18983.75,18993.75,18980.75,2024-09-04 16:26,TARGET_HIT,1,3.00
PCT_R0.22pct,2024-09-05,2024-09-04 17:36,DOWN,2024-09-04 18:22,LONG,18967.25,18957.25,18970.25,2024-09-04 18:24,TARGET_HIT,3,3.00
PCT_R0.22pct,2024-09-05,2024-09-04 23:00,UP,2024-09-04 23:16,SHORT,18966.50,18976.50,18963.50,2024-09-04 23:16,TARGET_HIT,1,3.00
PCT_R0.22pct,2024-09-05,2024-09-05 03:31,DOWN,2024-09-05 03:49,LONG,18922.00,18912.00,18925.00,2024-09-05 03:49,TARGET_HIT,1,3.00
PCT_R0.22pct,2024-09-05,2024-09-05 09:30,UP,2024-09-05 09:46,SHORT,18985.50,18995.50,18982.50,2024-09-05 09:46,STOP_HIT,1,-10.00
PCT_R0.22pct,2024-09-05,2024-09-05 11:16,UP,2024-09-05 11:39,SHORT,18970.50,18980.50,18967.50,2024-09-05 11:39,TARGET_HIT,1,3.00
PCT_R0.22pct,2024-09-05,2024-09-05 11:34,DOWN,2024-09-05 11:44,LONG,18923.00,18913.00,18926.00,2024-09-05 11:44,STOP_HIT,1,-10.00
PCT_R0.22pct,2024-09-06,2024-09-05 14:01,DOWN,2024-09-05 15:20,LONG,18892.50,18882.50,18895.50,2024-09-05 15:20,TARGET_HIT,1,3.00
PCT_R0.22pct,2024-09-06,2024-09-05 17:03,UP,2024-09-05 19:08,SHORT,18894.25,18904.25,18891.25,2024-09-05 19:10,STOP_HIT,3,-10.00
PCT_R0.22pct,2024-09-06,2024-09-05 19:15,DOWN,2024-09-05 21:45,LONG,18833.25,18823.25,18836.25,2024-09-05 21:45,TARGET_HIT,1,3.00
PCT_R0.22pct,2024-09-06,2024-09-05 21:44,UP,2024-09-05 22:01,SHORT,18876.00,18886.00,18873.00,2024-09-05 22:03,STOP_HIT,3,-10.00
PCT_R0.22pct,2024-09-09,2024-09-08 14:05,DOWN,2024-09-08 14:15,LONG,18408.75,18398.75,18411.75,2024-09-08 14:15,STOP_HIT,1,-10.00
PCT_R0.22pct,2024-09-09,2024-09-08 14:07,UP,2024-09-08 14:18,SHORT,18436.25,18446.25,18433.25,2024-09-08 14:19,TARGET_HIT,2,3.00
PCT_R0.22pct,2024-09-09,2024-09-08 14:18,DOWN,2024-09-08 15:01,LONG,18403.00,18393.00,18406.00,2024-09-08 15:02,TARGET_HIT,2,3.00
PCT_R0.22pct,2024-09-09,2024-09-08 15:15,UP,2024-09-08 15:25,SHORT,18449.00,18459.00,18446.00,2024-09-08 15:25,STOP_HIT,1,-10.00
PCT_R0.22pct,2024-09-09,2024-09-09 07:13,UP,2024-09-09 08:09,SHORT,18644.00,18654.00,18641.00,2024-09-09 08:10,STOP_HIT,2,-10.00
PCT_R0.22pct,2024-09-09,2024-09-09 09:53,DOWN,2024-09-09 10:15,LONG,18605.25,18595.25,18608.25,2024-09-09 10:15,TARGET_HIT,1,3.00
PCT_R0.22pct,2024-09-09,2024-09-09 10:39,UP,2024-09-09 11:41,SHORT,18661.75,18671.75,18658.75,2024-09-09 11:43,TARGET_HIT,3,3.00
PCT_R0.22pct,2024-09-10,2024-09-09 14:03,DOWN,2024-09-09 14:46,LONG,18704.00,18694.00,18707.00,2024-09-09 14:46,TARGET_HIT,1,3.00
PCT_R0.22pct,2024-09-10,2024-09-09 22:07,UP,2024-09-10 00:13,SHORT,18671.00,18681.00,18668.00,2024-09-10 00:14,TARGET_HIT,2,3.00
PCT_R0.22pct,2024-09-10,2024-09-10 00:00,DOWN,2024-09-10 00:57,LONG,18641.00,18631.00,18644.00,2024-09-10 00:57,TARGET_HIT,1,3.00
PCT_R0.22pct,2024-09-10,2024-09-10 01:10,UP,2024-09-10 03:50,SHORT,18695.75,18705.75,18692.75,2024-09-10 03:57,STOP_HIT,8,-10.00
PCT_R0.22pct,2024-09-10,2024-09-10 06:29,DOWN,2024-09-10 06:52,LONG,18700.00,18690.00,18703.00,2024-09-10 06:52,TARGET_HIT,1,3.00
PCT_R0.22pct,2024-09-10,2024-09-10 06:51,UP,2024-09-10 07:30,SHORT,18774.75,18784.75,18771.75,2024-09-10 07:30,STOP_HIT,1,-10.00
PCT_R0.22pct,2024-09-11,2024-09-10 15:40,DOWN,2024-09-10 16:20,LONG,18816.25,18806.25,18819.25,2024-09-10 16:20,TARGET_HIT,1,3.00
PCT_R0.22pct,2024-09-11,2024-09-10 21:29,UP,2024-09-10 23:10,SHORT,18801.50,18811.50,18798.50,2024-09-10 23:10,TARGET_HIT,1,3.00
PCT_R0.22pct,2024-09-11,2024-09-11 00:46,UP,2024-09-11 01:54,SHORT,18800.75,18810.75,18797.75,2024-09-11 01:56,STOP_HIT,3,-10.00
PCT_R0.22pct,2024-09-12,2024-09-11 14:00,UP,2024-09-11 16:29,SHORT,19268.00,19278.00,19265.00,2024-09-11 16:30,STOP_HIT,2,-10.00
PCT_R0.22pct,2024-09-12,2024-09-11 16:33,DOWN,2024-09-11 17:15,LONG,19243.75,19233.75,19246.75,2024-09-11 17:15,TARGET_HIT,1,3.00
PCT_R0.22pct,2024-09-12,2024-09-11 23:29,DOWN,2024-09-12 00:01,LONG,19263.50,19253.50,19266.50,2024-09-12 00:01,TARGET_HIT,1,3.00
PCT_R0.22pct,2024-09-12,2024-09-12 00:04,UP,2024-09-12 00:46,SHORT,19307.50,19317.50,19304.50,2024-09-12 00:46,TARGET_HIT,1,3.00
PCT_R0.22pct,2024-09-12,2024-09-12 01:23,DOWN,2024-09-12 02:07,LONG,19291.50,19281.50,19294.50,2024-09-12 02:07,TARGET_HIT,1,3.00
PCT_R0.22pct,2024-09-12,2024-09-12 03:05,UP,2024-09-12 04:21,SHORT,19314.25,19324.25,19311.25,2024-09-12 04:23,TARGET_HIT,3,3.00
PCT_R0.22pct,2024-09-12,2024-09-12 07:58,UP,2024-09-12 08:08,SHORT,19280.00,19290.00,19277.00,2024-09-12 08:08,STOP_HIT,1,-10.00
PCT_R0.22pct,2024-09-13,2024-09-12 14:00,UP,2024-09-12 15:06,SHORT,19454.25,19464.25,19451.25,2024-09-12 15:13,TARGET_HIT,8,3.00
PCT_R0.22pct,2024-09-13,2024-09-12 16:37,DOWN,2024-09-12 18:38,LONG,19430.75,19420.75,19433.75,2024-09-12 18:38,TARGET_HIT,1,3.00
PCT_R0.22pct,2024-09-13,2024-09-12 18:42,UP,2024-09-12 21:10,SHORT,19463.25,19473.25,19460.25,2024-09-12 21:10,TARGET_HIT,1,3.00
PCT_R0.22pct,2024-09-13,2024-09-12 21:42,DOWN,2024-09-12 22:21,LONG,19437.00,19427.00,19440.00,2024-09-12 22:21,TARGET_HIT,1,3.00
PCT_R0.22pct,2024-09-13,2024-09-12 22:11,UP,2024-09-12 23:29,SHORT,19472.00,19482.00,19469.00,2024-09-12 23:31,TARGET_HIT,3,3.00
PCT_R0.22pct,2024-09-13,2024-09-12 23:29,DOWN,2024-09-13 00:02,LONG,19427.25,19417.25,19430.25,2024-09-13 00:02,TARGET_HIT,1,3.00
PCT_R0.22pct,2024-09-13,2024-09-13 00:01,UP,2024-09-13 01:08,SHORT,19462.75,19472.75,19459.75,2024-09-13 01:13,TARGET_HIT,6,3.00
PCT_R0.22pct,2024-09-13,2024-09-13 01:49,DOWN,2024-09-13 04:40,LONG,19431.75,19421.75,19434.75,2024-09-13 04:41,STOP_HIT,2,-10.00
PCT_R0.22pct,2024-09-13,2024-09-13 04:42,UP,2024-09-13 05:02,SHORT,19446.00,19456.00,19443.00,2024-09-13 05:02,TARGET_HIT,1,3.00
PCT_R0.22pct,2024-09-13,2024-09-13 05:30,UP,2024-09-13 05:40,SHORT,19470.50,19480.50,19467.50,2024-09-13 05:40,STOP_HIT,1,-10.00
PCT_R0.22pct,2024-09-13,2024-09-13 06:31,UP,2024-09-13 06:41,SHORT,19493.25,19503.25,19490.25,2024-09-13 06:41,STOP_HIT,1,-10.00
PCT_R0.22pct,2024-09-16,2024-09-15 14:00,DOWN,2024-09-15 14:25,LONG,19483.00,19473.00,19486.00,2024-09-15 14:26,TARGET_HIT,2,3.00
PCT_R0.22pct,2024-09-16,2024-09-15 14:25,UP,2024-09-15 15:13,SHORT,19523.00,19533.00,19520.00,2024-09-15 15:13,TARGET_HIT,1,3.00
PCT_R0.22pct,2024-09-16,2024-09-15 15:48,DOWN,2024-09-15 17:17,LONG,19499.25,19489.25,19502.25,2024-09-15 17:18,TARGET_HIT,2,3.00
PCT_R0.22pct,2024-09-16,2024-09-15 22:35,UP,2024-09-16 00:51,SHORT,19524.50,19534.50,19521.50,2024-09-16 01:12,STOP_HIT,22,-10.00
PCT_R0.22pct,2024-09-16,2024-09-16 00:27,DOWN,2024-09-16 02:08,LONG,19499.50,19489.50,19502.50,2024-09-16 02:10,STOP_HIT,3,-10.00
PCT_R0.22pct,2024-09-16,2024-09-16 06:03,UP,2024-09-16 06:13,SHORT,19440.50,19450.50,19437.50,2024-09-16 06:13,STOP_HIT,1,-10.00
PCT_R0.22pct,2024-09-16,2024-09-16 08:21,UP,2024-09-16 10:31,SHORT,19429.00,19439.00,19426.00,2024-09-16 10:31,TARGET_HIT,1,3.00
PCT_R0.22pct,2024-09-17,2024-09-16 14:00,UP,2024-09-16 14:25,SHORT,19459.50,19469.50,19456.50,2024-09-16 14:27,TARGET_HIT,3,3.00
PCT_R0.22pct,2024-09-17,2024-09-16 14:39,DOWN,2024-09-16 16:42,LONG,19426.00,19416.00,19429.00,2024-09-16 17:18,STOP_HIT,36,-10.00
PCT_R0.22pct,2024-09-17,2024-09-16 17:28,UP,2024-09-16 23:15,SHORT,19470.75,19480.75,19467.75,2024-09-16 23:15,STOP_HIT,1,-10.00
PCT_R0.22pct,2024-09-17,2024-09-17 05:54,UP,2024-09-17 06:06,SHORT,19555.75,19565.75,19552.75,2024-09-17 06:06,TARGET_HIT,1,3.00
PCT_R0.22pct,2024-09-17,2024-09-17 06:59,UP,2024-09-17 07:09,SHORT,19547.75,19557.75,19544.75,2024-09-17 07:13,STOP_HIT,5,-10.00
PCT_R0.22pct,2024-09-17,2024-09-17 07:16,DOWN,2024-09-17 07:31,LONG,19525.50,19515.50,19528.50,2024-09-17 07:31,TARGET_HIT,1,3.00
PCT_R0.22pct,2024-09-18,2024-09-17 18:05,DOWN,2024-09-17 20:58,LONG,19436.00,19426.00,19439.00,2024-09-17 20:58,TARGET_HIT,1,3.00
PCT_R0.22pct,2024-09-18,2024-09-17 21:34,UP,2024-09-17 22:18,SHORT,19474.25,19484.25,19471.25,2024-09-17 22:18,TARGET_HIT,1,3.00
PCT_R0.22pct,2024-09-18,2024-09-17 23:12,DOWN,2024-09-17 23:43,LONG,19449.00,19439.00,19452.00,2024-09-17 23:43,TARGET_HIT,1,3.00
PCT_R0.22pct,2024-09-18,2024-09-18 00:30,UP,2024-09-18 02:19,SHORT,19466.00,19476.00,19463.00,2024-09-18 02:38,STOP_HIT,20,-10.00
PCT_R0.22pct,2024-09-18,2024-09-18 03:21,DOWN,2024-09-18 04:13,LONG,19447.00,19437.00,19450.00,2024-09-18 04:15,STOP_HIT,3,-10.00
PCT_R0.22pct,2024-09-18,2024-09-18 04:16,UP,2024-09-18 04:37,SHORT,19479.75,19489.75,19476.75,2024-09-18 04:39,STOP_HIT,3,-10.00
PCT_R0.22pct,2024-09-18,2024-09-18 05:27,DOWN,2024-09-18 05:41,LONG,19455.25,19445.25,19458.25,2024-09-18 05:41,TARGET_HIT,1,3.00
PCT_R0.22pct,2024-09-18,2024-09-18 05:50,UP,2024-09-18 06:00,SHORT,19472.75,19482.75,19469.75,2024-09-18 06:00,TARGET_HIT,1,3.00
PCT_R0.22pct,2024-09-18,2024-09-18 06:25,UP,2024-09-18 06:49,SHORT,19481.25,19491.25,19478.25,2024-09-18 06:49,TARGET_HIT,1,3.00
PCT_R0.22pct,2024-09-18,2024-09-18 06:43,DOWN,2024-09-18 07:09,LONG,19452.25,19442.25,19455.25,2024-09-18 07:10,STOP_HIT,2,-10.00
PCT_R0.22pct,2024-09-18,2024-09-18 09:32,DOWN,2024-09-18 09:51,LONG,19455.25,19445.25,19458.25,2024-09-18 09:51,STOP_HIT,1,-10.00
PCT_R0.22pct,2024-09-19,2024-09-18 14:00,UP,2024-09-18 14:29,SHORT,19452.00,19462.00,19449.00,2024-09-18 14:29,TARGET_HIT,1,3.00
PCT_R0.22pct,2024-09-19,2024-09-18 14:33,DOWN,2024-09-18 15:24,LONG,19418.75,19408.75,19421.75,2024-09-18 15:24,TARGET_HIT,1,3.00
PCT_R0.22pct,2024-09-19,2024-09-18 15:31,UP,2024-09-18 15:54,SHORT,19459.25,19469.25,19456.25,2024-09-18 15:54,STOP_HIT,1,-10.00
PCT_R0.22pct,2024-09-19,2024-09-18 17:13,UP,2024-09-18 17:24,SHORT,19487.50,19497.50,19484.50,2024-09-18 17:28,TARGET_HIT,5,3.00
PCT_R0.22pct,2024-09-19,2024-09-18 17:26,DOWN,2024-09-18 17:37,LONG,19471.75,19461.75,19474.75,2024-09-18 17:37,TARGET_HIT,1,3.00
PCT_R0.22pct,2024-09-19,2024-09-18 17:31,UP,2024-09-18 17:43,SHORT,19486.25,19496.25,19483.25,2024-09-18 17:52,STOP_HIT,10,-10.00
PCT_R0.22pct,2024-11-21,2024-11-20 13:00,DOWN,2024-11-20 13:16,LONG,20697.75,20687.75,20700.75,2024-11-20 13:16,TARGET_HIT,1,3.00
PCT_R0.22pct,2024-11-21,2024-11-20 13:15,UP,2024-11-20 13:31,SHORT,20740.50,20750.50,20737.50,2024-11-20 13:31,STOP_HIT,1,-10.00
PCT_R0.22pct,2024-11-21,2024-11-20 13:42,DOWN,2024-11-20 14:19,LONG,20708.25,20698.25,20711.25,2024-11-20 14:19,TARGET_HIT,1,3.00
PCT_R0.22pct,2024-11-21,2024-11-20 17:36,DOWN,2024-11-20 18:02,LONG,20643.75,20633.75,20646.75,2024-11-20 18:03,TARGET_HIT,2,3.00
PCT_R0.22pct,2024-11-21,2024-11-20 18:02,UP,2024-11-20 19:06,SHORT,20684.25,20694.25,20681.25,2024-11-20 19:12,TARGET_HIT,7,3.00
PCT_R0.22pct,2024-11-21,2024-11-20 21:35,UP,2024-11-20 22:07,SHORT,20675.00,20685.00,20672.00,2024-11-20 22:09,TARGET_HIT,3,3.00
PCT_R0.22pct,2024-11-21,2024-11-20 22:03,DOWN,2024-11-20 22:18,LONG,20655.75,20645.75,20658.75,2024-11-20 22:19,TARGET_HIT,2,3.00
PCT_R0.22pct,2024-11-21,2024-11-20 22:45,UP,2024-11-20 22:58,SHORT,20680.50,20690.50,20677.50,2024-11-20 22:58,TARGET_HIT,1,3.00
PCT_R0.22pct,2024-11-21,2024-11-20 23:28,UP,2024-11-21 01:18,SHORT,20732.00,20742.00,20729.00,2024-11-21 01:20,TARGET_HIT,3,3.00
PCT_R0.22pct,2024-11-21,2024-11-21 04:51,DOWN,2024-11-21 05:01,LONG,20643.75,20633.75,20646.75,2024-11-21 05:01,STOP_HIT,1,-10.00
PCT_R0.22pct,2024-11-22,2024-11-21 13:37,DOWN,2024-11-21 13:52,LONG,20764.00,20754.00,20767.00,2024-11-21 13:52,TARGET_HIT,1,3.00
PCT_R0.22pct,2024-11-22,2024-11-21 13:52,UP,2024-11-21 15:21,SHORT,20802.50,20812.50,20799.50,2024-11-21 15:27,TARGET_HIT,7,3.00
PCT_R0.22pct,2024-11-22,2024-11-21 17:17,DOWN,2024-11-21 17:49,LONG,20783.50,20773.50,20786.50,2024-11-21 17:50,TARGET_HIT,2,3.00
PCT_R0.22pct,2024-11-22,2024-11-21 17:42,UP,2024-11-21 18:34,SHORT,20804.00,20814.00,20801.00,2024-11-21 18:37,STOP_HIT,4,-10.00
PCT_R0.22pct,2024-11-22,2024-11-21 18:38,DOWN,2024-11-21 19:36,LONG,20788.00,20778.00,20791.00,2024-11-21 19:38,TARGET_HIT,3,3.00
PCT_R0.22pct,2024-11-22,2024-11-21 19:59,UP,2024-11-21 20:17,SHORT,20811.25,20821.25,20808.25,2024-11-21 20:17,TARGET_HIT,1,3.00
PCT_R0.22pct,2024-11-22,2024-11-21 22:00,DOWN,2024-11-21 23:12,LONG,20774.25,20764.25,20777.25,2024-11-21 23:12,TARGET_HIT,1,3.00
PCT_R0.22pct,2024-11-22,2024-11-22 00:10,UP,2024-11-22 03:51,SHORT,20787.75,20797.75,20784.75,2024-11-22 03:51,TARGET_HIT,1,3.00
PCT_R0.22pct,2024-11-22,2024-11-22 04:59,DOWN,2024-11-22 05:14,LONG,20788.75,20778.75,20791.75,2024-11-22 05:14,STOP_HIT,1,-10.00
PCT_R0.22pct,2024-11-22,2024-11-22 05:28,UP,2024-11-22 05:48,SHORT,20836.75,20846.75,20833.75,2024-11-22 05:48,TARGET_HIT,1,3.00
PCT_R0.22pct,2024-11-25,2024-11-24 13:36,UP,2024-11-25 00:38,SHORT,20974.25,20984.25,20971.25,2024-11-25 00:38,TARGET_HIT,1,3.00
PCT_R0.22pct,2024-11-26,2024-11-25 13:17,DOWN,2024-11-25 13:42,LONG,20886.75,20876.75,20889.75,2024-11-25 13:42,STOP_HIT,1,-10.00
PCT_R0.22pct,2024-11-26,2024-11-25 15:04,UP,2024-11-25 15:52,SHORT,20841.50,20851.50,20838.50,2024-11-25 15:53,TARGET_HIT,2,3.00
PCT_R0.22pct,2024-11-26,2024-11-26 05:19,UP,2024-11-26 05:32,SHORT,20965.50,20975.50,20962.50,2024-11-26 05:33,TARGET_HIT,2,3.00
PCT_R0.22pct,2024-11-26,2024-11-26 05:45,DOWN,2024-11-26 07:36,LONG,20955.00,20945.00,20958.00,2024-11-26 07:39,TARGET_HIT,4,3.00
PCT_R0.22pct,2024-11-26,2024-11-26 06:49,UP,2024-11-26 07:44,SHORT,20968.75,20978.75,20965.75,2024-11-26 07:44,TARGET_HIT,1,3.00
PCT_R0.22pct,2024-11-26,2024-11-26 07:59,DOWN,2024-11-26 09:31,LONG,20913.75,20903.75,20916.75,2024-11-26 09:31,TARGET_HIT,1,3.00
PCT_R0.22pct,2024-11-26,2024-11-26 09:25,UP,2024-11-26 10:55,SHORT,20989.00,20999.00,20986.00,2024-11-26 10:55,STOP_HIT,1,-10.00
PCT_R0.22pct,2024-11-27,2024-11-26 13:01,UP,2024-11-26 16:26,SHORT,21013.75,21023.75,21010.75,2024-11-26 16:31,TARGET_HIT,6,3.00
PCT_R0.22pct,2024-11-27,2024-11-26 16:28,DOWN,2024-11-26 18:38,LONG,20972.50,20962.50,20975.50,2024-11-26 18:41,TARGET_HIT,4,3.00
PCT_R0.22pct,2024-11-27,2024-11-27 03:22,DOWN,2024-11-27 04:31,LONG,20893.00,20883.00,20896.00,2024-11-27 04:31,STOP_HIT,1,-10.00
PCT_R0.22pct,2024-11-27,2024-11-27 10:05,DOWN,2024-11-27 10:32,LONG,20788.50,20778.50,20791.50,2024-11-27 10:32,TARGET_HIT,1,3.00
PCT_R0.22pct,2024-11-27,2024-11-27 10:43,UP,2024-11-27 10:59,SHORT,20814.25,20824.25,20811.25,2024-11-27 10:59,TARGET_HIT,1,3.00
PCT_R0.22pct,2024-11-28,2024-11-27 13:00,UP,2024-11-27 15:48,SHORT,20852.25,20862.25,20849.25,2024-11-27 15:48,TARGET_HIT,1,3.00
PCT_R0.22pct,2024-11-29,2024-11-28 13:57,DOWN,2024-11-28 14:49,LONG,20846.75,20836.75,20849.75,2024-11-28 14:51,STOP_HIT,3,-10.00
PCT_R0.22pct,2024-11-29,2024-11-28 15:03,UP,2024-11-28 15:56,SHORT,20867.75,20877.75,20864.75,2024-11-28 16:00,STOP_HIT,5,-10.00
PCT_R0.22pct,2024-11-29,2024-11-28 18:17,DOWN,2024-11-28 22:51,LONG,20901.50,20891.50,20904.50,2024-11-28 23:04,TARGET_HIT,14,3.00
PCT_R0.22pct,2024-11-29,2024-11-29 04:32,UP,2024-11-29 04:59,SHORT,20908.00,20918.00,20905.00,2024-11-29 04:59,STOP_HIT,1,-10.00
PCT_R0.22pct,2024-12-02,2024-12-01 13:00,DOWN,2024-12-01 13:37,LONG,20957.75,20947.75,20960.75,2024-12-01 13:37,TARGET_HIT,1,3.00
PCT_R0.22pct,2024-12-02,2024-12-01 20:35,UP,2024-12-02 02:09,SHORT,20985.75,20995.75,20982.75,2024-12-02 02:10,STOP_HIT,2,-10.00
PCT_R0.22pct,2024-12-03,2024-12-02 22:09,DOWN,2024-12-03 01:04,LONG,21194.25,21184.25,21197.25,2024-12-03 01:06,TARGET_HIT,3,3.00
PCT_R0.22pct,2024-12-03,2024-12-03 04:31,UP,2024-12-03 05:17,SHORT,21216.75,21226.75,21213.75,2024-12-03 05:17,TARGET_HIT,1,3.00
PCT_R0.22pct,2024-12-03,2024-12-03 05:06,DOWN,2024-12-03 05:28,LONG,21186.25,21176.25,21189.25,2024-12-03 05:28,TARGET_HIT,1,3.00
PCT_R0.22pct,2024-12-03,2024-12-03 05:27,UP,2024-12-03 05:40,SHORT,21204.50,21214.50,21201.50,2024-12-03 05:40,TARGET_HIT,1,3.00
PCT_R0.22pct,2024-12-03,2024-12-03 06:30,DOWN,2024-12-03 07:35,LONG,21204.50,21194.50,21207.50,2024-12-03 07:35,STOP_HIT,1,-10.00
PCT_R0.22pct,2024-12-04,2024-12-03 13:07,UP,2024-12-03 18:48,SHORT,21350.50,21360.50,21347.50,2024-12-03 19:10,TARGET_HIT,23,3.00
PCT_R0.22pct,2024-12-04,2024-12-04 04:39,UP,2024-12-04 04:56,SHORT,21434.50,21444.50,21431.50,2024-12-04 04:56,TARGET_HIT,1,3.00
PCT_R0.22pct,2024-12-05,2024-12-04 22:00,UP,2024-12-05 02:58,SHORT,21536.50,21546.50,21533.50,2024-12-05 03:00,TARGET_HIT,3,3.00
PCT_R0.22pct,2024-12-05,2024-12-05 04:35,DOWN,2024-12-05 05:00,LONG,21511.00,21501.00,21514.00,2024-12-05 05:00,TARGET_HIT,1,3.00
PCT_R0.22pct,2024-12-05,2024-12-05 05:50,UP,2024-12-05 06:45,SHORT,21520.25,21530.25,21517.25,2024-12-05 06:55,TARGET_HIT,11,3.00
PCT_R0.22pct,2024-12-05,2024-12-05 07:52,DOWN,2024-12-05 08:27,LONG,21500.00,21490.00,21503.00,2024-12-05 08:28,TARGET_HIT,2,3.00
PCT_R0.22pct,2024-12-06,2024-12-05 13:09,UP,2024-12-05 16:29,SHORT,21473.25,21483.25,21470.25,2024-12-05 17:18,TARGET_HIT,50,3.00
PCT_R0.22pct,2024-12-06,2024-12-05 22:53,DOWN,2024-12-06 01:23,LONG,21447.00,21437.00,21450.00,2024-12-06 01:23,TARGET_HIT,1,3.00
PCT_R0.22pct,2024-12-09,2024-12-08 13:01,UP,2024-12-08 21:36,SHORT,21676.50,21686.50,21673.50,2024-12-08 21:36,STOP_HIT,1,-10.00
PCT_R0.22pct,2024-12-09,2024-12-08 22:00,DOWN,2024-12-09 01:02,LONG,21622.75,21612.75,21625.75,2024-12-09 01:05,STOP_HIT,4,-10.00
PCT_R0.22pct,2024-12-09,2024-12-09 04:34,UP,2024-12-09 04:52,SHORT,21628.00,21638.00,21625.00,2024-12-09 04:52,TARGET_HIT,1,3.00
PCT_R0.22pct,2024-12-09,2024-12-09 04:50,DOWN,2024-12-09 05:18,LONG,21602.00,21592.00,21605.00,2024-12-09 05:18,TARGET_HIT,1,3.00
PCT_R0.22pct,2024-12-10,2024-12-09 22:21,UP,2024-12-10 00:30,SHORT,21495.00,21505.00,21492.00,2024-12-10 00:33,TARGET_HIT,4,3.00
PCT_R0.22pct,2024-12-10,2024-12-10 05:16,DOWN,2024-12-10 06:27,LONG,21487.25,21477.25,21490.25,2024-12-10 06:28,STOP_HIT,2,-10.00
PCT_R0.22pct,2024-12-12,2024-12-11 20:02,DOWN,2024-12-12 01:14,LONG,21724.00,21714.00,21727.00,2024-12-12 01:16,TARGET_HIT,3,3.00
PCT_R0.22pct,2024-12-12,2024-12-12 05:13,UP,2024-12-12 05:27,SHORT,21714.25,21724.25,21711.25,2024-12-12 05:27,TARGET_HIT,1,3.00
PCT_R0.22pct,2024-12-12,2024-12-12 08:27,DOWN,2024-12-12 09:18,LONG,21691.25,21681.25,21694.25,2024-12-12 09:18,TARGET_HIT,1,3.00
PCT_R0.22pct,2024-12-13,2024-12-12 13:06,UP,2024-12-12 14:27,SHORT,21765.75,21775.75,21762.75,2024-12-12 14:32,TARGET_HIT,6,3.00
PCT_R0.22pct,2024-12-13,2024-12-12 14:31,DOWN,2024-12-12 16:11,LONG,21709.75,21699.75,21712.75,2024-12-12 16:12,TARGET_HIT,2,3.00
PCT_R0.22pct,2024-12-13,2024-12-12 18:01,UP,2024-12-12 21:16,SHORT,21726.25,21736.25,21723.25,2024-12-12 21:22,STOP_HIT,7,-10.00
PCT_R0.22pct,2024-12-13,2024-12-13 05:13,DOWN,2024-12-13 05:39,LONG,21792.75,21782.75,21795.75,2024-12-13 05:39,TARGET_HIT,1,3.00
PCT_R0.22pct,2024-12-13,2024-12-13 07:32,UP,2024-12-13 10:17,SHORT,21795.00,21805.00,21792.00,2024-12-13 10:17,TARGET_HIT,1,3.00
PCT_R0.22pct,2024-12-16,2024-12-15 13:03,UP,2024-12-15 15:05,SHORT,21809.00,21819.00,21806.00,2024-12-15 15:09,TARGET_HIT,5,3.00
PCT_R0.22pct,2024-12-17,2024-12-16 17:44,DOWN,2024-12-16 21:45,LONG,22061.25,22051.25,22064.25,2024-12-16 21:46,STOP_HIT,2,-10.00
PCT_R0.22pct,2024-12-17,2024-12-17 01:22,DOWN,2024-12-17 01:55,LONG,22072.50,22062.50,22075.50,2024-12-17 01:55,TARGET_HIT,1,3.00
PCT_R0.22pct,2024-12-17,2024-12-17 06:44,DOWN,2024-12-17 07:03,LONG,22005.25,21995.25,22008.25,2024-12-17 07:03,STOP_HIT,1,-10.00
PCT_R0.22pct,2024-12-17,2024-12-17 07:03,UP,2024-12-17 07:43,SHORT,22043.25,22053.25,22040.25,2024-12-17 07:45,STOP_HIT,3,-10.00
PCT_R0.22pct,2024-12-17,2024-12-17 07:45,DOWN,2024-12-17 08:48,LONG,22007.75,21997.75,22010.75,2024-12-17 08:50,TARGET_HIT,3,3.00
PCT_R0.22pct,2024-12-18,2024-12-17 13:00,DOWN,2024-12-17 13:10,LONG,21945.75,21935.75,21948.75,2024-12-17 13:10,TARGET_HIT,1,3.00
PCT_R0.22pct,2024-12-18,2024-12-17 13:05,UP,2024-12-17 13:15,SHORT,21943.75,21953.75,21940.75,2024-12-17 13:27,STOP_HIT,13,-10.00
PCT_R0.22pct,2024-12-18,2024-12-18 02:24,DOWN,2024-12-18 04:07,LONG,21986.00,21976.00,21989.00,2024-12-18 04:08,STOP_HIT,2,-10.00
PCT_R0.22pct,2024-12-18,2024-12-18 04:35,UP,2024-12-18 06:03,SHORT,22029.50,22039.50,22026.50,2024-12-18 06:06,STOP_HIT,4,-10.00
PCT_R0.22pct,2024-12-18,2024-12-18 06:22,UP,2024-12-18 06:37,SHORT,22017.00,22027.00,22014.00,2024-12-18 06:37,TARGET_HIT,1,3.00
PCT_R0.22pct,2024-12-18,2024-12-18 06:53,DOWN,2024-12-18 08:43,LONG,21983.25,21973.25,21986.25,2024-12-18 08:46,TARGET_HIT,4,3.00
PCT_R0.22pct,2024-12-19,2024-12-18 13:01,UP,2024-12-18 13:11,SHORT,21250.00,21260.00,21247.00,2024-12-18 13:12,TARGET_HIT,2,3.00
PCT_R0.22pct,2024-12-19,2024-12-18 13:30,DOWN,2024-12-18 13:40,LONG,21227.50,21217.50,21230.50,2024-12-18 13:40,STOP_HIT,1,-10.00
PCT_R0.22pct,2024-12-19,2024-12-18 15:11,DOWN,2024-12-18 15:29,LONG,21219.75,21209.75,21222.75,2024-12-18 15:31,TARGET_HIT,3,3.00
PCT_R0.22pct,2024-12-19,2024-12-18 19:59,UP,2024-12-18 21:12,SHORT,21222.00,21232.00,21219.00,2024-12-18 21:12,TARGET_HIT,1,3.00
PCT_R0.22pct,2024-12-19,2024-12-19 05:13,DOWN,2024-12-19 05:29,LONG,21244.50,21234.50,21247.50,2024-12-19 05:29,STOP_HIT,1,-10.00
PCT_R0.22pct,2024-12-19,2024-12-19 06:09,UP,2024-12-19 06:31,SHORT,21334.50,21344.50,21331.50,2024-12-19 06:31,TARGET_HIT,1,3.00
PCT_R0.22pct,2024-12-19,2024-12-19 06:39,DOWN,2024-12-19 07:24,LONG,21221.25,21211.25,21224.25,2024-12-19 07:24,STOP_HIT,1,-10.00
PCT_R0.22pct,2024-12-19,2024-12-19 08:59,DOWN,2024-12-19 09:32,LONG,21218.00,21208.00,21221.00,2024-12-19 09:32,TARGET_HIT,1,3.00
PCT_R0.22pct,2025-02-20,2025-02-19 13:19,DOWN,2025-02-19 15:25,LONG,22181.75,22171.75,22184.75,2025-02-19 15:25,TARGET_HIT,1,3.00
PCT_R0.22pct,2025-02-20,2025-02-19 21:07,UP,2025-02-20 00:04,SHORT,22214.00,22224.00,22211.00,2025-02-20 00:05,TARGET_HIT,2,3.00
PCT_R0.22pct,2025-02-20,2025-02-20 04:31,DOWN,2025-02-20 04:41,LONG,22206.25,22196.25,22209.25,2025-02-20 04:41,STOP_HIT,1,-10.00
PCT_R0.22pct,2025-02-20,2025-02-20 06:38,UP,2025-02-20 07:49,SHORT,22075.25,22085.25,22072.25,2025-02-20 07:49,TARGET_HIT,1,3.00
PCT_R0.22pct,2025-02-20,2025-02-20 07:43,DOWN,2025-02-20 07:57,LONG,22048.00,22038.00,22051.00,2025-02-20 07:57,TARGET_HIT,1,3.00
PCT_R0.22pct,2025-02-21,2025-02-20 13:00,UP,2025-02-20 13:42,SHORT,22170.25,22180.25,22167.25,2025-02-20 13:45,TARGET_HIT,4,3.00
PCT_R0.22pct,2025-02-21,2025-02-20 13:43,DOWN,2025-02-20 18:48,LONG,22123.50,22113.50,22126.50,2025-02-20 18:51,TARGET_HIT,4,3.00
PCT_R0.22pct,2025-02-21,2025-02-20 22:15,UP,2025-02-20 23:20,SHORT,22159.00,22169.00,22156.00,2025-02-20 23:20,TARGET_HIT,1,3.00
PCT_R0.22pct,2025-02-21,2025-02-21 03:45,DOWN,2025-02-21 04:40,LONG,22120.50,22110.50,22123.50,2025-02-21 04:40,TARGET_HIT,1,3.00
PCT_R0.22pct,2025-02-24,2025-02-23 13:02,UP,2025-02-23 13:25,SHORT,21743.00,21753.00,21740.00,2025-02-23 13:25,TARGET_HIT,1,3.00
PCT_R0.22pct,2025-02-24,2025-02-23 14:26,DOWN,2025-02-23 15:48,LONG,21758.75,21748.75,21761.75,2025-02-23 15:49,TARGET_HIT,2,3.00
PCT_R0.22pct,2025-02-24,2025-02-23 19:44,DOWN,2025-02-23 22:01,LONG,21756.50,21746.50,21759.50,2025-02-23 22:01,TARGET_HIT,1,3.00
PCT_R0.22pct,2025-02-24,2025-02-23 22:16,UP,2025-02-23 23:08,SHORT,21800.50,21810.50,21797.50,2025-02-23 23:08,TARGET_HIT,1,3.00
PCT_R0.22pct,2025-02-24,2025-02-23 23:24,DOWN,2025-02-24 01:02,LONG,21758.25,21748.25,21761.25,2025-02-24 01:05,TARGET_HIT,4,3.00
PCT_R0.22pct,2025-02-24,2025-02-24 02:48,UP,2025-02-24 03:45,SHORT,21790.75,21800.75,21787.75,2025-02-24 03:45,TARGET_HIT,1,3.00
PCT_R0.22pct,2025-02-24,2025-02-24 04:00,DOWN,2025-02-24 04:26,LONG,21767.50,21757.50,21770.50,2025-02-24 04:26,STOP_HIT,1,-10.00
PCT_R0.22pct,2025-02-24,2025-02-24 06:32,DOWN,2025-02-24 06:42,LONG,21589.75,21579.75,21592.75,2025-02-24 06:42,TARGET_HIT,1,3.00
PCT_R0.22pct,2025-02-24,2025-02-24 06:38,UP,2025-02-24 06:52,SHORT,21598.75,21608.75,21595.75,2025-02-24 06:52,TARGET_HIT,1,3.00
PCT_R0.22pct,2025-02-24,2025-02-24 06:46,DOWN,2025-02-24 06:57,LONG,21580.50,21570.50,21583.50,2025-02-24 06:57,TARGET_HIT,1,3.00
PCT_R0.22pct,2025-02-24,2025-02-24 07:02,UP,2025-02-24 07:13,SHORT,21598.25,21608.25,21595.25,2025-02-24 07:13,TARGET_HIT,1,3.00
PCT_R0.22pct,2025-02-24,2025-02-24 08:18,DOWN,2025-02-24 09:40,LONG,21579.00,21569.00,21582.00,2025-02-24 09:40,TARGET_HIT,1,3.00
PCT_R0.22pct,2025-02-25,2025-02-24 13:00,DOWN,2025-02-24 13:35,LONG,21404.25,21394.25,21407.25,2025-02-24 13:35,TARGET_HIT,1,3.00
PCT_R0.22pct,2025-02-25,2025-02-24 13:55,UP,2025-02-24 14:20,SHORT,21412.50,21422.50,21409.50,2025-02-24 14:25,STOP_HIT,6,-10.00
PCT_R0.22pct,2025-02-25,2025-02-24 15:32,DOWN,2025-02-24 16:58,LONG,21435.50,21425.50,21438.50,2025-02-24 16:59,TARGET_HIT,2,3.00
PCT_R0.22pct,2025-02-25,2025-02-24 16:23,UP,2025-02-24 17:05,SHORT,21442.75,21452.75,21439.75,2025-02-24 17:06,TARGET_HIT,2,3.00
PCT_R0.22pct,2025-02-25,2025-02-24 17:04,DOWN,2025-02-24 21:07,LONG,21388.25,21378.25,21391.25,2025-02-24 21:07,TARGET_HIT,1,3.00
PCT_R0.22pct,2025-02-25,2025-02-25 03:30,DOWN,2025-02-25 04:26,LONG,21370.00,21360.00,21373.00,2025-02-25 04:26,TARGET_HIT,1,3.00
PCT_R0.22pct,2025-02-25,2025-02-25 07:22,UP,2025-02-25 07:46,SHORT,21196.50,21206.50,21193.50,2025-02-25 07:46,TARGET_HIT,1,3.00
PCT_R0.22pct,2025-02-25,2025-02-25 08:30,UP,2025-02-25 08:43,SHORT,21229.75,21239.75,21226.75,2025-02-25 08:43,STOP_HIT,1,-10.00
PCT_R0.22pct,2025-02-25,2025-02-25 08:44,DOWN,2025-02-25 09:08,LONG,21192.00,21182.00,21195.00,2025-02-25 09:08,TARGET_HIT,1,3.00
PCT_R0.22pct,2025-02-25,2025-02-25 09:43,DOWN,2025-02-25 09:53,LONG,21204.00,21194.00,21207.00,2025-02-25 09:53,TARGET_HIT,1,3.00
PCT_R0.22pct,2025-02-25,2025-02-25 09:46,UP,2025-02-25 09:56,SHORT,21210.50,21220.50,21207.50,2025-02-25 09:56,TARGET_HIT,1,3.00
PCT_R0.22pct,2025-02-25,2025-02-25 10:24,DOWN,2025-02-25 10:46,LONG,21161.75,21151.75,21164.75,2025-02-25 10:46,STOP_HIT,1,-10.00
PCT_R0.22pct,2025-02-26,2025-02-25 15:00,DOWN,2025-02-25 16:10,LONG,21203.00,21193.00,21206.00,2025-02-25 16:10,TARGET_HIT,1,3.00
PCT_R0.22pct,2025-02-26,2025-02-25 16:09,UP,2025-02-25 17:07,SHORT,21247.50,21257.50,21244.50,2025-02-25 17:07,TARGET_HIT,1,3.00
PCT_R0.22pct,2025-02-26,2025-02-26 02:52,UP,2025-02-26 03:22,SHORT,21306.50,21316.50,21303.50,2025-02-26 03:22,STOP_HIT,1,-10.00
PCT_R0.22pct,2025-02-26,2025-02-26 03:33,DOWN,2025-02-26 04:00,LONG,21272.75,21262.75,21275.75,2025-02-26 04:00,TARGET_HIT,1,3.00
PCT_R0.22pct,2025-02-26,2025-02-26 04:42,UP,2025-02-26 04:54,SHORT,21285.75,21295.75,21282.75,2025-02-26 04:54,STOP_HIT,1,-10.00
PCT_R0.22pct,2025-02-26,2025-02-26 07:17,DOWN,2025-02-26 08:11,LONG,21247.25,21237.25,21250.25,2025-02-26 08:11,STOP_HIT,1,-10.00
PCT_R0.22pct,2025-02-27,2025-02-26 13:00,DOWN,2025-02-26 13:15,LONG,21215.25,21205.25,21218.25,2025-02-26 13:15,TARGET_HIT,1,3.00
PCT_R0.22pct,2025-02-27,2025-02-26 15:07,UP,2025-02-26 15:48,SHORT,21182.00,21192.00,21179.00,2025-02-26 15:48,TARGET_HIT,1,3.00
PCT_R0.22pct,2025-02-27,2025-02-26 16:27,DOWN,2025-02-26 18:40,LONG,21166.25,21156.25,21169.25,2025-02-26 18:56,TARGET_HIT,17,3.00
PCT_R0.22pct,2025-02-27,2025-02-26 18:20,UP,2025-02-26 19:25,SHORT,21226.75,21236.75,21223.75,2025-02-26 19:34,TARGET_HIT,10,3.00
PCT_R0.22pct,2025-02-27,2025-02-27 08:06,UP,2025-02-27 08:37,SHORT,21099.00,21109.00,21096.00,2025-02-27 08:37,TARGET_HIT,1,3.00
PCT_R0.22pct,2025-02-27,2025-02-27 08:26,DOWN,2025-02-27 08:46,LONG,21073.00,21063.00,21076.00,2025-02-27 08:46,TARGET_HIT,1,3.00
PCT_R0.22pct,2025-02-28,2025-02-27 13:00,UP,2025-02-27 14:12,SHORT,20684.00,20694.00,20681.00,2025-02-27 14:12,TARGET_HIT,1,3.00
PCT_R0.22pct,2025-02-28,2025-02-27 14:11,DOWN,2025-02-27 14:43,LONG,20638.75,20628.75,20641.75,2025-02-27 14:43,TARGET_HIT,1,3.00
PCT_R0.22pct,2025-02-28,2025-02-27 21:34,UP,2025-02-27 22:20,SHORT,20638.50,20648.50,20635.50,2025-02-27 22:21,STOP_HIT,2,-10.00
PCT_R0.22pct,2025-02-28,2025-02-28 03:27,UP,2025-02-28 03:37,SHORT,20654.25,20664.25,20651.25,2025-02-28 03:37,TARGET_HIT,1,3.00
PCT_R0.22pct,2025-02-28,2025-02-28 03:36,DOWN,2025-02-28 03:47,LONG,20614.00,20604.00,20617.00,2025-02-28 03:47,TARGET_HIT,1,3.00
PCT_R0.22pct,2025-02-28,2025-02-28 07:28,DOWN,2025-02-28 07:49,LONG,20589.75,20579.75,20592.75,2025-02-28 07:49,STOP_HIT,1,-10.00
PCT_R0.22pct,2025-02-28,2025-02-28 08:40,DOWN,2025-02-28 08:50,LONG,20628.25,20618.25,20631.25,2025-02-28 08:50,STOP_HIT,1,-10.00
PCT_R0.22pct,2025-02-28,2025-02-28 08:44,UP,2025-02-28 08:54,SHORT,20634.50,20644.50,20631.50,2025-02-28 08:54,TARGET_HIT,1,3.00
PCT_R0.22pct,2025-02-28,2025-02-28 09:22,UP,2025-02-28 09:39,SHORT,20673.50,20683.50,20670.50,2025-02-28 09:39,STOP_HIT,1,-10.00
PCT_R0.22pct,2025-03-03,2025-03-02 13:00,UP,2025-03-02 13:10,SHORT,21033.75,21043.75,21030.75,2025-03-02 13:10,TARGET_HIT,1,3.00
PCT_R0.22pct,2025-03-03,2025-03-02 13:09,DOWN,2025-03-02 13:47,LONG,20990.75,20980.75,20993.75,2025-03-02 13:47,STOP_HIT,1,-10.00
PCT_R0.22pct,2025-03-03,2025-03-02 16:08,DOWN,2025-03-02 17:05,LONG,20924.50,20914.50,20927.50,2025-03-02 17:05,STOP_HIT,1,-10.00
PCT_R0.22pct,2025-03-03,2025-03-02 17:23,UP,2025-03-02 19:08,SHORT,20951.00,20961.00,20948.00,2025-03-02 19:08,TARGET_HIT,1,3.00
PCT_R0.22pct,2025-03-03,2025-03-02 21:29,UP,2025-03-02 21:40,SHORT,20972.75,20982.75,20969.75,2025-03-02 21:40,TARGET_HIT,1,3.00
PCT_R0.22pct,2025-03-03,2025-03-02 22:08,DOWN,2025-03-02 22:23,LONG,20947.75,20937.75,20950.75,2025-03-02 22:23,STOP_HIT,1,-10.00
PCT_R0.22pct,2025-03-03,2025-03-02 22:26,UP,2025-03-02 23:18,SHORT,20958.25,20968.25,20955.25,2025-03-02 23:18,STOP_HIT,1,-10.00
PCT_R0.22pct,2025-03-03,2025-03-03 07:18,DOWN,2025-03-03 07:39,LONG,20920.50,20910.50,20923.50,2025-03-03 07:39,TARGET_HIT,1,3.00
PCT_R0.22pct,2025-03-04,2025-03-03 13:03,UP,2025-03-03 13:24,SHORT,20534.50,20544.50,20531.50,2025-03-03 13:26,STOP_HIT,3,-10.00
PCT_R0.22pct,2025-03-04,2025-03-03 13:31,DOWN,2025-03-03 13:47,LONG,20509.75,20499.75,20512.75,2025-03-03 13:47,TARGET_HIT,1,3.00
PCT_R0.22pct,2025-03-04,2025-03-03 14:10,UP,2025-03-03 14:22,SHORT,20537.25,20547.25,20534.25,2025-03-03 14:22,TARGET_HIT,1,3.00
PCT_R0.22pct,2025-03-04,2025-03-03 14:21,DOWN,2025-03-03 14:49,LONG,20497.50,20487.50,20500.50,2025-03-03 14:49,TARGET_HIT,1,3.00
PCT_R0.22pct,2025-03-04,2025-03-03 14:48,UP,2025-03-03 14:58,SHORT,20549.75,20559.75,20546.75,2025-03-03 15:00,STOP_HIT,3,-10.00
PCT_R0.22pct,2025-03-04,2025-03-03 15:00,DOWN,2025-03-03 15:30,LONG,20507.00,20497.00,20510.00,2025-03-03 15:30,STOP_HIT,1,-10.00
PCT_R0.22pct,2025-03-04,2025-03-03 15:59,UP,2025-03-03 16:42,SHORT,20535.25,20545.25,20532.25,2025-03-03 16:43,TARGET_HIT,2,3.00
PCT_R0.22pct,2025-03-04,2025-03-03 20:51,DOWN,2025-03-03 21:14,LONG,20494.75,20484.75,20497.75,2025-03-03 21:14,TARGET_HIT,1,3.00
PCT_R0.22pct,2025-03-04,2025-03-03 22:08,UP,2025-03-03 22:38,SHORT,20555.00,20565.00,20552.00,2025-03-03 22:38,TARGET_HIT,1,3.00
PCT_R0.22pct,2025-03-04,2025-03-03 22:43,DOWN,2025-03-03 22:54,LONG,20506.75,20496.75,20509.75,2025-03-03 22:54,TARGET_HIT,1,3.00
PCT_R0.22pct,2025-03-04,2025-03-03 22:50,UP,2025-03-03 23:05,SHORT,20544.00,20554.00,20541.00,2025-03-03 23:05,TARGET_HIT,1,3.00
PCT_R0.22pct,2025-03-04,2025-03-03 23:12,DOWN,2025-03-03 23:22,LONG,20528.25,20518.25,20531.25,2025-03-03 23:22,STOP_HIT,1,-10.00
PCT_R0.22pct,2025-03-04,2025-03-03 23:42,UP,2025-03-03 23:52,SHORT,20508.25,20518.25,20505.25,2025-03-03 23:52,TARGET_HIT,1,3.00
PCT_R0.22pct,2025-03-04,2025-03-04 06:58,DOWN,2025-03-04 07:08,LONG,20274.25,20264.25,20277.25,2025-03-04 07:08,TARGET_HIT,1,3.00
PCT_R0.22pct,2025-03-05,2025-03-04 13:02,UP,2025-03-04 13:29,SHORT,20581.75,20591.75,20578.75,2025-03-04 13:29,STOP_HIT,1,-10.00
PCT_R0.22pct,2025-03-05,2025-03-04 13:30,DOWN,2025-03-04 14:22,LONG,20535.25,20525.25,20538.25,2025-03-04 14:22,TARGET_HIT,1,3.00
PCT_R0.22pct,2025-03-05,2025-03-04 15:44,DOWN,2025-03-04 16:01,LONG,20494.75,20484.75,20497.75,2025-03-04 16:01,TARGET_HIT,1,3.00
PCT_R0.22pct,2025-03-05,2025-03-04 17:00,UP,2025-03-04 17:15,SHORT,20551.75,20561.75,20548.75,2025-03-04 17:15,TARGET_HIT,1,3.00
PCT_R0.22pct,2025-03-05,2025-03-04 17:42,UP,2025-03-04 17:52,SHORT,20531.75,20541.75,20528.75,2025-03-04 17:52,STOP_HIT,1,-10.00
PCT_R0.22pct,2025-03-05,2025-03-04 19:29,UP,2025-03-04 19:46,SHORT,20548.00,20558.00,20545.00,2025-03-04 19:51,TARGET_HIT,6,3.00
PCT_R0.22pct,2025-03-05,2025-03-04 20:13,DOWN,2025-03-04 20:37,LONG,20531.00,20521.00,20534.00,2025-03-04 20:37,TARGET_HIT,1,3.00
PCT_R0.22pct,2025-03-05,2025-03-05 00:46,DOWN,2025-03-05 01:05,LONG,20548.25,20538.25,20551.25,2025-03-05 01:07,STOP_HIT,3,-10.00
PCT_R0.22pct,2025-03-05,2025-03-05 07:04,UP,2025-03-05 07:33,SHORT,20474.75,20484.75,20471.75,2025-03-05 07:33,STOP_HIT,1,-10.00
PCT_R0.22pct,2025-03-06,2025-03-05 13:12,DOWN,2025-03-05 13:32,LONG,20599.25,20589.25,20602.25,2025-03-05 13:35,TARGET_HIT,4,3.00
PCT_R0.22pct,2025-03-06,2025-03-05 13:37,UP,2025-03-05 14:16,SHORT,20636.00,20646.00,20633.00,2025-03-05 14:16,TARGET_HIT,1,3.00
PCT_R0.22pct,2025-03-06,2025-03-05 14:15,DOWN,2025-03-05 15:06,LONG,20591.25,20581.25,20594.25,2025-03-05 15:07,TARGET_HIT,2,3.00
PCT_R0.22pct,2025-03-06,2025-03-05 14:59,UP,2025-03-05 16:16,SHORT,20615.00,20625.00,20612.00,2025-03-05 16:16,TARGET_HIT,1,3.00
PCT_R0.22pct,2025-03-06,2025-03-05 19:15,DOWN,2025-03-05 20:01,LONG,20609.00,20599.00,20612.00,2025-03-05 20:07,STOP_HIT,7,-10.00
PCT_R0.22pct,2025-03-06,2025-03-05 21:10,DOWN,2025-03-05 21:43,LONG,20590.00,20580.00,20593.00,2025-03-05 21:43,TARGET_HIT,1,3.00
PCT_R0.22pct,2025-03-07,2025-03-06 13:02,DOWN,2025-03-06 13:28,LONG,20181.75,20171.75,20184.75,2025-03-06 13:30,TARGET_HIT,3,3.00
PCT_R0.22pct,2025-03-07,2025-03-06 14:27,UP,2025-03-06 15:19,SHORT,20209.50,20219.50,20206.50,2025-03-06 15:19,TARGET_HIT,1,3.00
PCT_R0.22pct,2025-03-07,2025-03-06 15:14,DOWN,2025-03-06 16:33,LONG,20179.75,20169.75,20182.75,2025-03-06 16:33,TARGET_HIT,1,3.00
PCT_R0.22pct,2025-03-07,2025-03-06 21:43,UP,2025-03-06 22:26,SHORT,20169.75,20179.75,20166.75,2025-03-06 22:26,TARGET_HIT,1,3.00
PCT_R0.22pct,2025-03-07,2025-03-06 22:31,DOWN,2025-03-06 23:02,LONG,20177.25,20167.25,20180.25,2025-03-06 23:02,TARGET_HIT,1,3.00
PCT_R0.22pct,2025-03-07,2025-03-06 22:40,UP,2025-03-06 23:04,SHORT,20192.50,20202.50,20189.50,2025-03-06 23:05,STOP_HIT,2,-10.00
PCT_R0.22pct,2025-03-07,2025-03-07 01:01,UP,2025-03-07 01:35,SHORT,20192.00,20202.00,20189.00,2025-03-07 01:39,STOP_HIT,5,-10.00
PCT_R0.22pct,2025-03-07,2025-03-07 01:39,DOWN,2025-03-07 02:09,LONG,20159.50,20149.50,20162.50,2025-03-07 02:09,TARGET_HIT,1,3.00
PCT_R0.22pct,2025-03-07,2025-03-07 08:21,DOWN,2025-03-07 08:31,LONG,20060.25,20050.25,20063.25,2025-03-07 08:31,STOP_HIT,1,-10.00
PCT_R0.22pct,2025-03-07,2025-03-07 08:26,UP,2025-03-07 08:36,SHORT,20072.50,20082.50,20069.50,2025-03-07 08:36,STOP_HIT,1,-10.00
PCT_R0.22pct,2025-03-10,2025-03-09 14:01,DOWN,2025-03-09 14:11,LONG,20035.00,20025.00,20038.00,2025-03-09 14:11,TARGET_HIT,1,3.00
PCT_R0.22pct,2025-03-10,2025-03-09 14:17,UP,2025-03-09 14:36,SHORT,20054.25,20064.25,20051.25,2025-03-09 14:36,TARGET_HIT,1,3.00
PCT_R0.22pct,2025-03-10,2025-03-09 14:45,DOWN,2025-03-09 14:59,LONG,20037.75,20027.75,20040.75,2025-03-09 14:59,STOP_HIT,1,-10.00
PCT_R0.22pct,2025-03-10,2025-03-09 15:21,DOWN,2025-03-09 15:46,LONG,20017.25,20007.25,20020.25,2025-03-09 15:46,STOP_HIT,1,-10.00
PCT_R0.22pct,2025-03-10,2025-03-09 16:22,UP,2025-03-09 16:56,SHORT,20055.50,20065.50,20052.50,2025-03-09 16:56,STOP_HIT,1,-10.00
PCT_R0.22pct,2025-03-10,2025-03-09 23:06,DOWN,2025-03-10 00:19,LONG,20024.00,20014.00,20027.00,2025-03-10 00:19,TARGET_HIT,1,3.00
PCT_R0.22pct,2025-03-11,2025-03-10 14:11,UP,2025-03-10 14:37,SHORT,19425.75,19435.75,19422.75,2025-03-10 14:39,TARGET_HIT,3,3.00
PCT_R0.22pct,2025-03-11,2025-03-10 14:41,DOWN,2025-03-10 14:55,LONG,19401.75,19391.75,19404.75,2025-03-10 14:56,STOP_HIT,2,-10.00
PCT_R0.22pct,2025-03-11,2025-03-10 17:55,UP,2025-03-10 18:13,SHORT,19352.00,19362.00,19349.00,2025-03-10 18:13,TARGET_HIT,1,3.00
PCT_R0.22pct,2025-03-11,2025-03-11 04:26,DOWN,2025-03-11 05:05,LONG,19468.25,19458.25,19471.25,2025-03-11 05:05,TARGET_HIT,1,3.00
PCT_R0.22pct,2025-03-11,2025-03-11 05:01,UP,2025-03-11 05:11,SHORT,19451.50,19461.50,19448.50,2025-03-11 05:13,TARGET_HIT,3,3.00
PCT_R0.22pct,2025-03-11,2025-03-11 05:06,DOWN,2025-03-11 05:18,LONG,19458.00,19448.00,19461.00,2025-03-11 05:18,TARGET_HIT,1,3.00
PCT_R0.22pct,2025-03-12,2025-03-11 14:04,UP,2025-03-11 14:14,SHORT,19443.00,19453.00,19440.00,2025-03-11 14:18,TARGET_HIT,5,3.00
PCT_R0.22pct,2025-03-12,2025-03-11 14:58,DOWN,2025-03-11 15:46,LONG,19455.50,19445.50,19458.50,2025-03-11 15:53,TARGET_HIT,8,3.00
PCT_R0.22pct,2025-03-12,2025-03-11 15:32,UP,2025-03-11 15:55,SHORT,19474.00,19484.00,19471.00,2025-03-11 15:55,TARGET_HIT,1,3.00
PCT_R0.22pct,2025-03-12,2025-03-11 16:25,DOWN,2025-03-11 16:53,LONG,19454.75,19444.75,19457.75,2025-03-11 16:55,TARGET_HIT,3,3.00
PCT_R0.22pct,2025-03-12,2025-03-11 16:42,UP,2025-03-11 17:52,SHORT,19481.50,19491.50,19478.50,2025-03-11 17:52,TARGET_HIT,1,3.00
PCT_R0.22pct,2025-03-12,2025-03-11 18:18,DOWN,2025-03-11 18:56,LONG,19451.50,19441.50,19454.50,2025-03-11 18:56,TARGET_HIT,1,3.00
PCT_R0.22pct,2025-03-12,2025-03-11 19:24,UP,2025-03-11 21:54,SHORT,19476.25,19486.25,19473.25,2025-03-11 22:02,TARGET_HIT,9,3.00
PCT_R0.22pct,2025-03-12,2025-03-11 21:58,DOWN,2025-03-11 22:49,LONG,19439.25,19429.25,19442.25,2025-03-11 22:49,STOP_HIT,1,-10.00
PCT_R0.22pct,2025-03-12,2025-03-11 23:22,UP,2025-03-12 00:02,SHORT,19490.25,19500.25,19487.25,2025-03-12 00:02,TARGET_HIT,1,3.00
PCT_R0.22pct,2025-03-12,2025-03-12 10:23,UP,2025-03-12 10:33,SHORT,19630.50,19640.50,19627.50,2025-03-12 10:33,STOP_HIT,1,-10.00
PCT_R0.22pct,2025-03-13,2025-03-12 14:01,UP,2025-03-12 14:16,SHORT,19610.00,19620.00,19607.00,2025-03-12 14:17,STOP_HIT,2,-10.00
PCT_R0.22pct,2025-03-13,2025-03-12 16:00,DOWN,2025-03-12 17:42,LONG,19610.00,19600.00,19613.00,2025-03-12 17:42,TARGET_HIT,1,3.00
PCT_R0.22pct,2025-03-13,2025-03-13 00:18,UP,2025-03-13 01:49,SHORT,19592.50,19602.50,19589.50,2025-03-13 01:49,TARGET_HIT,1,3.00
PCT_R0.22pct,2025-03-13,2025-03-13 03:18,DOWN,2025-03-13 03:45,LONG,19513.50,19503.50,19516.50,2025-03-13 03:45,TARGET_HIT,1,3.00
PCT_R0.22pct,2025-03-13,2025-03-13 04:48,UP,2025-03-13 05:00,SHORT,19556.00,19566.00,19553.00,2025-03-13 05:00,STOP_HIT,1,-10.00
PCT_R0.22pct,2025-03-13,2025-03-13 06:14,UP,2025-03-13 06:24,SHORT,19509.25,19519.25,19506.25,2025-03-13 06:24,STOP_HIT,1,-10.00
PCT_R0.22pct,2025-03-14,2025-03-13 14:00,UP,2025-03-13 14:10,SHORT,19338.75,19348.75,19335.75,2025-03-13 14:10,TARGET_HIT,1,3.00
PCT_R0.22pct,2025-03-14,2025-03-13 15:13,DOWN,2025-03-13 16:01,LONG,19342.50,19332.50,19345.50,2025-03-13 16:01,TARGET_HIT,1,3.00
PCT_R0.22pct,2025-03-14,2025-03-13 16:01,UP,2025-03-13 16:17,SHORT,19376.50,19386.50,19373.50,2025-03-13 16:17,TARGET_HIT,1,3.00
PCT_R0.22pct,2025-03-14,2025-03-13 23:34,UP,2025-03-13 23:48,SHORT,19416.50,19426.50,19413.50,2025-03-13 23:48,TARGET_HIT,1,3.00
PCT_R0.22pct,2025-03-14,2025-03-13 23:47,DOWN,2025-03-14 00:01,LONG,19388.75,19378.75,19391.75,2025-03-14 00:01,TARGET_HIT,1,3.00
PCT_R0.22pct,2025-03-14,2025-03-14 00:02,UP,2025-03-14 00:16,SHORT,19418.50,19428.50,19415.50,2025-03-14 00:17,STOP_HIT,2,-10.00
PCT_R0.22pct,2025-03-14,2025-03-14 02:36,UP,2025-03-14 02:47,SHORT,19443.50,19453.50,19440.50,2025-03-14 02:47,TARGET_HIT,1,3.00
PCT_R0.22pct,2025-03-17,2025-03-16 14:00,DOWN,2025-03-16 14:10,LONG,19619.00,19609.00,19622.00,2025-03-16 14:10,TARGET_HIT,1,3.00
PCT_R0.22pct,2025-03-17,2025-03-16 16:18,UP,2025-03-16 16:43,SHORT,19601.75,19611.75,19598.75,2025-03-16 16:46,STOP_HIT,4,-10.00
PCT_R0.22pct,2025-03-17,2025-03-16 17:20,DOWN,2025-03-16 19:59,LONG,19585.75,19575.75,19588.75,2025-03-16 20:03,TARGET_HIT,5,3.00
PCT_R0.22pct,2025-03-17,2025-03-16 23:18,UP,2025-03-17 01:02,SHORT,19623.25,19633.25,19620.25,2025-03-17 01:02,TARGET_HIT,1,3.00
PCT_R0.22pct,2025-03-17,2025-03-17 06:44,DOWN,2025-03-17 06:59,LONG,19680.25,19670.25,19683.25,2025-03-17 06:59,TARGET_HIT,1,3.00
PCT_R0.22pct,2025-03-17,2025-03-17 08:14,DOWN,2025-03-17 08:24,LONG,19681.00,19671.00,19684.00,2025-03-17 08:24,STOP_HIT,1,-10.00
PCT_R0.22pct,2025-03-17,2025-03-17 08:46,UP,2025-03-17 08:58,SHORT,19702.25,19712.25,19699.25,2025-03-17 08:58,TARGET_HIT,1,3.00
PCT_R0.22pct,2025-03-18,2025-03-17 14:00,UP,2025-03-17 14:31,SHORT,19852.75,19862.75,19849.75,2025-03-17 14:31,TARGET_HIT,1,3.00
PCT_R0.22pct,2025-03-18,2025-03-18 01:18,DOWN,2025-03-18 01:44,LONG,19796.00,19786.00,19799.00,2025-03-18 01:48,STOP_HIT,5,-10.00
PCT_R0.22pct,2025-03-18,2025-03-18 09:07,UP,2025-03-18 09:18,SHORT,19521.75,19531.75,19518.75,2025-03-18 09:18,TARGET_HIT,1,3.00
PCT_R0.22pct,2025-03-18,2025-03-18 09:33,UP,2025-03-18 09:51,SHORT,19533.50,19543.50,19530.50,2025-03-18 09:51,TARGET_HIT,1,3.00
PCT_R0.22pct,2025-03-18,2025-03-18 10:27,DOWN,2025-03-18 10:37,LONG,19520.50,19510.50,19523.50,2025-03-18 10:37,TARGET_HIT,1,3.00
PCT_R0.22pct,2025-03-18,2025-03-18 10:34,UP,2025-03-18 10:44,SHORT,19501.00,19511.00,19498.00,2025-03-18 10:44,TARGET_HIT,1,3.00
PCT_R0.22pct,2025-03-18,2025-03-18 11:12,UP,2025-03-18 11:22,SHORT,19527.75,19537.75,19524.75,2025-03-18 11:22,TARGET_HIT,1,3.00
PCT_R0.22pct,2025-03-19,2025-03-18 14:30,UP,2025-03-18 14:47,SHORT,19500.00,19510.00,19497.00,2025-03-18 14:53,STOP_HIT,7,-10.00
PCT_R0.22pct,2025-03-19,2025-03-18 23:44,UP,2025-03-19 03:47,SHORT,19574.50,19584.50,19571.50,2025-03-19 03:47,TARGET_HIT,1,3.00
PCT_R0.22pct,2025-03-20,2025-03-19 14:00,UP,2025-03-19 14:13,SHORT,19782.00,19792.00,19779.00,2025-03-19 14:13,TARGET_HIT,1,3.00
PCT_R0.22pct,2025-03-20,2025-03-19 19:18,DOWN,2025-03-20 02:21,LONG,19542.00,19532.00,19545.00,2025-03-20 02:21,STOP_HIT,1,-10.00
PCT_R0.22pct,2025-03-20,2025-03-20 07:37,UP,2025-03-20 07:47,SHORT,19835.25,19845.25,19832.25,2025-03-20 07:47,STOP_HIT,1,-10.00
PCT_R0.22pct,2025-03-20,2025-03-20 07:48,DOWN,2025-03-20 08:02,LONG,19785.00,19775.00,19788.00,2025-03-20 08:02,TARGET_HIT,1,3.00
PCT_R0.22pct,2025-05-22,2025-05-21 14:01,DOWN,2025-05-21 14:11,LONG,21124.00,21114.00,21127.00,2025-05-21 14:12,TARGET_HIT,2,3.00
PCT_R0.22pct,2025-05-22,2025-05-21 14:13,UP,2025-05-21 15:20,SHORT,21160.50,21170.50,21157.50,2025-05-21 15:25,STOP_HIT,6,-10.00
PCT_R0.22pct,2025-05-22,2025-05-21 17:04,DOWN,2025-05-21 19:03,LONG,21161.25,21151.25,21164.25,2025-05-21 19:04,TARGET_HIT,2,3.00
PCT_R0.22pct,2025-05-22,2025-05-21 18:36,UP,2025-05-21 21:29,SHORT,21195.00,21205.00,21192.00,2025-05-21 21:35,TARGET_HIT,7,3.00
PCT_R0.22pct,2025-05-22,2025-05-22 03:09,DOWN,2025-05-22 03:47,LONG,21163.00,21153.00,21166.00,2025-05-22 03:48,STOP_HIT,2,-10.00
PCT_R0.22pct,2025-05-22,2025-05-22 05:06,DOWN,2025-05-22 05:31,LONG,21179.00,21169.00,21182.00,2025-05-22 05:31,TARGET_HIT,1,3.00
PCT_R0.22pct,2025-05-23,2025-05-22 14:00,DOWN,2025-05-22 14:31,LONG,21193.25,21183.25,21196.25,2025-05-22 14:46,STOP_HIT,16,-10.00
PCT_R0.22pct,2025-05-23,2025-05-22 15:01,UP,2025-05-22 16:01,SHORT,21185.75,21195.75,21182.75,2025-05-22 16:03,STOP_HIT,3,-10.00
PCT_R0.22pct,2025-05-23,2025-05-22 16:37,DOWN,2025-05-22 17:47,LONG,21160.75,21150.75,21163.75,2025-05-22 17:49,TARGET_HIT,3,3.00
PCT_R0.22pct,2025-05-23,2025-05-22 17:57,UP,2025-05-22 18:27,SHORT,21198.50,21208.50,21195.50,2025-05-22 18:30,TARGET_HIT,4,3.00
PCT_R0.22pct,2025-05-23,2025-05-22 19:24,DOWN,2025-05-22 20:39,LONG,21162.25,21152.25,21165.25,2025-05-22 20:47,STOP_HIT,9,-10.00
PCT_R0.22pct,2025-05-23,2025-05-22 22:16,UP,2025-05-22 23:53,SHORT,21207.00,21217.00,21204.00,2025-05-23 00:00,STOP_HIT,8,-10.00
PCT_R0.22pct,2025-05-23,2025-05-23 02:03,DOWN,2025-05-23 03:20,LONG,21112.50,21102.50,21115.50,2025-05-23 03:20,STOP_HIT,1,-10.00
PCT_R0.22pct,2025-05-23,2025-05-23 05:37,DOWN,2025-05-23 05:47,LONG,20863.50,20853.50,20866.50,2025-05-23 05:47,STOP_HIT,1,-10.00
PCT_R0.22pct,2025-05-23,2025-05-23 05:54,UP,2025-05-23 06:08,SHORT,20933.75,20943.75,20930.75,2025-05-23 06:08,STOP_HIT,1,-10.00
PCT_R0.22pct,2025-05-23,2025-05-23 06:47,DOWN,2025-05-23 07:01,LONG,20928.75,20918.75,20931.75,2025-05-23 07:01,TARGET_HIT,1,3.00
PCT_R0.22pct,2025-05-23,2025-05-23 08:05,UP,2025-05-23 08:15,SHORT,20943.00,20953.00,20940.00,2025-05-23 08:15,STOP_HIT,1,-10.00
PCT_R0.22pct,2025-05-26,2025-05-25 14:39,UP,2025-05-25 17:32,SHORT,21174.25,21184.25,21171.25,2025-05-25 17:32,TARGET_HIT,1,3.00
PCT_R0.22pct,2025-05-27,2025-05-26 14:00,DOWN,2025-05-26 14:32,LONG,21247.00,21237.00,21250.00,2025-05-26 14:34,STOP_HIT,3,-10.00
PCT_R0.22pct,2025-05-27,2025-05-26 19:46,UP,2025-05-26 23:00,SHORT,21243.00,21253.00,21240.00,2025-05-26 23:00,STOP_HIT,1,-10.00
PCT_R0.22pct,2025-05-27,2025-05-27 05:21,DOWN,2025-05-27 05:31,LONG,21278.00,21268.00,21281.00,2025-05-27 05:31,STOP_HIT,1,-10.00
PCT_R0.22pct,2025-05-27,2025-05-27 05:37,UP,2025-05-27 06:01,SHORT,21325.25,21335.25,21322.25,2025-05-27 06:01,TARGET_HIT,1,3.00
PCT_R0.22pct,2025-05-28,2025-05-27 15:18,DOWN,2025-05-27 20:41,LONG,21438.50,21428.50,21441.50,2025-05-27 20:42,TARGET_HIT,2,3.00
PCT_R0.22pct,2025-05-28,2025-05-28 01:44,UP,2025-05-28 02:33,SHORT,21476.25,21486.25,21473.25,2025-05-28 02:34,STOP_HIT,2,-10.00
PCT_R0.22pct,2025-05-28,2025-05-28 05:40,DOWN,2025-05-28 06:00,LONG,21467.50,21457.50,21470.50,2025-05-28 06:00,TARGET_HIT,1,3.00
PCT_R0.22pct,2025-05-28,2025-05-28 06:58,UP,2025-05-28 09:11,SHORT,21478.50,21488.50,21475.50,2025-05-28 09:12,STOP_HIT,2,-10.00
PCT_R0.22pct,2025-05-28,2025-05-28 10:52,UP,2025-05-28 11:13,SHORT,21497.75,21507.75,21494.75,2025-05-28 11:13,TARGET_HIT,1,3.00
PCT_R0.22pct,2025-05-28,2025-05-28 11:08,DOWN,2025-05-28 11:26,LONG,21460.50,21450.50,21463.50,2025-05-28 11:26,STOP_HIT,1,-10.00
PCT_R0.22pct,2025-05-29,2025-05-28 14:00,UP,2025-05-28 14:37,SHORT,21535.25,21545.25,21532.25,2025-05-28 14:37,TARGET_HIT,1,3.00
PCT_R0.22pct,2025-05-29,2025-05-28 23:00,UP,2025-05-28 23:31,SHORT,21794.25,21804.25,21791.25,2025-05-28 23:31,TARGET_HIT,1,3.00
PCT_R0.22pct,2025-05-29,2025-05-29 00:00,DOWN,2025-05-29 03:26,LONG,21695.75,21685.75,21698.75,2025-05-29 03:26,TARGET_HIT,1,3.00
PCT_R0.22pct,2025-05-30,2025-05-29 14:00,UP,2025-05-29 14:11,SHORT,21385.25,21395.25,21382.25,2025-05-29 14:13,STOP_HIT,3,-10.00
PCT_R0.22pct,2025-05-30,2025-05-29 14:10,DOWN,2025-05-29 14:33,LONG,21365.50,21355.50,21368.50,2025-05-29 14:35,STOP_HIT,3,-10.00
PCT_R0.22pct,2025-05-30,2025-05-29 17:20,UP,2025-05-29 18:25,SHORT,21344.75,21354.75,21341.75,2025-05-29 18:25,TARGET_HIT,1,3.00
PCT_R0.22pct,2025-05-30,2025-05-29 23:05,UP,2025-05-29 23:23,SHORT,21364.25,21374.25,21361.25,2025-05-29 23:23,TARGET_HIT,1,3.00
PCT_R0.22pct,2025-05-30,2025-05-30 04:25,UP,2025-05-30 04:55,SHORT,21353.25,21363.25,21350.25,2025-05-30 04:55,TARGET_HIT,1,3.00
PCT_R0.22pct,2025-05-30,2025-05-30 04:40,DOWN,2025-05-30 05:06,LONG,21345.75,21335.75,21348.75,2025-05-30 05:06,STOP_HIT,1,-10.00
PCT_R0.22pct,2025-05-30,2025-05-30 05:05,UP,2025-05-30 05:21,SHORT,21369.50,21379.50,21366.50,2025-05-30 05:21,STOP_HIT,1,-10.00
PCT_R0.22pct,2025-05-30,2025-05-30 07:15,UP,2025-05-30 07:27,SHORT,21360.00,21370.00,21357.00,2025-05-30 07:27,STOP_HIT,1,-10.00
PCT_R0.22pct,2025-06-02,2025-06-01 14:00,UP,2025-06-01 14:11,SHORT,21325.75,21335.75,21322.75,2025-06-01 14:12,STOP_HIT,2,-10.00
PCT_R0.22pct,2025-06-02,2025-06-01 14:10,DOWN,2025-06-01 15:03,LONG,21303.75,21293.75,21306.75,2025-06-01 15:03,TARGET_HIT,1,3.00
PCT_R0.22pct,2025-06-02,2025-06-01 15:30,UP,2025-06-01 16:11,SHORT,21307.75,21317.75,21304.75,2025-06-01 16:14,STOP_HIT,4,-10.00
PCT_R0.22pct,2025-06-02,2025-06-02 01:45,UP,2025-06-02 03:15,SHORT,21279.50,21289.50,21276.50,2025-06-02 03:15,TARGET_HIT,1,3.00
PCT_R0.22pct,2025-06-02,2025-06-02 04:21,UP,2025-06-02 04:41,SHORT,21274.50,21284.50,21271.50,2025-06-02 04:42,STOP_HIT,2,-10.00
PCT_R0.22pct,2025-06-03,2025-06-02 14:00,DOWN,2025-06-02 15:26,LONG,21479.75,21469.75,21482.75,2025-06-02 15:26,STOP_HIT,1,-10.00
PCT_R0.22pct,2025-06-03,2025-06-02 15:29,DOWN,2025-06-02 15:51,LONG,21510.00,21500.00,21513.00,2025-06-02 15:51,STOP_HIT,1,-10.00
PCT_R0.22pct,2025-06-03,2025-06-03 00:15,UP,2025-06-03 03:40,SHORT,21526.00,21536.00,21523.00,2025-06-03 03:40,TARGET_HIT,1,3.00
PCT_R0.22pct,2025-06-04,2025-06-03 16:00,DOWN,2025-06-03 17:51,LONG,21693.00,21683.00,21696.00,2025-06-03 17:51,STOP_HIT,1,-10.00
PCT_R0.22pct,2025-06-04,2025-06-03 18:15,UP,2025-06-04 00:06,SHORT,21730.75,21740.75,21727.75,2025-06-04 00:06,TARGET_HIT,1,3.00
PCT_R0.22pct,2025-06-04,2025-06-04 04:05,DOWN,2025-06-04 04:21,LONG,21700.25,21690.25,21703.25,2025-06-04 04:21,STOP_HIT,1,-10.00
PCT_R0.22pct,2025-06-04,2025-06-04 04:25,UP,2025-06-04 05:21,SHORT,21726.75,21736.75,21723.75,2025-06-04 05:21,STOP_HIT,1,-10.00
PCT_R0.22pct,2025-06-04,2025-06-04 06:08,UP,2025-06-04 06:26,SHORT,21716.50,21726.50,21713.50,2025-06-04 06:26,STOP_HIT,1,-10.00
PCT_R0.22pct,2025-06-04,2025-06-04 06:35,DOWN,2025-06-04 06:52,LONG,21726.75,21716.75,21729.75,2025-06-04 06:52,STOP_HIT,1,-10.00
PCT_R0.22pct,2025-06-04,2025-06-04 06:45,UP,2025-06-04 06:56,SHORT,21737.75,21747.75,21734.75,2025-06-04 06:57,STOP_HIT,2,-10.00
PCT_R0.22pct,2025-06-04,2025-06-04 08:10,UP,2025-06-04 08:56,SHORT,21752.00,21762.00,21749.00,2025-06-04 08:56,TARGET_HIT,1,3.00
PCT_R0.22pct,2025-06-05,2025-06-04 14:40,DOWN,2025-06-04 22:15,LONG,21728.00,21718.00,21731.00,2025-06-04 22:20,TARGET_HIT,6,3.00
PCT_R0.22pct,2025-06-05,2025-06-04 22:14,UP,2025-06-04 23:16,SHORT,21770.25,21780.25,21767.25,2025-06-04 23:16,TARGET_HIT,1,3.00
PCT_R0.22pct,2025-06-05,2025-06-05 04:30,UP,2025-06-05 04:40,SHORT,21771.75,21781.75,21768.75,2025-06-05 04:40,TARGET_HIT,1,3.00
PCT_R0.22pct,2025-06-06,2025-06-05 14:00,UP,2025-06-05 14:16,SHORT,21511.50,21521.50,21508.50,2025-06-05 14:16,STOP_HIT,1,-10.00
PCT_R0.22pct,2025-06-06,2025-06-06 07:20,UP,2025-06-06 07:31,SHORT,21789.75,21799.75,21786.75,2025-06-06 07:31,STOP_HIT,1,-10.00
PCT_R0.22pct,2025-06-06,2025-06-06 08:10,DOWN,2025-06-06 08:36,LONG,21790.00,21780.00,21793.00,2025-06-06 08:36,STOP_HIT,1,-10.00
PCT_R0.22pct,2025-06-06,2025-06-06 08:55,UP,2025-06-06 09:51,SHORT,21819.00,21829.00,21816.00,2025-06-06 09:51,TARGET_HIT,1,3.00
PCT_R0.22pct,2025-06-09,2025-06-08 14:00,DOWN,2025-06-08 14:11,LONG,21787.50,21777.50,21790.50,2025-06-08 14:12,STOP_HIT,2,-10.00
PCT_R0.22pct,2025-06-09,2025-06-08 15:10,UP,2025-06-08 16:01,SHORT,21756.75,21766.75,21753.75,2025-06-08 16:01,STOP_HIT,1,-10.00
PCT_R0.22pct,2025-06-09,2025-06-08 16:04,DOWN,2025-06-08 17:36,LONG,21739.00,21729.00,21742.00,2025-06-08 17:36,TARGET_HIT,1,3.00
PCT_R0.22pct,2025-06-09,2025-06-08 18:30,UP,2025-06-08 22:51,SHORT,21751.25,21761.25,21748.25,2025-06-08 22:52,STOP_HIT,2,-10.00
PCT_R0.22pct,2025-06-09,2025-06-09 05:35,UP,2025-06-09 05:45,SHORT,21795.50,21805.50,21792.50,2025-06-09 05:45,TARGET_HIT,1,3.00
PCT_R0.22pct,2025-06-10,2025-06-10 00:10,UP,2025-06-10 02:30,SHORT,21842.00,21852.00,21839.00,2025-06-10 02:30,TARGET_HIT,1,3.00
PCT_R0.22pct,2025-06-10,2025-06-10 02:15,DOWN,2025-06-10 03:09,LONG,21805.25,21795.25,21808.25,2025-06-10 03:09,TARGET_HIT,1,3.00
PCT_R0.22pct,2025-06-10,2025-06-10 03:05,UP,2025-06-10 03:51,SHORT,21844.00,21854.00,21841.00,2025-06-10 03:54,STOP_HIT,4,-10.00
PCT_R0.22pct,2025-06-10,2025-06-10 07:33,UP,2025-06-10 08:09,SHORT,21901.00,21911.00,21898.00,2025-06-10 08:09,TARGET_HIT,1,3.00
PCT_R0.22pct,2025-06-10,2025-06-10 10:05,UP,2025-06-10 10:23,SHORT,21873.00,21883.00,21870.00,2025-06-10 10:25,TARGET_HIT,3,3.00
PCT_R0.22pct,2025-06-11,2025-06-10 14:54,DOWN,2025-06-10 15:06,LONG,21948.25,21938.25,21951.25,2025-06-10 15:06,STOP_HIT,1,-10.00
PCT_R0.22pct,2025-06-11,2025-06-10 15:05,UP,2025-06-10 15:18,SHORT,21993.00,22003.00,21990.00,2025-06-10 15:18,TARGET_HIT,1,3.00
PCT_R0.22pct,2025-06-11,2025-06-10 15:15,DOWN,2025-06-10 16:06,LONG,21950.25,21940.25,21953.25,2025-06-10 16:07,STOP_HIT,2,-10.00
PCT_R0.22pct,2025-06-11,2025-06-10 20:58,UP,2025-06-11 01:31,SHORT,21939.75,21949.75,21936.75,2025-06-11 01:33,TARGET_HIT,3,3.00
PCT_R0.22pct,2025-06-11,2025-06-11 03:17,UP,2025-06-11 03:52,SHORT,21925.00,21935.00,21922.00,2025-06-11 03:52,TARGET_HIT,1,3.00
PCT_R0.22pct,2025-06-11,2025-06-11 07:15,DOWN,2025-06-11 08:21,LONG,21929.00,21919.00,21932.00,2025-06-11 08:21,STOP_HIT,1,-10.00
PCT_R0.22pct,2025-06-11,2025-06-11 09:09,DOWN,2025-06-11 09:50,LONG,21948.25,21938.25,21951.25,2025-06-11 09:50,STOP_HIT,1,-10.00
PCT_R0.22pct,2025-06-12,2025-06-11 14:00,UP,2025-06-11 14:31,SHORT,21889.25,21899.25,21886.25,2025-06-11 14:35,TARGET_HIT,5,3.00
PCT_R0.22pct,2025-06-12,2025-06-11 14:30,DOWN,2025-06-11 14:51,LONG,21874.00,21864.00,21877.00,2025-06-11 14:52,STOP_HIT,2,-10.00
PCT_R0.22pct,2025-06-12,2025-06-11 15:36,DOWN,2025-06-11 16:20,LONG,21833.25,21823.25,21836.25,2025-06-11 16:20,TARGET_HIT,1,3.00
PCT_R0.22pct,2025-06-12,2025-06-11 17:34,UP,2025-06-11 22:56,SHORT,21842.00,21852.00,21839.00,2025-06-11 22:56,TARGET_HIT,1,3.00
PCT_R0.22pct,2025-06-12,2025-06-11 23:00,DOWN,2025-06-11 23:54,LONG,21783.25,21773.25,21786.25,2025-06-11 23:54,STOP_HIT,1,-10.00
PCT_R0.22pct,2025-06-12,2025-06-12 01:35,DOWN,2025-06-12 02:09,LONG,21800.50,21790.50,21803.50,2025-06-12 02:10,STOP_HIT,2,-10.00
PCT_R0.22pct,2025-06-12,2025-06-12 04:30,UP,2025-06-12 04:40,SHORT,21828.00,21838.00,21825.00,2025-06-12 04:40,STOP_HIT,1,-10.00
PCT_R0.22pct,2025-06-12,2025-06-12 11:20,DOWN,2025-06-12 11:52,LONG,21902.50,21892.50,21905.50,2025-06-12 11:52,TARGET_HIT,1,3.00
PCT_R0.22pct,2025-06-12,2025-06-12 11:50,UP,2025-06-12 12:01,SHORT,21931.50,21941.50,21928.50,2025-06-12 12:03,STOP_HIT,3,-10.00
PCT_R0.22pct,2025-06-13,2025-06-12 14:00,DOWN,2025-06-12 14:27,LONG,21882.50,21872.50,21885.50,2025-06-12 14:30,STOP_HIT,4,-10.00
PCT_R0.22pct,2025-06-13,2025-06-12 17:55,DOWN,2025-06-12 18:05,LONG,21575.25,21565.25,21578.25,2025-06-12 18:05,STOP_HIT,1,-10.00
PCT_R0.22pct,2025-06-13,2025-06-12 20:56,UP,2025-06-12 22:26,SHORT,21580.50,21590.50,21577.50,2025-06-12 22:26,STOP_HIT,1,-10.00
PCT_R0.22pct,2025-06-16,2025-06-15 20:18,UP,2025-06-15 21:21,SHORT,21925.00,21935.00,21922.00,2025-06-15 21:23,STOP_HIT,3,-10.00
PCT_R0.22pct,2025-06-16,2025-06-16 09:30,DOWN,2025-06-16 11:15,LONG,22151.75,22141.75,22154.75,2025-06-16 11:15,TARGET_HIT,1,3.00
PCT_R0.22pct,2025-06-16,2025-06-16 10:50,UP,2025-06-16 12:01,SHORT,22172.50,22182.50,22169.50,2025-06-16 12:01,TARGET_HIT,1,3.00
PCT_R0.22pct,2025-06-17,2025-06-16 14:00,DOWN,2025-06-16 14:31,LONG,22146.50,22136.50,22149.50,2025-06-16 14:31,STOP_HIT,1,-10.00
PCT_R0.22pct,2025-06-17,2025-06-16 14:49,UP,2025-06-16 15:26,SHORT,22091.00,22101.00,22088.00,2025-06-16 15:27,STOP_HIT,2,-10.00
PCT_R0.22pct,2025-06-17,2025-06-16 15:15,DOWN,2025-06-16 15:30,LONG,22079.00,22069.00,22082.00,2025-06-16 15:30,STOP_HIT,1,-10.00
PCT_R0.22pct,2025-06-17,2025-06-16 16:59,DOWN,2025-06-16 17:16,LONG,22053.75,22043.75,22056.75,2025-06-16 17:16,TARGET_HIT,1,3.00
PCT_R0.22pct,2025-06-17,2025-06-16 17:25,UP,2025-06-16 17:51,SHORT,22084.25,22094.25,22081.25,2025-06-16 17:52,STOP_HIT,2,-10.00
PCT_R0.22pct,2025-06-17,2025-06-16 17:50,DOWN,2025-06-16 18:06,LONG,22063.75,22053.75,22066.75,2025-06-16 18:06,STOP_HIT,1,-10.00
PCT_R0.22pct,2025-06-17,2025-06-16 20:32,UP,2025-06-16 22:06,SHORT,22092.75,22102.75,22089.75,2025-06-16 22:08,STOP_HIT,3,-10.00
PCT_R0.22pct,2025-06-17,2025-06-16 22:15,DOWN,2025-06-16 23:23,LONG,22026.50,22016.50,22029.50,2025-06-16 23:23,TARGET_HIT,1,3.00
PCT_R0.22pct,2025-06-17,2025-06-17 02:45,UP,2025-06-17 04:13,SHORT,22080.00,22090.00,22077.00,2025-06-17 04:15,STOP_HIT,3,-10.00
PCT_R0.22pct,2025-06-17,2025-06-17 04:30,DOWN,2025-06-17 04:53,LONG,22054.50,22044.50,22057.50,2025-06-17 04:55,STOP_HIT,3,-10.00
PCT_R0.22pct,2025-06-17,2025-06-17 05:11,UP,2025-06-17 05:31,SHORT,22096.75,22106.75,22093.75,2025-06-17 05:31,STOP_HIT,1,-10.00
PCT_R0.22pct,2025-06-17,2025-06-17 08:19,DOWN,2025-06-17 08:56,LONG,22045.75,22035.75,22048.75,2025-06-17 08:56,TARGET_HIT,1,3.00
PCT_R0.22pct,2025-06-18,2025-06-17 14:00,DOWN,2025-06-17 14:26,LONG,21910.00,21900.00,21913.00,2025-06-17 14:27,TARGET_HIT,2,3.00
PCT_R0.22pct,2025-06-18,2025-06-17 14:57,UP,2025-06-17 15:45,SHORT,21911.00,21921.00,21908.00,2025-06-17 15:45,TARGET_HIT,1,3.00
PCT_R0.22pct,2025-06-18,2025-06-18 03:07,UP,2025-06-18 03:48,SHORT,22024.25,22034.25,22021.25,2025-06-18 03:50,TARGET_HIT,3,3.00
PCT_R0.22pct,2025-06-19,2025-06-18 14:00,DOWN,2025-06-18 14:18,LONG,21924.50,21914.50,21927.50,2025-06-18 14:18,TARGET_HIT,1,3.00
PCT_R0.22pct,2025-06-19,2025-06-18 18:00,UP,2025-06-18 20:07,SHORT,21887.00,21897.00,21884.00,2025-06-18 20:07,TARGET_HIT,1,3.00
PCT_R0.22pct,2025-06-19,2025-06-18 20:41,DOWN,2025-06-18 22:01,LONG,21854.25,21844.25,21857.25,2025-06-18 22:01,TARGET_HIT,1,3.00
PCT_R0.22pct,2025-06-20,2025-06-19 14:00,UP,2025-06-19 14:10,SHORT,21823.75,21833.75,21820.75,2025-06-19 14:10,STOP_HIT,1,-10.00
PCT_R0.22pct,2025-06-20,2025-06-19 15:25,UP,2025-06-19 16:11,SHORT,21906.50,21916.50,21903.50,2025-06-19 16:11,STOP_HIT,1,-10.00
PCT_R0.22pct,2025-06-20,2025-06-19 16:10,DOWN,2025-06-19 17:31,LONG,21870.50,21860.50,21873.50,2025-06-19 17:31,TARGET_HIT,1,3.00
PCT_R0.22pct,2025-06-20,2025-06-19 17:10,UP,2025-06-19 19:24,SHORT,21903.75,21913.75,21900.75,2025-06-19 19:24,TARGET_HIT,1,3.00
PCT_R0.22pct,2025-06-20,2025-06-20 00:10,DOWN,2025-06-20 00:56,LONG,21871.75,21861.75,21874.75,2025-06-20 00:56,STOP_HIT,1,-10.00
PCT_R0.22pct,2025-06-20,2025-06-20 00:55,UP,2025-06-20 02:41,SHORT,21900.75,21910.75,21897.75,2025-06-20 02:44,TARGET_HIT,4,3.00
PCT_R0.22pct,2025-06-20,2025-06-20 06:05,DOWN,2025-06-20 06:15,LONG,21996.00,21986.00,21999.00,2025-06-20 06:15,STOP_HIT,1,-10.00
PCT_R0.22pct,2025-06-23,2025-06-22 16:20,UP,2025-06-22 18:08,SHORT,21747.00,21757.00,21744.00,2025-06-22 18:15,STOP_HIT,8,-10.00
PCT_R0.22pct,2025-06-23,2025-06-23 03:45,UP,2025-06-23 03:55,SHORT,21814.00,21824.00,21811.00,2025-06-23 03:55,STOP_HIT,1,-10.00
PCT_R0.22pct,2025-06-24,2025-06-23 14:03,UP,2025-06-23 14:13,SHORT,22160.25,22170.25,22157.25,2025-06-23 14:13,STOP_HIT,1,-10.00
PCT_R0.22pct,2025-06-24,2025-06-24 03:20,UP,2025-06-24 03:31,SHORT,22294.00,22304.00,22291.00,2025-06-24 03:31,STOP_HIT,1,-10.00
PCT_R0.22pct,2025-06-24,2025-06-24 04:04,DOWN,2025-06-24 04:29,LONG,22284.25,22274.25,22287.25,2025-06-24 04:29,TARGET_HIT,1,3.00
PCT_R0.22pct,2025-06-24,2025-06-24 04:30,UP,2025-06-24 05:16,SHORT,22285.50,22295.50,22282.50,2025-06-24 05:16,STOP_HIT,1,-10.00
PCT_R0.22pct,2025-06-24,2025-06-24 06:05,UP,2025-06-24 06:16,SHORT,22305.25,22315.25,22302.25,2025-06-24 06:16,TARGET_HIT,1,3.00
PCT_R0.22pct,2025-06-25,2025-06-24 14:00,UP,2025-06-24 16:14,SHORT,22428.50,22438.50,22425.50,2025-06-24 16:14,TARGET_HIT,1,3.00
PCT_R0.22pct,2025-06-25,2025-06-25 06:20,UP,2025-06-25 06:41,SHORT,22507.00,22517.00,22504.00,2025-06-25 06:41,TARGET_HIT,1,3.00
PCT_R0.22pct,2025-06-25,2025-06-25 06:45,DOWN,2025-06-25 07:01,LONG,22491.00,22481.00,22494.00,2025-06-25 07:01,STOP_HIT,1,-10.00
PCT_R0.22pct,2025-06-26,2025-06-25 14:10,DOWN,2025-06-25 15:06,LONG,22447.00,22437.00,22450.00,2025-06-25 15:07,TARGET_HIT,2,3.00
PCT_R0.22pct,2025-06-26,2025-06-25 15:05,UP,2025-06-25 19:10,SHORT,22479.75,22489.75,22476.75,2025-06-25 19:15,STOP_HIT,6,-10.00
PCT_R0.22pct,2025-06-26,2025-06-26 05:30,DOWN,2025-06-26 05:40,LONG,22515.50,22505.50,22518.50,2025-06-26 05:40,STOP_HIT,1,-10.00
PCT_R0.22pct,2025-06-26,2025-06-26 05:50,UP,2025-06-26 06:06,SHORT,22553.25,22563.25,22550.25,2025-06-26 06:06,TARGET_HIT,1,3.00
PCT_R0.22pct,2025-06-27,2025-06-26 14:25,DOWN,2025-06-26 17:29,LONG,22672.75,22662.75,22675.75,2025-06-26 17:30,STOP_HIT,2,-10.00
PCT_R0.22pct,2025-06-27,2025-06-26 17:28,UP,2025-06-26 21:36,SHORT,22701.25,22711.25,22698.25,2025-06-26 21:39,STOP_HIT,4,-10.00
PCT_R0.22pct,2025-06-27,2025-06-27 04:00,DOWN,2025-06-27 05:29,LONG,22708.75,22698.75,22711.75,2025-06-27 05:30,STOP_HIT,2,-10.00
PCT_R0.22pct,2025-06-27,2025-06-27 05:30,UP,2025-06-27 05:40,SHORT,22737.75,22747.75,22734.75,2025-06-27 05:40,TARGET_HIT,1,3.00
PCT_R0.22pct,2025-06-30,2025-06-29 14:00,UP,2025-06-29 14:26,SHORT,22790.50,22800.50,22787.50,2025-06-29 14:26,STOP_HIT,1,-10.00
PCT_R0.22pct,2025-06-30,2025-06-30 07:15,UP,2025-06-30 07:51,SHORT,22858.00,22868.00,22855.00,2025-06-30 07:51,TARGET_HIT,1,3.00
PCT_R0.22pct,2025-06-30,2025-06-30 08:09,DOWN,2025-06-30 09:36,LONG,22819.50,22809.50,22822.50,2025-06-30 09:36,TARGET_HIT,1,3.00
PCT_R0.22pct,2025-06-30,2025-06-30 10:40,UP,2025-06-30 11:08,SHORT,22858.75,22868.75,22855.75,2025-06-30 11:08,STOP_HIT,1,-10.00
PCT_R0.22pct,2025-07-01,2025-06-30 15:28,UP,2025-06-30 16:05,SHORT,22890.75,22900.75,22887.75,2025-06-30 16:05,TARGET_HIT,1,3.00
PCT_R0.22pct,2025-07-01,2025-06-30 17:53,DOWN,2025-06-30 20:30,LONG,22868.75,22858.75,22871.75,2025-06-30 20:30,TARGET_HIT,1,3.00
PCT_R0.22pct,2025-07-01,2025-07-01 06:15,DOWN,2025-07-01 06:25,LONG,22788.25,22778.25,22791.25,2025-07-01 06:25,STOP_HIT,1,-10.00
PCT_R0.22pct,2025-07-01,2025-07-01 09:50,DOWN,2025-07-01 10:56,LONG,22722.75,22712.75,22725.75,2025-07-01 10:57,STOP_HIT,2,-10.00
PCT_R0.22pct,2025-07-02,2025-07-01 15:05,DOWN,2025-07-01 18:09,LONG,22683.25,22673.25,22686.25,2025-07-01 18:14,TARGET_HIT,6,3.00
PCT_R0.22pct,2025-07-02,2025-07-01 18:08,UP,2025-07-01 18:44,SHORT,22728.25,22738.25,22725.25,2025-07-01 18:44,TARGET_HIT,1,3.00
PCT_R0.22pct,2025-07-02,2025-07-01 20:51,DOWN,2025-07-02 03:09,LONG,22694.25,22684.25,22697.25,2025-07-02 03:18,TARGET_HIT,10,3.00
PCT_R0.22pct,2025-07-02,2025-07-02 05:01,UP,2025-07-02 05:59,SHORT,22715.25,22725.25,22712.25,2025-07-02 05:59,TARGET_HIT,1,3.00
PCT_R0.22pct,2025-07-03,2025-07-02 18:28,UP,2025-07-02 19:31,SHORT,22871.25,22881.25,22868.25,2025-07-02 19:40,STOP_HIT,10,-10.00
PCT_R0.22pct,2025-07-03,2025-07-02 23:39,DOWN,2025-07-03 01:48,LONG,22867.50,22857.50,22870.50,2025-07-03 01:55,STOP_HIT,8,-10.00
PCT_R0.22pct,2025-07-03,2025-07-03 02:16,UP,2025-07-03 04:29,SHORT,22858.00,22868.00,22855.00,2025-07-03 04:30,STOP_HIT,2,-10.00
PCT_R0.22pct,2025-07-04,2025-07-03 14:28,DOWN,2025-07-03 18:11,LONG,23014.00,23004.00,23017.00,2025-07-03 18:12,STOP_HIT,2,-10.00
PCT_R0.22pct,2025-07-07,2025-07-06 14:01,DOWN,2025-07-06 14:11,LONG,22999.00,22989.00,23002.00,2025-07-06 14:11,TARGET_HIT,1,3.00
PCT_R0.22pct,2025-07-07,2025-07-07 00:10,UP,2025-07-07 03:11,SHORT,22959.00,22969.00,22956.00,2025-07-07 03:11,TARGET_HIT,1,3.00
PCT_R0.22pct,2025-07-07,2025-07-07 04:15,DOWN,2025-07-07 05:12,LONG,22942.75,22932.75,22945.75,2025-07-07 05:13,TARGET_HIT,2,3.00
PCT_R0.22pct,2025-07-07,2025-07-07 05:34,UP,2025-07-07 05:56,SHORT,22957.00,22967.00,22954.00,2025-07-07 05:56,TARGET_HIT,1,3.00
PCT_R0.22pct,2025-07-07,2025-07-07 05:50,DOWN,2025-07-07 06:01,LONG,22936.50,22926.50,22939.50,2025-07-07 06:01,STOP_HIT,1,-10.00
PCT_R0.22pct,2025-07-08,2025-07-07 14:20,UP,2025-07-07 15:02,SHORT,22849.00,22859.00,22846.00,2025-07-07 15:02,TARGET_HIT,1,3.00
PCT_R0.22pct,2025-07-08,2025-07-08 03:45,DOWN,2025-07-08 05:36,LONG,22910.75,22900.75,22913.75,2025-07-08 05:36,STOP_HIT,1,-10.00
PCT_R0.22pct,2025-07-08,2025-07-08 06:25,UP,2025-07-08 06:41,SHORT,22939.25,22949.25,22936.25,2025-07-08 06:41,TARGET_HIT,1,3.00
PCT_R0.22pct,2025-07-08,2025-07-08 07:25,UP,2025-07-08 08:26,SHORT,22947.50,22957.50,22944.50,2025-07-08 08:26,STOP_HIT,1,-10.00
PCT_R0.22pct,2025-07-08,2025-07-08 08:25,DOWN,2025-07-08 09:49,LONG,22907.50,22897.50,22910.50,2025-07-08 09:49,TARGET_HIT,1,3.00
PCT_R0.22pct,2025-07-08,2025-07-08 09:15,UP,2025-07-08 09:55,SHORT,22930.00,22940.00,22927.00,2025-07-08 09:55,TARGET_HIT,1,3.00
PCT_R0.22pct,2025-07-08,2025-07-08 10:05,DOWN,2025-07-08 10:46,LONG,22900.50,22890.50,22903.50,2025-07-08 10:46,TARGET_HIT,1,3.00
PCT_R0.22pct,2025-07-09,2025-07-08 15:01,DOWN,2025-07-08 16:11,LONG,22888.25,22878.25,22891.25,2025-07-08 16:13,STOP_HIT,3,-10.00
PCT_R0.22pct,2025-07-09,2025-07-08 22:05,UP,2025-07-08 23:24,SHORT,22885.00,22895.00,22882.00,2025-07-08 23:25,TARGET_HIT,2,3.00
PCT_R0.22pct,2025-07-09,2025-07-09 07:25,DOWN,2025-07-09 08:32,LONG,22981.50,22971.50,22984.50,2025-07-09 08:33,TARGET_HIT,2,3.00
PCT_R0.22pct,2025-07-09,2025-07-09 08:10,UP,2025-07-09 08:42,SHORT,22987.50,22997.50,22984.50,2025-07-09 08:45,STOP_HIT,4,-10.00
PCT_R0.22pct,2025-07-10,2025-07-09 14:17,DOWN,2025-07-09 16:09,LONG,23021.25,23011.25,23024.25,2025-07-09 16:25,STOP_HIT,17,-10.00
PCT_R0.22pct,2025-07-10,2025-07-09 21:30,UP,2025-07-10 00:31,SHORT,23036.50,23046.50,23033.50,2025-07-10 00:31,TARGET_HIT,1,3.00
PCT_R0.22pct,2025-07-10,2025-07-10 05:31,DOWN,2025-07-10 05:41,LONG,23030.50,23020.50,23033.50,2025-07-10 05:41,TARGET_HIT,1,3.00
PCT_R0.22pct,2025-07-10,2025-07-10 07:55,DOWN,2025-07-10 08:19,LONG,22981.25,22971.25,22984.25,2025-07-10 08:19,TARGET_HIT,1,3.00
PCT_R0.22pct,2025-07-10,2025-07-10 08:10,UP,2025-07-10 09:26,SHORT,23009.25,23019.25,23006.25,2025-07-10 09:30,STOP_HIT,5,-10.00
PCT_R0.22pct,2025-07-11,2025-07-10 16:57,DOWN,2025-07-10 17:16,LONG,22911.75,22901.75,22914.75,2025-07-10 17:18,TARGET_HIT,3,3.00
PCT_R0.22pct,2025-07-11,2025-07-10 17:00,UP,2025-07-10 17:21,SHORT,22916.25,22926.25,22913.25,2025-07-10 17:21,STOP_HIT,1,-10.00
PCT_R0.22pct,2025-07-11,2025-07-10 21:18,DOWN,2025-07-11 00:08,LONG,22886.75,22876.75,22889.75,2025-07-11 00:08,TARGET_HIT,1,3.00
PCT_R0.22pct,2025-07-11,2025-07-11 02:00,UP,2025-07-11 05:31,SHORT,22941.50,22951.50,22938.50,2025-07-11 05:31,STOP_HIT,1,-10.00
PCT_R0.22pct,2025-07-11,2025-07-11 05:30,DOWN,2025-07-11 05:42,LONG,22890.00,22880.00,22893.00,2025-07-11 05:42,STOP_HIT,1,-10.00
PCT_R0.22pct,2025-07-11,2025-07-11 07:15,UP,2025-07-11 07:25,SHORT,22943.75,22953.75,22940.75,2025-07-11 07:25,TARGET_HIT,1,3.00
PCT_R0.22pct,2025-07-11,2025-07-11 11:05,UP,2025-07-11 11:15,SHORT,22975.00,22985.00,22972.00,2025-07-11 11:15,STOP_HIT,1,-10.00
PCT_R0.22pct,2025-07-11,2025-07-11 11:25,DOWN,2025-07-11 12:01,LONG,22951.75,22941.75,22954.75,2025-07-11 12:02,TARGET_HIT,2,3.00
PCT_R0.22pct,2025-07-14,2025-07-13 14:00,UP,2025-07-13 14:10,SHORT,22845.75,22855.75,22842.75,2025-07-13 14:10,TARGET_HIT,1,3.00
PCT_R0.22pct,2025-07-14,2025-07-13 14:55,DOWN,2025-07-13 15:24,LONG,22859.25,22849.25,22862.25,2025-07-13 15:24,STOP_HIT,1,-10.00
PCT_R0.22pct,2025-07-14,2025-07-13 23:20,UP,2025-07-14 00:00,SHORT,22881.75,22891.75,22878.75,2025-07-14 00:00,TARGET_HIT,1,3.00
PCT_R0.22pct,2025-07-15,2025-07-14 18:50,UP,2025-07-14 19:51,SHORT,23097.50,23107.50,23094.50,2025-07-14 19:52,TARGET_HIT,2,3.00
PCT_R0.22pct,2025-07-15,2025-07-15 04:20,UP,2025-07-15 04:30,SHORT,23151.00,23161.00,23148.00,2025-07-15 04:30,STOP_HIT,1,-10.00
PCT_R0.22pct,2025-07-15,2025-07-15 05:40,UP,2025-07-15 05:50,SHORT,23148.50,23158.50,23145.50,2025-07-15 05:50,STOP_HIT,1,-10.00
PCT_R0.22pct,2025-07-15,2025-07-15 05:45,DOWN,2025-07-15 05:56,LONG,23156.50,23146.50,23159.50,2025-07-15 05:56,TARGET_HIT,1,3.00
PCT_R0.22pct,2025-07-15,2025-07-15 06:00,UP,2025-07-15 06:12,SHORT,23187.25,23197.25,23184.25,2025-07-15 06:12,TARGET_HIT,1,3.00
PCT_R0.22pct,2025-07-15,2025-07-15 07:45,DOWN,2025-07-15 08:36,LONG,23142.75,23132.75,23145.75,2025-07-15 08:37,STOP_HIT,2,-10.00
PCT_R0.22pct,2025-07-15,2025-07-15 10:20,DOWN,2025-07-15 10:51,LONG,23150.00,23140.00,23153.00,2025-07-15 10:51,STOP_HIT,1,-10.00
PCT_R0.22pct,2025-07-16,2025-07-15 14:00,DOWN,2025-07-15 14:31,LONG,23008.50,22998.50,23011.50,2025-07-15 14:31,STOP_HIT,1,-10.00
PCT_R0.22pct,2025-07-16,2025-07-15 14:30,UP,2025-07-15 17:10,SHORT,23011.75,23021.75,23008.75,2025-07-15 17:10,STOP_HIT,1,-10.00
PCT_R0.22pct,2025-07-16,2025-07-15 21:00,DOWN,2025-07-15 21:54,LONG,23005.25,22995.25,23008.25,2025-07-15 21:55,STOP_HIT,2,-10.00
PCT_R0.22pct,2025-07-16,2025-07-15 23:10,UP,2025-07-16 04:00,SHORT,23020.50,23030.50,23017.50,2025-07-16 04:00,TARGET_HIT,1,3.00
PCT_R0.22pct,2025-07-16,2025-07-16 05:30,DOWN,2025-07-16 06:01,LONG,22977.25,22967.25,22980.25,2025-07-16 06:01,TARGET_HIT,1,3.00
PCT_R0.22pct,2025-07-16,2025-07-16 06:58,UP,2025-07-16 07:08,SHORT,23015.50,23025.50,23012.50,2025-07-16 07:08,STOP_HIT,1,-10.00
PCT_R0.22pct,2025-07-16,2025-07-16 07:56,DOWN,2025-07-16 08:06,LONG,22992.00,22982.00,22995.00,2025-07-16 08:06,TARGET_HIT,1,3.00
PCT_R0.22pct,2025-07-16,2025-07-16 08:25,UP,2025-07-16 08:43,SHORT,23004.00,23014.00,23001.00,2025-07-16 08:43,TARGET_HIT,1,3.00
PCT_R0.22pct,2025-07-17,2025-07-16 14:00,DOWN,2025-07-16 18:52,LONG,23027.50,23017.50,23030.50,2025-07-16 19:07,STOP_HIT,16,-10.00
PCT_R0.22pct,2025-07-17,2025-07-16 19:07,UP,2025-07-16 21:31,SHORT,23061.50,23071.50,23058.50,2025-07-16 21:34,STOP_HIT,4,-10.00
PCT_R0.22pct,2025-07-17,2025-07-17 03:00,UP,2025-07-17 04:41,SHORT,23117.00,23127.00,23114.00,2025-07-17 04:41,TARGET_HIT,1,3.00
PCT_R0.22pct,2025-07-17,2025-07-17 05:34,UP,2025-07-17 05:46,SHORT,23123.75,23133.75,23120.75,2025-07-17 05:46,TARGET_HIT,1,3.00
PCT_R0.22pct,2025-07-18,2025-07-17 14:00,UP,2025-07-17 21:21,SHORT,23294.25,23304.25,23291.25,2025-07-17 21:25,TARGET_HIT,5,3.00
PCT_R0.22pct,2025-07-18,2025-07-17 22:09,DOWN,2025-07-18 02:21,LONG,23262.50,23252.50,23265.50,2025-07-18 02:22,STOP_HIT,2,-10.00
PCT_R0.22pct,2025-07-18,2025-07-18 03:15,UP,2025-07-18 05:26,SHORT,23279.50,23289.50,23276.50,2025-07-18 05:26,TARGET_HIT,1,3.00
PCT_R0.22pct,2025-07-18,2025-07-18 05:25,DOWN,2025-07-18 05:56,LONG,23262.00,23252.00,23265.00,2025-07-18 06:00,STOP_HIT,5,-10.00
PCT_R0.22pct,2025-07-21,2025-07-20 14:13,UP,2025-07-20 15:48,SHORT,23248.50,23258.50,23245.50,2025-07-20 15:50,STOP_HIT,3,-10.00
PCT_R0.22pct,2025-07-21,2025-07-21 00:08,DOWN,2025-07-21 05:30,LONG,23256.25,23246.25,23259.25,2025-07-21 05:30,TARGET_HIT,1,3.00
PCT_R0.22pct,2025-07-21,2025-07-21 05:10,UP,2025-07-21 05:35,SHORT,23300.50,23310.50,23297.50,2025-07-21 05:35,STOP_HIT,1,-10.00
PCT_R0.22pct,2025-07-21,2025-07-21 09:30,DOWN,2025-07-21 11:43,LONG,23361.75,23351.75,23364.75,2025-07-21 11:43,TARGET_HIT,1,3.00
PCT_R0.22pct,2025-07-22,2025-07-21 17:45,DOWN,2025-07-21 20:07,LONG,23324.25,23314.25,23327.25,2025-07-21 20:13,STOP_HIT,7,-10.00
PCT_R0.22pct,2025-07-22,2025-07-22 01:40,UP,2025-07-22 04:51,SHORT,23334.00,23344.00,23331.00,2025-07-22 05:05,STOP_HIT,15,-10.00
PCT_R0.22pct,2025-07-22,2025-07-22 07:30,DOWN,2025-07-22 08:26,LONG,23186.50,23176.50,23189.50,2025-07-22 08:26,TARGET_HIT,1,3.00
PCT_R0.22pct,2025-07-22,2025-07-22 08:40,UP,2025-07-22 09:47,SHORT,23220.25,23230.25,23217.25,2025-07-22 09:47,TARGET_HIT,1,3.00
PCT_R0.22pct,2025-07-22,2025-07-22 09:25,DOWN,2025-07-22 10:16,LONG,23215.75,23205.75,23218.75,2025-07-22 10:17,STOP_HIT,2,-10.00
PCT_R0.22pct,2025-07-22,2025-07-22 10:15,UP,2025-07-22 10:31,SHORT,23217.00,23227.00,23214.00,2025-07-22 10:32,STOP_HIT,2,-10.00
PCT_R0.22pct,2025-07-23,2025-07-22 14:39,UP,2025-07-22 15:11,SHORT,23193.50,23203.50,23190.50,2025-07-22 15:13,STOP_HIT,3,-10.00
PCT_R0.22pct,2025-07-23,2025-07-22 15:55,DOWN,2025-07-22 16:22,LONG,23221.50,23211.50,23224.50,2025-07-22 16:22,TARGET_HIT,1,3.00
PCT_R0.22pct,2025-07-23,2025-07-22 16:55,UP,2025-07-22 17:51,SHORT,23234.50,23244.50,23231.50,2025-07-22 17:52,STOP_HIT,2,-10.00
PCT_R0.22pct,2025-07-23,2025-07-23 00:56,DOWN,2025-07-23 05:09,LONG,23240.50,23230.50,23243.50,2025-07-23 05:09,TARGET_HIT,1,3.00
PCT_R0.22pct,2025-07-23,2025-07-23 08:20,UP,2025-07-23 09:31,SHORT,23236.25,23246.25,23233.25,2025-07-23 09:34,STOP_HIT,4,-10.00
PCT_R0.22pct,2025-07-24,2025-07-23 17:22,DOWN,2025-07-24 00:47,LONG,23384.00,23374.00,23387.00,2025-07-24 00:49,TARGET_HIT,3,3.00
PCT_R0.22pct,2025-07-24,2025-07-24 00:00,UP,2025-07-24 03:36,SHORT,23393.75,23403.75,23390.75,2025-07-24 03:38,TARGET_HIT,3,3.00
PCT_R0.22pct,2025-07-24,2025-07-24 03:40,DOWN,2025-07-24 04:41,LONG,23357.25,23347.25,23360.25,2025-07-24 04:42,TARGET_HIT,2,3.00
PCT_R0.22pct,2025-07-24,2025-07-24 05:45,DOWN,2025-07-24 05:55,LONG,23348.50,23338.50,23351.50,2025-07-24 05:55,TARGET_HIT,1,3.00
PCT_R0.22pct,2025-07-24,2025-07-24 06:10,UP,2025-07-24 07:40,SHORT,23376.50,23386.50,23373.50,2025-07-24 07:40,TARGET_HIT,1,3.00
PCT_R0.22pct,2025-07-24,2025-07-24 07:50,DOWN,2025-07-24 08:26,LONG,23357.00,23347.00,23360.00,2025-07-24 08:26,STOP_HIT,1,-10.00
PCT_R0.22pct,2025-07-24,2025-07-24 08:25,UP,2025-07-24 09:06,SHORT,23380.25,23390.25,23377.25,2025-07-24 09:08,STOP_HIT,3,-10.00
PCT_R0.22pct,2025-07-25,2025-07-24 14:00,UP,2025-07-24 18:26,SHORT,23432.50,23442.50,23429.50,2025-07-24 18:27,TARGET_HIT,2,3.00
PCT_R0.22pct,2025-07-25,2025-07-24 19:13,DOWN,2025-07-24 22:50,LONG,23396.75,23386.75,23399.75,2025-07-24 23:00,STOP_HIT,11,-10.00
PCT_R0.22pct,2025-07-25,2025-07-25 05:35,UP,2025-07-25 05:54,SHORT,23395.25,23405.25,23392.25,2025-07-25 05:54,TARGET_HIT,1,3.00
PCT_R0.22pct,2025-07-28,2025-07-27 14:00,DOWN,2025-07-27 14:26,LONG,23523.00,23513.00,23526.00,2025-07-27 14:27,STOP_HIT,2,-10.00
PCT_R0.22pct,2025-07-28,2025-07-27 14:29,UP,2025-07-27 15:41,SHORT,23546.00,23556.00,23543.00,2025-07-27 15:42,STOP_HIT,2,-10.00
PCT_R0.22pct,2025-07-28,2025-07-27 22:08,DOWN,2025-07-28 01:13,LONG,23539.00,23529.00,23542.00,2025-07-28 01:20,STOP_HIT,8,-10.00
PCT_R0.22pct,2025-07-28,2025-07-28 06:05,DOWN,2025-07-28 06:21,LONG,23507.75,23497.75,23510.75,2025-07-28 06:21,STOP_HIT,1,-10.00
PCT_R0.22pct,2025-07-29,2025-07-28 14:00,UP,2025-07-28 22:02,SHORT,23552.25,23562.25,23549.25,2025-07-28 22:02,TARGET_HIT,1,3.00
PCT_R0.22pct,2025-07-29,2025-07-29 05:35,DOWN,2025-07-29 06:03,LONG,23575.00,23565.00,23578.00,2025-07-29 06:03,STOP_HIT,1,-10.00
PCT_R0.22pct,2025-07-30,2025-07-29 14:00,UP,2025-07-29 18:53,SHORT,23494.25,23504.25,23491.25,2025-07-29 19:35,STOP_HIT,43,-10.00
PCT_R0.22pct,2025-07-30,2025-07-30 03:45,DOWN,2025-07-30 05:31,LONG,23469.00,23459.00,23472.00,2025-07-30 05:31,TARGET_HIT,1,3.00
PCT_R0.22pct,2025-07-30,2025-07-30 05:30,UP,2025-07-30 05:40,SHORT,23493.00,23503.00,23490.00,2025-07-30 05:40,STOP_HIT,1,-10.00
PCT_R0.22pct,2025-07-30,2025-07-30 05:45,DOWN,2025-07-30 05:55,LONG,23480.75,23470.75,23483.75,2025-07-30 05:55,STOP_HIT,1,-10.00
PCT_R0.22pct,2025-07-30,2025-07-30 06:00,UP,2025-07-30 06:21,SHORT,23492.25,23502.25,23489.25,2025-07-30 06:21,STOP_HIT,1,-10.00
PCT_R0.22pct,2025-07-30,2025-07-30 06:55,DOWN,2025-07-30 07:33,LONG,23482.25,23472.25,23485.25,2025-07-30 07:34,TARGET_HIT,2,3.00
PCT_R0.22pct,2025-07-30,2025-07-30 07:15,UP,2025-07-30 07:56,SHORT,23518.25,23528.25,23515.25,2025-07-30 07:57,STOP_HIT,2,-10.00
PCT_R0.22pct,2025-07-31,2025-07-30 14:00,DOWN,2025-07-30 14:10,LONG,23696.75,23686.75,23699.75,2025-07-30 14:10,TARGET_HIT,1,3.00
PCT_R0.22pct,2025-07-31,2025-07-30 14:00,UP,2025-07-30 15:11,SHORT,23729.25,23739.25,23726.25,2025-07-30 15:11,STOP_HIT,1,-10.00
PCT_R0.22pct,2025-07-31,2025-07-30 23:45,DOWN,2025-07-31 04:06,LONG,23764.75,23754.75,23767.75,2025-07-31 04:08,TARGET_HIT,3,3.00
PCT_R0.22pct,2025-07-31,2025-07-31 03:55,UP,2025-07-31 04:31,SHORT,23802.00,23812.00,23799.00,2025-07-31 04:31,TARGET_HIT,1,3.00
PCT_R0.22pct,2025-07-31,2025-07-31 04:30,DOWN,2025-07-31 05:26,LONG,23772.50,23762.50,23775.50,2025-07-31 05:26,STOP_HIT,1,-10.00
PCT_R0.22pct,2025-08-01,2025-07-31 14:05,DOWN,2025-07-31 14:33,LONG,23309.50,23299.50,23312.50,2025-07-31 14:33,TARGET_HIT,1,3.00
PCT_R0.22pct,2025-08-01,2025-07-31 14:40,UP,2025-07-31 16:20,SHORT,23281.75,23291.75,23278.75,2025-07-31 16:20,TARGET_HIT,1,3.00
PCT_R0.22pct,2025-08-01,2025-07-31 15:10,DOWN,2025-07-31 16:23,LONG,23268.75,23258.75,23271.75,2025-07-31 16:23,TARGET_HIT,1,3.00
PCT_R0.22pct,2025-08-01,2025-07-31 16:25,UP,2025-07-31 17:36,SHORT,23319.75,23329.75,23316.75,2025-07-31 17:42,TARGET_HIT,7,3.00
PCT_R0.22pct,2025-08-01,2025-07-31 19:30,DOWN,2025-07-31 22:49,LONG,23275.75,23265.75,23278.75,2025-07-31 22:50,STOP_HIT,2,-10.00
PCT_R0.22pct,2025-08-01,2025-08-01 07:29,UP,2025-08-01 08:28,SHORT,23021.75,23031.75,23018.75,2025-08-01 08:28,TARGET_HIT,1,3.00
PCT_R0.22pct,2025-08-01,2025-08-01 08:25,DOWN,2025-08-01 08:36,LONG,23013.00,23003.00,23016.00,2025-08-01 08:36,TARGET_HIT,1,3.00
PCT_R0.22pct,2025-08-04,2025-08-03 14:05,DOWN,2025-08-03 14:21,LONG,22859.00,22849.00,22862.00,2025-08-03 14:21,STOP_HIT,1,-10.00
PCT_R0.22pct,2025-08-04,2025-08-03 14:09,UP,2025-08-03 14:28,SHORT,22854.00,22864.00,22851.00,2025-08-03 14:30,STOP_HIT,3,-10.00
PCT_R0.22pct,2025-08-05,2025-08-04 16:15,UP,2025-08-04 16:46,SHORT,23344.50,23354.50,23341.50,2025-08-04 16:47,STOP_HIT,2,-10.00
PCT_R0.22pct,2025-08-05,2025-08-04 23:02,DOWN,2025-08-04 23:53,LONG,23335.50,23325.50,23338.50,2025-08-04 23:55,STOP_HIT,3,-10.00
PCT_R0.22pct,2025-08-05,2025-08-05 00:10,UP,2025-08-05 02:06,SHORT,23358.25,23368.25,23355.25,2025-08-05 02:06,STOP_HIT,1,-10.00
PCT_R0.22pct,2025-08-05,2025-08-05 04:16,DOWN,2025-08-05 05:19,LONG,23364.75,23354.75,23367.75,2025-08-05 05:20,STOP_HIT,2,-10.00
PCT_R0.22pct,2025-08-05,2025-08-05 05:36,UP,2025-08-05 05:46,SHORT,23379.50,23389.50,23376.50,2025-08-05 05:46,TARGET_HIT,1,3.00
PCT_R0.22pct,2025-08-05,2025-08-05 05:45,DOWN,2025-08-05 06:11,LONG,23346.25,23336.25,23349.25,2025-08-05 06:11,STOP_HIT,1,-10.00
PCT_R0.22pct,2025-08-06,2025-08-05 14:00,DOWN,2025-08-05 14:10,LONG,23058.25,23048.25,23061.25,2025-08-05 14:10,TARGET_HIT,1,3.00
PCT_R0.22pct,2025-08-06,2025-08-05 14:19,UP,2025-08-05 15:08,SHORT,23083.00,23093.00,23080.00,2025-08-05 15:15,STOP_HIT,8,-10.00
PCT_R0.22pct,2025-08-06,2025-08-06 00:04,DOWN,2025-08-06 02:39,LONG,23142.00,23132.00,23145.00,2025-08-06 02:40,STOP_HIT,2,-10.00
PCT_R0.22pct,2025-08-06,2025-08-06 02:48,UP,2025-08-06 03:04,SHORT,23163.75,23173.75,23160.75,2025-08-06 03:05,TARGET_HIT,2,3.00
PCT_R0.22pct,2025-08-06,2025-08-06 06:20,DOWN,2025-08-06 06:30,LONG,23200.00,23190.00,23203.00,2025-08-06 06:30,STOP_HIT,1,-10.00
PCT_R0.22pct,2025-08-06,2025-08-06 06:23,UP,2025-08-06 06:36,SHORT,23218.25,23228.25,23215.25,2025-08-06 06:36,STOP_HIT,1,-10.00
PCT_R0.22pct,2025-08-07,2025-08-06 14:00,DOWN,2025-08-06 14:10,LONG,23409.25,23399.25,23412.25,2025-08-06 14:10,TARGET_HIT,1,3.00
PCT_R0.22pct,2025-08-07,2025-08-06 14:00,UP,2025-08-06 14:16,SHORT,23423.25,23433.25,23420.25,2025-08-06 14:17,STOP_HIT,2,-10.00
PCT_R0.22pct,2025-08-07,2025-08-06 21:10,UP,2025-08-06 23:13,SHORT,23497.25,23507.25,23494.25,2025-08-06 23:15,STOP_HIT,3,-10.00
PCT_R0.22pct,2025-08-07,2025-08-07 11:55,UP,2025-08-07 12:06,SHORT,23500.25,23510.25,23497.25,2025-08-07 12:06,STOP_HIT,1,-10.00
PCT_R0.22pct,2025-08-08,2025-08-07 14:00,UP,2025-08-07 14:21,SHORT,23549.75,23559.75,23546.75,2025-08-07 14:21,TARGET_HIT,1,3.00
PCT_R0.22pct,2025-08-08,2025-08-07 16:35,DOWN,2025-08-07 21:56,LONG,23526.25,23516.25,23529.25,2025-08-07 21:56,STOP_HIT,1,-10.00
PCT_R0.22pct,2025-08-08,2025-08-07 21:55,UP,2025-08-08 01:26,SHORT,23569.00,23579.00,23566.00,2025-08-08 01:26,TARGET_HIT,1,3.00
PCT_R0.22pct,2025-08-08,2025-08-08 03:39,DOWN,2025-08-08 04:20,LONG,23531.25,23521.25,23534.25,2025-08-08 04:20,STOP_HIT,1,-10.00
PCT_R0.22pct,2025-08-08,2025-08-08 04:39,UP,2025-08-08 05:36,SHORT,23559.50,23569.50,23556.50,2025-08-08 05:36,STOP_HIT,1,-10.00
PCT_R0.22pct,2025-08-08,2025-08-08 07:40,UP,2025-08-08 07:51,SHORT,23655.75,23665.75,23652.75,2025-08-08 07:51,TARGET_HIT,1,3.00
PCT_R0.22pct,2025-08-11,2025-08-10 14:00,DOWN,2025-08-10 15:21,LONG,23720.50,23710.50,23723.50,2025-08-10 15:25,STOP_HIT,5,-10.00
PCT_R0.22pct,2025-08-11,2025-08-10 15:38,UP,2025-08-10 17:36,SHORT,23745.50,23755.50,23742.50,2025-08-10 17:39,STOP_HIT,4,-10.00
PCT_R0.22pct,2025-08-11,2025-08-10 19:15,DOWN,2025-08-10 23:40,LONG,23723.00,23713.00,23726.00,2025-08-10 23:40,TARGET_HIT,1,3.00
PCT_R0.22pct,2025-08-11,2025-08-11 05:30,UP,2025-08-11 05:59,SHORT,23741.00,23751.00,23738.00,2025-08-11 05:59,TARGET_HIT,1,3.00
PCT_R0.22pct,2025-08-11,2025-08-11 06:20,DOWN,2025-08-11 07:47,LONG,23726.50,23716.50,23729.50,2025-08-11 07:47,TARGET_HIT,1,3.00
PCT_R0.22pct,2025-08-11,2025-08-11 07:05,UP,2025-08-11 08:01,SHORT,23761.75,23771.75,23758.75,2025-08-11 08:05,STOP_HIT,5,-10.00
PCT_R0.22pct,2025-08-11,2025-08-11 08:10,DOWN,2025-08-11 10:01,LONG,23688.50,23678.50,23691.50,2025-08-11 10:01,TARGET_HIT,1,3.00
PCT_R0.22pct,2025-08-12,2025-08-11 14:26,UP,2025-08-11 16:29,SHORT,23659.25,23669.25,23656.25,2025-08-11 16:35,TARGET_HIT,7,3.00
PCT_R0.22pct,2025-08-12,2025-08-11 21:01,DOWN,2025-08-11 21:23,LONG,23638.50,23628.50,23641.50,2025-08-11 21:25,STOP_HIT,3,-10.00
PCT_R0.22pct,2025-08-12,2025-08-11 21:40,UP,2025-08-11 22:41,SHORT,23655.00,23665.00,23652.00,2025-08-11 22:41,TARGET_HIT,1,3.00
PCT_R0.22pct,2025-08-12,2025-08-11 23:05,DOWN,2025-08-12 03:05,LONG,23630.25,23620.25,23633.25,2025-08-12 03:05,STOP_HIT,1,-10.00
PCT_R0.22pct,2025-08-12,2025-08-12 03:10,UP,2025-08-12 04:24,SHORT,23654.00,23664.00,23651.00,2025-08-12 04:25,STOP_HIT,2,-10.00
PCT_R0.22pct,2025-08-13,2025-08-12 18:05,UP,2025-08-12 23:01,SHORT,23963.00,23973.00,23960.00,2025-08-12 23:01,TARGET_HIT,1,3.00
PCT_R0.22pct,2025-08-13,2025-08-13 05:35,DOWN,2025-08-13 06:31,LONG,23963.75,23953.75,23966.75,2025-08-13 06:31,STOP_HIT,1,-10.00
PCT_R0.22pct,2025-08-14,2025-08-13 15:39,DOWN,2025-08-13 21:45,LONG,23915.75,23905.75,23918.75,2025-08-13 21:45,STOP_HIT,1,-10.00
PCT_R0.22pct,2025-08-14,2025-08-13 21:49,UP,2025-08-14 03:45,SHORT,23943.00,23953.00,23940.00,2025-08-14 03:51,STOP_HIT,7,-10.00
PCT_R0.22pct,2025-08-14,2025-08-14 05:31,UP,2025-08-14 05:41,SHORT,23900.75,23910.75,23897.75,2025-08-14 05:41,STOP_HIT,1,-10.00
PCT_R0.22pct,2025-08-14,2025-08-14 07:55,DOWN,2025-08-14 08:11,LONG,23892.75,23882.75,23895.75,2025-08-14 08:11,STOP_HIT,1,-10.00
PCT_R0.22pct,2025-08-14,2025-08-14 08:10,UP,2025-08-14 09:35,SHORT,23966.00,23976.00,23963.00,2025-08-14 09:35,TARGET_HIT,1,3.00
PCT_R0.22pct,2025-08-14,2025-08-14 09:25,DOWN,2025-08-14 11:02,LONG,23927.75,23917.75,23930.75,2025-08-14 11:05,STOP_HIT,4,-10.00
PCT_R0.22pct,2025-08-14,2025-08-14 10:30,UP,2025-08-14 11:41,SHORT,23931.75,23941.75,23928.75,2025-08-14 11:41,STOP_HIT,1,-10.00
PCT_R0.22pct,2025-08-14,2025-08-14 11:50,DOWN,2025-08-14 12:03,LONG,23890.00,23880.00,23893.00,2025-08-14 12:05,TARGET_HIT,3,3.00
PCT_R0.22pct,2025-08-15,2025-08-14 14:00,UP,2025-08-14 18:13,SHORT,23922.25,23932.25,23919.25,2025-08-14 18:13,TARGET_HIT,1,3.00
PCT_R0.22pct,2025-08-15,2025-08-14 22:59,DOWN,2025-08-15 01:31,LONG,23889.25,23879.25,23892.25,2025-08-15 01:35,STOP_HIT,5,-10.00
PCT_R0.22pct,2025-08-15,2025-08-15 02:05,UP,2025-08-15 03:26,SHORT,23921.50,23931.50,23918.50,2025-08-15 03:26,TARGET_HIT,1,3.00
PCT_R0.22pct,2025-08-15,2025-08-15 03:45,DOWN,2025-08-15 05:31,LONG,23862.00,23852.00,23865.00,2025-08-15 05:31,STOP_HIT,1,-10.00
PCT_R0.22pct,2025-08-15,2025-08-15 10:00,DOWN,2025-08-15 10:56,LONG,23819.75,23809.75,23822.75,2025-08-15 10:57,STOP_HIT,2,-10.00
PCT_R0.22pct,2025-08-18,2025-08-17 14:00,UP,2025-08-17 14:15,SHORT,23842.50,23852.50,23839.50,2025-08-17 14:15,TARGET_HIT,1,3.00
PCT_R0.22pct,2025-08-18,2025-08-17 17:55,DOWN,2025-08-17 22:11,LONG,23838.25,23828.25,23841.25,2025-08-17 22:12,STOP_HIT,2,-10.00
PCT_R0.22pct,2025-08-18,2025-08-18 05:34,DOWN,2025-08-18 05:51,LONG,23772.50,23762.50,23775.50,2025-08-18 05:51,STOP_HIT,1,-10.00
PCT_R0.22pct,2025-08-18,2025-08-18 06:25,DOWN,2025-08-18 06:35,LONG,23779.25,23769.25,23782.25,2025-08-18 06:35,STOP_HIT,1,-10.00
PCT_R0.22pct,2025-08-18,2025-08-18 08:45,UP,2025-08-18 11:04,SHORT,23802.25,23812.25,23799.25,2025-08-18 11:04,TARGET_HIT,1,3.00
PCT_R0.22pct,2025-08-19,2025-08-18 14:05,DOWN,2025-08-18 16:26,LONG,23788.50,23778.50,23791.50,2025-08-18 16:30,STOP_HIT,5,-10.00
PCT_R0.22pct,2025-08-19,2025-08-18 21:20,UP,2025-08-19 02:31,SHORT,23774.00,23784.00,23771.00,2025-08-19 02:35,TARGET_HIT,5,3.00
PCT_R0.22pct,2025-08-19,2025-08-19 01:20,DOWN,2025-08-19 02:51,LONG,23760.75,23750.75,23763.75,2025-08-19 02:52,TARGET_HIT,2,3.00
PCT_R0.22pct,2025-08-20,2025-08-19 14:05,DOWN,2025-08-19 15:20,LONG,23445.50,23435.50,23448.50,2025-08-19 15:20,STOP_HIT,1,-10.00
PCT_R0.22pct,2025-08-20,2025-08-19 21:05,UP,2025-08-19 23:30,SHORT,23417.00,23427.00,23414.00,2025-08-19 23:30,TARGET_HIT,1,3.00
PCT_R0.22pct,2025-08-20,2025-08-20 07:55,UP,2025-08-20 08:20,SHORT,23262.75,23272.75,23259.75,2025-08-20 08:20,STOP_HIT,1,-10.00
PCT_R0.22pct,2025-08-20,2025-08-20 10:20,UP,2025-08-20 10:51,SHORT,23268.75,23278.75,23265.75,2025-08-20 10:51,STOP_HIT,1,-10.00
PCT_R0.22pct,2025-08-21,2025-08-20 14:05,DOWN,2025-08-20 16:21,LONG,23289.75,23279.75,23292.75,2025-08-20 16:23,STOP_HIT,3,-10.00
PCT_R0.22pct,2025-08-21,2025-08-20 17:07,UP,2025-08-20 17:59,SHORT,23350.25,23360.25,23347.25,2025-08-20 18:05,TARGET_HIT,7,3.00
PCT_R0.22pct,2025-08-21,2025-08-20 22:17,DOWN,2025-08-21 01:12,LONG,23305.25,23295.25,23308.25,2025-08-21 01:13,TARGET_HIT,2,3.00
PCT_R0.22pct,2025-08-21,2025-08-21 06:00,UP,2025-08-21 06:10,SHORT,23282.50,23292.50,23279.50,2025-08-21 06:10,TARGET_HIT,1,3.00
PCT_R0.22pct,2025-08-21,2025-08-21 06:41,UP,2025-08-21 06:58,SHORT,23301.25,23311.25,23298.25,2025-08-21 06:58,TARGET_HIT,1,3.00
PCT_R0.22pct,2025-08-21,2025-08-21 07:01,DOWN,2025-08-21 07:11,LONG,23254.25,23244.25,23257.25,2025-08-21 07:11,STOP_HIT,1,-10.00
PCT_R0.22pct,2025-08-21,2025-08-21 07:15,UP,2025-08-21 07:41,SHORT,23277.50,23287.50,23274.50,2025-08-21 07:41,STOP_HIT,1,-10.00
PCT_R0.22pct,2025-08-22,2025-08-21 15:46,DOWN,2025-08-21 16:14,LONG,23210.00,23200.00,23213.00,2025-08-21 16:14,STOP_HIT,1,-10.00
PCT_R0.22pct,2025-08-22,2025-08-21 22:43,UP,2025-08-22 02:07,SHORT,23262.00,23272.00,23259.00,2025-08-22 02:10,STOP_HIT,4,-10.00
PCT_R0.22pct,2025-08-22,2025-08-22 11:41,UP,2025-08-22 12:22,SHORT,23581.25,23591.25,23578.25,2025-08-22 12:25,TARGET_HIT,4,3.00
PCT_R0.22pct,2025-08-25,2025-08-24 14:00,DOWN,2025-08-24 14:10,LONG,23556.75,23546.75,23559.75,2025-08-24 14:10,TARGET_HIT,1,3.00
PCT_R0.22pct,2025-08-25,2025-08-24 14:24,UP,2025-08-24 16:06,SHORT,23588.00,23598.00,23585.00,2025-08-24 16:06,TARGET_HIT,1,3.00
PCT_R0.22pct,2025-08-25,2025-08-24 16:05,DOWN,2025-08-24 17:06,LONG,23548.50,23538.50,23551.50,2025-08-24 17:06,TARGET_HIT,1,3.00
PCT_R0.22pct,2025-08-25,2025-08-25 05:45,UP,2025-08-25 06:03,SHORT,23526.50,23536.50,23523.50,2025-08-25 06:03,TARGET_HIT,1,3.00
PCT_R0.22pct,2025-08-26,2025-08-25 14:23,DOWN,2025-08-25 16:04,LONG,23461.00,23451.00,23464.00,2025-08-25 16:04,TARGET_HIT,1,3.00
PCT_R0.22pct,2025-08-26,2025-08-25 16:47,UP,2025-08-25 21:07,SHORT,23466.50,23476.50,23463.50,2025-08-25 21:10,STOP_HIT,4,-10.00
PCT_R0.22pct,2025-08-26,2025-08-25 21:45,DOWN,2025-08-25 23:07,LONG,23432.25,23422.25,23435.25,2025-08-25 23:07,TARGET_HIT,1,3.00
PCT_R0.22pct,2025-08-26,2025-08-25 23:13,UP,2025-08-26 00:20,SHORT,23460.00,23470.00,23457.00,2025-08-26 00:20,TARGET_HIT,1,3.00
PCT_R0.22pct,2025-08-26,2025-08-26 02:39,DOWN,2025-08-26 04:19,LONG,23461.00,23451.00,23464.00,2025-08-26 04:19,TARGET_HIT,1,3.00
PCT_R0.22pct,2025-08-26,2025-08-26 04:15,UP,2025-08-26 05:32,SHORT,23496.25,23506.25,23493.25,2025-08-26 05:32,STOP_HIT,1,-10.00
PCT_R0.22pct,2025-08-26,2025-08-26 09:55,UP,2025-08-26 10:12,SHORT,23524.00,23534.00,23521.00,2025-08-26 10:12,TARGET_HIT,1,3.00
PCT_R0.22pct,2025-08-27,2025-08-26 17:54,DOWN,2025-08-26 23:27,LONG,23578.75,23568.75,23581.75,2025-08-26 23:29,TARGET_HIT,3,3.00
PCT_R0.22pct,2025-08-27,2025-08-27 00:49,UP,2025-08-27 04:18,SHORT,23620.25,23630.25,23617.25,2025-08-27 04:19,TARGET_HIT,2,3.00
PCT_R0.22pct,2025-08-27,2025-08-27 05:49,UP,2025-08-27 06:40,SHORT,23612.00,23622.00,23609.00,2025-08-27 06:40,TARGET_HIT,1,3.00
PCT_R0.22pct,2025-08-27,2025-08-27 07:56,DOWN,2025-08-27 08:30,LONG,23566.75,23556.75,23569.75,2025-08-27 08:31,TARGET_HIT,2,3.00
PCT_R0.22pct,2025-08-27,2025-08-27 08:37,UP,2025-08-27 08:56,SHORT,23603.75,23613.75,23600.75,2025-08-27 08:59,TARGET_HIT,4,3.00
PCT_R0.22pct,2025-08-27,2025-08-27 11:13,UP,2025-08-27 11:35,SHORT,23605.00,23615.00,23602.00,2025-08-27 11:38,STOP_HIT,4,-10.00
PCT_R0.22pct,2025-08-28,2025-08-27 14:00,DOWN,2025-08-27 14:10,LONG,23505.00,23495.00,23508.00,2025-08-27 14:10,TARGET_HIT,1,3.00
PCT_R0.22pct,2025-08-28,2025-08-27 16:26,UP,2025-08-27 17:43,SHORT,23538.75,23548.75,23535.75,2025-08-27 17:54,STOP_HIT,12,-10.00
PCT_R0.22pct,2025-08-28,2025-08-28 05:57,UP,2025-08-28 06:09,SHORT,23675.00,23685.00,23672.00,2025-08-28 06:09,TARGET_HIT,1,3.00
PCT_R0.22pct,2025-08-29,2025-08-28 14:00,DOWN,2025-08-28 23:37,LONG,23707.00,23697.00,23710.00,2025-08-28 23:37,TARGET_HIT,1,3.00
PCT_R0.22pct,2025-08-29,2025-08-29 04:30,DOWN,2025-08-29 05:36,LONG,23636.00,23626.00,23639.00,2025-08-29 05:36,TARGET_HIT,1,3.00
PCT_R0.22pct,2025-09-01,2025-08-31 14:01,UP,2025-08-31 14:42,SHORT,23516.75,23526.75,23513.75,2025-08-31 14:45,STOP_HIT,4,-10.00
PCT_R0.22pct,2025-09-01,2025-08-31 16:18,DOWN,2025-08-31 18:11,LONG,23495.00,23485.00,23498.00,2025-08-31 18:11,TARGET_HIT,1,3.00
PCT_R0.22pct,2025-09-01,2025-08-31 22:29,UP,2025-09-01 00:58,SHORT,23481.00,23491.00,23478.00,2025-09-01 00:59,STOP_HIT,2,-10.00
PCT_R0.22pct,2025-09-01,2025-09-01 00:36,DOWN,2025-09-01 05:37,LONG,23470.50,23460.50,23473.50,2025-09-01 05:37,TARGET_HIT,1,3.00
PCT_R0.22pct,2025-09-01,2025-09-01 05:31,UP,2025-09-01 05:54,SHORT,23492.25,23502.25,23489.25,2025-09-01 05:54,TARGET_HIT,1,3.00
PCT_R0.22pct,2025-09-02,2025-09-01 14:00,DOWN,2025-09-01 15:02,LONG,23458.50,23448.50,23461.50,2025-09-01 15:04,STOP_HIT,3,-10.00
PCT_R0.22pct,2025-09-02,2025-09-01 15:26,UP,2025-09-01 17:50,SHORT,23474.00,23484.00,23471.00,2025-09-01 17:50,TARGET_HIT,1,3.00
PCT_R0.22pct,2025-09-02,2025-09-01 17:09,DOWN,2025-09-01 18:09,LONG,23441.50,23431.50,23444.50,2025-09-01 18:10,TARGET_HIT,2,3.00
PCT_R0.22pct,2025-09-02,2025-09-02 06:29,DOWN,2025-09-02 06:48,LONG,23160.75,23150.75,23163.75,2025-09-02 06:48,STOP_HIT,1,-10.00
PCT_R0.22pct,2025-09-03,2025-09-02 14:00,DOWN,2025-09-02 14:59,LONG,23339.00,23329.00,23342.00,2025-09-02 15:00,TARGET_HIT,2,3.00
PCT_R0.22pct,2025-09-03,2025-09-02 19:40,UP,2025-09-02 22:29,SHORT,23355.25,23365.25,23352.25,2025-09-02 22:29,TARGET_HIT,1,3.00
PCT_R0.22pct,2025-09-03,2025-09-03 05:21,DOWN,2025-09-03 05:38,LONG,23380.75,23370.75,23383.75,2025-09-03 05:38,TARGET_HIT,1,3.00
PCT_R0.22pct,2025-09-03,2025-09-03 05:51,DOWN,2025-09-03 06:01,LONG,23414.75,23404.75,23417.75,2025-09-03 06:01,STOP_HIT,1,-10.00
PCT_R0.22pct,2025-09-03,2025-09-03 07:57,UP,2025-09-03 08:21,SHORT,23453.00,23463.00,23450.00,2025-09-03 08:21,STOP_HIT,1,-10.00
PCT_R0.22pct,2025-09-03,2025-09-03 08:21,DOWN,2025-09-03 08:44,LONG,23417.50,23407.50,23420.50,2025-09-03 08:44,TARGET_HIT,1,3.00
PCT_R0.22pct,2025-09-03,2025-09-03 08:54,UP,2025-09-03 09:12,SHORT,23452.00,23462.00,23449.00,2025-09-03 09:14,TARGET_HIT,3,3.00
PCT_R0.22pct,2025-09-03,2025-09-03 09:17,DOWN,2025-09-03 09:35,LONG,23410.25,23400.25,23413.25,2025-09-03 09:35,TARGET_HIT,1,3.00
PCT_R0.22pct,2025-09-04,2025-09-03 16:00,UP,2025-09-03 18:09,SHORT,23528.00,23538.00,23525.00,2025-09-03 18:09,TARGET_HIT,1,3.00
PCT_R0.22pct,2025-09-04,2025-09-03 18:08,DOWN,2025-09-03 19:10,LONG,23474.25,23464.25,23477.25,2025-09-03 19:10,TARGET_HIT,1,3.00
PCT_R0.22pct,2025-09-04,2025-09-03 23:00,UP,2025-09-03 23:37,SHORT,23505.00,23515.00,23502.00,2025-09-03 23:37,TARGET_HIT,1,3.00
PCT_R0.22pct,2025-09-04,2025-09-04 02:14,DOWN,2025-09-04 05:03,LONG,23475.00,23465.00,23478.00,2025-09-04 05:03,TARGET_HIT,1,3.00
PCT_R0.22pct,2025-09-04,2025-09-04 05:35,DOWN,2025-09-04 05:45,LONG,23487.25,23477.25,23490.25,2025-09-04 05:45,TARGET_HIT,1,3.00
PCT_R0.22pct,2025-09-04,2025-09-04 06:17,UP,2025-09-04 06:36,SHORT,23510.00,23520.00,23507.00,2025-09-04 06:36,TARGET_HIT,1,3.00
PCT_R0.22pct,2025-09-05,2025-09-04 14:35,UP,2025-09-04 20:09,SHORT,23743.25,23753.25,23740.25,2025-09-04 21:17,STOP_HIT,69,-10.00
PCT_R0.22pct,2025-09-05,2025-09-05 05:52,DOWN,2025-09-05 06:02,LONG,23816.00,23806.00,23819.00,2025-09-05 06:02,STOP_HIT,1,-10.00
PCT_R0.22pct,2025-09-05,2025-09-05 09:43,UP,2025-09-05 11:34,SHORT,23655.50,23665.50,23652.50,2025-09-05 11:34,STOP_HIT,1,-10.00
PCT_R0.22pct,2025-09-08,2025-09-07 14:05,UP,2025-09-07 14:31,SHORT,23703.75,23713.75,23700.75,2025-09-07 14:34,STOP_HIT,4,-10.00
PCT_R0.22pct,2025-09-08,2025-09-07 16:08,DOWN,2025-09-07 18:20,LONG,23739.50,23729.50,23742.50,2025-09-07 18:20,TARGET_HIT,1,3.00
PCT_R0.22pct,2025-09-08,2025-09-07 20:56,UP,2025-09-07 23:12,SHORT,23777.00,23787.00,23774.00,2025-09-07 23:13,TARGET_HIT,2,3.00
PCT_R0.22pct,2025-09-09,2025-09-08 17:25,UP,2025-09-08 22:57,SHORT,23850.25,23860.25,23847.25,2025-09-08 22:57,TARGET_HIT,1,3.00
PCT_R0.22pct,2025-09-09,2025-09-08 23:38,DOWN,2025-09-09 04:36,LONG,23849.75,23839.75,23852.75,2025-09-09 04:42,STOP_HIT,7,-10.00
PCT_R0.22pct,2025-09-09,2025-09-09 05:06,UP,2025-09-09 05:35,SHORT,23842.50,23852.50,23839.50,2025-09-09 05:35,TARGET_HIT,1,3.00
PCT_R0.22pct,2025-09-09,2025-09-09 05:30,DOWN,2025-09-09 05:55,LONG,23807.50,23797.50,23810.50,2025-09-09 05:55,TARGET_HIT,1,3.00
PCT_R0.22pct,2025-09-09,2025-09-09 06:43,UP,2025-09-09 11:23,SHORT,23854.75,23864.75,23851.75,2025-09-09 11:31,TARGET_HIT,9,3.00
PCT_R0.22pct,2025-09-10,2025-09-09 15:27,UP,2025-09-09 21:31,SHORT,23921.25,23931.25,23918.25,2025-09-09 21:32,TARGET_HIT,2,3.00
PCT_R0.22pct,2025-09-10,2025-09-09 23:14,DOWN,2025-09-10 01:03,LONG,23890.50,23880.50,23893.50,2025-09-10 01:05,TARGET_HIT,3,3.00
PCT_R0.22pct,2025-09-10,2025-09-10 04:35,DOWN,2025-09-10 05:54,LONG,23938.00,23928.00,23941.00,2025-09-10 05:54,STOP_HIT,1,-10.00
PCT_R0.22pct,2025-09-10,2025-09-10 05:51,UP,2025-09-10 06:07,SHORT,23969.75,23979.75,23966.75,2025-09-10 06:07,TARGET_HIT,1,3.00
PCT_R0.22pct,2025-09-10,2025-09-10 06:47,DOWN,2025-09-10 07:45,LONG,23955.00,23945.00,23958.00,2025-09-10 07:45,TARGET_HIT,1,3.00
PCT_R0.22pct,2025-09-11,2025-09-10 14:00,UP,2025-09-10 14:57,SHORT,23905.25,23915.25,23902.25,2025-09-10 14:58,TARGET_HIT,2,3.00
PCT_R0.22pct,2025-09-11,2025-09-11 04:31,DOWN,2025-09-11 04:41,LONG,23913.75,23903.75,23916.75,2025-09-11 04:41,TARGET_HIT,1,3.00
PCT_R0.22pct,2025-09-11,2025-09-11 04:34,UP,2025-09-11 04:47,SHORT,23936.25,23946.25,23933.25,2025-09-11 04:47,STOP_HIT,1,-10.00
PCT_R0.22pct,2025-09-12,2025-09-11 21:47,DOWN,2025-09-12 00:15,LONG,23985.00,23975.00,23988.00,2025-09-12 00:17,STOP_HIT,3,-10.00
PCT_R0.22pct,2025-09-12,2025-09-12 00:18,UP,2025-09-12 03:24,SHORT,24018.75,24028.75,24015.75,2025-09-12 03:39,STOP_HIT,16,-10.00
PCT_R0.22pct,2025-09-12,2025-09-12 05:30,DOWN,2025-09-12 05:44,LONG,24020.00,24010.00,24023.00,2025-09-12 05:44,TARGET_HIT,1,3.00
PCT_R0.22pct,2025-09-12,2025-09-12 05:38,UP,2025-09-12 06:04,SHORT,24048.50,24058.50,24045.50,2025-09-12 06:09,STOP_HIT,6,-10.00
PCT_R0.22pct,2025-09-15,2025-09-14 16:28,UP,2025-09-14 22:12,SHORT,24144.75,24154.75,24141.75,2025-09-14 22:13,TARGET_HIT,2,3.00
PCT_R0.22pct,2025-09-15,2025-09-14 23:36,DOWN,2025-09-15 00:05,LONG,24084.25,24074.25,24087.25,2025-09-15 00:05,TARGET_HIT,1,3.00
PCT_R0.22pct,2025-09-15,2025-09-15 00:04,UP,2025-09-15 04:26,SHORT,24164.75,24174.75,24161.75,2025-09-15 04:26,TARGET_HIT,1,3.00
PCT_R0.22pct,2025-09-16,2025-09-15 14:33,UP,2025-09-15 18:32,SHORT,24333.75,24343.75,24330.75,2025-09-15 18:41,TARGET_HIT,10,3.00
PCT_R0.22pct,2025-09-16,2025-09-16 00:50,DOWN,2025-09-16 05:23,LONG,24355.75,24345.75,24358.75,2025-09-16 05:23,TARGET_HIT,1,3.00
PCT_R0.22pct,2025-09-16,2025-09-16 08:04,UP,2025-09-16 11:58,SHORT,24303.25,24313.25,24300.25,2025-09-16 11:58,TARGET_HIT,1,3.00
PCT_R0.22pct,2025-09-17,2025-09-17 00:43,UP,2025-09-17 05:31,SHORT,24291.75,24301.75,24288.75,2025-09-17 05:31,TARGET_HIT,1,3.00
PCT_R0.22pct,2025-09-18,2025-09-17 14:00,UP,2025-09-17 14:43,SHORT,24301.75,24311.75,24298.75,2025-09-17 14:46,TARGET_HIT,4,3.00
PCT_R0.22pct,2025-09-18,2025-09-18 05:46,UP,2025-09-18 05:56,SHORT,24411.25,24421.25,24408.25,2025-09-18 05:56,TARGET_HIT,1,3.00
PCT_R0.22pct,2025-09-18,2025-09-18 09:07,DOWN,2025-09-18 12:34,LONG,24469.00,24459.00,24472.00,2025-09-18 12:36,TARGET_HIT,3,3.00
PCT_R0.22pct,2025-10-13,2025-10-12 14:06,UP,2025-10-12 14:32,SHORT,24946.50,24956.50,24943.50,2025-10-12 14:34,TARGET_HIT,2,3.00
PCT_R0.22pct,2025-10-13,2025-10-12 14:22,DOWN,2025-10-12 15:06,LONG,24918.00,24908.00,24921.00,2025-10-12 15:09,TARGET_HIT,2,3.00
PCT_R0.22pct,2025-10-13,2025-10-13 03:11,UP,2025-10-13 05:23,SHORT,25081.00,25091.00,25078.00,2025-10-13 05:29,TARGET_HIT,3,3.00
PCT_R0.22pct,2025-10-13,2025-10-13 05:04,DOWN,2025-10-13 05:41,LONG,25015.25,25005.25,25018.25,2025-10-13 05:41,STOP_HIT,1,-10.00
PCT_R0.22pct,2025-10-13,2025-10-13 05:36,UP,2025-10-13 05:51,SHORT,25095.00,25105.00,25092.00,2025-10-13 05:56,STOP_HIT,2,-10.00
PCT_R0.22pct,2025-10-14,2025-10-13 14:34,UP,2025-10-13 16:29,SHORT,25240.00,25250.00,25237.00,2025-10-13 16:33,STOP_HIT,2,-10.00
PCT_R0.22pct,2025-10-14,2025-10-13 16:33,DOWN,2025-10-13 19:58,LONG,25152.00,25142.00,25155.00,2025-10-13 20:03,STOP_HIT,2,-10.00
PCT_R0.22pct,2025-10-16,2025-10-15 14:16,DOWN,2025-10-15 17:04,LONG,25169.00,25159.00,25172.00,2025-10-15 17:05,TARGET_HIT,2,3.00
PCT_R0.22pct,2025-10-16,2025-10-15 16:32,UP,2025-10-15 21:37,SHORT,25194.00,25204.00,25191.00,2025-10-15 21:52,TARGET_HIT,4,3.00
PCT_R0.22pct,2025-10-17,2025-10-16 15:45,UP,2025-10-16 17:21,SHORT,25050.00,25060.00,25047.00,2025-10-16 17:54,TARGET_HIT,2,3.00
PCT_R0.22pct,2025-10-17,2025-10-17 00:20,UP,2025-10-17 03:08,SHORT,24808.00,24818.00,24805.00,2025-10-17 03:09,STOP_HIT,2,-10.00
PCT_R0.22pct,2025-10-30,2025-10-29 15:41,UP,2025-10-29 18:26,SHORT,26624.25,26634.25,26621.25,2025-10-29 19:12,STOP_HIT,2,-10.00
PCT_R0.22pct,2025-11-04,2025-11-03 13:00,DOWN,2025-11-03 16:01,LONG,26256.50,26246.50,26259.50,2025-11-03 16:24,STOP_HIT,3,-10.00
PCT_R0.22pct,2025-11-04,2025-11-04 00:05,UP,2025-11-04 01:49,SHORT,26038.25,26048.25,26035.25,2025-11-04 02:00,TARGET_HIT,5,3.00
PCT_R0.22pct,2025-11-04,2025-11-04 01:31,DOWN,2025-11-04 03:20,LONG,25994.75,25984.75,25997.75,2025-11-04 03:28,STOP_HIT,4,-10.00
PCT_R0.22pct,2025-11-04,2025-11-04 04:34,UP,2025-11-04 04:57,SHORT,26123.00,26133.00,26120.00,2025-11-04 04:57,TARGET_HIT,1,3.00
PCT_R0.22pct,2025-11-04,2025-11-04 05:26,DOWN,2025-11-04 06:20,LONG,26020.00,26010.00,26023.00,2025-11-04 06:26,STOP_HIT,2,-10.00
PCT_R0.22pct,2025-11-05,2025-11-04 13:04,DOWN,2025-11-04 14:09,LONG,25727.50,25717.50,25730.50,2025-11-04 14:09,TARGET_HIT,1,3.00
PCT_R0.22pct,2025-11-05,2025-11-04 16:29,UP,2025-11-04 17:03,SHORT,25700.00,25710.00,25697.00,2025-11-04 17:04,STOP_HIT,2,-10.00
PCT_R0.22pct,2025-11-05,2025-11-04 23:12,DOWN,2025-11-05 01:28,LONG,25712.00,25702.00,25715.00,2025-11-05 01:42,TARGET_HIT,2,3.00
PCT_R0.22pct,2025-11-06,2025-11-05 13:50,DOWN,2025-11-05 15:11,LONG,25919.00,25909.00,25922.00,2025-11-05 15:13,TARGET_HIT,3,3.00
PCT_R0.22pct,2025-11-06,2025-11-05 16:15,UP,2025-11-05 18:04,SHORT,25974.00,25984.00,25971.00,2025-11-05 18:20,STOP_HIT,2,-10.00
PCT_R0.22pct,2025-11-06,2025-11-05 18:32,DOWN,2025-11-05 21:26,LONG,25976.00,25966.00,25979.00,2025-11-05 21:27,STOP_HIT,2,-10.00
PCT_R0.22pct,2025-11-06,2025-11-06 03:24,DOWN,2025-11-06 04:34,LONG,25895.25,25885.25,25898.25,2025-11-06 04:35,STOP_HIT,2,-10.00
PCT_R0.22pct,2025-11-07,2025-11-06 17:02,DOWN,2025-11-06 18:03,LONG,25425.75,25415.75,25428.75,2025-11-06 18:09,TARGET_HIT,2,3.00
PCT_R0.22pct,2025-11-07,2025-11-06 22:12,DOWN,2025-11-07 00:25,LONG,25457.00,25447.00,25460.00,2025-11-07 00:41,TARGET_HIT,2,3.00
PCT_R0.22pct,2025-11-07,2025-11-07 08:53,UP,2025-11-07 09:53,SHORT,25323.50,25333.50,25320.50,2025-11-07 09:54,STOP_HIT,2,-10.00
PCT_R0.22pct,2025-11-10,2025-11-09 13:00,UP,2025-11-09 13:16,SHORT,25593.00,25603.00,25590.00,2025-11-09 13:19,TARGET_HIT,2,3.00
PCT_R0.22pct,2025-11-10,2025-11-09 13:01,DOWN,2025-11-09 13:29,LONG,25561.50,25551.50,25564.50,2025-11-09 13:32,TARGET_HIT,4,3.00
PCT_R0.22pct,2025-11-10,2025-11-09 14:06,UP,2025-11-09 15:19,SHORT,25635.00,25645.00,25632.00,2025-11-09 15:26,STOP_HIT,3,-10.00
PCT_R0.22pct,2025-11-10,2025-11-10 06:43,UP,2025-11-10 07:12,SHORT,25800.75,25810.75,25797.75,2025-11-10 07:14,TARGET_HIT,2,3.00
PCT_R0.22pct,2025-11-13,2025-11-12 13:04,DOWN,2025-11-12 14:09,LONG,25850.00,25840.00,25853.00,2025-11-12 14:39,STOP_HIT,2,-10.00
PCT_R0.22pct,2025-11-13,2025-11-12 13:52,UP,2025-11-12 15:08,SHORT,25951.50,25961.50,25948.50,2025-11-12 15:10,STOP_HIT,3,-10.00
PCT_R0.22pct,2025-11-13,2025-11-12 15:11,DOWN,2025-11-12 17:10,LONG,25907.75,25897.75,25910.75,2025-11-12 17:28,TARGET_HIT,2,3.00
PCT_R0.22pct,2025-11-13,2025-11-12 17:10,UP,2025-11-12 19:25,SHORT,25977.25,25987.25,25974.25,2025-11-12 21:32,STOP_HIT,4,-10.00
PCT_R0.22pct,2025-11-14,2025-11-13 16:40,DOWN,2025-11-13 18:06,LONG,25340.00,25330.00,25343.00,2025-11-13 18:14,TARGET_HIT,2,3.00
PCT_R0.22pct,2025-11-14,2025-11-14 04:36,UP,2025-11-14 05:00,SHORT,25188.00,25198.00,25185.00,2025-11-14 05:00,TARGET_HIT,1,3.00
PCT_R0.22pct,2025-11-17,2025-11-16 13:04,UP,2025-11-16 13:32,SHORT,25415.00,25425.00,25412.00,2025-11-16 13:48,STOP_HIT,2,-10.00
PCT_R0.22pct,2025-11-17,2025-11-16 22:56,DOWN,2025-11-17 00:23,LONG,25497.75,25487.75,25500.75,2025-11-17 00:24,TARGET_HIT,2,3.00
PCT_R0.22pct,2025-11-17,2025-11-17 04:31,UP,2025-11-17 04:43,SHORT,25450.00,25460.00,25447.00,2025-11-17 04:47,STOP_HIT,3,-10.00
PCT_R0.22pct,2025-11-17,2025-11-17 06:59,DOWN,2025-11-17 07:40,LONG,25360.75,25350.75,25363.75,2025-11-17 07:41,STOP_HIT,2,-10.00
PCT_R0.22pct,2025-11-18,2025-11-17 13:06,DOWN,2025-11-17 14:18,LONG,25140.50,25130.50,25143.50,2025-11-17 14:18,STOP_HIT,1,-10.00
PCT_R0.22pct,2025-11-18,2025-11-17 19:10,DOWN,2025-11-17 20:34,LONG,24947.50,24937.50,24950.50,2025-11-17 20:35,STOP_HIT,2,-10.00
PCT_R0.22pct,2025-11-18,2025-11-17 21:05,UP,2025-11-17 22:15,SHORT,25001.25,25011.25,24998.25,2025-11-17 22:17,TARGET_HIT,2,3.00
PCT_R0.22pct,2025-11-18,2025-11-18 02:19,DOWN,2025-11-18 02:59,LONG,24944.50,24934.50,24947.50,2025-11-18 03:01,TARGET_HIT,2,3.00
PCT_R0.22pct,2025-11-18,2025-11-18 10:30,DOWN,2025-11-18 10:58,LONG,24856.00,24846.00,24859.00,2025-11-18 10:59,STOP_HIT,2,-10.00
PCT_R0.22pct,2025-11-20,2025-11-19 13:00,UP,2025-11-19 13:10,SHORT,25059.75,25069.75,25056.75,2025-11-19 13:10,TARGET_HIT,1,3.00
PCT_R0.22pct,2025-11-20,2025-11-19 13:16,DOWN,2025-11-19 13:31,LONG,25044.75,25034.75,25047.75,2025-11-19 13:31,TARGET_HIT,1,3.00
PCT_R0.22pct,2025-11-20,2025-11-19 21:33,DOWN,2025-11-19 22:03,LONG,25143.25,25133.25,25146.25,2025-11-19 22:03,TARGET_HIT,1,3.00
PCT_R0.22pct,2025-11-20,2025-11-19 22:00,UP,2025-11-19 22:46,SHORT,25172.75,25182.75,25169.75,2025-11-19 22:47,STOP_HIT,2,-10.00
PCT_R0.22pct,2025-11-20,2025-11-19 22:47,DOWN,2025-11-19 23:01,LONG,25131.50,25121.50,25134.50,2025-11-19 23:01,TARGET_HIT,1,3.00
PCT_R0.22pct,2025-11-20,2025-11-20 02:05,UP,2025-11-20 03:10,SHORT,25165.00,25175.00,25162.00,2025-11-20 03:10,TARGET_HIT,1,3.00
PCT_R0.22pct,2025-11-20,2025-11-20 05:38,DOWN,2025-11-20 06:05,LONG,25098.50,25088.50,25101.50,2025-11-20 06:05,STOP_HIT,1,-10.00
PCT_R0.22pct,2025-11-21,2025-11-20 13:01,DOWN,2025-11-20 13:11,LONG,24028.25,24018.25,24031.25,2025-11-20 13:11,TARGET_HIT,1,3.00
PCT_R0.22pct,2025-11-21,2025-11-20 13:10,UP,2025-11-20 13:20,SHORT,24111.75,24121.75,24108.75,2025-11-20 13:22,TARGET_HIT,3,3.00
PCT_R0.22pct,2025-11-21,2025-11-20 17:36,DOWN,2025-11-20 18:40,LONG,24120.25,24110.25,24123.25,2025-11-20 18:40,TARGET_HIT,1,3.00
PCT_R0.22pct,2025-11-21,2025-11-20 18:41,UP,2025-11-20 19:25,SHORT,24187.00,24197.00,24184.00,2025-11-20 19:25,TARGET_HIT,1,3.00
PCT_R0.22pct,2025-11-21,2025-11-20 19:14,DOWN,2025-11-20 19:45,LONG,24149.25,24139.25,24152.25,2025-11-20 19:46,TARGET_HIT,2,3.00
PCT_R0.22pct,2025-11-21,2025-11-20 20:16,DOWN,2025-11-20 20:31,LONG,24134.50,24124.50,24137.50,2025-11-20 20:31,TARGET_HIT,1,3.00
PCT_R0.22pct,2025-11-21,2025-11-20 20:30,UP,2025-11-20 20:51,SHORT,24178.00,24188.00,24175.00,2025-11-20 20:51,STOP_HIT,1,-10.00
PCT_R0.22pct,2025-11-21,2025-11-20 20:52,DOWN,2025-11-20 21:35,LONG,24145.00,24135.00,24148.00,2025-11-20 21:35,TARGET_HIT,1,3.00
PCT_R0.22pct,2025-11-21,2025-11-20 22:08,DOWN,2025-11-20 22:22,LONG,24118.00,24108.00,24121.00,2025-11-20 22:22,TARGET_HIT,1,3.00
PCT_R0.22pct,2025-11-21,2025-11-20 22:37,UP,2025-11-20 22:49,SHORT,24170.25,24180.25,24167.25,2025-11-20 22:49,STOP_HIT,1,-10.00
PCT_R0.22pct,2025-11-21,2025-11-20 23:00,DOWN,2025-11-20 23:32,LONG,24125.25,24115.25,24128.25,2025-11-20 23:32,TARGET_HIT,1,3.00
PCT_R0.22pct,2025-11-24,2025-11-23 13:01,DOWN,2025-11-23 13:11,LONG,24515.00,24505.00,24518.00,2025-11-23 13:12,TARGET_HIT,2,3.00
PCT_R0.22pct,2025-11-24,2025-11-23 15:02,UP,2025-11-23 15:31,SHORT,24471.25,24481.25,24468.25,2025-11-23 15:31,TARGET_HIT,1,3.00
PCT_R0.22pct,2025-11-24,2025-11-23 15:28,DOWN,2025-11-23 15:44,LONG,24431.25,24421.25,24434.25,2025-11-23 15:44,TARGET_HIT,1,3.00
PCT_R0.22pct,2025-11-24,2025-11-23 15:43,UP,2025-11-23 16:22,SHORT,24480.25,24490.25,24477.25,2025-11-23 16:25,STOP_HIT,4,-10.00
PCT_R0.22pct,2025-11-24,2025-11-23 17:22,DOWN,2025-11-23 18:39,LONG,24463.50,24453.50,24466.50,2025-11-23 18:39,TARGET_HIT,1,3.00
PCT_R0.22pct,2025-11-24,2025-11-23 18:26,UP,2025-11-23 19:14,SHORT,24501.50,24511.50,24498.50,2025-11-23 19:14,TARGET_HIT,1,3.00
PCT_R0.22pct,2025-11-24,2025-11-23 21:03,UP,2025-11-23 21:45,SHORT,24509.00,24519.00,24506.00,2025-11-23 21:47,STOP_HIT,3,-10.00
PCT_R0.22pct,2025-11-24,2025-11-23 21:49,DOWN,2025-11-23 22:10,LONG,24466.50,24456.50,24469.50,2025-11-23 22:10,TARGET_HIT,1,3.00
PCT_R0.22pct,2025-11-24,2025-11-23 22:06,UP,2025-11-23 22:16,SHORT,24513.50,24523.50,24510.50,2025-11-23 22:17,STOP_HIT,2,-10.00
PCT_R0.22pct,2025-11-24,2025-11-23 22:58,DOWN,2025-11-23 23:27,LONG,24383.25,24373.25,24386.25,2025-11-23 23:27,STOP_HIT,1,-10.00
PCT_R0.22pct,2025-11-24,2025-11-24 00:35,UP,2025-11-24 03:33,SHORT,24552.25,24562.25,24549.25,2025-11-24 03:33,TARGET_HIT,1,3.00
PCT_R0.22pct,2025-11-25,2025-11-24 13:47,DOWN,2025-11-24 15:33,LONG,24938.75,24928.75,24941.75,2025-11-24 15:33,TARGET_HIT,1,3.00
PCT_R0.22pct,2025-11-25,2025-11-25 02:44,DOWN,2025-11-25 02:56,LONG,24915.00,24905.00,24918.00,2025-11-25 02:56,STOP_HIT,1,-10.00
PCT_R0.22pct,2025-11-25,2025-11-25 02:50,UP,2025-11-25 03:25,SHORT,24943.50,24953.50,24940.50,2025-11-25 03:25,TARGET_HIT,1,3.00
PCT_R0.22pct,2025-11-25,2025-11-25 05:32,DOWN,2025-11-25 05:42,LONG,24796.50,24786.50,24799.50,2025-11-25 05:42,TARGET_HIT,1,3.00
PCT_R0.22pct,2025-11-25,2025-11-25 05:36,UP,2025-11-25 05:46,SHORT,24868.25,24878.25,24865.25,2025-11-25 05:46,TARGET_HIT,1,3.00
PCT_R0.22pct,2025-11-25,2025-11-25 05:46,DOWN,2025-11-25 05:56,LONG,24790.50,24780.50,24793.50,2025-11-25 05:56,STOP_HIT,1,-10.00
PCT_R0.22pct,2025-11-25,2025-11-25 05:58,DOWN,2025-11-25 06:08,LONG,24814.25,24804.25,24817.25,2025-11-25 06:08,STOP_HIT,1,-10.00
PCT_R0.22pct,2025-11-26,2025-11-25 13:55,UP,2025-11-25 18:26,SHORT,25174.00,25184.00,25171.00,2025-11-25 18:26,TARGET_HIT,1,3.00
PCT_R0.22pct,2025-11-26,2025-11-25 23:27,UP,2025-11-26 00:42,SHORT,25193.50,25203.50,25190.50,2025-11-26 00:43,TARGET_HIT,2,3.00
PCT_R0.22pct,2025-11-26,2025-11-26 01:25,DOWN,2025-11-26 02:04,LONG,25156.50,25146.50,25159.50,2025-11-26 02:04,STOP_HIT,1,-10.00
PCT_R0.22pct,2025-11-26,2025-11-26 02:16,UP,2025-11-26 03:11,SHORT,25184.00,25194.00,25181.00,2025-11-26 03:11,TARGET_HIT,1,3.00
PCT_R0.22pct,2025-11-26,2025-11-26 05:09,DOWN,2025-11-26 05:19,LONG,25190.75,25180.75,25193.75,2025-11-26 05:19,STOP_HIT,1,-10.00
PCT_R0.22pct,2025-11-26,2025-11-26 05:25,UP,2025-11-26 05:35,SHORT,25221.25,25231.25,25218.25,2025-11-26 05:35,STOP_HIT,1,-10.00
PCT_R0.22pct,2025-11-28,2025-11-27 13:00,UP,2025-11-27 15:11,SHORT,25358.00,25368.00,25355.00,2025-11-27 15:11,TARGET_HIT,1,3.00
PCT_R0.22pct,2025-11-28,2025-11-28 04:37,DOWN,2025-11-28 04:47,LONG,25367.75,25357.75,25370.75,2025-11-28 04:47,TARGET_HIT,1,3.00
PCT_R0.22pct,2025-11-28,2025-11-28 04:41,UP,2025-11-28 04:51,SHORT,25393.75,25403.75,25390.75,2025-11-28 04:51,TARGET_HIT,1,3.00
PCT_R0.22pct,2025-12-01,2025-11-30 13:00,UP,2025-11-30 13:10,SHORT,25498.50,25508.50,25495.50,2025-11-30 13:10,TARGET_HIT,1,3.00
PCT_R0.22pct,2025-12-01,2025-11-30 22:23,DOWN,2025-11-30 23:59,LONG,25284.50,25274.50,25287.50,2025-12-01 00:00,TARGET_HIT,2,3.00
PCT_R0.22pct,2025-12-01,2025-11-30 23:57,UP,2025-12-01 00:45,SHORT,25328.75,25338.75,25325.75,2025-12-01 00:45,TARGET_HIT,1,3.00
PCT_R0.22pct,2025-12-02,2025-12-01 13:10,UP,2025-12-01 15:07,SHORT,25442.00,25452.00,25439.00,2025-12-01 15:07,TARGET_HIT,1,3.00
PCT_R0.22pct,2025-12-02,2025-12-01 15:17,DOWN,2025-12-01 16:17,LONG,25404.25,25394.25,25407.25,2025-12-01 16:17,TARGET_HIT,1,3.00
PCT_R0.22pct,2025-12-02,2025-12-01 22:10,UP,2025-12-01 23:02,SHORT,25423.50,25433.50,25420.50,2025-12-01 23:03,TARGET_HIT,2,3.00
PCT_R0.22pct,2025-12-02,2025-12-02 05:34,UP,2025-12-02 05:44,SHORT,25626.00,25636.00,25623.00,2025-12-02 05:44,TARGET_HIT,1,3.00
PCT_R0.22pct,2025-12-02,2025-12-02 05:51,DOWN,2025-12-02 06:28,LONG,25465.00,25455.00,25468.00,2025-12-02 06:28,STOP_HIT,1,-10.00
PCT_R0.22pct,2025-12-02,2025-12-02 08:00,UP,2025-12-02 08:12,SHORT,25545.75,25555.75,25542.75,2025-12-02 08:12,STOP_HIT,1,-10.00
PCT_R0.22pct,2025-12-03,2025-12-02 14:28,UP,2025-12-02 15:03,SHORT,25636.00,25646.00,25633.00,2025-12-02 15:03,TARGET_HIT,1,3.00
PCT_R0.22pct,2025-12-03,2025-12-02 19:15,DOWN,2025-12-02 23:51,LONG,25629.25,25619.25,25632.25,2025-12-02 23:52,TARGET_HIT,2,3.00
PCT_R0.22pct,2025-12-03,2025-12-03 00:50,UP,2025-12-03 02:39,SHORT,25660.75,25670.75,25657.75,2025-12-03 02:39,TARGET_HIT,1,3.00
PCT_R0.22pct,2025-12-03,2025-12-03 03:15,DOWN,2025-12-03 04:04,LONG,25557.50,25547.50,25560.50,2025-12-03 04:04,STOP_HIT,1,-10.00
PCT_R0.22pct,2025-12-03,2025-12-03 04:53,UP,2025-12-03 05:07,SHORT,25531.00,25541.00,25528.00,2025-12-03 05:07,STOP_HIT,1,-10.00
PCT_R0.22pct,2025-12-03,2025-12-03 05:05,DOWN,2025-12-03 05:15,LONG,25516.00,25506.00,25519.00,2025-12-03 05:15,TARGET_HIT,1,3.00
PCT_R0.22pct,2025-12-03,2025-12-03 05:12,UP,2025-12-03 05:22,SHORT,25521.00,25531.00,25518.00,2025-12-03 05:22,TARGET_HIT,1,3.00
PCT_R0.22pct,2025-12-04,2025-12-03 17:35,UP,2025-12-03 21:08,SHORT,25663.75,25673.75,25660.75,2025-12-03 21:09,TARGET_HIT,2,3.00
PCT_R0.22pct,2025-12-04,2025-12-03 21:07,DOWN,2025-12-03 22:28,LONG,25606.50,25596.50,25609.50,2025-12-03 22:28,TARGET_HIT,1,3.00
PCT_R0.22pct,2025-12-04,2025-12-03 22:27,UP,2025-12-03 23:32,SHORT,25665.75,25675.75,25662.75,2025-12-03 23:33,TARGET_HIT,2,3.00
PCT_R0.22pct,2025-12-04,2025-12-03 23:41,DOWN,2025-12-04 03:52,LONG,25627.00,25617.00,25630.00,2025-12-04 03:53,TARGET_HIT,2,3.00
PCT_R0.22pct,2025-12-04,2025-12-04 03:52,UP,2025-12-04 04:05,SHORT,25668.25,25678.25,25665.25,2025-12-04 04:06,STOP_HIT,2,-10.00
PCT_R0.22pct,2025-12-04,2025-12-04 08:07,UP,2025-12-04 08:33,SHORT,25630.25,25640.25,25627.25,2025-12-04 08:33,TARGET_HIT,1,3.00
PCT_R0.22pct,2025-12-04,2025-12-04 08:32,DOWN,2025-12-04 09:17,LONG,25578.50,25568.50,25581.50,2025-12-04 09:17,TARGET_HIT,1,3.00
PCT_R0.22pct,2025-12-04,2025-12-04 10:07,UP,2025-12-04 11:17,SHORT,25632.75,25642.75,25629.75,2025-12-04 11:39,TARGET_HIT,23,3.00
PCT_R0.22pct,2025-12-05,2025-12-04 13:46,UP,2025-12-04 15:04,SHORT,25668.00,25678.00,25665.00,2025-12-04 15:04,TARGET_HIT,1,3.00
PCT_R0.22pct,2025-12-05,2025-12-04 22:21,DOWN,2025-12-05 03:30,LONG,25686.00,25676.00,25689.00,2025-12-05 03:30,TARGET_HIT,1,3.00
PCT_R0.22pct,2025-12-05,2025-12-05 04:41,UP,2025-12-05 04:51,SHORT,25749.75,25759.75,25746.75,2025-12-05 04:51,STOP_HIT,1,-10.00
PCT_R0.22pct,2025-12-05,2025-12-05 06:58,DOWN,2025-12-05 07:08,LONG,25714.25,25704.25,25717.25,2025-12-05 07:08,TARGET_HIT,1,3.00
PCT_R0.22pct,2025-12-05,2025-12-05 07:37,UP,2025-12-05 08:10,SHORT,25738.25,25748.25,25735.25,2025-12-05 08:10,TARGET_HIT,1,3.00
PCT_R0.22pct,2025-12-05,2025-12-05 08:34,DOWN,2025-12-05 10:48,LONG,25694.25,25684.25,25697.25,2025-12-05 10:50,STOP_HIT,3,-10.00
PCT_R0.22pct,2025-12-05,2025-12-05 10:51,UP,2025-12-05 11:01,SHORT,25735.75,25745.75,25732.75,2025-12-05 11:02,TARGET_HIT,2,3.00
PCT_R0.22pct,2025-12-08,2025-12-07 13:00,DOWN,2025-12-07 14:02,LONG,25723.00,25713.00,25726.00,2025-12-07 14:03,STOP_HIT,2,-10.00
PCT_R0.22pct,2025-12-08,2025-12-07 14:11,UP,2025-12-07 15:05,SHORT,25751.75,25761.75,25748.75,2025-12-07 15:07,STOP_HIT,3,-10.00
PCT_R0.22pct,2025-12-08,2025-12-07 21:40,DOWN,2025-12-08 00:29,LONG,25781.75,25771.75,25784.75,2025-12-08 00:29,TARGET_HIT,1,3.00
PCT_R0.22pct,2025-12-08,2025-12-08 00:05,UP,2025-12-08 03:21,SHORT,25829.75,25839.75,25826.75,2025-12-08 03:22,TARGET_HIT,2,3.00
PCT_R0.22pct,2025-12-09,2025-12-09 04:48,UP,2025-12-09 05:13,SHORT,25640.25,25650.25,25637.25,2025-12-09 05:13,TARGET_HIT,1,3.00
PCT_R0.22pct,2025-12-10,2025-12-09 15:10,UP,2025-12-09 18:33,SHORT,25692.00,25702.00,25689.00,2025-12-09 18:37,STOP_HIT,5,-10.00
PCT_R0.22pct,2025-12-10,2025-12-10 02:40,UP,2025-12-10 03:28,SHORT,25707.00,25717.00,25704.00,2025-12-10 03:29,TARGET_HIT,2,3.00
PCT_R0.22pct,2025-12-10,2025-12-10 03:30,DOWN,2025-12-10 04:02,LONG,25664.50,25654.50,25667.50,2025-12-10 04:05,STOP_HIT,4,-10.00
PCT_R0.22pct,2025-12-10,2025-12-10 06:03,UP,2025-12-10 06:53,SHORT,25647.75,25657.75,25644.75,2025-12-10 06:53,TARGET_HIT,1,3.00
PCT_R0.22pct,2025-12-10,2025-12-10 07:56,DOWN,2025-12-10 08:37,LONG,25629.25,25619.25,25632.25,2025-12-10 08:37,STOP_HIT,1,-10.00
PCT_R0.22pct,2025-12-11,2025-12-10 13:01,DOWN,2025-12-10 13:15,LONG,25746.00,25736.00,25749.00,2025-12-10 13:16,STOP_HIT,2,-10.00
PCT_R0.22pct,2025-12-11,2025-12-10 22:35,UP,2025-12-10 22:58,SHORT,25521.75,25531.75,25518.75,2025-12-10 22:58,STOP_HIT,1,-10.00
PCT_R0.22pct,2025-12-11,2025-12-11 05:28,DOWN,2025-12-11 05:50,LONG,25494.00,25484.00,25497.00,2025-12-11 05:50,STOP_HIT,1,-10.00
PCT_R0.22pct,2025-12-11,2025-12-11 06:29,UP,2025-12-11 06:50,SHORT,25549.25,25559.25,25546.25,2025-12-11 06:50,TARGET_HIT,1,3.00
PCT_R0.22pct,2025-12-11,2025-12-11 06:57,UP,2025-12-11 07:24,SHORT,25616.75,25626.75,25613.75,2025-12-11 07:25,STOP_HIT,2,-10.00
PCT_R0.22pct,2025-12-12,2025-12-11 13:01,DOWN,2025-12-11 13:11,LONG,25684.75,25674.75,25687.75,2025-12-11 13:11,TARGET_HIT,1,3.00
PCT_R0.22pct,2025-12-12,2025-12-11 14:11,UP,2025-12-11 16:09,SHORT,25694.75,25704.75,25691.75,2025-12-11 16:10,TARGET_HIT,2,3.00
PCT_R0.22pct,2025-12-12,2025-12-11 20:29,DOWN,2025-12-11 23:09,LONG,25628.00,25618.00,25631.00,2025-12-11 23:10,STOP_HIT,2,-10.00
PCT_R0.22pct,2025-12-15,2025-12-14 13:00,DOWN,2025-12-14 13:10,LONG,25398.50,25388.50,25401.50,2025-12-14 13:10,TARGET_HIT,1,3.00
PCT_R0.22pct,2025-12-15,2025-12-14 13:08,UP,2025-12-14 13:43,SHORT,25436.50,25446.50,25433.50,2025-12-14 13:45,TARGET_HIT,3,3.00
PCT_R0.22pct,2025-12-15,2025-12-15 04:30,DOWN,2025-12-15 04:47,LONG,25532.75,25522.75,25535.75,2025-12-15 04:47,TARGET_HIT,1,3.00
PCT_R0.22pct,2025-12-16,2025-12-15 13:05,DOWN,2025-12-15 13:35,LONG,25317.75,25307.75,25320.75,2025-12-15 13:35,STOP_HIT,1,-10.00
PCT_R0.22pct,2025-12-16,2025-12-15 21:44,UP,2025-12-15 22:26,SHORT,25173.75,25183.75,25170.75,2025-12-15 22:26,TARGET_HIT,1,3.00
PCT_R0.22pct,2025-12-16,2025-12-16 05:08,DOWN,2025-12-16 05:27,LONG,25187.25,25177.25,25190.25,2025-12-16 05:27,TARGET_HIT,1,3.00
PCT_R0.22pct,2025-12-16,2025-12-16 06:00,DOWN,2025-12-16 06:21,LONG,25235.50,25225.50,25238.50,2025-12-16 06:21,TARGET_HIT,1,3.00
PCT_R0.22pct,2025-12-16,2025-12-16 06:38,UP,2025-12-16 06:54,SHORT,25295.75,25305.75,25292.75,2025-12-16 06:54,TARGET_HIT,1,3.00
PCT_R0.22pct,2025-12-16,2025-12-16 08:51,DOWN,2025-12-16 09:16,LONG,25243.75,25233.75,25246.75,2025-12-16 09:16,TARGET_HIT,1,3.00
PCT_R0.22pct,2025-12-16,2025-12-16 09:20,UP,2025-12-16 09:34,SHORT,25294.25,25304.25,25291.25,2025-12-16 09:35,STOP_HIT,2,-10.00
PCT_R0.22pct,2025-12-17,2025-12-16 13:00,DOWN,2025-12-16 13:10,LONG,25318.25,25308.25,25321.25,2025-12-16 13:10,TARGET_HIT,1,3.00
PCT_R0.22pct,2025-12-17,2025-12-16 13:07,UP,2025-12-16 13:34,SHORT,25348.75,25358.75,25345.75,2025-12-16 13:36,STOP_HIT,3,-10.00
PCT_R0.22pct,2025-12-17,2025-12-16 13:44,DOWN,2025-12-16 14:01,LONG,25302.00,25292.00,25305.00,2025-12-16 14:02,STOP_HIT,2,-10.00
PCT_R0.22pct,2025-12-17,2025-12-16 14:08,UP,2025-12-16 15:17,SHORT,25328.00,25338.00,25325.00,2025-12-16 15:17,TARGET_HIT,1,3.00
PCT_R0.22pct,2025-12-17,2025-12-16 17:16,DOWN,2025-12-16 19:11,LONG,25326.50,25316.50,25329.50,2025-12-16 19:11,TARGET_HIT,1,3.00
PCT_R0.22pct,2025-12-17,2025-12-16 19:02,UP,2025-12-16 20:03,SHORT,25359.50,25369.50,25356.50,2025-12-16 20:03,STOP_HIT,1,-10.00
PCT_R0.22pct,2025-12-17,2025-12-17 03:58,DOWN,2025-12-17 04:37,LONG,25346.75,25336.75,25349.75,2025-12-17 04:37,TARGET_HIT,1,3.00
PCT_R0.22pct,2025-12-18,2025-12-17 13:00,DOWN,2025-12-17 13:26,LONG,24934.25,24924.25,24937.25,2025-12-17 13:26,TARGET_HIT,1,3.00
PCT_R0.22pct,2025-12-18,2025-12-17 14:06,UP,2025-12-17 14:21,SHORT,24958.25,24968.25,24955.25,2025-12-17 14:21,TARGET_HIT,1,3.00
PCT_R0.22pct,2025-12-18,2025-12-17 16:18,DOWN,2025-12-17 17:10,LONG,24944.75,24934.75,24947.75,2025-12-17 17:10,TARGET_HIT,1,3.00
PCT_R0.22pct,2025-12-18,2025-12-17 17:18,UP,2025-12-17 19:46,SHORT,24978.25,24988.25,24975.25,2025-12-17 19:49,TARGET_HIT,4,3.00
PCT_R0.22pct,2025-12-18,2025-12-18 05:14,UP,2025-12-18 05:26,SHORT,25289.75,25299.75,25286.75,2025-12-18 05:26,STOP_HIT,1,-10.00
PCT_R0.22pct,2025-12-18,2025-12-18 06:54,DOWN,2025-12-18 07:19,LONG,25217.25,25207.25,25220.25,2025-12-18 07:19,STOP_HIT,1,-10.00
PCT_R0.22pct,2025-12-18,2025-12-18 07:26,UP,2025-12-18 07:42,SHORT,25330.00,25340.00,25327.00,2025-12-18 07:42,TARGET_HIT,1,3.00
PCT_R0.22pct,2025-12-18,2025-12-18 09:10,DOWN,2025-12-18 09:36,LONG,25253.00,25243.00,25256.00,2025-12-18 09:36,STOP_HIT,1,-10.00
PCT_R0.22pct,2025-12-18,2025-12-18 10:00,UP,2025-12-18 10:18,SHORT,25283.00,25293.00,25280.00,2025-12-18 10:18,TARGET_HIT,1,3.00
PCT_R0.22pct,2025-12-18,2025-12-18 10:50,DOWN,2025-12-18 11:00,LONG,25252.00,25242.00,25255.00,2025-12-18 11:00,TARGET_HIT,1,3.00
PCT_R0.22pct,2025-12-19,2025-12-18 13:09,UP,2025-12-18 14:04,SHORT,25261.00,25271.00,25258.00,2025-12-18 14:04,TARGET_HIT,1,3.00
PCT_R0.22pct,2025-12-19,2025-12-19 03:03,UP,2025-12-19 03:38,SHORT,25330.75,25340.75,25327.75,2025-12-19 03:38,TARGET_HIT,1,3.00
PCT_R0.22pct,2025-12-22,2025-12-21 13:15,UP,2025-12-21 15:06,SHORT,25686.00,25696.00,25683.00,2025-12-21 15:06,TARGET_HIT,1,3.00
PCT_R0.22pct,2025-12-22,2025-12-22 04:31,DOWN,2025-12-22 04:41,LONG,25700.25,25690.25,25703.25,2025-12-22 04:41,STOP_HIT,1,-10.00
PCT_R0.22pct,2025-12-22,2025-12-22 04:42,UP,2025-12-22 04:52,SHORT,25735.00,25745.00,25732.00,2025-12-22 04:52,TARGET_HIT,1,3.00
PCT_R0.22pct,2025-12-22,2025-12-22 04:55,DOWN,2025-12-22 05:16,LONG,25687.25,25677.25,25690.25,2025-12-22 05:16,TARGET_HIT,1,3.00
PCT_R0.22pct,2025-12-22,2025-12-22 05:36,UP,2025-12-22 07:10,SHORT,25697.50,25707.50,25694.50,2025-12-22 07:17,STOP_HIT,8,-10.00
PCT_R0.22pct,2025-12-23,2025-12-22 16:17,DOWN,2025-12-22 19:08,LONG,25681.75,25671.75,25684.75,2025-12-22 19:08,TARGET_HIT,1,3.00
PCT_R0.22pct,2025-12-23,2025-12-22 23:42,DOWN,2025-12-23 02:22,LONG,25671.50,25661.50,25674.50,2025-12-23 02:31,STOP_HIT,10,-10.00
PCT_R0.22pct,2025-12-23,2025-12-23 03:39,UP,2025-12-23 04:38,SHORT,25721.00,25731.00,25718.00,2025-12-23 04:38,TARGET_HIT,1,3.00
PCT_R0.22pct,2025-12-23,2025-12-23 04:49,DOWN,2025-12-23 05:01,LONG,25683.00,25673.00,25686.00,2025-12-23 05:01,STOP_HIT,1,-10.00
PCT_R0.22pct,2025-12-23,2025-12-23 05:03,UP,2025-12-23 06:31,SHORT,25739.75,25749.75,25736.75,2025-12-23 06:36,TARGET_HIT,6,3.00
PCT_R0.22pct,2025-12-24,2025-12-23 19:00,UP,2025-12-24 05:16,SHORT,25834.50,25844.50,25831.50,2025-12-24 05:18,TARGET_HIT,3,3.00
PCT_R0.22pct,2025-12-26,2025-12-25 15:01,DOWN,2025-12-25 21:19,LONG,25856.25,25846.25,25859.25,2025-12-25 21:25,TARGET_HIT,7,3.00
PCT_R0.22pct,2025-12-26,2025-12-25 22:35,UP,2025-12-26 03:21,SHORT,25900.00,25910.00,25897.00,2025-12-26 03:22,TARGET_HIT,2,3.00
PCT_R0.22pct,2025-12-26,2025-12-26 04:45,DOWN,2025-12-26 04:55,LONG,25886.00,25876.00,25889.00,2025-12-26 04:55,TARGET_HIT,1,3.00
PCT_R0.22pct,2025-12-26,2025-12-26 05:16,UP,2025-12-26 05:40,SHORT,25884.50,25894.50,25881.50,2025-12-26 05:40,TARGET_HIT,1,3.00
PCT_R0.22pct,2025-12-26,2025-12-26 06:02,DOWN,2025-12-26 07:17,LONG,25859.75,25849.75,25862.75,2025-12-26 07:17,STOP_HIT,1,-10.00
PCT_R0.22pct,2025-12-29,2025-12-28 14:59,DOWN,2025-12-28 15:42,LONG,25842.50,25832.50,25845.50,2025-12-28 15:45,TARGET_HIT,4,3.00
PCT_R0.22pct,2025-12-29,2025-12-29 04:37,DOWN,2025-12-29 04:59,LONG,25716.25,25706.25,25719.25,2025-12-29 04:59,TARGET_HIT,1,3.00
PCT_R0.22pct,2025-12-29,2025-12-29 05:14,UP,2025-12-29 05:39,SHORT,25748.50,25758.50,25745.50,2025-12-29 05:39,TARGET_HIT,1,3.00
PCT_R0.22pct,2025-12-29,2025-12-29 05:36,DOWN,2025-12-29 05:50,LONG,25711.50,25701.50,25714.50,2025-12-29 05:50,STOP_HIT,1,-10.00
PCT_R0.22pct,2025-12-29,2025-12-29 07:28,UP,2025-12-29 11:00,SHORT,25741.25,25751.25,25738.25,2025-12-29 11:00,TARGET_HIT,1,3.00
PCT_R0.22pct,2025-12-30,2025-12-29 15:00,UP,2025-12-29 19:01,SHORT,25753.75,25763.75,25750.75,2025-12-29 19:01,TARGET_HIT,1,3.00
PCT_R0.22pct,2025-12-30,2025-12-29 19:00,DOWN,2025-12-29 21:52,LONG,25697.50,25687.50,25700.50,2025-12-29 21:52,TARGET_HIT,1,3.00
PCT_R0.22pct,2025-12-30,2025-12-29 21:23,UP,2025-12-29 23:05,SHORT,25746.50,25756.50,25743.50,2025-12-29 23:05,TARGET_HIT,1,3.00
PCT_R0.22pct,2025-12-30,2025-12-29 23:36,DOWN,2025-12-30 03:41,LONG,25709.50,25699.50,25712.50,2025-12-30 03:47,STOP_HIT,7,-10.00
PCT_R0.22pct,2025-12-30,2025-12-30 04:57,DOWN,2025-12-30 05:23,LONG,25697.50,25687.50,25700.50,2025-12-30 05:23,TARGET_HIT,1,3.00
PCT_R0.22pct,2025-12-30,2025-12-30 05:43,UP,2025-12-30 05:54,SHORT,25738.25,25748.25,25735.25,2025-12-30 05:54,TARGET_HIT,1,3.00
PCT_R0.22pct,2025-12-30,2025-12-30 06:22,DOWN,2025-12-30 07:28,LONG,25719.00,25709.00,25722.00,2025-12-30 07:29,TARGET_HIT,2,3.00
PCT_R0.22pct,2025-12-31,2025-12-30 13:00,DOWN,2025-12-30 14:46,LONG,25634.00,25624.00,25637.00,2025-12-30 14:48,STOP_HIT,3,-10.00
PCT_R0.22pct,2025-12-31,2025-12-30 22:40,UP,2025-12-31 03:51,SHORT,25699.25,25709.25,25696.25,2025-12-31 03:51,TARGET_HIT,1,3.00
PCT_R0.22pct,2025-12-31,2025-12-31 04:01,DOWN,2025-12-31 04:56,LONG,25624.75,25614.75,25627.75,2025-12-31 04:56,STOP_HIT,1,-10.00
PCT_R0.22pct,2025-12-31,2025-12-31 09:03,DOWN,2025-12-31 09:31,LONG,25578.75,25568.75,25581.75,2025-12-31 09:31,TARGET_HIT,1,3.00
PCT_R0.22pct,2026-01-02,2026-01-01 13:03,UP,2026-01-01 14:21,SHORT,25503.75,25513.75,25500.75,2026-01-01 14:21,TARGET_HIT,1,3.00
PCT_R0.22pct,2026-01-02,2026-01-02 04:31,DOWN,2026-01-02 04:41,LONG,25645.25,25635.25,25648.25,2026-01-02 04:41,TARGET_HIT,1,3.00
PCT_R0.22pct,2026-01-02,2026-01-02 04:50,DOWN,2026-01-02 05:23,LONG,25485.50,25475.50,25488.50,2026-01-02 05:23,TARGET_HIT,1,3.00
PCT_R0.22pct,2026-01-05,2026-01-04 13:07,UP,2026-01-04 13:27,SHORT,25458.50,25468.50,25455.50,2026-01-04 13:30,TARGET_HIT,4,3.00
PCT_R0.22pct,2026-01-06,2026-01-05 20:34,DOWN,2026-01-05 22:32,LONG,25529.25,25519.25,25532.25,2026-01-05 22:32,TARGET_HIT,1,3.00
PCT_R0.22pct,2026-01-06,2026-01-05 22:31,UP,2026-01-06 03:01,SHORT,25638.75,25648.75,25635.75,2026-01-06 03:03,STOP_HIT,3,-10.00
PCT_R0.22pct,2026-01-06,2026-01-06 06:07,UP,2026-01-06 06:23,SHORT,25691.50,25701.50,25688.50,2026-01-06 06:24,STOP_HIT,2,-10.00
PCT_R0.22pct,2026-01-07,2026-01-06 13:01,DOWN,2026-01-06 18:09,LONG,25787.75,25777.75,25790.75,2026-01-06 18:10,TARGET_HIT,2,3.00
PCT_R0.22pct,2026-01-07,2026-01-06 23:21,UP,2026-01-07 04:31,SHORT,25777.25,25787.25,25774.25,2026-01-07 04:31,STOP_HIT,1,-10.00
PCT_R0.22pct,2026-01-08,2026-01-07 13:00,DOWN,2026-01-07 16:48,LONG,25788.00,25778.00,25791.00,2026-01-07 16:48,STOP_HIT,1,-10.00
PCT_R0.22pct,2026-01-08,2026-01-07 21:31,UP,2026-01-07 22:41,SHORT,25795.00,25805.00,25792.00,2026-01-07 22:47,TARGET_HIT,7,3.00
PCT_R0.22pct,2026-01-08,2026-01-07 22:43,DOWN,2026-01-08 01:20,LONG,25772.25,25762.25,25775.25,2026-01-08 01:24,TARGET_HIT,5,3.00
PCT_R0.22pct,2026-01-08,2026-01-08 01:31,UP,2026-01-08 03:19,SHORT,25800.00,25810.00,25797.00,2026-01-08 03:19,TARGET_HIT,1,3.00
PCT_R0.22pct,2026-01-08,2026-01-08 03:30,DOWN,2026-01-08 04:33,LONG,25747.00,25737.00,25750.00,2026-01-08 04:33,STOP_HIT,1,-10.00
PCT_R0.22pct,2026-01-08,2026-01-08 07:52,DOWN,2026-01-08 08:10,LONG,25652.75,25642.75,25655.75,2026-01-08 08:10,TARGET_HIT,1,3.00
PCT_R0.22pct,2026-01-08,2026-01-08 09:16,UP,2026-01-08 11:04,SHORT,25686.75,25696.75,25683.75,2026-01-08 11:12,TARGET_HIT,9,3.00
PCT_R0.22pct,2026-01-09,2026-01-08 13:01,DOWN,2026-01-08 14:56,LONG,25670.25,25660.25,25673.25,2026-01-08 14:57,TARGET_HIT,2,3.00
PCT_R0.22pct,2026-01-09,2026-01-08 15:37,UP,2026-01-08 17:26,SHORT,25678.50,25688.50,25675.50,2026-01-08 17:26,TARGET_HIT,1,3.00
PCT_R0.22pct,2026-01-09,2026-01-09 04:03,DOWN,2026-01-09 04:32,LONG,25668.75,25658.75,25671.75,2026-01-09 04:32,STOP_HIT,1,-10.00
PCT_R0.22pct,2026-01-09,2026-01-09 04:32,UP,2026-01-09 04:42,SHORT,25751.50,25761.50,25748.50,2026-01-09 04:42,STOP_HIT,1,-10.00
PCT_R0.22pct,2026-01-09,2026-01-09 05:08,UP,2026-01-09 05:19,SHORT,25755.75,25765.75,25752.75,2026-01-09 05:19,STOP_HIT,1,-10.00
PCT_R0.22pct,2026-01-12,2026-01-11 13:00,DOWN,2026-01-11 13:10,LONG,25914.25,25904.25,25917.25,2026-01-11 13:10,TARGET_HIT,1,3.00
PCT_R0.22pct,2026-01-12,2026-01-11 22:43,UP,2026-01-12 04:31,SHORT,25792.25,25802.25,25789.25,2026-01-12 04:31,STOP_HIT,1,-10.00
PCT_R0.22pct,2026-01-13,2026-01-12 13:00,DOWN,2026-01-12 13:56,LONG,25898.00,25888.00,25901.00,2026-01-12 13:56,TARGET_HIT,1,3.00
PCT_R0.22pct,2026-01-13,2026-01-12 15:45,UP,2026-01-12 19:28,SHORT,25902.25,25912.25,25899.25,2026-01-12 19:31,TARGET_HIT,4,3.00
PCT_R0.22pct,2026-01-13,2026-01-12 23:18,DOWN,2026-01-13 00:33,LONG,25892.00,25882.00,25895.00,2026-01-13 00:38,TARGET_HIT,6,3.00
PCT_R0.22pct,2026-01-13,2026-01-13 06:27,UP,2026-01-13 06:37,SHORT,25949.00,25959.00,25946.00,2026-01-13 06:37,TARGET_HIT,1,3.00
PCT_R0.22pct,2026-01-13,2026-01-13 07:31,DOWN,2026-01-13 07:56,LONG,25886.75,25876.75,25889.75,2026-01-13 07:56,TARGET_HIT,1,3.00
PCT_R0.22pct,2026-01-14,2026-01-13 17:41,DOWN,2026-01-13 19:23,LONG,25869.00,25859.00,25872.00,2026-01-13 19:37,TARGET_HIT,15,3.00
PCT_R0.22pct,2026-01-14,2026-01-14 10:08,DOWN,2026-01-14 10:18,LONG,25532.00,25522.00,25535.00,2026-01-14 10:18,TARGET_HIT,1,3.00
PCT_R0.22pct,2026-01-14,2026-01-14 10:17,UP,2026-01-14 10:35,SHORT,25608.00,25618.00,25605.00,2026-01-14 10:35,STOP_HIT,1,-10.00
PCT_R0.22pct,2026-01-15,2026-01-14 13:23,UP,2026-01-14 15:03,SHORT,25628.75,25638.75,25625.75,2026-01-14 15:03,STOP_HIT,1,-10.00
PCT_R0.22pct,2026-01-15,2026-01-14 15:33,UP,2026-01-14 15:47,SHORT,25617.50,25627.50,25614.50,2026-01-14 15:56,STOP_HIT,10,-10.00
PCT_R0.22pct,2026-01-15,2026-01-14 16:15,DOWN,2026-01-14 18:03,LONG,25582.50,25572.50,25585.50,2026-01-14 18:03,TARGET_HIT,1,3.00
PCT_R0.22pct,2026-01-15,2026-01-15 05:37,DOWN,2026-01-15 05:47,LONG,25826.75,25816.75,25829.75,2026-01-15 05:47,TARGET_HIT,1,3.00
PCT_R0.22pct,2026-01-15,2026-01-15 05:52,UP,2026-01-15 06:06,SHORT,25914.25,25924.25,25911.25,2026-01-15 06:06,TARGET_HIT,1,3.00
PCT_R0.22pct,2026-01-15,2026-01-15 07:09,DOWN,2026-01-15 07:52,LONG,25875.25,25865.25,25878.25,2026-01-15 07:57,STOP_HIT,6,-10.00
PCT_R0.22pct,2026-01-15,2026-01-15 08:00,UP,2026-01-15 08:32,SHORT,25898.75,25908.75,25895.75,2026-01-15 08:32,TARGET_HIT,1,3.00
PCT_R0.22pct,2026-01-15,2026-01-15 08:35,DOWN,2026-01-15 09:07,LONG,25845.25,25835.25,25848.25,2026-01-15 09:07,TARGET_HIT,1,3.00
PCT_R0.22pct,2026-01-16,2026-01-15 13:06,UP,2026-01-15 14:56,SHORT,25759.25,25769.25,25756.25,2026-01-15 15:07,STOP_HIT,12,-10.00
PCT_R0.22pct,2026-01-16,2026-01-16 04:31,DOWN,2026-01-16 05:00,LONG,25729.00,25719.00,25732.00,2026-01-16 05:00,STOP_HIT,1,-10.00
PCT_R0.22pct,2026-01-16,2026-01-16 06:45,DOWN,2026-01-16 06:57,LONG,25693.25,25683.25,25696.25,2026-01-16 06:57,TARGET_HIT,1,3.00
PCT_R0.22pct,2026-01-19,2026-01-18 13:00,UP,2026-01-18 13:10,SHORT,25444.75,25454.75,25441.75,2026-01-18 13:10,TARGET_HIT,1,3.00
PCT_R0.22pct,2026-01-19,2026-01-18 13:05,DOWN,2026-01-18 13:17,LONG,25420.25,25410.25,25423.25,2026-01-18 13:17,STOP_HIT,1,-10.00
PCT_R0.22pct,2026-01-19,2026-01-18 13:18,UP,2026-01-18 13:59,SHORT,25460.00,25470.00,25457.00,2026-01-18 14:00,STOP_HIT,2,-10.00
PCT_R0.22pct,2026-01-19,2026-01-18 14:00,DOWN,2026-01-18 14:16,LONG,25427.00,25417.00,25430.00,2026-01-18 14:16,STOP_HIT,1,-10.00
PCT_R0.22pct,2026-01-19,2026-01-18 14:30,UP,2026-01-18 14:55,SHORT,25443.50,25453.50,25440.50,2026-01-18 14:55,TARGET_HIT,1,3.00
PCT_R0.22pct,2026-01-20,2026-01-19 13:01,DOWN,2026-01-19 14:10,LONG,25349.00,25339.00,25352.00,2026-01-19 14:10,TARGET_HIT,1,3.00
PCT_R0.22pct,2026-01-20,2026-01-19 14:28,UP,2026-01-19 14:47,SHORT,25402.75,25412.75,25399.75,2026-01-19 14:47,TARGET_HIT,1,3.00
PCT_R0.22pct,2026-01-20,2026-01-19 16:48,DOWN,2026-01-19 20:10,LONG,25357.00,25347.00,25360.00,2026-01-19 20:13,STOP_HIT,4,-10.00
PCT_R0.22pct,2026-01-20,2026-01-20 02:49,DOWN,2026-01-20 03:14,LONG,25228.25,25218.25,25231.25,2026-01-20 03:14,TARGET_HIT,1,3.00
PCT_R0.22pct,2026-01-20,2026-01-20 06:58,DOWN,2026-01-20 08:12,LONG,25295.25,25285.25,25298.25,2026-01-20 08:12,STOP_HIT,1,-10.00
PCT_R0.22pct,2026-01-21,2026-01-20 13:02,DOWN,2026-01-20 13:50,LONG,25123.25,25113.25,25126.25,2026-01-20 13:50,TARGET_HIT,1,3.00
PCT_R0.22pct,2026-01-21,2026-01-20 13:55,UP,2026-01-20 14:43,SHORT,25174.50,25184.50,25171.50,2026-01-20 14:43,TARGET_HIT,1,3.00
PCT_R0.22pct,2026-01-21,2026-01-20 21:23,DOWN,2026-01-20 23:44,LONG,25174.75,25164.75,25177.75,2026-01-20 23:46,STOP_HIT,3,-10.00
PCT_R0.22pct,2026-01-21,2026-01-21 07:46,UP,2026-01-21 07:59,SHORT,25256.25,25266.25,25253.25,2026-01-21 07:59,TARGET_HIT,1,3.00
PCT_R0.22pct,2026-01-21,2026-01-21 08:13,DOWN,2026-01-21 08:23,LONG,25203.25,25193.25,25206.25,2026-01-21 08:23,STOP_HIT,1,-10.00
PCT_R0.22pct,2026-01-21,2026-01-21 08:24,UP,2026-01-21 08:34,SHORT,25249.25,25259.25,25246.25,2026-01-21 08:34,TARGET_HIT,1,3.00
PCT_R0.22pct,2026-01-22,2026-01-21 13:35,UP,2026-01-21 14:20,SHORT,25570.50,25580.50,25567.50,2026-01-21 14:20,TARGET_HIT,1,3.00
PCT_R0.22pct,2026-01-22,2026-01-21 16:11,DOWN,2026-01-21 19:42,LONG,25545.00,25535.00,25548.00,2026-01-21 19:42,TARGET_HIT,1,3.00
PCT_R0.22pct,2026-01-22,2026-01-21 20:25,UP,2026-01-21 22:19,SHORT,25637.50,25647.50,25634.50,2026-01-21 22:19,TARGET_HIT,1,3.00
PCT_R0.22pct,2026-01-22,2026-01-22 05:25,UP,2026-01-22 05:44,SHORT,25642.75,25652.75,25639.75,2026-01-22 05:46,STOP_HIT,3,-10.00
PCT_R0.22pct,2026-01-22,2026-01-22 05:47,DOWN,2026-01-22 05:59,LONG,25615.50,25605.50,25618.50,2026-01-22 05:59,STOP_HIT,1,-10.00
PCT_R0.22pct,2026-01-22,2026-01-22 10:37,UP,2026-01-22 11:00,SHORT,25661.75,25671.75,25658.75,2026-01-22 11:00,STOP_HIT,1,-10.00
PCT_R0.22pct,2026-01-22,2026-01-22 11:00,DOWN,2026-01-22 11:59,LONG,25622.25,25612.25,25625.25,2026-01-22 11:59,TARGET_HIT,1,3.00
PCT_R0.22pct,2026-01-23,2026-01-22 13:00,UP,2026-01-22 14:19,SHORT,25627.50,25637.50,25624.50,2026-01-22 14:20,STOP_HIT,2,-10.00
PCT_R0.22pct,2026-01-23,2026-01-22 20:05,DOWN,2026-01-22 22:53,LONG,25596.50,25586.50,25599.50,2026-01-22 22:54,TARGET_HIT,2,3.00
PCT_R0.22pct,2026-01-23,2026-01-23 01:34,DOWN,2026-01-23 01:59,LONG,25598.50,25588.50,25601.50,2026-01-23 01:59,TARGET_HIT,1,3.00
PCT_R0.22pct,2026-01-23,2026-01-23 04:45,DOWN,2026-01-23 04:56,LONG,25631.75,25621.75,25634.75,2026-01-23 04:56,TARGET_HIT,1,3.00
PCT_R0.22pct,2026-01-23,2026-01-23 04:47,UP,2026-01-23 04:57,SHORT,25640.00,25650.00,25637.00,2026-01-23 04:57,TARGET_HIT,1,3.00
PCT_R0.22pct,2026-01-23,2026-01-23 07:59,UP,2026-01-23 08:09,SHORT,25744.75,25754.75,25741.75,2026-01-23 08:09,TARGET_HIT,1,3.00
PCT_R0.22pct,2026-01-23,2026-01-23 10:11,UP,2026-01-23 10:59,SHORT,25752.00,25762.00,25749.00,2026-01-23 10:59,TARGET_HIT,1,3.00
PCT_R0.22pct,2026-01-23,2026-01-23 10:59,DOWN,2026-01-23 11:51,LONG,25684.50,25674.50,25687.50,2026-01-23 11:51,TARGET_HIT,1,3.00
PCT_R0.22pct,2026-01-26,2026-01-25 13:00,UP,2026-01-25 13:10,SHORT,25465.50,25475.50,25462.50,2026-01-25 13:10,STOP_HIT,1,-10.00
PCT_R0.22pct,2026-01-26,2026-01-25 23:54,UP,2026-01-26 00:31,SHORT,25653.50,25663.50,25650.50,2026-01-26 00:31,TARGET_HIT,1,3.00
PCT_R0.22pct,2026-01-27,2026-01-26 13:04,UP,2026-01-26 13:32,SHORT,25876.50,25886.50,25873.50,2026-01-26 13:33,TARGET_HIT,2,3.00
PCT_R0.22pct,2026-01-27,2026-01-26 22:39,UP,2026-01-27 01:35,SHORT,26024.25,26034.25,26021.25,2026-01-27 01:39,TARGET_HIT,5,3.00
PCT_R0.22pct,2026-01-27,2026-01-27 04:38,UP,2026-01-27 04:59,SHORT,26050.00,26060.00,26047.00,2026-01-27 04:59,TARGET_HIT,1,3.00
PCT_R0.22pct,2026-01-28,2026-01-27 13:00,UP,2026-01-27 14:26,SHORT,26166.75,26176.75,26163.75,2026-01-27 14:26,TARGET_HIT,1,3.00
PCT_R0.22pct,2026-01-28,2026-01-28 01:53,DOWN,2026-01-28 02:41,LONG,26293.75,26283.75,26296.75,2026-01-28 02:41,STOP_HIT,1,-10.00
PCT_R0.22pct,2026-01-28,2026-01-28 04:36,UP,2026-01-28 04:46,SHORT,26291.25,26301.25,26288.25,2026-01-28 04:46,TARGET_HIT,1,3.00
PCT_R0.22pct,2026-01-28,2026-01-28 04:48,UP,2026-01-28 04:58,SHORT,26280.25,26290.25,26277.25,2026-01-28 04:58,TARGET_HIT,1,3.00
PCT_R0.22pct,2026-01-28,2026-01-28 11:04,UP,2026-01-28 11:40,SHORT,26259.00,26269.00,26256.00,2026-01-28 11:40,TARGET_HIT,1,3.00
PCT_R0.22pct,2026-01-29,2026-01-28 13:22,DOWN,2026-01-28 13:37,LONG,26209.75,26199.75,26212.75,2026-01-28 13:38,TARGET_HIT,2,3.00
PCT_R0.22pct,2026-01-29,2026-01-28 15:27,UP,2026-01-28 17:48,SHORT,26194.50,26204.50,26191.50,2026-01-28 17:48,TARGET_HIT,1,3.00
PCT_R0.22pct,2026-01-29,2026-01-28 22:19,DOWN,2026-01-29 03:17,LONG,26161.75,26151.75,26164.75,2026-01-29 03:19,STOP_HIT,3,-10.00
PCT_R0.22pct,2026-01-29,2026-01-29 07:38,DOWN,2026-01-29 07:56,LONG,25764.00,25754.00,25767.00,2026-01-29 07:56,TARGET_HIT,1,3.00
PCT_R0.22pct,2026-01-29,2026-01-29 07:59,UP,2026-01-29 08:09,SHORT,25816.00,25826.00,25813.00,2026-01-29 08:09,STOP_HIT,1,-10.00
PCT_R0.22pct,2026-01-30,2026-01-29 13:00,DOWN,2026-01-29 13:10,LONG,25959.00,25949.00,25962.00,2026-01-29 13:10,STOP_HIT,1,-10.00
PCT_R0.22pct,2026-01-30,2026-01-29 13:38,DOWN,2026-01-29 14:25,LONG,25935.00,25925.00,25938.00,2026-01-29 14:25,STOP_HIT,1,-10.00
PCT_R0.22pct,2026-01-30,2026-01-29 18:20,DOWN,2026-01-29 19:58,LONG,25841.00,25831.00,25844.00,2026-01-29 20:00,STOP_HIT,3,-10.00
PCT_R0.22pct,2026-01-30,2026-01-30 03:30,UP,2026-01-30 04:02,SHORT,25841.75,25851.75,25838.75,2026-01-30 04:02,TARGET_HIT,1,3.00
PCT_R0.22pct,2026-01-30,2026-01-30 05:12,DOWN,2026-01-30 05:34,LONG,25787.25,25777.25,25790.25,2026-01-30 05:34,TARGET_HIT,1,3.00
PCT_R0.22pct,2026-01-30,2026-01-30 05:47,DOWN,2026-01-30 06:03,LONG,25847.00,25837.00,25850.00,2026-01-30 06:03,STOP_HIT,1,-10.00
PCT_R0.22pct,2026-02-02,2026-02-01 22:53,DOWN,2026-02-01 23:10,LONG,25380.50,25370.50,25383.50,2026-02-01 23:10,TARGET_HIT,1,3.00
PCT_R0.22pct,2026-02-02,2026-02-01 23:08,UP,2026-02-01 23:20,SHORT,25410.50,25420.50,25407.50,2026-02-01 23:20,TARGET_HIT,1,3.00
PCT_R0.22pct,2026-02-03,2026-02-02 13:02,UP,2026-02-02 13:14,SHORT,25918.50,25928.50,25915.50,2026-02-02 13:16,STOP_HIT,3,-10.00
PCT_R0.22pct,2026-02-03,2026-02-02 15:23,DOWN,2026-02-02 16:11,LONG,25926.00,25916.00,25929.00,2026-02-02 16:12,TARGET_HIT,2,3.00
PCT_R0.22pct,2026-02-03,2026-02-02 16:46,UP,2026-02-02 18:52,SHORT,25977.75,25987.75,25974.75,2026-02-02 19:03,TARGET_HIT,12,3.00
PCT_R0.22pct,2026-02-03,2026-02-02 21:58,DOWN,2026-02-03 02:17,LONG,25961.00,25951.00,25964.00,2026-02-03 02:17,TARGET_HIT,1,3.00
PCT_R0.22pct,2026-02-03,2026-02-03 02:02,UP,2026-02-03 02:28,SHORT,25981.50,25991.50,25978.50,2026-02-03 02:33,STOP_HIT,6,-10.00
PCT_R0.22pct,2026-02-03,2026-02-03 03:13,DOWN,2026-02-03 04:16,LONG,25946.50,25936.50,25949.50,2026-02-03 04:21,TARGET_HIT,6,3.00
PCT_R0.22pct,2026-02-04,2026-02-03 13:06,UP,2026-02-03 13:16,SHORT,25428.75,25438.75,25425.75,2026-02-03 13:16,STOP_HIT,1,-10.00
PCT_R0.22pct,2026-02-04,2026-02-03 13:16,DOWN,2026-02-03 14:10,LONG,25416.75,25406.75,25419.75,2026-02-03 14:10,STOP_HIT,1,-10.00
PCT_R0.22pct,2026-02-04,2026-02-03 14:59,UP,2026-02-03 15:09,SHORT,25417.00,25427.00,25414.00,2026-02-03 15:09,TARGET_HIT,1,3.00
PCT_R0.22pct,2026-02-04,2026-02-03 16:09,DOWN,2026-02-03 17:11,LONG,25418.50,25408.50,25421.50,2026-02-03 17:11,TARGET_HIT,1,3.00
PCT_R0.22pct,2026-02-04,2026-02-03 16:53,UP,2026-02-03 20:06,SHORT,25456.00,25466.00,25453.00,2026-02-03 20:06,TARGET_HIT,1,3.00
PCT_R0.22pct,2026-02-04,2026-02-03 21:50,DOWN,2026-02-03 23:20,LONG,25384.50,25374.50,25387.50,2026-02-03 23:20,STOP_HIT,1,-10.00
PCT_R0.22pct,2026-02-04,2026-02-03 23:44,UP,2026-02-04 00:26,SHORT,25438.75,25448.75,25435.75,2026-02-04 00:27,TARGET_HIT,2,3.00
PCT_R0.22pct,2026-02-04,2026-02-04 02:01,DOWN,2026-02-04 02:46,LONG,25403.75,25393.75,25406.75,2026-02-04 02:46,TARGET_HIT,1,3.00
PCT_R0.22pct,2026-02-04,2026-02-04 11:16,UP,2026-02-04 11:40,SHORT,25158.75,25168.75,25155.75,2026-02-04 11:40,TARGET_HIT,1,3.00
PCT_R0.22pct,2026-02-05,2026-02-04 13:05,DOWN,2026-02-04 13:15,LONG,25072.50,25062.50,25075.50,2026-02-04 13:15,TARGET_HIT,1,3.00
PCT_R0.22pct,2026-02-05,2026-02-04 13:09,UP,2026-02-04 13:32,SHORT,25124.25,25134.25,25121.25,2026-02-04 13:32,TARGET_HIT,1,3.00
PCT_R0.22pct,2026-02-05,2026-02-04 13:32,DOWN,2026-02-04 13:42,LONG,25066.75,25056.75,25069.75,2026-02-04 13:42,TARGET_HIT,1,3.00
PCT_R0.22pct,2026-02-05,2026-02-04 14:02,UP,2026-02-04 14:28,SHORT,25112.50,25122.50,25109.50,2026-02-04 14:28,TARGET_HIT,1,3.00
PCT_R0.22pct,2026-02-05,2026-02-04 15:17,DOWN,2026-02-04 16:18,LONG,24997.00,24987.00,25000.00,2026-02-04 16:18,STOP_HIT,1,-10.00
PCT_R0.22pct,2026-02-05,2026-02-04 19:56,UP,2026-02-04 20:41,SHORT,25052.50,25062.50,25049.50,2026-02-04 20:41,TARGET_HIT,1,3.00
PCT_R0.22pct,2026-02-05,2026-02-04 22:19,DOWN,2026-02-04 23:05,LONG,25005.50,24995.50,25008.50,2026-02-04 23:05,STOP_HIT,1,-10.00
PCT_R0.22pct,2026-02-05,2026-02-04 23:12,UP,2026-02-04 23:38,SHORT,25056.25,25066.25,25053.25,2026-02-04 23:38,TARGET_HIT,1,3.00
PCT_R0.22pct,2026-02-05,2026-02-04 23:32,DOWN,2026-02-04 23:49,LONG,25018.75,25008.75,25021.75,2026-02-04 23:49,TARGET_HIT,1,3.00
PCT_R0.22pct,2026-02-05,2026-02-04 23:49,UP,2026-02-05 00:15,SHORT,25079.50,25089.50,25076.50,2026-02-05 00:16,TARGET_HIT,2,3.00
PCT_R0.22pct,2026-02-05,2026-02-05 00:27,DOWN,2026-02-05 00:41,LONG,25041.25,25031.25,25044.25,2026-02-05 00:41,TARGET_HIT,1,3.00
PCT_R0.22pct,2026-02-05,2026-02-05 06:24,UP,2026-02-05 06:34,SHORT,24810.75,24820.75,24807.75,2026-02-05 06:34,STOP_HIT,1,-10.00
PCT_R0.22pct,2026-02-05,2026-02-05 06:55,DOWN,2026-02-05 07:14,LONG,24758.00,24748.00,24761.00,2026-02-05 07:14,TARGET_HIT,1,3.00
PCT_R0.22pct,2026-02-05,2026-02-05 08:02,DOWN,2026-02-05 08:12,LONG,24774.50,24764.50,24777.50,2026-02-05 08:12,TARGET_HIT,1,3.00
PCT_R0.22pct,2026-02-06,2026-02-05 13:01,UP,2026-02-05 13:11,SHORT,24438.00,24448.00,24435.00,2026-02-05 13:11,TARGET_HIT,1,3.00
PCT_R0.22pct,2026-02-06,2026-02-05 13:06,DOWN,2026-02-05 13:16,LONG,24437.75,24427.75,24440.75,2026-02-05 13:16,TARGET_HIT,1,3.00
PCT_R0.22pct,2026-02-06,2026-02-05 14:16,UP,2026-02-05 14:36,SHORT,24390.00,24400.00,24387.00,2026-02-05 14:36,TARGET_HIT,1,3.00
PCT_R0.22pct,2026-02-06,2026-02-05 15:20,UP,2026-02-05 15:35,SHORT,24402.25,24412.25,24399.25,2026-02-05 15:35,STOP_HIT,1,-10.00
PCT_R0.22pct,2026-02-09,2026-02-08 13:00,UP,2026-02-08 13:10,SHORT,25242.75,25252.75,25239.75,2026-02-08 13:10,TARGET_HIT,1,3.00
PCT_R0.22pct,2026-02-09,2026-02-08 14:21,DOWN,2026-02-08 15:10,LONG,25259.25,25249.25,25262.25,2026-02-08 15:10,TARGET_HIT,1,3.00
PCT_R0.22pct,2026-02-09,2026-02-09 04:54,UP,2026-02-09 05:04,SHORT,25142.00,25152.00,25139.00,2026-02-09 05:04,STOP_HIT,1,-10.00
PCT_R0.22pct,2026-02-10,2026-02-09 13:05,DOWN,2026-02-09 13:31,LONG,25337.75,25327.75,25340.75,2026-02-09 13:31,TARGET_HIT,1,3.00
PCT_R0.22pct,2026-02-10,2026-02-09 17:18,UP,2026-02-09 19:41,SHORT,25348.50,25358.50,25345.50,2026-02-09 19:41,TARGET_HIT,1,3.00
PCT_R0.22pct,2026-02-10,2026-02-09 19:55,DOWN,2026-02-09 20:38,LONG,25301.00,25291.00,25304.00,2026-02-09 20:40,TARGET_HIT,3,3.00
PCT_R0.22pct,2026-02-10,2026-02-09 20:48,UP,2026-02-09 22:00,SHORT,25349.75,25359.75,25346.75,2026-02-09 22:00,TARGET_HIT,1,3.00
PCT_R0.22pct,2026-02-10,2026-02-10 02:31,DOWN,2026-02-10 03:16,LONG,25321.75,25311.75,25324.75,2026-02-10 03:16,TARGET_HIT,1,3.00
PCT_R0.22pct,2026-02-10,2026-02-10 03:12,UP,2026-02-10 03:45,SHORT,25350.50,25360.50,25347.50,2026-02-10 03:46,STOP_HIT,2,-10.00
PCT_R0.22pct,2026-02-10,2026-02-10 04:31,DOWN,2026-02-10 04:41,LONG,25309.25,25299.25,25312.25,2026-02-10 04:41,STOP_HIT,1,-10.00
PCT_R0.22pct,2026-02-10,2026-02-10 04:49,UP,2026-02-10 04:59,SHORT,25404.00,25414.00,25401.00,2026-02-10 04:59,TARGET_HIT,1,3.00
PCT_R0.22pct,2026-02-10,2026-02-10 05:31,DOWN,2026-02-10 07:00,LONG,25327.25,25317.25,25330.25,2026-02-10 07:00,TARGET_HIT,1,3.00
PCT_R0.22pct,2026-02-10,2026-02-10 07:04,UP,2026-02-10 07:21,SHORT,25371.00,25381.00,25368.00,2026-02-10 07:21,TARGET_HIT,1,3.00
PCT_R0.22pct,2026-02-10,2026-02-10 07:52,DOWN,2026-02-10 08:15,LONG,25345.50,25335.50,25348.50,2026-02-10 08:15,TARGET_HIT,1,3.00
PCT_R0.22pct,2026-02-11,2026-02-10 13:00,UP,2026-02-10 15:03,SHORT,25306.50,25316.50,25303.50,2026-02-10 15:04,TARGET_HIT,2,3.00
PCT_R0.22pct,2026-02-11,2026-02-10 17:56,DOWN,2026-02-10 19:43,LONG,25289.00,25279.00,25292.00,2026-02-10 19:48,STOP_HIT,6,-10.00
PCT_R0.22pct,2026-02-11,2026-02-11 04:46,DOWN,2026-02-11 05:07,LONG,25279.75,25269.75,25282.75,2026-02-11 05:07,STOP_HIT,1,-10.00
PCT_R0.22pct,2026-02-11,2026-02-11 07:02,UP,2026-02-11 07:44,SHORT,25305.75,25315.75,25302.75,2026-02-11 07:44,TARGET_HIT,1,3.00
PCT_R0.22pct,2026-02-11,2026-02-11 07:51,DOWN,2026-02-11 08:15,LONG,25210.50,25200.50,25213.50,2026-02-11 08:15,TARGET_HIT,1,3.00
PCT_R0.22pct,2026-02-11,2026-02-11 08:15,UP,2026-02-11 08:32,SHORT,25268.75,25278.75,25265.75,2026-02-11 08:32,TARGET_HIT,1,3.00
PCT_R0.22pct,2026-02-12,2026-02-11 13:02,DOWN,2026-02-11 13:28,LONG,25242.50,25232.50,25245.50,2026-02-11 13:30,STOP_HIT,3,-10.00
PCT_R0.22pct,2026-02-12,2026-02-11 13:36,UP,2026-02-11 14:39,SHORT,25261.00,25271.00,25258.00,2026-02-11 14:39,TARGET_HIT,1,3.00
PCT_R0.22pct,2026-02-12,2026-02-12 04:38,DOWN,2026-02-12 04:48,LONG,25278.00,25268.00,25281.00,2026-02-12 04:48,STOP_HIT,1,-10.00
PCT_R0.22pct,2026-02-13,2026-02-12 13:05,UP,2026-02-12 13:20,SHORT,24834.25,24844.25,24831.25,2026-02-12 13:20,TARGET_HIT,1,3.00
PCT_R0.22pct,2026-02-13,2026-02-12 13:19,DOWN,2026-02-12 13:34,LONG,24779.50,24769.50,24782.50,2026-02-12 13:34,TARGET_HIT,1,3.00
PCT_R0.22pct,2026-02-13,2026-02-12 13:40,UP,2026-02-12 14:05,SHORT,24853.25,24863.25,24850.25,2026-02-12 14:05,STOP_HIT,1,-10.00
PCT_R0.22pct,2026-02-13,2026-02-12 14:05,DOWN,2026-02-12 14:26,LONG,24774.00,24764.00,24777.00,2026-02-12 14:26,TARGET_HIT,1,3.00
PCT_R0.22pct,2026-02-13,2026-02-12 14:53,UP,2026-02-12 15:42,SHORT,24797.50,24807.50,24794.50,2026-02-12 15:44,TARGET_HIT,3,3.00
PCT_R0.22pct,2026-02-13,2026-02-12 15:56,UP,2026-02-12 16:06,SHORT,24808.00,24818.00,24805.00,2026-02-12 16:06,TARGET_HIT,1,3.00
PCT_R0.22pct,2026-02-13,2026-02-12 16:33,DOWN,2026-02-12 17:22,LONG,24781.25,24771.25,24784.25,2026-02-12 17:22,TARGET_HIT,1,3.00
PCT_R0.22pct,2026-02-13,2026-02-12 22:19,UP,2026-02-12 23:43,SHORT,24797.25,24807.25,24794.25,2026-02-12 23:43,TARGET_HIT,1,3.00
PCT_R0.22pct,2026-02-13,2026-02-12 23:48,DOWN,2026-02-13 00:51,LONG,24750.50,24740.50,24753.50,2026-02-13 00:51,STOP_HIT,1,-10.00
PCT_R0.22pct,2026-02-13,2026-02-13 10:37,UP,2026-02-13 11:14,SHORT,24796.25,24806.25,24793.25,2026-02-13 11:15,TARGET_HIT,2,3.00
PCT_R0.22pct,2026-02-13,2026-02-13 11:00,DOWN,2026-02-13 11:53,LONG,24773.75,24763.75,24776.75,2026-02-13 11:54,TARGET_HIT,2,3.00
PCT_R0.22pct,2026-02-16,2026-02-15 13:00,DOWN,2026-02-15 13:10,LONG,24770.75,24760.75,24773.75,2026-02-15 13:10,TARGET_HIT,1,3.00
PCT_R0.22pct,2026-02-16,2026-02-15 13:05,UP,2026-02-15 13:20,SHORT,24822.25,24832.25,24819.25,2026-02-15 13:20,TARGET_HIT,1,3.00
PCT_R0.22pct,2026-02-16,2026-02-15 16:05,DOWN,2026-02-15 17:33,LONG,24810.75,24800.75,24813.75,2026-02-15 17:33,TARGET_HIT,1,3.00
PCT_R0.22pct,2026-02-16,2026-02-15 20:21,UP,2026-02-15 21:08,SHORT,24848.25,24858.25,24845.25,2026-02-15 21:14,STOP_HIT,7,-10.00
PCT_R0.22pct,2026-02-16,2026-02-15 23:28,DOWN,2026-02-16 04:36,LONG,24760.25,24750.25,24763.25,2026-02-16 04:36,STOP_HIT,1,-10.00
PCT_R0.22pct,2026-02-17,2026-02-16 13:02,UP,2026-02-16 13:33,SHORT,24786.75,24796.75,24783.75,2026-02-16 13:33,STOP_HIT,1,-10.00
PCT_R0.22pct,2026-02-17,2026-02-16 13:51,DOWN,2026-02-16 15:08,LONG,24809.50,24799.50,24812.50,2026-02-16 15:08,TARGET_HIT,1,3.00
PCT_R0.22pct,2026-02-17,2026-02-16 21:31,UP,2026-02-16 22:06,SHORT,24698.00,24708.00,24695.00,2026-02-16 22:06,TARGET_HIT,1,3.00
PCT_R0.22pct,2026-02-17,2026-02-16 22:56,UP,2026-02-16 23:06,SHORT,24670.00,24680.00,24667.00,2026-02-16 23:06,TARGET_HIT,1,3.00
PCT_R0.22pct,2026-02-17,2026-02-17 00:04,DOWN,2026-02-17 00:32,LONG,24641.75,24631.75,24644.75,2026-02-17 00:33,TARGET_HIT,2,3.00
PCT_R0.22pct,2026-02-17,2026-02-17 03:59,UP,2026-02-17 04:09,SHORT,24650.75,24660.75,24647.75,2026-02-17 04:09,TARGET_HIT,1,3.00
PCT_R0.22pct,2026-02-17,2026-02-17 05:51,UP,2026-02-17 06:09,SHORT,24720.75,24730.75,24717.75,2026-02-17 06:09,STOP_HIT,1,-10.00
PCT_R0.22pct,2026-02-18,2026-02-17 13:00,DOWN,2026-02-17 13:13,LONG,24731.50,24721.50,24734.50,2026-02-17 13:13,TARGET_HIT,1,3.00
PCT_R0.22pct,2026-02-18,2026-02-17 13:47,UP,2026-02-17 16:08,SHORT,24755.75,24765.75,24752.75,2026-02-17 16:08,TARGET_HIT,1,3.00
PCT_R0.22pct,2026-02-18,2026-02-18 03:30,DOWN,2026-02-18 03:48,LONG,24828.50,24818.50,24831.50,2026-02-18 03:48,TARGET_HIT,1,3.00
PCT_R0.22pct,2026-02-18,2026-02-18 08:53,UP,2026-02-18 09:27,SHORT,25011.00,25021.00,25008.00,2026-02-18 09:27,TARGET_HIT,1,3.00
PCT_R0.22pct,2026-02-18,2026-02-18 09:01,DOWN,2026-02-18 09:31,LONG,24979.50,24969.50,24982.50,2026-02-18 09:31,STOP_HIT,1,-10.00
PCT_R0.22pct,2026-02-18,2026-02-18 10:16,UP,2026-02-18 11:00,SHORT,24957.25,24967.25,24954.25,2026-02-18 11:00,TARGET_HIT,1,3.00
PCT_R0.22pct,2026-02-18,2026-02-18 10:54,DOWN,2026-02-18 11:15,LONG,24943.75,24933.75,24946.75,2026-02-18 11:15,STOP_HIT,1,-10.00
PCT_R0.22pct,2026-02-19,2026-02-18 13:13,DOWN,2026-02-18 14:22,LONG,24940.50,24930.50,24943.50,2026-02-18 14:23,STOP_HIT,2,-10.00
PCT_R0.22pct,2026-02-19,2026-02-18 14:25,UP,2026-02-18 15:38,SHORT,24956.50,24966.50,24953.50,2026-02-18 15:38,TARGET_HIT,1,3.00
PCT_R0.22pct,2026-02-19,2026-02-18 15:14,DOWN,2026-02-18 15:39,LONG,24940.75,24930.75,24943.75,2026-02-18 15:39,TARGET_HIT,1,3.00
PCT_R0.22pct,2026-02-19,2026-02-18 15:38,UP,2026-02-18 17:26,SHORT,24990.25,25000.25,24987.25,2026-02-18 17:32,TARGET_HIT,7,3.00
PCT_R0.22pct,2026-02-19,2026-02-18 17:31,DOWN,2026-02-18 19:07,LONG,24943.50,24933.50,24946.50,2026-02-18 19:08,TARGET_HIT,2,3.00
PCT_R0.22pct,2026-02-19,2026-02-18 19:06,UP,2026-02-18 19:47,SHORT,24993.50,25003.50,24990.50,2026-02-18 19:48,STOP_HIT,2,-10.00
PCT_R0.22pct,2026-02-19,2026-02-18 22:21,DOWN,2026-02-18 23:11,LONG,24964.00,24954.00,24967.00,2026-02-18 23:11,TARGET_HIT,1,3.00
PCT_R0.22pct,2026-02-19,2026-02-19 06:23,DOWN,2026-02-19 06:46,LONG,24852.50,24842.50,24855.50,2026-02-19 06:46,STOP_HIT,1,-10.00
PCT_R0.22pct,2026-02-20,2026-02-19 13:01,UP,2026-02-19 13:37,SHORT,24885.25,24895.25,24882.25,2026-02-19 13:37,TARGET_HIT,1,3.00
PCT_R0.22pct,2026-02-20,2026-02-19 15:14,DOWN,2026-02-19 18:02,LONG,24886.25,24876.25,24889.25,2026-02-19 18:02,TARGET_HIT,1,3.00
PCT_R0.22pct,2026-02-20,2026-02-19 16:48,UP,2026-02-19 19:32,SHORT,24933.00,24943.00,24930.00,2026-02-19 19:34,STOP_HIT,3,-10.00
PCT_R0.22pct,2026-02-20,2026-02-19 23:23,DOWN,2026-02-20 01:42,LONG,24859.25,24849.25,24862.25,2026-02-20 01:42,TARGET_HIT,1,3.00
PCT_R0.22pct,2026-02-23,2026-02-22 13:00,DOWN,2026-02-22 13:25,LONG,25008.75,24998.75,25011.75,2026-02-22 13:25,STOP_HIT,1,-10.00
PCT_R0.22pct,2026-02-23,2026-02-22 19:20,UP,2026-02-22 21:21,SHORT,24904.00,24914.00,24901.00,2026-02-22 21:22,TARGET_HIT,2,3.00
PCT_R0.22pct,2026-02-23,2026-02-23 04:51,DOWN,2026-02-23 05:01,LONG,24906.75,24896.75,24909.75,2026-02-23 05:01,TARGET_HIT,1,3.00
PCT_R0.22pct,2026-02-24,2026-02-23 13:05,UP,2026-02-23 13:32,SHORT,24819.75,24829.75,24816.75,2026-02-23 13:32,TARGET_HIT,1,3.00
PCT_R0.22pct,2026-02-24,2026-02-23 22:52,UP,2026-02-23 23:25,SHORT,24826.00,24836.00,24823.00,2026-02-23 23:28,TARGET_HIT,4,3.00
PCT_R0.22pct,2026-02-24,2026-02-24 01:35,UP,2026-02-24 02:03,SHORT,24870.00,24880.00,24867.00,2026-02-24 02:04,TARGET_HIT,2,3.00
PCT_R0.22pct,2026-02-24,2026-02-24 02:06,DOWN,2026-02-24 03:04,LONG,24828.25,24818.25,24831.25,2026-02-24 03:04,TARGET_HIT,1,3.00
PCT_R0.22pct,2026-02-24,2026-02-24 02:48,UP,2026-02-24 03:26,SHORT,24853.00,24863.00,24850.00,2026-02-24 03:26,TARGET_HIT,1,3.00
PCT_R0.22pct,2026-02-24,2026-02-24 03:55,DOWN,2026-02-24 04:31,LONG,24812.75,24802.75,24815.75,2026-02-24 04:31,STOP_HIT,1,-10.00
PCT_R0.22pct,2026-02-25,2026-02-24 13:08,UP,2026-02-24 13:58,SHORT,25049.50,25059.50,25046.50,2026-02-24 13:58,TARGET_HIT,1,3.00
PCT_R0.22pct,2026-02-25,2026-02-24 16:38,DOWN,2026-02-24 17:35,LONG,25042.75,25032.75,25045.75,2026-02-24 17:36,TARGET_HIT,2,3.00
PCT_R0.22pct,2026-02-25,2026-02-24 21:36,UP,2026-02-24 22:09,SHORT,25058.75,25068.75,25055.75,2026-02-24 22:09,TARGET_HIT,1,3.00
PCT_R0.22pct,2026-02-26,2026-02-25 13:01,DOWN,2026-02-25 13:27,LONG,25370.00,25360.00,25373.00,2026-02-25 13:27,TARGET_HIT,1,3.00
PCT_R0.22pct,2026-02-26,2026-02-25 15:30,UP,2026-02-25 22:22,SHORT,25391.00,25401.00,25388.00,2026-02-25 22:22,TARGET_HIT,1,3.00
PCT_R0.22pct,2026-02-26,2026-02-26 09:55,DOWN,2026-02-26 10:26,LONG,25038.25,25028.25,25041.25,2026-02-26 10:26,TARGET_HIT,1,3.00
PCT_R0.22pct,2026-02-27,2026-02-26 13:01,DOWN,2026-02-26 13:11,LONG,24983.00,24973.00,24986.00,2026-02-26 13:11,TARGET_HIT,1,3.00
PCT_R0.22pct,2026-02-27,2026-02-26 13:05,UP,2026-02-26 13:20,SHORT,25029.50,25039.50,25026.50,2026-02-26 13:21,TARGET_HIT,2,3.00
PCT_R0.22pct,2026-02-27,2026-02-26 13:20,DOWN,2026-02-26 13:46,LONG,24989.25,24979.25,24992.25,2026-02-26 13:46,TARGET_HIT,1,3.00
PCT_R0.22pct,2026-02-27,2026-02-26 14:46,UP,2026-02-26 15:23,SHORT,24999.25,25009.25,24996.25,2026-02-26 15:23,TARGET_HIT,1,3.00
PCT_R0.22pct,2026-02-27,2026-02-27 00:12,UP,2026-02-27 00:34,SHORT,25043.00,25053.00,25040.00,2026-02-27 00:34,TARGET_HIT,1,3.00
PCT_R0.22pct,2026-02-27,2026-02-27 00:34,DOWN,2026-02-27 00:57,LONG,24988.75,24978.75,24991.75,2026-02-27 00:57,TARGET_HIT,1,3.00
PCT_R0.22pct,2026-02-27,2026-02-27 06:34,DOWN,2026-02-27 06:48,LONG,24942.00,24932.00,24945.00,2026-02-27 06:48,TARGET_HIT,1,3.00
PCT_R0.22pct,2026-02-27,2026-02-27 06:45,UP,2026-02-27 06:55,SHORT,24986.50,24996.50,24983.50,2026-02-27 06:55,STOP_HIT,1,-10.00
PCT_R0.22pct,2026-02-27,2026-02-27 07:08,DOWN,2026-02-27 07:21,LONG,24933.75,24923.75,24936.75,2026-02-27 07:21,TARGET_HIT,1,3.00
PCT_R0.22pct,2026-02-27,2026-02-27 07:22,UP,2026-02-27 07:38,SHORT,24980.25,24990.25,24977.25,2026-02-27 07:38,TARGET_HIT,1,3.00
PCT_R0.22pct,2026-02-27,2026-02-27 07:36,DOWN,2026-02-27 07:46,LONG,24926.75,24916.75,24929.75,2026-02-27 07:46,STOP_HIT,1,-10.00
PCT_R0.22pct,2026-02-27,2026-02-27 09:44,UP,2026-02-27 10:27,SHORT,24996.00,25006.00,24993.00,2026-02-27 10:27,TARGET_HIT,1,3.00
PCT_R0.22pct,2026-02-27,2026-02-27 10:38,UP,2026-02-27 10:51,SHORT,24958.50,24968.50,24955.50,2026-02-27 10:51,TARGET_HIT,1,3.00
PCT_R0.22pct,2026-03-02,2026-03-01 13:37,UP,2026-03-01 13:47,SHORT,24761.50,24771.50,24758.50,2026-03-01 13:47,TARGET_HIT,1,3.00
PCT_R0.22pct,2026-03-02,2026-03-01 14:00,UP,2026-03-01 14:11,SHORT,24767.00,24777.00,24764.00,2026-03-01 14:11,TARGET_HIT,1,3.00
PCT_R0.22pct,2026-03-02,2026-03-01 14:19,UP,2026-03-01 14:56,SHORT,24780.25,24790.25,24777.25,2026-03-01 14:56,TARGET_HIT,1,3.00
PCT_R0.22pct,2026-03-02,2026-03-01 18:23,UP,2026-03-01 18:33,SHORT,24804.50,24814.50,24801.50,2026-03-01 18:33,TARGET_HIT,1,3.00
PCT_R0.22pct,2026-03-02,2026-03-01 18:40,DOWN,2026-03-01 18:58,LONG,24762.25,24752.25,24765.25,2026-03-01 19:00,TARGET_HIT,3,3.00
PCT_R0.22pct,2026-03-02,2026-03-02 01:49,DOWN,2026-03-02 02:04,LONG,24689.00,24679.00,24692.00,2026-03-02 02:05,STOP_HIT,2,-10.00
PCT_R0.22pct,2026-03-02,2026-03-02 02:56,UP,2026-03-02 03:28,SHORT,24700.00,24710.00,24697.00,2026-03-02 03:28,STOP_HIT,1,-10.00
PCT_R0.22pct,2026-03-02,2026-03-02 03:25,DOWN,2026-03-02 03:58,LONG,24617.25,24607.25,24620.25,2026-03-02 03:58,STOP_HIT,1,-10.00
PCT_R0.22pct,2026-03-03,2026-03-02 13:00,DOWN,2026-03-02 13:21,LONG,24958.25,24948.25,24961.25,2026-03-02 13:21,STOP_HIT,1,-10.00
PCT_R0.22pct,2026-03-04,2026-03-03 14:22,DOWN,2026-03-03 14:47,LONG,24722.25,24712.25,24725.25,2026-03-03 14:47,TARGET_HIT,1,3.00
PCT_R0.22pct,2026-03-04,2026-03-03 14:43,UP,2026-03-03 14:53,SHORT,24757.50,24767.50,24754.50,2026-03-03 14:53,TARGET_HIT,1,3.00
PCT_R0.22pct,2026-03-04,2026-03-03 21:15,UP,2026-03-03 21:55,SHORT,24664.75,24674.75,24661.75,2026-03-03 21:55,TARGET_HIT,1,3.00
PCT_R0.22pct,2026-03-04,2026-03-03 22:19,DOWN,2026-03-03 22:29,LONG,24638.00,24628.00,24641.00,2026-03-03 22:29,STOP_HIT,1,-10.00
PCT_R0.22pct,2026-03-04,2026-03-03 22:27,UP,2026-03-03 22:45,SHORT,24667.00,24677.00,24664.00,2026-03-03 22:45,TARGET_HIT,1,3.00
PCT_R0.22pct,2026-03-05,2026-03-04 13:02,UP,2026-03-04 14:14,SHORT,25195.25,25205.25,25192.25,2026-03-04 14:15,STOP_HIT,2,-10.00
PCT_R0.22pct,2026-03-05,2026-03-05 02:03,UP,2026-03-05 02:21,SHORT,25139.00,25149.00,25136.00,2026-03-05 02:21,STOP_HIT,1,-10.00
PCT_R0.22pct,2026-03-05,2026-03-05 02:21,DOWN,2026-03-05 02:50,LONG,25075.25,25065.25,25078.25,2026-03-05 02:50,STOP_HIT,1,-10.00
PCT_R0.22pct,2026-03-05,2026-03-05 05:14,DOWN,2026-03-05 05:27,LONG,25011.75,25001.75,25014.75,2026-03-05 05:27,STOP_HIT,1,-10.00
PCT_R0.22pct,2026-03-05,2026-03-05 10:47,UP,2026-03-05 10:58,SHORT,25048.50,25058.50,25045.50,2026-03-05 10:58,TARGET_HIT,1,3.00
PCT_R0.22pct,2026-03-06,2026-03-05 13:02,UP,2026-03-05 13:42,SHORT,25062.00,25072.00,25059.00,2026-03-05 13:43,TARGET_HIT,2,3.00
PCT_R0.22pct,2026-03-06,2026-03-05 14:14,DOWN,2026-03-05 15:28,LONG,25046.25,25036.25,25049.25,2026-03-05 15:29,TARGET_HIT,2,3.00
PCT_R0.22pct,2026-03-06,2026-03-05 15:29,UP,2026-03-05 16:13,SHORT,25092.75,25102.75,25089.75,2026-03-05 16:14,STOP_HIT,2,-10.00
PCT_R0.22pct,2026-03-06,2026-03-05 22:46,DOWN,2026-03-05 23:05,LONG,25043.25,25033.25,25046.25,2026-03-05 23:05,TARGET_HIT,1,3.00
PCT_R0.22pct,2026-03-06,2026-03-06 05:10,UP,2026-03-06 05:20,SHORT,24783.00,24793.00,24780.00,2026-03-06 05:20,STOP_HIT,1,-10.00
PCT_R0.22pct,2026-03-06,2026-03-06 06:23,UP,2026-03-06 06:35,SHORT,24803.25,24813.25,24800.25,2026-03-06 06:35,STOP_HIT,1,-10.00
PCT_R0.22pct,2026-03-06,2026-03-06 07:43,UP,2026-03-06 08:26,SHORT,24852.50,24862.50,24849.50,2026-03-06 08:26,TARGET_HIT,1,3.00
PCT_R0.22pct,2026-03-06,2026-03-06 09:05,UP,2026-03-06 09:15,SHORT,24841.50,24851.50,24838.50,2026-03-06 09:15,TARGET_HIT,1,3.00
PCT_R0.22pct,2026-03-06,2026-03-06 09:14,DOWN,2026-03-06 09:24,LONG,24814.25,24804.25,24817.25,2026-03-06 09:24,STOP_HIT,1,-10.00
PCT_R0.22pct,2026-03-06,2026-03-06 09:25,UP,2026-03-06 09:36,SHORT,24828.00,24838.00,24825.00,2026-03-06 09:36,TARGET_HIT,1,3.00
PCT_R0.22pct,2026-03-09,2026-03-08 14:14,UP,2026-03-08 14:24,SHORT,24283.00,24293.00,24280.00,2026-03-08 14:24,TARGET_HIT,1,3.00
PCT_R0.22pct,2026-03-09,2026-03-08 15:00,DOWN,2026-03-08 15:12,LONG,24279.50,24269.50,24282.50,2026-03-08 15:13,TARGET_HIT,2,3.00
PCT_R0.22pct,2026-03-10,2026-03-09 14:08,DOWN,2026-03-09 14:18,LONG,24922.75,24912.75,24925.75,2026-03-09 14:18,STOP_HIT,1,-10.00
PCT_R0.22pct,2026-03-10,2026-03-09 14:29,DOWN,2026-03-09 14:46,LONG,24934.25,24924.25,24937.25,2026-03-09 14:48,STOP_HIT,3,-10.00
PCT_R0.22pct,2026-03-10,2026-03-09 16:14,UP,2026-03-09 16:40,SHORT,24941.75,24951.75,24938.75,2026-03-09 16:40,TARGET_HIT,1,3.00
PCT_R0.22pct,2026-03-10,2026-03-09 18:57,UP,2026-03-09 19:31,SHORT,24914.00,24924.00,24911.00,2026-03-09 19:32,TARGET_HIT,2,3.00
PCT_R0.22pct,2026-03-10,2026-03-09 19:21,DOWN,2026-03-09 19:33,LONG,24912.75,24902.75,24915.75,2026-03-09 19:33,TARGET_HIT,1,3.00
PCT_R0.22pct,2026-03-10,2026-03-09 19:47,UP,2026-03-09 22:28,SHORT,24953.25,24963.25,24950.25,2026-03-09 22:28,TARGET_HIT,1,3.00
PCT_R0.22pct,2026-03-10,2026-03-10 03:04,DOWN,2026-03-10 04:35,LONG,24928.75,24918.75,24931.75,2026-03-10 04:35,TARGET_HIT,1,3.00
PCT_R0.22pct,2026-03-10,2026-03-10 04:31,UP,2026-03-10 04:56,SHORT,24995.75,25005.75,24992.75,2026-03-10 04:56,TARGET_HIT,1,3.00
PCT_R0.22pct,2026-03-10,2026-03-10 05:50,DOWN,2026-03-10 06:00,LONG,24964.75,24954.75,24967.75,2026-03-10 06:00,STOP_HIT,1,-10.00
PCT_R0.22pct,2026-03-10,2026-03-10 06:16,UP,2026-03-10 06:29,SHORT,25009.00,25019.00,25006.00,2026-03-10 06:29,TARGET_HIT,1,3.00
PCT_R0.22pct,2026-03-11,2026-03-10 14:15,DOWN,2026-03-10 14:40,LONG,24959.50,24949.50,24962.50,2026-03-10 14:40,TARGET_HIT,1,3.00
PCT_R0.22pct,2026-03-11,2026-03-10 14:44,UP,2026-03-10 15:51,SHORT,25020.00,25030.00,25017.00,2026-03-10 15:52,TARGET_HIT,2,3.00
PCT_R0.22pct,2026-03-11,2026-03-10 19:58,DOWN,2026-03-10 22:01,LONG,25021.25,25011.25,25024.25,2026-03-10 22:01,TARGET_HIT,1,3.00
PCT_R0.22pct,2026-03-11,2026-03-11 03:03,DOWN,2026-03-11 03:26,LONG,24991.50,24981.50,24994.50,2026-03-11 03:26,TARGET_HIT,1,3.00
PCT_R0.22pct,2026-03-11,2026-03-11 06:34,UP,2026-03-11 07:00,SHORT,25065.75,25075.75,25062.75,2026-03-11 07:00,STOP_HIT,1,-10.00
PCT_R0.22pct,2026-03-11,2026-03-11 09:00,DOWN,2026-03-11 09:20,LONG,24979.75,24969.75,24982.75,2026-03-11 09:20,TARGET_HIT,1,3.00
PCT_R0.22pct,2026-03-11,2026-03-11 11:55,DOWN,2026-03-11 12:05,LONG,24953.00,24943.00,24956.00,2026-03-11 12:05,TARGET_HIT,1,3.00
PCT_R0.22pct,2026-03-12,2026-03-11 14:00,DOWN,2026-03-11 14:10,LONG,24898.50,24888.50,24901.50,2026-03-11 14:12,TARGET_HIT,3,3.00
PCT_R0.22pct,2026-03-12,2026-03-11 17:43,DOWN,2026-03-11 17:55,LONG,24777.50,24767.50,24780.50,2026-03-11 17:55,TARGET_HIT,1,3.00
PCT_R0.22pct,2026-03-12,2026-03-11 19:38,UP,2026-03-12 00:17,SHORT,24877.75,24887.75,24874.75,2026-03-12 00:17,TARGET_HIT,1,3.00
PCT_R0.22pct,2026-03-12,2026-03-12 03:43,DOWN,2026-03-12 05:00,LONG,24834.50,24824.50,24837.50,2026-03-12 05:01,STOP_HIT,2,-10.00
PCT_R0.22pct,2026-03-12,2026-03-12 05:32,UP,2026-03-12 05:42,SHORT,24791.25,24801.25,24788.25,2026-03-12 05:42,TARGET_HIT,1,3.00
PCT_R0.22pct,2026-03-13,2026-03-12 14:01,UP,2026-03-12 14:34,SHORT,24594.75,24604.75,24591.75,2026-03-12 14:34,TARGET_HIT,1,3.00
PCT_R0.22pct,2026-03-13,2026-03-12 15:05,DOWN,2026-03-12 15:44,LONG,24560.25,24550.25,24563.25,2026-03-12 15:44,TARGET_HIT,1,3.00
PCT_R0.22pct,2026-03-13,2026-03-12 16:02,UP,2026-03-12 16:19,SHORT,24615.25,24625.25,24612.25,2026-03-12 16:19,TARGET_HIT,1,3.00
PCT_R0.22pct,2026-03-13,2026-03-12 17:10,DOWN,2026-03-12 22:54,LONG,24492.75,24482.75,24495.75,2026-03-12 22:54,STOP_HIT,1,-10.00
PCT_R0.22pct,2026-03-13,2026-03-13 01:39,UP,2026-03-13 02:18,SHORT,24593.50,24603.50,24590.50,2026-03-13 02:19,STOP_HIT,2,-10.00
PCT_R0.22pct,2026-03-13,2026-03-13 06:32,DOWN,2026-03-13 06:44,LONG,24608.50,24598.50,24611.50,2026-03-13 06:44,STOP_HIT,1,-10.00
PCT_R0.22pct,2026-03-16,2026-03-15 14:02,DOWN,2026-03-15 14:17,LONG,24509.75,24499.75,24512.75,2026-03-15 14:17,TARGET_HIT,1,3.00
PCT_R0.22pct,2026-03-16,2026-03-15 14:16,UP,2026-03-15 14:38,SHORT,24555.75,24565.75,24552.75,2026-03-15 14:38,TARGET_HIT,1,3.00
PCT_R0.22pct,2026-03-16,2026-03-16 01:46,UP,2026-03-16 02:12,SHORT,24740.25,24750.25,24737.25,2026-03-16 02:12,TARGET_HIT,1,3.00
PCT_R0.22pct,2026-03-16,2026-03-16 06:50,UP,2026-03-16 07:00,SHORT,24910.25,24920.25,24907.25,2026-03-16 07:00,TARGET_HIT,1,3.00
PCT_R0.22pct,2026-03-16,2026-03-16 08:31,UP,2026-03-16 08:49,SHORT,24883.75,24893.75,24880.75,2026-03-16 08:49,STOP_HIT,1,-10.00
PCT_R0.22pct,2026-03-16,2026-03-16 11:10,DOWN,2026-03-16 11:54,LONG,24879.25,24869.25,24882.25,2026-03-16 11:54,STOP_HIT,1,-10.00
PCT_R0.22pct,2026-03-17,2026-03-16 15:59,DOWN,2026-03-16 16:25,LONG,24827.00,24817.00,24830.00,2026-03-16 16:26,TARGET_HIT,2,3.00
PCT_R0.22pct,2026-03-17,2026-03-16 21:16,DOWN,2026-03-16 21:47,LONG,24796.50,24786.50,24799.50,2026-03-16 21:47,STOP_HIT,1,-10.00
PCT_R0.22pct,2026-03-17,2026-03-17 00:36,UP,2026-03-17 02:17,SHORT,24809.50,24819.50,24806.50,2026-03-17 02:17,TARGET_HIT,1,3.00
PCT_R0.22pct,2026-03-17,2026-03-17 08:07,UP,2026-03-17 08:34,SHORT,25007.25,25017.25,25004.25,2026-03-17 08:34,TARGET_HIT,1,3.00
PCT_R0.22pct,2026-03-17,2026-03-17 10:10,DOWN,2026-03-17 10:34,LONG,25000.00,24990.00,25003.00,2026-03-17 10:34,TARGET_HIT,1,3.00
PCT_R0.22pct,2026-03-18,2026-03-17 14:48,UP,2026-03-17 16:11,SHORT,25045.50,25055.50,25042.50,2026-03-17 16:11,TARGET_HIT,1,3.00
PCT_R0.22pct,2026-03-19,2026-03-18 14:00,DOWN,2026-03-18 14:32,LONG,24576.50,24566.50,24579.50,2026-03-18 14:34,TARGET_HIT,3,3.00
PCT_R0.22pct,2026-03-19,2026-03-18 14:37,UP,2026-03-18 15:11,SHORT,24615.75,24625.75,24612.75,2026-03-18 15:11,TARGET_HIT,1,3.00
PCT_R0.22pct,2026-03-19,2026-03-18 15:45,UP,2026-03-18 16:28,SHORT,24612.50,24622.50,24609.50,2026-03-18 16:29,STOP_HIT,2,-10.00
PCT_R0.22pct,2026-03-19,2026-03-18 16:05,DOWN,2026-03-18 16:45,LONG,24590.25,24580.25,24593.25,2026-03-18 16:46,TARGET_HIT,2,3.00
PCT_R0.22pct,2026-03-19,2026-03-19 01:51,DOWN,2026-03-19 03:03,LONG,24598.50,24588.50,24601.50,2026-03-19 03:03,STOP_HIT,1,-10.00
PCT_R0.22pct,2026-03-19,2026-03-19 10:03,UP,2026-03-19 10:19,SHORT,24488.25,24498.25,24485.25,2026-03-19 10:19,STOP_HIT,1,-10.00
PCT_R0.22pct,2026-03-19,2026-03-19 10:13,DOWN,2026-03-19 10:34,LONG,24457.50,24447.50,24460.50,2026-03-19 10:34,TARGET_HIT,1,3.00
PCT_R0.22pct,2026-03-19,2026-03-19 10:50,UP,2026-03-19 11:01,SHORT,24535.50,24545.50,24532.50,2026-03-19 11:01,STOP_HIT,1,-10.00
PCT_R0.22pct,2026-03-20,2026-03-19 14:00,DOWN,2026-03-19 14:10,LONG,24619.75,24609.75,24622.75,2026-03-19 14:10,TARGET_HIT,1,3.00
PCT_R0.22pct,2026-03-20,2026-03-19 14:05,UP,2026-03-19 15:09,SHORT,24657.00,24667.00,24654.00,2026-03-19 15:09,TARGET_HIT,1,3.00
PCT_R0.22pct,2026-03-20,2026-03-19 16:04,UP,2026-03-19 16:19,SHORT,24626.25,24636.25,24623.25,2026-03-19 16:19,TARGET_HIT,1,3.00
PCT_R0.22pct,2026-03-20,2026-03-19 16:24,UP,2026-03-19 18:28,SHORT,24623.00,24633.00,24620.00,2026-03-19 18:30,TARGET_HIT,3,3.00
PCT_R0.22pct,2026-03-20,2026-03-19 17:46,DOWN,2026-03-19 19:27,LONG,24603.75,24593.75,24606.75,2026-03-19 19:28,TARGET_HIT,2,3.00
PCT_R0.22pct,2026-03-23,2026-03-22 14:00,UP,2026-03-22 14:10,SHORT,24005.00,24015.00,24002.00,2026-03-22 14:10,TARGET_HIT,1,3.00
PCT_R0.22pct,2026-03-23,2026-03-22 15:12,DOWN,2026-03-22 15:46,LONG,24013.00,24003.00,24016.00,2026-03-22 15:46,TARGET_HIT,1,3.00
PCT_R0.22pct,2026-03-23,2026-03-22 16:05,UP,2026-03-22 16:15,SHORT,24056.25,24066.25,24053.25,2026-03-22 16:15,TARGET_HIT,1,3.00
PCT_R0.22pct,2026-03-23,2026-03-22 16:23,DOWN,2026-03-22 16:38,LONG,23974.00,23964.00,23977.00,2026-03-22 16:38,TARGET_HIT,1,3.00
PCT_R0.22pct,2026-03-23,2026-03-22 17:01,UP,2026-03-22 17:38,SHORT,24054.75,24064.75,24051.75,2026-03-22 17:38,STOP_HIT,1,-10.00
PCT_R0.22pct,2026-03-23,2026-03-22 17:38,DOWN,2026-03-22 20:17,LONG,23980.00,23970.00,23983.00,2026-03-22 20:17,TARGET_HIT,1,3.00
PCT_R0.22pct,2026-03-23,2026-03-22 21:07,DOWN,2026-03-22 21:26,LONG,23981.00,23971.00,23984.00,2026-03-22 21:26,TARGET_HIT,1,3.00
PCT_R0.22pct,2026-03-23,2026-03-23 09:47,UP,2026-03-23 10:06,SHORT,24480.25,24490.25,24477.25,2026-03-23 10:06,TARGET_HIT,1,3.00
PCT_R0.22pct,2026-03-23,2026-03-23 10:07,UP,2026-03-23 10:17,SHORT,24438.50,24448.50,24435.50,2026-03-23 10:17,TARGET_HIT,1,3.00
PCT_R0.22pct,2026-03-24,2026-03-23 14:06,UP,2026-03-23 14:33,SHORT,24415.75,24425.75,24412.75,2026-03-23 14:34,STOP_HIT,2,-10.00
PCT_R0.22pct,2026-03-24,2026-03-23 14:58,DOWN,2026-03-23 16:19,LONG,24323.00,24313.00,24326.00,2026-03-23 16:19,TARGET_HIT,1,3.00
PCT_R0.22pct,2026-03-24,2026-03-23 21:28,UP,2026-03-23 22:50,SHORT,24362.25,24372.25,24359.25,2026-03-23 22:50,TARGET_HIT,1,3.00
PCT_R0.22pct,2026-03-24,2026-03-24 01:14,UP,2026-03-24 01:50,SHORT,24382.25,24392.25,24379.25,2026-03-24 01:50,TARGET_HIT,1,3.00
PCT_R0.22pct,2026-03-24,2026-03-24 08:06,UP,2026-03-24 08:17,SHORT,24326.75,24336.75,24323.75,2026-03-24 08:17,STOP_HIT,1,-10.00
PCT_R0.22pct,2026-03-24,2026-03-24 08:22,DOWN,2026-03-24 08:44,LONG,24281.50,24271.50,24284.50,2026-03-24 08:44,TARGET_HIT,1,3.00
PCT_R0.22pct,2026-03-24,2026-03-24 08:40,UP,2026-03-24 08:50,SHORT,24290.25,24300.25,24287.25,2026-03-24 08:50,STOP_HIT,1,-10.00
PCT_R0.22pct,2026-03-24,2026-03-24 08:46,DOWN,2026-03-24 08:57,LONG,24289.75,24279.75,24292.75,2026-03-24 08:57,STOP_HIT,1,-10.00
PCT_R0.22pct,2026-03-24,2026-03-24 10:18,UP,2026-03-24 10:40,SHORT,24344.25,24354.25,24341.25,2026-03-24 10:40,TARGET_HIT,1,3.00
PCT_R0.22pct,2026-03-24,2026-03-24 11:15,DOWN,2026-03-24 11:36,LONG,24230.75,24220.75,24233.75,2026-03-24 11:36,TARGET_HIT,1,3.00
PCT_R0.22pct,2026-03-25,2026-03-24 14:07,DOWN,2026-03-24 14:18,LONG,24408.50,24398.50,24411.50,2026-03-24 14:18,TARGET_HIT,1,3.00
PCT_R0.22pct,2026-03-25,2026-03-24 14:25,UP,2026-03-24 15:22,SHORT,24435.00,24445.00,24432.00,2026-03-24 15:22,TARGET_HIT,1,3.00
PCT_R0.22pct,2026-03-25,2026-03-24 15:27,DOWN,2026-03-24 16:02,LONG,24392.25,24382.25,24395.25,2026-03-24 16:02,TARGET_HIT,1,3.00
PCT_R0.22pct,2026-03-25,2026-03-24 16:04,UP,2026-03-24 16:14,SHORT,24441.25,24451.25,24438.25,2026-03-24 16:14,STOP_HIT,1,-10.00
PCT_R0.22pct,2026-03-25,2026-03-24 16:39,DOWN,2026-03-24 18:41,LONG,24364.25,24354.25,24367.25,2026-03-24 18:42,TARGET_HIT,2,3.00
PCT_R0.22pct,2026-03-25,2026-03-24 21:08,DOWN,2026-03-24 21:56,LONG,24381.75,24371.75,24384.75,2026-03-24 21:56,TARGET_HIT,1,3.00
PCT_R0.22pct,2026-03-25,2026-03-24 22:35,UP,2026-03-25 00:21,SHORT,24526.25,24536.25,24523.25,2026-03-25 00:22,TARGET_HIT,2,3.00
PCT_R0.22pct,2026-03-25,2026-03-25 04:32,UP,2026-03-25 04:55,SHORT,24451.50,24461.50,24448.50,2026-03-25 04:55,STOP_HIT,1,-10.00
PCT_R0.22pct,2026-03-25,2026-03-25 05:07,DOWN,2026-03-25 05:26,LONG,24433.25,24423.25,24436.25,2026-03-25 05:26,TARGET_HIT,1,3.00
PCT_R0.22pct,2026-03-25,2026-03-25 05:38,DOWN,2026-03-25 05:53,LONG,24385.25,24375.25,24388.25,2026-03-25 05:53,TARGET_HIT,1,3.00
PCT_R0.22pct,2026-03-25,2026-03-25 06:52,DOWN,2026-03-25 07:15,LONG,24386.50,24376.50,24389.50,2026-03-25 07:15,TARGET_HIT,1,3.00
PCT_R0.22pct,2026-03-25,2026-03-25 08:34,DOWN,2026-03-25 08:53,LONG,24418.75,24408.75,24421.75,2026-03-25 08:53,TARGET_HIT,1,3.00
PCT_R0.22pct,2026-03-25,2026-03-25 09:10,UP,2026-03-25 09:42,SHORT,24455.25,24465.25,24452.25,2026-03-25 09:42,TARGET_HIT,1,3.00
PCT_R0.22pct,2026-03-25,2026-03-25 09:55,UP,2026-03-25 10:05,SHORT,24422.50,24432.50,24419.50,2026-03-25 10:05,STOP_HIT,1,-10.00
PCT_R0.22pct,2026-03-25,2026-03-25 09:58,DOWN,2026-03-25 10:09,LONG,24412.25,24402.25,24415.25,2026-03-25 10:09,TARGET_HIT,1,3.00
PCT_R0.22pct,2026-03-26,2026-03-25 14:00,DOWN,2026-03-25 14:54,LONG,24316.25,24306.25,24319.25,2026-03-25 14:54,TARGET_HIT,1,3.00
PCT_R0.22pct,2026-03-26,2026-03-25 15:45,UP,2026-03-25 16:08,SHORT,24332.25,24342.25,24329.25,2026-03-25 16:08,TARGET_HIT,1,3.00
PCT_R0.22pct,2026-03-26,2026-03-25 18:37,UP,2026-03-25 19:52,SHORT,24378.00,24388.00,24375.00,2026-03-25 19:54,TARGET_HIT,3,3.00
PCT_R0.22pct,2026-03-26,2026-03-25 19:40,DOWN,2026-03-25 21:36,LONG,24291.25,24281.25,24294.25,2026-03-25 21:37,STOP_HIT,2,-10.00
PCT_R0.22pct,2026-03-26,2026-03-26 05:39,UP,2026-03-26 05:57,SHORT,24213.25,24223.25,24210.25,2026-03-26 05:57,TARGET_HIT,1,3.00
PCT_R0.22pct,2026-03-26,2026-03-26 06:15,DOWN,2026-03-26 06:38,LONG,24165.75,24155.75,24168.75,2026-03-26 06:38,TARGET_HIT,1,3.00
PCT_R0.22pct,2026-03-27,2026-03-26 14:00,UP,2026-03-26 14:16,SHORT,23878.00,23888.00,23875.00,2026-03-26 14:16,TARGET_HIT,1,3.00
PCT_R0.22pct,2026-03-27,2026-03-26 16:10,DOWN,2026-03-26 16:22,LONG,23867.50,23857.50,23870.50,2026-03-26 16:22,STOP_HIT,1,-10.00
PCT_R0.22pct,2026-03-27,2026-03-26 17:01,UP,2026-03-26 17:59,SHORT,23864.50,23874.50,23861.50,2026-03-26 18:00,STOP_HIT,2,-10.00
PCT_R0.22pct,2026-03-27,2026-03-26 21:15,DOWN,2026-03-27 00:47,LONG,23789.25,23779.25,23792.25,2026-03-27 00:47,TARGET_HIT,1,3.00
PCT_R0.22pct,2026-03-30,2026-03-29 14:02,DOWN,2026-03-29 14:12,LONG,23158.75,23148.75,23161.75,2026-03-29 14:12,TARGET_HIT,1,3.00
PCT_R0.22pct,2026-03-30,2026-03-29 14:06,UP,2026-03-29 14:22,SHORT,23225.00,23235.00,23222.00,2026-03-29 14:22,STOP_HIT,1,-10.00
PCT_R0.22pct,2026-03-30,2026-03-29 14:45,UP,2026-03-29 15:02,SHORT,23210.75,23220.75,23207.75,2026-03-29 15:02,TARGET_HIT,1,3.00
PCT_R0.22pct,2026-03-30,2026-03-29 15:03,DOWN,2026-03-29 15:13,LONG,23188.00,23178.00,23191.00,2026-03-29 15:14,STOP_HIT,2,-10.00
PCT_R0.22pct,2026-03-30,2026-03-29 16:27,DOWN,2026-03-29 16:53,LONG,23142.50,23132.50,23145.50,2026-03-29 16:53,TARGET_HIT,1,3.00
PCT_R0.22pct,2026-03-30,2026-03-29 17:25,UP,2026-03-29 17:37,SHORT,23180.00,23190.00,23177.00,2026-03-29 17:37,TARGET_HIT,1,3.00
PCT_R0.22pct,2026-03-30,2026-03-30 05:32,DOWN,2026-03-30 06:01,LONG,23322.25,23312.25,23325.25,2026-03-30 06:01,STOP_HIT,1,-10.00
PCT_R0.22pct,2026-03-30,2026-03-30 07:05,DOWN,2026-03-30 07:15,LONG,23317.75,23307.75,23320.75,2026-03-30 07:15,STOP_HIT,1,-10.00
PCT_R0.22pct,2026-03-30,2026-03-30 07:16,UP,2026-03-30 07:40,SHORT,23373.00,23383.00,23370.00,2026-03-30 07:40,TARGET_HIT,1,3.00
PCT_R0.22pct,2026-03-30,2026-03-30 07:52,DOWN,2026-03-30 08:13,LONG,23345.50,23335.50,23348.50,2026-03-30 08:13,STOP_HIT,1,-10.00
PCT_R0.22pct,2026-03-31,2026-03-30 14:05,DOWN,2026-03-30 15:01,LONG,23077.75,23067.75,23080.75,2026-03-30 15:01,TARGET_HIT,1,3.00
PCT_R0.22pct,2026-03-31,2026-03-30 16:02,DOWN,2026-03-30 16:12,LONG,23026.75,23016.75,23029.75,2026-03-30 16:12,STOP_HIT,1,-10.00
PCT_R0.22pct,2026-03-31,2026-03-30 23:19,UP,2026-03-30 23:31,SHORT,23285.50,23295.50,23282.50,2026-03-30 23:31,TARGET_HIT,1,3.00
PCT_R0.22pct,2026-04-01,2026-03-31 14:00,UP,2026-03-31 14:10,SHORT,23915.50,23925.50,23912.50,2026-03-31 14:10,TARGET_HIT,1,3.00
PCT_R0.22pct,2026-04-01,2026-03-31 18:36,UP,2026-03-31 20:25,SHORT,24004.00,24014.00,24001.00,2026-03-31 20:25,TARGET_HIT,1,3.00
PCT_R0.22pct,2026-04-01,2026-04-01 00:56,DOWN,2026-04-01 01:26,LONG,24031.50,24021.50,24034.50,2026-04-01 01:26,STOP_HIT,1,-10.00
PCT_R0.22pct,2026-04-01,2026-04-01 01:23,UP,2026-04-01 01:46,SHORT,24053.25,24063.25,24050.25,2026-04-01 01:46,STOP_HIT,1,-10.00
PCT_R0.22pct,2026-04-01,2026-04-01 04:46,DOWN,2026-04-01 05:00,LONG,24061.00,24051.00,24064.00,2026-04-01 05:00,STOP_HIT,1,-10.00
PCT_R0.22pct,2026-04-01,2026-04-01 05:07,UP,2026-04-01 05:18,SHORT,24080.75,24090.75,24077.75,2026-04-01 05:18,STOP_HIT,1,-10.00
PCT_R0.22pct,2026-04-01,2026-04-01 10:36,UP,2026-04-01 10:47,SHORT,24160.25,24170.25,24157.25,2026-04-01 10:47,STOP_HIT,1,-10.00
PCT_R0.22pct,2026-04-01,2026-04-01 10:41,DOWN,2026-04-01 10:59,LONG,24160.25,24150.25,24163.25,2026-04-01 10:59,TARGET_HIT,1,3.00
PCT_R0.22pct,2026-04-02,2026-04-01 16:31,UP,2026-04-01 16:42,SHORT,24202.25,24212.25,24199.25,2026-04-01 16:42,STOP_HIT,1,-10.00
PCT_R0.22pct,2026-04-02,2026-04-02 05:45,UP,2026-04-02 06:01,SHORT,23896.25,23906.25,23893.25,2026-04-02 06:01,TARGET_HIT,1,3.00
PCT_R0.22pct,2026-04-06,2026-04-05 14:00,DOWN,2026-04-05 14:10,LONG,24003.25,23993.25,24006.25,2026-04-05 14:10,STOP_HIT,1,-10.00
PCT_R0.22pct,2026-04-06,2026-04-05 14:11,UP,2026-04-05 14:21,SHORT,24029.25,24039.25,24026.25,2026-04-05 14:21,STOP_HIT,1,-10.00
PCT_R0.22pct,2026-04-06,2026-04-06 06:41,DOWN,2026-04-06 06:51,LONG,24275.75,24265.75,24278.75,2026-04-06 06:51,TARGET_HIT,1,3.00
PCT_R0.22pct,2026-04-06,2026-04-06 06:49,UP,2026-04-06 07:02,SHORT,24329.25,24339.25,24326.25,2026-04-06 07:02,TARGET_HIT,1,3.00
PCT_R0.22pct,2026-04-06,2026-04-06 07:02,DOWN,2026-04-06 07:25,LONG,24286.50,24276.50,24289.50,2026-04-06 07:25,STOP_HIT,1,-10.00
PCT_R0.22pct,2026-04-06,2026-04-06 07:33,UP,2026-04-06 08:03,SHORT,24307.75,24317.75,24304.75,2026-04-06 08:04,TARGET_HIT,2,3.00
PCT_R0.22pct,2026-04-06,2026-04-06 08:38,DOWN,2026-04-06 09:11,LONG,24265.00,24255.00,24268.00,2026-04-06 09:11,TARGET_HIT,1,3.00
PCT_R0.22pct,2026-04-06,2026-04-06 09:34,DOWN,2026-04-06 09:44,LONG,24289.50,24279.50,24292.50,2026-04-06 09:44,TARGET_HIT,1,3.00
PCT_R0.22pct,2026-04-06,2026-04-06 10:04,UP,2026-04-06 10:17,SHORT,24315.25,24325.25,24312.25,2026-04-06 10:17,TARGET_HIT,1,3.00
PCT_R0.22pct,2026-04-07,2026-04-06 14:06,DOWN,2026-04-06 14:24,LONG,24316.00,24306.00,24319.00,2026-04-06 14:24,STOP_HIT,1,-10.00
PCT_R0.22pct,2026-04-07,2026-04-06 16:06,UP,2026-04-06 16:18,SHORT,24348.75,24358.75,24345.75,2026-04-06 16:18,TARGET_HIT,1,3.00
PCT_R0.22pct,2026-04-07,2026-04-06 16:17,DOWN,2026-04-06 16:46,LONG,24308.50,24298.50,24311.50,2026-04-06 16:47,TARGET_HIT,2,3.00
PCT_R0.22pct,2026-04-07,2026-04-07 02:28,DOWN,2026-04-07 02:47,LONG,24261.50,24251.50,24264.50,2026-04-07 02:48,STOP_HIT,2,-10.00
PCT_R0.22pct,2026-04-07,2026-04-07 05:14,UP,2026-04-07 05:31,SHORT,24251.25,24261.25,24248.25,2026-04-07 05:31,TARGET_HIT,1,3.00
PCT_R0.22pct,2026-04-07,2026-04-07 08:03,DOWN,2026-04-07 08:14,LONG,24160.00,24150.00,24163.00,2026-04-07 08:14,TARGET_HIT,1,3.00
PCT_R0.22pct,2026-04-07,2026-04-07 08:10,UP,2026-04-07 08:24,SHORT,24185.00,24195.00,24182.00,2026-04-07 08:24,STOP_HIT,1,-10.00
PCT_R0.22pct,2026-04-07,2026-04-07 09:21,UP,2026-04-07 09:35,SHORT,24229.75,24239.75,24226.75,2026-04-07 09:35,STOP_HIT,1,-10.00
PCT_R0.22pct,2026-04-08,2026-04-07 14:00,UP,2026-04-07 14:10,SHORT,24615.75,24625.75,24612.75,2026-04-07 14:10,TARGET_HIT,1,3.00
PCT_R0.22pct,2026-04-08,2026-04-07 14:06,DOWN,2026-04-07 14:27,LONG,24606.00,24596.00,24609.00,2026-04-07 14:27,TARGET_HIT,1,3.00
PCT_R0.22pct,2026-04-08,2026-04-08 05:31,DOWN,2026-04-08 05:41,LONG,25120.25,25110.25,25123.25,2026-04-08 05:41,STOP_HIT,1,-10.00
PCT_R0.22pct,2026-04-08,2026-04-08 07:10,UP,2026-04-08 09:09,SHORT,25126.50,25136.50,25123.50,2026-04-08 09:09,TARGET_HIT,1,3.00
PCT_R0.22pct,2026-04-08,2026-04-08 09:37,UP,2026-04-08 10:06,SHORT,25122.50,25132.50,25119.50,2026-04-08 10:06,TARGET_HIT,1,3.00
PCT_R0.22pct,2026-04-08,2026-04-08 11:59,DOWN,2026-04-08 12:38,LONG,25040.25,25030.25,25043.25,2026-04-08 12:40,TARGET_HIT,3,3.00
PCT_R0.22pct,2026-04-09,2026-04-08 14:09,DOWN,2026-04-08 16:03,LONG,25010.25,25000.25,25013.25,2026-04-08 16:03,TARGET_HIT,1,3.00
PCT_R0.22pct,2026-04-09,2026-04-08 17:23,UP,2026-04-08 18:32,SHORT,25033.00,25043.00,25030.00,2026-04-08 18:36,TARGET_HIT,5,3.00
PCT_R0.22pct,2026-04-09,2026-04-08 18:51,DOWN,2026-04-08 21:11,LONG,24995.25,24985.25,24998.25,2026-04-08 21:11,TARGET_HIT,1,3.00
PCT_R0.22pct,2026-04-09,2026-04-08 21:10,UP,2026-04-08 22:03,SHORT,25046.25,25056.25,25043.25,2026-04-08 22:03,STOP_HIT,1,-10.00
PCT_R0.22pct,2026-04-09,2026-04-08 22:03,DOWN,2026-04-08 23:23,LONG,25005.00,24995.00,25008.00,2026-04-08 23:23,TARGET_HIT,1,3.00
PCT_R0.22pct,2026-04-09,2026-04-09 00:15,UP,2026-04-09 04:53,SHORT,25031.00,25041.00,25028.00,2026-04-09 04:53,TARGET_HIT,1,3.00
PCT_R0.22pct,2026-04-09,2026-04-09 05:45,DOWN,2026-04-09 06:01,LONG,25019.50,25009.50,25022.50,2026-04-09 06:01,STOP_HIT,1,-10.00
PCT_R0.22pct,2026-04-09,2026-04-09 06:36,UP,2026-04-09 07:03,SHORT,25035.50,25045.50,25032.50,2026-04-09 07:03,TARGET_HIT,1,3.00
PCT_R0.22pct,2026-04-10,2026-04-09 14:06,DOWN,2026-04-09 15:03,LONG,25196.25,25186.25,25199.25,2026-04-09 15:03,TARGET_HIT,1,3.00
PCT_R0.22pct,2026-04-10,2026-04-09 15:03,UP,2026-04-09 16:38,SHORT,25251.00,25261.00,25248.00,2026-04-09 16:38,TARGET_HIT,1,3.00
PCT_R0.22pct,2026-04-10,2026-04-09 19:39,DOWN,2026-04-09 23:17,LONG,25231.75,25221.75,25234.75,2026-04-09 23:18,TARGET_HIT,2,3.00
PCT_R0.22pct,2026-04-10,2026-04-10 00:18,UP,2026-04-10 02:29,SHORT,25272.50,25282.50,25269.50,2026-04-10 02:29,TARGET_HIT,1,3.00
PCT_R0.22pct,2026-04-10,2026-04-10 07:24,DOWN,2026-04-10 07:53,LONG,25294.00,25284.00,25297.00,2026-04-10 07:53,STOP_HIT,1,-10.00
PCT_R0.22pct,2026-04-13,2026-04-12 14:04,UP,2026-04-12 14:14,SHORT,24998.00,25008.00,24995.00,2026-04-12 14:14,TARGET_HIT,1,3.00
PCT_R0.22pct,2026-04-13,2026-04-12 14:12,DOWN,2026-04-12 14:28,LONG,24954.25,24944.25,24957.25,2026-04-12 14:28,TARGET_HIT,1,3.00
PCT_R0.22pct,2026-04-13,2026-04-12 15:49,UP,2026-04-12 16:04,SHORT,24957.50,24967.50,24954.50,2026-04-12 16:04,TARGET_HIT,1,3.00
PCT_R0.22pct,2026-04-14,2026-04-13 15:10,DOWN,2026-04-13 16:07,LONG,25563.00,25553.00,25566.00,2026-04-13 16:07,TARGET_HIT,1,3.00
PCT_R0.22pct,2026-04-14,2026-04-13 16:06,UP,2026-04-13 23:06,SHORT,25620.75,25630.75,25617.75,2026-04-13 23:06,STOP_HIT,1,-10.00
PCT_R0.22pct,2026-04-15,2026-04-14 14:00,UP,2026-04-14 15:49,SHORT,26033.50,26043.50,26030.50,2026-04-14 15:51,TARGET_HIT,3,3.00
PCT_R0.22pct,2026-04-15,2026-04-14 21:00,DOWN,2026-04-14 21:10,LONG,26010.50,26000.50,26013.50,2026-04-14 21:10,TARGET_HIT,1,3.00
PCT_R0.22pct,2026-04-15,2026-04-15 03:46,DOWN,2026-04-15 03:56,LONG,25997.75,25987.75,26000.75,2026-04-15 03:56,TARGET_HIT,1,3.00
PCT_R0.22pct,2026-04-15,2026-04-15 04:16,UP,2026-04-15 05:26,SHORT,26020.25,26030.25,26017.25,2026-04-15 05:26,TARGET_HIT,1,3.00
PCT_R0.22pct,2026-04-16,2026-04-15 14:00,UP,2026-04-15 15:47,SHORT,26403.00,26413.00,26400.00,2026-04-15 15:48,STOP_HIT,2,-10.00
PCT_R0.22pct,2026-04-16,2026-04-15 23:40,DOWN,2026-04-16 00:20,LONG,26428.75,26418.75,26431.75,2026-04-16 00:20,TARGET_HIT,1,3.00
PCT_R0.22pct,2026-04-16,2026-04-16 06:23,UP,2026-04-16 07:04,SHORT,26438.00,26448.00,26435.00,2026-04-16 07:05,TARGET_HIT,2,3.00
PCT_R0.22pct,2026-04-16,2026-04-16 10:28,UP,2026-04-16 10:53,SHORT,26436.00,26446.00,26433.00,2026-04-16 10:54,TARGET_HIT,2,3.00
PCT_R0.22pct,2026-04-17,2026-04-16 21:03,UP,2026-04-17 00:30,SHORT,26497.75,26507.75,26494.75,2026-04-17 00:36,TARGET_HIT,7,3.00
PCT_R0.22pct,2026-04-20,2026-04-19 16:08,UP,2026-04-19 17:02,SHORT,26673.00,26683.00,26670.00,2026-04-19 17:02,TARGET_HIT,1,3.00
PCT_R0.22pct,2026-04-20,2026-04-19 21:44,UP,2026-04-19 22:31,SHORT,26665.00,26675.00,26662.00,2026-04-19 22:31,TARGET_HIT,1,3.00
PCT_R0.22pct,2026-04-20,2026-04-19 23:22,DOWN,2026-04-20 00:15,LONG,26647.50,26637.50,26650.50,2026-04-20 00:15,TARGET_HIT,1,3.00
PCT_R0.22pct,2026-04-20,2026-04-20 00:07,UP,2026-04-20 00:46,SHORT,26674.00,26684.00,26671.00,2026-04-20 00:48,TARGET_HIT,3,3.00
PCT_R0.22pct,2026-04-20,2026-04-20 07:51,UP,2026-04-20 10:07,SHORT,26722.75,26732.75,26719.75,2026-04-20 10:07,TARGET_HIT,1,3.00
PCT_R0.22pct,2026-04-21,2026-04-20 14:00,UP,2026-04-20 14:10,SHORT,26809.25,26819.25,26806.25,2026-04-20 14:10,TARGET_HIT,1,3.00
PCT_R0.22pct,2026-04-21,2026-04-20 22:10,DOWN,2026-04-21 00:15,LONG,26801.25,26791.25,26804.25,2026-04-21 00:15,TARGET_HIT,1,3.00
PCT_R0.22pct,2026-04-21,2026-04-21 03:40,DOWN,2026-04-21 05:31,LONG,26772.00,26762.00,26775.00,2026-04-21 05:31,STOP_HIT,1,-10.00
PCT_R0.22pct,2026-04-21,2026-04-21 06:17,DOWN,2026-04-21 07:01,LONG,26719.00,26709.00,26722.00,2026-04-21 07:01,STOP_HIT,1,-10.00
PCT_R0.22pct,2026-04-21,2026-04-21 10:50,UP,2026-04-21 11:36,SHORT,26745.00,26755.00,26742.00,2026-04-21 11:36,TARGET_HIT,1,3.00
PCT_R0.22pct,2026-04-21,2026-04-21 11:31,DOWN,2026-04-21 11:41,LONG,26713.75,26703.75,26716.75,2026-04-21 11:41,STOP_HIT,1,-10.00
PCT_R0.22pct,2026-04-21,2026-04-21 12:12,DOWN,2026-04-21 12:50,LONG,26723.75,26713.75,26726.75,2026-04-21 12:50,TARGET_HIT,1,3.00
PCT_R0.22pct,2026-04-22,2026-04-21 14:00,UP,2026-04-21 16:10,SHORT,26791.50,26801.50,26788.50,2026-04-21 16:11,STOP_HIT,2,-10.00
PCT_R0.22pct,2026-04-22,2026-04-21 23:44,DOWN,2026-04-22 00:46,LONG,26801.25,26791.25,26804.25,2026-04-22 00:46,TARGET_HIT,1,3.00
PCT_R0.22pct,2026-04-22,2026-04-22 00:40,UP,2026-04-22 01:01,SHORT,26827.25,26837.25,26824.25,2026-04-22 01:01,STOP_HIT,1,-10.00
PCT_R0.22pct,2026-04-22,2026-04-22 05:33,UP,2026-04-22 05:49,SHORT,26838.75,26848.75,26835.75,2026-04-22 05:49,TARGET_HIT,1,3.00
PCT_R0.22pct,2026-04-23,2026-04-22 15:24,DOWN,2026-04-22 16:11,LONG,27020.00,27010.00,27023.00,2026-04-22 16:11,TARGET_HIT,1,3.00
PCT_R0.22pct,2026-04-23,2026-04-22 16:18,UP,2026-04-22 16:28,SHORT,27023.75,27033.75,27020.75,2026-04-22 16:28,STOP_HIT,1,-10.00
PCT_R0.22pct,2026-04-23,2026-04-22 16:30,DOWN,2026-04-22 18:38,LONG,26959.50,26949.50,26962.50,2026-04-22 18:38,STOP_HIT,1,-10.00
PCT_R0.22pct,2026-04-23,2026-04-23 01:08,UP,2026-04-23 04:07,SHORT,27054.75,27064.75,27051.75,2026-04-23 04:07,STOP_HIT,1,-10.00
PCT_R0.22pct,2026-04-23,2026-04-23 06:02,UP,2026-04-23 06:28,SHORT,27017.25,27027.25,27014.25,2026-04-23 06:28,TARGET_HIT,1,3.00
PCT_R0.22pct,2026-04-23,2026-04-23 08:36,DOWN,2026-04-23 09:11,LONG,26959.75,26949.75,26962.75,2026-04-23 09:11,STOP_HIT,1,-10.00
PCT_R0.22pct,2026-04-24,2026-04-23 14:00,UP,2026-04-23 14:49,SHORT,27047.25,27057.25,27044.25,2026-04-23 14:49,TARGET_HIT,1,3.00
PCT_R0.22pct,2026-04-24,2026-04-23 20:25,UP,2026-04-23 22:45,SHORT,27080.75,27090.75,27077.75,2026-04-23 22:45,TARGET_HIT,1,3.00
PCT_R0.22pct,2026-04-24,2026-04-24 05:42,DOWN,2026-04-24 05:57,LONG,27155.00,27145.00,27158.00,2026-04-24 05:57,TARGET_HIT,1,3.00
PCT_R0.22pct,2026-04-24,2026-04-24 06:32,UP,2026-04-24 06:42,SHORT,27236.75,27246.75,27233.75,2026-04-24 06:42,TARGET_HIT,1,3.00
PCT_R0.22pct,2026-04-27,2026-04-26 14:00,DOWN,2026-04-26 14:10,LONG,27357.25,27347.25,27360.25,2026-04-26 14:10,STOP_HIT,1,-10.00
PCT_R0.22pct,2026-04-27,2026-04-26 14:06,UP,2026-04-26 16:03,SHORT,27403.75,27413.75,27400.75,2026-04-26 16:03,TARGET_HIT,1,3.00
PCT_R0.22pct,2026-04-27,2026-04-27 00:15,UP,2026-04-27 01:15,SHORT,27447.25,27457.25,27444.25,2026-04-27 01:20,TARGET_HIT,6,3.00
PCT_R0.22pct,2026-04-27,2026-04-27 03:32,DOWN,2026-04-27 04:38,LONG,27398.00,27388.00,27401.00,2026-04-27 04:38,TARGET_HIT,1,3.00
PCT_R0.22pct,2026-04-27,2026-04-27 07:22,UP,2026-04-27 09:24,SHORT,27403.50,27413.50,27400.50,2026-04-27 09:24,TARGET_HIT,1,3.00
PCT_R0.22pct,2026-04-28,2026-04-27 14:00,UP,2026-04-27 14:10,SHORT,27473.25,27483.25,27470.25,2026-04-27 14:14,STOP_HIT,5,-10.00
PCT_R0.22pct,2026-04-28,2026-04-27 16:11,DOWN,2026-04-27 16:28,LONG,27459.00,27449.00,27462.00,2026-04-27 16:28,TARGET_HIT,1,3.00
PCT_R0.22pct,2026-04-28,2026-04-28 05:31,UP,2026-04-28 05:42,SHORT,27205.25,27215.25,27202.25,2026-04-28 05:42,STOP_HIT,1,-10.00
PCT_R0.22pct,2026-04-28,2026-04-28 06:07,DOWN,2026-04-28 06:31,LONG,27174.00,27164.00,27177.00,2026-04-28 06:31,STOP_HIT,1,-10.00
PCT_R0.22pct,2026-04-28,2026-04-28 08:43,UP,2026-04-28 10:44,SHORT,27168.75,27178.75,27165.75,2026-04-28 10:44,STOP_HIT,1,-10.00
PCT_R0.22pct,2026-04-29,2026-04-28 14:00,UP,2026-04-28 16:01,SHORT,27251.50,27261.50,27248.50,2026-04-28 16:03,STOP_HIT,3,-10.00
PCT_R0.22pct,2026-04-29,2026-04-28 16:25,DOWN,2026-04-28 17:18,LONG,27219.50,27209.50,27222.50,2026-04-28 17:19,TARGET_HIT,2,3.00
PCT_R0.22pct,2026-04-29,2026-04-28 17:08,UP,2026-04-28 18:06,SHORT,27247.75,27257.75,27244.75,2026-04-28 18:06,STOP_HIT,1,-10.00
PCT_R0.22pct,2026-04-29,2026-04-28 22:01,DOWN,2026-04-28 23:46,LONG,27228.00,27218.00,27231.00,2026-04-28 23:46,STOP_HIT,1,-10.00
PCT_R0.22pct,2026-04-29,2026-04-29 00:16,UP,2026-04-29 03:36,SHORT,27274.75,27284.75,27271.75,2026-04-29 03:37,STOP_HIT,2,-10.00
PCT_R0.22pct,2026-04-29,2026-04-29 02:30,DOWN,2026-04-29 04:21,LONG,27241.75,27231.75,27244.75,2026-04-29 04:21,TARGET_HIT,1,3.00
PCT_R0.22pct,2026-04-29,2026-04-29 07:47,DOWN,2026-04-29 07:57,LONG,27219.75,27209.75,27222.75,2026-04-29 07:57,TARGET_HIT,1,3.00
PCT_R0.22pct,2026-04-29,2026-04-29 08:11,DOWN,2026-04-29 08:21,LONG,27218.25,27208.25,27221.25,2026-04-29 08:21,TARGET_HIT,1,3.00
PCT_R0.22pct,2026-04-29,2026-04-29 10:45,UP,2026-04-29 10:55,SHORT,27254.00,27264.00,27251.00,2026-04-29 10:55,STOP_HIT,1,-10.00
PCT_R0.22pct,2026-04-29,2026-04-29 12:18,UP,2026-04-29 12:42,SHORT,27274.50,27284.50,27271.50,2026-04-29 12:42,TARGET_HIT,1,3.00
PCT_R0.22pct,2026-04-30,2026-04-29 14:00,UP,2026-04-29 14:10,SHORT,27382.00,27392.00,27379.00,2026-04-29 14:10,TARGET_HIT,1,3.00
PCT_R0.22pct,2026-04-30,2026-04-30 01:20,UP,2026-04-30 01:32,SHORT,27417.25,27427.25,27414.25,2026-04-30 01:32,TARGET_HIT,1,3.00
PCT_R0.22pct,2026-04-30,2026-04-30 01:31,DOWN,2026-04-30 01:46,LONG,27380.50,27370.50,27383.50,2026-04-30 01:46,TARGET_HIT,1,3.00
PCT_R0.22pct,2026-04-30,2026-04-30 01:57,UP,2026-04-30 02:28,SHORT,27418.50,27428.50,27415.50,2026-04-30 02:28,TARGET_HIT,1,3.00
PCT_R0.22pct,2026-04-30,2026-04-30 02:30,DOWN,2026-04-30 02:51,LONG,27370.50,27360.50,27373.50,2026-04-30 02:51,TARGET_HIT,1,3.00
PCT_R0.22pct,2026-04-30,2026-04-30 02:52,UP,2026-04-30 03:16,SHORT,27421.50,27431.50,27418.50,2026-04-30 03:17,STOP_HIT,2,-10.00
PCT_R0.22pct,2026-04-30,2026-04-30 06:39,UP,2026-04-30 07:10,SHORT,27403.50,27413.50,27400.50,2026-04-30 07:10,TARGET_HIT,1,3.00
PCT_R0.22pct,2026-05-01,2026-04-30 14:08,DOWN,2026-04-30 14:54,LONG,27576.00,27566.00,27579.00,2026-04-30 14:54,TARGET_HIT,1,3.00
PCT_R0.22pct,2026-05-01,2026-04-30 14:57,UP,2026-04-30 16:43,SHORT,27625.50,27635.50,27622.50,2026-04-30 16:43,TARGET_HIT,1,3.00
PCT_R0.22pct,2026-05-01,2026-04-30 19:31,DOWN,2026-04-30 22:00,LONG,27617.75,27607.75,27620.75,2026-04-30 22:00,TARGET_HIT,1,3.00
PCT_R0.22pct,2026-05-01,2026-05-01 02:40,UP,2026-05-01 05:32,SHORT,27693.75,27703.75,27690.75,2026-05-01 05:32,STOP_HIT,1,-10.00
PCT_R0.22pct,2026-05-01,2026-05-01 10:46,UP,2026-05-01 11:12,SHORT,27860.00,27870.00,27857.00,2026-05-01 11:12,TARGET_HIT,1,3.00
PCT_R0.22pct,2026-05-04,2026-05-03 14:00,DOWN,2026-05-03 14:10,LONG,27869.00,27859.00,27872.00,2026-05-03 14:11,TARGET_HIT,2,3.00
PCT_R0.22pct,2026-05-04,2026-05-03 16:01,UP,2026-05-03 16:15,SHORT,27854.75,27864.75,27851.75,2026-05-03 16:15,STOP_HIT,1,-10.00
PCT_R0.22pct,2026-05-04,2026-05-03 23:46,DOWN,2026-05-04 00:16,LONG,27887.25,27877.25,27890.25,2026-05-04 00:17,STOP_HIT,2,-10.00
PCT_R0.22pct,2026-05-04,2026-05-04 03:39,UP,2026-05-04 04:55,SHORT,27858.00,27868.00,27855.00,2026-05-04 04:56,TARGET_HIT,2,3.00
PCT_R0.22pct,2026-05-04,2026-05-04 04:18,DOWN,2026-05-04 05:01,LONG,27818.50,27808.50,27821.50,2026-05-04 05:01,STOP_HIT,1,-10.00
PCT_R0.22pct,2026-05-04,2026-05-04 05:10,DOWN,2026-05-04 05:32,LONG,27832.50,27822.50,27835.50,2026-05-04 05:32,STOP_HIT,1,-10.00
PCT_R0.22pct,2026-05-04,2026-05-04 05:35,UP,2026-05-04 05:46,SHORT,27878.00,27888.00,27875.00,2026-05-04 05:46,STOP_HIT,1,-10.00
PCT_R0.22pct,2026-05-04,2026-05-04 07:02,DOWN,2026-05-04 07:17,LONG,27859.25,27849.25,27862.25,2026-05-04 07:17,STOP_HIT,1,-10.00
PCT_R0.22pct,2026-05-05,2026-05-04 15:51,UP,2026-05-04 16:54,SHORT,27789.25,27799.25,27786.25,2026-05-04 16:55,TARGET_HIT,2,3.00
PCT_R0.22pct,2026-05-06,2026-05-05 14:55,DOWN,2026-05-05 18:01,LONG,28290.75,28280.75,28293.75,2026-05-05 18:02,TARGET_HIT,2,3.00
PCT_R0.22pct,2026-05-06,2026-05-06 05:30,UP,2026-05-06 05:40,SHORT,28429.50,28439.50,28426.50,2026-05-06 05:40,STOP_HIT,1,-10.00
PCT_R0.22pct,2026-05-06,2026-05-06 06:12,DOWN,2026-05-06 06:23,LONG,28419.75,28409.75,28422.75,2026-05-06 06:23,STOP_HIT,1,-10.00
PCT_R0.22pct,2026-05-06,2026-05-06 06:19,UP,2026-05-06 06:29,SHORT,28466.25,28476.25,28463.25,2026-05-06 06:29,TARGET_HIT,1,3.00
PCT_R0.22pct,2026-05-07,2026-05-06 14:02,DOWN,2026-05-06 16:44,LONG,28644.75,28634.75,28647.75,2026-05-06 16:44,TARGET_HIT,1,3.00
PCT_R0.22pct,2026-05-07,2026-05-06 16:43,UP,2026-05-06 17:50,SHORT,28706.50,28716.50,28703.50,2026-05-06 17:53,TARGET_HIT,4,3.00
PCT_R0.22pct,2026-05-07,2026-05-06 17:51,DOWN,2026-05-06 18:45,LONG,28675.25,28665.25,28678.25,2026-05-06 18:45,TARGET_HIT,1,3.00
PCT_R0.22pct,2026-05-07,2026-05-07 05:40,DOWN,2026-05-07 05:50,LONG,28732.50,28722.50,28735.50,2026-05-07 05:50,TARGET_HIT,1,3.00
PCT_R0.22pct,2026-05-07,2026-05-07 05:46,UP,2026-05-07 05:56,SHORT,28789.50,28799.50,28786.50,2026-05-07 05:56,STOP_HIT,1,-10.00
PCT_R0.22pct,2026-05-07,2026-05-07 07:37,DOWN,2026-05-07 08:13,LONG,28692.25,28682.25,28695.25,2026-05-07 08:13,TARGET_HIT,1,3.00
PCT_R0.22pct,2026-05-07,2026-05-07 12:02,UP,2026-05-07 12:12,SHORT,28706.75,28716.75,28703.75,2026-05-07 12:13,TARGET_HIT,2,3.00
PCT_R0.22pct,2026-05-07,2026-05-07 12:04,DOWN,2026-05-07 12:14,LONG,28702.75,28692.75,28705.75,2026-05-07 12:14,TARGET_HIT,1,3.00
PCT_R0.22pct,2026-05-08,2026-05-07 14:00,UP,2026-05-07 14:10,SHORT,28609.25,28619.25,28606.25,2026-05-07 14:10,TARGET_HIT,1,3.00
PCT_R0.22pct,2026-05-11,2026-05-10 14:00,DOWN,2026-05-10 14:10,LONG,29281.75,29271.75,29284.75,2026-05-10 14:10,TARGET_HIT,1,3.00
PCT_R0.22pct,2026-05-11,2026-05-10 14:17,UP,2026-05-10 14:59,SHORT,29293.25,29303.25,29290.25,2026-05-10 15:02,STOP_HIT,4,-10.00
PCT_R0.22pct,2026-05-11,2026-05-10 17:05,UP,2026-05-10 17:24,SHORT,29330.25,29340.25,29327.25,2026-05-10 17:25,TARGET_HIT,2,3.00
PCT_R0.22pct,2026-05-11,2026-05-10 18:30,DOWN,2026-05-10 20:26,LONG,29333.75,29323.75,29336.75,2026-05-10 20:37,TARGET_HIT,12,3.00
PCT_R0.22pct,2026-05-11,2026-05-11 00:35,UP,2026-05-11 01:34,SHORT,29333.00,29343.00,29330.00,2026-05-11 01:34,TARGET_HIT,1,3.00
PCT_R0.22pct,2026-05-11,2026-05-11 01:48,DOWN,2026-05-11 02:21,LONG,29302.25,29292.25,29305.25,2026-05-11 02:21,TARGET_HIT,1,3.00
PCT_R0.22pct,2026-05-11,2026-05-11 02:47,UP,2026-05-11 03:21,SHORT,29356.00,29366.00,29353.00,2026-05-11 03:21,TARGET_HIT,1,3.00
PCT_R0.22pct,2026-05-11,2026-05-11 03:31,DOWN,2026-05-11 04:22,LONG,29285.50,29275.50,29288.50,2026-05-11 04:22,TARGET_HIT,1,3.00
PCT_R0.22pct,2026-05-11,2026-05-11 06:17,DOWN,2026-05-11 06:32,LONG,29260.00,29250.00,29263.00,2026-05-11 06:32,STOP_HIT,1,-10.00
PCT_R0.22pct,2026-05-11,2026-05-11 06:31,UP,2026-05-11 06:48,SHORT,29376.00,29386.00,29373.00,2026-05-11 06:48,TARGET_HIT,1,3.00
PCT_R0.22pct,2026-05-11,2026-05-11 12:12,UP,2026-05-11 12:22,SHORT,29382.25,29392.25,29379.25,2026-05-11 12:22,TARGET_HIT,1,3.00
PCT_R0.22pct,2026-05-12,2026-05-11 14:46,DOWN,2026-05-11 16:05,LONG,29390.75,29380.75,29393.75,2026-05-11 16:06,TARGET_HIT,2,3.00
PCT_R0.22pct,2026-05-12,2026-05-11 18:53,DOWN,2026-05-11 20:53,LONG,29295.25,29285.25,29298.25,2026-05-11 20:53,STOP_HIT,1,-10.00
PCT_R0.22pct,2026-05-12,2026-05-12 05:35,UP,2026-05-12 05:45,SHORT,29285.25,29295.25,29282.25,2026-05-12 05:45,STOP_HIT,1,-10.00
PCT_R0.22pct,2026-05-13,2026-05-12 14:20,DOWN,2026-05-12 15:31,LONG,29123.75,29113.75,29126.75,2026-05-12 15:31,TARGET_HIT,1,3.00
PCT_R0.22pct,2026-05-13,2026-05-12 16:02,UP,2026-05-12 17:11,SHORT,29176.00,29186.00,29173.00,2026-05-12 17:12,STOP_HIT,2,-10.00
PCT_R0.22pct,2026-05-13,2026-05-13 06:09,UP,2026-05-13 06:39,SHORT,29243.75,29253.75,29240.75,2026-05-13 06:39,TARGET_HIT,1,3.00
PCT_R0.22pct,2026-05-14,2026-05-13 14:00,UP,2026-05-13 14:48,SHORT,29587.50,29597.50,29584.50,2026-05-13 14:50,STOP_HIT,3,-10.00
PCT_R0.22pct,2026-05-14,2026-05-13 16:59,DOWN,2026-05-13 18:49,LONG,29591.50,29581.50,29594.50,2026-05-13 18:50,STOP_HIT,2,-10.00
PCT_R0.22pct,2026-05-14,2026-05-13 22:23,DOWN,2026-05-14 00:00,LONG,29574.75,29564.75,29577.75,2026-05-14 00:00,TARGET_HIT,1,3.00
PCT_R0.22pct,2026-05-14,2026-05-14 05:12,UP,2026-05-14 05:50,SHORT,29666.00,29676.00,29663.00,2026-05-14 05:50,STOP_HIT,1,-10.00
PCT_R0.22pct,2026-05-14,2026-05-14 06:02,DOWN,2026-05-14 06:14,LONG,29589.50,29579.50,29592.50,2026-05-14 06:14,TARGET_HIT,1,3.00
PCT_R0.22pct,2026-05-15,2026-05-14 16:01,UP,2026-05-14 16:36,SHORT,29703.50,29713.50,29700.50,2026-05-14 16:36,TARGET_HIT,1,3.00
PCT_R0.22pct,2026-05-15,2026-05-15 06:04,UP,2026-05-15 06:20,SHORT,29349.50,29359.50,29346.50,2026-05-15 06:20,STOP_HIT,1,-10.00
PCT_R0.22pct,2026-05-15,2026-05-15 06:57,DOWN,2026-05-15 07:07,LONG,29254.50,29244.50,29257.50,2026-05-15 07:07,STOP_HIT,1,-10.00
PCT_R0.22pct,2026-05-15,2026-05-15 07:36,DOWN,2026-05-15 07:54,LONG,29237.00,29227.00,29240.00,2026-05-15 07:54,TARGET_HIT,1,3.00
PCT_R0.22pct,2026-05-15,2026-05-15 07:55,UP,2026-05-15 08:29,SHORT,29318.50,29328.50,29315.50,2026-05-15 08:29,STOP_HIT,1,-10.00
PCT_R0.22pct,2026-05-15,2026-05-15 10:55,DOWN,2026-05-15 11:49,LONG,29298.75,29288.75,29301.75,2026-05-15 11:49,STOP_HIT,1,-10.00
PCT_R0.22pct,2026-05-18,2026-05-17 14:00,UP,2026-05-17 14:10,SHORT,29270.25,29280.25,29267.25,2026-05-17 14:10,TARGET_HIT,1,3.00
PCT_R0.22pct,2026-05-18,2026-05-17 14:07,DOWN,2026-05-17 14:38,LONG,29207.50,29197.50,29210.50,2026-05-17 14:38,TARGET_HIT,1,3.00
PCT_R0.22pct,2026-05-18,2026-05-17 14:24,UP,2026-05-17 14:52,SHORT,29234.50,29244.50,29231.50,2026-05-17 14:53,STOP_HIT,2,-10.00
PCT_R0.22pct,2026-05-18,2026-05-17 14:43,DOWN,2026-05-17 14:58,LONG,29225.00,29215.00,29228.00,2026-05-17 14:58,STOP_HIT,1,-10.00
PCT_R0.22pct,2026-05-18,2026-05-17 18:29,DOWN,2026-05-17 18:57,LONG,29008.00,28998.00,29011.00,2026-05-17 18:57,TARGET_HIT,1,3.00
PCT_R0.22pct,2026-05-18,2026-05-17 18:52,UP,2026-05-17 19:53,SHORT,29043.25,29053.25,29040.25,2026-05-17 19:57,STOP_HIT,5,-10.00
PCT_R0.22pct,2026-05-18,2026-05-17 20:16,DOWN,2026-05-17 20:37,LONG,29042.50,29032.50,29045.50,2026-05-17 20:37,TARGET_HIT,1,3.00
PCT_R0.22pct,2026-05-18,2026-05-17 20:30,UP,2026-05-17 20:47,SHORT,29081.00,29091.00,29078.00,2026-05-17 20:47,TARGET_HIT,1,3.00
PCT_R0.22pct,2026-05-18,2026-05-17 21:10,DOWN,2026-05-17 21:20,LONG,29027.50,29017.50,29030.50,2026-05-17 21:20,TARGET_HIT,1,3.00
PCT_R0.22pct,2026-05-18,2026-05-17 21:39,DOWN,2026-05-17 22:10,LONG,29040.50,29030.50,29043.50,2026-05-17 22:10,STOP_HIT,1,-10.00
PCT_R0.22pct,2026-05-18,2026-05-17 22:31,UP,2026-05-17 22:51,SHORT,29074.75,29084.75,29071.75,2026-05-17 22:52,STOP_HIT,2,-10.00
PCT_R0.22pct,2026-05-18,2026-05-18 05:56,DOWN,2026-05-18 06:06,LONG,29138.25,29128.25,29141.25,2026-05-18 06:06,TARGET_HIT,1,3.00
PCT_R0.22pct,2026-05-18,2026-05-18 11:25,UP,2026-05-18 12:00,SHORT,29098.75,29108.75,29095.75,2026-05-18 12:00,STOP_HIT,1,-10.00
PCT_R0.22pct,2026-05-19,2026-05-18 14:00,UP,2026-05-18 14:10,SHORT,29128.75,29138.75,29125.75,2026-05-18 14:10,TARGET_HIT,1,3.00
PCT_R0.22pct,2026-05-19,2026-05-18 15:03,DOWN,2026-05-18 15:55,LONG,29119.00,29109.00,29122.00,2026-05-18 15:55,TARGET_HIT,1,3.00
PCT_R0.22pct,2026-05-19,2026-05-18 16:21,DOWN,2026-05-18 16:45,LONG,29129.00,29119.00,29132.00,2026-05-18 16:45,TARGET_HIT,1,3.00
PCT_R0.22pct,2026-05-19,2026-05-18 22:01,UP,2026-05-19 00:02,SHORT,29101.75,29111.75,29098.75,2026-05-19 00:02,TARGET_HIT,1,3.00
PCT_R0.22pct,2026-05-19,2026-05-18 23:48,DOWN,2026-05-19 01:01,LONG,28998.25,28988.25,29001.25,2026-05-19 01:02,STOP_HIT,2,-10.00
PCT_R0.22pct,2026-05-19,2026-05-19 05:27,UP,2026-05-19 05:38,SHORT,29047.00,29057.00,29044.00,2026-05-19 05:38,TARGET_HIT,1,3.00
PCT_R0.22pct,2026-05-19,2026-05-19 05:37,DOWN,2026-05-19 05:47,LONG,28873.75,28863.75,28876.75,2026-05-19 05:47,TARGET_HIT,1,3.00
PCT_R0.22pct,2026-05-19,2026-05-19 08:12,UP,2026-05-19 08:33,SHORT,28944.75,28954.75,28941.75,2026-05-19 08:33,TARGET_HIT,1,3.00
PCT_R0.22pct,2026-05-19,2026-05-19 11:33,DOWN,2026-05-19 11:52,LONG,28903.25,28893.25,28906.25,2026-05-19 11:52,TARGET_HIT,1,3.00
PCT_R0.22pct,2026-05-20,2026-05-19 14:10,DOWN,2026-05-19 14:38,LONG,28896.75,28886.75,28899.75,2026-05-19 14:39,STOP_HIT,2,-10.00
PCT_R0.22pct,2026-05-20,2026-05-19 14:28,UP,2026-05-19 15:15,SHORT,28946.50,28956.50,28943.50,2026-05-19 15:15,TARGET_HIT,1,3.00
PCT_R0.22pct,2026-05-20,2026-05-19 15:34,DOWN,2026-05-19 16:14,LONG,28831.25,28821.25,28834.25,2026-05-19 16:14,STOP_HIT,1,-10.00
PCT_R0.22pct,2026-05-20,2026-05-19 16:17,UP,2026-05-19 16:49,SHORT,28939.75,28949.75,28936.75,2026-05-19 16:49,TARGET_HIT,1,3.00
PCT_R0.22pct,2026-05-20,2026-05-19 17:20,DOWN,2026-05-19 17:33,LONG,28903.00,28893.00,28906.00,2026-05-19 17:33,TARGET_HIT,1,3.00
PCT_R0.22pct,2026-05-20,2026-05-19 17:36,UP,2026-05-19 17:53,SHORT,28969.75,28979.75,28966.75,2026-05-19 17:53,STOP_HIT,1,-10.00
PCT_R0.22pct,2026-05-20,2026-05-19 18:24,DOWN,2026-05-19 18:37,LONG,28902.25,28892.25,28905.25,2026-05-19 18:37,TARGET_HIT,1,3.00
PCT_R0.22pct,2026-05-20,2026-05-19 20:16,DOWN,2026-05-19 20:42,LONG,28886.50,28876.50,28889.50,2026-05-19 20:42,TARGET_HIT,1,3.00
PCT_R0.22pct,2026-05-20,2026-05-19 20:55,UP,2026-05-19 21:05,SHORT,28926.00,28936.00,28923.00,2026-05-19 21:06,STOP_HIT,2,-10.00
PCT_R0.22pct,2026-05-20,2026-05-20 05:55,UP,2026-05-20 06:06,SHORT,29069.00,29079.00,29066.00,2026-05-20 06:06,STOP_HIT,1,-10.00
PCT_R0.22pct,2026-05-20,2026-05-20 06:01,DOWN,2026-05-20 06:12,LONG,29047.00,29037.00,29050.00,2026-05-20 06:12,STOP_HIT,1,-10.00
PCT_R0.22pct,2026-05-21,2026-05-20 14:00,DOWN,2026-05-20 14:10,LONG,29144.00,29134.00,29147.00,2026-05-20 14:10,STOP_HIT,1,-10.00
PCT_R0.22pct,2026-05-21,2026-05-20 14:10,UP,2026-05-20 15:21,SHORT,29195.75,29205.75,29192.75,2026-05-20 15:22,TARGET_HIT,2,3.00
PCT_R0.22pct,2026-05-21,2026-05-20 22:06,DOWN,2026-05-20 23:17,LONG,29217.25,29207.25,29220.25,2026-05-20 23:17,TARGET_HIT,1,3.00
PCT_R0.22pct,2026-05-21,2026-05-20 23:13,UP,2026-05-21 00:12,SHORT,29406.75,29416.75,29403.75,2026-05-21 00:12,TARGET_HIT,1,3.00
PCT_R0.22pct,2026-05-21,2026-05-21 05:44,UP,2026-05-21 05:57,SHORT,29277.50,29287.50,29274.50,2026-05-21 05:57,STOP_HIT,1,-10.00
PCT_R0.22pct,2026-05-21,2026-05-21 07:10,UP,2026-05-21 07:22,SHORT,29235.50,29245.50,29232.50,2026-05-21 07:22,STOP_HIT,1,-10.00
PCT_R0.22pct,2026-05-21,2026-05-21 07:23,DOWN,2026-05-21 07:33,LONG,29211.50,29201.50,29214.50,2026-05-21 07:33,TARGET_HIT,1,3.00
PCT_R0.22pct,2026-05-21,2026-05-21 07:34,UP,2026-05-21 07:44,SHORT,29265.25,29275.25,29262.25,2026-05-21 07:44,TARGET_HIT,1,3.00
PCT_R0.22pct,2026-05-21,2026-05-21 08:50,UP,2026-05-21 09:01,SHORT,29273.75,29283.75,29270.75,2026-05-21 09:01,TARGET_HIT,1,3.00
PCT_R0.22pct,2026-05-22,2026-05-21 14:00,UP,2026-05-21 14:10,SHORT,29505.00,29515.00,29502.00,2026-05-21 14:10,TARGET_HIT,1,3.00
PCT_R0.22pct,2026-05-22,2026-05-21 16:32,DOWN,2026-05-21 18:04,LONG,29535.00,29525.00,29538.00,2026-05-21 18:04,TARGET_HIT,1,3.00
PCT_R0.22pct,2026-05-22,2026-05-21 17:41,UP,2026-05-21 20:17,SHORT,29580.50,29590.50,29577.50,2026-05-21 20:21,STOP_HIT,5,-10.00
PCT_R0.22pct,2026-05-22,2026-05-21 23:02,UP,2026-05-22 00:01,SHORT,29600.00,29610.00,29597.00,2026-05-22 00:01,TARGET_HIT,1,3.00
PCT_R0.22pct,2026-05-22,2026-05-22 00:21,DOWN,2026-05-22 01:35,LONG,29507.75,29497.75,29510.75,2026-05-22 01:35,TARGET_HIT,1,3.00
PCT_R0.22pct,2026-05-22,2026-05-22 06:24,UP,2026-05-22 06:38,SHORT,29609.25,29619.25,29606.25,2026-05-22 06:38,TARGET_HIT,1,3.00
PCT_R0.22pct,2026-05-22,2026-05-22 09:30,DOWN,2026-05-22 12:07,LONG,29557.25,29547.25,29560.25,2026-05-22 12:07,TARGET_HIT,1,3.00
PCT_R0.22pct,2026-05-25,2026-05-24 14:00,UP,2026-05-24 14:10,SHORT,29768.25,29778.25,29765.25,2026-05-24 14:10,TARGET_HIT,1,3.00
PCT_R0.22pct,2026-05-25,2026-05-25 05:55,DOWN,2026-05-25 06:55,LONG,29927.00,29917.00,29930.00,2026-05-25 06:56,TARGET_HIT,2,3.00
PCT_R0.22pct,2026-05-25,2026-05-25 06:43,UP,2026-05-25 07:17,SHORT,29962.75,29972.75,29959.75,2026-05-25 07:17,TARGET_HIT,1,3.00
PCT_R0.22pct,2026-05-25,2026-05-25 07:11,DOWN,2026-05-25 08:04,LONG,29920.00,29910.00,29923.00,2026-05-25 08:05,TARGET_HIT,2,3.00
PCT_R0.22pct,2026-05-26,2026-05-25 14:00,DOWN,2026-05-25 14:10,LONG,29916.00,29906.00,29919.00,2026-05-25 14:10,TARGET_HIT,1,3.00
PCT_R0.22pct,2026-05-26,2026-05-25 23:33,UP,2026-05-26 02:32,SHORT,29908.00,29918.00,29905.00,2026-05-26 02:32,TARGET_HIT,1,3.00
PCT_R0.22pct,2026-05-26,2026-05-26 05:35,UP,2026-05-26 05:45,SHORT,29933.50,29943.50,29930.50,2026-05-26 05:45,STOP_HIT,1,-10.00
PCT_R0.22pct,2026-05-26,2026-05-26 07:56,UP,2026-05-26 08:10,SHORT,29944.00,29954.00,29941.00,2026-05-26 08:10,TARGET_HIT,1,3.00
PCT_R0.22pct,2026-05-27,2026-05-26 14:48,UP,2026-05-26 19:48,SHORT,30119.00,30129.00,30116.00,2026-05-26 19:48,TARGET_HIT,1,3.00
PCT_R0.22pct,2026-05-27,2026-05-26 17:17,DOWN,2026-05-26 23:05,LONG,30101.00,30091.00,30104.00,2026-05-26 23:05,TARGET_HIT,1,3.00
PCT_R0.22pct,2026-05-27,2026-05-26 22:39,UP,2026-05-26 23:24,SHORT,30124.75,30134.75,30121.75,2026-05-26 23:25,TARGET_HIT,2,3.00
PCT_R0.22pct,2026-05-27,2026-05-27 04:23,DOWN,2026-05-27 05:43,LONG,30050.50,30040.50,30053.50,2026-05-27 05:43,STOP_HIT,1,-10.00
PCT_R0.22pct,2026-05-27,2026-05-27 09:09,UP,2026-05-27 11:39,SHORT,30063.25,30073.25,30060.25,2026-05-27 11:40,TARGET_HIT,2,3.00
PCT_R0.22pct,2026-05-28,2026-05-27 14:02,DOWN,2026-05-27 14:21,LONG,30085.00,30075.00,30088.00,2026-05-27 14:21,TARGET_HIT,1,3.00
PCT_R0.22pct,2026-05-28,2026-05-27 16:58,DOWN,2026-05-27 18:57,LONG,29983.00,29973.00,29986.00,2026-05-27 18:58,STOP_HIT,2,-10.00
PCT_R0.22pct,2026-05-28,2026-05-28 01:03,DOWN,2026-05-28 02:33,LONG,29930.75,29920.75,29933.75,2026-05-28 02:33,TARGET_HIT,1,3.00
PCT_R0.22pct,2026-05-28,2026-05-28 02:51,UP,2026-05-28 04:54,SHORT,30062.75,30072.75,30059.75,2026-05-28 04:54,TARGET_HIT,1,3.00
PCT_R0.22pct,2026-05-28,2026-05-28 05:50,UP,2026-05-28 06:00,SHORT,29992.25,30002.25,29989.25,2026-05-28 06:00,STOP_HIT,1,-10.00
PCT_R0.22pct,2026-05-29,2026-05-28 14:05,DOWN,2026-05-28 14:38,LONG,30299.00,30289.00,30302.00,2026-05-28 14:38,TARGET_HIT,1,3.00
PCT_R0.22pct,2026-05-29,2026-05-28 17:03,UP,2026-05-28 23:22,SHORT,30308.25,30318.25,30305.25,2026-05-28 23:22,TARGET_HIT,1,3.00
PCT_R0.22pct,2026-05-29,2026-05-28 23:36,UP,2026-05-29 01:04,SHORT,30336.00,30346.00,30333.00,2026-05-29 01:04,TARGET_HIT,1,3.00
PCT_R0.22pct,2026-05-29,2026-05-29 06:53,DOWN,2026-05-29 07:09,LONG,30390.25,30380.25,30393.25,2026-05-29 07:09,TARGET_HIT,1,3.00
PCT_R0.22pct,2026-05-29,2026-05-29 06:54,UP,2026-05-29 07:10,SHORT,30389.75,30399.75,30386.75,2026-05-29 07:10,STOP_HIT,1,-10.00
PCT_R0.22pct,2026-05-29,2026-05-29 08:10,DOWN,2026-05-29 10:05,LONG,30331.25,30321.25,30334.25,2026-05-29 10:05,TARGET_HIT,1,3.00
PCT_R0.22pct,2026-05-29,2026-05-29 10:34,DOWN,2026-05-29 10:46,LONG,30342.75,30332.75,30345.75,2026-05-29 10:46,TARGET_HIT,1,3.00
PCT_R0.22pct,2026-05-29,2026-05-29 11:01,UP,2026-05-29 11:46,SHORT,30434.25,30444.25,30431.25,2026-05-29 11:46,TARGET_HIT,1,3.00
PCT_R0.22pct,2026-06-01,2026-05-31 14:00,DOWN,2026-05-31 14:10,LONG,30379.25,30369.25,30382.25,2026-05-31 14:10,TARGET_HIT,1,3.00
PCT_R0.22pct,2026-06-01,2026-05-31 14:03,UP,2026-05-31 14:25,SHORT,30427.50,30437.50,30424.50,2026-05-31 14:25,TARGET_HIT,1,3.00
PCT_R0.22pct,2026-06-02,2026-06-01 14:00,DOWN,2026-06-01 14:10,LONG,30481.50,30471.50,30484.50,2026-06-01 14:11,TARGET_HIT,2,3.00
PCT_R0.22pct,2026-06-02,2026-06-01 19:20,UP,2026-06-01 21:33,SHORT,30477.50,30487.50,30474.50,2026-06-01 21:35,STOP_HIT,3,-10.00
PCT_R0.22pct,2026-06-02,2026-06-02 05:30,DOWN,2026-06-02 05:40,LONG,30464.50,30454.50,30467.50,2026-06-02 05:40,STOP_HIT,1,-10.00
PCT_R0.22pct,2026-06-03,2026-06-02 15:25,UP,2026-06-02 16:25,SHORT,30681.50,30691.50,30678.50,2026-06-02 16:25,TARGET_HIT,1,3.00
PCT_R0.22pct,2026-06-03,2026-06-02 16:51,DOWN,2026-06-02 17:45,LONG,30666.75,30656.75,30669.75,2026-06-02 17:45,STOP_HIT,1,-10.00
PCT_R0.22pct,2026-06-03,2026-06-02 17:46,UP,2026-06-02 20:06,SHORT,30721.75,30731.75,30718.75,2026-06-02 20:06,TARGET_HIT,1,3.00
PCT_R0.22pct,2026-06-03,2026-06-03 06:43,DOWN,2026-06-03 06:53,LONG,30681.00,30671.00,30684.00,2026-06-03 06:53,TARGET_HIT,1,3.00
PCT_R0.22pct,2026-06-03,2026-06-03 06:59,UP,2026-06-03 07:12,SHORT,30695.50,30705.50,30692.50,2026-06-03 07:12,STOP_HIT,1,-10.00
PCT_R0.22pct,2026-06-03,2026-06-03 11:27,UP,2026-06-03 11:43,SHORT,30687.50,30697.50,30684.50,2026-06-03 11:43,TARGET_HIT,1,3.00
PCT_R0.22pct,2026-06-04,2026-06-03 14:00,UP,2026-06-03 14:10,SHORT,30478.50,30488.50,30475.50,2026-06-03 14:10,TARGET_HIT,1,3.00
PCT_R0.22pct,2026-06-04,2026-06-03 14:02,DOWN,2026-06-03 14:17,LONG,30433.25,30423.25,30436.25,2026-06-03 14:18,STOP_HIT,2,-10.00
PCT_R0.22pct,2026-06-04,2026-06-03 14:51,UP,2026-06-03 15:02,SHORT,30446.00,30456.00,30443.00,2026-06-03 15:02,TARGET_HIT,1,3.00
PCT_R0.22pct,2026-06-04,2026-06-03 15:47,UP,2026-06-03 16:11,SHORT,30436.25,30446.25,30433.25,2026-06-03 16:11,STOP_HIT,1,-10.00
PCT_R0.22pct,2026-06-04,2026-06-03 17:12,DOWN,2026-06-03 18:23,LONG,30399.00,30389.00,30402.00,2026-06-03 18:23,TARGET_HIT,1,3.00
PCT_R0.22pct,2026-06-04,2026-06-03 18:16,UP,2026-06-03 20:26,SHORT,30493.50,30503.50,30490.50,2026-06-03 20:28,TARGET_HIT,3,3.00
PCT_R0.22pct,2026-06-04,2026-06-03 23:05,DOWN,2026-06-04 00:29,LONG,30356.00,30346.00,30359.00,2026-06-04 00:29,TARGET_HIT,1,3.00
PCT_R0.22pct,2026-06-04,2026-06-04 06:07,UP,2026-06-04 06:44,SHORT,30317.75,30327.75,30314.75,2026-06-04 06:44,TARGET_HIT,1,3.00
PCT_R0.22pct,2026-06-05,2026-06-04 14:00,DOWN,2026-06-04 14:24,LONG,30356.00,30346.00,30359.00,2026-06-04 14:24,STOP_HIT,1,-10.00
PCT_R0.22pct,2026-06-05,2026-06-04 17:26,UP,2026-06-04 19:24,SHORT,30206.75,30216.75,30203.75,2026-06-04 19:25,STOP_HIT,2,-10.00
PCT_R0.22pct,2026-06-05,2026-06-04 18:36,DOWN,2026-06-04 20:00,LONG,30163.25,30153.25,30166.25,2026-06-04 20:00,TARGET_HIT,1,3.00
PCT_R0.22pct,2026-06-05,2026-06-04 19:54,UP,2026-06-04 21:13,SHORT,30196.50,30206.50,30193.50,2026-06-04 21:13,STOP_HIT,1,-10.00
PCT_R0.22pct,2026-06-05,2026-06-04 20:56,DOWN,2026-06-04 22:03,LONG,30185.00,30175.00,30188.00,2026-06-04 22:04,TARGET_HIT,2,3.00
PCT_R0.22pct,2026-06-05,2026-06-05 00:30,DOWN,2026-06-05 00:54,LONG,30160.75,30150.75,30163.75,2026-06-05 00:54,TARGET_HIT,1,3.00
PCT_R0.22pct,2026-06-05,2026-06-05 00:58,UP,2026-06-05 01:18,SHORT,30210.75,30220.75,30207.75,2026-06-05 01:18,TARGET_HIT,1,3.00
PCT_R0.22pct,2026-06-05,2026-06-05 01:14,DOWN,2026-06-05 03:53,LONG,30160.25,30150.25,30163.25,2026-06-05 03:53,TARGET_HIT,1,3.00
PCT_R0.22pct,2026-06-08,2026-06-07 14:02,DOWN,2026-06-07 14:12,LONG,28907.00,28897.00,28910.00,2026-06-07 14:12,TARGET_HIT,1,3.00
PCT_R0.22pct,2026-06-08,2026-06-07 14:56,UP,2026-06-07 15:21,SHORT,28969.25,28979.25,28966.25,2026-06-07 15:21,TARGET_HIT,1,3.00
PCT_R0.22pct,2026-06-08,2026-06-07 15:22,UP,2026-06-07 15:34,SHORT,28996.25,29006.25,28993.25,2026-06-07 15:34,TARGET_HIT,1,3.00
PCT_R0.22pct,2026-06-08,2026-06-07 22:30,DOWN,2026-06-07 22:40,LONG,29077.75,29067.75,29080.75,2026-06-07 22:40,TARGET_HIT,1,3.00
PCT_R0.22pct,2026-06-08,2026-06-07 22:50,UP,2026-06-07 23:16,SHORT,29135.75,29145.75,29132.75,2026-06-07 23:16,STOP_HIT,1,-10.00
PCT_R0.22pct,2026-06-09,2026-06-08 14:00,DOWN,2026-06-08 14:10,LONG,29386.50,29376.50,29389.50,2026-06-08 14:10,STOP_HIT,1,-10.00
PCT_R0.22pct,2026-06-09,2026-06-08 14:15,UP,2026-06-08 15:30,SHORT,29431.00,29441.00,29428.00,2026-06-08 15:30,STOP_HIT,1,-10.00
PCT_R0.22pct,2026-06-09,2026-06-08 15:40,DOWN,2026-06-08 16:08,LONG,29371.75,29361.75,29374.75,2026-06-08 16:08,STOP_HIT,1,-10.00
PCT_R0.22pct,2026-06-09,2026-06-08 16:56,UP,2026-06-08 17:25,SHORT,29454.00,29464.00,29451.00,2026-06-08 17:25,TARGET_HIT,1,3.00
PCT_R0.22pct,2026-06-09,2026-06-09 11:48,UP,2026-06-09 11:58,SHORT,29096.25,29106.25,29093.25,2026-06-09 11:58,STOP_HIT,1,-10.00
PCT_R0.22pct,2026-06-10,2026-06-09 14:01,DOWN,2026-06-09 14:11,LONG,29071.50,29061.50,29074.50,2026-06-09 14:11,TARGET_HIT,1,3.00
PCT_R0.22pct,2026-06-10,2026-06-09 14:02,UP,2026-06-09 14:16,SHORT,29104.50,29114.50,29101.50,2026-06-09 14:16,STOP_HIT,1,-10.00
PCT_R0.22pct,2026-06-10,2026-06-09 14:15,DOWN,2026-06-09 14:35,LONG,29049.75,29039.75,29052.75,2026-06-09 14:35,TARGET_HIT,1,3.00
PCT_R0.22pct,2026-06-10,2026-06-09 15:08,DOWN,2026-06-09 15:18,LONG,29029.00,29019.00,29032.00,2026-06-09 15:18,STOP_HIT,1,-10.00
PCT_R0.22pct,2026-06-10,2026-06-09 15:37,UP,2026-06-09 15:57,SHORT,29052.00,29062.00,29049.00,2026-06-09 15:57,TARGET_HIT,1,3.00
PCT_R0.22pct,2026-06-10,2026-06-09 16:44,UP,2026-06-09 17:03,SHORT,29075.00,29085.00,29072.00,2026-06-09 17:03,TARGET_HIT,1,3.00
PCT_R0.22pct,2026-06-10,2026-06-09 17:30,UP,2026-06-09 17:40,SHORT,29069.50,29079.50,29066.50,2026-06-09 17:40,TARGET_HIT,1,3.00
PCT_R0.22pct,2026-06-10,2026-06-09 17:35,DOWN,2026-06-09 17:45,LONG,29027.50,29017.50,29030.50,2026-06-09 17:45,TARGET_HIT,1,3.00
PCT_R0.22pct,2026-06-10,2026-06-10 04:40,UP,2026-06-10 04:50,SHORT,28942.25,28952.25,28939.25,2026-06-10 04:50,TARGET_HIT,1,3.00
PCT_R0.22pct,2026-06-10,2026-06-10 04:41,DOWN,2026-06-10 04:53,LONG,28875.00,28865.00,28878.00,2026-06-10 04:53,STOP_HIT,1,-10.00
PCT_R0.22pct,2026-06-11,2026-06-10 14:00,DOWN,2026-06-10 14:10,LONG,28368.50,28358.50,28371.50,2026-06-10 14:10,TARGET_HIT,1,3.00
PCT_R0.22pct,2026-06-11,2026-06-10 14:12,UP,2026-06-10 14:31,SHORT,28435.75,28445.75,28432.75,2026-06-10 14:31,TARGET_HIT,1,3.00
PCT_R0.22pct,2026-06-11,2026-06-10 15:21,UP,2026-06-10 15:41,SHORT,28400.75,28410.75,28397.75,2026-06-10 15:41,STOP_HIT,1,-10.00
PCT_R0.22pct,2026-06-12,2026-06-11 14:00,UP,2026-06-11 14:10,SHORT,29496.75,29506.75,29493.75,2026-06-11 14:10,STOP_HIT,1,-10.00
PCT_R0.22pct,2026-06-12,2026-06-11 15:27,UP,2026-06-11 15:37,SHORT,29544.00,29554.00,29541.00,2026-06-11 15:37,STOP_HIT,1,-10.00
PCT_R0.22pct,2026-06-12,2026-06-11 16:36,DOWN,2026-06-11 17:30,LONG,29483.25,29473.25,29486.25,2026-06-11 17:30,TARGET_HIT,1,3.00
PCT_R0.22pct,2026-06-12,2026-06-11 17:38,UP,2026-06-11 18:19,SHORT,29547.25,29557.25,29544.25,2026-06-11 18:19,TARGET_HIT,1,3.00
PCT_R0.22pct,2026-06-12,2026-06-11 18:00,DOWN,2026-06-11 18:42,LONG,29537.50,29527.50,29540.50,2026-06-11 18:42,TARGET_HIT,1,3.00
PCT_R0.22pct,2026-06-12,2026-06-11 18:35,UP,2026-06-11 18:50,SHORT,29560.75,29570.75,29557.75,2026-06-11 18:50,TARGET_HIT,1,3.00
PCT_R0.22pct,2026-06-12,2026-06-11 18:54,DOWN,2026-06-11 19:13,LONG,29518.50,29508.50,29521.50,2026-06-11 19:13,TARGET_HIT,1,3.00
PCT_R0.22pct,2026-06-12,2026-06-12 00:22,DOWN,2026-06-12 00:43,LONG,29459.00,29449.00,29462.00,2026-06-12 00:43,TARGET_HIT,1,3.00
PCT_R0.22pct,2026-06-12,2026-06-12 00:40,UP,2026-06-12 01:25,SHORT,29576.75,29586.75,29573.75,2026-06-12 01:25,TARGET_HIT,1,3.00
PCT_R0.22pct,2026-06-12,2026-06-12 03:55,DOWN,2026-06-12 04:47,LONG,29479.00,29469.00,29482.00,2026-06-12 04:47,STOP_HIT,1,-10.00
PCT_R0.22pct,2026-06-16,2026-06-15 14:01,DOWN,2026-06-15 14:13,LONG,30795.50,30785.50,30798.50,2026-06-15 14:13,STOP_HIT,1,-10.00
PCT_R0.22pct,2026-06-16,2026-06-15 14:28,UP,2026-06-15 15:26,SHORT,30816.00,30826.00,30813.00,2026-06-15 15:26,TARGET_HIT,1,3.00
PCT_R0.22pct,2026-06-16,2026-06-15 16:31,DOWN,2026-06-15 16:50,LONG,30788.25,30778.25,30791.25,2026-06-15 16:50,STOP_HIT,1,-10.00
PCT_R0.22pct,2026-06-16,2026-06-15 17:09,UP,2026-06-15 21:31,SHORT,30834.75,30844.75,30831.75,2026-06-15 21:32,TARGET_HIT,2,3.00
PCT_R0.22pct,2026-06-16,2026-06-16 03:20,DOWN,2026-06-16 05:32,LONG,30784.00,30774.00,30787.00,2026-06-16 05:32,TARGET_HIT,1,3.00
PCT_R0.22pct,2026-06-16,2026-06-16 05:34,UP,2026-06-16 05:44,SHORT,30846.25,30856.25,30843.25,2026-06-16 05:44,TARGET_HIT,1,3.00
PCT_R0.22pct,2026-06-16,2026-06-16 05:55,DOWN,2026-06-16 06:05,LONG,30831.00,30821.00,30834.00,2026-06-16 06:05,STOP_HIT,1,-10.00
PCT_R0.22pct,2026-06-17,2026-06-16 14:00,UP,2026-06-16 14:11,SHORT,30367.50,30377.50,30364.50,2026-06-16 14:11,TARGET_HIT,1,3.00
PCT_R0.22pct,2026-06-17,2026-06-16 15:50,UP,2026-06-16 16:12,SHORT,30371.00,30381.00,30368.00,2026-06-16 16:12,TARGET_HIT,1,3.00
PCT_R0.22pct,2026-06-17,2026-06-17 02:07,UP,2026-06-17 02:45,SHORT,30485.00,30495.00,30482.00,2026-06-17 02:46,TARGET_HIT,2,3.00
PCT_R0.22pct,2026-06-17,2026-06-17 02:51,DOWN,2026-06-17 03:49,LONG,30423.25,30413.25,30426.25,2026-06-17 03:49,STOP_HIT,1,-10.00
PCT_R0.22pct,2026-06-17,2026-06-17 03:57,UP,2026-06-17 04:30,SHORT,30464.00,30474.00,30461.00,2026-06-17 04:30,STOP_HIT,1,-10.00
PCT_R0.22pct,2026-06-17,2026-06-17 05:29,DOWN,2026-06-17 05:39,LONG,30408.25,30398.25,30411.25,2026-06-17 05:39,STOP_HIT,1,-10.00
PCT_R0.22pct,2026-06-17,2026-06-17 05:45,DOWN,2026-06-17 05:57,LONG,30413.00,30403.00,30416.00,2026-06-17 05:57,STOP_HIT,1,-10.00
PCT_R0.22pct,2026-06-17,2026-06-17 06:10,UP,2026-06-17 06:22,SHORT,30479.50,30489.50,30476.50,2026-06-17 06:22,STOP_HIT,1,-10.00
PCT_R0.22pct,2026-06-17,2026-06-17 06:24,DOWN,2026-06-17 06:43,LONG,30426.00,30416.00,30429.00,2026-06-17 06:43,TARGET_HIT,1,3.00
PCT_R0.22pct,2026-06-17,2026-06-17 08:02,DOWN,2026-06-17 08:47,LONG,30408.75,30398.75,30411.75,2026-06-17 08:47,TARGET_HIT,1,3.00
PCT_R0.22pct,2026-06-17,2026-06-17 10:47,DOWN,2026-06-17 10:58,LONG,30298.50,30288.50,30301.50,2026-06-17 10:58,STOP_HIT,1,-10.00
PCT_R0.22pct,2026-06-19,2026-06-18 14:00,DOWN,2026-06-18 14:20,LONG,30694.50,30684.50,30697.50,2026-06-18 14:21,TARGET_HIT,2,3.00
PCT_R0.22pct,2026-06-19,2026-06-19 01:00,DOWN,2026-06-19 03:16,LONG,30570.00,30560.00,30573.00,2026-06-19 03:18,TARGET_HIT,3,3.00
PCT_R0.22pct,2026-06-19,2026-06-19 04:37,UP,2026-06-19 04:55,SHORT,30636.50,30646.50,30633.50,2026-06-19 04:55,TARGET_HIT,1,3.00
PCT_R0.22pct,2026-06-22,2026-06-21 15:59,UP,2026-06-21 16:14,SHORT,30482.25,30492.25,30479.25,2026-06-21 16:14,STOP_HIT,1,-10.00
PCT_R0.22pct,2026-06-22,2026-06-21 19:31,DOWN,2026-06-21 20:47,LONG,30562.75,30552.75,30565.75,2026-06-21 20:47,TARGET_HIT,1,3.00
PCT_R0.22pct,2026-06-22,2026-06-22 11:08,UP,2026-06-22 12:22,SHORT,30662.25,30672.25,30659.25,2026-06-22 12:22,TARGET_HIT,1,3.00
PCT_R0.22pct,2026-06-23,2026-06-22 14:02,DOWN,2026-06-22 14:31,LONG,30632.25,30622.25,30635.25,2026-06-22 14:31,STOP_HIT,1,-10.00
PCT_R0.22pct,2026-06-23,2026-06-22 16:24,UP,2026-06-22 17:04,SHORT,30608.25,30618.25,30605.25,2026-06-22 17:04,TARGET_HIT,1,3.00
PCT_R0.22pct,2026-06-23,2026-06-22 16:45,DOWN,2026-06-22 17:46,LONG,30460.50,30450.50,30463.50,2026-06-22 17:46,STOP_HIT,1,-10.00
PCT_R0.22pct,2026-06-23,2026-06-23 08:20,UP,2026-06-23 08:30,SHORT,29877.25,29887.25,29874.25,2026-06-23 08:30,STOP_HIT,1,-10.00
PCT_R0.22pct,2026-06-23,2026-06-23 08:24,DOWN,2026-06-23 08:35,LONG,29848.50,29838.50,29851.50,2026-06-23 08:35,STOP_HIT,1,-10.00
PCT_R0.22pct,2026-06-23,2026-06-23 08:34,UP,2026-06-23 08:46,SHORT,29887.75,29897.75,29884.75,2026-06-23 08:46,TARGET_HIT,1,3.00
PCT_R0.22pct,2026-06-24,2026-06-23 17:54,DOWN,2026-06-23 18:51,LONG,29673.75,29663.75,29676.75,2026-06-23 18:51,TARGET_HIT,1,3.00
PCT_R0.22pct,2026-06-24,2026-06-23 20:22,UP,2026-06-23 21:00,SHORT,29784.50,29794.50,29781.50,2026-06-23 21:00,STOP_HIT,1,-10.00
PCT_R0.22pct,2026-06-24,2026-06-23 23:47,DOWN,2026-06-24 00:01,LONG,29768.75,29758.75,29771.75,2026-06-24 00:01,TARGET_HIT,1,3.00
PCT_R0.22pct,2026-06-24,2026-06-24 01:45,UP,2026-06-24 02:18,SHORT,29818.25,29828.25,29815.25,2026-06-24 02:18,TARGET_HIT,1,3.00
PCT_R0.22pct,2026-06-24,2026-06-24 02:44,DOWN,2026-06-24 03:12,LONG,29781.50,29771.50,29784.50,2026-06-24 03:13,STOP_HIT,2,-10.00
PCT_R0.22pct,2026-06-24,2026-06-24 03:20,UP,2026-06-24 03:48,SHORT,29803.00,29813.00,29800.00,2026-06-24 03:48,STOP_HIT,1,-10.00
PCT_R0.22pct,2026-06-24,2026-06-24 04:20,DOWN,2026-06-24 05:01,LONG,29756.25,29746.25,29759.25,2026-06-24 05:01,TARGET_HIT,1,3.00
PCT_R0.22pct,2026-06-24,2026-06-24 07:30,DOWN,2026-06-24 07:48,LONG,29717.50,29707.50,29720.50,2026-06-24 07:48,TARGET_HIT,1,3.00
PCT_R0.22pct,2026-06-24,2026-06-24 07:53,DOWN,2026-06-24 08:08,LONG,29762.25,29752.25,29765.25,2026-06-24 08:08,STOP_HIT,1,-10.00
PCT_R0.22pct,2026-06-24,2026-06-24 08:11,DOWN,2026-06-24 08:35,LONG,29713.25,29703.25,29716.25,2026-06-24 08:35,TARGET_HIT,1,3.00
PCT_R0.22pct,2026-06-25,2026-06-24 14:01,DOWN,2026-06-24 14:12,LONG,30094.75,30084.75,30097.75,2026-06-24 14:12,TARGET_HIT,1,3.00
PCT_R0.22pct,2026-06-25,2026-06-24 14:57,UP,2026-06-24 15:39,SHORT,30109.75,30119.75,30106.75,2026-06-24 15:39,TARGET_HIT,1,3.00
PCT_R0.22pct,2026-06-25,2026-06-24 15:46,DOWN,2026-06-24 16:24,LONG,30079.25,30069.25,30082.25,2026-06-24 16:24,STOP_HIT,1,-10.00
PCT_R0.22pct,2026-06-25,2026-06-24 18:16,UP,2026-06-24 22:58,SHORT,30104.25,30114.25,30101.25,2026-06-24 23:00,STOP_HIT,3,-10.00
PCT_R0.22pct,2026-06-25,2026-06-25 07:46,DOWN,2026-06-25 07:59,LONG,29671.25,29661.25,29674.25,2026-06-25 07:59,STOP_HIT,1,-10.00
PCT_R0.22pct,2026-06-25,2026-06-25 08:56,UP,2026-06-25 09:11,SHORT,29744.00,29754.00,29741.00,2026-06-25 09:11,STOP_HIT,1,-10.00
PCT_R0.22pct,2026-06-25,2026-06-25 09:41,DOWN,2026-06-25 09:51,LONG,29700.25,29690.25,29703.25,2026-06-25 09:51,STOP_HIT,1,-10.00
PCT_R0.22pct,2026-06-25,2026-06-25 10:52,DOWN,2026-06-25 11:10,LONG,29706.75,29696.75,29709.75,2026-06-25 11:10,STOP_HIT,1,-10.00
PCT_R0.22pct,2026-06-26,2026-06-25 14:00,DOWN,2026-06-25 14:10,LONG,29667.25,29657.25,29670.25,2026-06-25 14:10,STOP_HIT,1,-10.00
PCT_R0.22pct,2026-06-26,2026-06-25 14:30,UP,2026-06-25 14:53,SHORT,29669.00,29679.00,29666.00,2026-06-25 14:54,STOP_HIT,2,-10.00
PCT_R0.22pct,2026-06-26,2026-06-25 15:56,UP,2026-06-25 16:06,SHORT,29752.00,29762.00,29749.00,2026-06-25 16:06,STOP_HIT,1,-10.00
PCT_R0.22pct,2026-06-26,2026-06-25 16:09,DOWN,2026-06-25 16:32,LONG,29687.25,29677.25,29690.25,2026-06-25 16:32,STOP_HIT,1,-10.00
PCT_R0.22pct,2026-06-26,2026-06-25 23:32,DOWN,2026-06-26 01:16,LONG,29400.00,29390.00,29403.00,2026-06-26 01:16,STOP_HIT,1,-10.00
PCT_R0.22pct,2026-06-26,2026-06-26 09:30,DOWN,2026-06-26 11:00,LONG,29417.00,29407.00,29420.00,2026-06-26 11:00,TARGET_HIT,1,3.00
PCT_R0.22pct,2026-06-29,2026-06-28 14:01,UP,2026-06-28 14:16,SHORT,29534.75,29544.75,29531.75,2026-06-28 14:16,TARGET_HIT,1,3.00
PCT_R0.22pct,2026-06-29,2026-06-28 17:30,UP,2026-06-28 17:44,SHORT,29543.75,29553.75,29540.75,2026-06-28 17:44,TARGET_HIT,1,3.00
PCT_R0.22pct,2026-06-29,2026-06-28 17:42,DOWN,2026-06-28 18:16,LONG,29414.00,29404.00,29417.00,2026-06-28 18:16,TARGET_HIT,1,3.00
PCT_R0.22pct,2026-06-29,2026-06-28 18:15,UP,2026-06-28 18:53,SHORT,29521.25,29531.25,29518.25,2026-06-28 18:53,TARGET_HIT,1,3.00
PCT_R0.22pct,2026-06-29,2026-06-28 19:38,UP,2026-06-28 19:50,SHORT,29555.50,29565.50,29552.50,2026-06-28 19:50,STOP_HIT,1,-10.00
PCT_R0.22pct,2026-06-29,2026-06-28 21:05,UP,2026-06-28 21:27,SHORT,29534.75,29544.75,29531.75,2026-06-28 21:27,TARGET_HIT,1,3.00
PCT_R0.22pct,2026-06-29,2026-06-29 06:38,DOWN,2026-06-29 06:48,LONG,29511.25,29501.25,29514.25,2026-06-29 06:48,STOP_HIT,1,-10.00
PCT_R0.22pct,2026-06-30,2026-06-29 14:02,UP,2026-06-29 15:10,SHORT,30037.50,30047.50,30034.50,2026-06-29 15:10,TARGET_HIT,1,3.00
PCT_R0.22pct,2026-06-30,2026-06-29 16:17,DOWN,2026-06-29 16:31,LONG,29971.00,29961.00,29974.00,2026-06-29 16:31,STOP_HIT,1,-10.00
PCT_R0.22pct,2026-06-30,2026-06-29 17:13,UP,2026-06-29 17:32,SHORT,30066.75,30076.75,30063.75,2026-06-29 17:32,STOP_HIT,1,-10.00
PCT_R0.22pct,2026-06-30,2026-06-30 00:30,DOWN,2026-06-30 00:41,LONG,30036.00,30026.00,30039.00,2026-06-30 00:41,TARGET_HIT,1,3.00
PCT_R0.22pct,2026-06-30,2026-06-30 00:40,UP,2026-06-30 01:18,SHORT,30081.50,30091.50,30078.50,2026-06-30 01:18,TARGET_HIT,1,3.00
PCT_R0.22pct,2026-06-30,2026-06-30 03:51,DOWN,2026-06-30 04:34,LONG,30018.75,30008.75,30021.75,2026-06-30 04:34,STOP_HIT,1,-10.00
PCT_R0.22pct,2026-07-01,2026-06-30 16:00,DOWN,2026-06-30 17:11,LONG,30492.00,30482.00,30495.00,2026-06-30 17:12,STOP_HIT,2,-10.00
PCT_R0.22pct,2026-07-01,2026-07-01 06:12,DOWN,2026-07-01 06:22,LONG,30296.25,30286.25,30299.25,2026-07-01 06:22,TARGET_HIT,1,3.00
PCT_R0.22pct,2026-07-01,2026-07-01 07:09,UP,2026-07-01 07:20,SHORT,30298.50,30308.50,30295.50,2026-07-01 07:20,STOP_HIT,1,-10.00
PCT_R0.22pct,2026-07-01,2026-07-01 07:31,DOWN,2026-07-01 08:04,LONG,30256.50,30246.50,30259.50,2026-07-01 08:04,STOP_HIT,1,-10.00
PCT_R0.22pct,2026-07-02,2026-07-01 14:17,UP,2026-07-01 14:59,SHORT,30109.50,30119.50,30106.50,2026-07-01 14:59,TARGET_HIT,1,3.00
PCT_R0.22pct,2026-07-02,2026-07-01 16:36,DOWN,2026-07-01 16:46,LONG,30012.75,30002.75,30015.75,2026-07-01 16:46,TARGET_HIT,1,3.00
PCT_R0.22pct,2026-07-02,2026-07-01 16:45,UP,2026-07-01 16:55,SHORT,30095.50,30105.50,30092.50,2026-07-01 16:55,STOP_HIT,1,-10.00
PCT_R0.22pct,2026-07-02,2026-07-01 20:49,UP,2026-07-01 21:01,SHORT,30097.75,30107.75,30094.75,2026-07-01 21:01,STOP_HIT,1,-10.00
PCT_R0.22pct,2026-07-02,2026-07-01 21:15,DOWN,2026-07-01 21:41,LONG,30058.00,30048.00,30061.00,2026-07-01 21:41,STOP_HIT,1,-10.00
PCT_R0.22pct,2026-07-02,2026-07-02 06:16,DOWN,2026-07-02 06:26,LONG,30069.00,30059.00,30072.00,2026-07-02 06:26,STOP_HIT,1,-10.00
PCT_R0.22pct,2026-07-03,2026-07-02 14:56,DOWN,2026-07-02 15:14,LONG,29557.75,29547.75,29560.75,2026-07-02 15:14,TARGET_HIT,1,3.00
PCT_R0.22pct,2026-07-03,2026-07-02 15:19,UP,2026-07-02 15:35,SHORT,29613.75,29623.75,29610.75,2026-07-02 15:35,TARGET_HIT,1,3.00
PCT_R0.22pct,2026-07-03,2026-07-02 16:00,DOWN,2026-07-02 16:10,LONG,29552.25,29542.25,29555.25,2026-07-02 16:10,STOP_HIT,1,-10.00
PCT_R0.22pct,2026-07-03,2026-07-02 16:10,UP,2026-07-02 16:20,SHORT,29591.75,29601.75,29588.75,2026-07-02 16:20,TARGET_HIT,1,3.00
PCT_R0.22pct,2026-07-03,2026-07-02 16:15,DOWN,2026-07-02 16:31,LONG,29539.75,29529.75,29542.75,2026-07-02 16:31,TARGET_HIT,1,3.00
PCT_R0.22pct,2026-07-06,2026-07-05 14:00,DOWN,2026-07-05 14:10,LONG,29881.75,29871.75,29884.75,2026-07-05 14:10,TARGET_HIT,1,3.00
PCT_R0.22pct,2026-07-06,2026-07-05 14:05,UP,2026-07-05 14:37,SHORT,29959.75,29969.75,29956.75,2026-07-05 14:42,STOP_HIT,6,-10.00
PCT_R0.22pct,2026-07-06,2026-07-05 16:02,UP,2026-07-05 16:15,SHORT,29982.50,29992.50,29979.50,2026-07-05 16:15,STOP_HIT,1,-10.00
PCT_R0.22pct,2026-07-06,2026-07-05 21:34,UP,2026-07-05 23:25,SHORT,29836.50,29846.50,29833.50,2026-07-05 23:25,TARGET_HIT,1,3.00
PCT_R0.22pct,2026-07-06,2026-07-06 00:16,UP,2026-07-06 01:02,SHORT,29868.75,29878.75,29865.75,2026-07-06 01:02,TARGET_HIT,1,3.00
PCT_R0.22pct,2026-07-06,2026-07-06 05:00,DOWN,2026-07-06 05:23,LONG,29845.50,29835.50,29848.50,2026-07-06 05:23,TARGET_HIT,1,3.00
PCT_R0.22pct,2026-07-06,2026-07-06 09:42,UP,2026-07-06 10:42,SHORT,29975.25,29985.25,29972.25,2026-07-06 10:44,TARGET_HIT,3,3.00
PCT_R0.22pct,2026-07-06,2026-07-06 11:24,DOWN,2026-07-06 12:03,LONG,29960.00,29950.00,29963.00,2026-07-06 12:03,TARGET_HIT,1,3.00
PCT_R0.22pct,2026-07-07,2026-07-06 14:21,DOWN,2026-07-06 14:54,LONG,29907.00,29897.00,29910.00,2026-07-06 14:54,TARGET_HIT,1,3.00
PCT_R0.22pct,2026-07-07,2026-07-07 04:10,DOWN,2026-07-07 04:49,LONG,29638.25,29628.25,29641.25,2026-07-07 04:49,TARGET_HIT,1,3.00
PCT_R0.22pct,2026-07-07,2026-07-07 09:08,DOWN,2026-07-07 11:13,LONG,29326.00,29316.00,29329.00,2026-07-07 11:13,TARGET_HIT,1,3.00
PCT_R0.22pct,2026-07-08,2026-07-07 14:00,UP,2026-07-07 14:17,SHORT,29383.00,29393.00,29380.00,2026-07-07 14:17,TARGET_HIT,1,3.00
PCT_R0.22pct,2026-07-08,2026-07-07 16:00,UP,2026-07-07 16:16,SHORT,29421.75,29431.75,29418.75,2026-07-07 16:16,TARGET_HIT,1,3.00
PCT_R0.22pct,2026-07-08,2026-07-07 18:12,UP,2026-07-07 18:27,SHORT,29453.75,29463.75,29450.75,2026-07-07 18:27,TARGET_HIT,1,3.00
PCT_R0.22pct,2026-07-08,2026-07-07 19:31,DOWN,2026-07-07 21:03,LONG,29408.75,29398.75,29411.75,2026-07-07 21:03,TARGET_HIT,1,3.00
PCT_R0.22pct,2026-07-09,2026-07-08 15:20,UP,2026-07-08 15:36,SHORT,29482.75,29492.75,29479.75,2026-07-08 15:36,TARGET_HIT,1,3.00
PCT_R0.22pct,2026-07-09,2026-07-08 17:20,DOWN,2026-07-08 17:57,LONG,29453.50,29443.50,29456.50,2026-07-08 17:57,TARGET_HIT,1,3.00
PCT_R0.22pct,2026-07-09,2026-07-08 18:02,UP,2026-07-08 18:17,SHORT,29529.75,29539.75,29526.75,2026-07-08 18:17,TARGET_HIT,1,3.00
PCT_R0.22pct,2026-07-09,2026-07-08 18:21,DOWN,2026-07-08 18:49,LONG,29451.00,29441.00,29454.00,2026-07-08 18:49,STOP_HIT,1,-10.00
PCT_R0.22pct,2026-07-09,2026-07-08 19:19,UP,2026-07-08 20:02,SHORT,29515.00,29525.00,29512.00,2026-07-08 20:02,TARGET_HIT,1,3.00
PCT_R0.22pct,2026-07-10,2026-07-09 15:26,DOWN,2026-07-09 16:03,LONG,29905.00,29895.00,29908.00,2026-07-09 16:03,STOP_HIT,1,-10.00
PCT_R0.22pct,2026-07-10,2026-07-09 17:51,DOWN,2026-07-09 18:23,LONG,29857.75,29847.75,29860.75,2026-07-09 18:23,TARGET_HIT,1,3.00
PCT_R0.22pct,2026-07-10,2026-07-09 19:07,DOWN,2026-07-09 22:03,LONG,29850.25,29840.25,29853.25,2026-07-09 22:04,TARGET_HIT,2,3.00
PCT_R0.22pct,2026-07-10,2026-07-10 03:16,DOWN,2026-07-10 03:35,LONG,29836.75,29826.75,29839.75,2026-07-10 03:35,STOP_HIT,1,-10.00
PCT_R0.22pct,2026-07-10,2026-07-10 05:04,UP,2026-07-10 05:33,SHORT,29912.75,29922.75,29909.75,2026-07-10 05:33,TARGET_HIT,1,3.00
PCT_R0.22pct,2026-07-10,2026-07-10 07:05,UP,2026-07-10 07:17,SHORT,29939.75,29949.75,29936.75,2026-07-10 07:17,TARGET_HIT,1,3.00
PCT_R0.22pct,2026-07-10,2026-07-10 07:42,UP,2026-07-10 07:52,SHORT,29907.00,29917.00,29904.00,2026-07-10 07:52,STOP_HIT,1,-10.00
PCT_R0.22pct,2026-07-13,2026-07-12 14:01,DOWN,2026-07-12 14:15,LONG,29866.25,29856.25,29869.25,2026-07-12 14:15,TARGET_HIT,1,3.00
PCT_R0.22pct,2026-07-13,2026-07-12 15:47,UP,2026-07-12 16:04,SHORT,29957.75,29967.75,29954.75,2026-07-12 16:04,STOP_HIT,1,-10.00
PCT_R0.22pct,2026-07-13,2026-07-12 16:10,DOWN,2026-07-12 17:04,LONG,29840.00,29830.00,29843.00,2026-07-12 17:04,STOP_HIT,1,-10.00
PCT_R0.22pct,2026-07-13,2026-07-13 03:06,DOWN,2026-07-13 04:05,LONG,29728.75,29718.75,29731.75,2026-07-13 04:05,TARGET_HIT,1,3.00
PCT_R0.22pct,2026-07-13,2026-07-13 06:30,DOWN,2026-07-13 06:47,LONG,29643.00,29633.00,29646.00,2026-07-13 06:47,TARGET_HIT,1,3.00
PCT_R0.22pct,2026-07-13,2026-07-13 07:24,DOWN,2026-07-13 07:49,LONG,29623.25,29613.25,29626.25,2026-07-13 07:49,TARGET_HIT,1,3.00
PCT_R0.22pct,2026-07-14,2026-07-13 14:00,DOWN,2026-07-13 14:55,LONG,29412.25,29402.25,29415.25,2026-07-13 14:55,STOP_HIT,1,-10.00
PCT_R0.22pct,2026-07-14,2026-07-13 15:45,UP,2026-07-13 16:03,SHORT,29405.00,29415.00,29402.00,2026-07-13 16:03,STOP_HIT,1,-10.00
PCT_R0.22pct,2026-07-14,2026-07-13 18:35,UP,2026-07-13 18:49,SHORT,29432.50,29442.50,29429.50,2026-07-13 18:49,STOP_HIT,1,-10.00
PCT_R0.22pct,2026-07-14,2026-07-13 18:44,DOWN,2026-07-13 18:54,LONG,29394.00,29384.00,29397.00,2026-07-13 18:54,TARGET_HIT,1,3.00
PCT_R0.22pct,2026-07-14,2026-07-13 20:12,UP,2026-07-13 20:28,SHORT,29447.50,29457.50,29444.50,2026-07-13 20:29,TARGET_HIT,2,3.00
PCT_R0.22pct,2026-07-15,2026-07-14 14:11,UP,2026-07-14 15:26,SHORT,29852.25,29862.25,29849.25,2026-07-14 15:26,TARGET_HIT,1,3.00
PCT_R0.22pct,2026-07-15,2026-07-14 23:27,UP,2026-07-14 23:49,SHORT,29997.25,30007.25,29994.25,2026-07-14 23:49,TARGET_HIT,1,3.00
PCT_R0.22pct,2026-07-15,2026-07-14 23:53,DOWN,2026-07-15 00:05,LONG,29933.00,29923.00,29936.00,2026-07-15 00:06,STOP_HIT,2,-10.00
PCT_R0.22pct,2026-07-15,2026-07-15 04:25,UP,2026-07-15 04:35,SHORT,29941.75,29951.75,29938.75,2026-07-15 04:35,STOP_HIT,1,-10.00
PCT_R0.22pct,2026-07-15,2026-07-15 05:07,DOWN,2026-07-15 05:32,LONG,29941.75,29931.75,29944.75,2026-07-15 05:32,STOP_HIT,1,-10.00
PCT_R0.22pct,2026-07-15,2026-07-15 10:23,DOWN,2026-07-15 10:47,LONG,29641.50,29631.50,29644.50,2026-07-15 10:47,TARGET_HIT,1,3.00
PCT_R0.22pct,2026-07-16,2026-07-15 14:06,DOWN,2026-07-15 14:50,LONG,29682.00,29672.00,29685.00,2026-07-15 14:50,TARGET_HIT,1,3.00
PCT_R0.22pct,2026-07-16,2026-07-15 14:55,UP,2026-07-15 16:03,SHORT,29737.50,29747.50,29734.50,2026-07-15 16:03,TARGET_HIT,1,3.00
PCT_R0.22pct,2026-07-16,2026-07-15 18:03,UP,2026-07-15 18:43,SHORT,29685.00,29695.00,29682.00,2026-07-15 18:43,TARGET_HIT,1,3.00
PCT_R0.22pct,2026-07-16,2026-07-15 21:30,DOWN,2026-07-15 21:52,LONG,29686.75,29676.75,29689.75,2026-07-15 21:52,TARGET_HIT,1,3.00
PCT_R0.22pct,2026-07-16,2026-07-15 22:17,DOWN,2026-07-15 22:31,LONG,29689.75,29679.75,29692.75,2026-07-15 22:32,STOP_HIT,2,-10.00
PCT_R0.22pct,2026-07-16,2026-07-16 06:22,UP,2026-07-16 06:38,SHORT,29490.50,29500.50,29487.50,2026-07-16 06:38,TARGET_HIT,1,3.00
PCT_R0.22pct,2026-07-16,2026-07-16 06:37,DOWN,2026-07-16 06:47,LONG,29458.25,29448.25,29461.25,2026-07-16 06:47,TARGET_HIT,1,3.00
PCT_R0.22pct,2026-07-17,2026-07-16 14:04,DOWN,2026-07-16 14:33,LONG,29156.75,29146.75,29159.75,2026-07-16 14:34,STOP_HIT,2,-10.00
PCT_R0.22pct,2026-07-17,2026-07-17 02:41,DOWN,2026-07-17 03:05,LONG,28761.50,28751.50,28764.50,2026-07-17 03:05,TARGET_HIT,1,3.00
PCT_R0.22pct,2026-07-17,2026-07-17 06:47,DOWN,2026-07-17 07:03,LONG,28716.50,28706.50,28719.50,2026-07-17 07:03,STOP_HIT,1,-10.00
PCT_R0.22pct,2026-07-17,2026-07-17 07:24,UP,2026-07-17 07:35,SHORT,28753.75,28763.75,28750.75,2026-07-17 07:35,TARGET_HIT,1,3.00
PCT_R0.22pct,2026-07-17,2026-07-17 10:55,DOWN,2026-07-17 11:20,LONG,28767.25,28757.25,28770.25,2026-07-17 11:20,STOP_HIT,1,-10.00
PCT_R0.22pct,2026-07-17,2026-07-17 11:30,DOWN,2026-07-17 11:40,LONG,28767.75,28757.75,28770.75,2026-07-17 11:40,STOP_HIT,1,-10.00
PCT_R0.22pct,2026-07-17,2026-07-17 11:40,UP,2026-07-17 11:51,SHORT,28820.00,28830.00,28817.00,2026-07-17 11:51,STOP_HIT,1,-10.00
PCT_R0.22pct,2026-07-17,2026-07-17 11:51,DOWN,2026-07-17 12:03,LONG,28740.50,28730.50,28743.50,2026-07-17 12:03,STOP_HIT,1,-10.00
PCT_R0.22pct,2026-07-20,2026-07-19 14:01,DOWN,2026-07-19 14:11,LONG,28720.00,28710.00,28723.00,2026-07-19 14:11,TARGET_HIT,1,3.00
PCT_R0.22pct,2026-07-20,2026-07-19 14:14,UP,2026-07-19 14:32,SHORT,28766.25,28776.25,28763.25,2026-07-19 14:32,STOP_HIT,1,-10.00
PCT_R0.22pct,2026-07-20,2026-07-19 17:56,UP,2026-07-19 18:06,SHORT,28875.00,28885.00,28872.00,2026-07-19 18:06,STOP_HIT,1,-10.00
PCT_R0.22pct,2026-07-20,2026-07-19 18:06,DOWN,2026-07-19 18:24,LONG,28798.00,28788.00,28801.00,2026-07-19 18:24,TARGET_HIT,1,3.00
PCT_R0.22pct,2026-07-20,2026-07-19 20:51,DOWN,2026-07-19 21:14,LONG,28856.00,28846.00,28859.00,2026-07-19 21:14,TARGET_HIT,1,3.00
PCT_R0.22pct,2026-07-20,2026-07-19 22:35,UP,2026-07-20 00:00,SHORT,28908.25,28918.25,28905.25,2026-07-20 00:00,STOP_HIT,1,-10.00
PCT_R0.22pct,2026-07-20,2026-07-20 06:04,DOWN,2026-07-20 06:14,LONG,28967.50,28957.50,28970.50,2026-07-20 06:14,TARGET_HIT,1,3.00
PCT_R0.22pct,2026-07-20,2026-07-20 06:30,DOWN,2026-07-20 06:46,LONG,28974.25,28964.25,28977.25,2026-07-20 06:46,TARGET_HIT,1,3.00
PCT_R0.22pct,2026-07-20,2026-07-20 07:05,UP,2026-07-20 07:30,SHORT,29015.75,29025.75,29012.75,2026-07-20 07:31,STOP_HIT,2,-10.00
PCT_R0.22pct,2026-07-20,2026-07-20 08:41,DOWN,2026-07-20 09:04,LONG,28969.00,28959.00,28972.00,2026-07-20 09:04,TARGET_HIT,1,3.00
PCT_R0.22pct,2026-07-21,2026-07-20 14:00,DOWN,2026-07-20 14:10,LONG,28728.75,28718.75,28731.75,2026-07-20 14:10,TARGET_HIT,1,3.00
PCT_R0.22pct,2026-07-21,2026-07-20 14:34,UP,2026-07-20 15:09,SHORT,28765.75,28775.75,28762.75,2026-07-20 15:09,STOP_HIT,1,-10.00
PCT_R0.22pct,2026-07-21,2026-07-20 15:45,DOWN,2026-07-20 16:16,LONG,28721.50,28711.50,28724.50,2026-07-20 16:16,STOP_HIT,1,-10.00
PCT_R0.22pct,2026-07-21,2026-07-20 16:07,UP,2026-07-20 16:27,SHORT,28804.00,28814.00,28801.00,2026-07-20 16:27,STOP_HIT,1,-10.00
PCT_R0.22pct,2026-07-22,2026-07-21 14:48,UP,2026-07-21 16:03,SHORT,29317.75,29327.75,29314.75,2026-07-21 16:03,TARGET_HIT,1,3.00
PCT_R0.22pct,2026-07-22,2026-07-21 16:11,DOWN,2026-07-21 16:46,LONG,29273.75,29263.75,29276.75,2026-07-21 16:46,STOP_HIT,1,-10.00
PCT_R0.22pct,2026-07-22,2026-07-21 17:31,UP,2026-07-21 17:59,SHORT,29281.50,29291.50,29278.50,2026-07-21 17:59,TARGET_HIT,1,3.00
PCT_R0.22pct,2026-07-22,2026-07-22 04:56,UP,2026-07-22 05:42,SHORT,29158.00,29168.00,29155.00,2026-07-22 05:42,STOP_HIT,1,-10.00
PCT_R0.22pct,2026-07-23,2026-07-22 14:00,DOWN,2026-07-22 14:10,LONG,29066.50,29056.50,29069.50,2026-07-22 14:10,TARGET_HIT,1,3.00
PCT_R0.22pct,2026-07-23,2026-07-22 15:04,UP,2026-07-22 15:59,SHORT,29136.50,29146.50,29133.50,2026-07-22 15:59,TARGET_HIT,1,3.00
PCT_R0.22pct,2026-07-23,2026-07-22 20:35,DOWN,2026-07-22 21:13,LONG,29110.00,29100.00,29113.00,2026-07-22 21:13,TARGET_HIT,1,3.00
PCT_R0.22pct,2026-07-23,2026-07-22 21:32,DOWN,2026-07-22 21:58,LONG,29100.00,29090.00,29103.00,2026-07-22 21:59,STOP_HIT,2,-10.00
PCT_R0.22pct,2026-07-23,2026-07-23 01:03,DOWN,2026-07-23 01:35,LONG,29074.75,29064.75,29077.75,2026-07-23 01:37,TARGET_HIT,3,3.00
PCT_R0.22pct,2026-07-23,2026-07-23 02:16,UP,2026-07-23 02:50,SHORT,29106.75,29116.75,29103.75,2026-07-23 02:50,TARGET_HIT,1,3.00
PCT_R0.22pct,2026-07-23,2026-07-23 02:41,DOWN,2026-07-23 03:03,LONG,29062.00,29052.00,29065.00,2026-07-23 03:03,TARGET_HIT,1,3.00
PCT_R0.22pct,2026-07-23,2026-07-23 12:00,UP,2026-07-23 12:10,SHORT,28714.75,28724.75,28711.75,2026-07-23 12:10,STOP_HIT,1,-10.00
PCT_R0.22pct,2026-07-24,2026-07-23 14:00,DOWN,2026-07-23 14:11,LONG,28642.75,28632.75,28645.75,2026-07-23 14:11,TARGET_HIT,1,3.00
PCT_R0.22pct,2026-07-24,2026-07-23 14:19,UP,2026-07-23 14:31,SHORT,28684.50,28694.50,28681.50,2026-07-23 14:31,TARGET_HIT,1,3.00
PCT_R0.22pct,2026-07-24,2026-07-23 15:54,UP,2026-07-23 16:04,SHORT,28680.75,28690.75,28677.75,2026-07-23 16:04,TARGET_HIT,1,3.00
PCT_R0.22pct,2026-07-24,2026-07-23 16:35,UP,2026-07-23 17:21,SHORT,28664.50,28674.50,28661.50,2026-07-23 17:21,TARGET_HIT,1,3.00
PCT_R0.22pct,2026-07-24,2026-07-23 17:08,DOWN,2026-07-23 17:51,LONG,28635.25,28625.25,28638.25,2026-07-23 17:51,TARGET_HIT,1,3.00
PCT_R0.22pct,2026-07-24,2026-07-23 22:49,UP,2026-07-23 23:23,SHORT,28641.50,28651.50,28638.50,2026-07-23 23:23,TARGET_HIT,1,3.00
PCT_R0.22pct,2026-07-24,2026-07-23 23:26,DOWN,2026-07-24 00:04,LONG,28602.50,28592.50,28605.50,2026-07-24 00:04,STOP_HIT,1,-10.00
PCT_R0.22pct,2026-07-24,2026-07-24 00:12,UP,2026-07-24 00:47,SHORT,28624.25,28634.25,28621.25,2026-07-24 00:47,TARGET_HIT,1,3.00
PCT_R0.22pct,2026-07-24,2026-07-24 04:18,DOWN,2026-07-24 05:01,LONG,28586.50,28576.50,28589.50,2026-07-24 05:02,TARGET_HIT,2,3.00
PCT_R0.22pct,2026-07-24,2026-07-24 08:10,DOWN,2026-07-24 09:15,LONG,28458.00,28448.00,28461.00,2026-07-24 09:15,TARGET_HIT,1,3.00
PCT_R0.22pct,2026-07-27,2026-07-26 14:01,DOWN,2026-07-26 14:11,LONG,28593.75,28583.75,28596.75,2026-07-26 14:12,TARGET_HIT,2,3.00
PCT_R0.22pct,2026-07-27,2026-07-26 14:09,UP,2026-07-26 14:24,SHORT,28630.00,28640.00,28627.00,2026-07-26 14:24,TARGET_HIT,1,3.00
PCT_R0.22pct,2026-07-27,2026-07-26 16:00,DOWN,2026-07-26 16:27,LONG,28627.25,28617.25,28630.25,2026-07-26 16:27,STOP_HIT,1,-10.00
PCT_R0.22pct,2026-07-27,2026-07-26 18:46,DOWN,2026-07-26 19:57,LONG,28610.25,28600.25,28613.25,2026-07-26 19:57,TARGET_HIT,1,3.00
PCT_R0.22pct,2026-07-27,2026-07-27 04:22,UP,2026-07-27 04:49,SHORT,28689.50,28699.50,28686.50,2026-07-27 04:49,TARGET_HIT,1,3.00
PCT_R0.22pct,2026-07-27,2026-07-27 05:00,DOWN,2026-07-27 05:26,LONG,28625.00,28615.00,28628.00,2026-07-27 05:26,TARGET_HIT,1,3.00
PCT_R0.22pct,2026-07-27,2026-07-27 10:40,UP,2026-07-27 11:12,SHORT,28224.00,28234.00,28221.00,2026-07-27 11:12,TARGET_HIT,1,3.00
PCT_R0.22pct,2026-07-28,2026-07-27 14:00,DOWN,2026-07-27 14:14,LONG,28159.50,28149.50,28162.50,2026-07-27 14:15,TARGET_HIT,2,3.00
PCT_R0.22pct,2026-07-28,2026-07-27 15:04,UP,2026-07-27 15:52,SHORT,28165.25,28175.25,28162.25,2026-07-27 15:52,STOP_HIT,1,-10.00
PCT_R0.22pct,2026-07-28,2026-07-28 00:11,UP,2026-07-28 00:42,SHORT,28039.50,28049.50,28036.50,2026-07-28 00:42,TARGET_HIT,1,3.00
PCT_R0.22pct,2026-07-28,2026-07-28 00:47,DOWN,2026-07-28 01:45,LONG,27973.75,27963.75,27976.75,2026-07-28 01:45,TARGET_HIT,1,3.00
PCT_R0.22pct,2026-07-28,2026-07-28 03:41,UP,2026-07-28 04:39,SHORT,27972.25,27982.25,27969.25,2026-07-28 04:39,TARGET_HIT,1,3.00
PCT_R0.22pct,2026-07-28,2026-07-28 04:30,DOWN,2026-07-28 04:42,LONG,27967.50,27957.50,27970.50,2026-07-28 04:42,TARGET_HIT,1,3.00
PCT_R0.22pct,2026-07-28,2026-07-28 10:00,DOWN,2026-07-28 10:23,LONG,27944.25,27934.25,27947.25,2026-07-28 10:23,STOP_HIT,1,-10.00
PCT_R0.22pct,2026-07-28,2026-07-28 10:17,UP,2026-07-28 10:48,SHORT,27963.25,27973.25,27960.25,2026-07-28 10:48,TARGET_HIT,1,3.00
PCT_R0.22pct,2026-07-28,2026-07-28 11:30,DOWN,2026-07-28 12:00,LONG,27919.50,27909.50,27922.50,2026-07-28 12:00,TARGET_HIT,1,3.00
PCT_R0.22pct,2026-07-28,2026-07-28 12:06,UP,2026-07-28 12:42,SHORT,27940.25,27950.25,27937.25,2026-07-28 12:43,STOP_HIT,2,-10.00
PCT_R0.22pct,2026-07-29,2026-07-28 14:10,DOWN,2026-07-28 14:46,LONG,27844.00,27834.00,27847.00,2026-07-28 14:46,STOP_HIT,1,-10.00
PCT_R0.22pct,2026-07-29,2026-07-28 15:10,UP,2026-07-28 15:24,SHORT,27875.75,27885.75,27872.75,2026-07-28 15:24,TARGET_HIT,1,3.00
PCT_R0.22pct,2026-07-29,2026-07-28 16:45,DOWN,2026-07-28 17:22,LONG,27951.75,27941.75,27954.75,2026-07-28 17:22,TARGET_HIT,1,3.00
PCT_R0.22pct,2026-07-29,2026-07-28 17:27,DOWN,2026-07-28 17:37,LONG,27939.25,27929.25,27942.25,2026-07-28 17:37,TARGET_HIT,1,3.00
PCT_R0.22pct,2026-07-29,2026-07-28 22:10,UP,2026-07-28 22:55,SHORT,27928.50,27938.50,27925.50,2026-07-28 22:55,STOP_HIT,1,-10.00
PCT_R0.22pct,2026-07-29,2026-07-29 04:30,UP,2026-07-29 04:55,SHORT,27926.50,27936.50,27923.50,2026-07-29 04:55,TARGET_HIT,1,3.00
PCT_R0.22pct,2026-07-29,2026-07-29 04:56,DOWN,2026-07-29 05:07,LONG,27873.75,27863.75,27876.75,2026-07-29 05:07,TARGET_HIT,1,3.00
PCT_R0.22pct,2026-07-29,2026-07-29 05:20,UP,2026-07-29 05:30,SHORT,27914.50,27924.50,27911.50,2026-07-29 05:30,STOP_HIT,1,-10.00
PCT_R0.22pct,2026-07-30,2026-07-29 14:00,UP,2026-07-29 14:10,SHORT,27440.50,27450.50,27437.50,2026-07-29 14:10,STOP_HIT,1,-10.00
PCT_R0.22pct,2026-07-30,2026-07-29 14:28,UP,2026-07-29 14:38,SHORT,27458.50,27468.50,27455.50,2026-07-29 14:39,TARGET_HIT,2,3.00
PCT_R0.22pct,2026-07-30,2026-07-29 14:45,DOWN,2026-07-29 14:55,LONG,27432.75,27422.75,27435.75,2026-07-29 14:55,TARGET_HIT,1,3.00
PCT_R0.22pct,2026-07-30,2026-07-29 18:48,DOWN,2026-07-29 19:20,LONG,27485.50,27475.50,27488.50,2026-07-29 19:20,TARGET_HIT,1,3.00
PCT_R0.22pct,2026-07-30,2026-07-29 19:40,UP,2026-07-29 19:50,SHORT,27549.75,27559.75,27546.75,2026-07-29 19:50,TARGET_HIT,1,3.00
PCT_R0.22pct,2026-07-30,2026-07-29 19:49,DOWN,2026-07-29 20:09,LONG,27507.00,27497.00,27510.00,2026-07-29 20:09,STOP_HIT,1,-10.00
PCT_R0.22pct,2026-07-30,2026-07-30 00:57,UP,2026-07-30 01:15,SHORT,27536.75,27546.75,27533.75,2026-07-30 01:15,TARGET_HIT,1,3.00
PCT_R0.22pct,2026-07-31,2026-07-30 14:00,UP,2026-07-30 14:10,SHORT,28400.00,28410.00,28397.00,2026-07-30 14:10,TARGET_HIT,1,3.00
PCT_R0.22pct,2026-07-31,2026-07-30 14:03,DOWN,2026-07-30 14:28,LONG,28352.50,28342.50,28355.50,2026-07-30 14:28,TARGET_HIT,1,3.00
PCT_R0.22pct,2026-07-31,2026-07-30 14:32,UP,2026-07-30 14:43,SHORT,28392.00,28402.00,28389.00,2026-07-30 14:43,TARGET_HIT,1,3.00
PCT_R0.22pct,2026-07-31,2026-07-30 15:03,DOWN,2026-07-30 15:33,LONG,28383.50,28373.50,28386.50,2026-07-30 15:33,TARGET_HIT,1,3.00
PCT_R0.22pct,2026-07-31,2026-07-30 18:37,UP,2026-07-30 19:57,SHORT,28466.25,28476.25,28463.25,2026-07-30 19:58,TARGET_HIT,2,3.00
PCT_R0.22pct,2026-07-31,2026-07-31 03:08,DOWN,2026-07-31 04:33,LONG,28476.75,28466.75,28479.75,2026-07-31 04:33,STOP_HIT,1,-10.00
PCT_R0.22pct,2026-07-31,2026-07-31 04:42,UP,2026-07-31 05:25,SHORT,28549.75,28559.75,28546.75,2026-07-31 05:25,STOP_HIT,1,-10.00
PCT_R0.22pct,2026-07-31,2026-07-31 08:35,DOWN,2026-07-31 08:49,LONG,28342.50,28332.50,28345.50,2026-07-31 08:49,STOP_HIT,1,-10.00
PCT_R0.22pct,2026-07-31,2026-07-31 11:59,DOWN,2026-07-31 12:09,LONG,28392.50,28382.50,28395.50,2026-07-31 12:09,TARGET_HIT,1,3.00
PCT_R0.22pct,2026-08-03,2026-08-02 14:00,UP,2026-08-02 14:10,SHORT,28601.00,28611.00,28598.00,2026-08-02 14:10,STOP_HIT,1,-10.00
PCT_R0.22pct,2026-08-03,2026-08-02 14:13,DOWN,2026-08-02 14:59,LONG,28564.25,28554.25,28567.25,2026-08-02 14:59,TARGET_HIT,1,3.00
PCT_R0.22pct,2026-08-03,2026-08-02 15:52,DOWN,2026-08-02 16:02,LONG,28586.25,28576.25,28589.25,2026-08-02 16:02,TARGET_HIT,1,3.00
PCT_R0.22pct,2026-08-03,2026-08-02 16:06,UP,2026-08-02 16:16,SHORT,28619.75,28629.75,28616.75,2026-08-02 16:16,TARGET_HIT,1,3.00
PCT_R0.22pct,2026-08-03,2026-08-02 16:15,DOWN,2026-08-02 16:26,LONG,28568.00,28558.00,28571.00,2026-08-02 16:26,TARGET_HIT,1,3.00
PCT_R0.22pct,2026-08-03,2026-08-02 16:29,UP,2026-08-02 16:58,SHORT,28613.25,28623.25,28610.25,2026-08-02 16:59,STOP_HIT,2,-10.00
PCT_R0.22pct,2026-08-03,2026-08-02 17:05,DOWN,2026-08-02 17:24,LONG,28587.25,28577.25,28590.25,2026-08-02 17:24,TARGET_HIT,1,3.00
PCT_R0.22pct,2026-08-03,2026-08-02 17:19,UP,2026-08-02 17:43,SHORT,28625.75,28635.75,28622.75,2026-08-02 17:43,TARGET_HIT,1,3.00
PCT_R0.22pct,2026-08-03,2026-08-02 23:02,UP,2026-08-02 23:12,SHORT,28618.50,28628.50,28615.50,2026-08-02 23:12,STOP_HIT,1,-10.00
PCT_R0.22pct,2026-08-03,2026-08-02 23:11,DOWN,2026-08-02 23:21,LONG,28585.75,28575.75,28588.75,2026-08-02 23:21,TARGET_HIT,1,3.00
PCT_R0.22pct,2026-08-04,2026-08-03 16:04,DOWN,2026-08-03 16:16,LONG,28913.25,28903.25,28916.25,2026-08-03 16:16,TARGET_HIT,1,3.00
PCT_R0.22pct,2026-08-04,2026-08-03 17:04,UP,2026-08-03 18:01,SHORT,29033.50,29043.50,29030.50,2026-08-03 18:01,STOP_HIT,1,-10.00
PCT_R0.22pct,2026-08-05,2026-08-04 14:02,UP,2026-08-04 14:24,SHORT,29825.75,29835.75,29822.75,2026-08-04 14:24,TARGET_HIT,1,3.00
PCT_R0.22pct,2026-08-05,2026-08-04 16:30,DOWN,2026-08-04 17:18,LONG,29816.50,29806.50,29819.50,2026-08-04 17:18,TARGET_HIT,1,3.00
PCT_R0.22pct,2026-08-05,2026-08-04 17:26,UP,2026-08-04 17:49,SHORT,29869.00,29879.00,29866.00,2026-08-04 17:49,TARGET_HIT,1,3.00
PCT_R0.22pct,2026-08-05,2026-08-05 00:45,UP,2026-08-05 03:06,SHORT,29901.75,29911.75,29898.75,2026-08-05 03:06,TARGET_HIT,1,3.00
PCT_R0.22pct,2026-08-06,2026-08-05 14:00,UP,2026-08-05 14:24,SHORT,29631.00,29641.00,29628.00,2026-08-05 14:25,TARGET_HIT,2,3.00
PCT_R0.22pct,2026-08-06,2026-08-05 14:47,DOWN,2026-08-05 15:10,LONG,29619.50,29609.50,29622.50,2026-08-05 15:10,TARGET_HIT,1,3.00
PCT_R0.22pct,2026-08-06,2026-08-05 18:45,DOWN,2026-08-05 19:50,LONG,29569.25,29559.25,29572.25,2026-08-05 19:50,TARGET_HIT,1,3.00
PCT_R0.22pct,2026-08-06,2026-08-05 19:33,UP,2026-08-05 20:38,SHORT,29561.75,29571.75,29558.75,2026-08-05 20:38,TARGET_HIT,1,3.00
PCT_R0.22pct,2026-08-06,2026-08-05 20:30,DOWN,2026-08-05 22:08,LONG,29539.00,29529.00,29542.00,2026-08-05 22:08,TARGET_HIT,1,3.00
PCT_R0.22pct,2026-08-06,2026-08-06 05:40,UP,2026-08-06 05:54,SHORT,29512.25,29522.25,29509.25,2026-08-06 05:54,TARGET_HIT,1,3.00
PCT_R0.22pct,2026-08-06,2026-08-06 07:50,DOWN,2026-08-06 08:00,LONG,29515.75,29505.75,29518.75,2026-08-06 08:00,STOP_HIT,1,-10.00
PCT_R0.22pct,2026-08-06,2026-08-06 09:01,DOWN,2026-08-06 09:44,LONG,29499.00,29489.00,29502.00,2026-08-06 09:44,TARGET_HIT,1,3.00
PCT_R0.22pct,2026-08-06,2026-08-06 09:41,UP,2026-08-06 10:18,SHORT,29552.50,29562.50,29549.50,2026-08-06 10:18,STOP_HIT,1,-10.00
PCT_R0.22pct,2026-08-06,2026-08-06 10:22,DOWN,2026-08-06 10:49,LONG,29518.50,29508.50,29521.50,2026-08-06 10:50,TARGET_HIT,2,3.00
PCT_R0.22pct,2026-08-06,2026-08-06 10:42,UP,2026-08-06 11:09,SHORT,29559.75,29569.75,29556.75,2026-08-06 11:12,STOP_HIT,4,-10.00
PCT_R0.22pct,2026-08-06,2026-08-06 11:12,DOWN,2026-08-06 11:26,LONG,29520.00,29510.00,29523.00,2026-08-06 11:26,STOP_HIT,1,-10.00
PCT_R0.22pct,2026-08-06,2026-08-06 12:06,DOWN,2026-08-06 12:28,LONG,29485.50,29475.50,29488.50,2026-08-06 12:28,TARGET_HIT,1,3.00
PCT_R0.22pct,2026-08-10,2026-08-09 14:00,DOWN,2026-08-09 14:13,LONG,29842.00,29832.00,29845.00,2026-08-09 14:13,TARGET_HIT,1,3.00
PCT_R0.22pct,2026-08-10,2026-08-09 14:17,UP,2026-08-09 15:08,SHORT,29868.75,29878.75,29865.75,2026-08-09 15:08,TARGET_HIT,1,3.00
PCT_R0.22pct,2026-08-10,2026-08-09 15:24,DOWN,2026-08-09 16:02,LONG,29808.50,29798.50,29811.50,2026-08-09 16:02,STOP_HIT,1,-10.00
PCT_R0.22pct,2026-08-10,2026-08-09 16:10,DOWN,2026-08-09 16:51,LONG,29828.25,29818.25,29831.25,2026-08-09 16:51,STOP_HIT,1,-10.00
PCT_R0.22pct,2026-08-10,2026-08-09 16:56,UP,2026-08-09 17:35,SHORT,29852.00,29862.00,29849.00,2026-08-09 17:35,TARGET_HIT,1,3.00
PCT_R0.22pct,2026-08-10,2026-08-10 03:12,UP,2026-08-10 03:31,SHORT,29911.75,29921.75,29908.75,2026-08-10 03:31,TARGET_HIT,1,3.00
PCT_R0.22pct,2026-08-10,2026-08-10 03:30,DOWN,2026-08-10 03:51,LONG,29858.75,29848.75,29861.75,2026-08-10 03:51,TARGET_HIT,1,3.00
PCT_R0.22pct,2026-08-10,2026-08-10 05:53,UP,2026-08-10 06:16,SHORT,29880.50,29890.50,29877.50,2026-08-10 06:16,TARGET_HIT,1,3.00
PCT_R0.22pct,2026-08-10,2026-08-10 06:37,DOWN,2026-08-10 07:01,LONG,29776.25,29766.25,29779.25,2026-08-10 07:01,TARGET_HIT,1,3.00
PCT_R0.22pct,2026-08-10,2026-08-10 07:35,UP,2026-08-10 08:13,SHORT,29816.75,29826.75,29813.75,2026-08-10 08:15,STOP_HIT,3,-10.00
PCT_R0.22pct,2026-08-10,2026-08-10 08:00,DOWN,2026-08-10 08:32,LONG,29768.75,29758.75,29771.75,2026-08-10 08:32,STOP_HIT,1,-10.00
PCT_R0.22pct,2026-08-11,2026-08-10 14:00,DOWN,2026-08-10 14:44,LONG,29724.50,29714.50,29727.50,2026-08-10 14:46,TARGET_HIT,3,3.00
PCT_R0.22pct,2026-08-11,2026-08-10 16:02,UP,2026-08-10 16:18,SHORT,29730.50,29740.50,29727.50,2026-08-10 16:20,TARGET_HIT,3,3.00
PCT_R0.22pct,2026-08-11,2026-08-10 20:31,DOWN,2026-08-10 23:17,LONG,29763.00,29753.00,29766.00,2026-08-10 23:17,STOP_HIT,1,-10.00
PCT_R0.22pct,2026-08-11,2026-08-10 23:23,UP,2026-08-11 00:06,SHORT,29773.75,29783.75,29770.75,2026-08-11 00:06,TARGET_HIT,1,3.00
PCT_R0.22pct,2026-08-11,2026-08-11 00:03,DOWN,2026-08-11 00:13,LONG,29731.50,29721.50,29734.50,2026-08-11 00:13,TARGET_HIT,1,3.00
PCT_R0.22pct,2026-08-11,2026-08-11 00:35,UP,2026-08-11 02:57,SHORT,29815.00,29825.00,29812.00,2026-08-11 03:00,STOP_HIT,4,-10.00
PCT_R0.22pct,2026-08-11,2026-08-11 05:47,UP,2026-08-11 06:40,SHORT,29744.75,29754.75,29741.75,2026-08-11 06:40,STOP_HIT,1,-10.00
PCT_R0.22pct,2026-08-11,2026-08-11 06:52,DOWN,2026-08-11 07:16,LONG,29711.50,29701.50,29714.50,2026-08-11 07:16,TARGET_HIT,1,3.00
PCT_R0.22pct,2026-08-12,2026-08-11 16:08,UP,2026-08-11 18:35,SHORT,29689.25,29699.25,29686.25,2026-08-11 18:43,TARGET_HIT,9,3.00
PCT_R0.22pct,2026-08-12,2026-08-12 06:31,UP,2026-08-12 06:41,SHORT,29921.25,29931.25,29918.25,2026-08-12 06:41,TARGET_HIT,1,3.00
PCT_R0.22pct,2026-08-12,2026-08-12 07:41,UP,2026-08-12 09:31,SHORT,29905.75,29915.75,29902.75,2026-08-12 09:32,STOP_HIT,2,-10.00
PCT_R0.22pct,2026-08-12,2026-08-12 10:41,DOWN,2026-08-12 11:24,LONG,29870.25,29860.25,29873.25,2026-08-12 11:26,TARGET_HIT,3,3.00
PCT_R0.22pct,2026-08-13,2026-08-12 14:31,UP,2026-08-12 16:04,SHORT,29847.75,29857.75,29844.75,2026-08-12 16:04,TARGET_HIT,1,3.00
PCT_R0.22pct,2026-08-13,2026-08-13 04:30,DOWN,2026-08-13 04:52,LONG,29869.50,29859.50,29872.50,2026-08-13 04:52,TARGET_HIT,1,3.00
PCT_R0.22pct,2026-08-13,2026-08-13 04:31,UP,2026-08-13 05:01,SHORT,29889.25,29899.25,29886.25,2026-08-13 05:01,TARGET_HIT,1,3.00
PCT_R0.22pct,2026-08-19,2026-08-18 14:21,DOWN,2026-08-18 15:42,LONG,29533.25,29523.25,29536.25,2026-08-18 15:44,TARGET_HIT,3,3.00
PCT_R0.22pct,2026-08-19,2026-08-18 16:15,UP,2026-08-18 16:46,SHORT,29572.00,29582.00,29569.00,2026-08-18 16:46,TARGET_HIT,1,3.00
PCT_R0.22pct,2026-08-19,2026-08-18 17:22,DOWN,2026-08-18 19:18,LONG,29545.25,29535.25,29548.25,2026-08-18 19:21,STOP_HIT,4,-10.00
PCT_R0.22pct,2026-08-19,2026-08-18 22:12,UP,2026-08-18 23:21,SHORT,29559.50,29569.50,29556.50,2026-08-18 23:24,STOP_HIT,4,-10.00
PCT_R0.22pct,2026-08-19,2026-08-19 03:00,UP,2026-08-19 03:20,SHORT,29547.75,29557.75,29544.75,2026-08-19 03:20,TARGET_HIT,1,3.00
PCT_R0.22pct,2026-08-19,2026-08-19 03:08,DOWN,2026-08-19 03:43,LONG,29512.50,29502.50,29515.50,2026-08-19 03:44,TARGET_HIT,2,3.00
PCT_R0.22pct,2026-08-19,2026-08-19 03:48,UP,2026-08-19 04:20,SHORT,29569.50,29579.50,29566.50,2026-08-19 04:20,TARGET_HIT,1,3.00
PCT_R0.22pct,2026-08-19,2026-08-19 06:22,UP,2026-08-19 07:02,SHORT,29612.25,29622.25,29609.25,2026-08-19 07:02,TARGET_HIT,1,3.00
PCT_R0.22pct,2026-08-19,2026-08-19 08:19,DOWN,2026-08-19 09:29,LONG,29542.75,29532.75,29545.75,2026-08-19 09:31,STOP_HIT,3,-10.00
PCT_R0.22pct,2026-08-19,2026-08-19 10:17,UP,2026-08-19 11:35,SHORT,29582.00,29592.00,29579.00,2026-08-19 11:35,TARGET_HIT,1,3.00
PCT_R0.22pct,2026-08-20,2026-08-19 14:00,UP,2026-08-19 14:15,SHORT,29627.25,29637.25,29624.25,2026-08-19 14:15,TARGET_HIT,1,3.00
PCT_R0.22pct,2026-08-20,2026-08-19 16:08,UP,2026-08-19 16:19,SHORT,29651.00,29661.00,29648.00,2026-08-19 16:21,STOP_HIT,3,-10.00
PCT_R0.22pct,2026-08-20,2026-08-19 17:02,DOWN,2026-08-19 18:34,LONG,29645.25,29635.25,29648.25,2026-08-19 18:34,TARGET_HIT,1,3.00
PCT_R0.22pct,2026-08-20,2026-08-19 21:14,UP,2026-08-19 22:37,SHORT,29665.50,29675.50,29662.50,2026-08-19 22:38,TARGET_HIT,2,3.00
PCT_R0.22pct,2026-08-20,2026-08-19 22:52,DOWN,2026-08-19 23:28,LONG,29611.00,29601.00,29614.00,2026-08-19 23:28,TARGET_HIT,1,3.00
PCT_R0.22pct,2026-08-20,2026-08-20 06:35,UP,2026-08-20 06:45,SHORT,29421.50,29431.50,29418.50,2026-08-20 06:45,STOP_HIT,1,-10.00
PCT_R0.22pct,2026-08-21,2026-08-20 14:00,DOWN,2026-08-20 14:10,LONG,29287.50,29277.50,29290.50,2026-08-20 14:13,STOP_HIT,4,-10.00
PCT_R0.22pct,2026-08-21,2026-08-20 14:05,UP,2026-08-20 16:07,SHORT,29341.00,29351.00,29338.00,2026-08-20 16:07,TARGET_HIT,1,3.00
PCT_R0.22pct,2026-08-21,2026-08-21 06:21,UP,2026-08-21 07:55,SHORT,29472.75,29482.75,29469.75,2026-08-21 07:55,TARGET_HIT,1,3.00
PCT_R0.22pct,2026-08-24,2026-08-23 14:00,DOWN,2026-08-23 14:10,LONG,29321.00,29311.00,29324.00,2026-08-23 14:11,TARGET_HIT,2,3.00
PCT_R0.22pct,2026-08-24,2026-08-23 14:01,UP,2026-08-23 14:43,SHORT,29372.75,29382.75,29369.75,2026-08-23 14:43,STOP_HIT,1,-10.00
PCT_R0.22pct,2026-08-24,2026-08-23 15:51,DOWN,2026-08-23 16:39,LONG,29366.25,29356.25,29369.25,2026-08-23 16:39,TARGET_HIT,1,3.00
PCT_R0.22pct,2026-08-24,2026-08-23 16:26,UP,2026-08-23 17:23,SHORT,29423.75,29433.75,29420.75,2026-08-23 17:23,TARGET_HIT,1,3.00
PCT_R0.22pct,2026-08-24,2026-08-23 17:19,DOWN,2026-08-23 17:49,LONG,29379.25,29369.25,29382.25,2026-08-23 17:49,TARGET_HIT,1,3.00
PCT_R0.22pct,2026-08-24,2026-08-24 07:21,UP,2026-08-24 07:31,SHORT,29130.25,29140.25,29127.25,2026-08-24 07:31,TARGET_HIT,1,3.00
PCT_R0.22pct,2026-08-24,2026-08-24 09:55,UP,2026-08-24 10:10,SHORT,29179.25,29189.25,29176.25,2026-08-24 10:10,TARGET_HIT,1,3.00
PCT_R0.22pct,2026-08-24,2026-08-24 10:30,DOWN,2026-08-24 11:49,LONG,29128.25,29118.25,29131.25,2026-08-24 11:49,TARGET_HIT,1,3.00
PCT_R0.22pct,2026-08-25,2026-08-24 14:00,DOWN,2026-08-24 15:43,LONG,29086.00,29076.00,29089.00,2026-08-24 15:43,STOP_HIT,1,-10.00
PCT_R0.22pct,2026-08-25,2026-08-24 16:19,UP,2026-08-24 16:53,SHORT,29125.75,29135.75,29122.75,2026-08-24 16:53,STOP_HIT,1,-10.00
PCT_R0.22pct,2026-08-25,2026-08-25 05:49,DOWN,2026-08-25 06:03,LONG,29274.25,29264.25,29277.25,2026-08-25 06:03,STOP_HIT,1,-10.00
PCT_R0.22pct,2026-08-25,2026-08-25 07:33,DOWN,2026-08-25 07:49,LONG,29226.75,29216.75,29229.75,2026-08-25 07:49,TARGET_HIT,1,3.00
PCT_R0.22pct,2026-08-25,2026-08-25 07:49,UP,2026-08-25 08:04,SHORT,29288.25,29298.25,29285.25,2026-08-25 08:04,TARGET_HIT,1,3.00
PCT_R0.22pct,2026-08-25,2026-08-25 08:30,DOWN,2026-08-25 09:09,LONG,29229.50,29219.50,29232.50,2026-08-25 09:09,TARGET_HIT,1,3.00
PCT_R0.22pct,2026-08-25,2026-08-25 10:08,UP,2026-08-25 12:30,SHORT,29302.00,29312.00,29299.00,2026-08-25 12:38,TARGET_HIT,9,3.00
PCT_R0.22pct,2026-08-26,2026-08-25 14:00,DOWN,2026-08-25 15:30,LONG,29246.00,29236.00,29249.00,2026-08-25 15:30,STOP_HIT,1,-10.00
PCT_R0.22pct,2026-08-26,2026-08-25 17:35,UP,2026-08-25 19:31,SHORT,29216.75,29226.75,29213.75,2026-08-25 19:31,TARGET_HIT,1,3.00
PCT_R0.22pct,2026-08-26,2026-08-25 22:48,DOWN,2026-08-25 23:48,LONG,29208.00,29198.00,29211.00,2026-08-25 23:48,TARGET_HIT,1,3.00
PCT_R0.22pct,2026-08-26,2026-08-26 00:22,UP,2026-08-26 00:43,SHORT,29248.75,29258.75,29245.75,2026-08-26 00:43,TARGET_HIT,1,3.00
PCT_R0.22pct,2026-08-26,2026-08-26 03:18,DOWN,2026-08-26 03:51,LONG,29206.00,29196.00,29209.00,2026-08-26 03:51,TARGET_HIT,1,3.00
PCT_R0.22pct,2026-08-26,2026-08-26 03:48,UP,2026-08-26 04:30,SHORT,29256.75,29266.75,29253.75,2026-08-26 04:30,TARGET_HIT,1,3.00
PCT_R0.22pct,2026-08-26,2026-08-26 05:59,DOWN,2026-08-26 06:37,LONG,29214.75,29204.75,29217.75,2026-08-26 06:37,TARGET_HIT,1,3.00
PCT_R0.22pct,2026-08-26,2026-08-26 06:28,UP,2026-08-26 07:04,SHORT,29259.50,29269.50,29256.50,2026-08-26 07:04,TARGET_HIT,1,3.00
PCT_R0.22pct,2026-08-26,2026-08-26 07:50,DOWN,2026-08-26 08:00,LONG,29217.75,29207.75,29220.75,2026-08-26 08:00,STOP_HIT,1,-10.00
PCT_R0.22pct,2026-08-26,2026-08-26 08:44,UP,2026-08-26 09:29,SHORT,29267.50,29277.50,29264.50,2026-08-26 09:29,TARGET_HIT,1,3.00
PCT_R0.22pct,2026-08-27,2026-08-26 14:00,UP,2026-08-26 14:10,SHORT,29560.75,29570.75,29557.75,2026-08-26 14:11,TARGET_HIT,2,3.00
PCT_R0.22pct,2026-08-27,2026-08-26 16:00,DOWN,2026-08-26 16:24,LONG,29571.75,29561.75,29574.75,2026-08-26 16:24,TARGET_HIT,1,3.00
PCT_R0.22pct,2026-08-27,2026-08-26 19:25,DOWN,2026-08-26 20:39,LONG,29510.75,29500.75,29513.75,2026-08-26 20:40,STOP_HIT,2,-10.00
PCT_R0.22pct,2026-08-27,2026-08-26 22:12,UP,2026-08-27 00:30,SHORT,29656.75,29666.75,29653.75,2026-08-27 00:30,TARGET_HIT,1,3.00
PCT_R0.22pct,2026-08-27,2026-08-27 03:50,UP,2026-08-27 04:12,SHORT,29583.50,29593.50,29580.50,2026-08-27 04:14,TARGET_HIT,3,3.00
PCT_R0.22pct,2026-08-27,2026-08-27 04:26,DOWN,2026-08-27 04:51,LONG,29530.00,29520.00,29533.00,2026-08-27 04:52,STOP_HIT,2,-10.00
PCT_R0.22pct,2026-08-27,2026-08-27 05:57,UP,2026-08-27 06:23,SHORT,29581.50,29591.50,29578.50,2026-08-27 06:23,STOP_HIT,1,-10.00
PCT_R0.22pct,2026-08-27,2026-08-27 10:28,UP,2026-08-27 11:06,SHORT,29581.75,29591.75,29578.75,2026-08-27 11:06,TARGET_HIT,1,3.00
PCT_R0.22pct,2026-08-28,2026-08-27 19:29,DOWN,2026-08-27 21:21,LONG,29623.50,29613.50,29626.50,2026-08-27 21:23,STOP_HIT,3,-10.00
PCT_R0.22pct,2026-08-28,2026-08-28 00:07,UP,2026-08-28 05:14,SHORT,29655.25,29665.25,29652.25,2026-08-28 05:19,TARGET_HIT,6,3.00
PCT_R0.22pct,2026-08-28,2026-08-28 05:02,DOWN,2026-08-28 05:31,LONG,29610.75,29600.75,29613.75,2026-08-28 05:31,STOP_HIT,1,-10.00
PCT_R0.22pct,2026-08-28,2026-08-28 05:33,UP,2026-08-28 05:43,SHORT,29695.00,29705.00,29692.00,2026-08-28 05:43,TARGET_HIT,1,3.00
