mode,pop_n,pct_backfill,category,slice_name,horizon,n,missing_horizon,baseline_mean,baseline_median,slice_mean,slice_median,slice_stddev,delta_mean,status
ALL,5094,87.3,setup_type,VWAP_MAGNET_SHORT,15,371,0,255.89,220.50,258.20,258.25,143.73,2.30,OK
ALL,5094,87.3,setup_type,VWAP_MAGNET_SHORT,30,371,0,251.41,214.75,258.51,251.75,146.66,7.10,OK
ALL,5094,87.3,setup_type,VWAP_MAGNET_SHORT,60,371,0,239.65,203.25,258.62,250.00,153.39,18.97,OK
ALL,5094,87.3,setup_type,VWAP_MAGNET_SHORT,120,371,0,200.20,175.25,226.19,225.25,137.60,25.99,OK
ALL,5094,87.3,setup_type,VWAP_MAGNET_SHORT,240,371,0,71.57,33.00,60.04,29.50,94.98,-11.52,OK
ALL,5094,87.3,setup_type,GLOBEX_VWAP_MAGNET_LONG,15,1793,0,255.89,220.50,332.36,287.75,219.13,76.46,OK
ALL,5094,87.3,setup_type,GLOBEX_VWAP_MAGNET_LONG,30,1793,0,251.41,214.75,323.55,276.75,215.42,72.14,OK
ALL,5094,87.3,setup_type,GLOBEX_VWAP_MAGNET_LONG,60,1793,0,239.65,203.25,302.20,258.50,211.02,62.55,OK
ALL,5094,87.3,setup_type,GLOBEX_VWAP_MAGNET_LONG,120,1793,0,200.20,175.25,245.89,218.75,189.41,45.69,OK
ALL,5094,87.3,setup_type,GLOBEX_VWAP_MAGNET_LONG,240,1793,0,71.57,33.00,80.95,32.00,127.06,9.38,OK
ALL,5094,87.3,setup_type,GLOBEX_VWAP_MAGNET_SHORT,15,946,0,255.89,220.50,252.22,225.25,167.30,-3.67,OK
ALL,5094,87.3,setup_type,GLOBEX_VWAP_MAGNET_SHORT,30,946,0,251.41,214.75,245.53,214.63,165.64,-5.88,OK
ALL,5094,87.3,setup_type,GLOBEX_VWAP_MAGNET_SHORT,60,946,0,239.65,203.25,233.75,203.75,169.84,-5.91,OK
ALL,5094,87.3,setup_type,GLOBEX_VWAP_MAGNET_SHORT,120,946,0,200.20,175.25,191.52,166.50,161.62,-8.67,OK
ALL,5094,87.3,setup_type,GLOBEX_VWAP_MAGNET_SHORT,240,946,0,71.57,33.00,43.19,27.00,82.14,-28.37,OK
ALL,5094,87.3,setup_type,GLOBEX_VWAP_FADE_LONG,15,164,0,255.89,220.50,20.29,11.00,66.67,-235.61,OK
ALL,5094,87.3,setup_type,GLOBEX_VWAP_FADE_LONG,30,164,0,251.41,214.75,25.31,15.75,71.28,-226.10,OK
ALL,5094,87.3,setup_type,GLOBEX_VWAP_FADE_LONG,60,164,0,239.65,203.25,27.45,15.88,74.84,-212.21,OK
ALL,5094,87.3,setup_type,GLOBEX_VWAP_FADE_LONG,120,163,1,200.20,175.25,15.99,10.00,85.93,-184.21,OK
ALL,5094,87.3,setup_type,GLOBEX_VWAP_FADE_LONG,240,163,1,71.57,33.00,28.30,40.50,90.63,-43.26,OK
ALL,5094,87.3,setup_type,VWAP_MAGNET_LONG,15,735,0,255.89,220.50,419.53,375.00,281.06,163.64,OK
ALL,5094,87.3,setup_type,VWAP_MAGNET_LONG,30,735,0,251.41,214.75,412.35,370.00,273.17,160.94,OK
ALL,5094,87.3,setup_type,VWAP_MAGNET_LONG,60,735,0,239.65,203.25,390.60,348.00,265.67,150.94,OK
ALL,5094,87.3,setup_type,VWAP_MAGNET_LONG,120,735,0,200.20,175.25,327.35,291.00,220.79,127.15,OK
ALL,5094,87.3,setup_type,VWAP_MAGNET_LONG,240,735,0,71.57,33.00,102.06,38.00,145.41,30.50,OK
ALL,5094,87.3,setup_type,IB_BEARISH,15,148,0,255.89,220.50,69.78,64.13,94.21,-186.12,OK
ALL,5094,87.3,setup_type,IB_BEARISH,30,148,0,251.41,214.75,69.66,56.63,128.48,-181.75,OK
ALL,5094,87.3,setup_type,IB_BEARISH,60,148,0,239.65,203.25,67.48,60.50,160.57,-172.18,OK
ALL,5094,87.3,setup_type,IB_BEARISH,120,148,0,200.20,175.25,52.24,34.63,200.33,-147.96,OK
ALL,5094,87.3,setup_type,IB_BEARISH,240,148,0,71.57,33.00,32.13,19.38,199.64,-39.43,OK
ALL,5094,87.3,setup_type,OPEN_TEST_DRIVE_LONG,15,23,0,255.89,220.50,91.29,91.00,108.38,-164.60,OK
ALL,5094,87.3,setup_type,OPEN_TEST_DRIVE_LONG,30,23,0,251.41,214.75,92.00,77.75,108.35,-159.41,OK
ALL,5094,87.3,setup_type,OPEN_TEST_DRIVE_LONG,60,23,0,239.65,203.25,114.05,100.75,104.21,-125.60,OK
ALL,5094,87.3,setup_type,OPEN_TEST_DRIVE_LONG,120,23,0,200.20,175.25,126.22,105.00,99.84,-73.98,OK
ALL,5094,87.3,setup_type,OPEN_TEST_DRIVE_LONG,240,23,0,71.57,33.00,102.18,124.50,131.51,30.62,OK
ALL,5094,87.3,setup_type,OR5_HIGH_FADE_SHORT,15,16,0,255.89,220.50,93.97,39.13,118.86,-161.93,INSUFFICIENT
ALL,5094,87.3,setup_type,OR5_HIGH_FADE_SHORT,30,16,0,251.41,214.75,111.39,82.63,156.13,-140.02,INSUFFICIENT
ALL,5094,87.3,setup_type,OR5_HIGH_FADE_SHORT,60,16,0,239.65,203.25,142.95,104.75,128.36,-96.70,INSUFFICIENT
ALL,5094,87.3,setup_type,OR5_HIGH_FADE_SHORT,120,16,0,200.20,175.25,154.13,117.63,154.32,-46.07,INSUFFICIENT
ALL,5094,87.3,setup_type,OR5_HIGH_FADE_SHORT,240,16,0,71.57,33.00,141.30,132.50,205.16,69.73,INSUFFICIENT
ALL,5094,87.3,setup_type,OPEN_DRIVE_LONG,15,28,0,255.89,220.50,91.51,81.13,97.22,-164.39,OK
ALL,5094,87.3,setup_type,OPEN_DRIVE_LONG,30,28,0,251.41,214.75,101.79,94.63,103.19,-149.63,OK
ALL,5094,87.3,setup_type,OPEN_DRIVE_LONG,60,28,0,239.65,203.25,94.39,93.00,111.26,-145.26,OK
ALL,5094,87.3,setup_type,OPEN_DRIVE_LONG,120,28,0,200.20,175.25,99.43,93.75,115.87,-100.77,OK
ALL,5094,87.3,setup_type,OPEN_DRIVE_LONG,240,28,0,71.57,33.00,76.70,85.75,104.88,5.13,OK
ALL,5094,87.3,setup_type,PD_CLOSE_FADE_SHORT,15,1,0,255.89,220.50,47.00,47.00,undefined,-208.89,INSUFFICIENT
ALL,5094,87.3,setup_type,PD_CLOSE_FADE_SHORT,30,1,0,251.41,214.75,128.50,128.50,undefined,-122.91,INSUFFICIENT
ALL,5094,87.3,setup_type,PD_CLOSE_FADE_SHORT,60,1,0,239.65,203.25,131.75,131.75,undefined,-107.90,INSUFFICIENT
ALL,5094,87.3,setup_type,PD_CLOSE_FADE_SHORT,120,1,0,200.20,175.25,272.00,272.00,undefined,71.80,INSUFFICIENT
ALL,5094,87.3,setup_type,PD_CLOSE_FADE_SHORT,240,1,0,71.57,33.00,-15.25,-15.25,undefined,-86.82,INSUFFICIENT
ALL,5094,87.3,setup_type,IB_HIGH_FADE_SHORT,15,23,0,255.89,220.50,66.78,52.25,57.28,-189.11,OK
ALL,5094,87.3,setup_type,IB_HIGH_FADE_SHORT,30,23,0,251.41,214.75,72.35,50.25,92.37,-179.06,OK
ALL,5094,87.3,setup_type,IB_HIGH_FADE_SHORT,60,23,0,239.65,203.25,90.99,82.75,125.40,-148.67,OK
ALL,5094,87.3,setup_type,IB_HIGH_FADE_SHORT,120,23,0,200.20,175.25,103.38,84.25,155.70,-96.82,OK
ALL,5094,87.3,setup_type,IB_HIGH_FADE_SHORT,240,23,0,71.57,33.00,100.35,64.75,225.04,28.78,OK
ALL,5094,87.3,setup_type,OR5_MID_FADE_SHORT,15,7,0,255.89,220.50,75.75,50.00,67.89,-180.14,INSUFFICIENT
ALL,5094,87.3,setup_type,OR5_MID_FADE_SHORT,30,7,0,251.41,214.75,94.14,51.50,107.14,-157.27,INSUFFICIENT
ALL,5094,87.3,setup_type,OR5_MID_FADE_SHORT,60,7,0,239.65,203.25,127.96,29.75,177.70,-111.69,INSUFFICIENT
ALL,5094,87.3,setup_type,OR5_MID_FADE_SHORT,120,7,0,200.20,175.25,160.32,81.75,159.61,-39.88,INSUFFICIENT
ALL,5094,87.3,setup_type,OR5_MID_FADE_SHORT,240,7,0,71.57,33.00,166.86,258.75,157.39,95.29,INSUFFICIENT
ALL,5094,87.3,setup_type,IB_BULLISH,15,113,0,255.89,220.50,45.15,36.75,45.64,-210.75,OK
ALL,5094,87.3,setup_type,IB_BULLISH,30,113,0,251.41,214.75,45.87,45.00,64.06,-205.54,OK
ALL,5094,87.3,setup_type,IB_BULLISH,60,113,0,239.65,203.25,43.79,58.25,81.85,-195.87,OK
ALL,5094,87.3,setup_type,IB_BULLISH,120,113,0,200.20,175.25,52.77,67.75,108.81,-147.43,OK
ALL,5094,87.3,setup_type,IB_BULLISH,240,113,0,71.57,33.00,82.13,77.50,144.93,10.56,OK
ALL,5094,87.3,setup_type,PD_VAL_FADE_SHORT,15,3,0,255.89,220.50,39.08,7.50,187.63,-216.81,INSUFFICIENT
ALL,5094,87.3,setup_type,PD_VAL_FADE_SHORT,30,3,0,251.41,214.75,11.50,12.50,113.75,-239.91,INSUFFICIENT
ALL,5094,87.3,setup_type,PD_VAL_FADE_SHORT,60,3,0,239.65,203.25,90.00,75.00,52.14,-149.65,INSUFFICIENT
ALL,5094,87.3,setup_type,PD_VAL_FADE_SHORT,120,3,0,200.20,175.25,186.58,188.50,100.89,-13.61,INSUFFICIENT
ALL,5094,87.3,setup_type,PD_VAL_FADE_SHORT,240,3,0,71.57,33.00,270.33,224.25,411.07,198.77,INSUFFICIENT
ALL,5094,87.3,setup_type,FLOOR_PIVOT_FADE_SHORT,15,4,0,255.89,220.50,25.63,29.63,80.87,-230.27,INSUFFICIENT
ALL,5094,87.3,setup_type,FLOOR_PIVOT_FADE_SHORT,30,4,0,251.41,214.75,4.75,-22.88,108.24,-246.66,INSUFFICIENT
ALL,5094,87.3,setup_type,FLOOR_PIVOT_FADE_SHORT,60,4,0,239.65,203.25,117.25,107.63,112.45,-122.40,INSUFFICIENT
ALL,5094,87.3,setup_type,FLOOR_PIVOT_FADE_SHORT,120,4,0,200.20,175.25,140.69,115.50,177.49,-59.51,INSUFFICIENT
ALL,5094,87.3,setup_type,FLOOR_PIVOT_FADE_SHORT,240,4,0,71.57,33.00,223.44,169.88,403.60,151.87,INSUFFICIENT
ALL,5094,87.3,setup_type,PD_OR_MID_FADE_SHORT,15,2,0,255.89,220.50,66.88,66.88,205.24,-189.02,INSUFFICIENT
ALL,5094,87.3,setup_type,PD_OR_MID_FADE_SHORT,30,2,0,251.41,214.75,78.38,78.38,187.56,-173.04,INSUFFICIENT
ALL,5094,87.3,setup_type,PD_OR_MID_FADE_SHORT,60,2,0,239.65,203.25,369.63,369.63,15.38,129.97,INSUFFICIENT
ALL,5094,87.3,setup_type,PD_OR_MID_FADE_SHORT,120,2,0,200.20,175.25,413.50,413.50,48.08,213.30,INSUFFICIENT
ALL,5094,87.3,setup_type,PD_OR_MID_FADE_SHORT,240,2,0,71.57,33.00,528.00,528.00,341.18,456.43,INSUFFICIENT
ALL,5094,87.3,setup_type,STOP_SWEEP_SHORT,15,12,0,255.89,220.50,24.54,12.88,69.49,-231.35,INSUFFICIENT
ALL,5094,87.3,setup_type,STOP_SWEEP_SHORT,30,12,0,251.41,214.75,55.19,-8.00,142.62,-196.22,INSUFFICIENT
ALL,5094,87.3,setup_type,STOP_SWEEP_SHORT,60,12,0,239.65,203.25,125.83,81.00,225.50,-113.82,INSUFFICIENT
ALL,5094,87.3,setup_type,STOP_SWEEP_SHORT,120,12,0,200.20,175.25,161.42,131.50,247.66,-38.78,INSUFFICIENT
ALL,5094,87.3,setup_type,STOP_SWEEP_SHORT,240,12,0,71.57,33.00,108.19,-39.63,345.50,36.62,INSUFFICIENT
ALL,5094,87.3,setup_type,VALUE_AREA_RESPONSIVE_SHORT,15,23,0,255.89,220.50,89.50,67.50,120.29,-166.39,OK
ALL,5094,87.3,setup_type,VALUE_AREA_RESPONSIVE_SHORT,30,23,0,251.41,214.75,73.72,35.75,138.35,-177.70,OK
ALL,5094,87.3,setup_type,VALUE_AREA_RESPONSIVE_SHORT,60,23,0,239.65,203.25,70.63,30.50,138.83,-169.02,OK
ALL,5094,87.3,setup_type,VALUE_AREA_RESPONSIVE_SHORT,120,23,0,200.20,175.25,95.09,47.75,168.84,-105.11,OK
ALL,5094,87.3,setup_type,VALUE_AREA_RESPONSIVE_SHORT,240,23,0,71.57,33.00,99.22,59.50,221.75,27.65,OK
ALL,5094,87.3,setup_type,5D_OR_MID_FADE_SHORT,15,1,0,255.89,220.50,-49.25,-49.25,undefined,-305.14,INSUFFICIENT
ALL,5094,87.3,setup_type,5D_OR_MID_FADE_SHORT,30,1,0,251.41,214.75,62.25,62.25,undefined,-189.16,INSUFFICIENT
ALL,5094,87.3,setup_type,5D_OR_MID_FADE_SHORT,60,1,0,239.65,203.25,167.50,167.50,undefined,-72.15,INSUFFICIENT
ALL,5094,87.3,setup_type,5D_OR_MID_FADE_SHORT,120,1,0,200.20,175.25,291.50,291.50,undefined,91.30,INSUFFICIENT
ALL,5094,87.3,setup_type,5D_OR_MID_FADE_SHORT,240,1,0,71.57,33.00,369.75,369.75,undefined,298.18,INSUFFICIENT
ALL,5094,87.3,setup_type,FLOOR_R1_FADE_SHORT,15,2,0,255.89,220.50,93.63,93.63,106.95,-162.27,INSUFFICIENT
ALL,5094,87.3,setup_type,FLOOR_R1_FADE_SHORT,30,2,0,251.41,214.75,129.88,129.88,261.45,-121.54,INSUFFICIENT
ALL,5094,87.3,setup_type,FLOOR_R1_FADE_SHORT,60,2,0,239.65,203.25,235.13,235.13,529.09,-4.53,INSUFFICIENT
ALL,5094,87.3,setup_type,FLOOR_R1_FADE_SHORT,120,2,0,200.20,175.25,212.88,212.88,628.44,12.68,INSUFFICIENT
ALL,5094,87.3,setup_type,FLOOR_R1_FADE_SHORT,240,2,0,71.57,33.00,207.00,207.00,848.17,135.43,INSUFFICIENT
ALL,5094,87.3,setup_type,5D_OR_MID_FADE_LONG,15,5,0,255.89,220.50,104.15,90.75,112.68,-151.74,INSUFFICIENT
ALL,5094,87.3,setup_type,5D_OR_MID_FADE_LONG,30,5,0,251.41,214.75,86.30,78.50,92.26,-165.11,INSUFFICIENT
ALL,5094,87.3,setup_type,5D_OR_MID_FADE_LONG,60,5,0,239.65,203.25,77.70,65.00,112.44,-161.95,INSUFFICIENT
ALL,5094,87.3,setup_type,5D_OR_MID_FADE_LONG,120,5,0,200.20,175.25,15.30,95.00,185.82,-184.90,INSUFFICIENT
ALL,5094,87.3,setup_type,5D_OR_MID_FADE_LONG,240,5,0,71.57,33.00,100.30,136.00,222.90,28.73,INSUFFICIENT
ALL,5094,87.3,setup_type,IB_LOW_FADE_LONG,15,15,0,255.89,220.50,86.97,83.50,103.71,-168.93,INSUFFICIENT
ALL,5094,87.3,setup_type,IB_LOW_FADE_LONG,30,15,0,251.41,214.75,88.02,108.25,99.92,-163.40,INSUFFICIENT
ALL,5094,87.3,setup_type,IB_LOW_FADE_LONG,60,15,0,239.65,203.25,97.40,109.50,152.65,-142.25,INSUFFICIENT
ALL,5094,87.3,setup_type,IB_LOW_FADE_LONG,120,15,0,200.20,175.25,75.58,115.00,186.06,-124.61,INSUFFICIENT
ALL,5094,87.3,setup_type,IB_LOW_FADE_LONG,240,15,0,71.57,33.00,63.85,50.50,207.50,-7.72,INSUFFICIENT
ALL,5094,87.3,setup_type,VALUE_AREA_RESPONSIVE_LONG,15,22,0,255.89,220.50,58.93,59.63,80.14,-196.96,OK
ALL,5094,87.3,setup_type,VALUE_AREA_RESPONSIVE_LONG,30,22,0,251.41,214.75,83.80,90.38,104.87,-167.62,OK
ALL,5094,87.3,setup_type,VALUE_AREA_RESPONSIVE_LONG,60,22,0,239.65,203.25,81.16,83.63,104.34,-158.50,OK
ALL,5094,87.3,setup_type,VALUE_AREA_RESPONSIVE_LONG,120,22,0,200.20,175.25,33.81,88.75,206.00,-166.39,OK
ALL,5094,87.3,setup_type,VALUE_AREA_RESPONSIVE_LONG,240,22,0,71.57,33.00,102.74,115.00,167.12,31.17,OK
ALL,5094,87.3,setup_type,C_STANDALONE_DOWN,15,63,0,255.89,220.50,85.96,71.75,87.77,-169.93,OK
ALL,5094,87.3,setup_type,C_STANDALONE_DOWN,30,63,0,251.41,214.75,113.46,95.50,94.69,-137.96,OK
ALL,5094,87.3,setup_type,C_STANDALONE_DOWN,60,63,0,239.65,203.25,126.86,119.25,103.81,-112.80,OK
ALL,5094,87.3,setup_type,C_STANDALONE_DOWN,120,63,0,200.20,175.25,124.38,109.00,123.64,-75.81,OK
ALL,5094,87.3,setup_type,C_STANDALONE_DOWN,240,63,0,71.57,33.00,121.71,108.75,173.19,50.14,OK
ALL,5094,87.3,setup_type,OPEN_TEST_DRIVE_SHORT,15,23,0,255.89,220.50,107.70,88.25,97.96,-148.20,OK
ALL,5094,87.3,setup_type,OPEN_TEST_DRIVE_SHORT,30,23,0,251.41,214.75,135.23,113.50,104.24,-116.18,OK
ALL,5094,87.3,setup_type,OPEN_TEST_DRIVE_SHORT,60,23,0,239.65,203.25,139.77,112.50,131.43,-99.88,OK
ALL,5094,87.3,setup_type,OPEN_TEST_DRIVE_SHORT,120,23,0,200.20,175.25,137.91,106.75,138.57,-62.28,OK
ALL,5094,87.3,setup_type,OPEN_TEST_DRIVE_SHORT,240,23,0,71.57,33.00,111.84,70.75,220.19,40.27,OK
ALL,5094,87.3,setup_type,TRT_LONG,15,13,0,255.89,220.50,63.08,62.00,40.11,-192.82,INSUFFICIENT
ALL,5094,87.3,setup_type,TRT_LONG,30,13,0,251.41,214.75,65.63,78.75,46.34,-185.78,INSUFFICIENT
ALL,5094,87.3,setup_type,TRT_LONG,60,13,0,239.65,203.25,64.65,72.75,62.37,-175.00,INSUFFICIENT
ALL,5094,87.3,setup_type,TRT_LONG,120,13,0,200.20,175.25,72.94,79.50,107.34,-127.25,INSUFFICIENT
ALL,5094,87.3,setup_type,TRT_LONG,240,13,0,71.57,33.00,62.77,50.00,137.21,-8.80,INSUFFICIENT
ALL,5094,87.3,setup_type,TRT_MAH_SHORT,15,1,0,255.89,220.50,493.50,493.50,undefined,237.61,INSUFFICIENT
ALL,5094,87.3,setup_type,TRT_MAH_SHORT,30,1,0,251.41,214.75,408.00,408.00,undefined,156.59,INSUFFICIENT
ALL,5094,87.3,setup_type,TRT_MAH_SHORT,60,1,0,239.65,203.25,817.50,817.50,undefined,577.85,INSUFFICIENT
ALL,5094,87.3,setup_type,TRT_MAH_SHORT,120,1,0,200.20,175.25,1384.75,1384.75,undefined,1184.55,INSUFFICIENT
ALL,5094,87.3,setup_type,TRT_MAH_SHORT,240,1,0,71.57,33.00,621.50,621.50,undefined,549.93,INSUFFICIENT
ALL,5094,87.3,setup_type,C_STANDALONE_UP,15,73,0,255.89,220.50,47.96,38.25,81.67,-207.94,OK
ALL,5094,87.3,setup_type,C_STANDALONE_UP,30,73,0,251.41,214.75,49.81,65.00,104.10,-201.60,OK
ALL,5094,87.3,setup_type,C_STANDALONE_UP,60,73,0,239.65,203.25,61.01,76.00,110.76,-178.64,OK
ALL,5094,87.3,setup_type,C_STANDALONE_UP,120,73,0,200.20,175.25,69.89,80.00,134.37,-130.30,OK
ALL,5094,87.3,setup_type,C_STANDALONE_UP,240,73,0,71.57,33.00,70.59,90.00,144.99,-0.98,OK
ALL,5094,87.3,setup_type,OR5_LOW_FADE_LONG,15,14,0,255.89,220.50,84.39,65.50,76.58,-171.50,INSUFFICIENT
ALL,5094,87.3,setup_type,OR5_LOW_FADE_LONG,30,14,0,251.41,214.75,71.88,39.25,109.49,-179.54,INSUFFICIENT
ALL,5094,87.3,setup_type,OR5_LOW_FADE_LONG,60,14,0,239.65,203.25,26.93,54.63,142.89,-212.73,INSUFFICIENT
ALL,5094,87.3,setup_type,OR5_LOW_FADE_LONG,120,14,0,200.20,175.25,-9.29,-29.00,176.30,-209.48,INSUFFICIENT
ALL,5094,87.3,setup_type,OR5_LOW_FADE_LONG,240,14,0,71.57,33.00,26.57,42.50,246.11,-44.99,INSUFFICIENT
ALL,5094,87.3,setup_type,IB_MID_SCALP_FADE_SHORT,15,6,0,255.89,220.50,67.75,56.25,78.68,-188.14,INSUFFICIENT
ALL,5094,87.3,setup_type,IB_MID_SCALP_FADE_SHORT,30,6,0,251.41,214.75,26.88,41.25,84.01,-224.54,INSUFFICIENT
ALL,5094,87.3,setup_type,IB_MID_SCALP_FADE_SHORT,60,6,0,239.65,203.25,2.25,32.13,83.69,-237.40,INSUFFICIENT
ALL,5094,87.3,setup_type,IB_MID_SCALP_FADE_SHORT,120,6,0,200.20,175.25,34.63,24.13,35.50,-165.57,INSUFFICIENT
ALL,5094,87.3,setup_type,IB_MID_SCALP_FADE_SHORT,240,6,0,71.57,33.00,96.67,90.38,102.67,25.10,INSUFFICIENT
ALL,5094,87.3,setup_type,STOP_SWEEP_LONG,15,22,0,255.89,220.50,9.18,32.50,100.62,-246.71,OK
ALL,5094,87.3,setup_type,STOP_SWEEP_LONG,30,22,0,251.41,214.75,-11.84,10.75,124.22,-263.25,OK
ALL,5094,87.3,setup_type,STOP_SWEEP_LONG,60,22,0,239.65,203.25,21.16,27.63,201.60,-218.50,OK
ALL,5094,87.3,setup_type,STOP_SWEEP_LONG,120,22,0,200.20,175.25,3.86,45.13,198.52,-196.33,OK
ALL,5094,87.3,setup_type,STOP_SWEEP_LONG,240,22,0,71.57,33.00,-2.06,9.38,208.63,-73.62,OK
ALL,5094,87.3,setup_type,BRACKET_BREAKOUT_LONG,15,11,0,255.89,220.50,74.77,59.50,61.02,-181.12,INSUFFICIENT
ALL,5094,87.3,setup_type,BRACKET_BREAKOUT_LONG,30,11,0,251.41,214.75,69.91,58.50,63.86,-181.50,INSUFFICIENT
ALL,5094,87.3,setup_type,BRACKET_BREAKOUT_LONG,60,11,0,239.65,203.25,64.77,64.75,112.98,-174.88,INSUFFICIENT
ALL,5094,87.3,setup_type,BRACKET_BREAKOUT_LONG,120,11,0,200.20,175.25,75.48,82.75,121.27,-124.72,INSUFFICIENT
ALL,5094,87.3,setup_type,BRACKET_BREAKOUT_LONG,240,11,0,71.57,33.00,99.89,97.50,148.22,28.32,INSUFFICIENT
ALL,5094,87.3,setup_type,CAM_S4_FADE_SHORT,15,1,0,255.89,220.50,11.25,11.25,undefined,-244.64,INSUFFICIENT
ALL,5094,87.3,setup_type,CAM_S4_FADE_SHORT,30,1,0,251.41,214.75,80.25,80.25,undefined,-171.16,INSUFFICIENT
ALL,5094,87.3,setup_type,CAM_S4_FADE_SHORT,60,1,0,239.65,203.25,-132.25,-132.25,undefined,-371.90,INSUFFICIENT
ALL,5094,87.3,setup_type,CAM_S4_FADE_SHORT,120,1,0,200.20,175.25,-251.75,-251.75,undefined,-451.95,INSUFFICIENT
ALL,5094,87.3,setup_type,CAM_S4_FADE_SHORT,240,1,0,71.57,33.00,-256.25,-256.25,undefined,-327.82,INSUFFICIENT
ALL,5094,87.3,setup_type,TRT_SHORT,15,6,0,255.89,220.50,129.46,90.75,207.25,-126.44,INSUFFICIENT
ALL,5094,87.3,setup_type,TRT_SHORT,30,6,0,251.41,214.75,150.33,141.50,198.43,-101.08,INSUFFICIENT
ALL,5094,87.3,setup_type,TRT_SHORT,60,6,0,239.65,203.25,132.29,126.88,238.03,-107.36,INSUFFICIENT
ALL,5094,87.3,setup_type,TRT_SHORT,120,6,0,200.20,175.25,132.63,82.00,291.07,-67.57,INSUFFICIENT
ALL,5094,87.3,setup_type,TRT_SHORT,240,6,0,71.57,33.00,-8.25,-99.13,259.12,-79.82,INSUFFICIENT
ALL,5094,87.3,setup_type,3M_VAL_FADE_SHORT_OVERNIGHT,15,3,0,255.89,220.50,32.08,22.75,16.82,-223.81,INSUFFICIENT
ALL,5094,87.3,setup_type,3M_VAL_FADE_SHORT_OVERNIGHT,30,3,0,251.41,214.75,10.00,3.25,16.45,-241.41,INSUFFICIENT
ALL,5094,87.3,setup_type,3M_VAL_FADE_SHORT_OVERNIGHT,60,3,0,239.65,203.25,23.83,34.75,52.73,-215.82,INSUFFICIENT
ALL,5094,87.3,setup_type,3M_VAL_FADE_SHORT_OVERNIGHT,120,3,0,200.20,175.25,-23.58,-56.50,66.31,-223.78,INSUFFICIENT
ALL,5094,87.3,setup_type,3M_VAL_FADE_SHORT_OVERNIGHT,240,3,0,71.57,33.00,-11.50,-8.25,89.67,-83.07,INSUFFICIENT
ALL,5094,87.3,setup_type,C_PAIRED_SHORT,15,10,0,255.89,220.50,139.65,138.75,155.13,-116.24,INSUFFICIENT
ALL,5094,87.3,setup_type,C_PAIRED_SHORT,30,10,0,251.41,214.75,119.45,129.50,140.38,-131.96,INSUFFICIENT
ALL,5094,87.3,setup_type,C_PAIRED_SHORT,60,10,0,239.65,203.25,87.10,83.50,138.65,-152.55,INSUFFICIENT
ALL,5094,87.3,setup_type,C_PAIRED_SHORT,120,10,0,200.20,175.25,4.92,60.88,252.40,-195.27,INSUFFICIENT
ALL,5094,87.3,setup_type,C_PAIRED_SHORT,240,10,0,71.57,33.00,-3.63,47.25,239.38,-75.19,INSUFFICIENT
ALL,5094,87.3,setup_type,PD_VAL_FADE_LONG,15,10,0,255.89,220.50,61.02,63.63,29.61,-194.87,INSUFFICIENT
ALL,5094,87.3,setup_type,PD_VAL_FADE_LONG,30,10,0,251.41,214.75,76.60,70.38,38.86,-174.81,INSUFFICIENT
ALL,5094,87.3,setup_type,PD_VAL_FADE_LONG,60,10,0,239.65,203.25,115.97,93.75,104.13,-123.68,INSUFFICIENT
ALL,5094,87.3,setup_type,PD_VAL_FADE_LONG,120,10,0,200.20,175.25,83.45,66.38,54.34,-116.75,INSUFFICIENT
ALL,5094,87.3,setup_type,PD_VAL_FADE_LONG,240,10,0,71.57,33.00,68.22,64.38,99.15,-3.34,INSUFFICIENT
ALL,5094,87.3,setup_type,PD_VAH_FADE_SHORT,15,13,0,255.89,220.50,52.40,59.50,31.20,-203.49,INSUFFICIENT
ALL,5094,87.3,setup_type,PD_VAH_FADE_SHORT,30,13,0,251.41,214.75,33.48,50.25,92.98,-217.93,INSUFFICIENT
ALL,5094,87.3,setup_type,PD_VAH_FADE_SHORT,60,13,0,239.65,203.25,72.33,36.25,158.92,-167.33,INSUFFICIENT
ALL,5094,87.3,setup_type,PD_VAH_FADE_SHORT,120,13,0,200.20,175.25,85.81,67.75,174.99,-114.39,INSUFFICIENT
ALL,5094,87.3,setup_type,PD_VAH_FADE_SHORT,240,13,0,71.57,33.00,124.88,47.25,252.63,53.32,INSUFFICIENT
ALL,5094,87.3,setup_type,IB_LOW_FADE_SHORT,15,3,0,255.89,220.50,17.17,-28.75,135.11,-238.73,INSUFFICIENT
ALL,5094,87.3,setup_type,IB_LOW_FADE_SHORT,30,3,0,251.41,214.75,-36.67,-66.50,130.58,-288.08,INSUFFICIENT
ALL,5094,87.3,setup_type,IB_LOW_FADE_SHORT,60,3,0,239.65,203.25,-40.17,-18.00,67.30,-279.82,INSUFFICIENT
ALL,5094,87.3,setup_type,IB_LOW_FADE_SHORT,120,3,0,200.20,175.25,-173.92,-148.00,54.24,-374.11,INSUFFICIENT
ALL,5094,87.3,setup_type,IB_LOW_FADE_SHORT,240,3,0,71.57,33.00,-153.92,-179.75,67.09,-225.48,INSUFFICIENT
ALL,5094,87.3,setup_type,OR5_HIGH_FADE_LONG,15,6,0,255.89,220.50,45.29,41.13,29.91,-210.60,INSUFFICIENT
ALL,5094,87.3,setup_type,OR5_HIGH_FADE_LONG,30,6,0,251.41,214.75,78.88,96.13,74.77,-172.54,INSUFFICIENT
ALL,5094,87.3,setup_type,OR5_HIGH_FADE_LONG,60,6,0,239.65,203.25,68.54,91.25,135.97,-171.11,INSUFFICIENT
ALL,5094,87.3,setup_type,OR5_HIGH_FADE_LONG,120,6,0,200.20,175.25,140.38,200.75,210.06,-59.82,INSUFFICIENT
ALL,5094,87.3,setup_type,OR5_HIGH_FADE_LONG,240,6,0,71.57,33.00,191.67,126.50,151.57,120.10,INSUFFICIENT
ALL,5094,87.3,setup_type,PD_SESSION_MID_FADE_SHORT,15,1,0,255.89,220.50,91.25,91.25,undefined,-164.64,INSUFFICIENT
ALL,5094,87.3,setup_type,PD_SESSION_MID_FADE_SHORT,30,1,0,251.41,214.75,29.50,29.50,undefined,-221.91,INSUFFICIENT
ALL,5094,87.3,setup_type,PD_SESSION_MID_FADE_SHORT,60,1,0,239.65,203.25,39.50,39.50,undefined,-200.15,INSUFFICIENT
ALL,5094,87.3,setup_type,PD_SESSION_MID_FADE_SHORT,120,1,0,200.20,175.25,24.50,24.50,undefined,-175.70,INSUFFICIENT
ALL,5094,87.3,setup_type,PD_SESSION_MID_FADE_SHORT,240,1,0,71.57,33.00,24.75,24.75,undefined,-46.82,INSUFFICIENT
ALL,5094,87.3,setup_type,DAILY_OPEN_FADE_LONG,15,1,0,255.89,220.50,144.50,144.50,undefined,-111.39,INSUFFICIENT
ALL,5094,87.3,setup_type,DAILY_OPEN_FADE_LONG,30,1,0,251.41,214.75,123.00,123.00,undefined,-128.41,INSUFFICIENT
ALL,5094,87.3,setup_type,DAILY_OPEN_FADE_LONG,60,1,0,239.65,203.25,60.25,60.25,undefined,-179.40,INSUFFICIENT
ALL,5094,87.3,setup_type,DAILY_OPEN_FADE_LONG,120,1,0,200.20,175.25,-184.50,-184.50,undefined,-384.70,INSUFFICIENT
ALL,5094,87.3,setup_type,DAILY_OPEN_FADE_LONG,240,1,0,71.57,33.00,205.25,205.25,undefined,133.68,INSUFFICIENT
ALL,5094,87.3,setup_type,PW_VAL_FADE_LONG,15,2,0,255.89,220.50,54.75,54.75,19.09,-201.14,INSUFFICIENT
ALL,5094,87.3,setup_type,PW_VAL_FADE_LONG,30,2,0,251.41,214.75,-6.00,-6.00,101.47,-257.41,INSUFFICIENT
ALL,5094,87.3,setup_type,PW_VAL_FADE_LONG,60,2,0,239.65,203.25,-13.50,-13.50,149.55,-253.15,INSUFFICIENT
ALL,5094,87.3,setup_type,PW_VAL_FADE_LONG,120,2,0,200.20,175.25,51.00,51.00,82.38,-149.20,INSUFFICIENT
ALL,5094,87.3,setup_type,PW_VAL_FADE_LONG,240,2,0,71.57,33.00,114.25,114.25,37.12,42.68,INSUFFICIENT
ALL,5094,87.3,setup_type,PD_IB_LOW_FADE_SHORT,15,1,0,255.89,220.50,6.25,6.25,undefined,-249.64,INSUFFICIENT
ALL,5094,87.3,setup_type,PD_IB_LOW_FADE_SHORT,30,1,0,251.41,214.75,13.50,13.50,undefined,-237.91,INSUFFICIENT
ALL,5094,87.3,setup_type,PD_IB_LOW_FADE_SHORT,60,1,0,239.65,203.25,18.75,18.75,undefined,-220.90,INSUFFICIENT
ALL,5094,87.3,setup_type,PD_IB_LOW_FADE_SHORT,120,1,0,200.20,175.25,12.75,12.75,undefined,-187.45,INSUFFICIENT
ALL,5094,87.3,setup_type,PD_IB_LOW_FADE_SHORT,240,1,0,71.57,33.00,-12.75,-12.75,undefined,-84.32,INSUFFICIENT
ALL,5094,87.3,setup_type,3M_POC_FADE_LONG,15,1,0,255.89,220.50,-94.00,-94.00,undefined,-349.89,INSUFFICIENT
ALL,5094,87.3,setup_type,3M_POC_FADE_LONG,30,1,0,251.41,214.75,-85.00,-85.00,undefined,-336.41,INSUFFICIENT
ALL,5094,87.3,setup_type,3M_POC_FADE_LONG,60,1,0,239.65,203.25,-185.75,-185.75,undefined,-425.40,INSUFFICIENT
ALL,5094,87.3,setup_type,3M_POC_FADE_LONG,120,1,0,200.20,175.25,11.75,11.75,undefined,-188.45,INSUFFICIENT
ALL,5094,87.3,setup_type,3M_POC_FADE_LONG,240,1,0,71.57,33.00,69.00,69.00,undefined,-2.57,INSUFFICIENT
ALL,5094,87.3,setup_type,WS1_FADE_LONG,15,2,0,255.89,220.50,148.63,148.63,131.35,-107.27,INSUFFICIENT
ALL,5094,87.3,setup_type,WS1_FADE_LONG,30,2,0,251.41,214.75,95.50,95.50,196.22,-155.91,INSUFFICIENT
ALL,5094,87.3,setup_type,WS1_FADE_LONG,60,2,0,239.65,203.25,97.50,97.50,323.15,-142.15,INSUFFICIENT
ALL,5094,87.3,setup_type,WS1_FADE_LONG,120,2,0,200.20,175.25,96.88,96.88,157.15,-103.32,INSUFFICIENT
ALL,5094,87.3,setup_type,WS1_FADE_LONG,240,2,0,71.57,33.00,231.88,231.88,118.97,160.31,INSUFFICIENT
ALL,5094,87.3,setup_type,CAM_R1_FADE_SHORT,15,2,0,255.89,220.50,172.25,172.25,91.92,-83.64,INSUFFICIENT
ALL,5094,87.3,setup_type,CAM_R1_FADE_SHORT,30,2,0,251.41,214.75,137.00,137.00,149.91,-114.41,INSUFFICIENT
ALL,5094,87.3,setup_type,CAM_R1_FADE_SHORT,60,2,0,239.65,203.25,216.63,216.63,221.15,-23.03,INSUFFICIENT
ALL,5094,87.3,setup_type,CAM_R1_FADE_SHORT,120,2,0,200.20,175.25,215.38,215.38,251.55,15.18,INSUFFICIENT
ALL,5094,87.3,setup_type,CAM_R1_FADE_SHORT,240,2,0,71.57,33.00,170.38,170.38,214.08,98.81,INSUFFICIENT
ALL,5094,87.3,setup_type,PD_CLOSE_FADE_LONG,15,2,0,255.89,220.50,25.88,25.88,27.75,-230.02,INSUFFICIENT
ALL,5094,87.3,setup_type,PD_CLOSE_FADE_LONG,30,2,0,251.41,214.75,41.13,41.13,4.42,-210.29,INSUFFICIENT
ALL,5094,87.3,setup_type,PD_CLOSE_FADE_LONG,60,2,0,239.65,203.25,19.25,19.25,76.37,-220.40,INSUFFICIENT
ALL,5094,87.3,setup_type,PD_CLOSE_FADE_LONG,120,2,0,200.20,175.25,-60.50,-60.50,141.07,-260.70,INSUFFICIENT
ALL,5094,87.3,setup_type,PD_CLOSE_FADE_LONG,240,2,0,71.57,33.00,-3.00,-3.00,189.86,-74.57,INSUFFICIENT
ALL,5094,87.3,setup_type,CAM_S2_FADE_LONG,15,1,0,255.89,220.50,43.75,43.75,undefined,-212.14,INSUFFICIENT
ALL,5094,87.3,setup_type,CAM_S2_FADE_LONG,30,1,0,251.41,214.75,68.75,68.75,undefined,-182.66,INSUFFICIENT
ALL,5094,87.3,setup_type,CAM_S2_FADE_LONG,60,1,0,239.65,203.25,-103.50,-103.50,undefined,-343.15,INSUFFICIENT
ALL,5094,87.3,setup_type,CAM_S2_FADE_LONG,120,1,0,200.20,175.25,-215.25,-215.25,undefined,-415.45,INSUFFICIENT
ALL,5094,87.3,setup_type,CAM_S2_FADE_LONG,240,1,0,71.57,33.00,73.50,73.50,undefined,1.93,INSUFFICIENT
ALL,5094,87.3,setup_type,IB_HIGH_FADE_LONG,15,9,0,255.89,220.50,-5.08,0.00,32.93,-260.98,INSUFFICIENT
ALL,5094,87.3,setup_type,IB_HIGH_FADE_LONG,30,9,0,251.41,214.75,-16.78,-19.50,43.67,-268.19,INSUFFICIENT
ALL,5094,87.3,setup_type,IB_HIGH_FADE_LONG,60,9,0,239.65,203.25,-21.97,-17.50,88.88,-261.63,INSUFFICIENT
ALL,5094,87.3,setup_type,IB_HIGH_FADE_LONG,120,9,0,200.20,175.25,5.19,0.00,86.30,-195.00,INSUFFICIENT
ALL,5094,87.3,setup_type,IB_HIGH_FADE_LONG,240,9,0,71.57,33.00,-45.44,-54.25,108.65,-117.01,INSUFFICIENT
ALL,5094,87.3,setup_type,OPEN_DRIVE_SHORT,15,22,0,255.89,220.50,69.56,54.13,79.05,-186.34,OK
ALL,5094,87.3,setup_type,OPEN_DRIVE_SHORT,30,22,0,251.41,214.75,94.91,78.25,101.26,-156.50,OK
ALL,5094,87.3,setup_type,OPEN_DRIVE_SHORT,60,22,0,239.65,203.25,68.77,61.38,110.14,-170.88,OK
ALL,5094,87.3,setup_type,OPEN_DRIVE_SHORT,120,22,0,200.20,175.25,78.67,62.25,142.47,-121.53,OK
ALL,5094,87.3,setup_type,OPEN_DRIVE_SHORT,240,22,0,71.57,33.00,83.75,80.50,164.33,12.18,OK
ALL,5094,87.3,setup_type,TRT_MAH_LONG,15,3,0,255.89,220.50,61.42,74.50,33.12,-194.48,INSUFFICIENT
ALL,5094,87.3,setup_type,TRT_MAH_LONG,30,3,0,251.41,214.75,75.50,106.75,60.07,-175.91,INSUFFICIENT
ALL,5094,87.3,setup_type,TRT_MAH_LONG,60,3,0,239.65,203.25,79.58,85.50,44.92,-160.07,INSUFFICIENT
ALL,5094,87.3,setup_type,TRT_MAH_LONG,120,3,0,200.20,175.25,-8.92,15.00,42.51,-209.11,INSUFFICIENT
ALL,5094,87.3,setup_type,TRT_MAH_LONG,240,3,0,71.57,33.00,25.42,41.00,101.03,-46.15,INSUFFICIENT
ALL,5094,87.3,setup_type,BRACKET_BREAKOUT_SHORT,15,1,0,255.89,220.50,131.00,131.00,undefined,-124.89,INSUFFICIENT
ALL,5094,87.3,setup_type,BRACKET_BREAKOUT_SHORT,30,1,0,251.41,214.75,207.25,207.25,undefined,-44.16,INSUFFICIENT
ALL,5094,87.3,setup_type,BRACKET_BREAKOUT_SHORT,60,1,0,239.65,203.25,228.25,228.25,undefined,-11.40,INSUFFICIENT
ALL,5094,87.3,setup_type,BRACKET_BREAKOUT_SHORT,120,1,0,200.20,175.25,313.50,313.50,undefined,113.30,INSUFFICIENT
ALL,5094,87.3,setup_type,BRACKET_BREAKOUT_SHORT,240,1,0,71.57,33.00,271.75,271.75,undefined,200.18,INSUFFICIENT
ALL,5094,87.3,setup_type,A_DOWN_WEAK,15,4,0,255.89,220.50,191.50,119.88,197.67,-64.39,INSUFFICIENT
ALL,5094,87.3,setup_type,A_DOWN_WEAK,30,4,0,251.41,214.75,145.50,105.13,181.43,-105.91,INSUFFICIENT
ALL,5094,87.3,setup_type,A_DOWN_WEAK,60,4,0,239.65,203.25,147.38,127.88,100.06,-92.28,INSUFFICIENT
ALL,5094,87.3,setup_type,A_DOWN_WEAK,120,4,0,200.20,175.25,140.81,144.00,57.68,-59.38,INSUFFICIENT
ALL,5094,87.3,setup_type,A_DOWN_WEAK,240,4,0,71.57,33.00,180.25,204.75,109.84,108.68,INSUFFICIENT
ALL,5094,87.3,setup_type,FAILED_AUCTION_SHORT,15,1,0,255.89,220.50,-43.50,-43.50,undefined,-299.39,INSUFFICIENT
ALL,5094,87.3,setup_type,FAILED_AUCTION_SHORT,30,1,0,251.41,214.75,-41.25,-41.25,undefined,-292.66,INSUFFICIENT
ALL,5094,87.3,setup_type,FAILED_AUCTION_SHORT,60,1,0,239.65,203.25,-28.50,-28.50,undefined,-268.15,INSUFFICIENT
ALL,5094,87.3,setup_type,FAILED_AUCTION_SHORT,120,1,0,200.20,175.25,20.50,20.50,undefined,-179.70,INSUFFICIENT
ALL,5094,87.3,setup_type,FAILED_AUCTION_SHORT,240,1,0,71.57,33.00,128.75,128.75,undefined,57.18,INSUFFICIENT
ALL,5094,87.3,setup_type,GLOBEX_VWAP_FADE_SHORT,15,155,0,255.89,220.50,3.04,6.25,84.16,-252.86,OK
ALL,5094,87.3,setup_type,GLOBEX_VWAP_FADE_SHORT,30,155,0,251.41,214.75,5.29,5.50,75.03,-246.12,OK
ALL,5094,87.3,setup_type,GLOBEX_VWAP_FADE_SHORT,60,155,0,239.65,203.25,10.52,7.00,95.52,-229.13,OK
ALL,5094,87.3,setup_type,GLOBEX_VWAP_FADE_SHORT,120,155,0,200.20,175.25,12.19,6.25,84.38,-188.01,OK
ALL,5094,87.3,setup_type,GLOBEX_VWAP_FADE_SHORT,240,155,0,71.57,33.00,42.17,40.25,107.68,-29.40,OK
ALL,5094,87.3,setup_type,VWAP_RECLAIM_SHORT,15,1,0,255.89,220.50,83.50,83.50,undefined,-172.39,INSUFFICIENT
ALL,5094,87.3,setup_type,VWAP_RECLAIM_SHORT,30,1,0,251.41,214.75,92.75,92.75,undefined,-158.66,INSUFFICIENT
ALL,5094,87.3,setup_type,VWAP_RECLAIM_SHORT,60,1,0,239.65,203.25,119.00,119.00,undefined,-120.65,INSUFFICIENT
ALL,5094,87.3,setup_type,VWAP_RECLAIM_SHORT,120,1,0,200.20,175.25,114.25,114.25,undefined,-85.95,INSUFFICIENT
ALL,5094,87.3,setup_type,VWAP_RECLAIM_SHORT,240,1,0,71.57,33.00,70.75,70.75,undefined,-0.82,INSUFFICIENT
ALL,5094,87.3,setup_type,PD_POC_FADE_SHORT,15,14,0,255.89,220.50,36.39,40.88,39.77,-219.50,INSUFFICIENT
ALL,5094,87.3,setup_type,PD_POC_FADE_SHORT,30,14,0,251.41,214.75,48.52,62.38,63.60,-202.89,INSUFFICIENT
ALL,5094,87.3,setup_type,PD_POC_FADE_SHORT,60,14,0,239.65,203.25,66.16,45.88,118.82,-173.49,INSUFFICIENT
ALL,5094,87.3,setup_type,PD_POC_FADE_SHORT,120,14,0,200.20,175.25,48.39,35.13,135.18,-151.80,INSUFFICIENT
ALL,5094,87.3,setup_type,PD_POC_FADE_SHORT,240,14,0,71.57,33.00,83.68,71.88,239.62,12.11,INSUFFICIENT
ALL,5094,87.3,setup_type,PD_VAH_FADE_LONG,15,3,0,255.89,220.50,34.50,47.50,65.97,-221.39,INSUFFICIENT
ALL,5094,87.3,setup_type,PD_VAH_FADE_LONG,30,3,0,251.41,214.75,53.25,60.00,30.69,-198.16,INSUFFICIENT
ALL,5094,87.3,setup_type,PD_VAH_FADE_LONG,60,3,0,239.65,203.25,13.50,55.25,81.35,-226.15,INSUFFICIENT
ALL,5094,87.3,setup_type,PD_VAH_FADE_LONG,120,3,0,200.20,175.25,17.00,65.75,88.80,-183.20,INSUFFICIENT
ALL,5094,87.3,setup_type,PD_VAH_FADE_LONG,240,3,0,71.57,33.00,-50.25,-73.50,122.29,-121.82,INSUFFICIENT
ALL,5094,87.3,setup_type,FLOOR_S2_FADE_LONG,15,2,0,255.89,220.50,139.13,139.13,192.51,-116.77,INSUFFICIENT
ALL,5094,87.3,setup_type,FLOOR_S2_FADE_LONG,30,2,0,251.41,214.75,189.88,189.88,121.09,-61.54,INSUFFICIENT
ALL,5094,87.3,setup_type,FLOOR_S2_FADE_LONG,60,2,0,239.65,203.25,218.38,218.38,224.68,-21.28,INSUFFICIENT
ALL,5094,87.3,setup_type,FLOOR_S2_FADE_LONG,120,2,0,200.20,175.25,162.63,162.63,200.29,-37.57,INSUFFICIENT
ALL,5094,87.3,setup_type,FLOOR_S2_FADE_LONG,240,2,0,71.57,33.00,81.25,81.25,258.80,9.68,INSUFFICIENT
ALL,5094,87.3,setup_type,OR5_LOW_FADE_SHORT,15,7,0,255.89,220.50,38.68,42.25,70.62,-217.22,INSUFFICIENT
ALL,5094,87.3,setup_type,OR5_LOW_FADE_SHORT,30,7,0,251.41,214.75,17.18,19.00,107.12,-234.23,INSUFFICIENT
ALL,5094,87.3,setup_type,OR5_LOW_FADE_SHORT,60,7,0,239.65,203.25,8.93,17.00,128.19,-230.73,INSUFFICIENT
ALL,5094,87.3,setup_type,OR5_LOW_FADE_SHORT,120,7,0,200.20,175.25,-30.43,-38.75,131.28,-230.63,INSUFFICIENT
ALL,5094,87.3,setup_type,OR5_LOW_FADE_SHORT,240,7,0,71.57,33.00,-7.50,14.50,132.50,-79.07,INSUFFICIENT
ALL,5094,87.3,setup_type,IB_MID_SCALP_FADE_LONG,15,4,0,255.89,220.50,43.56,31.38,111.35,-212.33,INSUFFICIENT
ALL,5094,87.3,setup_type,IB_MID_SCALP_FADE_LONG,30,4,0,251.41,214.75,94.25,75.13,77.77,-157.16,INSUFFICIENT
ALL,5094,87.3,setup_type,IB_MID_SCALP_FADE_LONG,60,4,0,239.65,203.25,111.00,113.25,79.65,-128.65,INSUFFICIENT
ALL,5094,87.3,setup_type,IB_MID_SCALP_FADE_LONG,120,4,0,200.20,175.25,49.56,35.13,92.98,-150.63,INSUFFICIENT
ALL,5094,87.3,setup_type,IB_MID_SCALP_FADE_LONG,240,4,0,71.57,33.00,-88.50,-153.00,184.55,-160.07,INSUFFICIENT
ALL,5094,87.3,setup_type,OR5_MID_FADE_LONG,15,12,0,255.89,220.50,32.75,35.25,83.82,-223.14,INSUFFICIENT
ALL,5094,87.3,setup_type,OR5_MID_FADE_LONG,30,12,0,251.41,214.75,40.67,52.13,114.43,-210.75,INSUFFICIENT
ALL,5094,87.3,setup_type,OR5_MID_FADE_LONG,60,12,0,239.65,203.25,-12.33,10.75,132.58,-251.99,INSUFFICIENT
ALL,5094,87.3,setup_type,OR5_MID_FADE_LONG,120,12,0,200.20,175.25,3.85,43.88,164.92,-196.34,INSUFFICIENT
ALL,5094,87.3,setup_type,OR5_MID_FADE_LONG,240,12,0,71.57,33.00,44.67,79.63,161.21,-26.90,INSUFFICIENT
ALL,5094,87.3,setup_type,PD_POC_FADE_LONG,15,11,0,255.89,220.50,53.05,41.00,35.13,-202.85,INSUFFICIENT
ALL,5094,87.3,setup_type,PD_POC_FADE_LONG,30,11,0,251.41,214.75,48.43,39.75,37.17,-202.98,INSUFFICIENT
ALL,5094,87.3,setup_type,PD_POC_FADE_LONG,60,11,0,239.65,203.25,59.43,44.75,47.89,-180.22,INSUFFICIENT
ALL,5094,87.3,setup_type,PD_POC_FADE_LONG,120,11,0,200.20,175.25,63.32,67.00,104.44,-136.88,INSUFFICIENT
ALL,5094,87.3,setup_type,PD_POC_FADE_LONG,240,11,0,71.57,33.00,72.09,63.00,147.67,0.53,INSUFFICIENT
ALL,5094,87.3,setup_type,PD_LOW_FADE_LONG,15,2,0,255.89,220.50,-28.38,-28.38,49.67,-284.27,INSUFFICIENT
ALL,5094,87.3,setup_type,PD_LOW_FADE_LONG,30,2,0,251.41,214.75,-0.63,-0.63,56.04,-252.04,INSUFFICIENT
ALL,5094,87.3,setup_type,PD_LOW_FADE_LONG,60,2,0,239.65,203.25,-25.38,-25.38,172.00,-265.03,INSUFFICIENT
ALL,5094,87.3,setup_type,PD_LOW_FADE_LONG,120,2,0,200.20,175.25,121.50,121.50,133.29,-78.70,INSUFFICIENT
ALL,5094,87.3,setup_type,PD_LOW_FADE_LONG,240,2,0,71.57,33.00,-125.63,-125.63,0.18,-197.19,INSUFFICIENT
ALL,5094,87.3,setup_type,PW_POC_FADE_LONG,15,2,0,255.89,220.50,53.75,53.75,52.33,-202.14,INSUFFICIENT
ALL,5094,87.3,setup_type,PW_POC_FADE_LONG,30,2,0,251.41,214.75,48.25,48.25,1.77,-203.16,INSUFFICIENT
ALL,5094,87.3,setup_type,PW_POC_FADE_LONG,60,2,0,239.65,203.25,-13.88,-13.88,98.46,-253.53,INSUFFICIENT
ALL,5094,87.3,setup_type,PW_POC_FADE_LONG,120,2,0,200.20,175.25,-22.25,-22.25,86.62,-222.45,INSUFFICIENT
ALL,5094,87.3,setup_type,PW_POC_FADE_LONG,240,2,0,71.57,33.00,-95.38,-95.38,165.64,-166.94,INSUFFICIENT
ALL,5094,87.3,setup_type,CAM_S3_FADE_LONG,15,3,0,255.89,220.50,59.92,61.00,33.64,-195.98,INSUFFICIENT
ALL,5094,87.3,setup_type,CAM_S3_FADE_LONG,30,3,0,251.41,214.75,38.58,30.75,23.74,-212.83,INSUFFICIENT
ALL,5094,87.3,setup_type,CAM_S3_FADE_LONG,60,3,0,239.65,203.25,22.83,8.00,57.70,-216.82,INSUFFICIENT
ALL,5094,87.3,setup_type,CAM_S3_FADE_LONG,120,3,0,200.20,175.25,53.42,68.00,64.87,-146.78,INSUFFICIENT
ALL,5094,87.3,setup_type,CAM_S3_FADE_LONG,240,3,0,71.57,33.00,12.00,48.25,82.34,-59.57,INSUFFICIENT
ALL,5094,87.3,setup_type,PM_LOW_FADE_SHORT,15,2,0,255.89,220.50,109.13,109.13,69.12,-146.77,INSUFFICIENT
ALL,5094,87.3,setup_type,PM_LOW_FADE_SHORT,30,2,0,251.41,214.75,142.25,142.25,88.03,-109.16,INSUFFICIENT
ALL,5094,87.3,setup_type,PM_LOW_FADE_SHORT,60,2,0,239.65,203.25,112.50,112.50,34.65,-127.15,INSUFFICIENT
ALL,5094,87.3,setup_type,PM_LOW_FADE_SHORT,120,2,0,200.20,175.25,125.00,125.00,56.57,-75.20,INSUFFICIENT
ALL,5094,87.3,setup_type,PM_LOW_FADE_SHORT,240,2,0,71.57,33.00,145.50,145.50,109.25,73.93,INSUFFICIENT
ALL,5094,87.3,setup_type,PW_LOW_FADE_SHORT,15,1,0,255.89,220.50,71.75,71.75,undefined,-184.14,INSUFFICIENT
ALL,5094,87.3,setup_type,PW_LOW_FADE_SHORT,30,1,0,251.41,214.75,70.50,70.50,undefined,-180.91,INSUFFICIENT
ALL,5094,87.3,setup_type,PW_LOW_FADE_SHORT,60,1,0,239.65,203.25,73.50,73.50,undefined,-166.15,INSUFFICIENT
ALL,5094,87.3,setup_type,PW_LOW_FADE_SHORT,120,1,0,200.20,175.25,110.00,110.00,undefined,-90.20,INSUFFICIENT
ALL,5094,87.3,setup_type,PW_LOW_FADE_SHORT,240,1,0,71.57,33.00,219.25,219.25,undefined,147.68,INSUFFICIENT
ALL,5094,87.3,setup_type,CAM_S2_FADE_SHORT,15,3,0,255.89,220.50,94.75,91.25,45.85,-161.14,INSUFFICIENT
ALL,5094,87.3,setup_type,CAM_S2_FADE_SHORT,30,3,0,251.41,214.75,90.25,56.50,62.17,-161.16,INSUFFICIENT
ALL,5094,87.3,setup_type,CAM_S2_FADE_SHORT,60,3,0,239.65,203.25,97.83,115.00,42.44,-141.82,INSUFFICIENT
ALL,5094,87.3,setup_type,CAM_S2_FADE_SHORT,120,3,0,200.20,175.25,91.42,101.50,25.19,-108.78,INSUFFICIENT
ALL,5094,87.3,setup_type,CAM_S2_FADE_SHORT,240,3,0,71.57,33.00,151.50,187.00,63.88,79.93,INSUFFICIENT
ALL,5094,87.3,setup_type,CAM_S3_FADE_SHORT,15,5,0,255.89,220.50,91.20,66.25,82.59,-164.69,INSUFFICIENT
ALL,5094,87.3,setup_type,CAM_S3_FADE_SHORT,30,5,0,251.41,214.75,91.45,91.25,33.64,-159.96,INSUFFICIENT
ALL,5094,87.3,setup_type,CAM_S3_FADE_SHORT,60,5,0,239.65,203.25,57.95,38.75,28.77,-181.70,INSUFFICIENT
ALL,5094,87.3,setup_type,CAM_S3_FADE_SHORT,120,5,0,200.20,175.25,82.65,96.00,30.83,-117.55,INSUFFICIENT
ALL,5094,87.3,setup_type,CAM_S3_FADE_SHORT,240,5,0,71.57,33.00,70.30,126.75,144.74,-1.27,INSUFFICIENT
ALL,5094,87.3,setup_type,WEEKLY_VWAP_FADE_SHORT,15,1,0,255.89,220.50,49.00,49.00,undefined,-206.89,INSUFFICIENT
ALL,5094,87.3,setup_type,WEEKLY_VWAP_FADE_SHORT,30,1,0,251.41,214.75,54.75,54.75,undefined,-196.66,INSUFFICIENT
ALL,5094,87.3,setup_type,WEEKLY_VWAP_FADE_SHORT,60,1,0,239.65,203.25,47.75,47.75,undefined,-191.90,INSUFFICIENT
ALL,5094,87.3,setup_type,WEEKLY_VWAP_FADE_SHORT,120,1,0,200.20,175.25,108.25,108.25,undefined,-91.95,INSUFFICIENT
ALL,5094,87.3,setup_type,WEEKLY_VWAP_FADE_SHORT,240,1,0,71.57,33.00,185.25,185.25,undefined,113.68,INSUFFICIENT
ALL,5094,87.3,setup_type,ONL_FADE_LONG,15,1,0,255.89,220.50,141.75,141.75,undefined,-114.14,INSUFFICIENT
ALL,5094,87.3,setup_type,ONL_FADE_LONG,30,1,0,251.41,214.75,214.00,214.00,undefined,-37.41,INSUFFICIENT
ALL,5094,87.3,setup_type,ONL_FADE_LONG,60,1,0,239.65,203.25,161.75,161.75,undefined,-77.90,INSUFFICIENT
ALL,5094,87.3,setup_type,ONL_FADE_LONG,120,1,0,200.20,175.25,140.25,140.25,undefined,-59.95,INSUFFICIENT
ALL,5094,87.3,setup_type,ONL_FADE_LONG,240,1,0,71.57,33.00,143.25,143.25,undefined,71.68,INSUFFICIENT
ALL,5094,87.3,setup_type,FLOOR_S1_FADE_SHORT,15,1,0,255.89,220.50,69.50,69.50,undefined,-186.39,INSUFFICIENT
ALL,5094,87.3,setup_type,FLOOR_S1_FADE_SHORT,30,1,0,251.41,214.75,-90.50,-90.50,undefined,-341.91,INSUFFICIENT
ALL,5094,87.3,setup_type,FLOOR_S1_FADE_SHORT,60,1,0,239.65,203.25,-155.50,-155.50,undefined,-395.15,INSUFFICIENT
ALL,5094,87.3,setup_type,FLOOR_S1_FADE_SHORT,120,1,0,200.20,175.25,-175.75,-175.75,undefined,-375.95,INSUFFICIENT
ALL,5094,87.3,setup_type,FLOOR_S1_FADE_SHORT,240,1,0,71.57,33.00,-80.00,-80.00,undefined,-151.57,INSUFFICIENT
ALL,5094,87.3,setup_type,CAM_S4_FADE_LONG,15,1,0,255.89,220.50,167.50,167.50,undefined,-88.39,INSUFFICIENT
ALL,5094,87.3,setup_type,CAM_S4_FADE_LONG,30,1,0,251.41,214.75,189.75,189.75,undefined,-61.66,INSUFFICIENT
ALL,5094,87.3,setup_type,CAM_S4_FADE_LONG,60,1,0,239.65,203.25,197.25,197.25,undefined,-42.40,INSUFFICIENT
ALL,5094,87.3,setup_type,CAM_S4_FADE_LONG,120,1,0,200.20,175.25,168.25,168.25,undefined,-31.95,INSUFFICIENT
ALL,5094,87.3,setup_type,CAM_S4_FADE_LONG,240,1,0,71.57,33.00,173.50,173.50,undefined,101.93,INSUFFICIENT
ALL,5094,87.3,setup_type,ONL_FADE_SHORT,15,3,0,255.89,220.50,22.00,14.00,37.15,-233.89,INSUFFICIENT
ALL,5094,87.3,setup_type,ONL_FADE_SHORT,30,3,0,251.41,214.75,52.58,34.00,179.10,-198.83,INSUFFICIENT
ALL,5094,87.3,setup_type,ONL_FADE_SHORT,60,3,0,239.65,203.25,65.83,187.00,226.96,-173.82,INSUFFICIENT
ALL,5094,87.3,setup_type,ONL_FADE_SHORT,120,3,0,200.20,175.25,37.92,110.25,225.86,-162.28,INSUFFICIENT
ALL,5094,87.3,setup_type,ONL_FADE_SHORT,240,3,0,71.57,33.00,107.75,224.50,207.87,36.18,INSUFFICIENT
ALL,5094,87.3,setup_type,WS1_FADE_SHORT_OVERNIGHT,15,2,0,255.89,220.50,77.25,77.25,68.24,-178.64,INSUFFICIENT
ALL,5094,87.3,setup_type,WS1_FADE_SHORT_OVERNIGHT,30,2,0,251.41,214.75,15.13,15.13,67.71,-236.29,INSUFFICIENT
ALL,5094,87.3,setup_type,WS1_FADE_SHORT_OVERNIGHT,60,2,0,239.65,203.25,-95.38,-95.38,30.58,-335.03,INSUFFICIENT
ALL,5094,87.3,setup_type,WS1_FADE_SHORT_OVERNIGHT,120,2,0,200.20,175.25,-90.50,-90.50,138.59,-290.70,INSUFFICIENT
ALL,5094,87.3,setup_type,WS1_FADE_SHORT_OVERNIGHT,240,2,0,71.57,33.00,-27.63,-27.63,52.15,-99.19,INSUFFICIENT
ALL,5094,87.3,setup_type,CAM_S2_FADE_LONG_TRAIL,15,2,0,255.89,220.50,25.75,25.75,32.17,-230.14,INSUFFICIENT
ALL,5094,87.3,setup_type,CAM_S2_FADE_LONG_TRAIL,30,2,0,251.41,214.75,65.38,65.38,28.81,-186.04,INSUFFICIENT
ALL,5094,87.3,setup_type,CAM_S2_FADE_LONG_TRAIL,60,2,0,239.65,203.25,49.75,49.75,9.90,-189.90,INSUFFICIENT
ALL,5094,87.3,setup_type,CAM_S2_FADE_LONG_TRAIL,120,2,0,200.20,175.25,24.25,24.25,59.04,-175.95,INSUFFICIENT
ALL,5094,87.3,setup_type,CAM_S2_FADE_LONG_TRAIL,240,2,0,71.57,33.00,-29.00,-29.00,58.69,-100.57,INSUFFICIENT
ALL,5094,87.3,setup_type,FLOOR_PIVOT_FADE_LONG,15,1,0,255.89,220.50,59.25,59.25,undefined,-196.64,INSUFFICIENT
ALL,5094,87.3,setup_type,FLOOR_PIVOT_FADE_LONG,30,1,0,251.41,214.75,31.75,31.75,undefined,-219.66,INSUFFICIENT
ALL,5094,87.3,setup_type,FLOOR_PIVOT_FADE_LONG,60,1,0,239.65,203.25,47.00,47.00,undefined,-192.65,INSUFFICIENT
ALL,5094,87.3,setup_type,FLOOR_PIVOT_FADE_LONG,120,1,0,200.20,175.25,146.25,146.25,undefined,-53.95,INSUFFICIENT
ALL,5094,87.3,setup_type,FLOOR_PIVOT_FADE_LONG,240,1,0,71.57,33.00,238.50,238.50,undefined,166.93,INSUFFICIENT
ALL,5094,87.3,setup_type,FLOOR_R1_FADE_SHORT_TRAIL,15,1,0,255.89,220.50,104.25,104.25,undefined,-151.64,INSUFFICIENT
ALL,5094,87.3,setup_type,FLOOR_R1_FADE_SHORT_TRAIL,30,1,0,251.41,214.75,123.00,123.00,undefined,-128.41,INSUFFICIENT
ALL,5094,87.3,setup_type,FLOOR_R1_FADE_SHORT_TRAIL,60,1,0,239.65,203.25,144.00,144.00,undefined,-95.65,INSUFFICIENT
ALL,5094,87.3,setup_type,FLOOR_R1_FADE_SHORT_TRAIL,120,1,0,200.20,175.25,186.00,186.00,undefined,-14.20,INSUFFICIENT
ALL,5094,87.3,setup_type,FLOOR_R1_FADE_SHORT_TRAIL,240,1,0,71.57,33.00,289.50,289.50,undefined,217.93,INSUFFICIENT
ALL,5094,87.3,setup_type,PD_IB_HIGH_FADE_LONG,15,1,0,255.89,220.50,104.75,104.75,undefined,-151.14,INSUFFICIENT
ALL,5094,87.3,setup_type,PD_IB_HIGH_FADE_LONG,30,1,0,251.41,214.75,89.00,89.00,undefined,-162.41,INSUFFICIENT
ALL,5094,87.3,setup_type,PD_IB_HIGH_FADE_LONG,60,1,0,239.65,203.25,116.25,116.25,undefined,-123.40,INSUFFICIENT
ALL,5094,87.3,setup_type,PD_IB_HIGH_FADE_LONG,120,1,0,200.20,175.25,156.75,156.75,undefined,-43.45,INSUFFICIENT
ALL,5094,87.3,setup_type,PD_IB_HIGH_FADE_LONG,240,1,0,71.57,33.00,121.00,121.00,undefined,49.43,INSUFFICIENT
ALL,5094,87.3,setup_type,PD_OR_MID_FADE_LONG,15,4,0,255.89,220.50,88.31,85.13,22.19,-167.58,INSUFFICIENT
ALL,5094,87.3,setup_type,PD_OR_MID_FADE_LONG,30,4,0,251.41,214.75,49.69,34.88,63.82,-201.72,INSUFFICIENT
ALL,5094,87.3,setup_type,PD_OR_MID_FADE_LONG,60,4,0,239.65,203.25,120.81,120.25,70.80,-118.84,INSUFFICIENT
ALL,5094,87.3,setup_type,PD_OR_MID_FADE_LONG,120,4,0,200.20,175.25,179.19,174.63,28.40,-21.01,INSUFFICIENT
ALL,5094,87.3,setup_type,PD_OR_MID_FADE_LONG,240,4,0,71.57,33.00,177.50,181.25,73.78,105.93,INSUFFICIENT
ALL,5094,87.3,setup_type,FAILED_AUCTION_LONG,15,11,0,255.89,220.50,57.64,55.50,57.44,-198.26,INSUFFICIENT
ALL,5094,87.3,setup_type,FAILED_AUCTION_LONG,30,11,0,251.41,214.75,67.75,42.50,77.83,-183.66,INSUFFICIENT
ALL,5094,87.3,setup_type,FAILED_AUCTION_LONG,60,11,0,239.65,203.25,96.89,63.50,90.54,-142.77,INSUFFICIENT
ALL,5094,87.3,setup_type,FAILED_AUCTION_LONG,120,11,0,200.20,175.25,112.00,136.50,83.87,-88.20,INSUFFICIENT
ALL,5094,87.3,setup_type,FAILED_AUCTION_LONG,240,11,0,71.57,33.00,124.77,122.25,87.33,53.21,INSUFFICIENT
ALL,5094,87.3,setup_type,10D_IB_MID_FADE_LONG,15,1,0,255.89,220.50,128.00,128.00,undefined,-127.89,INSUFFICIENT
ALL,5094,87.3,setup_type,10D_IB_MID_FADE_LONG,30,1,0,251.41,214.75,159.00,159.00,undefined,-92.41,INSUFFICIENT
ALL,5094,87.3,setup_type,10D_IB_MID_FADE_LONG,60,1,0,239.65,203.25,73.50,73.50,undefined,-166.15,INSUFFICIENT
ALL,5094,87.3,setup_type,10D_IB_MID_FADE_LONG,120,1,0,200.20,175.25,82.25,82.25,undefined,-117.95,INSUFFICIENT
ALL,5094,87.3,setup_type,10D_IB_MID_FADE_LONG,240,1,0,71.57,33.00,259.25,259.25,undefined,187.68,INSUFFICIENT
ALL,5094,87.3,setup_type,PD2_VAL_FADE_SHORT,15,3,0,255.89,220.50,96.00,41.00,140.33,-159.89,INSUFFICIENT
ALL,5094,87.3,setup_type,PD2_VAL_FADE_SHORT,30,3,0,251.41,214.75,101.58,38.00,139.23,-149.83,INSUFFICIENT
ALL,5094,87.3,setup_type,PD2_VAL_FADE_SHORT,60,3,0,239.65,203.25,134.58,31.50,223.71,-105.07,INSUFFICIENT
ALL,5094,87.3,setup_type,PD2_VAL_FADE_SHORT,120,3,0,200.20,175.25,117.67,-23.00,254.54,-82.53,INSUFFICIENT
ALL,5094,87.3,setup_type,PD2_VAL_FADE_SHORT,240,3,0,71.57,33.00,127.33,22.25,184.18,55.77,INSUFFICIENT
ALL,5094,87.3,setup_type,CAM_S1_FADE_LONG,15,1,0,255.89,220.50,-127.00,-127.00,undefined,-382.89,INSUFFICIENT
ALL,5094,87.3,setup_type,CAM_S1_FADE_LONG,30,1,0,251.41,214.75,-212.75,-212.75,undefined,-464.16,INSUFFICIENT
ALL,5094,87.3,setup_type,CAM_S1_FADE_LONG,60,1,0,239.65,203.25,-333.75,-333.75,undefined,-573.40,INSUFFICIENT
ALL,5094,87.3,setup_type,CAM_S1_FADE_LONG,120,1,0,200.20,175.25,-336.75,-336.75,undefined,-536.95,INSUFFICIENT
ALL,5094,87.3,setup_type,CAM_S1_FADE_LONG,240,1,0,71.57,33.00,-185.00,-185.00,undefined,-256.57,INSUFFICIENT
ALL,5094,87.3,setup_type,FLOOR_R1_FADE_LONG,15,7,0,255.89,220.50,105.29,78.00,77.60,-150.61,INSUFFICIENT
ALL,5094,87.3,setup_type,FLOOR_R1_FADE_LONG,30,7,0,251.41,214.75,99.18,102.00,117.36,-152.23,INSUFFICIENT
ALL,5094,87.3,setup_type,FLOOR_R1_FADE_LONG,60,7,0,239.65,203.25,157.36,130.00,124.83,-82.30,INSUFFICIENT
ALL,5094,87.3,setup_type,FLOOR_R1_FADE_LONG,120,7,0,200.20,175.25,164.11,155.25,82.09,-36.09,INSUFFICIENT
ALL,5094,87.3,setup_type,FLOOR_R1_FADE_LONG,240,7,0,71.57,33.00,156.39,137.25,144.57,84.83,INSUFFICIENT
ALL,5094,87.3,setup_type,STACK_VOL_BREAK_LIVE_SHORT,15,4,0,255.89,220.50,103.19,93.50,69.08,-152.71,INSUFFICIENT
ALL,5094,87.3,setup_type,STACK_VOL_BREAK_LIVE_SHORT,30,4,0,251.41,214.75,107.31,56.25,188.83,-144.10,INSUFFICIENT
ALL,5094,87.3,setup_type,STACK_VOL_BREAK_LIVE_SHORT,60,4,0,239.65,203.25,106.81,-16.88,267.50,-132.84,INSUFFICIENT
ALL,5094,87.3,setup_type,STACK_VOL_BREAK_LIVE_SHORT,120,4,0,200.20,175.25,43.50,-22.13,194.74,-156.70,INSUFFICIENT
ALL,5094,87.3,setup_type,STACK_VOL_BREAK_LIVE_SHORT,240,4,0,71.57,33.00,20.25,-21.63,132.14,-51.32,INSUFFICIENT
ALL,5094,87.3,setup_type,WR2_FADE_LONG,15,1,0,255.89,220.50,82.25,82.25,undefined,-173.64,INSUFFICIENT
ALL,5094,87.3,setup_type,WR2_FADE_LONG,30,1,0,251.41,214.75,95.25,95.25,undefined,-156.16,INSUFFICIENT
ALL,5094,87.3,setup_type,WR2_FADE_LONG,60,1,0,239.65,203.25,147.50,147.50,undefined,-92.15,INSUFFICIENT
ALL,5094,87.3,setup_type,WR2_FADE_LONG,120,1,0,200.20,175.25,228.00,228.00,undefined,27.80,INSUFFICIENT
ALL,5094,87.3,setup_type,WR2_FADE_LONG,240,1,0,71.57,33.00,382.00,382.00,undefined,310.43,INSUFFICIENT
ALL,5094,87.3,setup_type,FLOOR_R3_FADE_LONG,15,3,0,255.89,220.50,50.33,42.00,14.43,-205.56,INSUFFICIENT
ALL,5094,87.3,setup_type,FLOOR_R3_FADE_LONG,30,3,0,251.41,214.75,35.42,40.75,22.24,-216.00,INSUFFICIENT
ALL,5094,87.3,setup_type,FLOOR_R3_FADE_LONG,60,3,0,239.65,203.25,75.58,83.50,28.22,-164.07,INSUFFICIENT
ALL,5094,87.3,setup_type,FLOOR_R3_FADE_LONG,120,3,0,200.20,175.25,80.42,54.75,51.09,-119.78,INSUFFICIENT
ALL,5094,87.3,setup_type,FLOOR_R3_FADE_LONG,240,3,0,71.57,33.00,59.83,59.00,16.27,-11.73,INSUFFICIENT
ALL,5094,87.3,setup_type,PD_IB_HIGH_FADE_SHORT,15,1,0,255.89,220.50,84.00,84.00,undefined,-171.89,INSUFFICIENT
ALL,5094,87.3,setup_type,PD_IB_HIGH_FADE_SHORT,30,1,0,251.41,214.75,119.75,119.75,undefined,-131.66,INSUFFICIENT
ALL,5094,87.3,setup_type,PD_IB_HIGH_FADE_SHORT,60,1,0,239.65,203.25,12.25,12.25,undefined,-227.40,INSUFFICIENT
ALL,5094,87.3,setup_type,PD_IB_HIGH_FADE_SHORT,120,1,0,200.20,175.25,-82.00,-82.00,undefined,-282.20,INSUFFICIENT
ALL,5094,87.3,setup_type,PD_IB_HIGH_FADE_SHORT,240,1,0,71.57,33.00,-150.25,-150.25,undefined,-221.82,INSUFFICIENT
ALL,5094,87.3,setup_type,PD_HIGH_FADE_SHORT,15,1,0,255.89,220.50,1.50,1.50,undefined,-254.39,INSUFFICIENT
ALL,5094,87.3,setup_type,PD_HIGH_FADE_SHORT,30,1,0,251.41,214.75,-30.50,-30.50,undefined,-281.91,INSUFFICIENT
ALL,5094,87.3,setup_type,PD_HIGH_FADE_SHORT,60,1,0,239.65,203.25,2.25,2.25,undefined,-237.40,INSUFFICIENT
ALL,5094,87.3,setup_type,PD_HIGH_FADE_SHORT,120,1,0,200.20,175.25,56.25,56.25,undefined,-143.95,INSUFFICIENT
ALL,5094,87.3,setup_type,PD_HIGH_FADE_SHORT,240,1,0,71.57,33.00,-70.25,-70.25,undefined,-141.82,INSUFFICIENT
ALL,5094,87.3,setup_type,CAM_R2_FADE_SHORT,15,1,0,255.89,220.50,42.75,42.75,undefined,-213.14,INSUFFICIENT
ALL,5094,87.3,setup_type,CAM_R2_FADE_SHORT,30,1,0,251.41,214.75,104.00,104.00,undefined,-147.41,INSUFFICIENT
ALL,5094,87.3,setup_type,CAM_R2_FADE_SHORT,60,1,0,239.65,203.25,206.75,206.75,undefined,-32.90,INSUFFICIENT
ALL,5094,87.3,setup_type,CAM_R2_FADE_SHORT,120,1,0,200.20,175.25,256.75,256.75,undefined,56.55,INSUFFICIENT
ALL,5094,87.3,setup_type,CAM_R2_FADE_SHORT,240,1,0,71.57,33.00,270.25,270.25,undefined,198.68,INSUFFICIENT
ALL,5094,87.3,setup_type,ONH_FADE_SHORT,15,1,0,255.89,220.50,1.75,1.75,undefined,-254.14,INSUFFICIENT
ALL,5094,87.3,setup_type,ONH_FADE_SHORT,30,1,0,251.41,214.75,35.75,35.75,undefined,-215.66,INSUFFICIENT
ALL,5094,87.3,setup_type,ONH_FADE_SHORT,60,1,0,239.65,203.25,128.50,128.50,undefined,-111.15,INSUFFICIENT
ALL,5094,87.3,setup_type,ONH_FADE_SHORT,120,1,0,200.20,175.25,175.00,175.00,undefined,-25.20,INSUFFICIENT
ALL,5094,87.3,setup_type,ONH_FADE_SHORT,240,1,0,71.57,33.00,239.50,239.50,undefined,167.93,INSUFFICIENT
ALL,5094,87.3,setup_type,ONH_FADE_LONG,15,3,0,255.89,220.50,45.00,45.50,32.00,-210.89,INSUFFICIENT
ALL,5094,87.3,setup_type,ONH_FADE_LONG,30,3,0,251.41,214.75,26.75,23.00,67.70,-224.66,INSUFFICIENT
ALL,5094,87.3,setup_type,ONH_FADE_LONG,60,3,0,239.65,203.25,-59.67,-134.00,129.18,-299.32,INSUFFICIENT
ALL,5094,87.3,setup_type,ONH_FADE_LONG,120,3,0,200.20,175.25,-92.50,-182.25,204.94,-292.70,INSUFFICIENT
ALL,5094,87.3,setup_type,ONH_FADE_LONG,240,3,0,71.57,33.00,-85.75,-227.75,261.92,-157.32,INSUFFICIENT
ALL,5094,87.3,setup_type,CAM_S1_FADE_SHORT,15,1,0,255.89,220.50,-17.50,-17.50,undefined,-273.39,INSUFFICIENT
ALL,5094,87.3,setup_type,CAM_S1_FADE_SHORT,30,1,0,251.41,214.75,-83.00,-83.00,undefined,-334.41,INSUFFICIENT
ALL,5094,87.3,setup_type,CAM_S1_FADE_SHORT,60,1,0,239.65,203.25,-12.75,-12.75,undefined,-252.40,INSUFFICIENT
ALL,5094,87.3,setup_type,CAM_S1_FADE_SHORT,120,1,0,200.20,175.25,24.75,24.75,undefined,-175.45,INSUFFICIENT
ALL,5094,87.3,setup_type,CAM_S1_FADE_SHORT,240,1,0,71.57,33.00,30.75,30.75,undefined,-40.82,INSUFFICIENT
ALL,5094,87.3,setup_type,PD2_VAL_FADE_LONG,15,2,0,255.89,220.50,71.63,71.63,56.39,-184.27,INSUFFICIENT
ALL,5094,87.3,setup_type,PD2_VAL_FADE_LONG,30,2,0,251.41,214.75,56.50,56.50,42.78,-194.91,INSUFFICIENT
ALL,5094,87.3,setup_type,PD2_VAL_FADE_LONG,60,2,0,239.65,203.25,86.25,86.25,69.30,-153.40,INSUFFICIENT
ALL,5094,87.3,setup_type,PD2_VAL_FADE_LONG,120,2,0,200.20,175.25,115.75,115.75,80.96,-84.45,INSUFFICIENT
ALL,5094,87.3,setup_type,PD2_VAL_FADE_LONG,240,2,0,71.57,33.00,69.50,69.50,80.96,-2.07,INSUFFICIENT
ALL,5094,87.3,setup_type,WEEKLY_OPEN_FADE_SHORT,15,1,0,255.89,220.50,64.50,64.50,undefined,-191.39,INSUFFICIENT
ALL,5094,87.3,setup_type,WEEKLY_OPEN_FADE_SHORT,30,1,0,251.41,214.75,86.25,86.25,undefined,-165.16,INSUFFICIENT
ALL,5094,87.3,setup_type,WEEKLY_OPEN_FADE_SHORT,60,1,0,239.65,203.25,31.00,31.00,undefined,-208.65,INSUFFICIENT
ALL,5094,87.3,setup_type,WEEKLY_OPEN_FADE_SHORT,120,1,0,200.20,175.25,119.75,119.75,undefined,-80.45,INSUFFICIENT
ALL,5094,87.3,setup_type,WEEKLY_OPEN_FADE_SHORT,240,1,0,71.57,33.00,88.75,88.75,undefined,17.18,INSUFFICIENT
ALL,5094,87.3,setup_type,C_PAIRED_LONG,15,2,0,255.89,220.50,28.25,28.25,47.38,-227.64,INSUFFICIENT
ALL,5094,87.3,setup_type,C_PAIRED_LONG,30,2,0,251.41,214.75,27.38,27.38,3.36,-224.04,INSUFFICIENT
ALL,5094,87.3,setup_type,C_PAIRED_LONG,60,2,0,239.65,203.25,-9.00,-9.00,60.46,-248.65,INSUFFICIENT
ALL,5094,87.3,setup_type,C_PAIRED_LONG,120,2,0,200.20,175.25,-9.13,-9.13,36.95,-209.32,INSUFFICIENT
ALL,5094,87.3,setup_type,C_PAIRED_LONG,240,2,0,71.57,33.00,-9.38,-9.38,12.90,-80.94,INSUFFICIENT
ALL,5094,87.3,setup_type,MR1_FADE_SHORT,15,2,0,255.89,220.50,73.88,73.88,19.27,-182.02,INSUFFICIENT
ALL,5094,87.3,setup_type,MR1_FADE_SHORT,30,2,0,251.41,214.75,145.25,145.25,50.91,-106.16,INSUFFICIENT
ALL,5094,87.3,setup_type,MR1_FADE_SHORT,60,2,0,239.65,203.25,194.00,194.00,15.56,-45.65,INSUFFICIENT
ALL,5094,87.3,setup_type,MR1_FADE_SHORT,120,2,0,200.20,175.25,289.88,289.88,38.36,89.68,INSUFFICIENT
ALL,5094,87.3,setup_type,MR1_FADE_SHORT,240,2,0,71.57,33.00,297.88,297.88,3.01,226.31,INSUFFICIENT
ALL,5094,87.3,setup_type,PD_POC_FADE_LONG_TRAIL,15,2,0,255.89,220.50,-5.63,-5.63,34.47,-261.52,INSUFFICIENT
ALL,5094,87.3,setup_type,PD_POC_FADE_LONG_TRAIL,30,2,0,251.41,214.75,-76.75,-76.75,146.72,-328.16,INSUFFICIENT
ALL,5094,87.3,setup_type,PD_POC_FADE_LONG_TRAIL,60,2,0,239.65,203.25,-253.00,-253.00,286.38,-492.65,INSUFFICIENT
ALL,5094,87.3,setup_type,PD_POC_FADE_LONG_TRAIL,120,2,0,200.20,175.25,-326.75,-326.75,229.10,-526.95,INSUFFICIENT
ALL,5094,87.3,setup_type,PD_POC_FADE_LONG_TRAIL,240,2,0,71.57,33.00,-306.25,-306.25,213.19,-377.82,INSUFFICIENT
ALL,5094,87.3,setup_type,PM_LOW_FADE_LONG,15,1,0,255.89,220.50,124.25,124.25,undefined,-131.64,INSUFFICIENT
ALL,5094,87.3,setup_type,PM_LOW_FADE_LONG,30,1,0,251.41,214.75,136.50,136.50,undefined,-114.91,INSUFFICIENT
ALL,5094,87.3,setup_type,PM_LOW_FADE_LONG,60,1,0,239.65,203.25,186.75,186.75,undefined,-52.90,INSUFFICIENT
ALL,5094,87.3,setup_type,PM_LOW_FADE_LONG,120,1,0,200.20,175.25,202.25,202.25,undefined,2.05,INSUFFICIENT
ALL,5094,87.3,setup_type,PM_LOW_FADE_LONG,240,1,0,71.57,33.00,331.75,331.75,undefined,260.18,INSUFFICIENT
ALL,5094,87.3,setup_type,10D_IB_MID_FADE_SHORT_OVERNIGHT,15,1,0,255.89,220.50,52.75,52.75,undefined,-203.14,INSUFFICIENT
ALL,5094,87.3,setup_type,10D_IB_MID_FADE_SHORT_OVERNIGHT,30,1,0,251.41,214.75,84.25,84.25,undefined,-167.16,INSUFFICIENT
ALL,5094,87.3,setup_type,10D_IB_MID_FADE_SHORT_OVERNIGHT,60,1,0,239.65,203.25,23.25,23.25,undefined,-216.40,INSUFFICIENT
ALL,5094,87.3,setup_type,10D_IB_MID_FADE_SHORT_OVERNIGHT,120,1,0,200.20,175.25,430.00,430.00,undefined,229.80,INSUFFICIENT
ALL,5094,87.3,setup_type,10D_IB_MID_FADE_SHORT_OVERNIGHT,240,1,0,71.57,33.00,263.00,263.00,undefined,191.43,INSUFFICIENT
ALL,5094,87.3,setup_type,MPP_FADE_SHORT_OVERNIGHT,15,1,0,255.89,220.50,38.50,38.50,undefined,-217.39,INSUFFICIENT
ALL,5094,87.3,setup_type,MPP_FADE_SHORT_OVERNIGHT,30,1,0,251.41,214.75,18.50,18.50,undefined,-232.91,INSUFFICIENT
ALL,5094,87.3,setup_type,MPP_FADE_SHORT_OVERNIGHT,60,1,0,239.65,203.25,42.75,42.75,undefined,-196.90,INSUFFICIENT
ALL,5094,87.3,setup_type,MPP_FADE_SHORT_OVERNIGHT,120,1,0,200.20,175.25,-44.75,-44.75,undefined,-244.95,INSUFFICIENT
ALL,5094,87.3,setup_type,MPP_FADE_SHORT_OVERNIGHT,240,1,0,71.57,33.00,-58.50,-58.50,undefined,-130.07,INSUFFICIENT
ALL,5094,87.3,setup_type,WR1_FADE_SHORT_OVERNIGHT,15,1,0,255.89,220.50,87.75,87.75,undefined,-168.14,INSUFFICIENT
ALL,5094,87.3,setup_type,WR1_FADE_SHORT_OVERNIGHT,30,1,0,251.41,214.75,123.75,123.75,undefined,-127.66,INSUFFICIENT
ALL,5094,87.3,setup_type,WR1_FADE_SHORT_OVERNIGHT,60,1,0,239.65,203.25,48.75,48.75,undefined,-190.90,INSUFFICIENT
ALL,5094,87.3,setup_type,WR1_FADE_SHORT_OVERNIGHT,120,1,0,200.20,175.25,-1.75,-1.75,undefined,-201.95,INSUFFICIENT
ALL,5094,87.3,setup_type,WR1_FADE_SHORT_OVERNIGHT,240,1,0,71.57,33.00,-32.00,-32.00,undefined,-103.57,INSUFFICIENT
ALL,5094,87.3,setup_type,WEEKLY_OPEN_FADE_LONG,15,1,0,255.89,220.50,62.75,62.75,undefined,-193.14,INSUFFICIENT
ALL,5094,87.3,setup_type,WEEKLY_OPEN_FADE_LONG,30,1,0,251.41,214.75,38.00,38.00,undefined,-213.41,INSUFFICIENT
ALL,5094,87.3,setup_type,WEEKLY_OPEN_FADE_LONG,60,1,0,239.65,203.25,54.75,54.75,undefined,-184.90,INSUFFICIENT
ALL,5094,87.3,setup_type,WEEKLY_OPEN_FADE_LONG,120,1,0,200.20,175.25,57.75,57.75,undefined,-142.45,INSUFFICIENT
ALL,5094,87.3,setup_type,WEEKLY_OPEN_FADE_LONG,240,1,0,71.57,33.00,-44.50,-44.50,undefined,-116.07,INSUFFICIENT
ALL,5094,87.3,setup_type,OR30_HIGH_FADE_LONG,15,3,0,255.89,220.50,44.17,49.00,24.61,-211.73,INSUFFICIENT
ALL,5094,87.3,setup_type,OR30_HIGH_FADE_LONG,30,3,0,251.41,214.75,44.42,52.50,25.36,-207.00,INSUFFICIENT
ALL,5094,87.3,setup_type,OR30_HIGH_FADE_LONG,60,3,0,239.65,203.25,25.92,26.75,6.04,-213.74,INSUFFICIENT
ALL,5094,87.3,setup_type,OR30_HIGH_FADE_LONG,120,3,0,200.20,175.25,10.83,16.25,63.30,-189.36,INSUFFICIENT
ALL,5094,87.3,setup_type,OR30_HIGH_FADE_LONG,240,3,0,71.57,33.00,5.33,3.75,26.66,-66.23,INSUFFICIENT
ALL,5094,87.3,setup_type,FLOOR_R3_FADE_SHORT,15,1,0,255.89,220.50,-5.75,-5.75,undefined,-261.64,INSUFFICIENT
ALL,5094,87.3,setup_type,FLOOR_R3_FADE_SHORT,30,1,0,251.41,214.75,3.00,3.00,undefined,-248.41,INSUFFICIENT
ALL,5094,87.3,setup_type,FLOOR_R3_FADE_SHORT,60,1,0,239.65,203.25,-36.00,-36.00,undefined,-275.65,INSUFFICIENT
ALL,5094,87.3,setup_type,FLOOR_R3_FADE_SHORT,120,1,0,200.20,175.25,-59.25,-59.25,undefined,-259.45,INSUFFICIENT
ALL,5094,87.3,setup_type,FLOOR_R3_FADE_SHORT,240,1,0,71.57,33.00,-36.50,-36.50,undefined,-108.07,INSUFFICIENT
ALL,5094,87.3,setup_type,OR30_HIGH_FADE_SHORT,15,2,0,255.89,220.50,52.00,52.00,25.10,-203.89,INSUFFICIENT
ALL,5094,87.3,setup_type,OR30_HIGH_FADE_SHORT,30,2,0,251.41,214.75,46.00,46.00,5.30,-205.41,INSUFFICIENT
ALL,5094,87.3,setup_type,OR30_HIGH_FADE_SHORT,60,2,0,239.65,203.25,17.00,17.00,37.83,-222.65,INSUFFICIENT
ALL,5094,87.3,setup_type,OR30_HIGH_FADE_SHORT,120,2,0,200.20,175.25,0.63,0.63,58.16,-199.57,INSUFFICIENT
ALL,5094,87.3,setup_type,OR30_HIGH_FADE_SHORT,240,2,0,71.57,33.00,13.00,13.00,47.73,-58.57,INSUFFICIENT
ALL,5094,87.3,setup_type,RTH_VWAP_FADE_LONG,15,1,0,255.89,220.50,35.75,35.75,undefined,-220.14,INSUFFICIENT
ALL,5094,87.3,setup_type,RTH_VWAP_FADE_LONG,30,1,0,251.41,214.75,55.00,55.00,undefined,-196.41,INSUFFICIENT
ALL,5094,87.3,setup_type,RTH_VWAP_FADE_LONG,60,1,0,239.65,203.25,89.50,89.50,undefined,-150.15,INSUFFICIENT
ALL,5094,87.3,setup_type,RTH_VWAP_FADE_LONG,120,1,0,200.20,175.25,50.25,50.25,undefined,-149.95,INSUFFICIENT
ALL,5094,87.3,setup_type,RTH_VWAP_FADE_LONG,240,1,0,71.57,33.00,45.00,45.00,undefined,-26.57,INSUFFICIENT
ALL,5094,87.3,setup_type,STACK_VOL_BREAK_LIVE_LONG,15,1,0,255.89,220.50,92.50,92.50,undefined,-163.39,INSUFFICIENT
ALL,5094,87.3,setup_type,STACK_VOL_BREAK_LIVE_LONG,30,1,0,251.41,214.75,79.00,79.00,undefined,-172.41,INSUFFICIENT
ALL,5094,87.3,setup_type,STACK_VOL_BREAK_LIVE_LONG,60,1,0,239.65,203.25,58.00,58.00,undefined,-181.65,INSUFFICIENT
ALL,5094,87.3,setup_type,STACK_VOL_BREAK_LIVE_LONG,120,1,0,200.20,175.25,97.75,97.75,undefined,-102.45,INSUFFICIENT
ALL,5094,87.3,setup_type,STACK_VOL_BREAK_LIVE_LONG,240,1,0,71.57,33.00,59.25,59.25,undefined,-12.32,INSUFFICIENT
ALL,5094,87.3,time_of_day,Overnight/Globex,15,4599,0,255.89,220.50,277.03,241.25,229.51,21.14,OK
ALL,5094,87.3,time_of_day,Overnight/Globex,30,4599,0,251.41,214.75,271.54,233.50,225.64,20.13,OK
ALL,5094,87.3,time_of_day,Overnight/Globex,60,4599,0,239.65,203.25,257.66,218.25,222.15,18.01,OK
ALL,5094,87.3,time_of_day,Overnight/Globex,120,4598,1,200.20,175.25,214.79,187.50,197.79,14.59,OK
ALL,5094,87.3,time_of_day,Overnight/Globex,240,4598,1,71.57,33.00,73.71,32.75,131.06,2.14,OK
ALL,5094,87.3,time_of_day,Midday (11:00-13:30),15,252,0,255.89,220.50,51.21,25.75,112.31,-204.69,OK
ALL,5094,87.3,time_of_day,Midday (11:00-13:30),30,252,0,251.41,214.75,63.18,32.25,127.27,-188.23,OK
ALL,5094,87.3,time_of_day,Midday (11:00-13:30),60,252,0,239.65,203.25,78.58,48.88,151.58,-161.07,OK
ALL,5094,87.3,time_of_day,Midday (11:00-13:30),120,252,0,200.20,175.25,79.00,39.88,145.40,-121.20,OK
ALL,5094,87.3,time_of_day,Midday (11:00-13:30),240,252,0,71.57,33.00,72.67,47.75,179.76,1.10,OK
ALL,5094,87.3,time_of_day,Morning (9:30-11:00),15,153,0,255.89,220.50,36.09,28.25,79.10,-219.81,OK
ALL,5094,87.3,time_of_day,Morning (9:30-11:00),30,153,0,251.41,214.75,29.50,24.50,88.65,-221.92,OK
ALL,5094,87.3,time_of_day,Morning (9:30-11:00),60,153,0,239.65,203.25,30.66,26.75,91.61,-208.99,OK
ALL,5094,87.3,time_of_day,Morning (9:30-11:00),120,153,0,200.20,175.25,15.20,17.50,166.74,-185.00,OK
ALL,5094,87.3,time_of_day,Morning (9:30-11:00),240,153,0,71.57,33.00,17.42,24.75,151.10,-54.15,OK
ALL,5094,87.3,time_of_day,Afternoon (13:30-16:00),15,90,0,255.89,220.50,122.63,63.75,144.12,-133.27,OK
ALL,5094,87.3,time_of_day,Afternoon (13:30-16:00),30,90,0,251.41,214.75,127.31,65.38,152.69,-124.11,OK
ALL,5094,87.3,time_of_day,Afternoon (13:30-16:00),60,90,0,239.65,203.25,125.64,81.13,148.67,-114.02,OK
ALL,5094,87.3,time_of_day,Afternoon (13:30-16:00),120,90,0,200.20,175.25,108.61,108.38,124.81,-91.59,OK
ALL,5094,87.3,time_of_day,Afternoon (13:30-16:00),240,90,0,71.57,33.00,50.95,36.13,83.80,-20.62,OK
ALL,5094,87.3,velocity,Fast,15,404,0,255.89,220.50,54.64,44.00,96.55,-201.26,OK
ALL,5094,87.3,velocity,Fast,30,404,0,251.41,214.75,63.33,52.25,122.52,-188.08,OK
ALL,5094,87.3,velocity,Fast,60,404,0,239.65,203.25,73.37,61.13,161.08,-166.29,OK
ALL,5094,87.3,velocity,Fast,120,404,0,200.20,175.25,85.91,76.50,196.65,-114.28,OK
ALL,5094,87.3,velocity,Fast,240,404,0,71.57,33.00,96.67,71.50,239.25,25.11,OK
ALL,5094,87.3,velocity,Unknown,15,3998,0,255.89,220.50,309.63,271.00,228.17,53.73,OK
ALL,5094,87.3,velocity,Unknown,30,3998,0,251.41,214.75,302.58,264.25,223.89,51.17,OK
ALL,5094,87.3,velocity,Unknown,60,3998,0,239.65,203.25,285.95,246.75,219.48,46.30,OK
ALL,5094,87.3,velocity,Unknown,120,3998,0,200.20,175.25,233.86,206.63,193.17,33.67,OK
ALL,5094,87.3,velocity,Unknown,240,3998,0,71.57,33.00,70.13,31.75,111.67,-1.43,OK
ALL,5094,87.3,velocity,Slow,15,359,0,255.89,220.50,70.00,55.75,82.34,-185.89,OK
ALL,5094,87.3,velocity,Slow,30,359,0,251.41,214.75,74.93,63.25,91.78,-176.48,OK
ALL,5094,87.3,velocity,Slow,60,359,0,239.65,203.25,80.26,73.25,109.48,-159.40,OK
ALL,5094,87.3,velocity,Slow,120,358,1,200.20,175.25,94.02,76.13,147.46,-106.17,OK
ALL,5094,87.3,velocity,Slow,240,358,1,71.57,33.00,89.08,74.75,149.89,17.52,OK
ALL,5094,87.3,velocity,Medium,15,333,0,255.89,220.50,55.37,49.50,73.53,-200.52,OK
ALL,5094,87.3,velocity,Medium,30,333,0,251.41,214.75,55.51,48.00,95.38,-195.91,OK
ALL,5094,87.3,velocity,Medium,60,333,0,239.65,203.25,57.42,54.50,117.76,-182.23,OK
ALL,5094,87.3,velocity,Medium,120,333,0,200.20,175.25,48.80,46.00,149.98,-151.40,OK
ALL,5094,87.3,velocity,Medium,240,333,0,71.57,33.00,39.46,42.25,173.76,-32.10,OK
ALL,5094,87.3,a_level,NEITHER,15,5094,0,255.89,220.50,255.89,220.50,230.15,0.00,OK
ALL,5094,87.3,a_level,NEITHER,30,5094,0,251.41,214.75,251.41,214.75,226.45,0.00,OK
ALL,5094,87.3,a_level,NEITHER,60,5094,0,239.65,203.25,239.65,203.25,222.36,0.00,OK
ALL,5094,87.3,a_level,NEITHER,120,5093,1,200.20,175.25,200.20,175.25,198.89,0.00,OK
ALL,5094,87.3,a_level,NEITHER,240,5093,1,71.57,33.00,71.57,33.00,134.18,0.00,OK
REAL_ONLY,648,0.0,setup_type,VWAP_MAGNET_SHORT,15,21,0,53.41,47.50,45.57,32.50,47.36,-7.84,OK
REAL_ONLY,648,0.0,setup_type,VWAP_MAGNET_SHORT,30,21,0,54.79,48.25,43.86,17.50,78.36,-10.93,OK
REAL_ONLY,648,0.0,setup_type,VWAP_MAGNET_SHORT,60,21,0,59.89,50.63,12.92,-2.50,95.00,-46.98,OK
REAL_ONLY,648,0.0,setup_type,VWAP_MAGNET_SHORT,120,21,0,68.17,58.75,46.30,-9.25,190.78,-21.87,OK
REAL_ONLY,648,0.0,setup_type,VWAP_MAGNET_SHORT,240,21,0,62.87,50.50,-28.44,-24.00,164.19,-91.31,OK
REAL_ONLY,648,0.0,setup_type,3M_VAL_FADE_SHORT_OVERNIGHT,15,3,0,53.41,47.50,32.08,22.75,16.82,-21.32,INSUFFICIENT
REAL_ONLY,648,0.0,setup_type,3M_VAL_FADE_SHORT_OVERNIGHT,30,3,0,54.79,48.25,10.00,3.25,16.45,-44.79,INSUFFICIENT
REAL_ONLY,648,0.0,setup_type,3M_VAL_FADE_SHORT_OVERNIGHT,60,3,0,59.89,50.63,23.83,34.75,52.73,-36.06,INSUFFICIENT
REAL_ONLY,648,0.0,setup_type,3M_VAL_FADE_SHORT_OVERNIGHT,120,3,0,68.17,58.75,-23.58,-56.50,66.31,-91.75,INSUFFICIENT
REAL_ONLY,648,0.0,setup_type,3M_VAL_FADE_SHORT_OVERNIGHT,240,3,0,62.87,50.50,-11.50,-8.25,89.67,-74.37,INSUFFICIENT
REAL_ONLY,648,0.0,setup_type,GLOBEX_VWAP_FADE_LONG,15,16,0,53.41,47.50,74.20,52.13,65.84,20.80,INSUFFICIENT
REAL_ONLY,648,0.0,setup_type,GLOBEX_VWAP_FADE_LONG,30,16,0,54.79,48.25,83.02,48.00,98.44,28.23,INSUFFICIENT
REAL_ONLY,648,0.0,setup_type,GLOBEX_VWAP_FADE_LONG,60,16,0,59.89,50.63,76.91,34.50,97.53,17.01,INSUFFICIENT
REAL_ONLY,648,0.0,setup_type,GLOBEX_VWAP_FADE_LONG,120,15,1,68.17,58.75,7.77,62.50,181.54,-60.40,INSUFFICIENT
REAL_ONLY,648,0.0,setup_type,GLOBEX_VWAP_FADE_LONG,240,15,1,62.87,50.50,24.07,46.50,128.21,-38.80,INSUFFICIENT
REAL_ONLY,648,0.0,setup_type,IB_BEARISH,15,90,0,53.41,47.50,67.78,64.13,90.80,14.37,OK
REAL_ONLY,648,0.0,setup_type,IB_BEARISH,30,90,0,54.79,48.25,60.79,43.88,135.63,6.00,OK
REAL_ONLY,648,0.0,setup_type,IB_BEARISH,60,90,0,59.89,50.63,57.30,46.50,160.76,-2.59,OK
REAL_ONLY,648,0.0,setup_type,IB_BEARISH,120,90,0,68.17,58.75,25.76,-0.38,184.17,-42.40,OK
REAL_ONLY,648,0.0,setup_type,IB_BEARISH,240,90,0,62.87,50.50,-6.11,-9.50,186.52,-68.98,OK
REAL_ONLY,648,0.0,setup_type,C_PAIRED_SHORT,15,7,0,53.41,47.50,110.71,110.25,82.22,57.31,INSUFFICIENT
REAL_ONLY,648,0.0,setup_type,C_PAIRED_SHORT,30,7,0,54.79,48.25,99.18,127.75,74.25,44.39,INSUFFICIENT
REAL_ONLY,648,0.0,setup_type,C_PAIRED_SHORT,60,7,0,59.89,50.63,103.89,100.50,81.07,44.00,INSUFFICIENT
REAL_ONLY,648,0.0,setup_type,C_PAIRED_SHORT,120,7,0,68.17,58.75,97.18,63.00,74.84,29.01,INSUFFICIENT
REAL_ONLY,648,0.0,setup_type,C_PAIRED_SHORT,240,7,0,62.87,50.50,75.32,49.50,135.11,12.45,INSUFFICIENT
REAL_ONLY,648,0.0,setup_type,VWAP_RECLAIM_SHORT,15,1,0,53.41,47.50,83.50,83.50,undefined,30.09,INSUFFICIENT
REAL_ONLY,648,0.0,setup_type,VWAP_RECLAIM_SHORT,30,1,0,54.79,48.25,92.75,92.75,undefined,37.96,INSUFFICIENT
REAL_ONLY,648,0.0,setup_type,VWAP_RECLAIM_SHORT,60,1,0,59.89,50.63,119.00,119.00,undefined,59.11,INSUFFICIENT
REAL_ONLY,648,0.0,setup_type,VWAP_RECLAIM_SHORT,120,1,0,68.17,58.75,114.25,114.25,undefined,46.08,INSUFFICIENT
REAL_ONLY,648,0.0,setup_type,VWAP_RECLAIM_SHORT,240,1,0,62.87,50.50,70.75,70.75,undefined,7.88,INSUFFICIENT
REAL_ONLY,648,0.0,setup_type,OR5_HIGH_FADE_LONG,15,4,0,53.41,47.50,47.81,43.25,34.13,-5.59,INSUFFICIENT
REAL_ONLY,648,0.0,setup_type,OR5_HIGH_FADE_LONG,30,4,0,54.79,48.25,82.88,119.38,93.66,28.09,INSUFFICIENT
REAL_ONLY,648,0.0,setup_type,OR5_HIGH_FADE_LONG,60,4,0,59.89,50.63,101.88,100.38,122.80,41.98,INSUFFICIENT
REAL_ONLY,648,0.0,setup_type,OR5_HIGH_FADE_LONG,120,4,0,68.17,58.75,210.00,216.63,124.06,141.83,INSUFFICIENT
REAL_ONLY,648,0.0,setup_type,OR5_HIGH_FADE_LONG,240,4,0,62.87,50.50,206.75,126.50,170.02,143.88,INSUFFICIENT
REAL_ONLY,648,0.0,setup_type,PD_POC_FADE_SHORT,15,13,0,53.41,47.50,45.21,43.00,23.11,-8.20,INSUFFICIENT
REAL_ONLY,648,0.0,setup_type,PD_POC_FADE_SHORT,30,13,0,54.79,48.25,56.42,64.25,58.60,1.63,INSUFFICIENT
REAL_ONLY,648,0.0,setup_type,PD_POC_FADE_SHORT,60,13,0,59.89,50.63,41.98,36.25,80.17,-17.91,INSUFFICIENT
REAL_ONLY,648,0.0,setup_type,PD_POC_FADE_SHORT,120,13,0,68.17,58.75,17.69,28.25,74.16,-50.47,INSUFFICIENT
REAL_ONLY,648,0.0,setup_type,PD_POC_FADE_SHORT,240,13,0,62.87,50.50,30.94,69.75,141.50,-31.93,INSUFFICIENT
REAL_ONLY,648,0.0,setup_type,GLOBEX_VWAP_MAGNET_SHORT,15,44,0,53.41,47.50,38.40,29.00,70.83,-15.00,OK
REAL_ONLY,648,0.0,setup_type,GLOBEX_VWAP_MAGNET_SHORT,30,44,0,54.79,48.25,36.68,20.25,80.32,-18.11,OK
REAL_ONLY,648,0.0,setup_type,GLOBEX_VWAP_MAGNET_SHORT,60,44,0,59.89,50.63,10.99,0.63,77.87,-48.90,OK
REAL_ONLY,648,0.0,setup_type,GLOBEX_VWAP_MAGNET_SHORT,120,44,0,68.17,58.75,-16.17,-34.75,96.37,-84.34,OK
REAL_ONLY,648,0.0,setup_type,GLOBEX_VWAP_MAGNET_SHORT,240,44,0,62.87,50.50,-101.47,-112.38,113.50,-164.34,OK
REAL_ONLY,648,0.0,setup_type,PD_VAH_FADE_SHORT,15,12,0,53.41,47.50,51.10,59.50,32.22,-2.30,INSUFFICIENT
REAL_ONLY,648,0.0,setup_type,PD_VAH_FADE_SHORT,30,12,0,54.79,48.25,21.83,45.13,86.65,-32.96,INSUFFICIENT
REAL_ONLY,648,0.0,setup_type,PD_VAH_FADE_SHORT,60,12,0,59.89,50.63,34.90,34.25,87.64,-25.00,INSUFFICIENT
REAL_ONLY,648,0.0,setup_type,PD_VAH_FADE_SHORT,120,12,0,68.17,58.75,42.35,57.00,81.41,-25.81,INSUFFICIENT
REAL_ONLY,648,0.0,setup_type,PD_VAH_FADE_SHORT,240,12,0,62.87,50.50,61.02,45.13,108.54,-1.85,INSUFFICIENT
REAL_ONLY,648,0.0,setup_type,IB_LOW_FADE_LONG,15,12,0,53.41,47.50,107.23,103.13,92.72,53.82,INSUFFICIENT
REAL_ONLY,648,0.0,setup_type,IB_LOW_FADE_LONG,30,12,0,54.79,48.25,103.19,109.00,96.83,48.40,INSUFFICIENT
REAL_ONLY,648,0.0,setup_type,IB_LOW_FADE_LONG,60,12,0,59.89,50.63,131.17,137.00,138.70,71.27,INSUFFICIENT
REAL_ONLY,648,0.0,setup_type,IB_LOW_FADE_LONG,120,12,0,68.17,58.75,120.02,118.75,111.29,51.86,INSUFFICIENT
REAL_ONLY,648,0.0,setup_type,IB_LOW_FADE_LONG,240,12,0,62.87,50.50,77.60,33.50,167.40,14.74,INSUFFICIENT
REAL_ONLY,648,0.0,setup_type,OPEN_DRIVE_LONG,15,2,0,53.41,47.50,157.13,157.13,53.92,103.72,INSUFFICIENT
REAL_ONLY,648,0.0,setup_type,OPEN_DRIVE_LONG,30,2,0,54.79,48.25,182.38,182.38,64.52,127.59,INSUFFICIENT
REAL_ONLY,648,0.0,setup_type,OPEN_DRIVE_LONG,60,2,0,59.89,50.63,194.63,194.63,79.73,134.73,INSUFFICIENT
REAL_ONLY,648,0.0,setup_type,OPEN_DRIVE_LONG,120,2,0,68.17,58.75,248.25,248.25,67.18,180.08,INSUFFICIENT
REAL_ONLY,648,0.0,setup_type,OPEN_DRIVE_LONG,240,2,0,62.87,50.50,132.50,132.50,40.66,69.63,INSUFFICIENT
REAL_ONLY,648,0.0,setup_type,PD_VAH_FADE_LONG,15,3,0,53.41,47.50,34.50,47.50,65.97,-18.91,INSUFFICIENT
REAL_ONLY,648,0.0,setup_type,PD_VAH_FADE_LONG,30,3,0,54.79,48.25,53.25,60.00,30.69,-1.54,INSUFFICIENT
REAL_ONLY,648,0.0,setup_type,PD_VAH_FADE_LONG,60,3,0,59.89,50.63,13.50,55.25,81.35,-46.39,INSUFFICIENT
REAL_ONLY,648,0.0,setup_type,PD_VAH_FADE_LONG,120,3,0,68.17,58.75,17.00,65.75,88.80,-51.17,INSUFFICIENT
REAL_ONLY,648,0.0,setup_type,PD_VAH_FADE_LONG,240,3,0,62.87,50.50,-50.25,-73.50,122.29,-113.12,INSUFFICIENT
REAL_ONLY,648,0.0,setup_type,5D_OR_MID_FADE_LONG,15,4,0,53.41,47.50,140.56,143.50,89.95,87.16,INSUFFICIENT
REAL_ONLY,648,0.0,setup_type,5D_OR_MID_FADE_LONG,30,4,0,54.79,48.25,114.94,92.75,76.69,60.15,INSUFFICIENT
REAL_ONLY,648,0.0,setup_type,5D_OR_MID_FADE_LONG,60,4,0,59.89,50.63,113.88,73.13,90.18,53.98,INSUFFICIENT
REAL_ONLY,648,0.0,setup_type,5D_OR_MID_FADE_LONG,120,4,0,68.17,58.75,83.13,119.50,123.98,14.96,INSUFFICIENT
REAL_ONLY,648,0.0,setup_type,5D_OR_MID_FADE_LONG,240,4,0,62.87,50.50,191.94,199.75,101.31,129.07,INSUFFICIENT
REAL_ONLY,648,0.0,setup_type,TRT_LONG,15,1,0,53.41,47.50,80.75,80.75,undefined,27.34,INSUFFICIENT
REAL_ONLY,648,0.0,setup_type,TRT_LONG,30,1,0,54.79,48.25,126.50,126.50,undefined,71.71,INSUFFICIENT
REAL_ONLY,648,0.0,setup_type,TRT_LONG,60,1,0,59.89,50.63,146.50,146.50,undefined,86.61,INSUFFICIENT
REAL_ONLY,648,0.0,setup_type,TRT_LONG,120,1,0,68.17,58.75,156.00,156.00,undefined,87.83,INSUFFICIENT
REAL_ONLY,648,0.0,setup_type,TRT_LONG,240,1,0,62.87,50.50,160.00,160.00,undefined,97.13,INSUFFICIENT
REAL_ONLY,648,0.0,setup_type,STOP_SWEEP_LONG,15,19,0,53.41,47.50,10.76,32.25,93.12,-42.64,INSUFFICIENT
REAL_ONLY,648,0.0,setup_type,STOP_SWEEP_LONG,30,19,0,54.79,48.25,-24.87,3.50,128.29,-79.66,INSUFFICIENT
REAL_ONLY,648,0.0,setup_type,STOP_SWEEP_LONG,60,19,0,59.89,50.63,7.24,-25.00,213.43,-52.66,INSUFFICIENT
REAL_ONLY,648,0.0,setup_type,STOP_SWEEP_LONG,120,19,0,68.17,58.75,-24.16,27.25,197.28,-92.32,INSUFFICIENT
REAL_ONLY,648,0.0,setup_type,STOP_SWEEP_LONG,240,19,0,62.87,50.50,-29.51,-75.75,196.91,-92.38,INSUFFICIENT
REAL_ONLY,648,0.0,setup_type,PD_VAL_FADE_LONG,15,9,0,53.41,47.50,55.89,61.00,26.26,2.48,INSUFFICIENT
REAL_ONLY,648,0.0,setup_type,PD_VAL_FADE_LONG,30,9,0,54.79,48.25,72.89,68.50,39.30,18.10,INSUFFICIENT
REAL_ONLY,648,0.0,setup_type,PD_VAL_FADE_LONG,60,9,0,59.89,50.63,110.42,88.00,108.86,50.52,INSUFFICIENT
REAL_ONLY,648,0.0,setup_type,PD_VAL_FADE_LONG,120,9,0,68.17,58.75,85.17,64.75,57.34,17.00,INSUFFICIENT
REAL_ONLY,648,0.0,setup_type,PD_VAL_FADE_LONG,240,9,0,62.87,50.50,62.47,62.00,103.37,-0.40,INSUFFICIENT
REAL_ONLY,648,0.0,setup_type,VALUE_AREA_RESPONSIVE_LONG,15,4,0,53.41,47.50,84.50,63.50,105.62,31.09,INSUFFICIENT
REAL_ONLY,648,0.0,setup_type,VALUE_AREA_RESPONSIVE_LONG,30,4,0,54.79,48.25,129.44,151.75,156.26,74.65,INSUFFICIENT
REAL_ONLY,648,0.0,setup_type,VALUE_AREA_RESPONSIVE_LONG,60,4,0,59.89,50.63,4.75,15.00,124.91,-55.14,INSUFFICIENT
REAL_ONLY,648,0.0,setup_type,VALUE_AREA_RESPONSIVE_LONG,120,4,0,68.17,58.75,-293.31,-351.88,272.02,-361.48,INSUFFICIENT
REAL_ONLY,648,0.0,setup_type,VALUE_AREA_RESPONSIVE_LONG,240,4,0,62.87,50.50,-31.38,-30.75,278.65,-94.24,INSUFFICIENT
REAL_ONLY,648,0.0,setup_type,IB_MID_SCALP_FADE_SHORT,15,5,0,53.41,47.50,75.20,66.75,85.57,21.79,INSUFFICIENT
REAL_ONLY,648,0.0,setup_type,IB_MID_SCALP_FADE_SHORT,30,5,0,54.79,48.25,26.00,51.25,93.90,-28.79,INSUFFICIENT
REAL_ONLY,648,0.0,setup_type,IB_MID_SCALP_FADE_SHORT,60,5,0,59.89,50.63,-3.25,34.50,92.34,-63.14,INSUFFICIENT
REAL_ONLY,648,0.0,setup_type,IB_MID_SCALP_FADE_SHORT,120,5,0,68.17,58.75,32.60,15.50,39.30,-35.57,INSUFFICIENT
REAL_ONLY,648,0.0,setup_type,IB_MID_SCALP_FADE_SHORT,240,5,0,62.87,50.50,115.10,167.50,103.09,52.23,INSUFFICIENT
REAL_ONLY,648,0.0,setup_type,FLOOR_PIVOT_FADE_SHORT,15,2,0,53.41,47.50,34.38,34.38,92.45,-19.03,INSUFFICIENT
REAL_ONLY,648,0.0,setup_type,FLOOR_PIVOT_FADE_SHORT,30,2,0,54.79,48.25,43.25,43.25,153.44,-11.54,INSUFFICIENT
REAL_ONLY,648,0.0,setup_type,FLOOR_PIVOT_FADE_SHORT,60,2,0,59.89,50.63,98.75,98.75,120.92,38.86,INSUFFICIENT
REAL_ONLY,648,0.0,setup_type,FLOOR_PIVOT_FADE_SHORT,120,2,0,68.17,58.75,93.75,93.75,168.29,25.58,INSUFFICIENT
REAL_ONLY,648,0.0,setup_type,FLOOR_PIVOT_FADE_SHORT,240,2,0,62.87,50.50,71.25,71.25,362.75,8.38,INSUFFICIENT
REAL_ONLY,648,0.0,setup_type,FLOOR_S2_FADE_LONG,15,2,0,53.41,47.50,139.13,139.13,192.51,85.72,INSUFFICIENT
REAL_ONLY,648,0.0,setup_type,FLOOR_S2_FADE_LONG,30,2,0,54.79,48.25,189.88,189.88,121.09,135.09,INSUFFICIENT
REAL_ONLY,648,0.0,setup_type,FLOOR_S2_FADE_LONG,60,2,0,59.89,50.63,218.38,218.38,224.68,158.48,INSUFFICIENT
REAL_ONLY,648,0.0,setup_type,FLOOR_S2_FADE_LONG,120,2,0,68.17,58.75,162.63,162.63,200.29,94.46,INSUFFICIENT
REAL_ONLY,648,0.0,setup_type,FLOOR_S2_FADE_LONG,240,2,0,62.87,50.50,81.25,81.25,258.80,18.38,INSUFFICIENT
REAL_ONLY,648,0.0,setup_type,OR5_LOW_FADE_LONG,15,11,0,53.41,47.50,82.32,54.50,80.42,28.91,INSUFFICIENT
REAL_ONLY,648,0.0,setup_type,OR5_LOW_FADE_LONG,30,11,0,54.79,48.25,67.48,38.75,108.70,12.69,INSUFFICIENT
REAL_ONLY,648,0.0,setup_type,OR5_LOW_FADE_LONG,60,11,0,59.89,50.63,62.68,59.50,122.76,2.79,INSUFFICIENT
REAL_ONLY,648,0.0,setup_type,OR5_LOW_FADE_LONG,120,11,0,68.17,58.75,54.32,51.50,137.10,-13.85,INSUFFICIENT
REAL_ONLY,648,0.0,setup_type,OR5_LOW_FADE_LONG,240,11,0,62.87,50.50,68.61,48.25,180.65,5.75,INSUFFICIENT
REAL_ONLY,648,0.0,setup_type,OR5_LOW_FADE_SHORT,15,7,0,53.41,47.50,38.68,42.25,70.62,-14.73,INSUFFICIENT
REAL_ONLY,648,0.0,setup_type,OR5_LOW_FADE_SHORT,30,7,0,54.79,48.25,17.18,19.00,107.12,-37.61,INSUFFICIENT
REAL_ONLY,648,0.0,setup_type,OR5_LOW_FADE_SHORT,60,7,0,59.89,50.63,8.93,17.00,128.19,-50.96,INSUFFICIENT
REAL_ONLY,648,0.0,setup_type,OR5_LOW_FADE_SHORT,120,7,0,68.17,58.75,-30.43,-38.75,131.28,-98.59,INSUFFICIENT
REAL_ONLY,648,0.0,setup_type,OR5_LOW_FADE_SHORT,240,7,0,62.87,50.50,-7.50,14.50,132.50,-70.37,INSUFFICIENT
REAL_ONLY,648,0.0,setup_type,VWAP_MAGNET_LONG,15,48,0,53.41,47.50,22.52,33.00,73.36,-30.89,OK
REAL_ONLY,648,0.0,setup_type,VWAP_MAGNET_LONG,30,48,0,54.79,48.25,45.82,56.00,92.11,-8.97,OK
REAL_ONLY,648,0.0,setup_type,VWAP_MAGNET_LONG,60,48,0,59.89,50.63,94.29,103.75,123.57,34.40,OK
REAL_ONLY,648,0.0,setup_type,VWAP_MAGNET_LONG,120,48,0,68.17,58.75,181.34,228.88,156.80,113.18,OK
REAL_ONLY,648,0.0,setup_type,VWAP_MAGNET_LONG,240,48,0,62.87,50.50,237.39,323.50,196.00,174.52,OK
REAL_ONLY,648,0.0,setup_type,IB_HIGH_FADE_SHORT,15,21,0,53.41,47.50,63.17,52.25,53.86,9.76,OK
REAL_ONLY,648,0.0,setup_type,IB_HIGH_FADE_SHORT,30,21,0,54.79,48.25,58.45,50.25,59.64,3.66,OK
REAL_ONLY,648,0.0,setup_type,IB_HIGH_FADE_SHORT,60,21,0,59.89,50.63,70.71,82.75,69.43,10.82,OK
REAL_ONLY,648,0.0,setup_type,IB_HIGH_FADE_SHORT,120,21,0,68.17,58.75,80.00,84.25,104.00,11.83,OK
REAL_ONLY,648,0.0,setup_type,IB_HIGH_FADE_SHORT,240,21,0,62.87,50.50,66.62,64.75,147.38,3.75,OK
REAL_ONLY,648,0.0,setup_type,PD_VAL_FADE_SHORT,15,1,0,53.41,47.50,240.50,240.50,undefined,187.09,INSUFFICIENT
REAL_ONLY,648,0.0,setup_type,PD_VAL_FADE_SHORT,30,1,0,54.79,48.25,124.75,124.75,undefined,69.96,INSUFFICIENT
REAL_ONLY,648,0.0,setup_type,PD_VAL_FADE_SHORT,60,1,0,59.89,50.63,47.00,47.00,undefined,-12.89,INSUFFICIENT
REAL_ONLY,648,0.0,setup_type,PD_VAL_FADE_SHORT,120,1,0,68.17,58.75,84.75,84.75,undefined,16.58,INSUFFICIENT
REAL_ONLY,648,0.0,setup_type,PD_VAL_FADE_SHORT,240,1,0,62.87,50.50,224.25,224.25,undefined,161.38,INSUFFICIENT
REAL_ONLY,648,0.0,setup_type,IB_MID_SCALP_FADE_LONG,15,4,0,53.41,47.50,43.56,31.38,111.35,-9.84,INSUFFICIENT
REAL_ONLY,648,0.0,setup_type,IB_MID_SCALP_FADE_LONG,30,4,0,54.79,48.25,94.25,75.13,77.77,39.46,INSUFFICIENT
REAL_ONLY,648,0.0,setup_type,IB_MID_SCALP_FADE_LONG,60,4,0,59.89,50.63,111.00,113.25,79.65,51.11,INSUFFICIENT
REAL_ONLY,648,0.0,setup_type,IB_MID_SCALP_FADE_LONG,120,4,0,68.17,58.75,49.56,35.13,92.98,-18.60,INSUFFICIENT
REAL_ONLY,648,0.0,setup_type,IB_MID_SCALP_FADE_LONG,240,4,0,62.87,50.50,-88.50,-153.00,184.55,-151.37,INSUFFICIENT
REAL_ONLY,648,0.0,setup_type,OR5_MID_FADE_LONG,15,12,0,53.41,47.50,32.75,35.25,83.82,-20.66,INSUFFICIENT
REAL_ONLY,648,0.0,setup_type,OR5_MID_FADE_LONG,30,12,0,54.79,48.25,40.67,52.13,114.43,-14.12,INSUFFICIENT
REAL_ONLY,648,0.0,setup_type,OR5_MID_FADE_LONG,60,12,0,59.89,50.63,-12.33,10.75,132.58,-72.23,INSUFFICIENT
REAL_ONLY,648,0.0,setup_type,OR5_MID_FADE_LONG,120,12,0,68.17,58.75,3.85,43.88,164.92,-64.31,INSUFFICIENT
REAL_ONLY,648,0.0,setup_type,OR5_MID_FADE_LONG,240,12,0,62.87,50.50,44.67,79.63,161.21,-18.20,INSUFFICIENT
REAL_ONLY,648,0.0,setup_type,PD_POC_FADE_LONG,15,11,0,53.41,47.50,53.05,41.00,35.13,-0.36,INSUFFICIENT
REAL_ONLY,648,0.0,setup_type,PD_POC_FADE_LONG,30,11,0,54.79,48.25,48.43,39.75,37.17,-6.36,INSUFFICIENT
REAL_ONLY,648,0.0,setup_type,PD_POC_FADE_LONG,60,11,0,59.89,50.63,59.43,44.75,47.89,-0.46,INSUFFICIENT
REAL_ONLY,648,0.0,setup_type,PD_POC_FADE_LONG,120,11,0,68.17,58.75,63.32,67.00,104.44,-4.85,INSUFFICIENT
REAL_ONLY,648,0.0,setup_type,PD_POC_FADE_LONG,240,11,0,62.87,50.50,72.09,63.00,147.67,9.22,INSUFFICIENT
REAL_ONLY,648,0.0,setup_type,A_DOWN_WEAK,15,3,0,53.41,47.50,97.42,56.75,74.15,44.01,INSUFFICIENT
REAL_ONLY,648,0.0,setup_type,A_DOWN_WEAK,30,3,0,54.79,48.25,63.25,45.75,93.73,8.46,INSUFFICIENT
REAL_ONLY,648,0.0,setup_type,A_DOWN_WEAK,60,3,0,59.89,50.63,105.83,71.25,68.29,45.94,INSUFFICIENT
REAL_ONLY,648,0.0,setup_type,A_DOWN_WEAK,120,3,0,68.17,58.75,125.42,101.00,59.74,57.25,INSUFFICIENT
REAL_ONLY,648,0.0,setup_type,A_DOWN_WEAK,240,3,0,62.87,50.50,231.58,216.00,47.82,168.72,INSUFFICIENT
REAL_ONLY,648,0.0,setup_type,IB_HIGH_FADE_LONG,15,8,0,53.41,47.50,-5.72,-3.00,35.14,-59.13,INSUFFICIENT
REAL_ONLY,648,0.0,setup_type,IB_HIGH_FADE_LONG,30,8,0,54.79,48.25,-16.75,-23.38,46.69,-71.54,INSUFFICIENT
REAL_ONLY,648,0.0,setup_type,IB_HIGH_FADE_LONG,60,8,0,59.89,50.63,-25.22,-32.50,94.45,-85.11,INSUFFICIENT
REAL_ONLY,648,0.0,setup_type,IB_HIGH_FADE_LONG,120,8,0,68.17,58.75,25.91,3.63,64.02,-42.26,INSUFFICIENT
REAL_ONLY,648,0.0,setup_type,IB_HIGH_FADE_LONG,240,8,0,62.87,50.50,-76.78,-56.00,58.22,-139.65,INSUFFICIENT
REAL_ONLY,648,0.0,setup_type,PD_LOW_FADE_LONG,15,2,0,53.41,47.50,-28.38,-28.38,49.67,-81.78,INSUFFICIENT
REAL_ONLY,648,0.0,setup_type,PD_LOW_FADE_LONG,30,2,0,54.79,48.25,-0.63,-0.63,56.04,-55.41,INSUFFICIENT
REAL_ONLY,648,0.0,setup_type,PD_LOW_FADE_LONG,60,2,0,59.89,50.63,-25.38,-25.38,172.00,-85.27,INSUFFICIENT
REAL_ONLY,648,0.0,setup_type,PD_LOW_FADE_LONG,120,2,0,68.17,58.75,121.50,121.50,133.29,53.33,INSUFFICIENT
REAL_ONLY,648,0.0,setup_type,PD_LOW_FADE_LONG,240,2,0,62.87,50.50,-125.63,-125.63,0.18,-188.49,INSUFFICIENT
REAL_ONLY,648,0.0,setup_type,PW_POC_FADE_LONG,15,2,0,53.41,47.50,53.75,53.75,52.33,0.34,INSUFFICIENT
REAL_ONLY,648,0.0,setup_type,PW_POC_FADE_LONG,30,2,0,54.79,48.25,48.25,48.25,1.77,-6.54,INSUFFICIENT
REAL_ONLY,648,0.0,setup_type,PW_POC_FADE_LONG,60,2,0,59.89,50.63,-13.88,-13.88,98.46,-73.77,INSUFFICIENT
REAL_ONLY,648,0.0,setup_type,PW_POC_FADE_LONG,120,2,0,68.17,58.75,-22.25,-22.25,86.62,-90.42,INSUFFICIENT
REAL_ONLY,648,0.0,setup_type,PW_POC_FADE_LONG,240,2,0,62.87,50.50,-95.38,-95.38,165.64,-158.24,INSUFFICIENT
REAL_ONLY,648,0.0,setup_type,CAM_S3_FADE_LONG,15,3,0,53.41,47.50,59.92,61.00,33.64,6.51,INSUFFICIENT
REAL_ONLY,648,0.0,setup_type,CAM_S3_FADE_LONG,30,3,0,54.79,48.25,38.58,30.75,23.74,-16.21,INSUFFICIENT
REAL_ONLY,648,0.0,setup_type,CAM_S3_FADE_LONG,60,3,0,59.89,50.63,22.83,8.00,57.70,-37.06,INSUFFICIENT
REAL_ONLY,648,0.0,setup_type,CAM_S3_FADE_LONG,120,3,0,68.17,58.75,53.42,68.00,64.87,-14.75,INSUFFICIENT
REAL_ONLY,648,0.0,setup_type,CAM_S3_FADE_LONG,240,3,0,62.87,50.50,12.00,48.25,82.34,-50.87,INSUFFICIENT
REAL_ONLY,648,0.0,setup_type,PM_LOW_FADE_SHORT,15,2,0,53.41,47.50,109.13,109.13,69.12,55.72,INSUFFICIENT
REAL_ONLY,648,0.0,setup_type,PM_LOW_FADE_SHORT,30,2,0,54.79,48.25,142.25,142.25,88.03,87.46,INSUFFICIENT
REAL_ONLY,648,0.0,setup_type,PM_LOW_FADE_SHORT,60,2,0,59.89,50.63,112.50,112.50,34.65,52.61,INSUFFICIENT
REAL_ONLY,648,0.0,setup_type,PM_LOW_FADE_SHORT,120,2,0,68.17,58.75,125.00,125.00,56.57,56.83,INSUFFICIENT
REAL_ONLY,648,0.0,setup_type,PM_LOW_FADE_SHORT,240,2,0,62.87,50.50,145.50,145.50,109.25,82.63,INSUFFICIENT
REAL_ONLY,648,0.0,setup_type,PW_LOW_FADE_SHORT,15,1,0,53.41,47.50,71.75,71.75,undefined,18.34,INSUFFICIENT
REAL_ONLY,648,0.0,setup_type,PW_LOW_FADE_SHORT,30,1,0,54.79,48.25,70.50,70.50,undefined,15.71,INSUFFICIENT
REAL_ONLY,648,0.0,setup_type,PW_LOW_FADE_SHORT,60,1,0,59.89,50.63,73.50,73.50,undefined,13.61,INSUFFICIENT
REAL_ONLY,648,0.0,setup_type,PW_LOW_FADE_SHORT,120,1,0,68.17,58.75,110.00,110.00,undefined,41.83,INSUFFICIENT
REAL_ONLY,648,0.0,setup_type,PW_LOW_FADE_SHORT,240,1,0,62.87,50.50,219.25,219.25,undefined,156.38,INSUFFICIENT
REAL_ONLY,648,0.0,setup_type,CAM_S2_FADE_SHORT,15,3,0,53.41,47.50,94.75,91.25,45.85,41.34,INSUFFICIENT
REAL_ONLY,648,0.0,setup_type,CAM_S2_FADE_SHORT,30,3,0,54.79,48.25,90.25,56.50,62.17,35.46,INSUFFICIENT
REAL_ONLY,648,0.0,setup_type,CAM_S2_FADE_SHORT,60,3,0,59.89,50.63,97.83,115.00,42.44,37.94,INSUFFICIENT
REAL_ONLY,648,0.0,setup_type,CAM_S2_FADE_SHORT,120,3,0,68.17,58.75,91.42,101.50,25.19,23.25,INSUFFICIENT
REAL_ONLY,648,0.0,setup_type,CAM_S2_FADE_SHORT,240,3,0,62.87,50.50,151.50,187.00,63.88,88.63,INSUFFICIENT
REAL_ONLY,648,0.0,setup_type,CAM_S3_FADE_SHORT,15,5,0,53.41,47.50,91.20,66.25,82.59,37.79,INSUFFICIENT
REAL_ONLY,648,0.0,setup_type,CAM_S3_FADE_SHORT,30,5,0,54.79,48.25,91.45,91.25,33.64,36.66,INSUFFICIENT
REAL_ONLY,648,0.0,setup_type,CAM_S3_FADE_SHORT,60,5,0,59.89,50.63,57.95,38.75,28.77,-1.94,INSUFFICIENT
REAL_ONLY,648,0.0,setup_type,CAM_S3_FADE_SHORT,120,5,0,68.17,58.75,82.65,96.00,30.83,14.48,INSUFFICIENT
REAL_ONLY,648,0.0,setup_type,CAM_S3_FADE_SHORT,240,5,0,62.87,50.50,70.30,126.75,144.74,7.43,INSUFFICIENT
REAL_ONLY,648,0.0,setup_type,WEEKLY_VWAP_FADE_SHORT,15,1,0,53.41,47.50,49.00,49.00,undefined,-4.41,INSUFFICIENT
REAL_ONLY,648,0.0,setup_type,WEEKLY_VWAP_FADE_SHORT,30,1,0,54.79,48.25,54.75,54.75,undefined,-0.04,INSUFFICIENT
REAL_ONLY,648,0.0,setup_type,WEEKLY_VWAP_FADE_SHORT,60,1,0,59.89,50.63,47.75,47.75,undefined,-12.14,INSUFFICIENT
REAL_ONLY,648,0.0,setup_type,WEEKLY_VWAP_FADE_SHORT,120,1,0,68.17,58.75,108.25,108.25,undefined,40.08,INSUFFICIENT
REAL_ONLY,648,0.0,setup_type,WEEKLY_VWAP_FADE_SHORT,240,1,0,62.87,50.50,185.25,185.25,undefined,122.38,INSUFFICIENT
REAL_ONLY,648,0.0,setup_type,ONL_FADE_LONG,15,1,0,53.41,47.50,141.75,141.75,undefined,88.34,INSUFFICIENT
REAL_ONLY,648,0.0,setup_type,ONL_FADE_LONG,30,1,0,54.79,48.25,214.00,214.00,undefined,159.21,INSUFFICIENT
REAL_ONLY,648,0.0,setup_type,ONL_FADE_LONG,60,1,0,59.89,50.63,161.75,161.75,undefined,101.86,INSUFFICIENT
REAL_ONLY,648,0.0,setup_type,ONL_FADE_LONG,120,1,0,68.17,58.75,140.25,140.25,undefined,72.08,INSUFFICIENT
REAL_ONLY,648,0.0,setup_type,ONL_FADE_LONG,240,1,0,62.87,50.50,143.25,143.25,undefined,80.38,INSUFFICIENT
REAL_ONLY,648,0.0,setup_type,FLOOR_S1_FADE_SHORT,15,1,0,53.41,47.50,69.50,69.50,undefined,16.09,INSUFFICIENT
REAL_ONLY,648,0.0,setup_type,FLOOR_S1_FADE_SHORT,30,1,0,54.79,48.25,-90.50,-90.50,undefined,-145.29,INSUFFICIENT
REAL_ONLY,648,0.0,setup_type,FLOOR_S1_FADE_SHORT,60,1,0,59.89,50.63,-155.50,-155.50,undefined,-215.39,INSUFFICIENT
REAL_ONLY,648,0.0,setup_type,FLOOR_S1_FADE_SHORT,120,1,0,68.17,58.75,-175.75,-175.75,undefined,-243.92,INSUFFICIENT
REAL_ONLY,648,0.0,setup_type,FLOOR_S1_FADE_SHORT,240,1,0,62.87,50.50,-80.00,-80.00,undefined,-142.87,INSUFFICIENT
REAL_ONLY,648,0.0,setup_type,CAM_S4_FADE_LONG,15,1,0,53.41,47.50,167.50,167.50,undefined,114.09,INSUFFICIENT
REAL_ONLY,648,0.0,setup_type,CAM_S4_FADE_LONG,30,1,0,54.79,48.25,189.75,189.75,undefined,134.96,INSUFFICIENT
REAL_ONLY,648,0.0,setup_type,CAM_S4_FADE_LONG,60,1,0,59.89,50.63,197.25,197.25,undefined,137.36,INSUFFICIENT
REAL_ONLY,648,0.0,setup_type,CAM_S4_FADE_LONG,120,1,0,68.17,58.75,168.25,168.25,undefined,100.08,INSUFFICIENT
REAL_ONLY,648,0.0,setup_type,CAM_S4_FADE_LONG,240,1,0,62.87,50.50,173.50,173.50,undefined,110.63,INSUFFICIENT
REAL_ONLY,648,0.0,setup_type,ONL_FADE_SHORT,15,3,0,53.41,47.50,22.00,14.00,37.15,-31.41,INSUFFICIENT
REAL_ONLY,648,0.0,setup_type,ONL_FADE_SHORT,30,3,0,54.79,48.25,52.58,34.00,179.10,-2.21,INSUFFICIENT
REAL_ONLY,648,0.0,setup_type,ONL_FADE_SHORT,60,3,0,59.89,50.63,65.83,187.00,226.96,5.94,INSUFFICIENT
REAL_ONLY,648,0.0,setup_type,ONL_FADE_SHORT,120,3,0,68.17,58.75,37.92,110.25,225.86,-30.25,INSUFFICIENT
REAL_ONLY,648,0.0,setup_type,ONL_FADE_SHORT,240,3,0,62.87,50.50,107.75,224.50,207.87,44.88,INSUFFICIENT
REAL_ONLY,648,0.0,setup_type,WS1_FADE_SHORT_OVERNIGHT,15,2,0,53.41,47.50,77.25,77.25,68.24,23.84,INSUFFICIENT
REAL_ONLY,648,0.0,setup_type,WS1_FADE_SHORT_OVERNIGHT,30,2,0,54.79,48.25,15.13,15.13,67.71,-39.66,INSUFFICIENT
REAL_ONLY,648,0.0,setup_type,WS1_FADE_SHORT_OVERNIGHT,60,2,0,59.89,50.63,-95.38,-95.38,30.58,-155.27,INSUFFICIENT
REAL_ONLY,648,0.0,setup_type,WS1_FADE_SHORT_OVERNIGHT,120,2,0,68.17,58.75,-90.50,-90.50,138.59,-158.67,INSUFFICIENT
REAL_ONLY,648,0.0,setup_type,WS1_FADE_SHORT_OVERNIGHT,240,2,0,62.87,50.50,-27.63,-27.63,52.15,-90.49,INSUFFICIENT
REAL_ONLY,648,0.0,setup_type,CAM_S2_FADE_LONG_TRAIL,15,2,0,53.41,47.50,25.75,25.75,32.17,-27.66,INSUFFICIENT
REAL_ONLY,648,0.0,setup_type,CAM_S2_FADE_LONG_TRAIL,30,2,0,54.79,48.25,65.38,65.38,28.81,10.59,INSUFFICIENT
REAL_ONLY,648,0.0,setup_type,CAM_S2_FADE_LONG_TRAIL,60,2,0,59.89,50.63,49.75,49.75,9.90,-10.14,INSUFFICIENT
REAL_ONLY,648,0.0,setup_type,CAM_S2_FADE_LONG_TRAIL,120,2,0,68.17,58.75,24.25,24.25,59.04,-43.92,INSUFFICIENT
REAL_ONLY,648,0.0,setup_type,CAM_S2_FADE_LONG_TRAIL,240,2,0,62.87,50.50,-29.00,-29.00,58.69,-91.87,INSUFFICIENT
REAL_ONLY,648,0.0,setup_type,FLOOR_PIVOT_FADE_LONG,15,1,0,53.41,47.50,59.25,59.25,undefined,5.84,INSUFFICIENT
REAL_ONLY,648,0.0,setup_type,FLOOR_PIVOT_FADE_LONG,30,1,0,54.79,48.25,31.75,31.75,undefined,-23.04,INSUFFICIENT
REAL_ONLY,648,0.0,setup_type,FLOOR_PIVOT_FADE_LONG,60,1,0,59.89,50.63,47.00,47.00,undefined,-12.89,INSUFFICIENT
REAL_ONLY,648,0.0,setup_type,FLOOR_PIVOT_FADE_LONG,120,1,0,68.17,58.75,146.25,146.25,undefined,78.08,INSUFFICIENT
REAL_ONLY,648,0.0,setup_type,FLOOR_PIVOT_FADE_LONG,240,1,0,62.87,50.50,238.50,238.50,undefined,175.63,INSUFFICIENT
REAL_ONLY,648,0.0,setup_type,FLOOR_R1_FADE_SHORT_TRAIL,15,1,0,53.41,47.50,104.25,104.25,undefined,50.84,INSUFFICIENT
REAL_ONLY,648,0.0,setup_type,FLOOR_R1_FADE_SHORT_TRAIL,30,1,0,54.79,48.25,123.00,123.00,undefined,68.21,INSUFFICIENT
REAL_ONLY,648,0.0,setup_type,FLOOR_R1_FADE_SHORT_TRAIL,60,1,0,59.89,50.63,144.00,144.00,undefined,84.11,INSUFFICIENT
REAL_ONLY,648,0.0,setup_type,FLOOR_R1_FADE_SHORT_TRAIL,120,1,0,68.17,58.75,186.00,186.00,undefined,117.83,INSUFFICIENT
REAL_ONLY,648,0.0,setup_type,FLOOR_R1_FADE_SHORT_TRAIL,240,1,0,62.87,50.50,289.50,289.50,undefined,226.63,INSUFFICIENT
REAL_ONLY,648,0.0,setup_type,STOP_SWEEP_SHORT,15,9,0,53.41,47.50,-7.00,-16.00,27.88,-60.41,INSUFFICIENT
REAL_ONLY,648,0.0,setup_type,STOP_SWEEP_SHORT,30,9,0,54.79,48.25,-1.17,-8.00,43.82,-55.96,INSUFFICIENT
REAL_ONLY,648,0.0,setup_type,STOP_SWEEP_SHORT,60,9,0,59.89,50.63,43.72,50.25,80.88,-16.17,INSUFFICIENT
REAL_ONLY,648,0.0,setup_type,STOP_SWEEP_SHORT,120,9,0,68.17,58.75,82.39,131.50,106.55,14.22,INSUFFICIENT
REAL_ONLY,648,0.0,setup_type,STOP_SWEEP_SHORT,240,9,0,62.87,50.50,-39.44,-49.00,39.56,-102.31,INSUFFICIENT
REAL_ONLY,648,0.0,setup_type,PD_IB_HIGH_FADE_LONG,15,1,0,53.41,47.50,104.75,104.75,undefined,51.34,INSUFFICIENT
REAL_ONLY,648,0.0,setup_type,PD_IB_HIGH_FADE_LONG,30,1,0,54.79,48.25,89.00,89.00,undefined,34.21,INSUFFICIENT
REAL_ONLY,648,0.0,setup_type,PD_IB_HIGH_FADE_LONG,60,1,0,59.89,50.63,116.25,116.25,undefined,56.36,INSUFFICIENT
REAL_ONLY,648,0.0,setup_type,PD_IB_HIGH_FADE_LONG,120,1,0,68.17,58.75,156.75,156.75,undefined,88.58,INSUFFICIENT
REAL_ONLY,648,0.0,setup_type,PD_IB_HIGH_FADE_LONG,240,1,0,62.87,50.50,121.00,121.00,undefined,58.13,INSUFFICIENT
REAL_ONLY,648,0.0,setup_type,PW_VAL_FADE_LONG,15,1,0,53.41,47.50,68.25,68.25,undefined,14.84,INSUFFICIENT
REAL_ONLY,648,0.0,setup_type,PW_VAL_FADE_LONG,30,1,0,54.79,48.25,65.75,65.75,undefined,10.96,INSUFFICIENT
REAL_ONLY,648,0.0,setup_type,PW_VAL_FADE_LONG,60,1,0,59.89,50.63,92.25,92.25,undefined,32.36,INSUFFICIENT
REAL_ONLY,648,0.0,setup_type,PW_VAL_FADE_LONG,120,1,0,68.17,58.75,109.25,109.25,undefined,41.08,INSUFFICIENT
REAL_ONLY,648,0.0,setup_type,PW_VAL_FADE_LONG,240,1,0,62.87,50.50,88.00,88.00,undefined,25.13,INSUFFICIENT
REAL_ONLY,648,0.0,setup_type,OR5_MID_FADE_SHORT,15,6,0,53.41,47.50,83.29,54.75,71.09,29.88,INSUFFICIENT
REAL_ONLY,648,0.0,setup_type,OR5_MID_FADE_SHORT,30,6,0,54.79,48.25,104.63,92.00,113.37,49.84,INSUFFICIENT
REAL_ONLY,648,0.0,setup_type,OR5_MID_FADE_SHORT,60,6,0,59.89,50.63,144.33,76.13,188.79,84.44,INSUFFICIENT
REAL_ONLY,648,0.0,setup_type,OR5_MID_FADE_SHORT,120,6,0,68.17,58.75,179.58,130.63,165.70,111.42,INSUFFICIENT
REAL_ONLY,648,0.0,setup_type,OR5_MID_FADE_SHORT,240,6,0,62.87,50.50,193.92,259.63,153.55,131.05,INSUFFICIENT
REAL_ONLY,648,0.0,setup_type,IB_BULLISH,15,48,0,53.41,47.50,47.40,47.00,35.54,-6.01,OK
REAL_ONLY,648,0.0,setup_type,IB_BULLISH,30,48,0,54.79,48.25,48.64,45.88,46.96,-6.15,OK
REAL_ONLY,648,0.0,setup_type,IB_BULLISH,60,48,0,59.89,50.63,44.37,45.13,57.87,-15.52,OK
REAL_ONLY,648,0.0,setup_type,IB_BULLISH,120,48,0,68.17,58.75,57.01,68.63,80.23,-11.16,OK
REAL_ONLY,648,0.0,setup_type,IB_BULLISH,240,48,0,62.87,50.50,102.63,77.38,106.04,39.76,OK
REAL_ONLY,648,0.0,setup_type,PD_OR_MID_FADE_LONG,15,4,0,53.41,47.50,88.31,85.13,22.19,34.91,INSUFFICIENT
REAL_ONLY,648,0.0,setup_type,PD_OR_MID_FADE_LONG,30,4,0,54.79,48.25,49.69,34.88,63.82,-5.10,INSUFFICIENT
REAL_ONLY,648,0.0,setup_type,PD_OR_MID_FADE_LONG,60,4,0,59.89,50.63,120.81,120.25,70.80,60.92,INSUFFICIENT
REAL_ONLY,648,0.0,setup_type,PD_OR_MID_FADE_LONG,120,4,0,68.17,58.75,179.19,174.63,28.40,111.02,INSUFFICIENT
REAL_ONLY,648,0.0,setup_type,PD_OR_MID_FADE_LONG,240,4,0,62.87,50.50,177.50,181.25,73.78,114.63,INSUFFICIENT
REAL_ONLY,648,0.0,setup_type,FAILED_AUCTION_LONG,15,11,0,53.41,47.50,57.64,55.50,57.44,4.23,INSUFFICIENT
REAL_ONLY,648,0.0,setup_type,FAILED_AUCTION_LONG,30,11,0,54.79,48.25,67.75,42.50,77.83,12.96,INSUFFICIENT
REAL_ONLY,648,0.0,setup_type,FAILED_AUCTION_LONG,60,11,0,59.89,50.63,96.89,63.50,90.54,36.99,INSUFFICIENT
REAL_ONLY,648,0.0,setup_type,FAILED_AUCTION_LONG,120,11,0,68.17,58.75,112.00,136.50,83.87,43.83,INSUFFICIENT
REAL_ONLY,648,0.0,setup_type,FAILED_AUCTION_LONG,240,11,0,62.87,50.50,124.77,122.25,87.33,61.90,INSUFFICIENT
REAL_ONLY,648,0.0,setup_type,10D_IB_MID_FADE_LONG,15,1,0,53.41,47.50,128.00,128.00,undefined,74.59,INSUFFICIENT
REAL_ONLY,648,0.0,setup_type,10D_IB_MID_FADE_LONG,30,1,0,54.79,48.25,159.00,159.00,undefined,104.21,INSUFFICIENT
REAL_ONLY,648,0.0,setup_type,10D_IB_MID_FADE_LONG,60,1,0,59.89,50.63,73.50,73.50,undefined,13.61,INSUFFICIENT
REAL_ONLY,648,0.0,setup_type,10D_IB_MID_FADE_LONG,120,1,0,68.17,58.75,82.25,82.25,undefined,14.08,INSUFFICIENT
REAL_ONLY,648,0.0,setup_type,10D_IB_MID_FADE_LONG,240,1,0,62.87,50.50,259.25,259.25,undefined,196.38,INSUFFICIENT
REAL_ONLY,648,0.0,setup_type,GLOBEX_VWAP_MAGNET_LONG,15,51,0,53.41,47.50,21.33,23.25,76.83,-32.07,OK
REAL_ONLY,648,0.0,setup_type,GLOBEX_VWAP_MAGNET_LONG,30,51,0,54.79,48.25,49.71,64.00,100.81,-5.08,OK
REAL_ONLY,648,0.0,setup_type,GLOBEX_VWAP_MAGNET_LONG,60,51,0,59.89,50.63,95.44,153.25,130.83,35.55,OK
REAL_ONLY,648,0.0,setup_type,GLOBEX_VWAP_MAGNET_LONG,120,51,0,68.17,58.75,200.91,229.50,150.12,132.75,OK
REAL_ONLY,648,0.0,setup_type,GLOBEX_VWAP_MAGNET_LONG,240,51,0,62.87,50.50,196.26,303.25,251.33,133.40,OK
REAL_ONLY,648,0.0,setup_type,GLOBEX_VWAP_FADE_SHORT,15,15,0,53.41,47.50,34.88,38.00,79.73,-18.52,INSUFFICIENT
REAL_ONLY,648,0.0,setup_type,GLOBEX_VWAP_FADE_SHORT,30,15,0,54.79,48.25,29.02,39.25,115.41,-25.77,INSUFFICIENT
REAL_ONLY,648,0.0,setup_type,GLOBEX_VWAP_FADE_SHORT,60,15,0,59.89,50.63,13.93,13.50,159.10,-45.96,INSUFFICIENT
REAL_ONLY,648,0.0,setup_type,GLOBEX_VWAP_FADE_SHORT,120,15,0,68.17,58.75,-4.48,-7.00,127.98,-72.65,INSUFFICIENT
REAL_ONLY,648,0.0,setup_type,GLOBEX_VWAP_FADE_SHORT,240,15,0,62.87,50.50,16.17,21.75,141.91,-46.70,INSUFFICIENT
REAL_ONLY,648,0.0,setup_type,PD2_VAL_FADE_SHORT,15,3,0,53.41,47.50,96.00,41.00,140.33,42.59,INSUFFICIENT
REAL_ONLY,648,0.0,setup_type,PD2_VAL_FADE_SHORT,30,3,0,54.79,48.25,101.58,38.00,139.23,46.79,INSUFFICIENT
REAL_ONLY,648,0.0,setup_type,PD2_VAL_FADE_SHORT,60,3,0,59.89,50.63,134.58,31.50,223.71,74.69,INSUFFICIENT
REAL_ONLY,648,0.0,setup_type,PD2_VAL_FADE_SHORT,120,3,0,68.17,58.75,117.67,-23.00,254.54,49.50,INSUFFICIENT
REAL_ONLY,648,0.0,setup_type,PD2_VAL_FADE_SHORT,240,3,0,62.87,50.50,127.33,22.25,184.18,64.47,INSUFFICIENT
REAL_ONLY,648,0.0,setup_type,PD_OR_MID_FADE_SHORT,15,1,0,53.41,47.50,212.00,212.00,undefined,158.59,INSUFFICIENT
REAL_ONLY,648,0.0,setup_type,PD_OR_MID_FADE_SHORT,30,1,0,54.79,48.25,211.00,211.00,undefined,156.21,INSUFFICIENT
REAL_ONLY,648,0.0,setup_type,PD_OR_MID_FADE_SHORT,60,1,0,59.89,50.63,358.75,358.75,undefined,298.86,INSUFFICIENT
REAL_ONLY,648,0.0,setup_type,PD_OR_MID_FADE_SHORT,120,1,0,68.17,58.75,379.50,379.50,undefined,311.33,INSUFFICIENT
REAL_ONLY,648,0.0,setup_type,PD_OR_MID_FADE_SHORT,240,1,0,62.87,50.50,286.75,286.75,undefined,223.88,INSUFFICIENT
REAL_ONLY,648,0.0,setup_type,CAM_R1_FADE_SHORT,15,1,0,53.41,47.50,237.25,237.25,undefined,183.84,INSUFFICIENT
REAL_ONLY,648,0.0,setup_type,CAM_R1_FADE_SHORT,30,1,0,54.79,48.25,243.00,243.00,undefined,188.21,INSUFFICIENT
REAL_ONLY,648,0.0,setup_type,CAM_R1_FADE_SHORT,60,1,0,59.89,50.63,373.00,373.00,undefined,313.11,INSUFFICIENT
REAL_ONLY,648,0.0,setup_type,CAM_R1_FADE_SHORT,120,1,0,68.17,58.75,393.25,393.25,undefined,325.08,INSUFFICIENT
REAL_ONLY,648,0.0,setup_type,CAM_R1_FADE_SHORT,240,1,0,62.87,50.50,321.75,321.75,undefined,258.88,INSUFFICIENT
REAL_ONLY,648,0.0,setup_type,CAM_S1_FADE_LONG,15,1,0,53.41,47.50,-127.00,-127.00,undefined,-180.41,INSUFFICIENT
REAL_ONLY,648,0.0,setup_type,CAM_S1_FADE_LONG,30,1,0,54.79,48.25,-212.75,-212.75,undefined,-267.54,INSUFFICIENT
REAL_ONLY,648,0.0,setup_type,CAM_S1_FADE_LONG,60,1,0,59.89,50.63,-333.75,-333.75,undefined,-393.64,INSUFFICIENT
REAL_ONLY,648,0.0,setup_type,CAM_S1_FADE_LONG,120,1,0,68.17,58.75,-336.75,-336.75,undefined,-404.92,INSUFFICIENT
REAL_ONLY,648,0.0,setup_type,CAM_S1_FADE_LONG,240,1,0,62.87,50.50,-185.00,-185.00,undefined,-247.87,INSUFFICIENT
REAL_ONLY,648,0.0,setup_type,FLOOR_R1_FADE_LONG,15,6,0,53.41,47.50,109.83,79.63,83.98,56.43,INSUFFICIENT
REAL_ONLY,648,0.0,setup_type,FLOOR_R1_FADE_LONG,30,6,0,54.79,48.25,98.71,82.00,128.56,43.92,INSUFFICIENT
REAL_ONLY,648,0.0,setup_type,FLOOR_R1_FADE_LONG,60,6,0,59.89,50.63,156.54,109.50,136.72,96.65,INSUFFICIENT
REAL_ONLY,648,0.0,setup_type,FLOOR_R1_FADE_LONG,120,6,0,68.17,58.75,155.00,136.50,85.97,86.83,INSUFFICIENT
REAL_ONLY,648,0.0,setup_type,FLOOR_R1_FADE_LONG,240,6,0,62.87,50.50,140.17,83.50,151.22,77.30,INSUFFICIENT
REAL_ONLY,648,0.0,setup_type,WS1_FADE_LONG,15,1,0,53.41,47.50,241.50,241.50,undefined,188.09,INSUFFICIENT
REAL_ONLY,648,0.0,setup_type,WS1_FADE_LONG,30,1,0,54.79,48.25,234.25,234.25,undefined,179.46,INSUFFICIENT
REAL_ONLY,648,0.0,setup_type,WS1_FADE_LONG,60,1,0,59.89,50.63,326.00,326.00,undefined,266.11,INSUFFICIENT
REAL_ONLY,648,0.0,setup_type,WS1_FADE_LONG,120,1,0,68.17,58.75,208.00,208.00,undefined,139.83,INSUFFICIENT
REAL_ONLY,648,0.0,setup_type,WS1_FADE_LONG,240,1,0,62.87,50.50,316.00,316.00,undefined,253.13,INSUFFICIENT
REAL_ONLY,648,0.0,setup_type,STACK_VOL_BREAK_LIVE_SHORT,15,4,0,53.41,47.50,103.19,93.50,69.08,49.78,INSUFFICIENT
REAL_ONLY,648,0.0,setup_type,STACK_VOL_BREAK_LIVE_SHORT,30,4,0,54.79,48.25,107.31,56.25,188.83,52.52,INSUFFICIENT
REAL_ONLY,648,0.0,setup_type,STACK_VOL_BREAK_LIVE_SHORT,60,4,0,59.89,50.63,106.81,-16.88,267.50,46.92,INSUFFICIENT
REAL_ONLY,648,0.0,setup_type,STACK_VOL_BREAK_LIVE_SHORT,120,4,0,68.17,58.75,43.50,-22.13,194.74,-24.67,INSUFFICIENT
REAL_ONLY,648,0.0,setup_type,STACK_VOL_BREAK_LIVE_SHORT,240,4,0,62.87,50.50,20.25,-21.63,132.14,-42.62,INSUFFICIENT
REAL_ONLY,648,0.0,setup_type,WR2_FADE_LONG,15,1,0,53.41,47.50,82.25,82.25,undefined,28.84,INSUFFICIENT
REAL_ONLY,648,0.0,setup_type,WR2_FADE_LONG,30,1,0,54.79,48.25,95.25,95.25,undefined,40.46,INSUFFICIENT
REAL_ONLY,648,0.0,setup_type,WR2_FADE_LONG,60,1,0,59.89,50.63,147.50,147.50,undefined,87.61,INSUFFICIENT
REAL_ONLY,648,0.0,setup_type,WR2_FADE_LONG,120,1,0,68.17,58.75,228.00,228.00,undefined,159.83,INSUFFICIENT
REAL_ONLY,648,0.0,setup_type,WR2_FADE_LONG,240,1,0,62.87,50.50,382.00,382.00,undefined,319.13,INSUFFICIENT
REAL_ONLY,648,0.0,setup_type,FLOOR_R3_FADE_LONG,15,3,0,53.41,47.50,50.33,42.00,14.43,-3.07,INSUFFICIENT
REAL_ONLY,648,0.0,setup_type,FLOOR_R3_FADE_LONG,30,3,0,54.79,48.25,35.42,40.75,22.24,-19.37,INSUFFICIENT
REAL_ONLY,648,0.0,setup_type,FLOOR_R3_FADE_LONG,60,3,0,59.89,50.63,75.58,83.50,28.22,15.69,INSUFFICIENT
REAL_ONLY,648,0.0,setup_type,FLOOR_R3_FADE_LONG,120,3,0,68.17,58.75,80.42,54.75,51.09,12.25,INSUFFICIENT
REAL_ONLY,648,0.0,setup_type,FLOOR_R3_FADE_LONG,240,3,0,62.87,50.50,59.83,59.00,16.27,-3.03,INSUFFICIENT
REAL_ONLY,648,0.0,setup_type,PD_IB_HIGH_FADE_SHORT,15,1,0,53.41,47.50,84.00,84.00,undefined,30.59,INSUFFICIENT
REAL_ONLY,648,0.0,setup_type,PD_IB_HIGH_FADE_SHORT,30,1,0,54.79,48.25,119.75,119.75,undefined,64.96,INSUFFICIENT
REAL_ONLY,648,0.0,setup_type,PD_IB_HIGH_FADE_SHORT,60,1,0,59.89,50.63,12.25,12.25,undefined,-47.64,INSUFFICIENT
REAL_ONLY,648,0.0,setup_type,PD_IB_HIGH_FADE_SHORT,120,1,0,68.17,58.75,-82.00,-82.00,undefined,-150.17,INSUFFICIENT
REAL_ONLY,648,0.0,setup_type,PD_IB_HIGH_FADE_SHORT,240,1,0,62.87,50.50,-150.25,-150.25,undefined,-213.12,INSUFFICIENT
REAL_ONLY,648,0.0,setup_type,IB_LOW_FADE_SHORT,15,1,0,53.41,47.50,-89.00,-89.00,undefined,-142.41,INSUFFICIENT
REAL_ONLY,648,0.0,setup_type,IB_LOW_FADE_SHORT,30,1,0,54.79,48.25,-149.75,-149.75,undefined,-204.54,INSUFFICIENT
REAL_ONLY,648,0.0,setup_type,IB_LOW_FADE_SHORT,60,1,0,59.89,50.63,-115.75,-115.75,undefined,-175.64,INSUFFICIENT
REAL_ONLY,648,0.0,setup_type,IB_LOW_FADE_SHORT,120,1,0,68.17,58.75,-148.00,-148.00,undefined,-216.17,INSUFFICIENT
REAL_ONLY,648,0.0,setup_type,IB_LOW_FADE_SHORT,240,1,0,62.87,50.50,-77.75,-77.75,undefined,-140.62,INSUFFICIENT
REAL_ONLY,648,0.0,setup_type,PD_HIGH_FADE_SHORT,15,1,0,53.41,47.50,1.50,1.50,undefined,-51.91,INSUFFICIENT
REAL_ONLY,648,0.0,setup_type,PD_HIGH_FADE_SHORT,30,1,0,54.79,48.25,-30.50,-30.50,undefined,-85.29,INSUFFICIENT
REAL_ONLY,648,0.0,setup_type,PD_HIGH_FADE_SHORT,60,1,0,59.89,50.63,2.25,2.25,undefined,-57.64,INSUFFICIENT
REAL_ONLY,648,0.0,setup_type,PD_HIGH_FADE_SHORT,120,1,0,68.17,58.75,56.25,56.25,undefined,-11.92,INSUFFICIENT
REAL_ONLY,648,0.0,setup_type,PD_HIGH_FADE_SHORT,240,1,0,62.87,50.50,-70.25,-70.25,undefined,-133.12,INSUFFICIENT
REAL_ONLY,648,0.0,setup_type,CAM_R2_FADE_SHORT,15,1,0,53.41,47.50,42.75,42.75,undefined,-10.66,INSUFFICIENT
REAL_ONLY,648,0.0,setup_type,CAM_R2_FADE_SHORT,30,1,0,54.79,48.25,104.00,104.00,undefined,49.21,INSUFFICIENT
REAL_ONLY,648,0.0,setup_type,CAM_R2_FADE_SHORT,60,1,0,59.89,50.63,206.75,206.75,undefined,146.86,INSUFFICIENT
REAL_ONLY,648,0.0,setup_type,CAM_R2_FADE_SHORT,120,1,0,68.17,58.75,256.75,256.75,undefined,188.58,INSUFFICIENT
REAL_ONLY,648,0.0,setup_type,CAM_R2_FADE_SHORT,240,1,0,62.87,50.50,270.25,270.25,undefined,207.38,INSUFFICIENT
REAL_ONLY,648,0.0,setup_type,ONH_FADE_SHORT,15,1,0,53.41,47.50,1.75,1.75,undefined,-51.66,INSUFFICIENT
REAL_ONLY,648,0.0,setup_type,ONH_FADE_SHORT,30,1,0,54.79,48.25,35.75,35.75,undefined,-19.04,INSUFFICIENT
REAL_ONLY,648,0.0,setup_type,ONH_FADE_SHORT,60,1,0,59.89,50.63,128.50,128.50,undefined,68.61,INSUFFICIENT
REAL_ONLY,648,0.0,setup_type,ONH_FADE_SHORT,120,1,0,68.17,58.75,175.00,175.00,undefined,106.83,INSUFFICIENT
REAL_ONLY,648,0.0,setup_type,ONH_FADE_SHORT,240,1,0,62.87,50.50,239.50,239.50,undefined,176.63,INSUFFICIENT
REAL_ONLY,648,0.0,setup_type,ONH_FADE_LONG,15,3,0,53.41,47.50,45.00,45.50,32.00,-8.41,INSUFFICIENT
REAL_ONLY,648,0.0,setup_type,ONH_FADE_LONG,30,3,0,54.79,48.25,26.75,23.00,67.70,-28.04,INSUFFICIENT
REAL_ONLY,648,0.0,setup_type,ONH_FADE_LONG,60,3,0,59.89,50.63,-59.67,-134.00,129.18,-119.56,INSUFFICIENT
REAL_ONLY,648,0.0,setup_type,ONH_FADE_LONG,120,3,0,68.17,58.75,-92.50,-182.25,204.94,-160.67,INSUFFICIENT
REAL_ONLY,648,0.0,setup_type,ONH_FADE_LONG,240,3,0,62.87,50.50,-85.75,-227.75,261.92,-148.62,INSUFFICIENT
REAL_ONLY,648,0.0,setup_type,CAM_S1_FADE_SHORT,15,1,0,53.41,47.50,-17.50,-17.50,undefined,-70.91,INSUFFICIENT
REAL_ONLY,648,0.0,setup_type,CAM_S1_FADE_SHORT,30,1,0,54.79,48.25,-83.00,-83.00,undefined,-137.79,INSUFFICIENT
REAL_ONLY,648,0.0,setup_type,CAM_S1_FADE_SHORT,60,1,0,59.89,50.63,-12.75,-12.75,undefined,-72.64,INSUFFICIENT
REAL_ONLY,648,0.0,setup_type,CAM_S1_FADE_SHORT,120,1,0,68.17,58.75,24.75,24.75,undefined,-43.42,INSUFFICIENT
REAL_ONLY,648,0.0,setup_type,CAM_S1_FADE_SHORT,240,1,0,62.87,50.50,30.75,30.75,undefined,-32.12,INSUFFICIENT
REAL_ONLY,648,0.0,setup_type,PD2_VAL_FADE_LONG,15,2,0,53.41,47.50,71.63,71.63,56.39,18.22,INSUFFICIENT
REAL_ONLY,648,0.0,setup_type,PD2_VAL_FADE_LONG,30,2,0,54.79,48.25,56.50,56.50,42.78,1.71,INSUFFICIENT
REAL_ONLY,648,0.0,setup_type,PD2_VAL_FADE_LONG,60,2,0,59.89,50.63,86.25,86.25,69.30,26.36,INSUFFICIENT
REAL_ONLY,648,0.0,setup_type,PD2_VAL_FADE_LONG,120,2,0,68.17,58.75,115.75,115.75,80.96,47.58,INSUFFICIENT
REAL_ONLY,648,0.0,setup_type,PD2_VAL_FADE_LONG,240,2,0,62.87,50.50,69.50,69.50,80.96,6.63,INSUFFICIENT
REAL_ONLY,648,0.0,setup_type,VALUE_AREA_RESPONSIVE_SHORT,15,4,0,53.41,47.50,61.44,58.75,38.66,8.03,INSUFFICIENT
REAL_ONLY,648,0.0,setup_type,VALUE_AREA_RESPONSIVE_SHORT,30,4,0,54.79,48.25,38.19,39.00,68.15,-16.60,INSUFFICIENT
REAL_ONLY,648,0.0,setup_type,VALUE_AREA_RESPONSIVE_SHORT,60,4,0,59.89,50.63,39.38,12.13,82.93,-20.52,INSUFFICIENT
REAL_ONLY,648,0.0,setup_type,VALUE_AREA_RESPONSIVE_SHORT,120,4,0,68.17,58.75,70.44,38.00,87.44,2.27,INSUFFICIENT
REAL_ONLY,648,0.0,setup_type,VALUE_AREA_RESPONSIVE_SHORT,240,4,0,62.87,50.50,70.44,47.25,77.57,7.57,INSUFFICIENT
REAL_ONLY,648,0.0,setup_type,WEEKLY_OPEN_FADE_SHORT,15,1,0,53.41,47.50,64.50,64.50,undefined,11.09,INSUFFICIENT
REAL_ONLY,648,0.0,setup_type,WEEKLY_OPEN_FADE_SHORT,30,1,0,54.79,48.25,86.25,86.25,undefined,31.46,INSUFFICIENT
REAL_ONLY,648,0.0,setup_type,WEEKLY_OPEN_FADE_SHORT,60,1,0,59.89,50.63,31.00,31.00,undefined,-28.89,INSUFFICIENT
REAL_ONLY,648,0.0,setup_type,WEEKLY_OPEN_FADE_SHORT,120,1,0,68.17,58.75,119.75,119.75,undefined,51.58,INSUFFICIENT
REAL_ONLY,648,0.0,setup_type,WEEKLY_OPEN_FADE_SHORT,240,1,0,62.87,50.50,88.75,88.75,undefined,25.88,INSUFFICIENT
REAL_ONLY,648,0.0,setup_type,C_PAIRED_LONG,15,2,0,53.41,47.50,28.25,28.25,47.38,-25.16,INSUFFICIENT
REAL_ONLY,648,0.0,setup_type,C_PAIRED_LONG,30,2,0,54.79,48.25,27.38,27.38,3.36,-27.41,INSUFFICIENT
REAL_ONLY,648,0.0,setup_type,C_PAIRED_LONG,60,2,0,59.89,50.63,-9.00,-9.00,60.46,-68.89,INSUFFICIENT
REAL_ONLY,648,0.0,setup_type,C_PAIRED_LONG,120,2,0,68.17,58.75,-9.13,-9.13,36.95,-77.29,INSUFFICIENT
REAL_ONLY,648,0.0,setup_type,C_PAIRED_LONG,240,2,0,62.87,50.50,-9.38,-9.38,12.90,-72.24,INSUFFICIENT
REAL_ONLY,648,0.0,setup_type,MR1_FADE_SHORT,15,2,0,53.41,47.50,73.88,73.88,19.27,20.47,INSUFFICIENT
REAL_ONLY,648,0.0,setup_type,MR1_FADE_SHORT,30,2,0,54.79,48.25,145.25,145.25,50.91,90.46,INSUFFICIENT
REAL_ONLY,648,0.0,setup_type,MR1_FADE_SHORT,60,2,0,59.89,50.63,194.00,194.00,15.56,134.11,INSUFFICIENT
REAL_ONLY,648,0.0,setup_type,MR1_FADE_SHORT,120,2,0,68.17,58.75,289.88,289.88,38.36,221.71,INSUFFICIENT
REAL_ONLY,648,0.0,setup_type,MR1_FADE_SHORT,240,2,0,62.87,50.50,297.88,297.88,3.01,235.01,INSUFFICIENT
REAL_ONLY,648,0.0,setup_type,PD_POC_FADE_LONG_TRAIL,15,2,0,53.41,47.50,-5.63,-5.63,34.47,-59.03,INSUFFICIENT
REAL_ONLY,648,0.0,setup_type,PD_POC_FADE_LONG_TRAIL,30,2,0,54.79,48.25,-76.75,-76.75,146.72,-131.54,INSUFFICIENT
REAL_ONLY,648,0.0,setup_type,PD_POC_FADE_LONG_TRAIL,60,2,0,59.89,50.63,-253.00,-253.00,286.38,-312.89,INSUFFICIENT
REAL_ONLY,648,0.0,setup_type,PD_POC_FADE_LONG_TRAIL,120,2,0,68.17,58.75,-326.75,-326.75,229.10,-394.92,INSUFFICIENT
REAL_ONLY,648,0.0,setup_type,PD_POC_FADE_LONG_TRAIL,240,2,0,62.87,50.50,-306.25,-306.25,213.19,-369.12,INSUFFICIENT
REAL_ONLY,648,0.0,setup_type,OR5_HIGH_FADE_SHORT,15,12,0,53.41,47.50,116.65,75.88,124.87,63.24,INSUFFICIENT
REAL_ONLY,648,0.0,setup_type,OR5_HIGH_FADE_SHORT,30,12,0,54.79,48.25,135.27,104.88,164.08,80.48,INSUFFICIENT
REAL_ONLY,648,0.0,setup_type,OR5_HIGH_FADE_SHORT,60,12,0,59.89,50.63,133.04,104.75,127.35,73.15,INSUFFICIENT
REAL_ONLY,648,0.0,setup_type,OR5_HIGH_FADE_SHORT,120,12,0,68.17,58.75,128.19,107.75,154.07,60.02,INSUFFICIENT
REAL_ONLY,648,0.0,setup_type,OR5_HIGH_FADE_SHORT,240,12,0,62.87,50.50,127.52,174.13,128.88,64.65,INSUFFICIENT
REAL_ONLY,648,0.0,setup_type,PM_LOW_FADE_LONG,15,1,0,53.41,47.50,124.25,124.25,undefined,70.84,INSUFFICIENT
REAL_ONLY,648,0.0,setup_type,PM_LOW_FADE_LONG,30,1,0,54.79,48.25,136.50,136.50,undefined,81.71,INSUFFICIENT
REAL_ONLY,648,0.0,setup_type,PM_LOW_FADE_LONG,60,1,0,59.89,50.63,186.75,186.75,undefined,126.86,INSUFFICIENT
REAL_ONLY,648,0.0,setup_type,PM_LOW_FADE_LONG,120,1,0,68.17,58.75,202.25,202.25,undefined,134.08,INSUFFICIENT
REAL_ONLY,648,0.0,setup_type,PM_LOW_FADE_LONG,240,1,0,62.87,50.50,331.75,331.75,undefined,268.88,INSUFFICIENT
REAL_ONLY,648,0.0,setup_type,10D_IB_MID_FADE_SHORT_OVERNIGHT,15,1,0,53.41,47.50,52.75,52.75,undefined,-0.66,INSUFFICIENT
REAL_ONLY,648,0.0,setup_type,10D_IB_MID_FADE_SHORT_OVERNIGHT,30,1,0,54.79,48.25,84.25,84.25,undefined,29.46,INSUFFICIENT
REAL_ONLY,648,0.0,setup_type,10D_IB_MID_FADE_SHORT_OVERNIGHT,60,1,0,59.89,50.63,23.25,23.25,undefined,-36.64,INSUFFICIENT
REAL_ONLY,648,0.0,setup_type,10D_IB_MID_FADE_SHORT_OVERNIGHT,120,1,0,68.17,58.75,430.00,430.00,undefined,361.83,INSUFFICIENT
REAL_ONLY,648,0.0,setup_type,10D_IB_MID_FADE_SHORT_OVERNIGHT,240,1,0,62.87,50.50,263.00,263.00,undefined,200.13,INSUFFICIENT
REAL_ONLY,648,0.0,setup_type,MPP_FADE_SHORT_OVERNIGHT,15,1,0,53.41,47.50,38.50,38.50,undefined,-14.91,INSUFFICIENT
REAL_ONLY,648,0.0,setup_type,MPP_FADE_SHORT_OVERNIGHT,30,1,0,54.79,48.25,18.50,18.50,undefined,-36.29,INSUFFICIENT
REAL_ONLY,648,0.0,setup_type,MPP_FADE_SHORT_OVERNIGHT,60,1,0,59.89,50.63,42.75,42.75,undefined,-17.14,INSUFFICIENT
REAL_ONLY,648,0.0,setup_type,MPP_FADE_SHORT_OVERNIGHT,120,1,0,68.17,58.75,-44.75,-44.75,undefined,-112.92,INSUFFICIENT
REAL_ONLY,648,0.0,setup_type,MPP_FADE_SHORT_OVERNIGHT,240,1,0,62.87,50.50,-58.50,-58.50,undefined,-121.37,INSUFFICIENT
REAL_ONLY,648,0.0,setup_type,C_STANDALONE_UP,15,1,0,53.41,47.50,122.50,122.50,undefined,69.09,INSUFFICIENT
REAL_ONLY,648,0.0,setup_type,C_STANDALONE_UP,30,1,0,54.79,48.25,142.00,142.00,undefined,87.21,INSUFFICIENT
REAL_ONLY,648,0.0,setup_type,C_STANDALONE_UP,60,1,0,59.89,50.63,135.25,135.25,undefined,75.36,INSUFFICIENT
REAL_ONLY,648,0.0,setup_type,C_STANDALONE_UP,120,1,0,68.17,58.75,187.75,187.75,undefined,119.58,INSUFFICIENT
REAL_ONLY,648,0.0,setup_type,C_STANDALONE_UP,240,1,0,62.87,50.50,262.25,262.25,undefined,199.38,INSUFFICIENT
REAL_ONLY,648,0.0,setup_type,WR1_FADE_SHORT_OVERNIGHT,15,1,0,53.41,47.50,87.75,87.75,undefined,34.34,INSUFFICIENT
REAL_ONLY,648,0.0,setup_type,WR1_FADE_SHORT_OVERNIGHT,30,1,0,54.79,48.25,123.75,123.75,undefined,68.96,INSUFFICIENT
REAL_ONLY,648,0.0,setup_type,WR1_FADE_SHORT_OVERNIGHT,60,1,0,59.89,50.63,48.75,48.75,undefined,-11.14,INSUFFICIENT
REAL_ONLY,648,0.0,setup_type,WR1_FADE_SHORT_OVERNIGHT,120,1,0,68.17,58.75,-1.75,-1.75,undefined,-69.92,INSUFFICIENT
REAL_ONLY,648,0.0,setup_type,WR1_FADE_SHORT_OVERNIGHT,240,1,0,62.87,50.50,-32.00,-32.00,undefined,-94.87,INSUFFICIENT
REAL_ONLY,648,0.0,setup_type,WEEKLY_OPEN_FADE_LONG,15,1,0,53.41,47.50,62.75,62.75,undefined,9.34,INSUFFICIENT
REAL_ONLY,648,0.0,setup_type,WEEKLY_OPEN_FADE_LONG,30,1,0,54.79,48.25,38.00,38.00,undefined,-16.79,INSUFFICIENT
REAL_ONLY,648,0.0,setup_type,WEEKLY_OPEN_FADE_LONG,60,1,0,59.89,50.63,54.75,54.75,undefined,-5.14,INSUFFICIENT
REAL_ONLY,648,0.0,setup_type,WEEKLY_OPEN_FADE_LONG,120,1,0,68.17,58.75,57.75,57.75,undefined,-10.42,INSUFFICIENT
REAL_ONLY,648,0.0,setup_type,WEEKLY_OPEN_FADE_LONG,240,1,0,62.87,50.50,-44.50,-44.50,undefined,-107.37,INSUFFICIENT
REAL_ONLY,648,0.0,setup_type,OR30_HIGH_FADE_LONG,15,3,0,53.41,47.50,44.17,49.00,24.61,-9.24,INSUFFICIENT
REAL_ONLY,648,0.0,setup_type,OR30_HIGH_FADE_LONG,30,3,0,54.79,48.25,44.42,52.50,25.36,-10.37,INSUFFICIENT
REAL_ONLY,648,0.0,setup_type,OR30_HIGH_FADE_LONG,60,3,0,59.89,50.63,25.92,26.75,6.04,-33.98,INSUFFICIENT
REAL_ONLY,648,0.0,setup_type,OR30_HIGH_FADE_LONG,120,3,0,68.17,58.75,10.83,16.25,63.30,-57.33,INSUFFICIENT
REAL_ONLY,648,0.0,setup_type,OR30_HIGH_FADE_LONG,240,3,0,62.87,50.50,5.33,3.75,26.66,-57.53,INSUFFICIENT
REAL_ONLY,648,0.0,setup_type,FLOOR_R3_FADE_SHORT,15,1,0,53.41,47.50,-5.75,-5.75,undefined,-59.16,INSUFFICIENT
REAL_ONLY,648,0.0,setup_type,FLOOR_R3_FADE_SHORT,30,1,0,54.79,48.25,3.00,3.00,undefined,-51.79,INSUFFICIENT
REAL_ONLY,648,0.0,setup_type,FLOOR_R3_FADE_SHORT,60,1,0,59.89,50.63,-36.00,-36.00,undefined,-95.89,INSUFFICIENT
REAL_ONLY,648,0.0,setup_type,FLOOR_R3_FADE_SHORT,120,1,0,68.17,58.75,-59.25,-59.25,undefined,-127.42,INSUFFICIENT
REAL_ONLY,648,0.0,setup_type,FLOOR_R3_FADE_SHORT,240,1,0,62.87,50.50,-36.50,-36.50,undefined,-99.37,INSUFFICIENT
REAL_ONLY,648,0.0,setup_type,OR30_HIGH_FADE_SHORT,15,2,0,53.41,47.50,52.00,52.00,25.10,-1.41,INSUFFICIENT
REAL_ONLY,648,0.0,setup_type,OR30_HIGH_FADE_SHORT,30,2,0,54.79,48.25,46.00,46.00,5.30,-8.79,INSUFFICIENT
REAL_ONLY,648,0.0,setup_type,OR30_HIGH_FADE_SHORT,60,2,0,59.89,50.63,17.00,17.00,37.83,-42.89,INSUFFICIENT
REAL_ONLY,648,0.0,setup_type,OR30_HIGH_FADE_SHORT,120,2,0,68.17,58.75,0.63,0.63,58.16,-67.54,INSUFFICIENT
REAL_ONLY,648,0.0,setup_type,OR30_HIGH_FADE_SHORT,240,2,0,62.87,50.50,13.00,13.00,47.73,-49.87,INSUFFICIENT
REAL_ONLY,648,0.0,setup_type,RTH_VWAP_FADE_LONG,15,1,0,53.41,47.50,35.75,35.75,undefined,-17.66,INSUFFICIENT
REAL_ONLY,648,0.0,setup_type,RTH_VWAP_FADE_LONG,30,1,0,54.79,48.25,55.00,55.00,undefined,0.21,INSUFFICIENT
REAL_ONLY,648,0.0,setup_type,RTH_VWAP_FADE_LONG,60,1,0,59.89,50.63,89.50,89.50,undefined,29.61,INSUFFICIENT
REAL_ONLY,648,0.0,setup_type,RTH_VWAP_FADE_LONG,120,1,0,68.17,58.75,50.25,50.25,undefined,-17.92,INSUFFICIENT
REAL_ONLY,648,0.0,setup_type,RTH_VWAP_FADE_LONG,240,1,0,62.87,50.50,45.00,45.00,undefined,-17.87,INSUFFICIENT
REAL_ONLY,648,0.0,setup_type,STACK_VOL_BREAK_LIVE_LONG,15,1,0,53.41,47.50,92.50,92.50,undefined,39.09,INSUFFICIENT
REAL_ONLY,648,0.0,setup_type,STACK_VOL_BREAK_LIVE_LONG,30,1,0,54.79,48.25,79.00,79.00,undefined,24.21,INSUFFICIENT
REAL_ONLY,648,0.0,setup_type,STACK_VOL_BREAK_LIVE_LONG,60,1,0,59.89,50.63,58.00,58.00,undefined,-1.89,INSUFFICIENT
REAL_ONLY,648,0.0,setup_type,STACK_VOL_BREAK_LIVE_LONG,120,1,0,68.17,58.75,97.75,97.75,undefined,29.58,INSUFFICIENT
REAL_ONLY,648,0.0,setup_type,STACK_VOL_BREAK_LIVE_LONG,240,1,0,62.87,50.50,59.25,59.25,undefined,-3.62,INSUFFICIENT
REAL_ONLY,648,0.0,setup_type,PD_CLOSE_FADE_LONG,15,1,0,53.41,47.50,45.50,45.50,undefined,-7.91,INSUFFICIENT
REAL_ONLY,648,0.0,setup_type,PD_CLOSE_FADE_LONG,30,1,0,54.79,48.25,44.25,44.25,undefined,-10.54,INSUFFICIENT
REAL_ONLY,648,0.0,setup_type,PD_CLOSE_FADE_LONG,60,1,0,59.89,50.63,-34.75,-34.75,undefined,-94.64,INSUFFICIENT
REAL_ONLY,648,0.0,setup_type,PD_CLOSE_FADE_LONG,120,1,0,68.17,58.75,-160.25,-160.25,undefined,-228.42,INSUFFICIENT
REAL_ONLY,648,0.0,setup_type,PD_CLOSE_FADE_LONG,240,1,0,62.87,50.50,-137.25,-137.25,undefined,-200.12,INSUFFICIENT
REAL_ONLY,648,0.0,time_of_day,Overnight/Globex,15,388,0,53.41,47.50,62.61,58.25,69.15,9.20,OK
REAL_ONLY,648,0.0,time_of_day,Overnight/Globex,30,388,0,54.79,48.25,60.50,55.13,87.47,5.71,OK
REAL_ONLY,648,0.0,time_of_day,Overnight/Globex,60,388,0,59.89,50.63,61.74,55.38,114.54,1.85,OK
REAL_ONLY,648,0.0,time_of_day,Overnight/Globex,120,387,1,68.17,58.75,70.56,62.00,143.62,2.40,OK
REAL_ONLY,648,0.0,time_of_day,Overnight/Globex,240,387,1,62.87,50.50,62.65,50.50,174.71,-0.22,OK
REAL_ONLY,648,0.0,time_of_day,Afternoon (13:30-16:00),15,32,0,53.41,47.50,52.49,49.00,45.56,-0.92,OK
REAL_ONLY,648,0.0,time_of_day,Afternoon (13:30-16:00),30,32,0,54.79,48.25,54.50,52.00,65.86,-0.29,OK
REAL_ONLY,648,0.0,time_of_day,Afternoon (13:30-16:00),60,32,0,59.89,50.63,45.59,44.25,100.49,-14.30,OK
REAL_ONLY,648,0.0,time_of_day,Afternoon (13:30-16:00),120,32,0,68.17,58.75,65.22,86.00,94.28,-2.95,OK
REAL_ONLY,648,0.0,time_of_day,Afternoon (13:30-16:00),240,32,0,62.87,50.50,71.90,68.13,113.86,9.03,OK
REAL_ONLY,648,0.0,time_of_day,Morning (9:30-11:00),15,67,0,53.41,47.50,48.93,43.50,71.31,-4.47,OK
REAL_ONLY,648,0.0,time_of_day,Morning (9:30-11:00),30,67,0,54.79,48.25,29.17,29.00,101.50,-25.62,OK
REAL_ONLY,648,0.0,time_of_day,Morning (9:30-11:00),60,67,0,59.89,50.63,29.82,17.00,108.91,-30.07,OK
REAL_ONLY,648,0.0,time_of_day,Morning (9:30-11:00),120,67,0,68.17,58.75,23.63,18.50,227.76,-44.53,OK
REAL_ONLY,648,0.0,time_of_day,Morning (9:30-11:00),240,67,0,62.87,50.50,-7.39,-17.50,180.57,-70.26,OK
REAL_ONLY,648,0.0,time_of_day,Midday (11:00-13:30),15,161,0,53.41,47.50,33.27,26.25,91.68,-20.13,OK
REAL_ONLY,648,0.0,time_of_day,Midday (11:00-13:30),30,161,0,54.79,48.25,51.74,35.00,127.89,-3.05,OK
REAL_ONLY,648,0.0,time_of_day,Midday (11:00-13:30),60,161,0,59.89,50.63,70.79,64.50,161.57,10.90,OK
REAL_ONLY,648,0.0,time_of_day,Midday (11:00-13:30),120,161,0,68.17,58.75,81.52,74.75,162.77,13.35,OK
REAL_ONLY,648,0.0,time_of_day,Midday (11:00-13:30),240,161,0,62.87,50.50,90.84,71.25,214.57,27.97,OK
REAL_ONLY,648,0.0,velocity,Fast,15,292,0,53.41,47.50,58.78,48.50,91.64,5.37,OK
REAL_ONLY,648,0.0,velocity,Fast,30,292,0,54.79,48.25,66.32,58.50,120.61,11.53,OK
REAL_ONLY,648,0.0,velocity,Fast,60,292,0,59.89,50.63,76.66,70.25,156.33,16.76,OK
REAL_ONLY,648,0.0,velocity,Fast,120,292,0,68.17,58.75,94.46,83.88,186.63,26.29,OK
REAL_ONLY,648,0.0,velocity,Fast,240,292,0,62.87,50.50,96.79,78.75,219.66,33.92,OK
REAL_ONLY,648,0.0,velocity,Medium,15,188,0,53.41,47.50,43.92,40.88,57.98,-9.49,OK
REAL_ONLY,648,0.0,velocity,Medium,30,188,0,54.79,48.25,38.78,34.63,78.79,-16.01,OK
REAL_ONLY,648,0.0,velocity,Medium,60,188,0,59.89,50.63,39.14,30.75,98.43,-20.75,OK
REAL_ONLY,648,0.0,velocity,Medium,120,188,0,68.17,58.75,25.89,19.63,136.03,-42.28,OK
REAL_ONLY,648,0.0,velocity,Medium,240,188,0,62.87,50.50,13.23,14.38,150.46,-49.64,OK
REAL_ONLY,648,0.0,velocity,Slow,15,138,0,53.41,47.50,51.70,48.75,58.61,-1.70,OK
REAL_ONLY,648,0.0,velocity,Slow,30,138,0,54.79,48.25,46.12,49.00,75.43,-8.67,OK
REAL_ONLY,648,0.0,velocity,Slow,60,138,0,59.89,50.63,46.32,45.75,85.04,-13.57,OK
REAL_ONLY,648,0.0,velocity,Slow,120,137,1,68.17,58.75,61.70,62.50,108.10,-6.47,OK
REAL_ONLY,648,0.0,velocity,Slow,240,137,1,62.87,50.50,50.32,47.25,129.30,-12.55,OK
REAL_ONLY,648,0.0,velocity,Unknown,15,30,0,53.41,47.50,68.40,65.75,64.10,14.99,OK
REAL_ONLY,648,0.0,velocity,Unknown,30,30,0,54.79,48.25,82.79,105.63,73.40,28.00,OK
REAL_ONLY,648,0.0,velocity,Unknown,60,30,0,59.89,50.63,89.18,98.63,103.25,29.29,OK
REAL_ONLY,648,0.0,velocity,Unknown,120,30,0,68.17,58.75,106.76,107.38,99.96,38.59,OK
REAL_ONLY,648,0.0,velocity,Unknown,240,30,0,62.87,50.50,101.12,116.75,160.71,38.25,OK
REAL_ONLY,648,0.0,a_level,NEITHER,15,648,0,53.41,47.50,53.41,47.50,75.57,0.00,OK
REAL_ONLY,648,0.0,a_level,NEITHER,30,648,0,54.79,48.25,54.79,48.25,99.85,0.00,OK
REAL_ONLY,648,0.0,a_level,NEITHER,60,648,0,59.89,50.63,59.89,50.63,127.01,0.00,OK
REAL_ONLY,648,0.0,a_level,NEITHER,120,647,1,68.17,58.75,68.17,58.75,157.69,0.00,OK
REAL_ONLY,648,0.0,a_level,NEITHER,240,647,1,62.87,50.50,62.87,50.50,185.22,0.00,OK