fired_at,trade_date,regime,setup_type,origin_status,suppression_reason,direction,entry,fired_stop_distance_pt,fired_target_distance_pt,calib_stop_at_fire_pt,calib_target_at_fire_pt,calib_run_date,resolution,resolution_method,pnl_dollars_mnq,mae_points_stored,uncensored_mae_pt,uncensored_mfe_pt,uncensored_walk_bars_used,uncensored_walk_had_bars
2026-07-06 18:00:58.825221,2026-07-07,A_pre_optstopq_fix,PD_VAL_FADE_LONG,UNKNOWN,,LONG,29948.75,91.5,40.75,89,49,2026-07-05,STOP_HIT,PRICE_CLEAN,-184,96.75,332.75,25,390,true
2026-07-07 05:40:00,2026-07-07,A_pre_optstopq_fix,RTH_VWAP_FADE_SHORT,BACKFILL,,SHORT,29586.5,90,40,,,,TARGET_HIT,BACKFILL,79,7.5,129.5,376.5,390,true
2026-07-07 06:26:00,2026-07-07,A_pre_optstopq_fix,GLOBEX_VWAP_MAGNET_LONG,BACKFILL,,LONG,29264.5,30,20,,,,TARGET_HIT,BACKFILL,39,4.25,54.5,451.5,390,true
2026-07-07 06:35:00,2026-07-07,A_pre_optstopq_fix,GLOBEX_VWAP_MAGNET_LONG,BACKFILL,,LONG,29249.25,30,20,,,,TARGET_HIT,BACKFILL,39,8.5,39.25,466.75,390,true
2026-07-07 06:41:00,2026-07-07,A_pre_optstopq_fix,GLOBEX_VWAP_MAGNET_LONG,BACKFILL,,LONG,29226.5,30,20,,,,TARGET_HIT,BACKFILL,39,16.5,16.5,489.5,390,true
2026-07-07 06:43:00,2026-07-07,A_pre_optstopq_fix,GLOBEX_VWAP_MAGNET_LONG,BACKFILL,,LONG,29239,30,20,,,,TARGET_HIT,BACKFILL,39,12.75,29,477,390,true
2026-07-07 09:30:00,2026-07-07,A_pre_optstopq_fix,OR_HIGH_FADE_SHORT,UNKNOWN,,SHORT,29636.25,62,47,62,47,2026-07-06,TARGET_HIT,PRICE_CLEAN,93,25.5,25.5,426.25,390,true
2026-07-07 09:34:00,2026-07-07,A_pre_optstopq_fix,OR_LOW_FADE_LONG,UNKNOWN,,LONG,29532.5,74,38,74,38,2026-07-06,TARGET_HIT,PRICE_CLEAN,75,28.75,322.5,74.5,390,true
2026-07-07 09:36:00,2026-07-07,A_pre_optstopq_fix,ONL_FADE_LONG,BACKFILL,,LONG,29552.5,118.38000000000102,57.25,,,,STOP_HIT,BACKFILL,-237.76,131,342.5,54.5,390,true
2026-07-07 09:38:00,2026-07-07,A_pre_optstopq_fix,PM_VAL_FADE_LONG,BACKFILL,,LONG,29502.75,109.25,68.75,,,,TARGET_HIT,BACKFILL,136.5,11.5,292.75,104.25,390,true
2026-07-07 09:40:00,2026-07-07,A_pre_optstopq_fix,DAILY_OPEN_FADE_SHORT,BACKFILL,,SHORT,29586.5,112,64.5,,,,TARGET_HIT,BACKFILL,128,20.5,20.5,376.5,390,true
2026-07-07 09:53:00,2026-07-07,A_pre_optstopq_fix,FLOOR_S3_FADE_LONG,BACKFILL,,LONG,29468.5,110.5,76.38000000000102,,,,STOP_HIT,BACKFILL,-222,136.5,258.5,112.25,390,true
2026-07-07 09:58:00,2026-07-07,A_pre_optstopq_fix,IB_BEARISH,UNKNOWN,,SHORT,29440,80,105,88,51,2026-07-06,TARGET_HIT,PRICE_CLEAN,209,65.75,140.75,230,390,true
2026-07-07 10:08:00,2026-07-07,A_pre_optstopq_fix,STOP_SWEEP_LONG,UNKNOWN,,LONG,29435.25,26.25,29.75,,,,STOP_HIT,PRICE_CLEAN,-53.5,49,225.25,145.5,390,true
2026-07-07 10:25:00,2026-07-07,A_pre_optstopq_fix,PW_LOW_FADE_LONG,BACKFILL,,LONG,29276.5,124.5,74.5,,,,TARGET_HIT,BACKFILL,148,66.5,66.5,304.25,390,true
2026-07-07 10:25:00,2026-07-07,A_pre_optstopq_fix,IB_LOW_FADE_LONG,UNKNOWN,,LONG,29276.5,70,36,70,36,2026-07-06,TARGET_HIT,PRICE_CLEAN,71,16.75,66.5,304.25,390,true
2026-07-07 10:40:00,2026-07-07,A_pre_optstopq_fix,IB_LOW_FADE_SHORT,UNKNOWN,,SHORT,29255.5,68,40,68,40,2026-07-06,TARGET_HIT,PRICE_CLEAN,79,4.25,325.25,45.5,390,true
2026-07-07 10:59:00,2026-07-07,A_pre_optstopq_fix,A_DOWN_WEAK,UNKNOWN,,SHORT,29303,383,,,,,TIME_EXPIRED,RECOVERY_MTM,-485.5,255.25,277.75,54.75,390,true
2026-07-07 10:59:00,2026-07-07,A_pre_optstopq_fix,C_PAIRED_SHORT,UNKNOWN,,SHORT,29303,383,43,,,,TARGET_HIT,PRICE_CLEAN,85,55,277.75,54.75,390,true
2026-07-07 11:39:00,2026-07-07,A_pre_optstopq_fix,C_PAIRED_SHORT,UNKNOWN,,SHORT,29258,428,,,,,TIME_EXPIRED,RECOVERY_MTM,-575.5,300.25,322.75,0,390,true
2026-07-07 12:07:00,2026-07-07,A_pre_optstopq_fix,STOP_SWEEP_LONG,UNKNOWN,,LONG,29426.75,58.75,30.25,,,,TARGET_HIT,PRICE_CLEAN,59.5,28.75,155.75,154,390,true
2026-07-07 12:13:00,2026-07-07,A_pre_optstopq_fix,IB_MID_SCALP_FADE_SHORT,BACKFILL,,SHORT,29467,56.25,29,58,32,2026-07-06,STOP_HIT,BACKFILL,-113.5,67,113.75,196,390,true
2026-07-07 14:04:00,2026-07-08,A_pre_optstopq_fix,GLOBEX_VWAP_FADE_SHORT,BACKFILL,,SHORT,29355,90,40,,,,TARGET_HIT,BACKFILL,79,52,206,89,390,true
2026-07-07 19:48:05.110205,2026-07-08,A_pre_optstopq_fix,PD_VAL_FADE_LONG,UNKNOWN,,LONG,29339.5,91.5,40.75,89,49,2026-07-06,TARGET_HIT,PRICE_CLEAN,80.5,73.5,73.5,219.25,390,true
2026-07-08 00:30:00,2026-07-08,A_pre_optstopq_fix,GLOBEX_VWAP_MAGNET_LONG,BACKFILL,,LONG,29050.25,30,20,,,,TARGET_HIT,BACKFILL,39,15.25,140.5,397,390,true
2026-07-08 00:35:00,2026-07-08,A_pre_optstopq_fix,GLOBEX_VWAP_MAGNET_LONG,BACKFILL,,LONG,29043,30,20,,,,STOP_HIT,BACKFILL,-61,31.75,133.25,404.25,390,true
2026-07-08 00:37:00,2026-07-08,A_pre_optstopq_fix,GLOBEX_VWAP_MAGNET_LONG,BACKFILL,,LONG,29029.75,30,20,,,,STOP_HIT,BACKFILL,-61,40.5,120,417.5,390,true
2026-07-08 00:39:00,2026-07-08,A_pre_optstopq_fix,GLOBEX_VWAP_MAGNET_LONG,BACKFILL,,LONG,28980.25,30,20,,,,TARGET_HIT,BACKFILL,39,23,70.5,467,390,true
2026-07-08 00:42:00,2026-07-08,A_pre_optstopq_fix,GLOBEX_VWAP_MAGNET_LONG,BACKFILL,,LONG,28999,30,20,,,,TARGET_HIT,BACKFILL,39,7.25,89.25,448.25,390,true
2026-07-08 00:45:00,2026-07-08,A_pre_optstopq_fix,GLOBEX_VWAP_MAGNET_LONG,BACKFILL,,LONG,29013.75,30,20,,,,TARGET_HIT,BACKFILL,39,1.5,104,433.5,390,true
2026-07-08 00:58:00,2026-07-08,A_pre_optstopq_fix,GLOBEX_VWAP_MAGNET_LONG,BACKFILL,,LONG,29011,30,20,,,,TARGET_HIT,BACKFILL,39,21.25,101.25,436.25,390,true
2026-07-08 01:03:00,2026-07-08,A_pre_optstopq_fix,GLOBEX_VWAP_MAGNET_LONG,BACKFILL,,LONG,28997.25,30,20,,,,STOP_HIT,BACKFILL,-61,31.25,87.5,450,390,true
2026-07-08 01:08:00,2026-07-08,A_pre_optstopq_fix,GLOBEX_VWAP_MAGNET_LONG,BACKFILL,,LONG,28952.25,30,20,,,,TARGET_HIT,BACKFILL,39,21.25,42.5,479.75,390,true
2026-07-08 01:12:00,2026-07-08,A_pre_optstopq_fix,GLOBEX_VWAP_MAGNET_LONG,BACKFILL,,LONG,28945.5,30,20,,,,STOP_HIT,BACKFILL,-61,32.75,35.75,486.5,390,true
2026-07-08 01:15:00,2026-07-08,A_pre_optstopq_fix,GLOBEX_VWAP_MAGNET_LONG,BACKFILL,,LONG,28920,30,20,,,,TARGET_HIT,BACKFILL,39,5,10.25,504.75,390,true
2026-07-08 01:17:00,2026-07-08,A_pre_optstopq_fix,GLOBEX_VWAP_MAGNET_LONG,BACKFILL,,LONG,28945.25,30,20,,,,TARGET_HIT,BACKFILL,39,27,35.5,479.5,390,true
2026-07-08 01:30:00,2026-07-08,A_pre_optstopq_fix,GLOBEX_VWAP_MAGNET_LONG,BACKFILL,,LONG,28969.5,30,20,,,,TARGET_HIT,BACKFILL,39,13.25,59.75,445.25,390,true
2026-07-08 01:37:00,2026-07-08,A_pre_optstopq_fix,GLOBEX_VWAP_MAGNET_LONG,BACKFILL,,LONG,28973,30,20,,,,TARGET_HIT,BACKFILL,39,18.5,63.25,441.75,390,true
2026-07-08 01:49:00,2026-07-08,A_pre_optstopq_fix,GLOBEX_VWAP_MAGNET_LONG,BACKFILL,,LONG,28984.25,30,20,,,,TARGET_HIT,BACKFILL,39,14.25,74.5,430.5,390,true
2026-07-08 01:55:00,2026-07-08,A_pre_optstopq_fix,GLOBEX_VWAP_MAGNET_LONG,BACKFILL,,LONG,28974.25,30,20,,,,STOP_HIT,BACKFILL,-61,30.75,64.5,440.5,390,true
2026-07-08 02:05:00,2026-07-08,A_pre_optstopq_fix,GLOBEX_VWAP_MAGNET_LONG,BACKFILL,,LONG,28942.25,30,20,,,,TARGET_HIT,BACKFILL,39,19.5,32.5,472.5,390,true
2026-07-08 02:16:00,2026-07-08,A_pre_optstopq_fix,GLOBEX_VWAP_MAGNET_LONG,BACKFILL,,LONG,28960.5,30,20,,,,TARGET_HIT,BACKFILL,39,1,50.75,454.25,390,true
2026-07-08 05:36:00,2026-07-08,A_pre_optstopq_fix,RTH_VWAP_FADE_SHORT,BACKFILL,,SHORT,29297.5,90,40,,,,TARGET_HIT,BACKFILL,79,18,101.5,374.75,390,true
2026-07-08 09:30:00,2026-07-08,A_pre_optstopq_fix,PD_LOW_FADE_SHORT,UNKNOWN,,SHORT,29252.5,91,42,,,,STOP_HIT,PRICE_CLEAN,-183,128.75,247.5,218.5,390,true
2026-07-08 09:30:00,2026-07-08,A_pre_optstopq_fix,PW_LOW_FADE_SHORT,UNKNOWN,,SHORT,29252.5,81,49,,,,STOP_HIT,PRICE_CLEAN,-163,85.5,247.5,218.5,390,true
2026-07-08 09:30:00,2026-07-08,A_pre_optstopq_fix,DAILY_OPEN_FADE_LONG,UNKNOWN,,LONG,29252.5,90,36,,,,TARGET_HIT,PRICE_CLEAN,71,30.25,218.5,247.5,390,true
2026-07-08 09:30:00,2026-07-08,A_pre_optstopq_fix,PW_VAL_FADE_SHORT,UNKNOWN,,SHORT,29252.5,81,49,,,,STOP_HIT,PRICE_CLEAN,-163,85.5,247.5,218.5,390,true
2026-07-08 09:30:00,2026-07-08,A_pre_optstopq_fix,3M_POC_FADE_SHORT,UNKNOWN,,SHORT,29252.5,74,42,,,,STOP_HIT,PRICE_CLEAN,-149,75,247.5,218.5,390,true
2026-07-08 09:30:00,2026-07-08,A_pre_optstopq_fix,OR_LOW_FADE_LONG,UNKNOWN,,LONG,29252.5,74,38,74,38,2026-07-06,TARGET_HIT,PRICE_CLEAN,75,30.25,218.5,247.5,390,true
2026-07-08 09:30:00,2026-07-08,A_pre_optstopq_fix,IB_LOW_FADE_LONG,UNKNOWN,,LONG,29252.5,70,36,70,36,2026-07-06,TARGET_HIT,PRICE_CLEAN,71,30.25,218.5,247.5,390,true
2026-07-08 09:30:00,2026-07-08,A_pre_optstopq_fix,WS1_FADE_SHORT,UNKNOWN,,SHORT,29252.5,71,44,,,,STOP_HIT,PRICE_CLEAN,-143,75,247.5,218.5,390,true
2026-07-08 09:31:00,2026-07-08,A_pre_optstopq_fix,CAM_S2_FADE_SHORT,UNKNOWN,,SHORT,29296.25,74,47,74,47,2026-07-06,STOP_HIT,PRICE_CLEAN,-149,85,203.75,262.25,390,true
2026-07-08 09:32:00,2026-07-08,A_pre_optstopq_fix,OR_HIGH_FADE_SHORT,UNKNOWN,,SHORT,29319,62,47,62,47,2026-07-06,TARGET_HIT,PRICE_CLEAN,93,19,181,285,390,true
2026-07-08 09:32:00,2026-07-08,A_pre_optstopq_fix,PD_VAL_FADE_SHORT,UNKNOWN,,SHORT,29319,81,53,81,53,2026-07-06,TARGET_HIT,PRICE_CLEAN,105,19,181,285,390,true
2026-07-08 09:38:00,2026-07-08,A_pre_optstopq_fix,PW_LOW_FADE_LONG,BACKFILL,,LONG,29269.25,124.5,74.5,,,,TARGET_HIT,BACKFILL,148,14.75,235.25,230.75,390,true
2026-07-08 09:40:00,2026-07-08,A_pre_optstopq_fix,PD_CLOSE_FADE_SHORT,UNKNOWN,,SHORT,29374.25,72,41,,,,TARGET_HIT,PRICE_CLEAN,81,10.75,125.75,340.25,390,true
2026-07-08 09:41:00,2026-07-08,A_pre_optstopq_fix,CAM_S1_FADE_LONG,BACKFILL,,LONG,29366.5,76.43999999999869,40.63000000000102,82,42,2026-07-06,STOP_HIT,BACKFILL,-153.88,78.75,332.5,133.5,390,true
2026-07-08 09:45:00,2026-07-08,A_pre_optstopq_fix,PD_CLOSE_FADE_SHORT,BACKFILL,,SHORT,29384.25,120,51.75,,,,TARGET_HIT,BACKFILL,102.5,14.75,115.75,350.25,390,true
2026-07-08 09:47:00,2026-07-08,A_pre_optstopq_fix,CAM_S1_FADE_SHORT,UNKNOWN,,SHORT,29365,66,47,66,47,2026-07-06,INVALIDATED,,,34,135,331,390,true
2026-07-08 09:49:00,2026-07-08,A_pre_optstopq_fix,CAM_S2_FADE_LONG,UNKNOWN,,LONG,29304.25,73,44,73,44,2026-07-06,TARGET_HIT,PRICE_CLEAN,87,16.5,270.25,195.75,390,true
2026-07-08 09:50:00,2026-07-08,A_pre_optstopq_fix,OR_HIGH_FADE_LONG,UNKNOWN,,LONG,29329,80,43,80,43,2026-07-06,TARGET_HIT,PRICE_CLEAN,85,5.25,295,171,390,true
2026-07-08 09:58:00,2026-07-08,A_pre_optstopq_fix,IB_BULLISH,UNKNOWN,,LONG,29376,50,218,114,30,2026-07-06,STOP_HIT,PRICE_CLEAN,-101,68.25,342,124,390,true
2026-07-08 10:11:00,2026-07-08,A_pre_optstopq_fix,PW_VAL_FADE_LONG,UNKNOWN,,LONG,29270.75,81,49,,,,TARGET_HIT,PRICE_CLEAN,97,35.5,236.75,229.25,390,true
2026-07-08 10:15:00,2026-07-08,A_pre_optstopq_fix,WS1_FADE_LONG,UNKNOWN,,LONG,29252.5,68,43,68,43,2026-07-06,TARGET_HIT,PRICE_CLEAN,85,13.75,218.5,247.5,390,true
2026-07-08 10:29:00,2026-07-08,A_pre_optstopq_fix,3M_POC_FADE_LONG,UNKNOWN,,LONG,29292.5,74,42,,,,TARGET_HIT,PRICE_CLEAN,83,28.5,258.5,207.5,390,true
2026-07-08 10:30:00,2026-07-08,A_pre_optstopq_fix,IB_MID_SCALP_FADE_SHORT,BACKFILL,,SHORT,29299,56.25,29,58,32,2026-07-06,TARGET_HIT,BACKFILL,57,21.25,201,265,390,true
2026-07-08 10:35:00,2026-07-08,A_pre_optstopq_fix,OR_MID_AFTER_IB_FADE_LONG,BACKFILL,,LONG,29269,62,30.25,65,32,2026-07-06,TARGET_HIT,BACKFILL,59.5,2.75,235,231,390,true
2026-07-08 10:45:00,2026-07-08,A_pre_optstopq_fix,PD_LOW_FADE_LONG,BACKFILL,,LONG,29224.25,143.4399999999987,62.38000000000102,,,,TARGET_HIT,BACKFILL,123.76,73.25,190.25,275.75,390,true
2026-07-08 10:46:00,2026-07-08,A_pre_optstopq_fix,DAILY_OPEN_FADE_LONG,BACKFILL,,LONG,29206.5,112,64.5,,,,TARGET_HIT,BACKFILL,128,55.5,172.5,293.5,390,true
2026-07-08 10:47:00,2026-07-08,A_pre_optstopq_fix,FLOOR_S1_FADE_LONG,UNKNOWN,,LONG,29184.25,64,49,64,49,2026-07-06,INVALIDATED,,,33.25,150.25,315.75,390,true
2026-07-08 10:59:00,2026-07-08,A_pre_optstopq_fix,C_PAIRED_LONG,UNKNOWN,,LONG,29212,11,382,,,,STOP_HIT,PRICE_CLEAN,-23,14,178,288,390,true
2026-07-08 11:00:00,2026-07-08,A_pre_optstopq_fix,STOP_SWEEP_LONG,UNKNOWN,,LONG,29216.5,50.5,30.5,,,,STOP_HIT,PRICE_CLEAN,-102,57,182.5,283.5,390,true
2026-07-08 11:01:00,2026-07-08,A_pre_optstopq_fix,TRT_SHORT,UNKNOWN,,SHORT,29200,171,125,,,,TARGET_HIT,PRICE_CLEAN,249,23.25,300,166,390,true
2026-07-08 11:08:00,2026-07-08,A_pre_optstopq_fix,IB_LOW_FADE_SHORT,UNKNOWN,,SHORT,29208.5,68,40,68,40,2026-07-06,TARGET_HIT,PRICE_CLEAN,79,8,291.5,174.5,390,true
2026-07-08 11:14:00,2026-07-08,A_pre_optstopq_fix,CAM_S4_FADE_LONG,UNKNOWN,,LONG,29136.75,72,44,72,44,2026-07-06,INVALIDATED,MARK_TO_MARKET,-279.5,72,102.75,363.25,390,true
2026-07-08 11:19:00,2026-07-08,A_pre_optstopq_fix,CAM_S4_FADE_SHORT,UNKNOWN,,SHORT,29141.75,40,44,40,44,2026-07-06,TARGET_HIT,PRICE_CLEAN,87,9.75,358.25,107.75,390,true
2026-07-08 13:07:00,2026-07-08,A_pre_optstopq_fix,IB_HIGH_FADE_SHORT,BACKFILL,,SHORT,29385.75,52.43999999999869,30.38000000000102,54,32,2026-07-06,TARGET_HIT,BACKFILL,59.76,4,197.25,61.5,390,true
2026-07-08 13:21:00,2026-07-08,A_pre_optstopq_fix,PD_IB_LOW_FADE_SHORT,UNKNOWN,,SHORT,29399,70,46,70,46,2026-07-06,TARGET_HIT,PRICE_CLEAN,91,58.75,184,74.75,390,true
2026-07-08 13:24:00,2026-07-08,A_pre_optstopq_fix,FLOOR_PIVOT_FADE_SHORT,UNKNOWN,,SHORT,29420.25,81,53,81,53,2026-07-06,TARGET_HIT,PRICE_CLEAN,105,37.5,162.75,96,390,true
2026-07-08 13:25:00,2026-07-08,A_pre_optstopq_fix,PD_SESSION_MID_FADE_SHORT,UNKNOWN,,SHORT,29432.75,77,50,77,50,2026-07-06,TARGET_HIT,PRICE_CLEAN,99,25,150.25,108.5,390,true
2026-07-08 13:25:00,2026-07-08,A_pre_optstopq_fix,CAM_R1_FADE_SHORT,UNKNOWN,,SHORT,29432.75,66,41,66,41,2026-07-06,TARGET_HIT,PRICE_CLEAN,81,25,150.25,108.5,390,true
2026-07-08 14:04:00,2026-07-09,A_pre_optstopq_fix,GLOBEX_VWAP_FADE_SHORT,BACKFILL,,SHORT,29433.75,90,40,,,,STOP_HIT,BACKFILL,-181,92.75,149.25,86.25,390,true
2026-07-08 14:06:00,2026-07-08,A_pre_optstopq_fix,PD_CLOSE_FADE_LONG,UNKNOWN,,LONG,29395.25,72,41,,,,TARGET_HIT,PRICE_CLEAN,81,47.75,47.75,187.75,390,true
2026-07-08 14:15:00,2026-07-08,A_pre_optstopq_fix,IB_HIGH_FADE_LONG,UNKNOWN,,LONG,29412.5,53,32,53,32,2026-07-06,STOP_HIT,PRICE_CLEAN,-107,59.5,65,170.5,390,true
2026-07-08 15:56:00,2026-07-08,A_pre_optstopq_fix,CAM_R2_FADE_SHORT,UNKNOWN,,SHORT,29472.5,56,43,56,43,2026-07-06,INVALIDATED,,,27.5,110.5,119.25,390,true
2026-07-08 15:57:00,2026-07-08,A_pre_optstopq_fix,PM_VAL_FADE_SHORT,BACKFILL,,SHORT,29488.75,109.25,68.75,,,,TIME_EXPIRED,BACKFILL,0,11.25,94.25,135.5,390,true
2026-07-08 18:00:31.275064,2026-07-09,A_pre_optstopq_fix,PD_VAH_FADE_SHORT,ACTIVE,,SHORT,29439.25,65.25,41.5,67,44,2026-07-06,TARGET_HIT,PRICE_CLEAN,82,18.25,143.75,44.25,390,true
2026-07-09 05:32:00,2026-07-09,A_pre_optstopq_fix,RTH_VWAP_FADE_SHORT,BACKFILL,,SHORT,29700,90,40,,,,STOP_HIT,BACKFILL,-181,118,231.25,135.5,390,true
2026-07-09 09:30:00,2026-07-09,A_pre_optstopq_fix,OR_LOW_FADE_LONG,ACTIVE,,LONG,29695.5,72,39,74,38,2026-07-06,TARGET_HIT,PRICE_CLEAN,77,23.5,81,298,390,true
2026-07-09 09:30:00,2026-07-09,A_pre_optstopq_fix,5D_OR_MID_FADE_LONG,ACTIVE,,LONG,29695.5,63,34,63,34,2026-07-07,TARGET_HIT,PRICE_CLEAN,67,9.25,81,298,390,true
2026-07-09 09:30:00,2026-07-09,A_pre_optstopq_fix,OR_MID_AFTER_IB_FADE_LONG,ACTIVE,,LONG,29695.5,63,33,65,32,2026-07-06,TARGET_HIT,PRICE_CLEAN,65,9.25,81,298,390,true
2026-07-09 09:33:00,2026-07-09,A_pre_optstopq_fix,MONTHLY_VWAP_FADE_SHORT,BACKFILL,,SHORT,29734.75,300,300,,,,TIME_EXPIRED,BACKFILL,0,258.75,258.75,120.25,390,true
2026-07-09 09:34:00,2026-07-09,A_pre_optstopq_fix,10D_IB_MID_FADE_SHORT,SHADOW,,SHORT,29778.75,72,44,,,,STOP_HIT,PRICE_CLEAN,-145,84.25,214.75,164.25,390,true
2026-07-09 09:34:00,2026-07-09,A_pre_optstopq_fix,OR_HIGH_FADE_SHORT,ACTIVE,,SHORT,29778.75,65,46,62,47,2026-07-06,STOP_HIT,PRICE_CLEAN,-131,84.25,214.75,164.25,390,true
2026-07-09 09:34:00,2026-07-09,A_pre_optstopq_fix,ONH_FADE_SHORT,BACKFILL,,SHORT,29778.75,94,57.75,,,,STOP_HIT,BACKFILL,-189,106.75,214.75,164.25,390,true
2026-07-09 09:35:00,2026-07-09,A_pre_optstopq_fix,FLOOR_R2_FADE_SHORT,BACKFILL,,SHORT,29808.75,74.25,45.75,,,,STOP_HIT,BACKFILL,-149.5,76.75,184.75,194.25,390,true
2026-07-09 09:35:00,2026-07-09,A_pre_optstopq_fix,10D_IB_MID_FADE_SHORT,BACKFILL,,SHORT,29808.75,142.25,67.75,,,,TARGET_HIT,BACKFILL,134.5,122.5,184.75,194.25,390,true
2026-07-09 09:55:00,2026-07-09,A_pre_optstopq_fix,WEEKLY_OPEN_FADE_SHORT,BACKFILL,,SHORT,29923.25,100.18999999999869,60.13000000000102,,,,TARGET_HIT,BACKFILL,119.26,8,70.25,308.75,390,true
2026-07-09 10:20:00,2026-07-09,A_pre_optstopq_fix,FLOOR_R1_FADE_LONG,ACTIVE,,LONG,29641,70,35,75,35,2026-07-06,TARGET_HIT,PRICE_CLEAN,69,26.5,17.5,352.5,390,true
2026-07-09 10:21:00,2026-07-09,A_pre_optstopq_fix,IB_LOW_FADE_LONG,ACTIVE,,LONG,29641.25,69,37,70,36,2026-07-06,TARGET_HIT,PRICE_CLEAN,73,17.75,0,352.25,390,true
2026-07-09 10:27:00,2026-07-09,A_pre_optstopq_fix,DAILY_OPEN_FADE_SHORT,BACKFILL,,SHORT,29752.75,112,64.5,,,,STOP_HIT,BACKFILL,-225,126.25,240.75,58.5,390,true
2026-07-09 10:28:00,2026-07-09,A_pre_optstopq_fix,OPEN_DRIVE_LONG,SHADOW,,LONG,29774,211,117,77,52,2026-07-06,TARGET_HIT,PRICE_CLEAN,233,79.75,79.75,219.5,390,true
2026-07-09 10:32:00,2026-07-09,A_pre_optstopq_fix,OR_MID_AFTER_IB_FADE_SHORT,BACKFILL,,SHORT,29734.25,62,30.25,57,33,2026-07-06,STOP_HIT,BACKFILL,-125,0.25,259.25,11.75,390,true
2026-07-09 10:35:00,2026-07-09,A_pre_optstopq_fix,IB_MID_SCALP_FADE_SHORT,BACKFILL,,SHORT,29768.5,56.25,29,58,32,2026-07-06,TARGET_HIT,BACKFILL,57,10.75,225,45,390,true
2026-07-09 10:59:00,2026-07-09,A_pre_optstopq_fix,C_PAIRED_LONG,SHADOW,,LONG,29788,116,158,,,,TIME_EXPIRED,RECOVERY_MTM,252.5,8.5,8.5,205.5,390,true
2026-07-09 12:05:00,2026-07-09,A_pre_optstopq_fix,IB_HIGH_FADE_SHORT,BACKFILL,,SHORT,29919,52.43999999999869,30.38000000000102,54,32,2026-07-06,TARGET_HIT,BACKFILL,59.76,5.25,74.5,55,390,true
2026-07-09 14:04:00,2026-07-10,A_pre_optstopq_fix,GLOBEX_VWAP_FADE_SHORT,BACKFILL,,SHORT,29941.25,90,40,,,,TARGET_HIT,BACKFILL,79,23,43.75,137,390,true
2026-07-09 18:21:16.105618,2026-07-10,A_pre_optstopq_fix,PD_POC_FADE_SHORT,SHADOW,,SHORT,29917.5,70.0625,37.875,75,46,2026-07-06,TARGET_HIT,PRICE_CLEAN,74.75,46.75,46.75,113.25,390,true
2026-07-09 20:04:16.337635,2026-07-10,A_pre_optstopq_fix,PD_POC_FADE_LONG,ACTIVE,,LONG,29902.5,72.25,40.25,74,45,2026-07-06,STOP_HIT,PRICE_CLEAN,-145.5,76.5,127.25,61,390,true
2026-07-09 20:25:15.803122,2026-07-10,A_pre_optstopq_fix,PD_VAL_FADE_LONG,ACTIVE,,LONG,29836.25,91.5,40.75,89,49,2026-07-06,TARGET_HIT,PRICE_CLEAN,80.5,32,61,127.25,390,true
2026-07-10 05:37:00,2026-07-10,A_pre_optstopq_fix,RTH_VWAP_FADE_LONG,BACKFILL,,LONG,29898.5,90,40,,,,STOP_HIT,BACKFILL,-181,100.5,223.5,93,390,true
2026-07-10 09:30:00,2026-07-10,A_pre_optstopq_fix,OR_LOW_FADE_LONG,ACTIVE,,LONG,29875.75,72,39,72,40,2026-07-09,TARGET_HIT,PRICE_CLEAN,77,21,200.75,202,390,true
2026-07-10 09:30:00,2026-07-10,A_pre_optstopq_fix,FLOOR_PIVOT_FADE_SHORT,ACTIVE,,SHORT,29875.75,81,53,81,60,2026-07-09,TARGET_HIT,PRICE_CLEAN,105,61,202,200.75,390,true
2026-07-10 09:30:00,2026-07-10,A_pre_optstopq_fix,IB_LOW_FADE_LONG,ACTIVE,,LONG,29875.75,69,37,69,40,2026-07-09,TARGET_HIT,PRICE_CLEAN,73,21,200.75,202,390,true
2026-07-10 09:32:00,2026-07-10,A_pre_optstopq_fix,OR_HIGH_FADE_SHORT,ACTIVE,,SHORT,29912.75,69,46,69,50,2026-07-09,TARGET_HIT,PRICE_CLEAN,91,24,165,237.75,390,true
2026-07-10 09:36:00,2026-07-10,A_pre_optstopq_fix,WEEKLY_OPEN_FADE_SHORT,BACKFILL,,SHORT,29923,100.18999999999869,60.13000000000102,,,,TARGET_HIT,BACKFILL,119.26,13.75,154.75,248,390,true
2026-07-10 09:36:00,2026-07-10,A_pre_optstopq_fix,PD_IB_HIGH_FADE_SHORT,BACKFILL,,SHORT,29923,81.09999999999854,40.099999999998545,38,50,2026-07-09,TARGET_HIT,BACKFILL,79.2,10.75,154.75,248,390,true
2026-07-10 09:39:00,2026-07-10,A_pre_optstopq_fix,FLOOR_PIVOT_FADE_LONG,ACTIVE,,LONG,29864.75,82,51,82,50,2026-07-09,INVALIDATED,MARK_TO_MARKET,-90.5,66.75,189.75,213,390,true
2026-07-10 09:40:00,2026-07-10,A_pre_optstopq_fix,10D_IB_MID_FADE_LONG,SHADOW,,LONG,29806,75,44,,,,TARGET_HIT,PRICE_CLEAN,87,6.75,131,271.75,390,true
2026-07-10 09:41:00,2026-07-10,A_pre_optstopq_fix,VALUE_AREA_RESPONSIVE_LONG,ACTIVE,,LONG,29827,14,78,31,20,2026-07-09,TARGET_HIT,PRICE_CLEAN,155,6.75,152,250.75,390,true
2026-07-10 09:41:00,2026-07-10,A_pre_optstopq_fix,DAILY_OPEN_FADE_LONG,BACKFILL,,LONG,29827.25,112,64.5,,,,TARGET_HIT,BACKFILL,128,28,152.25,250.5,390,true
2026-07-10 09:49:00,2026-07-10,A_pre_optstopq_fix,PD_CLOSE_FADE_SHORT,BACKFILL,,SHORT,29940.75,120,51.75,,,,TARGET_HIT,BACKFILL,102.5,27.75,137,265.75,390,true
2026-07-10 09:52:00,2026-07-10,A_pre_optstopq_fix,ONH_FADE_SHORT,BACKFILL,,SHORT,29960.5,94,57.75,,,,TARGET_HIT,BACKFILL,114.5,8,117.25,285.5,390,true
2026-07-10 09:55:00,2026-07-10,A_pre_optstopq_fix,OR_HIGH_FADE_LONG,ACTIVE,,LONG,29923,79,43,79,50,2026-07-09,TARGET_HIT,PRICE_CLEAN,85,19.5,248,154.75,390,true
2026-07-10 10:32:00,2026-07-10,A_pre_optstopq_fix,PD_IB_MID_FADE_LONG,ACTIVE,,LONG,29761,58,32,58,35,2026-07-09,INVALIDATED,,,1,0,316.75,390,true
2026-07-10 10:32:00,2026-07-10,A_pre_optstopq_fix,MONTHLY_VWAP_FADE_LONG,BACKFILL,,LONG,29761,300,300,,,,TARGET_HIT,BACKFILL,599,86,0,316.75,390,true
2026-07-10 10:33:00,2026-07-10,A_pre_optstopq_fix,PD_OR_MID_FADE_LONG,SHADOW,,LONG,29832.5,91,40,,,,TARGET_HIT,PRICE_CLEAN,79,4,52.5,245.25,390,true
2026-07-10 10:33:00,2026-07-10,A_pre_optstopq_fix,STOP_SWEEP_LONG,SHADOW,,LONG,29832.5,162.5,30.5,,,,TARGET_HIT,PRICE_CLEAN,60,4,52.5,245.25,390,true
2026-07-10 10:34:00,2026-07-10,A_pre_optstopq_fix,STOP_SWEEP_LONG,SHADOW,,LONG,29850,180,30,,,,TARGET_HIT,PRICE_CLEAN,59,25,70,227.75,390,true
2026-07-10 10:36:00,2026-07-10,A_pre_optstopq_fix,OR_MID_AFTER_IB_FADE_LONG,ACTIVE,,LONG,29870.75,63,33,63,35,2026-07-09,TARGET_HIT,PRICE_CLEAN,65,30.75,90.75,207,390,true
2026-07-10 10:36:00,2026-07-10,A_pre_optstopq_fix,OR_MID_AFTER_IB_FADE_SHORT,BACKFILL,,SHORT,29870.75,62,30.25,61,40,2026-07-09,TARGET_HIT,BACKFILL,59.5,9.25,207,90.75,390,true
2026-07-10 10:36:00,2026-07-10,A_pre_optstopq_fix,IB_MID_SCALP_FADE_SHORT,BACKFILL,,SHORT,29870.75,56.25,29,58,35,2026-07-09,TARGET_HIT,BACKFILL,57,9.25,207,90.75,390,true
2026-07-10 10:50:00,2026-07-10,A_pre_optstopq_fix,IB_MID_SCALP_FADE_LONG,ACTIVE,,LONG,29882.25,59,30,59,35,2026-07-09,STOP_HIT,PRICE_CLEAN,-119,73.5,102.25,195.5,390,true
2026-07-10 10:58:00,2026-07-10,A_pre_optstopq_fix,FAILED_AUCTION_LONG,SHADOW,,LONG,29820,54,166,,,,TARGET_HIT,PRICE_CLEAN,331,40,40,257.75,390,true
2026-07-10 11:03:00,2026-07-10,A_pre_optstopq_fix,OR_LOW_FADE_SHORT,ACTIVE,,SHORT,29825.75,53,39,53,40,2026-07-09,TARGET_HIT,PRICE_CLEAN,77,4.25,252,45.75,390,true
2026-07-10 11:25:00,2026-07-10,A_pre_optstopq_fix,IB_HIGH_FADE_SHORT,BACKFILL,,SHORT,29960,52.43999999999869,30.38000000000102,54,35,2026-07-09,TARGET_HIT,BACKFILL,59.76,31.5,117.75,126,390,true
2026-07-10 11:28:00,2026-07-10,A_pre_optstopq_fix,PD_HIGH_FADE_SHORT,BACKFILL,,SHORT,29980.25,100.13000000000102,44.88000000000102,,,,TARGET_HIT,BACKFILL,88.76,11.25,97.5,146.25,390,true
2026-07-10 11:36:00,2026-07-10,A_pre_optstopq_fix,STOP_SWEEP_SHORT,SHADOW,,SHORT,29953.75,43.25,29.75,,,,TARGET_HIT,PRICE_CLEAN,58.5,13.75,124,119.75,390,true
2026-07-10 11:36:00,2026-07-10,A_pre_optstopq_fix,IB_HIGH_FADE_LONG,ACTIVE,,LONG,29953.75,52,33,52,35,2026-07-09,STOP_HIT,PRICE_CLEAN,-105,52.75,119.75,124,390,true
2026-07-10 12:09:00,2026-07-10,A_pre_optstopq_fix,PD_VAH_FADE_LONG,ACTIVE,,LONG,29971.75,68,40,68,40,2026-07-09,TARGET_HIT,PRICE_CLEAN,79,9.25,116.75,106,390,true
2026-07-10 13:32:00,2026-07-10,A_pre_optstopq_fix,IB_BULLISH,ACTIVE,,LONG,30048,79,,80,50,2026-07-09,SESSION_CLOSED,,,,240.5,29.75,390,true
2026-07-10 18:00:02.211709,2026-07-13,A_pre_optstopq_fix,PD_POC_FADE_SHORT,SHADOW,PERFORMANCE_BELOW_THRESHOLD,SHORT,30052,70.0625,37.875,76,50,2026-07-09,TIME_EXPIRED,,,0,0,413.25,390,true
2026-07-11 00:00:16.63777,2026-07-11,A_pre_optstopq_fix,PD_POC_FADE_SHORT,SHADOW,,SHORT,30052,70.0625,37.875,76,50,2026-07-10,TIME_EXPIRED,,,,0,413.25,390,true
2026-07-11 00:01:00.120815,2026-07-11,A_pre_optstopq_fix,PD_VAH_FADE_SHORT,ACTIVE,,SHORT,30066.5,65.25,41.5,67,50,2026-07-10,TIME_EXPIRED,,,,0,427.75,390,true
2026-07-11 18:00:03.896949,2026-07-13,A_pre_optstopq_fix,PD_VAH_FADE_SHORT,ACTIVE,,SHORT,30066.5,65.25,41.5,67,50,2026-07-10,TIME_EXPIRED,,,0,0,427.75,390,true
2026-07-12 00:00:06.214752,2026-07-12,A_pre_optstopq_fix,PD_VAH_FADE_SHORT,ACTIVE,,SHORT,30066.5,65.25,41.5,67,50,2026-07-10,TIME_EXPIRED,,,,0,427.75,390,true
2026-07-12 14:30:00,2026-07-13,A_pre_optstopq_fix,GLOBEX_VWAP_FADE_LONG,BACKFILL,,LONG,29897.5,60,30,,,,TARGET_HIT,BACKFILL,59,52.5,258.75,143.5,390,true
2026-07-13 05:32:00,2026-07-13,A_pre_optstopq_fix,RTH_VWAP_FADE_LONG,BACKFILL,,LONG,29712.5,90,40,,,,STOP_HIT,BACKFILL,-181,96.25,224,87.25,390,true
2026-07-13 09:30:00,2026-07-13,A_pre_optstopq_fix,OR_MID_AFTER_IB_FADE_LONG,ACTIVE,,LONG,29714,63,33,63,35,2026-07-12,STOP_HIT,PRICE_CLEAN,-127,82.25,320.75,38.5,390,true
2026-07-13 09:30:00,2026-07-13,A_pre_optstopq_fix,OR_HIGH_FADE_SHORT,ACTIVE,,SHORT,29714,67,46,67,50,2026-07-12,TARGET_HIT,PRICE_CLEAN,91,23.25,38.5,320.75,390,true
2026-07-13 09:31:00,2026-07-13,A_pre_optstopq_fix,MONTHLY_VWAP_FADE_SHORT,BACKFILL,,SHORT,29727.25,300,300,,,,TARGET_HIT,BACKFILL,599,25.25,25.25,334,390,true
2026-07-13 09:34:00,2026-07-13,A_pre_optstopq_fix,OR_LOW_FADE_LONG,ACTIVE,,LONG,29644.75,72,39,72,40,2026-07-12,STOP_HIT,PRICE_CLEAN,-145,82.5,251.5,107.75,390,true
2026-07-13 09:35:00,2026-07-13,A_pre_optstopq_fix,PD_LOW_FADE_LONG,BACKFILL,,LONG,29664,143.4399999999987,62.38000000000102,,,,STOP_HIT,BACKFILL,-287.88,146,270.75,88.5,390,true
2026-07-13 09:36:00,2026-07-13,A_pre_optstopq_fix,IB_MID_SCALP_FADE_LONG,ACTIVE,,LONG,29644,60,30,60,35,2026-07-12,STOP_HIT,PRICE_CLEAN,-121,81.75,250.75,108.5,390,true
2026-07-13 09:40:00,2026-07-13,A_pre_optstopq_fix,WEEKLY_VWAP_FADE_LONG,BACKFILL,,LONG,29580.25,67.29999999999927,41,70,30,2026-07-12,TARGET_HIT,BACKFILL,81,18,187,172.25,390,true
2026-07-13 09:40:00,2026-07-13,A_pre_optstopq_fix,5D_OR_MID_FADE_LONG,ACTIVE,,LONG,29580.25,62,35,62,40,2026-07-12,STOP_HIT,PRICE_CLEAN,-125,62.25,187,172.25,390,true
2026-07-13 09:45:00,2026-07-13,A_pre_optstopq_fix,ONL_FADE_LONG,BACKFILL,,LONG,29544.75,118.38000000000102,57.25,,,,TARGET_HIT,BACKFILL,113.5,26.75,151.5,207.75,390,true
2026-07-13 09:51:00,2026-07-13,A_pre_optstopq_fix,FLOOR_S2_FADE_LONG,BACKFILL,,LONG,29521.75,131.63000000000102,63,,,,TARGET_HIT,BACKFILL,125,3.75,135.25,230.75,390,true
2026-07-13 09:58:00,2026-07-13,A_pre_optstopq_fix,IB_BEARISH,ACTIVE,,SHORT,29607,50,142,20,70,2026-07-12,STOP_HIT,PRICE_CLEAN,-101,53.75,145.5,220.5,390,true
2026-07-13 10:16:00,2026-07-13,A_pre_optstopq_fix,IB_LOW_FADE_LONG,ACTIVE,,LONG,29557.25,69,37,69,40,2026-07-12,TARGET_HIT,PRICE_CLEAN,73,63.75,170.75,195.25,390,true
2026-07-13 10:29:00,2026-07-13,A_pre_optstopq_fix,DAILY_OPEN_FADE_SHORT,BACKFILL,,SHORT,29701.5,112,64.5,,,,TARGET_HIT,BACKFILL,128,22.5,51,315,390,true
2026-07-13 11:00:00,2026-07-13,A_pre_optstopq_fix,IB_HIGH_FADE_SHORT,BACKFILL,,SHORT,29745.25,52.43999999999869,30.38000000000102,54,35,2026-07-12,TARGET_HIT,BACKFILL,59.76,7.25,0,358.75,390,true
2026-07-13 11:08:00,2026-07-13,A_pre_optstopq_fix,C_PAIRED_SHORT,SHADOW,,SHORT,29696,41,222,,,,TARGET_HIT,PRICE_CLEAN,443,33.5,33.5,309.5,390,true
2026-07-13 11:08:00,2026-07-13,A_pre_optstopq_fix,A_DOWN_WEAK,SHADOW,,SHORT,29696,41,117,,,,TARGET_HIT,PRICE_CLEAN,233,33.5,33.5,309.5,390,true
2026-07-13 11:53:00,2026-07-13,A_pre_optstopq_fix,OR_LOW_FADE_SHORT,ACTIVE,,SHORT,29633.25,52,40,52,40,2026-07-12,TARGET_HIT,PRICE_CLEAN,79,0.5,5.25,266.5,390,true
2026-07-13 12:16:00,2026-07-13,A_pre_optstopq_fix,A_DOWN_WEAK,SHADOW,,SHORT,29580,157,1,,,,TARGET_HIT,PRICE_CLEAN,1,5,11.5,252.75,390,true
2026-07-13 12:34:00,2026-07-13,A_pre_optstopq_fix,PM_VAL_FADE_LONG,BACKFILL,,LONG,29512,109.25,68.75,,,,TARGET_HIT,BACKFILL,136.5,51.25,184.75,68.75,390,true
2026-07-13 12:35:00,2026-07-13,A_pre_optstopq_fix,C_PAIRED_SHORT,SHADOW,,SHORT,29483,254,9,,,,TARGET_HIT,PRICE_CLEAN,17,6,97.75,155.75,390,true
2026-07-13 12:40:00,2026-07-13,A_pre_optstopq_fix,IB_LOW_FADE_SHORT,ACTIVE,,SHORT,29500,69,40,69,40,2026-07-12,TIME_EXPIRED,RECOVERY_MTM,-101,56.25,80.75,174.25,390,true
2026-07-13 14:04:00,2026-07-14,A_pre_optstopq_fix,GLOBEX_VWAP_FADE_LONG,BACKFILL,,LONG,29449.25,90,40,,,,STOP_HIT,BACKFILL,-181,93.25,123.5,92,390,true
2026-07-13 15:27:00,2026-07-13,A_pre_optstopq_fix,PW_VAL_FADE_LONG,BACKFILL,,LONG,29413.25,108,69.25,,,,TARGET_HIT,BACKFILL,137.5,20,87.5,128,390,true
2026-07-13 18:00:32.525808,2026-07-14,A_pre_optstopq_fix,PD_VAL_FADE_LONG,SHADOW,,LONG,29463,91.5,40.75,87,50,2026-07-12,STOP_HIT,PRICE_CLEAN,-184,96.25,159.5,78.25,390,true
2026-07-14 00:46:23.442596,2026-07-14,A_pre_optstopq_fix,PD_POC_FADE_LONG,ACTIVE,,LONG,29486.75,74.5,40.5,44,50,2026-07-13,TARGET_HIT,PRICE_CLEAN,80,8.75,8.75,163,390,true
2026-07-14 00:56:24.418798,2026-07-14,A_pre_optstopq_fix,PD_POC_FADE_SHORT,SHADOW,,SHORT,29502.5,70.0625,37.875,25,50,2026-07-13,STOP_HIT,PRICE_CLEAN,-141.12,72.25,166.75,12.5,390,true
2026-07-14 04:30:00,2026-07-14,A_pre_optstopq_fix,GLOBEX_VWAP_MAGNET_SHORT,BACKFILL,,SHORT,29901.25,30,20,,,,TARGET_HIT,BACKFILL,39,20.5,20.5,346.25,390,true
2026-07-14 04:32:00,2026-07-14,A_pre_optstopq_fix,GLOBEX_VWAP_MAGNET_SHORT,BACKFILL,,SHORT,29888.5,30,20,,,,TARGET_HIT,BACKFILL,39,19.5,33.25,333.5,390,true
2026-07-14 04:36:00,2026-07-14,A_pre_optstopq_fix,GLOBEX_VWAP_MAGNET_SHORT,BACKFILL,,SHORT,29848,30,20,,,,TARGET_HIT,BACKFILL,39,9.75,73.75,293,390,true
2026-07-14 04:38:00,2026-07-14,A_pre_optstopq_fix,GLOBEX_VWAP_MAGNET_SHORT,BACKFILL,,SHORT,29837.25,30,20,,,,TARGET_HIT,BACKFILL,39,3.25,84.5,282.25,390,true
2026-07-14 04:40:00,2026-07-14,A_pre_optstopq_fix,GLOBEX_VWAP_MAGNET_SHORT,BACKFILL,,SHORT,29826,30,20,,,,TARGET_HIT,BACKFILL,39,3.25,95.75,271,390,true
2026-07-14 04:42:00,2026-07-14,A_pre_optstopq_fix,GLOBEX_VWAP_MAGNET_SHORT,BACKFILL,,SHORT,29842.75,30,20,,,,TARGET_HIT,BACKFILL,39,6.75,79,287.75,390,true
2026-07-14 04:45:00,2026-07-14,A_pre_optstopq_fix,GLOBEX_VWAP_MAGNET_SHORT,BACKFILL,,SHORT,29830,30,20,,,,TARGET_HIT,BACKFILL,39,8.75,91.75,275,390,true
2026-07-14 05:40:00,2026-07-14,A_pre_optstopq_fix,RTH_VWAP_FADE_SHORT,BACKFILL,,SHORT,29762.25,90,40,,,,TARGET_HIT,BACKFILL,79,18.75,159.5,207.25,390,true
2026-07-14 07:25:37.826189,2026-07-14,A_pre_optstopq_fix,PD_VAH_FADE_SHORT,ACTIVE,,SHORT,29655.25,66.25,42,67,50,2026-07-13,TARGET_HIT,PRICE_CLEAN,83,15.25,266.5,87.75,390,true
2026-07-14 09:30:00,2026-07-14,A_pre_optstopq_fix,OR_HIGH_FADE_SHORT,ACTIVE,,SHORT,29769,66,46,66,50,2026-07-13,TARGET_HIT,PRICE_CLEAN,91,25.25,126.75,201.5,390,true
2026-07-14 09:30:00,2026-07-14,A_pre_optstopq_fix,OR_MID_AFTER_IB_FADE_LONG,SHADOW,,LONG,29769,64,33,23,35,2026-07-13,STOP_HIT,PRICE_CLEAN,-129,79.25,201.5,126.75,390,true
2026-07-14 09:31:00,2026-07-14,A_pre_optstopq_fix,MONTHLY_VWAP_FADE_LONG,BACKFILL,,LONG,29745,300,300,,,,TIME_EXPIRED,BACKFILL,0,177.5,177.5,150.75,390,true
2026-07-14 09:34:00,2026-07-14,A_pre_optstopq_fix,OR_LOW_FADE_LONG,ACTIVE,,LONG,29694.5,72,39,43,40,2026-07-13,TARGET_HIT,PRICE_CLEAN,77,9.5,127,201.25,390,true
2026-07-14 09:34:00,2026-07-14,A_pre_optstopq_fix,FLOOR_R1_FADE_LONG,ACTIVE,,LONG,29694.5,70,36,36,40,2026-07-13,TARGET_HIT,PRICE_CLEAN,71,9.5,127,201.25,390,true
2026-07-14 09:34:00,2026-07-14,A_pre_optstopq_fix,PD_OR_MID_FADE_LONG,SHADOW,,LONG,29694.5,91,40,,,,TARGET_HIT,PRICE_CLEAN,79,9.5,127,201.25,390,true
2026-07-14 09:37:00,2026-07-14,A_pre_optstopq_fix,PD_HIGH_FADE_SHORT,BACKFILL,,SHORT,29760.5,100.13000000000102,44.88000000000102,,,,TARGET_HIT,BACKFILL,88.76,17.5,135.25,193,390,true
2026-07-14 09:45:00,2026-07-14,A_pre_optstopq_fix,DAILY_OPEN_FADE_SHORT,BACKFILL,,SHORT,29797.5,112,64.5,,,,TARGET_HIT,BACKFILL,128,11,98.25,230,390,true
2026-07-14 09:58:00,2026-07-14,A_pre_optstopq_fix,IB_BULLISH,SHADOW,,LONG,29783,79,96,79,50,2026-07-13,STOP_HIT,PRICE_CLEAN,-159,94.25,215.5,112.75,390,true
2026-07-14 10:05:00,2026-07-14,A_pre_optstopq_fix,PD_VAH_FADE_LONG,ACTIVE,,LONG,29670,67,40,25,40,2026-07-13,INVALIDATED,,,102.5,102.5,225.75,390,true
2026-07-14 10:07:00,2026-07-14,A_pre_optstopq_fix,STOP_SWEEP_LONG,SHADOW,,LONG,29687.25,41.25,29.75,,,,STOP_HIT,PRICE_CLEAN,-83.5,50.25,119.75,208.5,390,true
2026-07-14 10:15:00,2026-07-14,A_pre_optstopq_fix,PD_IB_MID_FADE_LONG,ACTIVE,,LONG,29615.75,58,32,31,35,2026-07-13,INVALIDATED,MARK_TO_MARKET,-31.5,9,29.25,280,390,true
2026-07-14 10:16:00,2026-07-14,A_pre_optstopq_fix,5D_OR_MID_FADE_LONG,ACTIVE,,LONG,29605.5,63,34,26,40,2026-07-13,TARGET_HIT,PRICE_CLEAN,67,19,19,290.25,390,true
2026-07-14 10:16:00,2026-07-14,A_pre_optstopq_fix,IB_LOW_FADE_LONG,SHADOW,,LONG,29605.5,69,37,69,40,2026-07-13,TARGET_HIT,PRICE_CLEAN,73,19,19,290.25,390,true
2026-07-14 10:38:00,2026-07-14,A_pre_optstopq_fix,STOP_SWEEP_LONG,SHADOW,,LONG,29785.75,152.75,30.25,,,,TARGET_HIT,PRICE_CLEAN,59.5,126.25,126.25,110,390,true
2026-07-14 10:59:00,2026-07-14,A_pre_optstopq_fix,C_PAIRED_SHORT,SHADOW,,SHORT,29773,43,307,,,,STOP_HIT,PRICE_CLEAN,-87,71,122.75,68.5,390,true
2026-07-14 10:59:00,2026-07-14,A_pre_optstopq_fix,A_DOWN_WEAK,SHADOW,,SHORT,29773,43,307,,,,STOP_HIT,PRICE_CLEAN,-87,71,122.75,68.5,390,true
2026-07-14 11:07:00,2026-07-14,A_pre_optstopq_fix,10D_IB_MID_FADE_SHORT,BACKFILL,,SHORT,29836.25,142.25,67.75,,,,TARGET_HIT,BACKFILL,134.5,59.5,59.5,131.75,390,true
2026-07-14 11:07:00,2026-07-14,A_pre_optstopq_fix,TRT_LONG,SHADOW,,LONG,29836,190,106,,,,TIME_EXPIRED,RECOVERY_MTM,-4.5,131.5,131.5,59.75,390,true
2026-07-14 11:29:00,2026-07-14,A_pre_optstopq_fix,FLOOR_R2_FADE_SHORT,BACKFILL,,SHORT,29884.5,74.25,45.75,,,,TARGET_HIT,BACKFILL,90.5,11.25,0,180,390,true
2026-07-14 11:42:00,2026-07-14,A_pre_optstopq_fix,C_PAIRED_SHORT,SHADOW,,SHORT,29813,3,347,,,,STOP_HIT,PRICE_CLEAN,-7,5.75,65.25,108.5,390,true
2026-07-14 11:42:00,2026-07-14,A_pre_optstopq_fix,A_DOWN_WEAK,SHADOW,,SHORT,29813,3,347,,,,STOP_HIT,PRICE_CLEAN,-7,5.75,65.25,108.5,390,true
2026-07-14 11:42:00,2026-07-14,A_pre_optstopq_fix,IB_HIGH_FADE_LONG,SHADOW,,LONG,29813.25,53,33,53,35,2026-07-13,TARGET_HIT,PRICE_CLEAN,65,12.25,108.75,65,390,true
2026-07-14 12:59:00,2026-07-14,A_pre_optstopq_fix,TRT_LONG,SHADOW,,LONG,29827,181,115,,,,TARGET_HIT,PRICE_CLEAN,229,81.5,81.5,111,390,true
2026-07-14 14:04:00,2026-07-15,A_pre_optstopq_fix,GLOBEX_VWAP_FADE_LONG,BACKFILL,,LONG,29787.5,90,40,,,,TARGET_HIT,BACKFILL,79,42,42,155.25,390,true
2026-07-15 05:32:00,2026-07-15,A_pre_optstopq_fix,RTH_VWAP_FADE_LONG,BACKFILL,,LONG,29933.75,90,40,,,,STOP_HIT,BACKFILL,-181,93.75,417.75,66,390,true
2026-07-15 06:42:00,2026-07-15,A_pre_optstopq_fix,VWAP_MAGNET_LONG,BACKFILL,,LONG,29542.75,30,20,,,,TARGET_HIT,BACKFILL,39,2.25,145.75,457,390,true
2026-07-15 06:42:00,2026-07-15,A_pre_optstopq_fix,GLOBEX_VWAP_MAGNET_LONG,BACKFILL,,LONG,29542.75,30,20,,,,TARGET_HIT,BACKFILL,39,2.25,145.75,457,390,true
2026-07-15 06:45:00,2026-07-15,A_pre_optstopq_fix,GLOBEX_VWAP_MAGNET_LONG,BACKFILL,,LONG,29572.25,30,20,,,,TARGET_HIT,BACKFILL,39,9.75,175.25,427.5,390,true
2026-07-15 08:03:00,2026-07-15,A_pre_optstopq_fix,GLOBEX_VWAP_MAGNET_LONG,BACKFILL,,LONG,29521,30,20,,,,STOP_HIT,BACKFILL,-61,32,124,478.75,390,true
2026-07-15 08:06:00,2026-07-15,A_pre_optstopq_fix,VWAP_MAGNET_LONG,BACKFILL,,LONG,29493,30,20,,,,TARGET_HIT,BACKFILL,39,14,96,506.75,390,true
2026-07-15 08:07:00,2026-07-15,A_pre_optstopq_fix,GLOBEX_VWAP_MAGNET_LONG,BACKFILL,,LONG,29486.25,30,20,,,,TARGET_HIT,BACKFILL,39,7.25,89.25,513.5,390,true
2026-07-15 08:10:00,2026-07-15,A_pre_optstopq_fix,GLOBEX_VWAP_MAGNET_LONG,BACKFILL,,LONG,29515,30,20,,,,STOP_HIT,BACKFILL,-61,30,118,484.75,390,true
2026-07-15 08:13:00,2026-07-15,A_pre_optstopq_fix,VWAP_MAGNET_LONG,BACKFILL,,LONG,29482.75,30,20,,,,STOP_HIT,BACKFILL,-61,51.5,85.75,517,390,true
2026-07-15 08:13:00,2026-07-15,A_pre_optstopq_fix,GLOBEX_VWAP_MAGNET_LONG,BACKFILL,,LONG,29482.75,30,20,,,,STOP_HIT,BACKFILL,-61,51.5,85.75,517,390,true
2026-07-15 08:25:00,2026-07-15,A_pre_optstopq_fix,GLOBEX_VWAP_MAGNET_LONG,BACKFILL,,LONG,29452.5,30,20,,,,TARGET_HIT,BACKFILL,39,20.25,55.5,547.25,390,true
2026-07-15 08:25:00,2026-07-15,A_pre_optstopq_fix,VWAP_MAGNET_LONG,BACKFILL,,LONG,29452.5,30,20,,,,TARGET_HIT,BACKFILL,39,20.25,55.5,547.25,390,true
2026-07-15 08:31:00,2026-07-15,A_pre_optstopq_fix,VWAP_MAGNET_LONG,BACKFILL,,LONG,29459.25,30,20,,,,STOP_HIT,BACKFILL,-61,33.25,62.25,540.5,390,true
2026-07-15 08:31:00,2026-07-15,A_pre_optstopq_fix,GLOBEX_VWAP_MAGNET_LONG,BACKFILL,,LONG,29459.25,30,20,,,,STOP_HIT,BACKFILL,-61,33.25,62.25,540.5,390,true
2026-07-15 08:35:00,2026-07-15,A_pre_optstopq_fix,GLOBEX_VWAP_MAGNET_LONG,BACKFILL,,LONG,29423.75,30,20,,,,TARGET_HIT,BACKFILL,39,26.75,26.75,576,390,true
2026-07-15 08:35:00,2026-07-15,A_pre_optstopq_fix,VWAP_MAGNET_LONG,BACKFILL,,LONG,29423.75,30,20,,,,TARGET_HIT,BACKFILL,39,26.75,26.75,576,390,true
2026-07-15 08:45:00,2026-07-15,A_pre_optstopq_fix,GLOBEX_VWAP_MAGNET_LONG,BACKFILL,,LONG,29438.75,30,20,,,,TARGET_HIT,BACKFILL,39,5,41.75,561,390,true
2026-07-15 08:45:00,2026-07-15,A_pre_optstopq_fix,VWAP_MAGNET_LONG,BACKFILL,,LONG,29438.75,30,20,,,,TARGET_HIT,BACKFILL,39,5,41.75,561,390,true
2026-07-15 08:47:00,2026-07-15,A_pre_optstopq_fix,GLOBEX_VWAP_MAGNET_LONG,BACKFILL,,LONG,29465,30,20,,,,TARGET_HIT,BACKFILL,39,0.75,68,534.75,390,true
2026-07-15 08:55:00,2026-07-15,A_pre_optstopq_fix,GLOBEX_VWAP_MAGNET_LONG,BACKFILL,,LONG,29474.75,30,20,,,,TARGET_HIT,BACKFILL,39,14,77.75,525,390,true
2026-07-15 09:33:00,2026-07-15,A_pre_optstopq_fix,FLOOR_R1_FADE_LONG,ACTIVE,,LONG,29931.25,67,39,14,35,2026-07-14,STOP_HIT,PRICE_CLEAN,-135,79.25,534.25,35.25,390,true
2026-07-15 09:34:00,2026-07-15,A_pre_optstopq_fix,WEEKLY_OPEN_FADE_LONG,BACKFILL,,LONG,29953,100.18999999999869,60.13000000000102,,,,STOP_HIT,BACKFILL,-201.38,101,556,0,390,true
2026-07-15 09:34:00,2026-07-15,A_pre_optstopq_fix,DAILY_OPEN_FADE_LONG,BACKFILL,,LONG,29953,112,64.5,,,,STOP_HIT,BACKFILL,-225,113,556,0,390,true
2026-07-15 09:36:00,2026-07-15,A_pre_optstopq_fix,PW_POC_FADE_LONG,BACKFILL,,LONG,29931.75,118.5,55.75,,,,STOP_HIT,BACKFILL,-238,134.75,534.75,0,390,true
2026-07-15 09:39:00,2026-07-15,A_pre_optstopq_fix,PD_HIGH_FADE_LONG,BACKFILL,,LONG,29882.25,100.13000000000102,44.88000000000102,,,,STOP_HIT,BACKFILL,-201.26,107,485.25,10.25,390,true
2026-07-15 09:44:00,2026-07-15,A_pre_optstopq_fix,PD_POC_FADE_LONG,ACTIVE,,LONG,29833.25,76,45,29,50,2026-07-14,STOP_HIT,PRICE_CLEAN,-153,76.25,436.25,59.25,390,true
2026-07-15 09:45:00,2026-07-15,A_pre_optstopq_fix,IB_MID_SCALP_FADE_LONG,ACTIVE,,LONG,29832.5,58,31,25,30,2026-07-14,STOP_HIT,PRICE_CLEAN,-117,75.5,435.5,60,390,true
2026-07-15 09:46:00,2026-07-15,A_pre_optstopq_fix,10D_IB_MID_FADE_LONG,BACKFILL,,LONG,29811.25,142.25,67.75,,,,TARGET_HIT,BACKFILL,134.5,56.75,414.25,81.25,390,true
2026-07-15 09:47:00,2026-07-15,A_pre_optstopq_fix,PD_CLOSE_FADE_LONG,BACKFILL,,LONG,29798.5,120,51.75,,,,TARGET_HIT,BACKFILL,102.5,44,401.5,94,390,true
2026-07-15 09:51:00,2026-07-15,A_pre_optstopq_fix,ONL_FADE_LONG,BACKFILL,,LONG,29759.75,118.38000000000102,57.25,,,,TARGET_HIT,BACKFILL,113.5,5.25,362.75,132.75,390,true
2026-07-15 10:24:00,2026-07-15,A_pre_optstopq_fix,PD2_VAH_FADE_LONG,ACTIVE,,LONG,29672.75,91,40,,,,INVALIDATED,,,33.5,275.75,70,390,true
2026-07-15 10:28:00,2026-07-15,A_pre_optstopq_fix,IB_BEARISH,ACTIVE,,SHORT,29699,93,,54,70,2026-07-14,SESSION_CLOSED,,,,43.75,302,390,true
2026-07-15 10:29:00,2026-07-15,A_pre_optstopq_fix,MONTHLY_VWAP_FADE_SHORT,BACKFILL,,SHORT,29724,300,300,,,,TARGET_HIT,BACKFILL,599,12.75,18.75,327,390,true
2026-07-15 10:42:00,2026-07-15,A_pre_optstopq_fix,5D_OR_MID_FADE_LONG,ACTIVE,,LONG,29542.75,27,35,20,30,2026-07-14,TARGET_HIT,PRICE_CLEAN,69,2.25,145.75,206.25,390,true
2026-07-15 10:42:00,2026-07-15,A_pre_optstopq_fix,VWAP_MAGNET_LONG,SHADOW,,LONG,29542.75,30,20,,,,TARGET_HIT,PRICE_CLEAN,39,2.25,145.75,206.25,390,true
2026-07-15 10:43:00,2026-07-15,A_pre_optstopq_fix,PD_LOW_FADE_LONG,BACKFILL,,LONG,29570.5,143.4399999999987,62.38000000000102,,,,TARGET_HIT,BACKFILL,123.76,30,173.5,178.5,390,true
2026-07-15 12:05:00,2026-07-15,A_pre_optstopq_fix,PM_VAL_FADE_LONG,BACKFILL,,LONG,29507,109.25,68.75,,,,STOP_HIT,BACKFILL,-219.5,110,110,242,390,true
2026-07-15 12:06:00,2026-07-15,A_pre_optstopq_fix,VWAP_MAGNET_LONG,SHADOW,,LONG,29493,30,20,,,,TARGET_HIT,PRICE_CLEAN,39,14,96,256,390,true
2026-07-15 12:08:00,2026-07-15,A_pre_optstopq_fix,PD2_VAL_FADE_LONG,SHADOW,,LONG,29490,80,43,,,,STOP_HIT,PRICE_CLEAN,-161,82,93,259,390,true
2026-07-15 12:34:00,2026-07-15,A_pre_optstopq_fix,FLOOR_S2_FADE_LONG,BACKFILL,,LONG,29434,131.63000000000102,63,,,,TARGET_HIT,BACKFILL,125,37,37,315,390,true
2026-07-15 12:36:00,2026-07-15,A_pre_optstopq_fix,PW_VAL_FADE_LONG,BACKFILL,,LONG,29411.5,108,69.25,,,,TARGET_HIT,BACKFILL,137.5,14.5,14.5,337.5,390,true
2026-07-15 14:04:00,2026-07-16,A_pre_optstopq_fix,GLOBEX_VWAP_FADE_SHORT,BACKFILL,,SHORT,29734.25,90,40,,,,TARGET_HIT,BACKFILL,79,14.75,29,145.25,390,true
2026-07-15 18:00:58.956145,2026-07-16,A_pre_optstopq_fix,PD_VAH_FADE_SHORT,ACTIVE,,SHORT,29724.75,66.25,42,32,40,2026-07-14,TARGET_HIT,PRICE_CLEAN,83,24.25,38.5,131.25,390,true
2026-07-16 03:14:59.275207,2026-07-16,A_pre_optstopq_fix,PD_POC_FADE_SHORT,ACTIVE,,SHORT,29624.25,70.0625,37.875,24,50,2026-07-15,TARGET_HIT,PRICE_CLEAN,74.75,25.25,25.25,319.25,390,true
2026-07-16 03:34:01.145831,2026-07-16,A_pre_optstopq_fix,PD_POC_FADE_LONG,ACTIVE,,LONG,29606.5,74.5,40.5,29,50,2026-07-15,STOP_HIT,PRICE_CLEAN,-150,85.5,351,38.75,390,true
2026-07-16 04:16:02.172137,2026-07-16,A_pre_optstopq_fix,PD_VAL_FADE_LONG,ACTIVE,,LONG,29490.5,91.5,40.75,40,50,2026-07-15,TARGET_HIT,PRICE_CLEAN,80.5,5.5,235,154.75,390,true
2026-07-16 05:49:00,2026-07-16,A_pre_optstopq_fix,GLOBEX_VWAP_MAGNET_LONG,BACKFILL,,LONG,29273,30,20,,,,TARGET_HIT,BACKFILL,39,7.75,17.5,309.25,390,true
2026-07-16 06:00:00,2026-07-16,A_pre_optstopq_fix,RTH_VWAP_FADE_SHORT,BACKFILL,,SHORT,29380,90,40,,,,STOP_HIT,BACKFILL,-181,102,181.25,124.5,390,true
2026-07-16 09:30:00,2026-07-16,A_pre_optstopq_fix,CAM_S3_FADE_SHORT,ACTIVE,,SHORT,29504.75,87,43,8,50,2026-07-15,TARGET_HIT,PRICE_CLEAN,85,24.75,24.25,426.25,390,true
2026-07-16 09:30:00,2026-07-16,A_pre_optstopq_fix,IB_HIGH_FADE_SHORT,ACTIVE,,SHORT,29504.75,54,33,32,35,2026-07-15,TARGET_HIT,PRICE_CLEAN,65,24.75,24.25,426.25,390,true
2026-07-16 09:30:00,2026-07-16,A_pre_optstopq_fix,PD_VAL_FADE_SHORT,ACTIVE,,SHORT,29504.75,83,50,22,50,2026-07-15,TARGET_HIT,PRICE_CLEAN,99,24.75,24.25,426.25,390,true
2026-07-16 09:30:00,2026-07-16,A_pre_optstopq_fix,OR_HIGH_FADE_SHORT,ACTIVE,,SHORT,29504.75,78,43,31,50,2026-07-15,TARGET_HIT,PRICE_CLEAN,85,24.75,24.25,426.25,390,true
2026-07-16 09:34:00,2026-07-16,A_pre_optstopq_fix,OR_LOW_FADE_LONG,ACTIVE,,LONG,29433.5,70,39,70,35,2026-07-15,INVALIDATED,MARK_TO_MARKET,338.5,3.75,355,80,390,true
2026-07-16 09:35:00,2026-07-16,A_pre_optstopq_fix,IB_MID_SCALP_FADE_LONG,ACTIVE,,LONG,29417.25,58,31,26,30,2026-07-15,TARGET_HIT,PRICE_CLEAN,61,15.25,338.75,96.25,390,true
2026-07-16 09:35:00,2026-07-16,A_pre_optstopq_fix,PW_VAL_FADE_LONG,BACKFILL,,LONG,29417.25,108,69.25,,,,STOP_HIT,BACKFILL,-217,108.75,338.75,96.25,390,true
2026-07-16 09:35:00,2026-07-16,A_pre_optstopq_fix,PD_LOW_FADE_LONG,SHADOW,,LONG,29417.25,91,42,,,,TARGET_HIT,PRICE_CLEAN,83,15.25,338.75,96.25,390,true
2026-07-16 09:38:00,2026-07-16,A_pre_optstopq_fix,PD_LOW_FADE_LONG,BACKFILL,,LONG,29407.25,143.4399999999987,62.38000000000102,,,,STOP_HIT,BACKFILL,-287.88,151.75,328.75,106.25,390,true
2026-07-16 09:40:00,2026-07-16,A_pre_optstopq_fix,ONL_FADE_LONG,SHADOW,,LONG,29399.75,91,40,,,,STOP_HIT,PRICE_CLEAN,-183,91.25,321.25,113.75,390,true
2026-07-16 09:41:00,2026-07-16,A_pre_optstopq_fix,ONL_FADE_LONG,BACKFILL,,LONG,29350.5,118.38000000000102,57.25,,,,TARGET_HIT,BACKFILL,113.5,95,272,163,390,true
2026-07-16 09:48:00,2026-07-16,A_pre_optstopq_fix,IB_LOW_FADE_LONG,ACTIVE,,LONG,29284,70,37,19,35,2026-07-15,TARGET_HIT,PRICE_CLEAN,73,19.75,205.5,229.5,390,true
2026-07-16 10:05:00,2026-07-16,A_pre_optstopq_fix,OR_LOW_FADE_SHORT,ACTIVE,,SHORT,29424.5,19,42,2,50,2026-07-15,STOP_HIT,PRICE_CLEAN,-39,24,89,346,390,true
2026-07-16 10:08:00,2026-07-16,A_pre_optstopq_fix,DAILY_OPEN_FADE_SHORT,BACKFILL,,SHORT,29471.75,112,64.5,,,,TARGET_HIT,BACKFILL,128,29.25,41.75,393.25,390,true
2026-07-16 10:10:00,2026-07-16,A_pre_optstopq_fix,STOP_SWEEP_LONG,SHADOW,,LONG,29483,126,30,,,,TARGET_HIT,PRICE_CLEAN,59,85.25,404.5,30.5,390,true
2026-07-16 10:16:00,2026-07-16,A_pre_optstopq_fix,PM_VAL_FADE_SHORT,BACKFILL,,SHORT,29490.25,109.25,68.75,,,,TARGET_HIT,BACKFILL,136.5,10.75,23.25,411.75,390,true
2026-07-16 10:40:00,2026-07-16,A_pre_optstopq_fix,OR_LOW_FADE_LONG,ACTIVE,,LONG,29437.5,70,39,70,35,2026-07-15,TARGET_HIT,PRICE_CLEAN,77,11,359,41.5,390,true
2026-07-16 10:49:00,2026-07-16,A_pre_optstopq_fix,OR_LOW_FADE_LONG,ACTIVE,,LONG,29438.5,70,39,70,35,2026-07-15,STOP_HIT,PRICE_CLEAN,-141,76.5,360,29.5,390,true
2026-07-16 10:50:00,2026-07-16,A_pre_optstopq_fix,IB_MID_SCALP_FADE_LONG,ACTIVE,,LONG,29397.75,58,31,26,30,2026-07-15,TARGET_HIT,PRICE_CLEAN,61,35.75,319.25,70.25,390,true
2026-07-16 10:51:00,2026-07-16,A_pre_optstopq_fix,STOP_SWEEP_LONG,SHADOW,,LONG,29405.5,21.5,30.5,,,,STOP_HIT,PRICE_CLEAN,-44,22.5,327,62.5,390,true
2026-07-16 11:05:00,2026-07-16,A_pre_optstopq_fix,A_DOWN_WEAK,SHADOW,,SHORT,29401,131,22,,,,TARGET_HIT,PRICE_CLEAN,43,2.75,67,322.5,390,true
2026-07-16 11:05:00,2026-07-16,A_pre_optstopq_fix,C_PAIRED_SHORT,SHADOW,,SHORT,29401,131,125,,,,TARGET_HIT,PRICE_CLEAN,249,67,67,322.5,390,true
2026-07-16 11:17:00,2026-07-16,A_pre_optstopq_fix,GLOBEX_VWAP_MAGNET_LONG,BACKFILL,,LONG,29152.25,30,20,,,,TARGET_HIT,BACKFILL,39,6.75,73.75,315.75,390,true
2026-07-16 11:23:00,2026-07-16,A_pre_optstopq_fix,PW_POC_FADE_LONG,SHADOW,,LONG,29370.25,70,42,,,,TARGET_HIT,PRICE_CLEAN,83,8.25,291.75,97.75,390,true
2026-07-16 11:24:00,2026-07-16,A_pre_optstopq_fix,GLOBEX_VWAP_MAGNET_LONG,BACKFILL,,LONG,29148.75,30,20,,,,TARGET_HIT,BACKFILL,39,29.75,70.25,319.25,390,true
2026-07-16 11:26:00,2026-07-16,A_pre_optstopq_fix,VWAP_MAGNET_LONG,BACKFILL,,LONG,29121.75,30,20,,,,TARGET_HIT,BACKFILL,39,2.75,43.25,346.25,390,true
2026-07-16 11:31:00,2026-07-16,A_pre_optstopq_fix,GLOBEX_VWAP_MAGNET_LONG,BACKFILL,,LONG,29125.25,30,20,,,,TARGET_HIT,BACKFILL,39,7,46.75,342.75,390,true
2026-07-16 11:31:00,2026-07-16,A_pre_optstopq_fix,STOP_SWEEP_LONG,SHADOW,,LONG,29424.25,80.25,29.75,,,,TARGET_HIT,PRICE_CLEAN,58.5,15.5,345.75,43.75,390,true
2026-07-16 11:31:00,2026-07-16,A_pre_optstopq_fix,VWAP_MAGNET_LONG,BACKFILL,,LONG,29125.25,30,20,,,,TARGET_HIT,BACKFILL,39,7,46.75,342.75,390,true
2026-07-16 11:35:00,2026-07-16,A_pre_optstopq_fix,GLOBEX_VWAP_MAGNET_LONG,BACKFILL,,LONG,29134.25,30,20,,,,TARGET_HIT,BACKFILL,39,17,55.75,333.75,390,true
2026-07-16 11:36:00,2026-07-16,A_pre_optstopq_fix,VWAP_MAGNET_LONG,BACKFILL,,LONG,29122,30,20,,,,TARGET_HIT,BACKFILL,39,4.75,43.5,346,390,true
2026-07-16 11:43:00,2026-07-16,A_pre_optstopq_fix,GLOBEX_VWAP_MAGNET_LONG,BACKFILL,,LONG,29136,30,20,,,,STOP_HIT,BACKFILL,-61,33.25,57.5,299,390,true
2026-07-16 11:44:00,2026-07-16,A_pre_optstopq_fix,VWAP_MAGNET_LONG,BACKFILL,,LONG,29121.5,30,20,,,,STOP_HIT,BACKFILL,-61,43,43,313.5,390,true
2026-07-16 11:46:00,2026-07-16,A_pre_optstopq_fix,GLOBEX_VWAP_MAGNET_LONG,BACKFILL,,LONG,29104.5,30,20,,,,TARGET_HIT,BACKFILL,39,26,26,330.5,390,true
2026-07-16 11:49:00,2026-07-16,A_pre_optstopq_fix,VWAP_MAGNET_LONG,BACKFILL,,LONG,29094.25,30,20,,,,TARGET_HIT,BACKFILL,39,0.25,15.75,340.75,390,true
2026-07-16 13:40:00,2026-07-16,A_pre_optstopq_fix,IB_LOW_FADE_LONG,ACTIVE,,LONG,29251.25,70,37,19,35,2026-07-15,INVALIDATED,MARK_TO_MARKET,191,34,257.75,52.75,390,true
2026-07-16 13:41:00,2026-07-16,A_pre_optstopq_fix,IB_LOW_FADE_LONG,ACTIVE,PERFORMANCE_BELOW_THRESHOLD,LONG,29243.25,70,37,19,35,2026-07-15,TARGET_HIT,PRICE_CLEAN,73,26,249.75,60.75,390,true
2026-07-16 14:04:00,2026-07-17,A_pre_optstopq_fix,GLOBEX_VWAP_FADE_SHORT,BACKFILL,,SHORT,29214.75,90,40,,,,TARGET_HIT,BACKFILL,79,2,89.25,232.75,390,true
2026-07-16 15:26:00,2026-07-16,A_pre_optstopq_fix,VWAP_MAGNET_LONG,SHADOW,,LONG,29121.75,30,20,,,,TARGET_HIT,PRICE_CLEAN,39,2.75,219.5,116.5,390,true
2026-07-16 15:26:00,2026-07-16,A_pre_optstopq_fix,FLOOR_S2_FADE_LONG,SHADOW,,LONG,29121.75,95,44,,,,TARGET_HIT,PRICE_CLEAN,87,2.75,219.5,116.5,390,true
2026-07-17 00:15:00,2026-07-17,A_pre_optstopq_fix,GLOBEX_VWAP_MAGNET_LONG,BACKFILL,,LONG,28661.75,30,20,,,,STOP_HIT,BACKFILL,-61,49.75,111.75,197.75,390,true
2026-07-17 00:17:00,2026-07-17,A_pre_optstopq_fix,GLOBEX_VWAP_MAGNET_LONG,BACKFILL,,LONG,28590.75,30,20,,,,TARGET_HIT,BACKFILL,39,5.75,40.75,268.75,390,true
2026-07-17 00:19:00,2026-07-17,A_pre_optstopq_fix,GLOBEX_VWAP_MAGNET_LONG,BACKFILL,,LONG,28591.25,30,20,,,,TARGET_HIT,BACKFILL,39,12.25,41.25,267.5,390,true
2026-07-17 00:24:00,2026-07-17,A_pre_optstopq_fix,GLOBEX_VWAP_MAGNET_LONG,BACKFILL,,LONG,28600.5,30,20,,,,TARGET_HIT,BACKFILL,39,23.25,50.5,240.75,390,true
2026-07-17 00:28:00,2026-07-17,A_pre_optstopq_fix,GLOBEX_VWAP_MAGNET_LONG,BACKFILL,,LONG,28627.25,30,20,,,,STOP_HIT,BACKFILL,-61,44,77.25,214,390,true
2026-07-17 00:32:00,2026-07-17,A_pre_optstopq_fix,GLOBEX_VWAP_MAGNET_LONG,BACKFILL,,LONG,28583.25,30,20,,,,STOP_HIT,BACKFILL,-61,33.25,33.25,258,390,true
2026-07-17 00:43:00,2026-07-17,A_pre_optstopq_fix,GLOBEX_VWAP_MAGNET_LONG,BACKFILL,,LONG,28574.5,30,20,,,,TARGET_HIT,BACKFILL,39,0,24.5,266.75,390,true
2026-07-17 00:46:00,2026-07-17,A_pre_optstopq_fix,GLOBEX_VWAP_MAGNET_LONG,BACKFILL,,LONG,28603.75,30,20,,,,TARGET_HIT,BACKFILL,39,13,53.75,237.5,390,true
2026-07-17 01:02:00,2026-07-17,A_pre_optstopq_fix,GLOBEX_VWAP_MAGNET_LONG,BACKFILL,,LONG,28625.75,30,20,,,,TARGET_HIT,BACKFILL,39,1.5,75.75,199.75,390,true
2026-07-17 05:35:00,2026-07-17,A_pre_optstopq_fix,GLOBEX_VWAP_MAGNET_LONG,BACKFILL,,LONG,28540.25,30,20,,,,TARGET_HIT,BACKFILL,39,25.75,132,415.5,390,true
2026-07-17 05:37:00,2026-07-17,A_pre_optstopq_fix,GLOBEX_VWAP_MAGNET_LONG,BACKFILL,,LONG,28509.25,30,20,,,,STOP_HIT,BACKFILL,-61,31.75,101,446.5,390,true
2026-07-17 05:39:00,2026-07-17,A_pre_optstopq_fix,GLOBEX_VWAP_MAGNET_LONG,BACKFILL,,LONG,28463.5,30,20,,,,TARGET_HIT,BACKFILL,39,7.5,55.25,492.25,390,true
2026-07-17 05:41:00,2026-07-17,A_pre_optstopq_fix,GLOBEX_VWAP_MAGNET_LONG,BACKFILL,,LONG,28478.25,30,20,,,,STOP_HIT,BACKFILL,-61,43.25,70,477.5,390,true
2026-07-17 05:43:00,2026-07-17,A_pre_optstopq_fix,GLOBEX_VWAP_MAGNET_LONG,BACKFILL,,LONG,28422.5,30,20,,,,TARGET_HIT,BACKFILL,39,14.25,14.25,533.25,390,true
2026-07-17 05:45:00,2026-07-17,A_pre_optstopq_fix,GLOBEX_VWAP_MAGNET_LONG,BACKFILL,,LONG,28448.25,30,20,,,,TARGET_HIT,BACKFILL,39,12.25,40,507.5,390,true
2026-07-17 05:47:00,2026-07-17,A_pre_optstopq_fix,GLOBEX_VWAP_MAGNET_LONG,BACKFILL,,LONG,28483.5,30,20,,,,TARGET_HIT,BACKFILL,39,2.5,75.25,472.5,390,true
2026-07-17 05:50:00,2026-07-17,A_pre_optstopq_fix,RTH_VWAP_FADE_SHORT,BACKFILL,,SHORT,28520.75,90,40,,,,STOP_HIT,BACKFILL,-181,93.75,435.25,112.5,390,true
2026-07-17 06:02:00,2026-07-17,A_pre_optstopq_fix,VWAP_MAGNET_SHORT,BACKFILL,,SHORT,28762.25,30,20,,,,TARGET_HIT,BACKFILL,39,21.5,193.75,354,390,true
2026-07-17 06:06:00,2026-07-17,A_pre_optstopq_fix,VWAP_MAGNET_SHORT,BACKFILL,,SHORT,28799.5,30,20,,,,STOP_HIT,BACKFILL,-61,62.75,156.5,391.25,390,true
2026-07-17 06:11:00,2026-07-17,A_pre_optstopq_fix,VWAP_MAGNET_SHORT,BACKFILL,,SHORT,28844.25,30,20,,,,TARGET_HIT,BACKFILL,39,6,111.75,436,390,true
2026-07-17 06:15:00,2026-07-17,A_pre_optstopq_fix,VWAP_MAGNET_SHORT,BACKFILL,,SHORT,28844,30,20,,,,TARGET_HIT,BACKFILL,39,9,132,435.75,390,true
2026-07-17 06:17:00,2026-07-17,A_pre_optstopq_fix,VWAP_MAGNET_SHORT,BACKFILL,,SHORT,28853.5,30,20,,,,TARGET_HIT,BACKFILL,39,17.25,148.25,445.25,390,true
2026-07-17 06:21:00,2026-07-17,A_pre_optstopq_fix,VWAP_MAGNET_SHORT,BACKFILL,,SHORT,28851.75,30,20,,,,TARGET_HIT,BACKFILL,39,18.25,176.25,443.5,390,true
2026-07-17 06:24:00,2026-07-17,A_pre_optstopq_fix,VWAP_MAGNET_SHORT,BACKFILL,,SHORT,28866,30,20,,,,TARGET_HIT,BACKFILL,39,21.5,162,457.75,390,true
2026-07-17 06:27:00,2026-07-17,A_pre_optstopq_fix,VWAP_MAGNET_SHORT,BACKFILL,,SHORT,28853.75,30,20,,,,TARGET_HIT,BACKFILL,39,5,174.25,445.5,390,true
2026-07-17 06:39:00,2026-07-17,A_pre_optstopq_fix,VWAP_MAGNET_SHORT,BACKFILL,,SHORT,28892.75,30,20,,,,TARGET_HIT,BACKFILL,39,3.25,150.25,484.5,390,true
2026-07-17 07:55:00,2026-07-17,A_pre_optstopq_fix,VWAP_MAGNET_SHORT,BACKFILL,,SHORT,28909.75,30,20,,,,STOP_HIT,BACKFILL,-61,38.75,140.5,501.5,390,true
2026-07-17 08:00:00,2026-07-17,A_pre_optstopq_fix,VWAP_MAGNET_SHORT,BACKFILL,,SHORT,28947.5,30,20,,,,TARGET_HIT,BACKFILL,39,6.75,102.75,539.25,390,true
2026-07-17 08:10:00,2026-07-17,A_pre_optstopq_fix,VWAP_MAGNET_SHORT,BACKFILL,,SHORT,28938,30,20,,,,TARGET_HIT,BACKFILL,39,4.5,112.25,529.75,390,true
2026-07-17 08:13:00,2026-07-17,A_pre_optstopq_fix,VWAP_MAGNET_SHORT,BACKFILL,,SHORT,28926.75,30,20,,,,TARGET_HIT,BACKFILL,39,29.25,123.5,518.5,390,true
2026-07-17 08:43:00,2026-07-17,A_pre_optstopq_fix,VWAP_MAGNET_SHORT,BACKFILL,,SHORT,28953.5,30,20,,,,STOP_HIT,BACKFILL,-61,40,96.75,545.25,390,true
2026-07-17 08:48:00,2026-07-17,A_pre_optstopq_fix,VWAP_MAGNET_SHORT,BACKFILL,,SHORT,28998.5,30,20,,,,TARGET_HIT,BACKFILL,39,29.5,51.75,590.25,390,true
2026-07-17 08:51:00,2026-07-17,A_pre_optstopq_fix,GLOBEX_VWAP_MAGNET_SHORT,BACKFILL,,SHORT,29020.75,30,20,,,,TARGET_HIT,BACKFILL,39,7.25,29.5,612.5,390,true
2026-07-17 08:57:00,2026-07-17,A_pre_optstopq_fix,VWAP_MAGNET_SHORT,BACKFILL,,SHORT,28970.75,30,20,,,,STOP_HIT,BACKFILL,-61,45.25,79.5,562.5,390,true
2026-07-17 09:01:00,2026-07-17,A_pre_optstopq_fix,VWAP_MAGNET_SHORT,BACKFILL,,SHORT,29019,30,20,,,,TARGET_HIT,BACKFILL,39,1.5,31.25,610.75,390,true
2026-07-17 09:03:00,2026-07-17,A_pre_optstopq_fix,VWAP_MAGNET_SHORT,BACKFILL,,SHORT,29011.25,30,20,,,,STOP_HIT,BACKFILL,-61,31.75,39,603,390,true
2026-07-17 09:07:00,2026-07-17,A_pre_optstopq_fix,GLOBEX_VWAP_MAGNET_SHORT,BACKFILL,,SHORT,29028,30,20,,,,TARGET_HIT,BACKFILL,39,22.25,22.25,619.75,390,true
2026-07-17 09:11:00,2026-07-17,A_pre_optstopq_fix,VWAP_MAGNET_SHORT,BACKFILL,,SHORT,29024.25,30,20,,,,TARGET_HIT,BACKFILL,39,10.5,26,616,390,true
2026-07-17 09:15:00,2026-07-17,A_pre_optstopq_fix,VWAP_MAGNET_SHORT,BACKFILL,,SHORT,29016.75,30,20,,,,TARGET_HIT,BACKFILL,39,26,33.5,608.5,390,true
2026-07-17 09:16:00,2026-07-17,A_pre_optstopq_fix,GLOBEX_VWAP_MAGNET_SHORT,BACKFILL,,SHORT,29034,30,20,,,,TARGET_HIT,BACKFILL,39,8.75,16.25,625.75,390,true
2026-07-17 09:21:00,2026-07-17,A_pre_optstopq_fix,VWAP_MAGNET_SHORT,BACKFILL,,SHORT,28984.75,30,20,,,,STOP_HIT,BACKFILL,-61,50.25,65.5,576.5,390,true
2026-07-17 09:27:00,2026-07-17,A_pre_optstopq_fix,VWAP_MAGNET_SHORT,BACKFILL,,SHORT,29031,30,20,,,,TARGET_HIT,BACKFILL,39,11.25,19.25,622.75,390,true
2026-07-17 09:29:00,2026-07-17,A_pre_optstopq_fix,GLOBEX_VWAP_MAGNET_SHORT,BACKFILL,,SHORT,29035.5,30,20,,,,TARGET_HIT,BACKFILL,39,6.75,14.75,627.25,390,true
2026-07-17 09:34:00,2026-07-17,A_pre_optstopq_fix,ONL_FADE_LONG,BACKFILL,,LONG,28553.25,118.38000000000102,57.25,,,,STOP_HIT,BACKFILL,-237.76,135.75,145,497,390,true
2026-07-17 09:34:00,2026-07-17,A_pre_optstopq_fix,FLOOR_S3_FADE_LONG,BACKFILL,,LONG,28553.25,110.5,76.38000000000102,,,,STOP_HIT,BACKFILL,-222,118.25,145,497,390,true
2026-07-17 09:36:00,2026-07-17,A_pre_optstopq_fix,VWAP_MAGNET_SHORT,BACKFILL,,SHORT,28982,30,20,,,,TARGET_HIT,BACKFILL,39,16.25,68.25,573.75,390,true
2026-07-17 09:36:41.303393,2026-07-17,A_pre_optstopq_fix,OR_LOW_FADE_LONG,SHADOW,S2_DOUBLE_COUNTER,LONG,28540.25,36,35,34,35,2026-07-16,STOP_HIT,RETROACTIVE_REPAIR,-73,39,132,510,390,true
2026-07-17 09:52:00,2026-07-17,A_pre_optstopq_fix,OR_LOW_FADE_SHORT,ACTIVE,,SHORT,28550.75,21,41,3,35,2026-07-16,STOP_HIT,PRICE_CLEAN,-43,41.5,499.5,0,390,true
2026-07-17 09:54:00,2026-07-17,A_pre_optstopq_fix,DAILY_OPEN_FADE_SHORT,BACKFILL,,SHORT,28601.25,112,64.5,,,,STOP_HIT,BACKFILL,-225,138.75,449,0,390,true
2026-07-17 09:55:46.900914,2026-07-17,A_pre_optstopq_fix,OR_MID_AFTER_IB_FADE_SHORT,SHADOW,SUPPRESSED_FADE,SHORT,28601.25,30,35,30,35,2026-07-16,STOP_HIT,RETROACTIVE_REPAIR,-61,38.75,449,0,390,true
2026-07-17 10:00:02.800989,2026-07-17,A_pre_optstopq_fix,OR_HIGH_FADE_SHORT,SHADOW,DOW_SUPPRESSED,SHORT,28671.75,31,50,30,50,2026-07-16,STOP_HIT,RETROACTIVE_REPAIR,-63,76.25,378.5,0,390,true
2026-07-17 10:09:00,2026-07-17,A_pre_optstopq_fix,FLOOR_S2_FADE_SHORT,BACKFILL,,SHORT,28810,131.63000000000102,63,,,,TARGET_HIT,BACKFILL,125,86,240.25,137.75,390,true
2026-07-17 10:17:00,2026-07-17,A_pre_optstopq_fix,IB_HIGH_FADE_SHORT,SHADOW,,SHORT,28853.5,54,33,32,35,2026-07-16,TARGET_HIT,PRICE_CLEAN,65,17.25,196.75,181.25,390,true
2026-07-17 10:39:00,2026-07-17,A_pre_optstopq_fix,IB_HIGH_FADE_SHORT,ACTIVE,,SHORT,28892.75,54,33,32,35,2026-07-16,INVALIDATED,MARK_TO_MARKET,153.5,2,157.5,220.5,390,true
2026-07-17 10:39:00,2026-07-17,A_pre_optstopq_fix,VWAP_MAGNET_SHORT,SHADOW,,SHORT,28892.75,30,20,,,,TARGET_HIT,PRICE_CLEAN,39,3.25,157.5,220.5,390,true
2026-07-17 10:41:00,2026-07-17,A_pre_optstopq_fix,IB_BULLISH,ACTIVE,,LONG,28860,79,630,19,50,2026-07-16,STOP_HIT,PRICE_CLEAN,-159,91.75,187.75,190.25,390,true
2026-07-17 11:04:00,2026-07-17,A_pre_optstopq_fix,IB_BULLISH,ACTIVE,,LONG,28690,79,800,19,50,2026-07-16,TIME_EXPIRED,RECOVERY_MTM,648.5,17.75,17.75,360.25,390,true
2026-07-17 11:04:00,2026-07-17,A_pre_optstopq_fix,OPEN_DRIVE_LONG,SHADOW,,LONG,28690,296,142,31,70,2026-07-16,TARGET_HIT,PRICE_CLEAN,283,17.75,17.75,360.25,390,true
2026-07-17 11:05:19.660863,2026-07-17,A_pre_optstopq_fix,OR_HIGH_FADE_LONG,SHADOW,SUPPRESSED_FADE,LONG,28699.25,40,40,40,40,2026-07-13,TARGET_HIT,RETROACTIVE_REPAIR,79,22.5,27,351,390,true
2026-07-17 12:02:46.920639,2026-07-17,A_pre_optstopq_fix,IB_HIGH_FADE_LONG,SHADOW,SUPPRESSED_FADE,LONG,28889.5,53,35,53,35,2026-07-13,TARGET_HIT,RETROACTIVE_REPAIR,69,43.5,179.75,160.75,390,true
2026-07-17 12:51:00,2026-07-17,A_pre_optstopq_fix,PW_LOW_FADE_SHORT,BACKFILL,,SHORT,29020.75,124.5,74.5,,,,TARGET_HIT,BACKFILL,148,29.5,29.5,311,390,true
2026-07-17 14:05:00,2026-07-17,A_pre_optstopq_fix,IB_HIGH_FADE_SHORT,ACTIVE,,SHORT,28898.25,53,33,32,35,2026-07-16,TIME_EXPIRED,,,8,65.25,188.5,390,true
2026-07-17 14:30:00,2026-07-17,A_pre_optstopq_fix,IB_HIGH_FADE_SHORT,ACTIVE,,SHORT,28879.25,53,33,32,35,2026-07-16,TIME_EXPIRED,,,12.5,84.25,169.5,390,true
2026-07-17 14:54:00,2026-07-17,A_pre_optstopq_fix,IB_HIGH_FADE_SHORT,ACTIVE,,SHORT,28880.25,53,33,32,35,2026-07-16,TIME_EXPIRED,,,5.75,83.25,170.5,390,true
2026-07-17 14:55:00,2026-07-17,A_pre_optstopq_fix,IB_HIGH_FADE_SHORT,ACTIVE,,SHORT,28873,53,33,32,35,2026-07-16,TIME_EXPIRED,,,13,90.5,163.25,390,true
2026-07-17 14:58:00,2026-07-17,A_pre_optstopq_fix,IB_HIGH_FADE_SHORT,ACTIVE,,SHORT,28872.75,53,33,32,35,2026-07-16,TIME_EXPIRED,,,6.75,90.75,163,390,true
2026-07-17 15:29:00,2026-07-17,A_pre_optstopq_fix,IB_BULLISH,ACTIVE,,LONG,28796,79,694,19,50,2026-07-16,TIME_EXPIRED,,,57.25,86.25,167.5,390,true
2026-07-17 16:18:00,2026-07-17,A_pre_optstopq_fix,IB_BULLISH,ACTIVE,,LONG,28743,79,747,19,50,2026-07-16,SESSION_CLOSED,,,,33.25,220.5,390,true
2026-07-19 14:15:00,2026-07-20,A_pre_optstopq_fix,GLOBEX_VWAP_FADE_LONG,BACKFILL,,LONG,28745.5,60,30,,,,TARGET_HIT,BACKFILL,59,3.75,35.75,218,390,true
2026-07-19 22:01:53.54619,2026-07-20,A_pre_optstopq_fix,PD_POC_FADE_LONG,ACTIVE,,LONG,28829,74.5,40.5,29,50,2026-07-18,TARGET_HIT,PRICE_CLEAN,80,0,63,119,390,true
2026-07-19 22:02:42.223978,2026-07-20,A_pre_optstopq_fix,PD_POC_FADE_SHORT,ACTIVE,,SHORT,28854,70.0625,37.875,25,50,2026-07-18,TARGET_HIT,PRICE_CLEAN,74.75,35,94,88,390,true
2026-07-19 22:50:17.128028,2026-07-20,A_pre_optstopq_fix,PD_VAH_FADE_SHORT,ACTIVE,,SHORT,28931.5,66.25,42,32,40,2026-07-18,TARGET_HIT,PRICE_CLEAN,83,0,10.5,165.5,390,true
2026-07-20 05:39:00,2026-07-20,A_pre_optstopq_fix,RTH_VWAP_FADE_LONG,BACKFILL,,LONG,29125,90,40,,,,TARGET_HIT,BACKFILL,79,3.75,251.75,67.5,390,true
2026-07-20 09:49:00,2026-07-20,A_pre_optstopq_fix,ONH_FADE_LONG,BACKFILL,,LONG,29117.75,94,57.75,,,,STOP_HIT,BACKFILL,-189,99.25,363.25,1.25,390,true
2026-07-20 09:52:00,2026-07-20,A_pre_optstopq_fix,PD_HIGH_FADE_LONG,BACKFILL,,LONG,29057,100.13000000000102,44.88000000000102,16,50,2026-07-19,STOP_HIT,BACKFILL,-201.26,114,303.75,62,390,true
2026-07-20 09:52:00,2026-07-20,A_pre_optstopq_fix,DAILY_OPEN_FADE_LONG,BACKFILL,,LONG,29057,112,64.5,75,163.8,2026-07-19,STOP_HIT,BACKFILL,-225,114,303.75,62,390,true
2026-07-20 10:29:00,2026-07-20,A_pre_optstopq_fix,IB_BEARISH,ACTIVE,,SHORT,29031,50,35,88,60,2026-07-19,TARGET_HIT,PRICE_CLEAN,69,22.75,88,280.5,390,true
2026-07-20 10:31:46.70542,2026-07-20,A_pre_optstopq_fix,IB_MID_SCALP_FADE_SHORT,SHADOW,SUPPRESSED_FADE,SHORT,29044.5,34,79.29999999999927,34,79.3,2026-07-19,TARGET_HIT,RETROACTIVE_REPAIR,157.6,0,74.5,302,390,true
2026-07-20 10:32:00,2026-07-20,A_pre_optstopq_fix,IB_BEARISH,ACTIVE,,SHORT,29010,88,46,88,60,2026-07-19,TARGET_HIT,PRICE_CLEAN,91,15.75,109,267.5,390,true
2026-07-20 10:36:50.912549,2026-07-20,A_pre_optstopq_fix,OR_LOW_FADE_LONG,SHADOW,SUPPRESSED_FADE,LONG,29020,36,35,36,35,2026-07-19,STOP_HIT,RETROACTIVE_REPAIR,-73,42,315,99,390,true
2026-07-20 10:43:00,2026-07-20,A_pre_optstopq_fix,IB_BEARISH,ACTIVE,,SHORT,28960,88,46,88,60,2026-07-19,TARGET_HIT,PRICE_CLEAN,91,44.25,159,255,390,true
2026-07-20 10:45:17.911828,2026-07-20,A_pre_optstopq_fix,PD_VAH_FADE_LONG,SHADOW,SUPPRESSED_FADE,LONG,28959.5,30,40,30,40,2026-07-19,TARGET_HIT,RETROACTIVE_REPAIR,79,0,254.5,159.5,390,true
2026-07-20 10:52:00,2026-07-20,A_pre_optstopq_fix,IB_BEARISH,ACTIVE,,SHORT,28914,88,46,88,60,2026-07-19,STOP_HIT,PRICE_CLEAN,-177,88.25,205,209,390,true
2026-07-20 10:53:49.766857,2026-07-20,A_pre_optstopq_fix,IB_LOW_FADE_LONG,SHADOW,SUPPRESSED_FADE,LONG,28914,41,35,41,35,2026-07-19,TARGET_HIT,RETROACTIVE_REPAIR,69,40.75,209,205,390,true
2026-07-20 11:03:15.962109,2026-07-20,A_pre_optstopq_fix,IB_LOW_FADE_SHORT,SHADOW,SUPPRESSED_FADE,SHORT,28920.25,69,38,69,38,2026-07-19,STOP_HIT,RETROACTIVE_REPAIR,-139,69.25,198.75,219.25,390,true
2026-07-20 11:11:50.35338,2026-07-20,A_pre_optstopq_fix,PD_VAH_FADE_SHORT,SHADOW,SUPPRESSED_FADE,SHORT,28954,32,40,32,40,2026-07-19,STOP_HIT,RETROACTIVE_REPAIR,-65,42.5,165,253,390,true
2026-07-20 11:13:00,2026-07-20,A_pre_optstopq_fix,VWAP_MAGNET_LONG,BACKFILL,,LONG,28814.25,30,20,,,,TARGET_HIT,BACKFILL,39,17.75,113.25,304.75,390,true
2026-07-20 11:18:00,2026-07-20,A_pre_optstopq_fix,VWAP_MAGNET_LONG,BACKFILL,,LONG,28820.5,30,20,,,,TARGET_HIT,BACKFILL,39,23.25,119.5,298.5,390,true
2026-07-20 11:21:00,2026-07-20,A_pre_optstopq_fix,IB_BEARISH,ACTIVE,,SHORT,28997,50,35,88,60,2026-07-19,STOP_HIT,PRICE_CLEAN,-101,58.25,122,296,390,true
2026-07-20 11:31:18.490774,2026-07-20,A_pre_optstopq_fix,OR_LOW_FADE_SHORT,SHADOW,SUPPRESSED_FADE,SHORT,29015.5,3,35,3,35,2026-07-19,STOP_HIT,RETROACTIVE_REPAIR,-7,14,103.5,314.5,390,true
2026-07-20 11:53:00,2026-07-20,A_pre_optstopq_fix,VWAP_MAGNET_LONG,BACKFILL,,LONG,28799.5,30,20,,,,STOP_HIT,BACKFILL,-61,31.25,98.5,319.5,390,true
2026-07-20 11:54:00,2026-07-20,A_pre_optstopq_fix,IB_BEARISH,ACTIVE,,SHORT,29044,50,35,88,60,2026-07-19,STOP_HIT,PRICE_CLEAN,-101,54.75,75,343,390,true
2026-07-20 11:56:00,2026-07-20,A_pre_optstopq_fix,VWAP_MAGNET_LONG,BACKFILL,,LONG,28791.75,30,20,,,,TIME_EXPIRED,BACKFILL,0,24,90.75,327.25,390,true
2026-07-20 11:58:16.432102,2026-07-20,A_pre_optstopq_fix,FLOOR_R1_FADE_SHORT_TRAIL,SHADOW,S2_DOUBLE_COUNTER,SHORT,29062,90,40,,,,TARGET_HIT,RETROACTIVE_REPAIR,79,57,57,361,390,true
2026-07-20 12:02:35.17889,2026-07-20,A_pre_optstopq_fix,IB_MID_SCALP_FADE_LONG,SHADOW,SUPPRESSED_FADE,LONG,29049.25,25,73.29999999999927,25,73.3,2026-07-19,STOP_HIT,RETROACTIVE_REPAIR,-51,87.25,348.25,69.75,390,true
2026-07-20 12:06:54.947045,2026-07-20,A_pre_optstopq_fix,OR_MID_AFTER_IB_FADE_SHORT,SHADOW,SUPPRESSED_FADE,SHORT,29091.5,30,35,30,35,2026-07-19,TARGET_HIT,RETROACTIVE_REPAIR,69,27.5,27.5,390.5,390,true
2026-07-20 12:16:55.137094,2026-07-20,A_pre_optstopq_fix,OR_MID_AFTER_IB_FADE_LONG,SHADOW,SUPPRESSED_FADE,LONG,29089.25,23,35,23,35,2026-07-19,STOP_HIT,RETROACTIVE_REPAIR,-47,24.75,388.25,23.5,390,true
2026-07-20 12:18:01.298789,2026-07-20,A_pre_optstopq_fix,FLOOR_R1_FADE_LONG,SHADOW,SUPPRESSED_FADE,LONG,29088.5,15,35,15,35,2026-07-19,STOP_HIT,RETROACTIVE_REPAIR,-31,18.75,387.5,24.25,390,true
2026-07-20 12:25:00,2026-07-20,A_pre_optstopq_fix,IB_BEARISH,ACTIVE,,SHORT,29082,50,35,88,60,2026-07-19,TARGET_HIT,PRICE_CLEAN,69,19.25,19.25,381,390,true
2026-07-20 12:33:00,2026-07-20,A_pre_optstopq_fix,IB_BEARISH,ACTIVE,,SHORT,29047,88,46,88,60,2026-07-19,TARGET_HIT,PRICE_CLEAN,91,36.25,36.25,346,390,true
2026-07-20 12:41:00,2026-07-20,A_pre_optstopq_fix,IB_BEARISH,ACTIVE,,SHORT,29014,88,46,88,60,2026-07-19,TARGET_HIT,PRICE_CLEAN,91,37.75,37.75,313,390,true
2026-07-20 12:56:00,2026-07-20,A_pre_optstopq_fix,IB_BEARISH,ACTIVE,,SHORT,28959,88,46,88,60,2026-07-19,TARGET_HIT,PRICE_CLEAN,91,40.75,50.75,258,390,true
2026-07-20 13:15:00,2026-07-20,A_pre_optstopq_fix,IB_BEARISH,ACTIVE,,SHORT,28913,50,35,88,60,2026-07-19,STOP_HIT,PRICE_CLEAN,-101,51.25,96.75,212,390,true
2026-07-20 13:21:00,2026-07-20,A_pre_optstopq_fix,IB_BEARISH,ACTIVE,,SHORT,28961,50,35,88,60,2026-07-19,TARGET_HIT,PRICE_CLEAN,69,14.75,48.75,260,390,true
2026-07-20 13:41:00,2026-07-20,A_pre_optstopq_fix,IB_BEARISH,ACTIVE,,SHORT,28928,88,46,88,60,2026-07-19,TARGET_HIT,PRICE_CLEAN,91,81.75,81.75,227,390,true
2026-07-20 14:09:00,2026-07-21,A_pre_optstopq_fix,GLOBEX_VWAP_FADE_LONG,BACKFILL,,LONG,28731.75,90,40,,,,TARGET_HIT,BACKFILL,79,30.75,30.75,278,390,true
2026-07-20 14:41:00,2026-07-20,A_pre_optstopq_fix,IB_BEARISH,ACTIVE,,SHORT,28889,50,35,88,60,2026-07-19,TARGET_HIT,PRICE_CLEAN,69,12.25,48.75,188,390,true
2026-07-20 15:03:00,2026-07-20,A_pre_optstopq_fix,IB_BEARISH,ACTIVE,,SHORT,28846,50,35,88,60,2026-07-19,TARGET_HIT,PRICE_CLEAN,69,32,91.75,145,390,true
2026-07-20 15:04:02.313155,2026-07-20,A_pre_optstopq_fix,PD_POC_FADE_LONG,SHADOW,SUPPRESSED_FADE,LONG,28857.75,29,50,29,110.8,2026-07-19,STOP_HIT,RETROACTIVE_REPAIR,-59,45.25,156.75,80,390,true
2026-07-20 15:13:00,2026-07-20,A_pre_optstopq_fix,VWAP_MAGNET_LONG,SHADOW,,LONG,28814.25,30,20,,,,TARGET_HIT,PRICE_CLEAN,39,17.75,113.25,141,390,true
2026-07-20 15:14:00,2026-07-20,A_pre_optstopq_fix,IB_BEARISH,ACTIVE,,SHORT,28808,88,46,88,60,2026-07-19,TIME_EXPIRED,MARK_TO_MARKET,37,86.25,147.25,107,390,true
2026-07-20 15:17:00,2026-07-20,A_pre_optstopq_fix,VWAP_MAGNET_LONG,SHADOW,,LONG,28818.25,30,20,,,,TARGET_HIT,PRICE_CLEAN,39,21,117.25,137,390,true
2026-07-20 15:30:49.506851,2026-07-20,A_pre_optstopq_fix,PD_POC_FADE_SHORT,SHADOW,SUPPRESSED_FADE,SHORT,28855.5,25,50,25,50,2026-07-19,STOP_HIT,RETROACTIVE_REPAIR,-51,25.5,112.25,154.5,390,true
2026-07-20 15:53:00,2026-07-20,A_pre_optstopq_fix,VWAP_MAGNET_LONG,SHADOW,,LONG,28799.5,30,20,,,,STOP_HIT,PRICE_CLEAN,-61,31.25,98.5,195.5,390,true
2026-07-20 15:55:00,2026-07-20,A_pre_optstopq_fix,PD_CLOSE_FADE_LONG,BACKFILL,,LONG,28777.25,120,51.75,34,60,2026-07-19,TARGET_HIT,BACKFILL,102.5,9.5,76.25,217.75,390,true
2026-07-20 15:55:00,2026-07-20,A_pre_optstopq_fix,ONL_FADE_LONG,BACKFILL,,LONG,28777.25,118.38000000000102,57.25,45,60,2026-07-19,TIME_EXPIRED,BACKFILL,0,9.5,76.25,217.75,390,true
2026-07-20 15:56:00,2026-07-20,A_pre_optstopq_fix,VWAP_MAGNET_LONG,SHADOW,,LONG,28791.75,30,20,,,,TIME_EXPIRED,MARK_TO_MARKET,-6.5,12.75,90.75,203.25,390,true
2026-07-20 15:58:00,2026-07-20,A_pre_optstopq_fix,VWAP_MAGNET_LONG,SHADOW,,LONG,28789,30,20,,,,TARGET_HIT,PRICE_CLEAN,39,21.25,88,208.5,390,true
2026-07-20 15:58:00,2026-07-20,A_pre_optstopq_fix,IB_BEARISH,ACTIVE,,SHORT,28789,50,35,88,60,2026-07-19,TARGET_HIT,PRICE_CLEAN,69,42.5,208.5,88,390,true
2026-07-20 16:01:00,2026-07-20,A_pre_optstopq_fix,VWAP_MAGNET_LONG,SHADOW,,LONG,28801.25,30,20,,,,STOP_HIT,PRICE_CLEAN,-61,32.75,100.25,211,390,true
2026-07-20 16:07:00,2026-07-20,A_pre_optstopq_fix,VWAP_MAGNET_LONG,SHADOW,,LONG,28778.5,30,20,,,,TIME_EXPIRED,MARK_TO_MARKET,-9.5,28,77.5,261,390,true
2026-07-20 16:19:42.222145,2026-07-20,A_pre_optstopq_fix,FLOOR_PIVOT_FADE_LONG,SHADOW,SUPPRESSED_FADE,LONG,28756,56,50,56,50,2026-07-19,TARGET_HIT,RETROACTIVE_REPAIR,99,55,55,317,390,true
2026-07-20 16:23:00,2026-07-20,A_pre_optstopq_fix,IB_BEARISH,ACTIVE,,SHORT,28758,88,46,88,60,2026-07-19,SESSION_CLOSED,,,,319.5,57,390,true
2026-07-20 16:36:00,2026-07-20,A_pre_optstopq_fix,VWAP_MAGNET_LONG,SHADOW,,LONG,28774.25,30,20,,,,TIME_EXPIRED,MARK_TO_MARKET,14.5,,73.25,315.25,390,true
2026-07-20 20:35:19.334133,2026-07-21,A_pre_optstopq_fix,PD_VAL_FADE_LONG,ACTIVE,,LONG,28859.75,91,38.5,37,50,2026-07-19,TARGET_HIT,PRICE_CLEAN,76,22.25,22.25,302.25,390,true
2026-07-20 22:16:00,2026-07-21,A_pre_optstopq_fix,GLOBEX_VWAP_MAGNET_SHORT,BACKFILL,,SHORT,29139.5,30,20,,,,TARGET_HIT,BACKFILL,39,1,37.25,280.5,390,true
2026-07-20 22:42:00,2026-07-21,A_pre_optstopq_fix,GLOBEX_VWAP_MAGNET_SHORT,BACKFILL,,SHORT,29150.5,30,20,,,,TARGET_HIT,BACKFILL,39,5,30.5,222.25,390,true
2026-07-20 22:44:20.524442,2026-07-21,A_pre_optstopq_fix,PD_POC_FADE_LONG,ACTIVE,,LONG,28952.25,76.25,41.25,29,110.8,2026-07-19,TARGET_HIT,PRICE_CLEAN,81.5,24,24,228.75,390,true
2026-07-20 23:03:00,2026-07-21,A_pre_optstopq_fix,GLOBEX_VWAP_MAGNET_SHORT,BACKFILL,,SHORT,29156.75,30,20,,,,TARGET_HIT,BACKFILL,39,0,38.5,192.5,390,true
2026-07-20 23:03:02.410328,2026-07-21,A_pre_optstopq_fix,PD_POC_FADE_SHORT,ACTIVE,,SHORT,28968,83.9375,40.625,25,50,2026-07-19,STOP_HIT,PRICE_CLEAN,-168.87,97,227.25,3.75,390,true
2026-07-20 23:50:49.100783,2026-07-21,A_pre_optstopq_fix,PD_VAH_FADE_SHORT,ACTIVE,,SHORT,29067.5,83.625,42,32,40,2026-07-19,TARGET_HIT,PRICE_CLEAN,83,22,131,51,390,true
2026-07-21 05:35:00,2026-07-21,A_pre_optstopq_fix,RTH_VWAP_FADE_SHORT,BACKFILL,,SHORT,29187.25,90,40,,,,TARGET_HIT,BACKFILL,79,38.75,132.75,123,390,true
2026-07-21 09:35:00,2026-07-21,A_pre_optstopq_fix,PD_HIGH_FADE_SHORT,BACKFILL,,SHORT,29187.25,100.13000000000102,44.88000000000102,31,50,2026-07-20,TARGET_HIT,BACKFILL,88.76,1.75,177.5,123,390,true
2026-07-21 09:36:00.066688,2026-07-21,A_pre_optstopq_fix,OR_LOW_FADE_LONG,SHADOW,SUPPRESSED_FADE,LONG,29147.25,36,35,36,35,2026-07-20,TARGET_HIT,RETROACTIVE_REPAIR,69,0,83,217.5,390,true
2026-07-21 09:37:03.238784,2026-07-21,A_pre_optstopq_fix,PD_IB_HIGH_FADE_SHORT,SHADOW,SUPPRESSED_FADE,SHORT,29187.25,32,50,32,50,2026-07-20,TARGET_HIT,RETROACTIVE_REPAIR,99,27.25,177.5,123,390,true
2026-07-21 09:52:48.540859,2026-07-21,A_pre_optstopq_fix,OR_LOW_FADE_SHORT,SHADOW,SUPPRESSED_FADE,SHORT,29141.5,3,35,3,35,2026-07-20,STOP_HIT,RETROACTIVE_REPAIR,-7,30.75,223.25,77.25,390,true
2026-07-21 10:09:41.77697,2026-07-21,A_pre_optstopq_fix,PD_OR_MID_FADE_LONG,SHADOW,SUPPRESSED_FADE,LONG,29094.25,43,40,43,40,2026-07-20,TARGET_HIT,RETROACTIVE_REPAIR,79,30,27.25,270.5,390,true
2026-07-21 10:17:04.822568,2026-07-21,A_pre_optstopq_fix,PD_OR_MID_FADE_SHORT,SHADOW,SUPPRESSED_FADE,SHORT,29086,42,55,42,55,2026-07-20,STOP_HIT,RETROACTIVE_REPAIR,-85,76.25,278.75,0,390,true
2026-07-21 10:40:18.599633,2026-07-21,A_pre_optstopq_fix,PD_IB_HIGH_FADE_LONG,SHADOW,SUPPRESSED_FADE,LONG,29198,83,80,83,80,2026-07-20,TARGET_HIT,RETROACTIVE_REPAIR,159,36,36,166.75,390,true
2026-07-21 10:42:26.061059,2026-07-21,A_pre_optstopq_fix,OR_MID_AFTER_IB_FADE_LONG,SHADOW,SUPPRESSED_FADE,LONG,29175.75,23,35,23,35,2026-07-20,TARGET_HIT,RETROACTIVE_REPAIR,69,0,0,189,390,true
2026-07-21 10:45:00,2026-07-21,A_pre_optstopq_fix,PW_VAL_FADE_SHORT,BACKFILL,,SHORT,29240.25,108,69.25,37,80,2026-07-20,STOP_HIT,BACKFILL,-217,112.25,124.5,59.25,390,true
2026-07-21 10:46:43.01069,2026-07-21,A_pre_optstopq_fix,PW_VAL_FADE_SHORT,SHADOW,SUPPRESSED_FADE,SHORT,29240.25,38,70,37,80,2026-07-20,STOP_HIT,RETROACTIVE_REPAIR,-77,41.75,124.5,59.25,390,true
2026-07-21 10:53:04.621483,2026-07-21,A_pre_optstopq_fix,PW_VAL_FADE_LONG,SHADOW,SUPPRESSED_FADE,LONG,29231.25,57,70,88,80,2026-07-20,TARGET_HIT,RETROACTIVE_REPAIR,139,50.25,50.25,133.5,390,true
2026-07-21 11:10:05.651598,2026-07-21,A_pre_optstopq_fix,5D_OR_MID_FADE_SHORT,SHADOW,SUPPRESSED_FADE,SHORT,29262,14,30,14,30,2026-07-20,STOP_HIT,RETROACTIVE_REPAIR,-29,16,102.75,7.75,390,true
2026-07-21 11:42:04.183676,2026-07-21,A_pre_optstopq_fix,5D_OR_MID_FADE_LONG,SHADOW,SUPPRESSED_FADE,LONG,29269.75,20,30,20,30,2026-07-20,TARGET_HIT,RETROACTIVE_REPAIR,59,12.75,16.75,95,390,true
2026-07-21 12:22:00,2026-07-21,A_pre_optstopq_fix,FLOOR_R2_FADE_SHORT,BACKFILL,,SHORT,29326.5,74.25,45.75,39,154,2026-07-20,TIME_EXPIRED,BACKFILL,0,38.25,38.25,73.5,390,true
2026-07-21 12:23:52.927994,2026-07-21,A_pre_optstopq_fix,FLOOR_R2_FADE_SHORT,SHADOW,SUPPRESSED_FADE,SHORT,29326.5,37,50,39,154,2026-07-20,STOP_HIT,RETROACTIVE_REPAIR,-75,38.25,38.25,73.5,390,true
2026-07-21 12:57:57.23672,2026-07-21,A_pre_optstopq_fix,FLOOR_R2_FADE_LONG,SHADOW,SUPPRESSED_FADE,LONG,29339.75,90,40,,,,TIME_EXPIRED,RETROACTIVE_REPAIR,-81.5,49,86.75,25,390,true
2026-07-21 20:06:20.741722,2026-07-22,A_pre_optstopq_fix,PD_POC_FADE_LONG,ACTIVE,,LONG,29322.25,76.25,41.25,29,111.3,2026-07-20,STOP_HIT,PRICE_CLEAN,-153.5,81.25,262.25,14.75,390,true
2026-07-21 23:53:01.606636,2026-07-22,A_pre_optstopq_fix,PD_VAL_FADE_LONG,ACTIVE,,LONG,29208.25,91,38.5,37,50,2026-07-20,STOP_HIT,PRICE_CLEAN,-183,95.25,182.5,30.25,390,true
2026-07-22 09:34:22.106765,2026-07-22,A_pre_optstopq_fix,PD_IB_MID_FADE_SHORT,SHADOW,SUPPRESSED_FADE,SHORT,29143,46,40,46,40,2026-07-21,STOP_HIT,RETROACTIVE_REPAIR,-93,75.25,199.25,30,390,true
2026-07-22 09:35:25.061302,2026-07-22,A_pre_optstopq_fix,OR_HIGH_FADE_SHORT,SHADOW,SUPPRESSED_FADE,SHORT,29151,31,50,31,50,2026-07-21,STOP_HIT,RETROACTIVE_REPAIR,-63,31.25,191.25,38,390,true
2026-07-22 09:37:31.929867,2026-07-22,A_pre_optstopq_fix,OR_MID_AFTER_IB_FADE_SHORT,SHADOW,SUPPRESSED_FADE,SHORT,29137.5,30,35,30,35,2026-07-21,STOP_HIT,RETROACTIVE_REPAIR,-61,41.75,204.75,24.5,390,true
2026-07-22 09:39:39.496823,2026-07-22,A_pre_optstopq_fix,OR_MID_AFTER_IB_FADE_LONG,SHADOW,SUPPRESSED_FADE,LONG,29122,23,35,23,35,2026-07-21,TARGET_HIT,RETROACTIVE_REPAIR,69,0,3,220.25,390,true
2026-07-22 09:44:54.531044,2026-07-22,A_pre_optstopq_fix,PD_OR_MID_FADE_SHORT,SHADOW,SUPPRESSED_FADE,SHORT,29178,42,55,42,55,2026-07-21,STOP_HIT,RETROACTIVE_REPAIR,-85,49.25,164.25,59,390,true
2026-07-22 09:50:10.231905,2026-07-22,A_pre_optstopq_fix,PD_OR_MID_FADE_LONG,SHADOW,SUPPRESSED_FADE,LONG,29177,43,40,43,40,2026-07-21,TARGET_HIT,RETROACTIVE_REPAIR,79,17,58,165.25,390,true
2026-07-22 09:51:13.82362,2026-07-22,A_pre_optstopq_fix,OR_HIGH_FADE_LONG,SHADOW,SUPPRESSED_FADE,LONG,29172.25,40,40,40,40,2026-07-13,TARGET_HIT,RETROACTIVE_REPAIR,79,0,53.25,170,390,true
2026-07-22 09:55:25.780206,2026-07-22,A_pre_optstopq_fix,FLOOR_PIVOT_FADE_SHORT,SHADOW,SUPPRESSED_FADE,SHORT,29236.25,28,75,28,75,2026-07-21,STOP_HIT,RETROACTIVE_REPAIR,-57,41,106,117.25,390,true
2026-07-22 10:02:48.215508,2026-07-22,A_pre_optstopq_fix,5D_OR_MID_FADE_SHORT,SHADOW,SUPPRESSED_FADE,SHORT,29263.25,14,30,14,30,2026-07-21,STOP_HIT,RETROACTIVE_REPAIR,-29,14.5,79,144.25,390,true
2026-07-22 10:04:53.85279,2026-07-22,A_pre_optstopq_fix,FLOOR_PIVOT_FADE_LONG,SHADOW,SUPPRESSED_FADE,LONG,29242.5,56,50,56,50,2026-07-21,STOP_HIT,RETROACTIVE_REPAIR,-113,59,123.5,99.75,390,true
2026-07-22 10:17:19.277168,2026-07-22,A_pre_optstopq_fix,PD_VAL_FADE_LONG,SHADOW,SUPPRESSED_FADE,LONG,29207.5,37,151.79999999999927,37,149.8,2026-07-21,STOP_HIT,RETROACTIVE_REPAIR,-75,49.25,88.5,134.75,390,true
2026-07-22 10:28:00,2026-07-22,A_pre_optstopq_fix,STOP_SWEEP_SHORT,SHADOW,,SHORT,29213.25,65.75,30.25,,,,TARGET_HIT,PRICE_CLEAN,59.5,47,129,94.25,390,true
2026-07-22 10:28:00,2026-07-22,A_pre_optstopq_fix,IB_BULLISH,ACTIVE,,LONG,29213,79,31,79,50,2026-07-21,TARGET_HIT,PRICE_CLEAN,61,6.5,94,129.25,390,true
2026-07-22 10:32:00,2026-07-22,A_pre_optstopq_fix,IB_BULLISH,ACTIVE,,LONG,29258,79,31,79,50,2026-07-21,STOP_HIT,PRICE_CLEAN,-159,85.25,182.25,84.25,390,true
2026-07-22 10:32:00,2026-07-22,A_pre_optstopq_fix,C_STANDALONE_UP,SHADOW,,LONG,29258,172,104,68,80,2026-07-21,TIME_EXPIRED,MARK_TO_MARKET,-131.5,85.25,182.25,84.25,390,true
2026-07-22 10:42:00,2026-07-22,A_pre_optstopq_fix,IB_BULLISH,ACTIVE,,LONG,29199,79,31,79,50,2026-07-21,TARGET_HIT,PRICE_CLEAN,61,25.5,138.5,143.25,390,true
2026-07-22 10:42:00,2026-07-22,A_pre_optstopq_fix,STOP_SWEEP_SHORT,SHADOW,,SHORT,29199,66,30,,,,STOP_HIT,PRICE_CLEAN,-133,67,143.25,138.5,390,true
2026-07-22 10:48:00,2026-07-22,A_pre_optstopq_fix,IB_BULLISH,ACTIVE,,LONG,29221,79,31,79,50,2026-07-21,TARGET_HIT,PRICE_CLEAN,61,38,160.5,121.25,390,true
2026-07-22 10:59:00,2026-07-22,A_pre_optstopq_fix,C_PAIRED_LONG,SHADOW,,LONG,29241,151,121,,,,TIME_EXPIRED,MARK_TO_MARKET,-97.5,66.25,180.5,101.25,390,true
2026-07-22 11:00:00,2026-07-22,A_pre_optstopq_fix,IB_BULLISH,ACTIVE,,LONG,29264,79,31,79,50,2026-07-21,TARGET_HIT,PRICE_CLEAN,61,21.5,203.5,78.25,390,true
2026-07-22 11:05:56.500017,2026-07-22,A_pre_optstopq_fix,IB_HIGH_FADE_SHORT,SHADOW,SUPPRESSED_FADE,SHORT,29269.5,32,35,32,35,2026-07-21,STOP_HIT,RETROACTIVE_REPAIR,-65,33.75,72.75,209,390,true
2026-07-22 11:06:00,2026-07-22,A_pre_optstopq_fix,IB_BULLISH,ACTIVE,,LONG,29292,79,31,79,50,2026-07-21,TARGET_HIT,PRICE_CLEAN,61,5.75,231.5,50.25,390,true
2026-07-22 11:14:28.861097,2026-07-22,A_pre_optstopq_fix,IB_HIGH_FADE_LONG,SHADOW,SUPPRESSED_FADE,LONG,29298.5,53,35,53,35,2026-07-13,TARGET_HIT,RETROACTIVE_REPAIR,69,6.75,258.5,43.75,390,true
2026-07-22 11:20:00,2026-07-22,A_pre_optstopq_fix,PD_POC_FADE_SHORT,ACTIVE,,SHORT,29323.5,76,45,40,50,2026-07-21,INVALIDATED,MARK_TO_MARKET,-1,18.75,18.75,284.25,390,true
2026-07-22 11:21:00,2026-07-22,A_pre_optstopq_fix,IB_BULLISH,ACTIVE,,LONG,29303,79,31,79,50,2026-07-21,TARGET_HIT,PRICE_CLEAN,61,6,263.75,39.25,390,true
2026-07-22 11:26:00,2026-07-22,A_pre_optstopq_fix,PD_POC_FADE_SHORT,ACTIVE,,SHORT,29333.75,76,45,40,50,2026-07-21,INVALIDATED,MARK_TO_MARKET,-1,8.5,1.75,294.5,390,true
2026-07-22 11:28:00,2026-07-22,A_pre_optstopq_fix,PD_POC_FADE_SHORT,ACTIVE,,SHORT,29329.75,76,45,40,50,2026-07-21,INVALIDATED,,,5.75,5.75,290.5,390,true
2026-07-22 11:29:00,2026-07-22,A_pre_optstopq_fix,PD_POC_FADE_SHORT,ACTIVE,,SHORT,29324.5,76,45,40,50,2026-07-21,INVALIDATED,,,11,10.5,285.25,390,true
2026-07-22 11:30:00,2026-07-22,A_pre_optstopq_fix,PD_POC_FADE_SHORT,ACTIVE,,SHORT,29332.25,76,45,40,50,2026-07-21,INVALIDATED,,,3.25,2.75,293,390,true
2026-07-22 11:31:00,2026-07-22,A_pre_optstopq_fix,IB_BULLISH,ACTIVE,,LONG,29326,79,31,79,50,2026-07-21,STOP_HIT,PRICE_CLEAN,-159,91.75,286.75,9,390,true
2026-07-22 11:32:35.765941,2026-07-22,A_pre_optstopq_fix,PD_POC_FADE_LONG,SHADOW,SUPPRESSED_FADE,LONG,29325.75,29,50,29,112.5,2026-07-21,STOP_HIT,RETROACTIVE_REPAIR,-59,37.25,286.5,9.25,390,true
2026-07-22 13:55:00,2026-07-22,A_pre_optstopq_fix,IB_BULLISH,ACTIVE,,LONG,29251,79,31,79,50,2026-07-21,TIME_EXPIRED,MARK_TO_MARKET,-117.5,76.25,229.25,31.5,390,true
2026-07-22 14:12:00,2026-07-22,A_pre_optstopq_fix,STOP_SWEEP_SHORT,SHADOW,,SHORT,29236,40,30,,,,TIME_EXPIRED,MARK_TO_MARKET,4.5,19.75,46.5,214.25,390,true
2026-07-22 14:49:00,2026-07-22,A_pre_optstopq_fix,STOP_SWEEP_SHORT,SHADOW,,SHORT,29233,22,30,,,,STOP_HIT,PRICE_CLEAN,-45,25,49.5,211.25,390,true
2026-07-22 15:11:00,2026-07-22,A_pre_optstopq_fix,STOP_SWEEP_SHORT,SHADOW,,SHORT,29235,28,30,,,,TARGET_HIT,PRICE_CLEAN,59,25,47.5,213.25,390,true
2026-07-22 15:38:00,2026-07-22,A_pre_optstopq_fix,STOP_SWEEP_SHORT,SHADOW,,SHORT,29199,66,30,,,,TIME_EXPIRED,MARK_TO_MARKET,11.5,47,83.5,177.25,390,true
2026-07-22 15:47:30.121311,2026-07-22,A_pre_optstopq_fix,PD_VAL_FADE_SHORT,SHADOW,SUPPRESSED_FADE,SHORT,29209.75,35,55,35,55,2026-07-21,STOP_HIT,RETROACTIVE_REPAIR,-71,36.25,72.75,188,390,true
2026-07-22 15:58:00,2026-07-22,A_pre_optstopq_fix,C_PAIRED_LONG,SHADOW,,LONG,29193,103,169,,,,STOP_HIT,PRICE_CLEAN,-207,117.25,171.25,89.5,390,true
2026-07-22 15:58:00,2026-07-22,A_pre_optstopq_fix,IB_BULLISH,ACTIVE,,LONG,29193,79,31,79,50,2026-07-21,TARGET_HIT,PRICE_CLEAN,61,53,171.25,89.5,390,true
2026-07-22 15:58:00,2026-07-22,A_pre_optstopq_fix,STOP_SWEEP_SHORT,SHADOW,,SHORT,29192.75,58.25,29.75,,,,TARGET_HIT,PRICE_CLEAN,58.5,13.5,89.75,171,390,true
2026-07-22 16:00:00,2026-07-22,A_pre_optstopq_fix,STOP_SWEEP_SHORT,SHADOW,,SHORT,29203,48,30,,,,TARGET_HIT,PRICE_CLEAN,59,25.5,79.5,181.25,390,true
2026-07-22 16:01:00,2026-07-22,A_pre_optstopq_fix,IB_BULLISH,ACTIVE,,LONG,29200,79,31,79,50,2026-07-21,TARGET_HIT,PRICE_CLEAN,61,57.25,178.25,82.5,390,true
2026-07-22 16:01:00,2026-07-22,A_pre_optstopq_fix,STOP_SWEEP_SHORT,SHADOW,,SHORT,29199.5,51.5,29.5,,,,TARGET_HIT,PRICE_CLEAN,58,36,83,177.75,390,true
2026-07-22 16:02:00,2026-07-22,A_pre_optstopq_fix,IB_BULLISH,ACTIVE,,LONG,29197,79,31,79,50,2026-07-21,TARGET_HIT,PRICE_CLEAN,61,78,175.25,85.5,390,true
2026-07-22 16:02:00,2026-07-22,A_pre_optstopq_fix,STOP_SWEEP_SHORT,SHADOW,,SHORT,29196.5,54.5,29.5,,,,TARGET_HIT,PRICE_CLEAN,58,30.75,86,174.75,390,true
2026-07-22 16:03:00,2026-07-22,A_pre_optstopq_fix,STOP_SWEEP_SHORT,SHADOW,,SHORT,29203.75,47.25,29.75,,,,TARGET_HIT,PRICE_CLEAN,58.5,9,78.75,182,390,true
2026-07-22 16:13:00,2026-07-22,A_pre_optstopq_fix,STOP_SWEEP_SHORT,SHADOW,,SHORT,29212.5,38.5,29.5,,,,STOP_HIT,PRICE_CLEAN,-78,38.5,70,190.75,390,true
2026-07-22 16:14:00,2026-07-22,A_pre_optstopq_fix,IB_BULLISH,ACTIVE,,LONG,29249,79,31,79,50,2026-07-21,SESSION_CLOSED,,,,227.25,33.5,390,true
2026-07-22 19:46:39.495835,2026-07-23,A_pre_optstopq_fix,PD_VAL_FADE_LONG,ACTIVE,,LONG,29117.5,91,38.5,37,149.8,2026-07-21,TARGET_HIT,PRICE_CLEAN,76,0,88,165,390,true
2026-07-22 20:23:41.865588,2026-07-23,A_pre_optstopq_fix,PD_POC_FADE_LONG,ACTIVE,,LONG,29231.5,76.25,41.25,29,112.5,2026-07-21,TARGET_HIT,PRICE_CLEAN,81.5,13.25,202,51,390,true
2026-07-22 20:27:02.359442,2026-07-23,A_pre_optstopq_fix,PD_POC_FADE_SHORT,ACTIVE,,SHORT,29240.75,83.9375,40.625,40,50,2026-07-21,TARGET_HIT,PRICE_CLEAN,80.25,41.75,41.75,211.25,390,true
2026-07-22 20:53:12.820071,2026-07-23,A_pre_optstopq_fix,PD_VAH_FADE_SHORT,ACTIVE,,SHORT,29273.75,83.625,42,32,40,2026-07-21,TARGET_HIT,PRICE_CLEAN,83,6,6,319.75,390,true
2026-07-23 09:36:02.949763,2026-07-23,A_pre_optstopq_fix,OR_HIGH_FADE_SHORT,SHADOW,SUPPRESSED_FADE,SHORT,28759.75,31,50,31,50,2026-07-22,STOP_HIT,RETROACTIVE_REPAIR,-63,48.25,123.25,327.25,390,true
2026-07-23 09:50:31.569837,2026-07-23,A_pre_optstopq_fix,OR_HIGH_FADE_LONG,SHADOW,SUPPRESSED_FADE,LONG,28760,40,40,40,40,2026-07-13,STOP_HIT,RETROACTIVE_REPAIR,-81,42.5,327.5,74.5,390,true
2026-07-23 09:59:51.635402,2026-07-23,A_pre_optstopq_fix,OR_MID_AFTER_IB_FADE_LONG,SHADOW,SUPPRESSED_FADE,LONG,28725,23,35,23,35,2026-07-22,TARGET_HIT,RETROACTIVE_REPAIR,69,18.75,292.5,76.25,390,true
2026-07-23 10:21:32.729424,2026-07-23,A_pre_optstopq_fix,OR_MID_AFTER_IB_FADE_SHORT,SHADOW,SUPPRESSED_FADE,SHORT,28707.75,30,35,30,35,2026-07-22,STOP_HIT,RETROACTIVE_REPAIR,-61,72.5,74.25,275.25,390,true
2026-07-23 10:34:09.954056,2026-07-23,A_pre_optstopq_fix,IB_LOW_FADE_LONG,SHADOW,SUPPRESSED_FADE,LONG,28649.25,41,35,41,35,2026-07-22,TARGET_HIT,RETROACTIVE_REPAIR,69,3.25,216.75,132.75,390,true
2026-07-23 12:22:00.318544,2026-07-23,A_pre_optstopq_fix,IB_LOW_FADE_SHORT,SHADOW,SUPPRESSED_FADE,SHORT,28655.5,69,38,69,38,2026-07-22,STOP_HIT,RETROACTIVE_REPAIR,-139,78.25,126.5,169.25,390,true
2026-07-23 12:49:00,2026-07-23,A_pre_optstopq_fix,TRT_MAH_SHORT,SHADOW,,SHORT,28637,166,87,,,,TIME_EXPIRED,MARK_TO_MARKET,92,39.75,145,150.75,390,true
2026-07-23 12:49:00,2026-07-23,A_pre_optstopq_fix,IB_BEARISH,ACTIVE,,SHORT,28637,87,45,87,60,2026-07-22,TARGET_HIT,PRICE_CLEAN,89,26.25,145,150.75,390,true
2026-07-23 12:49:00,2026-07-23,A_pre_optstopq_fix,FAILED_AUCTION_LONG,SHADOW,,LONG,28637,40,35,,,,STOP_HIT,PRICE_CLEAN,-81,49,150.75,145,390,true
2026-07-23 12:49:00,2026-07-23,A_pre_optstopq_fix,TRT_SHORT,SHADOW,,SHORT,28637,166,87,,,,TIME_EXPIRED,MARK_TO_MARKET,92,39.75,145,150.75,390,true
2026-07-23 13:34:00,2026-07-23,A_pre_optstopq_fix,FAILED_AUCTION_LONG,SHADOW,,LONG,28621,40,35,,,,STOP_HIT,PRICE_CLEAN,-81,47.75,134.75,161,390,true
2026-07-23 13:34:00,2026-07-23,A_pre_optstopq_fix,IB_BEARISH,ACTIVE,,SHORT,28621,87,45,87,60,2026-07-22,TARGET_HIT,PRICE_CLEAN,89,3.5,161,134.75,390,true
2026-07-23 15:48:00,2026-07-23,A_pre_optstopq_fix,IB_BEARISH,ACTIVE,,SHORT,28502,87,45,87,60,2026-07-22,STOP_HIT,PRICE_CLEAN,-175,104.25,280,3.75,390,true
2026-07-23 15:48:00,2026-07-23,A_pre_optstopq_fix,TRT_SHORT,SHADOW,,SHORT,28502,301,,,,,TIME_EXPIRED,MARK_TO_MARKET,-244.5,,280,3.75,390,true
2026-07-23 15:48:00,2026-07-23,A_pre_optstopq_fix,TRT_MAH_SHORT,SHADOW,,SHORT,28502,301,,,,,TIME_EXPIRED,MARK_TO_MARKET,-244.5,,280,3.75,390,true
2026-07-23 15:48:00,2026-07-23,A_pre_optstopq_fix,FAILED_AUCTION_LONG,SHADOW,,LONG,28502,40,35,,,,TARGET_HIT,PRICE_CLEAN,69,15.75,3.75,280,390,true
2026-07-23 16:34:23.773777,2026-07-23,A_pre_optstopq_fix,IB_MID_SCALP_FADE_SHORT,SHADOW,SUPPRESSED_FADE,SHORT,28780.25,34,79.29999999999927,34,79.3,2026-07-22,TARGET_HIT,RETROACTIVE_REPAIR,157.6,0,0,314.75,390,true
2026-07-23 18:12:01.088902,2026-07-24,A_pre_optstopq_fix,PD_POC_FADE_SHORT,ACTIVE,,SHORT,28643.25,83.9375,40.625,40,50,2026-07-22,STOP_HIT,PRICE_CLEAN,-168.87,86.75,92.75,177.75,390,true
2026-07-23 18:47:44.347913,2026-07-24,A_pre_optstopq_fix,PD_VAH_FADE_SHORT,ACTIVE,,SHORT,28696.25,83.625,42,32,40,2026-07-22,TARGET_HIT,PRICE_CLEAN,83,39.75,39.75,230.75,390,true
2026-07-23 20:13:26.494914,2026-07-24,A_pre_optstopq_fix,PD_POC_FADE_LONG,ACTIVE,,LONG,28622.5,76.25,41.25,29,111.3,2026-07-22,TARGET_HIT,PRICE_CLEAN,81.5,6.75,157,79,390,true
2026-07-23 22:35:33.803715,2026-07-24,A_pre_optstopq_fix,3M_VAL_FADE_SHORT_OVERNIGHT,SHADOW,NEW_SIGNAL_UNDER_LIVE_EVALUATION,SHORT,28572.75,90,40,,,,TARGET_HIT,PRICE_CLEAN,79,0,90.25,107.25,390,true
2026-07-23 23:46:45.605832,2026-07-24,A_pre_optstopq_fix,PD_VAL_FADE_LONG,ACTIVE,,LONG,28499.25,91,38.5,37,139,2026-07-22,TARGET_HIT,PRICE_CLEAN,76,33.75,33.75,207,390,true
2026-07-24 09:36:21.904234,2026-07-24,A_pre_optstopq_fix,OR_HIGH_FADE_SHORT,SHADOW,SUPPRESSED_FADE,SHORT,28603.25,31,50,31,50,2026-07-23,TARGET_HIT,RETROACTIVE_REPAIR,99,0,27.5,390.75,390,true
2026-07-24 09:39:29.403747,2026-07-24,A_pre_optstopq_fix,OR_MID_AFTER_IB_FADE_LONG,SHADOW,SUPPRESSED_FADE,LONG,28544.75,23,35,23,35,2026-07-23,STOP_HIT,RETROACTIVE_REPAIR,-47,56.75,332.25,86,390,true
2026-07-24 09:42:37.04166,2026-07-24,A_pre_optstopq_fix,PD_VAL_FADE_LONG,SHADOW,DOW_SUPPRESSED,LONG,28482,37,151.79999999999927,37,149.8,2026-07-23,STOP_HIT,RETROACTIVE_REPAIR,-75,37,269.5,148.75,390,true
2026-07-24 09:45:44.929919,2026-07-24,A_pre_optstopq_fix,OR_LOW_FADE_LONG,SHADOW,SUPPRESSED_FADE,LONG,28485,36,35,36,35,2026-07-23,STOP_HIT,RETROACTIVE_REPAIR,-73,40,272.5,145.75,390,true
2026-07-24 09:50:57.563377,2026-07-24,A_pre_optstopq_fix,OR_LOW_FADE_SHORT,SHADOW,SUPPRESSED_FADE,SHORT,28501.25,3,35,3,35,2026-07-23,TARGET_HIT,RETROACTIVE_REPAIR,69,0,129.5,288.75,390,true
2026-07-24 10:28:00,2026-07-24,A_pre_optstopq_fix,IB_BEARISH,ACTIVE,,SHORT,28392,87,45,87,60,2026-07-23,TARGET_HIT,PRICE_CLEAN,89,15.5,238.75,179.5,390,true
2026-07-24 10:30:00,2026-07-24,A_pre_optstopq_fix,IB_BEARISH,ACTIVE,,SHORT,28347,87,45,87,60,2026-07-23,TARGET_HIT,PRICE_CLEAN,89,22.5,335.25,134.5,390,true
2026-07-24 10:35:49.147325,2026-07-24,A_pre_optstopq_fix,IB_LOW_FADE_LONG,SHADOW,SUPPRESSED_FADE,LONG,28305.25,41,35,41,35,2026-07-23,TARGET_HIT,RETROACTIVE_REPAIR,69,0,92.75,377,390,true
2026-07-24 10:39:00,2026-07-24,A_pre_optstopq_fix,IB_BEARISH,ACTIVE,,SHORT,28284,87,45,87,60,2026-07-23,STOP_HIT,PRICE_CLEAN,-175,97,398.25,71.5,390,true
2026-07-24 10:46:13.369316,2026-07-24,A_pre_optstopq_fix,IB_LOW_FADE_SHORT,SHADOW,SUPPRESSED_FADE,SHORT,28287.25,69,38,69,38,2026-07-23,STOP_HIT,RETROACTIVE_REPAIR,-139,74.5,395,74.75,390,true
2026-07-24 10:55:00,2026-07-24,A_pre_optstopq_fix,IB_BEARISH,ACTIVE,,SHORT,28378,87,45,87,60,2026-07-23,STOP_HIT,PRICE_CLEAN,-175,90.25,304.25,165.5,390,true
2026-07-24 10:59:00,2026-07-24,A_pre_optstopq_fix,C_PAIRED_SHORT,SHADOW,,SHORT,28449,158,110,,,,STOP_HIT,PRICE_CLEAN,-317,166.5,233.25,236.5,390,true
2026-07-24 11:00:00,2026-07-24,A_pre_optstopq_fix,VALUE_AREA_RESPONSIVE_LONG,SHADOW,,LONG,28467,31,28,25,30,2026-07-23,STOP_HIT,PRICE_CLEAN,-63,36,254.5,215.25,390,true
2026-07-24 11:00:00,2026-07-24,A_pre_optstopq_fix,IB_BEARISH,ACTIVE,,SHORT,28467,87,45,87,60,2026-07-23,TARGET_HIT,PRICE_CLEAN,89,11.5,215.25,254.5,390,true
2026-07-24 11:00:16.134538,2026-07-24,A_pre_optstopq_fix,IB_MID_SCALP_FADE_SHORT,SHADOW,SUPPRESSED_FADE,SHORT,28449.25,34,79.29999999999927,34,79.3,2026-07-23,TARGET_HIT,RETROACTIVE_REPAIR,157.6,29.25,233,236.75,390,true
2026-07-24 11:02:00,2026-07-24,A_pre_optstopq_fix,IB_BEARISH,ACTIVE,,SHORT,28432,87,45,87,60,2026-07-23,TARGET_HIT,PRICE_CLEAN,89,6.25,250.25,219.5,390,true
2026-07-24 11:06:00,2026-07-24,A_pre_optstopq_fix,IB_BEARISH,ACTIVE,,SHORT,28388,87,45,87,60,2026-07-23,STOP_HIT,PRICE_CLEAN,-175,98.75,294.25,175.5,390,true
2026-07-24 11:11:00,2026-07-24,A_pre_optstopq_fix,IB_BEARISH,ACTIVE,,SHORT,28434,87,45,87,60,2026-07-23,STOP_HIT,PRICE_CLEAN,-175,122,248.25,221.5,390,true
2026-07-24 11:17:01.874571,2026-07-24,A_pre_optstopq_fix,OR_MID_AFTER_IB_FADE_SHORT,SHADOW,SUPPRESSED_FADE,SHORT,28543.25,30,35,30,35,2026-07-23,TARGET_HIT,RETROACTIVE_REPAIR,69,0,139,330.75,390,true
2026-07-24 11:19:00,2026-07-24,A_pre_optstopq_fix,IB_BEARISH,ACTIVE,,SHORT,28464,87,45,87,60,2026-07-23,STOP_HIT,PRICE_CLEAN,-175,87.75,218.25,251.5,390,true
2026-07-24 11:20:07.647841,2026-07-24,A_pre_optstopq_fix,IB_MID_SCALP_FADE_LONG,SHADOW,SUPPRESSED_FADE,LONG,28463.75,25,73.29999999999927,25,73.3,2026-07-23,TARGET_HIT,RETROACTIVE_REPAIR,145.6,0,251.25,218.5,390,true
2026-07-24 12:08:58.302405,2026-07-24,A_pre_optstopq_fix,IB_HIGH_FADE_SHORT,SHADOW,SUPPRESSED_FADE,SHORT,28615,32,35,32,35,2026-07-23,TARGET_HIT,RETROACTIVE_REPAIR,69,15.75,67.25,402.5,390,true
2026-07-24 12:11:05.641602,2026-07-24,A_pre_optstopq_fix,FLOOR_PIVOT_FADE_SHORT,SHADOW,SUPPRESSED_FADE,SHORT,28629.5,28,75,28,75,2026-07-23,TARGET_HIT,RETROACTIVE_REPAIR,149,0,52.75,417,390,true
2026-07-24 12:13:13.220934,2026-07-24,A_pre_optstopq_fix,OR_HIGH_FADE_LONG,SHADOW,SUPPRESSED_FADE,LONG,28596.25,40,40,40,40,2026-07-13,STOP_HIT,RETROACTIVE_REPAIR,-81,43.75,383.75,86,390,true
2026-07-24 13:06:00,2026-07-24,A_pre_optstopq_fix,C_PAIRED_SHORT,SHADOW,,SHORT,28463,144,124,,,,TARGET_HIT,PRICE_CLEAN,247,81,270.75,250.5,390,true
2026-07-24 13:06:00,2026-07-24,A_pre_optstopq_fix,IB_BEARISH,ACTIVE,,SHORT,28463,87,45,87,60,2026-07-23,TARGET_HIT,PRICE_CLEAN,89,81,270.75,250.5,390,true
2026-07-24 13:11:00,2026-07-24,A_pre_optstopq_fix,STOP_SWEEP_LONG,SHADOW,,LONG,28451,29,30,,,,TARGET_HIT,PRICE_CLEAN,59,10,238.5,282.75,390,true
2026-07-24 13:19:37.795408,2026-07-24,A_pre_optstopq_fix,PD_VAL_FADE_SHORT,SHADOW,SUPPRESSED_FADE,SHORT,28478.75,35,55,35,55,2026-07-23,STOP_HIT,RETROACTIVE_REPAIR,-71,39.5,255,266.25,390,true
2026-07-24 13:48:00,2026-07-24,A_pre_optstopq_fix,STOP_SWEEP_LONG,SHADOW,,LONG,28467.5,20.5,30.5,,,,TARGET_HIT,PRICE_CLEAN,60,1.5,255,266.25,390,true
2026-07-24 13:48:00,2026-07-24,A_pre_optstopq_fix,VALUE_AREA_RESPONSIVE_LONG,SHADOW,,LONG,28468,31,28,25,30,2026-07-23,TARGET_HIT,PRICE_CLEAN,55,2,255.5,265.75,390,true
2026-07-24 14:17:00,2026-07-24,A_pre_optstopq_fix,IB_BEARISH,ACTIVE,,SHORT,28420,87,45,87,60,2026-07-23,TARGET_HIT,PRICE_CLEAN,89,3,313.75,207.5,390,true
2026-07-24 14:23:00,2026-07-24,A_pre_optstopq_fix,IB_BEARISH,ACTIVE,,SHORT,28385,87,45,87,60,2026-07-23,TARGET_HIT,PRICE_CLEAN,89,5,348.75,172.5,390,true
2026-07-24 14:29:00,2026-07-24,A_pre_optstopq_fix,C_PAIRED_SHORT,SHADOW,,SHORT,28336,271,,,,,TIME_EXPIRED,MARK_TO_MARKET,132.5,,397.75,123.5,390,true
2026-07-24 14:29:00,2026-07-24,A_pre_optstopq_fix,IB_BEARISH,ACTIVE,,SHORT,28336,87,45,87,60,2026-07-23,TARGET_HIT,PRICE_CLEAN,89,10.75,397.75,123.5,390,true
2026-07-24 14:35:00,2026-07-24,A_pre_optstopq_fix,IB_BEARISH,ACTIVE,,SHORT,28294,87,45,87,60,2026-07-23,TARGET_HIT,PRICE_CLEAN,89,34.5,439.75,81.5,390,true
2026-07-24 14:41:00,2026-07-24,A_pre_optstopq_fix,VWAP_MAGNET_LONG,SHADOW,,LONG,28268.5,30,20,,,,TARGET_HIT,PRICE_CLEAN,39,9.5,56,465.25,390,true
2026-07-24 15:07:00,2026-07-24,A_pre_optstopq_fix,IB_BEARISH,ACTIVE,,SHORT,28242,87,45,87,60,2026-07-23,TIME_EXPIRED,MARK_TO_MARKET,-55.5,62.75,491.75,29.5,390,true
2026-07-24 15:07:00,2026-07-24,A_pre_optstopq_fix,VWAP_MAGNET_LONG,SHADOW,,LONG,28241.5,30,20,,,,TARGET_HIT,PRICE_CLEAN,39,29,29,492.25,390,true
2026-07-24 15:29:00,2026-07-24,A_pre_optstopq_fix,VWAP_MAGNET_LONG,SHADOW,,LONG,28253.5,30,20,,,,TARGET_HIT,PRICE_CLEAN,39,2.75,29,480.25,390,true
2026-07-24 15:42:00,2026-07-24,A_pre_optstopq_fix,VWAP_MAGNET_LONG,SHADOW,,LONG,28252.25,30,20,,,,TARGET_HIT,PRICE_CLEAN,39,13.5,27.75,481.5,390,true
2026-07-24 15:50:00,2026-07-24,A_pre_optstopq_fix,VWAP_MAGNET_LONG,SHADOW,,LONG,28236.25,30,20,,,,TARGET_HIT,PRICE_CLEAN,39,11.75,11.75,497.5,390,true
2026-07-24 15:58:00,2026-07-24,A_pre_optstopq_fix,IB_BEARISH,ACTIVE,,SHORT,28269,50,35,87,60,2026-07-23,STOP_HIT,PRICE_CLEAN,-101,53.25,464.75,9.75,390,true
2026-07-24 15:58:00,2026-07-24,A_pre_optstopq_fix,C_PAIRED_SHORT,SHADOW,,SHORT,28269,338,,,,,TIME_EXPIRED,MARK_TO_MARKET,-72.5,,464.75,9.75,390,true
2026-07-24 16:21:00,2026-07-24,A_pre_optstopq_fix,IB_BEARISH,ACTIVE,,SHORT,28317,87,45,87,60,2026-07-23,SESSION_CLOSED,,,,416.75,33.25,390,true
2026-07-26 14:04:00,2026-07-27,A_pre_optstopq_fix,GLOBEX_VWAP_FADE_SHORT,BACKFILL,,SHORT,28615.25,60,30,,,,TARGET_HIT,BACKFILL,59,22.25,118.5,90.25,390,true
2026-07-26 18:10:48.249829,2026-07-27,A_pre_optstopq_fix,PD_VAH_FADE_SHORT,ACTIVE,,SHORT,28590.5,83.625,42,32,40,2026-07-24,STOP_HIT,PRICE_CLEAN,-168.25,89,143.25,65.5,390,true
2026-07-26 21:14:24.560601,2026-07-27,A_pre_optstopq_fix,3M_VAL_FADE_SHORT_OVERNIGHT,SHADOW,NEW_SIGNAL_UNDER_LIVE_EVALUATION,SHORT,28573.5,60,30,,,,TARGET_HIT,PRICE_CLEAN,59,8.5,158.5,48.5,390,true
2026-07-27 05:58:00,2026-07-27,A_pre_optstopq_fix,GLOBEX_VWAP_MAGNET_LONG,BACKFILL,,LONG,28346.5,30,20,,,,TARGET_HIT,BACKFILL,39,19.75,407.5,411.5,390,true
2026-07-27 06:01:00,2026-07-27,A_pre_optstopq_fix,GLOBEX_VWAP_MAGNET_LONG,BACKFILL,,LONG,28316.75,30,20,,,,TARGET_HIT,BACKFILL,39,29.25,377.75,441.25,390,true
2026-07-27 06:03:00,2026-07-27,A_pre_optstopq_fix,VWAP_MAGNET_LONG,BACKFILL,,LONG,28296.75,30,20,,,,TARGET_HIT,BACKFILL,39,9.25,357.75,461.25,390,true
2026-07-27 06:06:00,2026-07-27,A_pre_optstopq_fix,GLOBEX_VWAP_MAGNET_LONG,BACKFILL,,LONG,28300.5,30,20,,,,TARGET_HIT,BACKFILL,39,0.5,361.5,457.5,390,true
2026-07-27 06:08:00,2026-07-27,A_pre_optstopq_fix,GLOBEX_VWAP_MAGNET_LONG,BACKFILL,,LONG,28333.5,30,20,,,,STOP_HIT,BACKFILL,-61,65.75,394.5,424.5,390,true
2026-07-27 06:10:00,2026-07-27,A_pre_optstopq_fix,VWAP_MAGNET_LONG,BACKFILL,,LONG,28270.25,30,20,,,,STOP_HIT,BACKFILL,-61,39.5,331.25,487.75,390,true
2026-07-27 06:11:00,2026-07-27,A_pre_optstopq_fix,GLOBEX_VWAP_MAGNET_LONG,BACKFILL,,LONG,28251.75,30,20,,,,TARGET_HIT,BACKFILL,39,8.75,312.75,506.25,390,true
2026-07-27 06:13:00,2026-07-27,A_pre_optstopq_fix,GLOBEX_VWAP_MAGNET_LONG,BACKFILL,,LONG,28244.75,30,20,,,,TARGET_HIT,BACKFILL,39,5.25,305.75,513.25,390,true
2026-07-27 06:13:00,2026-07-27,A_pre_optstopq_fix,VWAP_MAGNET_LONG,BACKFILL,,LONG,28244.75,30,20,,,,TARGET_HIT,BACKFILL,39,5.25,305.75,513.25,390,true
2026-07-27 06:15:00,2026-07-27,A_pre_optstopq_fix,GLOBEX_VWAP_MAGNET_LONG,BACKFILL,,LONG,28266.5,30,20,,,,STOP_HIT,BACKFILL,-61,31.75,327.5,491.5,390,true
2026-07-27 06:17:00,2026-07-27,A_pre_optstopq_fix,VWAP_MAGNET_LONG,BACKFILL,,LONG,28242,30,20,,,,TARGET_HIT,BACKFILL,39,17.75,303,516,390,true
2026-07-27 06:18:00,2026-07-27,A_pre_optstopq_fix,GLOBEX_VWAP_MAGNET_LONG,BACKFILL,,LONG,28249.75,30,20,,,,TARGET_HIT,BACKFILL,39,1.25,310.75,508.25,390,true
2026-07-27 06:20:00,2026-07-27,A_pre_optstopq_fix,GLOBEX_VWAP_MAGNET_LONG,BACKFILL,,LONG,28218.75,30,20,,,,TARGET_HIT,BACKFILL,39,7.75,279.75,539.25,390,true
2026-07-27 06:20:00,2026-07-27,A_pre_optstopq_fix,VWAP_MAGNET_LONG,BACKFILL,,LONG,28218.75,30,20,,,,TARGET_HIT,BACKFILL,39,7.75,279.75,539.25,390,true
2026-07-27 06:22:00,2026-07-27,A_pre_optstopq_fix,GLOBEX_VWAP_MAGNET_LONG,BACKFILL,,LONG,28214.75,30,20,,,,STOP_HIT,BACKFILL,-61,36,275.75,543.25,390,true
2026-07-27 06:22:00,2026-07-27,A_pre_optstopq_fix,VWAP_MAGNET_LONG,BACKFILL,,LONG,28214.75,30,20,,,,STOP_HIT,BACKFILL,-61,36,275.75,543.25,390,true
2026-07-27 06:24:00,2026-07-27,A_pre_optstopq_fix,VWAP_MAGNET_LONG,BACKFILL,,LONG,28182,30,20,,,,STOP_HIT,BACKFILL,-61,32,243,576,390,true
2026-07-27 06:24:00,2026-07-27,A_pre_optstopq_fix,GLOBEX_VWAP_MAGNET_LONG,BACKFILL,,LONG,28182,30,20,,,,STOP_HIT,BACKFILL,-61,32,243,576,390,true
2026-07-27 06:27:00,2026-07-27,A_pre_optstopq_fix,GLOBEX_VWAP_MAGNET_LONG,BACKFILL,,LONG,28138.5,30,20,,,,STOP_HIT,BACKFILL,-61,63.25,199.5,619.5,390,true
2026-07-27 06:27:00,2026-07-27,A_pre_optstopq_fix,VWAP_MAGNET_LONG,BACKFILL,,LONG,28138.5,30,20,,,,STOP_HIT,BACKFILL,-61,63.25,199.5,619.5,390,true
2026-07-27 06:30:00,2026-07-27,A_pre_optstopq_fix,GLOBEX_VWAP_MAGNET_LONG,BACKFILL,,LONG,28073.75,30,20,,,,TARGET_HIT,BACKFILL,39,12.25,134.75,684.25,390,true
2026-07-27 06:30:00,2026-07-27,A_pre_optstopq_fix,VWAP_MAGNET_LONG,BACKFILL,,LONG,28073.75,30,20,,,,TARGET_HIT,BACKFILL,39,12.25,134.75,684.25,390,true
2026-07-27 06:32:00,2026-07-27,A_pre_optstopq_fix,GLOBEX_VWAP_MAGNET_LONG,BACKFILL,,LONG,28079.5,30,20,,,,STOP_HIT,BACKFILL,-61,38.5,140.5,678.5,390,true
2026-07-27 06:32:00,2026-07-27,A_pre_optstopq_fix,VWAP_MAGNET_LONG,BACKFILL,,LONG,28079.5,30,20,,,,STOP_HIT,BACKFILL,-61,38.5,140.5,678.5,390,true
2026-07-27 06:35:00,2026-07-27,A_pre_optstopq_fix,VWAP_MAGNET_LONG,BACKFILL,,LONG,28055.75,30,20,,,,STOP_HIT,BACKFILL,-61,48,116.75,702.25,390,true
2026-07-27 06:35:00,2026-07-27,A_pre_optstopq_fix,GLOBEX_VWAP_MAGNET_LONG,BACKFILL,,LONG,28055.75,30,20,,,,STOP_HIT,BACKFILL,-61,48,116.75,702.25,390,true
2026-07-27 06:37:00,2026-07-27,A_pre_optstopq_fix,VWAP_MAGNET_LONG,BACKFILL,,LONG,28015.5,30,20,,,,TARGET_HIT,BACKFILL,39,0.25,76.5,742.5,390,true
2026-07-27 06:37:00,2026-07-27,A_pre_optstopq_fix,GLOBEX_VWAP_MAGNET_LONG,BACKFILL,,LONG,28015.5,30,20,,,,TARGET_HIT,BACKFILL,39,0.25,76.5,742.5,390,true
2026-07-27 06:39:00,2026-07-27,A_pre_optstopq_fix,GLOBEX_VWAP_MAGNET_LONG,BACKFILL,,LONG,28031,30,20,,,,STOP_HIT,BACKFILL,-61,44,92,727,390,true
2026-07-27 06:39:00,2026-07-27,A_pre_optstopq_fix,VWAP_MAGNET_LONG,BACKFILL,,LONG,28031,30,20,,,,STOP_HIT,BACKFILL,-61,44,92,727,390,true
2026-07-27 06:41:00,2026-07-27,A_pre_optstopq_fix,GLOBEX_VWAP_MAGNET_LONG,BACKFILL,,LONG,27962.5,30,20,,,,TARGET_HIT,BACKFILL,39,23.5,23.5,795.5,390,true
2026-07-27 06:41:00,2026-07-27,A_pre_optstopq_fix,VWAP_MAGNET_LONG,BACKFILL,,LONG,27962.5,30,20,,,,TARGET_HIT,BACKFILL,39,23.5,23.5,795.5,390,true
2026-07-27 06:45:00,2026-07-27,A_pre_optstopq_fix,VWAP_MAGNET_LONG,BACKFILL,,LONG,27995.75,30,20,,,,TARGET_HIT,BACKFILL,39,9.5,56.75,762.25,390,true
2026-07-27 06:45:00,2026-07-27,A_pre_optstopq_fix,GLOBEX_VWAP_MAGNET_LONG,BACKFILL,,LONG,27995.75,30,20,,,,TARGET_HIT,BACKFILL,39,9.5,56.75,762.25,390,true
2026-07-27 06:47:00,2026-07-27,A_pre_optstopq_fix,GLOBEX_VWAP_MAGNET_LONG,BACKFILL,,LONG,28029.5,30,20,,,,TARGET_HIT,BACKFILL,39,6.25,90.5,728.5,390,true
2026-07-27 06:47:00,2026-07-27,A_pre_optstopq_fix,VWAP_MAGNET_LONG,BACKFILL,,LONG,28029.5,30,20,,,,TARGET_HIT,BACKFILL,39,6.25,90.5,728.5,390,true
2026-07-27 06:50:00,2026-07-27,A_pre_optstopq_fix,GLOBEX_VWAP_MAGNET_LONG,BACKFILL,,LONG,28100.5,30,20,,,,STOP_HIT,BACKFILL,-61,37,161.5,657.5,390,true
2026-07-27 06:50:00,2026-07-27,A_pre_optstopq_fix,VWAP_MAGNET_LONG,BACKFILL,,LONG,28100.5,30,20,,,,STOP_HIT,BACKFILL,-61,37,161.5,657.5,390,true
2026-07-27 06:53:00,2026-07-27,A_pre_optstopq_fix,VWAP_MAGNET_LONG,BACKFILL,,LONG,28101.5,30,20,,,,TARGET_HIT,BACKFILL,39,4.25,162.5,656.5,390,true
2026-07-27 06:53:00,2026-07-27,A_pre_optstopq_fix,GLOBEX_VWAP_MAGNET_LONG,BACKFILL,,LONG,28101.5,30,20,,,,TARGET_HIT,BACKFILL,39,4.25,162.5,656.5,390,true
2026-07-27 06:55:00,2026-07-27,A_pre_optstopq_fix,GLOBEX_VWAP_MAGNET_LONG,BACKFILL,,LONG,28130,30,20,,,,TARGET_HIT,BACKFILL,39,15.5,191,615.5,390,true
2026-07-27 06:58:00,2026-07-27,A_pre_optstopq_fix,GLOBEX_VWAP_MAGNET_LONG,BACKFILL,,LONG,28156,30,20,,,,TARGET_HIT,BACKFILL,39,5.5,217,587.5,390,true
2026-07-27 07:00:00,2026-07-27,A_pre_optstopq_fix,GLOBEX_VWAP_MAGNET_LONG,BACKFILL,,LONG,28175.5,30,20,,,,STOP_HIT,BACKFILL,-61,37.5,236.5,553,390,true
2026-07-27 07:03:00,2026-07-27,A_pre_optstopq_fix,GLOBEX_VWAP_MAGNET_LONG,BACKFILL,,LONG,28154.5,30,20,,,,TARGET_HIT,BACKFILL,39,6,215.5,570,390,true
2026-07-27 07:06:00,2026-07-27,A_pre_optstopq_fix,GLOBEX_VWAP_MAGNET_LONG,BACKFILL,,LONG,28157.25,30,20,,,,TARGET_HIT,BACKFILL,39,17.25,218.25,566.25,390,true
2026-07-27 07:08:00,2026-07-27,A_pre_optstopq_fix,GLOBEX_VWAP_MAGNET_LONG,BACKFILL,,LONG,28166,30,20,,,,STOP_HIT,BACKFILL,-61,44.25,227,557,390,true
2026-07-27 07:14:00,2026-07-27,A_pre_optstopq_fix,GLOBEX_VWAP_MAGNET_LONG,BACKFILL,,LONG,28124.75,30,20,,,,STOP_HIT,BACKFILL,-61,30.75,185.75,595.25,390,true
2026-07-27 07:16:00,2026-07-27,A_pre_optstopq_fix,GLOBEX_VWAP_MAGNET_LONG,BACKFILL,,LONG,28093,30,20,,,,STOP_HIT,BACKFILL,-61,45,154,625.75,390,true
2026-07-27 07:17:00,2026-07-27,A_pre_optstopq_fix,VWAP_MAGNET_LONG,BACKFILL,,LONG,28078.25,30,20,,,,STOP_HIT,BACKFILL,-61,30.25,139.25,632.75,390,true
2026-07-27 07:19:00,2026-07-27,A_pre_optstopq_fix,GLOBEX_VWAP_MAGNET_LONG,BACKFILL,,LONG,28106.25,30,20,,,,TARGET_HIT,BACKFILL,39,3.75,167.25,600,390,true
2026-07-27 07:21:00,2026-07-27,A_pre_optstopq_fix,GLOBEX_VWAP_MAGNET_LONG,BACKFILL,,LONG,28113,30,20,,,,TARGET_HIT,BACKFILL,39,10,174,589.75,390,true
2026-07-27 07:23:00,2026-07-27,A_pre_optstopq_fix,GLOBEX_VWAP_MAGNET_LONG,BACKFILL,,LONG,28080.5,30,20,,,,STOP_HIT,BACKFILL,-61,34.5,141.5,619.75,390,true
2026-07-27 07:24:00,2026-07-27,A_pre_optstopq_fix,VWAP_MAGNET_LONG,BACKFILL,,LONG,28076.75,30,20,,,,STOP_HIT,BACKFILL,-61,30.75,137.75,623.5,390,true
2026-07-27 07:29:00,2026-07-27,A_pre_optstopq_fix,VWAP_MAGNET_LONG,BACKFILL,,LONG,28072.25,30,20,,,,STOP_HIT,BACKFILL,-61,32.25,133.25,627.75,390,true
2026-07-27 07:29:00,2026-07-27,A_pre_optstopq_fix,GLOBEX_VWAP_MAGNET_LONG,BACKFILL,,LONG,28072.25,30,20,,,,STOP_HIT,BACKFILL,-61,32.25,133.25,627.75,390,true
2026-07-27 07:32:00,2026-07-27,A_pre_optstopq_fix,VWAP_MAGNET_LONG,BACKFILL,,LONG,28024,30,20,,,,STOP_HIT,BACKFILL,-61,37,85,676,390,true
2026-07-27 07:32:00,2026-07-27,A_pre_optstopq_fix,GLOBEX_VWAP_MAGNET_LONG,BACKFILL,,LONG,28024,30,20,,,,STOP_HIT,BACKFILL,-61,37,85,676,390,true
2026-07-27 07:38:00,2026-07-27,A_pre_optstopq_fix,GLOBEX_VWAP_MAGNET_LONG,BACKFILL,,LONG,28006.5,30,20,,,,TARGET_HIT,BACKFILL,39,12.5,67.5,693.5,390,true
2026-07-27 07:38:00,2026-07-27,A_pre_optstopq_fix,VWAP_MAGNET_LONG,BACKFILL,,LONG,28006.5,30,20,,,,TARGET_HIT,BACKFILL,39,12.5,67.5,693.5,390,true
2026-07-27 07:41:00,2026-07-27,A_pre_optstopq_fix,VWAP_MAGNET_LONG,BACKFILL,,LONG,28021.5,30,20,,,,TARGET_HIT,BACKFILL,39,0.5,82.5,678.5,390,true
2026-07-27 07:41:00,2026-07-27,A_pre_optstopq_fix,GLOBEX_VWAP_MAGNET_LONG,BACKFILL,,LONG,28021.5,30,20,,,,TARGET_HIT,BACKFILL,39,0.5,82.5,678.5,390,true
2026-07-27 07:43:00,2026-07-27,A_pre_optstopq_fix,VWAP_MAGNET_LONG,BACKFILL,,LONG,28019.25,30,20,,,,TARGET_HIT,BACKFILL,39,3,80.25,680.75,390,true
2026-07-27 07:43:00,2026-07-27,A_pre_optstopq_fix,GLOBEX_VWAP_MAGNET_LONG,BACKFILL,,LONG,28019.25,30,20,,,,TARGET_HIT,BACKFILL,39,3,80.25,680.75,390,true
2026-07-27 07:45:00,2026-07-27,A_pre_optstopq_fix,VWAP_MAGNET_LONG,BACKFILL,,LONG,28021.25,30,20,,,,TARGET_HIT,BACKFILL,39,26,82.25,678.75,390,true
2026-07-27 07:45:00,2026-07-27,A_pre_optstopq_fix,GLOBEX_VWAP_MAGNET_LONG,BACKFILL,,LONG,28021.25,30,20,,,,TARGET_HIT,BACKFILL,39,26,82.25,678.75,390,true
2026-07-27 07:56:00,2026-07-27,A_pre_optstopq_fix,GLOBEX_VWAP_MAGNET_LONG,BACKFILL,,LONG,28046,30,20,,,,TARGET_HIT,BACKFILL,39,8.5,107,654,390,true
2026-07-27 07:56:00,2026-07-27,A_pre_optstopq_fix,VWAP_MAGNET_LONG,BACKFILL,,LONG,28046,30,20,,,,TARGET_HIT,BACKFILL,39,8.5,107,654,390,true
2026-07-27 07:58:00,2026-07-27,A_pre_optstopq_fix,GLOBEX_VWAP_MAGNET_LONG,BACKFILL,,LONG,28055.25,30,20,,,,TARGET_HIT,BACKFILL,39,1.25,116.25,644.75,390,true
2026-07-27 08:01:00,2026-07-27,A_pre_optstopq_fix,GLOBEX_VWAP_MAGNET_LONG,BACKFILL,,LONG,28070.5,30,20,,,,TARGET_HIT,BACKFILL,39,8,131.5,629.5,390,true
2026-07-27 08:04:00,2026-07-27,A_pre_optstopq_fix,GLOBEX_VWAP_MAGNET_LONG,BACKFILL,,LONG,28119,30,20,,,,TARGET_HIT,BACKFILL,39,28.25,180,581,390,true
2026-07-27 08:13:00,2026-07-27,A_pre_optstopq_fix,GLOBEX_VWAP_MAGNET_LONG,BACKFILL,,LONG,28098.75,30,20,,,,STOP_HIT,BACKFILL,-61,30.5,159.75,601.25,390,true
2026-07-27 08:16:00,2026-07-27,A_pre_optstopq_fix,GLOBEX_VWAP_MAGNET_LONG,BACKFILL,,LONG,28052,30,20,,,,TARGET_HIT,BACKFILL,39,3.75,113,648,390,true
2026-07-27 08:20:00,2026-07-27,A_pre_optstopq_fix,GLOBEX_VWAP_MAGNET_LONG,BACKFILL,,LONG,28066.5,30,20,,,,TARGET_HIT,BACKFILL,39,10.5,127.5,633.5,390,true
2026-07-27 08:22:00,2026-07-27,A_pre_optstopq_fix,GLOBEX_VWAP_MAGNET_LONG,BACKFILL,,LONG,28073,30,20,,,,TARGET_HIT,BACKFILL,39,17.75,134,627,390,true
2026-07-27 08:50:00,2026-07-27,A_pre_optstopq_fix,GLOBEX_VWAP_MAGNET_LONG,BACKFILL,,LONG,28084.75,30,20,,,,STOP_HIT,BACKFILL,-61,34.75,145.75,615.25,390,true
2026-07-27 08:55:00,2026-07-27,A_pre_optstopq_fix,GLOBEX_VWAP_MAGNET_LONG,BACKFILL,,LONG,28036.75,30,20,,,,STOP_HIT,BACKFILL,-61,41.25,97.75,663.25,390,true
2026-07-27 09:01:00,2026-07-27,A_pre_optstopq_fix,VWAP_MAGNET_LONG,BACKFILL,,LONG,28024,30,20,,,,STOP_HIT,BACKFILL,-61,30.25,85,664,390,true
2026-07-27 09:03:00,2026-07-27,A_pre_optstopq_fix,GLOBEX_VWAP_MAGNET_LONG,BACKFILL,,LONG,28014.75,30,20,,,,TARGET_HIT,BACKFILL,39,21,75.75,664,390,true
2026-07-27 09:07:00,2026-07-27,A_pre_optstopq_fix,VWAP_MAGNET_LONG,BACKFILL,,LONG,28026.25,30,20,,,,STOP_HIT,BACKFILL,-61,40.25,87.25,649.75,390,true
2026-07-27 09:13:00,2026-07-27,A_pre_optstopq_fix,GLOBEX_VWAP_MAGNET_LONG,BACKFILL,,LONG,28032.25,30,20,,,,STOP_HIT,BACKFILL,-61,46.25,93.25,643.75,390,true
2026-07-27 09:18:00,2026-07-27,A_pre_optstopq_fix,VWAP_MAGNET_LONG,BACKFILL,,LONG,27992.5,30,20,,,,TARGET_HIT,BACKFILL,39,5.5,53.5,652.5,390,true
2026-07-27 09:18:00,2026-07-27,A_pre_optstopq_fix,GLOBEX_VWAP_MAGNET_LONG,BACKFILL,,LONG,27992.5,30,20,,,,TARGET_HIT,BACKFILL,39,5.5,53.5,652.5,390,true
2026-07-27 09:21:00,2026-07-27,A_pre_optstopq_fix,GLOBEX_VWAP_MAGNET_LONG,BACKFILL,,LONG,28019.75,30,20,,,,TARGET_HIT,BACKFILL,39,26.25,80.75,625.25,390,true
2026-07-27 09:21:00,2026-07-27,A_pre_optstopq_fix,VWAP_MAGNET_LONG,BACKFILL,,LONG,28019.75,30,20,,,,TARGET_HIT,BACKFILL,39,26.25,80.75,625.25,390,true
2026-07-27 09:30:00,2026-07-27,A_pre_optstopq_fix,WPP_FADE_SHORT_GAP_UP,SHADOW,,SHORT,28581,46,39,46,39,2026-07-26,TIME_EXPIRED,MARK_TO_MARKET,-1097.5,,32.75,642,390,true
2026-07-27 09:30:00,2026-07-27,A_pre_optstopq_fix,DAILY_OPEN_FADE_LONG_TRAIL,SHADOW,,LONG,28581,88,42,,,,STOP_HIT,PRICE_CLEAN,-177,94,642,32.75,390,true
2026-07-27 09:32:00,2026-07-27,A_pre_optstopq_fix,PD_POC_FADE_LONG_TRAIL,SHADOW,,LONG,28522,88,41,,,,TARGET_HIT,PRICE_CLEAN,81,35,583,91.75,390,true
2026-07-27 09:33:00,2026-07-27,A_pre_optstopq_fix,GLOBEX_VWAP_MAGNET_LONG,BACKFILL,,LONG,28052.25,30,20,,,,STOP_HIT,BACKFILL,-61,36.75,113.25,561.5,390,true
2026-07-27 09:41:00,2026-07-27,A_pre_optstopq_fix,GLOBEX_VWAP_MAGNET_LONG,BACKFILL,,LONG,28039,30,20,,,,TARGET_HIT,BACKFILL,39,25.25,100,465,390,true
2026-07-27 09:47:00,2026-07-27,A_pre_optstopq_fix,GLOBEX_VWAP_MAGNET_LONG,BACKFILL,,LONG,28044.5,30,20,,,,TARGET_HIT,BACKFILL,39,18.25,105.5,459.5,390,true
2026-07-27 10:00:00,2026-07-27,A_pre_optstopq_fix,PD_VAL_FADE_LONG,SHADOW,,LONG,28368.5,85,49,37,151.8,2026-07-26,STOP_HIT,PRICE_CLEAN,-171,91.5,429.5,0,390,true
2026-07-27 10:16:00,2026-07-27,A_pre_optstopq_fix,GLOBEX_VWAP_MAGNET_LONG,BACKFILL,,LONG,28060.5,30,20,,,,TARGET_HIT,BACKFILL,39,10.75,121.5,221.25,390,true
2026-07-27 10:20:00,2026-07-27,A_pre_optstopq_fix,GLOBEX_VWAP_MAGNET_LONG,BACKFILL,,LONG,28061.25,30,20,,,,TARGET_HIT,BACKFILL,39,8.5,122.25,194.5,390,true
2026-07-27 10:20:00,2026-07-27,A_pre_optstopq_fix,CAM_S2_FADE_LONG_TRAIL,SHADOW,,LONG,28218.75,81,43,,,,STOP_HIT,PRICE_CLEAN,-163,84.25,279.75,37,390,true
2026-07-27 10:27:00,2026-07-27,A_pre_optstopq_fix,FLOOR_S1_FADE_LONG_TRAIL,SHADOW,,LONG,28138.5,91,42,,,,STOP_HIT,PRICE_CLEAN,-183,97.5,199.5,117.25,390,true
2026-07-27 10:28:00,2026-07-27,A_pre_optstopq_fix,IB_BEARISH,ACTIVE,,SHORT,28120,50,35,50,60,2026-07-26,TARGET_HIT,PRICE_CLEAN,69,3.75,135.75,181,390,true
2026-07-27 10:28:00,2026-07-27,A_pre_optstopq_fix,VWAP_MAGNET_LONG,SHADOW,,LONG,28120,30,20,,,,STOP_HIT,PRICE_CLEAN,-61,44.75,181,135.75,390,true
2026-07-27 10:29:00,2026-07-27,A_pre_optstopq_fix,IB_BEARISH,ACTIVE,,SHORT,28086,50,35,50,60,2026-07-26,TARGET_HIT,PRICE_CLEAN,69,19.25,169.75,147,390,true
2026-07-27 10:29:00,2026-07-27,A_pre_optstopq_fix,VWAP_MAGNET_LONG,SHADOW,,LONG,28086.25,30,20,,,,STOP_HIT,PRICE_CLEAN,-61,34.5,147.25,169.5,390,true
2026-07-27 10:30:00,2026-07-27,A_pre_optstopq_fix,GLOBEX_VWAP_MAGNET_LONG,BACKFILL,,LONG,28060.5,30,20,,,,STOP_HIT,BACKFILL,-61,33.25,121.5,195.25,390,true
2026-07-27 10:31:59.014721,2026-07-27,A_pre_optstopq_fix,IB_LOW_FADE_LONG,SHADOW,SUPPRESSED_FADE,LONG,28073.75,41,35,41,35,2026-07-26,STOP_HIT,PRICE_CLEAN,-83,56,134.75,182,390,true
2026-07-27 10:40:00,2026-07-27,A_pre_optstopq_fix,GLOBEX_VWAP_MAGNET_LONG,BACKFILL,,LONG,28023,30,20,,,,TARGET_HIT,BACKFILL,39,1.5,84,232.75,390,true
2026-07-27 10:42:00,2026-07-27,A_pre_optstopq_fix,GLOBEX_VWAP_MAGNET_LONG,BACKFILL,,LONG,28057,30,20,,,,TARGET_HIT,BACKFILL,39,12.5,111.5,198.75,390,true
2026-07-27 10:51:19.038228,2026-07-27,A_pre_optstopq_fix,IB_LOW_FADE_SHORT,SHADOW,SUPPRESSED_FADE,SHORT,28064,69,38,69,38,2026-07-26,STOP_HIT,PRICE_CLEAN,-139,71,191.75,83.75,390,true
2026-07-27 10:55:00,2026-07-27,A_pre_optstopq_fix,RTH_VWAP_FADE_SHORT,BACKFILL,,SHORT,28179.75,90,40,,,,TIME_EXPIRED,BACKFILL,0,76,76,199.5,390,true
2026-07-27 13:22:00,2026-07-27,A_pre_optstopq_fix,C_PAIRED_SHORT,SHADOW,,SHORT,28026,590,,,,,TIME_EXPIRED,MARK_TO_MARKET,-330,,229.75,32.5,390,true
2026-07-27 13:22:00,2026-07-27,A_pre_optstopq_fix,IB_BEARISH,ACTIVE,,SHORT,28026,50,35,50,60,2026-07-26,STOP_HIT,PRICE_CLEAN,-101,62,229.75,32.5,390,true
2026-07-27 13:23:00,2026-07-27,A_pre_optstopq_fix,VWAP_MAGNET_LONG,SHADOW,,LONG,28007,30,20,,,,TARGET_HIT,PRICE_CLEAN,39,13.5,13.5,248.75,390,true
2026-07-27 13:54:00,2026-07-27,A_pre_optstopq_fix,IB_BEARISH,ACTIVE,,SHORT,28084,87,45,50,60,2026-07-26,TARGET_HIT,PRICE_CLEAN,89,37.25,171.75,115,390,true
2026-07-27 13:54:19.447846,2026-07-27,A_pre_optstopq_fix,IB_LOW_FADE_SHORT,SHADOW,SUPPRESSED_FADE,SHORT,28062.5,70,38,69,38,2026-07-26,TARGET_HIT,PRICE_CLEAN,75,58.75,193.25,93.5,390,true
2026-07-27 14:05:00,2026-07-28,A_pre_optstopq_fix,GLOBEX_VWAP_FADE_LONG,BACKFILL,,LONG,28190,90,40,,,,STOP_HIT,BACKFILL,-181,91.75,221,65.75,390,true
2026-07-27 14:17:23.409576,2026-07-27,A_pre_optstopq_fix,IB_LOW_FADE_LONG,SHADOW,SUPPRESSED_FADE,LONG,28072.75,70,36,41,35,2026-07-26,TARGET_HIT,PRICE_CLEAN,71,53.5,103.75,183,390,true
2026-07-27 14:32:00,2026-07-27,A_pre_optstopq_fix,IB_BEARISH,ACTIVE,,SHORT,28056,50,35,50,60,2026-07-26,TARGET_HIT,PRICE_CLEAN,69,1.75,199.75,87,390,true
2026-07-27 14:40:00,2026-07-27,A_pre_optstopq_fix,IB_BEARISH,ACTIVE,,SHORT,28023,50,35,50,60,2026-07-26,STOP_HIT,PRICE_CLEAN,-101,56,232.75,54,390,true
2026-07-27 14:41:00,2026-07-27,A_pre_optstopq_fix,IB_BEARISH,ACTIVE,,SHORT,28062,87,45,50,60,2026-07-26,STOP_HIT,PRICE_CLEAN,-175,98.5,193.75,93,390,true
2026-07-27 14:43:05.144551,2026-07-27,A_pre_optstopq_fix,IB_LOW_FADE_SHORT,SHADOW,SUPPRESSED_FADE,SHORT,28061.5,70,38,69,38,2026-07-26,STOP_HIT,PRICE_CLEAN,-141,81.25,194.25,92.5,390,true
2026-07-27 14:44:23.595351,2026-07-27,A_pre_optstopq_fix,CAM_S4_FADE_SHORT,SHADOW,SUPPRESSED_FADE,SHORT,28057,81,47,21,40,2026-07-26,STOP_HIT,PRICE_CLEAN,-163,85.75,198.75,88,390,true
2026-07-27 14:53:00,2026-07-27,A_pre_optstopq_fix,IB_BEARISH,ACTIVE,,SHORT,28158,50,35,50,60,2026-07-26,STOP_HIT,PRICE_CLEAN,-101,60,97.75,189,390,true
2026-07-27 14:54:47.494825,2026-07-27,A_pre_optstopq_fix,CAM_S3_FADE_SHORT,SHADOW,CASCADE_BREAKER,SHORT,28158,89,43,13,50,2026-07-26,STOP_HIT,PRICE_CLEAN,-179,89.5,97.75,189,390,true
2026-07-27 14:56:52.464687,2026-07-27,A_pre_optstopq_fix,WEEKLY_VWAP_FADE_SHORT,SHADOW,CASCADE_BREAKER,SHORT,28179.75,70,43,37,50,2026-07-26,STOP_HIT,PRICE_CLEAN,-141,76,76,210.75,390,true
2026-07-27 15:01:41.408351,2026-07-27,A_pre_optstopq_fix,WEEKLY_VWAP_FADE_LONG,SHADOW,CASCADE_BREAKER,LONG,28174.5,72,43,11,40,2026-07-26,TARGET_HIT,PRICE_CLEAN,85,9.25,207.75,81.25,390,true
2026-07-27 15:01:41.411125,2026-07-27,A_pre_optstopq_fix,CAM_S3_FADE_LONG,SHADOW,CASCADE_BREAKER,LONG,28174.5,69,45,69,40,2026-07-26,TARGET_HIT,PRICE_CLEAN,89,9.25,207.75,81.25,390,true
2026-07-27 15:07:00,2026-07-27,A_pre_optstopq_fix,IB_BEARISH,ACTIVE,,SHORT,28217,87,45,50,60,2026-07-26,TARGET_HIT,PRICE_CLEAN,89,38.75,38.75,265.5,390,true
2026-07-27 15:08:24.624798,2026-07-27,A_pre_optstopq_fix,PD_LOW_FADE_SHORT,SHADOW,CASCADE_BREAKER,SHORT,28200.25,144,65,12,70,2026-07-26,TIME_EXPIRED,MARK_TO_MARKET,18.5,55.5,55.5,248.75,390,true
2026-07-27 15:08:24.629016,2026-07-27,A_pre_optstopq_fix,CAM_S2_FADE_SHORT,SHADOW,CASCADE_BREAKER,SHORT,28200.25,72,46,42,50,2026-07-26,TIME_EXPIRED,MARK_TO_MARKET,18.5,55.5,55.5,248.75,390,true
2026-07-27 15:08:24.631253,2026-07-27,A_pre_optstopq_fix,PW_LOW_FADE_SHORT,SHADOW,CASCADE_BREAKER,SHORT,28200.25,86,48,,,,TIME_EXPIRED,MARK_TO_MARKET,18.5,55.5,55.5,248.75,390,true
2026-07-27 15:09:46.05108,2026-07-27,A_pre_optstopq_fix,PM_LOW_FADE_SHORT,SHADOW,CASCADE_BREAKER,SHORT,28217,85,45,,,,TARGET_HIT,PRICE_CLEAN,89,38.75,38.75,265.5,390,true
2026-07-27 15:13:48.380564,2026-07-27,A_pre_optstopq_fix,PD_LOW_FADE_LONG,SHADOW,CASCADE_BREAKER,LONG,28210.75,148,64,32,143,2026-07-26,TIME_EXPIRED,MARK_TO_MARKET,-41.5,55.5,259.25,45,390,true
2026-07-27 15:13:48.383298,2026-07-27,A_pre_optstopq_fix,CAM_S2_FADE_LONG_TRAIL,SHADOW,CASCADE_BREAKER,LONG,28210.75,81,43,,,,TARGET_HIT,PRICE_CLEAN,85,18,259.25,45,390,true
2026-07-27 15:13:48.385221,2026-07-27,A_pre_optstopq_fix,PW_LOW_FADE_LONG,SHADOW,CASCADE_BREAKER,LONG,28210.75,130,76,67,80,2026-07-26,TIME_EXPIRED,MARK_TO_MARKET,-41.5,55.5,259.25,45,390,true
2026-07-27 15:27:00.438851,2026-07-27,A_pre_optstopq_fix,PM_LOW_FADE_LONG,SHADOW,CASCADE_BREAKER,LONG,28216.25,85,45,,,,TIME_EXPIRED,MARK_TO_MARKET,-52.5,61,264.75,39.5,390,true
2026-07-27 15:28:23.054922,2026-07-27,A_pre_optstopq_fix,CAM_S1_FADE_SHORT,SHADOW,CASCADE_BREAKER,SHORT,28233,77,46,34,50,2026-07-26,TARGET_HIT,PRICE_CLEAN,91,22.75,22.75,281.5,390,true
2026-07-27 15:36:31.596311,2026-07-27,A_pre_optstopq_fix,CAM_S1_FADE_LONG,SHADOW,CASCADE_BREAKER,LONG,28233,78,43,21,40,2026-07-26,TIME_EXPIRED,MARK_TO_MARKET,-86,77.75,291.25,0,390,true
2026-07-27 15:39:25.525321,2026-07-27,A_pre_optstopq_fix,CAM_S2_FADE_LONG_TRAIL,SHADOW,CASCADE_BREAKER,LONG,28197,81,43,,,,TIME_EXPIRED,MARK_TO_MARKET,-14,41.75,264,33,390,true
2026-07-27 15:40:42.141003,2026-07-27,A_pre_optstopq_fix,WEEKLY_VWAP_FADE_LONG,SHADOW,CASCADE_BREAKER,LONG,28185.25,72,43,11,40,2026-07-26,TIME_EXPIRED,MARK_TO_MARKET,9.5,30,252.75,44.75,390,true
2026-07-27 15:44:27.553088,2026-07-27,A_pre_optstopq_fix,CAM_S3_FADE_LONG,SHADOW,CASCADE_BREAKER,LONG,28178.5,69,45,69,40,2026-07-26,TIME_EXPIRED,MARK_TO_MARKET,23,23.25,246,51.5,390,true
2026-07-27 15:45:00,2026-07-27,A_pre_optstopq_fix,IB_BEARISH,ACTIVE,,SHORT,28174,87,45,50,60,2026-07-26,TIME_EXPIRED,MARK_TO_MARKET,-34,31,56,241.5,390,true
2026-07-27 15:51:36.52377,2026-07-27,A_pre_optstopq_fix,WEEKLY_VWAP_FADE_SHORT,SHADOW,CASCADE_BREAKER,SHORT,28178,70,43,37,50,2026-07-26,TIME_EXPIRED,MARK_TO_MARKET,-26,27,52,245.5,390,true
2026-07-27 15:51:36.527777,2026-07-27,A_pre_optstopq_fix,CAM_S3_FADE_SHORT,SHADOW,CASCADE_BREAKER,SHORT,28178,89,43,13,50,2026-07-26,TIME_EXPIRED,MARK_TO_MARKET,-26,27,52,245.5,390,true
2026-07-27 15:58:00,2026-07-27,A_pre_optstopq_fix,IB_BEARISH,ACTIVE,,SHORT,28191,50,35,50,60,2026-07-26,SESSION_CLOSED,,,28.5,39,258.5,390,true
2026-07-27 15:58:00,2026-07-27,A_pre_optstopq_fix,C_PAIRED_SHORT,SHADOW,,SHORT,28191,425,,,,,TIME_EXPIRED,MARK_TO_MARKET,505.5,,39,258.5,390,true
2026-07-27 15:59:00,2026-07-27,A_pre_optstopq_fix,STOP_SWEEP_LONG,SHADOW,,LONG,28192.25,38.25,29.75,,,,TIME_EXPIRED,MARK_TO_MARKET,0,14.5,259.75,37.75,390,true
2026-07-27 16:00:52.299813,2026-07-27,A_pre_optstopq_fix,WEEKLY_VWAP_FADE_SHORT,SHADOW,SUPPRESSED_FADE,SHORT,28190.5,70,43,37,50,2026-07-26,TARGET_HIT,PRICE_CLEAN,85,39.5,39.5,258,390,true
2026-07-27 16:01:31.604374,2026-07-27,A_pre_optstopq_fix,CAM_S2_FADE_SHORT,SHADOW,SUPPRESSED_FADE,SHORT,28192.25,72,46,42,50,2026-07-26,TARGET_HIT,PRICE_CLEAN,91,37.75,37.75,259.75,390,true
2026-07-27 16:02:53.774724,2026-07-27,A_pre_optstopq_fix,PW_LOW_FADE_SHORT,SHADOW,SUPPRESSED_FADE,SHORT,28205,86,48,,,,TARGET_HIT,PRICE_CLEAN,95,25,25,272.5,390,true
2026-07-27 16:08:07.583985,2026-07-27,A_pre_optstopq_fix,CAM_S3_FADE_SHORT,SHADOW,SUPPRESSED_FADE,SHORT,28183.5,89,43,13,50,2026-07-26,TARGET_HIT,PRICE_CLEAN,85,46.5,46.5,251,390,true
2026-07-27 16:13:27.834131,2026-07-27,A_pre_optstopq_fix,CAM_S3_FADE_LONG,SHADOW,SUPPRESSED_FADE,LONG,28172.5,69,45,69,40,2026-07-26,TARGET_HIT,PRICE_CLEAN,89,0,240,57.5,390,true
2026-07-27 16:36:27.993221,2026-07-27,A_pre_optstopq_fix,PM_LOW_FADE_SHORT,SHADOW,SUPPRESSED_FADE,SHORT,28218,85,45,,,,TARGET_HIT,PRICE_CLEAN,89,11.25,11.25,285.5,390,true
2026-07-27 18:00:28.407882,2026-07-28,A_pre_optstopq_fix,PD_VAH_FADE_SHORT,ACTIVE,,SHORT,28210,66.375,41.5,32,40,2026-07-26,TARGET_HIT,PRICE_CLEAN,82,3.5,0,277.5,390,true
2026-07-27 18:03:49.249728,2026-07-28,A_pre_optstopq_fix,PD_POC_FADE_SHORT,ACTIVE,,SHORT,28193.5,82.25,40.75,25,50,2026-07-26,TARGET_HIT,PRICE_CLEAN,80.5,9.75,1.5,261,390,true
2026-07-27 18:09:20.032519,2026-07-28,A_pre_optstopq_fix,PD_POC_FADE_LONG,ACTIVE,,LONG,28176,83.125,40.75,29,50,2026-07-26,STOP_HIT,PRICE_CLEAN,-167.25,94.5,243.5,19,390,true
2026-07-27 21:12:16.703243,2026-07-28,A_pre_optstopq_fix,PD_VAL_FADE_LONG,ACTIVE,,LONG,27999.25,92,40.5,37,151.8,2026-07-26,TARGET_HIT,PRICE_CLEAN,80,29,159.75,97.75,390,true
2026-07-28 01:36:04.781701,2026-07-28,A_pre_optstopq_fix,WS1_FADE_SHORT_OVERNIGHT,SHADOW,NEW_SIGNAL_UNDER_LIVE_EVALUATION,SHORT,27889.5,90,40,,,,TARGET_HIT,PRICE_CLEAN,79,34.5,162.5,50,390,true
2026-07-28 05:35:00,2026-07-28,A_pre_optstopq_fix,RTH_VWAP_FADE_LONG,BACKFILL,,LONG,27913.25,90,40,,,,STOP_HIT,BACKFILL,-181,91,309.75,155.5,390,true
2026-07-28 05:43:00,2026-07-28,A_pre_optstopq_fix,GLOBEX_VWAP_MAGNET_LONG,BACKFILL,,LONG,27735.75,30,20,,,,TARGET_HIT,BACKFILL,39,0.25,132.25,333,390,true
2026-07-28 05:45:00,2026-07-28,A_pre_optstopq_fix,GLOBEX_VWAP_MAGNET_LONG,BACKFILL,,LONG,27712,30,20,,,,STOP_HIT,BACKFILL,-61,39,108.5,356.75,390,true
2026-07-28 05:47:00,2026-07-28,A_pre_optstopq_fix,GLOBEX_VWAP_MAGNET_LONG,BACKFILL,,LONG,27660,30,20,,,,TARGET_HIT,BACKFILL,39,0.75,56.5,408.75,390,true
2026-07-28 05:54:00,2026-07-28,A_pre_optstopq_fix,GLOBEX_VWAP_MAGNET_LONG,BACKFILL,,LONG,27696,30,20,,,,STOP_HIT,BACKFILL,-61,33.75,92.5,372.75,390,true
2026-07-28 05:57:00,2026-07-28,A_pre_optstopq_fix,GLOBEX_VWAP_MAGNET_LONG,BACKFILL,,LONG,27688.25,30,20,,,,STOP_HIT,BACKFILL,-61,46.5,84.75,380.5,390,true
2026-07-28 06:09:00,2026-07-28,A_pre_optstopq_fix,GLOBEX_VWAP_MAGNET_LONG,BACKFILL,,LONG,27673.75,30,20,,,,TARGET_HIT,BACKFILL,39,8.25,70.25,395,390,true
2026-07-28 06:12:00,2026-07-28,A_pre_optstopq_fix,GLOBEX_VWAP_MAGNET_LONG,BACKFILL,,LONG,27662.25,30,20,,,,TARGET_HIT,BACKFILL,39,15,58.75,406.5,390,true
2026-07-28 06:14:00,2026-07-28,A_pre_optstopq_fix,GLOBEX_VWAP_MAGNET_LONG,BACKFILL,,LONG,27630.25,30,20,,,,TARGET_HIT,BACKFILL,39,15.5,26.75,438.5,390,true
2026-07-28 06:16:00,2026-07-28,A_pre_optstopq_fix,GLOBEX_VWAP_MAGNET_LONG,BACKFILL,,LONG,27610.5,30,20,,,,TARGET_HIT,BACKFILL,39,3.25,7,458.25,390,true
2026-07-28 06:19:00,2026-07-28,A_pre_optstopq_fix,GLOBEX_VWAP_MAGNET_LONG,BACKFILL,,LONG,27615.25,30,20,,,,TARGET_HIT,BACKFILL,39,2.5,11.75,453.5,390,true
2026-07-28 06:22:00,2026-07-28,A_pre_optstopq_fix,GLOBEX_VWAP_MAGNET_LONG,BACKFILL,,LONG,27630.25,30,20,,,,TARGET_HIT,BACKFILL,39,5.25,26.75,449.75,390,true
2026-07-28 07:20:00,2026-07-28,A_pre_optstopq_fix,VWAP_MAGNET_SHORT,BACKFILL,,SHORT,27952,30,20,,,,STOP_HIT,BACKFILL,-61,35.5,128,348.5,390,true
2026-07-28 07:26:00,2026-07-28,A_pre_optstopq_fix,VWAP_MAGNET_SHORT,BACKFILL,,SHORT,28000,30,20,,,,TARGET_HIT,BACKFILL,39,1,80,396.5,390,true
2026-07-28 07:28:00,2026-07-28,A_pre_optstopq_fix,VWAP_MAGNET_SHORT,BACKFILL,,SHORT,27971.25,30,20,,,,TARGET_HIT,BACKFILL,39,14.5,108.75,367.75,390,true
2026-07-28 07:32:00,2026-07-28,A_pre_optstopq_fix,VWAP_MAGNET_SHORT,BACKFILL,,SHORT,27975.5,30,20,,,,STOP_HIT,BACKFILL,-61,36.5,104.5,372,390,true
2026-07-28 07:37:00,2026-07-28,A_pre_optstopq_fix,VWAP_MAGNET_SHORT,BACKFILL,,SHORT,28003.75,30,20,,,,STOP_HIT,BACKFILL,-61,32.25,76.25,400.25,390,true
2026-07-28 07:45:00,2026-07-28,A_pre_optstopq_fix,VWAP_MAGNET_SHORT,BACKFILL,,SHORT,28036,30,20,,,,TARGET_HIT,BACKFILL,39,26.5,44,432.5,390,true
2026-07-28 07:52:00,2026-07-28,A_pre_optstopq_fix,VWAP_MAGNET_SHORT,BACKFILL,,SHORT,28031.25,30,20,,,,STOP_HIT,BACKFILL,-61,31.25,48.75,427.75,390,true
2026-07-28 07:59:00,2026-07-28,A_pre_optstopq_fix,VWAP_MAGNET_SHORT,BACKFILL,,SHORT,28048,30,20,,,,TARGET_HIT,BACKFILL,39,20.75,32,444.5,390,true
2026-07-28 08:08:00,2026-07-28,A_pre_optstopq_fix,VWAP_MAGNET_SHORT,BACKFILL,,SHORT,28016.25,30,20,,,,TARGET_HIT,BACKFILL,39,12.25,63.75,412.75,390,true
2026-07-28 08:16:00,2026-07-28,A_pre_optstopq_fix,VWAP_MAGNET_SHORT,BACKFILL,,SHORT,27995,30,20,,,,STOP_HIT,BACKFILL,-61,37.5,85,391.5,390,true
2026-07-28 08:20:00,2026-07-28,A_pre_optstopq_fix,VWAP_MAGNET_SHORT,BACKFILL,,SHORT,28032,30,20,,,,TARGET_HIT,BACKFILL,39,2.25,48,428.5,390,true
2026-07-28 08:23:00,2026-07-28,A_pre_optstopq_fix,VWAP_MAGNET_SHORT,BACKFILL,,SHORT,27995,30,20,,,,TARGET_HIT,BACKFILL,39,14,85,391.5,390,true
2026-07-28 08:38:00,2026-07-28,A_pre_optstopq_fix,VWAP_MAGNET_SHORT,BACKFILL,,SHORT,28007.25,30,20,,,,STOP_HIT,BACKFILL,-61,30,72.75,403.75,390,true
2026-07-28 08:42:00,2026-07-28,A_pre_optstopq_fix,VWAP_MAGNET_SHORT,BACKFILL,,SHORT,28017.75,30,20,,,,TARGET_HIT,BACKFILL,39,26,62.25,414.25,390,true
2026-07-28 08:47:00,2026-07-28,A_pre_optstopq_fix,VWAP_MAGNET_SHORT,BACKFILL,,SHORT,28017,30,20,,,,STOP_HIT,BACKFILL,-61,30.5,63,413.5,390,true
2026-07-28 08:51:00,2026-07-28,A_pre_optstopq_fix,VWAP_MAGNET_SHORT,BACKFILL,,SHORT,28068,30,20,,,,TARGET_HIT,BACKFILL,39,12,12,464.5,390,true
2026-07-28 09:01:00,2026-07-28,A_pre_optstopq_fix,VWAP_MAGNET_SHORT,BACKFILL,,SHORT,28056.25,30,20,,,,TARGET_HIT,BACKFILL,39,3.75,23.75,452.75,390,true
2026-07-28 09:03:00,2026-07-28,A_pre_optstopq_fix,VWAP_MAGNET_SHORT,BACKFILL,,SHORT,28027.5,30,20,,,,TARGET_HIT,BACKFILL,39,3.5,52.5,424,390,true
2026-07-28 09:07:00,2026-07-28,A_pre_optstopq_fix,VWAP_MAGNET_SHORT,BACKFILL,,SHORT,28026.75,30,20,,,,TARGET_HIT,BACKFILL,39,4.5,53.25,423.25,390,true
2026-07-28 09:20:00,2026-07-28,A_pre_optstopq_fix,VWAP_MAGNET_SHORT,BACKFILL,,SHORT,28026.75,30,20,,,,TARGET_HIT,BACKFILL,39,19,53.25,423.25,390,true
2026-07-28 09:34:00,2026-07-28,A_pre_optstopq_fix,VWAP_MAGNET_SHORT,BACKFILL,,SHORT,28021.75,30,20,,,,TARGET_HIT,BACKFILL,39,21.75,58.25,418.25,390,true
2026-07-28 09:36:01.504343,2026-07-28,A_pre_optstopq_fix,FLOOR_S1_FADE_LONG_TRAIL,SHADOW,SUPPRESSED_FADE,LONG,27877,91,42,,,,STOP_HIT,PRICE_CLEAN,-183,116.75,273.5,203,390,true
2026-07-28 09:37:52.746741,2026-07-28,A_pre_optstopq_fix,OR_LOW_FADE_LONG,SHADOW,SUPPRESSED_FADE,LONG,27860.5,70,39,36,35,2026-07-27,STOP_HIT,PRICE_CLEAN,-141,71.75,257,219.5,390,true
2026-07-28 09:39:23.944399,2026-07-28,A_pre_optstopq_fix,ONL_FADE_LONG,SHADOW,SUPPRESSED_FADE,LONG,27834.75,122,60,45,60,2026-07-27,STOP_HIT,PRICE_CLEAN,-245,128,231.25,245.25,390,true
2026-07-28 09:40:03.30721,2026-07-28,A_pre_optstopq_fix,CAM_S4_FADE_LONG,SHADOW,SUPPRESSED_FADE,LONG,27811.25,90,43,20,40,2026-07-27,STOP_HIT,PRICE_CLEAN,-181,104.5,207.75,268.75,390,true
2026-07-28 10:48:59.088887,2026-07-28,A_pre_optstopq_fix,IB_MID_SCALP_FADE_SHORT,SHADOW,SUPPRESSED_FADE,SHORT,27807,57,31,34,35,2026-07-27,STOP_HIT,PRICE_CLEAN,-115,70.75,273,39,390,true
2026-07-28 10:49:48.787448,2026-07-28,A_pre_optstopq_fix,ONL_FADE_SHORT,SHADOW,SUPPRESSED_FADE,SHORT,27840,91,42,,,,TARGET_HIT,PRICE_CLEAN,83,50,240,72,390,true
2026-07-28 10:51:49.38597,2026-07-28,A_pre_optstopq_fix,OR_LOW_FADE_SHORT,SHADOW,SUPPRESSED_FADE,SHORT,27862.75,24,41,3,35,2026-07-27,STOP_HIT,PRICE_CLEAN,-49,25.75,217.25,94.75,390,true
2026-07-28 10:53:14.243263,2026-07-28,A_pre_optstopq_fix,FLOOR_S1_FADE_SHORT,SHADOW,SUPPRESSED_FADE,SHORT,27882.75,66,47,10,50,2026-07-27,TARGET_HIT,PRICE_CLEAN,93,0,197.25,114.75,390,true
2026-07-28 10:54:33.90932,2026-07-28,A_pre_optstopq_fix,OR_LOW_FADE_SHORT,SHADOW,SUPPRESSED_FADE,SHORT,27858.25,24,41,3,35,2026-07-27,TARGET_HIT,PRICE_CLEAN,81,17.75,221.75,90.25,390,true
2026-07-28 10:57:51.474619,2026-07-28,A_pre_optstopq_fix,ONL_FADE_LONG,SHADOW,SUPPRESSED_FADE,LONG,27844.75,122,60,45,60,2026-07-27,TARGET_HIT,PRICE_CLEAN,119,76.75,76.75,235.25,390,true
2026-07-28 10:58:31.592059,2026-07-28,A_pre_optstopq_fix,CAM_S4_FADE_LONG,SHADOW,SUPPRESSED_FADE,LONG,27820,90,43,20,40,2026-07-27,TARGET_HIT,PRICE_CLEAN,85,52,52,260,390,true
2026-07-28 10:59:53.111581,2026-07-28,A_pre_optstopq_fix,IB_MID_SCALP_FADE_LONG,SHADOW,SUPPRESSED_FADE,LONG,27812.5,58,31,25,73,2026-07-27,TARGET_HIT,PRICE_CLEAN,61,44.5,44.5,267.5,390,true
2026-07-28 11:10:03.335867,2026-07-28,A_pre_optstopq_fix,IB_MID_SCALP_FADE_SHORT,SHADOW,SUPPRESSED_FADE,SHORT,27797.75,57,31,34,35,2026-07-27,STOP_HIT,PRICE_CLEAN,-115,77.25,282.25,0,390,true
2026-07-28 11:11:21.606275,2026-07-28,A_pre_optstopq_fix,ONL_FADE_SHORT,SHADOW,SUPPRESSED_FADE,SHORT,27825.75,91,42,,,,STOP_HIT,PRICE_CLEAN,-183,92,254.25,0,390,true
2026-07-28 11:12:04.684331,2026-07-28,A_pre_optstopq_fix,CAM_S4_FADE_SHORT,SHADOW,SUPPRESSED_FADE,SHORT,27822.25,83,47,21,40,2026-07-27,STOP_HIT,PRICE_CLEAN,-167,95.5,257.75,0,390,true
2026-07-28 11:14:45.401979,2026-07-28,A_pre_optstopq_fix,OR_LOW_FADE_SHORT,SHADOW,SUPPRESSED_FADE,SHORT,27859.5,24,41,3,35,2026-07-27,STOP_HIT,PRICE_CLEAN,-49,58.25,220.5,17.75,390,true
2026-07-28 11:18:42.430063,2026-07-28,A_pre_optstopq_fix,FLOOR_S1_FADE_SHORT,SHADOW,SUPPRESSED_FADE,SHORT,27878.75,66,47,10,50,2026-07-27,STOP_HIT,PRICE_CLEAN,-133,84.5,201.25,67.25,390,true
2026-07-28 11:21:34.189021,2026-07-28,A_pre_optstopq_fix,PD_LOW_FADE_SHORT,SHADOW,CASCADE_BREAKER,SHORT,27952,144,65,9,70,2026-07-27,TIME_EXPIRED,MARK_TO_MARKET,27.5,128,128,145.5,390,true
2026-07-28 11:26:12.032936,2026-07-28,A_pre_optstopq_fix,PD_VAL_FADE_SHORT,SHADOW,CASCADE_BREAKER,SHORT,27974.5,83,50,35,55,2026-07-27,STOP_HIT,PRICE_CLEAN,-167,84.25,105.5,192,390,true
2026-07-28 11:26:55.347896,2026-07-28,A_pre_optstopq_fix,OR_HIGH_FADE_SHORT,SHADOW,CASCADE_BREAKER,SHORT,27979.5,78,43,31,50,2026-07-27,STOP_HIT,PRICE_CLEAN,-157,79.25,100.5,197,390,true
2026-07-28 11:26:55.349859,2026-07-28,A_pre_optstopq_fix,IB_HIGH_FADE_SHORT,SHADOW,CASCADE_BREAKER,SHORT,27979.5,53,33,32,35,2026-07-27,STOP_HIT,PRICE_CLEAN,-107,56.5,100.5,197,390,true
2026-07-28 11:28:18.980136,2026-07-28,A_pre_optstopq_fix,CAM_S3_FADE_SHORT,SHADOW,CASCADE_BREAKER,SHORT,28000,90,43,13,40,2026-07-27,TARGET_HIT,PRICE_CLEAN,85,0,80,243.75,390,true
2026-07-28 11:36:29.674555,2026-07-28,A_pre_optstopq_fix,CAM_S3_FADE_SHORT,SHADOW,CASCADE_BREAKER,SHORT,28001.75,90,43,13,40,2026-07-27,TARGET_HIT,PRICE_CLEAN,85,67,78.25,273.25,390,true
2026-07-28 11:41:55.980488,2026-07-28,A_pre_optstopq_fix,PD_VAL_FADE_LONG,SHADOW,CASCADE_BREAKER,LONG,27996.75,85,49,37,148.8,2026-07-27,TARGET_HIT,PRICE_CLEAN,97,7.5,268.25,83.25,390,true
2026-07-28 11:41:55.986166,2026-07-28,A_pre_optstopq_fix,OR_HIGH_FADE_LONG,SHADOW,CASCADE_BREAKER,LONG,27996.75,79,43,40,40,2026-07-13,TARGET_HIT,PRICE_CLEAN,85,7.5,268.25,83.25,390,true
2026-07-28 11:41:55.989921,2026-07-28,A_pre_optstopq_fix,IB_HIGH_FADE_LONG,SHADOW,CASCADE_BREAKER,LONG,27996.75,53,33,53,35,2026-07-13,TARGET_HIT,PRICE_CLEAN,65,7.5,268.25,83.25,390,true
2026-07-28 11:41:55.994159,2026-07-28,A_pre_optstopq_fix,CAM_S3_FADE_LONG,SHADOW,CASCADE_BREAKER,LONG,27996.75,68,45,68,40,2026-07-27,TARGET_HIT,PRICE_CLEAN,89,7.5,268.25,83.25,390,true
2026-07-28 11:49:38.991705,2026-07-28,A_pre_optstopq_fix,CAM_S2_FADE_SHORT,SHADOW,CASCADE_BREAKER,SHORT,28058.75,72,46,42,50,2026-07-27,TARGET_HIT,PRICE_CLEAN,91,0,21.25,330.25,390,true
2026-07-28 11:54:44.112467,2026-07-28,A_pre_optstopq_fix,CAM_S2_FADE_LONG_TRAIL,SHADOW,CASCADE_BREAKER,LONG,28054.5,81,43,,,,STOP_HIT,PRICE_CLEAN,-163,91.75,326,25.5,390,true
2026-07-28 11:57:14.080597,2026-07-28,A_pre_optstopq_fix,CAM_S3_FADE_LONG,SHADOW,CASCADE_BREAKER,LONG,28019.25,68,45,68,40,2026-07-27,TARGET_HIT,PRICE_CLEAN,89,0,290.75,60.75,390,true
2026-07-28 12:01:54.093137,2026-07-28,A_pre_optstopq_fix,PD_IB_LOW_FADE_SHORT,SHADOW,CASCADE_BREAKER,SHORT,28062.25,70,44,17,50,2026-07-27,TARGET_HIT,PRICE_CLEAN,87,5.25,17.75,333.75,390,true
2026-07-28 12:01:54.096135,2026-07-28,A_pre_optstopq_fix,CAM_S2_FADE_SHORT,SHADOW,CASCADE_BREAKER,SHORT,28062.25,72,46,42,50,2026-07-27,TARGET_HIT,PRICE_CLEAN,91,5.25,17.75,333.75,390,true
2026-07-28 12:09:53.294988,2026-07-28,A_pre_optstopq_fix,CAM_S3_FADE_LONG,SHADOW,CASCADE_BREAKER,LONG,28014.5,68,45,68,40,2026-07-27,TARGET_HIT,PRICE_CLEAN,89,61,286,65.5,390,true
2026-07-28 12:14:25.576273,2026-07-28,A_pre_optstopq_fix,OR_HIGH_FADE_LONG,SHADOW,CASCADE_BREAKER,LONG,28003,79,43,40,40,2026-07-13,TARGET_HIT,PRICE_CLEAN,85,49.5,274.5,77,390,true
2026-07-28 12:14:25.58142,2026-07-28,A_pre_optstopq_fix,IB_HIGH_FADE_LONG,SHADOW,CASCADE_BREAKER,LONG,28003,53,33,53,35,2026-07-13,TARGET_HIT,PRICE_CLEAN,65,10.75,274.5,77,390,true
2026-07-28 12:17:18.0564,2026-07-28,A_pre_optstopq_fix,PD_VAL_FADE_LONG,SHADOW,CASCADE_BREAKER,LONG,27998,85,49,37,148.8,2026-07-27,TARGET_HIT,PRICE_CLEAN,97,44.5,269.5,82,390,true
2026-07-28 12:25:14.168868,2026-07-28,A_pre_optstopq_fix,IB_HIGH_FADE_LONG,SHADOW,CASCADE_BREAKER,LONG,27995,53,33,53,35,2026-07-13,TARGET_HIT,PRICE_CLEAN,65,41.5,266.5,101.5,390,true
2026-07-28 12:29:17.726868,2026-07-28,A_pre_optstopq_fix,IB_HIGH_FADE_SHORT,SHADOW,SUPPRESSED_FADE,SHORT,27998.5,53,33,32,35,2026-07-27,TARGET_HIT,PRICE_CLEAN,65,0,111.5,270,390,true
2026-07-28 12:36:55.263406,2026-07-28,A_pre_optstopq_fix,IB_HIGH_FADE_SHORT,SHADOW,SUPPRESSED_FADE,SHORT,27978.25,53,33,32,35,2026-07-27,STOP_HIT,PRICE_CLEAN,-107,54.25,200,249.75,390,true
2026-07-28 12:39:54.912995,2026-07-28,A_pre_optstopq_fix,CAM_S3_FADE_SHORT,SHADOW,SUPPRESSED_FADE,SHORT,28007.25,90,43,13,40,2026-07-27,TARGET_HIT,PRICE_CLEAN,85,72.75,171,278.75,390,true
2026-07-28 12:47:46.504639,2026-07-28,A_pre_optstopq_fix,IB_HIGH_FADE_LONG,SHADOW,SUPPRESSED_FADE,LONG,27996.75,53,33,53,35,2026-07-13,TARGET_HIT,PRICE_CLEAN,65,0,268.25,181.5,390,true
2026-07-28 12:53:09.084689,2026-07-28,A_pre_optstopq_fix,CAM_S2_FADE_SHORT,SHADOW,SUPPRESSED_FADE,SHORT,28068,72,46,42,50,2026-07-27,TARGET_HIT,PRICE_CLEAN,91,10,110.25,339.5,390,true
2026-07-28 12:59:00.603747,2026-07-28,A_pre_optstopq_fix,CAM_S2_FADE_LONG_TRAIL,SHADOW,SUPPRESSED_FADE,LONG,28065.5,81,43,,,,STOP_HIT,PRICE_CLEAN,-163,83,337,112.75,390,true
2026-07-28 13:06:04.530341,2026-07-28,A_pre_optstopq_fix,CAM_S3_FADE_LONG,SHADOW,SUPPRESSED_FADE,LONG,28021,68,45,68,40,2026-07-27,STOP_HIT,PRICE_CLEAN,-137,72,292.5,157.25,390,true
2026-07-28 13:10:36.320262,2026-07-28,A_pre_optstopq_fix,IB_HIGH_FADE_LONG,SHADOW,SUPPRESSED_FADE,LONG,27998.75,53,33,53,35,2026-07-13,TARGET_HIT,PRICE_CLEAN,65,25.25,270.25,179.5,390,true
2026-07-28 13:15:42.774141,2026-07-28,A_pre_optstopq_fix,IB_HIGH_FADE_SHORT,SHADOW,SUPPRESSED_FADE,SHORT,27988,53,33,32,35,2026-07-27,STOP_HIT,PRICE_CLEAN,-107,57.75,190.25,259.5,390,true
2026-07-28 13:24:41.965887,2026-07-28,A_pre_optstopq_fix,IB_HIGH_FADE_SHORT,SHADOW,SUPPRESSED_FADE,SHORT,28005.75,53,33,32,35,2026-07-27,TARGET_HIT,PRICE_CLEAN,65,37.75,172.5,277.25,390,true
2026-07-28 13:25:55.836775,2026-07-28,A_pre_optstopq_fix,IB_HIGH_FADE_LONG,SHADOW,SUPPRESSED_FADE,LONG,27987,53,33,53,35,2026-07-13,TARGET_HIT,PRICE_CLEAN,65,0,258.5,191.25,390,true
2026-07-28 13:30:20.647898,2026-07-28,A_pre_optstopq_fix,IB_HIGH_FADE_LONG,SHADOW,SUPPRESSED_FADE,LONG,28001.25,53,33,53,35,2026-07-13,TARGET_HIT,PRICE_CLEAN,65,11.25,272.75,177,390,true
2026-07-28 13:41:40.927641,2026-07-28,A_pre_optstopq_fix,IB_HIGH_FADE_LONG,SHADOW,SUPPRESSED_FADE,LONG,27994.5,53,33,53,35,2026-07-13,STOP_HIT,PRICE_CLEAN,-107,55.5,266,183.75,390,true
2026-07-28 13:43:49.321439,2026-07-28,A_pre_optstopq_fix,PD_VAL_FADE_LONG,SHADOW,SUPPRESSED_FADE,LONG,27975.75,85,49,37,148.8,2026-07-27,TIME_EXPIRED,MARK_TO_MARKET,-77,64.75,247.25,202.5,390,true
2026-07-28 13:47:12.043653,2026-07-28,A_pre_optstopq_fix,PD_LOW_FADE_LONG,SHADOW,CASCADE_BREAKER,LONG,27950,148,64,33,70,2026-07-27,TARGET_HIT,PRICE_CLEAN,127,37.5,221.5,228.25,390,true
2026-07-28 13:49:14.805809,2026-07-28,A_pre_optstopq_fix,OR_MID_AFTER_IB_FADE_LONG,SHADOW,CASCADE_BREAKER,LONG,27943.25,65,32,23,35,2026-07-27,TARGET_HIT,PRICE_CLEAN,63,0,214.75,235,390,true
2026-07-28 13:50:11.000985,2026-07-28,A_pre_optstopq_fix,PD_VAL_FADE_SHORT,SHADOW,CASCADE_BREAKER,SHORT,27972.25,83,50,35,55,2026-07-27,TARGET_HIT,PRICE_CLEAN,99,27.25,206,243.75,390,true
2026-07-28 13:51:21.283156,2026-07-28,A_pre_optstopq_fix,OR_HIGH_FADE_SHORT,SHADOW,CASCADE_BREAKER,SHORT,27980,78,43,31,50,2026-07-27,TARGET_HIT,PRICE_CLEAN,85,0,198.25,251.5,390,true
2026-07-28 13:51:21.286604,2026-07-28,A_pre_optstopq_fix,IB_HIGH_FADE_SHORT,SHADOW,CASCADE_BREAKER,SHORT,27980,53,33,32,35,2026-07-27,TARGET_HIT,PRICE_CLEAN,65,0,198.25,251.5,390,true
2026-07-28 13:54:08.840296,2026-07-28,A_pre_optstopq_fix,OR_MID_AFTER_IB_FADE_SHORT,SHADOW,CASCADE_BREAKER,SHORT,27944.75,63,32,30,35,2026-07-27,TARGET_HIT,PRICE_CLEAN,63,54.75,233.5,216.25,390,true
2026-07-28 13:56:14.482388,2026-07-28,A_pre_optstopq_fix,OR_MID_AFTER_IB_FADE_LONG,SHADOW,CASCADE_BREAKER,LONG,27941.25,65,32,23,35,2026-07-27,TARGET_HIT,PRICE_CLEAN,63,1.25,212.75,237,390,true
2026-07-28 14:02:04.445263,2026-07-28,A_pre_optstopq_fix,OR_HIGH_FADE_SHORT,SHADOW,CASCADE_BREAKER,SHORT,27990.25,78,43,31,50,2026-07-27,TARGET_HIT,PRICE_CLEAN,85,0,188,261.75,390,true
2026-07-28 14:02:04.449749,2026-07-28,A_pre_optstopq_fix,IB_HIGH_FADE_SHORT,SHADOW,CASCADE_BREAKER,SHORT,27990.25,53,33,32,35,2026-07-27,TARGET_HIT,PRICE_CLEAN,65,0,188,261.75,390,true
2026-07-28 14:16:13.254819,2026-07-28,A_pre_optstopq_fix,OR_MID_AFTER_IB_FADE_LONG,SHADOW,SUPPRESSED_FADE,LONG,27917,65,32,23,35,2026-07-27,TARGET_HIT,PRICE_CLEAN,63,4.5,188.5,261.25,390,true
2026-07-28 14:43:40.511246,2026-07-28,A_pre_optstopq_fix,OR_MID_AFTER_IB_FADE_LONG,SHADOW,SUPPRESSED_FADE,LONG,27923.75,65,32,23,35,2026-07-27,TARGET_HIT,PRICE_CLEAN,63,0,195.25,254.5,390,true
2026-07-28 15:00:20.995206,2026-07-28,A_pre_optstopq_fix,PD_VAL_FADE_SHORT,SHADOW,SUPPRESSED_FADE,SHORT,27974.5,83,50,35,55,2026-07-27,TIME_EXPIRED,MARK_TO_MARKET,72.5,49.25,203.75,246,390,true
2026-07-28 15:02:15.799403,2026-07-28,A_pre_optstopq_fix,IB_HIGH_FADE_SHORT,SHADOW,SUPPRESSED_FADE,SHORT,27989.25,53,33,32,35,2026-07-27,TARGET_HIT,PRICE_CLEAN,65,34.5,189,260.75,390,true
2026-07-28 15:06:03.155544,2026-07-28,A_pre_optstopq_fix,CAM_S3_FADE_SHORT,SHADOW,SUPPRESSED_FADE,SHORT,28015.25,90,43,13,40,2026-07-27,TARGET_HIT,PRICE_CLEAN,85,0,163,286.75,390,true
2026-07-28 15:08:37.443619,2026-07-28,A_pre_optstopq_fix,IB_HIGH_FADE_LONG,SHADOW,SUPPRESSED_FADE,LONG,27992.75,53,33,53,35,2026-07-13,STOP_HIT,PRICE_CLEAN,-107,54.5,264.25,185.5,390,true
2026-07-28 15:23:36.617118,2026-07-28,A_pre_optstopq_fix,CAM_S3_FADE_SHORT,SHADOW,SUPPRESSED_FADE,SHORT,28008.5,90,43,13,40,2026-07-27,TARGET_HIT,PRICE_CLEAN,85,15.25,169.75,280,390,true
2026-07-28 15:38:49.073599,2026-07-28,A_pre_optstopq_fix,PD_LOW_FADE_LONG,SHADOW,SUPPRESSED_FADE,LONG,27950,148,64,33,70,2026-07-27,TIME_EXPIRED,MARK_TO_MARKET,-25.5,39,221.5,228.25,390,true
2026-07-28 15:55:49.958251,2026-07-28,A_pre_optstopq_fix,IB_HIGH_FADE_SHORT,SHADOW,SUPPRESSED_FADE,SHORT,27982.25,53,33,32,35,2026-07-27,TARGET_HIT,PRICE_CLEAN,65,0,196,253.75,390,true
2026-07-28 16:00:56.89052,2026-07-28,A_pre_optstopq_fix,PD_LOW_FADE_LONG,SHADOW,SUPPRESSED_FADE,LONG,27937.75,148,64,33,70,2026-07-27,TARGET_HIT,PRICE_CLEAN,127,53.5,209.25,240.5,390,true
2026-07-28 16:01:43.138548,2026-07-28,A_pre_optstopq_fix,OR_MID_AFTER_IB_FADE_LONG,SHADOW,SUPPRESSED_FADE,LONG,27918.5,65,32,23,35,2026-07-27,TARGET_HIT,PRICE_CLEAN,63,6,190,259.75,390,true
2026-07-28 16:08:11.56788,2026-07-28,A_pre_optstopq_fix,OR_MID_AFTER_IB_FADE_LONG,SHADOW,SUPPRESSED_FADE,LONG,27923,65,32,23,35,2026-07-27,TARGET_HIT,PRICE_CLEAN,63,27.25,194.5,255.25,390,true
2026-07-28 16:28:41.829503,2026-07-28,A_pre_optstopq_fix,IB_HIGH_FADE_LONG,SHADOW,SUPPRESSED_FADE,LONG,27977,53,33,53,35,2026-07-13,TARGET_HIT,PRICE_CLEAN,65,41.25,275,201.25,390,true
2026-07-28 16:29:25.198228,2026-07-28,A_pre_optstopq_fix,IB_HIGH_FADE_SHORT,SHADOW,SUPPRESSED_FADE,SHORT,27988.5,53,33,32,35,2026-07-27,TARGET_HIT,PRICE_CLEAN,65,0,189.75,308.75,390,true
2026-07-28 16:31:23.67667,2026-07-28,A_pre_optstopq_fix,PD_VAL_FADE_LONG,SHADOW,SUPPRESSED_FADE,LONG,27974.75,85,49,37,148.8,2026-07-27,STOP_HIT,PRICE_CLEAN,-171,91.5,295,203.5,390,true
2026-07-28 18:04:23.307109,2026-07-29,A_pre_optstopq_fix,PD_POC_FADE_LONG,ACTIVE,,LONG,27993.5,83.125,40.75,29,50,2026-07-27,STOP_HIT,PRICE_CLEAN,-167.25,87,345.5,184.75,390,true
2026-07-28 18:06:18.149826,2026-07-29,A_pre_optstopq_fix,PD_POC_FADE_SHORT,ACTIVE,,SHORT,28009.25,82.25,40.75,25,50,2026-07-27,TARGET_HIT,PRICE_CLEAN,80.5,4,169,361.25,390,true
2026-07-28 18:39:20.415271,2026-07-29,A_pre_optstopq_fix,WS1_FADE_SHORT_OVERNIGHT,SHADOW,NEW_SIGNAL_UNDER_LIVE_EVALUATION,SHORT,27877.5,90,40,,,,TARGET_HIT,PRICE_CLEAN,79,12.25,300.75,237.5,390,true
2026-07-28 18:54:54.845544,2026-07-29,A_pre_optstopq_fix,PD_VAL_FADE_LONG,ACTIVE,,LONG,27788.5,92,40.5,37,148.8,2026-07-27,TARGET_HIT,PRICE_CLEAN,80,60,148.5,389.75,390,true
2026-07-28 19:15:53.609997,2026-07-29,A_pre_optstopq_fix,GLOBEX_VWAP_FADE_LONG,ACTIVE,,LONG,27842.75,81,60,,,,TARGET_HIT,PRICE_CLEAN,119,33.5,202.75,335.5,390,true
2026-07-28 19:26:57.686339,2026-07-29,A_pre_optstopq_fix,GLOBEX_VWAP_FADE_SHORT,SHADOW,PERFORMANCE_BELOW_THRESHOLD,SHORT,27867.25,10,94,,,,STOP_HIT,PRICE_CLEAN,-21,21.5,311,227.25,390,true
2026-07-28 19:50:14.912786,2026-07-29,A_pre_optstopq_fix,PD_VAH_FADE_SHORT,ACTIVE,,SHORT,28061.25,66.375,41.5,32,40,2026-07-27,STOP_HIT,PRICE_CLEAN,-133.75,83.5,117,421.25,390,true
2026-07-28 20:02:46.516513,2026-07-29,A_pre_optstopq_fix,GLOBEX_VWAP_MAGNET_SHORT,ACTIVE,,SHORT,28142.5,29,295.7999999999993,,,,TARGET_HIT,PRICE_CLEAN,590.6,26,26,502.5,390,true
2026-07-28 23:56:53.964895,2026-07-29,A_pre_optstopq_fix,GLOBEX_VWAP_MAGNET_LONG,ACTIVE,,LONG,27702.5,20,333.2999999999993,,,,STOP_HIT,PRICE_CLEAN,-41,22.75,62.5,357.5,390,true
2026-07-29 09:34:35.998122,2026-07-29,A_pre_optstopq_fix,CAM_R1_FADE_SHORT,SHADOW,SUPPRESSED_FADE,SHORT,27960.25,68,40,24,40,2026-07-28,TARGET_HIT,PRICE_CLEAN,79,35.75,139.25,758.75,390,true
2026-07-29 09:36:25.390411,2026-07-29,A_pre_optstopq_fix,PD2_VAL_FADE_SHORT,SHADOW,SUPPRESSED_FADE,SHORT,27978.5,90,42,,,,TARGET_HIT,PRICE_CLEAN,83,0,121,777,390,true
2026-07-29 09:37:27.944278,2026-07-29,A_pre_optstopq_fix,PD_OR_MID_FADE_SHORT,SHADOW,SUPPRESSED_FADE,SHORT,27933.75,79,48,42,50,2026-07-28,TARGET_HIT,PRICE_CLEAN,95,5,165.75,732.25,390,true
2026-07-29 09:38:32.115451,2026-07-29,A_pre_optstopq_fix,OR_MID_AFTER_IB_FADE_SHORT,SHADOW,SUPPRESSED_FADE,SHORT,27907,63,32,30,35,2026-07-28,TARGET_HIT,PRICE_CLEAN,63,0,192.5,705.5,390,true
2026-07-29 09:39:50.866976,2026-07-29,A_pre_optstopq_fix,CAM_S1_FADE_LONG,SHADOW,SUPPRESSED_FADE,LONG,27875.5,78,43,21,40,2026-07-28,TARGET_HIT,PRICE_CLEAN,85,17.5,674,224,390,true
2026-07-29 09:43:07.042976,2026-07-29,A_pre_optstopq_fix,OR_MID_AFTER_IB_FADE_LONG,SHADOW,SUPPRESSED_FADE,LONG,27897,64,33,13,35,2026-07-28,TARGET_HIT,PRICE_CLEAN,65,21.5,695.5,202.5,390,true
2026-07-29 09:45:48.255942,2026-07-29,A_pre_optstopq_fix,OR_MID_AFTER_IB_FADE_SHORT,SHADOW,SUPPRESSED_FADE,SHORT,27916.5,63,32,30,35,2026-07-28,TARGET_HIT,PRICE_CLEAN,63,8.5,183,715,390,true
2026-07-29 09:47:45.990707,2026-07-29,A_pre_optstopq_fix,CAM_S1_FADE_LONG,SHADOW,SUPPRESSED_FADE,LONG,27869.75,78,43,21,40,2026-07-28,STOP_HIT,PRICE_CLEAN,-157,111.75,668.25,229.75,390,true
2026-07-29 09:49:07.122956,2026-07-29,A_pre_optstopq_fix,CAM_S2_FADE_LONG_TRAIL,SHADOW,SUPPRESSED_FADE,LONG,27840.25,81,43,,,,STOP_HIT,PRICE_CLEAN,-163,82.25,638.75,259.25,390,true
2026-07-29 09:50:59.691743,2026-07-29,A_pre_optstopq_fix,PD_SESSION_MID_FADE_LONG,SHADOW,SUPPRESSED_FADE,LONG,27850.5,87,50,38,50,2026-07-28,STOP_HIT,PRICE_CLEAN,-175,92.5,649,249,390,true
2026-07-29 09:52:02.538466,2026-07-29,A_pre_optstopq_fix,PD_IB_MID_FADE_LONG,SHADOW,SUPPRESSED_FADE,LONG,27796.75,46,34,46,30,2026-07-28,STOP_HIT,PRICE_CLEAN,-93,75,595.25,302.75,390,true
2026-07-29 09:55:28.706385,2026-07-29,A_pre_optstopq_fix,PD_VAL_FADE_LONG,SHADOW,CASCADE_BREAKER,LONG,27771.5,85,49,39,149.8,2026-07-28,STOP_HIT,PRICE_CLEAN,-171,88.25,570,328,390,true
2026-07-29 10:03:50.390513,2026-07-29,A_pre_optstopq_fix,PD_VAL_FADE_SHORT,SHADOW,CASCADE_BREAKER,SHORT,27775.25,83,50,35,55,2026-07-28,TARGET_HIT,PRICE_CLEAN,99,51.25,324.25,573.75,390,true
2026-07-29 10:03:50.394588,2026-07-29,A_pre_optstopq_fix,CAM_S3_FADE_SHORT,SHADOW,CASCADE_BREAKER,SHORT,27775.25,82,43,23,50,2026-07-28,TARGET_HIT,PRICE_CLEAN,85,51.25,324.25,573.75,390,true
2026-07-29 10:05:43.217605,2026-07-29,A_pre_optstopq_fix,PD_IB_MID_FADE_SHORT,SHADOW,CASCADE_BREAKER,SHORT,27786.75,46,33,46,40,2026-07-28,TARGET_HIT,PRICE_CLEAN,65,19.5,312.75,585.25,390,true
2026-07-29 10:14:05.369016,2026-07-29,A_pre_optstopq_fix,FLOOR_S1_FADE_LONG_TRAIL,SHADOW,CASCADE_BREAKER,LONG,27667.75,91,42,,,,STOP_HIT,PRICE_CLEAN,-183,93.75,466.25,431.75,390,true
2026-07-29 10:14:05.376131,2026-07-29,A_pre_optstopq_fix,CAM_S4_FADE_LONG,SHADOW,CASCADE_BREAKER,LONG,27667.75,90,43,21,40,2026-07-28,STOP_HIT,PRICE_CLEAN,-181,93.75,466.25,431.75,390,true
2026-07-29 10:16:20.716359,2026-07-29,A_pre_optstopq_fix,ONL_FADE_LONG,SHADOW,CASCADE_BREAKER,LONG,27648,122,60,46,60,2026-07-28,STOP_HIT,PRICE_CLEAN,-245,126.25,446.5,451.5,390,true
2026-07-29 10:21:24.494609,2026-07-29,A_pre_optstopq_fix,FLOOR_S1_FADE_SHORT,SHADOW,CASCADE_BREAKER,SHORT,27663.25,75,47,9,50,2026-07-28,TARGET_HIT,PRICE_CLEAN,93,32.5,436.25,461.75,390,true
2026-07-29 10:21:24.49772,2026-07-29,A_pre_optstopq_fix,CAM_S4_FADE_SHORT,SHADOW,CASCADE_BREAKER,SHORT,27663.25,86,46,22,40,2026-07-28,TARGET_HIT,PRICE_CLEAN,91,32.5,436.25,461.75,390,true
2026-07-29 10:29:00,2026-07-29,A_pre_optstopq_fix,VWAP_MAGNET_LONG,SHADOW,,LONG,27573.25,30,20,30,457.5,2026-07-28,TARGET_HIT,PRICE_CLEAN,39,6.25,371.75,526.25,390,true
2026-07-29 10:29:00,2026-07-29,A_pre_optstopq_fix,IB_BEARISH,ACTIVE,,SHORT,27573,50,35,87,50,2026-07-28,STOP_HIT,PRICE_CLEAN,-101,65.25,526.5,371.5,390,true
2026-07-29 10:29:00,2026-07-29,A_pre_optstopq_fix,GLOBEX_VWAP_MAGNET_LONG,SHADOW,,LONG,27573.25,30,20,20,333.3,2026-07-28,TARGET_HIT,PRICE_CLEAN,39,6.25,371.75,526.25,390,true
2026-07-29 10:30:00,2026-07-29,A_pre_optstopq_fix,GLOBEX_VWAP_MAGNET_LONG,SHADOW,,LONG,27601.25,30,20,20,333.3,2026-07-28,TARGET_HIT,PRICE_CLEAN,39,12.75,399.75,498.25,390,true
2026-07-29 10:30:00,2026-07-29,A_pre_optstopq_fix,VWAP_MAGNET_LONG,SHADOW,,LONG,27601.25,30,20,30,457.5,2026-07-28,TARGET_HIT,PRICE_CLEAN,39,12.75,399.75,498.25,390,true
2026-07-29 10:32:00,2026-07-29,A_pre_optstopq_fix,IB_BEARISH,ACTIVE,,SHORT,27635,50,35,87,50,2026-07-28,TARGET_HIT,PRICE_CLEAN,69,17.25,464.5,433.5,390,true
2026-07-29 10:32:04.603608,2026-07-29,A_pre_optstopq_fix,PD_LOW_FADE_SHORT,SHADOW,CASCADE_BREAKER,SHORT,27601.25,144,65,9,70,2026-07-28,TARGET_HIT,PRICE_CLEAN,129,51,498.25,399.75,390,true
2026-07-29 10:32:04.607426,2026-07-29,A_pre_optstopq_fix,PD_IB_LOW_FADE_SHORT,SHADOW,CASCADE_BREAKER,SHORT,27601.25,70,45,17,50,2026-07-28,TARGET_HIT,PRICE_CLEAN,89,51,498.25,399.75,390,true
2026-07-29 10:33:28.777374,2026-07-29,A_pre_optstopq_fix,ONL_FADE_SHORT,SHADOW,CASCADE_BREAKER,SHORT,27634.75,119,61,119,61,2026-07-28,TARGET_HIT,PRICE_CLEAN,121,1.5,464.75,433.25,390,true
2026-07-29 10:34:00,2026-07-29,A_pre_optstopq_fix,GLOBEX_VWAP_MAGNET_LONG,SHADOW,,LONG,27622.25,30,20,20,333.3,2026-07-28,STOP_HIT,PRICE_CLEAN,-61,35,420.75,477.25,390,true
2026-07-29 10:35:00,2026-07-29,A_pre_optstopq_fix,IB_BEARISH,ACTIVE,,SHORT,27616,87,45,87,50,2026-07-28,TARGET_HIT,PRICE_CLEAN,89,8.5,483.5,414.5,390,true
2026-07-29 10:37:00,2026-07-29,A_pre_optstopq_fix,GLOBEX_VWAP_MAGNET_LONG,SHADOW,,LONG,27595.5,30,20,20,333.3,2026-07-28,STOP_HIT,PRICE_CLEAN,-61,41,394,504,390,true
2026-07-29 10:38:45.290856,2026-07-29,A_pre_optstopq_fix,PD_LOW_FADE_LONG,SHADOW,CASCADE_BREAKER,LONG,27595.5,148,64,34,70,2026-07-28,STOP_HIT,PRICE_CLEAN,-297,169.5,394,504,390,true
2026-07-29 10:38:45.293688,2026-07-29,A_pre_optstopq_fix,PD_IB_LOW_FADE_LONG,SHADOW,CASCADE_BREAKER,LONG,27595.5,69,43,50,50,2026-07-28,STOP_HIT,PRICE_CLEAN,-139,73.75,394,504,390,true
2026-07-29 10:39:00,2026-07-29,A_pre_optstopq_fix,IB_BEARISH,ACTIVE,,SHORT,27564,50,35,87,50,2026-07-28,TARGET_HIT,PRICE_CLEAN,69,1.75,535.5,362.5,390,true
2026-07-29 10:39:00,2026-07-29,A_pre_optstopq_fix,VWAP_MAGNET_LONG,SHADOW,,LONG,27564,30,20,30,457.5,2026-07-28,STOP_HIT,PRICE_CLEAN,-61,42.25,362.5,535.5,390,true
2026-07-29 10:39:00,2026-07-29,A_pre_optstopq_fix,GLOBEX_VWAP_MAGNET_LONG,SHADOW,,LONG,27564,30,20,20,333.3,2026-07-28,STOP_HIT,PRICE_CLEAN,-61,42.25,362.5,535.5,390,true
2026-07-29 10:40:00,2026-07-29,A_pre_optstopq_fix,IB_BEARISH,ACTIVE,,SHORT,27542,87,45,87,50,2026-07-28,STOP_HIT,PRICE_CLEAN,-175,100,557.5,340.5,390,true
2026-07-29 10:40:00,2026-07-29,A_pre_optstopq_fix,VWAP_MAGNET_LONG,SHADOW,,LONG,27542,30,20,30,457.5,2026-07-28,TARGET_HIT,PRICE_CLEAN,39,7.5,340.5,557.5,390,true
2026-07-29 10:40:00,2026-07-29,A_pre_optstopq_fix,GLOBEX_VWAP_MAGNET_LONG,SHADOW,,LONG,27542,30,20,20,333.3,2026-07-28,TARGET_HIT,PRICE_CLEAN,39,7.5,340.5,557.5,390,true
2026-07-29 10:41:00,2026-07-29,A_pre_optstopq_fix,VWAP_MAGNET_LONG,SHADOW,,LONG,27545,30,20,30,457.5,2026-07-28,STOP_HIT,PRICE_CLEAN,-61,35,343.5,554.5,390,true
2026-07-29 10:41:00,2026-07-29,A_pre_optstopq_fix,GLOBEX_VWAP_MAGNET_LONG,SHADOW,,LONG,27545,30,20,20,333.3,2026-07-28,STOP_HIT,PRICE_CLEAN,-61,35,343.5,554.5,390,true
2026-07-29 10:41:53.535538,2026-07-29,A_pre_optstopq_fix,IB_LOW_FADE_LONG,SHADOW,CASCADE_BREAKER,LONG,27542,70,37,42,35,2026-07-28,TARGET_HIT,PRICE_CLEAN,73,32,340.5,557.5,390,true
2026-07-29 10:44:00,2026-07-29,A_pre_optstopq_fix,VWAP_MAGNET_LONG,SHADOW,,LONG,27537.75,30,20,30,457.5,2026-07-28,TARGET_HIT,PRICE_CLEAN,39,19.5,336.25,561.75,390,true
2026-07-29 10:44:00,2026-07-29,A_pre_optstopq_fix,GLOBEX_VWAP_MAGNET_LONG,SHADOW,,LONG,27537.75,30,20,20,333.3,2026-07-28,TARGET_HIT,PRICE_CLEAN,39,19.5,336.25,561.75,390,true
2026-07-29 10:47:00,2026-07-29,A_pre_optstopq_fix,VWAP_MAGNET_LONG,SHADOW,,LONG,27543.75,30,20,30,457.5,2026-07-28,TARGET_HIT,PRICE_CLEAN,39,23,342.25,555.75,390,true
2026-07-29 10:47:00,2026-07-29,A_pre_optstopq_fix,GLOBEX_VWAP_MAGNET_LONG,SHADOW,,LONG,27543.75,30,20,20,333.3,2026-07-28,TARGET_HIT,PRICE_CLEAN,39,23,342.25,555.75,390,true
2026-07-29 10:48:22.533819,2026-07-29,A_pre_optstopq_fix,IB_LOW_FADE_SHORT,SHADOW,CASCADE_BREAKER,SHORT,27551.25,70,38,70,38,2026-07-28,STOP_HIT,PRICE_CLEAN,-141,75.5,548.25,349.75,390,true
2026-07-29 10:49:00,2026-07-29,A_pre_optstopq_fix,GLOBEX_VWAP_MAGNET_LONG,SHADOW,,LONG,27565.75,30,20,20,333.3,2026-07-28,TARGET_HIT,PRICE_CLEAN,39,8.5,364.25,533.75,390,true
2026-07-29 10:51:00,2026-07-29,A_pre_optstopq_fix,GLOBEX_VWAP_MAGNET_LONG,SHADOW,,LONG,27570.25,30,20,20,333.3,2026-07-28,TARGET_HIT,PRICE_CLEAN,39,0.25,368.75,529.25,390,true
2026-07-29 10:52:00,2026-07-29,A_pre_optstopq_fix,GLOBEX_VWAP_MAGNET_LONG,SHADOW,,LONG,27599.25,30,20,20,333.3,2026-07-28,STOP_HIT,PRICE_CLEAN,-61,32,397.75,500.25,390,true
2026-07-29 10:53:54.625382,2026-07-29,A_pre_optstopq_fix,PD_LOW_FADE_SHORT,SHADOW,CASCADE_BREAKER,SHORT,27599.25,144,65,9,70,2026-07-28,TARGET_HIT,PRICE_CLEAN,129,58.25,500.25,397.75,390,true
2026-07-29 10:53:54.630262,2026-07-29,A_pre_optstopq_fix,PD_IB_LOW_FADE_SHORT,SHADOW,CASCADE_BREAKER,SHORT,27599.25,70,45,17,50,2026-07-28,TARGET_HIT,PRICE_CLEAN,89,7.5,500.25,397.75,390,true
2026-07-29 10:55:00,2026-07-29,A_pre_optstopq_fix,GLOBEX_VWAP_MAGNET_LONG,SHADOW,,LONG,27567.5,30,20,20,333.3,2026-07-28,TARGET_HIT,PRICE_CLEAN,39,16.25,366,532,390,true
2026-07-29 10:58:00,2026-07-29,A_pre_optstopq_fix,GLOBEX_VWAP_MAGNET_LONG,SHADOW,,LONG,27589.25,30,20,20,333.3,2026-07-28,TARGET_HIT,PRICE_CLEAN,39,1,387.75,510.25,390,true
2026-07-29 10:59:00,2026-07-29,A_pre_optstopq_fix,C_PAIRED_SHORT,SHADOW,,SHORT,27600,384,,,,,TIME_EXPIRED,MARK_TO_MARKET,518,,499.5,398.5,390,true
2026-07-29 11:00:22.415423,2026-07-29,A_pre_optstopq_fix,PD_IB_LOW_FADE_LONG,SHADOW,CASCADE_BREAKER,LONG,27589.25,69,43,50,50,2026-07-28,TARGET_HIT,PRICE_CLEAN,85,4,387.75,510.25,390,true
2026-07-29 11:01:09.27433,2026-07-29,A_pre_optstopq_fix,PD_IB_LOW_FADE_SHORT,SHADOW,CASCADE_BREAKER,SHORT,27600,70,45,17,50,2026-07-28,TARGET_HIT,PRICE_CLEAN,89,57.5,499.5,398.5,390,true
2026-07-29 11:02:00,2026-07-29,A_pre_optstopq_fix,IB_BEARISH,ACTIVE,,SHORT,27631,87,45,87,50,2026-07-28,TARGET_HIT,PRICE_CLEAN,89,26.5,468.5,429.5,390,true
2026-07-29 11:04:16.241294,2026-07-29,A_pre_optstopq_fix,ONL_FADE_SHORT,SHADOW,CASCADE_BREAKER,SHORT,27631,119,61,119,61,2026-07-28,TARGET_HIT,PRICE_CLEAN,121,26.5,468.5,429.5,390,true
2026-07-29 11:07:00,2026-07-29,A_pre_optstopq_fix,STOP_SWEEP_LONG,SHADOW,,LONG,27636.5,84.5,30.5,,,,STOP_HIT,PRICE_CLEAN,-170,89.5,435,463,390,true
2026-07-29 11:08:45.562453,2026-07-29,A_pre_optstopq_fix,PD_IB_LOW_FADE_LONG,SHADOW,CASCADE_BREAKER,LONG,27609.25,69,43,50,50,2026-07-28,STOP_HIT,PRICE_CLEAN,-139,69.25,407.75,490.25,390,true
2026-07-29 11:11:00,2026-07-29,A_pre_optstopq_fix,IB_BEARISH,ACTIVE,,SHORT,27585,50,35,87,50,2026-07-28,TARGET_HIT,PRICE_CLEAN,69,40,514.5,383.5,390,true
2026-07-29 11:14:00,2026-07-29,A_pre_optstopq_fix,GLOBEX_VWAP_MAGNET_LONG,SHADOW,,LONG,27577.75,30,20,20,333.3,2026-07-28,TARGET_HIT,PRICE_CLEAN,39,13.75,376.25,521.75,390,true
2026-07-29 11:19:00,2026-07-29,A_pre_optstopq_fix,GLOBEX_VWAP_MAGNET_LONG,SHADOW,,LONG,27562.25,30,20,20,333.3,2026-07-28,TARGET_HIT,PRICE_CLEAN,39,15.25,360.75,537.25,390,true
2026-07-29 11:20:00,2026-07-29,A_pre_optstopq_fix,IB_BEARISH,ACTIVE,,SHORT,27570,50,35,87,50,2026-07-28,TARGET_HIT,PRICE_CLEAN,69,47.5,529.5,368.5,390,true
2026-07-29 11:26:43.544418,2026-07-29,A_pre_optstopq_fix,PD_IB_LOW_FADE_SHORT,SHADOW,CASCADE_BREAKER,SHORT,27602.75,70,45,17,50,2026-07-28,TARGET_HIT,PRICE_CLEAN,89,0,496.75,401.25,390,true
2026-07-29 11:27:00,2026-07-29,A_pre_optstopq_fix,GLOBEX_VWAP_MAGNET_LONG,SHADOW,,LONG,27565,30,20,20,333.3,2026-07-28,TARGET_HIT,PRICE_CLEAN,39,25,363.5,534.5,390,true
2026-07-29 11:38:00,2026-07-29,A_pre_optstopq_fix,GLOBEX_VWAP_MAGNET_LONG,SHADOW,,LONG,27558.75,30,20,20,333.3,2026-07-28,STOP_HIT,PRICE_CLEAN,-61,30.5,357.25,540.75,390,true
2026-07-29 11:39:00,2026-07-29,A_pre_optstopq_fix,IB_BEARISH,ACTIVE,,SHORT,27535,50,35,87,50,2026-07-28,TARGET_HIT,PRICE_CLEAN,69,31.5,564.5,333.5,390,true
2026-07-29 11:40:00,2026-07-29,A_pre_optstopq_fix,GLOBEX_VWAP_MAGNET_LONG,SHADOW,,LONG,27535.75,30,20,20,333.3,2026-07-28,TARGET_HIT,PRICE_CLEAN,39,0,334.25,563.75,390,true
2026-07-29 11:41:09.029174,2026-07-29,A_pre_optstopq_fix,IB_LOW_FADE_LONG,SHADOW,CASCADE_BREAKER,LONG,27535.25,70,37,42,35,2026-07-28,STOP_HIT,PRICE_CLEAN,-141,70.75,333.75,564.25,390,true
2026-07-29 11:42:00,2026-07-29,A_pre_optstopq_fix,GLOBEX_VWAP_MAGNET_LONG,SHADOW,,LONG,27531.25,30,20,20,333.3,2026-07-28,TARGET_HIT,PRICE_CLEAN,39,13.25,329.75,568.25,390,true
2026-07-29 11:43:00,2026-07-29,A_pre_optstopq_fix,VWAP_MAGNET_LONG,SHADOW,,LONG,27518.75,30,20,30,457.5,2026-07-28,TARGET_HIT,PRICE_CLEAN,39,0,317.25,580.75,390,true
2026-07-29 11:47:00,2026-07-29,A_pre_optstopq_fix,GLOBEX_VWAP_MAGNET_LONG,SHADOW,,LONG,27549.75,30,20,20,333.3,2026-07-28,STOP_HIT,PRICE_CLEAN,-61,62.25,348.25,549.75,390,true
2026-07-29 11:48:35.050597,2026-07-29,A_pre_optstopq_fix,IB_LOW_FADE_SHORT,SHADOW,CASCADE_BREAKER,SHORT,27549.75,70,38,70,38,2026-07-28,TARGET_HIT,PRICE_CLEAN,75,16.75,549.75,348.25,390,true
2026-07-29 11:54:00,2026-07-29,A_pre_optstopq_fix,IB_BEARISH,ACTIVE,,SHORT,27492,87,45,87,50,2026-07-28,TARGET_HIT,PRICE_CLEAN,89,50,607.5,290.5,390,true
2026-07-29 11:54:00,2026-07-29,A_pre_optstopq_fix,VWAP_MAGNET_LONG,SHADOW,,LONG,27492.25,30,20,30,457.5,2026-07-28,TARGET_HIT,PRICE_CLEAN,39,27.75,290.75,607.25,390,true
2026-07-29 11:54:00,2026-07-29,A_pre_optstopq_fix,GLOBEX_VWAP_MAGNET_LONG,SHADOW,,LONG,27492.25,30,20,20,333.3,2026-07-28,TARGET_HIT,PRICE_CLEAN,39,27.75,290.75,607.25,390,true
2026-07-29 11:59:00,2026-07-29,A_pre_optstopq_fix,GLOBEX_VWAP_MAGNET_LONG,SHADOW,,LONG,27517,30,20,20,333.3,2026-07-28,TARGET_HIT,PRICE_CLEAN,39,24,315.5,582.5,390,true
2026-07-29 12:00:00,2026-07-29,A_pre_optstopq_fix,GLOBEX_VWAP_MAGNET_LONG,SHADOW,,LONG,27494.5,30,20,20,333.3,2026-07-28,STOP_HIT,PRICE_CLEAN,-61,39.75,293,605,390,true
2026-07-29 12:00:00,2026-07-29,A_pre_optstopq_fix,VWAP_MAGNET_LONG,SHADOW,,LONG,27494.5,30,20,30,457.5,2026-07-28,STOP_HIT,PRICE_CLEAN,-61,39.75,293,605,390,true
2026-07-29 12:04:00,2026-07-29,A_pre_optstopq_fix,GLOBEX_VWAP_MAGNET_LONG,SHADOW,,LONG,27459.25,30,20,20,333.3,2026-07-28,STOP_HIT,PRICE_CLEAN,-61,33.25,257.75,640.25,390,true
2026-07-29 12:04:00,2026-07-29,A_pre_optstopq_fix,VWAP_MAGNET_LONG,SHADOW,,LONG,27459.25,30,20,30,457.5,2026-07-28,STOP_HIT,PRICE_CLEAN,-61,33.25,257.75,640.25,390,true
2026-07-29 12:05:00,2026-07-29,A_pre_optstopq_fix,GLOBEX_VWAP_MAGNET_LONG,SHADOW,,LONG,27440.5,30,20,20,333.3,2026-07-28,TARGET_HIT,PRICE_CLEAN,39,6.75,239,659,390,true
2026-07-29 12:05:00,2026-07-29,A_pre_optstopq_fix,IB_BEARISH,ACTIVE,,SHORT,27441,50,35,87,50,2026-07-28,STOP_HIT,PRICE_CLEAN,-101,51.75,658.5,239.5,390,true
2026-07-29 12:05:00,2026-07-29,A_pre_optstopq_fix,VWAP_MAGNET_LONG,SHADOW,,LONG,27440.5,30,20,30,457.5,2026-07-28,TARGET_HIT,PRICE_CLEAN,39,6.75,239,659,390,true
2026-07-29 12:05:00.001939,2026-07-29,A_pre_optstopq_fix,WS2_FADE_LONG,SHADOW,CASCADE_BREAKER,LONG,27475.75,102,35,,,,TARGET_HIT,PRICE_CLEAN,69,66.5,274.25,623.75,390,true
2026-07-29 12:09:00,2026-07-29,A_pre_optstopq_fix,VWAP_MAGNET_LONG,SHADOW,,LONG,27462,30,20,30,457.5,2026-07-28,STOP_HIT,PRICE_CLEAN,-61,42.5,260.5,637.5,390,true
2026-07-29 12:09:00,2026-07-29,A_pre_optstopq_fix,GLOBEX_VWAP_MAGNET_LONG,SHADOW,,LONG,27462,30,20,20,333.3,2026-07-28,STOP_HIT,PRICE_CLEAN,-61,42.5,260.5,637.5,390,true
2026-07-29 12:10:56.938443,2026-07-29,A_pre_optstopq_fix,WS2_FADE_SHORT,SHADOW,CASCADE_BREAKER,SHORT,27462,102,35,,,,TARGET_HIT,PRICE_CLEAN,69,4.75,637.5,260.5,390,true
2026-07-29 12:14:00,2026-07-29,A_pre_optstopq_fix,VWAP_MAGNET_LONG,SHADOW,,LONG,27419.75,30,20,30,457.5,2026-07-28,TARGET_HIT,PRICE_CLEAN,39,10.5,218.25,679.75,390,true
2026-07-29 12:14:00,2026-07-29,A_pre_optstopq_fix,GLOBEX_VWAP_MAGNET_LONG,SHADOW,,LONG,27419.75,30,20,20,333.3,2026-07-28,TARGET_HIT,PRICE_CLEAN,39,10.5,218.25,679.75,390,true
2026-07-29 12:17:00,2026-07-29,A_pre_optstopq_fix,GLOBEX_VWAP_MAGNET_LONG,SHADOW,,LONG,27435.25,30,20,20,333.3,2026-07-28,TARGET_HIT,PRICE_CLEAN,39,5.5,233.75,664.25,390,true
2026-07-29 12:17:00,2026-07-29,A_pre_optstopq_fix,VWAP_MAGNET_LONG,SHADOW,,LONG,27435.25,30,20,30,457.5,2026-07-28,TARGET_HIT,PRICE_CLEAN,39,5.5,233.75,664.25,390,true
2026-07-29 12:20:00,2026-07-29,A_pre_optstopq_fix,GLOBEX_VWAP_MAGNET_LONG,SHADOW,,LONG,27463,30,20,20,333.3,2026-07-28,TARGET_HIT,PRICE_CLEAN,39,2.75,261.5,636.5,390,true
2026-07-29 12:20:00,2026-07-29,A_pre_optstopq_fix,VWAP_MAGNET_LONG,SHADOW,,LONG,27463,30,20,30,457.5,2026-07-28,TARGET_HIT,PRICE_CLEAN,39,2.75,261.5,636.5,390,true
2026-07-29 12:22:18.913348,2026-07-29,A_pre_optstopq_fix,WS2_FADE_SHORT,SHADOW,CASCADE_BREAKER,SHORT,27463,102,35,,,,STOP_HIT,PRICE_CLEAN,-205,123,636.5,261.5,390,true
2026-07-29 12:23:00,2026-07-29,A_pre_optstopq_fix,GLOBEX_VWAP_MAGNET_LONG,SHADOW,,LONG,27511.75,30,20,20,333.3,2026-07-28,TARGET_HIT,PRICE_CLEAN,39,8,310.25,587.75,390,true
2026-07-29 12:23:00,2026-07-29,A_pre_optstopq_fix,IB_BEARISH,ACTIVE,,SHORT,27512,50,35,87,50,2026-07-28,STOP_HIT,PRICE_CLEAN,-101,74,587.5,310.5,390,true
2026-07-29 12:25:00,2026-07-29,A_pre_optstopq_fix,GLOBEX_VWAP_MAGNET_LONG,SHADOW,,LONG,27524.25,30,20,20,333.3,2026-07-28,TARGET_HIT,PRICE_CLEAN,39,6.75,322.75,575.25,390,true
2026-07-29 12:26:54.500078,2026-07-29,A_pre_optstopq_fix,IB_LOW_FADE_SHORT,SHADOW,CASCADE_BREAKER,SHORT,27524.25,70,38,70,38,2026-07-28,TARGET_HIT,PRICE_CLEAN,75,61.75,575.25,322.75,390,true
2026-07-29 12:30:00,2026-07-29,A_pre_optstopq_fix,IB_BEARISH,ACTIVE,,SHORT,27572,87,45,87,50,2026-07-28,TARGET_HIT,PRICE_CLEAN,89,6.75,527.5,370.5,390,true
2026-07-29 12:34:00,2026-07-29,A_pre_optstopq_fix,GLOBEX_VWAP_MAGNET_LONG,SHADOW,,LONG,27525.75,30,20,20,333.3,2026-07-28,STOP_HIT,PRICE_CLEAN,-61,30.25,324.25,573.75,390,true
2026-07-29 12:34:00,2026-07-29,A_pre_optstopq_fix,IB_BEARISH,ACTIVE,,SHORT,27526,87,45,87,50,2026-07-28,STOP_HIT,PRICE_CLEAN,-175,88.5,573.5,324.5,390,true
2026-07-29 12:36:00,2026-07-29,A_pre_optstopq_fix,GLOBEX_VWAP_MAGNET_LONG,SHADOW,,LONG,27499.75,30,20,20,333.3,2026-07-28,TARGET_HIT,PRICE_CLEAN,39,1,298.25,599.75,390,true
2026-07-29 12:36:21.111516,2026-07-29,A_pre_optstopq_fix,IB_LOW_FADE_LONG,SHADOW,CASCADE_BREAKER,LONG,27525.75,70,37,42,35,2026-07-28,TARGET_HIT,PRICE_CLEAN,73,40.5,324.25,573.75,390,true
2026-07-29 12:37:00,2026-07-29,A_pre_optstopq_fix,GLOBEX_VWAP_MAGNET_LONG,SHADOW,,LONG,27519,30,20,20,333.3,2026-07-28,TARGET_HIT,PRICE_CLEAN,39,8.25,317.5,580.5,390,true
2026-07-29 12:41:00,2026-07-29,A_pre_optstopq_fix,GLOBEX_VWAP_MAGNET_LONG,SHADOW,,LONG,27521.5,30,20,20,333.3,2026-07-28,STOP_HIT,PRICE_CLEAN,-61,32,320,578,390,true
2026-07-29 12:42:00,2026-07-29,A_pre_optstopq_fix,GLOBEX_VWAP_MAGNET_LONG,SHADOW,,LONG,27498.5,30,20,20,333.3,2026-07-28,TARGET_HIT,PRICE_CLEAN,39,13.25,297,601,390,true
2026-07-29 12:47:00,2026-07-29,A_pre_optstopq_fix,GLOBEX_VWAP_MAGNET_LONG,SHADOW,,LONG,27527.25,30,20,20,333.3,2026-07-28,TARGET_HIT,PRICE_CLEAN,39,5.75,325.75,572.25,390,true
2026-07-29 12:49:17.251713,2026-07-29,A_pre_optstopq_fix,IB_LOW_FADE_SHORT,SHADOW,CASCADE_BREAKER,SHORT,27527.25,70,38,70,38,2026-07-28,STOP_HIT,PRICE_CLEAN,-141,76.25,572.25,325.75,390,true
2026-07-29 13:00:00,2026-07-29,A_pre_optstopq_fix,IB_BEARISH,ACTIVE,,SHORT,27611,87,45,87,50,2026-07-28,STOP_HIT,PRICE_CLEAN,-175,87.5,488.5,409.5,390,true
2026-07-29 13:01:10.588683,2026-07-29,A_pre_optstopq_fix,PD_LOW_FADE_SHORT,SHADOW,CASCADE_BREAKER,SHORT,27603.25,144,65,9,70,2026-07-28,STOP_HIT,PRICE_CLEAN,-289,144.75,496.25,401.75,390,true
2026-07-29 13:01:10.592134,2026-07-29,A_pre_optstopq_fix,PD_IB_LOW_FADE_SHORT,SHADOW,CASCADE_BREAKER,SHORT,27603.25,70,45,17,50,2026-07-28,STOP_HIT,PRICE_CLEAN,-141,83.5,496.25,401.75,390,true
2026-07-29 13:04:00,2026-07-29,A_pre_optstopq_fix,STOP_SWEEP_LONG,SHADOW,,LONG,27661,110,30,,,,TARGET_HIT,PRICE_CLEAN,59,26.75,459.5,438.5,390,true
2026-07-29 13:05:29.201431,2026-07-29,A_pre_optstopq_fix,FLOOR_S1_FADE_SHORT,SHADOW,CASCADE_BREAKER,SHORT,27642.75,75,47,9,50,2026-07-28,STOP_HIT,PRICE_CLEAN,-151,79.75,456.75,441.25,390,true
2026-07-29 13:05:29.20578,2026-07-29,A_pre_optstopq_fix,ONL_FADE_SHORT,SHADOW,CASCADE_BREAKER,SHORT,27642.75,119,61,119,61,2026-07-28,STOP_HIT,PRICE_CLEAN,-239,214.25,456.75,441.25,390,true
2026-07-29 13:05:29.20916,2026-07-29,A_pre_optstopq_fix,CAM_S4_FADE_SHORT,SHADOW,CASCADE_BREAKER,SHORT,27642.75,86,46,22,40,2026-07-28,STOP_HIT,PRICE_CLEAN,-173,94.5,456.75,441.25,390,true
2026-07-29 13:05:29.212856,2026-07-29,A_pre_optstopq_fix,RTH_VWAP_FADE_SHORT,SHADOW,CASCADE_BREAKER,SHORT,27642.75,92,43,52,87.5,2026-07-28,STOP_HIT,PRICE_CLEAN,-185,94.5,456.75,441.25,390,true
2026-07-29 13:11:00,2026-07-29,A_pre_optstopq_fix,STOP_SWEEP_LONG,SHADOW,,LONG,27686.25,85.25,29.75,,,,TARGET_HIT,PRICE_CLEAN,58.5,13.25,484.75,413.25,390,true
2026-07-29 13:11:13.39809,2026-07-29,A_pre_optstopq_fix,FLOOR_S1_FADE_LONG_TRAIL,SHADOW,CASCADE_BREAKER,LONG,27652.75,91,42,,,,TARGET_HIT,PRICE_CLEAN,83,0,451.25,446.75,390,true
2026-07-29 13:11:13.402131,2026-07-29,A_pre_optstopq_fix,ONL_FADE_LONG,SHADOW,CASCADE_BREAKER,LONG,27652.75,122,60,46,60,2026-07-28,TARGET_HIT,PRICE_CLEAN,119,0,451.25,446.75,390,true
2026-07-29 13:11:13.405192,2026-07-29,A_pre_optstopq_fix,CAM_S4_FADE_LONG,SHADOW,CASCADE_BREAKER,LONG,27652.75,90,43,21,40,2026-07-28,TARGET_HIT,PRICE_CLEAN,85,0,451.25,446.75,390,true
2026-07-29 13:11:13.40842,2026-07-29,A_pre_optstopq_fix,RTH_VWAP_FADE_LONG,SHADOW,CASCADE_BREAKER,LONG,27652.75,94,42,28,70,2026-07-28,TARGET_HIT,PRICE_CLEAN,83,0,451.25,446.75,390,true
2026-07-29 13:12:00,2026-07-29,A_pre_optstopq_fix,IB_BEARISH,ACTIVE,,SHORT,27697,50,35,87,50,2026-07-28,STOP_HIT,PRICE_CLEAN,-101,51,402.5,495.5,390,true
2026-07-29 13:13:00,2026-07-29,A_pre_optstopq_fix,STOP_SWEEP_LONG,SHADOW,,LONG,27712.5,83.5,30.5,,,,TARGET_HIT,PRICE_CLEAN,60,5,511,387,390,true
2026-07-29 13:14:00,2026-07-29,A_pre_optstopq_fix,GLOBEX_VWAP_FADE_LONG,SHADOW,,LONG,27736.5,90,40,79,60,2026-07-28,STOP_HIT,PRICE_CLEAN,-181,102.25,535,363,390,true
2026-07-29 13:21:00,2026-07-29,A_pre_optstopq_fix,IB_BEARISH,ACTIVE,,SHORT,27746,87,45,87,50,2026-07-28,TARGET_HIT,PRICE_CLEAN,89,4,353.5,544.5,390,true
2026-07-29 13:21:00,2026-07-29,A_pre_optstopq_fix,GLOBEX_VWAP_FADE_SHORT,SHADOW,,SHORT,27746.25,90,40,10,94,2026-07-28,TARGET_HIT,PRICE_CLEAN,79,3.75,353.25,544.75,390,true
2026-07-29 13:24:00,2026-07-29,A_pre_optstopq_fix,IB_BEARISH,ACTIVE,,SHORT,27694,87,45,87,50,2026-07-28,TARGET_HIT,PRICE_CLEAN,89,8.5,405.5,492.5,390,true
2026-07-29 13:30:00,2026-07-29,A_pre_optstopq_fix,IB_BEARISH,ACTIVE,,SHORT,27636,87,45,87,50,2026-07-28,STOP_HIT,PRICE_CLEAN,-175,91.75,463.5,434.5,390,true
2026-07-29 13:30:32.536487,2026-07-29,A_pre_optstopq_fix,FLOOR_S1_FADE_LONG_TRAIL,SHADOW,CASCADE_BREAKER,LONG,27650.75,91,42,,,,TARGET_HIT,PRICE_CLEAN,83,21.25,449.25,448.75,390,true
2026-07-29 13:30:32.540685,2026-07-29,A_pre_optstopq_fix,ONL_FADE_LONG,SHADOW,CASCADE_BREAKER,LONG,27650.75,122,60,46,60,2026-07-28,TARGET_HIT,PRICE_CLEAN,119,21.25,449.25,448.75,390,true
2026-07-29 13:30:32.543883,2026-07-29,A_pre_optstopq_fix,CAM_S4_FADE_LONG,SHADOW,CASCADE_BREAKER,LONG,27650.75,90,43,21,40,2026-07-28,TARGET_HIT,PRICE_CLEAN,85,21.25,449.25,448.75,390,true
2026-07-29 13:30:32.546969,2026-07-29,A_pre_optstopq_fix,RTH_VWAP_FADE_LONG,SHADOW,CASCADE_BREAKER,LONG,27650.75,94,42,28,70,2026-07-28,TARGET_HIT,PRICE_CLEAN,83,21.25,449.25,448.75,390,true
2026-07-29 13:31:00,2026-07-29,A_pre_optstopq_fix,STOP_SWEEP_LONG,SHADOW,,LONG,27658,33,30,,,,TARGET_HIT,PRICE_CLEAN,59,1.25,456.5,441.5,390,true
2026-07-29 13:33:00,2026-07-29,A_pre_optstopq_fix,STOP_SWEEP_LONG,SHADOW,,LONG,27693,68,30,,,,TARGET_HIT,PRICE_CLEAN,59,54.5,491.5,406.5,390,true
2026-07-29 13:37:06.40079,2026-07-29,A_pre_optstopq_fix,FLOOR_S1_FADE_SHORT,SHADOW,CASCADE_BREAKER,SHORT,27656.75,75,47,9,50,2026-07-28,STOP_HIT,PRICE_CLEAN,-151,200.25,442.75,455.25,390,true
2026-07-29 13:37:06.40871,2026-07-29,A_pre_optstopq_fix,CAM_S4_FADE_SHORT,SHADOW,CASCADE_BREAKER,SHORT,27656.75,86,46,22,40,2026-07-28,STOP_HIT,PRICE_CLEAN,-173,200.25,442.75,455.25,390,true
2026-07-29 13:37:06.414807,2026-07-29,A_pre_optstopq_fix,RTH_VWAP_FADE_SHORT,SHADOW,CASCADE_BREAKER,SHORT,27656.75,92,43,52,87.5,2026-07-28,STOP_HIT,PRICE_CLEAN,-185,200.25,442.75,455.25,390,true
2026-07-29 13:37:50.223339,2026-07-29,A_pre_optstopq_fix,FLOOR_S1_FADE_LONG_TRAIL,SHADOW,CASCADE_BREAKER,LONG,27644.75,91,42,,,,TARGET_HIT,PRICE_CLEAN,83,0,443.25,454.75,390,true
2026-07-29 13:37:50.228712,2026-07-29,A_pre_optstopq_fix,CAM_S4_FADE_LONG,SHADOW,CASCADE_BREAKER,LONG,27644.75,90,43,21,40,2026-07-28,TARGET_HIT,PRICE_CLEAN,85,0,443.25,454.75,390,true
2026-07-29 13:37:50.231897,2026-07-29,A_pre_optstopq_fix,RTH_VWAP_FADE_LONG,SHADOW,CASCADE_BREAKER,LONG,27644.75,94,42,28,70,2026-07-28,TARGET_HIT,PRICE_CLEAN,83,0,443.25,454.75,390,true
2026-07-29 13:48:23.980084,2026-07-29,A_pre_optstopq_fix,FLOOR_S1_FADE_LONG_TRAIL,SHADOW,CASCADE_BREAKER,LONG,27667.75,91,42,,,,TARGET_HIT,PRICE_CLEAN,83,0,466.25,431.75,390,true
2026-07-29 13:48:23.984851,2026-07-29,A_pre_optstopq_fix,CAM_S4_FADE_LONG,SHADOW,CASCADE_BREAKER,LONG,27667.75,90,43,21,40,2026-07-28,TARGET_HIT,PRICE_CLEAN,85,0,466.25,431.75,390,true
2026-07-29 13:52:00,2026-07-29,A_pre_optstopq_fix,IB_BEARISH,ACTIVE,,SHORT,27713,87,45,87,50,2026-07-28,STOP_HIT,PRICE_CLEAN,-175,144,386.5,511.5,390,true
2026-07-29 13:52:00,2026-07-29,A_pre_optstopq_fix,STOP_SWEEP_LONG,SHADOW,,LONG,27713,67,30,,,,TARGET_HIT,PRICE_CLEAN,59,35.25,511.5,386.5,390,true
2026-07-29 13:53:00,2026-07-29,A_pre_optstopq_fix,GLOBEX_VWAP_FADE_LONG,SHADOW,,LONG,27720.75,90,40,79,60,2026-07-28,TARGET_HIT,PRICE_CLEAN,79,43,519.25,378.75,390,true
2026-07-29 14:02:05.276932,2026-07-29,A_pre_optstopq_fix,FLOOR_PIVOT_FADE_SHORT,SHADOW,CASCADE_BREAKER,SHORT,27853,80,52,28,50,2026-07-28,TARGET_HIT,PRICE_CLEAN,103,12.25,246.5,651.5,390,true
2026-07-29 14:02:05.281211,2026-07-29,A_pre_optstopq_fix,PD_SESSION_MID_FADE_SHORT,SHADOW,CASCADE_BREAKER,SHORT,27853,82,53,38,62.5,2026-07-28,TARGET_HIT,PRICE_CLEAN,105,12.25,246.5,651.5,390,true
2026-07-29 14:03:00,2026-07-29,A_pre_optstopq_fix,IB_BEARISH,ACTIVE,,SHORT,27830,87,45,87,50,2026-07-28,TARGET_HIT,PRICE_CLEAN,89,2.25,269.5,628.5,390,true
2026-07-29 14:03:00,2026-07-29,A_pre_optstopq_fix,VWAP_MAGNET_SHORT,SHADOW,,SHORT,27829.75,30,20,29,400,2026-07-28,TARGET_HIT,PRICE_CLEAN,39,2.5,269.75,628.25,390,true
2026-07-29 14:03:27.159999,2026-07-29,A_pre_optstopq_fix,CAM_S1_FADE_SHORT,SHADOW,CASCADE_BREAKER,SHORT,27869.5,77,46,34,50,2026-07-28,TARGET_HIT,PRICE_CLEAN,91,0,230,668,390,true
2026-07-29 14:03:27.1643,2026-07-29,A_pre_optstopq_fix,WS1_FADE_SHORT,SHADOW,CASCADE_BREAKER,SHORT,27869.5,92,44,,,,TARGET_HIT,PRICE_CLEAN,87,0,230,668,390,true
2026-07-29 14:04:00,2026-07-29,A_pre_optstopq_fix,IB_BEARISH,ACTIVE,,SHORT,27802,50,35,87,50,2026-07-28,STOP_HIT,PRICE_CLEAN,-101,84.25,297.5,600.5,390,true
2026-07-29 14:04:06.840978,2026-07-29,A_pre_optstopq_fix,OR_LOW_FADE_SHORT,SHADOW,CASCADE_BREAKER,SHORT,27844.25,28,40,3,35,2026-07-28,TARGET_HIT,PRICE_CLEAN,79,0,255.25,642.75,390,true
2026-07-29 14:04:06.846833,2026-07-29,A_pre_optstopq_fix,CAM_S2_FADE_SHORT,SHADOW,CASCADE_BREAKER,SHORT,27844.25,72,47,15,62.5,2026-07-28,TARGET_HIT,PRICE_CLEAN,93,0,255.25,642.75,390,true
2026-07-29 14:06:06.685627,2026-07-29,A_pre_optstopq_fix,PD_IB_MID_FADE_SHORT,SHADOW,CASCADE_BREAKER,SHORT,27802,46,33,46,40,2026-07-28,STOP_HIT,PRICE_CLEAN,-93,83,297.5,600.5,390,true
2026-07-29 14:06:06.689506,2026-07-29,A_pre_optstopq_fix,CAM_S3_FADE_SHORT,SHADOW,CASCADE_BREAKER,SHORT,27802,82,43,23,50,2026-07-28,STOP_HIT,PRICE_CLEAN,-165,83,297.5,600.5,390,true
2026-07-29 14:07:33.301047,2026-07-29,A_pre_optstopq_fix,OR_LOW_FADE_LONG,SHADOW,CASCADE_BREAKER,LONG,27842.75,70,39,36,35,2026-07-28,STOP_HIT,PRICE_CLEAN,-141,70.75,641.25,256.75,390,true
2026-07-29 14:07:33.305458,2026-07-29,A_pre_optstopq_fix,PD_SESSION_MID_FADE_LONG,SHADOW,CASCADE_BREAKER,LONG,27842.75,87,50,38,50,2026-07-28,STOP_HIT,PRICE_CLEAN,-175,94,641.25,256.75,390,true
2026-07-29 14:07:33.30975,2026-07-29,A_pre_optstopq_fix,CAM_S2_FADE_LONG_TRAIL,SHADOW,CASCADE_BREAKER,LONG,27842.75,81,43,,,,STOP_HIT,PRICE_CLEAN,-163,94,641.25,256.75,390,true
2026-07-29 14:08:11.519802,2026-07-29,A_pre_optstopq_fix,FLOOR_PIVOT_FADE_SHORT,SHADOW,CASCADE_BREAKER,SHORT,27871,80,52,28,50,2026-07-28,TARGET_HIT,PRICE_CLEAN,103,1.25,228.5,669.5,390,true
2026-07-29 14:08:11.524918,2026-07-29,A_pre_optstopq_fix,CAM_S1_FADE_SHORT,SHADOW,CASCADE_BREAKER,SHORT,27871,77,46,34,50,2026-07-28,TARGET_HIT,PRICE_CLEAN,91,0,228.5,669.5,390,true
2026-07-29 14:08:11.529003,2026-07-29,A_pre_optstopq_fix,WS1_FADE_SHORT,SHADOW,CASCADE_BREAKER,SHORT,27871,92,44,,,,TARGET_HIT,PRICE_CLEAN,87,0,228.5,669.5,390,true
2026-07-29 14:09:43.696993,2026-07-29,A_pre_optstopq_fix,PD_SESSION_MID_FADE_SHORT,SHADOW,CASCADE_BREAKER,SHORT,27851.75,82,53,38,62.5,2026-07-28,TARGET_HIT,PRICE_CLEAN,105,20.5,247.75,650.25,390,true
2026-07-29 14:11:47.909489,2026-07-29,A_pre_optstopq_fix,OR_LOW_FADE_SHORT,SHADOW,CASCADE_BREAKER,SHORT,27843,28,40,3,35,2026-07-28,TARGET_HIT,PRICE_CLEAN,79,17.5,256.5,641.5,390,true
2026-07-29 14:11:47.913757,2026-07-29,A_pre_optstopq_fix,CAM_S2_FADE_SHORT,SHADOW,CASCADE_BREAKER,SHORT,27843,72,47,15,62.5,2026-07-28,TARGET_HIT,PRICE_CLEAN,93,17.5,256.5,641.5,390,true
2026-07-29 14:12:00,2026-07-29,A_pre_optstopq_fix,VWAP_MAGNET_SHORT,SHADOW,,SHORT,27830.5,30,20,29,400,2026-07-28,TARGET_HIT,PRICE_CLEAN,39,8.75,269,629,390,true
2026-07-29 14:12:00,2026-07-29,A_pre_optstopq_fix,IB_BEARISH,ACTIVE,,SHORT,27831,87,45,87,50,2026-07-28,TARGET_HIT,PRICE_CLEAN,89,8.25,268.5,629.5,390,true
2026-07-29 14:14:00,2026-07-29,A_pre_optstopq_fix,VALUE_AREA_RESPONSIVE_LONG,SHADOW,,LONG,27799,30,28,25,30,2026-07-28,TARGET_HIT,PRICE_CLEAN,55,0,597.5,300.5,390,true
2026-07-29 14:14:00,2026-07-29,A_pre_optstopq_fix,IB_BEARISH,ACTIVE,,SHORT,27799,50,35,87,50,2026-07-28,TARGET_HIT,PRICE_CLEAN,69,44.5,300.5,597.5,390,true
2026-07-29 14:15:58.710493,2026-07-29,A_pre_optstopq_fix,PD_IB_MID_FADE_LONG,SHADOW,CASCADE_BREAKER,LONG,27798.5,46,34,46,30,2026-07-28,TARGET_HIT,PRICE_CLEAN,67,0,597,301,390,true
2026-07-29 14:15:58.717243,2026-07-29,A_pre_optstopq_fix,CAM_S3_FADE_LONG,SHADOW,CASCADE_BREAKER,LONG,27798.5,68,45,68,40,2026-07-28,STOP_HIT,PRICE_CLEAN,-137,68.25,597,301,390,true
2026-07-29 14:17:00,2026-07-29,A_pre_optstopq_fix,VALUE_AREA_RESPONSIVE_LONG,SHADOW,,LONG,27794,30,28,25,30,2026-07-28,STOP_HIT,PRICE_CLEAN,-61,30.25,592.5,305.5,390,true
2026-07-29 14:18:00,2026-07-29,A_pre_optstopq_fix,VALUE_AREA_RESPONSIVE_LONG,SHADOW,,LONG,27771,31,28,25,30,2026-07-28,STOP_HIT,PRICE_CLEAN,-63,32,569.5,328.5,390,true
2026-07-29 14:18:00,2026-07-29,A_pre_optstopq_fix,IB_BEARISH,ACTIVE,,SHORT,27771,87,45,87,50,2026-07-28,TARGET_HIT,PRICE_CLEAN,89,49,328.5,569.5,390,true
2026-07-29 14:19:33.87062,2026-07-29,A_pre_optstopq_fix,PD_VAL_FADE_LONG,SHADOW,CASCADE_BREAKER,LONG,27793.5,85,49,39,149.8,2026-07-28,TARGET_HIT,PRICE_CLEAN,97,84.5,592,306,390,true
2026-07-29 14:19:33.875716,2026-07-29,A_pre_optstopq_fix,PD_IB_MID_FADE_LONG,SHADOW,CASCADE_BREAKER,LONG,27793.5,46,34,46,30,2026-07-28,STOP_HIT,PRICE_CLEAN,-93,54.5,592,306,390,true
2026-07-29 14:20:14.964612,2026-07-29,A_pre_optstopq_fix,IB_MID_SCALP_FADE_LONG,SHADOW,CASCADE_BREAKER,LONG,27770.5,58,31,26,73.3,2026-07-28,TARGET_HIT,PRICE_CLEAN,61,43,569,329,390,true
2026-07-29 14:21:00,2026-07-29,A_pre_optstopq_fix,GLOBEX_VWAP_FADE_SHORT,SHADOW,,SHORT,27746,90,40,10,94,2026-07-28,STOP_HIT,PRICE_CLEAN,-181,137.5,353.5,544.5,390,true
2026-07-29 14:23:00,2026-07-29,A_pre_optstopq_fix,GLOBEX_VWAP_FADE_LONG,SHADOW,,LONG,27733.75,90,40,79,60,2026-07-28,TARGET_HIT,PRICE_CLEAN,79,6.25,532.25,365.75,390,true
2026-07-29 14:29:00,2026-07-29,A_pre_optstopq_fix,VALUE_AREA_RESPONSIVE_LONG,SHADOW,,LONG,27777,30,28,25,30,2026-07-28,TARGET_HIT,PRICE_CLEAN,55,0.5,575.5,322.5,390,true
2026-07-29 14:31:20.786868,2026-07-29,A_pre_optstopq_fix,PD_VAL_FADE_SHORT,SHADOW,CASCADE_BREAKER,SHORT,27776.5,83,50,35,55,2026-07-28,TARGET_HIT,PRICE_CLEAN,99,0,323,575,390,true
2026-07-29 14:31:20.792656,2026-07-29,A_pre_optstopq_fix,CAM_S3_FADE_SHORT,SHADOW,CASCADE_BREAKER,SHORT,27776.5,82,43,23,50,2026-07-28,TARGET_HIT,PRICE_CLEAN,85,0,323,575,390,true
2026-07-29 14:31:20.795906,2026-07-29,A_pre_optstopq_fix,IB_MID_SCALP_FADE_SHORT,SHADOW,CASCADE_BREAKER,SHORT,27776.5,58,31,37,80,2026-07-28,TARGET_HIT,PRICE_CLEAN,61,0,323,575,390,true
2026-07-29 14:31:56.506525,2026-07-29,A_pre_optstopq_fix,PD_IB_MID_FADE_SHORT,SHADOW,CASCADE_BREAKER,SHORT,27803,46,33,46,40,2026-07-28,TARGET_HIT,PRICE_CLEAN,65,0,296.5,601.5,390,true
2026-07-29 14:32:00,2026-07-29,A_pre_optstopq_fix,IB_BEARISH,ACTIVE,,SHORT,27752,50,35,87,50,2026-07-28,STOP_HIT,PRICE_CLEAN,-101,75.75,347.5,550.5,390,true
2026-07-29 14:33:00,2026-07-29,A_pre_optstopq_fix,VALUE_AREA_RESPONSIVE_LONG,SHADOW,,LONG,27762,31,28,25,30,2026-07-28,STOP_HIT,PRICE_CLEAN,-63,36,560.5,337.5,390,true
2026-07-29 14:35:20.066062,2026-07-29,A_pre_optstopq_fix,IB_MID_SCALP_FADE_SHORT,SHADOW,CASCADE_BREAKER,SHORT,27762.25,58,31,37,80,2026-07-28,TARGET_HIT,PRICE_CLEAN,61,30.75,337.25,560.75,390,true
2026-07-29 14:36:54.474828,2026-07-29,A_pre_optstopq_fix,IB_MID_SCALP_FADE_LONG,SHADOW,CASCADE_BREAKER,LONG,27756,58,31,26,73.3,2026-07-28,TARGET_HIT,PRICE_CLEAN,61,0,554.5,343.5,390,true
2026-07-29 14:37:00,2026-07-29,A_pre_optstopq_fix,IB_BEARISH,ACTIVE,,SHORT,27817,87,45,87,50,2026-07-28,STOP_HIT,PRICE_CLEAN,-175,100,282.5,615.5,390,true
2026-07-29 14:38:26.203462,2026-07-29,A_pre_optstopq_fix,CAM_S2_FADE_SHORT,SHADOW,CASCADE_BREAKER,SHORT,27816.5,72,47,15,62.5,2026-07-28,STOP_HIT,PRICE_CLEAN,-145,72,283,615,390,true
2026-07-29 14:39:56.956615,2026-07-29,A_pre_optstopq_fix,FLOOR_PIVOT_FADE_SHORT,SHADOW,CASCADE_BREAKER,SHORT,27862,80,52,28,50,2026-07-28,STOP_HIT,PRICE_CLEAN,-161,91,237.5,660.5,390,true
2026-07-29 14:39:56.959233,2026-07-29,A_pre_optstopq_fix,CAM_S1_FADE_SHORT,SHADOW,CASCADE_BREAKER,SHORT,27862,77,46,34,50,2026-07-28,STOP_HIT,PRICE_CLEAN,-155,91,237.5,660.5,390,true
2026-07-29 14:39:56.961846,2026-07-29,A_pre_optstopq_fix,WS1_FADE_SHORT,SHADOW,CASCADE_BREAKER,SHORT,27862,92,44,,,,STOP_HIT,PRICE_CLEAN,-185,94.75,237.5,660.5,390,true
2026-07-29 14:42:01.95692,2026-07-29,A_pre_optstopq_fix,PD_CLOSE_FADE_SHORT,SHADOW,CASCADE_BREAKER,SHORT,27907.75,104,56,38,66,2026-07-28,STOP_HIT,PRICE_CLEAN,-209,142.75,191.75,706.25,390,true
2026-07-29 14:42:01.960737,2026-07-29,A_pre_optstopq_fix,OR_MID_AFTER_IB_FADE_SHORT,SHADOW,CASCADE_BREAKER,SHORT,27907.75,63,32,30,35,2026-07-28,STOP_HIT,PRICE_CLEAN,-127,79.75,191.75,706.25,390,true
2026-07-29 14:42:44.564881,2026-07-29,A_pre_optstopq_fix,PD_OR_MID_FADE_SHORT,SHADOW,CASCADE_BREAKER,SHORT,27929.25,79,48,42,50,2026-07-28,STOP_HIT,PRICE_CLEAN,-159,80.75,170.25,727.75,390,true
2026-07-29 14:44:43.97554,2026-07-29,A_pre_optstopq_fix,CAM_R1_FADE_SHORT,SHADOW,CASCADE_BREAKER,SHORT,27954.5,68,40,24,40,2026-07-28,STOP_HIT,PRICE_CLEAN,-137,96,145,753,390,true
2026-07-29 14:46:17.913539,2026-07-29,A_pre_optstopq_fix,OR_HIGH_FADE_SHORT,SHADOW,CASCADE_BREAKER,SHORT,27975.5,78,43,30,50,2026-07-28,STOP_HIT,PRICE_CLEAN,-157,79.25,124,774,390,true
2026-07-29 14:46:17.917717,2026-07-29,A_pre_optstopq_fix,PD2_VAL_FADE_SHORT,SHADOW,CASCADE_BREAKER,SHORT,27975.5,90,42,,,,STOP_HIT,PRICE_CLEAN,-181,103,124,774,390,true
2026-07-29 14:47:00.667252,2026-07-29,A_pre_optstopq_fix,PD_IB_HIGH_FADE_SHORT,SHADOW,CASCADE_BREAKER,SHORT,27978.25,73,45,32,50,2026-07-28,STOP_HIT,PRICE_CLEAN,-147,75,121.25,776.75,390,true
2026-07-29 14:48:37.499187,2026-07-29,A_pre_optstopq_fix,PD_POC_FADE_SHORT,SHADOW,CASCADE_BREAKER,SHORT,27996.25,76,45,25,50,2026-07-28,STOP_HIT,PRICE_CLEAN,-153,82.25,103.25,794.75,390,true
2026-07-29 14:48:37.505974,2026-07-29,A_pre_optstopq_fix,IB_HIGH_FADE_SHORT,SHADOW,CASCADE_BREAKER,SHORT,27996.25,54,33,32,35,2026-07-28,STOP_HIT,PRICE_CLEAN,-109,57,103.25,794.75,390,true
2026-07-29 14:48:37.510125,2026-07-29,A_pre_optstopq_fix,CAM_R2_FADE_SHORT,SHADOW,CASCADE_BREAKER,SHORT,27996.25,70,41,70,50,2026-07-28,STOP_HIT,PRICE_CLEAN,-141,82.25,103.25,794.75,390,true
2026-07-29 14:49:15.883277,2026-07-29,A_pre_optstopq_fix,WEEKLY_VWAP_FADE_SHORT,SHADOW,CASCADE_BREAKER,SHORT,28025.75,70,43,58,50,2026-07-28,STOP_HIT,PRICE_CLEAN,-141,71,73.75,824.25,390,true
2026-07-29 14:51:14.454381,2026-07-29,A_pre_optstopq_fix,CAM_R3_FADE_SHORT,SHADOW,CASCADE_BREAKER,SHORT,28044,79,42,79,40,2026-07-28,TARGET_HIT,PRICE_CLEAN,83,55.5,55.5,842.5,390,true
2026-07-29 14:54:55.997028,2026-07-29,A_pre_optstopq_fix,PD_VAH_FADE_SHORT,SHADOW,CASCADE_BREAKER,SHORT,28066.25,68,42,32,40,2026-07-28,TARGET_HIT,PRICE_CLEAN,83,30.5,33.25,864.75,390,true
2026-07-29 14:54:56.000485,2026-07-29,A_pre_optstopq_fix,PD_HIGH_FADE_SHORT,SHADOW,CASCADE_BREAKER,SHORT,28066.25,95,49,37,87.5,2026-07-28,TARGET_HIT,PRICE_CLEAN,97,33.25,33.25,864.75,390,true
2026-07-29 15:00:23.198377,2026-07-29,A_pre_optstopq_fix,PD_VAH_FADE_LONG,SHADOW,CASCADE_BREAKER,LONG,28056.5,69,42,30,40,2026-07-28,TARGET_HIT,PRICE_CLEAN,83,33.25,855,43,390,true
2026-07-29 15:00:23.201364,2026-07-29,A_pre_optstopq_fix,CAM_R3_FADE_LONG,SHADOW,CASCADE_BREAKER,LONG,28056.5,81,42,41,40,2026-07-28,TARGET_HIT,PRICE_CLEAN,83,33.25,855,43,390,true
2026-07-29 15:02:12.166638,2026-07-29,A_pre_optstopq_fix,WEEKLY_VWAP_FADE_LONG,SHADOW,CASCADE_BREAKER,LONG,28036.75,72,43,11,40,2026-07-28,STOP_HIT,PRICE_CLEAN,-145,88.25,835.25,0,390,true
2026-07-29 15:04:05.158558,2026-07-29,A_pre_optstopq_fix,PD_VAH_FADE_SHORT,SHADOW,CASCADE_BREAKER,SHORT,28063.75,68,42,32,40,2026-07-28,TARGET_HIT,PRICE_CLEAN,83,0,0,862.25,390,true
2026-07-29 15:06:08.891444,2026-07-29,A_pre_optstopq_fix,PD_POC_FADE_LONG_TRAIL,SHADOW,CASCADE_BREAKER,LONG,27993.75,88,41,,,,STOP_HIT,PRICE_CLEAN,-177,103.75,792.25,0,390,true
2026-07-29 15:06:08.893886,2026-07-29,A_pre_optstopq_fix,OR_HIGH_FADE_LONG,SHADOW,CASCADE_BREAKER,LONG,27993.75,36,44,36,44,2026-07-28,STOP_HIT,PRICE_CLEAN,-73,76.25,792.25,0,390,true
2026-07-29 15:06:08.895753,2026-07-29,A_pre_optstopq_fix,IB_HIGH_FADE_LONG,SHADOW,CASCADE_BREAKER,LONG,27993.75,44,36,44,36,2026-07-28,STOP_HIT,PRICE_CLEAN,-89,76.25,792.25,0,390,true
2026-07-29 15:06:08.897835,2026-07-29,A_pre_optstopq_fix,PD_IB_HIGH_FADE_LONG,SHADOW,CASCADE_BREAKER,LONG,27993.75,83,42,83,40,2026-07-28,STOP_HIT,PRICE_CLEAN,-167,103.75,792.25,0,390,true
2026-07-29 15:06:08.900005,2026-07-29,A_pre_optstopq_fix,CAM_R2_FADE_LONG,SHADOW,CASCADE_BREAKER,LONG,27993.75,72,40,25,40,2026-07-28,STOP_HIT,PRICE_CLEAN,-145,76.25,792.25,0,390,true
2026-07-29 15:06:08.902324,2026-07-29,A_pre_optstopq_fix,PD2_VAL_FADE_LONG,SHADOW,CASCADE_BREAKER,LONG,27993.75,90,42,,,,STOP_HIT,PRICE_CLEAN,-181,103.75,792.25,0,390,true
2026-07-29 15:07:41.502597,2026-07-29,A_pre_optstopq_fix,CAM_R1_FADE_LONG,SHADOW,CASCADE_BREAKER,LONG,27959.75,67,41,23,40,2026-07-28,STOP_HIT,PRICE_CLEAN,-135,69.75,758.25,0,390,true
2026-07-29 15:08:22.39603,2026-07-29,A_pre_optstopq_fix,PD_OR_MID_FADE_LONG,SHADOW,CASCADE_BREAKER,LONG,27920.5,80,48,43,40,2026-07-28,STOP_HIT,PRICE_CLEAN,-161,81,719,17.5,390,true
2026-07-29 15:08:22.400501,2026-07-29,A_pre_optstopq_fix,PD_CLOSE_FADE_LONG,SHADOW,CASCADE_BREAKER,LONG,27920.5,123,54,31,60,2026-07-28,STOP_HIT,PRICE_CLEAN,-247,149.75,719,17.5,390,true
2026-07-29 15:08:22.403455,2026-07-29,A_pre_optstopq_fix,OR_MID_AFTER_IB_FADE_LONG,SHADOW,CASCADE_BREAKER,LONG,27920.5,64,33,13,35,2026-07-28,STOP_HIT,PRICE_CLEAN,-129,81,719,17.5,390,true
2026-07-29 15:10:30.872772,2026-07-29,A_pre_optstopq_fix,FLOOR_PIVOT_FADE_LONG,SHADOW,CASCADE_BREAKER,LONG,27879,81,51,56,50,2026-07-28,TARGET_HIT,PRICE_CLEAN,101,20.25,677.5,59,390,true
2026-07-29 15:10:30.87702,2026-07-29,A_pre_optstopq_fix,CAM_S1_FADE_LONG,SHADOW,CASCADE_BREAKER,LONG,27879,78,43,21,40,2026-07-28,TARGET_HIT,PRICE_CLEAN,85,20.25,677.5,59,390,true
2026-07-29 15:10:30.880177,2026-07-29,A_pre_optstopq_fix,WS1_FADE_LONG,SHADOW,CASCADE_BREAKER,LONG,27879,64,44,16,40,2026-07-28,TARGET_HIT,PRICE_CLEAN,87,20.25,677.5,59,390,true
2026-07-29 15:12:36.153383,2026-07-29,A_pre_optstopq_fix,OR_MID_AFTER_IB_FADE_LONG,SHADOW,CASCADE_BREAKER,LONG,27912.75,64,33,13,35,2026-07-28,STOP_HIT,PRICE_CLEAN,-129,69.5,711.25,25.25,390,true
2026-07-29 15:15:19.843171,2026-07-29,A_pre_optstopq_fix,PD_CLOSE_FADE_SHORT,SHADOW,CASCADE_BREAKER,SHORT,27908.5,104,56,38,66,2026-07-28,TARGET_HIT,PRICE_CLEAN,111,29.5,0,707,390,true
2026-07-29 15:15:19.846263,2026-07-29,A_pre_optstopq_fix,OR_MID_AFTER_IB_FADE_SHORT,SHADOW,CASCADE_BREAKER,SHORT,27908.5,63,32,30,35,2026-07-28,TARGET_HIT,PRICE_CLEAN,63,29.5,0,707,390,true
2026-07-29 15:17:12.169994,2026-07-29,A_pre_optstopq_fix,PD_OR_MID_FADE_SHORT,SHADOW,CASCADE_BREAKER,SHORT,27931.25,79,48,42,50,2026-07-28,TARGET_HIT,PRICE_CLEAN,95,0,0,729.75,390,true
2026-07-29 15:18:00,2026-07-29,A_pre_optstopq_fix,IB_BEARISH,ACTIVE,,SHORT,27826,87,45,87,50,2026-07-28,TARGET_HIT,PRICE_CLEAN,89,7.25,2.25,624.5,390,true
2026-07-29 15:18:45.845373,2026-07-29,A_pre_optstopq_fix,CAM_S1_FADE_LONG,SHADOW,CASCADE_BREAKER,LONG,27889.75,78,43,21,40,2026-07-28,STOP_HIT,PRICE_CLEAN,-157,82.25,688.25,0,390,true
2026-07-29 15:18:45.849078,2026-07-29,A_pre_optstopq_fix,WS1_FADE_LONG,SHADOW,CASCADE_BREAKER,LONG,27889.75,64,44,16,40,2026-07-28,STOP_HIT,PRICE_CLEAN,-129,82.25,688.25,0,390,true
2026-07-29 15:19:37.456717,2026-07-29,A_pre_optstopq_fix,OR_LOW_FADE_LONG,SHADOW,CASCADE_BREAKER,LONG,27846.25,70,39,36,35,2026-07-28,STOP_HIT,PRICE_CLEAN,-141,75.5,644.75,0,390,true
2026-07-29 15:19:37.460736,2026-07-29,A_pre_optstopq_fix,PD_SESSION_MID_FADE_LONG,SHADOW,CASCADE_BREAKER,LONG,27846.25,87,50,38,50,2026-07-28,STOP_HIT,PRICE_CLEAN,-175,125,644.75,0,390,true
2026-07-29 15:19:37.46354,2026-07-29,A_pre_optstopq_fix,CAM_S2_FADE_LONG_TRAIL,SHADOW,CASCADE_BREAKER,LONG,27846.25,81,43,,,,STOP_HIT,PRICE_CLEAN,-163,125,644.75,0,390,true
2026-07-29 15:20:00,2026-07-29,A_pre_optstopq_fix,IB_BEARISH,ACTIVE,,SHORT,27772,87,45,87,50,2026-07-28,TARGET_HIT,PRICE_CLEAN,89,3.25,0,570.5,390,true
2026-07-29 15:20:00,2026-07-29,A_pre_optstopq_fix,GLOBEX_VWAP_FADE_SHORT,SHADOW,,SHORT,27771.5,90,40,10,94,2026-07-28,TARGET_HIT,PRICE_CLEAN,79,3.75,0,570,390,true
2026-07-29 15:20:00,2026-07-29,A_pre_optstopq_fix,VALUE_AREA_RESPONSIVE_LONG,SHADOW,,LONG,27772,31,28,25,30,2026-07-28,STOP_HIT,PRICE_CLEAN,-63,50.75,570.5,0,390,true
2026-07-29 15:21:00,2026-07-29,A_pre_optstopq_fix,IB_BEARISH,ACTIVE,,SHORT,27737,50,35,87,50,2026-07-28,TARGET_HIT,PRICE_CLEAN,69,8.75,8,535.5,390,true
2026-07-29 15:21:05.621058,2026-07-29,A_pre_optstopq_fix,STACK_VOL_BREAK_LIVE_SHORT,SHADOW,NEW_SIGNAL_UNDER_LIVE_EVALUATION,SHORT,27771.5,59.79999999999927,40,,,,TARGET_HIT,BANKED_FAST_ARRIVAL,79,0,0,570,390,true
2026-07-29 15:21:43.863375,2026-07-29,A_pre_optstopq_fix,PD_VAL_FADE_LONG,SHADOW,CASCADE_BREAKER,LONG,27771.5,85,49,39,149.8,2026-07-28,STOP_HIT,PRICE_CLEAN,-171,91.5,570,0,390,true
2026-07-29 15:21:43.867238,2026-07-29,A_pre_optstopq_fix,IB_MID_SCALP_FADE_LONG,SHADOW,CASCADE_BREAKER,LONG,27771.5,58,31,26,73.3,2026-07-28,STOP_HIT,PRICE_CLEAN,-117,91.5,570,0,390,true
2026-07-29 15:22:00,2026-07-29,A_pre_optstopq_fix,IB_BEARISH,ACTIVE,,SHORT,27718,50,35,87,50,2026-07-28,TARGET_HIT,PRICE_CLEAN,69,27,27,516.5,390,true
2026-07-29 15:23:58.297018,2026-07-29,A_pre_optstopq_fix,RTH_VWAP_FADE_LONG,SHADOW,CASCADE_BREAKER,LONG,27717.5,94,42,28,70,2026-07-28,STOP_HIT,PRICE_CLEAN,-189,124.25,516,26.5,390,true
2026-07-29 15:25:00,2026-07-29,A_pre_optstopq_fix,IB_BEARISH,ACTIVE,,SHORT,27678,50,35,87,50,2026-07-28,TARGET_HIT,PRICE_CLEAN,69,4,66,476.5,390,true
2026-07-29 15:26:00,2026-07-29,A_pre_optstopq_fix,IB_BEARISH,ACTIVE,,SHORT,27670,50,35,87,50,2026-07-28,STOP_HIT,PRICE_CLEAN,-101,68.25,74,468.5,390,true
2026-07-29 15:26:00,2026-07-29,A_pre_optstopq_fix,STOP_SWEEP_LONG,SHADOW,,LONG,27669.75,33.75,30.25,,,,TARGET_HIT,PRICE_CLEAN,59.5,25.25,468.25,74.25,390,true
2026-07-29 15:28:00,2026-07-29,A_pre_optstopq_fix,STOP_SWEEP_LONG,SHADOW,,LONG,27694.5,58.5,30.5,,,,TARGET_HIT,PRICE_CLEAN,60,10.25,493,49.5,390,true
2026-07-29 15:28:17.036584,2026-07-29,A_pre_optstopq_fix,FLOOR_S1_FADE_LONG_TRAIL,SHADOW,CASCADE_BREAKER,LONG,27669.75,91,42,,,,TARGET_HIT,PRICE_CLEAN,83,0,468.25,74.25,390,true
2026-07-29 15:28:17.040286,2026-07-29,A_pre_optstopq_fix,CAM_S4_FADE_LONG,SHADOW,CASCADE_BREAKER,LONG,27669.75,90,43,21,40,2026-07-28,TARGET_HIT,PRICE_CLEAN,85,0,468.25,74.25,390,true
2026-07-29 15:30:00,2026-07-29,A_pre_optstopq_fix,IB_BEARISH,ACTIVE,,SHORT,27727,87,45,87,50,2026-07-28,TARGET_HIT,PRICE_CLEAN,89,17,0,525.5,390,true
2026-07-29 15:30:00,2026-07-29,A_pre_optstopq_fix,STOP_SWEEP_LONG,SHADOW,,LONG,27727.25,91.25,29.75,,,,STOP_HIT,PRICE_CLEAN,-183.5,134,525.75,0,390,true
2026-07-29 15:32:13.446243,2026-07-29,A_pre_optstopq_fix,RTH_VWAP_FADE_SHORT,SHADOW,CASCADE_BREAKER,SHORT,27727.25,92,43,52,87.5,2026-07-28,TARGET_HIT,PRICE_CLEAN,85,0,0,525.75,390,true
2026-07-29 15:33:00,2026-07-29,A_pre_optstopq_fix,IB_BEARISH,ACTIVE,,SHORT,27601,87,45,87,50,2026-07-28,TARGET_HIT,PRICE_CLEAN,89,29.75,95.75,399.5,390,true
2026-07-29 15:34:00,2026-07-29,A_pre_optstopq_fix,STOP_SWEEP_LONG,SHADOW,,LONG,27610.25,43.25,29.75,,,,STOP_HIT,PRICE_CLEAN,-87.5,84.5,408.75,86.5,390,true
2026-07-29 15:34:58.210382,2026-07-29,A_pre_optstopq_fix,PD_LOW_FADE_LONG,SHADOW,CASCADE_BREAKER,LONG,27600.75,148,64,34,70,2026-07-28,STOP_HIT,PRICE_CLEAN,-297,158.25,399.25,96,390,true
2026-07-29 15:34:58.213171,2026-07-29,A_pre_optstopq_fix,PD_IB_LOW_FADE_LONG,SHADOW,CASCADE_BREAKER,LONG,27600.75,69,43,50,50,2026-07-28,STOP_HIT,PRICE_CLEAN,-139,75,399.25,96,390,true
2026-07-29 15:38:00,2026-07-29,A_pre_optstopq_fix,VWAP_MAGNET_LONG,SHADOW,,LONG,27527.75,30,20,30,457.5,2026-07-28,STOP_HIT,PRICE_CLEAN,-61,55.75,326.25,169,390,true
2026-07-29 15:38:00,2026-07-29,A_pre_optstopq_fix,IB_BEARISH,ACTIVE,,SHORT,27528,50,35,87,50,2026-07-28,TARGET_HIT,PRICE_CLEAN,69,1,168.75,326.5,390,true
2026-07-29 15:38:00,2026-07-29,A_pre_optstopq_fix,GLOBEX_VWAP_MAGNET_LONG,SHADOW,,LONG,27527.75,30,20,20,333.3,2026-07-28,STOP_HIT,PRICE_CLEAN,-61,55.75,326.25,169,390,true
2026-07-29 15:39:53.956913,2026-07-29,A_pre_optstopq_fix,IB_LOW_FADE_LONG,SHADOW,CASCADE_BREAKER,LONG,27527.75,70,37,42,35,2026-07-28,STOP_HIT,PRICE_CLEAN,-141,73.5,326.25,169,390,true
2026-07-29 15:40:00,2026-07-29,A_pre_optstopq_fix,VWAP_MAGNET_LONG,SHADOW,,LONG,27518.25,30,20,30,457.5,2026-07-28,TARGET_HIT,PRICE_CLEAN,39,21,316.75,178.5,390,true
2026-07-29 15:40:00,2026-07-29,A_pre_optstopq_fix,GLOBEX_VWAP_MAGNET_LONG,SHADOW,,LONG,27518.25,30,20,20,333.3,2026-07-28,TARGET_HIT,PRICE_CLEAN,39,21,316.75,178.5,390,true
2026-07-29 15:40:00,2026-07-29,A_pre_optstopq_fix,IB_BEARISH,ACTIVE,,SHORT,27518,87,45,87,50,2026-07-28,TARGET_HIT,PRICE_CLEAN,89,24,178.75,316.5,390,true
2026-07-29 15:41:00,2026-07-29,A_pre_optstopq_fix,VWAP_MAGNET_LONG,SHADOW,,LONG,27513,30,20,30,457.5,2026-07-28,STOP_HIT,PRICE_CLEAN,-61,45,311.5,183.75,390,true
2026-07-29 15:41:00,2026-07-29,A_pre_optstopq_fix,GLOBEX_VWAP_MAGNET_LONG,SHADOW,,LONG,27513,30,20,20,333.3,2026-07-28,STOP_HIT,PRICE_CLEAN,-61,45,311.5,183.75,390,true
2026-07-29 15:43:00,2026-07-29,A_pre_optstopq_fix,IB_BEARISH,ACTIVE,,SHORT,27501,50,35,87,50,2026-07-28,TARGET_HIT,PRICE_CLEAN,69,1.75,195.75,299.5,390,true
2026-07-29 15:43:00,2026-07-29,A_pre_optstopq_fix,GLOBEX_VWAP_MAGNET_LONG,SHADOW,,LONG,27500.75,30,20,20,333.3,2026-07-28,STOP_HIT,PRICE_CLEAN,-61,42,299.25,196,390,true
2026-07-29 15:43:00,2026-07-29,A_pre_optstopq_fix,VWAP_MAGNET_LONG,SHADOW,,LONG,27500.75,30,20,30,457.5,2026-07-28,STOP_HIT,PRICE_CLEAN,-61,42,299.25,196,390,true
2026-07-29 15:44:00,2026-07-29,A_pre_optstopq_fix,VWAP_MAGNET_LONG,SHADOW,,LONG,27473.5,30,20,30,457.5,2026-07-28,STOP_HIT,PRICE_CLEAN,-61,31,272,223.25,390,true
2026-07-29 15:44:00,2026-07-29,A_pre_optstopq_fix,IB_BEARISH,ACTIVE,,SHORT,27474,87,45,87,50,2026-07-28,TARGET_HIT,PRICE_CLEAN,89,14.5,222.75,272.5,390,true
2026-07-29 15:44:00,2026-07-29,A_pre_optstopq_fix,GLOBEX_VWAP_MAGNET_LONG,SHADOW,,LONG,27473.5,30,20,20,333.3,2026-07-28,STOP_HIT,PRICE_CLEAN,-61,31,272,223.25,390,true
2026-07-29 15:46:00,2026-07-29,A_pre_optstopq_fix,GLOBEX_VWAP_MAGNET_LONG,SHADOW,,LONG,27449,30,20,20,333.3,2026-07-28,TARGET_HIT,PRICE_CLEAN,39,28,247.5,247.75,390,true
2026-07-29 15:46:00,2026-07-29,A_pre_optstopq_fix,VWAP_MAGNET_LONG,SHADOW,,LONG,27449,30,20,30,457.5,2026-07-28,TARGET_HIT,PRICE_CLEAN,39,28,247.5,247.75,390,true
2026-07-29 15:46:13.002094,2026-07-29,A_pre_optstopq_fix,WS2_FADE_LONG,SHADOW,CASCADE_BREAKER,LONG,27473.5,102,35,,,,TARGET_HIT,PRICE_CLEAN,69,52.5,272,223.25,390,true
2026-07-29 15:48:00,2026-07-29,A_pre_optstopq_fix,IB_BEARISH,ACTIVE,,SHORT,27473,87,45,87,50,2026-07-28,TARGET_HIT,PRICE_CLEAN,89,39.25,223.75,271.5,390,true
2026-07-29 15:48:00,2026-07-29,A_pre_optstopq_fix,GLOBEX_VWAP_MAGNET_LONG,SHADOW,,LONG,27472.5,30,20,20,333.3,2026-07-28,TARGET_HIT,PRICE_CLEAN,39,15.5,271,224.25,390,true
2026-07-29 15:48:00,2026-07-29,A_pre_optstopq_fix,VWAP_MAGNET_LONG,SHADOW,,LONG,27472.5,30,20,30,457.5,2026-07-28,TARGET_HIT,PRICE_CLEAN,39,15.5,271,224.25,390,true
2026-07-29 15:49:00,2026-07-29,A_pre_optstopq_fix,VWAP_MAGNET_LONG,SHADOW,,LONG,27500.75,30,20,30,457.5,2026-07-28,STOP_HIT,PRICE_CLEAN,-61,67.25,299.25,196,390,true
2026-07-29 15:49:00,2026-07-29,A_pre_optstopq_fix,GLOBEX_VWAP_MAGNET_LONG,SHADOW,,LONG,27500.75,30,20,20,333.3,2026-07-28,STOP_HIT,PRICE_CLEAN,-61,67.25,299.25,196,390,true
2026-07-29 15:50:00,2026-07-29,A_pre_optstopq_fix,GLOBEX_VWAP_MAGNET_LONG,SHADOW,,LONG,27459.5,30,20,20,333.3,2026-07-28,STOP_HIT,PRICE_CLEAN,-61,36.5,258,237.25,390,true
2026-07-29 15:50:00,2026-07-29,A_pre_optstopq_fix,VWAP_MAGNET_LONG,SHADOW,,LONG,27459.5,30,20,30,457.5,2026-07-28,STOP_HIT,PRICE_CLEAN,-61,36.5,258,237.25,390,true
2026-07-29 15:51:00,2026-07-29,A_pre_optstopq_fix,GLOBEX_VWAP_MAGNET_LONG,SHADOW,,LONG,27443.5,30,20,20,333.3,2026-07-28,STOP_HIT,PRICE_CLEAN,-61,49.5,242,253.25,390,true
2026-07-29 15:51:00,2026-07-29,A_pre_optstopq_fix,VWAP_MAGNET_LONG,SHADOW,,LONG,27443.5,30,20,30,457.5,2026-07-28,STOP_HIT,PRICE_CLEAN,-61,49.5,242,253.25,390,true
2026-07-29 15:51:00,2026-07-29,A_pre_optstopq_fix,IB_BEARISH,ACTIVE,,SHORT,27444,50,35,87,50,2026-07-28,TARGET_HIT,PRICE_CLEAN,69,1.5,252.75,242.5,390,true
2026-07-29 15:51:43.353828,2026-07-29,A_pre_optstopq_fix,WS2_FADE_SHORT,SHADOW,CASCADE_BREAKER,SHORT,27459.5,102,35,,,,TARGET_HIT,PRICE_CLEAN,69,0,237.25,258,390,true
2026-07-29 15:52:00,2026-07-29,A_pre_optstopq_fix,IB_BEARISH,ACTIVE,,SHORT,27414,87,45,87,50,2026-07-28,TARGET_HIT,PRICE_CLEAN,89,35,282.75,212.5,390,true
2026-07-29 15:52:00,2026-07-29,A_pre_optstopq_fix,GLOBEX_VWAP_MAGNET_LONG,SHADOW,,LONG,27414.25,30,20,20,333.3,2026-07-28,TARGET_HIT,PRICE_CLEAN,39,8.25,212.75,282.5,390,true
2026-07-29 15:52:00,2026-07-29,A_pre_optstopq_fix,VWAP_MAGNET_LONG,SHADOW,,LONG,27414.25,30,20,30,457.5,2026-07-28,TARGET_HIT,PRICE_CLEAN,39,8.25,212.75,282.5,390,true
2026-07-29 15:54:00,2026-07-29,A_pre_optstopq_fix,VWAP_MAGNET_LONG,SHADOW,,LONG,27435.25,30,20,30,457.5,2026-07-28,STOP_HIT,PRICE_CLEAN,-61,70.5,233.75,261.5,390,true
2026-07-29 15:54:00,2026-07-29,A_pre_optstopq_fix,GLOBEX_VWAP_MAGNET_LONG,SHADOW,,LONG,27435.25,30,20,20,333.3,2026-07-28,STOP_HIT,PRICE_CLEAN,-61,70.5,233.75,261.5,390,true
2026-07-29 15:55:00,2026-07-29,A_pre_optstopq_fix,GLOBEX_VWAP_MAGNET_LONG,SHADOW,,LONG,27379,30,20,20,333.3,2026-07-28,STOP_HIT,PRICE_CLEAN,-61,34.25,177.5,317.75,390,true
2026-07-29 15:55:00,2026-07-29,A_pre_optstopq_fix,VWAP_MAGNET_LONG,SHADOW,,LONG,27379,30,20,30,457.5,2026-07-28,STOP_HIT,PRICE_CLEAN,-61,34.25,177.5,317.75,390,true
2026-07-29 15:55:00,2026-07-29,A_pre_optstopq_fix,IB_BEARISH,ACTIVE,,SHORT,27379,50,35,87,50,2026-07-28,TARGET_HIT,PRICE_CLEAN,69,13,317.75,177.5,390,true
2026-07-29 15:57:00,2026-07-29,A_pre_optstopq_fix,GLOBEX_VWAP_MAGNET_LONG,SHADOW,,LONG,27344.75,30,20,20,333.3,2026-07-28,TIME_EXPIRED,MARK_TO_MARKET,-9.5,13.25,143.25,352,390,true
2026-07-29 15:57:00,2026-07-29,A_pre_optstopq_fix,VWAP_MAGNET_LONG,SHADOW,,LONG,27344.75,30,20,30,457.5,2026-07-28,TIME_EXPIRED,MARK_TO_MARKET,-9.5,13.25,143.25,352,390,true
2026-07-29 15:57:24.849171,2026-07-29,A_pre_optstopq_fix,FLOOR_S2_FADE_LONG,SHADOW,CASCADE_BREAKER,LONG,27379,134,66,18,70,2026-07-28,TIME_EXPIRED,MARK_TO_MARKET,-78,47.5,177.5,317.75,390,true
2026-07-29 15:58:00,2026-07-29,A_pre_optstopq_fix,IB_BEARISH,ACTIVE,,SHORT,27341,87,45,87,50,2026-07-28,TARGET_HIT,PRICE_CLEAN,89,29.75,355.75,139.5,390,true
2026-07-29 15:58:00,2026-07-29,A_pre_optstopq_fix,GLOBEX_VWAP_MAGNET_LONG,SHADOW,,LONG,27340.5,30,20,20,333.3,2026-07-28,TARGET_HIT,PRICE_CLEAN,39,23,139,356.25,390,true
2026-07-29 15:58:00,2026-07-29,A_pre_optstopq_fix,VWAP_MAGNET_LONG,SHADOW,,LONG,27340.5,30,20,30,457.5,2026-07-28,TARGET_HIT,PRICE_CLEAN,39,23,139,356.25,390,true
2026-07-29 15:58:00,2026-07-29,A_pre_optstopq_fix,C_PAIRED_SHORT,SHADOW,,SHORT,27341,643,,,,,TIME_EXPIRED,MARK_TO_MARKET,-1799,,355.75,139.5,390,true
2026-07-29 16:00:00,2026-07-29,A_pre_optstopq_fix,VWAP_MAGNET_LONG,SHADOW,,LONG,27323,30,20,30,457.5,2026-07-28,STOP_HIT,SAME_BAR_STOP_FIRST,-61,95.75,121.5,373.75,390,true
2026-07-29 16:00:00,2026-07-29,A_pre_optstopq_fix,IB_BEARISH,ACTIVE,,SHORT,27323,50,35,87,50,2026-07-28,TARGET_HIT,PRICE_CLEAN,69,29,373.75,121.5,390,true
2026-07-29 16:00:00,2026-07-29,A_pre_optstopq_fix,GLOBEX_VWAP_MAGNET_LONG,SHADOW,,LONG,27323,30,20,20,333.3,2026-07-28,STOP_HIT,SAME_BAR_STOP_FIRST,-61,95.75,121.5,373.75,390,true
2026-07-29 16:01:00,2026-07-29,A_pre_optstopq_fix,IB_BEARISH,ACTIVE,,SHORT,27229,50,35,87,50,2026-07-28,STOP_HIT,PRICE_CLEAN,-101,61.25,467.75,27.5,390,true
2026-07-29 16:01:00,2026-07-29,A_pre_optstopq_fix,VWAP_MAGNET_LONG,SHADOW,,LONG,27228.5,30,20,30,457.5,2026-07-28,TARGET_HIT,PRICE_CLEAN,39,3,27,468.25,390,true
2026-07-29 16:01:00,2026-07-29,A_pre_optstopq_fix,GLOBEX_VWAP_MAGNET_LONG,SHADOW,,LONG,27228.5,30,20,20,333.3,2026-07-28,TARGET_HIT,PRICE_CLEAN,39,3,27,468.25,390,true
2026-07-29 16:02:00,2026-07-29,A_pre_optstopq_fix,VWAP_MAGNET_LONG,SHADOW,,LONG,27282,30,20,30,457.5,2026-07-28,STOP_HIT,PRICE_CLEAN,-61,34.25,80.5,414.75,390,true
2026-07-29 16:02:00,2026-07-29,A_pre_optstopq_fix,GLOBEX_VWAP_MAGNET_LONG,SHADOW,,LONG,27282,30,20,20,333.3,2026-07-28,STOP_HIT,PRICE_CLEAN,-61,34.25,80.5,414.75,390,true
2026-07-29 16:02:00,2026-07-29,A_pre_optstopq_fix,IB_BEARISH,ACTIVE,,SHORT,27282,87,45,87,50,2026-07-28,TARGET_HIT,PRICE_CLEAN,89,17,414.75,80.5,390,true
2026-07-29 16:03:00,2026-07-29,A_pre_optstopq_fix,VWAP_MAGNET_LONG,SHADOW,,LONG,27262.75,30,20,30,457.5,2026-07-28,STOP_HIT,PRICE_CLEAN,-61,61.25,60.75,434,390,true
2026-07-29 16:03:00,2026-07-29,A_pre_optstopq_fix,GLOBEX_VWAP_MAGNET_LONG,SHADOW,,LONG,27262.75,30,20,20,333.3,2026-07-28,STOP_HIT,PRICE_CLEAN,-61,61.25,60.75,434,390,true
2026-07-29 16:04:00,2026-07-29,A_pre_optstopq_fix,IB_BEARISH,ACTIVE,,SHORT,27254,50,35,87,50,2026-07-28,STOP_HIT,PRICE_CLEAN,-101,69.75,442.75,52,390,true
2026-07-29 16:04:00,2026-07-29,A_pre_optstopq_fix,GLOBEX_VWAP_MAGNET_LONG,SHADOW,,LONG,27253.75,30,20,20,333.3,2026-07-28,TARGET_HIT,PRICE_CLEAN,39,0,51.75,443,390,true
2026-07-29 16:04:00,2026-07-29,A_pre_optstopq_fix,VWAP_MAGNET_LONG,SHADOW,,LONG,27253.75,30,20,30,457.5,2026-07-28,TARGET_HIT,PRICE_CLEAN,39,0,51.75,443,390,true
2026-07-29 16:05:00,2026-07-29,A_pre_optstopq_fix,VWAP_MAGNET_LONG,SHADOW,,LONG,27305.25,30,20,30,457.5,2026-07-28,TARGET_HIT,PRICE_CLEAN,39,23.5,103.25,391.5,390,true
2026-07-29 16:05:00,2026-07-29,A_pre_optstopq_fix,GLOBEX_VWAP_MAGNET_LONG,SHADOW,,LONG,27305.25,30,20,20,333.3,2026-07-28,TARGET_HIT,PRICE_CLEAN,39,23.5,103.25,391.5,390,true
2026-07-29 16:05:00,2026-07-29,A_pre_optstopq_fix,IB_BEARISH,ACTIVE,,SHORT,27305,50,35,87,50,2026-07-28,STOP_HIT,PRICE_CLEAN,-101,59,391.75,103,390,true
2026-07-29 16:06:00,2026-07-29,A_pre_optstopq_fix,VWAP_MAGNET_LONG,SHADOW,,LONG,27327,30,20,30,457.5,2026-07-28,STOP_HIT,PRICE_CLEAN,-61,33.25,125,369.75,390,true
2026-07-29 16:06:00,2026-07-29,A_pre_optstopq_fix,IB_BEARISH,ACTIVE,,SHORT,27327,87,45,87,50,2026-07-28,TARGET_HIT,PRICE_CLEAN,89,13,369.75,125,390,true
2026-07-29 16:06:00,2026-07-29,A_pre_optstopq_fix,GLOBEX_VWAP_MAGNET_LONG,SHADOW,,LONG,27327,30,20,20,333.3,2026-07-28,STOP_HIT,PRICE_CLEAN,-61,33.25,125,369.75,390,true
2026-07-29 16:07:00,2026-07-29,A_pre_optstopq_fix,VWAP_MAGNET_LONG,SHADOW,,LONG,27302.5,30,20,30,457.5,2026-07-28,STOP_HIT,PRICE_CLEAN,-61,36.75,100.5,394.25,390,true
2026-07-29 16:07:00,2026-07-29,A_pre_optstopq_fix,GLOBEX_VWAP_MAGNET_LONG,SHADOW,,LONG,27302.5,30,20,20,333.3,2026-07-28,STOP_HIT,PRICE_CLEAN,-61,36.75,100.5,394.25,390,true
2026-07-29 16:08:00,2026-07-29,A_pre_optstopq_fix,VWAP_MAGNET_LONG,SHADOW,,LONG,27290.75,30,20,30,457.5,2026-07-28,STOP_HIT,PRICE_CLEAN,-61,36.75,88.75,406,390,true
2026-07-29 16:08:00,2026-07-29,A_pre_optstopq_fix,IB_BEARISH,ACTIVE,,SHORT,27291,87,45,87,50,2026-07-28,TARGET_HIT,PRICE_CLEAN,89,12.75,405.75,89,390,true
2026-07-29 16:08:00,2026-07-29,A_pre_optstopq_fix,GLOBEX_VWAP_MAGNET_LONG,SHADOW,,LONG,27290.75,30,20,20,333.3,2026-07-28,STOP_HIT,PRICE_CLEAN,-61,36.75,88.75,406,390,true
2026-07-29 16:09:00,2026-07-29,A_pre_optstopq_fix,VWAP_MAGNET_LONG,SHADOW,,LONG,27255,30,20,30,457.5,2026-07-28,TARGET_HIT,PRICE_CLEAN,39,23.25,53,441.75,390,true
2026-07-29 16:09:00,2026-07-29,A_pre_optstopq_fix,GLOBEX_VWAP_MAGNET_LONG,SHADOW,,LONG,27255,30,20,20,333.3,2026-07-28,TARGET_HIT,PRICE_CLEAN,39,23.25,53,441.75,390,true
2026-07-29 16:11:00,2026-07-29,A_pre_optstopq_fix,IB_BEARISH,ACTIVE,,SHORT,27272,87,45,87,50,2026-07-28,TARGET_HIT,PRICE_CLEAN,89,66.75,424.75,70,390,true
2026-07-29 16:11:00,2026-07-29,A_pre_optstopq_fix,VWAP_MAGNET_LONG,SHADOW,,LONG,27271.75,30,20,30,457.5,2026-07-28,TARGET_HIT,PRICE_CLEAN,39,27,69.75,425,390,true
2026-07-29 16:11:00,2026-07-29,A_pre_optstopq_fix,GLOBEX_VWAP_MAGNET_LONG,SHADOW,,LONG,27271.75,30,20,20,333.3,2026-07-28,TARGET_HIT,PRICE_CLEAN,39,27,69.75,425,390,true
2026-07-29 16:12:00,2026-07-29,A_pre_optstopq_fix,GLOBEX_VWAP_MAGNET_LONG,SHADOW,,LONG,27289.25,30,20,20,333.3,2026-07-28,TARGET_HIT,PRICE_CLEAN,39,0.25,87.25,407.5,390,true
2026-07-29 16:12:00,2026-07-29,A_pre_optstopq_fix,VWAP_MAGNET_LONG,SHADOW,,LONG,27289.25,30,20,30,457.5,2026-07-28,TARGET_HIT,PRICE_CLEAN,39,0.25,87.25,407.5,390,true
2026-07-29 16:13:00,2026-07-29,A_pre_optstopq_fix,GLOBEX_VWAP_MAGNET_LONG,SHADOW,,LONG,27299.25,30,20,20,333.3,2026-07-28,TARGET_HIT,PRICE_CLEAN,39,27,97.25,397.5,390,true
2026-07-29 16:13:00,2026-07-29,A_pre_optstopq_fix,VWAP_MAGNET_LONG,SHADOW,,LONG,27299.25,30,20,30,457.5,2026-07-28,TARGET_HIT,PRICE_CLEAN,39,27,97.25,397.5,390,true
2026-07-29 16:15:00,2026-07-29,A_pre_optstopq_fix,VWAP_MAGNET_LONG,SHADOW,,LONG,27319.75,30,20,30,457.5,2026-07-28,STOP_HIT,PRICE_CLEAN,-61,46.5,117.75,377,390,true
2026-07-29 16:15:00,2026-07-29,A_pre_optstopq_fix,GLOBEX_VWAP_MAGNET_LONG,SHADOW,,LONG,27319.75,30,20,20,333.3,2026-07-28,STOP_HIT,PRICE_CLEAN,-61,46.5,117.75,377,390,true
2026-07-29 16:18:00,2026-07-29,A_pre_optstopq_fix,VWAP_MAGNET_LONG,SHADOW,,LONG,27281,30,20,30,457.5,2026-07-28,TARGET_HIT,PRICE_CLEAN,39,16.75,79,415.75,390,true
2026-07-29 16:18:00,2026-07-29,A_pre_optstopq_fix,GLOBEX_VWAP_MAGNET_LONG,SHADOW,,LONG,27281,30,20,20,333.3,2026-07-28,TARGET_HIT,PRICE_CLEAN,39,16.75,79,415.75,390,true
2026-07-29 16:23:00,2026-07-29,A_pre_optstopq_fix,GLOBEX_VWAP_MAGNET_LONG,SHADOW,,LONG,27275.25,30,20,20,333.3,2026-07-28,STOP_HIT,PRICE_CLEAN,-61,49.25,73.25,421.5,390,true
2026-07-29 16:23:00,2026-07-29,A_pre_optstopq_fix,VWAP_MAGNET_LONG,SHADOW,,LONG,27275.25,30,20,30,457.5,2026-07-28,STOP_HIT,PRICE_CLEAN,-61,49.25,73.25,421.5,390,true
2026-07-29 16:26:00,2026-07-29,A_pre_optstopq_fix,GLOBEX_VWAP_MAGNET_LONG,SHADOW,,LONG,27228,30,20,20,333.3,2026-07-28,TARGET_HIT,PRICE_CLEAN,39,18.5,26,468.75,390,true
2026-07-29 16:26:00,2026-07-29,A_pre_optstopq_fix,IB_BEARISH,ACTIVE,,SHORT,27228,50,35,87,50,2026-07-28,STOP_HIT,PRICE_CLEAN,-101,50.75,468.75,26,390,true
2026-07-29 16:26:00,2026-07-29,A_pre_optstopq_fix,VWAP_MAGNET_LONG,SHADOW,,LONG,27228,30,20,30,457.5,2026-07-28,TARGET_HIT,PRICE_CLEAN,39,18.5,26,468.75,390,true
2026-07-29 16:29:00,2026-07-29,A_pre_optstopq_fix,VWAP_MAGNET_LONG,SHADOW,,LONG,27242.25,30,20,30,457.5,2026-07-28,STOP_HIT,PRICE_CLEAN,-61,35.25,40.25,454.5,390,true
2026-07-29 16:29:00,2026-07-29,A_pre_optstopq_fix,GLOBEX_VWAP_MAGNET_LONG,SHADOW,,LONG,27242.25,30,20,20,333.3,2026-07-28,STOP_HIT,PRICE_CLEAN,-61,35.25,40.25,454.5,390,true
2026-07-29 16:30:00,2026-07-29,A_pre_optstopq_fix,VWAP_MAGNET_LONG,SHADOW,,LONG,27220.5,30,20,30,457.5,2026-07-28,TARGET_HIT,PRICE_CLEAN,39,6,18.5,476.25,390,true
2026-07-29 16:30:00,2026-07-29,A_pre_optstopq_fix,GLOBEX_VWAP_MAGNET_LONG,SHADOW,,LONG,27220.5,30,20,20,333.3,2026-07-28,TARGET_HIT,PRICE_CLEAN,39,6,18.5,476.25,390,true
2026-07-29 16:31:00,2026-07-29,A_pre_optstopq_fix,GLOBEX_VWAP_MAGNET_LONG,SHADOW,,LONG,27243.5,30,20,20,333.3,2026-07-28,TARGET_HIT,PRICE_CLEAN,39,4.25,41.5,453.25,390,true
2026-07-29 16:31:00,2026-07-29,A_pre_optstopq_fix,VWAP_MAGNET_LONG,SHADOW,,LONG,27243.5,30,20,30,457.5,2026-07-28,TARGET_HIT,PRICE_CLEAN,39,4.25,41.5,453.25,390,true
2026-07-29 16:32:00,2026-07-29,A_pre_optstopq_fix,VWAP_MAGNET_LONG,SHADOW,,LONG,27263,30,20,30,457.5,2026-07-28,TARGET_HIT,PRICE_CLEAN,39,6.5,61,433.75,390,true
2026-07-29 16:32:00,2026-07-29,A_pre_optstopq_fix,GLOBEX_VWAP_MAGNET_LONG,SHADOW,,LONG,27263,30,20,20,333.3,2026-07-28,TARGET_HIT,PRICE_CLEAN,39,6.5,61,433.75,390,true
2026-07-29 16:34:00,2026-07-29,A_pre_optstopq_fix,IB_BEARISH,ACTIVE,,SHORT,27274,87,45,87,50,2026-07-28,SESSION_CLOSED,,,,422.75,72,390,true
2026-07-29 16:35:00,2026-07-29,A_pre_optstopq_fix,VWAP_MAGNET_LONG,SHADOW,,LONG,27273.75,30,20,30,457.5,2026-07-28,TARGET_HIT,PRICE_CLEAN,39,7.5,71.75,423,390,true
2026-07-29 16:35:00,2026-07-29,A_pre_optstopq_fix,GLOBEX_VWAP_MAGNET_LONG,SHADOW,,LONG,27273.75,30,20,20,333.3,2026-07-28,TARGET_HIT,PRICE_CLEAN,39,7.5,71.75,423,390,true
2026-07-29 16:36:00,2026-07-29,A_pre_optstopq_fix,GLOBEX_VWAP_MAGNET_LONG,SHADOW,,LONG,27284.75,30,20,20,333.3,2026-07-28,TARGET_HIT,PRICE_CLEAN,39,7,82.75,412,390,true
2026-07-29 16:36:00,2026-07-29,A_pre_optstopq_fix,VWAP_MAGNET_LONG,SHADOW,,LONG,27284.75,30,20,30,457.5,2026-07-28,TARGET_HIT,PRICE_CLEAN,39,7,82.75,412,390,true
2026-07-29 16:38:00,2026-07-29,A_pre_optstopq_fix,VWAP_MAGNET_LONG,SHADOW,,LONG,27308,30,20,30,457.5,2026-07-28,TARGET_HIT,PRICE_CLEAN,39,0,106,388.75,390,true
2026-07-29 16:38:00,2026-07-29,A_pre_optstopq_fix,GLOBEX_VWAP_MAGNET_LONG,SHADOW,,LONG,27308,30,20,20,333.3,2026-07-28,TARGET_HIT,PRICE_CLEAN,39,0,106,388.75,390,true
2026-07-29 16:39:00,2026-07-29,A_pre_optstopq_fix,VWAP_MAGNET_LONG,SHADOW,,LONG,27327.25,30,20,30,457.5,2026-07-28,STOP_HIT,PRICE_CLEAN,-61,41.5,125.25,369.5,390,true
2026-07-29 16:39:00,2026-07-29,A_pre_optstopq_fix,GLOBEX_VWAP_MAGNET_LONG,SHADOW,,LONG,27327.25,30,20,20,333.3,2026-07-28,STOP_HIT,PRICE_CLEAN,-61,41.5,125.25,369.5,390,true
2026-07-29 16:42:00,2026-07-29,A_pre_optstopq_fix,VWAP_MAGNET_LONG,SHADOW,,LONG,27297,30,20,30,457.5,2026-07-28,TARGET_HIT,PRICE_CLEAN,39,9.5,95,399.75,390,true
2026-07-29 16:42:00,2026-07-29,A_pre_optstopq_fix,GLOBEX_VWAP_MAGNET_LONG,SHADOW,,LONG,27297,30,20,20,333.3,2026-07-28,TARGET_HIT,PRICE_CLEAN,39,9.5,95,399.75,390,true
2026-07-29 16:45:00,2026-07-29,A_pre_optstopq_fix,VWAP_MAGNET_LONG,SHADOW,,LONG,27312.5,30,20,30,457.5,2026-07-28,STOP_HIT,PRICE_CLEAN,-61,38.75,110.5,384.25,390,true
2026-07-29 16:45:00,2026-07-29,A_pre_optstopq_fix,GLOBEX_VWAP_MAGNET_LONG,SHADOW,,LONG,27312.5,30,20,20,333.3,2026-07-28,STOP_HIT,PRICE_CLEAN,-61,38.75,110.5,384.25,390,true
2026-07-29 16:49:00,2026-07-29,A_pre_optstopq_fix,VWAP_MAGNET_LONG,SHADOW,,LONG,27275,30,20,30,457.5,2026-07-28,TARGET_HIT,PRICE_CLEAN,39,8,73,421.75,390,true
2026-07-29 16:49:00,2026-07-29,A_pre_optstopq_fix,GLOBEX_VWAP_MAGNET_LONG,SHADOW,,LONG,27275,30,20,20,333.3,2026-07-28,TARGET_HIT,PRICE_CLEAN,39,8,73,421.75,390,true
2026-07-29 16:51:00,2026-07-29,A_pre_optstopq_fix,VWAP_MAGNET_LONG,SHADOW,,LONG,27287.25,30,20,30,457.5,2026-07-28,TARGET_HIT,PRICE_CLEAN,39,9.25,85.25,409.5,390,true
2026-07-29 16:51:00,2026-07-29,A_pre_optstopq_fix,GLOBEX_VWAP_MAGNET_LONG,SHADOW,,LONG,27287.25,30,20,20,333.3,2026-07-28,TARGET_HIT,PRICE_CLEAN,39,9.25,85.25,409.5,390,true
2026-07-29 16:54:00,2026-07-29,A_pre_optstopq_fix,VWAP_MAGNET_LONG,SHADOW,,LONG,27308,30,20,30,457.5,2026-07-28,STOP_HIT,PRICE_CLEAN,-61,32.25,106,388.75,390,true
2026-07-29 16:54:00,2026-07-29,A_pre_optstopq_fix,GLOBEX_VWAP_MAGNET_LONG,SHADOW,,LONG,27308,30,20,20,333.3,2026-07-28,STOP_HIT,PRICE_CLEAN,-61,32.25,106,388.75,390,true
2026-07-29 16:58:00,2026-07-29,A_pre_optstopq_fix,VWAP_MAGNET_LONG,SHADOW,,LONG,27279.5,30,20,30,457.5,2026-07-28,TIME_EXPIRED,MARK_TO_MARKET,-1,,77.5,417.25,390,true
2026-07-29 16:58:00,2026-07-29,A_pre_optstopq_fix,GLOBEX_VWAP_MAGNET_LONG,SHADOW,,LONG,27279.5,30,20,20,333.3,2026-07-28,STOP_HIT,SAME_BAR_STOP_FIRST,-61,77.5,77.5,417.25,390,true
2026-07-29 18:09:32.470916,2026-07-30,A_pre_optstopq_fix,PD_VAL_FADE_LONG,ACTIVE,,LONG,27419.75,92,40.5,39,149.8,2026-07-28,TARGET_HIT,PRICE_CLEAN,80,0,24.25,277,390,true
2026-07-29 18:53:54.23002,2026-07-30,A_pre_optstopq_fix,GLOBEX_VWAP_FADE_SHORT,SHADOW,PERFORMANCE_BELOW_THRESHOLD,SHORT,27429,10,94,10,94,2026-07-28,STOP_HIT,PRICE_CLEAN,-21,11.5,267.75,8,390,true
2026-07-29 19:32:57.722249,2026-07-30,A_pre_optstopq_fix,PD_POC_FADE_LONG,ACTIVE,,LONG,27550.5,83.125,40.75,29,50,2026-07-28,TARGET_HIT,PRICE_CLEAN,80.5,78.25,129.5,146.25,390,true
2026-07-29 20:07:36.937137,2026-07-30,A_pre_optstopq_fix,PD_POC_FADE_SHORT,ACTIVE,PERFORMANCE_BELOW_THRESHOLD,SHORT,27573.5,82.25,40.75,25,50,2026-07-28,TARGET_HIT,PRICE_CLEAN,80.5,37.5,123.25,152.5,390,true
2026-07-29 23:09:58.611557,2026-07-30,A_pre_optstopq_fix,GLOBEX_VWAP_FADE_LONG,ACTIVE,,LONG,27534,81,60,79,60,2026-07-28,STOP_HIT,PRICE_CLEAN,-163,89,196.5,52,390,true
2026-07-30 08:06:38.576134,2026-07-30,A_pre_optstopq_fix,GLOBEX_VWAP_MAGNET_SHORT,ACTIVE,,SHORT,27752.75,29,295.7999999999993,29,295.8,2026-07-29,STOP_HIT,PRICE_CLEAN,-59,35,493.75,38.75,390,true
2026-07-30 09:34:38.556657,2026-07-30,A_pre_optstopq_fix,FLOOR_R1_FADE_LONG,SHADOW,SUPPRESSED_FADE,LONG,27843.5,69,39,15,35,2026-07-29,TARGET_HIT,PRICE_CLEAN,77,0,0,523.5,390,true
2026-07-30 09:35:44.783561,2026-07-30,A_pre_optstopq_fix,WS1_FADE_SHORT,SHADOW,SUPPRESSED_FADE,SHORT,27871.25,66,47,66,47,2026-07-29,STOP_HIT,PRICE_CLEAN,-133,70,495.75,23.75,390,true
2026-07-30 09:37:41.280065,2026-07-30,A_pre_optstopq_fix,PD_OR_MID_FADE_SHORT,SHADOW,SUPPRESSED_FADE,SHORT,27896.75,79,48,42,50,2026-07-29,STOP_HIT,PRICE_CLEAN,-159,99.75,470.25,47,390,true
2026-07-30 09:42:01.072625,2026-07-30,A_pre_optstopq_fix,WS1_FADE_LONG,SHADOW,SUPPRESSED_FADE,LONG,27881.75,64,44,41,40,2026-07-29,TARGET_HIT,PRICE_CLEAN,87,0,0,485.25,390,true
2026-07-30 09:51:00.7243,2026-07-30,A_pre_optstopq_fix,PD2_VAH_FADE_SHORT,SHADOW,SUPPRESSED_FADE,SHORT,28064.5,91,41,,,,STOP_HIT,PRICE_CLEAN,-183,97.75,306,68.25,390,true
2026-07-30 09:51:41.613582,2026-07-30,A_pre_optstopq_fix,PD_HIGH_FADE_SHORT,SHADOW,SUPPRESSED_FADE,SHORT,28105.5,93,49,37,87.5,2026-07-29,TARGET_HIT,PRICE_CLEAN,97,0,265,109.25,390,true
2026-07-30 09:55:33.977648,2026-07-30,A_pre_optstopq_fix,PD_HIGH_FADE_SHORT,SHADOW,CLUSTER_ALREADY_FIRED,SHORT,28102.5,93,49,37,87.5,2026-07-29,STOP_HIT,PRICE_CLEAN,-187,111.25,268,106.25,390,true
2026-07-30 10:08:37.913764,2026-07-30,A_pre_optstopq_fix,PD_HIGH_FADE_LONG,SHADOW,CASCADE_BREAKER,LONG,28106,104,46,31,50,2026-07-29,TARGET_HIT,PRICE_CLEAN,91,39.25,109.75,308.5,390,true
2026-07-30 10:12:00.464197,2026-07-30,A_pre_optstopq_fix,PD2_VAH_FADE_LONG,SHADOW,CASCADE_BREAKER,LONG,28083.75,91,41,,,,TARGET_HIT,PRICE_CLEAN,81,0.25,87.5,330.75,390,true
2026-07-30 10:28:27.967092,2026-07-30,A_pre_optstopq_fix,PW_LOW_FADE_SHORT,SHADOW,CASCADE_BREAKER,SHORT,28210,86,48,,,,TARGET_HIT,PRICE_CLEAN,95,36.5,204.5,213.75,390,true
2026-07-30 10:29:00,2026-07-30,A_pre_optstopq_fix,GLOBEX_VWAP_MAGNET_SHORT,SHADOW,,SHORT,28226,30,20,29,295.8,2026-07-29,TARGET_HIT,PRICE_CLEAN,39,1,188.5,229.75,390,true
2026-07-30 10:29:00,2026-07-30,A_pre_optstopq_fix,IB_BULLISH,ACTIVE,,LONG,28226,79,32,79,50,2026-07-29,STOP_HIT,PRICE_CLEAN,-159,95.5,229.75,188.5,390,true
2026-07-30 10:29:00,2026-07-30,A_pre_optstopq_fix,VWAP_MAGNET_SHORT,SHADOW,,SHORT,28226,30,20,29,400,2026-07-29,TARGET_HIT,PRICE_CLEAN,39,1,188.5,229.75,390,true
2026-07-30 10:29:47.583889,2026-07-30,A_pre_optstopq_fix,PM_LOW_FADE_SHORT,SHADOW,CLUSTER_ALREADY_FIRED,SHORT,28223.5,85,45,,,,TARGET_HIT,PRICE_CLEAN,89,23,191,227.25,390,true
2026-07-30 10:30:00,2026-07-30,A_pre_optstopq_fix,GLOBEX_VWAP_MAGNET_SHORT,SHADOW,,SHORT,28219.5,30,20,29,295.8,2026-07-29,TARGET_HIT,PRICE_CLEAN,39,27,195,223.25,390,true
2026-07-30 10:31:00,2026-07-30,A_pre_optstopq_fix,VWAP_MAGNET_SHORT,SHADOW,,SHORT,28234,30,20,29,400,2026-07-29,TARGET_HIT,PRICE_CLEAN,39,8.75,180.5,237.75,390,true
2026-07-30 10:36:00,2026-07-30,A_pre_optstopq_fix,VWAP_MAGNET_SHORT,SHADOW,,SHORT,28235.75,30,20,29,400,2026-07-29,TARGET_HIT,PRICE_CLEAN,39,8.75,178.75,239.5,390,true
2026-07-30 10:36:55.300715,2026-07-30,A_pre_optstopq_fix,PW_LOW_FADE_LONG,SHADOW,SUPPRESSED_FADE,LONG,28207.75,130,76,29,80,2026-07-29,STOP_HIT,PRICE_CLEAN,-261,144.75,211.5,206.75,390,true
2026-07-30 10:38:56.997715,2026-07-30,A_pre_optstopq_fix,PM_LOW_FADE_LONG,SHADOW,SUPPRESSED_FADE,LONG,28237.75,85,45,,,,STOP_HIT,PRICE_CLEAN,-171,86.75,241.5,176.75,390,true
2026-07-30 10:43:00,2026-07-30,A_pre_optstopq_fix,GLOBEX_VWAP_MAGNET_SHORT,SHADOW,,SHORT,28184.25,30,20,29,295.8,2026-07-29,TARGET_HIT,PRICE_CLEAN,39,1.5,230.25,188,390,true
2026-07-30 10:44:00,2026-07-30,A_pre_optstopq_fix,GLOBEX_VWAP_MAGNET_SHORT,SHADOW,,SHORT,28175.5,30,20,29,295.8,2026-07-29,TARGET_HIT,PRICE_CLEAN,39,20.5,239,179.25,390,true
2026-07-30 10:46:00,2026-07-30,A_pre_optstopq_fix,GLOBEX_VWAP_MAGNET_SHORT,SHADOW,,SHORT,28161.25,30,20,29,295.8,2026-07-29,TARGET_HIT,PRICE_CLEAN,39,11.75,253.25,165,390,true
2026-07-30 10:48:00,2026-07-30,A_pre_optstopq_fix,GLOBEX_VWAP_MAGNET_SHORT,SHADOW,,SHORT,28159.25,30,20,29,295.8,2026-07-29,TARGET_HIT,PRICE_CLEAN,39,17,255.25,163,390,true
2026-07-30 10:48:00,2026-07-30,A_pre_optstopq_fix,IB_BULLISH,ACTIVE,,LONG,28159,50,35,79,50,2026-07-29,STOP_HIT,PRICE_CLEAN,-101,55.75,162.75,255.5,390,true
2026-07-30 10:51:00,2026-07-30,A_pre_optstopq_fix,GLOBEX_VWAP_MAGNET_SHORT,SHADOW,,SHORT,28123,30,20,29,295.8,2026-07-29,TARGET_HIT,PRICE_CLEAN,39,6,291.5,126.75,390,true
2026-07-30 10:53:00,2026-07-30,A_pre_optstopq_fix,GLOBEX_VWAP_MAGNET_SHORT,SHADOW,,SHORT,28091.25,30,20,29,295.8,2026-07-29,TARGET_HIT,PRICE_CLEAN,39,2,323.25,95,390,true
2026-07-30 10:53:00,2026-07-30,A_pre_optstopq_fix,IB_BULLISH,ACTIVE,,LONG,28091,79,32,79,50,2026-07-29,TARGET_HIT,PRICE_CLEAN,63,78.25,94.75,323.5,390,true
2026-07-30 10:54:00,2026-07-30,A_pre_optstopq_fix,GLOBEX_VWAP_MAGNET_SHORT,SHADOW,,SHORT,28068.5,30,20,29,295.8,2026-07-29,TARGET_HIT,PRICE_CLEAN,39,3,346,72.25,390,true
2026-07-30 10:54:50.43608,2026-07-30,A_pre_optstopq_fix,PD_HIGH_FADE_LONG,SHADOW,CASCADE_BREAKER,LONG,28091.25,104,46,31,50,2026-07-29,TARGET_HIT,PRICE_CLEAN,91,78.5,95,323.25,390,true
2026-07-30 10:55:32.501085,2026-07-30,A_pre_optstopq_fix,PD2_VAH_FADE_LONG,SHADOW,CASCADE_BREAKER,LONG,28068.5,91,41,,,,TARGET_HIT,PRICE_CLEAN,81,55.75,72.25,346,390,true
2026-07-30 10:55:32.504867,2026-07-30,A_pre_optstopq_fix,RTH_VWAP_FADE_LONG,SHADOW,CASCADE_BREAKER,LONG,28068.5,94,42,27,80,2026-07-29,TARGET_HIT,PRICE_CLEAN,83,55.75,72.25,346,390,true
2026-07-30 10:55:37.84697,2026-07-30,A_pre_optstopq_fix,STACK_VOL_BREAK_LIVE_SHORT,SHADOW,NEW_SIGNAL_UNDER_LIVE_EVALUATION,SHORT,28068.5,31,40,,,,TARGET_HIT,BANKED_FAST_ARRIVAL,79,0,346,72.25,390,true
2026-07-30 10:57:00,2026-07-30,A_pre_optstopq_fix,GLOBEX_VWAP_MAGNET_SHORT,SHADOW,,SHORT,28057,30,20,29,295.8,2026-07-29,STOP_HIT,PRICE_CLEAN,-61,37.75,357.5,60.75,390,true
2026-07-30 10:57:50.543659,2026-07-30,A_pre_optstopq_fix,IB_MID_SCALP_FADE_LONG,SHADOW,CASCADE_BREAKER,LONG,28035.25,58,31,26,74,2026-07-29,TARGET_HIT,PRICE_CLEAN,61,0,39,379.25,390,true
2026-07-30 10:59:00,2026-07-30,A_pre_optstopq_fix,C_PAIRED_LONG,SHADOW,,LONG,28071,258,,,,,TIME_EXPIRED,MARK_TO_MARKET,337,,74.75,343.5,390,true
2026-07-30 10:59:00,2026-07-30,A_pre_optstopq_fix,GLOBEX_VWAP_MAGNET_SHORT,SHADOW,,SHORT,28070.75,30,20,29,295.8,2026-07-29,TARGET_HIT,PRICE_CLEAN,39,6.75,343.75,74.5,390,true
2026-07-30 11:01:22.558114,2026-07-30,A_pre_optstopq_fix,PD2_VAH_FADE_SHORT,SHADOW,CASCADE_BREAKER,SHORT,28070.75,91,41,,,,TARGET_HIT,PRICE_CLEAN,81,0,343.75,74.5,390,true
2026-07-30 11:01:22.560404,2026-07-30,A_pre_optstopq_fix,RTH_VWAP_FADE_SHORT,SHADOW,CASCADE_BREAKER,SHORT,28070.75,92,43,53,87.5,2026-07-29,TARGET_HIT,PRICE_CLEAN,85,0,343.75,74.5,390,true
2026-07-30 11:02:00,2026-07-30,A_pre_optstopq_fix,GLOBEX_VWAP_MAGNET_SHORT,SHADOW,,SHORT,28068.75,30,20,29,295.8,2026-07-29,STOP_HIT,PRICE_CLEAN,-61,38,345.75,72.5,390,true
2026-07-30 11:02:02.407487,2026-07-30,A_pre_optstopq_fix,IB_MID_SCALP_FADE_LONG,SHADOW,CASCADE_BREAKER,LONG,28027,58,31,26,74,2026-07-29,TARGET_HIT,PRICE_CLEAN,61,0,30.75,387.5,390,true
2026-07-30 11:03:00,2026-07-30,A_pre_optstopq_fix,GLOBEX_VWAP_MAGNET_SHORT,SHADOW,,SHORT,28103.5,30,20,29,295.8,2026-07-29,TARGET_HIT,PRICE_CLEAN,39,10,311,107.25,390,true
2026-07-30 11:04:00,2026-07-30,A_pre_optstopq_fix,GLOBEX_VWAP_MAGNET_SHORT,SHADOW,,SHORT,28104.25,30,20,29,295.8,2026-07-29,TARGET_HIT,PRICE_CLEAN,39,19,310.25,108,390,true
2026-07-30 11:04:14.102733,2026-07-30,A_pre_optstopq_fix,PD2_VAH_FADE_SHORT,SHADOW,CASCADE_BREAKER,SHORT,28068.75,91,41,,,,TARGET_HIT,PRICE_CLEAN,81,69,345.75,72.5,390,true
2026-07-30 11:04:14.104945,2026-07-30,A_pre_optstopq_fix,RTH_VWAP_FADE_SHORT,SHADOW,CASCADE_BREAKER,SHORT,28068.75,92,43,53,87.5,2026-07-29,TARGET_HIT,PRICE_CLEAN,85,69,345.75,72.5,390,true
2026-07-30 11:04:51.39675,2026-07-30,A_pre_optstopq_fix,PD_HIGH_FADE_SHORT,SHADOW,CASCADE_BREAKER,SHORT,28103.5,93,49,37,87.5,2026-07-29,TARGET_HIT,PRICE_CLEAN,97,34.25,311,107.25,390,true
2026-07-30 11:06:00,2026-07-30,A_pre_optstopq_fix,IB_BULLISH,ACTIVE,,LONG,28095,50,35,79,50,2026-07-29,TARGET_HIT,PRICE_CLEAN,69,40.25,98.75,319.5,390,true
2026-07-30 11:07:00,2026-07-30,A_pre_optstopq_fix,GLOBEX_VWAP_MAGNET_SHORT,SHADOW,,SHORT,28072.25,30,20,29,295.8,2026-07-29,STOP_HIT,PRICE_CLEAN,-61,65.5,342.25,76,390,true
2026-07-30 11:10:00,2026-07-30,A_pre_optstopq_fix,GLOBEX_VWAP_MAGNET_SHORT,SHADOW,,SHORT,28079.75,30,20,29,295.8,2026-07-29,TARGET_HIT,PRICE_CLEAN,39,4,334.75,83.5,390,true
2026-07-30 11:10:00,2026-07-30,A_pre_optstopq_fix,IB_BULLISH,ACTIVE,,LONG,28080,79,32,79,50,2026-07-29,STOP_HIT,PRICE_CLEAN,-159,83.75,83.75,334.5,390,true
2026-07-30 11:11:33.401957,2026-07-30,A_pre_optstopq_fix,PD2_VAH_FADE_LONG,SHADOW,CASCADE_BREAKER,LONG,28079.75,91,41,,,,TARGET_HIT,PRICE_CLEAN,81,83.5,83.5,334.75,390,true
2026-07-30 11:11:33.405736,2026-07-30,A_pre_optstopq_fix,RTH_VWAP_FADE_LONG,SHADOW,CASCADE_BREAKER,LONG,28079.75,94,42,27,80,2026-07-29,TARGET_HIT,PRICE_CLEAN,83,83.5,83.5,334.75,390,true
2026-07-30 11:15:08.583771,2026-07-30,A_pre_optstopq_fix,IB_MID_SCALP_FADE_LONG,SHADOW,CASCADE_BREAKER,LONG,28033,58,31,26,74,2026-07-29,TARGET_HIT,PRICE_CLEAN,61,0,36.75,381.5,390,true
2026-07-30 11:17:57.57414,2026-07-30,A_pre_optstopq_fix,PD2_VAH_FADE_SHORT,SHADOW,CASCADE_BREAKER,SHORT,28054.5,91,41,,,,TARGET_HIT,PRICE_CLEAN,81,45,360,58.25,390,true
2026-07-30 11:18:30.789033,2026-07-30,A_pre_optstopq_fix,IB_MID_SCALP_FADE_LONG,SHADOW,CASCADE_BREAKER,LONG,28029.25,58,31,26,74,2026-07-29,TARGET_HIT,PRICE_CLEAN,61,0,33,385.25,390,true
2026-07-30 11:22:43.640624,2026-07-30,A_pre_optstopq_fix,RTH_VWAP_FADE_SHORT,SHADOW,CASCADE_BREAKER,SHORT,28077.5,92,43,53,87.5,2026-07-29,TARGET_HIT,PRICE_CLEAN,85,0,337,81.25,390,true
2026-07-30 11:26:00,2026-07-30,A_pre_optstopq_fix,IB_BULLISH,ACTIVE,,LONG,28042,79,32,79,50,2026-07-29,TARGET_HIT,PRICE_CLEAN,63,41,41,372.5,390,true
2026-07-30 11:27:45.239898,2026-07-30,A_pre_optstopq_fix,IB_MID_SCALP_FADE_LONG,SHADOW,CASCADE_BREAKER,LONG,28037.5,58,31,26,74,2026-07-29,TARGET_HIT,PRICE_CLEAN,61,36.5,36.5,377,390,true
2026-07-30 11:31:56.984228,2026-07-30,A_pre_optstopq_fix,PD_IB_HIGH_FADE_LONG,SHADOW,CASCADE_BREAKER,LONG,28010.5,83,42,22,40,2026-07-29,TARGET_HIT,PRICE_CLEAN,83,0,0,412.75,390,true
2026-07-30 11:34:01.882015,2026-07-30,A_pre_optstopq_fix,IB_MID_SCALP_FADE_SHORT,SHADOW,CASCADE_BREAKER,SHORT,28038.5,58,31,35,80,2026-07-29,STOP_HIT,PRICE_CLEAN,-117,70,388,2,390,true
2026-07-30 11:35:00,2026-07-30,A_pre_optstopq_fix,IB_BULLISH,ACTIVE,,LONG,28060,79,32,79,50,2026-07-29,TARGET_HIT,PRICE_CLEAN,63,23.5,23.5,366.5,390,true
2026-07-30 11:36:00,2026-07-30,A_pre_optstopq_fix,GLOBEX_VWAP_MAGNET_SHORT,SHADOW,,SHORT,28087.75,30,20,29,295.8,2026-07-29,TARGET_HIT,PRICE_CLEAN,39,0.25,338.75,51.25,390,true
2026-07-30 11:36:16.507008,2026-07-30,A_pre_optstopq_fix,PD2_VAH_FADE_SHORT,SHADOW,CASCADE_BREAKER,SHORT,28072,91,41,,,,STOP_HIT,PRICE_CLEAN,-183,93.75,354.5,35.5,390,true
2026-07-30 11:36:16.515874,2026-07-30,A_pre_optstopq_fix,RTH_VWAP_FADE_SHORT,SHADOW,CASCADE_BREAKER,SHORT,28072,92,43,53,87.5,2026-07-29,STOP_HIT,PRICE_CLEAN,-185,93.75,354.5,35.5,390,true
2026-07-30 11:37:38.665403,2026-07-30,A_pre_optstopq_fix,PD_HIGH_FADE_SHORT,SHADOW,CASCADE_BREAKER,SHORT,28087.75,93,49,37,87.5,2026-07-29,TARGET_HIT,PRICE_CLEAN,97,0,338.75,44.5,390,true
2026-07-30 11:44:00,2026-07-30,A_pre_optstopq_fix,IB_BULLISH,ACTIVE,,LONG,28090,79,32,79,50,2026-07-29,TARGET_HIT,PRICE_CLEAN,63,0,40.75,336.5,390,true
2026-07-30 11:45:00,2026-07-30,A_pre_optstopq_fix,GLOBEX_VWAP_MAGNET_SHORT,SHADOW,,SHORT,28108.75,30,20,29,295.8,2026-07-29,TARGET_HIT,PRICE_CLEAN,39,25,317.75,59.5,390,true
2026-07-30 11:45:21.079791,2026-07-30,A_pre_optstopq_fix,PD_HIGH_FADE_SHORT,SHADOW,CASCADE_BREAKER,SHORT,28088.75,93,49,37,87.5,2026-07-29,STOP_HIT,PRICE_CLEAN,-187,93.5,337.75,39.5,390,true
2026-07-30 11:46:00,2026-07-30,A_pre_optstopq_fix,IB_BULLISH,ACTIVE,,LONG,28124,50,35,79,50,2026-07-29,STOP_HIT,PRICE_CLEAN,-101,74.75,74.75,302.5,390,true
2026-07-30 11:51:00,2026-07-30,A_pre_optstopq_fix,GLOBEX_VWAP_MAGNET_SHORT,SHADOW,,SHORT,28106.5,30,20,29,295.8,2026-07-29,TARGET_HIT,PRICE_CLEAN,39,0,320,52,390,true
2026-07-30 11:51:49.979197,2026-07-30,A_pre_optstopq_fix,PD_HIGH_FADE_LONG,SHADOW,CASCADE_BREAKER,LONG,28089.5,104,46,31,50,2026-07-29,TARGET_HIT,PRICE_CLEAN,91,40.25,35,337,390,true
2026-07-30 11:52:00,2026-07-30,A_pre_optstopq_fix,IB_BULLISH,ACTIVE,,LONG,28068,79,32,79,50,2026-07-29,TARGET_HIT,PRICE_CLEAN,63,4.75,13.5,358.5,390,true
2026-07-30 11:53:52.283544,2026-07-30,A_pre_optstopq_fix,PD2_VAH_FADE_LONG,SHADOW,CASCADE_BREAKER,LONG,28067.75,91,41,,,,TARGET_HIT,PRICE_CLEAN,81,0,13.25,358.75,390,true
2026-07-30 11:53:52.288399,2026-07-30,A_pre_optstopq_fix,RTH_VWAP_FADE_LONG,SHADOW,CASCADE_BREAKER,LONG,28067.75,94,42,27,80,2026-07-29,TARGET_HIT,PRICE_CLEAN,83,0,13.25,358.75,390,true
2026-07-30 11:54:00,2026-07-30,A_pre_optstopq_fix,IB_BULLISH,ACTIVE,,LONG,28108,50,35,79,50,2026-07-29,TARGET_HIT,PRICE_CLEAN,69,49,53.5,318.5,390,true
2026-07-30 11:54:00,2026-07-30,A_pre_optstopq_fix,GLOBEX_VWAP_MAGNET_SHORT,SHADOW,,SHORT,28107.75,30,20,29,295.8,2026-07-29,TARGET_HIT,PRICE_CLEAN,39,23.5,318.75,53.25,390,true
2026-07-30 12:01:51.46244,2026-07-30,A_pre_optstopq_fix,PD2_VAH_FADE_LONG,SHADOW,CASCADE_BREAKER,LONG,28079.5,91,41,,,,TARGET_HIT,PRICE_CLEAN,81,0,25,347,390,true
2026-07-30 12:01:51.467382,2026-07-30,A_pre_optstopq_fix,RTH_VWAP_FADE_LONG,SHADOW,CASCADE_BREAKER,LONG,28079.5,94,42,27,80,2026-07-29,TARGET_HIT,PRICE_CLEAN,83,0,25,347,390,true
2026-07-30 12:02:00,2026-07-30,A_pre_optstopq_fix,GLOBEX_VWAP_MAGNET_SHORT,SHADOW,,SHORT,28114.75,30,20,29,295.8,2026-07-29,STOP_HIT,PRICE_CLEAN,-61,44.25,311.75,60.25,390,true
2026-07-30 12:04:00,2026-07-30,A_pre_optstopq_fix,IB_BULLISH,ACTIVE,,LONG,28150,50,35,79,50,2026-07-29,TARGET_HIT,PRICE_CLEAN,69,14.25,95.5,276.5,390,true
2026-07-30 12:04:00,2026-07-30,A_pre_optstopq_fix,GLOBEX_VWAP_MAGNET_SHORT,SHADOW,,SHORT,28150.25,30,20,29,295.8,2026-07-29,STOP_HIT,PRICE_CLEAN,-61,32,276.25,95.75,390,true
2026-07-30 12:12:00,2026-07-30,A_pre_optstopq_fix,GLOBEX_VWAP_MAGNET_SHORT,SHADOW,,SHORT,28181.75,30,20,29,295.8,2026-07-29,TARGET_HIT,PRICE_CLEAN,39,11,244.75,127.25,390,true
2026-07-30 12:13:00,2026-07-30,A_pre_optstopq_fix,IB_BULLISH,ACTIVE,,LONG,28188,79,32,79,50,2026-07-29,STOP_HIT,PRICE_CLEAN,-159,106,133.5,238.5,390,true
2026-07-30 12:23:00,2026-07-30,A_pre_optstopq_fix,GLOBEX_VWAP_MAGNET_SHORT,SHADOW,,SHORT,28163.5,30,20,29,295.8,2026-07-29,TARGET_HIT,PRICE_CLEAN,39,6.25,276,109,390,true
2026-07-30 12:30:00,2026-07-30,A_pre_optstopq_fix,GLOBEX_VWAP_MAGNET_SHORT,SHADOW,,SHORT,28126.25,30,20,29,295.8,2026-07-29,TARGET_HIT,PRICE_CLEAN,39,15.25,318.75,71.75,390,true
2026-07-30 12:40:00,2026-07-30,A_pre_optstopq_fix,IB_BULLISH,ACTIVE,,LONG,28086,79,32,79,50,2026-07-29,TARGET_HIT,PRICE_CLEAN,63,31.5,31.5,370.25,390,true
2026-07-30 12:41:47.55874,2026-07-30,A_pre_optstopq_fix,STACK_VOL_BREAK_LIVE_SHORT,SHADOW,NEW_SIGNAL_UNDER_LIVE_EVALUATION,SHORT,28086.25,126.29999999999927,40,,,,STOP_HIT,PRICE_CLEAN,-253.6,133.5,370,31.75,390,true
2026-07-30 12:42:20.47683,2026-07-30,A_pre_optstopq_fix,PD_HIGH_FADE_LONG,SHADOW,CASCADE_BREAKER,LONG,28086.25,104,46,31,50,2026-07-29,TARGET_HIT,PRICE_CLEAN,91,31.75,27.75,375.5,390,true
2026-07-30 12:42:20.478984,2026-07-30,A_pre_optstopq_fix,RTH_VWAP_FADE_LONG,SHADOW,CASCADE_BREAKER,LONG,28086.25,94,42,27,80,2026-07-29,TARGET_HIT,PRICE_CLEAN,83,31.75,27.75,375.5,390,true
2026-07-30 12:43:38.757727,2026-07-30,A_pre_optstopq_fix,PD2_VAH_FADE_LONG,SHADOW,CASCADE_BREAKER,LONG,28079.75,91,41,,,,TARGET_HIT,PRICE_CLEAN,81,21.25,13.5,396.75,390,true
2026-07-30 12:47:53.709031,2026-07-30,A_pre_optstopq_fix,PD_HIGH_FADE_SHORT,SHADOW,CASCADE_BREAKER,SHORT,28093,93,49,37,87.5,2026-07-29,STOP_HIT,PRICE_CLEAN,-187,96,385.25,14.75,390,true
2026-07-30 12:47:53.71311,2026-07-30,A_pre_optstopq_fix,RTH_VWAP_FADE_SHORT,SHADOW,CASCADE_BREAKER,SHORT,28093,92,43,53,87.5,2026-07-29,STOP_HIT,PRICE_CLEAN,-185,96,385.25,14.75,390,true
2026-07-30 12:51:00,2026-07-30,A_pre_optstopq_fix,GLOBEX_VWAP_MAGNET_SHORT,SHADOW,,SHORT,28120.5,30,20,29,295.8,2026-07-29,STOP_HIT,PRICE_CLEAN,-61,50,367.5,11,390,true
2026-07-30 12:51:00,2026-07-30,A_pre_optstopq_fix,IB_BULLISH,ACTIVE,,LONG,28121,50,35,79,50,2026-07-29,TARGET_HIT,PRICE_CLEAN,69,11.5,11.5,367,390,true
2026-07-30 13:00:00,2026-07-30,A_pre_optstopq_fix,GLOBEX_VWAP_MAGNET_SHORT,SHADOW,,SHORT,28159.25,30,20,29,295.8,2026-07-29,STOP_HIT,PRICE_CLEAN,-61,32.25,342.25,19.75,390,true
2026-07-30 13:00:00,2026-07-30,A_pre_optstopq_fix,IB_BULLISH,ACTIVE,,LONG,28159,50,35,79,50,2026-07-29,TARGET_HIT,PRICE_CLEAN,69,11,19.5,342.5,390,true
2026-07-30 13:18:00,2026-07-30,A_pre_optstopq_fix,GLOBEX_VWAP_MAGNET_SHORT,SHADOW,,SHORT,28181.5,30,20,29,295.8,2026-07-29,TARGET_HIT,PRICE_CLEAN,39,26.25,328.25,42,390,true
2026-07-30 13:19:00,2026-07-30,A_pre_optstopq_fix,IB_BULLISH,ACTIVE,,LONG,28203,79,32,79,50,2026-07-29,TARGET_HIT,PRICE_CLEAN,63,63.5,63.5,306.75,390,true
2026-07-30 13:20:48.055517,2026-07-30,A_pre_optstopq_fix,PW_LOW_FADE_SHORT,SHADOW,CASCADE_BREAKER,SHORT,28203,86,48,,,,TARGET_HIT,PRICE_CLEAN,95,4.75,306.75,63.5,390,true
2026-07-30 13:33:00,2026-07-30,A_pre_optstopq_fix,GLOBEX_VWAP_MAGNET_SHORT,SHADOW,,SHORT,28166,30,20,29,295.8,2026-07-29,TARGET_HIT,PRICE_CLEAN,39,14.75,386,26.5,390,true
2026-07-30 13:38:00,2026-07-30,A_pre_optstopq_fix,GLOBEX_VWAP_MAGNET_SHORT,SHADOW,,SHORT,28153.25,30,20,29,295.8,2026-07-29,STOP_HIT,PRICE_CLEAN,-61,31.75,416.25,6.25,390,true
2026-07-30 13:42:00,2026-07-30,A_pre_optstopq_fix,GLOBEX_VWAP_MAGNET_SHORT,SHADOW,,SHORT,28173.5,30,20,29,295.8,2026-07-29,STOP_HIT,PRICE_CLEAN,-61,35,396,25,390,true
2026-07-30 13:50:18.866209,2026-07-30,A_pre_optstopq_fix,PW_LOW_FADE_SHORT,SHADOW,CASCADE_BREAKER,SHORT,28199.25,86,48,,,,TARGET_HIT,PRICE_CLEAN,95,9.25,372.75,50.75,390,true
2026-07-30 13:51:00,2026-07-30,A_pre_optstopq_fix,GLOBEX_VWAP_MAGNET_SHORT,SHADOW,,SHORT,28200,30,20,29,295.8,2026-07-29,TARGET_HIT,PRICE_CLEAN,39,1.75,372,51.5,390,true
2026-07-30 13:52:00,2026-07-30,A_pre_optstopq_fix,GLOBEX_VWAP_MAGNET_SHORT,SHADOW,,SHORT,28186.5,30,20,29,295.8,2026-07-29,TARGET_HIT,PRICE_CLEAN,39,1.75,385.5,38,390,true
2026-07-30 13:55:00,2026-07-30,A_pre_optstopq_fix,GLOBEX_VWAP_MAGNET_SHORT,SHADOW,,SHORT,28179,30,20,29,295.8,2026-07-29,TARGET_HIT,PRICE_CLEAN,39,26,393,30.5,390,true
2026-07-30 14:37:00,2026-07-30,A_pre_optstopq_fix,GLOBEX_VWAP_MAGNET_SHORT,SHADOW,,SHORT,28162.75,30,20,29,295.8,2026-07-29,STOP_HIT,PRICE_CLEAN,-61,33,409.25,14.25,390,true
2026-07-30 15:00:00,2026-07-30,A_pre_optstopq_fix,GLOBEX_VWAP_MAGNET_SHORT,SHADOW,,SHORT,28195.25,30,20,29,295.8,2026-07-29,STOP_HIT,PRICE_CLEAN,-61,43.75,376.75,4,390,true
2026-07-30 15:03:53.705563,2026-07-30,A_pre_optstopq_fix,PW_LOW_FADE_SHORT,SHADOW,SUPPRESSED_FADE,SHORT,28201.5,86,48,,,,STOP_HIT,PRICE_CLEAN,-173,95,370.5,6.75,390,true
2026-07-30 15:07:00,2026-07-30,A_pre_optstopq_fix,GLOBEX_VWAP_MAGNET_SHORT,SHADOW,,SHORT,28235.5,30,20,29,295.8,2026-07-29,STOP_HIT,PRICE_CLEAN,-61,45.25,336.5,33,390,true
2026-07-30 15:07:00,2026-07-30,A_pre_optstopq_fix,IB_BULLISH,ACTIVE,,LONG,28236,50,35,79,50,2026-07-29,TARGET_HIT,PRICE_CLEAN,69,2.5,33.5,336,390,true
2026-07-30 15:08:15.888085,2026-07-30,A_pre_optstopq_fix,PM_LOW_FADE_SHORT,SHADOW,SUPPRESSED_FADE,SHORT,28235.5,85,45,,,,TIME_EXPIRED,MARK_TO_MARKET,-10,62.25,336.5,33,390,true
2026-07-30 15:10:00,2026-07-30,A_pre_optstopq_fix,IB_BULLISH,ACTIVE,,LONG,28277,79,32,79,50,2026-07-29,TIME_EXPIRED,MARK_TO_MARKET,-75,74.5,74.5,295,390,true
2026-07-30 15:10:00,2026-07-30,A_pre_optstopq_fix,GLOBEX_VWAP_MAGNET_SHORT,SHADOW,,SHORT,28276.75,30,20,29,295.8,2026-07-29,TARGET_HIT,PRICE_CLEAN,39,21,295.25,74.25,390,true
2026-07-30 15:10:00,2026-07-30,A_pre_optstopq_fix,VWAP_MAGNET_SHORT,SHADOW,,SHORT,28276.75,30,20,29,400,2026-07-29,TARGET_HIT,PRICE_CLEAN,39,21,295.25,74.25,390,true
2026-07-30 15:10:22.309223,2026-07-30,A_pre_optstopq_fix,IB_HIGH_FADE_SHORT,SHADOW,SUPPRESSED_FADE,SHORT,28253.75,54,33,32,35,2026-07-29,TARGET_HIT,PRICE_CLEAN,65,44,318.25,51.25,390,true
2026-07-30 15:13:56.22096,2026-07-30,A_pre_optstopq_fix,5D_OR_MID_FADE_SHORT,SHADOW,CASCADE_BREAKER,SHORT,28291,20,35,14,30,2026-07-29,TARGET_HIT,PRICE_CLEAN,69,6.75,281,88.5,390,true
2026-07-30 15:19:06.221596,2026-07-30,A_pre_optstopq_fix,5D_OR_MID_FADE_LONG,SHADOW,CASCADE_BREAKER,LONG,28285.75,29,35,20,30,2026-07-29,STOP_HIT,PRICE_CLEAN,-59,31,83.25,286.25,390,true
2026-07-30 15:26:00,2026-07-30,A_pre_optstopq_fix,GLOBEX_VWAP_MAGNET_SHORT,SHADOW,,SHORT,28268,30,20,29,295.8,2026-07-29,TARGET_HIT,PRICE_CLEAN,39,2,304,65.5,390,true
2026-07-30 15:29:00,2026-07-30,A_pre_optstopq_fix,GLOBEX_VWAP_MAGNET_SHORT,SHADOW,,SHORT,28244.5,30,20,29,295.8,2026-07-29,TARGET_HIT,PRICE_CLEAN,39,12.75,327.5,42,390,true
2026-07-30 15:31:35.797167,2026-07-30,A_pre_optstopq_fix,IB_HIGH_FADE_LONG,SHADOW,CASCADE_BREAKER,LONG,28244.5,53,35,53,35,2026-07-29,TIME_EXPIRED,MARK_TO_MARKET,-10,42,42,327.5,390,true
2026-07-30 15:33:48.821518,2026-07-30,A_pre_optstopq_fix,PM_LOW_FADE_LONG,SHADOW,CASCADE_BREAKER,LONG,28238.5,85,45,,,,TIME_EXPIRED,MARK_TO_MARKET,2,36,36,333.5,390,true
2026-07-30 15:36:00,2026-07-30,A_pre_optstopq_fix,GLOBEX_VWAP_MAGNET_SHORT,SHADOW,,SHORT,28220.5,30,20,29,295.8,2026-07-29,TIME_EXPIRED,MARK_TO_MARKET,-40,42,351.5,18,390,true
2026-07-30 15:37:59.145088,2026-07-30,A_pre_optstopq_fix,PW_LOW_FADE_LONG,SHADOW,CASCADE_BREAKER,LONG,28220.5,130,76,29,80,2026-07-29,TIME_EXPIRED,MARK_TO_MARKET,38,18,18,351.5,390,true
2026-07-30 15:42:21.232163,2026-07-30,A_pre_optstopq_fix,IB_HIGH_FADE_SHORT,SHADOW,CASCADE_BREAKER,SHORT,28233.75,54,33,32,35,2026-07-29,TIME_EXPIRED,MARK_TO_MARKET,-13.5,28.75,338.25,31.25,390,true
2026-07-30 15:59:00,2026-07-30,A_pre_optstopq_fix,GLOBEX_VWAP_MAGNET_SHORT,SHADOW,,SHORT,28229,30,20,29,295.8,2026-07-29,TARGET_HIT,PRICE_CLEAN,39,14.75,343,13.25,390,true
2026-07-30 15:59:00,2026-07-30,A_pre_optstopq_fix,IB_BULLISH,ACTIVE,,LONG,28229,50,35,79,50,2026-07-29,TARGET_HIT,PRICE_CLEAN,69,23.5,13.25,343,390,true
2026-07-30 15:59:00,2026-07-30,A_pre_optstopq_fix,C_PAIRED_LONG,SHADOW,,LONG,28229,416,,,,,TIME_EXPIRED,MARK_TO_MARKET,458.5,,13.25,343,390,true
2026-07-30 16:00:00,2026-07-30,A_pre_optstopq_fix,GLOBEX_VWAP_MAGNET_SHORT,SHADOW,,SHORT,28220.25,30,20,29,295.8,2026-07-29,STOP_HIT,PRICE_CLEAN,-61,146.75,351.75,0,390,true
2026-07-30 16:00:19.983892,2026-07-30,A_pre_optstopq_fix,PM_LOW_FADE_SHORT,SHADOW,SUPPRESSED_FADE,SHORT,28229,85,45,,,,STOP_HIT,PRICE_CLEAN,-171,138,343,0,390,true
2026-07-30 16:01:00,2026-07-30,A_pre_optstopq_fix,VWAP_MAGNET_SHORT,SHADOW,,SHORT,28334.25,30,20,29,400,2026-07-29,TARGET_HIT,PRICE_CLEAN,39,0.75,237.75,50.25,390,true
2026-07-30 16:01:00,2026-07-30,A_pre_optstopq_fix,IB_BULLISH,ACTIVE,,LONG,28334,79,32,79,50,2026-07-29,TARGET_HIT,PRICE_CLEAN,63,50,50,238,390,true
2026-07-30 16:01:00,2026-07-30,A_pre_optstopq_fix,GLOBEX_VWAP_MAGNET_SHORT,SHADOW,,SHORT,28334.25,30,20,29,295.8,2026-07-29,TARGET_HIT,PRICE_CLEAN,39,0.75,237.75,50.25,390,true
2026-07-30 16:01:52.32779,2026-07-30,A_pre_optstopq_fix,PM_LOW_FADE_LONG,SHADOW,SUPPRESSED_FADE,LONG,28220.25,85,45,,,,TARGET_HIT,PRICE_CLEAN,89,0,0,351.75,390,true
2026-07-30 16:02:00,2026-07-30,A_pre_optstopq_fix,GLOBEX_VWAP_MAGNET_SHORT,SHADOW,,SHORT,28330.25,30,20,29,295.8,2026-07-29,TARGET_HIT,PRICE_CLEAN,39,8.75,241.75,46.25,390,true
2026-07-30 16:02:00,2026-07-30,A_pre_optstopq_fix,VWAP_MAGNET_SHORT,SHADOW,,SHORT,28330.25,30,20,29,400,2026-07-29,TARGET_HIT,PRICE_CLEAN,39,8.75,241.75,46.25,390,true
2026-07-30 16:03:00,2026-07-30,A_pre_optstopq_fix,GLOBEX_VWAP_MAGNET_SHORT,SHADOW,,SHORT,28309.5,30,20,29,295.8,2026-07-29,TARGET_HIT,PRICE_CLEAN,39,27.25,262.5,25.5,390,true
2026-07-30 16:03:00,2026-07-30,A_pre_optstopq_fix,VWAP_MAGNET_SHORT,SHADOW,,SHORT,28309.5,30,20,29,400,2026-07-29,TARGET_HIT,PRICE_CLEAN,39,27.25,262.5,25.5,390,true
2026-07-30 16:04:50.76028,2026-07-30,A_pre_optstopq_fix,5D_OR_MID_FADE_SHORT,SHADOW,CASCADE_BREAKER,SHORT,28309.5,20,35,14,30,2026-07-29,STOP_HIT,PRICE_CLEAN,-41,25.75,262.5,25.5,390,true
2026-07-30 16:07:56.735603,2026-07-30,A_pre_optstopq_fix,5D_OR_MID_FADE_SHORT,SHADOW,CASCADE_BREAKER,SHORT,28304.5,20,35,14,30,2026-07-29,STOP_HIT,PRICE_CLEAN,-41,25.5,267.5,20.5,390,true
2026-07-30 16:10:40.21917,2026-07-30,A_pre_optstopq_fix,5D_OR_MID_FADE_SHORT,SHADOW,CASCADE_BREAKER,SHORT,28300,20,35,14,30,2026-07-29,STOP_HIT,PRICE_CLEAN,-41,26.25,272,14.75,390,true
2026-07-30 16:11:00,2026-07-30,A_pre_optstopq_fix,GLOBEX_VWAP_MAGNET_SHORT,SHADOW,,SHORT,28289.75,30,20,29,295.8,2026-07-29,STOP_HIT,PRICE_CLEAN,-61,36.5,282.25,0,390,true
2026-07-30 16:12:00,2026-07-30,A_pre_optstopq_fix,VWAP_MAGNET_SHORT,SHADOW,,SHORT,28318,30,20,29,400,2026-07-29,STOP_HIT,PRICE_CLEAN,-61,33,254,18,390,true
2026-07-30 16:13:00,2026-07-30,A_pre_optstopq_fix,GLOBEX_VWAP_MAGNET_SHORT,SHADOW,,SHORT,28321,30,20,29,295.8,2026-07-29,STOP_HIT,PRICE_CLEAN,-61,30,251,21,390,true
2026-07-30 16:16:00,2026-07-30,A_pre_optstopq_fix,VWAP_MAGNET_SHORT,SHADOW,,SHORT,28340,30,20,29,400,2026-07-29,STOP_HIT,PRICE_CLEAN,-61,30.5,232,40,390,true
2026-07-30 16:16:00,2026-07-30,A_pre_optstopq_fix,GLOBEX_VWAP_MAGNET_SHORT,SHADOW,,SHORT,28340,30,20,29,295.8,2026-07-29,STOP_HIT,PRICE_CLEAN,-61,30.5,232,40,390,true
2026-07-30 16:20:00,2026-07-30,A_pre_optstopq_fix,VWAP_MAGNET_SHORT,SHADOW,,SHORT,28356.75,30,20,29,400,2026-07-29,STOP_HIT,SAME_BAR_STOP_FIRST,-61,57.75,215.25,56.75,390,true
2026-07-30 16:20:00,2026-07-30,A_pre_optstopq_fix,IB_BULLISH,ACTIVE,,LONG,28357,79,32,79,50,2026-07-29,TARGET_HIT,PRICE_CLEAN,63,46,57,215,390,true
2026-07-30 16:20:00,2026-07-30,A_pre_optstopq_fix,GLOBEX_VWAP_MAGNET_SHORT,SHADOW,,SHORT,28356.75,30,20,29,295.8,2026-07-29,STOP_HIT,SAME_BAR_STOP_FIRST,-61,57.75,215.25,56.75,390,true
2026-07-30 16:21:28.034525,2026-07-30,A_pre_optstopq_fix,FLOOR_R2_FADE_SHORT,SHADOW,CASCADE_BREAKER,SHORT,28354.5,76,48,37,50,2026-07-29,TARGET_HIT,PRICE_CLEAN,95,60,217.5,54.5,390,true
2026-07-30 16:30:00,2026-07-30,A_pre_optstopq_fix,IB_BULLISH,ACTIVE,,LONG,28317,50,35,79,50,2026-07-29,TARGET_HIT,PRICE_CLEAN,69,0,17,255,390,true
2026-07-30 16:30:00,2026-07-30,A_pre_optstopq_fix,VWAP_MAGNET_SHORT,SHADOW,,SHORT,28317,30,20,29,400,2026-07-29,STOP_HIT,PRICE_CLEAN,-61,39.75,255,17,390,true
2026-07-30 16:30:00,2026-07-30,A_pre_optstopq_fix,GLOBEX_VWAP_MAGNET_SHORT,SHADOW,,SHORT,28317,30,20,29,295.8,2026-07-29,STOP_HIT,PRICE_CLEAN,-61,39.75,255,17,390,true
2026-07-30 16:32:00,2026-07-30,A_pre_optstopq_fix,GLOBEX_VWAP_MAGNET_SHORT,SHADOW,,SHORT,28354.25,30,20,29,295.8,2026-07-29,TARGET_HIT,PRICE_CLEAN,39,15,217.75,54.25,390,true
2026-07-30 16:32:00,2026-07-30,A_pre_optstopq_fix,VWAP_MAGNET_SHORT,SHADOW,,SHORT,28354.25,30,20,29,400,2026-07-29,TARGET_HIT,PRICE_CLEAN,39,15,217.75,54.25,390,true
2026-07-30 16:32:00,2026-07-30,A_pre_optstopq_fix,IB_BULLISH,ACTIVE,,LONG,28354,79,32,79,50,2026-07-29,SESSION_CLOSED,,,,54,218,390,true
2026-07-30 16:36:00,2026-07-30,A_pre_optstopq_fix,VWAP_MAGNET_SHORT,SHADOW,,SHORT,28335.5,30,20,29,400,2026-07-29,TIME_EXPIRED,MARK_TO_MARKET,-3,29,236.5,35.5,390,true
2026-07-30 16:36:00,2026-07-30,A_pre_optstopq_fix,GLOBEX_VWAP_MAGNET_SHORT,SHADOW,,SHORT,28335.5,30,20,29,295.8,2026-07-29,TARGET_HIT,PRICE_CLEAN,39,29,236.5,35.5,390,true
2026-07-30 18:03:33.00094,2026-07-31,A_pre_optstopq_fix,3M_VAL_FADE_SHORT_OVERNIGHT,SHADOW,NEW_SIGNAL_UNDER_LIVE_EVALUATION,SHORT,28403.75,90,40,,,,TARGET_HIT,PRICE_CLEAN,79,6,168.25,72.75,390,true
2026-07-30 19:11:07.191404,2026-07-31,A_pre_optstopq_fix,GLOBEX_VWAP_FADE_SHORT,SHADOW,PERFORMANCE_BELOW_THRESHOLD,SHORT,28393.25,10,95.79999999999927,10,95.8,2026-07-29,STOP_HIT,PRICE_CLEAN,-21,23.25,192.5,31,390,true
2026-07-30 19:17:39.082686,2026-07-31,A_pre_optstopq_fix,GLOBEX_VWAP_FADE_LONG,ACTIVE,,LONG,28377.25,81,60,81,60,2026-07-29,TARGET_HIT,PRICE_CLEAN,119,15,15,208.5,390,true
2026-07-31 08:01:09.598729,2026-07-31,A_pre_optstopq_fix,10D_IB_MID_FADE_SHORT_OVERNIGHT,SHADOW,NEW_SIGNAL_UNDER_LIVE_EVALUATION,SHORT,28532,90,40,,,,TARGET_HIT,PRICE_CLEAN,79,0,193.75,452.25,390,true
2026-07-31 09:37:46.480241,2026-07-31,A_pre_optstopq_fix,OR_HIGH_FADE_SHORT,SHADOW,SUPPRESSED_FADE,SHORT,28709.25,78,43,31,50,2026-07-30,TARGET_HIT,PRICE_CLEAN,85,0,0,629.5,390,true
2026-07-31 09:39:37.532887,2026-07-31,A_pre_optstopq_fix,WPP_FADE_LONG,SHADOW,SUPPRESSED_FADE,LONG,28605.5,59,38,36,60,2026-07-30,STOP_HIT,PRICE_CLEAN,-119,89,525.75,0,390,true
2026-07-31 09:40:44.196572,2026-07-31,A_pre_optstopq_fix,PW_VAL_FADE_LONG,SHADOW,SUPPRESSED_FADE,LONG,28561,112,71,57,70,2026-07-30,STOP_HIT,PRICE_CLEAN,-225,125.75,481.25,0,390,true
2026-07-31 09:41:20.493133,2026-07-31,A_pre_optstopq_fix,PM_VAL_FADE_LONG,SHADOW,SUPPRESSED_FADE,LONG,28537.25,70,45,,,,STOP_HIT,PRICE_CLEAN,-141,102,457.5,0,390,true
2026-07-31 09:46:00.311256,2026-07-31,A_pre_optstopq_fix,FLOOR_R1_FADE_LONG,SHADOW,CASCADE_BREAKER,LONG,28419,68,39,15,35,2026-07-30,STOP_HIT,PRICE_CLEAN,-137,89.25,339.25,105,390,true
2026-07-31 09:46:00.319149,2026-07-31,A_pre_optstopq_fix,3M_VAL_FADE_LONG,SHADOW,CASCADE_BREAKER,LONG,28419,94,46,,,,STOP_HIT,PRICE_CLEAN,-189,99.25,339.25,105,390,true
2026-07-31 09:49:47.965777,2026-07-31,A_pre_optstopq_fix,CAM_R3_FADE_LONG,SHADOW,CASCADE_BREAKER,LONG,28350.5,81,42,25,40,2026-07-30,TARGET_HIT,PRICE_CLEAN,83,32.5,270.75,173.5,390,true
2026-07-31 09:55:39.173827,2026-07-31,A_pre_optstopq_fix,CAM_R2_FADE_LONG,SHADOW,CASCADE_BREAKER,LONG,28323,73,40,25,40,2026-07-30,TARGET_HIT,PRICE_CLEAN,79,0,243.25,201,390,true
2026-07-31 09:57:35.563421,2026-07-31,A_pre_optstopq_fix,CAM_R3_FADE_SHORT,SHADOW,CASCADE_BREAKER,SHORT,28361.75,79,42,79,40,2026-07-30,TARGET_HIT,PRICE_CLEAN,83,31.25,162.25,282,390,true
2026-07-31 10:03:13.731451,2026-07-31,A_pre_optstopq_fix,CAM_R2_FADE_LONG,SHADOW,CASCADE_BREAKER,LONG,28323.5,73,40,25,40,2026-07-30,STOP_HIT,PRICE_CLEAN,-147,83.75,243.75,200.5,390,true
2026-07-31 10:03:51.02571,2026-07-31,A_pre_optstopq_fix,PD_HIGH_FADE_LONG,SHADOW,CASCADE_BREAKER,LONG,28287.5,104,47,42,50,2026-07-30,STOP_HIT,PRICE_CLEAN,-209,128,207.75,236.5,390,true
2026-07-31 10:03:51.032202,2026-07-31,A_pre_optstopq_fix,ONL_FADE_LONG,SHADOW,CASCADE_BREAKER,LONG,28287.5,122,60,46,60,2026-07-30,STOP_HIT,PRICE_CLEAN,-245,128,207.75,236.5,390,true
2026-07-31 10:03:51.035994,2026-07-31,A_pre_optstopq_fix,CAM_R1_FADE_LONG,SHADOW,CASCADE_BREAKER,LONG,28287.5,68,41,24,40,2026-07-30,STOP_HIT,PRICE_CLEAN,-137,76.5,207.75,236.5,390,true
2026-07-31 10:05:46.21851,2026-07-31,A_pre_optstopq_fix,PD_CLOSE_FADE_LONG,SHADOW,CASCADE_BREAKER,LONG,28242.5,123,54,32,60,2026-07-30,STOP_HIT,PRICE_CLEAN,-247,140.5,162.75,281.5,390,true
2026-07-31 10:05:46.222133,2026-07-31,A_pre_optstopq_fix,PD_IB_HIGH_FADE_LONG,SHADOW,CASCADE_BREAKER,LONG,28242.5,83,42,83,40,2026-07-30,STOP_HIT,PRICE_CLEAN,-167,83,162.75,281.5,390,true
2026-07-31 10:07:49.79532,2026-07-31,A_pre_optstopq_fix,PD_VAH_FADE_LONG,SHADOW,CASCADE_BREAKER,LONG,28212.25,68,42,30,40,2026-07-30,STOP_HIT,PRICE_CLEAN,-137,88.25,132.5,311.75,390,true
2026-07-31 10:07:49.799071,2026-07-31,A_pre_optstopq_fix,5D_OR_MID_FADE_LONG,SHADOW,CASCADE_BREAKER,LONG,28212.25,30,34,21,30,2026-07-30,STOP_HIT,PRICE_CLEAN,-61,88.25,132.5,311.75,390,true
2026-07-31 10:07:49.802267,2026-07-31,A_pre_optstopq_fix,PW_LOW_FADE_LONG,SHADOW,CASCADE_BREAKER,LONG,28212.25,130,76,33,80,2026-07-30,STOP_HIT,PRICE_CLEAN,-261,132.5,132.5,311.75,390,true
2026-07-31 10:09:07.772263,2026-07-31,A_pre_optstopq_fix,PD_POC_FADE_LONG_TRAIL,SHADOW,CASCADE_BREAKER,LONG,28190.25,88,41,,,,STOP_HIT,PRICE_CLEAN,-177,88.25,110.5,333.75,390,true
2026-07-31 10:09:07.776128,2026-07-31,A_pre_optstopq_fix,CAM_S1_FADE_LONG,SHADOW,CASCADE_BREAKER,LONG,28190.25,79,43,21,40,2026-07-30,STOP_HIT,PRICE_CLEAN,-159,88.25,110.5,333.75,390,true
2026-07-31 10:10:19.910357,2026-07-31,A_pre_optstopq_fix,CAM_S2_FADE_LONG_TRAIL,SHADOW,CASCADE_BREAKER,LONG,28149.25,81,43,,,,TARGET_HIT,PRICE_CLEAN,85,69.5,69.5,374.75,390,true
2026-07-31 10:12:26.066915,2026-07-31,A_pre_optstopq_fix,FLOOR_PIVOT_FADE_LONG,SHADOW,CASCADE_BREAKER,LONG,28127.5,81,52,56,50,2026-07-30,TARGET_HIT,PRICE_CLEAN,103,47.75,47.75,396.5,390,true
2026-07-31 10:12:57.099313,2026-07-31,A_pre_optstopq_fix,PD_POC_FADE_LONG_TRAIL,SHADOW,CASCADE_BREAKER,LONG,28169.75,88,41,,,,STOP_HIT,PRICE_CLEAN,-177,90,90,354.25,390,true
2026-07-31 10:12:57.104531,2026-07-31,A_pre_optstopq_fix,CAM_S1_FADE_LONG,SHADOW,CASCADE_BREAKER,LONG,28169.75,79,43,21,40,2026-07-30,STOP_HIT,PRICE_CLEAN,-159,90,90,354.25,390,true
2026-07-31 10:19:26.014267,2026-07-31,A_pre_optstopq_fix,PD_POC_FADE_SHORT,SHADOW,CASCADE_BREAKER,SHORT,28194.75,76,45,40,210,2026-07-30,STOP_HIT,PRICE_CLEAN,-153,87,329.25,79.25,390,true
2026-07-31 10:19:26.018553,2026-07-31,A_pre_optstopq_fix,CAM_S1_FADE_SHORT,SHADOW,CASCADE_BREAKER,SHORT,28194.75,77,46,33,50,2026-07-30,STOP_HIT,PRICE_CLEAN,-155,87,329.25,79.25,390,true
2026-07-31 10:21:29.608643,2026-07-31,A_pre_optstopq_fix,PD_VAH_FADE_SHORT,SHADOW,CASCADE_BREAKER,SHORT,28224,68,43,32,40,2026-07-30,TARGET_HIT,PRICE_CLEAN,85,24,300,108.5,390,true
2026-07-31 10:21:29.611412,2026-07-31,A_pre_optstopq_fix,5D_OR_MID_FADE_SHORT,SHADOW,CASCADE_BREAKER,SHORT,28224,26,35,17,30,2026-07-30,TARGET_HIT,PRICE_CLEAN,69,24,300,108.5,390,true
2026-07-31 10:21:29.61376,2026-07-31,A_pre_optstopq_fix,PD_CLOSE_FADE_SHORT,SHADOW,CASCADE_BREAKER,SHORT,28224,115,56,38,60,2026-07-30,TARGET_HIT,PRICE_CLEAN,111,24,300,108.5,390,true
2026-07-31 10:21:29.617051,2026-07-31,A_pre_optstopq_fix,PW_LOW_FADE_SHORT,SHADOW,CASCADE_BREAKER,SHORT,28224,83,75,83,75,2026-07-30,STOP_HIT,PRICE_CLEAN,-167,93.5,300,108.5,390,true
2026-07-31 10:23:39.472959,2026-07-31,A_pre_optstopq_fix,PD_IB_HIGH_FADE_SHORT,SHADOW,CASCADE_BREAKER,SHORT,28236.5,75,45,32,69.5,2026-07-30,TARGET_HIT,PRICE_CLEAN,89,0,287.5,121,390,true
2026-07-31 10:27:08.593543,2026-07-31,A_pre_optstopq_fix,PD_POC_FADE_LONG_TRAIL,SHADOW,CASCADE_BREAKER,LONG,28195.25,88,41,,,,TARGET_HIT,PRICE_CLEAN,81,0,79.75,328.75,390,true
2026-07-31 10:27:08.595691,2026-07-31,A_pre_optstopq_fix,CAM_S1_FADE_LONG,SHADOW,CASCADE_BREAKER,LONG,28195.25,79,43,21,40,2026-07-30,TARGET_HIT,PRICE_CLEAN,85,0,79.75,328.75,390,true
2026-07-31 10:28:00,2026-07-31,A_pre_optstopq_fix,IB_BEARISH,ACTIVE,,SHORT,28252,79,45,53,50,2026-07-30,STOP_HIT,PRICE_CLEAN,-159,86.75,272,136.5,390,true
2026-07-31 10:29:03.530731,2026-07-31,A_pre_optstopq_fix,PD_VAH_FADE_LONG,SHADOW,CASCADE_BREAKER,LONG,28225.5,68,42,30,40,2026-07-30,TARGET_HIT,PRICE_CLEAN,83,0,110,404.5,390,true
2026-07-31 10:29:03.53335,2026-07-31,A_pre_optstopq_fix,5D_OR_MID_FADE_LONG,SHADOW,CASCADE_BREAKER,LONG,28225.5,30,34,21,30,2026-07-30,TARGET_HIT,PRICE_CLEAN,67,0,110,404.5,390,true
2026-07-31 10:29:03.535675,2026-07-31,A_pre_optstopq_fix,PD_CLOSE_FADE_LONG,SHADOW,CASCADE_BREAKER,LONG,28225.5,123,54,32,60,2026-07-30,TARGET_HIT,PRICE_CLEAN,107,0,110,404.5,390,true
2026-07-31 10:29:03.537765,2026-07-31,A_pre_optstopq_fix,PD_IB_HIGH_FADE_LONG,SHADOW,CASCADE_BREAKER,LONG,28225.5,83,42,83,40,2026-07-30,TARGET_HIT,PRICE_CLEAN,83,0,110,404.5,390,true
2026-07-31 10:29:03.539696,2026-07-31,A_pre_optstopq_fix,PW_LOW_FADE_LONG,SHADOW,CASCADE_BREAKER,LONG,28225.5,130,76,33,80,2026-07-30,TARGET_HIT,PRICE_CLEAN,151,13.75,110,404.5,390,true
2026-07-31 10:30:38.340557,2026-07-31,A_pre_optstopq_fix,PD_IB_HIGH_FADE_SHORT,SHADOW,CASCADE_BREAKER,SHORT,28251.5,75,45,32,69.5,2026-07-30,STOP_HIT,PRICE_CLEAN,-151,87.25,378.5,136,390,true
2026-07-31 10:35:36.314299,2026-07-31,A_pre_optstopq_fix,PD_VAH_FADE_LONG,SHADOW,CASCADE_BREAKER,LONG,28230,68,42,30,40,2026-07-30,TARGET_HIT,PRICE_CLEAN,83,0,114.5,400,390,true
2026-07-31 10:35:36.319554,2026-07-31,A_pre_optstopq_fix,PD_CLOSE_FADE_LONG,SHADOW,CASCADE_BREAKER,LONG,28230,123,54,32,60,2026-07-30,TARGET_HIT,PRICE_CLEAN,107,0,114.5,400,390,true
2026-07-31 10:35:36.322602,2026-07-31,A_pre_optstopq_fix,PD_IB_HIGH_FADE_LONG,SHADOW,CASCADE_BREAKER,LONG,28230,83,42,83,40,2026-07-30,TARGET_HIT,PRICE_CLEAN,83,0,114.5,400,390,true
2026-07-31 10:36:22.584258,2026-07-31,A_pre_optstopq_fix,CAM_R1_FADE_SHORT,SHADOW,CASCADE_BREAKER,SHORT,28281,68,40,24,40,2026-07-30,TARGET_HIT,PRICE_CLEAN,79,15,349,165.5,390,true
2026-07-31 10:42:00.177856,2026-07-31,A_pre_optstopq_fix,PD_HIGH_FADE_SHORT,SHADOW,CASCADE_BREAKER,SHORT,28286,95,49,37,50,2026-07-30,TARGET_HIT,PRICE_CLEAN,97,0,355.25,170.5,390,true
2026-07-31 10:42:00.183281,2026-07-31,A_pre_optstopq_fix,ONL_FADE_SHORT,SHADOW,CASCADE_BREAKER,SHORT,28286,119,62,119,62,2026-07-30,TARGET_HIT,PRICE_CLEAN,123,0,355.25,170.5,390,true
2026-07-31 10:42:41.895127,2026-07-31,A_pre_optstopq_fix,PD_IB_HIGH_FADE_LONG,SHADOW,CASCADE_BREAKER,LONG,28249,83,42,83,40,2026-07-30,TARGET_HIT,PRICE_CLEAN,83,25.25,133.5,392.25,390,true
2026-07-31 10:44:06.349208,2026-07-31,A_pre_optstopq_fix,PD_CLOSE_FADE_LONG,SHADOW,CASCADE_BREAKER,LONG,28237.25,123,54,32,60,2026-07-30,TARGET_HIT,PRICE_CLEAN,107,0.25,121.75,404,390,true
2026-07-31 10:44:49.92678,2026-07-31,A_pre_optstopq_fix,CAM_R1_FADE_LONG,SHADOW,CASCADE_BREAKER,LONG,28259,68,41,24,40,2026-07-30,TARGET_HIT,PRICE_CLEAN,81,22,143.5,382.25,390,true
2026-07-31 10:48:37.495647,2026-07-31,A_pre_optstopq_fix,CAM_R1_FADE_SHORT,SHADOW,CASCADE_BREAKER,SHORT,28274.75,68,40,24,40,2026-07-30,STOP_HIT,PRICE_CLEAN,-137,68,366.5,159.25,390,true
2026-07-31 10:49:00,2026-07-31,A_pre_optstopq_fix,IB_BEARISH,ACTIVE,,SHORT,28333,50,35,53,50,2026-07-30,TARGET_HIT,PRICE_CLEAN,69,12.5,308.25,217.5,390,true
2026-07-31 10:50:03.262946,2026-07-31,A_pre_optstopq_fix,CAM_R2_FADE_SHORT,SHADOW,CASCADE_BREAKER,SHORT,28317,70,41,70,50,2026-07-30,TARGET_HIT,PRICE_CLEAN,81,28.5,324.25,201.5,390,true
2026-07-31 10:51:31.626333,2026-07-31,A_pre_optstopq_fix,RTH_VWAP_FADE_SHORT,SHADOW,CASCADE_BREAKER,SHORT,28332.5,92,43,35,87.5,2026-07-30,TARGET_HIT,PRICE_CLEAN,85,13,308.75,217,390,true
2026-07-31 10:54:00,2026-07-31,A_pre_optstopq_fix,IB_BEARISH,ACTIVE,,SHORT,28298,50,35,53,50,2026-07-30,TARGET_HIT,PRICE_CLEAN,69,24,343.25,182.5,390,true
2026-07-31 10:55:46.089128,2026-07-31,A_pre_optstopq_fix,PD_HIGH_FADE_LONG,SHADOW,CASCADE_BREAKER,LONG,28298.25,104,47,42,50,2026-07-30,STOP_HIT,PRICE_CLEAN,-209,105,182.75,343,390,true
2026-07-31 10:55:46.091797,2026-07-31,A_pre_optstopq_fix,ONL_FADE_LONG,SHADOW,CASCADE_BREAKER,LONG,28298.25,122,60,46,60,2026-07-30,STOP_HIT,PRICE_CLEAN,-245,124.75,182.75,343,390,true
2026-07-31 10:56:00,2026-07-31,A_pre_optstopq_fix,IB_BEARISH,ACTIVE,,SHORT,28313,79,45,53,50,2026-07-30,TARGET_HIT,PRICE_CLEAN,89,29.25,328.25,197.5,390,true
2026-07-31 10:57:05.671738,2026-07-31,A_pre_optstopq_fix,CAM_R1_FADE_LONG,SHADOW,CASCADE_BREAKER,LONG,28276.5,68,41,24,40,2026-07-30,TARGET_HIT,PRICE_CLEAN,81,0,161,364.75,390,true
2026-07-31 10:58:00.065004,2026-07-31,A_pre_optstopq_fix,CAM_R2_FADE_LONG,SHADOW,CASCADE_BREAKER,LONG,28313.25,73,40,25,40,2026-07-30,STOP_HIT,PRICE_CLEAN,-147,89.25,197.75,328,390,true
2026-07-31 10:59:00,2026-07-31,A_pre_optstopq_fix,C_PAIRED_SHORT,SHADOW,,SHORT,28308,402,288,,,,TIME_EXPIRED,MARK_TO_MARKET,-302.5,216,333.25,192.5,390,true
2026-07-31 11:00:45.75774,2026-07-31,A_pre_optstopq_fix,PD_HIGH_FADE_SHORT,SHADOW,CASCADE_BREAKER,SHORT,28307.5,95,49,37,50,2026-07-30,TARGET_HIT,PRICE_CLEAN,97,34.75,333.75,192,390,true
2026-07-31 11:00:45.760373,2026-07-31,A_pre_optstopq_fix,ONL_FADE_SHORT,SHADOW,CASCADE_BREAKER,SHORT,28307.5,119,62,119,62,2026-07-30,TARGET_HIT,PRICE_CLEAN,123,34.75,333.75,192,390,true
2026-07-31 11:00:45.762466,2026-07-31,A_pre_optstopq_fix,CAM_R2_FADE_SHORT,SHADOW,CASCADE_BREAKER,SHORT,28307.5,70,41,70,50,2026-07-30,TARGET_HIT,PRICE_CLEAN,81,34.75,333.75,192,390,true
2026-07-31 11:01:58.879024,2026-07-31,A_pre_optstopq_fix,CAM_R1_FADE_SHORT,SHADOW,CASCADE_BREAKER,SHORT,28285.75,68,40,24,40,2026-07-30,TARGET_HIT,PRICE_CLEAN,79,56.5,355.5,170.25,390,true
2026-07-31 11:05:37.008048,2026-07-31,A_pre_optstopq_fix,CAM_R1_FADE_LONG,SHADOW,CASCADE_BREAKER,LONG,28288.25,68,41,24,40,2026-07-30,STOP_HIT,PRICE_CLEAN,-137,73.5,172.75,353,390,true
2026-07-31 11:09:00,2026-07-31,A_pre_optstopq_fix,IB_BEARISH,ACTIVE,,SHORT,28277,79,45,53,50,2026-07-30,TARGET_HIT,PRICE_CLEAN,89,8.75,364.25,161.5,390,true
2026-07-31 11:11:00,2026-07-31,A_pre_optstopq_fix,IB_BEARISH,ACTIVE,,SHORT,28232,50,35,53,50,2026-07-30,STOP_HIT,PRICE_CLEAN,-101,67.75,409.25,116.5,390,true
2026-07-31 11:12:50.718694,2026-07-31,A_pre_optstopq_fix,PD_CLOSE_FADE_LONG,SHADOW,CASCADE_BREAKER,LONG,28231.5,123,54,32,60,2026-07-30,TARGET_HIT,PRICE_CLEAN,107,0,116,409.75,390,true
2026-07-31 11:12:50.722095,2026-07-31,A_pre_optstopq_fix,PD_IB_HIGH_FADE_LONG,SHADOW,CASCADE_BREAKER,LONG,28231.5,83,42,83,40,2026-07-30,TARGET_HIT,PRICE_CLEAN,83,0,116,409.75,390,true
2026-07-31 11:14:00,2026-07-31,A_pre_optstopq_fix,IB_BEARISH,ACTIVE,,SHORT,28269,50,35,53,50,2026-07-30,STOP_HIT,PRICE_CLEAN,-101,70.25,372.25,153.5,390,true
2026-07-31 11:14:11.480143,2026-07-31,A_pre_optstopq_fix,CAM_R1_FADE_LONG,SHADOW,CASCADE_BREAKER,LONG,28266,68,41,24,40,2026-07-30,TARGET_HIT,PRICE_CLEAN,81,0,150.5,375.25,390,true
2026-07-31 11:15:00,2026-07-31,A_pre_optstopq_fix,IB_BEARISH,ACTIVE,,SHORT,28307,50,35,53,50,2026-07-30,TARGET_HIT,PRICE_CLEAN,69,2.75,334.25,191.5,390,true
2026-07-31 11:16:00,2026-07-31,A_pre_optstopq_fix,IB_BEARISH,ACTIVE,,SHORT,28259,79,45,53,50,2026-07-30,TARGET_HIT,PRICE_CLEAN,89,12.75,382.25,143.5,390,true
2026-07-31 11:17:06.488667,2026-07-31,A_pre_optstopq_fix,PD_HIGH_FADE_SHORT,SHADOW,CASCADE_BREAKER,SHORT,28307,95,49,37,50,2026-07-30,TARGET_HIT,PRICE_CLEAN,97,0,334.25,191.5,390,true
2026-07-31 11:17:06.492131,2026-07-31,A_pre_optstopq_fix,ONL_FADE_SHORT,SHADOW,CASCADE_BREAKER,SHORT,28307,119,62,119,62,2026-07-30,TARGET_HIT,PRICE_CLEAN,123,0,334.25,191.5,390,true
2026-07-31 11:17:06.495147,2026-07-31,A_pre_optstopq_fix,CAM_R2_FADE_SHORT,SHADOW,CASCADE_BREAKER,SHORT,28307,70,41,70,50,2026-07-30,TARGET_HIT,PRICE_CLEAN,81,0,334.25,191.5,390,true
2026-07-31 11:17:48.885829,2026-07-31,A_pre_optstopq_fix,CAM_R1_FADE_SHORT,SHADOW,CASCADE_BREAKER,SHORT,28259.25,68,40,24,40,2026-07-30,TARGET_HIT,PRICE_CLEAN,79,12.5,382,143.75,390,true
2026-07-31 11:19:01.970992,2026-07-31,A_pre_optstopq_fix,PD_IB_HIGH_FADE_LONG,SHADOW,CASCADE_BREAKER,LONG,28253.25,83,42,83,40,2026-07-30,STOP_HIT,PRICE_CLEAN,-167,121,137.75,388,390,true
2026-07-31 11:20:38.169036,2026-07-31,A_pre_optstopq_fix,CAM_R1_FADE_LONG,SHADOW,CASCADE_BREAKER,LONG,28258.5,68,41,24,40,2026-07-30,STOP_HIT,PRICE_CLEAN,-137,85,143,382.75,390,true
2026-07-31 11:22:00,2026-07-31,A_pre_optstopq_fix,IB_BEARISH,ACTIVE,,SHORT,28214,79,45,53,50,2026-07-30,TARGET_HIT,PRICE_CLEAN,89,11,427.25,98.5,390,true
2026-07-31 11:23:26.60352,2026-07-31,A_pre_optstopq_fix,PD_VAH_FADE_LONG,SHADOW,CASCADE_BREAKER,LONG,28222.25,68,42,30,40,2026-07-30,STOP_HIT,PRICE_CLEAN,-137,90,106.75,419,390,true
2026-07-31 11:23:26.608494,2026-07-31,A_pre_optstopq_fix,5D_OR_MID_FADE_LONG,SHADOW,CASCADE_BREAKER,LONG,28222.25,30,34,21,30,2026-07-30,STOP_HIT,PRICE_CLEAN,-61,48.75,106.75,419,390,true
2026-07-31 11:23:26.611119,2026-07-31,A_pre_optstopq_fix,PD_CLOSE_FADE_LONG,SHADOW,CASCADE_BREAKER,LONG,28222.25,123,54,32,60,2026-07-30,TARGET_HIT,PRICE_CLEAN,107,106.75,106.75,419,390,true
2026-07-31 11:23:26.613836,2026-07-31,A_pre_optstopq_fix,PW_LOW_FADE_LONG,SHADOW,CASCADE_BREAKER,LONG,28222.25,130,76,33,80,2026-07-30,TARGET_HIT,PRICE_CLEAN,151,106.75,106.75,419,390,true
2026-07-31 11:25:38.644344,2026-07-31,A_pre_optstopq_fix,PD_POC_FADE_LONG_TRAIL,SHADOW,CASCADE_BREAKER,LONG,28195.25,88,41,,,,TARGET_HIT,PRICE_CLEAN,81,79.75,79.75,446,390,true
2026-07-31 11:25:38.648125,2026-07-31,A_pre_optstopq_fix,CAM_S1_FADE_LONG,SHADOW,CASCADE_BREAKER,LONG,28195.25,79,43,21,40,2026-07-30,STOP_HIT,PRICE_CLEAN,-159,79.75,79.75,446,390,true
2026-07-31 11:26:00,2026-07-31,A_pre_optstopq_fix,VWAP_MAGNET_LONG,SHADOW,,LONG,28142.25,30,20,30,454.3,2026-07-30,TARGET_HIT,PRICE_CLEAN,39,20,26.75,499,390,true
2026-07-31 11:26:00,2026-07-31,A_pre_optstopq_fix,GLOBEX_VWAP_MAGNET_LONG,SHADOW,,LONG,28142.25,30,20,20,335.5,2026-07-30,TARGET_HIT,PRICE_CLEAN,39,20,26.75,499,390,true
2026-07-31 11:26:00,2026-07-31,A_pre_optstopq_fix,IB_BEARISH,ACTIVE,,SHORT,28142,79,45,53,50,2026-07-30,STOP_HIT,PRICE_CLEAN,-159,79.5,499.25,26.5,390,true
2026-07-31 11:27:34.207804,2026-07-31,A_pre_optstopq_fix,CAM_S2_FADE_LONG_TRAIL,SHADOW,CASCADE_BREAKER,LONG,28142.25,81,43,,,,TARGET_HIT,PRICE_CLEAN,85,26.75,26.75,499,390,true
2026-07-31 11:29:00,2026-07-31,A_pre_optstopq_fix,VWAP_MAGNET_LONG,SHADOW,,LONG,28151.25,30,20,30,454.3,2026-07-30,TARGET_HIT,PRICE_CLEAN,39,12.5,35.75,490,390,true
2026-07-31 11:29:00,2026-07-31,A_pre_optstopq_fix,GLOBEX_VWAP_MAGNET_LONG,SHADOW,,LONG,28151.25,30,20,20,335.5,2026-07-30,TARGET_HIT,PRICE_CLEAN,39,12.5,35.75,490,390,true
2026-07-31 11:31:00,2026-07-31,A_pre_optstopq_fix,GLOBEX_VWAP_MAGNET_LONG,SHADOW,,LONG,28150.5,30,20,20,335.5,2026-07-30,STOP_HIT,SAME_BAR_STOP_FIRST,-61,35,35,490.75,390,true
2026-07-31 11:31:00,2026-07-31,A_pre_optstopq_fix,VWAP_MAGNET_LONG,SHADOW,,LONG,28150.5,30,20,30,454.3,2026-07-30,STOP_HIT,SAME_BAR_STOP_FIRST,-61,35,35,490.75,390,true
2026-07-31 11:32:42.784461,2026-07-31,A_pre_optstopq_fix,CAM_S2_FADE_SHORT,SHADOW,CASCADE_BREAKER,SHORT,28150.5,72,47,24,62.5,2026-07-30,STOP_HIT,PRICE_CLEAN,-145,110.5,490.75,35,390,true
2026-07-31 11:36:08.934506,2026-07-31,A_pre_optstopq_fix,PD_POC_FADE_SHORT,SHADOW,CASCADE_BREAKER,SHORT,28175,76,45,40,210,2026-07-30,STOP_HIT,PRICE_CLEAN,-153,86,466.25,11,390,true
2026-07-31 11:36:08.937629,2026-07-31,A_pre_optstopq_fix,CAM_S1_FADE_SHORT,SHADOW,CASCADE_BREAKER,SHORT,28175,77,46,33,50,2026-07-30,STOP_HIT,PRICE_CLEAN,-155,86,466.25,11,390,true
2026-07-31 11:37:00,2026-07-31,A_pre_optstopq_fix,IB_BEARISH,ACTIVE,,SHORT,28218,50,35,53,50,2026-07-30,TARGET_HIT,PRICE_CLEAN,69,43,423.25,54,390,true
2026-07-31 11:39:48.850286,2026-07-31,A_pre_optstopq_fix,PD_VAH_FADE_SHORT,SHADOW,CASCADE_BREAKER,SHORT,28217.5,68,43,32,40,2026-07-30,TARGET_HIT,PRICE_CLEAN,85,31.5,423.75,53.5,390,true
2026-07-31 11:39:48.852603,2026-07-31,A_pre_optstopq_fix,5D_OR_MID_FADE_SHORT,SHADOW,CASCADE_BREAKER,SHORT,28217.5,26,35,17,30,2026-07-30,STOP_HIT,PRICE_CLEAN,-53,31.5,423.75,53.5,390,true
2026-07-31 11:39:48.854489,2026-07-31,A_pre_optstopq_fix,PD_CLOSE_FADE_SHORT,SHADOW,CASCADE_BREAKER,SHORT,28217.5,115,56,38,60,2026-07-30,STOP_HIT,PRICE_CLEAN,-231,125,423.75,53.5,390,true
2026-07-31 11:39:48.856552,2026-07-31,A_pre_optstopq_fix,PW_LOW_FADE_SHORT,SHADOW,CASCADE_BREAKER,SHORT,28217.5,83,75,83,75,2026-07-30,STOP_HIT,PRICE_CLEAN,-167,91,423.75,53.5,390,true
2026-07-31 11:40:29.248796,2026-07-31,A_pre_optstopq_fix,PD_IB_HIGH_FADE_SHORT,SHADOW,CASCADE_BREAKER,SHORT,28234.75,75,45,32,69.5,2026-07-30,TARGET_HIT,PRICE_CLEAN,89,0,406.5,70.75,390,true
2026-07-31 11:41:00,2026-07-31,A_pre_optstopq_fix,IB_BEARISH,ACTIVE,,SHORT,28180,50,35,53,50,2026-07-30,STOP_HIT,PRICE_CLEAN,-101,57,461.25,16,390,true
2026-07-31 11:42:01.415343,2026-07-31,A_pre_optstopq_fix,5D_OR_MID_FADE_SHORT,SHADOW,CASCADE_BREAKER,SHORT,28228.75,26,35,17,30,2026-07-30,TARGET_HIT,PRICE_CLEAN,69,0,412.5,64.75,390,true
2026-07-31 11:42:43.821587,2026-07-31,A_pre_optstopq_fix,PD_POC_FADE_LONG_TRAIL,SHADOW,CASCADE_BREAKER,LONG,28180.25,88,41,,,,TARGET_HIT,PRICE_CLEAN,81,16.25,16.25,461,390,true
2026-07-31 11:42:43.824278,2026-07-31,A_pre_optstopq_fix,CAM_S1_FADE_LONG,SHADOW,CASCADE_BREAKER,LONG,28180.25,79,43,21,40,2026-07-30,TARGET_HIT,PRICE_CLEAN,85,16.25,16.25,461,390,true
2026-07-31 11:44:43.380702,2026-07-31,A_pre_optstopq_fix,PD_VAH_FADE_LONG,SHADOW,CASCADE_BREAKER,LONG,28200.75,68,42,30,40,2026-07-30,TARGET_HIT,PRICE_CLEAN,83,36.75,36.75,440.5,390,true
2026-07-31 11:44:43.384388,2026-07-31,A_pre_optstopq_fix,5D_OR_MID_FADE_LONG,SHADOW,CASCADE_BREAKER,LONG,28200.75,30,34,21,30,2026-07-30,STOP_HIT,PRICE_CLEAN,-61,36.75,36.75,440.5,390,true
2026-07-31 11:48:07.842885,2026-07-31,A_pre_optstopq_fix,PD_POC_FADE_SHORT,SHADOW,CASCADE_BREAKER,SHORT,28194.25,76,45,40,210,2026-07-30,STOP_HIT,PRICE_CLEAN,-153,76.25,447,5.25,390,true
2026-07-31 11:48:07.845343,2026-07-31,A_pre_optstopq_fix,CAM_S1_FADE_SHORT,SHADOW,CASCADE_BREAKER,SHORT,28194.25,77,46,33,50,2026-07-30,STOP_HIT,PRICE_CLEAN,-155,93.75,447,5.25,390,true
2026-07-31 11:48:50.139371,2026-07-31,A_pre_optstopq_fix,PD_POC_FADE_LONG_TRAIL,SHADOW,CASCADE_BREAKER,LONG,28179,88,41,,,,TARGET_HIT,PRICE_CLEAN,81,0,0,462.25,390,true
2026-07-31 11:48:50.141956,2026-07-31,A_pre_optstopq_fix,CAM_S1_FADE_LONG,SHADOW,CASCADE_BREAKER,LONG,28179,79,43,21,40,2026-07-30,TARGET_HIT,PRICE_CLEAN,85,0,0,462.25,390,true
2026-07-31 11:50:00,2026-07-31,A_pre_optstopq_fix,IB_BEARISH,ACTIVE,,SHORT,28232,50,35,53,50,2026-07-30,STOP_HIT,PRICE_CLEAN,-101,56,409.25,2,390,true
2026-07-31 11:52:09.362339,2026-07-31,A_pre_optstopq_fix,PD_IB_HIGH_FADE_SHORT,SHADOW,CASCADE_BREAKER,SHORT,28232.25,75,45,32,69.5,2026-07-30,STOP_HIT,PRICE_CLEAN,-151,76.25,409,0,390,true
2026-07-31 11:54:00,2026-07-31,A_pre_optstopq_fix,IB_BEARISH,ACTIVE,,SHORT,28280,79,45,53,50,2026-07-30,STOP_HIT,PRICE_CLEAN,-159,84.25,361.25,36.25,390,true
2026-07-31 11:54:28.003412,2026-07-31,A_pre_optstopq_fix,CAM_R1_FADE_SHORT,SHADOW,CASCADE_BREAKER,SHORT,28263.5,68,40,24,40,2026-07-30,STOP_HIT,PRICE_CLEAN,-137,79,377.75,19.75,390,true
2026-07-31 11:58:31.374244,2026-07-31,A_pre_optstopq_fix,PD_HIGH_FADE_SHORT,SHADOW,CASCADE_BREAKER,SHORT,28283,95,49,37,50,2026-07-30,STOP_HIT,PRICE_CLEAN,-191,98.5,358.25,39.25,390,true
2026-07-31 12:00:59.773226,2026-07-31,A_pre_optstopq_fix,CAM_R1_FADE_LONG,SHADOW,CASCADE_BREAKER,LONG,28274,68,41,24,40,2026-07-30,TARGET_HIT,PRICE_CLEAN,81,30.25,30.25,367.25,390,true
2026-07-31 12:02:08.985654,2026-07-31,A_pre_optstopq_fix,ONL_FADE_SHORT,SHADOW,CASCADE_BREAKER,SHORT,28292,119,62,119,62,2026-07-30,STOP_HIT,PRICE_CLEAN,-239,119.25,349.25,48.25,390,true
2026-07-31 12:15:03.555229,2026-07-31,A_pre_optstopq_fix,CAM_R2_FADE_SHORT,SHADOW,CASCADE_BREAKER,SHORT,28303.75,70,41,70,50,2026-07-30,TARGET_HIT,PRICE_CLEAN,81,0,337.5,45.5,390,true
2026-07-31 12:15:03.558527,2026-07-31,A_pre_optstopq_fix,RTH_VWAP_FADE_SHORT,SHADOW,CASCADE_BREAKER,SHORT,28303.75,92,43,35,87.5,2026-07-30,TARGET_HIT,PRICE_CLEAN,85,0,337.5,45.5,390,true
2026-07-31 12:19:58.212797,2026-07-31,A_pre_optstopq_fix,PD_HIGH_FADE_LONG,SHADOW,CASCADE_BREAKER,LONG,28297.25,104,47,42,50,2026-07-30,TARGET_HIT,PRICE_CLEAN,93,10.5,39,344,390,true
2026-07-31 12:19:58.219308,2026-07-31,A_pre_optstopq_fix,ONL_FADE_LONG,SHADOW,CASCADE_BREAKER,LONG,28297.25,122,60,46,60,2026-07-30,TARGET_HIT,PRICE_CLEAN,119,10.5,39,344,390,true
2026-07-31 12:19:58.222757,2026-07-31,A_pre_optstopq_fix,RTH_VWAP_FADE_LONG,SHADOW,CASCADE_BREAKER,LONG,28297.25,94,42,27,70,2026-07-30,TARGET_HIT,PRICE_CLEAN,83,10.5,39,344,390,true
2026-07-31 12:22:49.239843,2026-07-31,A_pre_optstopq_fix,CAM_R2_FADE_SHORT,SHADOW,CASCADE_BREAKER,SHORT,28309.25,70,41,70,50,2026-07-30,STOP_HIT,PRICE_CLEAN,-141,72.25,332,51,390,true
2026-07-31 12:22:49.245396,2026-07-31,A_pre_optstopq_fix,RTH_VWAP_FADE_SHORT,SHADOW,CASCADE_BREAKER,SHORT,28309.25,92,43,35,87.5,2026-07-30,STOP_HIT,PRICE_CLEAN,-185,98.75,332,51,390,true
2026-07-31 12:29:00,2026-07-31,A_pre_optstopq_fix,GLOBEX_VWAP_FADE_LONG,SHADOW,,LONG,28363.75,90,40,8,80,2026-07-30,TARGET_HIT,PRICE_CLEAN,79,55.25,105.5,277.5,390,true
2026-07-31 12:29:00,2026-07-31,A_pre_optstopq_fix,IB_BEARISH,ACTIVE,,SHORT,28364,79,45,53,50,2026-07-30,TARGET_HIT,PRICE_CLEAN,89,24.75,277.25,105.75,390,true
2026-07-31 12:30:48.89246,2026-07-31,A_pre_optstopq_fix,CAM_R3_FADE_SHORT,SHADOW,CASCADE_BREAKER,SHORT,28363.75,79,42,79,40,2026-07-30,TARGET_HIT,PRICE_CLEAN,83,25,277.5,105.5,390,true
2026-07-31 12:31:00,2026-07-31,A_pre_optstopq_fix,GLOBEX_VWAP_FADE_SHORT,SHADOW,,SHORT,28376,90,40,10,95.8,2026-07-30,TARGET_HIT,PRICE_CLEAN,79,12.75,265.25,117.75,390,true
2026-07-31 12:37:33.521924,2026-07-31,A_pre_optstopq_fix,CAM_R3_FADE_LONG,SHADOW,CASCADE_BREAKER,LONG,28362.25,81,42,25,40,2026-07-30,TARGET_HIT,PRICE_CLEAN,83,53.75,104,279,390,true
2026-07-31 12:42:44.836886,2026-07-31,A_pre_optstopq_fix,CAM_R2_FADE_LONG,SHADOW,CASCADE_BREAKER,LONG,28330,73,40,25,40,2026-07-30,TARGET_HIT,PRICE_CLEAN,79,21.5,71.75,311.25,390,true
2026-07-31 12:44:00,2026-07-31,A_pre_optstopq_fix,IB_BEARISH,ACTIVE,,SHORT,28322,50,35,53,50,2026-07-30,STOP_HIT,PRICE_CLEAN,-101,61.75,319.25,63.75,390,true
2026-07-31 12:45:27.042881,2026-07-31,A_pre_optstopq_fix,RTH_VWAP_FADE_LONG,SHADOW,CASCADE_BREAKER,LONG,28326,94,42,27,70,2026-07-30,TARGET_HIT,PRICE_CLEAN,83,13,67.75,315.25,390,true
2026-07-31 12:50:17.425845,2026-07-31,A_pre_optstopq_fix,CAM_R3_FADE_SHORT,SHADOW,CASCADE_BREAKER,SHORT,28348,79,42,79,40,2026-07-30,STOP_HIT,PRICE_CLEAN,-159,81.5,293.25,89.75,390,true
2026-07-31 12:51:00,2026-07-31,A_pre_optstopq_fix,GLOBEX_VWAP_FADE_SHORT,SHADOW,,SHORT,28372,90,40,10,95.8,2026-07-30,STOP_HIT,PRICE_CLEAN,-181,93,269.25,113.75,390,true
2026-07-31 12:51:00,2026-07-31,A_pre_optstopq_fix,IB_BEARISH,ACTIVE,,SHORT,28372,79,45,53,50,2026-07-30,STOP_HIT,PRICE_CLEAN,-159,84,269.25,113.75,390,true
2026-07-31 13:03:57.155883,2026-07-31,A_pre_optstopq_fix,FLOOR_R1_FADE_SHORT_TRAIL,SHADOW,CASCADE_BREAKER,SHORT,28405.75,89,41,,,,TARGET_HIT,PRICE_CLEAN,81,2,235.5,147.5,390,true
2026-07-31 13:03:57.158423,2026-07-31,A_pre_optstopq_fix,3M_VAL_FADE_SHORT,SHADOW,CASCADE_BREAKER,SHORT,28405.75,94,46,,,,STOP_HIT,PRICE_CLEAN,-189,97.25,235.5,147.5,390,true
2026-07-31 13:03:57.160151,2026-07-31,A_pre_optstopq_fix,IB_MID_SCALP_FADE_SHORT,SHADOW,CASCADE_BREAKER,SHORT,28405.75,58,31,35,80,2026-07-30,TARGET_HIT,PRICE_CLEAN,61,2,235.5,147.5,390,true
2026-07-31 13:08:55.387463,2026-07-31,A_pre_optstopq_fix,CAM_R3_FADE_LONG,SHADOW,CASCADE_BREAKER,LONG,28368.75,81,42,25,40,2026-07-30,TARGET_HIT,PRICE_CLEAN,83,1,110.5,272.5,390,true
2026-07-31 13:13:08.485567,2026-07-31,A_pre_optstopq_fix,FLOOR_R1_FADE_SHORT_TRAIL,SHADOW,CASCADE_BREAKER,SHORT,28402.25,89,41,,,,STOP_HIT,PRICE_CLEAN,-179,91.5,239,144,390,true
2026-07-31 13:13:08.49007,2026-07-31,A_pre_optstopq_fix,IB_MID_SCALP_FADE_SHORT,SHADOW,CASCADE_BREAKER,SHORT,28402.25,58,31,35,80,2026-07-30,STOP_HIT,PRICE_CLEAN,-117,62.75,239,144,390,true
2026-07-31 13:19:58.694214,2026-07-31,A_pre_optstopq_fix,FLOOR_R1_FADE_LONG,SHADOW,CASCADE_BREAKER,LONG,28399.75,68,39,15,35,2026-07-30,TARGET_HIT,PRICE_CLEAN,77,2.75,141.5,241.5,390,true
2026-07-31 13:19:58.698185,2026-07-31,A_pre_optstopq_fix,IB_MID_SCALP_FADE_LONG,SHADOW,CASCADE_BREAKER,LONG,28399.75,57,31,25,74.5,2026-07-30,TARGET_HIT,PRICE_CLEAN,61,2.75,141.5,241.5,390,true
2026-07-31 13:23:00,2026-07-31,A_pre_optstopq_fix,STOP_SWEEP_LONG,SHADOW,,LONG,28429.25,39.25,29.75,51,35,2026-07-30,TARGET_HIT,PRICE_CLEAN,58.5,1,171,212,390,true
2026-07-31 13:24:00,2026-07-31,A_pre_optstopq_fix,IB_BEARISH,ACTIVE,,SHORT,28454,79,45,53,50,2026-07-30,TARGET_HIT,PRICE_CLEAN,89,49,187.25,195.75,390,true
2026-07-31 13:25:00,2026-07-31,A_pre_optstopq_fix,STOP_SWEEP_LONG,SHADOW,,LONG,28461.75,70.75,30.25,51,35,2026-07-30,TARGET_HIT,PRICE_CLEAN,59.5,12.75,203.5,179.5,390,true
2026-07-31 13:35:30.734263,2026-07-31,A_pre_optstopq_fix,CAM_R4_FADE_SHORT,SHADOW,CASCADE_BREAKER,SHORT,28482,88,43,16,40,2026-07-30,TARGET_HIT,PRICE_CLEAN,85,21,159.25,223.75,390,true
2026-07-31 13:37:00,2026-07-31,A_pre_optstopq_fix,VWAP_MAGNET_SHORT,SHADOW,,SHORT,28498.5,30,20,29,396.8,2026-07-30,TARGET_HIT,PRICE_CLEAN,39,4.5,142.75,240.25,390,true
2026-07-31 13:37:07.253926,2026-07-31,A_pre_optstopq_fix,WEEKLY_OPEN_FADE_SHORT,SHADOW,CASCADE_BREAKER,SHORT,28486.25,101,64,50,122.5,2026-07-30,TARGET_HIT,PRICE_CLEAN,127,16.75,155,228,390,true
2026-07-31 13:50:17.773975,2026-07-31,A_pre_optstopq_fix,FLOOR_R1_FADE_LONG,SHADOW,CASCADE_BREAKER,LONG,28427.5,68,39,15,35,2026-07-30,TARGET_HIT,PRICE_CLEAN,77,32.25,169.25,213.75,390,true
2026-07-31 13:50:17.778916,2026-07-31,A_pre_optstopq_fix,3M_VAL_FADE_LONG,SHADOW,CASCADE_BREAKER,LONG,28427.5,94,46,,,,TARGET_HIT,PRICE_CLEAN,91,32.25,169.25,213.75,390,true
2026-07-31 13:51:00,2026-07-31,A_pre_optstopq_fix,STOP_SWEEP_LONG,SHADOW,,LONG,28449.75,38.75,30.25,51,35,2026-07-30,STOP_HIT,PRICE_CLEAN,-78.5,52,191.5,191.5,390,true
2026-07-31 14:10:40.381802,2026-07-31,A_pre_optstopq_fix,3M_VAL_FADE_SHORT,SHADOW,SUPPRESSED_FADE,SHORT,28429,94,46,,,,STOP_HIT,PRICE_CLEAN,-189,95,212.25,170.75,390,true
2026-07-31 14:11:00,2026-07-31,A_pre_optstopq_fix,IB_BEARISH,ACTIVE,,SHORT,28403,50,35,53,50,2026-07-30,STOP_HIT,PRICE_CLEAN,-101,59,238.25,144.75,390,true
2026-07-31 14:12:47.742205,2026-07-31,A_pre_optstopq_fix,IB_MID_SCALP_FADE_LONG,SHADOW,CASCADE_BREAKER,LONG,28402.75,57,31,25,74.5,2026-07-30,TARGET_HIT,PRICE_CLEAN,61,7.5,144.5,238.5,390,true
2026-07-31 14:12:50.808229,2026-07-31,A_pre_optstopq_fix,STACK_VOL_BREAK_LIVE_SHORT,SHADOW,NEW_SIGNAL_UNDER_LIVE_EVALUATION,SHORT,28402.75,92.79999999999927,40,,,,STOP_HIT,PRICE_CLEAN,-186.6,95.25,238.5,144.5,390,true
2026-07-31 14:18:00,2026-07-31,A_pre_optstopq_fix,STOP_SWEEP_LONG,SHADOW,,LONG,28440.5,50.5,30.5,51,35,2026-07-30,TIME_EXPIRED,MARK_TO_MARKET,-21,27.5,182.25,200.75,390,true
2026-07-31 14:18:45.525102,2026-07-31,A_pre_optstopq_fix,FLOOR_R1_FADE_SHORT_TRAIL,SHADOW,CASCADE_BREAKER,SHORT,28423,89,41,,,,STOP_HIT,PRICE_CLEAN,-179,95.5,218.25,164.75,390,true
2026-07-31 14:48:00,2026-07-31,A_pre_optstopq_fix,STOP_SWEEP_LONG,SHADOW,,LONG,28439.25,28.25,29.75,51,35,2026-07-30,STOP_HIT,PRICE_CLEAN,-57.5,29,181,236.75,390,true
2026-07-31 14:50:00,2026-07-31,A_pre_optstopq_fix,IB_BEARISH,ACTIVE,,SHORT,28458,50,35,53,50,2026-07-30,TARGET_HIT,PRICE_CLEAN,69,3,223.5,199.75,390,true
2026-07-31 14:57:00,2026-07-31,A_pre_optstopq_fix,IB_BEARISH,ACTIVE,,SHORT,28430,79,45,53,50,2026-07-30,STOP_HIT,PRICE_CLEAN,-159,80,251.5,171.75,390,true
2026-07-31 15:05:00,2026-07-31,A_pre_optstopq_fix,STOP_SWEEP_LONG,SHADOW,,LONG,28428.5,23.5,30.5,51,35,2026-07-30,TARGET_HIT,PRICE_CLEAN,60,23,170.25,253,390,true
2026-07-31 15:18:00,2026-07-31,A_pre_optstopq_fix,STOP_SWEEP_LONG,SHADOW,,LONG,28471.5,57.5,30.5,51,35,2026-07-30,TARGET_HIT,PRICE_CLEAN,60,37,213.25,210,390,true
2026-07-31 15:21:05.135783,2026-07-31,A_pre_optstopq_fix,WEEKLY_OPEN_FADE_SHORT,SHADOW,SUPPRESSED_FADE,SHORT,28485.5,101,64,50,122.5,2026-07-30,TIME_EXPIRED,MARK_TO_MARKET,52.5,38.5,196,227.25,390,true
2026-07-31 15:24:23.583212,2026-07-31,A_pre_optstopq_fix,CAM_R4_FADE_SHORT,SHADOW,CASCADE_BREAKER,SHORT,28488.25,88,43,16,40,2026-07-30,TARGET_HIT,PRICE_CLEAN,85,0,193.25,230,390,true
2026-07-31 15:49:00,2026-07-31,A_pre_optstopq_fix,IB_BEARISH,ACTIVE,,SHORT,28509,50,35,53,50,2026-07-30,TARGET_HIT,PRICE_CLEAN,69,9.5,172.5,250.75,390,true
2026-07-31 15:49:00,2026-07-31,A_pre_optstopq_fix,FAILED_AUCTION_LONG,SHADOW,,LONG,28509,40,35,,,,STOP_HIT,PRICE_CLEAN,-81,47.25,250.75,172.5,390,true
2026-07-31 15:49:08.620564,2026-07-31,A_pre_optstopq_fix,CAM_R4_FADE_SHORT,SHADOW,SUPPRESSED_FADE,SHORT,28484.5,88,43,16,40,2026-07-30,TIME_EXPIRED,MARK_TO_MARKET,50.5,39.5,197,226.25,390,true
2026-07-31 15:51:00,2026-07-31,A_pre_optstopq_fix,IB_BEARISH,ACTIVE,,SHORT,28482,79,45,53,50,2026-07-30,TIME_EXPIRED,MARK_TO_MARKET,45.5,42,199.5,223.75,390,true
2026-07-31 15:52:59.697983,2026-07-31,A_pre_optstopq_fix,CAM_R4_FADE_LONG,SHADOW,CASCADE_BREAKER,LONG,28481.75,88,43,17,40,2026-07-30,TIME_EXPIRED,MARK_TO_MARKET,-47,33.5,223.5,199.75,390,true
2026-07-31 15:54:52.38909,2026-07-31,A_pre_optstopq_fix,10D_IB_MID_FADE_SHORT,SHADOW,CASCADE_BREAKER,SHORT,28512.25,140,73,55,80,2026-07-30,TIME_EXPIRED,MARK_TO_MARKET,106,5.25,169.25,254,390,true
2026-07-31 15:55:00,2026-07-31,A_pre_optstopq_fix,FAILED_AUCTION_LONG,SHADOW,,LONG,28471,40,35,,,,TIME_EXPIRED,MARK_TO_MARKET,-25.5,22.75,212.75,210.5,390,true
2026-07-31 15:56:16.403383,2026-07-31,A_pre_optstopq_fix,10D_IB_MID_FADE_LONG,SHADOW,CASCADE_BREAKER,LONG,28507.5,144,70,34,70,2026-07-30,TIME_EXPIRED,MARK_TO_MARKET,-98.5,59.25,249.25,174,390,true
2026-07-31 15:56:16.406424,2026-07-31,A_pre_optstopq_fix,WEEKLY_OPEN_FADE_LONG,SHADOW,CASCADE_BREAKER,LONG,28507.5,101,63,101,158.5,2026-07-30,TIME_EXPIRED,MARK_TO_MARKET,-98.5,59.25,249.25,174,390,true
2026-07-31 15:58:00,2026-07-31,A_pre_optstopq_fix,C_PAIRED_SHORT,SHADOW,,SHORT,28459,251,439,,,,TIME_EXPIRED,MARK_TO_MARKET,305.5,3.25,222.5,200.75,390,true
2026-07-31 15:58:00,2026-07-31,A_pre_optstopq_fix,FAILED_AUCTION_LONG,SHADOW,,LONG,28459,40,35,,,,STOP_HIT,PRICE_CLEAN,-81,79,200.75,222.5,390,true
2026-07-31 15:58:00,2026-07-31,A_pre_optstopq_fix,IB_BEARISH,ACTIVE,,SHORT,28459,50,35,53,50,2026-07-30,TARGET_HIT,PRICE_CLEAN,69,3.25,222.5,200.75,390,true
2026-07-31 16:00:00,2026-07-31,A_pre_optstopq_fix,IB_BEARISH,ACTIVE,,SHORT,28409,79,45,53,50,2026-07-30,TARGET_HIT,PRICE_CLEAN,89,3.75,272.5,150.75,390,true
2026-07-31 16:00:00,2026-07-31,A_pre_optstopq_fix,STOP_SWEEP_LONG,SHADOW,,LONG,28409.25,34.25,29.75,51,35,2026-07-30,STOP_HIT,PRICE_CLEAN,-69.5,68.75,151,272.25,390,true
2026-07-31 16:00:00,2026-07-31,A_pre_optstopq_fix,FAILED_AUCTION_LONG,SHADOW,,LONG,28409,40,35,,,,STOP_HIT,PRICE_CLEAN,-81,68.5,150.75,272.5,390,true
2026-07-31 16:01:00,2026-07-31,A_pre_optstopq_fix,GLOBEX_VWAP_FADE_SHORT,SHADOW,,SHORT,28387,90,40,10,95.8,2026-07-30,TARGET_HIT,PRICE_CLEAN,79,2.5,294.5,128.75,390,true
2026-07-31 16:01:47.18286,2026-07-31,A_pre_optstopq_fix,FLOOR_R1_FADE_LONG,SHADOW,CASCADE_BREAKER,LONG,28409.25,68,39,15,35,2026-07-30,STOP_HIT,PRICE_CLEAN,-137,68.75,151,272.25,390,true
2026-07-31 16:01:47.186598,2026-07-31,A_pre_optstopq_fix,3M_VAL_FADE_LONG,SHADOW,CASCADE_BREAKER,LONG,28409.25,94,46,,,,STOP_HIT,PRICE_CLEAN,-189,95.5,151,272.25,390,true
2026-07-31 16:01:47.188376,2026-07-31,A_pre_optstopq_fix,IB_MID_SCALP_FADE_LONG,SHADOW,CASCADE_BREAKER,LONG,28409.25,57,31,25,74.5,2026-07-30,STOP_HIT,PRICE_CLEAN,-115,68.75,151,272.25,390,true
2026-07-31 16:02:00,2026-07-31,A_pre_optstopq_fix,FAILED_AUCTION_LONG,SHADOW,,LONG,28353,40,35,,,,TARGET_HIT,PRICE_CLEAN,69,8,94.75,328.5,390,true
2026-07-31 16:02:00,2026-07-31,A_pre_optstopq_fix,IB_BEARISH,ACTIVE,,SHORT,28353,50,35,53,50,2026-07-30,STOP_HIT,PRICE_CLEAN,-101,51,328.5,94.75,390,true
2026-07-31 16:03:56.908053,2026-07-31,A_pre_optstopq_fix,CAM_R3_FADE_LONG,SHADOW,CASCADE_BREAKER,LONG,28353,81,42,25,40,2026-07-30,TARGET_HIT,PRICE_CLEAN,83,6.25,94.75,328.5,390,true
2026-07-31 16:03:56.910587,2026-07-31,A_pre_optstopq_fix,RTH_VWAP_FADE_LONG,SHADOW,CASCADE_BREAKER,LONG,28353,94,42,27,70,2026-07-30,TARGET_HIT,PRICE_CLEAN,83,6.25,94.75,328.5,390,true
2026-07-31 16:06:00,2026-07-31,A_pre_optstopq_fix,GLOBEX_VWAP_FADE_LONG,SHADOW,,LONG,28374.5,90,40,8,80,2026-07-30,TIME_EXPIRED,MARK_TO_MARKET,-138.5,80.25,116.25,307,390,true
2026-07-31 16:08:00,2026-07-31,A_pre_optstopq_fix,FAILED_AUCTION_LONG,SHADOW,,LONG,28392,40,35,,,,TIME_EXPIRED,MARK_TO_MARKET,2,,133.75,289.5,390,true
2026-07-31 16:08:00,2026-07-31,A_pre_optstopq_fix,GLOBEX_VWAP_FADE_SHORT,SHADOW,,SHORT,28391.5,90,40,10,95.8,2026-07-30,TARGET_HIT,PRICE_CLEAN,79,12.5,290,133.25,390,true
2026-07-31 16:10:41.571922,2026-07-31,A_pre_optstopq_fix,IB_MID_SCALP_FADE_LONG,SHADOW,CASCADE_BREAKER,LONG,28391.5,57,31,25,74.5,2026-07-30,STOP_HIT,PRICE_CLEAN,-115,74.5,133.25,290,390,true
2026-07-31 16:13:00,2026-07-31,A_pre_optstopq_fix,IB_BEARISH,ACTIVE,,SHORT,28397,79,45,53,50,2026-07-30,TARGET_HIT,PRICE_CLEAN,89,3.5,284.5,138.75,390,true
2026-07-31 16:18:23.002493,2026-07-31,A_pre_optstopq_fix,CAM_R3_FADE_LONG,SHADOW,CASCADE_BREAKER,LONG,28374.25,81,42,25,40,2026-07-30,TIME_EXPIRED,MARK_TO_MARKET,-138,80,116,307.25,390,true
2026-07-31 16:32:41.887828,2026-07-31,A_pre_optstopq_fix,RTH_VWAP_FADE_LONG,SHADOW,CASCADE_BREAKER,LONG,28363,94,42,27,70,2026-07-30,TIME_EXPIRED,MARK_TO_MARKET,-115.5,68.75,104.75,335.25,390,true
2026-07-31 16:38:00,2026-07-31,A_pre_optstopq_fix,FAILED_AUCTION_LONG,SHADOW,,LONG,28394,40,35,,,,STOP_HIT,PRICE_CLEAN,-81,77,135.75,304.25,390,true
2026-07-31 16:53:00,2026-07-31,A_pre_optstopq_fix,FAILED_AUCTION_LONG,SHADOW,,LONG,28339,40,35,,,,STOP_HIT,PRICE_CLEAN,-81,43.5,80.75,359.25,390,true
2026-07-31 16:53:00,2026-07-31,A_pre_optstopq_fix,IB_BEARISH,ACTIVE,,SHORT,28339,50,35,53,50,2026-07-30,TARGET_HIT,PRICE_CLEAN,69,12.25,359.25,80.75,390,true
2026-07-31 16:56:00,2026-07-31,A_pre_optstopq_fix,IB_BEARISH,ACTIVE,,SHORT,28314,50,35,53,50,2026-07-30,SESSION_CLOSED,,,,384.25,55.75,390,true
2026-07-31 16:56:36.348683,2026-07-31,A_pre_optstopq_fix,CAM_R2_FADE_LONG,SHADOW,CASCADE_BREAKER,LONG,28319,73,40,25,40,2026-07-30,TIME_EXPIRED,MARK_TO_MARKET,-27.5,24.75,60.75,379.25,390,true
2026-07-31 16:57:00,2026-07-31,A_pre_optstopq_fix,FAILED_AUCTION_LONG,SHADOW,,LONG,28300,40,35,,,,TIME_EXPIRED,MARK_TO_MARKET,10.5,5.75,41.75,398.25,390,true
2026-07-31 16:58:02.000337,2026-07-31,A_pre_optstopq_fix,ONL_FADE_LONG,SHADOW,CASCADE_BREAKER,LONG,28314.25,122,60,46,60,2026-07-30,TIME_EXPIRED,MARK_TO_MARKET,-18,,0,384,390,true
2026-07-31 16:58:53.75555,2026-07-31,A_pre_optstopq_fix,PD_HIGH_FADE_LONG,SHADOW,CASCADE_BREAKER,LONG,28300,104,47,42,50,2026-07-30,TIME_EXPIRED,MARK_TO_MARKET,10.5,,0,398.25,390,true
2026-08-02 19:50:15.387839,2026-08-03,A_pre_optstopq_fix,GLOBEX_VWAP_FADE_LONG,ACTIVE,,LONG,28593,83,109,83,109,2026-07-31,STOP_HIT,PRICE_CLEAN,-167,86.25,55.5,105.25,390,true
2026-08-02 19:51:22.515935,2026-08-03,A_pre_optstopq_fix,GLOBEX_VWAP_FADE_SHORT,SHADOW,PERFORMANCE_BELOW_THRESHOLD,SHORT,28602.5,33,94,33,94,2026-07-31,STOP_HIT,PRICE_CLEAN,-67,35,95.75,65,390,true
2026-08-02 20:17:28.609212,2026-08-03,A_pre_optstopq_fix,MPP_FADE_SHORT_OVERNIGHT,SHADOW,NEW_SIGNAL_UNDER_LIVE_EVALUATION,SHORT,28621.25,60,30,,,,TARGET_HIT,PRICE_CLEAN,59,0,77,83.75,390,true
2026-08-03 04:04:56.1093,2026-08-03,B_post_optstopq_pre_tonight,10D_IB_MID_FADE_SHORT_OVERNIGHT,SHADOW,NEW_SIGNAL_UNDER_LIVE_EVALUATION,SHORT,28539,45,90,,,,STOP_HIT,PRICE_CLEAN,-91,52.5,158.75,225.5,390,true
2026-08-03 04:20:54.429168,2026-08-03,B_post_optstopq_pre_tonight,PD_VAH_FADE_SHORT,ACTIVE,,SHORT,28512.5,65,41.75,32,40,2026-08-02,STOP_HIT,PRICE_CLEAN,-131,79,266,199,390,true
2026-08-03 07:49:24.551584,2026-08-03,B_post_optstopq_pre_tonight,PD_POC_FADE_SHORT,ACTIVE,,SHORT,28445.5,82.25,40.75,26,50,2026-08-02,TARGET_HIT,PRICE_CLEAN,80.5,11.5,518.75,132,390,true
2026-08-03 07:52:30.919629,2026-08-03,B_post_optstopq_pre_tonight,PD_POC_FADE_LONG,ACTIVE,,LONG,28429,84.0625,40.75,29,50,2026-08-02,TARGET_HIT,PRICE_CLEAN,80.5,45.5,115.5,535.25,390,true
2026-08-03 07:54:35.519655,2026-08-03,B_post_optstopq_pre_tonight,3M_VAL_FADE_SHORT_OVERNIGHT,SHADOW,NEW_SIGNAL_UNDER_LIVE_EVALUATION,SHORT,28416.75,45,90,,,,STOP_HIT,PRICE_CLEAN,-91,45,547.5,103.25,390,true
2026-08-03 09:30:00,2026-08-03,B_post_optstopq_pre_tonight,PD_CLOSE_FADE_LONG,SHADOW,,LONG,28358.5,14,60,14,60,2026-08-02,STOP_HIT,PRICE_CLEAN,-29,21.5,45,605.75,390,true
2026-08-03 10:28:00,2026-08-03,B_post_optstopq_pre_tonight,C_STANDALONE_UP,SHADOW,,LONG,28656,346,122,68,80,2026-08-02,TARGET_HIT,PRICE_CLEAN,243,1.5,0,308.25,390,true
2026-08-03 10:28:00,2026-08-03,B_post_optstopq_pre_tonight,IB_BULLISH,ACTIVE,,LONG,28656,50,35,78,50,2026-08-02,TARGET_HIT,PRICE_CLEAN,69,1.5,0,308.25,390,true
2026-08-03 10:32:08.741131,2026-08-03,B_post_optstopq_pre_tonight,IB_HIGH_FADE_SHORT,SHADOW,SUPPRESSED_FADE,SHORT,28669.75,32,35,32,35,2026-08-02,STOP_HIT,PRICE_CLEAN,-65,41.25,294.5,0,390,true
2026-08-03 10:33:00,2026-08-03,B_post_optstopq_pre_tonight,IB_BULLISH,ACTIVE,,LONG,28684,78,50,78,50,2026-08-02,TARGET_HIT,PRICE_CLEAN,99,12.5,1,280.25,390,true
2026-08-03 10:36:00,2026-08-03,B_post_optstopq_pre_tonight,VWAP_MAGNET_SHORT,SHADOW,,SHORT,28707.25,29,25,29,25,2026-08-02,STOP_HIT,PRICE_CLEAN,-59,34.75,257,7.5,390,true
2026-08-03 10:38:27.656461,2026-08-03,B_post_optstopq_pre_tonight,MPP_FADE_SHORT,SHADOW,SUPPRESSED_FADE,SHORT,28707.25,72,49,72,49,2026-08-02,STOP_HIT,PRICE_CLEAN,-145,76.25,257,7.5,390,true
2026-08-03 10:39:13.820611,2026-08-03,B_post_optstopq_pre_tonight,FLOOR_R1_FADE_SHORT_TRAIL,SHADOW,SUPPRESSED_FADE,SHORT,28711.75,87,41,,,,STOP_HIT,PRICE_CLEAN,-175,90,252.5,12,390,true
2026-08-03 10:41:00,2026-08-03,B_post_optstopq_pre_tonight,IB_BULLISH,ACTIVE,,LONG,28722,78,50,78,50,2026-08-02,TARGET_HIT,PRICE_CLEAN,99,22.25,22.25,242.25,390,true
2026-08-03 10:47:03.717562,2026-08-03,B_post_optstopq_pre_tonight,ONH_FADE_LONG,SHADOW,SUPPRESSED_FADE,LONG,28701.75,101,55,101,55,2026-08-02,TARGET_HIT,PRICE_CLEAN,109,0,0,262.5,390,true
2026-08-03 10:48:00,2026-08-03,B_post_optstopq_pre_tonight,VWAP_MAGNET_SHORT,SHADOW,,SHORT,28731,29,25,29,25,2026-08-02,STOP_HIT,PRICE_CLEAN,-59,47.5,233.25,9,390,true
2026-08-03 10:51:00,2026-08-03,B_post_optstopq_pre_tonight,IB_BULLISH,ACTIVE,,LONG,28777,78,50,78,50,2026-08-02,TARGET_HIT,PRICE_CLEAN,99,55,55,187.25,390,true
2026-08-03 10:51:00,2026-08-03,B_post_optstopq_pre_tonight,VWAP_MAGNET_SHORT,SHADOW,,SHORT,28776.5,29,25,29,25,2026-08-02,TARGET_HIT,PRICE_CLEAN,49,27.25,187.75,54.5,390,true
2026-08-03 10:51:00,2026-08-03,B_post_optstopq_pre_tonight,GLOBEX_VWAP_MAGNET_SHORT,SHADOW,,SHORT,28776.5,29,25,29,25,2026-08-02,TARGET_HIT,PRICE_CLEAN,49,27.25,187.75,54.5,390,true
2026-08-03 10:51:56.579855,2026-08-03,B_post_optstopq_pre_tonight,CAM_R4_FADE_SHORT,SHADOW,SUPPRESSED_FADE,SHORT,28751.5,16,40,16,40,2026-08-02,STOP_HIT,PRICE_CLEAN,-33,32,212.75,29.5,390,true
2026-08-03 10:59:00,2026-08-03,B_post_optstopq_pre_tonight,C_PAIRED_LONG,SHADOW,,LONG,28802,488,,,,,TIME_EXPIRED,MARK_TO_MARKET,187,,80,162.25,390,true
2026-08-03 10:59:00,2026-08-03,B_post_optstopq_pre_tonight,FAILED_AUCTION_LONG,SHADOW,,LONG,28802,40,35,,,,STOP_HIT,PRICE_CLEAN,-81,41.75,80,162.25,390,true
2026-08-03 11:06:00,2026-08-03,B_post_optstopq_pre_tonight,FAILED_AUCTION_LONG,SHADOW,,LONG,28777,40,35,,,,STOP_HIT,PRICE_CLEAN,-81,55,55,187.25,390,true
2026-08-03 11:11:14.407932,2026-08-03,B_post_optstopq_pre_tonight,CAM_R4_FADE_LONG,SHADOW,CASCADE_BREAKER,LONG,28766,17,40,17,40,2026-08-02,STOP_HIT,PRICE_CLEAN,-35,18.5,44,198.25,390,true
2026-08-03 11:12:00,2026-08-03,B_post_optstopq_pre_tonight,VWAP_MAGNET_SHORT,SHADOW,,SHORT,28767,30,20,29,25,2026-08-02,STOP_HIT,PRICE_CLEAN,-61,31.75,197.25,45,390,true
2026-08-03 11:13:47.619328,2026-08-03,B_post_optstopq_pre_tonight,CAM_R4_FADE_LONG,SHADOW,CASCADE_BREAKER,LONG,28767,17,40,17,40,2026-08-02,STOP_HIT,PRICE_CLEAN,-35,45,45,197.25,390,true
2026-08-03 11:20:00,2026-08-03,B_post_optstopq_pre_tonight,VWAP_MAGNET_SHORT,SHADOW,,SHORT,28797,30,20,29,25,2026-08-02,TARGET_HIT,PRICE_CLEAN,39,1,167.25,75,390,true
2026-08-03 11:20:00,2026-08-03,B_post_optstopq_pre_tonight,GLOBEX_VWAP_MAGNET_SHORT,SHADOW,,SHORT,28797,30,20,29,25,2026-08-02,TARGET_HIT,PRICE_CLEAN,39,1,167.25,75,390,true
2026-08-03 11:22:00,2026-08-03,B_post_optstopq_pre_tonight,VWAP_MAGNET_SHORT,SHADOW,,SHORT,28792.25,29,25,29,25,2026-08-02,TARGET_HIT,PRICE_CLEAN,49,3,172,70.25,390,true
2026-08-03 11:28:00,2026-08-03,B_post_optstopq_pre_tonight,FAILED_AUCTION_LONG,SHADOW,,LONG,28738,40,35,,,,TARGET_HIT,PRICE_CLEAN,69,9.25,6.25,226.25,390,true
2026-08-03 11:29:46.832965,2026-08-03,B_post_optstopq_pre_tonight,FLOOR_R1_FADE_LONG,SHADOW,CASCADE_BREAKER,LONG,28738.25,15,35,15,35,2026-08-02,TARGET_HIT,PRICE_CLEAN,69,6.5,0,226,390,true
2026-08-03 11:29:46.836159,2026-08-03,B_post_optstopq_pre_tonight,PD_HIGH_FADE_LONG,SHADOW,CASCADE_BREAKER,LONG,28738.25,43,50,43,50,2026-08-02,TARGET_HIT,PRICE_CLEAN,99,6.5,0,226,390,true
2026-08-03 11:29:46.838352,2026-08-03,B_post_optstopq_pre_tonight,PD_IB_HIGH_FADE_LONG,SHADOW,CASCADE_BREAKER,LONG,28738.25,32,40,32,40,2026-08-02,TARGET_HIT,PRICE_CLEAN,79,6.5,0,226,390,true
2026-08-03 11:29:46.840411,2026-08-03,B_post_optstopq_pre_tonight,PW_HIGH_FADE_LONG_TRAIL,SHADOW,CASCADE_BREAKER,LONG,28738.25,90,43,,,,TARGET_HIT,PRICE_CLEAN,85,6.5,0,226,390,true
2026-08-03 11:31:00,2026-08-03,B_post_optstopq_pre_tonight,FAILED_AUCTION_LONG,SHADOW,,LONG,28762,40,35,,,,TARGET_HIT,PRICE_CLEAN,69,15.75,15.75,202.25,390,true
2026-08-03 11:31:42.372544,2026-08-03,B_post_optstopq_pre_tonight,CAM_R4_FADE_LONG,SHADOW,CASCADE_BREAKER,LONG,28750,17,40,17,40,2026-08-02,TARGET_HIT,PRICE_CLEAN,79,3.75,3.75,214.25,390,true
2026-08-03 11:33:01.798442,2026-08-03,B_post_optstopq_pre_tonight,CAM_R4_FADE_SHORT,SHADOW,CASCADE_BREAKER,SHORT,28761.75,16,40,16,40,2026-08-02,STOP_HIT,PRICE_CLEAN,-33,18.25,202.5,15.5,390,true
2026-08-03 11:36:26.965482,2026-08-03,B_post_optstopq_pre_tonight,CAM_R4_FADE_SHORT,SHADOW,CASCADE_BREAKER,SHORT,28764.5,16,40,16,40,2026-08-02,STOP_HIT,PRICE_CLEAN,-33,23,199.75,18.25,390,true
2026-08-03 11:45:00,2026-08-03,B_post_optstopq_pre_tonight,VWAP_MAGNET_SHORT,SHADOW,,SHORT,28786.75,30,20,29,25,2026-08-02,STOP_HIT,PRICE_CLEAN,-61,31.75,177.5,11.75,390,true
2026-08-03 11:53:00,2026-08-03,B_post_optstopq_pre_tonight,FAILED_AUCTION_LONG,SHADOW,,LONG,28807,40,35,,,,TARGET_HIT,PRICE_CLEAN,69,27.5,27.5,157.25,390,true
2026-08-03 12:05:00,2026-08-03,B_post_optstopq_pre_tonight,VWAP_MAGNET_SHORT,SHADOW,,SHORT,28817.75,30,20,29,25,2026-08-02,TIME_EXPIRED,MARK_TO_MARKET,-36.5,29.5,146.5,18.25,390,true
2026-08-03 12:05:00,2026-08-03,B_post_optstopq_pre_tonight,GLOBEX_VWAP_MAGNET_SHORT,SHADOW,,SHORT,28817.75,30,20,29,25,2026-08-02,STOP_HIT,PRICE_CLEAN,-61,36,146.5,18.25,390,true
2026-08-03 12:16:00,2026-08-03,B_post_optstopq_pre_tonight,IB_BULLISH,ACTIVE,,LONG,28826,78,50,78,50,2026-08-02,TARGET_HIT,PRICE_CLEAN,99,14.25,14.25,138.25,390,true
2026-08-03 12:18:00,2026-08-03,B_post_optstopq_pre_tonight,FAILED_AUCTION_LONG,SHADOW,,LONG,28843,40,35,,,,TIME_EXPIRED,MARK_TO_MARKET,-21,31.25,31.25,121.25,390,true
2026-08-03 12:35:00,2026-08-03,B_post_optstopq_pre_tonight,VWAP_MAGNET_SHORT,SHADOW,,SHORT,28835.5,29,25,29,25,2026-08-02,TIME_EXPIRED,MARK_TO_MARKET,12.5,8.25,140.75,23.75,390,true
2026-08-03 12:47:00,2026-08-03,B_post_optstopq_pre_tonight,FAILED_AUCTION_LONG,SHADOW,,LONG,28833,40,35,,,,TIME_EXPIRED,MARK_TO_MARKET,56,20,20,143.25,390,true
2026-08-03 13:05:00,2026-08-03,B_post_optstopq_pre_tonight,VWAP_MAGNET_SHORT,SHADOW,,SHORT,28828.75,30,20,29,25,2026-08-02,STOP_HIT,PRICE_CLEAN,-61,35,147.5,5,390,true
2026-08-03 13:11:00,2026-08-03,B_post_optstopq_pre_tonight,GLOBEX_VWAP_MAGNET_SHORT,SHADOW,,SHORT,28857.5,29,25,29,25,2026-08-02,STOP_HIT,PRICE_CLEAN,-59,33,118.75,2,390,true
2026-08-03 13:11:00,2026-08-03,B_post_optstopq_pre_tonight,VWAP_MAGNET_SHORT,SHADOW,,SHORT,28857.5,29,25,29,25,2026-08-02,STOP_HIT,PRICE_CLEAN,-59,33,118.75,2,390,true
2026-08-03 13:17:00,2026-08-03,B_post_optstopq_pre_tonight,FAILED_AUCTION_LONG,SHADOW,,LONG,28862,40,35,,,,TARGET_HIT,PRICE_CLEAN,69,2.75,1.75,114.25,390,true
2026-08-03 13:23:00,2026-08-03,B_post_optstopq_pre_tonight,IB_BULLISH,ACTIVE,,LONG,28878,78,50,78,50,2026-08-02,TARGET_HIT,PRICE_CLEAN,99,5.5,13.75,98.25,390,true
2026-08-03 13:28:00,2026-08-03,B_post_optstopq_pre_tonight,GLOBEX_VWAP_MAGNET_SHORT,SHADOW,,SHORT,28881,29,25,29,25,2026-08-02,STOP_HIT,PRICE_CLEAN,-59,33.75,95.25,16.75,390,true
2026-08-03 13:28:00,2026-08-03,B_post_optstopq_pre_tonight,VWAP_MAGNET_SHORT,SHADOW,,SHORT,28881,29,25,29,25,2026-08-02,STOP_HIT,PRICE_CLEAN,-59,33.75,95.25,16.75,390,true
2026-08-03 13:47:00,2026-08-03,B_post_optstopq_pre_tonight,FAILED_AUCTION_LONG,SHADOW,,LONG,28890,40,35,,,,TARGET_HIT,PRICE_CLEAN,69,2.25,58.25,86.25,390,true
2026-08-03 13:55:00,2026-08-03,B_post_optstopq_pre_tonight,GLOBEX_VWAP_MAGNET_SHORT,SHADOW,,SHORT,28910.25,30,20,29,25,2026-08-02,STOP_HIT,PRICE_CLEAN,-61,36.5,66,78.5,390,true
2026-08-03 13:55:00,2026-08-03,B_post_optstopq_pre_tonight,VWAP_MAGNET_SHORT,SHADOW,,SHORT,28910.25,30,20,29,25,2026-08-02,STOP_HIT,PRICE_CLEAN,-61,36.5,66,78.5,390,true
2026-08-03 14:00:00,2026-08-03,B_post_optstopq_pre_tonight,IB_BULLISH,ACTIVE,,LONG,28925,50,35,78,50,2026-08-02,TARGET_HIT,PRICE_CLEAN,69,1.5,93.25,51.25,390,true
2026-08-03 14:00:00,2026-08-03,B_post_optstopq_pre_tonight,FAILED_AUCTION_LONG,SHADOW,,LONG,28925,40,35,,,,TARGET_HIT,PRICE_CLEAN,69,1.5,93.25,51.25,390,true
2026-08-03 14:04:00,2026-08-03,B_post_optstopq_pre_tonight,VWAP_MAGNET_SHORT,SHADOW,,SHORT,28945.5,30,20,29,25,2026-08-02,TARGET_HIT,PRICE_CLEAN,39,18.75,30.75,113.75,390,true
2026-08-03 14:04:00,2026-08-03,B_post_optstopq_pre_tonight,GLOBEX_VWAP_MAGNET_SHORT,SHADOW,,SHORT,28945.5,30,20,29,25,2026-08-02,TARGET_HIT,PRICE_CLEAN,39,18.75,30.75,113.75,390,true
2026-08-03 14:10:00,2026-08-03,B_post_optstopq_pre_tonight,FAILED_AUCTION_LONG,SHADOW,,LONG,28962,40,35,,,,STOP_HIT,PRICE_CLEAN,-81,43,130.25,14.25,390,true
2026-08-03 14:10:00,2026-08-03,B_post_optstopq_pre_tonight,IB_BULLISH,ACTIVE,,LONG,28962,78,50,78,50,2026-08-02,STOP_HIT,PRICE_CLEAN,-157,79.25,130.25,14.25,390,true
2026-08-03 14:19:00,2026-08-03,B_post_optstopq_pre_tonight,GLOBEX_VWAP_MAGNET_SHORT,SHADOW,,SHORT,28928.75,29,25,29,25,2026-08-02,TARGET_HIT,PRICE_CLEAN,49,6,47.5,97,390,true
2026-08-03 14:19:00,2026-08-03,B_post_optstopq_pre_tonight,VWAP_MAGNET_SHORT,SHADOW,,SHORT,28928.75,29,25,29,25,2026-08-02,TARGET_HIT,PRICE_CLEAN,49,6,47.5,97,390,true
2026-08-03 14:20:00,2026-08-03,B_post_optstopq_pre_tonight,FAILED_AUCTION_LONG,SHADOW,,LONG,28927,40,35,,,,STOP_HIT,PRICE_CLEAN,-81,40.75,95.25,84.25,390,true
2026-08-03 14:27:00,2026-08-03,B_post_optstopq_pre_tonight,VWAP_MAGNET_SHORT,SHADOW,,SHORT,28903.25,30,20,29,25,2026-08-02,TARGET_HIT,PRICE_CLEAN,39,3.75,144.75,71.5,390,true
2026-08-03 14:27:00,2026-08-03,B_post_optstopq_pre_tonight,GLOBEX_VWAP_MAGNET_SHORT,SHADOW,,SHORT,28903.25,30,20,29,25,2026-08-02,TARGET_HIT,PRICE_CLEAN,39,3.75,144.75,71.5,390,true
2026-08-03 14:31:00,2026-08-03,B_post_optstopq_pre_tonight,FAILED_AUCTION_LONG,SHADOW,,LONG,28897,40,35,,,,TARGET_HIT,PRICE_CLEAN,69,14.25,65.25,151,390,true
2026-08-03 14:36:00,2026-08-03,B_post_optstopq_pre_tonight,VWAP_MAGNET_SHORT,SHADOW,,SHORT,28889.5,30,20,29,25,2026-08-02,STOP_HIT,PRICE_CLEAN,-61,33.75,158.5,57.75,390,true
2026-08-03 14:36:00,2026-08-03,B_post_optstopq_pre_tonight,GLOBEX_VWAP_MAGNET_SHORT,SHADOW,,SHORT,28889.5,30,20,29,25,2026-08-02,STOP_HIT,PRICE_CLEAN,-61,33.75,158.5,57.75,390,true
2026-08-03 14:36:00,2026-08-03,B_post_optstopq_pre_tonight,IB_BULLISH,ACTIVE,,LONG,28890,50,35,78,50,2026-08-02,TARGET_HIT,PRICE_CLEAN,69,7.25,58.25,158,390,true
2026-08-03 14:45:00,2026-08-03,B_post_optstopq_pre_tonight,GLOBEX_VWAP_MAGNET_SHORT,SHADOW,,SHORT,28907.5,29,25,29,25,2026-08-02,STOP_HIT,PRICE_CLEAN,-59,35.75,140.5,75.75,390,true
2026-08-03 14:45:00,2026-08-03,B_post_optstopq_pre_tonight,VWAP_MAGNET_SHORT,SHADOW,,SHORT,28907.5,29,25,29,25,2026-08-02,STOP_HIT,PRICE_CLEAN,-59,35.75,140.5,75.75,390,true
2026-08-03 14:53:00,2026-08-03,B_post_optstopq_pre_tonight,IB_BULLISH,ACTIVE,,LONG,28922,78,50,78,50,2026-08-02,TIME_EXPIRED,MARK_TO_MARKET,-53,56.75,90.25,126,390,true
2026-08-03 15:00:00,2026-08-03,B_post_optstopq_pre_tonight,FAILED_AUCTION_LONG,SHADOW,,LONG,28925,40,35,,,,TIME_EXPIRED,MARK_TO_MARKET,-25.5,30,93.25,123,390,true
2026-08-03 15:01:00,2026-08-03,B_post_optstopq_pre_tonight,VWAP_MAGNET_SHORT,SHADOW,,SHORT,28937.75,30,20,29,25,2026-08-02,TARGET_HIT,PRICE_CLEAN,39,6,110.25,106,390,true
2026-08-03 15:01:00,2026-08-03,B_post_optstopq_pre_tonight,GLOBEX_VWAP_MAGNET_SHORT,SHADOW,,SHORT,28937.75,30,20,29,25,2026-08-02,TARGET_HIT,PRICE_CLEAN,39,6,110.25,106,390,true
2026-08-03 15:05:00,2026-08-03,B_post_optstopq_pre_tonight,GLOBEX_VWAP_MAGNET_SHORT,SHADOW,,SHORT,28921,29,25,29,25,2026-08-02,TARGET_HIT,PRICE_CLEAN,49,8.5,127,89.25,390,true
2026-08-03 15:05:00,2026-08-03,B_post_optstopq_pre_tonight,VWAP_MAGNET_SHORT,SHADOW,,SHORT,28921,29,25,29,25,2026-08-02,TARGET_HIT,PRICE_CLEAN,49,8.5,127,89.25,390,true
2026-08-03 15:13:00,2026-08-03,B_post_optstopq_pre_tonight,GLOBEX_VWAP_MAGNET_SHORT,SHADOW,,SHORT,28900.75,29,25,29,25,2026-08-02,STOP_HIT,PRICE_CLEAN,-59,33.25,147.25,69,390,true
2026-08-03 15:13:00,2026-08-03,B_post_optstopq_pre_tonight,VWAP_MAGNET_SHORT,SHADOW,,SHORT,28900.75,29,25,29,25,2026-08-02,TIME_EXPIRED,MARK_TO_MARKET,-11,33.25,147.25,69,390,true
2026-08-03 15:29:00,2026-08-03,B_post_optstopq_pre_tonight,FAILED_AUCTION_LONG,SHADOW,,LONG,28913,40,35,,,,STOP_HIT,PRICE_CLEAN,-81,47.75,81.25,135,390,true
2026-08-03 15:44:00,2026-08-03,B_post_optstopq_pre_tonight,VWAP_MAGNET_SHORT,SHADOW,,SHORT,28914.75,29,25,29,25,2026-08-02,TARGET_HIT,PRICE_CLEAN,49,20.75,133.25,83,390,true
2026-08-03 15:50:00,2026-08-03,B_post_optstopq_pre_tonight,GLOBEX_VWAP_MAGNET_SHORT,SHADOW,,SHORT,28921.75,30,20,29,25,2026-08-02,TARGET_HIT,PRICE_CLEAN,39,13.75,126.25,90,390,true
2026-08-03 15:56:00,2026-08-03,B_post_optstopq_pre_tonight,FAILED_AUCTION_LONG,SHADOW,,LONG,28884,40,35,,,,TIME_EXPIRED,MARK_TO_MARKET,23,4,52.25,164,390,true
2026-08-03 15:58:00,2026-08-03,B_post_optstopq_pre_tonight,FAILED_AUCTION_LONG,SHADOW,,LONG,28896,40,35,,,,TARGET_HIT,PRICE_CLEAN,69,17.75,64.25,152,390,true
2026-08-03 15:58:00,2026-08-03,B_post_optstopq_pre_tonight,IB_BULLISH,SHADOW,POST_RTH_DEAD_ZONE,LONG,28896,78,50,78,50,2026-08-02,TARGET_HIT,PRICE_CLEAN,99,17.75,64.25,152,390,true
2026-08-03 15:58:00,2026-08-03,B_post_optstopq_pre_tonight,C_PAIRED_LONG,SHADOW,,LONG,28896,582,,,,,TIME_EXPIRED,MARK_TO_MARKET,1958,,64.25,152,390,true
2026-08-03 16:09:00,2026-08-03,B_post_optstopq_pre_tonight,VWAP_MAGNET_SHORT,SHADOW,,SHORT,28908.5,30,20,29,25,2026-08-02,STOP_HIT,PRICE_CLEAN,-61,36.5,139.5,76.75,390,true
2026-08-03 16:10:00,2026-08-03,B_post_optstopq_pre_tonight,GLOBEX_VWAP_MAGNET_SHORT,SHADOW,,SHORT,28913.25,29,25,29,25,2026-08-02,STOP_HIT,PRICE_CLEAN,-59,31.75,134.75,81.5,390,true
2026-08-03 16:20:00,2026-08-03,B_post_optstopq_pre_tonight,FAILED_AUCTION_LONG,SHADOW,,LONG,28932,40,35,,,,TIME_EXPIRED,MARK_TO_MARKET,-23,22.25,100.25,116,390,true
2026-08-03 16:21:00,2026-08-03,B_post_optstopq_pre_tonight,VWAP_MAGNET_SHORT,SHADOW,,SHORT,28932.25,29,25,29,25,2026-08-02,TIME_EXPIRED,MARK_TO_MARKET,28.5,0.25,115.75,100.5,390,true
2026-08-03 16:21:00,2026-08-03,B_post_optstopq_pre_tonight,GLOBEX_VWAP_MAGNET_SHORT,SHADOW,,SHORT,28932.25,29,25,29,25,2026-08-02,STOP_HIT,PRICE_CLEAN,-59,29.25,115.75,100.5,390,true
2026-08-03 16:49:00,2026-08-03,B_post_optstopq_pre_tonight,FAILED_AUCTION_LONG,SHADOW,,LONG,28921,40,35,,,,TIME_EXPIRED,MARK_TO_MARKET,3.5,6.5,89.25,127,390,true
2026-08-03 16:52:00,2026-08-03,B_post_optstopq_pre_tonight,VWAP_MAGNET_SHORT,SHADOW,,SHORT,28917.5,29,25,29,25,2026-08-02,TIME_EXPIRED,MARK_TO_MARKET,-12.5,8.5,130.5,85.75,390,true
2026-08-03 18:00:15.585318,2026-08-04,B_post_optstopq_pre_tonight,PD_POC_FADE_SHORT,ACTIVE,PERFORMANCE_BELOW_THRESHOLD,SHORT,28929.25,82.25,40.75,26,50,2026-08-02,TARGET_HIT,PRICE_CLEAN,80.5,47,118.75,97.5,390,true
2026-08-03 18:12:24.322427,2026-08-04,B_post_optstopq_pre_tonight,PD_VAH_FADE_SHORT,ACTIVE,,SHORT,28949.5,65,41.75,32,40,2026-08-02,TARGET_HIT,PRICE_CLEAN,82.5,26.75,98.5,117.75,390,true
2026-08-03 18:51:52.394108,2026-08-04,B_post_optstopq_pre_tonight,GLOBEX_VWAP_FADE_SHORT,SHADOW,PERFORMANCE_BELOW_THRESHOLD,SHORT,28943.25,33,40,33,40,2026-08-02,STOP_HIT,PRICE_CLEAN,-67,33,104.75,111.5,390,true
2026-08-03 19:02:25.561736,2026-08-04,B_post_optstopq_pre_tonight,GLOBEX_VWAP_FADE_LONG,ACTIVE,,LONG,28938.25,83,40,83,40,2026-08-02,STOP_HIT,PRICE_CLEAN,-167,86,106.5,109.75,390,true
2026-08-03 20:01:02.994771,2026-08-04,B_post_optstopq_pre_tonight,WR1_FADE_SHORT_OVERNIGHT,SHADOW,NEW_SIGNAL_UNDER_LIVE_EVALUATION,SHORT,28971,45,90,,,,TARGET_HIT,PRICE_CLEAN,179,5.25,127.75,139.25,390,true
2026-08-03 20:17:03.421298,2026-08-04,B_post_optstopq_pre_tonight,PD_POC_FADE_LONG,ACTIVE,,LONG,28914,84.0625,40.75,29,50,2026-08-02,TARGET_HIT,PRICE_CLEAN,80.5,82.25,82.25,184.75,390,true
2026-08-04 09:35:07.737135,2026-08-04,B_post_optstopq_pre_tonight,FLOOR_R2_FADE_SHORT,SHADOW,SUPPRESSED_FADE,SHORT,29368.5,38,50,38,50,2026-08-03,STOP_HIT,PRICE_CLEAN,-77,44.5,588,15,390,true
2026-08-04 09:38:00.825192,2026-08-04,B_post_optstopq_pre_tonight,FLOOR_R2_FADE_SHORT,SHADOW,SAME_TYPE_REFIRE_COOLDOWN,SHORT,29385.5,38,50,38,50,2026-08-03,STOP_HIT,PRICE_CLEAN,-77,44.5,571,1.75,390,true
2026-08-04 09:41:25.353555,2026-08-04,B_post_optstopq_pre_tonight,OR_HIGH_FADE_SHORT,SHADOW,SUPPRESSED_FADE,SHORT,29392.5,30,50,30,50,2026-08-03,STOP_HIT,PRICE_CLEAN,-61,60.25,564,0,390,true
2026-08-04 09:42:29.408836,2026-08-04,B_post_optstopq_pre_tonight,OR_HIGH_FADE_LONG,SHADOW,SUPPRESSED_FADE,LONG,29398.5,41,44,41,44,2026-08-03,TARGET_HIT,PRICE_CLEAN,87,0,4.25,558,390,true
2026-08-04 10:28:27.851865,2026-08-04,B_post_optstopq_pre_tonight,WR2_FADE_SHORT,SHADOW,SUPPRESSED_FADE,SHORT,29549.25,93,39,,,,STOP_HIT,PRICE_CLEAN,-187,93,407.25,32,390,true
2026-08-04 10:33:33.293469,2026-08-04,B_post_optstopq_pre_tonight,IB_HIGH_FADE_SHORT,SHADOW,CLUSTER_ALREADY_FIRED,SHORT,29557,33,35,33,35,2026-08-03,TARGET_HIT,PRICE_CLEAN,69,0,399.5,39.75,390,true
2026-08-04 10:35:37.692181,2026-08-04,B_post_optstopq_pre_tonight,WR2_FADE_LONG,SHADOW,SUPPRESSED_FADE,LONG,29543.75,93,39,,,,TARGET_HIT,PRICE_CLEAN,77,26.5,26.5,412.75,390,true
2026-08-04 10:46:28.072952,2026-08-04,B_post_optstopq_pre_tonight,IB_HIGH_FADE_SHORT,SHADOW,SAME_TYPE_REFIRE_COOLDOWN,SHORT,29557,33,35,33,35,2026-08-03,STOP_HIT,PRICE_CLEAN,-67,38.75,399.5,33.5,390,true
2026-08-04 13:06:18.862208,2026-08-04,B_post_optstopq_pre_tonight,FLOOR_R3_FADE_SHORT,SHADOW,SUPPRESSED_FADE,SHORT,29781,14,50,14,50,2026-08-03,STOP_HIT,PRICE_CLEAN,-29,16,175.5,19.75,390,true
2026-08-04 13:12:33.779461,2026-08-04,B_post_optstopq_pre_tonight,FLOOR_R3_FADE_SHORT,SHADOW,SAME_TYPE_REFIRE_COOLDOWN,SHORT,29792.25,14,50,14,50,2026-08-03,STOP_HIT,PRICE_CLEAN,-29,15.5,164.25,31,390,true
2026-08-04 13:14:26.736741,2026-08-04,B_post_optstopq_pre_tonight,FLOOR_R3_FADE_LONG,SHADOW,SUPPRESSED_FADE,LONG,29791,76,41,,,,TARGET_HIT,PRICE_CLEAN,81,10.5,29.75,165.5,390,true
2026-08-04 16:19:14.308596,2026-08-04,B_post_optstopq_pre_tonight,FLOOR_R3_FADE_LONG,SHADOW,SUPPRESSED_FADE,LONG,29799.75,76,41,,,,TARGET_HIT,PRICE_CLEAN,81,35.25,35.25,92.25,390,true
2026-08-04 18:51:29.083847,2026-08-05,B_post_optstopq_pre_tonight,GLOBEX_VWAP_FADE_LONG,ACTIVE,,LONG,29810,83,40,83,40,2026-08-03,TARGET_HIT,PRICE_CLEAN,79,10,13,134.5,390,true
2026-08-04 18:58:48.244654,2026-08-05,B_post_optstopq_pre_tonight,GLOBEX_VWAP_FADE_SHORT,SHADOW,PERFORMANCE_BELOW_THRESHOLD,SHORT,29821.25,10,40,10,40,2026-08-03,STOP_HIT,PRICE_CLEAN,-21,12.25,127.75,24.25,390,true
2026-08-04 19:16:56.318216,2026-08-05,B_post_optstopq_pre_tonight,PD_POC_FADE_LONG,ACTIVE,,LONG,29843.5,84.0625,40.75,29,50,2026-08-03,TARGET_HIT,PRICE_CLEAN,80.5,46.5,46.5,106.25,390,true
2026-08-04 20:07:30.263391,2026-08-05,B_post_optstopq_pre_tonight,PD_POC_FADE_SHORT,ACTIVE,PERFORMANCE_BELOW_THRESHOLD,SHORT,29860,82.25,40.75,26,50,2026-08-03,TARGET_HIT,PRICE_CLEAN,80.5,17,130,63,390,true
2026-08-05 01:14:57.044849,2026-08-05,B_post_optstopq_pre_tonight,PD_VAH_FADE_SHORT,ACTIVE,,SHORT,29937.75,65,41.75,32,40,2026-08-04,TARGET_HIT,PRICE_CLEAN,82.5,52.25,52.25,140,390,true
2026-08-05 09:35:21.19855,2026-08-05,B_post_optstopq_pre_tonight,ONH_FADE_SHORT,SHADOW,SUPPRESSED_FADE,SHORT,29995,95,60,95,60,2026-08-04,TARGET_HIT,PRICE_CLEAN,119,17,79,464.25,390,true
2026-08-05 09:36:41.190157,2026-08-05,B_post_optstopq_pre_tonight,OR_HIGH_FADE_SHORT,SHADOW,SUPPRESSED_FADE,SHORT,30013,30,50,30,50,2026-08-04,TARGET_HIT,PRICE_CLEAN,99,0,61,482.25,390,true
2026-08-05 09:38:35.345458,2026-08-05,B_post_optstopq_pre_tonight,OR_LOW_FADE_LONG,SHADOW,SUPPRESSED_FADE,LONG,29929.25,37,35,37,35,2026-08-04,TARGET_HIT,PRICE_CLEAN,69,0,398.5,144.75,390,true
2026-08-05 09:39:07.730877,2026-08-05,B_post_optstopq_pre_tonight,PD_VAH_FADE_LONG,SHADOW,CLUSTER_ALREADY_FIRED,LONG,29938.5,31,40,31,40,2026-08-04,TARGET_HIT,PRICE_CLEAN,79,0,407.75,135.5,390,true
2026-08-05 09:40:22.245129,2026-08-05,B_post_optstopq_pre_tonight,OR_MID_AFTER_IB_FADE_LONG,SHADOW,SUPPRESSED_FADE,LONG,29974.75,23,35,23,35,2026-08-04,TARGET_HIT,PRICE_CLEAN,69,0,444,99.25,390,true
2026-08-05 09:41:40.474784,2026-08-05,B_post_optstopq_pre_tonight,ONH_FADE_LONG,SHADOW,SUPPRESSED_FADE,LONG,30003,101,58,101,58,2026-08-04,TARGET_HIT,PRICE_CLEAN,115,0,472.25,71,390,true
2026-08-05 09:43:02.533397,2026-08-05,B_post_optstopq_pre_tonight,OR_HIGH_FADE_SHORT,SHADOW,SAME_TYPE_REFIRE_COOLDOWN,SHORT,30017,30,50,30,50,2026-08-04,STOP_HIT,PRICE_CLEAN,-61,42,57,486.25,390,true
2026-08-05 09:44:00,2026-08-05,B_post_optstopq_pre_tonight,IB_HIGH_FADE_SHORT,SHADOW,,SHORT,30052,33,35,33,35,2026-08-04,TARGET_HIT,PRICE_CLEAN,69,22,18.25,521.25,390,true
2026-08-05 09:44:56.632962,2026-08-05,B_post_optstopq_pre_tonight,MR1_FADE_SHORT,SHADOW,SUPPRESSED_FADE,SHORT,30052.25,63,44,,,,TARGET_HIT,PRICE_CLEAN,87,21.75,18,521.5,390,true
2026-08-05 09:46:59.722876,2026-08-05,B_post_optstopq_pre_tonight,CAM_R2_FADE_SHORT,SHADOW,SUPPRESSED_FADE,SHORT,30028.5,70,40,70,40,2026-08-04,TARGET_HIT,PRICE_CLEAN,79,41.75,41.75,497.75,390,true
2026-08-05 09:52:15.954279,2026-08-05,B_post_optstopq_pre_tonight,OR_HIGH_FADE_LONG,SHADOW,SUPPRESSED_FADE,LONG,30013.75,41,44,41,44,2026-08-04,STOP_HIT,PRICE_CLEAN,-83,46,483,44.75,390,true
2026-08-05 09:54:10.885725,2026-08-05,B_post_optstopq_pre_tonight,ONH_FADE_LONG,SHADOW,SAME_TYPE_REFIRE_COOLDOWN,LONG,29997.25,101,58,101,58,2026-08-04,TARGET_HIT,PRICE_CLEAN,115,18.75,466.5,61.25,390,true
2026-08-05 09:56:35.238504,2026-08-05,B_post_optstopq_pre_tonight,OR_HIGH_FADE_LONG,SHADOW,SAME_TYPE_REFIRE_COOLDOWN,LONG,30026,41,44,41,44,2026-08-04,STOP_HIT,PRICE_CLEAN,-83,43.25,495.25,32.5,390,true
2026-08-05 09:59:40.233897,2026-08-05,B_post_optstopq_pre_tonight,MR1_FADE_SHORT,SHADOW,SAME_TYPE_REFIRE_COOLDOWN,SHORT,30053,63,44,,,,TARGET_HIT,PRICE_CLEAN,87,0,0,522.25,390,true
2026-08-05 10:01:34.811817,2026-08-05,B_post_optstopq_pre_tonight,OR_HIGH_FADE_SHORT,SHADOW,SUPPRESSED_FADE,SHORT,30008,30,50,30,50,2026-08-04,TARGET_HIT,PRICE_CLEAN,99,0,21.5,477.25,390,true
2026-08-05 10:03:10.964902,2026-08-05,B_post_optstopq_pre_tonight,PD_VAH_FADE_LONG,SHADOW,SUPPRESSED_FADE,LONG,29962.75,31,40,31,40,2026-08-04,STOP_HIT,PRICE_CLEAN,-63,33.25,432,66.75,390,true
2026-08-05 10:06:04.855039,2026-08-05,B_post_optstopq_pre_tonight,PD_VAH_FADE_LONG,SHADOW,CASCADE_BREAKER,LONG,29965.75,31,40,31,40,2026-08-04,TARGET_HIT,PRICE_CLEAN,79,0,435,63.75,390,true
2026-08-05 10:06:04.858856,2026-08-05,B_post_optstopq_pre_tonight,PD_HIGH_FADE_LONG,SHADOW,CASCADE_BREAKER,LONG,29965.75,42,50,42,50,2026-08-04,TARGET_HIT,PRICE_CLEAN,99,0,435,63.75,390,true
2026-08-05 10:06:04.861968,2026-08-05,B_post_optstopq_pre_tonight,OR_MID_AFTER_IB_FADE_LONG,SHADOW,CASCADE_BREAKER,LONG,29965.75,23,35,23,35,2026-08-04,TARGET_HIT,PRICE_CLEAN,69,0,435,63.75,390,true
2026-08-05 10:06:37.879828,2026-08-05,B_post_optstopq_pre_tonight,ONH_FADE_LONG,SHADOW,CASCADE_BREAKER,LONG,29978.5,101,58,101,58,2026-08-04,STOP_HIT,PRICE_CLEAN,-203,106.75,447.75,51,390,true
2026-08-05 10:08:09.313149,2026-08-05,B_post_optstopq_pre_tonight,ONH_FADE_SHORT,SHADOW,CASCADE_BREAKER,SHORT,29991,95,60,95,60,2026-08-04,TARGET_HIT,PRICE_CLEAN,119,38.5,35,460.25,390,true
2026-08-05 10:08:09.316759,2026-08-05,B_post_optstopq_pre_tonight,RTH_VWAP_FADE_SHORT,SHADOW,CASCADE_BREAKER,SHORT,29991,35,50,35,50,2026-08-04,STOP_HIT,PRICE_CLEAN,-71,38.5,35,460.25,390,true
2026-08-05 10:10:04.169467,2026-08-05,B_post_optstopq_pre_tonight,OR_HIGH_FADE_SHORT,SHADOW,CASCADE_BREAKER,SHORT,29998.25,30,50,30,50,2026-08-04,TARGET_HIT,PRICE_CLEAN,99,27.75,27.75,467.5,390,true
2026-08-05 10:11:25.24603,2026-08-05,B_post_optstopq_pre_tonight,CAM_R2_FADE_SHORT,SHADOW,CASCADE_BREAKER,SHORT,30003.5,70,40,70,40,2026-08-04,TARGET_HIT,PRICE_CLEAN,79,22.5,22.5,472.75,390,true
2026-08-05 10:11:25.249223,2026-08-05,B_post_optstopq_pre_tonight,RTH_VWAP_FADE_SHORT,SHADOW,CASCADE_BREAKER,SHORT,30003.5,35,50,35,50,2026-08-04,TARGET_HIT,PRICE_CLEAN,99,22.5,22.5,472.75,390,true
2026-08-05 10:14:40.490579,2026-08-05,B_post_optstopq_pre_tonight,OR_MID_AFTER_IB_FADE_LONG,SHADOW,CASCADE_BREAKER,LONG,29988.5,23,35,23,35,2026-08-04,TARGET_HIT,PRICE_CLEAN,69,0,457.75,31,390,true
2026-08-05 10:14:40.493822,2026-08-05,B_post_optstopq_pre_tonight,RTH_VWAP_FADE_LONG,SHADOW,CASCADE_BREAKER,LONG,29988.5,26,40,26,40,2026-08-04,STOP_HIT,PRICE_CLEAN,-53,45.5,457.75,31,390,true
2026-08-05 10:16:43.718494,2026-08-05,B_post_optstopq_pre_tonight,OR_HIGH_FADE_LONG,SHADOW,CASCADE_BREAKER,LONG,30013,41,44,41,44,2026-08-04,STOP_HIT,PRICE_CLEAN,-83,41.5,482.25,0.5,390,true
2026-08-05 10:16:43.723266,2026-08-05,B_post_optstopq_pre_tonight,CAM_R2_FADE_LONG,SHADOW,CASCADE_BREAKER,LONG,30013,25,40,25,40,2026-08-04,STOP_HIT,PRICE_CLEAN,-51,29.5,482.25,0.5,390,true
2026-08-05 10:17:15.616891,2026-08-05,B_post_optstopq_pre_tonight,OR_MID_AFTER_IB_FADE_LONG,SHADOW,CASCADE_BREAKER,LONG,29986,23,35,23,35,2026-08-04,STOP_HIT,PRICE_CLEAN,-47,43,455.25,26.5,390,true
2026-08-05 10:22:01.116776,2026-08-05,B_post_optstopq_pre_tonight,PD_VAH_FADE_LONG,SHADOW,CASCADE_BREAKER,LONG,29963.5,31,40,31,40,2026-08-04,STOP_HIT,PRICE_CLEAN,-63,62.25,432.75,25.75,390,true
2026-08-05 10:22:01.120233,2026-08-05,B_post_optstopq_pre_tonight,PD_HIGH_FADE_LONG,SHADOW,CASCADE_BREAKER,LONG,29963.5,42,50,42,50,2026-08-04,STOP_HIT,PRICE_CLEAN,-85,62.25,432.75,25.75,390,true
2026-08-05 10:22:01.12299,2026-08-05,B_post_optstopq_pre_tonight,OR_MID_AFTER_IB_FADE_LONG,SHADOW,CASCADE_BREAKER,LONG,29963.5,23,35,23,35,2026-08-04,STOP_HIT,PRICE_CLEAN,-47,62.25,432.75,25.75,390,true
2026-08-05 10:22:34.057351,2026-08-05,B_post_optstopq_pre_tonight,OR_LOW_FADE_LONG,SHADOW,CASCADE_BREAKER,LONG,29945.5,37,35,37,35,2026-08-04,STOP_HIT,PRICE_CLEAN,-75,44.25,414.75,43.75,390,true
2026-08-05 10:22:34.061548,2026-08-05,B_post_optstopq_pre_tonight,CAM_R1_FADE_LONG,SHADOW,CASCADE_BREAKER,LONG,29945.5,24,40,24,40,2026-08-04,STOP_HIT,PRICE_CLEAN,-49,44.25,414.75,43.75,390,true
2026-08-05 10:25:25.305028,2026-08-05,B_post_optstopq_pre_tonight,OR_LOW_FADE_LONG,SHADOW,CASCADE_BREAKER,LONG,29923,37,35,37,35,2026-08-04,TARGET_HIT,PRICE_CLEAN,69,0,392.25,36.25,390,true
2026-08-05 10:26:00.635184,2026-08-05,B_post_optstopq_pre_tonight,PD_VAH_FADE_LONG,SHADOW,CASCADE_BREAKER,LONG,29959.5,31,40,31,40,2026-08-04,STOP_HIT,PRICE_CLEAN,-63,34.5,428.75,0,390,true
2026-08-05 10:26:00.639109,2026-08-05,B_post_optstopq_pre_tonight,PD_HIGH_FADE_LONG,SHADOW,CASCADE_BREAKER,LONG,29959.5,42,50,42,50,2026-08-04,STOP_HIT,PRICE_CLEAN,-85,48.75,428.75,0,390,true
2026-08-05 10:26:00.642784,2026-08-05,B_post_optstopq_pre_tonight,CAM_R1_FADE_LONG,SHADOW,CASCADE_BREAKER,LONG,29959.5,24,40,24,40,2026-08-04,STOP_HIT,PRICE_CLEAN,-49,24.25,428.75,0,390,true
2026-08-05 10:26:00.648524,2026-08-05,B_post_optstopq_pre_tonight,OR_MID_AFTER_IB_FADE_LONG,SHADOW,CASCADE_BREAKER,LONG,29959.5,23,35,23,35,2026-08-04,STOP_HIT,PRICE_CLEAN,-47,24.25,428.75,0,390,true
2026-08-05 10:28:05.043751,2026-08-05,B_post_optstopq_pre_tonight,PD_VAH_FADE_SHORT,SHADOW,CASCADE_BREAKER,SHORT,29950,32,40,32,40,2026-08-04,TARGET_HIT,PRICE_CLEAN,79,0,0,419.25,389,true
2026-08-05 10:28:05.046274,2026-08-05,B_post_optstopq_pre_tonight,OR_LOW_FADE_SHORT,SHADOW,CASCADE_BREAKER,SHORT,29950,6,50,6,50,2026-08-04,TARGET_HIT,PRICE_CLEAN,99,0,0,419.25,389,true
2026-08-05 10:28:05.048272,2026-08-05,B_post_optstopq_pre_tonight,PD_HIGH_FADE_SHORT,SHADOW,CASCADE_BREAKER,SHORT,29950,37,50,37,50,2026-08-04,TARGET_HIT,PRICE_CLEAN,99,0,0,419.25,389,true
2026-08-05 10:28:05.050035,2026-08-05,B_post_optstopq_pre_tonight,CAM_R1_FADE_SHORT,SHADOW,CASCADE_BREAKER,SHORT,29950,25,40,25,40,2026-08-04,TARGET_HIT,PRICE_CLEAN,79,0,0,419.25,389,true
2026-08-05 10:32:41.548811,2026-08-05,B_post_optstopq_pre_tonight,IB_LOW_FADE_LONG,SHADOW,CASCADE_BREAKER,LONG,29895.75,42,35,42,35,2026-08-04,STOP_HIT,PRICE_CLEAN,-85,48.75,365,18.25,385,true
2026-08-05 10:33:13.192527,2026-08-05,B_post_optstopq_pre_tonight,PD_CLOSE_FADE_LONG,SHADOW,CASCADE_BREAKER,LONG,29878.25,14,60,32,60,2026-08-04,STOP_HIT,PRICE_CLEAN,-29,31.25,347.5,35.75,384,true
2026-08-05 10:37:59.290473,2026-08-05,B_post_optstopq_pre_tonight,PD_CLOSE_FADE_SHORT,SHADOW,CASCADE_BREAKER,SHORT,29884.5,38,60,38,60,2026-08-04,TARGET_HIT,PRICE_CLEAN,119,21,21,353.75,380,true
2026-08-05 10:38:31.602205,2026-08-05,B_post_optstopq_pre_tonight,PD_POC_FADE_LONG_TRAIL,SHADOW,CASCADE_BREAKER,LONG,29848.75,89,41,,,,TARGET_HIT,PRICE_CLEAN,81,24,318,56.75,379,true
2026-08-05 10:44:12.887933,2026-08-05,B_post_optstopq_pre_tonight,PD_POC_FADE_SHORT,SHADOW,CASCADE_BREAKER,SHORT,29860.75,26,50,26,50,2026-08-04,STOP_HIT,PRICE_CLEAN,-53,44.5,44.75,330,373,true
2026-08-05 10:52:45.038477,2026-08-05,B_post_optstopq_pre_tonight,PD_POC_FADE_LONG_TRAIL,SHADOW,CASCADE_BREAKER,LONG,29852.5,89,41,,,,STOP_HIT,PRICE_CLEAN,-179,89,321.75,38.25,365,true
2026-08-05 10:54:42.553796,2026-08-05,B_post_optstopq_pre_tonight,CAM_S1_FADE_LONG,SHADOW,CASCADE_BREAKER,LONG,29798,21,40,21,40,2026-08-04,TARGET_HIT,PRICE_CLEAN,79,0,267.25,92.75,363,true
2026-08-05 10:59:02.6702,2026-08-05,B_post_optstopq_pre_tonight,PD_POC_FADE_SHORT,SHADOW,CASCADE_BREAKER,SHORT,29848.25,26,50,26,50,2026-08-04,STOP_HIT,PRICE_CLEAN,-53,33,42.5,317.5,358,true
2026-08-05 11:01:39.760863,2026-08-05,B_post_optstopq_pre_tonight,PD_CLOSE_FADE_SHORT,SHADOW,CASCADE_BREAKER,SHORT,29872.75,38,60,38,60,2026-08-04,TARGET_HIT,PRICE_CLEAN,119,18,18,342,356,true
2026-08-05 11:03:10.003771,2026-08-05,B_post_optstopq_pre_tonight,PD_POC_FADE_SHORT,SHADOW,CASCADE_BREAKER,SHORT,29854.75,26,50,26,50,2026-08-04,STOP_HIT,PRICE_CLEAN,-53,31.5,36,324,354,true
2026-08-05 11:12:21.603078,2026-08-05,B_post_optstopq_pre_tonight,PD_POC_FADE_SHORT,SHADOW,CASCADE_BREAKER,SHORT,29859.25,26,50,26,50,2026-08-04,TARGET_HIT,PRICE_CLEAN,99,7,1.5,328.5,345,true
2026-08-05 11:13:40.382501,2026-08-05,B_post_optstopq_pre_tonight,PD_CLOSE_FADE_LONG,SHADOW,CASCADE_BREAKER,LONG,29864.25,14,60,32,60,2026-08-04,STOP_HIT,PRICE_CLEAN,-29,31.25,333.5,0,344,true
2026-08-05 11:16:58.286147,2026-08-05,B_post_optstopq_pre_tonight,CAM_S1_FADE_LONG,SHADOW,CASCADE_BREAKER,LONG,29819.75,21,40,21,40,2026-08-04,STOP_HIT,PRICE_CLEAN,-43,56.25,289,41,341,true
2026-08-05 11:19:44.853607,2026-08-05,B_post_optstopq_pre_tonight,CAM_S1_FADE_LONG,SHADOW,CASCADE_BREAKER,LONG,29797.75,21,40,21,40,2026-08-04,TARGET_HIT,PRICE_CLEAN,79,0,267,63,338,true
2026-08-05 11:22:50.585362,2026-08-05,B_post_optstopq_pre_tonight,PD_POC_FADE_SHORT,SHADOW,CASCADE_BREAKER,SHORT,29842.5,26,50,26,50,2026-08-04,TARGET_HIT,PRICE_CLEAN,99,18.25,18.25,311.75,335,true
2026-08-05 11:25:43.011151,2026-08-05,B_post_optstopq_pre_tonight,CAM_S1_FADE_SHORT,SHADOW,CASCADE_BREAKER,SHORT,29823.75,39,50,39,50,2026-08-04,TARGET_HIT,PRICE_CLEAN,99,37,37,293,332,true
2026-08-05 11:26:34.578037,2026-08-05,B_post_optstopq_pre_tonight,CAM_S1_FADE_LONG,SHADOW,CASCADE_BREAKER,LONG,29817.5,21,40,21,40,2026-08-04,STOP_HIT,PRICE_CLEAN,-43,21.5,286.75,43.25,331,true
2026-08-05 11:29:42.335036,2026-08-05,B_post_optstopq_pre_tonight,CAM_S1_FADE_LONG,SHADOW,CASCADE_BREAKER,LONG,29802,21,40,21,40,2026-08-04,TARGET_HIT,PRICE_CLEAN,79,0,271.25,58.75,328,true
2026-08-05 11:39:08.448308,2026-08-05,B_post_optstopq_pre_tonight,PD_POC_FADE_LONG_TRAIL,SHADOW,CASCADE_BREAKER,LONG,29844,89,41,,,,STOP_HIT,PRICE_CLEAN,-179,100,313.25,0,318,true
2026-08-05 11:45:30.804107,2026-08-05,B_post_optstopq_pre_tonight,CAM_S1_FADE_LONG,SHADOW,CASCADE_BREAKER,LONG,29823,21,40,21,40,2026-08-04,STOP_HIT,PRICE_CLEAN,-43,32,292.25,16.75,312,true
2026-08-05 11:48:47.0016,2026-08-05,B_post_optstopq_pre_tonight,CAM_S1_FADE_LONG,SHADOW,CASCADE_BREAKER,LONG,29806.5,21,40,21,40,2026-08-04,STOP_HIT,PRICE_CLEAN,-43,29.75,275.75,33.25,309,true
2026-08-05 11:53:06.411011,2026-08-05,B_post_optstopq_pre_tonight,ONL_FADE_LONG,SHADOW,CASCADE_BREAKER,LONG,29778,46,60,46,60,2026-08-04,STOP_HIT,PRICE_CLEAN,-93,64.75,247.25,61.75,304,true
2026-08-05 11:57:39.163623,2026-08-05,B_post_optstopq_pre_tonight,CAM_S2_FADE_LONG_TRAIL,SHADOW,CASCADE_BREAKER,LONG,29752.25,80,43,,,,TARGET_HIT,PRICE_CLEAN,85,50.25,221.5,87.5,300,true
2026-08-05 12:07:51.376087,2026-08-05,B_post_optstopq_pre_tonight,CAM_S2_FADE_SHORT,SHADOW,CASCADE_BREAKER,SHORT,29743.75,26,50,26,50,2026-08-04,STOP_HIT,PRICE_CLEAN,-53,35,96,213,290,true
2026-08-05 12:21:44.539441,2026-08-05,B_post_optstopq_pre_tonight,ONL_FADE_SHORT,SHADOW,CASCADE_BREAKER,SHORT,29776.75,12,60,12,60,2026-08-04,STOP_HIT,PRICE_CLEAN,-25,16.75,63,246,276,true
2026-08-05 12:23:27.619979,2026-08-05,B_post_optstopq_pre_tonight,ONL_FADE_SHORT,SHADOW,CASCADE_BREAKER,SHORT,29790.25,12,60,12,60,2026-08-04,STOP_HIT,PRICE_CLEAN,-25,20.5,49.5,259.5,274,true
2026-08-05 12:28:19.928874,2026-08-05,B_post_optstopq_pre_tonight,CAM_S1_FADE_SHORT,SHADOW,CASCADE_BREAKER,SHORT,29807.5,39,50,39,50,2026-08-04,TARGET_HIT,PRICE_CLEAN,99,32.25,32.25,276.75,269,true
2026-08-05 12:33:46.121357,2026-08-05,B_post_optstopq_pre_tonight,CAM_S1_FADE_LONG,SHADOW,CASCADE_BREAKER,LONG,29804.75,21,40,21,40,2026-08-04,STOP_HIT,PRICE_CLEAN,-43,28,274,21.5,264,true
2026-08-05 12:34:18.28888,2026-08-05,B_post_optstopq_pre_tonight,ONL_FADE_LONG,SHADOW,CASCADE_BREAKER,LONG,29776.75,46,60,46,60,2026-08-04,STOP_HIT,PRICE_CLEAN,-93,49.5,246,49.5,263,true
2026-08-05 12:35:44.533446,2026-08-05,B_post_optstopq_pre_tonight,CAM_S1_FADE_LONG,SHADOW,CASCADE_BREAKER,LONG,29795.25,21,40,21,40,2026-08-04,STOP_HIT,PRICE_CLEAN,-43,21.75,264.5,31,262,true
2026-08-05 12:39:12.463838,2026-08-05,B_post_optstopq_pre_tonight,CAM_S1_FADE_LONG,SHADOW,CASCADE_BREAKER,LONG,29794.75,21,40,21,40,2026-08-04,STOP_HIT,PRICE_CLEAN,-43,24,264,31.5,258,true
2026-08-05 12:51:09.886193,2026-08-05,B_post_optstopq_pre_tonight,ONL_FADE_SHORT,SHADOW,CASCADE_BREAKER,SHORT,29791.5,12,60,12,60,2026-08-04,STOP_HIT,PRICE_CLEAN,-25,23.5,34.75,260.75,246,true
2026-08-05 13:12:01.471595,2026-08-05,B_post_optstopq_pre_tonight,CAM_S2_FADE_LONG_TRAIL,SHADOW,SUPPRESSED_FADE,LONG,29747.75,80,43,,,,STOP_HIT,PRICE_CLEAN,-161,82.5,217,40.75,225,true
2026-08-05 13:12:47.181903,2026-08-05,B_post_optstopq_pre_tonight,ONL_FADE_SHORT,SHADOW,SUPPRESSED_FADE,SHORT,29776.5,12,60,12,60,2026-08-04,STOP_HIT,PRICE_CLEAN,-25,12,12,245.75,225,true
2026-08-05 14:06:24.867297,2026-08-05,C_post_tonight_changes,ONL_FADE_SHORT,SHADOW,SUPPRESSED_FADE,SHORT,29782.25,12,60,12,60,2026-08-04,TARGET_HIT,PRICE_CLEAN,119,2.25,2.25,251.5,171,true
2026-08-05 14:37:06.961653,2026-08-05,C_post_tonight_changes,CAM_S2_FADE_SHORT,SHADOW,SUPPRESSED_FADE,SHORT,29749.5,26,50,26,50,2026-08-04,STOP_HIT,PRICE_CLEAN,-53,28.75,29.75,218.75,140,true
2026-08-05 15:06:59.000436,2026-08-05,C_post_tonight_changes,ONL_FADE_SHORT,SHADOW,SUPPRESSED_FADE,SHORT,29772.25,12,60,12,60,2026-08-04,TARGET_HIT,PRICE_CLEAN,119,7,7,241.5,111,true
2026-08-05 15:11:46.078975,2026-08-05,C_post_tonight_changes,ONL_FADE_LONG,SHADOW,SUPPRESSED_FADE,LONG,29768.75,46,60,46,60,2026-08-04,STOP_HIT,PRICE_CLEAN,-93,57,238,10.5,106,true
2026-08-05 15:42:26.273137,2026-08-05,C_post_tonight_changes,CAM_S2_FADE_SHORT,SHADOW,SUPPRESSED_FADE,SHORT,29727.5,26,50,26,50,2026-08-04,TARGET_HIT,PRICE_CLEAN,99,7.5,7.5,196.75,75,true
2026-08-05 15:47:55.510227,2026-08-05,C_post_tonight_changes,FLOOR_PIVOT_FADE_LONG,SHADOW,SUPPRESSED_FADE,LONG,29693,56,50,56,50,2026-08-04,TIME_EXPIRED,MARK_TO_MARKET,-52,,162.25,42,70,true
2026-08-05 15:57:17.229353,2026-08-05,C_post_tonight_changes,CAM_S3_FADE_LONG,SHADOW,CLUSTER_ALREADY_FIRED,LONG,29681,69,40,69,40,2026-08-04,TIME_EXPIRED,MARK_TO_MARKET,-28,,150.25,0,60,true
2026-08-05 16:00:37.023068,2026-08-05,C_post_tonight_changes,CAM_S3_FADE_LONG,SHADOW,SAME_TYPE_REFIRE_COOLDOWN,LONG,29667.5,69,40,69,40,2026-08-04,STOP_HIT,PRICE_CLEAN,-139,71,136.75,0,57,true
2026-08-05 16:01:57.919265,2026-08-05,C_post_tonight_changes,PD_SESSION_MID_FADE_LONG,SHADOW,SUPPRESSED_FADE,LONG,29597,39,50,39,50,2026-08-04,STOP_HIT,PRICE_CLEAN,-79,49.25,66.25,21.25,56,true
2026-08-05 16:04:06.188797,2026-08-05,C_post_tonight_changes,PD_SESSION_MID_FADE_LONG,SHADOW,CASCADE_BREAKER,LONG,29583.25,39,50,39,50,2026-08-04,STOP_HIT,PRICE_CLEAN,-79,51.25,52.5,35,53,true
2026-08-05 16:04:06.193183,2026-08-05,C_post_tonight_changes,PD_IB_HIGH_FADE_LONG,SHADOW,CASCADE_BREAKER,LONG,29583.25,19,40,19,40,2026-08-04,STOP_HIT,PRICE_CLEAN,-39,51.25,52.5,35,53,true
2026-08-05 16:07:30.464801,2026-08-05,C_post_tonight_changes,PD_VAL_FADE_LONG,SHADOW,CASCADE_BREAKER,LONG,29543.25,40,50,40,50,2026-08-04,TARGET_HIT,PRICE_CLEAN,99,0,0,75,50,true
2026-08-05 16:07:30.470946,2026-08-05,C_post_tonight_changes,WR2_FADE_LONG,SHADOW,CASCADE_BREAKER,LONG,29543.25,93,39,,,,TARGET_HIT,PRICE_CLEAN,77,0,0,75,50,true
2026-08-05 16:08:47.266858,2026-08-05,C_post_tonight_changes,PD_SESSION_MID_FADE_LONG,SHADOW,CASCADE_BREAKER,LONG,29571.5,39,50,39,50,2026-08-04,,,,,9.75,46.75,49,true
2026-08-05 16:08:47.271235,2026-08-05,C_post_tonight_changes,PD_IB_HIGH_FADE_LONG,SHADOW,CASCADE_BREAKER,LONG,29571.5,19,40,19,40,2026-08-04,STOP_HIT,PRICE_CLEAN,-39,22,9.75,46.75,49,true
2026-08-05 16:11:20.928048,2026-08-05,C_post_tonight_changes,PD_IB_HIGH_FADE_LONG,SHADOW,CASCADE_BREAKER,LONG,29563.75,19,40,19,40,2026-08-04,TARGET_HIT,PRICE_CLEAN,79,0,2,54.5,46,true
2026-08-05 16:18:41.828207,2026-08-05,C_post_tonight_changes,PD_IB_HIGH_FADE_LONG,SHADOW,CASCADE_BREAKER,LONG,29583.5,19,40,19,40,2026-08-04,STOP_HIT,PRICE_CLEAN,-39,21.75,21.75,24.25,39,true
2026-08-05 16:20:47.870453,2026-08-05,C_post_tonight_changes,WR2_FADE_LONG,SHADOW,CASCADE_BREAKER,LONG,29571.75,93,39,,,,,,,,10,36,37,true
2026-08-05 16:26:28.479988,2026-08-05,C_post_tonight_changes,PD_IB_HIGH_FADE_LONG,SHADOW,CASCADE_BREAKER,LONG,29573.75,19,40,19,40,2026-08-04,,,,,7.5,34,31,true
